datetime,version,session,scan_session,decision_session,decision_time,session_valid_at_decision,market,stock_code,stock_name,current_price,change_rate,volume,actual_trading_value,estimated_trading_value,trading_value_used,trading_value_source,trading_value_rank,day_high,high_gap,value_growth,volume_growth,score,score_trading_value,score_high_position,score_value_growth,score_volume_growth,focus_signal,watch_score,watch_start_time,watch_start_price,watch_start_score,watch_to_signal_sec,watch_episode_id,watch_episode_start_time,watch_episode_start_price,watch_episode_start_score,watch_episode_to_signal_sec,history_available_sec,history_sample_count,price_30s_positive,price_60s_positive,first75_price_30s_positive,had_prior_shadow_70_74,prior_shadow_trade_id,prior_shadow_time,prior_shadow_price,prior_shadow_score,prior_shadow_to_first75_sec,prior_shadow_to_first75_pct,price_change_15s,price_change_15s_actual_sec,price_change_30s,price_change_30s_actual_sec,price_change_60s,price_change_60s_actual_sec,price_change_120s,price_change_120s_actual_sec,price_change_180s,price_change_180s_actual_sec,price_change_300s,price_change_300s_actual_sec,high_gap_change_30s,high_gap_change_30s_actual_sec,high_gap_change_60s,high_gap_change_60s_actual_sec,high_gap_change_120s,high_gap_change_120s_actual_sec,high_gap_change_180s,high_gap_change_180s_actual_sec,high_gap_change_300s,high_gap_change_300s_actual_sec
2026-08-27 09:00:05,v1.6.5,MAIN,MAIN,MAIN,2026-08-27 09:00:05.173,True,KOSPI,000660,SK하이닉스,1771000.0,5.21,72083,1546200000000.0,127658993000.0,1546200000000.0,ACTUAL,1,1776000.0,0.28153153153153154,1.091071518037398,0.089704676321216,80,40,25,11,4,False,60,2026-08-27 09:00:00.413,1771000.0,80.0,4.760016,20260827_000660_E001,2026-08-27 09:00:00.413,1771000.0,80.0,4.760016,0.0,1,,,,False,,,,,,,,,,,,,,,,,,,,,,,,,,,,
2026-08-27 09:01:22,v1.6.5,MAIN,MAIN,MAIN,2026-08-27 09:01:22.203,True,KOSDAQ,222800,심텍,122300.0,8.52,66877,90947000000.0,8179057100.0,90947000000.0,ACTUAL,1,122500.0,0.163265306122449,1.1408447170687037,0.1005917248765109,77,37,25,11,4,False,60,2026-08-27 09:00:30.821,119500.0,65.0,51.382026,20260827_222800_E001,2026-08-27 09:00:30.821,119500.0,65.0,51.382026,77.35792970657349,6,True,True,True,True,20260827_222800_SHADOW_SCORE_70_74_090106757651,2026-08-27 09:01:06.747,120500.0,71.0,15.455576,1.4937759336099532,1.4937759336099585,15.459258317947388,1.8318068276436303,31.18506360054016,8.518189884649512,62.118151903152466,,,,,,,-1.2324653999530848,31.18506360054016,-1.7250762373915085,46.95051336288452,,,,,,
2026-08-27 09:01:39,v1.6.5,MAIN,MAIN,MAIN,2026-08-27 09:01:39.483,True,KOSPI,000660,SK하이닉스,1779000.0,5.63,163570,1751074000000.0,290991030000.0,1751074000000.0,ACTUAL,1,1785000.0,0.33613445378151263,1.1325016168671582,2.269189684114146,91,40,25,11,15,False,60,2026-08-27 09:00:00.413,1771000.0,80.0,99.069659,20260827_000660_E002,2026-08-27 09:01:33.544,1779000.0,91.0,5.938511,93.13114881515503,7,True,True,,False,,,,,,,0.5652911249293386,15.773219108581543,0.6221719457013575,31.23247742652893,0.5084745762711864,62.723732471466064,,,,,,,,,,,,,,,,
2026-08-27 09:01:39,v1.6.5,MAIN,MAIN,MAIN,2026-08-27 09:01:39.482,True,KOSPI,010120,LS ELECTRIC,213000.0,5.71,78168,84017000000.0,16649784000.0,84017000000.0,ACTUAL,6,213500.0,0.234192037470726,1.0966845059391723,1.2544211573643163,85,37,25,11,12,False,60,2026-08-27 09:00:30.821,213000.0,71.0,68.660874,20260827_010120_E002,2026-08-27 09:01:33.544,213000.0,85.0,5.937142,93.13114881515503,7,True,False,True,True,20260827_010120_SHADOW_SCORE_70_74_090035575468,2026-08-27 09:00:35.564,213000.0,71.0,63.917721,0.0,1.187648456057007,15.773219108581543,0.9478672985781991,31.23247742652893,0.0,62.723732471466064,,,,,,,,,0.0,62.723732471466064,,,,,,
2026-08-27 09:01:41,v1.6.5,MAIN,MAIN,MAIN,2026-08-27 09:01:39.486,True,KOSDAQ,222800,심텍,121200.0,7.72,75773,92904000000.0,9183687600.0,92904000000.0,ACTUAL,1,122600.0,1.1419249592169658,1.0898980537534755,1.7323106467616196,82,37,19,11,15,False,60,2026-08-27 09:00:30.821,119500.0,65.0,68.665494,20260827_222800_E001,2026-08-27 09:00:30.821,119500.0,65.0,68.665494,93.13114881515503,7,True,True,True,True,20260827_222800_SHADOW_SCORE_70_74_090106757651,2026-08-27 09:01:06.747,120500.0,71.0,15.455576,1.4937759336099532,-0.8994276369582993,15.773219108581543,0.5809128630705395,31.23247742652893,1.4225941422594142,62.723732471466064,,,,,,,0.0746014781003812,31.23247742652893,-0.7464165842969916,62.723732471466064,,,,,,
2026-08-27 09:01:53,v1.6.5,MAIN,MAIN,MAIN,2026-08-27 09:01:53.451,True,KOSPI,010120,LS ELECTRIC,213000.0,5.46,80631,84936000000.0,17174403000.0,84936000000.0,ACTUAL,6,213500.0,0.234192037470726,1.1086803289387808,1.293946785634047,85,37,25,11,12,False,60,2026-08-27 09:00:30.821,213000.0,71.0,82.630633,20260827_010120_E002,2026-08-27 09:01:33.544,213000.0,85.0,19.906901,108.2481369972229,8,True,True,True,True,20260827_010120_SHADOW_SCORE_70_74_090035575468,2026-08-27 09:00:35.564,213000.0,71.0,63.917721,0.0,0.0,15.116988182067871,1.187648456057007,30.890207290649414,1.4285714285714286,62.075270891189575,,,,,,,0.0,15.116988182067871,0.0,77.84072065353394,,,,,,
2026-08-27 09:01:53,v1.6.5,MAIN,MAIN,MAIN,2026-08-27 09:01:53.452,True,KOSDAQ,222800,심텍,120100.0,7.01,80166,93770000000.0,9627936600.0,93770000000.0,ACTUAL,1,122600.0,2.039151712887439,1.0748879489207561,1.5984288078479851,77,37,14,11,15,False,60,2026-08-27 09:00:30.821,119500.0,65.0,82.63163,20260827_222800_E001,2026-08-27 09:00:30.821,119500.0,65.0,82.63163,108.2481369972229,8,False,False,True,True,20260827_222800_SHADOW_SCORE_70_74_090106757651,2026-08-27 09:01:06.747,120500.0,71.0,15.455576,1.4937759336099532,-0.9075907590759077,15.116988182067871,-1.7988552739165986,30.890207290649414,0.0,62.075270891189575,,,,,,,1.8758864067649899,30.890207290649414,0.6434210068119051,62.075270891189575,,,,,,
2026-08-27 09:02:09,v1.6.5,MAIN,MAIN,MAIN,2026-08-27 09:02:09.690,True,KOSPI,010120,LS ELECTRIC,213500.0,5.96,88578,88158000000.0,18911403000.0,88158000000.0,ACTUAL,6,214000.0,0.23364485981308408,1.1507375016316408,1.4214783194787688,93,37,25,16,15,False,60,2026-08-27 09:00:30.821,213000.0,71.0,98.868952,20260827_010120_E002,2026-08-27 09:01:33.544,213000.0,85.0,36.14522,124.06897401809692,9,True,True,True,True,20260827_010120_SHADOW_SCORE_70_74_090035575468,2026-08-27 09:00:35.564,213000.0,71.0,63.917721,0.0,0.2347417840375587,15.820837020874023,0.2347417840375587,30.937825202941895,1.1848341232227488,62.170302629470825,1.1848341232227488,124.06897401809692,,,,,-0.0005471776576419229,30.937825202941895,,,,,,,,
2026-08-27 09:02:09,v1.6.5,MAIN,MAIN,MAIN,2026-08-27 09:02:09.691,True,KOSDAQ,222800,심텍,119200.0,5.68,86277,95132000000.0,10284218400.0,95132000000.0,ACTUAL,1,122600.0,2.7732463295269167,1.0772140002038204,1.5469867852468129,77,37,14,11,15,False,60,2026-08-27 09:00:30.821,119500.0,65.0,98.870269,20260827_222800_E001,2026-08-27 09:00:30.821,119500.0,65.0,98.870269,124.06897401809692,9,False,False,True,True,20260827_222800_SHADOW_SCORE_70_74_090106757651,2026-08-27 09:01:06.747,120500.0,71.0,15.455576,1.4937759336099532,-0.7493755203996669,15.820837020874023,-1.65016501650165,30.937825202941895,-1.0788381742738589,62.170302629470825,5.767524401064774,124.06897401809692,,,,,1.631321370309951,30.937825202941895,1.7059228484103321,62.170302629470825,,,,,,
2026-08-27 09:02:26,v1.6.5,MAIN,MAIN,MAIN,2026-08-27 09:02:26.332,True,KOSPI,000660,SK하이닉스,1780000.0,5.39,193624,1833318000000.0,344650720000.0,1833318000000.0,ACTUAL,1,1785000.0,0.2801120448179272,1.1856926658905704,2.686125716188283,96,40,25,16,15,False,60,2026-08-27 09:00:00.413,1771000.0,80.0,145.918406,20260827_000660_E003,2026-08-27 09:02:19.721,1780000.0,96.0,6.610632,139.30777406692505,10,True,True,,False,,,,,,,0.5081874647092038,15.238800048828125,0.6218202374222724,31.05963706970215,0.6218202374222724,61.94984436035156,0.4514672686230248,124.06799626350403,,,,,-0.05602240896358546,46.17662525177002,-0.05602240896358546,46.17662525177002,-0.0014194867136043676,139.30777406692505,,,,
2026-08-27 09:02:26,v1.6.5,MAIN,MAIN,MAIN,2026-08-27 09:02:26.330,True,KOSPI,010120,LS ELECTRIC,214000.0,6.2,91912,89509000000.0,19669168000.0,89509000000.0,ACTUAL,6,214000.0,0.0,1.1683722751599008,1.4749815450781525,93,37,25,16,15,False,60,2026-08-27 09:00:30.821,213000.0,71.0,115.509487,20260827_010120_E002,2026-08-27 09:01:33.544,213000.0,85.0,52.785755,139.30777406692505,10,True,True,True,True,20260827_010120_SHADOW_SCORE_70_74_090035575468,2026-08-27 09:00:35.564,213000.0,71.0,63.917721,0.0,0.234192037470726,15.238800048828125,0.4694835680751174,31.05963706970215,1.66270783847981,61.94984436035156,1.9047619047619049,124.06799626350403,,,,,-0.234192037470726,31.05963706970215,-0.234192037470726,46.17662525177002,-0.234192037470726,108.90035772323608,,,,
2026-08-27 09:02:41,v1.6.5,MAIN,MAIN,MAIN,2026-08-27 09:02:41.194,True,KOSPI,010120,LS ELECTRIC,211250.0,5.21,98378,92049000000.0,20782352500.0,92049000000.0,ACTUAL,6,214000.0,1.2850467289719625,1.095599700060702,1.2585456964486748,79,37,19,11,12,False,60,2026-08-27 09:00:30.821,213000.0,71.0,130.373729,20260827_010120_E002,2026-08-27 09:01:33.544,213000.0,85.0,67.649997,154.95488691329956,11,False,False,True,True,20260827_010120_SHADOW_SCORE_70_74_090035575468,2026-08-27 09:00:35.564,213000.0,71.0,63.917721,0.0,-1.2850467289719625,15.647112846374512,-1.053864168618267,30.885912895202637,-0.8215962441314555,61.82373809814453,-0.8215962441314555,124.5474705696106,,,,,1.0514018691588785,30.885912895202637,1.0508546915012364,61.82373809814453,1.0508546915012364,124.5474705696106,,,,
2026-08-27 09:03:27,v1.6.5,MAIN,MAIN,MAIN,2026-08-27 09:03:27.159,True,KOSDAQ,010170,대한광통신,14590.0,8.22,1990562,28379000000.0,29042299580.0,28379000000.0,ACTUAL,5,14670.0,0.5453306066803,1.3970856102003644,1.373525084941307,81,24,22,20,15,False,60,2026-08-27 09:03:22.877,14590.0,81.0,4.281818,20260827_010170_E001,2026-08-27 09:03:22.877,14590.0,81.0,4.281818,187.223797082901,13,True,False,True,False,,,,,,,0.7596685082872928,15.954383373260498,0.7596685082872928,31.622339248657227,0.0,63.15580081939697,2.3859649122807016,125.10564517974854,3.8434163701067616,187.223797082901,,,-0.7498295841854125,31.622339248657227,0.0,63.15580081939697,,,,,,
2026-08-27 09:03:47,v1.6.5,MAIN,MAIN,MAIN,2026-08-27 09:03:47.625,True,KOSDAQ,010170,대한광통신,14350.0,6.96,2161273,30853000000.0,31014267550.0,30853000000.0,ACTUAL,5,14670.0,2.1813224267212,1.3968850455018789,1.3905971220012805,78,29,14,20,15,False,60,2026-08-27 09:03:22.877,14590.0,81.0,24.747829,20260827_010170_E001,2026-08-27 09:03:22.877,14590.0,81.0,24.747829,203.0693826675415,14,False,False,True,False,,,,,,,-1.644962302947224,15.845585584640503,-0.8977900552486188,31.799968957901,-1.2388162422573985,63.354273557662964,0.8432888264230498,125.1780116558075,0.9142053445850914,172.1362943649292,,,0.8861622358554875,31.799968957901,1.2269938650306749,63.354273557662964,,,,,,
2026-08-27 09:04:04,v1.6.5,MAIN,MAIN,MAIN,2026-08-27 09:04:04.913,True,KOSPI,000660,SK하이닉스,1778000.0,5.39,238461,1951817000000.0,423983658000.0,1951817000000.0,ACTUAL,1,1785000.0,0.39215686274509803,1.0646363587768188,1.2315673676816923,88,40,25,11,12,False,60,2026-08-27 09:00:00.413,1771000.0,80.0,244.499308,20260827_000660_E004,2026-08-27 09:03:54.707,1778000.0,88.0,10.205718,234.29359030723572,16,True,True,,False,,,,,,,0.5656108597285068,15.984429836273193,0.622524052065648,31.830015420913696,0.7365439093484419,63.45235466957092,0.5087620124364047,126.04545331001282,0.5656108597285068,172.39491891860962,,,,,,,0.0560224089635854,141.1624414920807,,,,
2026-08-27 09:04:04,v1.6.5,MAIN,MAIN,MAIN,2026-08-27 09:04:04.924,True,KOSDAQ,010170,대한광통신,14430.0,6.44,2260191,32277000000.0,32614556130.0,32277000000.0,ACTUAL,5,14670.0,1.6359918200409,1.378534210301529,1.3807237924422147,83,29,19,20,15,False,60,2026-08-27 09:03:22.877,14590.0,81.0,42.046887,20260827_010170_E001,2026-08-27 09:03:22.877,14590.0,81.0,42.046887,219.0538125038147,15,False,False,True,False,,,,,,,0.5574912891986062,15.984429836273193,-1.0966415352981496,31.830015420913696,-0.3453038674033149,63.45235466957092,-0.3453038674033149,126.04545331001282,1.6913319238900635,172.39491891860962,,,1.0906612133606002,31.830015420913696,0.3408316291751876,63.45235466957092,1.0906612133606002,94.98581624031067,,,,
2026-08-27 09:04:04,v1.6.5,MAIN,MAIN,MAIN,2026-08-27 09:04:04.912,True,KOSPI,010120,LS ELECTRIC,212000.0,5.46,110290,96981000000.0,23381480000.0,96981000000.0,ACTUAL,6,214000.0,0.9345794392523363,1.0535801583938988,1.1210839821911402,79,37,22,11,9,False,60,2026-08-27 09:00:30.821,213000.0,71.0,214.090789,20260827_010120_E003,2026-08-27 09:03:38.722,212500.0,73.0,26.189045,234.29359030723572,16,True,True,True,True,20260827_010120_SHADOW_SCORE_70_74_090035575468,2026-08-27 09:00:35.564,213000.0,71.0,63.917721,0.0,-0.2352941176470588,15.984429836273193,0.2364066193853428,31.830015420913696,0.47393364928909953,63.45235466957092,-0.4694835680751174,126.04545331001282,0.47393364928909953,172.39491891860962,,,0.23364485981308403,15.984429836273193,-0.35046728971962615,79.33870339393616,0.7003874017816103,126.04545331001282,0.7003874017816103,203.88617396354675,,
2026-08-27 09:04:19,v1.6.5,MAIN,MAIN,MAIN,2026-08-27 09:04:19.579,True,KOSPI,000660,SK하이닉스,1778000.0,5.45,250473,1980250000000.0,445340994000.0,1980250000000.0,ACTUAL,1,1785000.0,0.39215686274509803,1.0801453975796889,1.2936051315952568,88,40,25,11,12,False,60,2026-08-27 09:00:00.413,1771000.0,80.0,259.166141,20260827_000660_E004,2026-08-27 09:03:54.707,1778000.0,88.0,24.872551,249.58287596702576,17,True,True,,False,,,,,,,0.0,15.289285659790039,0.5656108597285068,31.273715496063232,0.5656108597285068,63.07368445396423,0.3952569169960474,125.51390194892883,0.5656108597285068,187.68420457839966,,,0.0,15.289285659790039,,,0.11204481792717086,110.27510190010071,0.0560224089635854,156.45172715187073,,
2026-08-27 09:04:19,v1.6.5,MAIN,MAIN,MAIN,2026-08-27 09:04:19.583,True,KOSDAQ,010170,대한광통신,14500.0,6.67,2379256,33972000000.0,34499212000.0,33972000000.0,ACTUAL,5,14670.0,1.1588275391956373,1.35276549994027,1.3575648853611595,83,29,19,20,15,False,60,2026-08-27 09:03:22.877,14590.0,81.0,56.705866,20260827_010170_E001,2026-08-27 09:03:22.877,14590.0,81.0,56.705866,234.34309816360474,16,True,True,True,False,,,,,,,0.4851004851004851,15.289285659790039,1.0452961672473868,31.273715496063232,0.13812154696132595,63.07368445396423,-0.4804392587508579,125.51390194892883,2.1846370683579983,187.68420457839966,,,-1.0224948875255626,31.273715496063232,-0.13633265167007513,63.07368445396423,0.6134969325153373,110.27510190010071,,,,
2026-08-27 09:04:34,v1.6.5,MAIN,MAIN,MAIN,2026-08-27 09:04:34.620,True,KOSPI,000660,SK하이닉스,1780000.0,5.57,259422,2003061000000.0,461771160000.0,2003061000000.0,ACTUAL,1,1785000.0,0.2801120448179272,1.0925878652803278,1.339823575589803,91,40,25,11,15,False,60,2026-08-27 09:00:00.413,1771000.0,80.0,274.206615,20260827_000660_E004,2026-08-27 09:03:54.707,1778000.0,88.0,39.913025,265.2452278137207,18,True,True,,False,,,,,,,0.11248593925759282,15.662351846694946,0.11248593925759282,30.951637506484985,0.7357102433503113,62.78165292739868,0.0,125.93745374679565,0.056211354693648116,172.11407899856567,,,-0.11204481792717086,30.951637506484985,,,0.0,125.93745374679565,-0.05602240896358546,172.11407899856567,,
2026-08-27 09:04:34,v1.6.5,MAIN,MAIN,MAIN,2026-08-27 09:04:34.625,True,KOSDAQ,010170,대한광통신,14470.0,7.26,2427205,34825000000.0,35121656350.0,34825000000.0,ACTUAL,5,14670.0,1.3633265167007498,1.2271397864618203,1.2193566440030503,76,29,19,16,12,False,60,2026-08-27 09:03:22.877,14590.0,81.0,71.748418,20260827_010170_E001,2026-08-27 09:03:22.877,14590.0,81.0,71.748418,250.00545001029968,17,True,False,True,False,,,,,,,-0.20689655172413793,15.662351846694946,0.2772002772002772,30.951637506484985,-0.822481151473612,62.78165292739868,-0.822481151473612,125.93745374679565,1.6865776528460996,172.11407899856567,,,-0.27266530334015027,30.951637506484985,0.8179959100204498,62.78165292739868,0.8179959100204498,125.93745374679565,,,,
2026-08-27 09:04:50,v1.6.5,MAIN,MAIN,MAIN,2026-08-27 09:04:50.093,True,KOSPI,000660,SK하이닉스,1782000.0,5.63,266334,2023083000000.0,474607188000.0,2023083000000.0,ACTUAL,1,1785000.0,0.16806722689075632,1.1035090475302156,1.3755216295500559,91,40,25,11,15,False,60,2026-08-27 09:00:00.413,1771000.0,80.0,289.679507,20260827_000660_E004,2026-08-27 09:03:54.707,1778000.0,88.0,55.385917,280.26941990852356,19,True,True,,False,,,,,,,0.11235955056179776,15.024192094802856,0.22497187851518563,30.686543941497803,0.7918552036199095,61.960259437561035,0.5643340857787811,125.314532995224,0.16863406408094433,187.13827109336853,,,-0.22408963585434172,30.686543941497803,-0.22408963585434172,45.97582960128784,-0.11204481792717086,140.9616458415985,-0.16806722689075632,187.13827109336853,-0.11346430464077523,280.26941990852356
2026-08-27 09:04:50,v1.6.5,MAIN,MAIN,MAIN,2026-08-27 09:04:50.096,True,KOSDAQ,010170,대한광통신,14420.0,6.96,2499321,35502000000.0,36040208820.0,35502000000.0,ACTUAL,5,14670.0,1.7041581458759374,1.1506822675266586,1.156411522283395,76,29,19,16,12,False,60,2026-08-27 09:03:22.877,14590.0,81.0,87.219229,20260827_010170_E001,2026-08-27 09:03:22.877,14590.0,81.0,87.219229,265.02964210510254,18,False,True,True,False,,,,,,,-0.3455425017277125,15.024192094802856,-0.5517241379310345,30.686543941497803,0.4878048780487805,61.960259437561035,-0.7570543702684102,125.314532995224,1.3352073085031624,187.13827109336853,,,0.5453306066803001,30.686543941497803,-0.4771642808452625,61.960259437561035,0.7498295841854125,125.314532995224,,,,
2026-08-27 09:05:05,v1.6.5,MAIN,MAIN,MAIN,2026-08-27 09:05:05.119,True,KOSPI,000660,SK하이닉스,1780000.0,5.63,272863,2032624000000.0,485696140000.0,2032624000000.0,ACTUAL,1,1785000.0,0.2801120448179272,1.0414009100238393,1.144266777376594,79,40,25,5,9,True,60,2026-08-27 09:00:00.413,1771000.0,80.0,304.706078,20260827_000660_E004,2026-08-27 09:03:54.707,1778000.0,88.0,70.412488,295.73086285591125,20,False,True,,False,,,,,,,-0.11223344556677892,15.461442947387695,0.0,30.48563504219055,0.11248593925759282,61.43727254867554,0.84985835694051,124.88962721824646,0.6218202374222724,187.48272585868835,,,0.0,30.48563504219055,-0.11204481792717086,61.43727254867554,,,-0.05602240896358546,202.59971404075623,-0.0014194867136043676,295.73086285591125
2026-08-27 09:05:20,v1.6.5,MAIN,MAIN,MAIN,2026-08-27 09:05:20.486,True,KOSPI,000660,SK하이닉스,1779000.0,5.33,278418,2053642000000.0,495305622000.0,2053642000000.0,ACTUAL,1,1785000.0,0.33613445378151263,1.037061987122838,1.1115689116192164,79,40,25,5,9,True,60,2026-08-27 09:00:00.413,1771000.0,80.0,320.073067,20260827_000660_E004,2026-08-27 09:03:54.707,1778000.0,88.0,85.779477,311.06538438796997,21,False,True,,False,,,,,,,-0.05617977528089888,15.334521532058716,-0.16835016835016833,30.79596447944641,0.05624296962879641,61.482508420944214,0.6221719457013575,124.55619287490845,0.4517221908526256,186.99641036987305,0.39503386004514673,295.82560658454895,0.16806722689075632,30.79596447944641,-0.0560224089635854,61.482508420944214,,,0.05602240896358546,171.75761032104492,0.05460292224998109,311.06538438796997
2026-08-27 09:05:36,v1.6.5,MAIN,MAIN,MAIN,2026-08-27 09:05:35.991,True,KOSDAQ,010170,대한광통신,14600.0,7.78,2919598,41729000000.0,42626130800.0,41729000000.0,ACTUAL,3,14670.0,0.47716428084526247,1.1982483847810481,1.20286419976887,82,29,25,16,12,True,60,2026-08-27 09:03:22.877,14590.0,81.0,133.114565,20260827_010170_E001,2026-08-27 09:03:22.877,14590.0,81.0,133.114565,310.86938548088074,21,True,True,True,False,,,,,,,0.3436426116838488,15.043778896331787,0.27472527472527475,30.378300428390503,0.8984105044920525,60.863935470581055,0.06854009595613435,123.64558839797974,0.06854009595613435,186.8013892173767,3.180212014134275,295.7017469406128,-0.27266530334015,30.378300428390503,-0.8861622358554873,60.863935470581055,-0.06816632583503751,123.64558839797974,-0.06816632583503751,186.8013892173767,,
2026-08-27 09:05:36,v1.6.5,MAIN,MAIN,MAIN,2026-08-27 09:05:35.989,True,KOSPI,000660,SK하이닉스,1778000.0,5.27,283274,2064553000000.0,503661172000.0,2064553000000.0,ACTUAL,1,1785000.0,0.39215686274509803,1.0306990151573017,1.091942857583397,79,40,25,5,9,True,60,2026-08-27 09:00:00.413,1771000.0,80.0,335.576146,20260827_000660_E004,2026-08-27 09:03:54.707,1778000.0,88.0,101.282556,326.10916328430176,22,False,False,,False,,,,,,,-0.056211354693648116,15.043778896331787,-0.11235955056179776,30.378300428390503,-0.11235955056179776,60.863935470581055,0.622524052065648,123.64558839797974,-0.11235955056179776,186.8013892173767,0.4519774011299435,295.7017469406128,0.11204481792717086,30.378300428390503,0.11204481792717086,60.863935470581055,,,0.11204481792717086,186.8013892173767,0.11062533121356649,326.10916328430176
2026-08-27 09:05:50,v1.6.5,MAIN,MAIN,MAIN,2026-08-27 09:05:50.547,True,KOSPI,000660,SK하이닉스,1781000.0,5.39,289807,2073482000000.0,516146267000.0,2073482000000.0,ACTUAL,1,1785000.0,0.22408963585434172,1.0249119784012817,1.0881336967867414,79,40,25,5,9,True,60,2026-08-27 09:00:00.413,1771000.0,80.0,350.133587,20260827_000660_E004,2026-08-27 09:03:54.707,1778000.0,88.0,115.839997,341.686151266098,23,True,False,,False,,,,,,,0.1687289088863892,15.576987981796265,0.11242270938729623,30.62076687812805,-0.05611672278338946,61.41673135757446,0.7352941176470588,123.3769907951355,0.5079006772009029,186.73126435279846,0.9637188208616779,295.5132851600647,-0.11204481792717091,30.62076687812805,0.0560224089635854,61.41673135757446,-0.16806722689075632,107.3925609588623,-0.05602240896358546,202.37837719917297,,
2026-08-27 09:05:50,v1.6.5,MAIN,MAIN,MAIN,2026-08-27 09:05:50.554,True,KOSDAQ,010170,대한광통신,14580.0,8.07,2997020,43030000000.0,43696551600.0,43030000000.0,ACTUAL,3,14670.0,0.6134969325153374,1.212044391865247,1.1991336847087668,79,29,22,16,12,True,60,2026-08-27 09:03:22.877,14590.0,81.0,147.676842,20260827_010170_E001,2026-08-27 09:03:22.877,14590.0,81.0,147.676842,326.446373462677,22,True,True,True,False,,,,,,,-0.136986301369863,15.576987981796265,0.2061855670103093,30.62076687812805,1.1095700416088765,61.41673135757446,1.6027874564459932,123.3769907951355,0.3441156228492774,186.73126435279846,2.5316455696202533,295.5132851600647,-0.2044989775051126,30.62076687812805,-1.0906612133606,61.41673135757446,-1.5678254942058625,123.3769907951355,-0.3408316291751875,186.73126435279846,,
2026-08-27 09:06:05,v1.6.5,MAIN,MAIN,MAIN,2026-08-27 09:06:05.596,True,KOSPI,000660,SK하이닉스,1786000.0,5.92,318903,2163391000000.0,569560758000.0,2163391000000.0,ACTUAL,1,1788000.0,0.11185682326621924,1.0643340824471226,1.1687293623540018,88,40,25,11,12,True,60,2026-08-27 09:00:00.413,1771000.0,80.0,365.182502,20260827_000660_E004,2026-08-27 09:03:54.707,1778000.0,88.0,130.888912,357.1884300708771,24,True,True,,False,,,,,,,0.2807411566535654,15.502278804779053,0.44994375703037126,31.079266786575317,0.33707865168539325,61.45756721496582,0.44994375703037126,122.89483976364136,1.189801699716714,186.34719443321228,1.0180995475113122,295.289758682251,-0.2803000394788788,31.079266786575317,-0.16825522155170794,61.45756721496582,-0.2803000394788788,122.89483976364136,,,,
2026-08-27 09:06:05,v1.6.5,MAIN,MAIN,MAIN,2026-08-27 09:06:05.599,True,KOSDAQ,010170,대한광통신,14570.0,7.7,3088243,44395000000.0,44995700510.0,44395000000.0,ACTUAL,3,14670.0,0.6816632583503749,1.2124812235422642,1.1636507574061974,79,29,22,16,12,True,60,2026-08-27 09:03:22.877,14590.0,81.0,162.722324,20260827_010170_E001,2026-08-27 09:03:22.877,14590.0,81.0,162.722324,341.94865226745605,23,False,True,True,False,,,,,,,-0.06858710562414265,15.502278804779053,-0.2054794520547945,31.079266786575317,0.06868131868131869,61.45756721496582,0.9702009702009702,122.89483976364136,0.6215469613259669,186.34719443321228,2.6779422128259336,295.289758682251,0.20449897750511242,31.079266786575317,-0.06816632583503757,61.45756721496582,-0.9543285616905252,122.89483976364136,-0.6134969325153375,186.34719443321228,,
2026-08-27 09:06:20,v1.6.5,MAIN,MAIN,MAIN,2026-08-27 09:06:20.849,True,KOSPI,000660,SK하이닉스,1778000.0,5.33,325261,2186738000000.0,578314058000.0,2186738000000.0,ACTUAL,1,1788000.0,0.5592841163310962,1.0648097380166552,1.168247024258489,85,40,22,11,12,True,60,2026-08-27 09:00:00.413,1771000.0,80.0,380.435873,20260827_000660_E004,2026-08-27 09:03:54.707,1778000.0,88.0,146.142283,372.258584022522,25,False,False,,False,,,,,,,-0.4479283314669653,15.070153951644897,-0.16844469399213924,30.57243275642395,-0.056211354693648116,61.193199634552,0.0,122.67570805549622,0.5656108597285068,185.74939250946045,0.5087620124364047,294.9006543159485,0.3351944804767545,30.57243275642395,0.22314966254958357,61.193199634552,0.16712725358599817,122.67570805549622,,,0.22314966254958357,279.12743520736694
2026-08-27 09:06:20,v1.6.5,MAIN,MAIN,MAIN,2026-08-27 09:06:20.854,True,KOSDAQ,010170,대한광통신,14640.0,7.93,3282689,44974000000.0,48058566960.0,44974000000.0,ACTUAL,3,14670.0,0.2044989775051125,1.1586160702784862,1.200943944298433,82,29,25,16,12,True,60,2026-08-27 09:03:22.877,14590.0,81.0,177.976723,20260827_010170_E001,2026-08-27 09:03:22.877,14590.0,81.0,177.976723,357.01880621910095,24,True,True,True,False,,,,,,,0.4804392587508579,15.070153951644897,0.411522633744856,30.57243275642395,0.6185567010309279,61.193199634552,0.9655172413793104,122.67570805549622,1.1049723756906076,185.74939250946045,2.736842105263158,294.9006543159485,-0.40899795501022496,30.57243275642395,-0.6134969325153375,61.193199634552,-0.9543285616905248,122.67570805549622,-1.0906612133606,185.74939250946045,,
2026-08-27 09:06:20,v1.6.5,MAIN,MAIN,MAIN,2026-08-27 09:06:20.848,True,KOSPI,062040,산일전기,191100.0,7.97,83891,60206000000.0,16031570100.0,60206000000.0,ACTUAL,14,191300.0,0.10454783063251437,1.0714336560364466,1.1773514469363124,81,33,25,11,12,True,60,2026-08-27 09:05:11.479,188200.0,61.0,69.369377,20260827_062040_E001,2026-08-27 09:05:11.479,188200.0,61.0,69.369377,372.258584022522,25,True,True,True,False,,,,,,,0.10476689366160294,15.070153951644897,1.004228329809725,30.57243275642395,1.5409139213602552,61.193199634552,0.26232948583420773,122.67570805549622,1.5948963317384368,185.74939250946045,2.576489533011272,294.9006543159485,-0.941477273969996,30.57243275642395,-1.4644898262712513,61.193199634552,,,,,,
2026-08-27 09:06:38,v1.6.5,MAIN,MAIN,MAIN,2026-08-27 09:06:38.181,True,KOSPI,000660,SK하이닉스,1779000.0,5.39,328887,2199065000000.0,585089973000.0,2199065000000.0,ACTUAL,1,1788000.0,0.5033557046979865,1.0651530864065974,1.1610207784689028,85,40,22,11,12,True,60,2026-08-27 09:00:00.413,1771000.0,80.0,397.767514,20260827_000660_E004,2026-08-27 09:03:54.707,1778000.0,88.0,163.473924,388.24420619010925,26,False,True,,False,,,,,,,0.05624296962879641,15.98562216758728,-0.3919372900335946,31.055776119232178,0.05624296962879641,62.135042905807495,-0.05617977528089888,122.99897837638855,0.6791171477079796,185.78063130378723,0.0,295.1130573749542,0.39149888143176725,31.055776119232178,0.11119884195288848,62.135042905807495,0.22324365988005934,122.99897837638855,0.11119884195288848,153.95061588287354,0.16722125091647388,295.1130573749542
2026-08-27 09:06:38,v1.6.5,MAIN,MAIN,MAIN,2026-08-27 09:06:38.180,True,KOSPI,062040,산일전기,192000.0,8.42,89253,62128000000.0,17136576000.0,62128000000.0,ACTUAL,14,192000.0,0.0,1.0926678274327724,1.2189202846100269,81,33,25,11,12,True,60,2026-08-27 09:05:11.479,188200.0,61.0,86.700853,20260827_062040_E001,2026-08-27 09:05:11.479,188200.0,61.0,86.700853,388.24420619010925,26,True,True,True,False,,,,,,,0.47095761381475665,15.98562216758728,0.5762179151388162,31.055776119232178,1.8567639257294428,62.135042905807495,0.7874015748031495,122.99897837638855,1.641079936474325,185.78063130378723,1.8027571580063628,295.1130573749542,-0.15690376569037656,31.055776119232178,-1.4121338912133892,62.135042905807495,,,,,,
2026-08-27 09:06:38,v1.6.5,MAIN,MAIN,MAIN,2026-08-27 09:06:38.185,True,KOSDAQ,010170,대한광통신,14500.0,8.15,3508644,50543000000.0,50875338000.0,50543000000.0,ACTUAL,3,14670.0,1.1588275391956373,1.2112200148577728,1.2017558581695151,80,33,19,16,12,True,60,2026-08-27 09:03:22.877,14590.0,81.0,195.308322,20260827_010170_E001,2026-08-27 09:03:22.877,14590.0,81.0,195.308322,373.00442838668823,25,False,False,True,False,,,,,,,-0.9562841530054645,15.98562216758728,-0.4804392587508579,31.055776119232178,-0.684931506849315,62.135042905807495,0.2073255010366275,122.99897837638855,-0.616860863605209,185.78063130378723,1.8973998594518624,295.1130573749542,0.4771642808452624,31.055776119232178,0.6816632583503748,62.135042905807495,-0.20449897750511248,122.99897837638855,0.6134969325153373,185.78063130378723,,
2026-08-27 09:06:53,v1.6.5,MAIN,MAIN,MAIN,2026-08-27 09:06:53.671,True,KOSPI,000660,SK하이닉스,1775000.0,5.33,333949,2206042000000.0,592759475000.0,2206042000000.0,ACTUAL,1,1788000.0,0.727069351230425,1.0639311071907063,1.1523151614695297,85,40,22,11,12,True,60,2026-08-27 09:00:00.413,1771000.0,80.0,413.258144,20260827_000660_E004,2026-08-27 09:03:54.707,1778000.0,88.0,178.964554,403.8540823459625,27,False,False,,False,,,,,,,-0.22484541877459246,15.609876155853271,-0.1687289088863892,31.59549832344055,-0.3368893879842785,62.1679310798645,-0.3928170594837262,123.58466243743896,0.39592760180995473,185.544921875,0.3391746749576032,295.6059453487396,0.16778523489932884,31.59549832344055,0.5029797153760833,62.1679310798645,0.5590021243396688,123.58466243743896,0.334912488485327,169.5604920387268,0.3909348974489124,310.7229335308075
2026-08-27 09:06:53,v1.6.5,MAIN,MAIN,MAIN,2026-08-27 09:06:53.667,True,KOSPI,062040,산일전기,193700.0,8.93,96304,65046000000.0,18654084800.0,65046000000.0,ACTUAL,13,193800.0,0.05159958720330237,1.134074900620685,1.2816608996539793,81,33,25,11,12,True,60,2026-08-27 09:05:11.479,188200.0,61.0,102.188745,20260827_062040_E001,2026-08-27 09:05:11.479,188200.0,61.0,102.188745,403.8540823459625,27,True,True,True,False,,,,,,,0.8854166666666666,15.609876155853271,1.3605442176870748,31.59549832344055,2.3784355179704018,62.1679310798645,1.6797900262467191,123.58466243743896,2.541026998411858,185.544921875,2.922422954303932,295.6059453487396,-0.052948243429212,31.59549832344055,-0.994425517399208,62.1679310798645,,,,,,
2026-08-27 09:06:53,v1.6.5,MAIN,MAIN,MAIN,2026-08-27 09:06:53.676,True,KOSDAQ,010170,대한광통신,14460.0,7.41,3583382,51461000000.0,51815703720.0,51461000000.0,ACTUAL,3,14670.0,1.4314928425357873,1.1959330699511967,1.1956483440217283,80,33,19,16,12,True,60,2026-08-27 09:03:22.877,14590.0,81.0,210.799158,20260827_010170_E001,2026-08-27 09:03:22.877,14590.0,81.0,210.799158,388.6143045425415,26,False,False,True,False,,,,,,,-0.27586206896551724,15.609876155853271,-1.2295081967213115,31.59549832344055,-0.823045267489712,62.1679310798645,0.27739251040221913,123.58466243743896,0.7665505226480837,185.544921875,-0.13812154696132595,295.6059453487396,1.2269938650306749,31.59549832344055,0.8179959100204499,62.1679310798645,-0.27266530334015004,123.58466243743896,-0.7498295841854126,185.544921875,,
2026-08-27 09:07:09,v1.6.5,MAIN,MAIN,MAIN,2026-08-27 09:07:09.462,True,KOSPI,062040,산일전기,192600.0,9.21,106382,67925000000.0,20489173200.0,67925000000.0,ACTUAL,13,193800.0,0.6191950464396285,1.160436669286227,1.3434275828103097,86,33,22,16,15,True,60,2026-08-27 09:05:11.479,188200.0,61.0,117.983725,20260827_062040_E001,2026-08-27 09:05:11.479,188200.0,61.0,117.983725,419.3732306957245,28,True,True,True,False,,,,,,,-0.5678884873515746,15.519148349761963,0.3125,31.129024505615234,0.8905185961236249,62.18480062484741,1.4752370916754478,123.64236783981323,2.1208907741251326,185.07964038848877,1.049317943336831,295.30425667762756,0.6191950464396285,31.129024505615234,0.46229128074925196,62.18480062484741,-0.9498426104641371,108.30784630775452,,,,
2026-08-27 09:07:09,v1.6.5,MAIN,MAIN,MAIN,2026-08-27 09:07:09.470,True,KOSDAQ,010170,대한광통신,14470.0,7.19,3658287,52467000000.0,52935412890.0,52467000000.0,ACTUAL,3,14670.0,1.3633265167007498,1.1818222772834779,1.1845852156064145,80,33,19,16,12,True,60,2026-08-27 09:03:22.877,14590.0,81.0,226.593558,20260827_010170_E001,2026-08-27 09:03:22.877,14590.0,81.0,226.593558,404.13345289230347,27,False,False,True,False,,,,,,,0.06915629322268327,15.519148349761963,-0.20689655172413793,31.129024505615234,-0.6863417982155113,62.18480062484741,-0.6181318681318682,123.64236783981323,0.2772002772002772,185.07964038848877,-0.6863417982155113,295.30425667762756,0.20449897750511248,31.129024505615234,0.6816632583503749,62.18480062484741,0.6134969325153373,123.64236783981323,-0.27266530334015027,185.07964038848877,0.8179959100204498,280.06545662879944
2026-08-27 09:07:09,v1.6.5,MAIN,MAIN,MAIN,2026-08-27 09:07:09.468,True,KOSPI,000660,SK하이닉스,1777000.0,5.27,339229,2228870000000.0,602809933000.0,2228870000000.0,ACTUAL,1,1788000.0,0.6152125279642058,1.0302668357222526,1.0637372492576112,76,40,22,5,9,True,60,2026-08-27 09:00:00.413,1771000.0,80.0,429.054666,20260827_000660_E004,2026-08-27 09:03:54.707,1778000.0,88.0,194.761076,419.3732306957245,28,False,False,,False,,,,,,,0.11267605633802817,15.519148349761963,-0.11242270938729623,31.129024505615234,-0.503919372900336,62.18480062484741,-0.16853932584269662,123.64236783981323,-0.05624296962879641,185.07964038848877,0.33879164313946925,295.30425667762756,0.11185682326621926,31.129024505615234,0.5033557046979865,62.18480062484741,0.3351004831462786,123.64236783981323,0.22305566521910775,185.07964038848877,0.3351004831462786,280.06545662879944
2026-08-27 09:07:25,v1.6.5,MAIN,MAIN,MAIN,2026-08-27 09:07:25.441,True,KOSPI,062040,산일전기,192100.0,8.88,110777,69331000000.0,21280261700.0,69331000000.0,ACTUAL,13,193800.0,0.8771929824561403,1.1515629671461316,1.3204872989951246,86,33,22,16,15,True,60,2026-08-27 09:05:11.479,188200.0,61.0,133.961858,20260827_062040_E001,2026-08-27 09:05:11.479,188200.0,61.0,133.961858,435.1537535190582,29,False,True,True,False,,,,,,,-0.25960539979231567,15.78052282333374,-0.8260196179659267,31.299671173095703,0.5232862375719518,62.895169496536255,2.0722635494155153,124.08836913108826,0.7869884575026233,185.57087755203247,0.7869884575026233,295.8459794521332,0.8255933952528379,31.299671173095703,0.7726451518236259,62.895169496536255,-0.6918446744476253,124.08836913108826,,,,
2026-08-27 09:07:25,v1.6.5,MAIN,MAIN,MAIN,2026-08-27 09:07:25.445,True,KOSDAQ,010170,대한광통신,14430.0,7.11,3738925,53424000000.0,53952687750.0,53424000000.0,ACTUAL,3,14670.0,1.6359918200409,1.1878863343264998,1.138982401317944,77,33,19,16,9,False,60,2026-08-27 09:03:22.877,14590.0,81.0,242.567698,20260827_010170_E001,2026-08-27 09:03:22.877,14590.0,81.0,242.567698,419.9139757156372,28,False,False,True,False,,,,,,,-0.27643400138217,15.78052282333374,-0.2074688796680498,31.299671173095703,-1.4344262295081966,62.895169496536255,-0.8247422680412372,124.08836913108826,-0.4827586206896552,185.57087755203247,-1.0966415352981496,295.8459794521332,0.2044989775051127,31.299671173095703,1.4314928425357876,62.895169496536255,0.81799591002045,124.08836913108826,0.47716428084526274,185.57087755203247,1.0906612133606002,295.8459794521332
2026-08-27 09:07:25,v1.6.5,MAIN,MAIN,MAIN,2026-08-27 09:07:25.442,True,KOSPI,000660,SK하이닉스,1775000.0,5.18,343742,2240252000000.0,610142050000.0,2240252000000.0,ACTUAL,1,1788000.0,0.727069351230425,1.0244720675270653,1.0568189853686731,76,40,22,5,9,True,60,2026-08-27 09:00:00.413,1771000.0,80.0,445.028249,20260827_000660_E004,2026-08-27 09:03:54.707,1778000.0,88.0,210.734659,435.1537535190582,29,False,False,,False,,,,,,,-0.11254924029262803,15.78052282333374,0.0,31.299671173095703,-0.1687289088863892,62.895169496536255,-0.22484541877459246,124.08836913108826,-0.1687289088863892,185.57087755203247,-0.2808988764044944,295.8459794521332,0.0,31.299671173095703,0.16778523489932884,62.895169496536255,0.3909348974489124,124.08836913108826,0.334912488485327,185.57087755203247,0.44695730641249787,295.8459794521332
2026-08-27 09:07:43,v1.6.5,MAIN,MAIN,MAIN,2026-08-27 09:07:43.142,True,KOSPI,062040,산일전기,192750.0,8.37,115046,70541000000.0,22175116500.0,70541000000.0,ACTUAL,13,193800.0,0.541795665634675,1.1354139840329642,1.2889874850145093,82,37,22,11,12,True,60,2026-08-27 09:05:11.479,188200.0,61.0,151.662873,20260827_062040_E001,2026-08-27 09:05:11.479,188200.0,61.0,151.662873,451.077805519104,30,True,True,True,False,,,,,,,0.338365434669443,15.924052000045776,0.0778816199376947,31.704574823379517,0.390625,62.83359932899475,2.2546419098143233,124.96864223480225,1.1811023622047243,185.8325777053833,1.8225039619651346,296.12291860580444,-0.07739938080495357,31.704574823379517,0.541795665634675,62.83359932899475,-0.8703382255787142,124.96864223480225,,,,
2026-08-27 09:07:43,v1.6.5,MAIN,MAIN,MAIN,2026-08-27 09:07:43.143,True,KOSPI,000660,SK하이닉스,1776000.0,5.21,348243,2252807000000.0,618479568000.0,2252807000000.0,ACTUAL,1,1788000.0,0.6711409395973155,1.0244385682096708,1.0588530407100312,76,40,22,5,9,True,60,2026-08-27 09:00:00.413,1771000.0,80.0,462.729276,20260827_000660_E004,2026-08-27 09:03:54.707,1778000.0,88.0,228.435686,451.077805519104,30,False,False,,False,,,,,,,0.056338028169014086,15.924052000045776,-0.056274620146314014,31.704574823379517,-0.16863406408094433,62.83359932899475,-0.11248593925759282,124.96864223480225,-0.22471910112359553,185.8325777053833,0.2257336343115124,296.12291860580444,0.05592841163310969,31.704574823379517,0.16778523489932895,62.83359932899475,0.27898407685221743,124.96864223480225,0.3910288947793883,185.8325777053833,0.3910288947793883,311.77003145217896
2026-08-27 09:07:56,v1.6.5,MAIN,MAIN,MAIN,2026-08-27 09:07:56.636,True,KOSPI,062040,산일전기,192800.0,8.73,117152,71489000000.0,22586905600.0,71489000000.0,ACTUAL,13,193800.0,0.5159958720330238,1.0990529778925684,1.2164811430470177,82,37,22,11,12,True,60,2026-08-27 09:05:11.479,188200.0,61.0,165.157123,20260827_062040_E001,2026-08-27 09:05:11.479,188200.0,61.0,165.157123,466.83122086524963,31,True,False,True,False,,,,,,,0.02594033722438392,15.75341534614563,0.3643935450286309,31.677467346191406,-0.46463603510583373,62.97713851928711,1.9027484143763214,125.14506959915161,1.2073490813648293,186.56180095672607,1.8489170628631801,295.98998522758484,-0.36119711042311653,31.677467346191406,0.4643962848297214,62.97713851928711,-0.5300292325694866,125.14506959915161,-1.0530417848707418,155.76583647727966,,
2026-08-27 09:07:56,v1.6.5,MAIN,MAIN,MAIN,2026-08-27 09:07:56.641,True,KOSPI,000660,SK하이닉스,1776000.0,5.21,350951,2260080000000.0,623288976000.0,2260080000000.0,ACTUAL,1,1788000.0,0.6711409395973155,1.02449545384902,1.0509119655995376,76,40,22,5,9,True,60,2026-08-27 09:00:00.413,1771000.0,80.0,476.227963,20260827_000660_E004,2026-08-27 09:03:54.707,1778000.0,88.0,241.934373,466.83122086524963,31,True,True,,False,,,,,,,0.0,15.75341534614563,0.056338028169014086,31.677467346191406,0.056338028169014086,62.97713851928711,-0.2807411566535654,125.14506959915161,-0.33670033670033667,186.56180095672607,0.623229461756374,295.98998522758484,-0.055928411633109576,31.677467346191406,-0.055928411633109576,62.97713851928711,0.44705130374297375,125.14506959915161,0.5030737127065592,186.56180095672607,,
2026-08-27 09:08:12,v1.6.5,MAIN,MAIN,MAIN,2026-08-27 09:08:12.384,True,KOSPI,010120,LS ELECTRIC,212500.0,5.46,139165,109045000000.0,29572562500.0,109045000000.0,ACTUAL,9,214000.0,0.7009345794392523,1.1243955001495138,1.2618097742315713,85,40,22,11,12,True,60,2026-08-27 09:00:30.821,213000.0,71.0,461.562929,20260827_010120_E004,2026-08-27 09:08:02.737,212500.0,85.0,9.646408,482.32393741607666,32,True,True,True,True,20260827_010120_SHADOW_SCORE_70_74_090035575468,2026-08-27 09:00:35.564,213000.0,71.0,63.917721,0.0,0.7109004739336493,15.492716550827026,1.1904761904761905,31.246131896972656,1.1904761904761905,62.95070672035217,0.9501187648456058,125.13550734519958,0.4728132387706856,186.5930745601654,0.4728132387706856,295.81474590301514,,,,,,,,,,
2026-08-27 09:08:12,v1.6.5,MAIN,MAIN,MAIN,2026-08-27 09:08:12.381,True,KOSPI,062040,산일전기,193600.0,9.16,121067,72444000000.0,23438571200.0,72444000000.0,ACTUAL,13,193800.0,0.10319917440660474,1.0665292602134708,1.1380402699704837,82,37,25,11,9,True,60,2026-08-27 09:05:11.479,188200.0,61.0,180.901966,20260827_062040_E001,2026-08-27 09:05:11.479,188200.0,61.0,180.901966,482.32393741607666,32,True,True,True,False,,,,,,,0.4149377593360996,15.492716550827026,0.4409857328145266,31.246131896972656,0.5192107995846313,62.95070672035217,1.4143530644316398,125.13550734519958,2.0021074815595363,186.5930745601654,2.923976608187134,295.81474590301514,-0.4385964912280702,31.246131896972656,-0.5159958720330238,62.95070672035217,-0.05370459128377182,125.13550734519958,-1.4658384824971609,171.2585530281067,,
2026-08-27 09:08:12,v1.6.5,MAIN,MAIN,MAIN,2026-08-27 09:08:12.387,True,KOSPI,000660,SK하이닉스,1779000.0,5.21,356902,2266325000000.0,634928658000.0,2266325000000.0,ACTUAL,1,1788000.0,0.5033557046979865,1.0168044793998752,1.0520975506221462,76,40,22,5,9,True,60,2026-08-27 09:00:00.413,1771000.0,80.0,491.973335,20260827_000660_E004,2026-08-27 09:03:54.707,1778000.0,88.0,257.679745,482.32393741607666,32,True,True,,False,,,,,,,0.16891891891891891,15.492716550827026,0.16891891891891891,31.246131896972656,0.11254924029262803,62.95070672035217,-0.3919372900335946,125.13550734519958,-0.05617977528089888,186.5930745601654,0.6221719457013575,295.81474590301514,-0.16778523489932895,31.246131896972656,-0.11185682326621926,62.95070672035217,0.39149888143176725,125.13550734519958,0.22324365988005934,186.5930745601654,,
2026-08-27 09:08:28,v1.6.5,MAIN,MAIN,MAIN,2026-08-27 09:08:28.690,True,KOSPI,062040,산일전기,193200.0,9.38,126143,74639000000.0,24370827600.0,74639000000.0,ACTUAL,13,193800.0,0.30959752321981426,1.0765602688552018,1.1387111042906017,82,37,25,11,9,True,60,2026-08-27 09:05:11.479,188200.0,61.0,197.211516,20260827_062040_E001,2026-08-27 09:05:11.479,188200.0,61.0,197.211516,498.07907152175903,33,True,True,True,False,,,,,,,-0.2066115702479339,15.755134105682373,0.2074688796680498,31.2478506565094,0.5726184279021342,62.925318002700806,1.098901098901099,125.82048749923706,2.6567481402763016,187.01368713378906,2.2763366860772893,295.615496635437,-0.2063983488132095,31.2478506565094,-0.567595459236326,62.925318002700806,0.20504969258729988,125.82048749923706,-1.2594401336839514,187.01368713378906,,
2026-08-27 09:08:43,v1.6.5,MAIN,MAIN,MAIN,2026-08-27 09:08:43.263,True,KOSPI,062040,산일전기,193400.0,9.44,127837,75401000000.0,24723675800.0,75401000000.0,ACTUAL,13,193800.0,0.20639834881320948,1.0688961029755746,1.1111816143107973,82,37,25,11,9,True,60,2026-08-27 09:05:11.479,188200.0,61.0,211.784675,20260827_062040_E001,2026-08-27 09:05:11.479,188200.0,61.0,211.784675,513.3541610240936,34,False,True,True,False,,,,,,,0.10351966873706005,15.275089502334595,-0.10330578512396695,31.030223608016968,0.33722438391699094,62.276355504989624,0.7291666666666666,125.10995483398438,2.59946949602122,187.24499773979187,2.3822128110111174,295.0450005531311,0.10319917440660474,31.030223608016968,-0.33539731682146545,62.276355504989624,0.20639834881320948,125.10995483398438,-1.2057355424001797,187.24499773979187,,
2026-08-27 09:08:59,v1.6.5,MAIN,MAIN,MAIN,2026-08-27 09:08:59.638,True,KOSPI,062040,산일전기,192600.0,8.88,130029,76335000000.0,25043585400.0,76335000000.0,ACTUAL,12,193800.0,0.6191950464396285,1.0677866524919917,1.1099170308658837,79,37,22,11,9,True,60,2026-08-27 09:05:11.479,188200.0,61.0,228.158985,20260827_062040_E001,2026-08-27 09:05:11.479,188200.0,61.0,228.158985,528.9250514507294,35,False,False,True,False,,,,,,,-0.4136504653567736,15.570890426635742,-0.3105590062111801,30.845979928970337,-0.1037344398340249,62.093830585479736,-0.5678884873515746,125.07096910476685,1.7970401691331923,187.23890018463135,2.1208907741251326,294.63146114349365,0.30959752321981426,30.845979928970337,0.10319917440660475,62.093830585479736,0.5675954592363261,125.07096910476685,-0.4268300581628819,187.23890018463135,,
2026-08-27 09:09:13,v1.6.5,MAIN,MAIN,MAIN,2026-08-27 09:09:13.856,True,KOSPI,062040,산일전기,191500.0,8.08,133569,77772000000.0,25578463500.0,77772000000.0,ACTUAL,12,193800.0,1.1867905056759547,1.073546463475236,1.1032651341818993,76,37,19,11,9,True,60,2026-08-27 09:05:11.479,188200.0,61.0,242.377328,20260827_062040_E001,2026-08-27 09:05:11.479,188200.0,61.0,242.377328,544.3121192455292,36,False,False,True,False,,,,,,,-0.5711318795430945,15.387067794799805,-0.9824198552223371,30.957958221435547,-1.084710743801653,61.988181829452515,-0.5711318795430945,124.93888854980469,0.3143006809848088,187.1236891746521,0.472193074501574,294.7292432785034,0.9803921568627452,30.957958221435547,1.08359133126935,61.988181829452515,0.5675954592363261,124.93888854980469,1.029886739985578,187.1236891746521,,
2026-08-27 09:09:28,v1.6.5,MAIN,MAIN,MAIN,2026-08-27 09:09:28.772,True,KOSPI,062040,산일전기,191100.0,8.31,135245,78449000000.0,25845319500.0,78449000000.0,ACTUAL,12,193800.0,1.393188854489164,1.051045699969185,1.0721562036736085,76,37,19,11,9,True,60,2026-08-27 09:05:11.479,188200.0,61.0,257.293261,20260827_062040_E001,2026-08-27 09:05:11.479,188200.0,61.0,257.293261,559.5049939155579,37,False,False,True,False,,,,,,,-0.20887728459530025,15.192874670028687,-0.778816199376947,30.57994246482849,-1.0869565217391304,61.42592239379883,-0.5205622071837585,124.35124039649963,0.0,187.2464098930359,0.31496062992125984,294.25976610183716,0.7739938080495354,30.57994246482849,1.0835913312693497,61.42592239379883,0.5159958720330237,124.35124039649963,1.2886410238566497,187.2464098930359,,
2026-08-27 09:09:59,v1.6.5,MAIN,MAIN,MAIN,2026-08-27 09:09:59.094,True,KOSPI,062040,산일전기,191700.0,8.37,138874,79772000000.0,26622145800.0,79772000000.0,ACTUAL,12,193800.0,1.08359133126935,1.0579700534475671,1.0863365066451809,76,37,19,11,9,True,60,2026-08-27 09:05:11.479,188200.0,61.0,287.615575,20260827_062040_E001,2026-08-27 09:05:11.479,188200.0,61.0,287.615575,591.311562538147,39,True,False,True,False,,,,,,,0.1567398119122257,15.918614625930786,0.3139717425431711,31.80656862258911,-0.46728971962616817,62.3865110874176,-0.5705394190871369,124.48034167289734,-1.0325245224574084,187.45748019218445,1.0010537407797682,295.5806996822357,-0.30959752321981404,31.80656862258911,0.4643962848297214,62.3865110874176,0.5675954592363261,124.48034167289734,1.0319917440660475,187.45748019218445,-0.4854463256344157,280.246178150177
2026-08-27 09:10:46,v1.6.5,MAIN,MAIN,MAIN,2026-08-27 09:10:46.419,True,KOSDAQ,010170,대한광통신,14560.0,7.11,4885395,69736000000.0,71131351200.0,69736000000.0,ACTUAL,2,14670.0,0.7498295841854125,1.1046937126744498,1.1162341009478427,75,33,22,11,9,True,60,2026-08-27 09:03:22.877,14590.0,81.0,443.542422,20260827_010170_E002,2026-08-27 09:09:51.725,14240.0,67.0,54.694434,590.9865214824677,39,True,True,True,False,,,,,,,0.5524861878453038,15.031248807907104,1.3221990257480862,30.421974658966064,2.7522935779816518,61.76643967628479,1.3221990257480862,123.80522656440735,1.040943789035392,186.08158206939697,-0.1371742112482853,295.47323632240295,-1.2951601908657122,30.421974658966064,-2.658486707566462,61.76643967628479,-1.2951601908657122,123.80522656440735,-1.0224948875255624,186.08158206939697,0.13633265167007502,295.47323632240295
2026-08-27 09:10:59,v1.6.5,MAIN,MAIN,MAIN,2026-08-27 09:10:59.629,True,KOSDAQ,010170,대한광통신,14550.0,7.63,4978341,71650000000.0,72434861550.0,71650000000.0,ACTUAL,2,14670.0,0.81799591002045,1.1047381161632515,1.1060554051811302,79,37,22,11,9,True,60,2026-08-27 09:03:22.877,14590.0,81.0,456.751973,20260827_010170_E002,2026-08-27 09:09:51.725,14240.0,67.0,67.903985,591.1362092494965,39,True,True,True,False,,,,,,,-0.06868131868131869,15.875493049621582,0.48342541436464087,30.906741857528687,2.1769662921348316,61.723318099975586,1.4644351464435146,124.10982918739319,0.9015256588072121,186.20365977287292,-0.13726835964310227,295.8464505672455,-0.4771642808452624,30.906741857528687,-2.113156100886162,61.723318099975586,-1.4314928425357873,124.10982918739319,-0.8861622358554874,186.20365977287292,0.13633265167007513,295.8464505672455
2026-08-27 09:10:59,v1.6.5,MAIN,MAIN,MAIN,2026-08-27 09:10:59.631,True,KOSDAQ,222800,심텍,119100.0,5.59,187998,116125000000.0,22390561800.0,116125000000.0,ACTUAL,1,122600.0,2.8548123980424145,1.063367061947713,1.2342062590679017,77,40,14,11,12,False,60,2026-08-27 09:00:30.821,119500.0,65.0,628.810651,20260827_222800_E006,2026-08-27 09:10:53.448,119100.0,77.0,6.183187,591.1362092494965,39,True,True,True,True,20260827_222800_SHADOW_SCORE_70_74_090106757651,2026-08-27 09:01:06.747,120500.0,71.0,15.455576,1.4937759336099532,0.6762468300929839,15.875493049621582,0.16820857863751051,30.906741857528687,1.621160409556314,61.723318099975586,1.0178117048346056,124.10982918739319,0.5063291139240507,186.20365977287292,0.9322033898305085,295.8464505672455,-0.16313213703099505,30.906741857528687,,,,,-0.48939641109298515,186.20365977287292,,
2026-08-27 09:11:14,v1.6.5,MAIN,MAIN,MAIN,2026-08-27 09:11:14.602,True,KOSDAQ,010170,대한광통신,14630.0,7.93,5155550,72485000000.0,75425696500.0,72485000000.0,ACTUAL,2,14670.0,0.27266530334015,1.117612593860339,1.145426547555014,82,37,25,11,9,True,60,2026-08-27 09:03:22.877,14590.0,81.0,471.725288,20260827_010170_E002,2026-08-27 09:09:51.725,14240.0,67.0,82.8773,590.886750459671,39,True,True,True,False,,,,,,,0.5498281786941581,15.209799528121948,0.4807692307692308,31.08529257774353,1.8093249826026443,61.507267236709595,2.5946704067321176,123.93256092071533,1.4563106796116505,185.92074275016785,-0.06830601092896176,295.98609614372253,-0.47716428084526247,31.08529257774353,-1.7723244717109747,61.507267236709595,-2.5221540558963875,123.93256092071533,-1.4314928425357873,185.92074275016785,0.06816632583503748,295.98609614372253
2026-08-27 09:11:14,v1.6.5,MAIN,MAIN,MAIN,2026-08-27 09:11:14.597,True,KOSPI,062040,산일전기,191800.0,8.31,153545,84200000000.0,29449931000.0,84200000000.0,ACTUAL,12,193800.0,1.0319917440660475,1.0555081983653412,1.105642524878667,76,37,19,11,9,True,60,2026-08-27 09:05:11.479,188200.0,61.0,363.11799,20260827_062040_E001,2026-08-27 09:05:11.479,188200.0,61.0,363.11799,590.886750459671,39,True,True,True,False,,,,,,,0.3663003663003663,15.209799528121948,1.107011070110701,31.08529257774353,0.8942661756970015,61.507267236709595,0.1566579634464752,123.93256092071533,-0.9297520661157025,185.92074275016785,0.3663003663003663,295.98609614372253,-1.08359133126935,31.08529257774353,-0.8771929824561402,61.507267236709595,-0.15479876160990713,123.93256092071533,0.9287925696594428,185.92074275016785,0.9274439134335332,295.98609614372253
2026-08-27 09:11:30,v1.6.5,MAIN,MAIN,MAIN,2026-08-27 09:11:30.715,True,KOSDAQ,010170,대한광통신,14650.0,8.44,5321629,76560000000.0,77961864850.0,76560000000.0,ACTUAL,2,14670.0,0.136332651670075,1.1575096005563787,1.159181380532716,90,37,25,16,12,True,60,2026-08-27 09:03:22.877,14590.0,81.0,487.838427,20260827_010170_E002,2026-08-27 09:09:51.725,14240.0,67.0,98.990439,591.0963394641876,39,True,True,True,False,,,,,,,0.1367053998632946,15.982808113098145,0.6872852233676976,31.192607641220093,1.1740331491712708,62.09934949874878,3.096410978184377,124.72249436378479,1.1042097998619738,186.14841675758362,1.0344827586206897,295.9832820892334,-0.681663258350375,31.192607641220093,-1.1588275391956375,62.09934949874878,-2.99931833674165,124.72249436378479,-1.0906612133606,186.14841675758362,-1.0224948875255624,295.9832820892334
2026-08-27 09:11:46,v1.6.5,MAIN,MAIN,MAIN,2026-08-27 09:11:46.135,True,KOSDAQ,010170,대한광통신,14760.0,9.11,5657574,81303000000.0,83505792240.0,81303000000.0,ACTUAL,2,14770.0,0.06770480704129993,1.1933859793330202,1.193299051700864,90,37,25,16,12,True,60,2026-08-27 09:03:22.877,14590.0,81.0,503.25831,20260827_010170_E002,2026-08-27 09:09:51.725,14240.0,67.0,114.410322,591.1102368831635,39,True,True,True,False,,,,,,,0.7508532423208191,15.130885601043701,0.888585099111415,31.113693714141846,1.3736263736263736,62.198986291885376,4.163726182074806,123.96542596817017,2.7139874739039667,186.00421285629272,2.0746887966804977,295.5042915344238,-0.20496049629885005,31.113693714141846,-0.6821247771441126,62.198986291885376,-3.340611484710575,123.96542596817017,-1.9772849680098248,186.00421285629272,-1.3637880354944873,295.5042915344238
2026-08-27 09:12:01,v1.6.5,MAIN,MAIN,MAIN,2026-08-27 09:12:01.239,True,KOSDAQ,010170,대한광통신,14760.0,9.26,5834128,83451000000.0,86111729280.0,83451000000.0,ACTUAL,2,14790.0,0.2028397565922921,1.1647034193998604,1.1719020452797428,90,37,25,16,12,True,60,2026-08-27 09:03:22.877,14590.0,81.0,518.361666,20260827_010170_E002,2026-08-27 09:09:51.725,14240.0,67.0,129.513678,590.674147605896,39,True,True,True,False,,,,,,,0.0,15.384747743606567,0.7508532423208191,30.51563334465027,1.443298969072165,61.70824098587036,3.651685393258427,123.43155908584595,2.928870292887029,185.81807017326355,2.0041465100207327,295.36989092826843,0.06650710492221709,30.51563334465027,-0.615156153428158,61.70824098587036,-2.72831225431432,123.43155908584595,-2.0466489959639453,185.81807017326355,-1.1604867601084576,295.36989092826843
2026-08-27 09:12:01,v1.6.5,MAIN,MAIN,MAIN,2026-08-27 09:12:01.229,True,KOSPI,006400,삼성SDI,554000.0,7.56,150177,175152000000.0,83198058000.0,175152000000.0,ACTUAL,5,558000.0,0.7168458781362007,1.0545671296714412,1.0625906559778109,82,40,22,11,9,True,60,2026-08-27 09:10:37.573,555000.0,74.0,83.655873,20260827_006400_E001,2026-08-27 09:10:37.573,555000.0,74.0,83.655873,590.674147605896,39,False,False,False,True,20260827_006400_SHADOW_SCORE_70_74_091046428574,2026-08-27 09:10:46.408,555000.0,74.0,74.820622,-0.18018018018017834,-0.3597122302158274,15.384747743606567,0.0,30.51563334465027,-0.18018018018018017,61.70824098587036,-0.3597122302158274,123.43155908584595,0.18083182640144665,185.81807017326355,1.8382352941176472,295.36989092826843,0.0,30.51563334465027,0.35777945084715224,61.70824098587036,,,,,,
2026-08-27 09:12:16,v1.6.5,MAIN,MAIN,MAIN,2026-08-27 09:12:16.734,True,KOSDAQ,010170,대한광통신,14900.0,10.37,6318540,90818000000.0,94146246000.0,90818000000.0,ACTUAL,2,14940.0,0.2677376171352075,1.25292129406084,1.2255801999786637,90,37,25,16,12,True,60,2026-08-27 09:03:22.877,14590.0,81.0,533.857348,20260827_010170_E002,2026-08-27 09:09:51.725,14240.0,67.0,145.00936,590.8500847816467,39,True,True,True,False,,,,,,,0.9485094850948509,15.414737224578857,0.9485094850948509,30.799484968185425,1.845522898154477,61.91317868232727,3.688239387613083,123.42044591903687,4.488078541374474,185.8457396030426,3.2571032571032568,295.00410532951355,0.20003281009390755,30.799484968185425,-0.004927686204942494,61.91317868232727,-1.7772521579159173,123.42044591903687,-2.5270817421013296,185.8457396030426,-1.3682542029056926,295.00410532951355
2026-08-27 09:12:16,v1.6.5,MAIN,MAIN,MAIN,2026-08-27 09:12:16.732,True,KOSDAQ,069540,빛과전자,3310.0,16.52,9607205,30791000000.0,31799848550.0,30791000000.0,ACTUAL,7,3340.0,0.8982035928143712,1.164253034370628,1.1541575334352554,79,29,22,16,12,True,60,2026-08-27 09:09:19.918,3235.0,63.0,176.813616,20260827_069540_E002,2026-08-27 09:11:08.658,3235.0,63.0,68.07393,590.8500847816467,39,True,True,True,False,,,,,,,-0.30120481927710846,15.414737224578857,2.1604938271604937,30.799484968185425,2.3183925811437405,61.91317868232727,2.635658914728682,123.42044591903687,3.115264797507788,185.8457396030426,1.2232415902140672,295.00410532951355,-0.9199782253674469,30.799484968185425,-1.0714933768825983,61.91317868232727,-1.3745236799129017,123.42044591903687,-1.8290691344583558,185.8457396030426,,
2026-08-27 09:12:32,v1.6.5,MAIN,MAIN,MAIN,2026-08-27 09:12:32.126,True,KOSDAQ,010170,대한광통신,14960.0,10.74,6512377,93953000000.0,97425159920.0,93953000000.0,ACTUAL,2,14980.0,0.13351134846461948,1.2271812957157784,1.2237562971789278,90,37,25,16,12,True,60,2026-08-27 09:03:22.877,14590.0,81.0,549.248725,20260827_010170_E002,2026-08-27 09:09:51.725,14240.0,67.0,160.400737,590.5500984191895,39,True,True,True,False,,,,,,,0.4026845637583893,15.347126483917236,1.3550135501355014,30.761863708496094,2.1160409556313993,61.27749705314636,3.314917127071823,123.37684655189514,5.277973258268824,185.99999141693115,3.816793893129771,294.427179813385,-0.0693284081276726,30.761863708496094,-0.002821303205455511,61.27749705314636,-1.161648842401093,123.37684655189514,-3.0021396399471056,185.99999141693115,-1.6388131232463554,294.427179813385
2026-08-27 09:12:32,v1.6.5,MAIN,MAIN,MAIN,2026-08-27 09:12:32.125,True,KOSDAQ,069540,빛과전자,3315.0,16.87,9824706,31486000000.0,32568900390.0,31486000000.0,ACTUAL,7,3340.0,0.7485029940119761,1.1578289328528353,1.1578477082414589,79,29,22,16,12,True,60,2026-08-27 09:09:19.918,3235.0,63.0,192.206251,20260827_069540_E002,2026-08-27 09:11:08.658,3235.0,63.0,83.466565,590.5500984191895,39,False,True,True,False,,,,,,,0.1510574018126888,15.347126483917236,-0.15060240963855423,30.761863708496094,2.472952086553323,61.27749705314636,2.631578947368421,123.37684655189514,2.472952086553323,185.99999141693115,1.3761467889908259,294.427179813385,0.29872788156819796,30.761863708496094,-1.2211939756849934,61.27749705314636,-1.3727091272001455,123.37684655189514,-1.2211939756849934,185.99999141693115,,
2026-08-27 09:12:47,v1.6.5,MAIN,MAIN,MAIN,2026-08-27 09:12:47.417,True,KOSDAQ,010170,대한광통신,14890.0,10.74,6707912,96568000000.0,99880809680.0,96568000000.0,ACTUAL,2,14990.0,0.66711140760507,1.187754449405311,1.1856516591740558,87,37,22,16,12,True,60,2026-08-27 09:03:22.877,14590.0,81.0,564.539662,20260827_010170_E002,2026-08-27 09:09:51.725,14240.0,67.0,175.691674,589.9148328304291,39,False,True,True,False,,,,,,,-0.4679144385026738,15.251083135604858,-0.06711409395973154,30.598209619522095,0.8807588075880758,61.39769458770752,2.2664835164835164,123.5966808795929,5.081157374735357,185.36312055587769,3.259361997226075,293.92484760284424,0.39937379046986254,30.598209619522095,0.5994066005637702,61.39769458770752,-0.08271817658034242,123.5966808795929,-2.741204884146805,185.36312055587769,-1.0370467382708672,293.92484760284424
2026-08-27 09:12:47,v1.6.5,MAIN,MAIN,MAIN,2026-08-27 09:12:47.414,True,KOSDAQ,069540,빛과전자,3315.0,16.34,10119159,32513000000.0,33545012085.0,32513000000.0,ACTUAL,7,3340.0,0.7485029940119761,1.1818611414031261,1.1787202576999136,79,29,22,16,12,True,60,2026-08-27 09:09:19.918,3235.0,63.0,207.496075,20260827_069540_E002,2026-08-27 09:11:08.658,3235.0,63.0,98.756389,589.9148328304291,39,True,True,True,False,,,,,,,0.0,15.251083135604858,0.1510574018126888,30.598209619522095,2.314814814814815,61.39769458770752,2.7906976744186047,123.5966808795929,3.1104199066874028,185.36312055587769,2.950310559006211,293.92484760284424,-0.14970059880239517,30.598209619522095,-1.069678824169842,61.39769458770752,-1.5242242787152969,123.5966808795929,-1.8272545817455996,185.36312055587769,,
2026-08-27 09:13:02,v1.6.5,MAIN,MAIN,MAIN,2026-08-27 09:13:02.752,True,KOSDAQ,010170,대한광통신,14860.0,10.07,6814406,98601000000.0,101262073160.0,98601000000.0,ACTUAL,2,14990.0,0.867244829886591,1.1815436603515836,1.1680247673688338,87,37,22,16,12,True,60,2026-08-27 09:03:22.877,14590.0,81.0,579.874667,20260827_010170_E002,2026-08-27 09:09:51.725,14240.0,67.0,191.026679,589.526109457016,39,False,True,True,False,,,,,,,-0.20147750167897915,15.279232501983643,-0.6684491978609626,30.5303156375885,0.6775067750677507,61.292179346084595,2.1305841924398625,123.00042033195496,4.353932584269663,184.72373843193054,3.0513176144244105,293.71136355400085,0.7337334814219716,30.5303156375885,0.664405073294299,61.292179346084595,0.049248919866140994,123.00042033195496,-2.063907181020021,184.72373843193054,-0.8369133159893464,293.71136355400085
2026-08-27 09:13:02,v1.6.5,MAIN,MAIN,MAIN,2026-08-27 09:13:02.748,True,KOSPI,006400,삼성SDI,558000.0,7.75,160996,183576000000.0,89835768000.0,183576000000.0,ACTUAL,5,558000.0,0.0,1.0480953685941354,1.0720416575108038,79,40,25,5,9,True,60,2026-08-27 09:10:37.573,555000.0,74.0,145.175642,20260827_006400_E001,2026-08-27 09:10:37.573,555000.0,74.0,145.175642,589.526109457016,39,True,True,False,True,20260827_006400_SHADOW_SCORE_70_74_091046428574,2026-08-27 09:10:46.408,555000.0,74.0,74.820622,-0.18018018018017834,0.5405405405405406,15.279232501983643,0.5405405405405406,30.5303156375885,0.7220216606498195,61.292179346084595,0.5405405405405406,123.00042033195496,0.3597122302158274,184.72373843193054,1.639344262295082,293.71136355400085,-0.5376344086021506,30.5303156375885,-0.7168458781362007,61.292179346084595,-0.3590664272890485,123.00042033195496,,,,
2026-08-27 09:13:17,v1.6.5,MAIN,MAIN,MAIN,2026-08-27 09:13:17.976,True,KOSPI,006400,삼성SDI,557000.0,8.14,161811,186922000000.0,90128727000.0,186922000000.0,ACTUAL,5,558000.0,0.17921146953405018,1.051151125257274,1.0581691909283528,85,40,25,11,9,True,60,2026-08-27 09:10:37.573,555000.0,74.0,160.403053,20260827_006400_E001,2026-08-27 09:10:37.573,555000.0,74.0,160.403053,588.9143781661987,39,True,True,False,True,20260827_006400_SHADOW_SCORE_70_74_091046428574,2026-08-27 09:10:46.408,555000.0,74.0,74.820622,-0.18018018018017834,-0.17921146953405018,15.342652082443237,0.36036036036036034,30.62188458442688,0.5415162454873645,61.220094203948975,0.1798561151079137,123.13327288627625,0.5415162454873645,184.64054012298584,1.6423357664233578,293.2988815307617,-0.3584229390681004,30.62188458442688,-0.5376344086021505,61.220094203948975,-0.17921146953405018,123.13327288627625,-0.1798549577549983,154.21856546401978,,
2026-08-27 09:13:17,v1.6.5,MAIN,MAIN,MAIN,2026-08-27 09:13:17.979,True,KOSDAQ,010170,대한광통신,14740.0,9.41,6951632,100779000000.0,102467055680.0,100779000000.0,ACTUAL,2,14990.0,1.6677785190126753,1.1096809002620627,1.1001959313385687,79,40,19,11,9,False,60,2026-08-27 09:03:22.877,14590.0,81.0,595.102365,20260827_010170_E002,2026-08-27 09:09:51.725,14240.0,67.0,206.254377,588.9143781661987,39,False,False,True,False,,,,,,,-0.8075370121130552,15.342652082443237,-1.0073875083948958,30.62188458442688,-1.0738255033557047,61.220094203948975,0.7518796992481203,123.13327288627625,2.5748086290883787,184.64054012298584,1.725327812284334,293.2988815307617,1.0006671114076053,30.62188458442688,1.4000409018774678,61.220094203948975,1.3951132156725252,123.13327288627625,-0.3772112560384495,184.64054012298584,0.4407846539820004,293.2988815307617
2026-08-27 09:13:32,v1.6.5,MAIN,MAIN,MAIN,2026-08-27 09:13:32.897,True,KOSPI,006400,삼성SDI,557000.0,7.95,162623,188143000000.0,90581011000.0,188143000000.0,ACTUAL,5,558000.0,0.17921146953405018,1.046884824474034,1.0513375829120388,79,40,25,5,9,True,60,2026-08-27 09:10:37.573,555000.0,74.0,175.323924,20260827_006400_E001,2026-08-27 09:10:37.573,555000.0,74.0,175.323924,588.2831616401672,39,False,True,False,True,20260827_006400_SHADOW_SCORE_70_74_091046428574,2026-08-27 09:10:46.408,555000.0,74.0,74.820622,-0.18018018018017834,0.0,15.214369058609009,-0.17921146953405018,30.557021141052246,0.36036036036036034,61.08733677864075,0.5415162454873645,122.36483383178711,0.9057971014492754,184.4641833305359,1.0889292196007259,293.23816108703613,0.17921146953405018,30.557021141052246,-0.3584229390681004,61.08733677864075,-0.5376344086021505,122.36483383178711,-0.1798549577549983,169.43293452262878,,
2026-08-27 09:13:32,v1.6.5,MAIN,MAIN,MAIN,2026-08-27 09:13:32.900,True,KOSDAQ,010170,대한광통신,14790.0,9.41,7019006,101852000000.0,103811098740.0,101852000000.0,ACTUAL,2,14990.0,1.33422281521014,1.0840739518695517,1.0777947898286602,79,40,19,11,9,True,60,2026-08-27 09:03:22.877,14590.0,81.0,610.023172,20260827_010170_E002,2026-08-27 09:09:51.725,14240.0,67.0,221.175184,588.2831616401672,39,False,False,True,False,,,,,,,0.33921302578018997,15.214369058609009,-0.47106325706594887,30.557021141052246,-1.1363636363636365,61.08733677864075,0.955631399317406,122.36483383178711,2.1408839779005526,184.4641833305359,2.9227557411273484,293.23816108703613,0.46697798532354906,30.557021141052246,1.2007114667455205,61.08733677864075,1.1978901635400652,122.36483383178711,0.03906262434442764,184.4641833305359,-0.7107669598409847,293.23816108703613
2026-08-27 09:13:50,v1.6.5,MAIN,MAIN,MAIN,2026-08-27 09:13:50.693,True,KOSPI,006400,삼성SDI,559000.0,7.95,168250,194546000000.0,94051750000.0,194546000000.0,ACTUAL,5,559000.0,0.0,1.072931028777534,1.0741258562682345,85,40,25,11,9,True,60,2026-08-27 09:10:37.573,555000.0,74.0,193.120608,20260827_006400_E001,2026-08-27 09:10:37.573,555000.0,74.0,193.120608,588.2347085475922,39,True,True,False,True,20260827_006400_SHADOW_SCORE_70_74_091046428574,2026-08-27 09:10:46.408,555000.0,74.0,74.820622,-0.18018018018017834,0.3590664272890485,15.93597674369812,0.3590664272890485,31.15034580230713,0.7207207207207207,61.77223038673401,0.539568345323741,123.16992497444153,0.7207207207207207,185.3689112663269,1.0849909584086799,293.6032474040985,-0.17921146953405018,31.15034580230713,-0.5376344086021506,61.77223038673401,-0.35842293906810035,123.16992497444153,-0.3590664272890485,185.3689112663269,,
2026-08-27 09:13:50,v1.6.5,MAIN,MAIN,MAIN,2026-08-27 09:13:50.687,True,KOSPI,062040,산일전기,194100.0,9.44,180513,92543000000.0,35037573300.0,92543000000.0,ACTUAL,12,194200.0,0.051493305870236865,1.051039761950732,1.088470281775918,82,37,25,11,9,True,60,2026-08-27 09:05:11.479,188200.0,61.0,519.208514,20260827_062040_E001,2026-08-27 09:05:11.479,188200.0,61.0,519.208514,588.2347085475922,39,True,True,True,False,,,,,,,0.9885535900104058,15.93597674369812,1.2519561815336464,31.15034580230713,1.2519561815336464,61.77223038673401,1.09375,123.16992497444153,2.319451765946231,185.3689112663269,0.778816199376947,293.6032474040985,-1.032098025399113,31.15034580230713,-1.032098025399113,61.77223038673401,-0.8772992637892059,123.16992497444153,-2.0640897694651605,185.3689112663269,-0.5677017405693917,293.6032474040985
2026-08-27 09:13:50,v1.6.5,MAIN,MAIN,MAIN,2026-08-27 09:13:50.704,True,KOSDAQ,010170,대한광통신,14880.0,9.48,7165422,103239000000.0,106621479360.0,103239000000.0,ACTUAL,2,14990.0,0.733822548365577,1.0690808549415955,1.0682045322001839,82,40,22,11,9,True,60,2026-08-27 09:03:22.877,14590.0,81.0,627.826629,20260827_010170_E002,2026-08-27 09:09:51.725,14240.0,67.0,238.978641,588.2347085475922,39,True,False,True,False,,,,,,,0.6085192697768762,15.93597674369812,0.9497964721845319,31.15034580230713,-0.0671591672263264,61.77223038673401,0.8130081300813009,123.16992497444153,2.197802197802198,185.3689112663269,3.765690376569038,293.6032474040985,-0.9339559706470982,31.15034580230713,0.06671114076050699,61.77223038673401,0.6661177413242771,123.16992497444153,-0.016007035819835425,185.3689112663269,-1.5156662041906603,293.6032474040985
2026-08-27 09:14:05,v1.6.5,MAIN,MAIN,MAIN,2026-08-27 09:14:05.562,True,KOSPI,006400,삼성SDI,559000.0,8.33,170048,197684000000.0,95056832000.0,197684000000.0,ACTUAL,5,559000.0,0.0,1.0768510044886042,1.0562249993788666,85,40,25,11,9,True,60,2026-08-27 09:10:37.573,555000.0,74.0,207.989773,20260827_006400_E001,2026-08-27 09:10:37.573,555000.0,74.0,207.989773,588.7500512599945,39,True,True,False,True,20260827_006400_SHADOW_SCORE_70_74_091046428574,2026-08-27 09:10:46.408,555000.0,74.0,74.820622,-0.18018018018017834,0.0,15.804628372192383,0.3590664272890485,31.740605115890503,0.17921146953405018,62.29762625694275,0.9025270758122743,123.58980560302734,0.7207207207207207,185.2980465888977,1.2681159420289856,294.0208079814911,-0.17921146953405018,31.740605115890503,0.0,62.29762625694275,-0.7168458781362007,123.58980560302734,-0.3590664272890485,185.2980465888977,,
2026-08-27 09:14:05,v1.6.5,MAIN,MAIN,MAIN,2026-08-27 09:14:05.556,True,KOSPI,062040,산일전기,193500.0,9.72,183396,94908000000.0,35487126000.0,94908000000.0,ACTUAL,12,194200.0,0.3604531410916581,1.0683145915645156,1.0951630240057326,82,37,25,11,9,True,60,2026-08-27 09:05:11.479,188200.0,61.0,534.077282,20260827_062040_E001,2026-08-27 09:05:11.479,188200.0,61.0,534.077282,588.7500512599945,39,True,True,True,False,,,,,,,-0.3091190108191654,15.804628372192383,0.676378772112383,31.740605115890503,0.676378772112383,62.29762625694275,0.8337675872850442,123.58980560302734,1.2558869701726845,185.2980465888977,1.0443864229765014,294.0208079814911,-0.4651402541611798,31.740605115890503,-0.4651402541611798,62.29762625694275,-0.6199390157710869,123.58980560302734,-1.032735713397506,185.2980465888977,-0.8263373645842966,294.0208079814911
2026-08-27 09:14:05,v1.6.5,MAIN,MAIN,MAIN,2026-08-27 09:14:05.578,True,KOSDAQ,010170,대한광통신,14840.0,9.93,7244241,105110000000.0,107504536440.0,105110000000.0,ACTUAL,2,14990.0,1.0006671114076051,1.066013529274551,1.0630773980886963,79,40,19,11,9,True,60,2026-08-27 09:03:22.877,14590.0,81.0,642.701051,20260827_010170_E002,2026-08-27 09:09:51.725,14240.0,67.0,253.853063,588.7500512599945,39,True,False,True,False,,,,,,,-0.2688172043010753,15.804628372192383,0.3380662609871535,31.740605115890503,-0.13458950201884254,62.29762625694275,0.5420054200542005,123.58980560302734,1.9931271477663228,185.2980465888977,4.067321178120617,294.0208079814911,-0.33355570380253496,31.740605115890503,0.1334222815210141,62.29762625694275,0.797827354815313,123.58980560302734,0.1826712013871551,185.2980465888977,-1.7941522478289322,294.0208079814911
2026-08-27 09:14:20,v1.6.5,MAIN,MAIN,MAIN,2026-08-27 09:14:20.782,True,KOSPI,006400,삼성SDI,559000.0,8.33,173515,200479000000.0,96994885000.0,200479000000.0,ACTUAL,5,560000.0,0.17857142857142858,1.072527578348188,1.0723313000970267,85,40,25,11,9,True,60,2026-08-27 09:10:37.573,555000.0,74.0,223.209433,20260827_006400_E001,2026-08-27 09:10:37.573,555000.0,74.0,223.209433,588.9921090602875,39,False,True,False,True,20260827_006400_SHADOW_SCORE_70_74_091046428574,2026-08-27 09:10:46.408,555000.0,74.0,74.820622,-0.18018018018017834,0.0,15.904409646987915,0.0,31.709038019180298,0.3590664272890485,62.85938382148743,0.9025270758122743,124.0794780254364,0.539568345323741,185.99265670776367,1.2681159420289856,294.7323429584503,0.17857142857142858,31.709038019180298,-0.0006400409626216019,62.85938382148743,-0.5382744495647721,124.0794780254364,-0.17985151049667178,185.99265670776367,,
2026-08-27 09:14:20,v1.6.5,MAIN,MAIN,MAIN,2026-08-27 09:14:20.785,True,KOSDAQ,010170,대한광통신,14850.0,9.85,7316306,106263000000.0,108647144100.0,106263000000.0,ACTUAL,2,14990.0,0.9339559706470981,1.0544160985919686,1.0524587607629403,82,40,22,11,9,True,60,2026-08-27 09:03:22.877,14590.0,81.0,657.908239,20260827_010170_E002,2026-08-27 09:09:51.725,14240.0,67.0,269.060251,588.9921090602875,39,False,True,True,False,,,,,,,0.06738544474393532,15.904409646987915,-0.20161290322580644,31.709038019180298,0.7462686567164178,62.85938382148743,-0.33557046979865773,124.0794780254364,1.5037593984962405,185.99265670776367,4.50387051372273,294.7323429584503,0.2001334222815211,31.709038019180298,-0.7338225483655771,62.85938382148743,0.6662183535118906,124.0794780254364,0.6612906673069481,185.99265670776367,-2.201695017764627,294.7323429584503
2026-08-27 09:14:20,v1.6.5,MAIN,MAIN,MAIN,2026-08-27 09:14:20.780,True,KOSPI,062040,산일전기,192600.0,8.99,184292,95678000000.0,35494639200.0,95678000000.0,ACTUAL,12,194200.0,0.8238928939237898,1.072911994258545,1.0945720411714746,79,37,22,11,9,True,60,2026-08-27 09:05:11.479,188200.0,61.0,549.30148,20260827_062040_E001,2026-08-27 09:05:11.479,188200.0,61.0,549.30148,588.9921090602875,39,False,True,True,False,,,,,,,-0.46511627906976744,15.904409646987915,-0.7727975270479135,31.709038019180298,0.4694835680751174,62.85938382148743,0.7322175732217573,124.0794780254364,0.4171011470281543,185.99265670776367,0.7849293563579277,294.7323429584503,0.772399588053553,31.709038019180298,-0.2596984373455601,62.85938382148743,-0.5176963733620717,124.0794780254364,-0.2080988501422577,185.99265670776367,-0.5692959605653741,294.7323429584503
2026-08-27 09:14:36,v1.6.5,MAIN,MAIN,MAIN,2026-08-27 09:14:36.424,True,KOSPI,006400,삼성SDI,559000.0,8.33,176724,204832000000.0,98788716000.0,204832000000.0,ACTUAL,5,560000.0,0.17857142857142858,1.0887038050844304,1.0867097520030993,85,40,25,11,9,True,60,2026-08-27 09:10:37.573,555000.0,74.0,238.851758,20260827_006400_E001,2026-08-27 09:10:37.573,555000.0,74.0,238.851758,589.142199754715,39,False,True,False,True,20260827_006400_SHADOW_SCORE_70_74_091046428574,2026-08-27 09:10:46.408,555000.0,74.0,74.820622,-0.18018018018017834,0.0,15.174282789230347,0.0,31.07869243621826,0.3590664272890485,62.819297552108765,0.7207207207207207,123.90663433074951,0.9025270758122743,185.18413138389587,0.539568345323741,294.01867175102234,0.17857142857142858,31.07869243621826,-0.0006400409626216019,62.819297552108765,-0.359062980030722,123.90663433074951,-0.5382744495647721,185.18413138389587,,
2026-08-27 09:14:36,v1.6.5,MAIN,MAIN,MAIN,2026-08-27 09:14:36.427,True,KOSDAQ,010170,대한광통신,14890.0,10.37,7423158,107787000000.0,110530822620.0,107787000000.0,ACTUAL,2,14990.0,0.66711140760507,1.0582708243333465,1.057579662989318,82,40,22,11,9,True,60,2026-08-27 09:03:22.877,14590.0,81.0,673.550561,20260827_010170_E002,2026-08-27 09:09:51.725,14240.0,67.0,284.702573,589.142199754715,39,True,True,True,False,,,,,,,0.26936026936026936,15.174282789230347,0.3369272237196766,31.07869243621826,0.676132521974307,62.819297552108765,-0.4679144385026738,123.90663433074951,1.6382252559726962,185.18413138389587,5.081157374735357,294.01867175102234,-0.3335557038025351,31.07869243621826,-0.66711140760507,62.819297552108765,0.5336000591404506,123.90663433074951,0.530778755934995,185.18413138389587,-2.741204884146805,294.01867175102234
2026-08-27 09:14:36,v1.6.5,MAIN,MAIN,MAIN,2026-08-27 09:14:36.422,True,KOSPI,062040,산일전기,193000.0,9.1,185149,96179000000.0,35733757000.0,96179000000.0,ACTUAL,12,194200.0,0.6179196704428425,1.0723252909958525,1.080638289179551,79,37,22,11,9,True,60,2026-08-27 09:05:11.479,188200.0,61.0,564.943262,20260827_062040_E001,2026-08-27 09:05:11.479,188200.0,61.0,564.943262,589.142199754715,39,False,True,True,False,,,,,,,0.20768431983385255,15.174282789230347,-0.2583979328165375,31.07869243621826,0.41623309053069724,62.819297552108765,0.8359456635318705,123.90663433074951,0.6781429316640584,185.18413138389587,0.8359456635318705,294.01867175102234,0.25746652935118436,31.07869243621826,-0.20767372480999546,62.819297552108765,-0.6204704224364146,123.90663433074951,-0.46567166082650746,185.18413138389587,-0.6204704224364146,294.01867175102234
2026-08-27 09:14:51,v1.6.5,MAIN,MAIN,MAIN,2026-08-27 09:14:51.697,True,KOSPI,006400,삼성SDI,559000.0,8.53,178704,206815000000.0,99895536000.0,206815000000.0,ACTUAL,5,560000.0,0.17857142857142858,1.0630647764538979,1.0621337295690936,85,40,25,11,9,True,60,2026-08-27 09:10:37.573,555000.0,74.0,254.124279,20260827_006400_E001,2026-08-27 09:10:37.573,555000.0,74.0,254.124279,589.3180134296417,39,False,False,False,True,20260827_006400_SHADOW_SCORE_70_74_091046428574,2026-08-27 09:10:46.408,555000.0,74.0,74.820622,-0.18018018018017834,0.0,15.637256622314453,0.0,30.8115394115448,0.0,62.5205774307251,0.7207207207207207,124.2928078174591,0.539568345323741,185.69050240516663,0.539568345323741,293.737313747406,0.0,30.8115394115448,0.17857142857142858,62.5205774307251,-0.359062980030722,124.2928078174591,-0.17985151049667178,185.69050240516663,,
2026-08-27 09:14:51,v1.6.5,MAIN,MAIN,MAIN,2026-08-27 09:14:51.702,True,KOSDAQ,010170,대한광통신,14890.0,10.3,7473880,108591000000.0,111286073200.0,108591000000.0,ACTUAL,2,14990.0,0.66711140760507,1.0518408740882805,1.04304812752131,77,40,22,11,4,True,60,2026-08-27 09:03:22.877,14590.0,81.0,688.824673,20260827_010170_E002,2026-08-27 09:09:51.725,14240.0,67.0,299.976685,589.3180134296417,39,True,True,True,False,,,,,,,0.0,15.637256622314453,0.26936026936026936,30.8115394115448,0.06720430107526883,62.5205774307251,0.0,124.2928078174591,0.8807588075880758,185.69050240516663,4.564606741573034,293.737313747406,-0.2668445630420281,30.8115394115448,-0.06671114076050699,62.5205774307251,0.0,124.2928078174591,0.5994066005637702,185.69050240516663,-2.264040603301542,293.737313747406
2026-08-27 09:15:07,v1.6.5,MAIN,MAIN,MAIN,2026-08-27 09:15:07.868,True,KOSPI,010120,LS ELECTRIC,212000.0,5.46,191728,129170000000.0,40646336000.0,129170000000.0,ACTUAL,9,214000.0,0.9345794392523363,1.1668262542682155,1.3390697024724123,93,40,22,16,15,True,60,2026-08-27 09:00:30.821,213000.0,71.0,877.047256,20260827_010120_E006,2026-08-27 09:15:00.724,212000.0,93.0,7.144216,589.2450721263885,39,True,True,True,True,20260827_010120_SHADOW_SCORE_70_74_090035575468,2026-08-27 09:00:35.564,213000.0,71.0,63.917721,0.0,0.47393364928909953,15.261580228805542,0.2364066193853428,30.898836851119995,0.2364066193853428,61.97752928733826,0.9523809523809524,124.275155544281,1.1933174224343674,185.5673348903656,0.9523809523809524,293.5730435848236,,,,,,,,,,
2026-08-27 09:15:07,v1.6.5,MAIN,MAIN,MAIN,2026-08-27 09:15:07.866,True,KOSPI,006400,삼성SDI,558000.0,8.33,179986,208609000000.0,100432188000.0,208609000000.0,ACTUAL,5,560000.0,0.35714285714285715,1.0552649683332995,1.0584423221678585,85,40,25,11,9,True,60,2026-08-27 09:10:37.573,555000.0,74.0,270.29313,20260827_006400_E001,2026-08-27 09:10:37.573,555000.0,74.0,270.29313,589.2450721263885,39,False,False,False,True,20260827_006400_SHADOW_SCORE_70_74_091046428574,2026-08-27 09:10:46.408,555000.0,74.0,74.820622,-0.18018018018017834,-0.17889087656529518,15.261580228805542,-0.17889087656529518,30.898836851119995,-0.17889087656529518,61.97752928733826,0.0,124.275155544281,0.7220216606498195,185.5673348903656,0.7220216606498195,293.5730435848236,0.17857142857142858,30.898836851119995,0.35714285714285715,61.97752928733826,0.35714285714285715,124.275155544281,-0.35970302099334356,185.5673348903656,,
2026-08-27 09:15:07,v1.6.5,MAIN,MAIN,MAIN,2026-08-27 09:15:07.875,True,KOSDAQ,010170,대한광통신,15050.0,10.89,8134130,113427000000.0,122418656500.0,113427000000.0,ACTUAL,2,15100.0,0.33112582781456956,1.0791266292455524,1.1228408883691197,85,40,25,11,9,True,60,2026-08-27 09:03:22.877,14590.0,81.0,704.998142,20260827_010170_E002,2026-08-27 09:09:51.725,14240.0,67.0,316.150154,589.2450721263885,39,True,True,True,False,,,,,,,1.0745466756212223,15.261580228805542,1.0745466756212223,30.898836851119995,1.4150943396226416,61.97752928733826,1.278600269179004,124.275155544281,1.9647696476964769,185.5673348903656,4.732080723729993,293.5730435848236,-0.3359855797905005,30.898836851119995,-0.6695412835930356,61.97752928733826,-0.5361190020720215,124.275155544281,0.12828607122227748,185.5673348903656,-1.7138639472365553,293.5730435848236
2026-08-27 09:15:22,v1.6.5,MAIN,MAIN,MAIN,2026-08-27 09:15:22.567,True,KOSDAQ,010170,대한광통신,15100.0,11.78,8288526,120517000000.0,125156742600.0,120517000000.0,ACTUAL,2,15110.0,0.06618133686300463,1.1341388818309288,1.1328839991110269,85,40,25,11,9,True,60,2026-08-27 09:03:22.877,14590.0,81.0,719.690238,20260827_010170_E002,2026-08-27 09:09:51.725,14240.0,67.0,330.84225,589.3909106254578,39,True,True,True,False,,,,,,,0.33222591362126247,15.189617395401001,1.4103425117528543,30.451197624206543,1.6835016835016834,61.26273703575134,2.4423337856173677,124.12212085723877,1.342281879194631,185.34221506118774,4.281767955801105,293.37193512916565,-0.6009300707420654,30.451197624206543,-0.8677746337840935,61.26273703575134,-1.6015971821496706,124.12212085723877,-0.20155628027220285,185.34221506118774,-1.2289788540027078,293.37193512916565
2026-08-27 09:15:22,v1.6.5,MAIN,MAIN,MAIN,2026-08-27 09:15:22.560,True,KOSPI,062040,산일전기,194300.0,9.72,194380,100208000000.0,37768034000.0,100208000000.0,ACTUAL,12,194500.0,0.10282776349614395,1.0473463074060914,1.0547392181972088,79,40,25,5,9,True,60,2026-08-27 09:05:11.479,188200.0,61.0,611.081282,20260827_062040_E001,2026-08-27 09:05:11.479,188200.0,61.0,611.081282,589.3909106254578,39,True,True,True,False,,,,,,,-0.051440329218107,15.189617395401001,0.4134366925064599,30.451197624206543,0.8826583592938734,61.26273703575134,1.3562858633281167,124.12212085723877,1.6213389121338913,185.34221506118774,2.4248813916710596,293.37193512916565,-0.2576253775955142,30.451197624206543,-0.7210651304276459,61.26273703575134,-0.980763567773206,124.12212085723877,-1.2387615037897177,185.34221506118774,-2.0127553118392534,293.37193512916565
2026-08-27 09:15:38,v1.6.5,MAIN,MAIN,MAIN,2026-08-27 09:15:38.215,True,KOSPI,062040,산일전기,194500.0,9.89,196490,101002000000.0,38217305000.0,101002000000.0,ACTUAL,12,194500.0,0.0,1.050146081785005,1.0612533689082846,85,40,25,11,9,True,60,2026-08-27 09:05:11.479,188200.0,61.0,626.73629,20260827_062040_E001,2026-08-27 09:05:11.479,188200.0,61.0,626.73629,589.5014386177063,39,True,True,True,False,,,,,,,0.1029336078229542,15.6875159740448,0.051440329218107,30.8771333694458,0.7772020725388601,61.775970220565796,1.1966701352757543,124.59526777267456,1.619644723092999,185.6826045513153,2.530311017395888,294.02820229530334,0.0,30.8771333694458,-0.6179196704428425,61.775970220565796,-0.8255933952528379,124.59526777267456,-1.238390092879257,185.6826045513153,-2.1155830753353975,294.02820229530334
2026-08-27 09:15:38,v1.6.5,MAIN,MAIN,MAIN,2026-08-27 09:15:38.227,True,KOSDAQ,010170,대한광통신,14970.0,11.85,8463762,122384000000.0,126702517140.0,122384000000.0,ACTUAL,2,15110.0,0.9265387160820648,1.1354244946051009,1.14018346369564,82,40,22,11,9,True,60,2026-08-27 09:03:22.877,14590.0,81.0,735.349794,20260827_010170_E002,2026-08-27 09:09:51.725,14240.0,67.0,346.501806,589.5014386177063,39,False,True,True,False,,,,,,,-0.8609271523178808,15.6875159740448,-0.53156146179402,30.8771333694458,0.5372733378106112,61.775970220565796,1.2170385395537524,124.59526777267456,0.06684491978609625,185.6826045513153,2.815934065934066,294.02820229530334,0.5954128882674953,30.8771333694458,0.2594273084769948,61.775970220565796,-0.40768409912807524,124.59526777267456,0.7930273676174453,185.6826045513153,0.17670913189665238,294.02820229530334
2026-08-27 09:15:53,v1.6.5,MAIN,MAIN,MAIN,2026-08-27 09:15:53.956,True,KOSPI,062040,산일전기,195600.0,10.57,205095,104197000000.0,40116582000.0,104197000000.0,ACTUAL,12,195700.0,0.0510986203372509,1.0787555647582565,1.1017372526268292,85,40,25,11,9,True,60,2026-08-27 09:05:11.479,188200.0,61.0,642.477182,20260827_062040_E001,2026-08-27 09:05:11.479,188200.0,61.0,642.477182,589.6521182060242,39,True,True,True,False,,,,,,,0.5655526992287918,15.652958393096924,0.6690684508492023,31.340474367141724,1.0852713178294573,61.79167199134827,0.7727975270479135,124.31224942207336,2.0344287949921753,186.08447980880737,2.3547880690737837,293.8056676387787,-0.05172914315889305,31.340474367141724,-0.3093545207544072,61.79167199134827,-0.00039468553298596665,124.31224942207336,-1.032492710932099,186.08447980880737,-1.342090234151913,293.8056676387787
2026-08-27 09:15:53,v1.6.5,MAIN,MAIN,MAIN,2026-08-27 09:15:53.966,True,KOSDAQ,010170,대한광통신,14900.0,10.44,8573305,124911000000.0,127742244500.0,124911000000.0,ACTUAL,1,15110.0,1.3898080741230974,1.1502886979583944,1.1471023083057261,84,40,19,16,9,True,60,2026-08-27 09:03:22.877,14590.0,81.0,751.088896,20260827_010170_E002,2026-08-27 09:09:51.725,14240.0,67.0,362.240908,589.6521182060242,39,False,True,True,False,,,,,,,-0.46760187040748163,15.652958393096924,-1.3245033112582782,31.340474367141724,0.0671591672263264,61.79167199134827,0.13440860215053765,124.31224942207336,0.0671591672263264,186.08447980880737,2.405498281786942,293.8056676387787,1.3236267372600927,31.340474367141724,0.7226966665180273,61.79167199134827,0.6559855257575203,124.31224942207336,0.7226966665180273,186.08447980880737,0.5718121641026473,293.8056676387787
2026-08-27 09:16:10,v1.6.5,MAIN,MAIN,MAIN,2026-08-27 09:16:10.734,True,KOSPI,062040,산일전기,196400.0,11.14,209197,105798000000.0,41086290800.0,105798000000.0,ACTUAL,12,196800.0,0.20325203252032523,1.084896276623017,1.1071436131927685,85,40,25,11,9,True,60,2026-08-27 09:05:11.479,188200.0,61.0,659.255632,20260827_062040_E001,2026-08-27 09:05:11.479,188200.0,61.0,659.255632,590.3215761184692,39,True,True,True,False,,,,,,,0.408997955010225,15.739611864089966,0.9768637532133676,31.39257025718689,1.02880658436214,62.26970362663269,1.4987080103359174,124.24723291397095,2.18522372528616,186.5448591709137,2.398331595411887,294.3354799747467,0.20325203252032523,31.39257025718689,0.20325203252032523,62.26970362663269,-0.15720110857133288,124.24723291397095,-0.6223413627325127,186.5448591709137,-0.8287397115457223,294.3354799747467
2026-08-27 09:16:26,v1.6.5,MAIN,MAIN,MAIN,2026-08-27 09:16:26.013,True,KOSPI,062040,산일전기,196400.0,10.97,213640,107813000000.0,41958896000.0,107813000000.0,ACTUAL,12,196800.0,0.20325203252032523,1.0758921443397733,1.0990842679287993,85,40,25,11,9,True,60,2026-08-27 09:05:11.479,188200.0,61.0,674.534265,20260827_062040_E001,2026-08-27 09:05:11.479,188200.0,61.0,674.534265,590.1069729328156,39,True,True,True,False,,,,,,,0.0,15.771018981933594,0.408997955010225,31.51063084602356,1.0808028821410192,62.85110521316528,1.9730010384215992,124.11384224891663,2.4517475221700575,186.97322607040405,2.4517475221700575,294.12369084358215,0.15215341218307432,31.51063084602356,0.10042426902418128,62.85110521316528,-0.6206408614034646,124.11384224891663,-0.8803392987490247,186.97322607040405,-0.8803392987490247,294.12369084358215
2026-08-27 09:16:41,v1.6.5,MAIN,MAIN,MAIN,2026-08-27 09:16:41.259,True,KOSPI,062040,산일전기,195900.0,10.68,218291,109160000000.0,42763206900.0,109160000000.0,ACTUAL,12,196800.0,0.45731707317073167,1.0807706778083603,1.1109522113084636,85,40,25,11,9,True,60,2026-08-27 09:05:11.479,188200.0,61.0,689.779822,20260827_062040_E001,2026-08-27 09:05:11.479,188200.0,61.0,689.779822,589.7882800102234,39,False,True,True,False,,,,,,,-0.2545824847250509,15.291183233261108,-0.2545824847250509,31.062202215194702,0.7197943444730077,62.45477247238159,1.5025906735751295,124.23074269294739,1.9250780437044746,187.05004024505615,2.03125,294.28398847579956,0.25406504065040647,31.062202215194702,0.45731707317073167,62.45477247238159,-0.1606025972721108,124.23074269294739,-0.36827632208210626,187.05004024505615,-0.471475496488711,294.28398847579956
2026-08-27 09:16:56,v1.6.5,MAIN,MAIN,MAIN,2026-08-27 09:16:56.466,True,KOSPI,062040,산일전기,196100.0,10.57,220726,110143000000.0,43284368600.0,110143000000.0,ACTUAL,12,196800.0,0.35569105691056907,1.0570649826770444,1.0762134620541701,85,40,25,11,9,True,60,2026-08-27 09:05:11.479,188200.0,61.0,704.987161,20260827_062040_E001,2026-08-27 09:05:11.479,188200.0,61.0,704.987161,589.5096714496613,39,False,True,True,False,,,,,,,0.10209290454313426,15.240539789199829,-0.15274949083503053,30.531723022460938,0.2556237218813906,62.0423538684845,1.3436692506459949,123.83402585983276,1.0303967027305512,186.35460329055786,2.1886399166232415,294.1397805213928,0.15243902439024384,30.531723022460938,0.3045924365733182,62.0423538684845,-0.004762084181089032,123.83402585983276,0.3041977510403322,186.35460329055786,-0.624701099952176,294.1397805213928
2026-08-27 09:17:11,v1.6.5,MAIN,MAIN,MAIN,2026-08-27 09:17:11.692,True,KOSPI,062040,산일전기,196300.0,10.91,222325,110812000000.0,43642397500.0,110812000000.0,ACTUAL,12,196800.0,0.25406504065040647,1.0473922002306282,1.0627542459977914,79,40,25,5,9,True,60,2026-08-27 09:05:11.479,188200.0,61.0,720.213515,20260827_062040_E001,2026-08-27 09:05:11.479,188200.0,61.0,720.213515,588.9344608783722,39,True,False,True,False,,,,,,,0.10198878123406425,15.205312252044678,0.20418580908626852,30.445852041244507,-0.05091649694501018,61.50805425643921,0.977366255144033,123.7777578830719,1.4470284237726097,185.75528717041016,2.6673640167364017,293.93035554885864,-0.2032520325203252,30.445852041244507,0.050813008130081244,61.50805425643921,0.25406504065040647,123.7777578830719,-0.10638810044125163,185.75528717041016,-1.087524226635455,293.93035554885864
2026-08-27 09:17:28,v1.6.5,MAIN,MAIN,MAIN,2026-08-27 09:17:28.139,True,KOSPI,062040,산일전기,198400.0,11.36,230673,114210000000.0,45765523200.0,114210000000.0,ACTUAL,12,198500.0,0.05037783375314861,1.05933421758044,1.0797275791050365,85,40,25,11,9,True,60,2026-08-27 09:05:11.479,188200.0,61.0,736.660229,20260827_062040_E001,2026-08-27 09:05:11.479,188200.0,61.0,736.660229,588.2341351509094,39,True,True,True,False,,,,,,,1.0697911360163017,15.223726272583008,1.1728709841917389,30.429038524627686,1.0183299389002036,60.96076154708862,2.110138960370561,123.8118667602539,3.011422637590862,185.07460379600525,3.657262277951933,293.8069553375244,-0.3053132231574205,30.429038524627686,-0.15287419876717662,60.96076154708862,-0.05244992974299534,123.8118667602539,-0.7735150601706412,185.07460379600525,-1.1880122591261084,293.8069553375244
2026-08-27 09:17:42,v1.6.5,MAIN,MAIN,MAIN,2026-08-27 09:17:42.362,True,KOSPI,062040,산일전기,197500.0,11.87,235647,117200000000.0,46540282500.0,117200000000.0,ACTUAL,12,198900.0,0.7038712921065863,1.0736533528765115,1.0795085459318066,82,40,22,11,9,True,60,2026-08-27 09:05:11.479,188200.0,61.0,750.883759,20260827_062040_E001,2026-08-27 09:05:11.479,188200.0,61.0,750.883759,587.9241890907288,39,True,True,True,False,,,,,,,-0.45362903225806456,15.443469285964966,0.6113092205807438,30.667195558547974,0.8167432363450741,61.11304759979248,1.5424164524421593,123.56782007217407,2.33160621761658,185.34379029273987,3.025560772039645,293.9993414878845,0.4498062514561798,30.667195558547974,0.2465542189358546,61.11304759979248,0.7038712921065863,123.56782007217407,0.08595162166374382,185.34379029273987,-0.37972003916276365,293.9993414878845
2026-08-27 09:17:57,v1.6.5,MAIN,MAIN,MAIN,2026-08-27 09:17:57.052,True,KOSPI,062040,산일전기,196400.0,11.19,239477,118624000000.0,47033282800.0,118624000000.0,ACTUAL,12,198900.0,1.256913021618904,1.0769999001298312,1.0849514783034169,79,40,19,11,9,True,60,2026-08-27 09:05:11.479,188200.0,61.0,765.573784,20260827_062040_E001,2026-08-27 09:05:11.479,188200.0,61.0,765.573784,587.6689116954803,39,False,True,True,False,,,,,,,-0.5569620253164557,15.237439155578613,-1.0080645161290323,30.68090844154358,0.1529831718510964,61.109946966171265,0.408997955010225,123.15230083465576,1.4987080103359174,184.94397282600403,2.18522372528616,293.9575481414795,1.2065351878657553,30.68090844154358,0.9012219647083348,61.109946966171265,1.205814401281653,123.15230083465576,0.8964598805272459,184.94397282600403,0.431319626366066,293.9575481414795
2026-08-27 09:18:12,v1.6.5,MAIN,MAIN,MAIN,2026-08-27 09:18:12.685,True,KOSPI,062040,산일전기,195000.0,10.23,243479,119907000000.0,47478405000.0,119907000000.0,ACTUAL,12,198900.0,1.9607843137254901,1.082075948453236,1.0951489935904644,79,40,19,11,9,False,60,2026-08-27 09:05:11.479,188200.0,61.0,781.2058,20260827_062040_E001,2026-08-27 09:05:11.479,188200.0,61.0,781.2058,587.602600812912,39,False,False,True,False,,,,,,,-0.7128309572301426,15.688823223114014,-1.2658227848101267,30.926262378692627,-0.6622516556291391,61.5934579372406,-0.7128309572301426,123.10151219367981,0.30864197530864196,185.3712158203125,1.7214397496087637,294.30371928215027,1.256913021618904,30.926262378692627,1.7067192730750835,61.5934579372406,1.7575322812051648,123.10151219367981,1.9607843137254901,185.3712158203125,0.8771929824561402,294.30371928215027
2026-08-27 09:18:44,v1.6.5,MAIN,MAIN,MAIN,2026-08-27 09:18:44.064,True,KOSPI,062040,산일전기,195100.0,10.23,259413,124143000000.0,50611476300.0,124143000000.0,ACTUAL,12,198900.0,1.9105077928607341,1.059240614334471,1.1008542438477893,79,40,19,11,9,False,60,2026-08-27 09:05:11.479,188200.0,61.0,812.585323,20260827_062040_E001,2026-08-27 09:05:11.479,188200.0,61.0,812.585323,588.256379365921,39,True,False,True,False,,,,,,,0.5151983513652756,15.878678560256958,0.05128205128205128,31.49975848197937,-1.2151898734177216,62.426020860672,-0.40837161817253703,123.53906846046448,0.30848329048843187,185.99384093284607,0.5151983513652756,294.6531319618225,-0.05027652086475598,31.49975848197937,1.206636500754148,62.426020860672,1.4531907196900025,123.53906846046448,1.9105077928607341,185.99384093284607,1.8590144869904972,294.6531319618225
2026-08-27 09:19:14,v1.6.5,MAIN,MAIN,MAIN,2026-08-27 09:19:14.849,True,KOSPI,062040,산일전기,195600.0,10.68,265092,126029000000.0,51851995200.0,126029000000.0,ACTUAL,12,198900.0,1.6591251885369533,1.0510562352489847,1.0887674090989368,79,40,19,11,9,False,60,2026-08-27 09:05:11.479,188200.0,61.0,843.370311,20260827_062040_E001,2026-08-27 09:05:11.479,188200.0,61.0,843.370311,588.6937050819397,39,True,True,True,False,,,,,,,0.7209062821833162,15.51937198638916,0.2562788313685289,31.017268180847168,0.3076923076923077,62.51702666282654,-0.3565970453387672,124.11048460006714,-0.40733197556008144,185.61853885650635,1.557632398753894,293.9613621234894,-0.2513826043237808,31.017268180847168,-0.30165912518853677,62.51702666282654,1.4050601478865468,124.11048460006714,1.455873156016628,185.61853885650635,0.8352322946131635,293.9613621234894
2026-08-27 09:20:31,v1.6.5,MAIN,MAIN,MAIN,2026-08-27 09:20:31.810,True,KOSPI,006400,삼성SDI,559000.0,8.33,221383,247386000000.0,123753097000.0,247386000000.0,ACTUAL,5,560000.0,0.17857142857142858,1.0428151701520472,1.0579832735961767,79,40,25,5,9,True,60,2026-08-27 09:10:37.573,555000.0,74.0,594.237097,20260827_006400_E001,2026-08-27 09:10:37.573,555000.0,74.0,594.237097,587.6038975715637,39,True,False,False,True,20260827_006400_SHADOW_SCORE_70_74_091046428574,2026-08-27 09:10:46.408,555000.0,74.0,74.820622,-0.18018018018017834,0.3590664272890485,15.408519506454468,0.17921146953405018,30.53900456428528,-0.17857142857142858,61.30455946922302,0.17921146953405018,123.46053290367126,0.17921146953405018,185.45134449005127,0.539568345323741,293.5756952762604,-0.17857142857142858,30.53900456428528,0.17857142857142858,61.30455946922302,-0.17857142857142858,123.46053290367126,-0.17857142857142858,185.45134449005127,-0.5357142857142857,293.5756952762604
2026-08-27 09:20:47,v1.6.5,MAIN,MAIN,MAIN,2026-08-27 09:20:47.308,True,KOSPI,006400,삼성SDI,557500.0,7.95,222736,248385000000.0,124175320000.0,248385000000.0,ACTUAL,5,560000.0,0.4464285714285714,1.041848427905104,1.0611276529858746,79,40,25,5,9,True,60,2026-08-27 09:10:37.573,555000.0,74.0,609.735308,20260827_006400_E001,2026-08-27 09:10:37.573,555000.0,74.0,609.735308,587.3991222381592,39,True,False,False,True,20260827_006400_SHADOW_SCORE_70_74_091046428574,2026-08-27 09:10:46.408,555000.0,74.0,74.820622,-0.18018018018017834,-0.26833631484794274,15.670717716217041,0.08976660682226212,31.07923722267151,-0.3574620196604111,61.88984203338623,-0.08960573476702509,123.25257205963135,0.08976660682226212,185.67859292030334,0.45045045045045046,293.5934545993805,-0.0892857142857143,31.07923722267151,0.3571428571428571,61.88984203338623,0.08928571428571425,123.25257205963135,-0.0892857142857143,185.67859292030334,-0.4464285714285714,293.5934545993805
2026-08-27 09:21:03,v1.6.5,MAIN,MAIN,MAIN,2026-08-27 09:21:03.945,True,KOSPI,006400,삼성SDI,556000.0,7.95,224105,249466000000.0,124602380000.0,249466000000.0,ACTUAL,5,560000.0,0.7142857142857143,1.0397665937272065,1.0571888179185025,76,40,22,5,9,True,60,2026-08-27 09:10:37.573,555000.0,74.0,626.372493,20260827_006400_E001,2026-08-27 09:10:37.573,555000.0,74.0,626.372493,587.6712353229523,39,False,False,False,True,20260827_006400_SHADOW_SCORE_70_74_091046428574,2026-08-27 09:10:46.408,555000.0,74.0,74.820622,-0.18018018018017834,-0.26905829596412556,15.481912612915039,-0.5366726296958855,31.15263032913208,-0.35842293906810035,61.69163489341736,-0.35842293906810035,123.23658847808838,-0.5366726296958855,185.92306637763977,0.5424954792043399,293.33575534820557,0.5357142857142857,31.15263032913208,0.35714285714285715,61.69163489341736,0.35714285714285715,123.23658847808838,0.5357142857142857,185.92306637763977,-0.5357142857142857,293.33575534820557
2026-08-27 09:21:19,v1.6.5,MAIN,MAIN,MAIN,2026-08-27 09:21:19.582,True,KOSPI,006400,삼성SDI,558000.0,8.14,228952,253054000000.0,127755216000.0,253054000000.0,ACTUAL,5,560000.0,0.35714285714285715,1.0498815505059516,1.0769751820422602,79,40,25,5,9,True,60,2026-08-27 09:10:37.573,555000.0,74.0,642.009423,20260827_006400_E001,2026-08-27 09:10:37.573,555000.0,74.0,642.009423,587.3376471996307,39,True,True,False,True,20260827_006400_SHADOW_SCORE_70_74_091046428574,2026-08-27 09:10:46.408,555000.0,74.0,74.820622,-0.18018018018017834,0.3597122302158274,15.649219989776611,0.08968609865470852,31.13113260269165,0.17953321364452424,62.21036982536316,-0.17889087656529518,123.36643648147583,0.0,185.88346314430237,0.3597122302158274,293.2139563560486,-0.08928571428571425,31.13113260269165,-0.17857142857142855,62.21036982536316,0.17857142857142858,123.36643648147583,0.0,185.88346314430237,-0.35714285714285715,293.2139563560486
2026-08-27 09:21:35,v1.6.5,MAIN,MAIN,MAIN,2026-08-27 09:21:35.319,True,KOSDAQ,222800,심텍,122300.0,7.81,279192,136004000000.0,34145181600.0,136004000000.0,ACTUAL,2,122600.0,0.24469820554649263,1.0256557216331579,1.080017175550372,79,40,25,5,9,True,60,2026-08-27 09:00:30.821,119500.0,65.0,1264.498228,20260827_222800_E008,2026-08-27 09:14:14.651,119000.0,63.0,440.668308,587.8348877429962,39,True,True,True,True,20260827_222800_SHADOW_SCORE_70_74_090106757651,2026-08-27 09:01:06.747,120500.0,71.0,15.455576,1.4937759336099532,1.1579818031430935,15.62812614440918,1.4937759336099585,31.27734613418579,1.9166666666666665,62.42997646331787,1.8318068276436303,123.7345359325409,2.4288107202680065,185.89050936698914,1.1579818031430935,293.55089926719666,-1.4681892332789561,31.27734613418579,-1.876019575856444,62.42997646331787,-1.7944535073409462,123.7345359325409,-2.365415986949429,185.89050936698914,-1.1419249592169658,293.55089926719666
2026-08-27 09:21:35,v1.6.5,MAIN,MAIN,MAIN,2026-08-27 09:21:35.316,True,KOSPI,047040,대우건설,20250.0,5.24,3444713,66314000000.0,69755438250.0,66314000000.0,ACTUAL,23,20250.0,0.0,1.0895797049061813,1.087932137697889,78,33,25,11,9,True,60,2026-08-27 09:20:25.177,20050.0,67.0,70.139059,20260827_047040_E002,2026-08-27 09:20:56.329,20050.0,67.0,38.986429,232.43785166740417,13,True,True,True,False,,,,,,,0.997506234413965,15.62812614440918,0.997506234413965,31.27734613418579,0.997506234413965,62.42997646331787,1.5546639919759278,123.7345359325409,2.8440832910106653,170.01183080673218,,,-0.49627791563275436,31.27734613418579,-0.24875621890547264,62.42997646331787,,,,,,
2026-08-27 09:21:51,v1.6.5,MAIN,MAIN,MAIN,2026-08-27 09:21:51.431,True,KOSDAQ,222800,심텍,122800.0,8.25,291647,139213000000.0,35814251600.0,139213000000.0,ACTUAL,2,122900.0,0.08136696501220504,1.0447975143346042,1.1169934890846418,79,40,25,5,9,True,60,2026-08-27 09:00:30.821,119500.0,65.0,1280.610023,20260827_222800_E008,2026-08-27 09:14:14.651,119000.0,63.0,456.780103,588.2868700027466,39,True,True,True,True,20260827_222800_SHADOW_SCORE_70_74_090106757651,2026-08-27 09:01:06.747,120500.0,71.0,15.455576,1.4937759336099532,0.4088307440719542,15.836730003356934,1.5715467328370554,31.464856147766113,2.1630615640599005,62.595988750457764,2.3333333333333335,124.485830783844,2.5898078529657473,185.8485608100891,1.6556291390728477,294.14708948135376,-1.3052561997512533,31.464856147766113,-1.876218679359736,62.595988750457764,-2.0393508163907317,124.485830783844,-2.284049021937224,185.8485608100891,-1.3868222682667508,294.14708948135376
2026-08-27 09:21:51,v1.6.5,MAIN,MAIN,MAIN,2026-08-27 09:21:51.427,True,KOSPI,047040,대우건설,20300.0,6.28,3537347,68594000000.0,71808144100.0,68594000000.0,ACTUAL,23,20400.0,0.49019607843137253,1.1270415037297492,1.117188422805968,78,33,25,11,9,True,60,2026-08-27 09:20:25.177,20050.0,67.0,86.250124,20260827_047040_E002,2026-08-27 09:20:56.329,20050.0,67.0,55.097494,248.2745816707611,14,True,True,True,False,,,,,,,0.24691358024691357,15.836730003356934,1.2468827930174564,31.464856147766113,1.2468827930174564,62.595988750457764,1.8564977420973405,124.485830783844,3.0980192991366176,185.8485608100891,,,-0.0060818372013818345,31.464856147766113,-0.0060818372013818345,47.114076137542725,,,,,,
2026-08-27 09:22:05,v1.6.5,MAIN,MAIN,MAIN,2026-08-27 09:22:05.685,True,KOSDAQ,222800,심텍,122700.0,8.7,300336,142760000000.0,36851227200.0,142760000000.0,ACTUAL,2,123000.0,0.24390243902439024,1.0702130530608573,1.1414455056457344,85,40,25,11,9,True,60,2026-08-27 09:00:30.821,119500.0,65.0,1294.863839,20260827_222800_E008,2026-08-27 09:14:14.651,119000.0,63.0,471.033919,587.904721736908,39,True,True,True,True,20260827_222800_SHADOW_SCORE_70_74_090106757651,2026-08-27 09:01:06.747,120500.0,71.0,15.455576,1.4937759336099532,-0.08143322475570033,15.032588958740234,0.3270645952575634,30.869318962097168,1.8257261410788383,62.14666509628296,1.7412935323383085,123.83829998970032,1.910299003322259,185.38325357437134,1.5728476821192054,293.9743661880493,-0.0007957665221023924,30.869318962097168,-1.4689849998010585,62.14666509628296,-1.3874189312855607,123.83829998970032,-1.5505510683165558,185.38325357437134,-1.2242867942545657,293.9743661880493
2026-08-27 09:22:05,v1.6.5,MAIN,MAIN,MAIN,2026-08-27 09:22:05.681,True,KOSPI,047040,대우건설,20350.0,6.54,3612220,69767000000.0,73508677000.0,69767000000.0,ACTUAL,23,20400.0,0.24509803921568626,1.090211582335844,1.0923499637417542,78,33,25,11,9,True,60,2026-08-27 09:20:25.177,20050.0,67.0,100.503903,20260827_047040_E002,2026-08-27 09:20:56.329,20050.0,67.0,69.351273,263.30717062950134,15,True,True,True,False,,,,,,,0.24630541871921183,15.032588958740234,0.49382716049382713,30.869318962097168,1.4962593516209477,62.14666509628296,2.0050125313283207,123.83829998970032,3.2470826991374935,185.38325357437134,,,0.24509803921568626,30.869318962097168,-0.25117987641706807,62.14666509628296,,,,,,
2026-08-27 09:22:21,v1.6.5,MAIN,MAIN,MAIN,2026-08-27 09:22:21.094,True,KOSDAQ,222800,심텍,123100.0,9.49,310447,144707000000.0,38216025700.0,144707000000.0,ACTUAL,2,123500.0,0.32388663967611336,1.0691713768517492,1.1430175660799033,85,40,25,11,9,True,60,2026-08-27 09:00:30.821,119500.0,65.0,1310.272892,20260827_222800_E008,2026-08-27 09:14:14.651,119000.0,63.0,486.442972,587.7920651435852,39,True,True,True,True,20260827_222800_SHADOW_SCORE_70_74_090106757651,2026-08-27 09:01:06.747,120500.0,71.0,15.455576,1.4937759336099532,0.32599837000814996,15.234469890594482,0.24429967426710095,30.267058849334717,1.8196856906534327,61.73191499710083,2.497918401332223,123.94228482246399,2.2425249169435215,185.09835147857666,2.455264253017062,293.9851098060608,0.24251967466390834,30.267058849334717,-1.062736525087345,61.73191499710083,-1.7152650732113255,123.94228482246399,-1.4705668676648327,185.09835147857666,-1.6744820389535766,293.9851098060608
2026-08-27 09:22:21,v1.6.5,MAIN,MAIN,MAIN,2026-08-27 09:22:21.092,True,KOSPI,047040,대우건설,20450.0,6.81,3688079,71357000000.0,75421215550.0,71357000000.0,ACTUAL,23,20450.0,0.0,1.0974960780091667,1.0960992126859472,82,37,25,11,9,True,60,2026-08-27 09:20:25.177,20050.0,67.0,115.915032,20260827_047040_E002,2026-08-27 09:20:56.329,20050.0,67.0,84.762402,278.5416405200958,16,True,True,True,False,,,,,,,0.4914004914004914,15.234469890594482,0.7389162561576355,30.267058849334717,1.99501246882793,61.73191499710083,1.99501246882793,123.94228482246399,3.335017685699848,185.09835147857666,,,-0.49019607843137253,30.267058849334717,-0.49627791563275436,61.73191499710083,-0.24875621890547264,108.53376531600952,,,,
2026-08-27 09:22:36,v1.6.5,MAIN,MAIN,MAIN,2026-08-27 09:22:36.434,True,KOSDAQ,222800,심텍,123200.0,9.05,319392,147473000000.0,39349094400.0,147473000000.0,ACTUAL,2,123500.0,0.24291497975708504,1.0843284021058204,1.1439869337230293,85,40,25,11,9,True,60,2026-08-27 09:00:30.821,119500.0,65.0,1325.613592,20260827_222800_E008,2026-08-27 09:14:14.651,119000.0,63.0,501.783672,587.9478597640991,39,True,True,True,True,20260827_222800_SHADOW_SCORE_70_74_090106757651,2026-08-27 09:01:06.747,120500.0,71.0,15.455576,1.4937759336099532,0.08123476848090982,15.406877756118774,0.40749796251018744,30.641347646713257,0.7358953393295176,61.510666608810425,2.666666666666667,123.9406430721283,2.5811823480432974,185.24520254135132,2.4958402662229617,293.9485182762146,-0.0009874592673052018,30.641347646713257,-0.0017832257894075942,61.510666608810425,-1.8778028016458514,123.9406430721283,-1.7962367331303537,185.24520254135132,-1.714670664614856,293.9485182762146
2026-08-27 09:22:36,v1.6.5,MAIN,MAIN,MAIN,2026-08-27 09:22:36.428,True,KOSPI,047040,대우건설,20400.0,6.54,3798936,73972000000.0,77498294400.0,73972000000.0,ACTUAL,22,20450.0,0.24449877750611246,1.1154808939288838,1.1028309179893943,82,37,25,11,9,True,60,2026-08-27 09:20:25.177,20050.0,67.0,131.251715,20260827_047040_E002,2026-08-27 09:20:56.329,20050.0,67.0,100.099085,293.9485182762146,17,True,True,True,False,,,,,,,-0.24449877750611246,15.406877756118774,0.2457002457002457,30.641347646713257,0.7407407407407408,61.510666608810425,1.7456359102244388,123.9406430721283,2.3069207622868606,185.24520254135132,,,-0.0005992617095738062,30.641347646713257,0.24449877750611246,61.510666608810425,-0.0042574413993601845,123.9406430721283,,,,
2026-08-27 09:22:51,v1.6.5,MAIN,MAIN,MAIN,2026-08-27 09:22:51.177,True,KOSDAQ,222800,심텍,123100.0,9.23,323593,148284000000.0,39834298300.0,148284000000.0,ACTUAL,2,123500.0,0.32388663967611336,1.090291462015823,1.1590339264735379,88,40,25,11,12,True,60,2026-08-27 09:00:30.821,119500.0,65.0,1340.356062,20260827_222800_E008,2026-08-27 09:14:14.651,119000.0,63.0,516.526142,588.0150241851807,39,False,True,True,True,20260827_222800_SHADOW_SCORE_70_74_090106757651,2026-08-27 09:01:06.747,120500.0,71.0,15.455576,1.4937759336099532,-0.08116883116883117,15.346396923065186,0.0,30.75327467918396,0.24429967426710095,61.02033352851868,2.4126455906821964,123.61632227897644,2.5833333333333335,185.50616431236267,2.5833333333333335,294.0574760437012,0.0,30.75327467918396,0.24251967466390834,61.02033352851868,-1.6336990046958277,123.61632227897644,-1.7968311417268232,185.50616431236267,-1.7968311417268232,294.0574760437012
2026-08-27 09:22:51,v1.6.5,MAIN,MAIN,MAIN,2026-08-27 09:22:51.174,True,KOSPI,047040,대우건설,20300.0,6.28,3860629,75116000000.0,78370768700.0,75116000000.0,ACTUAL,22,20450.0,0.7334963325183375,1.1327321530898453,1.120740392595842,79,37,22,11,9,True,60,2026-08-27 09:20:25.177,20050.0,67.0,145.997203,20260827_047040_E002,2026-08-27 09:20:56.329,20050.0,67.0,114.844573,309.2949151992798,18,False,False,True,False,,,,,,,-0.49019607843137253,15.346396923065186,-0.7334963325183375,30.75327467918396,0.0,61.02033352851868,1.2468827930174564,123.61632227897644,1.8564977420973405,185.50616431236267,3.3341817256299313,309.2949151992798,0.7334963325183375,30.75327467918396,0.24330025408696493,61.02033352851868,0.2372184168855831,108.1344096660614,,,,
2026-08-27 09:23:07,v1.6.5,MAIN,MAIN,MAIN,2026-08-27 09:23:07.480,True,KOSDAQ,222800,심텍,123650.0,9.41,331208,149848000000.0,40953869200.0,149848000000.0,ACTUAL,2,123700.0,0.04042037186742118,1.0496497618380498,1.1027915401417079,79,40,25,5,9,True,60,2026-08-27 09:00:30.821,119500.0,65.0,1356.659028,20260827_222800_E008,2026-08-27 09:14:14.651,119000.0,63.0,532.829108,588.4189131259918,39,True,True,True,True,20260827_222800_SHADOW_SCORE_70_74_090106757651,2026-08-27 09:01:06.747,120500.0,71.0,15.455576,1.4937759336099532,0.4467912266450041,15.746541023254395,0.36525974025974023,31.09293794631958,0.7742461287693562,61.73428559303284,2.6141078838174274,123.8809506893158,2.529021558872305,185.57258558273315,3.38628762541806,294.11519384384155,-0.20249460788966386,31.09293794631958,-0.20348206715696907,61.73428559303284,-1.6724670669580275,123.8809506893158,-1.5909009984425297,185.57258558273315,-2.4065616835975057,294.11519384384155
2026-08-27 09:23:07,v1.6.5,MAIN,MAIN,MAIN,2026-08-27 09:23:07.472,True,KOSPI,047040,대우건설,20200.0,5.76,3925796,76446000000.0,79301079200.0,76446000000.0,ACTUAL,22,20450.0,1.2224938875305624,1.095732939641951,1.0868097734910942,76,37,19,11,9,True,60,2026-08-27 09:20:25.177,20050.0,67.0,162.295633,20260827_047040_E002,2026-08-27 09:20:56.329,20050.0,67.0,131.143003,325.0414562225342,19,False,False,True,False,,,,,,,-0.49261083743842365,15.746541023254395,-0.9803921568627451,31.09293794631958,-0.7371007371007371,61.73428559303284,0.7481296758104738,123.8809506893158,1.2531328320802004,185.57258558273315,2.825146347671163,325.0414562225342,0.9779951100244499,31.09293794631958,0.9773958483148761,61.73428559303284,0.7262159718978081,123.8809506893158,0.9737376686250898,155.03358101844788,,
2026-08-27 09:23:22,v1.6.5,MAIN,MAIN,MAIN,2026-08-27 09:23:22.130,True,KOSPI,047040,대우건설,20350.0,6.28,3985866,77776000000.0,81112373100.0,77776000000.0,ACTUAL,22,20450.0,0.4889975550122249,1.0899561360483203,1.0807431185720262,82,37,25,11,9,True,60,2026-08-27 09:20:25.177,20050.0,67.0,176.953252,20260827_047040_E002,2026-08-27 09:20:56.329,20050.0,67.0,145.800622,340.3653681278229,20,True,False,True,False,,,,,,,0.7425742574257426,15.323911905288696,0.24630541871921183,31.07045292854309,-0.4889975550122249,61.82372760772705,1.4962593516209477,123.55564260482788,1.4962593516209477,185.76601243019104,3.35195530726257,277.9393472671509,-0.24449877750611254,31.07045292854309,0.4889975550122249,61.82372760772705,-0.007280360620529447,123.55564260482788,0.24024133610675227,170.35749292373657,,
2026-08-27 09:23:22,v1.6.5,MAIN,MAIN,MAIN,2026-08-27 09:23:22.131,True,KOSDAQ,222800,심텍,123500.0,9.41,334111,151109000000.0,41262708500.0,151109000000.0,ACTUAL,2,123700.0,0.16168148746968472,1.0442411217149137,1.0762255715146225,79,40,25,5,9,True,60,2026-08-27 09:00:30.821,119500.0,65.0,1371.310222,20260827_222800_E008,2026-08-27 09:14:14.651,119000.0,63.0,547.480302,588.5284559726715,39,True,True,True,True,20260827_222800_SHADOW_SCORE_70_74_090106757651,2026-08-27 09:01:06.747,120500.0,71.0,15.455576,1.4937759336099532,-0.1213101496158512,15.323911905288696,0.3249390739236393,31.07045292854309,0.3249390739236393,61.82372760772705,2.1505376344086025,123.55564260482788,2.8309741881765196,185.76601243019104,3.433835845896147,293.81802582740784,-0.16220515220642864,31.07045292854309,-0.16220515220642864,61.82372760772705,-1.2249416772937736,123.55564260482788,-1.877470225417754,185.76601243019104,-2.448432705026237,293.81802582740784
2026-08-27 09:23:37,v1.6.5,MAIN,MAIN,MAIN,2026-08-27 09:23:37.845,True,KOSPI,047040,대우건설,20500.0,6.81,4067718,78562000000.0,83388219000.0,78562000000.0,ACTUAL,22,20500.0,0.0,1.0620505055967122,1.0707519157995817,82,37,25,11,9,True,60,2026-08-27 09:20:25.177,20050.0,67.0,192.668074,20260827_047040_E002,2026-08-27 09:20:56.329,20050.0,67.0,161.515444,355.9904317855835,21,True,True,True,False,,,,,,,0.7371007371007371,15.62506365776062,1.4851485148514851,30.948975563049316,0.49019607843137253,62.0419135093689,1.2345679012345678,123.55258011817932,2.2443890274314215,185.9825565814972,4.113763331640427,293.5644109249115,-1.2224938875305624,30.948975563049316,-0.24449877750611246,62.0419135093689,0.0,123.55258011817932,-0.24875621890547264,185.9825565814972,,
2026-08-27 09:23:37,v1.6.5,MAIN,MAIN,MAIN,2026-08-27 09:23:37.846,True,KOSDAQ,222800,심텍,122700.0,9.23,342128,152387000000.0,41979105600.0,152387000000.0,ACTUAL,2,123700.0,0.8084074373484237,1.0333213537393287,1.0711852519787597,76,40,22,5,9,True,60,2026-08-27 09:00:30.821,119500.0,65.0,1387.025057,20260827_222800_E008,2026-08-27 09:14:14.651,119000.0,63.0,563.195137,588.217542886734,39,False,False,True,True,20260827_222800_SHADOW_SCORE_70_74_090106757651,2026-08-27 09:01:06.747,120500.0,71.0,15.455576,1.4937759336099532,-0.6477732793522267,15.62506365776062,-0.7682976142337242,30.948975563049316,-0.4058441558441558,62.0419135093689,0.3270645952575634,123.55258011817932,2.25,185.9825565814972,2.506265664160401,293.5644109249115,0.7679870654810025,30.948975563049316,0.5654924575913387,62.0419135093689,0.563709231801931,123.55258011817932,-1.312310344054513,185.9825565814972,-1.5570085496010053,293.5644109249115
2026-08-27 09:23:53,v1.6.5,MAIN,MAIN,MAIN,2026-08-27 09:23:53.586,True,KOSPI,047040,대우건설,20450.0,6.81,4132419,80810000000.0,84507968550.0,80810000000.0,ACTUAL,21,20500.0,0.24390243902439024,1.075802758400341,1.0704004451088152,82,37,25,11,9,True,60,2026-08-27 09:20:25.177,20050.0,67.0,208.409019,20260827_047040_E002,2026-08-27 09:20:56.329,20050.0,67.0,177.256389,371.71033692359924,22,True,True,True,False,,,,,,,-0.24390243902439024,15.719905138015747,0.4914004914004914,31.344968795776367,0.7389162561576355,62.41542172431946,0.7389162561576355,123.43575525283813,1.99501246882793,186.0317440032959,3.754439370877727,293.78641986846924,-0.24509511598783468,31.344968795776367,-0.4895938934939472,62.41542172431946,-0.2462936394069823,123.43575525283813,-0.2523754766083641,170.54983139038086,,
2026-08-27 09:23:53,v1.6.5,MAIN,MAIN,MAIN,2026-08-27 09:23:53.587,True,KOSDAQ,222800,심텍,123300.0,9.23,347873,153969000000.0,42892740900.0,153969000000.0,ACTUAL,2,123700.0,0.32336297493936944,1.0383385935097516,1.0750325254254574,79,40,25,5,9,True,60,2026-08-27 09:00:30.821,119500.0,65.0,1402.766117,20260827_222800_E008,2026-08-27 09:14:14.651,119000.0,63.0,578.936197,588.1328196525574,39,False,True,True,True,20260827_222800_SHADOW_SCORE_70_74_090106757651,2026-08-27 09:01:06.747,120500.0,71.0,15.455576,1.4937759336099532,0.4889975550122249,15.719905138015747,-0.16194331983805668,31.344968795776367,0.16246953696181965,62.41542172431946,0.40716612377850164,123.43575525283813,2.579034941763727,186.0317440032959,2.408637873754153,293.78641986846924,0.16168148746968472,31.344968795776367,-0.0005236647367439229,62.41542172431946,0.2419960099271644,123.43575525283813,-1.6342226694325717,186.0317440032959,-1.4710905324015766,293.78641986846924
2026-08-27 09:24:09,v1.6.5,MAIN,MAIN,MAIN,2026-08-27 09:24:09.273,True,KOSPI,047040,대우건설,20400.0,6.81,4218411,82589000000.0,86055584400.0,82589000000.0,ACTUAL,21,20500.0,0.4878048780487805,1.080357376448735,1.074536476169419,82,37,25,11,9,True,60,2026-08-27 09:20:25.177,20050.0,67.0,224.096284,20260827_047040_E002,2026-08-27 09:20:56.329,20050.0,67.0,192.943654,387.4498336315155,23,False,True,True,False,,,,,,,-0.24449877750611246,15.73949670791626,-0.4878048780487805,31.459401845932007,0.9900990099009901,62.40837740898132,0.2457002457002457,124.14266300201416,1.7456359102244388,186.28932809829712,3.0823648307225873,294.00654458999634,0.4878048780487805,31.459401845932007,-0.734689009481782,62.40837740898132,0.2427068388330942,124.14266300201416,-0.008473037583973886,186.28932809829712,,
2026-08-27 09:24:09,v1.6.5,MAIN,MAIN,MAIN,2026-08-27 09:24:09.274,True,KOSDAQ,222800,심텍,123600.0,9.58,351041,154979000000.0,43388667600.0,154979000000.0,ACTUAL,2,123700.0,0.08084074373484236,1.0342413645827773,1.0598807999806767,79,40,25,5,9,True,60,2026-08-27 09:00:30.821,119500.0,65.0,1418.453149,20260827_222800_E008,2026-08-27 09:14:14.651,119000.0,63.0,594.623229,587.9679067134857,39,True,False,True,True,20260827_222800_SHADOW_SCORE_70_74_090106757651,2026-08-27 09:01:06.747,120500.0,71.0,15.455576,1.4937759336099532,0.24330900243309003,15.73949670791626,0.7334963325183375,31.459401845932007,-0.040436716538617065,62.40837740898132,0.7334963325183375,124.14266300201416,2.572614107883817,186.28932809829712,2.6578073089700998,294.00654458999634,-0.7275666936135813,31.459401845932007,0.04042037186742118,62.40837740898132,-0.1630616952895479,124.14266300201416,-1.6320466950906063,186.28932809829712,-1.7136127636061036,294.00654458999634
2026-08-27 09:24:25,v1.6.5,MAIN,MAIN,MAIN,2026-08-27 09:24:25.985,True,KOSPI,047040,대우건설,20400.0,7.07,4261740,83175000000.0,86939496000.0,83175000000.0,ACTUAL,21,20500.0,0.4878048780487805,1.0694173009668793,1.0692130643629263,82,37,25,11,9,True,60,2026-08-27 09:20:25.177,20050.0,67.0,240.808066,20260827_047040_E002,2026-08-27 09:20:56.329,20050.0,67.0,209.655436,403.13095450401306,24,False,True,True,False,,,,,,,0.0,15.681120872497559,-0.24449877750611246,31.42061758041382,0.2457002457002457,62.765586376190186,-0.24449877750611246,124.58931398391724,1.7456359102244388,186.32122898101807,2.3069207622868606,294.4276387691498,0.24390243902439024,31.42061758041382,-0.001192676963444439,62.765586376190186,0.4878048780487805,124.58931398391724,-0.008473037583973886,186.32122898101807,,
2026-08-27 09:24:26,v1.6.5,MAIN,MAIN,MAIN,2026-08-27 09:24:25.991,True,KOSDAQ,222800,심텍,123600.0,9.41,355748,156304000000.0,43970452800.0,156304000000.0,ACTUAL,2,123700.0,0.08084074373484236,1.0343791567676313,1.0647599151180296,79,40,25,5,9,True,60,2026-08-27 09:00:30.821,119500.0,65.0,1435.169954,20260827_222800_E008,2026-08-27 09:14:14.651,119000.0,63.0,611.340034,588.4747447967529,39,True,True,True,True,20260827_222800_SHADOW_SCORE_70_74_090106757651,2026-08-27 09:01:06.747,120500.0,71.0,15.455576,1.4937759336099532,0.0,15.681120872497559,0.24330900243309003,31.42061758041382,0.08097165991902834,62.765586376190186,0.4061738424045491,124.58931398391724,2.2332506203473943,186.32122898101807,2.9142381348875936,294.4276387691498,-0.2425222312045271,31.42061758041382,-0.08084074373484236,62.765586376190186,-0.24304589594127102,124.58931398391724,-1.305782421028616,186.32122898101807,-1.9583109691525964,294.4276387691498
2026-08-27 09:24:46,v1.6.5,MAIN,MAIN,MAIN,2026-08-27 09:24:46.030,True,KOSPI,047040,대우건설,20350.0,6.54,4342308,84867000000.0,88365967800.0,84867000000.0,ACTUAL,20,20500.0,0.7317073170731708,1.0802550851556731,1.067504679527932,79,37,22,11,9,True,60,2026-08-27 09:20:25.177,20050.0,67.0,260.853244,20260827_047040_E002,2026-08-27 09:20:56.329,20050.0,67.0,229.700614,418.87289667129517,25,False,False,True,False,,,,,,,-0.24509803921568626,15.741942167282104,-0.24509803921568626,31.423063039779663,-0.7317073170731708,62.88246488571167,-0.24509803921568626,124.92437839508057,0.49382716049382713,186.435045003891,2.107375815353738,295.08414578437805,0.24390243902439035,31.423063039779663,0.7317073170731708,62.88246488571167,0.48720853956705834,124.92437839508057,0.7317073170731708,186.435045003891,,
2026-08-27 09:24:46,v1.6.5,MAIN,MAIN,MAIN,2026-08-27 09:24:46.032,True,KOSDAQ,222800,심텍,124800.0,10.12,372877,159641000000.0,46535049600.0,159641000000.0,ACTUAL,1,124800.0,0.0,1.0476024857763457,1.0898757190291353,79,40,25,5,9,True,60,2026-08-27 09:00:30.821,119500.0,65.0,1455.211701,20260827_222800_E008,2026-08-27 09:14:14.651,119000.0,63.0,631.381781,588.5794303417206,39,True,True,True,True,20260827_222800_SHADOW_SCORE_70_74_090106757651,2026-08-27 09:01:06.747,120500.0,71.0,15.455576,1.4937759336099532,0.9708737864077669,15.741942167282104,0.9708737864077669,31.423063039779663,1.7114914425427872,62.88246488571167,1.2987012987012987,124.92437839508057,2.044153720359771,186.435045003891,4.0,295.08414578437805,-0.08084074373484236,31.423063039779663,-0.8084074373484237,62.88246488571167,-0.24291497975708504,124.92437839508057,-0.24469820554649263,186.435045003891,-2.1207177814029365,295.08414578437805
2026-08-27 09:24:46,v1.6.5,MAIN,MAIN,MAIN,2026-08-27 09:24:46.035,True,KOSDAQ,356860,티엘비,41300.0,5.24,242108,39083000000.0,9999060400.0,39083000000.0,ACTUAL,7,42400.0,2.5943396226415096,1.353476935863693,2.598812807934651,78,29,14,20,15,False,60,2026-08-27 09:01:17.771,42050.0,72.0,1408.26425,20260827_356860_E002,2026-08-27 09:24:34.042,41300.0,78.0,11.993873,588.5794303417206,39,True,True,True,True,20260827_356860_SHADOW_SCORE_70_74_090122254308,2026-08-27 09:01:22.203,42050.0,72.0,1403.832737,-1.7835909631391256,0.48661800486618007,15.741942167282104,0.6090133982947624,31.423063039779663,0.7317073170731708,62.88246488571167,0.9779951100244498,124.92437839508057,1.5990159901599015,186.435045003891,1.7241379310344827,295.08414578437805,,,,,,,,,,
2026-08-27 09:25:02,v1.6.5,MAIN,MAIN,MAIN,2026-08-27 09:25:02.886,True,KOSDAQ,222800,심텍,124800.0,10.69,383550,162224000000.0,47867040000.0,162224000000.0,ACTUAL,1,125000.0,0.16,1.0536146886710962,1.1025575425514484,85,40,25,11,9,True,60,2026-08-27 09:00:30.821,119500.0,65.0,1472.065391,20260827_222800_E008,2026-08-27 09:14:14.651,119000.0,63.0,648.235471,590.0461573600769,39,True,True,True,True,20260827_222800_SHADOW_SCORE_70_74_090106757651,2026-08-27 09:01:06.747,120500.0,71.0,15.455576,1.4937759336099532,0.0,16.728307247161865,0.9708737864077669,32.47024941444397,1.2165450121654502,63.89086699485779,1.380991064175467,126.30628871917725,1.6286644951140066,187.32662224769592,3.482587064676617,296.132333278656,0.07915925626515764,32.47024941444397,-0.16336297493936944,63.89086699485779,-0.16388663967611336,126.30628871917725,0.07863303498779496,187.32662224769592,-1.471321370309951,296.132333278656
2026-08-27 09:25:02,v1.6.5,MAIN,MAIN,MAIN,2026-08-27 09:25:02.873,True,KOSPI,047040,대우건설,20550.0,7.07,4465495,86304000000.0,91765922250.0,86304000000.0,ACTUAL,20,20600.0,0.24271844660194172,1.0679866353174112,1.0806007328879284,82,37,25,11,9,True,60,2026-08-27 09:20:25.177,20050.0,67.0,277.696287,20260827_047040_E002,2026-08-27 09:20:56.329,20050.0,67.0,246.543657,435.60120391845703,26,True,True,True,False,,,,,,,0.9828009828009828,16.728307247161865,0.7352941176470588,32.47024941444397,0.4889975550122249,63.89086699485779,1.2315270935960592,126.30628871917725,1.2315270935960592,187.32662224769592,3.007518796992481,296.132333278656,-0.24508643144683875,32.47024941444397,-0.0011839924224485154,63.89086699485779,-0.4907778859163957,126.30628871917725,-0.2474776318294308,187.32662224769592,,
2026-08-27 09:25:18,v1.6.5,MAIN,MAIN,MAIN,2026-08-27 09:25:18.170,True,KOSPI,047040,대우건설,20550.0,7.33,4503244,88268000000.0,92541664200.0,88268000000.0,ACTUAL,19,20600.0,0.24271844660194172,1.0687621838259331,1.067521396089665,82,37,25,11,9,True,60,2026-08-27 09:20:25.177,20050.0,67.0,292.993527,20260827_047040_E002,2026-08-27 09:20:56.329,20050.0,67.0,261.840897,450.76549887657166,27,True,True,True,False,,,,,,,0.0,15.164294958114624,0.9828009828009828,31.89260220527649,0.7352941176470588,63.31566524505615,1.7326732673267329,125.72404265403748,0.9828009828009828,187.4583282470703,2.493765586034913,296.1661431789398,-0.4889888704712291,31.89260220527649,-0.24508643144683875,63.31566524505615,-0.9797754409286207,125.72404265403748,-0.002379592613744541,187.4583282470703,-0.006037772303530919,280.75762367248535
2026-08-27 09:25:18,v1.6.5,MAIN,MAIN,MAIN,2026-08-27 09:25:18.184,True,KOSDAQ,222800,심텍,124000.0,10.83,392357,165151000000.0,48652268000.0,165151000000.0,ACTUAL,1,125000.0,0.8,1.065634698894689,1.117695653784031,82,40,22,11,9,True,60,2026-08-27 09:00:30.821,119500.0,65.0,1487.363133,20260827_222800_E008,2026-08-27 09:14:14.651,119000.0,63.0,663.533213,590.0208349227905,39,False,True,True,True,20260827_222800_SHADOW_SCORE_70_74_090106757651,2026-08-27 09:01:06.747,120500.0,71.0,15.455576,1.4937759336099532,-0.641025641025641,15.164294958114624,-0.641025641025641,31.89260220527649,0.3236245954692557,63.31566524505615,0.28305701577031944,125.72404265403748,1.0594947025264874,187.4583282470703,3.24729392173189,296.1661431789398,0.8,31.89260220527649,0.7191592562651576,63.31566524505615,0.7595796281325788,125.72404265403748,0.5560975609756098,187.4583282470703,-1.2391517128874387,296.1661431789398
2026-08-27 09:25:33,v1.6.5,MAIN,MAIN,MAIN,2026-08-27 09:25:33.589,True,KOSPI,047040,대우건설,20600.0,7.85,4553459,89338000000.0,93801255400.0,89338000000.0,ACTUAL,19,20600.0,0.0,1.0740967838893898,1.068450679769296,82,37,25,11,9,True,60,2026-08-27 09:20:25.177,20050.0,67.0,308.412051,20260827_047040_E002,2026-08-27 09:20:56.329,20050.0,67.0,277.259421,466.0575668811798,28,True,True,True,False,,,,,,,0.24330900243309003,15.292068004608154,0.24330900243309003,30.45636296272278,0.9803921568627451,62.92661237716675,1.2285012285012284,125.69219875335693,0.7334963325183375,187.51592636108398,2.7431421446384037,296.0496916770935,-0.24271844660194172,30.45636296272278,-0.4878048780487805,62.92661237716675,-0.4889975550122249,125.69219875335693,0.0,187.51592636108398,-0.24875621890547264,296.0496916770935
2026-08-27 09:25:33,v1.6.5,MAIN,MAIN,MAIN,2026-08-27 09:25:33.603,True,KOSDAQ,222800,심텍,124300.0,10.12,395452,166897000000.0,49154683600.0,166897000000.0,ACTUAL,1,125000.0,0.5599999999999999,1.0677717780734979,1.1116070926610973,82,40,22,11,9,True,60,2026-08-27 09:00:30.821,119500.0,65.0,1502.782191,20260827_222800_E008,2026-08-27 09:14:14.651,119000.0,63.0,678.952271,589.6253869533539,39,False,True,True,True,20260827_222800_SHADOW_SCORE_70_74_090106757651,2026-08-27 09:01:06.747,120500.0,71.0,15.455576,1.4937759336099532,0.24193548387096775,15.292068004608154,-0.4006410256410256,30.45636296272278,0.5663430420711975,62.92661237716675,0.6477732793522267,125.69219875335693,0.974817221770918,187.51592636108398,3.5833333333333335,296.0496916770935,0.3999999999999999,30.45636296272278,0.4791592562651576,62.92661237716675,0.39831851253031525,125.69219875335693,0.23611336032388658,187.51592636108398,-1.5607177814029365,296.0496916770935
2026-08-27 09:25:49,v1.6.5,MAIN,MAIN,MAIN,2026-08-27 09:25:49.525,True,KOSDAQ,222800,심텍,125250.0,10.65,402710,167669000000.0,50439427500.0,167669000000.0,ACTUAL,1,125400.0,0.11961722488038277,1.0502878333260253,1.0800076164526105,85,40,25,11,9,True,60,2026-08-27 09:00:30.821,119500.0,65.0,1518.704397,20260827_222800_E008,2026-08-27 09:14:14.651,119000.0,63.0,694.874477,589.4388182163239,39,True,True,True,True,20260827_222800_SHADOW_SCORE_70_74_090106757651,2026-08-27 09:01:06.747,120500.0,71.0,15.455576,1.4937759336099532,0.7642799678197908,15.466389656066895,1.0080645161290323,30.75845766067505,0.3605769230769231,62.65105986595154,2.078239608801956,125.53352475166321,1.6639610389610389,187.5754382610321,4.201331114808652,295.84536361694336,-0.6803827751196173,30.75845766067505,0.11961722488038277,62.65105986595154,-0.688790212468041,125.53352475166321,-0.12329775487670226,187.5754382610321,-1.8379684194915582,295.84536361694336
2026-08-27 09:25:49,v1.6.5,MAIN,MAIN,MAIN,2026-08-27 09:25:49.511,True,KOSPI,047040,대우건설,20450.0,7.07,4602070,90363000000.0,94112331500.0,90363000000.0,ACTUAL,17,20600.0,0.7281553398058253,1.064760154123511,1.0598211826521748,79,37,22,11,9,True,60,2026-08-27 09:20:25.177,20050.0,67.0,324.333968,20260827_047040_E002,2026-08-27 09:20:56.329,20050.0,67.0,293.181338,481.5239565372467,29,False,True,True,False,,,,,,,-0.7281553398058253,15.466389656066895,-0.48661800486618007,30.75845766067505,0.4914004914004914,62.65105986595154,-0.24390243902439024,125.53352475166321,0.24509803921568626,187.5754382610321,1.99501246882793,295.84536361694336,0.4854368932038835,30.75845766067505,-0.003551977267345574,62.65105986595154,0.7281553398058253,125.53352475166321,0.48365656229971277,187.5754382610321,0.47939912090035264,311.5160813331604
2026-08-27 09:26:05,v1.6.5,MAIN,MAIN,MAIN,2026-08-27 09:26:05.491,True,KOSDAQ,222800,심텍,125500.0,11.09,412368,170457000000.0,51752184000.0,170457000000.0,ACTUAL,1,125600.0,0.07961783439490447,1.050750813689713,1.0751349237387564,85,40,25,11,9,True,60,2026-08-27 09:00:30.821,119500.0,65.0,1534.670067,20260827_222800_E008,2026-08-27 09:14:14.651,119000.0,63.0,710.840147,589.5690448284149,39,True,True,True,True,20260827_222800_SHADOW_SCORE_70_74_090106757651,2026-08-27 09:01:06.747,120500.0,71.0,15.455576,1.4937759336099532,0.19960079840319359,15.86983847618103,0.9654062751407884,31.336228132247925,0.5608974358974359,61.7925910949707,1.7842660178426604,125.68345808982849,1.4961585119288312,172.35233879089355,4.149377593360995,296.23328948020935,-0.4803821656050955,31.336228132247925,-0.08038216560509553,61.7925910949707,-0.24374514054446497,125.68345808982849,0.03919746252748329,172.35233879089355,-1.6332696044305441,296.23328948020935
2026-08-27 09:26:05,v1.6.5,MAIN,MAIN,MAIN,2026-08-27 09:26:05.480,True,KOSPI,047040,대우건설,20650.0,7.85,4679954,91901000000.0,96641050100.0,91901000000.0,ACTUAL,17,20700.0,0.24154589371980675,1.0648521505376345,1.0480258067694623,77,37,25,11,4,True,60,2026-08-27 09:20:25.177,20050.0,67.0,340.30296,20260827_047040_E002,2026-08-27 09:20:56.329,20050.0,67.0,309.15033,497.39379501342773,30,True,True,True,False,,,,,,,0.9779951100244498,15.86983847618103,0.24271844660194172,31.336228132247925,0.48661800486618007,61.7925910949707,0.9779951100244498,125.68345808982849,2.2277227722772275,172.35233879089355,2.9925187032418954,296.23328948020935,0.24154589371980675,31.336228132247925,-0.0011725528821349696,61.7925910949707,-0.002356545304583485,125.68345808982849,-0.9809479938107557,172.35233879089355,-0.25473202191294764,296.23328948020935
2026-08-27 09:26:22,v1.6.5,MAIN,MAIN,MAIN,2026-08-27 09:26:22.232,True,KOSPI,010120,LS ELECTRIC,212000.0,5.21,247907,153798000000.0,52556284000.0,153798000000.0,ACTUAL,12,214000.0,0.9345794392523363,1.1270225114315864,1.1923420996941072,85,40,22,11,12,True,60,2026-08-27 09:00:30.821,213000.0,71.0,1551.410948,20260827_010120_E007,2026-08-27 09:26:08.548,212000.0,85.0,13.683988,589.783196926117,39,True,True,True,True,20260827_010120_SHADOW_SCORE_70_74_090035575468,2026-08-27 09:00:35.564,213000.0,71.0,63.917721,0.0,0.47393364928909953,15.98517107963562,0.47393364928909953,31.85500955581665,0.47393364928909953,62.6134672164917,1.3142174432497014,125.92913246154785,1.1933174224343674,173.01359796524048,0.47393364928909953,296.56924057006836,,,,,,,,,,
2026-08-27 09:26:22,v1.6.5,MAIN,MAIN,MAIN,2026-08-27 09:26:22.213,True,KOSPI,047040,대우건설,20750.0,8.64,4774062,93558000000.0,99061786500.0,93558000000.0,ACTUAL,17,20800.0,0.2403846153846154,1.059931118865274,1.0601384246556482,82,37,25,11,9,True,60,2026-08-27 09:20:25.177,20050.0,67.0,357.035967,20260827_047040_E002,2026-08-27 09:20:56.329,20050.0,67.0,325.883337,513.3789660930634,31,True,True,True,False,,,,,,,0.48426150121065376,15.98517107963562,1.466992665036675,31.85500955581665,0.9732360097323601,62.6134672164917,1.715686274509804,125.92913246154785,1.9656019656019657,173.01359796524048,3.4912718204488775,296.56924057006836,-0.48777072442120983,31.85500955581665,-0.002333831217326332,62.6134672164917,-0.24742026266416509,125.92913246154785,-0.24861293962760952,173.01359796524048,-0.25589330024813894,296.56924057006836
2026-08-27 09:26:22,v1.6.5,MAIN,MAIN,MAIN,2026-08-27 09:26:22.235,True,KOSDAQ,222800,심텍,125100.0,11.36,421255,172368000000.0,52699000500.0,172368000000.0,ACTUAL,1,125600.0,0.3980891719745223,1.0436994023651083,1.073652311542804,79,40,25,5,9,True,60,2026-08-27 09:00:30.821,119500.0,65.0,1551.414261,20260827_222800_E008,2026-08-27 09:14:14.651,119000.0,63.0,727.584341,589.783196926117,39,False,True,True,True,20260827_222800_SHADOW_SCORE_70_74_090106757651,2026-08-27 09:01:06.747,120500.0,71.0,15.455576,1.4937759336099532,-0.3187250996015936,15.98517107963562,-0.11976047904191617,31.85500955581665,0.8870967741935484,62.6134672164917,1.2135922330097086,125.92913246154785,1.2955465587044535,173.01359796524048,3.4739454094292808,296.56924057006836,0.2784719470941395,31.85500955581665,-0.40191082802547773,62.6134672164917,0.31724842823967997,125.92913246154785,0.2364076845048376,173.01359796524048,-0.9885339927889361,296.56924057006836
2026-08-27 09:26:36,v1.6.5,MAIN,MAIN,MAIN,2026-08-27 09:26:36.806,True,KOSPI,047040,대우건설,20750.0,9.16,4880457,95484000000.0,101269482750.0,95484000000.0,ACTUAL,17,20900.0,0.7177033492822966,1.0687949136985382,1.0718130985696808,79,37,22,11,9,True,60,2026-08-27 09:20:25.177,20050.0,67.0,371.629868,20260827_047040_E002,2026-08-27 09:20:56.329,20050.0,67.0,340.477238,529.1347599029541,32,True,True,True,False,,,,,,,0.0,15.755793809890747,0.48426150121065376,31.740964889526367,0.7281553398058253,63.07719302177429,1.715686274509804,126.00380539894104,1.2195121951219512,173.1443281173706,2.4691358024691357,296.6969082355499,0.4761574555624899,31.740964889526367,0.7177033492822966,63.07719302177429,0.22989847123351614,126.00380539894104,0.7177033492822966,173.1443281173706,0.7177033492822966,296.6969082355499
2026-08-27 09:26:51,v1.6.5,MAIN,MAIN,MAIN,2026-08-27 09:26:51.329,True,KOSDAQ,222800,심텍,125700.0,10.38,432040,174793000000.0,54307428000.0,174793000000.0,ACTUAL,1,125800.0,0.0794912559618442,1.0424884743154668,1.0728315661394054,79,40,25,5,9,True,60,2026-08-27 09:00:30.821,119500.0,65.0,1580.508662,20260827_222800_E008,2026-08-27 09:14:14.651,119000.0,63.0,756.678742,590.5664112567902,39,True,True,True,True,20260827_222800_SHADOW_SCORE_70_74_090106757651,2026-08-27 09:01:06.747,120500.0,71.0,15.455576,1.4937759336099532,1.1263073209975865,15.559143543243408,0.4796163069544364,31.314937353134155,0.3592814371257485,63.169946908950806,0.7211538461538461,125.82100677490234,1.9464720194647203,172.98356652259827,2.3615635179153096,296.4193217754364,-0.3185979160126781,31.314937353134155,-0.040125968918538577,63.169946908950806,0.0794912559618442,125.82100677490234,-0.24387171897752524,172.98356652259827,-0.0018757090503608437,296.4193217754364
2026-08-27 09:26:51,v1.6.5,MAIN,MAIN,MAIN,2026-08-27 09:26:51.318,True,KOSPI,047040,대우건설,20650.0,8.38,4943269,97275000000.0,102078504850.0,97275000000.0,ACTUAL,16,20900.0,1.1961722488038278,1.0764914843464692,1.0741403325025478,76,37,19,11,9,True,60,2026-08-27 09:20:25.177,20050.0,67.0,386.141521,20260827_047040_E002,2026-08-27 09:20:56.329,20050.0,67.0,354.988891,544.6939034461975,33,False,True,True,False,,,,,,,-0.48192771084337355,15.559143543243408,-0.48192771084337355,31.314937353134155,0.9779951100244498,63.169946908950806,1.4742014742014742,125.82100677490234,0.9779951100244498,172.98356652259827,1.7241379310344827,296.4193217754364,0.9557876334192124,31.314937353134155,0.4680169089980025,63.169946908950806,0.46446493173065695,125.82100677490234,0.9522698097794375,172.98356652259827,0.7059761703724552,296.4193217754364
2026-08-27 09:27:07,v1.6.5,MAIN,MAIN,MAIN,2026-08-27 09:27:07.589,True,KOSDAQ,222800,심텍,125800.0,11.54,438022,176392000000.0,55103167600.0,176392000000.0,ACTUAL,1,126000.0,0.15873015873015872,1.0348181652850865,1.0622114228068134,79,40,25,5,9,True,60,2026-08-27 09:00:30.821,119500.0,65.0,1596.768404,20260827_222800_E008,2026-08-27 09:14:14.651,119000.0,63.0,772.938484,590.8788793087006,39,True,True,True,True,20260827_222800_SHADOW_SCORE_70_74_090106757651,2026-08-27 09:01:06.747,120500.0,71.0,15.455576,1.4937759336099532,0.07955449482895784,15.517780303955078,1.2067578439259854,31.076923847198486,0.2390438247011952,62.81788873672485,0.8012820512820512,124.61047983169556,1.779935275080906,172.76185011863708,2.526487367563162,296.90451312065125,-0.8763016884035991,31.076923847198486,0.07911232433525425,62.81788873672485,-0.001269841269841282,124.61047983169556,0.07788941499531636,172.76185011863708,-0.08517228029423152,296.90451312065125
2026-08-27 09:27:07,v1.6.5,MAIN,MAIN,MAIN,2026-08-27 09:27:07.573,True,KOSPI,047040,대우건설,20600.0,7.85,4977993,98172000000.0,102546655800.0,98172000000.0,ACTUAL,16,20900.0,1.4354066985645932,1.0682364718555837,1.0636841729640933,76,37,19,11,9,True,60,2026-08-27 09:20:25.177,20050.0,67.0,402.396774,20260827_047040_E002,2026-08-27 09:20:56.329,20050.0,67.0,371.244144,560.2116837501526,34,False,False,True,False,,,,,,,-0.24213075060532688,15.517780303955078,-0.7228915662650602,31.076923847198486,-0.24213075060532688,62.81788873672485,0.24330900243309003,124.61047983169556,0.9803921568627451,172.76185011863708,1.2285012285012284,296.90451312065125,0.7177033492822966,31.076923847198486,1.1938608048447865,62.81788873672485,1.1926882519626516,124.61047983169556,0.9476018205158128,172.76185011863708,1.190308659348907,296.90451312065125
2026-08-27 09:27:23,v1.6.5,MAIN,MAIN,MAIN,2026-08-27 09:27:23.829,True,KOSPI,047040,대우건설,20700.0,8.12,5018533,98965000000.0,103883633100.0,98965000000.0,ACTUAL,16,20900.0,0.9569377990430622,1.0577930267855233,1.051208174506322,79,37,22,11,9,True,60,2026-08-27 09:20:25.177,20050.0,67.0,418.652032,20260827_047040_E002,2026-08-27 09:20:56.329,20050.0,67.0,387.499402,575.4655961990356,35,True,False,True,False,,,,,,,0.48543689320388345,15.253912448883057,0.24213075060532688,30.771692752838135,-0.24096385542168677,62.08663010597229,0.7299270072992701,124.70009732246399,1.4705882352941175,172.33464169502258,1.2224938875305624,296.9239556789398,-0.23923444976076558,30.771692752838135,0.7165531836584468,62.08663010597229,0.7142193524411204,124.70009732246399,0.4691329209942817,172.33464169502258,0.9569377990430622,296.9239556789398
2026-08-27 09:27:39,v1.6.5,MAIN,MAIN,MAIN,2026-08-27 09:27:39.005,True,KOSPI,047040,대우건설,20950.0,8.64,5182180,102593000000.0,108566671000.0,102593000000.0,ACTUAL,16,20950.0,0.0,1.0744522642536969,1.0618226940632813,85,40,25,11,9,True,60,2026-08-27 09:20:25.177,20050.0,67.0,433.827983,20260827_047040_E002,2026-08-27 09:20:56.329,20050.0,67.0,402.675353,590.7183485031128,36,True,True,True,False,,,,,,,1.2077294685990339,15.252752304077148,1.6990291262135921,30.506664752960205,0.9638554216867471,61.58358860015869,1.6990291262135921,124.66078162193298,2.696078431372549,187.58739399909973,2.696078431372549,296.7698302268982,-1.4354066985645932,30.506664752960205,-0.7177033492822966,61.58358860015869,0.0,124.66078162193298,-0.4878048780487805,187.58739399909973,-0.24449877750611246,296.7698302268982
2026-08-27 09:27:39,v1.6.5,MAIN,MAIN,MAIN,2026-08-27 09:27:39.019,True,KOSDAQ,222800,심텍,125300.0,10.51,450609,179709000000.0,56461307700.0,179709000000.0,ACTUAL,1,126100.0,0.63441712926249,1.0327094479275014,1.0564037041378502,76,40,22,5,9,True,60,2026-08-27 09:00:30.821,119500.0,65.0,1628.197943,20260827_222800_E008,2026-08-27 09:14:14.651,119000.0,63.0,804.368023,590.7183485031128,39,False,True,True,True,20260827_222800_SHADOW_SCORE_70_74_090106757651,2026-08-27 09:01:06.747,120500.0,71.0,15.455576,1.4937759336099532,0.48115477145148355,15.252752304077148,-0.39745627980922094,30.506664752960205,0.8045052292839904,61.58358860015869,0.8045052292839904,124.66078162193298,1.3754045307443366,187.58739399909973,1.7045454545454544,296.7698302268982,0.47568697053233133,30.506664752960205,-0.4006147178712678,61.58358860015869,0.07441712926249011,124.66078162193298,0.5535763855276477,187.58739399909973,0.391502149505405,296.7698302268982
2026-08-27 09:27:53,v1.6.5,MAIN,MAIN,MAIN,2026-08-27 09:27:53.814,True,KOSPI,047040,대우건설,20950.0,9.69,5182180,102593000000.0,108566671000.0,102593000000.0,ACTUAL,16,20950.0,0.0,1.0546697507067593,1.0483305682939772,80,40,25,11,4,True,60,2026-08-27 09:20:25.177,20050.0,67.0,448.637662,20260827_047040_E002,2026-08-27 09:20:56.329,20050.0,67.0,417.485032,543.4588813781738,36,True,True,True,False,,,,,,,0.0,15.166553735733032,1.2077294685990339,30.41930603981018,1.4527845036319613,61.190998792648315,2.444987775061125,124.36094570159912,2.9484029484029484,187.01200556755066,3.201970443349754,296.58998703956604,-0.9569377990430622,30.41930603981018,-1.1961722488038278,61.190998792648315,-0.7281553398058253,124.36094570159912,-0.7317073170731708,187.01200556755066,-0.7334963325183375,296.58998703956604
2026-08-27 09:28:25,v1.6.5,MAIN,MAIN,MAIN,2026-08-27 09:28:25.149,True,KOSPI,062040,산일전기,198400.0,11.81,343849,152694000000.0,68219641600.0,152694000000.0,ACTUAL,13,198900.0,0.2513826043237808,1.0387064297570134,1.0623345166263483,79,40,25,5,9,True,60,2026-08-27 09:05:11.479,188200.0,61.0,1393.670169,20260827_062040_E001,2026-08-27 09:05:11.479,188200.0,61.0,1393.670169,590.1241452693939,39,True,True,True,False,,,,,,,0.32869785082174463,15.6858229637146,0.3033367037411527,30.786585330963135,0.6085192697768762,61.205891370773315,1.1213047910295617,123.2925214767456,1.4833759590792839,185.9059886932373,2.110138960370561,296.3061194419861,-0.301659125188537,30.786585330963135,-0.603318250377074,61.205891370773315,-1.1060834590246356,123.2925214767456,-1.4580191050779288,185.9059886932373,-2.0613373554550027,296.3061194419861
2026-08-27 09:28:40,v1.6.5,MAIN,MAIN,MAIN,2026-08-27 09:28:40.895,True,KOSPI,062040,산일전기,197900.0,11.98,346012,153790000000.0,68475774800.0,153790000000.0,ACTUAL,13,198900.0,0.5027652086475616,1.0341882640915632,1.052924350313432,76,40,22,5,9,True,60,2026-08-27 09:05:11.479,188200.0,61.0,1409.416238,20260827_062040_E001,2026-08-27 09:05:11.479,188200.0,61.0,1409.416238,589.9073116779327,39,True,False,True,False,,,,,,,-0.25201612903225806,15.661844968795776,0.07585335018963338,31.347667932510376,0.0,61.61498403549194,1.1758691206543967,123.19857263565063,0.815078960774325,186.27576565742493,1.9577537351880476,296.34290075302124,-0.0754147812971343,31.347667932510376,0.0,61.61498403549194,-1.1563599798893918,123.19857263565063,-0.8044243338360986,186.27576565742493,-1.9105077928607344,296.34290075302124
2026-08-27 09:28:56,v1.6.5,MAIN,MAIN,MAIN,2026-08-27 09:28:56.871,True,KOSPI,062040,산일전기,197300.0,11.87,348221,154252000000.0,68704003300.0,154252000000.0,ACTUAL,13,198900.0,0.8044243338360985,1.0314685782301098,1.0516522810599243,76,40,22,5,9,True,60,2026-08-27 09:05:11.479,188200.0,61.0,1425.391853,20260827_062040_E001,2026-08-27 09:05:11.479,188200.0,61.0,1425.391853,590.2166662216187,39,False,False,True,False,,,,,,,-0.30318342597271347,15.807250738143921,-0.5544354838709677,31.469095706939697,-0.2527805864509606,62.25568103790283,0.3560528992878942,123.44667983055115,0.6119326874043856,186.61662673950195,1.7534811758638473,296.4302463531494,0.5530417295123177,31.469095706939697,0.2513826043237807,62.25568103790283,-0.3519356460532933,123.44667983055115,-0.6033182503770741,186.61662673950195,-1.7094017094017095,296.4302463531494
2026-08-27 09:29:12,v1.6.5,MAIN,MAIN,MAIN,2026-08-27 09:29:12.435,True,KOSPI,062040,산일전기,197500.0,11.25,351618,155241000000.0,69444555000.0,155241000000.0,ACTUAL,13,198900.0,0.7038712921065863,1.0347192598912232,1.0570208928303022,76,40,22,5,9,True,60,2026-08-27 09:05:11.479,188200.0,61.0,1440.956567,20260827_062040_E001,2026-08-27 09:05:11.479,188200.0,61.0,1440.956567,590.5365607738495,39,False,False,True,False,,,,,,,0.10136847440446022,15.839266538619995,-0.202122283981809,31.646517276763916,-0.12642225031605564,62.99418520927429,0.4577822990844354,123.76816606521606,0.8682328907048007,186.58605480194092,1.2301383905689391,296.53001618385315,0.2011060834590247,31.646517276763916,0.1256913021618904,62.99418520927429,-0.4524886877828055,123.76816606521606,-0.8547008547008547,186.58605480194092,-1.206636500754148,296.53001618385315
2026-08-27 09:30:17,v1.6.5,MAIN,MAIN,MAIN,2026-08-27 09:30:17.358,True,KOSPI,047040,대우건설,21200.0,10.21,5611965,110703000000.0,118973658000.0,110703000000.0,ACTUAL,16,21200.0,0.0,1.0790502275983742,1.0829351740001312,85,40,25,11,9,True,60,2026-08-27 09:20:25.177,20050.0,67.0,592.181122,20260827_047040_E002,2026-08-27 09:20:56.329,20050.0,67.0,561.028492,594.005429983139,39,True,True,True,False,,,,,,,1.1933174224343674,16.705034017562866,1.1933174224343674,33.00576305389404,1.1933174224343674,64.62493586540222,1.1933174224343674,127.61912107467651,2.4154589371980677,173.13918948173523,3.1630170316301705,297.8392868041992,0.0,33.00576305389404,0.0,64.62493586540222,0.0,127.61912107467651,-0.9569377990430622,173.13918948173523,-0.24271844660194172,297.8392868041992
2026-08-27 09:30:33,v1.6.5,MAIN,MAIN,MAIN,2026-08-27 09:30:33.662,True,KOSPI,047040,대우건설,21400.0,10.73,5768633,112966000000.0,123448746200.0,112966000000.0,ACTUAL,16,21450.0,0.2331002331002331,1.101108262746971,1.1131672384980837,85,40,25,11,9,True,60,2026-08-27 09:20:25.177,20050.0,67.0,608.485545,20260827_047040_E002,2026-08-27 09:20:56.329,20050.0,67.0,577.332915,594.2486917972565,39,True,True,True,False,,,,,,,0.9433962264150944,15.6517813205719,2.1479713603818613,32.356815338134766,2.1479713603818613,64.61912322044373,2.1479713603818613,127.58507943153381,2.1479713603818613,173.53821849822998,3.8834951456310676,298.19900012016296,0.2331002331002331,32.356815338134766,0.2331002331002331,64.61912322044373,0.2331002331002331,127.58507943153381,0.2331002331002331,173.53821849822998,0.2331002331002331,298.19900012016296
2026-08-27 09:30:47,v1.6.5,MAIN,MAIN,MAIN,2026-08-27 09:30:47.801,True,KOSPI,047040,대우건설,21500.0,12.57,5979133,117936000000.0,128551359500.0,117936000000.0,ACTUAL,16,21550.0,0.23201856148491878,1.1495521136919673,1.153787209243986,88,40,25,11,12,True,60,2026-08-27 09:20:25.177,20050.0,67.0,622.624835,20260827_047040_E002,2026-08-27 09:20:56.329,20050.0,67.0,591.472205,593.927841424942,39,True,True,True,False,,,,,,,0.46728971962616817,15.349867343902588,1.4150943396226416,31.001648664474487,2.6252983293556085,64.00741171836853,2.6252983293556085,127.27310180664062,2.6252983293556085,173.72153210639954,5.134474327628362,298.08247780799866,0.23201856148491878,31.001648664474487,0.23201856148491878,64.00741171836853,0.23201856148491878,127.27310180664062,0.23201856148491878,173.72153210639954,-0.49613677832090647,298.08247780799866
2026-08-27 09:31:04,v1.6.5,MAIN,MAIN,MAIN,2026-08-27 09:31:04.219,True,KOSPI,047040,대우건설,21500.0,12.3,6129822,122110000000.0,131791173000.0,122110000000.0,ACTUAL,16,21550.0,0.23201856148491878,1.1902371506827951,1.1828655121975693,93,40,25,16,12,False,60,2026-08-27 09:20:25.177,20050.0,67.0,639.042078,20260827_047040_E002,2026-08-27 09:20:56.329,20050.0,67.0,607.889448,593.5318992137909,39,True,True,True,False,,,,,,,0.0,15.085970401763916,0.46728971962616817,30.435837745666504,2.6252983293556085,62.79265308380127,2.6252983293556085,126.55182147026062,2.6252983293556085,173.70674014091492,4.116222760290557,297.29860973358154,-0.0010816716153143058,30.435837745666504,0.23201856148491878,62.79265308380127,0.23201856148491878,126.55182147026062,0.23201856148491878,173.70674014091492,-0.00952733223488797,297.29860973358154
2026-08-27 09:31:19,v1.6.5,MAIN,MAIN,MAIN,2026-08-27 09:31:19.145,True,KOSPI,047040,대우건설,21700.0,12.04,6334379,125500000000.0,137456024300.0,125500000000.0,ACTUAL,16,21700.0,0.0,1.133663947679828,1.1287274599895045,85,40,25,11,9,False,60,2026-08-27 09:20:25.177,20050.0,67.0,653.968316,20260827_047040_E002,2026-08-27 09:20:56.329,20050.0,67.0,622.815686,593.2946147918701,39,True,True,True,False,,,,,,,0.9302325581395349,15.411935567855835,0.9302325581395349,30.49790596961975,2.358490566037736,61.49955463409424,3.579952267303103,126.12449049949646,3.579952267303103,173.43285274505615,4.578313253012048,296.72537422180176,-0.23201856148491878,30.49790596961975,0.0,61.49955463409424,0.0,126.12449049949646,0.0,173.43285274505615,-0.2403846153846154,296.72537422180176
2026-08-27 09:31:35,v1.6.5,MAIN,MAIN,MAIN,2026-08-27 09:31:35.025,True,KOSPI,047040,대우건설,21750.0,14.4,6488418,129480000000.0,141123091500.0,129480000000.0,ACTUAL,16,21900.0,0.684931506849315,1.1461855779615104,1.1247756617555666,82,40,22,11,9,False,60,2026-08-27 09:20:25.177,20050.0,67.0,669.847985,20260827_047040_E002,2026-08-27 09:20:56.329,20050.0,67.0,638.695355,593.6027781963348,39,True,True,True,False,,,,,,,0.2304147465437788,15.936289548873901,1.1627906976744187,31.348225116729736,1.6355140186915886,61.78406286239624,3.8186157517899764,126.40318608283997,3.8186157517899764,173.70729732513428,4.819277108433735,296.9058699607849,0.45291294536439625,31.348225116729736,0.45183127374908194,61.78406286239624,0.684931506849315,126.40318608283997,0.684931506849315,173.70729732513428,-0.03277184243298159,296.9058699607849
2026-08-27 09:31:49,v1.6.5,MAIN,MAIN,MAIN,2026-08-27 09:31:49.883,True,KOSPI,047040,대우건설,21750.0,13.61,6611148,131980000000.0,143792469000.0,131980000000.0,ACTUAL,16,21900.0,0.684931506849315,1.1190815357482025,1.1057034523232716,82,40,22,11,9,False,60,2026-08-27 09:20:25.177,20050.0,67.0,684.706455,20260827_047040_E002,2026-08-27 09:20:56.329,20050.0,67.0,653.553825,593.6529393196106,39,True,True,True,False,,,,,,,0.0,15.88689112663269,0.2304147465437788,31.823180675506592,1.1627906976744187,62.32108664512634,3.8186157517899764,126.32849836349487,3.8186157517899764,173.78693771362305,5.326876513317192,297.2336175441742,0.684931506849315,31.823180675506592,0.45291294536439625,62.32108664512634,0.684931506849315,126.32849836349487,0.684931506849315,173.78693771362305,-0.5112407419545127,297.2336175441742
2026-08-27 09:32:06,v1.6.5,MAIN,MAIN,MAIN,2026-08-27 09:32:06.122,True,KOSPI,047040,대우건설,21750.0,14.14,6706670,134835000000.0,145870072500.0,134835000000.0,ACTUAL,15,21900.0,0.684931506849315,1.1042093194660552,1.094105179563126,82,40,22,11,9,False,60,2026-08-27 09:20:25.177,20050.0,67.0,700.944938,20260827_047040_E002,2026-08-27 09:20:56.329,20050.0,67.0,669.792308,594.4450116157532,39,False,True,True,False,,,,,,,0.0,15.824661254882812,0.0,31.711552381515503,1.1627906976744187,63.05977749824524,3.8186157517899764,125.85243058204651,3.8186157517899764,173.77233242988586,5.582524271844661,297.54049849510193,0.0,31.711552381515503,0.45291294536439625,63.05977749824524,0.684931506849315,125.85243058204651,0.684931506849315,173.77233242988586,-0.7504751917152782,297.54049849510193
2026-08-27 09:32:21,v1.6.5,MAIN,MAIN,MAIN,2026-08-27 09:32:21.433,True,KOSPI,047040,대우건설,21800.0,13.87,6773634,136276000000.0,147665221200.0,136276000000.0,ACTUAL,15,21900.0,0.45662100456621,1.0858645418326693,1.069344603472574,85,40,25,11,9,False,60,2026-08-27 09:20:25.177,20050.0,67.0,716.256329,20260827_047040_E002,2026-08-27 09:20:56.329,20050.0,67.0,685.103699,594.4718670845032,39,True,True,True,False,,,,,,,0.22988505747126436,15.261325359344482,0.22988505747126436,31.085986614227295,0.4608294930875576,62.90916728973389,2.8301886792452833,124.40872192382812,4.05727923627685,173.37606382369995,5.314009661835748,297.54791140556335,-0.228310502283105,31.085986614227295,0.45662100456621,62.90916728973389,0.45662100456621,124.40872192382812,0.45662100456621,173.37606382369995,-0.5003167944768522,297.54791140556335
2026-08-27 09:32:36,v1.6.5,MAIN,MAIN,MAIN,2026-08-27 09:32:36.031,True,KOSPI,047040,대우건설,21800.0,14.4,6971274,138704000000.0,151973773200.0,138704000000.0,ACTUAL,15,21900.0,0.45662100456621,1.0712388013592833,1.0744181401383204,85,40,25,11,9,False,60,2026-08-27 09:20:25.177,20050.0,67.0,730.854323,20260827_047040_E002,2026-08-27 09:20:56.329,20050.0,67.0,699.701693,594.3913671970367,39,True,True,True,False,,,,,,,0.0,15.326377868652344,0.22988505747126436,30.587703227996826,0.22988505747126436,62.29925560951233,1.8691588785046727,124.08331847190857,4.05727923627685,172.7408628463745,4.05727923627685,297.62153697013855,-0.228310502283105,30.587703227996826,-0.228310502283105,62.29925560951233,0.22352077146597693,124.08331847190857,0.45662100456621,172.7408628463745,0.45662100456621,297.62153697013855
2026-08-27 09:34:23,v1.6.5,MAIN,MAIN,MAIN,2026-08-27 09:34:23.540,True,KOSPI,047040,대우건설,21500.0,12.04,7830091,159035000000.0,168346956500.0,159035000000.0,ACTUAL,14,21900.0,1.82648401826484,1.0699484653991578,1.0651896661750708,79,40,19,11,9,False,60,2026-08-27 09:20:25.177,20050.0,67.0,838.363315,20260827_047040_E003,2026-08-27 09:33:40.514,21300.0,74.0,43.026396,592.9117131233215,39,True,True,True,False,,,,,,,1.0575793184488838,15.360339403152466,0.9389671361502347,30.69787335395813,0.702576112412178,61.708680868148804,-1.3761467889908259,123.0291600227356,-0.9216589861751152,185.93832731246948,2.6252983293556085,296.40522384643555,-0.91324200913242,30.69787335395813,-0.6849315068493151,61.708680868148804,1.36986301369863,123.0291600227356,1.82648401826484,185.93832731246948,1.82648401826484,296.40522384643555
2026-08-27 09:34:39,v1.6.5,MAIN,MAIN,MAIN,2026-08-27 09:34:39.389,True,KOSPI,047040,대우건설,21650.0,12.83,7962138,161673000000.0,172380287700.0,161673000000.0,ACTUAL,14,21900.0,1.141552511415525,1.0581593983781343,1.0542443124491887,79,40,19,11,9,False,60,2026-08-27 09:20:25.177,20050.0,67.0,854.212629,20260827_047040_E003,2026-08-27 09:33:40.514,21300.0,74.0,58.87571,592.5556304454803,39,True,True,True,False,,,,,,,0.6976744186046512,15.385859489440918,1.762632197414806,30.746198892593384,2.3640661938534278,62.04724931716919,-0.6880733944954129,123.08864164352417,-0.45977011494252873,185.3878972530365,3.341288782816229,295.8295044898987,-1.7123287671232879,30.746198892593384,-2.2831050228310503,62.04724931716919,0.6849315068493149,123.08864164352417,0.4566210045662099,185.3878972530365,1.141552511415525,295.8295044898987
2026-08-27 09:34:55,v1.6.5,MAIN,MAIN,MAIN,2026-08-27 09:34:55.264,True,KOSPI,047040,대우건설,21800.0,13.61,8209542,166928000000.0,178968015600.0,166928000000.0,ACTUAL,13,21950.0,0.683371298405467,1.0798180983122991,1.071251880504255,82,40,22,11,9,False,60,2026-08-27 09:20:25.177,20050.0,67.0,870.087894,20260827_047040_E003,2026-08-27 09:33:40.514,21300.0,74.0,74.750975,591.7106108665466,39,True,True,True,False,,,,,,,0.6928406466512702,15.88328766822815,1.3953488372093024,31.269147157669067,2.3474178403755865,61.9670205116272,1.8691588785046727,123.40789484977722,0.22988505747126436,185.38429379463196,4.05727923627685,295.41206312179565,-1.1431127198593731,31.269147157669067,-2.056354728991793,61.9670205116272,-1.599733724425583,123.40789484977722,-0.0015602084438480768,185.38429379463196,0.683371298405467,295.41206312179565
2026-08-27 09:35:07,v1.6.5,MAIN,MAIN,MAIN,2026-08-27 09:35:07.940,True,KOSPI,047040,대우건설,21750.0,13.61,8317261,169834000000.0,180900426750.0,169834000000.0,ACTUAL,12,21950.0,0.9111617312072893,1.0986163310455466,1.0853079851342133,82,40,22,11,9,False,60,2026-08-27 09:20:25.177,20050.0,67.0,882.763307,20260827_047040_E003,2026-08-27 09:33:40.514,21300.0,74.0,87.426388,592.41428565979,39,True,True,True,False,,,,,,,-0.22935779816513763,15.867969751358032,0.4618937644341801,31.75125741958618,2.2326674500587544,62.497456312179565,1.6355140186915886,124.07246041297913,0.0,185.42760229110718,2.5943396226415096,294.5749988555908,-0.23039078020823567,31.75125741958618,-1.9427195473315235,62.497456312179565,-1.3719432916237606,124.07246041297913,0.22623022435797424,185.42760229110718,0.9111617312072893,294.5749988555908
2026-08-27 09:35:23,v1.6.5,MAIN,MAIN,MAIN,2026-08-27 09:35:23.442,True,KOSPI,047040,대우건설,21550.0,13.09,8460017,172494000000.0,182313366350.0,172494000000.0,ACTUAL,12,21950.0,1.8223234624145785,1.1015012867259688,1.0976204259744735,79,40,19,11,9,False,60,2026-08-27 09:20:25.177,20050.0,67.0,898.26579,20260827_047040_E003,2026-08-27 09:33:40.514,21300.0,74.0,102.928871,592.7654540538788,39,False,True,True,False,,,,,,,-0.9195402298850575,15.6432363986969,-1.146788990825688,31.51120615005493,0.23255813953488372,62.780353307724,0.936768149882904,124.4890341758728,-1.146788990825688,185.8095133304596,0.7009345794392523,294.5664539337158,1.1389521640091116,31.51120615005493,-0.004160555850261538,62.780353307724,-0.6890920626995767,124.4890341758728,1.3657024578483685,185.8095133304596,1.5892232293143453,294.5664539337158
2026-08-27 09:35:54,v1.6.5,MAIN,MAIN,MAIN,2026-08-27 09:35:54.195,True,KOSDAQ,178320,서진시스템,41300.0,10.75,598896,23704000000.0,24734404800.0,23704000000.0,ACTUAL,12,41300.0,0.0,1.1761436935595913,1.1746421524593316,77,24,25,16,12,False,60,2026-08-27 09:35:45.346,41300.0,77.0,8.848938,20260827_178320_E001,2026-08-27 09:35:45.346,41300.0,77.0,8.848938,592.7838010787964,39,True,True,True,False,,,,,,,0.3645200486026731,15.876649618148804,0.24271844660194172,31.354575157165527,0.7317073170731708,62.86578130722046,2.2277227722772275,124.83280181884766,1.9753086419753085,186.27367615699768,2.2277227722772275,295.48519134521484,-0.12121212121212122,31.354575157165527,0.0,62.86578130722046,,,,,,
2026-08-27 09:40:23,v1.6.5,MAIN,MAIN,MAIN,2026-08-27 09:40:23.828,True,KOSPI,028050,삼성E&A,50800.0,5.28,913392,45005000000.0,46400313600.0,45005000000.0,ACTUAL,49,51000.0,0.39215686274509803,1.1979610306643953,1.1902005011551586,82,29,25,16,12,False,60,2026-08-27 09:31:52.921,50900.0,63.0,510.906966,20260827_028050_E004,2026-08-27 09:40:09.772,50800.0,82.0,14.055515,590.3470664024353,39,True,True,True,True,20260827_028050_SHADOW_SCORE_70_74_093455326024,2026-08-27 09:34:55.284,50600.0,71.0,328.543571,0.39525691699604515,0.3952569169960474,15.106319189071655,0.594059405940594,30.703230619430542,0.7936507936507936,61.2788462638855,0.594059405940594,123.10583710670471,0.7936507936507936,185.97593355178833,1.3972055888223553,295.7806124687195,,,,,,,,,,
2026-08-27 10:07:35,v1.6.5,MAIN,MAIN,MAIN,2026-08-27 10:07:35.271,True,KOSPI,007810,코리아써키트,61500.0,5.49,178561,30039000000.0,10981501500.0,30039000000.0,ACTUAL,93,62200.0,1.1254019292604502,1.2411784150070242,1.3785087854738598,79,29,19,16,15,False,60,2026-08-27 09:26:08.548,62000.0,69.0,2486.723016,20260827_007810_E004,2026-08-27 10:07:20.025,61500.0,79.0,15.246113,587.1216716766357,38,True,True,True,False,,,,,,,0.49019607843137253,15.772921562194824,0.49019607843137253,32.661062240600586,0.819672131147541,62.992900133132935,0.9852216748768473,127.42294216156006,0.49019607843137253,181.66933822631836,2.329450915141431,307.4658076763153,,,,,,,,,,
2026-08-27 10:23:44,v1.6.5,MAIN,MAIN,MAIN,2026-08-27 10:23:44.629,True,KOSPI,006400,삼성SDI,561000.0,8.53,444771,466411000000.0,249516531000.0,466411000000.0,ACTUAL,6,561000.0,0.0,1.0513063254960566,1.0493445887282473,80,40,25,11,4,False,60,2026-08-27 09:10:37.573,555000.0,74.0,4387.056563,20260827_006400_E002,2026-08-27 09:54:42.089,544000.0,63.0,1742.540497,586.2356276512146,39,True,True,False,True,20260827_006400_SHADOW_SCORE_70_74_091046428574,2026-08-27 09:10:46.408,555000.0,74.0,74.820622,-0.18018018018017834,0.17857142857142858,15.385890007019043,0.2680965147453083,31.018853425979614,0.35778175313059035,61.43606495857239,0.17857142857142858,123.31148195266724,0.17857142857142858,184.63514757156372,0.35778175313059035,307.6975030899048,-0.08928571428571429,31.018853425979614,-0.17857142857142858,61.43606495857239,0.0,123.31148195266724,0.0,184.63514757156372,-0.17857142857142858,307.6975030899048
2026-08-27 10:24:03,v1.6.5,MAIN,MAIN,MAIN,2026-08-27 10:24:03.463,True,KOSPI,066970,엘앤에프,128400.0,5.07,279705,64107000000.0,35914122000.0,64107000000.0,ACTUAL,52,129900.0,1.1547344110854503,1.5564484801398466,1.647717566110761,87,33,19,20,15,False,60,2026-08-27 09:20:56.329,129100.0,60.0,3787.133443,20260827_066970_E003,2026-08-27 10:23:48.479,128400.0,87.0,14.983844,589.1077945232391,39,True,True,True,False,,,,,,,0.0779423226812159,18.327372312545776,0.15600624024961,33.71326231956482,0.3909304143862392,64.54569435119629,0.15600624024961,126.34980130195618,0.3909304143862392,187.6170346736908,0.3909304143862392,295.2274901866913,,,,,,,,,,
2026-08-27 10:24:07,v1.6.5,MAIN,MAIN,MAIN,2026-08-27 10:24:03.455,True,KOSPI,006400,삼성SDI,560000.0,8.53,445850,468360000000.0,249676000000.0,468360000000.0,ACTUAL,6,561000.0,0.17825311942959002,1.0523879607680122,1.0465667633775575,80,40,25,11,4,False,60,2026-08-27 09:10:37.573,555000.0,74.0,4405.882212,20260827_006400_E002,2026-08-27 09:54:42.089,544000.0,63.0,1761.366146,589.1077945232391,39,False,True,False,True,20260827_006400_SHADOW_SCORE_70_74_091046428574,2026-08-27 09:10:46.408,555000.0,74.0,74.820622,-0.18018018018017834,-0.17825311942959002,18.327372312545776,0.0,33.71326231956482,0.17889087656529518,64.54569435119629,0.0,126.34980130195618,0.0,187.6170346736908,0.0,295.2274901866913,0.17825311942959002,33.71326231956482,-0.0003183091418385575,64.54569435119629,0.17825311942959002,126.34980130195618,0.17825311942959002,187.6170346736908,0.17825311942959002,295.2274901866913
2026-08-27 10:24:22,v1.6.5,MAIN,MAIN,MAIN,2026-08-27 10:24:22.765,True,KOSPI,006400,삼성SDI,561000.0,8.53,447875,469600000000.0,251257875000.0,469600000000.0,ACTUAL,6,561000.0,0.0,1.0535360537716187,1.04848243652921,80,40,25,11,4,False,60,2026-08-27 09:10:37.573,555000.0,74.0,4425.192444,20260827_006400_E002,2026-08-27 09:54:42.089,544000.0,63.0,1780.676378,593.6832270622253,39,False,True,False,True,20260827_006400_SHADOW_SCORE_70_74_091046428574,2026-08-27 09:10:46.408,555000.0,74.0,74.820622,-0.18018018018017834,0.17857142857142858,20.087720155715942,0.0,38.41509246826172,0.17857142857142858,53.80098247528076,0.35778175313059035,115.29710531234741,0.17857142857142858,177.0475800037384,0.17857142857142858,299.87557101249695,0.0,38.41509246826172,0.0,53.80098247528076,-0.17857142857142858,115.29710531234741,0.0,177.0475800037384,0.0,299.87557101249695
2026-08-27 10:24:38,v1.6.5,MAIN,MAIN,MAIN,2026-08-27 10:24:38.474,True,KOSPI,006400,삼성SDI,564000.0,8.91,461726,479403000000.0,260413464000.0,479403000000.0,ACTUAL,6,564000.0,0.0,1.0722860306205755,1.0537767908289837,85,40,25,11,9,False,60,2026-08-27 09:10:37.573,555000.0,74.0,4440.901089,20260827_006400_E002,2026-08-27 09:54:42.089,544000.0,63.0,1796.385023,593.6124320030212,39,True,True,False,True,20260827_006400_SHADOW_SCORE_70_74_091046428574,2026-08-27 09:10:46.408,555000.0,74.0,74.820622,-0.18018018018017834,0.53475935828877,15.259874105453491,0.7142857142857143,35.347594261169434,0.53475935828877,53.67496657371521,0.8944543828264758,115.1110315322876,0.7142857142857143,176.98644852638245,0.7142857142857143,299.66230273246765,-0.17825311942959002,35.347594261169434,0.0,53.67496657371521,-0.17857142857142858,115.1110315322876,0.0,176.98644852638245,0.0,299.66230273246765
2026-08-27 10:30:37,v1.6.5,MAIN,MAIN,MAIN,2026-08-27 10:30:37.630,True,KOSPI,028050,삼성E&A,50700.0,5.08,1526640,75971000000.0,77400648000.0,75971000000.0,ACTUAL,44,51000.0,0.5882352941176471,1.4922315413172007,1.487279157107159,94,37,22,20,15,False,60,2026-08-27 09:31:52.921,50900.0,63.0,3524.708857,20260827_028050_E006,2026-08-27 10:30:20.775,50700.0,94.0,16.854941,595.2585141658783,38,True,True,True,True,20260827_028050_SHADOW_SCORE_70_74_093455326024,2026-08-27 09:34:55.284,50600.0,71.0,328.543571,0.39525691699604515,0.39603960396039606,18.202430725097656,0.39603960396039606,36.39620399475098,0.39603960396039606,53.26299738883972,1.1976047904191618,119.15219402313232,0.9960159362549801,182.7210726737976,1.1976047904191618,293.8640615940094,,,,,,,,,,
2026-08-27 11:08:48,v1.6.5,MAIN,MAIN,MAIN,2026-08-27 11:08:48.718,True,KOSPI,010120,LS ELECTRIC,212000.0,5.21,443940,232127000000.0,94115280000.0,232127000000.0,ACTUAL,20,214000.0,0.9345794392523363,1.4558528386141842,1.7066541597628815,97,40,22,20,15,False,60,2026-08-27 09:00:30.821,213000.0,71.0,7697.896975,20260827_010120_E009,2026-08-27 11:08:36.000,212000.0,97.0,12.71804,588.7872564792633,38,True,True,True,True,20260827_010120_SHADOW_SCORE_70_74_090035575468,2026-08-27 09:00:35.564,213000.0,71.0,63.917721,0.0,0.2364066193853428,15.433606147766113,0.7125890736342043,30.52707862854004,0.47393364928909953,60.938326358795166,0.2364066193853428,121.6424651145935,0.35502958579881655,183.5947105884552,0.7125890736342043,307.4864284992218,,,,,,,,,,
2026-08-27 11:11:54,v1.6.5,MAIN,MAIN,MAIN,2026-08-27 11:11:54.671,True,KOSPI,103590,일진전기,72700.0,5.06,272583,41878000000.0,19816784100.0,41878000000.0,ACTUAL,88,73300.0,0.8185538881309686,1.2754073397289478,1.3814891212350047,82,29,22,16,15,False,60,2026-08-27 09:24:18.300,72800.0,60.0,6456.371442,20260827_103590_E005,2026-08-27 11:11:40.575,72700.0,82.0,14.095808,585.4656774997711,38,True,True,True,False,,,,,,,0.13774104683195593,15.90153980255127,0.13774104683195593,31.071674346923828,0.13774104683195593,62.371402978897095,0.4143646408839779,123.4024338722229,0.27586206896551724,184.57564663887024,0.4143646408839779,306.21811175346375,,,,,,,,,,
2026-08-27 11:26:34,v1.6.5,MAIN,MAIN,MAIN,2026-08-27 11:26:33.993,True,KOSDAQ,086520,에코프로,91400.0,5.0,712628,112827000000.0,65134199200.0,112827000000.0,ACTUAL,5,91800.0,0.4357298474945534,1.1183058944801816,1.1099675091039927,85,40,25,11,9,False,60,2026-08-27 10:53:55.132,91400.0,71.0,1958.860718,20260827_086520_E002,2026-08-27 11:26:18.484,91400.0,85.0,15.508793,594.3840117454529,39,True,True,True,True,20260827_086520_SHADOW_SCORE_70_74_105408234585,2026-08-27 10:54:08.220,91400.0,71.0,1945.772034,0.0,0.10952902519167579,16.082812786102295,0.3293084522502744,32.214435338974,0.3293084522502744,64.84602570533752,0.3293084522502744,126.93014645576477,0.3293084522502744,174.07187056541443,0.21929824561403508,299.374219417572,,,,,,,,,,
2026-08-27 11:40:53,v1.6.5,MAIN,MAIN,MAIN,2026-08-27 11:40:53.892,True,KOSPI,010120,LS ELECTRIC,214500.0,6.45,544977,274306000000.0,116897566500.0,274306000000.0,ACTUAL,19,214500.0,0.0,1.042025808853417,1.0553061872598835,79,40,25,5,9,False,60,2026-08-27 09:00:30.821,213000.0,71.0,9623.070955,20260827_010120_E012,2026-08-27 11:29:47.173,212000.0,71.0,666.718348,599.0119276046753,30,True,True,True,True,20260827_010120_SHADOW_SCORE_70_74_090035575468,2026-08-27 09:00:35.564,213000.0,71.0,63.917721,0.0,0.23364485981308408,20.53508710861206,0.23364485981308408,20.53508710861206,0.7042253521126761,61.56008958816528,0.7042253521126761,126.10344195365906,0.7042253521126761,190.4722397327423,0.7042253521126761,297.88281083106995,-0.2331002331002331,20.53508710861206,-0.46728971962616817,61.56008958816528,-0.46728971962616817,126.10344195365906,-0.46728971962616817,190.4722397327423,-0.46728971962616817,297.88281083106995
2026-08-27 11:41:17,v1.6.5,MAIN,MAIN,MAIN,2026-08-27 11:41:17.212,True,KOSPI,010120,LS ELECTRIC,215000.0,6.7,570906,280899000000.0,122744790000.0,280899000000.0,ACTUAL,19,215500.0,0.23201856148491878,1.066171977302488,1.1044976513468965,85,40,25,11,9,False,60,2026-08-27 09:00:30.821,213000.0,71.0,9646.390772,20260827_010120_E012,2026-08-27 11:29:47.173,212000.0,71.0,690.038165,589.2907497882843,29,True,True,True,True,20260827_010120_SHADOW_SCORE_70_74_090035575468,2026-08-27 09:00:35.564,213000.0,71.0,63.917721,0.0,0.2331002331002331,22.609431505203247,0.2331002331002331,22.609431505203247,0.702576112412178,63.412060260772705,0.702576112412178,126.86692523956299,0.9389671361502347,170.75185465812683,0.702576112412178,298.79482913017273,0.23201856148491878,22.609431505203247,-0.0016262983281652987,63.412060260772705,-0.0016262983281652987,126.86692523956299,-0.23527115814124938,170.75185465812683,-0.0016262983281652987,298.79482913017273
2026-08-27 11:41:39,v1.6.5,MAIN,MAIN,MAIN,2026-08-27 11:41:39.061,True,KOSPI,010120,LS ELECTRIC,215000.0,6.7,573734,282743000000.0,123352810000.0,282743000000.0,ACTUAL,19,215500.0,0.23201856148491878,1.0594942780271748,1.0639954304874024,85,40,25,11,9,False,60,2026-08-27 09:00:30.821,213000.0,71.0,9668.239908,20260827_010120_E012,2026-08-27 11:29:47.173,212000.0,71.0,711.887301,594.1289370059967,29,False,True,True,True,20260827_010120_SHADOW_SCORE_70_74_090035575468,2026-08-27 09:00:35.564,213000.0,71.0,63.917721,0.0,0.0,21.00866174697876,0.0,21.00866174697876,0.46728971962616817,64.15318036079407,0.702576112412178,126.173499584198,0.9389671361502347,169.72153520584106,0.9389671361502347,298.7899785041809,0.0,21.00866174697876,-0.0010816716153143058,64.15318036079407,-0.0016262983281652987,126.173499584198,-0.23527115814124938,169.72153520584106,-0.23527115814124938,298.7899785041809
2026-08-27 11:42:00,v1.6.5,MAIN,MAIN,MAIN,2026-08-27 11:42:00.808,True,KOSPI,010120,LS ELECTRIC,214500.0,6.45,577878,283874000000.0,123954831000.0,283874000000.0,ACTUAL,19,215500.0,0.46403712296983757,1.0348807536109308,1.060371355121409,79,40,25,5,9,False,60,2026-08-27 09:00:30.821,213000.0,71.0,9689.987186,20260827_010120_E012,2026-08-27 11:29:47.173,212000.0,71.0,733.634579,599.8272907733917,29,False,False,True,True,20260827_010120_SHADOW_SCORE_70_74_090035575468,2026-08-27 09:00:35.564,213000.0,71.0,63.917721,0.0,-0.23255813953488372,21.85896348953247,-0.23255813953488372,21.85896348953247,0.0,65.47705674171448,0.7042253521126761,127.03714632987976,0.468384074941452,169.73455047607422,0.7042253521126761,298.4953429698944,0.23201856148491878,21.85896348953247,0.46403712296983757,65.47705674171448,-0.0032525966563305975,127.03714632987976,0.23039226315675349,169.73455047607422,-0.0032525966563305975,298.4953429698944
2026-08-27 11:51:44,v1.6.5,MAIN,MAIN,MAIN,2026-08-27 11:51:44.614,True,KOSDAQ,356860,티엘비,41150.0,5.11,555706,59555000000.0,22867301900.0,59555000000.0,ACTUAL,11,42400.0,2.94811320754717,1.4227865640976636,1.9737873078002295,82,33,14,20,15,False,60,2026-08-27 09:01:17.771,42050.0,72.0,10226.842633,20260827_356860_E003,2026-08-27 11:51:28.169,41150.0,82.0,16.445027,588.0544440746307,31,True,True,True,True,20260827_356860_SHADOW_SCORE_70_74_090122254308,2026-08-27 09:01:22.203,42050.0,72.0,1403.832737,-1.7835909631391256,0.12165450121654502,16.826059341430664,0.12165450121654502,34.3364679813385,0.12165450121654502,51.741188764572144,0.24360535931790497,118.76331520080566,0.24360535931790497,187.81324458122253,0.3658536585365854,303.4047496318817,,,,,,,,,,
2026-08-27 11:54:07,v1.6.5,MAIN,MAIN,MAIN,2026-08-27 11:54:07.608,True,KOSPI,001440,대한전선,29600.0,5.14,1474001,43304000000.0,43630429600.0,43304000000.0,ACTUAL,93,29900.0,1.0033444816053512,1.6796214413156465,1.6794268076898098,83,29,19,20,15,False,60,2026-08-27 09:38:06.667,29650.0,66.0,8160.941479,20260827_001440_E002,2026-08-27 11:53:50.813,29600.0,83.0,16.794861,580.2243909835815,32,True,True,True,False,,,,,,,0.0,16.902953386306763,0.1692047377326565,34.9982476234436,0.1692047377326565,52.850590229034424,0.1692047377326565,123.3493332862854,0.1692047377326565,176.98075675964355,0.0,296.1099033355713,,,,,,,,,,
2026-08-27 12:02:16,v1.6.5,MAIN,MAIN,MAIN,2026-08-27 12:02:16.374,True,KOSDAQ,247540,에코프로비엠,117000.0,5.02,332410,60311000000.0,38891970000.0,60311000000.0,ACTUAL,12,118300.0,1.098901098901099,1.172567317974142,1.1699963394717576,80,33,19,16,12,False,60,2026-08-27 10:54:56.126,117200.0,63.0,4040.247849,20260827_247540_E002,2026-08-27 12:01:59.188,117000.0,80.0,17.185866,593.7759454250336,35,False,False,False,False,,,,,,,0.0,17.0192232131958,0.0,34.74864888191223,0.0,52.22026586532593,0.0,118.8762629032135,0.0855431993156544,187.84870195388794,0.6018916595012898,308.2556257247925,,,,,,,,,,
2026-08-27 12:16:46,v1.6.5,MAIN,MAIN,MAIN,2026-08-27 12:16:46.733,True,KOSDAQ,086520,에코프로,91500.0,5.06,779274,122967000000.0,71303571000.0,122967000000.0,ACTUAL,5,91800.0,0.32679738562091504,1.074482493468364,1.0769953687515808,85,40,25,11,9,False,60,2026-08-27 10:53:55.132,91400.0,71.0,4971.601057,20260827_086520_E004,2026-08-27 12:16:24.225,91500.0,85.0,22.507857,592.4491691589355,30,True,True,True,True,20260827_086520_SHADOW_SCORE_70_74_105408234585,2026-08-27 10:54:08.220,91400.0,71.0,1945.772034,0.0,0.21905805038335158,22.265978574752808,0.21905805038335158,22.265978574752808,0.21905805038335158,68.04007244110107,0.3289473684210526,111.74701690673828,0.3289473684210526,178.93499875068665,0.3289473684210526,291.594078540802,,,,,,,,,,
2026-08-27 12:25:44,v1.6.5,MAIN,MAIN,MAIN,2026-08-27 12:25:44.540,True,KOSPI,373220,LG에너지솔루션,369000.0,5.13,224282,116884000000.0,82760058000.0,116884000000.0,ACTUAL,41,370000.0,0.2702702702702703,1.0500103308569222,1.0637393700525983,85,40,25,11,9,False,60,2026-08-27 11:50:36.428,369000.0,74.0,2108.112664,20260827_373220_E005,2026-08-27 12:25:18.966,369000.0,85.0,25.574704,579.4417934417725,24,True,True,True,True,20260827_373220_SHADOW_SCORE_70_74_115052347920,2026-08-27 11:50:52.328,369000.0,74.0,2092.212667,0.0,0.2717391304347826,26.226190328598022,0.2717391304347826,26.226190328598022,0.13568521031207598,52.447373390197754,0.13568521031207598,105.644198179245,0.13568521031207598,191.42973518371582,0.13568521031207598,296.34960556030273,,,,,,,,,,
2026-08-27 13:19:54,v1.6.5,MAIN,MAIN,MAIN,2026-08-27 13:19:53.901,True,KOSPI,000500,가온전선,190800.0,12.29,253293,96681000000.0,48328304400.0,96681000000.0,ACTUAL,55,191700.0,0.4694835680751174,1.04948872147804,1.0544121687439119,76,37,25,5,9,False,60,2026-08-27 10:52:36.873,177800.0,64.0,8837.028252,20260827_000500_E001,2026-08-27 10:52:36.873,177800.0,64.0,8837.028252,581.9206449985504,24,False,False,False,True,20260827_000500_SHADOW_SCORE_70_74_113639265257,2026-08-27 11:36:39.214,182900.0,71.0,6194.687042,4.319300164024065,0.0,26.020506381988525,0.0,26.020506381988525,-0.15698587127158556,52.014370918273926,1.220159151193634,125.00345253944397,2.525523911875336,190.0737657546997,3.639326453014666,311.2096197605133,0.0,26.020506381988525,0.364935737442603,52.014370918273926,0.36349522679265844,125.00345253944397,0.362129837532981,190.0737657546997,0.25268140005343714,311.2096197605133
2026-08-27 13:37:56,v1.6.5,MAIN,MAIN,MAIN,2026-08-27 13:37:56.051,True,KOSPI,000500,가온전선,201500.0,19.39,345213,136821000000.0,69560419500.0,136821000000.0,ACTUAL,42,202500.0,0.49382716049382713,1.0534335276137388,1.0523727795679094,85,40,25,11,9,False,60,2026-08-27 10:52:36.873,177800.0,64.0,9919.17754,20260827_000500_E001,2026-08-27 10:52:36.873,177800.0,64.0,9919.17754,578.2743585109711,26,True,True,False,True,20260827_000500_SHADOW_SCORE_70_74_113639265257,2026-08-27 11:36:39.214,182900.0,71.0,6194.687042,4.319300164024065,1.0025062656641603,23.220691680908203,1.0025062656641603,23.220691680908203,2.5967413441955194,69.74684023857117,2.4923702950152595,115.77139067649841,2.284263959390863,181.42302560806274,3.2803690415171705,293.34042739868164,0.44372696009302554,23.220691680908203,-0.06313486482262853,69.74684023857117,0.03813095796218152,115.77139067649841,0.2406626035318018,181.42302560806274,-0.6212260579552353,293.34042739868164
2026-08-27 13:38:18,v1.6.5,MAIN,MAIN,MAIN,2026-08-27 13:38:18.865,True,KOSPI,000500,가온전선,201000.0,18.5,348125,138709000000.0,69973125000.0,138709000000.0,ACTUAL,41,202500.0,0.7407407407407408,1.0615620097195118,1.0536917423861787,82,40,22,11,9,False,60,2026-08-27 10:52:36.873,177800.0,64.0,9941.991583,20260827_000500_E001,2026-08-27 10:52:36.873,177800.0,64.0,9941.991583,581.9601333141327,26,False,True,False,True,20260827_000500_SHADOW_SCORE_70_74_113639265257,2026-08-27 11:36:39.214,182900.0,71.0,6194.687042,4.319300164024065,-0.24813895781637718,25.77717399597168,-0.24813895781637718,25.77717399597168,0.7518796992481203,48.99786567687988,1.8753167764825138,119.06137561798096,2.39429444727458,185.47015523910522,3.0240902101486418,297.3261458873749,0.24691358024691368,25.77717399597168,0.6906405403399392,48.99786567687988,0.6394749179559307,119.06137561798096,0.13314580403188003,185.47015523910522,-0.37431247770832166,297.3261458873749
2026-08-27 13:44:18,v1.6.5,MAIN,MAIN,MAIN,2026-08-27 13:44:18.838,True,KOSPI,000500,가온전선,202500.0,19.98,399868,161437000000.0,80973270000.0,161437000000.0,ACTUAL,36,206000.0,1.6990291262135921,1.0794779038588842,1.0714720186497675,79,40,19,11,9,False,60,2026-08-27 10:52:36.873,177800.0,64.0,10301.964932,20260827_000500_E002,2026-08-27 13:43:55.605,202500.0,79.0,23.232839,587.3848397731781,26,False,False,False,True,20260827_000500_SHADOW_SCORE_70_74_113639265257,2026-08-27 11:36:39.214,182900.0,71.0,6194.687042,4.319300164024065,-1.2195121951219512,21.888914823532104,-1.2195121951219512,21.888914823532104,-0.4914004914004914,70.116290807724,-1.4598540145985401,118.65795302391052,0.0,167.41190576553345,0.0,289.2252342700958,,,,,,,1.4527237074943804,167.41190576553345,1.6990291262135921,289.2252342700958
2026-08-27 14:07:00,v1.6.5,MAIN,MAIN,MAIN,2026-08-27 14:07:00.150,True,KOSDAQ,095610,테스,145200.0,5.14,216718,56019000000.0,31467453600.0,56019000000.0,ACTUAL,16,145300.0,0.06882312456985547,1.2076964535949122,1.2551211291097895,86,33,25,16,12,False,60,2026-08-27 12:35:01.440,145200.0,63.0,5518.710162,20260827_095610_E002,2026-08-27 14:06:36.630,145200.0,86.0,23.520711,577.6050510406494,22,True,True,True,False,,,,,,,0.2070393374741201,23.808593273162842,0.2070393374741201,23.808593273162842,0.3455425017277125,72.02842164039612,0.2762430939226519,120.74717783927917,0.2070393374741201,176.972820520401,0.2762430939226519,294.5194127559662,,,,,,,,,,
2026-08-27 14:07:28,v1.6.5,MAIN,MAIN,MAIN,2026-08-27 14:07:28.624,True,KOSPI,001440,대한전선,30200.0,7.09,2226765,65563000000.0,67248303000.0,65563000000.0,ACTUAL,85,30300.0,0.33003300330033003,1.0648703081096007,1.0663470001695226,78,33,25,11,9,False,60,2026-08-27 09:38:06.667,29650.0,66.0,16161.956987,20260827_001440_E010,2026-08-27 13:23:29.979,29650.0,60.0,2638.644376,578.0810110569,22,False,True,True,False,,,,,,,-0.1652892561983471,27.283036708831787,-0.1652892561983471,27.283036708831787,0.16583747927031509,51.09162998199463,0.7506255212677231,124.1817307472229,0.8347245409015025,173.74612951278687,1.0033444816053512,293.2330446243286,0.33003300330033003,27.283036708831787,0.33003300330033003,51.09162998199463,0.2466996699669967,124.1817307472229,0.16336633663366334,173.74612951278687,-0.0033003300330033403,293.2330446243286
2026-08-27 14:11:08,v1.6.5,MAIN,MAIN,MAIN,2026-08-27 14:11:08.737,True,KOSDAQ,232140,와이씨,13870.0,13.5,2510120,29534000000.0,34815364400.0,29534000000.0,ACTUAL,35,13920.0,0.35919540229885055,1.1756697583694917,1.25216374525722,77,24,25,16,12,False,60,2026-08-27 14:09:08.732,13650.0,69.0,120.004747,20260827_232140_E002,2026-08-27 14:10:46.938,13870.0,77.0,21.798788,195.56051015853882,9,True,True,True,False,,,,,,,1.611721611721612,24.336013555526733,1.611721611721612,24.336013555526733,1.611721611721612,49.102561712265015,1.611721611721612,121.73871803283691,2.210759027266028,171.1890423297882,,,0.35919540229885055,24.336013555526733,0.35919540229885055,49.102561712265015,0.35919540229885055,121.73871803283691,-0.22688518378173556,171.1890423297882,,
2026-08-27 14:11:34,v1.6.5,MAIN,MAIN,MAIN,2026-08-27 14:11:34.427,True,KOSDAQ,232140,와이씨,14080.0,14.4,2754972,33651000000.0,38790005760.0,33651000000.0,ACTUAL,26,14160.0,0.5649717514124294,1.3395565463158314,1.374307227383063,86,29,22,20,15,False,60,2026-08-27 14:09:08.732,13650.0,69.0,145.694689,20260827_232140_E002,2026-08-27 14:10:46.938,13870.0,77.0,47.48873,220.79793691635132,10,True,True,True,False,,,,,,,1.514059120403749,25.2374267578125,1.514059120403749,25.2374267578125,3.15018315018315,49.57344031333923,3.15018315018315,123.4433856010437,3.15018315018315,171.9557945728302,,,0.20577634911357884,25.2374267578125,0.5649717514124294,49.57344031333923,0.5649717514124294,123.4433856010437,0.5649717514124294,171.9557945728302,,
2026-08-27 14:11:58,v1.6.5,MAIN,MAIN,MAIN,2026-08-27 14:11:58.630,True,KOSDAQ,232140,와이씨,14030.0,15.71,2969143,36310000000.0,41657076290.0,36310000000.0,ACTUAL,23,14460.0,2.97372060857538,1.4454042434616456,1.4811456102035991,78,29,14,20,15,False,60,2026-08-27 14:09:08.732,13650.0,69.0,169.897742,20260827_232140_E002,2026-08-27 14:10:46.938,13870.0,77.0,71.691783,244.09811091423035,11,False,True,True,False,,,,,,,-0.35511363636363635,23.30017399787903,-0.35511363636363635,23.30017399787903,1.1535688536409516,48.53760075569153,2.783882783882784,121.97152996063232,2.783882783882784,170.27631878852844,,,2.4087488571629505,23.30017399787903,2.6145252062765296,48.53760075569153,2.97372060857538,121.97152996063232,2.97372060857538,170.27631878852844,,
2026-08-27 14:14:42,v1.6.5,MAIN,MAIN,MAIN,2026-08-27 14:14:42.680,True,KOSDAQ,232140,와이씨,14550.0,17.51,3957969,51172000000.0,57588448950.0,51172000000.0,ACTUAL,18,14610.0,0.41067761806981523,1.133754292677523,1.13354580085008,78,33,25,11,9,False,60,2026-08-27 14:09:08.732,13650.0,69.0,333.948086,20260827_232140_E003,2026-08-27 14:12:46.625,14100.0,68.0,116.054777,408.8118386268616,18,True,True,True,False,,,,,,,0.55286800276434,23.16420602798462,0.55286800276434,23.16420602798462,2.8268551236749118,71.00038933753967,6.204379562043796,116.52408576011658,3.3380681818181817,188.01390171051025,6.593406593406594,311.45728731155396,-0.5475701574264202,23.16420602798462,-1.7331674718333658,71.00038933753967,-4.8452006668541125,116.52408576011658,-0.15429413334261416,188.01390171051025,0.41067761806981523,311.45728731155396
2026-08-27 14:15:05,v1.6.5,MAIN,MAIN,MAIN,2026-08-27 14:15:05.347,True,KOSDAQ,232140,와이씨,14660.0,19.64,4095923,53548000000.0,60046231180.0,53548000000.0,ACTUAL,18,14760.0,0.6775067750677507,1.148531840507904,1.119090579735883,75,33,22,11,9,False,60,2026-08-27 14:09:08.732,13650.0,69.0,356.615356,20260827_232140_E003,2026-08-27 14:12:46.625,14100.0,68.0,138.722047,432.348917722702,19,True,True,True,False,,,,,,,0.7560137457044673,23.537079095840454,0.7560137457044673,23.537079095840454,3.0942334739803097,70.39886856079102,3.9716312056737593,117.1010570526123,4.490377761938703,188.25080680847168,7.3992673992674,310.222336769104,0.26682915699793547,23.537079095840454,-1.1180733354294867,70.39886856079102,-1.812119780948847,117.1010570526123,-2.2962138335076294,188.25080680847168,0.6775067750677507,310.222336769104
2026-08-27 14:15:29,v1.6.5,MAIN,MAIN,MAIN,2026-08-27 14:15:29.246,True,KOSDAQ,232140,와이씨,14630.0,19.72,4215963,55469000000.0,61679538690.0,55469000000.0,ACTUAL,18,14760.0,0.8807588075880758,1.137778962914342,1.1065516780704256,75,33,22,11,9,False,60,2026-08-27 14:09:08.732,13650.0,69.0,380.514082,20260827_232140_E003,2026-08-27 14:12:46.625,14100.0,68.0,162.620773,455.0140550136566,20,False,True,True,False,,,,,,,-0.20463847203274216,22.66513729095459,-0.20463847203274216,22.66513729095459,1.10573600552868,69.36642241477966,3.3922261484098937,117.20260572433472,5.708092485549133,186.73184037208557,7.179487179487179,308.5561065673828,0.2032520325203251,22.66513729095459,-0.07748896790815962,69.36642241477966,-1.2630862823151054,117.20260572433472,-3.4069313722182866,186.73184037208557,0.8807588075880758,308.5561065673828
2026-08-27 14:16:37,v1.6.5,MAIN,MAIN,MAIN,2026-08-27 14:16:37.387,True,KOSDAQ,232140,와이씨,14670.0,18.09,4526067,59965000000.0,66397402890.0,59965000000.0,ACTUAL,16,14760.0,0.6097560975609756,1.0810542825722476,1.0735547252193627,75,33,22,11,9,False,60,2026-08-27 14:09:08.732,13650.0,69.0,448.654819,20260827_232140_E003,2026-08-27 14:12:46.625,14100.0,68.0,230.76151,524.9684510231018,23,True,True,True,False,,,,,,,1.3121546961325967,23.188745260238647,1.3121546961325967,23.188745260238647,0.2734107997265892,69.95439600944519,0.8247422680412372,116.15661239624023,3.674911660777385,187.1570017337799,4.190340909090909,304.1705141067505,-1.2872628726287263,23.188745260238647,-0.2710027100271002,69.95439600944519,0.19907847949116037,116.15661239624023,-1.5340889923422054,187.1570017337799,0.044784346148546206,304.1705141067505
2026-08-27 14:34:58,v1.6.5,MAIN,MAIN,MAIN,2026-08-27 14:34:58.387,True,KOSPI,373220,LG에너지솔루션,368500.0,5.13,313592,157014000000.0,115558652000.0,157014000000.0,ACTUAL,43,370000.0,0.40540540540540543,1.0536933019266774,1.0623575046157494,85,40,25,11,9,False,60,2026-08-27 11:50:36.428,369000.0,74.0,9861.95898,20260827_373220_E047,2026-08-27 14:34:31.494,368500.0,85.0,26.892649,596.0739421844482,25,False,True,True,True,20260827_373220_SHADOW_SCORE_70_74_115052347920,2026-08-27 11:50:52.328,369000.0,74.0,2092.212667,0.0,0.0,27.2850341796875,0.0,27.2850341796875,0.1358695652173913,54.49859857559204,0.20394289598912305,133.0775809288025,0.4087193460490463,187.84693026542664,0.4087193460490463,293.5100474357605,,,,,,,,,,
2026-08-27 14:36:21,v1.6.5,MAIN,MAIN,MAIN,2026-08-27 14:36:21.160,True,KOSPI,093370,후성,13050.0,5.23,2434350,,31768267500.0,31768267500.0,ESTIMATED,,13150.0,0.7604562737642585,1.1977256476335392,1.1995612424958126,79,29,22,16,12,False,60,2026-08-27 14:35:56.544,13050.0,79.0,24.61647,20260827_093370_E001,2026-08-27 14:35:56.544,13050.0,79.0,24.61647,594.9893724918365,24,True,True,True,False,,,,,,,0.8500772797527048,26.738756895065308,0.8500772797527048,26.738756895065308,1.0844306738962044,55.01327085494995,1.0061919504643964,112.33479762077332,0.9280742459396751,191.7695918083191,1.0061919504643964,298.7749240398407,,,,,,,,,,
2026-08-27 14:40:44,v1.6.5,MAIN,MAIN,MAIN,2026-08-27 14:40:44.815,True,KOSPI,373220,LG에너지솔루션,370500.0,5.56,334707,168870000000.0,124008943500.0,168870000000.0,ACTUAL,41,371000.0,0.13477088948787064,1.0544028671865733,1.0455346265579608,80,40,25,11,4,False,60,2026-08-27 11:50:36.428,369000.0,74.0,10208.387798,20260827_373220_E048,2026-08-27 14:35:56.544,369500.0,74.0,288.271703,585.6511688232422,22,False,True,True,True,20260827_373220_SHADOW_SCORE_70_74_115052347920,2026-08-27 11:50:52.328,369000.0,74.0,2092.212667,0.0,-0.13477088948787064,29.15470862388611,-0.13477088948787064,29.15470862388611,0.2706359945872801,57.92585062980652,0.2706359945872801,117.50645184516907,0.13513513513513514,174.8475148677826,0.5427408412483039,287.8565649986267,0.13477088948787064,29.15470862388611,-0.00036424564726450503,57.92585062980652,-0.00036424564726450503,117.50645184516907,0.13477088948787064,174.8475148677826,-0.13549938078239965,316.13107895851135
2026-08-27 14:41:12,v1.6.5,MAIN,MAIN,MAIN,2026-08-27 14:41:12.926,True,KOSPI,373220,LG에너지솔루션,371000.0,5.56,335602,168996000000.0,124508342000.0,168996000000.0,ACTUAL,41,371000.0,0.0,1.0539589881754228,1.0465062615376939,80,40,25,11,4,False,60,2026-08-27 11:50:36.428,369000.0,74.0,10236.4979,20260827_373220_E048,2026-08-27 14:35:56.544,369500.0,74.0,316.381805,588.1980607509613,22,True,False,True,True,20260827_373220_SHADOW_SCORE_70_74_115052347920,2026-08-27 11:50:52.328,369000.0,74.0,2092.212667,0.0,0.1349527665317139,28.305328607559204,0.1349527665317139,28.305328607559204,0.0,57.46003723144531,0.2702702702702703,116.12829732894897,0.2702702702702703,174.83704137802124,0.40595399188092013,289.4231367111206,-0.13477088948787064,28.305328607559204,0.0,57.46003723144531,0.0,116.12829732894897,0.0,174.83704137802124,-0.13513513513513514,289.4231367111206
2026-08-27 15:40:25,v1.6.5,NXT_AFTER,NXT_AFTER,NXT_AFTER,2026-08-27 15:40:25.043,True,KOSPI,267260,HD현대일렉트릭,821000.0,12.01,226774,277356000000.0,186181454000.0,277356000000.0,ACTUAL,29,823000.0,0.24301336573511542,1.0583844674420735,1.0875407634759255,85,40,25,11,9,False,60,2026-08-27 15:03:50.397,822000.0,74.0,2194.645942,20260827_267260_E001,2026-08-27 15:03:50.397,822000.0,74.0,2194.645942,0.0,1,,,,True,20260827_267260_SHADOW_SCORE_70_74_150412924766,2026-08-27 15:04:12.880,822000.0,74.0,2172.163339,-0.12165450121655041,,,,,,,,,,,,,,,,,,,,,,
2026-08-27 15:40:27,v1.6.5,NXT_AFTER,NXT_AFTER,NXT_AFTER,2026-08-27 15:40:25.045,True,KOSPI,010120,LS ELECTRIC,219500.0,8.44,1135220,505665000000.0,249180790000.0,505665000000.0,ACTUAL,16,219500.0,0.0,1.0253568821477816,1.0502456728549767,79,40,25,5,9,False,60,2026-08-27 09:00:30.821,213000.0,71.0,23994.224455,20260827_010120_E012,2026-08-27 11:29:47.173,212000.0,71.0,15037.871848,0.0,1,,,True,True,20260827_010120_SHADOW_SCORE_70_74_090035575468,2026-08-27 09:00:35.564,213000.0,71.0,63.917721,0.0,,,,,,,,,,,,,,,,,,,,,,
2026-08-27 18:10:16,v1.6.5,NXT_AFTER,NXT_AFTER,NXT_AFTER,2026-08-27 18:10:16.169,True,KOSDAQ,178320,서진시스템,41350.0,11.16,2819720,88910000000.0,116595422000.0,88910000000.0,ACTUAL,14,41450.0,0.24125452352231602,1.0,1.281046891880718,79,37,25,5,12,False,60,2026-08-27 09:35:45.346,41300.0,77.0,30870.823145,20260827_178320_E006,2026-08-27 13:46:57.753,40600.0,60.0,15798.416633,597.8394992351532,20,False,False,True,False,,,,,,,0.0,31.02600622177124,0.0,31.02600622177124,0.0,61.18729043006897,0.0,124.20594000816345,0.0,187.75993990898132,0.0,284.9749803543091,0.0,31.02600622177124,0.0,61.18729043006897,0.0,124.20594000816345,0.0,187.75993990898132,0.0,284.9749803543091
2026-08-27 18:10:48,v1.6.5,NXT_AFTER,NXT_AFTER,NXT_AFTER,2026-08-27 18:10:48.838,True,KOSDAQ,178320,서진시스템,41350.0,11.16,2819720,114550000000.0,116595422000.0,114550000000.0,ACTUAL,12,41450.0,0.24125452352231602,1.2883815093915194,1.281046891880718,93,40,25,16,12,False,60,2026-08-27 09:35:45.346,41300.0,77.0,30903.491253,20260827_178320_E006,2026-08-27 13:46:57.753,40600.0,60.0,15831.084741,597.948394536972,20,False,False,True,False,,,,,,,0.0,33.21835660934448,0.0,33.21835660934448,0.0,64.24436283111572,0.0,126.7898576259613,0.0,190.18319535255432,0.0,283.9754090309143,0.0,33.21835660934448,0.0,64.24436283111572,0.0,126.7898576259613,0.0,190.18319535255432,0.0,283.9754090309143
2026-08-27 18:11:19,v1.6.5,NXT_AFTER,NXT_AFTER,NXT_AFTER,2026-08-27 18:11:19.421,True,KOSDAQ,178320,서진시스템,41350.0,11.16,2819720,114550000000.0,116595422000.0,114550000000.0,ACTUAL,12,41450.0,0.24125452352231602,1.2883815093915194,1.0,85,40,25,16,4,False,60,2026-08-27 09:35:45.346,41300.0,77.0,30934.074333,20260827_178320_E006,2026-08-27 13:46:57.753,40600.0,60.0,15861.667821,597.6428499221802,20,False,False,True,False,,,,,,,0.0,30.44735813140869,0.0,30.44735813140869,0.0,63.665714740753174,0.0,124.85300517082214,0.0,187.87165474891663,0.0,314.422767162323,0.0,30.44735813140869,0.0,63.665714740753174,0.0,124.85300517082214,0.0,187.87165474891663,0.0,314.422767162323
