datetime,version,session,scan_session,decision_session,decision_time,session_valid_at_decision,market,stock_code,stock_name,current_price,change_rate,volume,actual_trading_value,estimated_trading_value,trading_value_used,trading_value_source,trading_value_rank,day_high,high_gap,value_growth,volume_growth,score,score_trading_value,score_high_position,score_value_growth,score_volume_growth,focus_signal,watch_score,watch_start_time,watch_start_price,watch_start_score,watch_to_signal_sec,watch_episode_id,watch_episode_start_time,watch_episode_start_price,watch_episode_start_score,watch_episode_to_signal_sec,history_available_sec,history_sample_count,price_30s_positive,price_60s_positive,first75_price_30s_positive,had_prior_shadow_70_74,prior_shadow_trade_id,prior_shadow_time,prior_shadow_price,prior_shadow_score,prior_shadow_to_first75_sec,prior_shadow_to_first75_pct,price_change_15s,price_change_15s_actual_sec,price_change_30s,price_change_30s_actual_sec,price_change_60s,price_change_60s_actual_sec,price_change_120s,price_change_120s_actual_sec,price_change_180s,price_change_180s_actual_sec,price_change_300s,price_change_300s_actual_sec,high_gap_change_30s,high_gap_change_30s_actual_sec,high_gap_change_60s,high_gap_change_60s_actual_sec,high_gap_change_120s,high_gap_change_120s_actual_sec,high_gap_change_180s,high_gap_change_180s_actual_sec,high_gap_change_300s,high_gap_change_300s_actual_sec
2026-09-16 09:01:32,v2.1.2,MAIN,MAIN,MAIN,2026-09-16 09:01:32.023,True,KOSPI,000660,SK하이닉스,1694000.0,0.12,72850,232382000000.0,123407900000.0,232382000000.0,ACTUAL,1,1699000.0,0.2942907592701589,1.0,1.5614952629999572,85,40,25,5,15,False,60,2026-09-16 09:00:00.776,1691000.0,74.0,91.247846,20260916_000660_E001,2026-09-16 09:00:00.776,1691000.0,74.0,91.247846,69.19366121292114,4,-0.058997050147492625,0.17740981667652278,False,True,20260916_000660_SHADOW_SCORE_70_74_E001_090019871716,2026-09-16 09:00:19.850,1691000.0,74.0,72.173651,0.17740981667653255,-0.058997050147492625,22.79233169555664,-0.058997050147492625,22.79233169555664,0.17740981667652278,69.19366121292114,,,,,,,0.17643572096727145,22.79233169555664,0.2942907592701589,69.19366121292114,,,,,,
2026-09-16 09:01:34,v2.1.2,MAIN,MAIN,MAIN,2026-09-16 09:01:32.024,True,KOSPI,005930,삼성전자,248500.0,0.2,428742,168046000000.0,106542387000.0,168046000000.0,ACTUAL,2,249000.0,0.2008032128514056,1.0,6399.134328358209,85,40,25,5,15,False,60,2026-09-16 09:00:00.776,248000.0,74.0,91.248846,20260916_005930_E001,2026-09-16 09:00:00.776,248000.0,74.0,91.248846,69.19366121292114,4,0.0,0.0,False,True,20260916_005930_SHADOW_SCORE_70_74_E001_090046172818,2026-09-16 09:00:46.142,248000.0,74.0,45.882345,0.20161290322580072,0.0,22.79233169555664,0.0,22.79233169555664,0.0,69.19366121292114,,,,,,,0.0,22.79233169555664,-0.00040403060935900736,43.896292209625244,,,,,,
2026-09-16 09:01:37,v2.1.2,MAIN,MAIN,MAIN,2026-09-16 09:01:32.033,True,KOSPI,000500,가온전선,257500.0,6.67,15551,58232000000.0,4004382500.0,58232000000.0,ACTUAL,4,258500.0,0.3868471953578337,1.0,2.032544765390145,78,33,25,5,15,False,60,2026-09-16 09:00:00.776,256000.0,64.0,91.257366,20260916_000500_E001,2026-09-16 09:00:00.776,256000.0,64.0,91.257366,69.19366121292114,4,0.7827788649706457,0.5859375,True,False,,,,,,,0.7827788649706457,22.79233169555664,0.7827788649706457,22.79233169555664,0.5859375,69.19366121292114,,,,,,,-0.7736943907156675,22.79233169555664,-0.5802707930367506,69.19366121292114,,,,,,
2026-09-16 09:02:05,v2.1.2,MAIN,MAIN,MAIN,2026-09-16 09:02:05.304,True,KOSPI,000660,SK하이닉스,1691000.0,0.12,80485,232382000000.0,136100135000.0,232382000000.0,ACTUAL,1,1699000.0,0.47086521483225424,1.0,1.4326272694909221,85,40,25,5,15,False,60,2026-09-16 09:00:00.776,1691000.0,74.0,124.528556,20260916_000660_E001,2026-09-16 09:00:00.776,1691000.0,74.0,124.528556,100.4744005203247,5,-0.1770956316410862,-0.2359882005899705,False,True,20260916_000660_SHADOW_SCORE_70_74_E001_090019871716,2026-09-16 09:00:19.850,1691000.0,74.0,72.173651,0.17740981667653255,-0.1770956316410862,31.280739307403564,-0.1770956316410862,31.280739307403564,-0.2359882005899705,54.073071002960205,,,,,,,0.17657445556209533,31.280739307403564,0.3530101765293668,54.073071002960205,0.47086521483225424,100.4744005203247,,,,
2026-09-16 09:02:05,v2.1.2,MAIN,MAIN,MAIN,2026-09-16 09:02:05.307,True,KOSPI,005930,삼성전자,248000.0,0.2,450901,168046000000.0,111823448000.0,168046000000.0,ACTUAL,2,249000.0,0.4016064257028112,1.0,1.4605358201364977,85,40,25,5,15,False,60,2026-09-16 09:00:00.776,248000.0,74.0,124.531635,20260916_005930_E001,2026-09-16 09:00:00.776,248000.0,74.0,124.531635,100.4744005203247,5,-0.2012072434607646,-0.2012072434607646,False,True,20260916_005930_SHADOW_SCORE_70_74_E001_090046172818,2026-09-16 09:00:46.142,248000.0,74.0,45.882345,0.20161290322580072,-0.2012072434607646,31.280739307403564,-0.2012072434607646,31.280739307403564,-0.2012072434607646,54.073071002960205,,,,,,,0.2008032128514056,31.280739307403564,0.2008032128514056,54.073071002960205,,,,,,
2026-09-16 09:02:05,v2.1.2,MAIN,MAIN,MAIN,2026-09-16 09:02:05.304,True,KOSDAQ,218410,RFHIC,52500.0,6.59,118980,37049000000.0,6246450000.0,37049000000.0,ACTUAL,3,53300.0,1.5009380863039399,1.166383327036897,2.016097602304499,79,29,19,16,15,False,60,2026-09-16 09:00:47.177,53200.0,63.0,78.127226,20260916_218410_E001,2026-09-16 09:00:47.177,53200.0,63.0,78.127226,100.4744005203247,5,-0.5681818181818182,-1.3157894736842104,False,True,20260916_218410_SHADOW_SCORE_70_74_E001_090132060420,2026-09-16 09:01:32.023,52800.0,71.0,33.28071,-0.5681818181818232,-0.5681818181818182,31.280739307403564,-0.5681818181818182,31.280739307403564,-1.3157894736842104,54.073071002960205,,,,,,,0.5628517823639774,31.280739307403564,1.5009380863039399,54.073071002960205,,,,,,
2026-09-16 09:02:35,v2.1.2,MAIN,MAIN,MAIN,2026-09-16 09:02:35.958,True,KOSPI,000660,SK하이닉스,1692000.0,0.12,96901,232382000000.0,163956492000.0,232382000000.0,ACTUAL,1,1699000.0,0.4120070629782225,1.0,1.3301441317776252,85,40,25,5,15,False,60,2026-09-16 09:00:00.776,1691000.0,74.0,155.182022,20260916_000660_E001,2026-09-16 09:00:00.776,1691000.0,74.0,155.182022,132.11533403396606,6,0.05913660555884093,-0.11806375442739078,False,True,20260916_000660_SHADOW_SCORE_70_74_E001_090019871716,2026-09-16 09:00:19.850,1691000.0,74.0,72.173651,0.17740981667653255,0.05913660555884093,31.640933513641357,0.05913660555884093,31.640933513641357,-0.11806375442739078,62.92167282104492,0.05913660555884093,132.11533403396606,,,,,-0.05885815185403176,31.640933513641357,0.11771630370806357,62.92167282104492,0.4120070629782225,132.11533403396606,,,,
2026-09-16 09:02:35,v2.1.2,MAIN,MAIN,MAIN,2026-09-16 09:02:35.959,True,KOSPI,005930,삼성전자,248000.0,0.2,471418,168046000000.0,116911664000.0,168046000000.0,ACTUAL,2,249000.0,0.4016064257028112,1.0,1.0995377173218392,79,40,25,5,9,False,60,2026-09-16 09:00:00.776,248000.0,74.0,155.183037,20260916_005930_E001,2026-09-16 09:00:00.776,248000.0,74.0,155.183037,132.11533403396606,6,0.0,-0.2012072434607646,False,True,20260916_005930_SHADOW_SCORE_70_74_E001_090046172818,2026-09-16 09:00:46.142,248000.0,74.0,45.882345,0.20161290322580072,0.0,31.640933513641357,0.0,31.640933513641357,-0.2012072434607646,62.92167282104492,-0.2012072434607646,132.11533403396606,,,,,0.0,31.640933513641357,0.2008032128514056,62.92167282104492,0.2003991822420466,106.81796503067017,,,,
2026-09-16 09:02:35,v2.1.2,MAIN,MAIN,MAIN,2026-09-16 09:02:35.960,True,KOSPI,052690,한전기술,145000.0,2.85,45732,79879000000.0,6631140000.0,79879000000.0,ACTUAL,3,147700.0,1.8280297901150981,1.0,1.5712764129874592,76,37,19,5,15,False,60,2026-09-16 09:00:00.776,146300.0,68.0,155.184052,20260916_052690_E001,2026-09-16 09:00:00.776,146300.0,68.0,155.184052,132.11533403396606,6,0.8344923504867872,-0.06891798759476223,True,True,20260916_052690_SHADOW_SCORE_70_74_E001_090205328041,2026-09-16 09:02:05.307,143800.0,71.0,30.652417,0.8344923504867818,0.8344923504867872,31.640933513641357,0.8344923504867872,31.640933513641357,-0.06891798759476223,62.92167282104492,0.8344923504867872,132.11533403396606,,,,,-0.8124576844955991,31.640933513641357,0.06770480704129977,62.92167282104492,0.8801624915368991,106.81796503067017,,,,
2026-09-16 09:03:07,v2.1.2,MAIN,MAIN,MAIN,2026-09-16 09:03:07.002,True,KOSPI,000660,SK하이닉스,1696500.0,0.12,103458,232382000000.0,175516497000.0,232382000000.0,ACTUAL,1,1699000.0,0.14714537963507945,1.0,1.2854320680872213,82,40,25,5,12,False,60,2026-09-16 09:00:00.776,1691000.0,74.0,186.226003,20260916_000660_E001,2026-09-16 09:00:00.776,1691000.0,74.0,186.226003,158.79379391670227,7,0.26595744680851063,0.3252513305736251,False,True,20260916_000660_SHADOW_SCORE_70_74_E001_090019871716,2026-09-16 09:00:19.850,1691000.0,74.0,72.173651,0.17740981667653255,0.26595744680851063,26.678459882736206,0.26595744680851063,26.678459882736206,0.3252513305736251,58.31939339637756,0.08849557522123894,112.39246439933777,,,,,-0.26486168334314303,26.678459882736206,-0.3237198351971748,58.31939339637756,0.029290341332192008,112.39246439933777,0.14714537963507945,158.79379391670227,,
2026-09-16 09:03:07,v2.1.2,MAIN,MAIN,MAIN,2026-09-16 09:03:07.003,True,KOSPI,005930,삼성전자,247500.0,0.2,507015,168046000000.0,125486212500.0,168046000000.0,ACTUAL,2,249000.0,0.6024096385542169,1.0,1.1244486040172899,76,40,22,5,9,False,60,2026-09-16 09:00:00.776,248000.0,74.0,186.227113,20260916_005930_E001,2026-09-16 09:00:00.776,248000.0,74.0,186.227113,158.79379391670227,7,-0.20161290322580644,-0.20161290322580644,False,True,20260916_005930_SHADOW_SCORE_70_74_E001_090046172818,2026-09-16 09:00:46.142,248000.0,74.0,45.882345,0.20161290322580072,-0.20161290322580644,26.678459882736206,-0.20161290322580644,26.678459882736206,-0.20161290322580644,58.31939339637756,-0.4024144869215292,112.39246439933777,,,,,0.20080321285140573,26.678459882736206,0.20080321285140573,58.31939339637756,0.40160642570281135,112.39246439933777,,,,
2026-09-16 09:03:32,v2.1.2,MAIN,MAIN,MAIN,2026-09-16 09:03:32.895,True,KOSPI,000660,SK하이닉스,1704000.0,0.12,117963,232382000000.0,201008952000.0,232382000000.0,ACTUAL,1,1704000.0,0.0,1.0,1.465651984841896,85,40,25,5,15,False,60,2026-09-16 09:00:00.776,1691000.0,74.0,212.119889,20260916_000660_E001,2026-09-16 09:00:00.776,1691000.0,74.0,212.119889,188.05547499656677,8,0.4420866489832007,0.7092198581560284,False,True,20260916_000660_SHADOW_SCORE_70_74_E001_090019871716,2026-09-16 09:00:19.850,1691000.0,74.0,72.173651,0.17740981667653255,0.4420866489832007,29.261681079864502,0.4420866489832007,29.261681079864502,0.7092198581560284,55.94014096260071,0.5903187721369539,118.86181378364563,0.768775872264932,188.05547499656677,,,-0.14714537963507945,29.261681079864502,-0.4120070629782225,55.94014096260071,-0.2942907592701589,118.86181378364563,0.0,188.05547499656677,,
2026-09-16 09:03:32,v2.1.2,MAIN,MAIN,MAIN,2026-09-16 09:03:32.897,True,KOSPI,005930,삼성전자,248500.0,0.2,543609,168046000000.0,135086836500.0,168046000000.0,ACTUAL,2,249000.0,0.2008032128514056,1.0,1.205606108657998,82,40,25,5,12,False,60,2026-09-16 09:00:00.776,248000.0,74.0,212.120986,20260916_005930_E001,2026-09-16 09:00:00.776,248000.0,74.0,212.120986,188.05547499656677,8,0.40404040404040403,0.20161290322580644,False,True,20260916_005930_SHADOW_SCORE_70_74_E001_090046172818,2026-09-16 09:00:46.142,248000.0,74.0,45.882345,0.20161290322580072,0.40404040404040403,29.261681079864502,0.40404040404040403,29.261681079864502,0.20161290322580644,55.94014096260071,0.0,118.86181378364563,0.0,188.05547499656677,,,-0.40160642570281135,29.261681079864502,-0.2008032128514056,55.94014096260071,0.0,118.86181378364563,-0.00040403060935900736,162.75810599327087,,
2026-09-16 09:03:32,v2.1.2,MAIN,MAIN,MAIN,2026-09-16 09:03:32.898,True,KOSPI,052690,한전기술,145100.0,2.85,54081,79879000000.0,7847153100.0,79879000000.0,ACTUAL,3,147700.0,1.7603249830737984,1.0,1.3833226755339558,76,37,19,5,15,False,60,2026-09-16 09:00:00.776,146300.0,68.0,212.122003,20260916_052690_E001,2026-09-16 09:00:00.776,146300.0,68.0,212.122003,188.05547499656677,8,-0.20632737276478677,0.06896551724137931,True,True,20260916_052690_SHADOW_SCORE_70_74_E001_090205328041,2026-09-16 09:02:05.307,143800.0,71.0,30.652417,0.8344923504867818,-0.20632737276478677,29.261681079864502,-0.20632737276478677,29.261681079864502,0.06896551724137931,55.94014096260071,0.0,118.86181378364563,0.9040333796940195,188.05547499656677,,,0.2031144211239,29.261681079864502,-0.06770480704129977,55.94014096260071,0.0,118.86181378364563,0.8124576844955993,162.75810599327087,,
2026-09-16 09:03:57,v2.1.2,MAIN,MAIN,MAIN,2026-09-16 09:03:57.787,True,KOSPI,000660,SK하이닉스,1702000.0,0.12,128642,232382000000.0,218948684000.0,232382000000.0,ACTUAL,1,1706000.0,0.23446658851113714,1.0,1.3275611190802985,85,40,25,5,15,False,60,2026-09-16 09:00:00.776,1691000.0,74.0,237.011057,20260916_000660_E001,2026-09-16 09:00:00.776,1691000.0,74.0,237.011057,213.18379640579224,9,-0.11737089201877934,0.3241968759210138,False,True,20260916_000660_SHADOW_SCORE_70_74_E001_090019871716,2026-09-16 09:00:19.850,1691000.0,74.0,72.173651,0.17740981667653255,-0.11737089201877934,25.128321409225464,-0.11737089201877934,25.128321409225464,0.3241968759210138,54.390002489089966,0.6505026611472502,112.70939588546753,0.6505026611472502,187.88642740249634,,,0.23446658851113714,25.128321409225464,0.08732120887605768,54.390002489089966,-0.2363986263211171,112.70939588546753,0.17536493366480144,187.88642740249634,,
2026-09-16 09:03:57,v2.1.2,MAIN,MAIN,MAIN,2026-09-16 09:03:57.789,True,KOSPI,005930,삼성전자,249000.0,0.2,564660,168046000000.0,140600340000.0,168046000000.0,ACTUAL,2,249000.0,0.0,1.0,1.19779049590809,82,40,25,5,12,False,60,2026-09-16 09:00:00.776,248000.0,74.0,237.013089,20260916_005930_E001,2026-09-16 09:00:00.776,248000.0,74.0,237.013089,213.18379640579224,9,0.2012072434607646,0.6060606060606061,False,True,20260916_005930_SHADOW_SCORE_70_74_E001_090046172818,2026-09-16 09:00:46.142,248000.0,74.0,45.882345,0.20161290322580072,0.2012072434607646,25.128321409225464,0.2012072434607646,25.128321409225464,0.6060606060606061,54.390002489089966,0.4032258064516129,112.70939588546753,0.4032258064516129,187.88642740249634,,,-0.2008032128514056,25.128321409225464,-0.6024096385542169,54.390002489089966,-0.4016064257028112,112.70939588546753,-0.2012072434607646,187.88642740249634,,
2026-09-16 09:04:23,v2.1.2,MAIN,MAIN,MAIN,2026-09-16 09:04:23.660,True,KOSPI,000660,SK하이닉스,1706000.0,0.12,141149,232382000000.0,240800194000.0,232382000000.0,ACTUAL,1,1707000.0,0.05858230814294083,1.0,1.3643120879970616,85,40,25,5,15,False,60,2026-09-16 09:00:00.776,1691000.0,74.0,262.884193,20260916_000660_E001,2026-09-16 09:00:00.776,1691000.0,74.0,262.884193,238.03986358642578,10,0.23501762632197415,0.11737089201877934,False,True,20260916_000660_SHADOW_SCORE_70_74_E001_090019871716,2026-09-16 09:00:19.850,1691000.0,74.0,72.173651,0.17740981667653255,0.23501762632197415,24.856067180633545,0.23501762632197415,24.856067180633545,0.11737089201877934,49.98438858985901,0.8274231678486997,105.92452955245972,0.7083825265643447,168.84620237350464,,,-0.1758842803681963,24.856067180633545,0.05858230814294083,49.98438858985901,-0.35342475483528163,105.92452955245972,-0.23570845112721808,168.84620237350464,,
2026-09-16 09:04:23,v2.1.2,MAIN,MAIN,MAIN,2026-09-16 09:04:23.662,True,KOSPI,005930,삼성전자,249000.0,0.2,581545,168046000000.0,144804705000.0,168046000000.0,ACTUAL,2,249000.0,0.0,1.0,1.146997623344477,79,40,25,5,9,False,60,2026-09-16 09:00:00.776,248000.0,74.0,262.886221,20260916_005930_E001,2026-09-16 09:00:00.776,248000.0,74.0,262.886221,238.03986358642578,10,0.0,0.2012072434607646,False,True,20260916_005930_SHADOW_SCORE_70_74_E001_090046172818,2026-09-16 09:00:46.142,248000.0,74.0,45.882345,0.20161290322580072,0.0,24.856067180633545,0.0,24.856067180633545,0.2012072434607646,49.98438858985901,0.4032258064516129,105.92452955245972,0.2012072434607646,168.84620237350464,,,0.0,24.856067180633545,-0.2008032128514056,49.98438858985901,-0.4016064257028112,105.92452955245972,-0.2008032128514056,168.84620237350464,,
2026-09-16 09:04:49,v2.1.2,MAIN,MAIN,MAIN,2026-09-16 09:04:49.614,True,KOSPI,000660,SK하이닉스,1704000.0,0.12,147056,232382000000.0,250583424000.0,232382000000.0,ACTUAL,1,1708000.0,0.234192037470726,1.0,1.2466281800225494,82,40,25,5,12,False,60,2026-09-16 09:00:00.776,1691000.0,74.0,288.838724,20260916_000660_E001,2026-09-16 09:00:00.776,1691000.0,74.0,288.838724,264.54420351982117,11,-0.11723329425556857,0.11750881316098707,False,True,20260916_000660_SHADOW_SCORE_70_74_E001_090019871716,2026-09-16 09:00:19.850,1691000.0,74.0,72.173651,0.17740981667653255,-0.11723329425556857,26.504339933395386,-0.11723329425556857,26.504339933395386,0.11750881316098707,51.36040711402893,0.7092198581560284,132.4288694858551,0.5903187721369539,195.35054230690002,,,0.17560972932778518,26.504339933395386,-0.00027455104041113065,51.36040711402893,-0.17781502550749648,132.4288694858551,-0.0600987217994329,195.35054230690002,,
2026-09-16 09:04:49,v2.1.2,MAIN,MAIN,MAIN,2026-09-16 09:04:49.615,True,KOSPI,005930,삼성전자,249000.0,0.2,604740,168046000000.0,150580260000.0,168046000000.0,ACTUAL,2,249500.0,0.2004008016032064,1.0,1.1124539880686302,79,40,25,5,9,False,60,2026-09-16 09:00:00.776,248000.0,74.0,288.839724,20260916_005930_E001,2026-09-16 09:00:00.776,248000.0,74.0,288.839724,264.54420351982117,11,0.0,0.0,False,True,20260916_005930_SHADOW_SCORE_70_74_E001_090046172818,2026-09-16 09:00:46.142,248000.0,74.0,45.882345,0.20161290322580072,0.0,26.504339933395386,0.0,26.504339933395386,0.0,51.36040711402893,0.4032258064516129,132.4288694858551,0.2012072434607646,195.35054230690002,,,0.2004008016032064,26.504339933395386,0.2004008016032064,51.36040711402893,-0.2012056240996048,132.4288694858551,-0.0004024112481992026,195.35054230690002,,
2026-09-16 09:05:15,v2.1.2,MAIN,MAIN,MAIN,2026-09-16 09:05:15.039,True,KOSPI,000660,SK하이닉스,1703000.0,0.12,152938,232382000000.0,260453414000.0,232382000000.0,ACTUAL,1,1708000.0,0.29274004683840754,1.0,1.18886522286656,82,40,25,5,12,True,60,2026-09-16 09:00:00.776,1691000.0,74.0,314.263662,20260916_000660_E001,2026-09-16 09:00:00.776,1691000.0,74.0,314.263662,289.88558077812195,12,-0.05868544600938967,-0.1758499413833529,False,True,20260916_000660_SHADOW_SCORE_70_74_E001_090019871716,2026-09-16 09:00:19.850,1691000.0,74.0,72.173651,0.17740981667653255,-0.05868544600938967,25.34137725830078,-0.05868544600938967,25.34137725830078,-0.1758499413833529,51.84571719169617,0.38314176245210724,131.09178686141968,0.7096392667060911,189.41118025779724,,,0.058548009367681536,25.34137725830078,0.23415773869546672,51.84571719169617,0.1455946672033281,131.09178686141968,-0.1781251679938467,189.41118025779724,0.29274004683840754,289.88558077812195
2026-09-16 09:05:15,v2.1.2,MAIN,MAIN,MAIN,2026-09-16 09:05:15.042,True,KOSPI,005930,삼성전자,248500.0,0.2,631017,168046000000.0,156807724500.0,168046000000.0,ACTUAL,2,249500.0,0.4008016032064128,1.0,1.1175167357347784,79,40,25,5,9,True,60,2026-09-16 09:00:00.776,248000.0,74.0,314.266168,20260916_005930_E001,2026-09-16 09:00:00.776,248000.0,74.0,314.266168,289.88558077812195,12,-0.2008032128514056,-0.2008032128514056,False,True,20260916_005930_SHADOW_SCORE_70_74_E001_090046172818,2026-09-16 09:00:46.142,248000.0,74.0,45.882345,0.20161290322580072,-0.2008032128514056,25.34137725830078,-0.2008032128514056,25.34137725830078,-0.2008032128514056,51.84571719169617,0.40404040404040403,131.09178686141968,0.20161290322580644,189.41118025779724,,,0.2004008016032064,25.34137725830078,0.4008016032064128,51.84571719169617,-0.20160803534780414,131.09178686141968,-0.0008048224963984052,189.41118025779724,,
2026-09-16 09:05:42,v2.1.2,MAIN,MAIN,MAIN,2026-09-16 09:05:42.304,True,KOSPI,000660,SK하이닉스,1704000.0,0.12,157730,232382000000.0,268771920000.0,232382000000.0,ACTUAL,1,1708000.0,0.234192037470726,1.0,1.11747160801706,79,40,25,5,9,True,60,2026-09-16 09:00:00.776,1691000.0,74.0,341.528748,20260916_000660_E001,2026-09-16 09:00:00.776,1691000.0,74.0,341.528748,316.9761528968811,13,0.05871990604815032,0.0,False,True,20260916_000660_SHADOW_SCORE_70_74_E001_090019871716,2026-09-16 09:00:19.850,1691000.0,74.0,72.173651,0.17740981667653255,0.05871990604815032,27.090572118759155,0.05871990604815032,27.090572118759155,0.0,52.43194937705994,0.0,128.92067790031433,0.7092198581560284,184.86081886291504,0.768775872264932,291.6787838935852,-0.058548009367681536,27.090572118759155,0.0,52.43194937705994,0.234192037470726,128.92067790031433,-0.17781502550749648,184.86081886291504,0.1750903826243903,291.6787838935852
2026-09-16 09:05:42,v2.1.2,MAIN,MAIN,MAIN,2026-09-16 09:05:42.306,True,KOSPI,005930,삼성전자,248750.0,0.2,644154,168046000000.0,160233307500.0,168046000000.0,ACTUAL,2,249500.0,0.30060120240480964,1.0,1.1076597683756202,79,40,25,5,9,True,60,2026-09-16 09:00:00.776,248000.0,74.0,341.530841,20260916_005930_E001,2026-09-16 09:00:00.776,248000.0,74.0,341.530841,316.9761528968811,13,0.1006036217303823,-0.1004016064257028,False,True,20260916_005930_SHADOW_SCORE_70_74_E001_090046172818,2026-09-16 09:00:46.142,248000.0,74.0,45.882345,0.20161290322580072,0.1006036217303823,27.090572118759155,0.1006036217303823,27.090572118759155,-0.1004016064257028,52.43194937705994,0.1006036217303823,128.92067790031433,0.3024193548387097,184.86081886291504,0.3024193548387097,291.6787838935852,-0.10020040080160314,27.090572118759155,0.10020040080160325,52.43194937705994,0.09979798955340405,128.92067790031433,-0.10100522329800155,184.86081886291504,0.09939395894404504,291.6787838935852
2026-09-16 09:06:07,v2.1.2,MAIN,MAIN,MAIN,2026-09-16 09:06:07.923,True,KOSPI,000660,SK하이닉스,1705000.0,0.12,163285,232382000000.0,278400925000.0,232382000000.0,ACTUAL,1,1708000.0,0.1756440281030445,1.0,1.110359318898923,79,40,25,5,9,True,60,2026-09-16 09:00:00.776,1691000.0,74.0,367.147503,20260916_000660_E001,2026-09-16 09:00:00.776,1691000.0,74.0,367.147503,342.5789394378662,14,0.05868544600938967,0.11743981209630064,False,True,20260916_000660_SHADOW_SCORE_70_74_E001_090019871716,2026-09-16 09:00:19.850,1691000.0,74.0,72.173651,0.17740981667653255,0.05868544600938967,25.602786540985107,0.05868544600938967,25.602786540985107,0.11743981209630064,52.69335865974426,0.17626321974148063,129.39514303207397,0.5010315355142941,183.78514552116394,0.5899705014749262,296.1776099205017,-0.05854800936768151,25.602786540985107,-0.11709601873536304,52.69335865974426,-0.05882256040809264,129.39514303207397,0.028498648467965043,183.78514552116394,0.05778898980015705,296.1776099205017
2026-09-16 09:06:07,v2.1.2,MAIN,MAIN,MAIN,2026-09-16 09:06:07.925,True,KOSPI,005930,삼성전자,249000.0,0.2,648733,168046000000.0,161534517000.0,168046000000.0,ACTUAL,2,249500.0,0.2004008016032064,1.0,1.0727469656381254,79,40,25,5,9,True,60,2026-09-16 09:00:00.776,248000.0,74.0,367.149723,20260916_005930_E001,2026-09-16 09:00:00.776,248000.0,74.0,367.149723,342.5789394378662,14,0.10050251256281408,0.2012072434607646,False,True,20260916_005930_SHADOW_SCORE_70_74_E001_090046172818,2026-09-16 09:00:46.142,248000.0,74.0,45.882345,0.20161290322580072,0.10050251256281408,25.602786540985107,0.10050251256281408,25.602786540985107,0.2012072434607646,52.69335865974426,0.0,129.39514303207397,0.6060606060606061,183.78514552116394,0.2012072434607646,296.1776099205017,-0.10020040080160325,25.602786540985107,-0.2004008016032064,52.69335865974426,0.2004008016032064,129.39514303207397,-0.40200883695101053,183.78514552116394,-0.0004024112481992026,296.1776099205017
2026-09-16 09:06:34,v2.1.2,MAIN,MAIN,MAIN,2026-09-16 09:06:34.675,True,KOSPI,000660,SK하이닉스,1707000.0,0.12,168570,232382000000.0,287748990000.0,232382000000.0,ACTUAL,1,1708000.0,0.0585480093676815,1.0,1.1022113536204214,79,40,25,5,9,True,60,2026-09-16 09:00:00.776,1691000.0,74.0,393.899026,20260916_000660_E001,2026-09-16 09:00:00.776,1691000.0,74.0,393.899026,368.2153277397156,15,0.11730205278592376,0.17605633802816903,False,True,20260916_000660_SHADOW_SCORE_70_74_E001_090019871716,2026-09-16 09:00:19.850,1691000.0,74.0,72.173651,0.17740981667653255,0.11730205278592376,25.636388301849365,0.11730205278592376,25.636388301849365,0.17605633802816903,51.23917484283447,0.058616647127784284,130.1754641532898,0.17605633802816903,180.1598527431488,0.7674144037780402,299.02166652679443,-0.11709601873536299,25.636388301849365,-0.1756440281030445,51.23917484283447,-3.4298775259331005e-05,130.1754641532898,0.0585480093676815,180.1598527431488,-0.2357427499024774,299.02166652679443
2026-09-16 09:06:34,v2.1.2,MAIN,MAIN,MAIN,2026-09-16 09:06:34.677,True,KOSPI,005930,삼성전자,249000.0,0.2,670516,168046000000.0,166958484000.0,168046000000.0,ACTUAL,2,249500.0,0.2004008016032064,1.0,1.0625957779267436,79,40,25,5,9,True,60,2026-09-16 09:00:00.776,248000.0,74.0,393.90123,20260916_005930_E001,2026-09-16 09:00:00.776,248000.0,74.0,393.90123,368.2153277397156,15,0.0,0.10050251256281408,False,True,20260916_005930_SHADOW_SCORE_70_74_E001_090046172818,2026-09-16 09:00:46.142,248000.0,74.0,45.882345,0.20161290322580072,0.0,25.636388301849365,0.0,25.636388301849365,0.10050251256281408,51.23917484283447,0.0,130.1754641532898,0.2012072434607646,180.1598527431488,0.2012072434607646,299.02166652679443,0.0,25.636388301849365,-0.10020040080160325,51.23917484283447,0.2004008016032064,130.1754641532898,-0.0004024112481992026,180.1598527431488,-0.0004024112481992026,299.02166652679443
2026-09-16 09:07:07,v2.1.2,MAIN,MAIN,MAIN,2026-09-16 09:07:07.280,True,KOSPI,000500,가온전선,252000.0,5.1,47938,77901000000.0,12080376000.0,77901000000.0,ACTUAL,4,258500.0,2.5145067698259185,1.337769611210331,1.065288888888889,80,37,14,20,9,False,60,2026-09-16 09:00:00.776,256000.0,64.0,426.504564,20260916_000500_E003,2026-09-16 09:00:00.776,251500.0,61.0,426.504564,395.0049903392792,16,0.19880715705765406,0.5988023952095809,True,False,,,,,,,0.19880715705765406,26.7896625995636,0.19880715705765406,26.7896625995636,0.5988023952095809,52.426050901412964,0.5988023952095809,130.460786819458,0.0,181.82119393348694,-0.7874015748031495,294.53058981895447,-0.19342359767891715,26.7896625995636,-0.580270793036751,52.426050901412964,-0.580270793036751,130.460786819458,0.0,181.82119393348694,0.773694390715667,294.53058981895447
2026-09-16 09:07:07,v2.1.2,MAIN,MAIN,MAIN,2026-09-16 09:07:07.290,True,KOSPI,000660,SK하이닉스,1702000.0,0.12,179806,232382000000.0,306029812000.0,232382000000.0,ACTUAL,1,1710000.0,0.46783625730994155,1.0,1.1399606923223229,79,40,25,5,9,True,60,2026-09-16 09:00:00.776,1691000.0,74.0,426.514768,20260916_000660_E001,2026-09-16 09:00:00.776,1691000.0,74.0,426.514768,395.0049903392792,16,-0.29291154071470415,-0.17595307917888564,False,True,20260916_000660_SHADOW_SCORE_70_74_E001_090019871716,2026-09-16 09:00:19.850,1691000.0,74.0,72.173651,0.17740981667653255,-0.29291154071470415,26.7896625995636,-0.29291154071470415,26.7896625995636,-0.17595307917888564,52.426050901412964,-0.11737089201877934,130.460786819458,0.0,181.82119393348694,0.6505026611472502,294.53058981895447,0.40928824794226004,26.7896625995636,0.292192229206897,52.426050901412964,0.23364421983921554,130.460786819458,0.2333696687988044,181.82119393348694,-0.003028957522312692,294.53058981895447
2026-09-16 09:07:07,v2.1.2,MAIN,MAIN,MAIN,2026-09-16 09:07:07.295,True,KOSPI,005930,삼성전자,248750.0,0.2,695083,168046000000.0,172901896250.0,168046000000.0,ACTUAL,2,249500.0,0.30060120240480964,1.0,1.0790633916734198,79,40,25,5,9,True,60,2026-09-16 09:00:00.776,248000.0,74.0,426.519009,20260916_005930_E001,2026-09-16 09:00:00.776,248000.0,74.0,426.519009,395.0049903392792,16,-0.1004016064257028,-0.1004016064257028,False,True,20260916_005930_SHADOW_SCORE_70_74_E001_090046172818,2026-09-16 09:00:46.142,248000.0,74.0,45.882345,0.20161290322580072,-0.1004016064257028,26.7896625995636,-0.1004016064257028,26.7896625995636,-0.1004016064257028,52.426050901412964,-0.1004016064257028,130.460786819458,-0.1004016064257028,181.82119393348694,0.3024193548387097,294.53058981895447,0.10020040080160325,26.7896625995636,0.10020040080160325,52.426050901412964,0.10020040080160325,130.460786819458,0.30060120240480964,181.82119393348694,-0.10100522329800155,294.53058981895447
2026-09-16 09:07:07,v2.1.2,MAIN,MAIN,MAIN,2026-09-16 09:07:07.285,True,KOSDAQ,062970,한국첨단소재,3750.0,11.16,8224737,29230000000.0,30842763750.0,29230000000.0,ACTUAL,8,3790.0,1.0554089709762533,1.3324520216985003,1.3174547593994392,78,24,19,20,15,True,60,2026-09-16 09:05:17.752,3630.0,63.0,109.533539,20260916_062970_E001,2026-09-16 09:05:17.752,3630.0,63.0,109.533539,369.7076213359833,15,1.3513513513513513,1.9021739130434785,True,True,20260916_062970_SHADOW_SCORE_70_74_E001_090607978961,2026-09-16 09:06:07.919,3680.0,71.0,59.36668,1.9021739130434812,1.3513513513513513,26.7896625995636,1.3513513513513513,26.7896625995636,1.9021739130434785,52.426050901412964,6.837606837606838,130.460786819458,8.38150289017341,181.82119393348694,5.337078651685393,294.53058981895447,-1.3192612137203164,26.7896625995636,-0.019859846228047928,52.426050901412964,,,-5.557276589077728,181.82119393348694,-2.85822125844345,294.53058981895447
2026-09-16 09:07:38,v2.1.2,MAIN,MAIN,MAIN,2026-09-16 09:07:38.681,True,KOSDAQ,062970,한국첨단소재,3875.0,14.43,9205924,32867000000.0,35672955500.0,32867000000.0,ACTUAL,7,3885.0,0.2574002574002574,1.190703908995399,1.198751548421902,82,29,25,16,12,True,60,2026-09-16 09:05:17.752,3630.0,63.0,140.929617,20260916_062970_E001,2026-09-16 09:05:17.752,3630.0,63.0,140.929617,405.7045042514801,16,3.3333333333333335,4.72972972972973,True,True,20260916_062970_SHADOW_SCORE_70_74_E001_090607978961,2026-09-16 09:06:07.919,3680.0,71.0,59.36668,1.9021739130434812,3.3333333333333335,35.996882915496826,3.3333333333333335,35.996882915496826,4.72972972972973,62.786545515060425,6.749311294765841,114.0257203578949,11.350574712643677,192.96200966835022,6.896551724137931,298.88653922080994,-0.7980087135759959,35.996882915496826,-2.117269927296312,62.786545515060425,-1.766891240575451,114.0257203578949,,,-1.901844007107165,298.88653922080994
2026-09-16 09:07:38,v2.1.2,MAIN,MAIN,MAIN,2026-09-16 09:07:38.690,True,KOSPI,000660,SK하이닉스,1702000.0,0.12,183979,232382000000.0,313132258000.0,232382000000.0,ACTUAL,1,1710000.0,0.46783625730994155,1.0,1.0914100966957347,79,40,25,5,9,True,60,2026-09-16 09:00:00.776,1691000.0,74.0,457.914459,20260916_000660_E001,2026-09-16 09:00:00.776,1691000.0,74.0,457.914459,431.001873254776,17,0.0,-0.29291154071470415,False,True,20260916_000660_SHADOW_SCORE_70_74_E001_090019871716,2026-09-16 09:00:19.850,1691000.0,74.0,72.173651,0.17740981667653255,0.0,35.996882915496826,0.0,35.996882915496826,-0.29291154071470415,62.786545515060425,-0.11737089201877934,114.0257203578949,-0.23446658851113714,192.96200966835022,0.5910165484633569,298.88653922080994,0.0,35.996882915496826,0.40928824794226004,62.786545515060425,0.23364421983921554,114.0257203578949,0.4092539491670007,192.96200966835022,0.05582919433171907,298.88653922080994
2026-09-16 09:07:38,v2.1.2,MAIN,MAIN,MAIN,2026-09-16 09:07:38.692,True,KOSPI,005930,삼성전자,248250.0,0.2,711271,168046000000.0,176573025750.0,168046000000.0,ACTUAL,2,249500.0,0.501002004008016,1.0,1.0607815473456264,76,40,22,5,9,True,60,2026-09-16 09:00:00.776,248000.0,74.0,457.916672,20260916_005930_E001,2026-09-16 09:00:00.776,248000.0,74.0,457.916672,431.001873254776,17,-0.20100502512562815,-0.30120481927710846,False,True,20260916_005930_SHADOW_SCORE_70_74_E001_090046172818,2026-09-16 09:00:46.142,248000.0,74.0,45.882345,0.20161290322580072,-0.20100502512562815,35.996882915496826,-0.20100502512562815,35.996882915496826,-0.30120481927710846,62.786545515060425,-0.20100502512562815,114.0257203578949,-0.30120481927710846,192.96200966835022,0.10080645161290322,298.88653922080994,0.20040080160320634,35.996882915496826,0.3006012024048096,62.786545515060425,0.20040080160320634,114.0257203578949,0.501002004008016,192.96200966835022,0.09939557830520479,298.88653922080994
2026-09-16 09:07:38,v2.1.2,MAIN,MAIN,MAIN,2026-09-16 09:07:38.678,True,KOSPI,000500,가온전선,252000.0,5.0,49080,78650000000.0,12368160000.0,78650000000.0,ACTUAL,4,258500.0,2.5145067698259185,1.3506319549388652,1.0496824004961824,75,37,14,20,4,False,60,2026-09-16 09:00:00.776,256000.0,64.0,457.902116,20260916_000500_E003,2026-09-16 09:00:00.776,251500.0,61.0,457.902116,431.001873254776,17,0.0,0.19880715705765406,True,False,,,,,,,0.0,35.996882915496826,0.0,35.996882915496826,0.19880715705765406,62.786545515060425,0.8,114.0257203578949,0.398406374501992,192.96200966835022,-0.591715976331361,298.88653922080994,0.0,35.996882915496826,-0.19342359767891715,62.786545515060425,-0.7736943907156673,114.0257203578949,-0.38684719535783385,192.96200966835022,0.5802707930367501,298.88653922080994
2026-09-16 09:08:07,v2.1.2,MAIN,MAIN,MAIN,2026-09-16 09:08:07.337,True,KOSDAQ,062970,한국첨단소재,3895.0,14.73,10114591,36282000000.0,39396331945.0,36282000000.0,ACTUAL,6,3910.0,0.3836317135549872,1.241258980499487,1.229776830553974,82,29,25,16,12,True,60,2026-09-16 09:05:17.752,3630.0,63.0,169.585768,20260916_062970_E001,2026-09-16 09:05:17.752,3630.0,63.0,169.585768,433.7402310371399,17,0.5161290322580645,3.8666666666666667,True,True,20260916_062970_SHADOW_SCORE_70_74_E001_090607978961,2026-09-16 09:06:07.919,3680.0,71.0,59.36668,1.9021739130434812,0.5161290322580645,28.03572678565979,0.5161290322580645,28.03572678565979,3.8666666666666667,64.03260970115662,5.842391304347826,116.45866060256958,10.49645390070922,169.15201926231384,7.448275862068964,300.2438061237335,0.1262314561547298,28.03572678565979,-0.6717772574212661,64.03260970115662,-0.6916371036493141,116.45866060256958,,,-1.7756125509524352,300.2438061237335
2026-09-16 09:08:35,v2.1.2,MAIN,MAIN,MAIN,2026-09-16 09:08:35.961,True,KOSPI,005930,삼성전자,248500.0,0.2,732932,168046000000.0,182133602000.0,168046000000.0,ACTUAL,2,249500.0,0.4008016032064128,1.0,1.0544524898465364,79,40,25,5,9,True,60,2026-09-16 09:00:00.776,248000.0,74.0,515.18566,20260916_005930_E001,2026-09-16 09:00:00.776,248000.0,74.0,515.18566,488.51263213157654,19,0.0,0.10070493454179255,False,True,20260916_005930_SHADOW_SCORE_70_74_E001_090046172818,2026-09-16 09:00:46.142,248000.0,74.0,45.882345,0.20161290322580072,0.0,29.475032091140747,0.0,29.475032091140747,0.10070493454179255,57.51075887680054,-0.2008032128514056,120.29730439186096,-0.10050251256281408,171.53647923469543,0.0,300.45715713500977,0.0,29.475032091140747,-0.1002004008016032,57.51075887680054,0.2004008016032064,120.29730439186096,0.10020040080160314,171.53647923469543,0.1999983903550072,300.45715713500977
2026-09-16 09:08:35,v2.1.2,MAIN,MAIN,MAIN,2026-09-16 09:08:35.959,True,KOSPI,000660,SK하이닉스,1701000.0,0.12,190937,232382000000.0,324783837000.0,232382000000.0,ACTUAL,1,1710000.0,0.5263157894736842,1.0,1.0619056093789974,76,40,22,5,9,True,60,2026-09-16 09:00:00.776,1691000.0,74.0,515.183662,20260916_000660_E001,2026-09-16 09:00:00.776,1691000.0,74.0,515.183662,488.51263213157654,19,0.0,-0.05875440658049354,False,True,20260916_000660_SHADOW_SCORE_70_74_E001_090019871716,2026-09-16 09:00:19.850,1691000.0,74.0,72.173651,0.17740981667653255,0.0,29.475032091140747,0.0,29.475032091140747,-0.05875440658049354,57.51075887680054,-0.35149384885764495,120.29730439186096,-0.17605633802816903,171.53647923469543,-0.17605633802816903,300.45715713500977,0.0,29.475032091140747,0.05847953216374263,57.51075887680054,0.4677677801060027,120.29730439186096,0.29212375200295815,171.53647923469543,0.5263157894736842,300.45715713500977
2026-09-16 09:08:35,v2.1.2,MAIN,MAIN,MAIN,2026-09-16 09:08:35.944,True,KOSDAQ,062970,한국첨단소재,3830.0,14.43,10679669,38993000000.0,40903132270.0,38993000000.0,ACTUAL,4,3910.0,2.0460358056265986,1.334006158056791,1.298481519834616,75,29,14,20,12,False,60,2026-09-16 09:05:17.752,3630.0,63.0,198.19246,20260916_062970_E001,2026-09-16 09:05:17.752,3630.0,63.0,198.19246,463.21526312828064,18,-1.6688061617458279,-1.1612903225806452,True,True,20260916_062970_SHADOW_SCORE_70_74_E001_090607978961,2026-09-16 09:06:07.919,3680.0,71.0,59.36668,1.9021739130434812,-1.6688061617458279,29.475032091140747,-1.6688061617458279,29.475032091140747,-1.1612903225806452,57.51075887680054,3.5135135135135136,120.29730439186096,5.5096418732782375,171.53647923469543,6.834030683403068,300.45715713500977,1.6624040920716114,29.475032091140747,1.7886355482263412,57.51075887680054,-0.32863437906997106,120.29730439186096,0.021744307650890082,171.53647923469543,-1.192830591134535,300.45715713500977
2026-09-16 09:09:04,v2.1.2,MAIN,MAIN,MAIN,2026-09-16 09:09:04.144,True,KOSPI,000660,SK하이닉스,1704000.0,0.12,194986,232382000000.0,332256144000.0,232382000000.0,ACTUAL,1,1710000.0,0.3508771929824561,1.0,1.0598274803102528,79,40,25,5,9,True,60,2026-09-16 09:00:00.776,1691000.0,74.0,543.36796,20260916_000660_E001,2026-09-16 09:00:00.776,1691000.0,74.0,543.36796,517.1483533382416,20,0.1763668430335097,0.1763668430335097,False,True,20260916_000660_SHADOW_SCORE_70_74_E001_090019871716,2026-09-16 09:00:19.850,1691000.0,74.0,72.173651,0.17740981667653255,0.1763668430335097,28.63572120666504,0.1763668430335097,28.63572120666504,0.1763668430335097,58.110753297805786,0.11750881316098707,122.1433629989624,-0.05865102639296188,174.56941390037537,0.11750881316098707,303.96455693244934,-0.17543859649122806,28.63572120666504,-0.17543859649122806,58.110753297805786,-0.11695906432748543,122.1433629989624,0.17523316487941162,174.56941390037537,0.11641060447131898,303.96455693244934
2026-09-16 09:09:04,v2.1.2,MAIN,MAIN,MAIN,2026-09-16 09:09:04.143,True,KOSDAQ,218410,RFHIC,53500.0,8.0,256704,50039000000.0,13733664000.0,50039000000.0,ACTUAL,2,53900.0,0.7421150278293136,1.1333861834654586,1.242450789164178,78,33,22,11,12,True,60,2026-09-16 09:00:47.177,53200.0,63.0,496.96563,20260916_218410_E004,2026-09-16 09:07:39.813,53700.0,68.0,84.32936,517.1483533382416,20,-0.18656716417910446,-0.37243947858473,False,False,,,,,,,-0.18656716417910446,28.63572120666504,-0.18656716417910446,28.63572120666504,-0.37243947858473,58.110753297805786,2.294455066921606,122.1433629989624,2.490421455938697,174.56941390037537,2.490421455938697,303.96455693244934,0.1855287569573285,28.63572120666504,0.7421150278293136,58.110753297805786,-1.1340575800506114,122.1433629989624,-1.3216748408386039,174.56941390037537,-1.3216748408386039,303.96455693244934
2026-09-16 09:09:32,v2.1.2,MAIN,MAIN,MAIN,2026-09-16 09:09:32.029,True,KOSDAQ,069540,빛과전자,4470.0,8.98,7001690,30475000000.0,31297554300.0,30475000000.0,ACTUAL,10,4530.0,1.3245033112582782,1.1708994505705614,1.175338289825538,76,29,19,16,12,True,60,2026-09-16 09:07:39.813,4440.0,71.0,112.215753,20260916_069540_E001,2026-09-16 09:07:39.813,4440.0,71.0,112.215753,519.8464753627777,20,0.0,0.7891770011273956,False,True,20260916_069540_SHADOW_SCORE_70_74_E001_090807407222,2026-09-16 09:08:07.362,4440.0,71.0,84.666991,0.6756756756756799,0.0,27.99549102783203,0.0,27.99549102783203,0.7891770011273956,56.63121223449707,2.054794520547945,114.14197111129761,-1.3245033112582782,176.92851662635803,-0.2232142857142857,307.1039807796478,0.0,27.99549102783203,-0.7726269315673289,56.63121223449707,-1.9867549668874172,114.14197111129761,,,,
2026-09-16 09:09:34,v2.1.2,MAIN,MAIN,MAIN,2026-09-16 09:09:32.031,True,KOSPI,000660,SK하이닉스,1701000.0,0.12,197834,232382000000.0,336515634000.0,232382000000.0,ACTUAL,1,1710000.0,0.5263157894736842,1.0,1.0514360424328748,76,40,22,5,9,True,60,2026-09-16 09:00:00.776,1691000.0,74.0,571.255392,20260916_000660_E001,2026-09-16 09:00:00.776,1691000.0,74.0,571.255392,545.1438443660736,21,-0.17605633802816903,0.0,False,True,20260916_000660_SHADOW_SCORE_70_74_E001_090019871716,2026-09-16 09:00:19.850,1691000.0,74.0,72.173651,0.17740981667653255,-0.17605633802816903,27.99549102783203,-0.17605633802816903,27.99549102783203,0.0,56.63121223449707,-0.05875440658049354,114.14197111129761,-0.35149384885764495,176.92851662635803,-0.29308323563892147,307.1039807796478,0.17543859649122806,27.99549102783203,0.0,56.63121223449707,0.05847953216374263,114.14197111129761,0.4677677801060027,176.92851662635803,0.46773348133074333,307.1039807796478
2026-09-16 09:09:34,v2.1.2,MAIN,MAIN,MAIN,2026-09-16 09:09:32.033,True,KOSPI,005930,삼성전자,248250.0,0.2,765977,168046000000.0,190153790250.0,168046000000.0,ACTUAL,2,249500.0,0.501002004008016,1.0,1.0504592125707812,76,40,22,5,9,True,60,2026-09-16 09:00:00.776,248000.0,74.0,571.257418,20260916_005930_E001,2026-09-16 09:00:00.776,248000.0,74.0,571.257418,545.1438443660736,21,-0.1006036217303823,-0.1006036217303823,False,True,20260916_005930_SHADOW_SCORE_70_74_E001_090046172818,2026-09-16 09:00:46.142,248000.0,74.0,45.882345,0.20161290322580072,-0.1006036217303823,27.99549102783203,-0.1006036217303823,27.99549102783203,-0.1006036217303823,56.63121223449707,0.0,114.14197111129761,-0.30120481927710846,176.92851662635803,-0.30120481927710846,307.1039807796478,0.1002004008016032,27.99549102783203,0.1002004008016032,56.63121223449707,0.0,114.14197111129761,0.3006012024048096,176.92851662635803,0.501002004008016,307.1039807796478
2026-09-16 09:09:34,v2.1.2,MAIN,MAIN,MAIN,2026-09-16 09:09:32.030,True,KOSDAQ,218410,RFHIC,53300.0,8.41,265172,50679000000.0,14133667600.0,50679000000.0,ACTUAL,2,53900.0,1.1131725417439702,1.1032763687819744,1.16043428981537,75,33,19,11,12,True,60,2026-09-16 09:00:47.177,53200.0,63.0,524.853042,20260916_218410_E004,2026-09-16 09:07:39.813,53700.0,68.0,112.216772,545.1438443660736,21,-0.3738317757009346,-0.5597014925373134,False,False,,,,,,,-0.3738317757009346,27.99549102783203,-0.3738317757009346,27.99549102783203,-0.5597014925373134,56.63121223449707,1.1385199240986716,114.14197111129761,2.3032629558541267,176.92851662635803,1.717557251908397,307.1039807796478,0.3710575139146566,27.99549102783203,0.5565862708719851,56.63121223449707,-0.012531022983984785,114.14197111129761,-1.1382345877119397,176.92851662635803,-0.5753828053479624,307.1039807796478
2026-09-16 09:10:02,v2.1.2,MAIN,MAIN,MAIN,2026-09-16 09:10:02.770,True,KOSDAQ,069540,빛과전자,4590.0,8.86,7811274,31515000000.0,35853747660.0,31515000000.0,ACTUAL,10,4590.0,0.0,1.13784886449796,1.232138910862743,77,29,25,11,12,True,60,2026-09-16 09:07:39.813,4440.0,71.0,142.957109,20260916_069540_E001,2026-09-16 09:07:39.813,4440.0,71.0,142.957109,550.2270629405975,21,2.684563758389262,2.684563758389262,False,True,20260916_069540_SHADOW_SCORE_70_74_E001_090807407222,2026-09-16 09:08:07.362,4440.0,71.0,84.666991,0.6756756756756799,2.684563758389262,30.380587577819824,2.684563758389262,30.380587577819824,2.684563758389262,58.376078605651855,3.3783783783783785,116.48683190345764,2.1134593993325916,180.51944160461426,1.3245033112582782,310.98022842407227,-1.3245033112582782,30.380587577819824,-1.3245033112582782,58.376078605651855,-1.9867549668874174,116.48683190345764,-0.772626931567329,180.51944160461426,,
2026-09-16 09:10:02,v2.1.2,MAIN,MAIN,MAIN,2026-09-16 09:10:02.775,True,KOSPI,005930,삼성전자,248000.0,0.2,788049,168046000000.0,195436152000.0,168046000000.0,ACTUAL,2,249500.0,0.6012024048096193,1.0,1.0752007007471363,76,40,22,5,9,True,60,2026-09-16 09:00:00.776,248000.0,74.0,601.999869,20260916_005930_E001,2026-09-16 09:00:00.776,248000.0,74.0,601.999869,575.5244319438934,22,-0.10070493454179255,-0.2012072434607646,False,True,20260916_005930_SHADOW_SCORE_70_74_E001_090046172818,2026-09-16 09:00:46.142,248000.0,74.0,45.882345,0.20161290322580072,-0.10070493454179255,30.380587577819824,-0.10070493454179255,30.380587577819824,-0.2012072434607646,58.376078605651855,-0.2012072434607646,116.48683190345764,-0.3015075376884422,180.51944160461426,-0.4016064257028112,310.98022842407227,0.1002004008016033,30.380587577819824,0.2004008016032065,58.376078605651855,0.2004008016032065,116.48683190345764,0.30060120240480964,180.51944160461426,0.4008016032064129,310.98022842407227
2026-09-16 09:10:31,v2.1.2,MAIN,MAIN,MAIN,2026-09-16 09:10:31.223,True,KOSDAQ,069540,빛과전자,4665.0,13.47,9123115,40365000000.0,42559331475.0,40365000000.0,ACTUAL,5,4690.0,0.5330490405117271,1.3891661217606772,1.3750900964314428,86,29,22,20,15,True,60,2026-09-16 09:07:39.813,4440.0,71.0,171.409714,20260916_069540_E001,2026-09-16 09:07:39.813,4440.0,71.0,171.409714,579.3180675506592,22,1.6339869281045754,4.3624161073825505,False,True,20260916_069540_SHADOW_SCORE_70_74_E001_090807407222,2026-09-16 09:08:07.362,4440.0,71.0,84.666991,0.6756756756756799,1.6339869281045754,29.091004610061646,1.6339869281045754,29.091004610061646,4.3624161073825505,59.47159218788147,5.186020293122886,116.10280442237854,6.506849315068493,173.61356329917908,2.980132450331126,287.639283657074,0.5330490405117271,29.091004610061646,-0.7914542707465512,59.47159218788147,-1.5640812023138801,116.10280442237854,-2.7782092376339684,173.61356329917908,,
2026-09-16 09:10:31,v2.1.2,MAIN,MAIN,MAIN,2026-09-16 09:10:31.234,True,KOSPI,005930,삼성전자,248250.0,0.2,791104,168046000000.0,196391568000.0,168046000000.0,ACTUAL,2,249500.0,0.501002004008016,1.0,1.063253234700776,76,40,22,5,9,True,60,2026-09-16 09:00:00.776,248000.0,74.0,630.458302,20260916_005930_E001,2026-09-16 09:00:00.776,248000.0,74.0,630.458302,579.3180675506592,22,0.10080645161290322,0.0,False,True,20260916_005930_SHADOW_SCORE_70_74_E001_090046172818,2026-09-16 09:00:46.142,248000.0,74.0,45.882345,0.20161290322580072,0.10080645161290322,29.091004610061646,0.10080645161290322,29.091004610061646,0.0,59.47159218788147,-0.1006036217303823,116.10280442237854,0.0,173.61356329917908,-0.20100502512562815,287.639283657074,-0.1002004008016033,29.091004610061646,0.0,59.47159218788147,0.1002004008016032,116.10280442237854,0.0,173.61356329917908,0.20040080160320634,287.639283657074
2026-09-16 09:10:59,v2.1.2,MAIN,MAIN,MAIN,2026-09-16 09:10:59.880,True,KOSDAQ,069540,빛과전자,4630.0,11.77,10082661,44960000000.0,46682720430.0,44960000000.0,ACTUAL,5,4690.0,1.279317697228145,1.4753076292042657,1.4400324778731992,83,29,19,20,15,True,60,2026-09-16 09:07:39.813,4440.0,71.0,200.067033,20260916_069540_E001,2026-09-16 09:07:39.813,4440.0,71.0,200.067033,586.6544342041016,22,-0.7502679528403001,0.8714596949891068,False,True,20260916_069540_SHADOW_SCORE_70_74_E001_090807407222,2026-09-16 09:08:07.362,4440.0,71.0,84.666991,0.6756756756756799,-0.7502679528403001,28.440327167510986,-0.7502679528403001,28.440327167510986,0.8714596949891068,57.53133177757263,3.5794183445190155,115.90741038322449,4.2792792792792795,174.01816368103027,2.207505518763797,290.47682428359985,0.746268656716418,28.440327167510986,1.279317697228145,57.53133177757263,-0.045185614030133214,115.90741038322449,-0.7074372696592723,174.01816368103027,,
2026-09-16 09:10:59,v2.1.2,MAIN,MAIN,MAIN,2026-09-16 09:10:59.889,True,KOSPI,000660,SK하이닉스,1699000.0,0.12,209177,232382000000.0,355391723000.0,232382000000.0,ACTUAL,1,1710000.0,0.6432748538011697,1.0,1.0573359483203089,76,40,22,5,9,True,60,2026-09-16 09:00:00.776,1691000.0,74.0,659.112938,20260916_000660_E001,2026-09-16 09:00:00.776,1691000.0,74.0,659.112938,586.6544342041016,22,-0.11757789535567313,-0.17626321974148063,False,True,20260916_000660_SHADOW_SCORE_70_74_E001_090019871716,2026-09-16 09:00:19.850,1691000.0,74.0,72.173651,0.17740981667653255,-0.11757789535567313,28.440327167510986,-0.11757789535567313,28.440327167510986,-0.17626321974148063,57.53133177757263,-0.2934272300469483,115.90741038322449,-0.11757789535567313,174.01816368103027,-0.3519061583577713,290.47682428359985,0.11695906432748548,28.440327167510986,0.17543859649122812,57.53133177757263,0.29239766081871355,115.90741038322449,0.11695906432748548,174.01816368103027,0.4676308256981252,290.47682428359985
2026-09-16 09:10:59,v2.1.2,MAIN,MAIN,MAIN,2026-09-16 09:10:59.892,True,KOSPI,005930,삼성전자,248000.0,0.2,826121,168046000000.0,204878008000.0,168046000000.0,ACTUAL,2,249500.0,0.6012024048096193,1.0,1.0785193289093538,76,40,22,5,9,True,60,2026-09-16 09:00:00.776,248000.0,74.0,659.116244,20260916_005930_E001,2026-09-16 09:00:00.776,248000.0,74.0,659.116244,586.6544342041016,22,-0.10070493454179255,0.0,False,True,20260916_005930_SHADOW_SCORE_70_74_E001_090046172818,2026-09-16 09:00:46.142,248000.0,74.0,45.882345,0.20161290322580072,-0.10070493454179255,28.440327167510986,-0.10070493454179255,28.440327167510986,0.0,57.53133177757263,-0.2012072434607646,115.90741038322449,-0.2012072434607646,174.01816368103027,-0.4016064257028112,290.47682428359985,0.1002004008016033,28.440327167510986,0.0,57.53133177757263,0.2004008016032065,115.90741038322449,0.2004008016032065,174.01816368103027,0.4008016032064129,290.47682428359985
2026-09-16 09:11:28,v2.1.2,MAIN,MAIN,MAIN,2026-09-16 09:11:28.621,True,KOSDAQ,069540,빛과전자,4675.0,13.11,10791853,48298000000.0,50451912775.0,48298000000.0,ACTUAL,4,4690.0,0.31982942430703626,1.5325400602887513,1.3815739916433607,89,29,25,20,15,True,60,2026-09-16 09:07:39.813,4440.0,71.0,228.807961,20260916_069540_E001,2026-09-16 09:07:39.813,4440.0,71.0,228.807961,593.333500623703,22,0.9719222462203023,0.21436227224008575,False,True,20260916_069540_SHADOW_SCORE_70_74_E001_090807407222,2026-09-16 09:08:07.362,4440.0,71.0,84.666991,0.6756756756756799,0.9719222462203023,29.47139811515808,0.9719222462203023,29.47139811515808,0.21436227224008575,57.91172528266907,4.586129753914989,117.38331747055054,5.411499436302142,174.0145297050476,3.2008830022075054,294.31183409690857,-0.9594882729211087,29.47139811515808,-0.21321961620469082,57.91172528266907,-1.004673886951242,117.38331747055054,-1.7773008185185708,174.0145297050476,,
2026-09-16 09:11:28,v2.1.2,MAIN,MAIN,MAIN,2026-09-16 09:11:28.637,True,KOSPI,229640,LS에코에너지,60700.0,19.96,177690,73166000000.0,10785783000.0,73166000000.0,ACTUAL,9,60700.0,0.0,1.018429331031987,1.1593720638897589,79,37,25,5,12,True,60,2026-09-16 09:07:39.813,59100.0,64.0,228.82394,20260916_229640_E001,2026-09-16 09:07:39.813,59100.0,64.0,228.82394,593.333500623703,22,1.675041876046901,1.335559265442404,True,True,20260916_229640_SHADOW_SCORE_70_74_E001_090904201806,2026-09-16 09:09:04.133,59600.0,73.0,144.504578,1.8456375838926231,1.675041876046901,29.47139811515808,1.675041876046901,29.47139811515808,1.335559265442404,57.91172528266907,2.5337837837837838,117.38331747055054,2.1885521885521886,174.0145297050476,4.655172413793104,294.31183409690857,-1.4851485148514851,29.47139811515808,-1.155115511551155,57.91172528266907,-2.31023102310231,117.38331747055054,-1.9801980198019802,174.0145297050476,-4.29042904290429,294.31183409690857
2026-09-16 09:11:31,v2.1.2,MAIN,MAIN,MAIN,2026-09-16 09:11:28.629,True,KOSPI,000660,SK하이닉스,1700000.0,0.12,214415,232382000000.0,364505500000.0,232382000000.0,ACTUAL,1,1710000.0,0.5847953216374269,1.0,1.0735887601518141,76,40,22,5,9,True,60,2026-09-16 09:00:00.776,1691000.0,74.0,687.853264,20260916_000660_E001,2026-09-16 09:00:00.776,1691000.0,74.0,687.853264,593.333500623703,22,0.05885815185403178,-0.058788947677836566,False,True,20260916_000660_SHADOW_SCORE_70_74_E001_090019871716,2026-09-16 09:00:19.850,1691000.0,74.0,72.173651,0.17740981667653255,0.05885815185403178,29.47139811515808,0.05885815185403178,29.47139811515808,-0.058788947677836566,57.91172528266907,-0.058788947677836566,117.38331747055054,-0.058788947677836566,174.0145297050476,-0.4100761570005858,294.31183409690857,-0.0584795321637428,29.47139811515808,0.05847953216374269,57.91172528266907,0.05847953216374269,117.38331747055054,0.05847953216374269,174.0145297050476,0.5262473122697454,294.31183409690857
2026-09-16 09:11:31,v2.1.2,MAIN,MAIN,MAIN,2026-09-16 09:11:28.632,True,KOSPI,005930,삼성전자,248000.0,0.2,845489,168046000000.0,209681272000.0,168046000000.0,ACTUAL,2,249500.0,0.6012024048096193,1.0,1.0728888685855829,76,40,22,5,9,True,60,2026-09-16 09:00:00.776,248000.0,74.0,687.855991,20260916_005930_E001,2026-09-16 09:00:00.776,248000.0,74.0,687.855991,593.333500623703,22,0.0,-0.10070493454179255,False,True,20260916_005930_SHADOW_SCORE_70_74_E001_090046172818,2026-09-16 09:00:46.142,248000.0,74.0,45.882345,0.20161290322580072,0.0,29.47139811515808,0.0,29.47139811515808,-0.10070493454179255,57.91172528266907,-0.10070493454179255,117.38331747055054,-0.2012072434607646,174.0145297050476,-0.4016064257028112,294.31183409690857,0.0,29.47139811515808,0.1002004008016033,57.91172528266907,0.1002004008016033,117.38331747055054,0.2004008016032065,174.0145297050476,0.4008016032064129,294.31183409690857
2026-09-16 09:11:59,v2.1.2,MAIN,MAIN,MAIN,2026-09-16 09:11:59.056,True,KOSDAQ,069540,빛과전자,4665.0,13.96,12089079,54129000000.0,56395553535.0,54129000000.0,ACTUAL,3,4720.0,1.1652542372881356,1.340988480118915,1.3251043092189454,87,33,19,20,15,True,60,2026-09-16 09:07:39.813,4440.0,71.0,259.242726,20260916_069540_E001,2026-09-16 09:07:39.813,4440.0,71.0,259.242726,592.4516351222992,22,-0.21390374331550802,0.755939524838013,False,True,20260916_069540_SHADOW_SCORE_70_74_E001_090807407222,2026-09-16 09:08:07.362,4440.0,71.0,84.666991,0.6756756756756799,-0.21390374331550802,30.398873805999756,-0.21390374331550802,30.398873805999756,0.755939524838013,59.87027192115784,1.6339869281045754,117.40160369873047,4.3624161073825505,175.77768230438232,3.781979977753059,297.9210453033447,0.8454248129810993,30.398873805999756,-0.11406345994000944,59.87027192115784,1.1652542372881356,117.40160369873047,-0.15924907397014265,175.77768230438232,0.3926273057208066,297.9210453033447
2026-09-16 09:11:59,v2.1.2,MAIN,MAIN,MAIN,2026-09-16 09:11:59.062,True,KOSPI,000660,SK하이닉스,1702000.0,0.12,219447,232382000000.0,373498794000.0,232382000000.0,ACTUAL,1,1710000.0,0.46783625730994155,1.0,1.0760476223165865,79,40,25,5,9,True,60,2026-09-16 09:00:00.776,1691000.0,74.0,718.286863,20260916_000660_E001,2026-09-16 09:00:00.776,1691000.0,74.0,718.286863,592.4516351222992,22,0.1176470588235294,0.17657445556209533,False,True,20260916_000660_SHADOW_SCORE_70_74_E001_090019871716,2026-09-16 09:00:19.850,1691000.0,74.0,72.173651,0.17740981667653255,0.1176470588235294,30.398873805999756,0.1176470588235294,30.398873805999756,0.17657445556209533,59.87027192115784,0.0,117.40160369873047,-0.11737089201877934,175.77768230438232,0.0,297.9210453033447,-0.11695906432748532,30.398873805999756,-0.17543859649122812,59.87027192115784,0.0,117.40160369873047,0.11695906432748543,175.77768230438232,0.0,297.9210453033447
2026-09-16 09:11:59,v2.1.2,MAIN,MAIN,MAIN,2026-09-16 09:11:59.067,True,KOSPI,005930,삼성전자,248500.0,0.2,874194,168046000000.0,217237209000.0,168046000000.0,ACTUAL,2,249500.0,0.4008016032064128,1.0,1.1050304384758514,79,40,25,5,9,True,60,2026-09-16 09:00:00.776,248000.0,74.0,718.291424,20260916_005930_E001,2026-09-16 09:00:00.776,248000.0,74.0,718.291424,592.4516351222992,22,0.20161290322580644,0.20161290322580644,False,True,20260916_005930_SHADOW_SCORE_70_74_E001_090046172818,2026-09-16 09:00:46.142,248000.0,74.0,45.882345,0.20161290322580072,0.20161290322580644,30.398873805999756,0.20161290322580644,30.398873805999756,0.20161290322580644,59.87027192115784,0.20161290322580644,117.40160369873047,0.0,175.77768230438232,-0.10050251256281408,297.9210453033447,-0.2004008016032065,30.398873805999756,-0.2004008016032065,59.87027192115784,-0.2004008016032065,117.40160369873047,0.0,175.77768230438232,0.10020040080160314,297.9210453033447
2026-09-16 09:11:59,v2.1.2,MAIN,MAIN,MAIN,2026-09-16 09:11:59.073,True,KOSPI,229640,LS에코에너지,61500.0,19.96,192768,73166000000.0,11855232000.0,73166000000.0,ACTUAL,9,61500.0,0.0,1.018429331031987,1.1838750092121748,79,37,25,5,12,True,60,2026-09-16 09:07:39.813,59100.0,64.0,259.2598,20260916_229640_E001,2026-09-16 09:07:39.813,59100.0,64.0,259.2598,592.4516351222992,22,1.3179571663920924,3.015075376884422,True,True,20260916_229640_SHADOW_SCORE_70_74_E001_090904201806,2026-09-16 09:09:04.133,59600.0,73.0,144.504578,1.8456375838926231,1.3179571663920924,30.398873805999756,1.3179571663920924,30.398873805999756,3.015075376884422,59.87027192115784,3.885135135135135,117.40160369873047,3.1879194630872485,175.77768230438232,6.125970664365832,297.9210453033447,0.0,30.398873805999756,-1.4851485148514851,59.87027192115784,-2.31023102310231,117.40160369873047,-1.65016501650165,175.77768230438232,-4.372937293729374,297.9210453033447
2026-09-16 09:12:27,v2.1.2,MAIN,MAIN,MAIN,2026-09-16 09:12:27.338,True,KOSPI,000660,SK하이닉스,1705000.0,0.12,222866,232382000000.0,379986530000.0,232382000000.0,ACTUAL,1,1710000.0,0.29239766081871343,1.0,1.0654421853263025,79,40,25,5,9,True,60,2026-09-16 09:00:00.776,1691000.0,74.0,746.56256,20260916_000660_E001,2026-09-16 09:00:00.776,1691000.0,74.0,746.56256,588.0899913311005,22,0.17626321974148063,0.29411764705882354,False,True,20260916_000660_SHADOW_SCORE_70_74_E001_090019871716,2026-09-16 09:00:19.850,1691000.0,74.0,72.173651,0.17740981667653255,0.17626321974148063,27.279289722442627,0.17626321974148063,27.279289722442627,0.29411764705882354,57.67816352844238,0.23515579071134626,115.58988881111145,0.23515579071134626,175.06148099899292,0.17626321974148063,289.2034521102905,-0.17543859649122812,27.279289722442627,-0.29239766081871343,57.67816352844238,-0.23391812865497075,115.58988881111145,-0.23391812865497075,175.06148099899292,-0.17543859649122812,289.2034521102905
2026-09-16 09:12:27,v2.1.2,MAIN,MAIN,MAIN,2026-09-16 09:12:27.342,True,KOSPI,005930,삼성전자,249000.0,0.2,900367,168046000000.0,224191383000.0,168046000000.0,ACTUAL,2,249500.0,0.2004008016032064,1.0,1.0898730331271085,79,40,25,5,9,True,60,2026-09-16 09:00:00.776,248000.0,74.0,746.566677,20260916_005930_E001,2026-09-16 09:00:00.776,248000.0,74.0,746.566677,588.0899913311005,22,0.2012072434607646,0.4032258064516129,False,True,20260916_005930_SHADOW_SCORE_70_74_E001_090046172818,2026-09-16 09:00:46.142,248000.0,74.0,45.882345,0.20161290322580072,0.2012072434607646,27.279289722442627,0.2012072434607646,27.279289722442627,0.4032258064516129,57.67816352844238,0.3021148036253776,115.58988881111145,0.3021148036253776,175.06148099899292,0.3021148036253776,289.2034521102905,-0.2004008016032064,27.279289722442627,-0.4008016032064129,57.67816352844238,-0.3006012024048096,115.58988881111145,-0.3006012024048096,175.06148099899292,-0.3006012024048096,289.2034521102905
2026-09-16 09:12:27,v2.1.2,MAIN,MAIN,MAIN,2026-09-16 09:12:27.329,True,KOSDAQ,069540,빛과전자,4605.0,12.26,12741309,56759000000.0,58673727945.0,56759000000.0,ACTUAL,3,4720.0,2.4364406779661016,1.2624332740213524,1.2636851521636996,75,33,14,16,12,False,60,2026-09-16 09:07:39.813,4440.0,71.0,287.516288,20260916_069540_E001,2026-09-16 09:07:39.813,4440.0,71.0,287.516288,588.0899913311005,22,-1.2861736334405145,-1.4973262032085561,False,True,20260916_069540_SHADOW_SCORE_70_74_E001_090807407222,2026-09-16 09:08:07.362,4440.0,71.0,84.666991,0.6756756756756799,-1.2861736334405145,27.279289722442627,-1.2861736334405145,27.279289722442627,-1.4973262032085561,57.67816352844238,-1.2861736334405145,115.58988881111145,3.0201342281879198,175.06148099899292,5.136986301369863,289.2034521102905,1.271186440677966,27.279289722442627,2.1166112536590656,57.67816352844238,1.9033916374543747,115.58988881111145,1.1119373667078234,175.06148099899292,-0.8748176001795938,289.2034521102905
2026-09-16 09:12:55,v2.1.2,MAIN,MAIN,MAIN,2026-09-16 09:12:55.563,True,KOSDAQ,069540,빛과전자,4695.0,13.96,13544899,61125000000.0,63593300805.0,61125000000.0,ACTUAL,2,4720.0,0.5296610169491525,1.265580355294215,1.2551041049206286,83,33,22,16,12,True,60,2026-09-16 09:07:39.813,4440.0,71.0,315.749905,20260916_069540_E001,2026-09-16 09:07:39.813,4440.0,71.0,315.749905,588.867598772049,22,1.9543973941368076,0.6430868167202572,False,True,20260916_069540_SHADOW_SCORE_70_74_E001_090807407222,2026-09-16 09:08:07.362,4440.0,71.0,84.666991,0.6756756756756799,1.9543973941368076,27.456067323684692,1.9543973941368076,27.456067323684692,0.6430868167202572,54.73535704612732,1.4038876889848813,114.60562896728516,2.287581699346405,172.1369607448578,5.743243243243244,288.62379264831543,-1.9067796610169492,27.456067323684692,-0.6355932203389831,54.73535704612732,-0.7496566802789926,114.60562896728516,0.5296610169491525,172.1369607448578,-1.457093949938265,288.62379264831543
2026-09-16 09:12:55,v2.1.2,MAIN,MAIN,MAIN,2026-09-16 09:12:55.581,True,KOSPI,000660,SK하이닉스,1706000.0,0.12,226562,232382000000.0,386514772000.0,232382000000.0,ACTUAL,1,1710000.0,0.23391812865497078,1.0,1.0566518200685586,79,40,25,5,9,True,60,2026-09-16 09:00:00.776,1691000.0,74.0,774.805901,20260916_000660_E001,2026-09-16 09:00:00.776,1691000.0,74.0,774.805901,588.867598772049,22,0.05865102639296188,0.23501762632197415,False,True,20260916_000660_SHADOW_SCORE_70_74_E001_090019871716,2026-09-16 09:00:19.850,1691000.0,74.0,72.173651,0.17740981667653255,0.05865102639296188,27.456067323684692,0.05865102639296188,27.456067323684692,0.23501762632197415,54.73535704612732,0.4120070629782225,114.60562896728516,0.23501762632197415,172.1369607448578,0.29394473838918284,288.62379264831543,-0.05847953216374266,27.456067323684692,-0.23391812865497078,54.73535704612732,-0.4093567251461989,114.60562896728516,-0.23391812865497078,172.1369607448578,-0.29239766081871343,288.62379264831543
2026-09-16 09:12:55,v2.1.2,MAIN,MAIN,MAIN,2026-09-16 09:12:55.586,True,KOSPI,005930,삼성전자,249000.0,0.2,917982,168046000000.0,228577518000.0,168046000000.0,ACTUAL,2,249500.0,0.2004008016032064,1.0,1.0857409144294012,79,40,25,5,9,True,60,2026-09-16 09:00:00.776,248000.0,74.0,774.809983,20260916_005930_E001,2026-09-16 09:00:00.776,248000.0,74.0,774.809983,588.867598772049,22,0.0,0.2012072434607646,False,True,20260916_005930_SHADOW_SCORE_70_74_E001_090046172818,2026-09-16 09:00:46.142,248000.0,74.0,45.882345,0.20161290322580072,0.0,27.456067323684692,0.0,27.456067323684692,0.2012072434607646,54.73535704612732,0.4032258064516129,114.60562896728516,0.4032258064516129,172.1369607448578,0.2012072434607646,288.62379264831543,0.0,27.456067323684692,-0.2004008016032064,54.73535704612732,-0.4008016032064129,114.60562896728516,-0.4008016032064129,172.1369607448578,-0.2004008016032064,288.62379264831543
2026-09-16 09:12:55,v2.1.2,MAIN,MAIN,MAIN,2026-09-16 09:12:55.598,True,KOSPI,229640,LS에코에너지,61100.0,19.96,212952,73166000000.0,13011367200.0,73166000000.0,ACTUAL,9,61600.0,0.8116883116883116,1.0,1.1984467330744555,76,37,22,5,12,True,60,2026-09-16 09:07:39.813,59100.0,64.0,315.784605,20260916_229640_E001,2026-09-16 09:07:39.813,59100.0,64.0,315.784605,588.867598772049,22,0.3284072249589491,-0.6504065040650406,True,True,20260916_229640_SHADOW_SCORE_70_74_E001_090904201806,2026-09-16 09:09:04.133,59600.0,73.0,144.504578,1.8456375838926231,0.3284072249589491,27.456067323684692,0.3284072249589491,27.456067323684692,-0.6504065040650406,54.73535704612732,2.3450586264656614,114.60562896728516,3.209459459459459,172.1369607448578,3.3840947546531304,288.62379264831543,-0.3246753246753249,27.456067323684692,0.8116883116883116,54.73535704612732,-0.6734602031631736,114.60562896728516,-1.4985427114139986,172.1369607448578,-1.6635592130641637,288.62379264831543
2026-09-16 09:13:23,v2.1.2,MAIN,MAIN,MAIN,2026-09-16 09:13:23.499,True,KOSDAQ,069540,빛과전자,4660.0,13.35,13917816,62906000000.0,64857022560.0,62906000000.0,ACTUAL,2,4720.0,1.2711864406779663,1.1621496794694157,1.1512718214514108,80,33,19,16,12,True,60,2026-09-16 09:07:39.813,4440.0,71.0,343.68614,20260916_069540_E001,2026-09-16 09:07:39.813,4440.0,71.0,343.68614,587.8299314975739,22,-0.7454739084132056,1.1943539630836049,False,True,20260916_069540_SHADOW_SCORE_70_74_E001_090807407222,2026-09-16 09:08:07.362,4440.0,71.0,84.666991,0.6756756756756799,-0.7454739084132056,28.224013805389404,-0.7454739084132056,28.224013805389404,1.1943539630836049,55.6800811290741,-0.32085561497326204,113.35824465751648,-0.10718113612004287,171.26996994018555,5.0732807215332585,287.3727743625641,0.7415254237288138,28.224013805389404,-1.1652542372881354,55.6800811290741,0.95135701637093,113.35824465751648,0.7381374001662392,171.26996994018555,-0.8259438021476408,287.3727743625641
2026-09-16 09:13:23,v2.1.2,MAIN,MAIN,MAIN,2026-09-16 09:13:23.508,True,KOSPI,000660,SK하이닉스,1707000.0,0.12,232499,232382000000.0,396875793000.0,232382000000.0,ACTUAL,1,1710000.0,0.17543859649122806,1.0,1.059476775713498,79,40,25,5,9,True,60,2026-09-16 09:00:00.776,1691000.0,74.0,802.732795,20260916_000660_E001,2026-09-16 09:00:00.776,1691000.0,74.0,802.732795,587.8299314975739,22,0.058616647127784284,0.11730205278592376,False,True,20260916_000660_SHADOW_SCORE_70_74_E001_090019871716,2026-09-16 09:00:19.850,1691000.0,74.0,72.173651,0.17740981667653255,0.058616647127784284,28.224013805389404,0.058616647127784284,28.224013805389404,0.11730205278592376,55.6800811290741,0.411764705882353,113.35824465751648,0.3527336860670194,171.26996994018555,0.3527336860670194,287.3727743625641,-0.058479532163742715,28.224013805389404,-0.11695906432748537,55.6800811290741,-0.4093567251461988,113.35824465751648,-0.3508771929824561,171.26996994018555,-0.3508771929824561,287.3727743625641
2026-09-16 09:13:23,v2.1.2,MAIN,MAIN,MAIN,2026-09-16 09:13:23.512,True,KOSPI,005930,삼성전자,249000.0,0.2,943414,168046000000.0,234910086000.0,168046000000.0,ACTUAL,2,249500.0,0.2004008016032064,1.0,1.0791815089099217,79,40,25,5,9,True,60,2026-09-16 09:00:00.776,248000.0,74.0,802.736818,20260916_005930_E001,2026-09-16 09:00:00.776,248000.0,74.0,802.736818,587.8299314975739,22,0.0,0.0,False,True,20260916_005930_SHADOW_SCORE_70_74_E001_090046172818,2026-09-16 09:00:46.142,248000.0,74.0,45.882345,0.20161290322580072,0.0,28.224013805389404,0.0,28.224013805389404,0.0,55.6800811290741,0.4032258064516129,113.35824465751648,0.3021148036253776,171.26996994018555,0.2012072434607646,287.3727743625641,0.0,28.224013805389404,0.0,55.6800811290741,-0.4008016032064129,113.35824465751648,-0.3006012024048096,171.26996994018555,-0.2004008016032064,287.3727743625641
2026-09-16 09:13:52,v2.1.2,MAIN,MAIN,MAIN,2026-09-16 09:13:52.538,True,KOSPI,000660,SK하이닉스,1706000.0,0.12,235701,232382000000.0,402105906000.0,232382000000.0,ACTUAL,1,1710000.0,0.23391812865497078,1.0,1.0575906598583902,79,40,25,5,9,True,60,2026-09-16 09:00:00.776,1691000.0,74.0,831.762683,20260916_000660_E001,2026-09-16 09:00:00.776,1691000.0,74.0,831.762683,591.439998626709,22,-0.05858230814294083,0.0,False,True,20260916_000660_SHADOW_SCORE_70_74_E001_090019871716,2026-09-16 09:00:19.850,1691000.0,74.0,72.173651,0.17740981667653255,-0.05858230814294083,28.738388538360596,-0.05858230814294083,28.738388538360596,0.0,56.96240234375,0.23501762632197415,111.69775938987732,0.4120070629782225,171.56803131103516,0.11737089201877934,287.47544169425964,0.058479532163742715,28.738388538360596,0.0,56.96240234375,-0.23391812865497078,111.69775938987732,-0.4093567251461989,171.56803131103516,-0.11695906432748535,287.47544169425964
2026-09-16 09:13:52,v2.1.2,MAIN,MAIN,MAIN,2026-09-16 09:13:52.541,True,KOSPI,005930,삼성전자,248500.0,0.2,949346,168046000000.0,235912481000.0,168046000000.0,ACTUAL,2,249500.0,0.4008016032064128,1.0,1.0543989284369597,79,40,25,5,9,True,60,2026-09-16 09:00:00.776,248000.0,74.0,831.765741,20260916_005930_E001,2026-09-16 09:00:00.776,248000.0,74.0,831.765741,591.439998626709,22,-0.2008032128514056,-0.2008032128514056,False,True,20260916_005930_SHADOW_SCORE_70_74_E001_090046172818,2026-09-16 09:00:46.142,248000.0,74.0,45.882345,0.20161290322580072,-0.2008032128514056,28.738388538360596,-0.2008032128514056,28.738388538360596,-0.2008032128514056,56.96240234375,0.0,111.69775938987732,0.20161290322580644,171.56803131103516,0.0,287.47544169425964,0.2004008016032064,28.738388538360596,0.2004008016032064,56.96240234375,0.0,111.69775938987732,-0.2004008016032065,171.56803131103516,0.0,287.47544169425964
2026-09-16 09:13:52,v2.1.2,MAIN,MAIN,MAIN,2026-09-16 09:13:52.532,True,KOSDAQ,069540,빛과전자,4685.0,13.71,14376148,65117000000.0,67352253380.0,65117000000.0,ACTUAL,2,4720.0,0.7415254237288136,1.1472541799538398,1.1283101288886408,75,33,22,11,9,True,60,2026-09-16 09:07:39.813,4440.0,71.0,372.718974,20260916_069540_E001,2026-09-16 09:07:39.813,4440.0,71.0,372.718974,591.439998626709,22,0.5364806866952789,-0.21299254526091588,False,True,20260916_069540_SHADOW_SCORE_70_74_E001_090807407222,2026-09-16 09:08:07.362,4440.0,71.0,84.666991,0.6756756756756799,0.5364806866952789,28.738388538360596,0.5364806866952789,28.738388538360596,-0.21299254526091588,56.96240234375,0.4287245444801715,111.69775938987732,1.187904967602592,171.56803131103516,4.809843400447427,287.47544169425964,-0.5296610169491527,28.738388538360596,0.21186440677966112,56.96240234375,-0.423728813559322,111.69775938987732,-0.5377922734993315,171.56803131103516,-0.5829778875294647,287.47544169425964
2026-09-16 09:14:48,v2.1.2,MAIN,MAIN,MAIN,2026-09-16 09:14:48.841,True,KOSDAQ,010170,대한광통신,15000.0,6.22,3736838,54932000000.0,56052570000.0,54932000000.0,ACTUAL,4,15110.0,0.727994705493051,1.327533289833007,1.3242802081517109,90,33,22,20,15,True,60,2026-09-16 09:12:56.661,14850.0,60.0,112.180294,20260916_010170_E001,2026-09-16 09:12:56.661,14850.0,60.0,112.180294,596.7071981430054,22,-0.6622516556291391,-0.13315579227696406,False,False,,,,,,,-0.6622516556291391,27.584180116653442,-0.6622516556291391,27.584180116653442,-0.13315579227696406,56.62760663032532,1.078167115902965,113.59000897407532,2.459016393442623,168.32536602020264,2.0408163265306123,285.7269697189331,0.727994705493051,27.584180116653442,0.5950159820887957,56.62760663032532,,,,,,
2026-09-16 09:15:21,v2.1.2,MAIN,MAIN,MAIN,2026-09-16 09:15:21.917,True,KOSDAQ,010170,대한광통신,15080.0,6.08,3906852,57022000000.0,58915328160.0,57022000000.0,ACTUAL,4,15110.0,0.1985440105890139,1.1010871454225963,1.1046705839141768,78,33,25,11,9,True,60,2026-09-16 09:12:56.661,14850.0,60.0,145.256057,20260916_010170_E001,2026-09-16 09:12:56.661,14850.0,60.0,145.256057,577.2734134197235,21,0.5333333333333333,-0.13245033112582782,False,False,,,,,,,0.5333333333333333,32.998164653778076,0.5333333333333333,32.998164653778076,-0.13245033112582782,60.58234477043152,1.5488215488215489,118.36415982246399,2.8649386084583903,174.0442409515381,2.3066485753052914,289.63412976264954,-0.5294506949040372,32.998164653778076,0.1985440105890139,60.58234477043152,-0.40386562796520303,118.36415982246399,,,,
2026-09-16 09:15:21,v2.1.2,MAIN,MAIN,MAIN,2026-09-16 09:15:21.908,True,KOSDAQ,069540,빛과전자,4675.0,12.62,16320378,74119000000.0,76297767150.0,74119000000.0,ACTUAL,2,4730.0,1.1627906976744187,1.109815078236131,1.1083980738497936,76,37,19,11,9,True,60,2026-09-16 09:07:39.813,4440.0,71.0,462.095057,20260916_069540_E001,2026-09-16 09:07:39.813,4440.0,71.0,462.095057,577.2734134197235,21,0.8629989212513484,0.10706638115631692,False,True,20260916_069540_SHADOW_SCORE_70_74_E001_090807407222,2026-09-16 09:08:07.362,4440.0,71.0,84.666991,0.6756756756756799,0.8629989212513484,32.998164653778076,0.8629989212513484,32.998164653778076,0.10706638115631692,60.58234477043152,0.3218884120171674,118.36415982246399,1.520086862106406,174.0442409515381,0.21436227224008575,289.63412976264954,-0.8456659619450313,32.998164653778076,0.10346866377611375,60.58234477043152,-0.1083957430035476,118.36415982246399,-1.273649980291683,174.0442409515381,0.6297416571626916,289.63412976264954
2026-09-16 09:15:52,v2.1.2,MAIN,MAIN,MAIN,2026-09-16 09:15:52.410,True,KOSPI,005930,삼성전자,248500.0,0.2,1007852,168046000000.0,250451222000.0,168046000000.0,ACTUAL,2,249500.0,0.4008016032064128,1.0,1.0514635538218697,79,40,25,5,9,True,60,2026-09-16 09:00:00.776,248000.0,74.0,951.634335,20260916_005930_E001,2026-09-16 09:00:00.776,248000.0,74.0,951.634335,581.3772888183594,21,-0.2008032128514056,-0.10050251256281408,False,True,20260916_005930_SHADOW_SCORE_70_74_E001_090046172818,2026-09-16 09:00:46.142,248000.0,74.0,45.882345,0.20161290322580072,-0.2008032128514056,29.70666193962097,-0.2008032128514056,29.70666193962097,-0.10050251256281408,62.70482659339905,0.0,119.33243322372437,-0.2008032128514056,176.29483556747437,0.20161290322580644,290.9004645347595,0.2004008016032064,29.70666193962097,0.10020040080160314,62.70482659339905,0.0,119.33243322372437,0.2004008016032064,176.29483556747437,-0.2004008016032065,290.9004645347595
2026-09-16 09:15:52,v2.1.2,MAIN,MAIN,MAIN,2026-09-16 09:15:52.395,True,KOSDAQ,069540,빛과전자,4685.0,14.32,17423168,79367000000.0,81627542080.0,79367000000.0,ACTUAL,2,4750.0,1.368421052631579,1.1108047585724283,1.1075202141307996,76,37,19,11,9,True,60,2026-09-16 09:07:39.813,4440.0,71.0,492.581473,20260916_069540_E001,2026-09-16 09:07:39.813,4440.0,71.0,492.581473,581.3772888183594,21,0.21390374331550802,1.0787486515641855,False,True,20260916_069540_SHADOW_SCORE_70_74_E001_090807407222,2026-09-16 09:08:07.362,4440.0,71.0,84.666991,0.6756756756756799,0.21390374331550802,29.70666193962097,0.21390374331550802,29.70666193962097,1.0787486515641855,62.70482659339905,0.0,119.33243322372437,-0.21299254526091588,176.29483556747437,1.187904967602592,290.9004645347595,0.2056303549571603,29.70666193962097,-0.640035606987871,62.70482659339905,0.6268956289027654,119.33243322372437,0.8387600356824265,176.29483556747437,0.08910335540343395,290.9004645347595
2026-09-16 09:15:52,v2.1.2,MAIN,MAIN,MAIN,2026-09-16 09:15:52.407,True,KOSDAQ,010170,대한광통신,15000.0,6.44,4014474,59038000000.0,60217110000.0,59038000000.0,ACTUAL,4,15110.0,0.727994705493051,1.0747469598776669,1.0742970393685785,75,33,22,11,9,True,60,2026-09-16 09:12:56.661,14850.0,60.0,175.745886,20260916_010170_E001,2026-09-16 09:12:56.661,14850.0,60.0,175.745886,581.3772888183594,21,-0.5305039787798408,0.0,False,False,,,,,,,-0.5305039787798408,29.70666193962097,-0.5305039787798408,29.70666193962097,0.0,62.70482659339905,-0.13315579227696406,119.33243322372437,1.078167115902965,176.29483556747437,1.9714479945615229,290.9004645347595,0.5294506949040372,29.70666193962097,0.0,62.70482659339905,0.5950159820887957,119.33243322372437,,,,
2026-09-16 09:16:21,v2.1.2,MAIN,MAIN,MAIN,2026-09-16 09:16:21.644,True,KOSPI,005930,삼성전자,248750.0,0.2,1011826,168046000000.0,251691717500.0,168046000000.0,ACTUAL,2,249500.0,0.30060120240480964,1.0,1.0556095158905943,79,40,25,5,9,True,60,2026-09-16 09:00:00.776,248000.0,74.0,980.86842,20260916_005930_E001,2026-09-16 09:00:00.776,248000.0,74.0,980.86842,584.4953117370605,21,0.1006036217303823,-0.1004016064257028,False,True,20260916_005930_SHADOW_SCORE_70_74_E001_090046172818,2026-09-16 09:00:46.142,248000.0,74.0,45.882345,0.20161290322580072,0.1006036217303823,28.754411220550537,0.1006036217303823,28.754411220550537,-0.1004016064257028,58.46107316017151,0.0,119.04341793060303,-0.1004016064257028,176.8252329826355,0.3024193548387097,290.183477640152,-0.10020040080160314,28.754411220550537,0.10020040080160325,58.46107316017151,0.0,119.04341793060303,0.10020040080160325,176.8252329826355,-0.30060120240480964,290.183477640152
2026-09-16 09:16:21,v2.1.2,MAIN,MAIN,MAIN,2026-09-16 09:16:21.634,True,KOSDAQ,069540,빛과전자,4670.0,13.11,17874997,81488000000.0,83476235990.0,81488000000.0,ACTUAL,1,4750.0,1.6842105263157894,1.1404898530440868,1.1362411534473753,76,37,19,11,9,False,60,2026-09-16 09:07:39.813,4440.0,71.0,521.820893,20260916_069540_E001,2026-09-16 09:07:39.813,4440.0,71.0,521.820893,584.4953117370605,21,-0.32017075773745995,-0.10695187165775401,False,True,20260916_069540_SHADOW_SCORE_70_74_E001_090807407222,2026-09-16 09:08:07.362,4440.0,71.0,84.666991,0.6756756756756799,-0.32017075773745995,28.754411220550537,-0.32017075773745995,28.754411220550537,-0.10695187165775401,58.46107316017151,0.0,119.04341793060303,0.2145922746781116,176.8252329826355,-0.10695187165775401,290.183477640152,0.3157894736842104,28.754411220550537,0.5214198286413707,58.46107316017151,0.6248884924174845,119.04341793060303,0.4130240856378231,176.8252329826355,1.364381102008753,290.183477640152
2026-09-16 09:16:41,v2.1.2,MAIN,MAIN,MAIN,2026-09-16 09:16:41.936,True,KOSPI,000660,SK하이닉스,1712000.0,0.12,261548,232382000000.0,447770176000.0,232382000000.0,ACTUAL,1,1713000.0,0.05837711617046118,1.0,1.0580377911092593,79,40,25,5,9,True,60,2026-09-16 09:00:00.776,1691000.0,74.0,1001.160178,20260916_000660_E001,2026-09-16 09:00:00.776,1691000.0,74.0,1001.160178,586.9210059642792,21,0.2635431918008785,0.32229709932610606,False,True,20260916_000660_SHADOW_SCORE_70_74_E001_090019871716,2026-09-16 09:00:19.850,1691000.0,74.0,72.173651,0.17740981667653255,0.2635431918008785,29.215356826782227,0.2635431918008785,29.215356826782227,0.32229709932610606,57.969768047332764,0.29291154071470415,120.67459464073181,0.3516998827667058,177.30220127105713,0.5875440658049353,288.99996066093445,-0.08782171423889554,29.215356826782227,-0.14630124640263825,57.969768047332764,-0.11706148032076688,120.67459464073181,-0.1755410124845096,177.30220127105713,-0.40945914113948034,288.99996066093445
2026-09-16 09:16:41,v2.1.2,MAIN,MAIN,MAIN,2026-09-16 09:16:41.939,True,KOSPI,005930,삼성전자,249000.0,0.2,1045214,168046000000.0,260258286000.0,168046000000.0,ACTUAL,2,249500.0,0.2004008016032064,1.0,1.0531738882473736,79,40,25,5,9,True,60,2026-09-16 09:00:00.776,248000.0,74.0,1001.163686,20260916_005930_E001,2026-09-16 09:00:00.776,248000.0,74.0,1001.163686,586.9210059642792,21,0.10050251256281408,0.2012072434607646,False,True,20260916_005930_SHADOW_SCORE_70_74_E001_090046172818,2026-09-16 09:00:46.142,248000.0,74.0,45.882345,0.20161290322580072,0.10050251256281408,29.215356826782227,0.10050251256281408,29.215356826782227,0.2012072434607646,57.969768047332764,0.10050251256281408,120.67459464073181,0.2012072434607646,177.30220127105713,0.2012072434607646,288.99996066093445,-0.10020040080160325,29.215356826782227,-0.2004008016032064,57.969768047332764,-0.10020040080160325,120.67459464073181,-0.2004008016032064,177.30220127105713,-0.2004008016032064,288.99996066093445
2026-09-16 09:16:41,v2.1.2,MAIN,MAIN,MAIN,2026-09-16 09:16:41.929,True,KOSDAQ,069540,빛과전자,4660.0,12.99,18100674,82530000000.0,84349140840.0,82530000000.0,ACTUAL,1,4750.0,1.8947368421052633,1.1134796745773687,1.1090842381224257,76,37,19,11,9,False,60,2026-09-16 09:07:39.813,4440.0,71.0,542.11593,20260916_069540_E001,2026-09-16 09:07:39.813,4440.0,71.0,542.11593,586.9210059642792,21,-0.21413276231263384,-0.5336179295624333,False,True,20260916_069540_SHADOW_SCORE_70_74_E001_090807407222,2026-09-16 09:08:07.362,4440.0,71.0,84.666991,0.6756756756756799,-0.21413276231263384,29.215356826782227,-0.21413276231263384,29.215356826782227,-0.5336179295624333,57.969768047332764,0.5393743257820928,120.67459464073181,-0.5336179295624333,177.30220127105713,-0.10718113612004287,288.99996066093445,0.2105263157894739,29.215356826782227,0.5263157894736843,57.969768047332764,-0.1137198175141867,120.67459464073181,1.1532114183764497,177.30220127105713,0.7294826048171277,288.99996066093445
2026-09-16 09:16:41,v2.1.2,MAIN,MAIN,MAIN,2026-09-16 09:16:41.936,True,KOSDAQ,010170,대한광통신,14980.0,5.94,4195736,61840000000.0,62852125280.0,61840000000.0,ACTUAL,3,15110.0,0.8603573792190603,1.0844937041843499,1.0739429085104837,75,33,22,11,9,True,60,2026-09-16 09:12:56.661,14850.0,60.0,225.274771,20260916_010170_E001,2026-09-16 09:12:56.661,14850.0,60.0,225.274771,586.9210059642792,21,0.40214477211796246,-0.13333333333333333,False,False,,,,,,,0.40214477211796246,29.215356826782227,0.40214477211796246,29.215356826782227,-0.13333333333333333,57.969768047332764,-0.13333333333333333,120.67459464073181,-0.2663115845539281,177.30220127105713,2.3224043715846996,288.99996066093445,-0.3970880211780278,29.215356826782227,0.1323626737260093,57.969768047332764,0.1323626737260093,120.67459464073181,0.727378655814805,177.30220127105713,,
2026-09-16 09:17:02,v2.1.2,MAIN,MAIN,MAIN,2026-09-16 09:17:02.281,True,KOSPI,000660,SK하이닉스,1713500.0,0.12,270837,232382000000.0,464079199500.0,232382000000.0,ACTUAL,1,1715000.0,0.08746355685131195,1.0,1.0795738099603784,79,40,25,5,9,True,60,2026-09-16 09:00:00.776,1691000.0,74.0,1021.505436,20260916_000660_E001,2026-09-16 09:00:00.776,1691000.0,74.0,1021.505436,571.2036740779877,21,0.08761682242990654,0.3513909224011713,False,True,20260916_000660_SHADOW_SCORE_70_74_E001_090019871716,2026-09-16 09:00:19.850,1691000.0,74.0,72.173651,0.17740981667653255,0.08761682242990654,20.279551029205322,0.08761682242990654,20.279551029205322,0.3513909224011713,49.49490785598755,0.3807850029291154,107.95598101615906,0.4396248534583822,168.53832578659058,0.6756756756756757,309.27951169013977,0.02908644068085077,20.279551029205322,-0.05873527355804477,49.49490785598755,-0.08797503963991611,107.95598101615906,-0.14645457180365884,168.53832578659058,-0.3803727004586296,309.27951169013977
2026-09-16 09:17:02,v2.1.2,MAIN,MAIN,MAIN,2026-09-16 09:17:02.268,True,KOSDAQ,069540,빛과전자,4670.0,12.62,18476613,83554000000.0,86285782710.0,83554000000.0,ACTUAL,1,4750.0,1.6842105263157894,1.0527549233308553,1.0604623108725117,76,37,19,11,9,False,60,2026-09-16 09:07:39.813,4440.0,71.0,562.45476,20260916_069540_E001,2026-09-16 09:07:39.813,4440.0,71.0,562.45476,571.2036740779877,21,0.2145922746781116,0.0,False,True,20260916_069540_SHADOW_SCORE_70_74_E001_090807407222,2026-09-16 09:08:07.362,4440.0,71.0,84.666991,0.6756756756756799,0.2145922746781116,20.279551029205322,0.2145922746781116,20.279551029205322,0.0,49.49490785598755,-0.10695187165775401,107.95598101615906,0.0,168.53832578659058,0.10718113612004287,309.27951169013977,-0.2105263157894739,20.279551029205322,0.0,49.49490785598755,0.5214198286413707,107.95598101615906,0.6248884924174845,168.53832578659058,0.5189562890276538,309.27951169013977
2026-09-16 09:17:02,v2.1.2,MAIN,MAIN,MAIN,2026-09-16 09:17:02.279,True,KOSDAQ,010170,대한광통신,14980.0,5.87,4233840,62617000000.0,63422923200.0,62617000000.0,ACTUAL,3,15110.0,0.8603573792190603,1.0606219722890342,1.054643771512781,75,33,22,11,9,True,60,2026-09-16 09:12:56.661,14850.0,60.0,245.617936,20260916_010170_E001,2026-09-16 09:12:56.661,14850.0,60.0,245.617936,571.2036740779877,21,0.0,0.40214477211796246,False,False,,,,,,,0.0,20.279551029205322,0.0,20.279551029205322,0.40214477211796246,49.49490785598755,-0.6631299734748011,107.95598101615906,-0.7947019867549668,168.53832578659058,2.3224043715846996,309.27951169013977,0.0,20.279551029205322,-0.3970880211780278,49.49490785598755,0.6618133686300465,107.95598101615906,0.8603573792190603,168.53832578659058,,
2026-09-16 09:17:25,v2.1.2,MAIN,MAIN,MAIN,2026-09-16 09:17:25.912,True,KOSPI,000660,SK하이닉스,1713000.0,0.12,274581,232382000000.0,470357253000.0,232382000000.0,ACTUAL,1,1715000.0,0.11661807580174927,1.0,1.08806571642554,79,40,25,5,9,True,60,2026-09-16 09:00:00.776,1691000.0,74.0,1045.136224,20260916_000660_E001,2026-09-16 09:00:00.776,1691000.0,74.0,1045.136224,592.2144486904144,22,-0.02918004085205719,0.32210834553440704,False,True,20260916_000660_SHADOW_SCORE_70_74_E001_090019871716,2026-09-16 09:00:19.850,1691000.0,74.0,72.173651,0.17740981667653255,-0.02918004085205719,21.010774612426758,-0.02918004085205719,21.010774612426758,0.32210834553440704,70.5056824684143,0.35149384885764495,128.96675562858582,0.4103165298944901,189.54910039901733,0.46920821114369504,303.0109965801239,0.029154518950437316,21.010774612426758,-0.02958075460760745,70.5056824684143,-0.058820520689478795,128.96675562858582,-0.11730005285322151,189.54910039901733,-0.17577958501696417,303.0109965801239
2026-09-16 09:17:46,v2.1.2,MAIN,MAIN,MAIN,2026-09-16 09:17:46.501,True,KOSPI,000660,SK하이닉스,1714000.0,0.12,277582,232382000000.0,475775548000.0,232382000000.0,ACTUAL,1,1715000.0,0.05830903790087463,1.0,1.0613042347867314,79,40,25,5,9,True,60,2026-09-16 09:00:00.776,1691000.0,74.0,1065.725699,20260916_000660_E001,2026-09-16 09:00:00.776,1691000.0,74.0,1065.725699,587.9629471302032,22,0.05837711617046118,0.11682242990654204,False,True,20260916_000660_SHADOW_SCORE_70_74_E001_090019871716,2026-09-16 09:00:19.850,1691000.0,74.0,72.173651,0.17740981667653255,0.05837711617046118,23.78422522544861,0.05837711617046118,23.78422522544861,0.11682242990654204,65.07455086708069,0.43949604453559915,123.04431891441345,0.4100761570005858,185.7491455078125,0.4689331770222743,299.3391544818878,-0.05830903790087463,23.78422522544861,-6.807826958654672e-05,65.07455086708069,-0.1463693246722248,123.04431891441345,-0.11712955859035343,185.7491455078125,-0.17560909075409614,299.3391544818878
2026-09-16 09:18:32,v2.1.2,MAIN,MAIN,MAIN,2026-09-16 09:18:32.098,True,KOSDAQ,069540,빛과전자,4745.0,15.29,20100493,91577000000.0,95376839285.0,91577000000.0,ACTUAL,1,4765.0,0.4197271773347324,1.0788996229971726,1.0793061702796225,82,37,25,11,9,True,60,2026-09-16 09:07:39.813,4440.0,71.0,652.284729,20260916_069540_E001,2026-09-16 09:07:39.813,4440.0,71.0,652.284729,575.9770605564117,22,0.5296610169491525,1.714898177920686,False,True,20260916_069540_SHADOW_SCORE_70_74_E001_090807407222,2026-09-16 09:08:07.362,4440.0,71.0,84.666991,0.6756756756756799,0.5296610169491525,23.830125331878662,0.5296610169491525,23.830125331878662,1.714898177920686,69.90909194946289,1.8240343347639485,111.19941759109497,1.2806830309498398,169.16918563842773,1.2806830309498398,288.5016188621521,-0.2118517700336886,23.830125331878662,-1.3697465068757937,69.90909194946289,-1.4750096647705309,111.19941759109497,-0.9486938752968466,169.16918563842773,-0.32179824639408117,288.5016188621521
2026-09-16 09:18:55,v2.1.2,MAIN,MAIN,MAIN,2026-09-16 09:18:55.305,True,KOSDAQ,069540,빛과전자,4775.0,16.14,20742457,94686000000.0,99045232175.0,94686000000.0,ACTUAL,1,4800.0,0.5208333333333333,1.0991340282775752,1.0985759819994703,79,37,22,11,9,True,60,2026-09-16 09:07:39.813,4440.0,71.0,675.491793,20260916_069540_E001,2026-09-16 09:07:39.813,4440.0,71.0,675.491793,598.0451972484589,23,0.6322444678609063,2.13903743315508,False,True,20260916_069540_SHADOW_SCORE_70_74_E001_090807407222,2026-09-16 09:08:07.362,4440.0,71.0,84.666991,0.6756756756756799,0.6322444678609063,22.06813669204712,0.6322444678609063,22.06813669204712,2.13903743315508,68.1930034160614,2.2483940042826553,112.98800325393677,1.92102454642476,191.23732233047485,1.92102454642476,310.5697555541992,0.10110615599860084,22.06813669204712,-1.0581140350877194,68.1930034160614,-1.1633771929824561,112.98800325393677,-0.8475877192982457,191.23732233047485,-0.22069209039548032,310.5697555541992
2026-09-16 09:19:19,v2.1.2,MAIN,MAIN,MAIN,2026-09-16 09:19:19.647,True,KOSDAQ,069540,빛과전자,4760.0,16.31,21308239,96604000000.0,101427217640.0,96604000000.0,ACTUAL,1,4800.0,0.8333333333333334,1.0962156028368795,1.1033109000799255,79,37,22,11,9,True,60,2026-09-16 09:07:39.813,4440.0,71.0,699.834194,20260916_069540_E001,2026-09-16 09:07:39.813,4440.0,71.0,699.834194,593.398937702179,23,-0.31413612565445026,0.847457627118644,False,True,20260916_069540_SHADOW_SCORE_70_74_E001_090807407222,2026-09-16 09:08:07.362,4440.0,71.0,84.666991,0.6756756756756799,-0.31413612565445026,23.349231481552124,-0.31413612565445026,23.349231481552124,0.847457627118644,69.2474935054779,2.0364415862808145,115.32646012306213,1.9271948608137044,185.83214259147644,1.9271948608137044,304.87556052207947,0.3125000000000001,23.349231481552124,0.20175438596491235,69.2474935054779,-0.9561403508771927,115.32646012306213,-0.850877192982456,185.83214259147644,-0.22598870056497156,304.87556052207947
2026-09-16 09:19:19,v2.1.2,MAIN,MAIN,MAIN,2026-09-16 09:19:19.666,True,KOSPI,000660,SK하이닉스,1715000.0,0.12,298950,232382000000.0,512699250000.0,232382000000.0,ACTUAL,1,1717000.0,0.11648223645894001,1.0,1.0579304975582136,79,40,25,5,9,True,60,2026-09-16 09:00:00.776,1691000.0,74.0,1158.890721,20260916_000660_E001,2026-09-16 09:00:00.776,1691000.0,74.0,1158.890721,593.398937702179,23,0.08754012255617158,0.17523364485981308,False,True,20260916_000660_SHADOW_SCORE_70_74_E001_090019871716,2026-09-16 09:00:19.850,1691000.0,74.0,72.173651,0.17740981667653255,0.08754012255617158,23.349231481552124,0.08754012255617158,23.349231481552124,0.17523364485981308,69.2474935054779,0.11675423234092236,115.32646012306213,0.43923865300146414,185.83214259147644,0.5275498241500586,304.87556052207947,0.029018679607628065,23.349231481552124,-0.058444877243683885,69.2474935054779,-0.00013583934280925192,115.32646012306213,-0.029716593950416703,185.83214259147644,-0.11743589219603076,304.87556052207947
2026-09-16 09:19:38,v2.1.2,MAIN,MAIN,MAIN,2026-09-16 09:19:38.580,True,KOSPI,000660,SK하이닉스,1710500.0,0.12,304137,232382000000.0,520226338500.0,232382000000.0,ACTUAL,1,1717000.0,0.37856726849155503,1.0,1.0665822669392708,79,40,25,5,9,True,60,2026-09-16 09:00:00.776,1691000.0,74.0,1177.80464,20260916_000660_E001,2026-09-16 09:00:00.776,1691000.0,74.0,1177.80464,586.65966629982,23,-0.2623906705539359,-0.14594279042615294,False,True,20260916_000660_SHADOW_SCORE_70_74_E001_090019871716,2026-09-16 09:00:19.850,1691000.0,74.0,72.173651,0.17740981667653255,-0.2623906705539359,23.641316175460815,-0.2623906705539359,23.641316175460815,-0.14594279042615294,69.05868434906006,-0.20420070011668612,115.18355107307434,-0.08761682242990654,180.25810194015503,0.2050380785002929,300.93269658088684,0.262085032032615,23.641316175460815,0.26194919268980577,69.05868434906006,0.32025823059068037,115.18355107307434,0.3201901523210938,180.25810194015503,0.20312867200032697,300.93269658088684
2026-09-16 09:19:38,v2.1.2,MAIN,MAIN,MAIN,2026-09-16 09:19:38.570,True,KOSDAQ,069540,빛과전자,4740.0,15.17,21663934,99362000000.0,102687047160.0,99362000000.0,ACTUAL,1,4800.0,1.25,1.0850104283826725,1.0777812265599656,76,37,19,11,9,True,60,2026-09-16 09:07:39.813,4440.0,71.0,718.75681,20260916_069540_E001,2026-09-16 09:07:39.813,4440.0,71.0,718.75681,586.65966629982,23,-0.42016806722689076,-0.10537407797681769,False,True,20260916_069540_SHADOW_SCORE_70_74_E001_090807407222,2026-09-16 09:08:07.362,4440.0,71.0,84.666991,0.6756756756756799,-0.42016806722689076,23.641316175460815,-0.42016806722689076,23.641316175460815,-0.10537407797681769,69.05868434906006,1.3903743315508021,115.18355107307434,1.7167381974248928,180.25810194015503,2.26537216828479,300.93269658088684,0.41666666666666663,23.641316175460815,0.8302728226652676,69.05868434906006,-0.32894736842105265,115.18355107307434,-0.6447368421052633,180.25810194015503,-0.75845665961945,300.93269658088684
2026-09-16 09:20:00,v2.1.2,MAIN,MAIN,MAIN,2026-09-16 09:20:00.769,True,KOSPI,000660,SK하이닉스,1712000.0,0.12,306296,232382000000.0,524378752000.0,232382000000.0,ACTUAL,1,1717000.0,0.29120559114735,1.0,1.0634170051730722,79,40,25,5,9,True,60,2026-09-16 09:00:00.776,1691000.0,74.0,1199.993905,20260916_000660_E001,2026-09-16 09:00:00.776,1691000.0,74.0,1199.993905,576.7126560211182,23,0.08769365682548962,-0.08754012255617158,False,True,20260916_000660_SHADOW_SCORE_70_74_E001_090019871716,2026-09-16 09:00:19.850,1691000.0,74.0,72.173651,0.17740981667653255,0.08769365682548962,19.143994331359863,0.08769365682548962,19.143994331359863,-0.08754012255617158,66.1345419883728,0.0,112.03280401229858,-0.08754012255617158,179.12254524230957,0.29291154071470415,287.0785262584686,-0.08736167734420502,19.143994331359863,0.20374203429603804,66.1345419883728,0.11627847744472611,112.03280401229858,0.20374203429603804,179.12254524230957,0.11576699465612195,287.0785262584686
2026-09-16 09:21:05,v2.1.2,MAIN,MAIN,MAIN,2026-09-16 09:21:05.153,True,KOSPI,000660,SK하이닉스,1718000.0,0.12,323501,232382000000.0,555774718000.0,232382000000.0,ACTUAL,1,1719000.0,0.058173356602675974,1.0,1.0561711547000288,79,40,25,5,9,True,60,2026-09-16 09:00:00.776,1691000.0,74.0,1264.377299,20260916_000660_E001,2026-09-16 09:00:00.776,1691000.0,74.0,1264.377299,582.5457336902618,24,0.11655011655011654,0.35046728971962615,False,True,20260916_000660_SHADOW_SCORE_70_74_E001_090019871716,2026-09-16 09:00:19.850,1691000.0,74.0,72.173651,0.17740981667653255,0.11655011655011654,20.390838623046875,0.11655011655011654,20.390838623046875,0.35046728971962615,63.744802951812744,0.2626203676685147,129.87934494018555,0.35046728971962615,175.77760696411133,0.6149341142020498,292.36225605010986,-6.776162679403286e-05,20.390838623046875,-0.23303223454467403,63.744802951812744,-0.029290200248635975,129.87934494018555,-0.11675375709994792,175.77760696411133,-0.08802547380668074,292.36225605010986
2026-09-16 09:21:26,v2.1.2,MAIN,MAIN,MAIN,2026-09-16 09:21:26.963,True,KOSPI,000660,SK하이닉스,1717000.0,0.12,326859,232382000000.0,561216903000.0,232382000000.0,ACTUAL,1,1719000.0,0.11634671320535195,1.0,1.061168503139427,79,40,25,5,9,True,60,2026-09-16 09:00:00.776,1691000.0,74.0,1286.187142,20260916_000660_E001,2026-09-16 09:00:00.776,1691000.0,74.0,1286.187142,573.9528162479401,24,-0.05820721769499418,0.1750291715285881,False,True,20260916_000660_SHADOW_SCORE_70_74_E001_090019871716,2026-09-16 09:00:19.850,1691000.0,74.0,72.173651,0.17740981667653255,-0.05820721769499418,21.80595636367798,-0.05820721769499418,21.80595636367798,0.1750291715285881,64.43357968330383,0.11661807580174927,128.3360698223114,0.23350846468184472,173.75343799591064,0.5563689604685212,314.16821241378784,0.058173356602675974,21.80595636367798,-0.05837664148305807,64.43357968330383,-0.00013552325358806572,128.3360698223114,-0.00027136259639731763,173.75343799591064,-0.02985211720400477,314.16821241378784
2026-09-16 09:22:11,v2.1.2,MAIN,MAIN,MAIN,2026-09-16 09:22:11.209,True,KOSPI,000660,SK하이닉스,1719000.0,0.12,342049,232382000000.0,587982231000.0,232382000000.0,ACTUAL,1,1720000.0,0.05813953488372093,1.0,1.0573352168926835,79,40,25,5,9,True,60,2026-09-16 09:00:00.776,1691000.0,74.0,1330.433757,20260916_000660_E001,2026-09-16 09:00:00.776,1691000.0,74.0,1330.433757,591.2438933849335,25,0.02909514111143439,0.05820721769499418,False,True,20260916_000660_SHADOW_SCORE_70_74_E001_090019871716,2026-09-16 09:00:19.850,1691000.0,74.0,72.173651,0.17740981667653255,0.02909514111143439,21.930685997009277,0.02909514111143439,21.930685997009277,0.05820721769499418,66.37632322311401,0.40887850467289716,130.12112617492676,0.23323615160349853,172.90643668174744,0.32098044937262915,309.2436714172363,0.029052856582382942,21.930685997009277,-3.3821718955044655e-05,66.37632322311401,-0.23306605626362908,130.12112617492676,-0.058342701575219084,172.90643668174744,-0.02932402196759102,309.2436714172363
2026-09-16 09:22:32,v2.1.2,MAIN,MAIN,MAIN,2026-09-16 09:22:32.078,True,KOSPI,000660,SK하이닉스,1718000.0,0.12,344028,232382000000.0,591040104000.0,232382000000.0,ACTUAL,1,1720000.0,0.11627906976744186,1.0,1.0525272365148275,79,40,25,5,9,True,60,2026-09-16 09:00:00.776,1691000.0,74.0,1351.302883,20260916_000660_E001,2026-09-16 09:00:00.776,1691000.0,74.0,1351.302883,585.4055886268616,25,-0.058173356602675974,0.05824111822947001,False,True,20260916_000660_SHADOW_SCORE_70_74_E001_090019871716,2026-09-16 09:00:19.850,1691000.0,74.0,72.173651,0.17740981667653255,-0.058173356602675974,21.617762565612793,-0.058173356602675974,21.617762565612793,0.05824111822947001,66.18812942504883,0.2333722287047841,130.62170910835266,0.43846828412744815,170.8828830718994,0.29188558085230587,309.85065937042236,0.05813953488372093,21.617762565612793,-6.764343791008931e-05,66.18812942504883,-0.05844428492096816,130.62170910835266,-0.2622881987241132,170.8828830718994,-0.00033900603430740694,309.85065937042236
2026-09-16 09:22:54,v2.1.2,MAIN,MAIN,MAIN,2026-09-16 09:22:54.497,True,KOSPI,000660,SK하이닉스,1718000.0,0.12,347075,232382000000.0,596274850000.0,232382000000.0,ACTUAL,1,1720000.0,0.11627906976744186,1.0,1.051458848977094,79,40,25,5,9,True,60,2026-09-16 09:00:00.776,1691000.0,74.0,1373.721462,20260916_000660_E001,2026-09-16 09:00:00.776,1691000.0,74.0,1373.721462,578.5722568035126,25,0.0,-0.02909514111143439,False,True,20260916_000660_SHADOW_SCORE_70_74_E001_090019871716,2026-09-16 09:00:19.850,1691000.0,74.0,72.173651,0.17740981667653255,0.0,21.390681982040405,0.0,21.390681982040405,-0.02909514111143439,64.93913054466248,0.11655011655011654,129.7756063938141,0.35046728971962615,173.12957072257996,0.2333722287047841,307.45711612701416,0.0,21.390681982040405,0.08719239146610387,64.93913054466248,0.05803795153797185,129.7756063938141,-0.17492652137990816,173.12957072257996,0.057970031866567226,307.45711612701416
2026-09-16 09:24:40,v2.1.2,MAIN,MAIN,MAIN,2026-09-16 09:24:40.398,True,KOSDAQ,010170,대한광통신,14990.0,5.8,5136138,76007000000.0,76990708620.0,76007000000.0,ACTUAL,3,15110.0,0.7941760423560555,1.0502701432933992,1.0507051871242157,79,37,22,11,9,True,60,2026-09-16 09:12:56.661,14850.0,60.0,703.73678,20260916_010170_E002,2026-09-16 09:23:36.983,14920.0,65.0,63.415238,598.180408000946,27,0.26755852842809363,1.2153950033760972,True,False,,,,,,,0.26755852842809363,21.865647077560425,0.26755852842809363,21.865647077560425,1.2153950033760972,63.73992323875427,1.078894133513149,126.36482834815979,0.6040268456375839,169.91327691078186,0.26755852842809363,297.2477114200592,-0.2647253474520186,21.865647077560425,-0.46326935804103253,43.22486138343811,,,-0.5956320317670418,169.91327691078186,-0.2647253474520186,297.2477114200592
2026-09-16 09:25:02,v2.1.2,MAIN,MAIN,MAIN,2026-09-16 09:25:02.543,True,KOSDAQ,072950,빛샘전자,12430.0,16.64,3494554,40922000000.0,43437306220.0,40922000000.0,ACTUAL,9,12610.0,1.4274385408406027,1.1690329952863876,1.1583595005722926,76,29,19,16,12,True,60,2026-09-16 09:16:42.981,11860.0,66.0,499.561455,20260916_072950_E003,2026-09-16 09:23:58.342,12500.0,74.0,64.20084,587.3325345516205,27,0.0,4.983108108108108,False,True,20260916_072950_SHADOW_SCORE_70_74_E003_092417569416,2026-09-16 09:24:17.518,12500.0,74.0,45.024445,-0.5600000000000049,0.0,22.150291204452515,0.0,22.150291204452515,4.983108108108108,65.37515258789062,6.970740103270224,127.1244375705719,7.712305025996534,170.1328821182251,4.806070826306914,300.25400829315186,0.0,22.150291204452515,-1.523381131290545,65.37515258789062,-3.3266598198151343,127.1244375705719,-3.9823975247331678,170.1328821182251,-1.3594467050610366,300.25400829315186
2026-09-16 09:25:27,v2.1.2,MAIN,MAIN,MAIN,2026-09-16 09:25:27.487,True,KOSDAQ,072950,빛샘전자,12760.0,18.88,3726240,43244000000.0,47546822400.0,43244000000.0,ACTUAL,9,12850.0,0.7003891050583658,1.179885951270088,1.1573050877147213,79,29,22,16,12,True,60,2026-09-16 09:16:42.981,11860.0,66.0,524.505718,20260916_072950_E003,2026-09-16 09:23:58.342,12500.0,74.0,89.145103,582.4862070083618,27,2.6548672566371683,2.08,False,True,20260916_072950_SHADOW_SCORE_70_74_E003_092417569416,2026-09-16 09:24:17.518,12500.0,74.0,45.024445,-0.5600000000000049,2.6548672566371683,24.860334396362305,2.6548672566371683,24.860334396362305,2.08,68.87627267837524,8.31918505942275,110.75054883956909,10.380622837370241,173.3754539489746,9.433962264150944,303.99716305732727,-0.7270494357822369,24.860334396362305,0.3814098387106784,68.87627267837524,-2.7422338457613065,110.75054883956909,-4.545512534285896,173.3754539489746,-3.7258404031383554,303.99716305732727
2026-09-16 09:29:21,v2.1.2,MAIN,MAIN,MAIN,2026-09-16 09:29:21.782,True,KOSDAQ,010170,대한광통신,15190.0,6.65,6207896,91148000000.0,94297940240.0,91148000000.0,ACTUAL,2,15200.0,0.06578947368421052,1.0812080377689735,1.0869061506997513,82,37,25,11,9,True,60,2026-09-16 09:12:56.661,14850.0,60.0,985.120862,20260916_010170_E002,2026-09-16 09:23:36.983,14920.0,65.0,344.79932,579.4745280742645,28,0.6960556844547563,0.9302325581395349,True,False,,,,,,,0.6960556844547563,22.150378465652466,0.6960556844547563,22.150378465652466,0.9302325581395349,63.68483066558838,1.33422281521014,124.50345039367676,1.4696058784235138,190.70072722434998,1.6053511705685617,304.09246373176575,-0.09966386847330107,22.150378465652466,-0.33129854749381726,63.68483066558838,-0.728386568671845,124.50345039367676,-0.8607492423978543,190.70072722434998,-0.9931119161238636,304.09246373176575
2026-09-16 09:29:45,v2.1.2,MAIN,MAIN,MAIN,2026-09-16 09:29:45.761,True,KOSDAQ,010170,대한광통신,15140.0,7.21,6327786,93763000000.0,95802680040.0,93763000000.0,ACTUAL,2,15200.0,0.39473684210526316,1.098493368948873,1.098739913841153,82,37,25,11,9,True,60,2026-09-16 09:12:56.661,14850.0,60.0,1009.099973,20260916_010170_E002,2026-09-16 09:23:36.983,14920.0,65.0,368.778431,584.4238126277924,28,-0.32916392363396973,0.5312084993359893,True,False,,,,,,,-0.32916392363396973,24.093278884887695,-0.32916392363396973,24.093278884887695,0.5312084993359893,66.41250419616699,1.1356045424181698,129.1862392425537,0.9333333333333335,171.87872958183289,1.0006671114076051,306.320095539093,0.32894736842105265,24.093278884887695,0.06383015779023998,66.41250419616699,-0.5318018739768017,129.1862392425537,-0.33325786338778784,171.87872958183289,-0.3994392002507924,306.320095539093
2026-09-16 09:30:10,v2.1.2,MAIN,MAIN,MAIN,2026-09-16 09:30:10.295,True,KOSDAQ,010170,대한광통신,15170.0,7.21,6400770,94954000000.0,97099680900.0,94954000000.0,ACTUAL,2,15200.0,0.19736842105263158,1.1004821287840156,1.0970355153372824,82,37,25,11,9,False,60,2026-09-16 09:12:56.661,14850.0,60.0,1033.634256,20260916_010170_E002,2026-09-16 09:23:36.983,14920.0,65.0,393.312714,586.6239311695099,28,0.19815059445178335,0.563473649320517,True,False,,,,,,,0.19815059445178335,23.31729817390442,0.19815059445178335,23.31729817390442,0.563473649320517,69.56095552444458,0.7973421926910298,111.0954077243805,1.200800533689126,171.91402745246887,1.3360053440213762,307.4871025085449,-0.19736842105263158,23.31729817390442,0.03191507889511999,69.56095552444458,-0.1997196001253962,111.0954077243805,-0.5968076213034239,171.91402745246887,-0.7291702950294332,307.4871025085449
2026-09-16 09:30:40,v2.1.2,MAIN,MAIN,MAIN,2026-09-16 09:30:40.210,True,KOSDAQ,010170,대한광통신,15200.0,7.43,6767722,100557000000.0,102869374400.0,100557000000.0,ACTUAL,2,15250.0,0.32786885245901637,1.103227717558257,1.090179667958355,85,40,25,11,9,False,60,2026-09-16 09:12:56.661,14850.0,60.0,1063.54877,20260916_010170_E002,2026-09-16 09:23:36.983,14920.0,65.0,423.227228,594.4641010761261,28,0.1977587343441002,0.3963011889035667,True,False,,,,,,,0.1977587343441002,30.07695460319519,0.1977587343441002,30.07695460319519,0.3963011889035667,53.39425277709961,0.9296148738379815,119.8067569732666,1.5364061456245823,182.58049201965332,1.5364061456245823,290.91407918930054,0.1305004314063848,30.07695460319519,-0.0668679896462468,53.39425277709961,-0.003037831856006812,119.8067569732666,-0.5986698636230485,182.58049201965332,-0.5986698636230485,290.91407918930054
2026-09-16 09:31:03,v2.1.2,MAIN,MAIN,MAIN,2026-09-16 09:31:03.835,True,KOSDAQ,010170,대한광통신,15060.0,7.43,6930679,101707000000.0,104376025740.0,101707000000.0,ACTUAL,2,15250.0,1.2459016393442623,1.084724251570449,1.095277084275606,79,40,19,11,9,False,60,2026-09-16 09:12:56.661,14850.0,60.0,1087.173715,20260916_010170_E002,2026-09-16 09:23:36.983,14920.0,65.0,446.852173,597.1332271099091,28,-0.9210526315789472,-0.7251153592617008,True,False,,,,,,,-0.9210526315789472,23.059964656829834,-0.9210526315789472,23.059964656829834,-0.7251153592617008,53.136919260025024,-0.16572754391779915,122.6978747844696,0.13297872340425532,185.82771944999695,0.6012024048096193,291.2482235431671,0.918032786885246,23.059964656829834,1.0485332182916307,53.136919260025024,1.0804482971867508,122.6978747844696,0.7826322813032299,185.82771944999695,0.3193629232621975,291.2482235431671
2026-09-16 09:31:25,v2.1.2,MAIN,MAIN,MAIN,2026-09-16 09:31:25.268,True,KOSDAQ,010170,대한광통신,15130.0,6.93,6995150,103863000000.0,105836619500.0,103863000000.0,ACTUAL,2,15250.0,0.7868852459016393,1.0938243781199317,1.0928607026967068,82,40,22,11,9,False,60,2026-09-16 09:12:56.661,14850.0,60.0,1108.606833,20260916_010170_E002,2026-09-16 09:23:36.983,14920.0,65.0,468.285291,597.3553586006165,28,0.46480743691899074,-0.4605263157894736,True,False,,,,,,,0.46480743691899074,22.028087854385376,0.46480743691899074,22.028087854385376,-0.4605263157894736,45.08805251121521,-0.39499670836076367,122.57558417320251,0.53156146179402,186.2604148387909,1.0013351134846462,291.7900722026825,-0.459016393442623,22.028087854385376,0.45901639344262296,45.08805251121521,0.7210957722174288,122.57558417320251,0.38979722472361156,186.2604148387909,-0.07347213331742097,291.7900722026825
2026-09-16 09:31:46,v2.1.2,MAIN,MAIN,MAIN,2026-09-16 09:31:46.310,True,KOSDAQ,010170,대한광통신,15230.0,7.64,7121624,105582000000.0,108462333520.0,105582000000.0,ACTUAL,2,15250.0,0.13114754098360656,1.0499716578656881,1.0522926325874498,79,40,25,5,9,False,60,2026-09-16 09:12:56.661,14850.0,60.0,1129.649042,20260916_010170_E002,2026-09-16 09:23:36.983,14920.0,65.0,489.3275,596.985992193222,28,0.6609385327164574,0.19736842105263158,True,False,,,,,,,0.6609385327164574,22.27031445503235,0.6609385327164574,22.27031445503235,0.19736842105263158,67.35836696624756,0.59445178335535,120.75261974334717,1.1288180610889775,187.16512393951416,1.5333333333333332,292.63134932518005,-0.6557377049180327,22.27031445503235,-0.1967213114754098,67.35836696624756,-0.26358930112165657,120.75261974334717,-0.19975914333141662,187.16512393951416,-0.5968471645094444,292.63134932518005
2026-09-16 09:32:10,v2.1.2,MAIN,MAIN,MAIN,2026-09-16 09:32:10.261,True,KOSDAQ,010170,대한광통신,15190.0,7.57,7207995,107201000000.0,109489444050.0,107201000000.0,ACTUAL,2,15250.0,0.39344262295081966,1.0540179142045287,1.0400128183688784,80,40,25,11,4,False,60,2026-09-16 09:12:56.661,14850.0,60.0,1153.599686,20260916_010170_E002,2026-09-16 09:23:36.983,14920.0,65.0,513.278144,596.8653192520142,28,-0.2626395272488509,0.8632138114209826,True,False,,,,,,,-0.2626395272488509,21.81001305580139,-0.2626395272488509,21.81001305580139,0.8632138114209826,66.10841536521912,0.13183915622940012,119.24533462524414,0.6960556844547563,188.80629014968872,1.33422281521014,291.159362077713,0.2622950819672131,21.81001305580139,-0.8524590163934427,66.10841536521912,0.19607420189818808,119.24533462524414,0.22798928079330807,188.80629014968872,-0.4007334194052359,291.159362077713
2026-09-16 09:32:54,v2.1.2,MAIN,MAIN,MAIN,2026-09-16 09:32:54.637,True,KOSPI,000660,SK하이닉스,1722500.0,0.12,431399,232382000000.0,743084777500.0,232382000000.0,ACTUAL,1,1723000.0,0.02901915264074289,1.0,1.0652537329649137,79,40,25,5,9,False,60,2026-09-16 09:00:00.776,1691000.0,74.0,1973.861351,20260916_000660_E001,2026-09-16 09:00:00.776,1691000.0,74.0,1973.861351,599.4997580051422,28,0.17446932247746438,0.43731778425655976,False,True,20260916_000660_SHADOW_SCORE_70_74_E001_090019871716,2026-09-16 09:00:19.850,1691000.0,74.0,72.173651,0.17740981667653255,0.17446932247746438,22.50749659538269,0.17446932247746438,22.50749659538269,0.43731778425655976,67.45289635658264,0.3787878787878788,111.75129866600037,0.4959159859976663,188.2055160999298,0.6133177570093458,297.5790181159973,-5.0614801117575964e-05,22.50749659538269,-0.2616785217778618,67.45289635658264,-0.20353898689414082,111.75129866600037,-0.3198180566615827,188.2055160999298,-0.43609712642902454,297.5790181159973
2026-09-16 09:33:21,v2.1.2,MAIN,MAIN,MAIN,2026-09-16 09:33:21.027,True,KOSPI,000660,SK하이닉스,1721000.0,0.12,433651,232382000000.0,746313371000.0,232382000000.0,ACTUAL,1,1723000.0,0.11607661056297155,1.0,1.0612184467801338,79,40,25,5,9,False,60,2026-09-16 09:00:00.776,1691000.0,74.0,2000.251697,20260916_000660_E001,2026-09-16 09:00:00.776,1691000.0,74.0,2000.251697,583.8650019168854,27,-0.08708272859216255,0.17462165308498254,False,True,20260916_000660_SHADOW_SCORE_70_74_E001_090019871716,2026-09-16 09:00:19.850,1691000.0,74.0,72.173651,0.17740981667653255,-0.08708272859216255,25.599467039108276,-0.08708272859216255,25.599467039108276,0.17462165308498254,71.24235033988953,0.3206062372486156,115.32267785072327,0.3498542274052478,190.48768496513367,0.46701692936368944,301.58309268951416,0.08705745792222866,25.599467039108276,-0.00020245920447030386,71.24235033988953,-0.14555129641377265,115.32267785072327,-0.1746210638556331,190.48768496513367,-0.290900133623075,301.58309268951416
2026-09-16 09:33:43,v2.1.2,MAIN,MAIN,MAIN,2026-09-16 09:33:43.581,True,KOSPI,000660,SK하이닉스,1722000.0,0.12,438983,232382000000.0,755928726000.0,232382000000.0,ACTUAL,1,1723000.0,0.05803830528148578,1.0,1.0543149329439343,79,40,25,5,9,False,60,2026-09-16 09:00:00.776,1691000.0,74.0,2022.805064,20260916_000660_E001,2026-09-16 09:00:00.776,1691000.0,74.0,2022.805064,585.2961964607239,27,0.058105752469494475,0.14539110206455366,False,True,20260916_000660_SHADOW_SCORE_70_74_E001_090019871716,2026-09-16 09:00:19.850,1691000.0,74.0,72.173651,0.17740981667653255,0.058105752469494475,21.946256399154663,0.058105752469494475,21.946256399154663,0.14539110206455366,70.05322003364563,0.40816326530612246,114.99861979484558,0.23282887077997672,182.35698676109314,0.5841121495327103,302.16374373435974,-0.05803830528148578,21.946256399154663,0.028968537839625313,70.05322003364563,-0.23265936913711888,114.99861979484558,-0.05824076448595608,182.35698676109314,-0.40707797378828164,302.16374373435974
2026-09-16 09:37:47,v2.1.2,MAIN,MAIN,MAIN,2026-09-16 09:37:47.103,True,KOSPI,000660,SK하이닉스,1726500.0,0.12,481195,232382000000.0,830783167500.0,232382000000.0,ACTUAL,1,1729000.0,0.14459224985540775,1.0,1.0507175173811272,79,40,25,5,9,False,60,2026-09-16 09:00:00.776,1691000.0,74.0,2266.327365,20260916_000660_E001,2026-09-16 09:00:00.776,1691000.0,74.0,2266.327365,588.0285153388977,27,0.11597564511452595,0.20313406848520024,False,True,20260916_000660_SHADOW_SCORE_70_74_E001_090019871716,2026-09-16 09:00:19.850,1691000.0,74.0,72.173651,0.17740981667653255,0.11597564511452595,21.32276678085327,0.11597564511452595,21.32276678085327,0.20313406848520024,64.32372975349426,0.4363001745200698,129.41758561134338,0.4363001745200698,173.58061027526855,0.23222060957910012,290.4494972229004,0.11560674260903094,21.32276678085327,0.08658760948417805,64.32372975349426,-0.08756097127053536,129.41758561134338,-0.08756097127053536,173.58061027526855,0.11557309721466485,290.4494972229004
2026-09-16 09:37:47,v2.1.2,MAIN,MAIN,MAIN,2026-09-16 09:37:47.113,True,KOSPI,005930,삼성전자,250500.0,0.2,1714537,168046000000.0,429491518500.0,168046000000.0,ACTUAL,2,251000.0,0.199203187250996,1.0,1.0675968163947451,79,40,25,5,9,False,60,2026-09-16 09:00:00.776,248000.0,74.0,2266.337349,20260916_005930_E001,2026-09-16 09:00:00.776,248000.0,74.0,2266.337349,588.0285153388977,27,0.2,0.3003003003003003,False,True,20260916_005930_SHADOW_SCORE_70_74_E001_090046172818,2026-09-16 09:00:46.142,248000.0,74.0,45.882345,0.20161290322580072,0.2,21.32276678085327,0.2,21.32276678085327,0.3003003003003003,64.32372975349426,0.2,129.41758561134338,0.3003003003003003,173.58061027526855,0.3003003003003003,290.4494972229004,0.199203187250996,21.32276678085327,0.099203187250996,64.32372975349426,0.199203187250996,129.41758561134338,0.099203187250996,173.58061027526855,0.099203187250996,290.4494972229004
2026-09-16 09:38:11,v2.1.2,MAIN,MAIN,MAIN,2026-09-16 09:38:11.113,True,KOSPI,005930,삼성전자,250500.0,0.2,1737896,168046000000.0,435342948000.0,168046000000.0,ACTUAL,2,251000.0,0.199203187250996,1.0,1.0800395748192784,79,40,25,5,9,False,60,2026-09-16 09:00:00.776,248000.0,74.0,2290.33746,20260916_005930_E001,2026-09-16 09:00:00.776,248000.0,74.0,2290.33746,591.3398177623749,27,0.0,0.2,False,True,20260916_005930_SHADOW_SCORE_70_74_E001_090046172818,2026-09-16 09:00:46.142,248000.0,74.0,45.882345,0.20161290322580072,0.0,24.906694889068604,0.0,24.906694889068604,0.2,68.11305570602417,0.3003003003003003,111.20618748664856,0.2,176.86920142173767,0.3003003003003003,289.7567250728607,0.0,24.906694889068604,0.199203187250996,68.11305570602417,0.099203187250996,111.20618748664856,0.199203187250996,176.86920142173767,0.099203187250996,289.7567250728607
2026-09-16 09:38:34,v2.1.2,MAIN,MAIN,MAIN,2026-09-16 09:38:34.042,True,KOSPI,005930,삼성전자,250250.0,0.2,1760623,168046000000.0,440595905750.0,168046000000.0,ACTUAL,2,251000.0,0.29880478087649404,1.0,1.092117946701172,79,40,25,5,9,False,60,2026-09-16 09:00:00.776,248000.0,74.0,2313.266702,20260916_005930_E001,2026-09-16 09:00:00.776,248000.0,74.0,2313.266702,592.0883522033691,27,-0.09980039920159679,0.1,False,True,20260916_005930_SHADOW_SCORE_70_74_E001_090046172818,2026-09-16 09:00:46.142,248000.0,74.0,45.882345,0.20161290322580072,-0.09980039920159679,22.114139795303345,-0.09980039920159679,22.114139795303345,0.1,68.34360146522522,0.20020020020020018,111.34456443786621,0.1,176.43842029571533,0.20020020020020018,289.9246084690094,0.09960159362549803,22.114139795303345,0.29880478087649404,68.34360146522522,0.19880478087649403,111.34456443786621,0.29880478087649404,176.43842029571533,0.19880478087649403,289.9246084690094
2026-09-16 09:39:40,v2.1.2,MAIN,MAIN,MAIN,2026-09-16 09:39:39.929,True,KOSDAQ,043260,성호전자,18740.0,11.48,1364512,24531000000.0,25570954880.0,24531000000.0,ACTUAL,24,18740.0,0.0,1.2076502732240437,1.1528654940126717,77,24,25,16,12,False,60,2026-09-16 09:39:20.214,18740.0,77.0,19.715324,20260916_043260_E001,2026-09-16 09:39:20.214,18740.0,77.0,19.715324,593.6865441799164,27,0.3749330476700589,1.6268980477223427,True,False,,,,,,,0.3749330476700589,21.867997884750366,0.3749330476700589,21.867997884750366,1.6268980477223427,68.01069617271423,2.7412280701754383,115.03153085708618,3.08030803080308,179.35526061058044,3.3645890788747934,310.6592285633087,-0.16042780748663102,21.867997884750366,-0.21645021645021645,68.01069617271423,,,,,,
2026-09-16 09:42:51,v2.1.2,MAIN,MAIN,MAIN,2026-09-16 09:42:51.838,True,KOSPI,000660,SK하이닉스,1730000.0,0.12,536901,232382000000.0,928838730000.0,232382000000.0,ACTUAL,1,1731000.0,0.05777007510109763,1.0,1.0518705000734683,79,40,25,5,9,False,60,2026-09-16 09:00:00.776,1691000.0,74.0,2571.062045,20260916_000660_E001,2026-09-16 09:00:00.776,1691000.0,74.0,2571.062045,598.0050604343414,27,0.0,0.2317497103128621,False,True,20260916_000660_SHADOW_SCORE_70_74_E001_090019871716,2026-09-16 09:00:19.850,1691000.0,74.0,72.173651,0.17740981667653255,0.0,22.403299808502197,0.0,22.403299808502197,0.2317497103128621,68.90263438224792,0.2317497103128621,122.87660932540894,0.20272227048942948,192.52403235435486,0.20272227048942948,307.55556321144104,0.05777007510109763,22.403299808502197,-0.11574062472539168,68.90263438224792,-0.11574062472539168,122.87660932540894,-0.08682217475431012,192.52403235435486,-0.08682217475431012,307.55556321144104
2026-09-16 09:57:47,v2.1.2,MAIN,MAIN,MAIN,2026-09-16 09:57:47.311,True,KOSDAQ,356680,엑스게이트,18850.0,6.21,4871355,85032000000.0,91825041750.0,85032000000.0,ACTUAL,6,18860.0,0.05302226935312832,1.0931811169392163,1.1070456239546216,82,37,25,11,9,False,60,2026-09-16 09:56:13.526,18300.0,65.0,93.784211,20260916_356680_E002,2026-09-16 09:57:09.364,18470.0,65.0,37.946254,592.5870792865753,31,2.4456521739130435,2.7247956403269753,True,False,,,,,,,2.057390362750406,19.37718629837036,2.4456521739130435,38.47382068634033,2.7247956403269753,57.89795684814453,2.9492080830147462,113.18689155578613,3.628367234744365,173.23359417915344,4.086140254003314,291.06018018722534,-1.0182150097041829,19.37718629837036,-1.9287666969028974,75.2151427268982,,,,,,
2026-09-16 09:58:11,v2.1.2,MAIN,MAIN,MAIN,2026-09-16 09:58:11.510,True,KOSDAQ,356680,엑스게이트,18850.0,7.41,4871355,87415000000.0,91825041750.0,87415000000.0,ACTUAL,6,18860.0,0.05302226935312832,1.1238172374781445,1.1070456239546216,82,37,25,11,9,False,60,2026-09-16 09:56:13.526,18300.0,65.0,117.983872,20260916_356680_E002,2026-09-16 09:57:09.364,18470.0,65.0,62.145915,595.0450818538666,31,0.0,2.4456521739130435,True,False,,,,,,,0.0,22.784849643707275,0.0,22.784849643707275,2.4456521739130435,61.25867033004761,3.0054644808743167,117.39810395240784,2.7808069792802614,176.79387521743774,4.201216141514649,293.8710353374481,0.0,22.784849643707275,-1.0182150097041829,42.16203594207764,-1.9287666969028974,97.99999237060547,,,,
2026-09-16 10:00:42,v2.1.2,MAIN,MAIN,MAIN,2026-09-16 10:00:42.223,True,KOSDAQ,356680,엑스게이트,18560.0,6.78,5255449,92588000000.0,97541133440.0,92588000000.0,ACTUAL,6,18860.0,1.5906680805938493,1.059177486701367,1.0788474664646694,76,37,19,11,9,False,60,2026-09-16 09:56:13.526,18300.0,65.0,268.696256,20260916_356680_E002,2026-09-16 09:57:09.364,18470.0,65.0,212.858299,586.1453533172607,30,-0.8017103153393906,-1.5384615384615385,True,False,,,,,,,-0.8017103153393906,22.039803743362427,-0.8017103153393906,22.039803743362427,-1.5384615384615385,65.21786046028137,-1.5384615384615385,129.6214292049408,-1.5384615384615385,174.50844550132751,1.1444141689373297,308.3289234638214,0.7953340402969247,22.039803743362427,1.537645811240721,65.21786046028137,1.537645811240721,129.6214292049408,1.537645811240721,174.50844550132751,,
2026-09-16 10:01:00,v2.1.2,MAIN,MAIN,MAIN,2026-09-16 10:01:00.276,True,KOSDAQ,356680,엑스게이트,18660.0,5.64,5338742,95563000000.0,99620925720.0,95563000000.0,ACTUAL,6,18860.0,1.0604453870625663,1.093210547388892,1.0959459944922922,76,37,19,11,9,False,60,2026-09-16 09:56:13.526,18300.0,65.0,286.750001,20260916_356680_E002,2026-09-16 09:57:09.364,18470.0,65.0,230.912044,586.7356328964233,30,0.5387931034482759,-1.0079575596816976,True,False,,,,,,,0.5387931034482759,20.045008659362793,0.5387931034482759,20.045008659362793,-1.0079575596816976,63.39854383468628,-1.0079575596816976,128.73245811462402,-1.0079575596816976,171.76860451698303,1.9115237575095576,307.74034571647644,-0.530222693531283,20.045008659362793,1.007423117709438,63.39854383468628,1.007423117709438,128.73245811462402,1.007423117709438,171.76860451698303,,
2026-09-16 10:02:22,v2.1.2,MAIN,MAIN,MAIN,2026-09-16 10:02:22.398,True,KOSDAQ,010170,대한광통신,14960.0,5.45,9998755,148772000000.0,149581374800.0,148772000000.0,ACTUAL,2,15250.0,1.9016393442622952,1.130701121033631,1.1322119415900658,79,40,19,11,9,False,60,2026-09-16 09:12:56.661,14850.0,60.0,2965.737443,20260916_010170_E003,2026-09-16 10:02:03.532,14960.0,79.0,18.866374,586.1361207962036,30,1.0810810810810811,1.0810810810810811,True,False,,,,,,,1.0810810810810811,19.497029781341553,1.0810810810810811,39.7377667427063,1.0810810810810811,60.40505361557007,0.9446693657219973,122.32177662849426,0.8766014834794336,186.75145077705383,1.1494252873563218,294.1676046848297,,,,,,,,,,
2026-09-16 10:15:06,v2.1.2,MAIN,MAIN,MAIN,2026-09-16 10:15:05.992,True,KOSDAQ,010170,대한광통신,15260.0,7.92,11706429,174062000000.0,178640106540.0,174062000000.0,ACTUAL,2,15270.0,0.06548788474132286,1.0539503003293935,1.0574954356191266,85,40,25,11,9,False,60,2026-09-16 09:12:56.661,14850.0,60.0,3729.33056,20260916_010170_E003,2026-09-16 10:02:03.532,14960.0,79.0,782.459491,593.3878035545349,28,0.5270092226613966,1.26078301260783,True,False,,,,,,,0.5270092226613966,21.783571243286133,0.5270092226613966,21.783571243286133,1.26078301260783,64.31900119781494,1.7333333333333332,129.96343636512756,1.5302727877578177,173.19887495040894,1.3280212483399734,298.7554614543915,-0.3935285087013001,21.783571243286133,-1.114839984111136,64.31900119781494,-1.573856377553759,129.96343636512756,-1.3771350660783492,173.19887495040894,-1.1804137546029394,298.7554614543915
2026-09-16 10:15:27,v2.1.2,MAIN,MAIN,MAIN,2026-09-16 10:15:27.660,True,KOSDAQ,010170,대한광통신,15300.0,8.06,11878054,175975000000.0,181734226200.0,175975000000.0,ACTUAL,2,15300.0,0.0,1.061862264139558,1.0573934684039485,85,40,25,11,9,False,60,2026-09-16 09:12:56.661,14850.0,60.0,3750.999085,20260916_010170_E003,2026-09-16 10:02:03.532,14960.0,79.0,804.128016,592.9460446834564,28,0.2621231979030144,1.1904761904761905,True,False,,,,,,,0.2621231979030144,21.15791153907776,0.2621231979030144,21.15791153907776,1.1904761904761905,64.44724416732788,1.9320453031312457,129.7186496257782,1.7964071856287425,173.39594340324402,1.6611295681063125,298.6798315048218,-0.06548788474132286,21.15791153907776,-0.8524590163934427,64.44724416732788,-1.5737704918032787,129.7186496257782,-1.4426229508196722,173.39594340324402,-1.3114754098360655,298.6798315048218
2026-09-16 10:15:50,v2.1.2,MAIN,MAIN,MAIN,2026-09-16 10:15:50.052,True,KOSDAQ,010170,대한광통신,15370.0,8.63,12142338,180619000000.0,186627735060.0,180619000000.0,ACTUAL,2,15370.0,0.0,1.0749019537828879,1.0729749332745167,85,40,25,11,9,False,60,2026-09-16 09:12:56.661,14850.0,60.0,3773.391333,20260916_010170_E003,2026-09-16 10:02:03.532,14960.0,79.0,826.520264,594.7294542789459,28,0.4575163398692811,1.251646903820817,True,False,,,,,,,0.4575163398692811,22.925150394439697,0.4575163398692811,22.925150394439697,1.251646903820817,65.86663317680359,1.9907100199071004,131.31594157218933,2.466666666666667,174.04649829864502,2.12624584717608,299.9788455963135,0.0,22.925150394439697,-0.45901639344262296,65.86663317680359,-1.180327868852459,131.31594157218933,-1.639344262295082,174.04649829864502,-1.3114754098360655,299.9788455963135
2026-09-16 10:16:11,v2.1.2,MAIN,MAIN,MAIN,2026-09-16 10:16:11.232,True,KOSDAQ,010170,대한광통신,15320.0,8.13,12270300,182902000000.0,187980996000.0,182902000000.0,ACTUAL,2,15370.0,0.32530904359141183,1.0507865013615838,1.0481676350661675,80,40,25,11,4,False,60,2026-09-16 09:12:56.661,14850.0,60.0,3794.570746,20260916_010170_E003,2026-09-16 10:02:03.532,14960.0,79.0,847.699677,595.6716320514679,28,-0.32530904359141183,0.39318479685452157,True,False,,,,,,,-0.32530904359141183,21.09837245941162,-0.32530904359141183,21.09837245941162,0.39318479685452157,65.18143439292908,1.6589250165892502,129.50043559074402,2.0652898067954695,173.74217247962952,1.7264276228419653,300.86631631851196,0.32530904359141183,21.09837245941162,0.25982115885008894,65.18143439292908,-0.8550188252610471,129.50043559074402,-1.2484614482118668,173.74217247962952,-0.9205925957528505,300.86631631851196
2026-09-16 10:16:37,v2.1.2,MAIN,MAIN,MAIN,2026-09-16 10:16:36.949,True,KOSDAQ,010170,대한광통신,15340.0,7.99,12477878,185089000000.0,191410648520.0,185089000000.0,ACTUAL,2,15390.0,0.3248862897985705,1.0517914476488137,1.050498507583818,85,40,25,11,9,False,60,2026-09-16 09:12:56.661,14850.0,60.0,3820.287782,20260916_010170_E003,2026-09-16 10:02:03.532,14960.0,79.0,873.416713,596.6557698249817,28,0.13054830287206268,0.261437908496732,True,False,,,,,,,0.13054830287206268,21.227016925811768,0.13054830287206268,21.227016925811768,0.261437908496732,65.25053977966309,1.455026455026455,129.69778394699097,1.7916390179163904,173.64133095741272,2.130492676431425,300.24752926826477,-0.00042275379284134607,21.227016925811768,0.3248862897985705,65.25053977966309,-0.5275727265948722,129.69778394699097,-0.8554415790538885,173.64133095741272,-1.183310431512905,300.24752926826477
2026-09-16 11:10:31,v2.1.2,MAIN,MAIN,MAIN,2026-09-16 11:10:31.728,True,KOSPI,004310,현대약품,10700.0,5.04,5427345,54729000000.0,58072591500.0,54729000000.0,ACTUAL,47,10710.0,0.09337068160597572,1.1924568589855324,1.2039828067897917,86,33,25,16,12,False,60,2026-09-16 11:05:31.535,10620.0,60.0,300.193426,20260916_004310_E002,2026-09-16 11:10:08.793,10700.0,86.0,22.934709,502.25689935684204,23,1.9047619047619049,2.294455066921606,True,False,,,,,,,1.9047619047619049,24.002599477767944,1.9047619047619049,24.002599477767944,2.294455066921606,68.7818214893341,2.8846153846153846,113.65294742584229,2.3923444976076556,183.91238808631897,2.001906577693041,300.7196002006531,,,,,,,,,-0.4684270712030131,277.2587172985077
2026-09-16 11:11:42,v2.1.2,MAIN,MAIN,MAIN,2026-09-16 11:11:42.054,True,KOSDAQ,043260,성호전자,18760.0,11.9,3123790,56261000000.0,58602300400.0,56261000000.0,ACTUAL,15,18850.0,0.47745358090185674,1.0535373206995993,1.0557646122034856,78,33,25,11,9,False,60,2026-09-16 09:39:20.214,18740.0,77.0,5541.839587,20260916_043260_E005,2026-09-16 11:07:28.301,18380.0,61.0,253.752274,596.0106196403503,27,0.4282655246252677,1.7905588714053173,True,False,,,,,,,0.4282655246252677,21.28566336631775,0.4282655246252677,21.28566336631775,1.7905588714053173,72.04722476005554,1.735357917570499,118.79922795295715,1.9011406844106464,185.70017218589783,2.067464635473341,303.2942612171173,-0.4244031830238727,21.28566336631775,-1.22921308576481,72.04722476005554,-1.1758797524314766,118.79922795295715,-1.3358797524314767,185.70017218589783,-1.4958797524314764,303.2942612171173
2026-09-16 11:13:40,v2.1.2,MAIN,MAIN,MAIN,2026-09-16 11:13:40.161,True,KOSPI,004310,현대약품,10850.0,6.82,6253878,64222000000.0,67854576300.0,64222000000.0,ACTUAL,41,10900.0,0.45871559633027525,1.1734546584077912,1.1522904845739492,86,33,25,16,12,False,60,2026-09-16 11:05:31.535,10620.0,60.0,488.626285,20260916_004310_E003,2026-09-16 11:13:19.499,10850.0,86.0,20.662097,582.9071729183197,26,3.038936372269706,3.5305343511450387,True,False,,,,,,,3.038936372269706,24.231173753738403,3.038936372269706,24.231173753738403,3.5305343511450387,71.69458556175232,3.1368821292775664,118.65824627876282,1.4018691588785046,190.70547103881836,4.326923076923077,304.35841846466064,,,,,,,0.36534491472429953,190.70547103881836,,
2026-09-16 11:35:24,v2.1.2,MAIN,MAIN,MAIN,2026-09-16 11:35:24.544,True,KOSDAQ,010170,대한광통신,16290.0,14.85,24942930,379475000000.0,406320329700.0,379475000000.0,ACTUAL,1,16290.0,0.0,1.062761682046686,1.0612780780171562,85,40,25,11,9,False,60,2026-09-16 09:12:56.661,14850.0,60.0,8547.88281,20260916_010170_E004,2026-09-16 11:16:02.557,15270.0,63.0,1161.987235,595.7937815189362,26,0.6798516687268232,1.432129514321295,True,False,,,,,,,0.6798516687268232,24.374945640563965,0.6798516687268232,24.374945640563965,1.432129514321295,48.49077105522156,2.711223203026482,121.83331990242004,2.711223203026482,168.6347460746765,3.7579617834394905,311.76421999931335,0.0,24.374945640563965,-0.06222775357809583,48.49077105522156,0.0,121.83331990242004,0.0,168.6347460746765,-0.5069708491761723,311.76421999931335
2026-09-16 11:35:50,v2.1.2,MAIN,MAIN,MAIN,2026-09-16 11:35:50.488,True,KOSDAQ,010170,대한광통신,16300.0,15.21,25175391,383118000000.0,410358873300.0,383118000000.0,ACTUAL,1,16300.0,0.0,1.051311814148,1.034347741200395,80,40,25,11,4,False,60,2026-09-16 09:12:56.661,14850.0,60.0,8573.826837,20260916_010170_E004,2026-09-16 11:16:02.557,15270.0,63.0,1187.931262,597.8144941329956,26,0.06138735420503376,0.7416563658838072,True,False,,,,,,,0.06138735420503376,25.03062081336975,0.06138735420503376,25.03062081336975,0.7416563658838072,49.405566453933716,2.7742749054224465,122.21280789375305,2.7742749054224465,170.64665150642395,3.492063492063492,287.741427898407,0.0,25.03062081336975,0.0,49.405566453933716,0.0,122.21280789375305,0.0,170.64665150642395,-0.19011406844106463,287.741427898407
2026-09-16 12:14:42,v2.1.2,MAIN,MAIN,MAIN,2026-09-16 12:14:42.545,True,KOSDAQ,046970,우리로,7730.0,8.72,4958291,36433000000.0,38327589430.0,36433000000.0,ACTUAL,30,7730.0,0.0,1.4200023385430875,1.412798841561544,89,29,25,20,15,False,60,2026-09-16 10:45:33.416,7560.0,63.0,5349.129391,20260916_046970_E002,2026-09-16 12:14:20.321,7730.0,89.0,22.224311,578.2426714897156,8,6.473829201101928,6.620689655172414,True,False,,,,,,,,,6.473829201101928,44.934945821762085,6.620689655172414,66.75940132141113,,,,,,,,,,,,,,,,
2026-09-16 13:03:08,v2.1.2,MAIN,MAIN,MAIN,2026-09-16 13:03:08.644,True,KOSPI,000990,DB하이텍,122600.0,5.06,522498,117020000000.0,64058254800.0,117020000000.0,ACTUAL,29,122700.0,0.08149959250203749,5.631918375204544,1.0191423957057368,89,40,25,20,4,False,60,2026-09-16 09:00:00.776,118500.0,63.0,14587.868919,20260916_000990_E008,2026-09-16 13:02:46.483,122600.0,89.0,22.161346,578.955367565155,26,0.0,0.16339869281045752,False,False,,,,,,,0.0,22.687427520751953,0.0,22.687427520751953,0.16339869281045752,68.62145566940308,0.8223684210526315,115.03883147239685,0.7395234182415776,186.2372658252716,0.7395234182415776,301.66816568374634,0.0,22.687427520751953,0.08149959250203749,68.62145566940308,-0.49086344919869834,115.03883147239685,-0.4090973003843076,186.2372658252716,-0.4090973003843076,301.66816568374634
2026-09-16 13:03:36,v2.1.2,MAIN,MAIN,MAIN,2026-09-16 13:03:36.130,True,KOSPI,000990,DB하이텍,122700.0,5.14,524847,117528000000.0,64398726900.0,117528000000.0,ACTUAL,29,122800.0,0.08143322475570033,5.656367311579555,1.0143029417562412,89,40,25,20,4,False,60,2026-09-16 09:00:00.776,118500.0,63.0,14615.354594,20260916_000990_E008,2026-09-16 13:02:46.483,122600.0,89.0,49.647021,580.6667921543121,26,0.08156606851549755,0.08156606851549755,False,False,,,,,,,0.08156606851549755,26.493962287902832,0.08156606851549755,26.493962287902832,0.08156606851549755,49.181389808654785,0.9876543209876543,117.80601859092712,0.7389162561576355,189.4661989212036,0.4091653027823241,305.05723762512207,-6.636774633715647e-05,26.493962287902832,-6.636774633715647e-05,49.181389808654785,-0.5726959657594264,117.80601859092712,-0.3273975193162538,189.4661989212036,-0.0003329240586905091,305.05723762512207
2026-09-16 13:04:01,v2.1.2,MAIN,MAIN,MAIN,2026-09-16 13:04:01.380,True,KOSPI,000990,DB하이텍,123000.0,5.31,528430,118555000000.0,64996890000.0,118555000000.0,ACTUAL,28,123000.0,0.0,5.705794590432188,1.0126827286455657,89,40,25,20,4,False,60,2026-09-16 09:00:00.776,118500.0,63.0,14640.604445,20260916_000990_E008,2026-09-16 13:02:46.483,122600.0,89.0,74.896872,583.8447382450104,26,0.24449877750611246,0.3262642740619902,False,False,,,,,,,0.24449877750611246,25.76647400856018,0.24449877750611246,25.76647400856018,0.3262642740619902,52.26043629646301,0.49019607843137253,120.88189196586609,1.0682004930156122,191.05666089057922,0.7371007371007371,308.02095794677734,-0.08143322475570033,25.76647400856018,-0.08149959250203749,52.26043629646301,0.0,120.88189196586609,-0.49059689288634506,191.05666089057922,-0.1635322976287817,308.02095794677734
2026-09-16 14:07:25,v2.1.2,MAIN,MAIN,MAIN,2026-09-16 14:07:25.390,True,KOSPI,062040,산일전기,197000.0,5.01,223628,80836000000.0,44054716000.0,80836000000.0,ACTUAL,50,198300.0,0.6555723651033787,1.0967207999240236,1.1269698084491995,79,37,22,11,9,False,60,2026-09-16 12:40:20.263,196900.0,67.0,5225.127107,20260916_062040_E006,2026-09-16 14:07:01.589,197000.0,79.0,23.801706,588.593606710434,25,0.10162601626016261,0.10162601626016261,True,False,,,,,,,0.10162601626016261,25.350626230239868,0.10162601626016261,25.350626230239868,0.10162601626016261,49.78156113624573,0.30549898167006106,121.64976406097412,0.40774719673802245,190.69782662391663,0.6642820643842616,290.2002248764038,,,,,,,,,,
2026-09-16 14:34:09,v2.1.2,MAIN,MAIN,MAIN,2026-09-16 14:34:09.476,True,KOSPI,000990,DB하이텍,122800.0,5.48,670020,143899000000.0,82278456000.0,143899000000.0,ACTUAL,30,123100.0,0.2437043054427295,1.1812525139756525,1.016719220882486,85,40,25,16,4,False,60,2026-09-16 09:00:00.776,118500.0,63.0,20048.699982,20260916_000990_E008,2026-09-16 13:02:46.483,122600.0,89.0,5482.992409,591.2808449268341,24,-0.2437043054427295,0.4909983633387889,False,False,,,,,,,-0.2437043054427295,25.554632425308228,-0.2437043054427295,25.554632425308228,0.4909983633387889,50.54540538787842,0.4088307440719542,126.11690473556519,0.4088307440719542,176.0787069797516,0.6557377049180327,305.3872916698456,0.2437043054427295,25.554632425308228,-0.40670219862231116,50.54540538787842,-0.3254013856141811,126.11690473556519,-0.3254013856141811,176.0787069797516,-0.5693038246385714,305.3872916698456
2026-09-16 14:34:35,v2.1.2,MAIN,MAIN,MAIN,2026-09-16 14:34:35.522,True,KOSPI,000990,DB하이텍,123300.0,5.66,672963,144408000000.0,82976337900.0,144408000000.0,ACTUAL,30,123300.0,0.0,1.1854308441211963,1.0158284740451367,85,40,25,16,4,False,60,2026-09-16 09:00:00.776,118500.0,63.0,20074.746554,20260916_000990_E008,2026-09-16 13:02:46.483,122600.0,89.0,5509.038981,591.2169399261475,24,0.40716612377850164,0.16246953696181965,False,False,,,,,,,0.40716612377850164,27.148253202438354,0.40716612377850164,27.148253202438354,0.16246953696181965,52.70288562774658,0.8176614881439084,128.4134030342102,0.8176614881439084,178.48914575576782,0.8176614881439084,309.4025378227234,-0.2437043054427295,27.148253202438354,0.0,52.70288562774658,-0.5691056910569106,128.4134030342102,-0.5691056910569106,178.48914575576782,-0.5691056910569106,309.4025378227234
2026-09-16 14:34:59,v2.1.2,MAIN,MAIN,MAIN,2026-09-16 14:34:59.457,True,KOSPI,000990,DB하이텍,123000.0,5.4,674668,144805000000.0,82984164000.0,144805000000.0,ACTUAL,30,123300.0,0.24330900243309003,1.1886897774567187,1.0078034906579192,85,40,25,16,4,False,60,2026-09-16 09:00:00.776,118500.0,63.0,20098.681378,20260916_000990_E008,2026-09-16 13:02:46.483,122600.0,89.0,5532.973805,588.0075836181641,24,-0.24330900243309003,0.16286644951140067,False,False,,,,,,,-0.24330900243309003,23.32863211631775,-0.24330900243309003,23.32863211631775,0.16286644951140067,50.4768853187561,0.5723630417007358,125.33713579177856,0.5723630417007358,176.5937900543213,0.6546644844517185,307.42117834091187,0.24330900243309003,23.32863211631775,-0.0003953030096394694,50.4768853187561,-0.3257966886238205,125.33713579177856,-0.3257966886238205,176.5937900543213,-0.4070975016319506,307.42117834091187
2026-09-16 15:07:35,v2.1.2,MAIN,MAIN,MAIN,2026-09-16 15:07:35.445,True,KOSPI,009150,삼성전기,1382000.0,5.01,387520,767389000000.0,535552640000.0,767389000000.0,ACTUAL,8,1383000.0,0.07230657989877079,28.20453543075566,1.0092323718992122,89,40,25,20,4,False,60,2026-09-16 09:00:00.776,1316000.0,69.0,22054.669675,20260916_009150_E007,2026-09-16 15:07:07.758,1382000.0,89.0,27.68768,577.3153653144836,21,0.0,0.0724112961622013,False,False,,,,,,,0.0,29.801022052764893,0.0,29.801022052764893,0.0724112961622013,57.82031464576721,0.14492753623188406,117.86185097694397,0.21754894851341552,175.86673974990845,0.0724112961622013,289.4886317253113,0.0,29.801022052764893,-5.232024594700735e-05,57.82031464576721,-0.0724112203906648,117.86185097694397,-0.14477012053538263,175.86673974990845,-5.232024594700735e-05,289.4886317253113
2026-09-16 15:08:07,v2.1.2,MAIN,MAIN,MAIN,2026-09-16 15:08:07.639,True,KOSPI,009150,삼성전기,1381000.0,5.01,388717,767389000000.0,536818177000.0,767389000000.0,ACTUAL,8,1383000.0,0.14461315979754158,28.20453543075566,1.003513563750142,89,40,25,20,4,False,60,2026-09-16 09:00:00.776,1316000.0,69.0,22086.863241,20260916_009150_E007,2026-09-16 15:07:07.758,1382000.0,89.0,59.881246,580.842316865921,21,-0.0723589001447178,-0.0723589001447178,False,False,,,,,,,-0.0723589001447178,30.941989183425903,-0.0723589001447178,30.941989183425903,-0.0723589001447178,60.743011236190796,0.07246376811594203,118.6320960521698,0.145032632342277,177.56447649002075,0.07246376811594203,291.510244846344,0.07230657989877079,30.941989183425903,0.07230657989877079,60.743011236190796,-0.0001046404918940147,118.6320960521698,-0.07246354063661184,177.56447649002075,-0.0001046404918940147,291.510244846344
2026-09-17 09:01:43,v2.1.2,MAIN,MAIN,MAIN,2026-09-17 09:01:43.751,True,KOSPI,000660,SK하이닉스,1781000.0,0.91,160061,599238000000.0,285068641000.0,599238000000.0,ACTUAL,1,1784000.0,0.1681614349775785,1.0,1.9219389776779818,85,40,25,5,15,False,60,2026-09-17 09:00:00.595,1770000.0,74.0,103.155692,20260917_000660_E001,2026-09-17 09:00:00.595,1770000.0,74.0,103.155692,78.81589984893799,4,0.0,0.05617977528089888,False,True,20260917_000660_SHADOW_SCORE_70_74_E001_090022311207,2026-09-17 09:00:22.294,1770000.0,74.0,81.456994,0.621468926553681,0.0,25.633541584014893,0.0,25.633541584014893,0.05617977528089888,50.171672344207764,,,,,,,0.05599093581885724,25.633541584014893,0.1681614349775785,50.171672344207764,,,,,,
2026-09-17 09:01:46,v2.1.2,MAIN,MAIN,MAIN,2026-09-17 09:01:43.760,True,KOSPI,005930,삼성전자,258500.0,0.99,482361,324851000000.0,124690318500.0,324851000000.0,ACTUAL,2,259000.0,0.19305019305019305,1.0,2.1102410086577623,85,40,25,5,15,False,60,2026-09-17 09:00:00.595,256500.0,74.0,103.164701,20260917_005930_E001,2026-09-17 09:00:00.595,256500.0,74.0,103.164701,78.81589984893799,4,0.0,0.3883495145631068,False,True,20260917_005930_SHADOW_SCORE_70_74_E001_090022312207,2026-09-17 09:00:22.305,256500.0,74.0,81.455023,0.7797270955165692,0.0,25.633541584014893,0.0,25.633541584014893,0.3883495145631068,50.171672344207764,,,,,,,0.19305019305019305,25.633541584014893,-0.000748256562210059,50.171672344207764,,,,,,
2026-09-17 09:01:48,v2.1.2,MAIN,MAIN,MAIN,2026-09-17 09:01:43.741,True,KOSPI,007660,이수페타시스,114550.0,6.23,42573,35257000000.0,4876737150.0,35257000000.0,ACTUAL,8,115500.0,0.8225108225108225,1.2709347175660575,2.494901547116737,82,29,22,16,15,False,60,2026-09-17 09:01:19.411,114550.0,82.0,24.329792,20260917_007660_E001,2026-09-17 09:01:19.411,114550.0,82.0,24.329792,78.81589984893799,4,-0.13077593722755013,0.7475813544415127,False,False,,,,,,,-0.13077593722755013,25.633541584014893,-0.13077593722755013,25.633541584014893,0.7475813544415127,50.171672344207764,,,,,,,0.1298701298701299,25.633541584014893,0.47194114678777255,50.171672344207764,,,,,,
2026-09-17 09:02:18,v2.1.2,MAIN,MAIN,MAIN,2026-09-17 09:02:18.571,True,KOSPI,005930,삼성전자,258000.0,0.99,519417,324851000000.0,134009586000.0,324851000000.0,ACTUAL,2,259000.0,0.3861003861003861,1.0,1.3899118288489585,85,40,25,5,15,False,60,2026-09-17 09:00:00.595,256500.0,74.0,137.976262,20260917_005930_E001,2026-09-17 09:00:00.595,256500.0,74.0,137.976262,112.57392954826355,5,-0.19342359767891684,-0.19342359767891684,False,True,20260917_005930_SHADOW_SCORE_70_74_E001_090022312207,2026-09-17 09:00:22.305,256500.0,74.0,81.455023,0.7797270955165692,-0.19342359767891684,33.75802969932556,-0.19342359767891684,33.75802969932556,-0.19342359767891684,59.391571283340454,,,,,,,0.19305019305019305,33.75802969932556,0.3861003861003861,59.391571283340454,0.19154785691750673,112.57392954826355,,,,
2026-09-17 09:02:18,v2.1.2,MAIN,MAIN,MAIN,2026-09-17 09:02:18.548,True,KOSPI,007660,이수페타시스,114600.0,6.78,46548,36135000000.0,5334400800.0,36135000000.0,ACTUAL,8,115500.0,0.7792207792207793,1.3025846220395805,1.1829525527967675,83,29,22,20,12,False,60,2026-09-17 09:01:19.411,114550.0,82.0,59.136782,20260917_007660_E001,2026-09-17 09:01:19.411,114550.0,82.0,59.136782,112.57392954826355,5,0.043649061545176775,-0.08718395815170009,False,False,,,,,,,0.043649061545176775,33.75802969932556,0.043649061545176775,33.75802969932556,-0.08718395815170009,59.391571283340454,,,,,,,-0.04329004329004327,33.75802969932556,0.08658008658008665,59.391571283340454,-0.27248824794837057,112.57392954826355,,,,
2026-09-17 09:02:18,v2.1.2,MAIN,MAIN,MAIN,2026-09-17 09:02:18.548,True,KOSDAQ,119850,지엔씨에너지,53300.0,12.99,150069,34781000000.0,7998677700.0,34781000000.0,ACTUAL,1,53600.0,0.5597014925373134,1.2299232646133174,3.8962768719493197,82,29,22,16,15,False,60,2026-09-17 09:01:19.411,52000.0,69.0,59.136782,20260917_119850_E001,2026-09-17 09:01:19.411,52000.0,69.0,59.136782,112.57392954826355,5,2.5,3.4951456310679614,True,False,,,,,,,2.5,33.75802969932556,2.5,33.75802969932556,3.4951456310679614,59.391571283340454,,,,,,,0.46364001319053144,33.75802969932556,-0.21101141690391978,59.391571283340454,,,,,,
2026-09-17 09:02:20,v2.1.2,MAIN,MAIN,MAIN,2026-09-17 09:02:18.554,True,KOSPI,000660,SK하이닉스,1775000.0,0.91,177736,599238000000.0,315481400000.0,599238000000.0,ACTUAL,1,1785000.0,0.5602240896358543,1.0,1.3126929496742936,82,40,22,5,15,False,60,2026-09-17 09:00:00.595,1770000.0,74.0,137.95868,20260917_000660_E001,2026-09-17 09:00:00.595,1770000.0,74.0,137.95868,112.57392954826355,5,-0.3368893879842785,-0.3368893879842785,False,True,20260917_000660_SHADOW_SCORE_70_74_E001_090022311207,2026-09-17 09:00:22.294,1770000.0,74.0,81.456994,0.621468926553681,-0.3368893879842785,33.75802969932556,-0.3368893879842785,33.75802969932556,-0.3368893879842785,59.391571283340454,,,,,,,0.39206265465827583,33.75802969932556,0.4480535904771331,59.391571283340454,0.5037588157792762,112.57392954826355,,,,
2026-09-17 09:02:20,v2.1.2,MAIN,MAIN,MAIN,2026-09-17 09:02:18.560,True,KOSPI,009150,삼성전기,1408000.0,0.22,22577,60887000000.0,31788416000.0,60887000000.0,ACTUAL,3,1410000.0,0.14184397163120568,1.0,1.8578834759710336,78,33,25,5,15,False,60,2026-09-17 09:00:00.595,1393000.0,67.0,137.964995,20260917_009150_E001,2026-09-17 09:00:00.595,1393000.0,67.0,137.964995,112.57392954826355,5,0.07107320540156362,0.8595988538681949,True,False,,,,,,,0.07107320540156362,33.75802969932556,0.07107320540156362,33.75802969932556,0.8595988538681949,59.391571283340454,,,,,,,0.0708212443584784,33.75802969932556,-0.0012175448208686934,59.391571283340454,,,,,,
2026-09-17 09:02:50,v2.1.2,MAIN,MAIN,MAIN,2026-09-17 09:02:50.799,True,KOSDAQ,119850,지엔씨에너지,53000.0,12.14,196632,37823000000.0,10421496000.0,37823000000.0,ACTUAL,1,53600.0,1.1194029850746268,1.2853598858152655,3.1103307549945427,79,29,19,16,15,False,60,2026-09-17 09:01:19.411,52000.0,69.0,91.387715,20260917_119850_E001,2026-09-17 09:01:19.411,52000.0,69.0,91.387715,144.51584029197693,6,-0.5628517823639775,1.9230769230769231,True,False,,,,,,,-0.5628517823639775,31.94191074371338,-0.5628517823639775,31.94191074371338,1.9230769230769231,65.69994044303894,3.11284046692607,115.8716127872467,,,,,0.5597014925373134,31.94191074371338,1.0233415057278448,65.69994044303894,0.9252282277930733,115.8716127872467,,,,
2026-09-17 09:02:50,v2.1.2,MAIN,MAIN,MAIN,2026-09-17 09:02:50.800,True,KOSPI,000660,SK하이닉스,1776000.0,0.91,194043,599238000000.0,344620368000.0,599238000000.0,ACTUAL,1,1785000.0,0.5042016806722689,1.0,1.212306558124715,79,40,22,5,12,False,60,2026-09-17 09:00:00.595,1770000.0,74.0,170.20512,20260917_000660_E001,2026-09-17 09:00:00.595,1770000.0,74.0,170.20512,144.51584029197693,6,0.056338028169014086,-0.2807411566535654,False,True,20260917_000660_SHADOW_SCORE_70_74_E001_090022311207,2026-09-17 09:00:22.294,1770000.0,74.0,81.456994,0.621468926553681,0.056338028169014086,31.94191074371338,0.056338028169014086,31.94191074371338,-0.2807411566535654,65.69994044303894,-0.22471910112359553,115.8716127872467,,,,,-0.05602240896358546,31.94191074371338,0.3360402456946904,65.69994044303894,0.5042016806722689,115.8716127872467,,,,
2026-09-17 09:02:50,v2.1.2,MAIN,MAIN,MAIN,2026-09-17 09:02:50.805,True,KOSPI,005930,삼성전자,257500.0,0.99,612638,324851000000.0,157754285000.0,324851000000.0,ACTUAL,2,259000.0,0.5791505791505791,1.0,1.2700819510698418,79,40,22,5,12,False,60,2026-09-17 09:00:00.595,256500.0,74.0,170.21013,20260917_005930_E001,2026-09-17 09:00:00.595,256500.0,74.0,170.21013,144.51584029197693,6,-0.1937984496124031,-0.3868471953578337,False,True,20260917_005930_SHADOW_SCORE_70_74_E001_090022312207,2026-09-17 09:00:22.305,256500.0,74.0,81.455023,0.7797270955165692,-0.1937984496124031,31.94191074371338,-0.1937984496124031,31.94191074371338,-0.3868471953578337,65.69994044303894,0.0,115.8716127872467,,,,,0.193050193050193,31.94191074371338,0.38610038610038605,65.69994044303894,0.385352129538176,115.8716127872467,,,,
2026-09-17 09:02:50,v2.1.2,MAIN,MAIN,MAIN,2026-09-17 09:02:50.803,True,KOSPI,009150,삼성전기,1403000.0,0.22,26505,60887000000.0,37186515000.0,60887000000.0,ACTUAL,3,1410000.0,0.4964539007092199,1.0,1.5406300860265054,78,33,25,5,15,False,60,2026-09-17 09:00:00.595,1393000.0,67.0,170.20813,20260917_009150_E001,2026-09-17 09:00:00.595,1393000.0,67.0,170.20813,144.51584029197693,6,-0.35511363636363635,-0.28429282160625446,True,False,,,,,,,-0.35511363636363635,31.94191074371338,-0.35511363636363635,31.94191074371338,-0.28429282160625446,65.69994044303894,0.7178750897343862,115.8716127872467,,,,,0.35460992907801425,31.94191074371338,0.4254311734364926,65.69994044303894,0.13880010957903394,115.8716127872467,,,,
2026-09-17 09:03:17,v2.1.2,MAIN,MAIN,MAIN,2026-09-17 09:03:17.688,True,KOSDAQ,119850,지엔씨에너지,53100.0,11.62,235337,39630000000.0,12496394700.0,39630000000.0,ACTUAL,1,53600.0,0.9328358208955223,1.346768164208523,3.7225675825305684,86,29,22,20,15,False,60,2026-09-17 09:01:19.411,52000.0,69.0,118.276628,20260917_119850_E001,2026-09-17 09:01:19.411,52000.0,69.0,118.276628,171.23834896087646,7,0.18867924528301888,-0.37523452157598497,True,False,,,,,,,0.18867924528301888,26.722508668899536,0.18867924528301888,26.722508668899536,-0.37523452157598497,58.664419412612915,3.1067961165048543,118.05599069595337,,,,,-0.18656716417910446,26.722508668899536,0.3731343283582089,58.664419412612915,0.16212291145428914,118.05599069595337,,,,
2026-09-17 09:03:17,v2.1.2,MAIN,MAIN,MAIN,2026-09-17 09:03:17.696,True,KOSPI,005930,삼성전자,257750.0,0.99,628740,324851000000.0,162057735000.0,324851000000.0,ACTUAL,2,259000.0,0.4826254826254826,1.0,1.3034635884741925,85,40,25,5,15,False,60,2026-09-17 09:00:00.595,256500.0,74.0,197.101436,20260917_005930_E001,2026-09-17 09:00:00.595,256500.0,74.0,197.101436,171.23834896087646,7,0.0970873786407767,-0.09689922480620156,False,True,20260917_005930_SHADOW_SCORE_70_74_E001_090022312207,2026-09-17 09:00:22.305,256500.0,74.0,81.455023,0.7797270955165692,0.0970873786407767,26.722508668899536,0.0970873786407767,26.722508668899536,-0.09689922480620156,58.664419412612915,-0.2901353965183753,118.05599069595337,,,,,-0.0965250965250965,26.722508668899536,0.0965250965250965,58.664419412612915,0.4826254826254826,118.05599069595337,0.2880729534426032,171.23834896087646,,
2026-09-17 09:03:17,v2.1.2,MAIN,MAIN,MAIN,2026-09-17 09:03:17.686,True,KOSDAQ,201490,미투온,4435.0,14.77,5760795,23971000000.0,25549125825.0,23971000000.0,ACTUAL,7,4475.0,0.8938547486033519,2.240699196111423,2.097189498607891,81,24,22,20,15,False,60,2026-09-17 09:02:51.833,4435.0,81.0,25.85218,20260917_201490_E001,2026-09-17 09:02:51.833,4435.0,81.0,25.85218,142.59412145614624,6,0.9101251422070534,2.306805074971165,True,False,,,,,,,0.9101251422070534,26.722508668899536,0.9101251422070534,26.722508668899536,2.306805074971165,58.664419412612915,10.186335403726709,118.05599069595337,,,,,-0.3421003075764233,26.722508668899536,0.7786473753314624,58.664419412612915,-4.064822937347062,118.05599069595337,,,,
2026-09-17 09:03:21,v2.1.2,MAIN,MAIN,MAIN,2026-09-17 09:03:17.689,True,KOSPI,000660,SK하이닉스,1774000.0,0.91,199301,599238000000.0,353559974000.0,599238000000.0,ACTUAL,1,1785000.0,0.6162464985994398,1.0,1.2451565340713853,79,40,22,5,12,False,60,2026-09-17 09:00:00.595,1770000.0,74.0,197.094409,20260917_000660_E001,2026-09-17 09:00:00.595,1770000.0,74.0,197.094409,171.23834896087646,7,-0.11261261261261261,-0.056338028169014086,False,True,20260917_000660_SHADOW_SCORE_70_74_E001_090022311207,2026-09-17 09:00:22.294,1770000.0,74.0,81.456994,0.621468926553681,-0.11261261261261261,26.722508668899536,-0.11261261261261261,26.722508668899536,-0.056338028169014086,58.664419412612915,-0.39303761931499154,118.05599069595337,,,,,0.11204481792717091,26.722508668899536,0.05602240896358546,58.664419412612915,0.5040759994407186,118.05599069595337,0.5597812247428616,171.23834896087646,,
2026-09-17 09:03:21,v2.1.2,MAIN,MAIN,MAIN,2026-09-17 09:03:17.692,True,KOSPI,009150,삼성전기,1403000.0,0.22,28153,60887000000.0,39498659000.0,60887000000.0,ACTUAL,3,1410000.0,0.4964539007092199,1.0,1.6364217623808417,78,33,25,5,15,False,60,2026-09-17 09:00:00.595,1393000.0,67.0,197.097412,20260917_009150_E001,2026-09-17 09:00:00.595,1393000.0,67.0,197.097412,171.23834896087646,7,0.0,-0.35511363636363635,True,False,,,,,,,0.0,26.722508668899536,0.0,26.722508668899536,-0.35511363636363635,58.664419412612915,0.501432664756447,118.05599069595337,,,,,0.0,26.722508668899536,0.35460992907801425,58.664419412612915,0.35339238425714553,118.05599069595337,,,,
2026-09-17 09:03:48,v2.1.2,MAIN,MAIN,MAIN,2026-09-17 09:03:48.792,True,KOSDAQ,119850,지엔씨에너지,53300.0,13.2,305198,42863000000.0,16267053400.0,42863000000.0,ACTUAL,2,53600.0,0.5597014925373134,1.2323682470314252,2.0337178231346913,82,29,22,16,15,False,60,2026-09-17 09:01:19.411,52000.0,69.0,149.381191,20260917_119850_E001,2026-09-17 09:01:19.411,52000.0,69.0,149.381191,201.76189017295837,8,0.3766478342749529,0.5660377358490566,True,False,,,,,,,0.3766478342749529,30.52354121208191,0.3766478342749529,30.52354121208191,0.5660377358490566,57.246049880981445,2.5,122.94599032402039,3.6964980544747084,173.11766266822815,,,-0.3731343283582089,30.52354121208191,-0.5597014925373134,57.246049880981445,0.46364001319053144,122.94599032402039,0.36552673525575996,173.11766266822815,,
2026-09-17 09:03:48,v2.1.2,MAIN,MAIN,MAIN,2026-09-17 09:03:48.791,True,KOSPI,007660,이수페타시스,115100.0,7.06,62567,39227000000.0,7201461700.0,39227000000.0,ACTUAL,9,115500.0,0.3463203463203463,1.08556800885568,1.3441393830024921,80,29,25,11,15,False,60,2026-09-17 09:01:19.411,114550.0,82.0,149.380191,20260917_007660_E001,2026-09-17 09:01:19.411,114550.0,82.0,149.380191,201.76189017295837,8,0.9649122807017544,1.3204225352112675,False,False,,,,,,,0.9649122807017544,30.52354121208191,0.9649122807017544,30.52354121208191,1.3204225352112675,57.246049880981445,0.48013967699694454,122.94599032402039,1.2313104661389622,173.11766266822815,,,-0.9523809523809523,30.52354121208191,-1.2987012987012987,57.246049880981445,-0.4761904761904762,122.94599032402039,-0.004249329402703672,173.11766266822815,,
2026-09-17 09:03:48,v2.1.2,MAIN,MAIN,MAIN,2026-09-17 09:03:48.796,True,KOSPI,000660,SK하이닉스,1772000.0,0.91,208436,599238000000.0,369348592000.0,599238000000.0,ACTUAL,1,1785000.0,0.7282913165266106,1.0,1.1727280911014089,79,40,22,5,12,False,60,2026-09-17 09:00:00.595,1770000.0,74.0,228.201091,20260917_000660_E001,2026-09-17 09:00:00.595,1770000.0,74.0,228.201091,201.76189017295837,8,-0.11273957158962795,-0.22522522522522523,False,True,20260917_000660_SHADOW_SCORE_70_74_E001_090022311207,2026-09-17 09:00:22.294,1770000.0,74.0,81.456994,0.621468926553681,-0.11273957158962795,30.52354121208191,-0.11273957158962795,30.52354121208191,-0.22522522522522523,57.246049880981445,-0.5053340819764177,122.94599032402039,-0.44943820224719105,173.11766266822815,,,0.1120448179271708,30.52354121208191,0.22408963585434172,57.246049880981445,0.5601298815490321,122.94599032402039,0.7282913165266106,173.11766266822815,,
2026-09-17 09:03:48,v2.1.2,MAIN,MAIN,MAIN,2026-09-17 09:03:48.803,True,KOSPI,005930,삼성전자,257000.0,0.99,655337,324851000000.0,168421609000.0,324851000000.0,ACTUAL,2,259000.0,0.7722007722007722,1.0,1.2616779966770437,79,40,22,5,12,False,60,2026-09-17 09:00:00.595,256500.0,74.0,228.208091,20260917_005930_E001,2026-09-17 09:00:00.595,256500.0,74.0,228.208091,201.76189017295837,8,-0.2909796314258002,-0.1941747572815534,False,True,20260917_005930_SHADOW_SCORE_70_74_E001_090022312207,2026-09-17 09:00:22.305,256500.0,74.0,81.455023,0.7797270955165692,-0.2909796314258002,30.52354121208191,-0.2909796314258002,30.52354121208191,-0.1941747572815534,57.246049880981445,-0.5802707930367506,122.94599032402039,-0.1941747572815534,173.11766266822815,,,0.2895752895752896,30.52354121208191,0.1930501930501931,57.246049880981445,0.5791505791505791,122.94599032402039,0.5784023225883691,173.11766266822815,,
2026-09-17 09:03:48,v2.1.2,MAIN,MAIN,MAIN,2026-09-17 09:03:48.792,True,KOSDAQ,201490,미투온,4395.0,14.71,6651872,27979000000.0,29234977440.0,27979000000.0,ACTUAL,5,4475.0,1.7877094972067038,2.3640895648500213,1.6621327782789148,78,24,19,20,15,False,60,2026-09-17 09:02:51.833,4435.0,81.0,56.958742,20260917_201490_E001,2026-09-17 09:02:51.833,4435.0,81.0,56.958742,173.11766266822815,7,-0.9019165727170236,0.0,True,False,,,,,,,-0.9019165727170236,30.52354121208191,-0.9019165727170236,30.52354121208191,0.0,57.246049880981445,9.600997506234414,122.94599032402039,,,,,0.8938547486033519,30.52354121208191,0.5517544410269286,57.246049880981445,-3.525159452025882,122.94599032402039,-1.8722668900424102,173.11766266822815,,
2026-09-17 09:03:48,v2.1.2,MAIN,MAIN,MAIN,2026-09-17 09:03:48.799,True,KOSPI,009150,삼성전기,1400500.0,0.22,29682,60887000000.0,41569641000.0,60887000000.0,ACTUAL,3,1410000.0,0.6737588652482269,1.0,1.314700801700846,75,33,22,5,15,False,60,2026-09-17 09:00:00.595,1393000.0,67.0,228.204091,20260917_009150_E001,2026-09-17 09:00:00.595,1393000.0,67.0,228.204091,201.76189017295837,8,-0.1781895937277263,-0.1781895937277263,True,False,,,,,,,-0.1781895937277263,30.52354121208191,-0.1781895937277263,30.52354121208191,-0.1781895937277263,57.246049880981445,-0.46197583511016344,122.94599032402039,0.5384063173007897,173.11766266822815,,,0.17730496453900702,30.52354121208191,0.17730496453900702,57.246049880981445,0.6027361379754996,122.94599032402039,0.31610507411804095,173.11766266822815,,
2026-09-17 09:04:16,v2.1.2,MAIN,MAIN,MAIN,2026-09-17 09:04:16.303,True,KOSDAQ,201490,미투온,4475.0,16.02,7440000,31240000000.0,33294000000.0,31240000000.0,ACTUAL,3,4475.0,0.0,1.619659892160929,1.4371485119138452,89,29,25,20,15,False,60,2026-09-17 09:02:51.833,4435.0,81.0,84.470023,20260917_201490_E001,2026-09-17 09:02:51.833,4435.0,81.0,84.470023,200.5917248725891,8,1.8202502844141069,0.9019165727170236,True,False,,,,,,,1.8202502844141069,27.474062204360962,1.8202502844141069,27.474062204360962,0.9019165727170236,57.99760341644287,3.229527104959631,116.66202282905579,11.180124223602485,176.05359411239624,,,-1.7877094972067038,27.474062204360962,-0.8938547486033519,57.99760341644287,-0.1152073732718894,116.66202282905579,-4.958677685950414,176.05359411239624,,
2026-09-17 09:04:16,v2.1.2,MAIN,MAIN,MAIN,2026-09-17 09:04:16.303,True,KOSDAQ,119850,지엔씨에너지,54100.0,14.78,350965,48655000000.0,18987206500.0,48655000000.0,ACTUAL,1,54400.0,0.5514705882352942,1.2863865901700025,1.7848824199519915,82,29,22,16,15,False,60,2026-09-17 09:01:19.411,52000.0,69.0,176.892472,20260917_119850_E001,2026-09-17 09:01:19.411,52000.0,69.0,176.892472,229.23595237731934,9,1.5009380863039399,1.8832391713747645,True,False,,,,,,,1.5009380863039399,27.474062204360962,1.5009380863039399,27.474062204360962,1.8832391713747645,57.99760341644287,1.5009380863039399,116.66202282905579,5.048543689320388,176.05359411239624,,,-0.008230904302019226,27.474062204360962,-0.38136523266022815,57.99760341644287,-0.008230904302019226,116.66202282905579,-0.219242321205939,176.05359411239624,,
2026-09-17 09:04:16,v2.1.2,MAIN,MAIN,MAIN,2026-09-17 09:04:16.302,True,KOSPI,007660,이수페타시스,115600.0,7.43,75531,41624000000.0,8731383600.0,41624000000.0,ACTUAL,9,115800.0,0.17271157167530224,1.1243348369844142,1.4887355868729675,80,29,25,11,15,False,60,2026-09-17 09:01:19.411,114550.0,82.0,176.891472,20260917_007660_E001,2026-09-17 09:01:19.411,114550.0,82.0,176.891472,229.23595237731934,9,0.4344048653344918,1.4035087719298245,False,False,,,,,,,0.4344048653344918,27.474062204360962,0.4344048653344918,27.474062204360962,1.4035087719298245,57.99760341644287,0.8726003490401396,116.66202282905579,0.7846556233653008,176.05359411239624,,,-0.17360877464504407,27.474062204360962,-1.1259897270259964,57.99760341644287,-0.606509207545477,116.66202282905579,-0.5199291209653903,176.05359411239624,,
2026-09-17 09:04:16,v2.1.2,MAIN,MAIN,MAIN,2026-09-17 09:04:16.307,True,KOSPI,000660,SK하이닉스,1772000.0,0.91,215345,599238000000.0,381591340000.0,599238000000.0,ACTUAL,1,1785000.0,0.7282913165266106,1.0,1.1097797910772356,76,40,22,5,9,False,60,2026-09-17 09:00:00.595,1770000.0,74.0,255.712373,20260917_000660_E001,2026-09-17 09:00:00.595,1770000.0,74.0,255.712373,229.23595237731934,9,0.0,-0.11273957158962795,False,True,20260917_000660_SHADOW_SCORE_70_74_E001_090022311207,2026-09-17 09:00:22.294,1770000.0,74.0,81.456994,0.621468926553681,0.0,27.474062204360962,0.0,27.474062204360962,-0.11273957158962795,57.99760341644287,-0.16901408450704225,116.66202282905579,-0.5053340819764177,176.05359411239624,,,0.0,27.474062204360962,0.1120448179271708,57.99760341644287,0.16806722689075626,116.66202282905579,0.6161208173678894,176.05359411239624,,
2026-09-17 09:04:16,v2.1.2,MAIN,MAIN,MAIN,2026-09-17 09:04:16.315,True,KOSPI,005930,삼성전자,257000.0,0.99,683226,324851000000.0,175589082000.0,324851000000.0,ACTUAL,2,259000.0,0.7722007722007722,1.0,1.1152197545695828,76,40,22,5,9,False,60,2026-09-17 09:00:00.595,256500.0,74.0,255.719877,20260917_005930_E001,2026-09-17 09:00:00.595,256500.0,74.0,255.719877,229.23595237731934,9,0.0,-0.2909796314258002,False,True,20260917_005930_SHADOW_SCORE_70_74_E001_090022312207,2026-09-17 09:00:22.305,256500.0,74.0,81.455023,0.7797270955165692,0.0,27.474062204360962,0.0,27.474062204360962,-0.2909796314258002,57.99760341644287,-0.3875968992248062,116.66202282905579,-0.5802707930367506,176.05359411239624,,,0.0,27.474062204360962,0.2895752895752896,57.99760341644287,0.3861003861003861,116.66202282905579,0.7722007722007722,176.05359411239624,,
2026-09-17 09:04:45,v2.1.2,MAIN,MAIN,MAIN,2026-09-17 09:04:45.446,True,KOSDAQ,119850,지엔씨에너지,53950.0,14.47,367777,51319000000.0,19841569150.0,51319000000.0,ACTUAL,1,54400.0,0.8272058823529412,1.294953318193288,1.5627674356348555,86,33,22,16,15,False,60,2026-09-17 09:01:19.411,52000.0,69.0,206.034914,20260917_119850_E001,2026-09-17 09:01:19.411,52000.0,69.0,206.034914,256.74472212791443,10,-0.27726432532347506,1.2195121951219512,True,False,,,,,,,-0.27726432532347506,27.508769750595093,-0.27726432532347506,27.508769750595093,1.2195121951219512,54.982831954956055,1.7924528301886793,112.2288818359375,3.75,177.92882227897644,,,0.2757352941176471,27.508769750595093,0.26750438981562785,54.982831954956055,-0.29219710272168553,112.2288818359375,0.7311444030061593,177.92882227897644,,
2026-09-17 09:04:45,v2.1.2,MAIN,MAIN,MAIN,2026-09-17 09:04:45.445,True,KOSDAQ,201490,미투온,4405.0,15.1,7881826,33501000000.0,34719443530.0,33501000000.0,ACTUAL,3,4475.0,1.564245810055866,1.397563722831755,1.368183731585658,83,29,19,20,15,False,60,2026-09-17 09:02:51.833,4435.0,81.0,113.611434,20260917_201490_E001,2026-09-17 09:02:51.833,4435.0,81.0,113.611434,228.1004946231842,9,-1.564245810055866,0.22753128555176336,True,False,,,,,,,-1.564245810055866,27.508769750595093,-1.564245810055866,27.508769750595093,0.22753128555176336,54.982831954956055,0.22753128555176336,112.2288818359375,9.850374064837904,177.92882227897644,,,1.564245810055866,27.508769750595093,-0.22346368715083775,54.982831954956055,0.32829075387609086,112.2288818359375,-3.7486231391767197,177.92882227897644,,
2026-09-17 09:04:45,v2.1.2,MAIN,MAIN,MAIN,2026-09-17 09:04:45.441,True,KOSPI,082740,한화엔진,52500.0,9.26,176806,20179000000.0,9282315000.0,20179000000.0,ACTUAL,25,52800.0,0.5681818181818182,1.8799142910378237,3.4595260923161213,81,24,22,20,15,False,60,2026-09-17 09:04:17.340,52500.0,81.0,28.101089,20260917_082740_E001,2026-09-17 09:04:17.340,52500.0,81.0,28.101089,256.74472212791443,10,0.0,-0.3795066413662239,False,False,,,,,,,0.0,27.508769750595093,0.0,27.508769750595093,-0.3795066413662239,54.982831954956055,1.3513513513513513,112.2288818359375,1.3513513513513513,177.92882227897644,,,,,,,,,-3.5744000700648098,203.56236386299133,,
2026-09-17 09:05:19,v2.1.2,MAIN,MAIN,MAIN,2026-09-17 09:05:18.977,True,KOSDAQ,201490,미투온,4450.0,15.23,8722354,37142000000.0,38814475300.0,37142000000.0,ACTUAL,3,4500.0,1.1111111111111112,1.1889244558258643,1.1723594086021505,76,29,19,16,12,True,60,2026-09-17 09:02:51.833,4435.0,81.0,147.143773,20260917_201490_E001,2026-09-17 09:02:51.833,4435.0,81.0,147.143773,260.5465705394745,10,1.0215664018161181,-0.5586592178770949,True,False,,,,,,,1.0215664018161181,32.44607591629028,1.0215664018161181,32.44607591629028,-0.5586592178770949,59.954845666885376,0.3382187147688839,117.95244908332825,2.6528258362168398,176.61686849594116,,,-0.4531346989447549,32.44607591629028,1.1111111111111112,59.954845666885376,0.21725636250775926,117.95244908332825,0.9959037378392217,176.61686849594116,,
2026-09-17 09:05:50,v2.1.2,MAIN,MAIN,MAIN,2026-09-17 09:05:50.120,True,KOSDAQ,201490,미투온,4430.0,16.28,9205285,39467000000.0,40779412550.0,39467000000.0,ACTUAL,3,4500.0,1.5555555555555556,1.178084236291454,1.1679127400173512,76,29,19,16,12,False,60,2026-09-17 09:02:51.833,4435.0,81.0,178.287041,20260917_201490_E001,2026-09-17 09:02:51.833,4435.0,81.0,178.287041,292.75225734710693,11,-0.44943820224719105,0.5675368898978433,True,False,,,,,,,-0.44943820224719105,32.205686807632446,-0.44943820224719105,32.205686807632446,0.5675368898978433,64.65176272392273,0.7963594994311717,119.63459467887878,0.7963594994311717,176.88064455986023,,,0.4444444444444444,32.205686807632446,-0.008690254500310468,64.65176272392273,-0.23215394165114822,119.63459467887878,0.3196004993757804,176.88064455986023,-2.1044208316935586,292.75225734710693
2026-09-17 09:06:17,v2.1.2,MAIN,MAIN,MAIN,2026-09-17 09:06:17.148,True,KOSPI,082740,한화엔진,53000.0,10.3,239458,25945000000.0,12691274000.0,25945000000.0,ACTUAL,19,53100.0,0.18832391713747645,1.2857426036969126,1.354354490232232,80,24,25,16,15,True,60,2026-09-17 09:04:17.340,52500.0,81.0,119.807914,20260917_082740_E002,2026-09-17 09:05:21.992,52700.0,72.0,55.156151,350.57574486732483,13,0.5692599620493358,1.1450381679389312,True,False,,,,,,,0.5692599620493358,29.17926001548767,0.5692599620493358,29.17926001548767,1.1450381679389312,61.38494682312012,0.9523809523809524,121.3397924900055,1.9230769230769231,179.33739590644836,6.532663316582915,297.39338660240173,-0.001070022256462938,29.17926001548767,-0.5692518404382811,61.38494682312012,-0.3798579010443418,93.8310227394104,,,-3.9542579711091514,297.39338660240173
2026-09-17 09:06:17,v2.1.2,MAIN,MAIN,MAIN,2026-09-17 09:06:17.170,True,KOSPI,000660,SK하이닉스,1759000.0,0.91,265225,599238000000.0,466530775000.0,599238000000.0,ACTUAL,1,1785000.0,1.4565826330532212,1.0,1.1687782306929602,76,40,19,5,12,True,60,2026-09-17 09:00:00.595,1770000.0,74.0,376.57465,20260917_000660_E001,2026-09-17 09:00:00.595,1770000.0,74.0,376.57465,350.57574486732483,13,0.17084282460136674,-0.22688598979013047,False,True,20260917_000660_SHADOW_SCORE_70_74_E001_090022311207,2026-09-17 09:00:22.294,1770000.0,74.0,81.456994,0.621468926553681,0.17084282460136674,29.17926001548767,0.17084282460136674,29.17926001548767,-0.22688598979013047,61.38494682312012,-0.7336343115124153,121.3397924900055,-0.8455467869222096,179.33739590644836,-1.235261089275688,297.39338660240173,-0.1680672268907566,29.17926001548767,0.2240896358543416,61.38494682312012,0.7282913165266106,121.3397924900055,0.8403361344537814,179.33739590644836,1.3444121338944999,297.39338660240173
2026-09-17 09:06:46,v2.1.2,MAIN,MAIN,MAIN,2026-09-17 09:06:46.747,True,KOSPI,082740,한화엔진,52800.0,10.09,263632,28255000000.0,13919769600.0,28255000000.0,ACTUAL,18,53200.0,0.7518796992481203,1.3124767744332961,1.3556435439913612,81,24,22,20,15,True,60,2026-09-17 09:04:17.340,52500.0,81.0,149.407439,20260917_082740_E002,2026-09-17 09:05:21.992,52700.0,72.0,84.755676,377.6126616001129,14,-0.37735849056603776,0.18975332068311196,True,False,,,,,,,-0.37735849056603776,27.036916732788086,-0.37735849056603776,27.036916732788086,0.18975332068311196,56.21617674827576,0.5714285714285714,120.86793947219849,0.18975332068311196,175.85077142715454,1.9305019305019304,298.7967617511749,0.5635557821106438,27.036916732788086,0.5624857598541808,56.21617674827576,0.18369788106630203,120.86793947219849,,,-3.3907021889985076,324.4303033351898
2026-09-17 09:06:46,v2.1.2,MAIN,MAIN,MAIN,2026-09-17 09:06:46.758,True,KOSDAQ,067310,하나마이크론,38650.0,10.44,734044,27485000000.0,28370800600.0,27485000000.0,ACTUAL,8,38850.0,0.5148005148005148,1.3121837104936502,1.2850347936452362,78,24,22,20,12,True,60,2026-09-17 09:06:18.208,38650.0,78.0,28.550503,20260917_067310_E001,2026-09-17 09:06:18.208,38650.0,78.0,28.550503,348.9684340953827,13,0.38961038961038963,0.6510416666666667,True,False,,,,,,,0.38961038961038963,27.036916732788086,0.38961038961038963,27.036916732788086,0.6510416666666667,56.21617674827576,0.25940337224383914,120.86793947219849,1.4435695538057742,175.85077142715454,6.035665294924554,298.7967617511749,-0.3861003861003861,27.036916732788086,-0.6435006435006434,56.21617674827576,,,,,,
2026-09-17 09:06:49,v2.1.2,MAIN,MAIN,MAIN,2026-09-17 09:06:46.761,True,KOSPI,000660,SK하이닉스,1756000.0,0.91,275559,599238000000.0,483881604000.0,599238000000.0,ACTUAL,1,1785000.0,1.6246498599439778,1.0,1.16293664090888,76,40,19,5,12,False,60,2026-09-17 09:00:00.595,1770000.0,74.0,406.166097,20260917_000660_E001,2026-09-17 09:00:00.595,1770000.0,74.0,406.166097,377.6126616001129,14,-0.17055144968732233,0.0,False,True,20260917_000660_SHADOW_SCORE_70_74_E001_090022311207,2026-09-17 09:00:22.294,1770000.0,74.0,81.456994,0.621468926553681,-0.17055144968732233,27.036916732788086,-0.17055144968732233,27.036916732788086,0.0,56.21617674827576,-0.45351473922902497,120.86793947219849,-0.9029345372460496,175.85077142715454,-1.403705783267827,298.7967617511749,0.1680672268907566,27.036916732788086,0.0,56.21617674827576,0.44817927170868366,120.86793947219849,0.8963585434173672,175.85077142715454,1.4564884249663994,298.7967617511749
2026-09-17 09:07:49,v2.1.2,MAIN,MAIN,MAIN,2026-09-17 09:07:49.287,True,KOSPI,005930,삼성전자,256000.0,0.99,964220,324851000000.0,246840320000.0,324851000000.0,ACTUAL,2,259000.0,1.1583011583011582,1.0,1.1621406954138458,76,40,19,5,12,True,60,2026-09-17 09:00:00.595,256500.0,74.0,468.691748,20260917_005930_E001,2026-09-17 09:00:00.595,256500.0,74.0,468.691748,440.5128884315491,16,0.2938295788442703,0.0,False,True,20260917_005930_SHADOW_SCORE_70_74_E001_090022312207,2026-09-17 09:00:22.305,256500.0,74.0,81.455023,0.7797270955165692,0.2938295788442703,29.747188329696655,0.2938295788442703,29.747188329696655,0.0,62.90022683143616,0.09775171065493646,119.11640357971191,-0.0975609756097561,183.76816630363464,-0.5825242718446602,295.99704813957214,-0.28957528957528966,29.747188329696655,0.0,62.90022683143616,-0.09652509652509655,119.11640357971191,0.09652509652509655,183.76816630363464,0.5791505791505791,295.99704813957214
2026-09-17 09:08:19,v2.1.2,MAIN,MAIN,MAIN,2026-09-17 09:08:19.232,True,KOSPI,007660,이수페타시스,115300.0,7.06,115319,49480000000.0,13296280700.0,49480000000.0,ACTUAL,15,115800.0,0.4317789291882556,1.061483674432574,1.1524754652115687,77,29,25,11,12,True,60,2026-09-17 09:01:19.411,114550.0,82.0,419.820583,20260917_007660_E001,2026-09-17 09:01:19.411,114550.0,82.0,419.820583,470.5702545642853,17,0.1737619461337967,1.5859030837004406,False,False,,,,,,,0.1737619461337967,30.057366132736206,0.1737619461337967,30.057366132736206,1.5859030837004406,59.80455446243286,1.4964788732394365,119.99450969696045,0.6108202443280977,181.37945652008057,1.1403508771929824,299.3319056034088,-0.17271157167530232,30.057366132736206,-1.55440414507772,59.80455446243286,-1.468048359240069,119.99450969696045,-0.6044905008635579,181.37945652008057,-0.866922369513043,299.3319056034088
2026-09-17 09:08:48,v2.1.2,MAIN,MAIN,MAIN,2026-09-17 09:08:48.625,True,KOSPI,007660,이수페타시스,114700.0,6.51,120111,50605000000.0,13776731700.0,50605000000.0,ACTUAL,15,115800.0,0.9499136442141624,1.0856180546616896,1.2003657732206032,78,33,22,11,12,True,60,2026-09-17 09:01:19.411,114550.0,82.0,449.214215,20260917_007660_E001,2026-09-17 09:01:19.411,114550.0,82.0,449.214215,500.63524651527405,18,-0.5203816131830009,-0.3475238922675934,False,False,,,,,,,-0.5203816131830009,30.06499195098877,-0.5203816131830009,30.06499195098877,-0.3475238922675934,60.122358083724976,0.7023705004389815,123.02258491516113,0.6140350877192983,179.2387616634369,-0.3475238922675934,298.8733563423157,0.5181347150259068,30.06499195098877,0.3454231433506044,60.122358083724976,-0.6908462867012092,123.02258491516113,-0.6044905008635578,179.2387616634369,0.6035932978938161,298.8733563423157
2026-09-17 09:08:48,v2.1.2,MAIN,MAIN,MAIN,2026-09-17 09:08:48.651,True,KOSPI,005930,삼성전자,255500.0,0.99,1035760,324851000000.0,264636680000.0,324851000000.0,ACTUAL,2,259000.0,1.3513513513513513,1.0,1.1630891889615675,76,40,19,5,12,True,60,2026-09-17 09:00:00.595,256500.0,74.0,528.056157,20260917_005930_E001,2026-09-17 09:00:00.595,256500.0,74.0,528.056157,500.63524651527405,18,-0.09775171065493646,-0.1953125,False,True,20260917_005930_SHADOW_SCORE_70_74_E001_090022312207,2026-09-17 09:00:22.305,256500.0,74.0,81.455023,0.7797270955165692,-0.09775171065493646,30.06499195098877,-0.09775171065493646,30.06499195098877,-0.1953125,60.122358083724976,-0.1953125,123.02258491516113,-0.09775171065493646,179.2387616634369,-0.5836575875486382,298.8733563423157,0.09652509652509655,30.06499195098877,0.1930501930501931,60.122358083724976,0.1930501930501931,123.02258491516113,0.09652509652509655,179.2387616634369,0.5791505791505791,298.8733563423157
2026-09-17 09:11:25,v2.1.2,MAIN,MAIN,MAIN,2026-09-17 09:11:25.334,True,KOSPI,007660,이수페타시스,115800.0,7.53,146230,55676000000.0,16933434000.0,55676000000.0,ACTUAL,15,116000.0,0.1724137931034483,1.06861672520681,1.1432882731444922,78,33,25,11,9,True,60,2026-09-17 09:01:19.411,114550.0,82.0,605.923346,20260917_007660_E001,2026-09-17 09:01:19.411,114550.0,82.0,605.923346,578.0065035820007,20,0.7394519356241844,1.2237762237762237,False,False,,,,,,,0.7394519356241844,31.721343994140625,0.7394519356241844,31.721343994140625,1.2237762237762237,63.249950647354126,0.6956521739130435,126.79198455810547,0.43365134431916735,186.25214886665344,1.936619718309859,306.2466585636139,-0.5616103865165862,31.721343994140625,-1.0365672086236675,63.249950647354126,-0.5184324935977607,126.79198455810547,-0.2593651360848073,186.25214886665344,-1.7274134953248765,306.2466585636139
2026-09-17 09:11:25,v2.1.2,MAIN,MAIN,MAIN,2026-09-17 09:11:25.337,True,KOSDAQ,027360,아주IB투자,4055.0,16.86,5538366,20858000000.0,22458074130.0,20858000000.0,ACTUAL,17,4130.0,1.8159806295399514,1.3030549134753546,1.1737175842343144,75,24,19,20,12,False,60,2026-09-17 09:10:57.417,4055.0,75.0,27.919843,20260917_027360_E001,2026-09-17 09:10:57.417,4055.0,75.0,27.919843,578.0065035820007,20,-0.9768009768009768,-0.8557457212713936,False,False,,,,,,,-0.9768009768009768,31.721343994140625,-0.9768009768009768,31.721343994140625,-0.8557457212713936,63.249950647354126,2.788339670468948,126.79198455810547,2.788339670468948,186.25214886665344,4.510309278350515,306.2466585636139,0.9685230024213074,31.721343994140625,0.8474576271186439,63.249950647354126,1.8159806295399514,126.79198455810547,1.8159806295399514,186.25214886665344,,
2026-09-17 09:11:58,v2.1.2,MAIN,MAIN,MAIN,2026-09-17 09:11:58.568,True,KOSPI,007660,이수페타시스,116000.0,7.71,154659,58876000000.0,17940444000.0,58876000000.0,ACTUAL,15,116100.0,0.08613264427217916,1.1068997931942095,1.1663662621890059,81,33,25,11,12,True,60,2026-09-17 09:01:19.411,114550.0,82.0,639.157223,20260917_007660_E001,2026-09-17 09:01:19.411,114550.0,82.0,639.157223,576.8853538036346,20,0.17271157167530224,0.9134406263592866,False,False,,,,,,,0.17271157167530224,32.63687992095947,0.17271157167530224,32.63687992095947,0.9134406263592866,64.3582239151001,1.3100436681222707,127.69746780395508,1.1333914559721012,188.82403683662415,1.8437225636523267,311.8466217517853,-0.08628114883126912,32.63687992095947,-0.6478915353478554,64.3582239151001,-1.0364925716172855,127.69746780395508,-0.8637809999419832,188.82403683662415,-1.5546272866431923,311.8466217517853
2026-09-17 09:12:29,v2.1.2,MAIN,MAIN,MAIN,2026-09-17 09:12:29.172,True,KOSPI,007660,이수페타시스,116100.0,7.81,160256,60020000000.0,18605721600.0,60020000000.0,ACTUAL,15,116100.0,0.0,1.0780228464688555,1.095917390412364,78,33,25,11,9,True,60,2026-09-17 09:01:19.411,114550.0,82.0,669.760959,20260917_007660_E001,2026-09-17 09:01:19.411,114550.0,82.0,669.760959,575.3539221286774,20,0.08620689655172414,0.2590673575129534,False,False,,,,,,,0.08620689655172414,30.410479068756104,0.08620689655172414,30.410479068756104,0.2590673575129534,63.047358989715576,1.486013986013986,126.2973096370697,0.9565217391304347,189.83934354782104,2.290748898678414,309.1040623188019,-0.08613264427217916,30.410479068756104,-0.1724137931034483,63.047358989715576,-1.2089810017271159,126.2973096370697,-0.690846286701209,189.83934354782104,-1.9861830742659756,309.1040623188019
2026-09-17 09:13:01,v2.1.2,MAIN,MAIN,MAIN,2026-09-17 09:13:00.874,True,KOSPI,007660,이수페타시스,116300.0,7.99,168838,62339000000.0,19635859400.0,62339000000.0,ACTUAL,15,116600.0,0.2572898799313894,1.05881853386779,1.0916791134043282,78,33,25,11,9,True,60,2026-09-17 09:01:19.411,114550.0,82.0,701.46282,20260917_007660_E001,2026-09-17 09:01:19.411,114550.0,82.0,701.46282,580.1083786487579,20,0.17226528854435832,0.25862068965517243,False,False,,,,,,,0.17226528854435832,31.476965188980103,0.17226528854435832,31.476965188980103,0.25862068965517243,61.887444257736206,1.17442366246194,126.2456681728363,1.572052401746725,189.58491206169128,1.0425716768027802,310.8338391780853,0.2572898799313894,31.476965188980103,0.17115723565921026,61.887444257736206,-0.4767342996886451,126.2456681728363,-0.8653353359580753,189.58491206169128,-0.3472006209321685,310.8338391780853
2026-09-17 09:13:34,v2.1.2,MAIN,MAIN,MAIN,2026-09-17 09:13:34.294,True,KOSPI,004310,현대약품,11210.0,12.54,3232548,34337000000.0,36236863080.0,34337000000.0,ACTUAL,21,11260.0,0.4440497335701598,1.314636854397182,1.3104720669881482,89,29,25,20,15,True,60,2026-09-17 09:12:00.465,10760.0,63.0,93.828934,20260917_004310_E001,2026-09-17 09:12:00.465,10760.0,63.0,93.828934,580.2646934986115,20,4.376163873370578,4.182156133828997,True,False,,,,,,,4.376163873370578,30.679856061935425,4.376163873370578,30.679856061935425,4.182156133828997,62.15682125091553,6.15530303030303,125.2041802406311,6.965648854961833,188.45413088798523,4.473438956197577,311.45632910728455,-0.7519024283433637,30.679856061935425,-0.5679097880489752,62.15682125091553,-2.4078361909928576,125.2041802406311,-3.1438067521704105,188.45413088798523,,
2026-09-17 09:13:37,v2.1.2,MAIN,MAIN,MAIN,2026-09-17 09:13:34.303,True,KOSPI,007660,이수페타시스,115700.0,7.25,177537,63896000000.0,20541030900.0,63896000000.0,ACTUAL,15,116600.0,0.7718696397941681,1.0645784738420527,1.107833716054313,75,33,22,11,9,True,60,2026-09-17 09:01:19.411,114550.0,82.0,734.891882,20260917_007660_E001,2026-09-17 09:01:19.411,114550.0,82.0,734.891882,580.2646934986115,20,-0.5159071367153912,-0.34453057708871665,False,False,,,,,,,-0.5159071367153912,30.679856061935425,-0.5159071367153912,30.679856061935425,-0.34453057708871665,62.15682125091553,-0.08635578583765112,125.2041802406311,1.1363636363636365,188.45413088798523,0.3469210754553339,311.45632910728455,0.5145797598627787,30.679856061935425,0.7718696397941681,62.15682125091553,0.5994558466907198,125.2041802406311,-0.43711136193294775,188.45413088798523,0.3400907106059125,311.45632910728455
2026-09-17 09:14:07,v2.1.2,MAIN,MAIN,MAIN,2026-09-17 09:14:07.483,True,KOSPI,004310,현대약품,11300.0,13.34,3691197,39742000000.0,41710526100.0,39742000000.0,ACTUAL,19,11300.0,0.0,1.4796530027178971,1.455641581883652,89,29,25,20,15,True,60,2026-09-17 09:12:00.465,10760.0,63.0,127.017811,20260917_004310_E001,2026-09-17 09:12:00.465,10760.0,63.0,127.017811,588.9920890331268,20,0.8028545941123997,5.21415270018622,True,False,,,,,,,0.8028545941123997,36.20145773887634,0.8028545941123997,36.20145773887634,5.21415270018622,66.88131380081177,6.0037523452157595,128.76875805854797,6.203007518796992,193.12698197364807,6.503298774740811,288.1976225376129,-0.4440497335701598,36.20145773887634,-1.1959521619135236,66.88131380081177,-1.9319227230910765,128.76875805854797,-2.1159153633854646,193.12698197364807,-2.391904323827047,288.1976225376129
2026-09-17 09:14:41,v2.1.2,MAIN,MAIN,MAIN,2026-09-17 09:14:41.474,True,KOSPI,004310,현대약품,11300.0,13.34,3691197,39742000000.0,41710526100.0,39742000000.0,ACTUAL,19,11300.0,0.0,1.1574103736494161,1.1418846680698942,79,29,25,16,9,True,60,2026-09-17 09:12:00.465,10760.0,63.0,161.008967,20260917_004310_E001,2026-09-17 09:12:00.465,10760.0,63.0,161.008967,593.047037601471,20,0.0,0.8028545941123997,True,False,,,,,,,0.0,31.56371831893921,0.0,31.56371831893921,0.8028545941123997,67.76517605781555,5.018587360594796,129.92199730873108,7.007575757575757,192.96935629844666,7.721639656816015,288.02994418144226,0.0,31.56371831893921,-0.4440497335701598,67.76517605781555,-1.011959521619135,129.92199730873108,-2.8518859245630175,192.96935629844666,-3.4958601655933763,288.02994418144226
2026-09-17 09:16:41,v2.1.2,MAIN,MAIN,MAIN,2026-09-17 09:16:41.844,True,KOSPI,004310,현대약품,11490.0,15.05,4791388,52080000000.0,55053048120.0,52080000000.0,ACTUAL,17,11550.0,0.5194805194805194,1.3104524180967239,1.29805805542213,87,33,22,20,12,True,60,2026-09-17 09:12:00.465,10760.0,63.0,281.378887,20260917_004310_E001,2026-09-17 09:12:00.465,10760.0,63.0,281.378887,569.7958343029022,19,1.6814159292035398,1.6814159292035398,True,False,,,,,,,1.6814159292035398,33.241427183151245,1.6814159292035398,33.241427183151245,1.6814159292035398,65.38990831375122,1.6814159292035398,130.76977467536926,1.6814159292035398,162.33349299430847,7.786116322701689,291.10225105285645,0.5194805194805194,33.241427183151245,0.5194805194805194,65.38990831375122,0.5194805194805194,130.76977467536926,0.5194805194805194,162.33349299430847,-1.412442203610557,291.10225105285645
2026-09-17 09:17:03,v2.1.2,MAIN,MAIN,MAIN,2026-09-17 09:17:03.156,True,KOSPI,004310,현대약품,11570.0,15.85,5127276,55335000000.0,59322583320.0,55335000000.0,ACTUAL,17,11630.0,0.5159071367153912,1.392355694227769,1.3890550951358056,90,33,22,20,15,True,60,2026-09-17 09:12:00.465,10760.0,63.0,302.691402,20260917_004310_E001,2026-09-17 09:12:00.465,10760.0,63.0,302.691402,591.5253789424896,20,0.6962576153176675,2.3893805309734515,True,False,,,,,,,0.6962576153176675,21.729544639587402,0.6962576153176675,21.729544639587402,2.3893805309734515,54.97097182273865,2.3893805309734515,118.93394255638123,2.3893805309734515,184.06303763389587,8.536585365853659,312.83179569244385,-0.003573382765128197,21.729544639587402,0.5159071367153912,54.97097182273865,0.5159071367153912,118.93394255638123,0.5159071367153912,184.06303763389587,-1.4160155863756851,312.83179569244385
2026-09-17 09:17:26,v2.1.2,MAIN,MAIN,MAIN,2026-09-17 09:17:25.975,True,KOSPI,004310,현대약품,11620.0,16.05,5459692,59642000000.0,63441621040.0,59642000000.0,ACTUAL,17,11630.0,0.08598452278589853,1.500729706607619,1.4791115185670123,93,33,25,20,15,True,60,2026-09-17 09:12:00.465,10760.0,63.0,325.509996,20260917_004310_E001,2026-09-17 09:12:00.465,10760.0,63.0,325.509996,583.8310775756836,20,0.432152117545376,1.1314186248912097,True,False,,,,,,,0.432152117545376,22.052886962890625,0.432152117545376,22.052886962890625,1.1314186248912097,43.78243160247803,2.831858407079646,109.17233991622925,2.831858407079646,174.5522062778473,7.992565055762081,304.47420358657837,-0.4299226139294927,22.052886962890625,-0.4334959966946209,43.78243160247803,0.08598452278589853,109.17233991622925,0.08598452278589853,174.5522062778473,-0.9259749988332365,304.47420358657837
2026-09-17 09:17:47,v2.1.2,MAIN,MAIN,MAIN,2026-09-17 09:17:47.333,True,KOSPI,004310,현대약품,11590.0,16.15,5807498,63768000000.0,67308901820.0,63768000000.0,ACTUAL,16,11750.0,1.3617021276595744,1.2244239631336407,1.2120700723882099,80,33,19,16,12,True,60,2026-09-17 09:12:00.465,10760.0,63.0,346.867771,20260917_004310_E001,2026-09-17 09:12:00.465,10760.0,63.0,346.867771,576.7131633758545,20,-0.25817555938037867,0.8703220191470844,True,False,,,,,,,-0.25817555938037867,22.939451932907104,-0.25817555938037867,22.939451932907104,0.8703220191470844,66.72188353538513,2.566371681415929,132.11179184913635,2.566371681415929,163.92628145217896,7.9143389199255125,295.93669033050537,1.2757176048736758,22.939451932907104,0.842221608179055,66.72188353538513,1.3617021276595744,132.11179184913635,1.3617021276595744,163.92628145217896,0.16574996574605083,295.93669033050537
2026-09-17 09:18:08,v2.1.2,MAIN,MAIN,MAIN,2026-09-17 09:18:08.177,True,KOSPI,004310,현대약품,11630.0,17.25,5950114,65576000000.0,69199825820.0,65576000000.0,ACTUAL,16,11750.0,1.0212765957446808,1.1850727387729285,1.1604824862168528,80,33,19,16,12,True,60,2026-09-17 09:12:00.465,10760.0,63.0,367.711746,20260917_004310_E001,2026-09-17 09:12:00.465,10760.0,63.0,367.711746,597.2111930847168,21,0.3451251078515962,0.5185825410544511,True,False,,,,,,,0.3451251078515962,20.498029708862305,0.3451251078515962,20.498029708862305,0.5185825410544511,65.49036860466003,2.920353982300885,120.46134042739868,2.920353982300885,184.42431116104126,3.746654772524532,285.75486397743225,-0.34042553191489366,20.498029708862305,0.5053694590292895,65.49036860466003,1.0212765957446808,120.46134042739868,1.0212765957446808,184.42431116104126,0.5772268621745209,285.75486397743225
2026-09-17 09:18:08,v2.1.2,MAIN,MAIN,MAIN,2026-09-17 09:18:08.184,True,KOSDAQ,043260,성호전자,20150.0,8.03,1455038,28188000000.0,29319015700.0,28188000000.0,ACTUAL,12,20150.0,0.0,1.1563358903884808,1.1549863945362235,77,24,25,16,12,True,60,2026-09-17 09:16:42.886,19650.0,63.0,85.29831,20260917_043260_E001,2026-09-17 09:16:42.886,19650.0,63.0,85.29831,597.2111930847168,21,0.24875621890547264,2.5445292620865136,True,False,,,,,,,0.24875621890547264,20.498029708862305,0.24875621890547264,20.498029708862305,2.5445292620865136,65.49036860466003,2.440264361972547,120.46134042739868,5.002605523710265,184.42431116104126,5.276907001044933,285.75486397743225,0.0,20.498029708862305,-1.6516516516516515,65.49036860466003,-1.5515515515515517,120.46134042739868,,,,
2026-09-17 09:18:56,v2.1.2,MAIN,MAIN,MAIN,2026-09-17 09:18:55.932,True,KOSPI,004310,현대약품,11570.0,15.95,6348693,70248000000.0,73454378010.0,70248000000.0,ACTUAL,15,11750.0,1.5319148936170213,1.1016183665788484,1.0931890118601848,76,37,19,11,9,False,60,2026-09-17 09:12:00.465,10760.0,63.0,415.4675,20260917_004310_E001,2026-09-17 09:12:00.465,10760.0,63.0,415.4675,584.087771654129,21,-0.08635578583765112,-0.1725625539257981,True,False,,,,,,,-0.08635578583765112,22.02301549911499,-0.08635578583765112,22.02301549911499,-0.1725625539257981,66.83477258682251,0.0,111.82711148262024,2.3893805309734515,166.7980833053589,2.3893805309734515,295.8901491165161,0.0851063829787233,22.02301549911499,0.17021276595744683,66.83477258682251,1.01600775690163,111.82711148262024,1.5319148936170213,166.7980833053589,1.5319148936170213,295.8901491165161
2026-09-17 09:18:56,v2.1.2,MAIN,MAIN,MAIN,2026-09-17 09:18:55.937,True,KOSDAQ,067310,하나마이크론,38550.0,10.3,1339875,50854000000.0,51652181250.0,50854000000.0,ACTUAL,4,38850.0,0.7722007722007722,1.0647599505872993,1.0629938126401755,75,33,22,11,9,True,60,2026-09-17 09:06:18.208,38650.0,78.0,757.7296,20260917_067310_E004,2026-09-17 09:16:42.886,38650.0,71.0,133.051183,584.087771654129,21,-0.258732212160414,-0.1295336787564767,False,False,,,,,,,-0.258732212160414,22.02301549911499,-0.258732212160414,22.02301549911499,-0.1295336787564767,66.83477258682251,-0.258732212160414,111.82711148262024,0.7843137254901961,166.7980833053589,1.7150395778364116,295.8901491165161,0.2574002574002574,22.02301549911499,0.1287001287001287,66.83477258682251,0.2574002574002574,111.82711148262024,-0.7722007722007722,166.7980833053589,-1.6731016731016728,295.8901491165161
2026-09-17 09:19:18,v2.1.2,MAIN,MAIN,MAIN,2026-09-17 09:19:18.387,True,KOSDAQ,043260,성호전자,20950.0,12.61,1691383,32919000000.0,35434473850.0,32919000000.0,ACTUAL,11,20950.0,0.0,1.1678373776074926,1.1624321839017262,82,29,25,16,12,True,60,2026-09-17 09:16:42.886,19650.0,63.0,155.500748,20260917_043260_E001,2026-09-17 09:16:42.886,19650.0,63.0,155.500748,575.3695163726807,21,0.9638554216867471,3.970223325062035,True,False,,,,,,,0.9638554216867471,23.0131413936615,0.9638554216867471,23.0131413936615,3.970223325062035,69.3498842716217,5.276381909547738,112.78736591339111,6.507371631926792,189.81122469902039,8.944357774310973,287.3395721912384,0.0,23.0131413936615,0.0,69.3498842716217,-0.40040040040040037,112.78736591339111,-1.5515515515515517,189.81122469902039,,
2026-09-17 09:19:18,v2.1.2,MAIN,MAIN,MAIN,2026-09-17 09:19:18.383,True,KOSPI,004310,현대약품,11570.0,16.65,6533816,72359000000.0,75596251120.0,72359000000.0,ACTUAL,14,11750.0,1.5319148936170213,1.1034372331340734,1.0980992969210337,76,37,19,11,9,False,60,2026-09-17 09:12:00.465,10760.0,63.0,437.918059,20260917_004310_E001,2026-09-17 09:12:00.465,10760.0,63.0,437.918059,575.3695163726807,21,0.0,-0.5159071367153912,True,False,,,,,,,0.0,23.0131413936615,0.0,23.0131413936615,-0.5159071367153912,69.3498842716217,-0.4302925989672977,112.78736591339111,2.3893805309734515,189.81122469902039,2.3893805309734515,287.3395721912384,0.0,23.0131413936615,0.5106382978723405,69.3498842716217,1.4459303708311226,112.78736591339111,1.5319148936170213,189.81122469902039,1.5319148936170213,287.3395721912384
2026-09-17 09:19:42,v2.1.2,MAIN,MAIN,MAIN,2026-09-17 09:19:42.359,True,KOSDAQ,043260,성호전자,20600.0,11.53,1755602,34445000000.0,36165401200.0,34445000000.0,ACTUAL,9,20950.0,1.6706443914081146,1.1691728047248906,1.1566228706166342,76,29,19,16,12,False,60,2026-09-17 09:16:42.886,19650.0,63.0,179.473226,20260917_043260_E001,2026-09-17 09:16:42.886,19650.0,63.0,179.473226,597.6483633518219,22,-1.6706443914081146,1.728395061728395,True,False,,,,,,,-1.6706443914081146,22.278846979141235,-1.6706443914081146,22.278846979141235,1.728395061728395,67.31500387191772,2.4875621890547266,112.12676095962524,5.478750640040963,178.84864449501038,7.124284971398856,309.61841917037964,1.6706443914081146,22.278846979141235,1.1792439000076231,67.31500387191772,1.6706443914081146,112.12676095962524,-0.5816078608441377,178.84864449501038,,
2026-09-17 09:20:05,v2.1.2,MAIN,MAIN,MAIN,2026-09-17 09:20:05.623,True,KOSDAQ,043260,성호전자,20850.0,12.34,1803199,35438000000.0,37596699150.0,35438000000.0,ACTUAL,9,20950.0,0.47732696897374705,1.154069104764386,1.1220190131055776,79,29,25,16,9,True,60,2026-09-17 09:16:42.886,19650.0,63.0,202.737151,20260917_043260_E001,2026-09-17 09:16:42.886,19650.0,63.0,202.737151,590.7008764743805,22,1.2135922330097086,0.48192771084337355,True,False,,,,,,,1.2135922330097086,24.863150358200073,1.2135922330097086,24.863150358200073,0.48192771084337355,70.15513873100281,3.4739454094292808,116.49188160896301,6.106870229007633,181.98225021362305,8.650338718082335,300.9161927700043,-1.1933174224343674,24.863150358200073,0.47732696897374705,70.15513873100281,0.47732696897374705,116.49188160896301,-1.1743246826779044,181.98225021362305,,
2026-09-17 09:20:50,v2.1.2,MAIN,MAIN,MAIN,2026-09-17 09:20:50.588,True,KOSDAQ,067310,하나마이크론,38850.0,11.16,1445345,54472000000.0,56151653250.0,54472000000.0,ACTUAL,4,38900.0,0.12853470437017994,1.057277614953126,1.065430570779672,78,33,25,11,9,True,60,2026-09-17 09:06:18.208,38650.0,78.0,872.380591,20260917_067310_E004,2026-09-17 09:16:42.886,38650.0,71.0,247.702174,571.7779943943024,22,0.3875968992248062,1.303780964797914,False,False,,,,,,,0.3875968992248062,21.674408197402954,0.3875968992248062,21.674408197402954,1.303780964797914,69.19021892547607,0.7782101167315175,114.48220729827881,0.6476683937823834,181.31697988510132,1.7015706806282722,313.42877173423767,-0.25756568173020616,21.674408197402954,-1.1584665826311071,69.19021892547607,-0.6436660678305923,114.48220729827881,-0.5149659391304635,181.31697988510132,-1.5445669687314931,313.42877173423767
2026-09-17 09:21:14,v2.1.2,MAIN,MAIN,MAIN,2026-09-17 09:21:14.394,True,KOSDAQ,067310,하나마이크론,38700.0,10.87,1463067,55570000000.0,56620692900.0,55570000000.0,ACTUAL,4,38900.0,0.5141388174807198,1.0724279676554027,1.0729782473339948,75,33,22,11,9,True,60,2026-09-17 09:06:18.208,38650.0,78.0,896.186772,20260917_067310_E004,2026-09-17 09:16:42.886,38650.0,71.0,271.508355,596.02192735672,23,-0.3861003861003861,0.6501950585175552,False,False,,,,,,,-0.3861003861003861,24.243932962417603,-0.3861003861003861,24.243932962417603,0.6501950585175552,68.5710015296936,0.78125,115.71299886703491,0.2590673575129534,185.06288313865662,1.1764705882352942,305.5242235660553,0.3856041131105398,24.243932962417603,-0.5154622121203098,68.5710015296936,-0.6441623408204384,115.71299886703491,-0.12936182601992374,185.06288313865662,-1.0302627269208247,305.5242235660553
2026-09-17 09:21:37,v2.1.2,MAIN,MAIN,MAIN,2026-09-17 09:21:37.025,True,KOSDAQ,067310,하나마이크론,38850.0,10.44,1484633,56081000000.0,57677992050.0,56081000000.0,ACTUAL,4,38900.0,0.12853470437017994,1.078542992864973,1.0645979916073165,78,33,25,11,9,True,60,2026-09-17 09:06:18.208,38650.0,78.0,918.817553,20260917_067310_E004,2026-09-17 09:16:42.886,38650.0,71.0,294.139136,586.0949289798737,23,0.3875968992248062,0.3875968992248062,False,False,,,,,,,0.3875968992248062,22.70988154411316,0.3875968992248062,22.70988154411316,0.3875968992248062,68.62822270393372,1.303780964797914,116.14403343200684,0.517464424320828,183.45903730392456,2.102496714848883,294.9926779270172,-0.3856041131105398,22.70988154411316,-0.25756568173020616,68.62822270393372,-1.1584665826311071,116.14403343200684,-0.38626581043033487,183.45903730392456,-1.9306673548318793,294.9926779270172
2026-09-17 09:21:59,v2.1.2,MAIN,MAIN,MAIN,2026-09-17 09:21:59.331,True,KOSPI,004310,현대약품,11600.0,16.55,7658325,85220000000.0,88836570000.0,85220000000.0,ACTUAL,14,11750.0,1.276595744680851,1.0688842063014248,1.063383757912035,76,37,19,11,9,True,60,2026-09-17 09:12:00.465,10760.0,63.0,598.865808,20260917_004310_E002,2026-09-17 09:21:16.149,11450.0,71.0,43.181358,578.0982043743134,23,1.3100436681222707,2.564102564102564,True,False,,,,,,,1.3100436681222707,22.4137544631958,1.3100436681222707,22.4137544631958,2.564102564102564,69.36756896972656,1.1333914559721012,113.69463753700256,0.25929127052722556,183.84977626800537,0.25929127052722556,295.6768877506256,-1.276595744680851,22.4137544631958,-2.468085106382979,69.36756896972656,-1.1063829787234043,113.69463753700256,-0.25531914893617036,183.84977626800537,0.7606886079654597,295.6768877506256
2026-09-17 09:22:22,v2.1.2,MAIN,MAIN,MAIN,2026-09-17 09:22:22.891,True,KOSPI,004310,현대약품,11570.0,15.65,7779451,86564000000.0,90008248070.0,86564000000.0,ACTUAL,13,11750.0,1.5319148936170213,1.0673078108624623,1.0662199465454434,76,37,19,11,9,False,60,2026-09-17 09:12:00.465,10760.0,63.0,622.425879,20260917_004310_E002,2026-09-17 09:21:16.149,11450.0,71.0,66.741429,569.2401692867279,23,-0.25862068965517243,2.118270079435128,True,False,,,,,,,-0.25862068965517243,22.618930101394653,-0.25862068965517243,22.618930101394653,2.118270079435128,67.74256610870361,2.163355408388521,113.66090726852417,0.0,183.45556497573853,-0.4302925989672977,296.24293088912964,0.25531914893617036,22.618930101394653,-2.042553191489362,67.74256610870361,-2.085106382978723,113.66090726852417,0.0,183.45556497573853,1.4459303708311226,296.24293088912964
2026-09-17 09:24:49,v2.1.2,MAIN,MAIN,MAIN,2026-09-17 09:24:49.505,True,KOSPI,047050,포스코인터내셔널,57700.0,5.11,145322,23193000000.0,8385079400.0,23193000000.0,ACTUAL,49,57700.0,0.0,2.254374027993779,5.234565233052374,84,24,25,20,15,True,60,2026-09-17 09:24:21.672,57700.0,84.0,27.83255,20260917_047050_E001,2026-09-17 09:24:21.672,57700.0,84.0,27.83255,577.7198894023895,25,0.6980802792321117,1.0507880910683012,True,False,,,,,,,0.6980802792321117,22.899590969085693,0.6980802792321117,22.899590969085693,1.0507880910683012,71.06036376953125,1.584507042253521,116.80806612968445,1.584507042253521,185.5228135585785,1.4059753954305798,301.6668469905853,,,,,,,,,,
2026-09-17 09:27:45,v2.1.2,MAIN,MAIN,MAIN,2026-09-17 09:27:45.805,True,KOSDAQ,043260,성호전자,21300.0,13.69,2595394,51595000000.0,55281892200.0,51595000000.0,ACTUAL,5,21350.0,0.234192037470726,1.0625437620989333,1.0702841038896345,78,33,25,11,9,True,60,2026-09-17 09:16:42.886,19650.0,63.0,662.919276,20260917_043260_E003,2026-09-17 09:24:21.672,21000.0,60.0,204.133329,594.5512702465057,26,0.2352941176470588,0.7092198581560284,True,False,,,,,,,0.2352941176470588,24.678746461868286,0.2352941176470588,24.678746461868286,0.7092198581560284,47.977428913116455,0.7092198581560284,121.434499502182,1.4285714285714286,180.75766229629517,3.14769975786925,297.5657284259796,-0.0005497465668326817,24.678746461868286,0.234192037470726,47.977428913116455,0.234192037470726,121.434499502182,-0.47502782068530236,180.75766229629517,-2.129874156382702,297.5657284259796
2026-09-17 09:31:41,v2.1.2,MAIN,MAIN,MAIN,2026-09-17 09:31:41.559,True,KOSDAQ,201490,미투온,4425.0,14.19,18433506,79081000000.0,81568264050.0,79081000000.0,ACTUAL,3,4500.0,1.6666666666666667,1.0709487825356843,1.0745359345253498,76,37,19,11,9,False,60,2026-09-17 09:02:51.833,4435.0,81.0,1729.72534,20260917_201490_E003,2026-09-17 09:30:47.303,4375.0,60.0,54.256153,598.7834494113922,25,1.1428571428571428,1.8411967779056386,True,False,,,,,,,1.1428571428571428,27.630126237869263,1.1428571428571428,27.630126237869263,1.8411967779056386,55.50799226760864,3.267211201866978,107.93638730049133,3.267211201866978,182.35741424560547,2.668213457076566,304.9113655090332,-1.111111111111111,27.630126237869263,-1.777777777777778,55.50799226760864,-3.1111111111111107,107.93638730049133,-3.1111111111111107,182.35741424560547,-2.5555555555555554,304.9113655090332
2026-09-17 09:39:49,v2.1.2,MAIN,MAIN,MAIN,2026-09-17 09:39:49.621,True,KOSDAQ,043260,성호전자,21150.0,14.49,3860549,78292000000.0,81650611350.0,78292000000.0,ACTUAL,4,21450.0,1.3986013986013985,1.0513932720069832,1.0504332148725632,76,37,19,11,9,False,60,2026-09-17 09:16:42.886,19650.0,63.0,1386.734568,20260917_043260_E005,2026-09-17 09:36:12.346,21000.0,61.0,217.274305,576.6782915592194,24,-0.936768149882904,-0.2358490566037736,False,False,,,,,,,-0.936768149882904,23.219118118286133,-0.936768149882904,23.219118118286133,-0.2358490566037736,47.954612493515015,0.9546539379474941,122.67098116874695,0.9546539379474941,170.0558512210846,1.1961722488038278,293.6998405456543,0.9324009324009324,23.219118118286133,0.4640219593490622,47.954612493515015,-0.7042023397163584,122.67098116874695,-0.7042023397163584,170.0558512210846,-0.9378471995294426,293.6998405456543
2026-09-17 09:40:14,v2.1.2,MAIN,MAIN,MAIN,2026-09-17 09:40:14.834,True,KOSDAQ,043260,성호전자,21450.0,15.57,3962681,80337000000.0,84999507450.0,80337000000.0,ACTUAL,4,21500.0,0.23255813953488372,1.0679561316051844,1.0676223324805318,82,37,25,11,9,False,60,2026-09-17 09:16:42.886,19650.0,63.0,1411.947616,20260917_043260_E005,2026-09-17 09:36:12.346,21000.0,61.0,242.487353,572.5442283153534,24,1.4184397163120568,0.468384074941452,False,False,,,,,,,1.4184397163120568,24.811607360839844,1.4184397163120568,24.811607360839844,0.468384074941452,48.03072547912598,0.9411764705882352,122.21909809112549,3.125,171.0208592414856,3.3734939759036147,293.5355455875397,-1.1660432590665148,24.811607360839844,-0.23364232666558246,48.03072547912598,-0.4683764399043686,122.21909809112549,-2.5711801782221255,171.0208592414856,-2.8048250380352098,293.5355455875397
2026-09-17 09:40:38,v2.1.2,MAIN,MAIN,MAIN,2026-09-17 09:40:38.653,True,KOSDAQ,043260,성호전자,21650.0,17.46,4105684,83338000000.0,88888058600.0,83338000000.0,ACTUAL,4,21800.0,0.6880733944954129,1.0989095032767646,1.0785052542431652,79,37,22,11,9,False,60,2026-09-17 09:16:42.886,19650.0,63.0,1435.76669,20260917_043260_E005,2026-09-17 09:36:12.346,21000.0,61.0,266.306427,597.1888873577118,25,0.9324009324009324,2.3640661938534278,False,False,,,,,,,0.9324009324009324,24.6446590423584,0.9324009324009324,24.6446590423584,2.3640661938534278,49.45626640319824,1.8823529411764703,121.55724859237671,3.341288782816229,172.1272475719452,5.609756097560976,292.69522309303284,0.45551525496052925,24.6446590423584,-0.7105280041059856,49.45626640319824,-0.012861184943839366,121.55724859237671,-1.414730343822344,172.1272475719452,-3.517534082140101,292.69522309303284
2026-09-17 09:41:01,v2.1.2,MAIN,MAIN,MAIN,2026-09-17 09:41:01.643,True,KOSDAQ,043260,성호전자,21750.0,17.46,4188910,84668000000.0,91108792500.0,84668000000.0,ACTUAL,4,21800.0,0.22935779816513763,1.081438716599397,1.085055519305674,82,37,25,11,9,False,60,2026-09-17 09:16:42.886,19650.0,63.0,1458.756955,20260917_043260_E005,2026-09-17 09:36:12.346,21000.0,61.0,289.296692,592.3913288116455,25,0.4618937644341801,1.3986013986013985,False,False,,,,,,,0.4618937644341801,23.080307483673096,0.4618937644341801,23.080307483673096,1.3986013986013985,47.724966526031494,2.5943396226415096,120.49118638038635,2.3529411764705883,169.94406461715698,4.819277108433735,291.7429919242859,-0.4587155963302753,23.080307483673096,-0.0032003413697460903,47.724966526031494,-0.7052216410871988,120.49118638038635,-0.4715767812741147,169.94406461715698,-2.8080253794049557,291.7429919242859
2026-09-17 09:41:25,v2.1.2,MAIN,MAIN,MAIN,2026-09-17 09:41:24.959,True,KOSDAQ,043260,성호전자,21750.0,16.92,4259853,86742000000.0,92651802750.0,86742000000.0,ACTUAL,4,21800.0,0.22935779816513763,1.0797266514806378,1.0749926627957183,82,37,25,11,9,False,60,2026-09-17 09:16:42.886,19650.0,63.0,1482.072834,20260917_043260_E005,2026-09-17 09:36:12.346,21000.0,61.0,312.612571,587.7744219303131,25,0.0,1.3986013986013985,False,False,,,,,,,0.0,23.013219356536865,0.0,23.013219356536865,1.3986013986013985,70.73818588256836,1.873536299765808,118.76891136169434,2.3529411764705883,167.65077543258667,3.571428571428571,290.36074209213257,0.0,23.013219356536865,-0.0032003413697460903,70.73818588256836,-0.23684266803532855,118.76891136169434,-0.4715767812741147,167.65077543258667,-1.639801080339535,290.36074209213257
2026-09-17 09:41:48,v2.1.2,MAIN,MAIN,MAIN,2026-09-17 09:41:48.682,True,KOSDAQ,043260,성호전자,21850.0,18.27,4406452,89726000000.0,96280976200.0,89726000000.0,ACTUAL,4,21950.0,0.45558086560364464,1.0766517075043798,1.0732564902705615,82,37,25,11,9,False,60,2026-09-17 09:16:42.886,19650.0,63.0,1505.796369,20260917_043260_E005,2026-09-17 09:36:12.346,21000.0,61.0,336.336106,581.7955408096313,25,0.45977011494252873,0.9237875288683602,False,False,,,,,,,0.45977011494252873,24.043508052825928,0.45977011494252873,24.043508052825928,0.9237875288683602,70.13703489303589,3.309692671394799,119.59330129623413,2.823529411764706,191.6942834854126,4.295942720763723,289.6491525173187,0.226223067438507,24.043508052825928,-0.2324925288917683,70.13703489303589,-0.9430205329977539,119.59330129623413,-0.24535371383560767,191.6942834854126,-1.6472228727141123,289.6491525173187
2026-09-17 09:42:40,v2.1.2,MAIN,MAIN,MAIN,2026-09-17 09:42:40.158,True,KOSDAQ,043260,성호전자,21750.0,15.84,4600272,94186000000.0,100055916000.0,94186000000.0,ACTUAL,3,21950.0,0.9111617312072893,1.085817712296235,1.0799133209526244,79,37,22,11,9,False,60,2026-09-17 09:16:42.886,19650.0,63.0,1557.271916,20260917_043260_E005,2026-09-17 09:36:12.346,21000.0,61.0,387.811653,583.4137032032013,25,1.3986013986013985,-0.4576659038901602,False,False,,,,,,,1.3986013986013985,25.067265272140503,1.3986013986013985,25.067265272140503,-0.4576659038901602,48.844579219818115,0.4618937644341801,118.981614112854,2.8368794326241136,168.43788051605225,3.8186157517899764,291.1088616847992,-1.366742596810934,25.067265272140503,0.45558086560364464,48.844579219818115,0.22308833671187633,118.981614112854,-0.48743966739410927,168.43788051605225,-1.1916420071104676,291.1088616847992
2026-09-17 09:43:04,v2.1.2,MAIN,MAIN,MAIN,2026-09-17 09:43:04.122,True,KOSDAQ,043260,성호전자,21800.0,16.92,4649392,95438000000.0,101356745600.0,95438000000.0,ACTUAL,3,21950.0,0.683371298405467,1.063660477453581,1.0551327916428002,79,37,22,11,9,False,60,2026-09-17 09:16:42.886,19650.0,63.0,1581.236306,20260917_043260_E005,2026-09-17 09:36:12.346,21000.0,61.0,411.776043,584.550678730011,25,0.22988505747126436,1.6317016317016315,False,False,,,,,,,0.22988505747126436,25.60367774963379,0.22988505747126436,25.60367774963379,1.6317016317016315,50.67094302177429,0.22988505747126436,121.5049843788147,1.6317016317016315,169.2299509048462,2.588235294117647,291.4490489959717,-0.22779043280182232,25.60367774963379,-1.5945330296127562,50.67094302177429,0.4540135002403293,121.5049843788147,0.45081315887058326,169.2299509048462,-0.01756328103378535,291.4490489959717
2026-09-17 09:43:29,v2.1.2,MAIN,MAIN,MAIN,2026-09-17 09:43:29.234,True,KOSDAQ,043260,성호전자,21900.0,17.73,4700904,96546000000.0,102949797600.0,96546000000.0,ACTUAL,3,21950.0,0.22779043280182232,1.05449064517186,1.0405246245922537,77,37,25,11,4,False,60,2026-09-17 09:16:42.886,19650.0,63.0,1606.348389,20260917_043260_E005,2026-09-17 09:36:12.346,21000.0,61.0,436.888126,585.2096002101898,25,0.45871559633027525,0.6896551724137931,False,False,,,,,,,0.45871559633027525,24.00167679786682,0.45871559633027525,24.00167679786682,0.6896551724137931,49.60535454750061,0.6896551724137931,122.49344182014465,1.1547344110854503,168.58696866035461,3.058823529411765,290.1442172527313,-0.45558086560364464,24.00167679786682,-0.683371298405467,49.60535454750061,-0.0015673653633153095,122.49344182014465,-0.4602829616935906,168.58696866035461,-0.47314414663743,290.1442172527313
2026-09-17 09:45:56,v2.1.2,MAIN,MAIN,MAIN,2026-09-17 09:45:56.692,True,KOSDAQ,043260,성호전자,21950.0,19.07,5123191,105538000000.0,112454042450.0,105538000000.0,ACTUAL,2,22250.0,1.348314606741573,1.0635266138621844,1.0620673656881072,79,40,19,11,9,False,60,2026-09-17 09:16:42.886,19650.0,63.0,1753.805716,20260917_043260_E005,2026-09-17 09:36:12.346,21000.0,61.0,584.345453,586.5552132129669,25,0.0,1.1520737327188941,False,False,,,,,,,0.0,24.906697511672974,0.0,24.906697511672974,1.1520737327188941,49.15952920913696,0.6880733944954129,123.44593667984009,0.6880733944954129,173.30723690986633,0.9195402298850575,294.81222128868103,1.1210418794688457,24.906697511672974,0.2093624427324614,49.15952920913696,0.664943308336106,123.44593667984009,0.664943308336106,173.30723690986633,1.1189568085764354,294.81222128868103
2026-09-17 09:54:31,v2.1.2,MAIN,MAIN,MAIN,2026-09-17 09:54:31.321,True,KOSDAQ,043260,성호전자,22250.0,19.88,6432052,134560000000.0,143113157000.0,134560000000.0,ACTUAL,2,22650.0,1.7660044150110374,1.0861072547057113,1.0730208830329944,79,40,19,11,9,False,60,2026-09-17 09:16:42.886,19650.0,63.0,2268.434848,20260917_043260_E009,2026-09-17 09:54:07.163,22250.0,79.0,24.158345,586.7595255374908,25,-0.2242152466367713,-0.2242152466367713,False,False,,,,,,,-0.2242152466367713,24.57430672645569,-0.2242152466367713,24.57430672645569,-0.2242152466367713,48.13934254646301,0.0,120.84810066223145,1.366742596810934,171.15226888656616,2.771362586605081,298.1020450592041,,,,,1.7660044150110374,120.84810066223145,0.41768980826946445,171.15226888656616,-0.9306247984721085,298.1020450592041
2026-09-17 09:54:56,v2.1.2,MAIN,MAIN,MAIN,2026-09-17 09:54:56.951,True,KOSDAQ,043260,성호전자,22250.0,19.61,6471980,135557000000.0,144001555000.0,135557000000.0,ACTUAL,2,22650.0,1.7660044150110374,1.0941545862525426,1.0796818331959814,79,40,19,11,9,False,60,2026-09-17 09:16:42.886,19650.0,63.0,2294.065303,20260917_043260_E009,2026-09-17 09:54:07.163,22250.0,79.0,49.7888,588.5263659954071,25,0.0,-0.2242152466367713,False,False,,,,,,,0.0,26.71034026145935,0.0,26.71034026145935,-0.2242152466367713,51.28464698791504,-0.6696428571428571,121.55649638175964,1.366742596810934,172.21614789962769,3.7296037296037294,300.5667493343353,0.0,26.71034026145935,,,,,0.41768980826946445,172.21614789962769,-1.829501202966491,300.5667493343353
2026-09-17 10:01:40,v2.1.2,MAIN,MAIN,MAIN,2026-09-17 10:01:40.208,True,KOSPI,192650,드림텍,7880.0,10.9,2616484,20160000000.0,20617893920.0,20160000000.0,ACTUAL,92,7900.0,0.25316455696202533,9.559032716927454,8.35587661394113,84,24,25,20,15,False,60,2026-09-17 10:01:16.816,7880.0,84.0,23.391623,20260917_192650_E001,2026-09-17 10:01:16.816,7880.0,84.0,23.391623,575.1595149040222,25,0.3821656050955414,0.5102040816326531,True,False,,,,,,,0.3821656050955414,23.40658664703369,0.3821656050955414,23.40658664703369,0.5102040816326531,70.92260313034058,0.5102040816326531,117.31299042701721,0.2544529262086514,185.55147290229797,1.0256410256410255,307.39949464797974,,,,,,,,,,
2026-09-17 10:23:03,v2.1.2,MAIN,MAIN,MAIN,2026-09-17 10:23:03.390,True,KOSPI,010140,삼성중공업,21450.0,6.19,1345705,58085000000.0,28865372250.0,58085000000.0,ACTUAL,40,21450.0,0.0,1.0625823210888337,1.0556304263924667,78,33,25,11,9,False,60,2026-09-17 10:08:35.256,21300.0,63.0,868.134162,20260917_010140_E002,2026-09-17 10:15:10.919,21250.0,72.0,472.470508,576.0628142356873,23,0.23364485981308408,0.468384074941452,True,True,20260917_010140_SHADOW_SCORE_70_74_E002_101535585634,2026-09-17 10:15:35.541,21250.0,72.0,447.848772,0.9411764705882453,0.23364485981308408,27.17951250076294,0.23364485981308408,27.17951250076294,0.468384074941452,52.86196780204773,0.468384074941452,132.03319215774536,0.468384074941452,185.61510848999023,0.468384074941452,290.2137451171875,-0.2331002331002331,27.17951250076294,-0.23364485981308408,52.86196780204773,0.0,132.03319215774536,0.0,185.61510848999023,0.0,290.2137451171875
2026-09-17 10:32:37,v2.1.2,MAIN,MAIN,MAIN,2026-09-17 10:32:37.677,True,KOSPI,010140,삼성중공업,21550.0,6.68,1574624,67295000000.0,33933147200.0,67295000000.0,ACTUAL,38,21600.0,0.23148148148148145,1.0616530203354,1.076967902112729,78,33,25,11,9,False,60,2026-09-17 10:08:35.256,21300.0,63.0,1442.421224,20260917_010140_E002,2026-09-17 10:15:10.919,21250.0,72.0,1046.75757,598.8976104259491,22,0.23255813953488372,0.23255813953488372,True,True,20260917_010140_SHADOW_SCORE_70_74_E002_101535585634,2026-09-17 10:15:35.541,21250.0,72.0,447.848772,0.9411764705882453,0.23255813953488372,27.60107660293579,0.23255813953488372,27.60107660293579,0.23255813953488372,55.66666650772095,0.23255813953488372,111.12291288375854,0.4662004662004662,192.9314432144165,0.4662004662004662,302.43363523483276,0.23148148148148145,27.60107660293579,0.23148148148148145,55.66666650772095,0.23148148148148145,111.12291288375854,0.1150670460914931,192.9314432144165,0.1150670460914931,302.43363523483276
2026-09-17 10:33:05,v2.1.2,MAIN,MAIN,MAIN,2026-09-17 10:33:05.723,True,KOSPI,010140,삼성중공업,21575.0,6.93,1581498,68441000000.0,34120819350.0,68441000000.0,ACTUAL,38,21600.0,0.11574074074074073,1.0753048014077426,1.0750898345250088,78,33,25,11,9,False,60,2026-09-17 10:08:35.256,21300.0,63.0,1470.467619,20260917_010140_E002,2026-09-17 10:15:10.919,21250.0,72.0,1074.803965,571.936464548111,21,0.11600928074245939,0.3488372093023256,True,True,20260917_010140_SHADOW_SCORE_70_74_E002_101535585634,2026-09-17 10:15:35.541,21250.0,72.0,447.848772,0.9411764705882453,0.11600928074245939,28.78485918045044,0.11600928074245939,28.78485918045044,0.3488372093023256,56.38593578338623,0.3488372093023256,111.9653947353363,0.5827505827505828,192.21543145179749,0.5827505827505828,302.8997232913971,-0.11574074074074073,28.78485918045044,0.11574074074074073,56.38593578338623,0.11574074074074073,111.9653947353363,-0.11681739879414299,192.21543145179749,-0.0006736946492476303,302.8997232913971
2026-09-17 10:33:33,v2.1.2,MAIN,MAIN,MAIN,2026-09-17 10:33:33.811,True,KOSPI,010140,삼성중공업,21650.0,7.18,1619374,69829000000.0,35059447100.0,69829000000.0,ACTUAL,38,21650.0,0.0,1.0930764053034454,1.0907328651696746,78,33,25,11,9,False,60,2026-09-17 10:08:35.256,21300.0,63.0,1498.554682,20260917_010140_E002,2026-09-17 10:15:10.919,21250.0,72.0,1102.891028,575.4084033966064,21,0.34762456546929316,0.46403712296983757,True,True,20260917_010140_SHADOW_SCORE_70_74_E002_101535585634,2026-09-17 10:15:35.541,21250.0,72.0,447.848772,0.9411764705882453,0.34762456546929316,28.230499744415283,0.34762456546929316,28.230499744415283,0.46403712296983757,57.01535892486572,0.6976744186046512,112.68202543258667,0.6976744186046512,168.13827180862427,1.1682242990654206,303.50817918777466,-0.11574074074074073,28.230499744415283,-0.23148148148148145,57.01535892486572,0.0,112.68202543258667,0.0,168.13827180862427,-0.3492433061699651,303.50817918777466
2026-09-17 10:37:20,v2.1.2,MAIN,MAIN,MAIN,2026-09-17 10:37:20.357,True,KOSPI,000500,가온전선,262500.0,5.21,126307,90225000000.0,33155587500.0,90225000000.0,ACTUAL,26,263000.0,0.19011406844106463,4.9658759425394905,1.0931601222055858,91,37,25,20,9,False,60,2026-09-17 10:36:52.842,262500.0,91.0,27.514937,20260917_000500_E001,2026-09-17 10:36:52.842,262500.0,91.0,27.514937,584.7999556064606,22,-0.19011406844106463,1.3513513513513513,False,False,,,,,,,-0.19011406844106463,29.43974542617798,-0.19011406844106463,29.43974542617798,1.3513513513513513,58.86921238899231,1.3513513513513513,114.69613599777222,1.3513513513513513,169.87412524223328,1.1560693641618496,309.9673969745636,0.19011406844106463,29.43974542617798,-0.7659088761096047,58.86921238899231,-0.7659088761096047,114.69613599777222,-0.7659088761096047,169.87412524223328,-0.5747042871994708,309.9673969745636
2026-09-17 10:37:52,v2.1.2,MAIN,MAIN,MAIN,2026-09-17 10:37:52.350,True,KOSPI,000500,가온전선,264500.0,5.21,135572,90527000000.0,35858794000.0,90527000000.0,ACTUAL,27,266000.0,0.5639097744360901,4.9824976608509,1.0759426362864377,88,37,22,20,9,False,60,2026-09-17 10:36:52.842,262500.0,91.0,59.508904,20260917_000500_E001,2026-09-17 10:36:52.842,262500.0,91.0,59.508904,588.4832475185394,22,0.7619047619047619,0.5703422053231939,False,False,,,,,,,0.7619047619047619,32.002063035964966,0.7619047619047619,32.002063035964966,0.5703422053231939,61.441808462142944,2.1235521235521233,119.04375052452087,1.9267822736030826,174.50511956214905,1.9267822736030826,314.3683834075928,0.37379570599502554,32.002063035964966,0.5639097744360901,61.441808462142944,-0.39211317011457913,119.04375052452087,-0.2009085812044452,174.50511956214905,-0.2009085812044452,314.3683834075928
2026-09-17 10:38:22,v2.1.2,MAIN,MAIN,MAIN,2026-09-17 10:38:22.207,True,KOSPI,000500,가온전선,264500.0,5.81,136214,94885000000.0,36028603000.0,94885000000.0,ACTUAL,25,266000.0,0.5639097744360901,1.0516486561374343,1.078435874496267,79,37,22,11,9,False,60,2026-09-17 10:36:52.842,262500.0,91.0,89.365248,20260917_000500_E001,2026-09-17 10:36:52.842,262500.0,91.0,89.365248,590.2864949703217,22,0.0,0.7619047619047619,False,False,,,,,,,0.0,29.425291299819946,0.0,29.425291299819946,0.7619047619047619,61.42735433578491,2.1235521235521233,120.29656672477722,2.1235521235521233,176.12349033355713,2.1235521235521233,286.778315782547,0.0,29.425291299819946,0.37379570599502554,61.42735433578491,-0.39211317011457913,120.29656672477722,-0.39211317011457913,176.12349033355713,-0.39211317011457913,286.778315782547
2026-09-17 10:38:51,v2.1.2,MAIN,MAIN,MAIN,2026-09-17 10:38:51.595,True,KOSPI,000500,가온전선,263000.0,5.81,138388,95707000000.0,36396044000.0,95707000000.0,ACTUAL,24,266000.0,1.1278195488721803,1.0607592130784151,1.095647905500091,76,37,19,11,9,False,60,2026-09-17 10:36:52.842,262500.0,91.0,118.753585,20260917_000500_E001,2026-09-17 10:36:52.842,262500.0,91.0,118.753585,592.1528828144073,22,-0.5671077504725899,-0.5671077504725899,False,False,,,,,,,-0.5671077504725899,29.785677194595337,-0.5671077504725899,29.785677194595337,-0.5671077504725899,59.21096849441528,0.0,120.65277695655823,1.5444015444015444,178.25471901893616,1.348747591522158,287.67342877388,0.5639097744360901,29.785677194595337,0.5639097744360901,59.21096849441528,1.1278195488721803,120.65277695655823,0.171796604321511,178.25471901893616,0.3630011932316449,287.67342877388
2026-09-17 10:48:59,v2.1.2,MAIN,MAIN,MAIN,2026-09-17 10:48:59.131,True,KOSDAQ,126340,비나텍,78800.0,5.05,145713,36316000000.0,11482184400.0,36316000000.0,ACTUAL,20,79500.0,0.8805031446540881,1.7951557093425605,3.7208702535686013,86,29,22,20,15,False,60,2026-09-17 09:02:51.833,77500.0,64.0,6367.297794,20260917_126340_E002,2026-09-17 10:48:30.186,78800.0,86.0,28.94552,577.5247600078583,20,0.0,0.0,False,False,,,,,,,0.0,31.357257843017578,0.0,31.357257843017578,0.0,61.89664268493652,0.0,122.3210198879242,0.12706480304955528,181.87455940246582,0.0,304.6097049713135,,,,,,,,,,
2026-09-17 11:13:48,v2.1.2,MAIN,MAIN,MAIN,2026-09-17 11:13:48.221,True,KOSDAQ,201490,미투온,4580.0,19.79,37382141,159962000000.0,171210205780.0,159962000000.0,ACTUAL,3,4630.0,1.079913606911447,1.052686303930085,1.0513982218887392,79,40,19,11,9,False,60,2026-09-17 09:02:51.833,4435.0,81.0,7856.387176,20260917_201490_E006,2026-09-17 11:09:22.093,4540.0,74.0,266.127807,588.6826951503754,21,0.1092896174863388,0.2188183807439825,True,False,,,,,,,0.1092896174863388,28.499537706375122,0.1092896174863388,28.499537706375122,0.2188183807439825,58.191710233688354,-0.10905125408942204,117.54511141777039,-0.10905125408942204,177.91842341423035,5.529953917050691,298.0142865180969,-0.0011674741696341417,28.499537706375122,0.6441837594168935,58.191710233688354,1.079913606911447,117.54511141777039,1.079913606911447,177.91842341423035,-2.4756419486441086,298.0142865180969
2026-09-17 11:37:47,v2.1.2,MAIN,MAIN,MAIN,2026-09-17 11:37:47.393,True,KOSPI,267270,HD건설기계,144400.0,8.08,184694,42923000000.0,26669813600.0,42923000000.0,ACTUAL,65,145800.0,0.9602194787379973,6.116129951553149,44.29112709832134,86,29,22,20,15,False,60,2026-09-17 11:37:18.938,144400.0,86.0,28.454329,20260917_267270_E001,2026-09-17 11:37:18.938,144400.0,86.0,28.454329,588.4708664417267,21,0.0,0.0693000693000693,False,False,,,,,,,0.0,31.404892206192017,0.0,31.404892206192017,0.0693000693000693,60.2271888256073,0.2081887578070784,117.22828769683838,0.0693000693000693,173.7874298095703,0.0,289.7768762111664,,,,,,,,,,
2026-09-17 12:42:24,v2.1.2,MAIN,MAIN,MAIN,2026-09-17 12:42:24.627,True,KOSPI,010140,삼성중공업,21725.0,7.67,2959582,117305000000.0,64296918950.0,117305000000.0,ACTUAL,30,21750.0,0.11494252873563218,1.0602691685421695,1.0577241566138897,85,40,25,11,9,False,60,2026-09-17 10:08:35.256,21300.0,63.0,9229.371062,20260917_010140_E002,2026-09-17 10:15:10.919,21250.0,72.0,8833.707408,584.1912348270416,20,0.3464203233256351,0.5787037037037037,True,True,20260917_010140_SHADOW_SCORE_70_74_E002_101535585634,2026-09-17 10:15:35.541,21250.0,72.0,447.848772,0.9411764705882453,0.3464203233256351,32.92253541946411,0.3464203233256351,32.92253541946411,0.5787037037037037,64.60786461830139,0.5787037037037037,127.90531873703003,0.5787037037037037,188.69941353797913,0.5787037037037037,311.45624589920044,-0.3448275862068966,32.92253541946411,-0.574712643678161,64.60786461830139,-0.574712643678161,127.90531873703003,-0.574712643678161,188.69941353797913,-0.574712643678161,311.45624589920044
2026-09-17 13:22:17,v2.1.2,MAIN,MAIN,MAIN,2026-09-17 13:22:17.343,True,KOSPI,483650,달바글로벌,173300.0,8.24,166739,51021000000.0,28895868700.0,51021000000.0,ACTUAL,72,173300.0,0.0,7.9782642689601255,79.21092636579573,93,33,25,20,15,False,60,2026-09-17 13:21:41.378,173300.0,93.0,35.964058,20260917_483650_E001,2026-09-17 13:21:41.378,173300.0,93.0,35.964058,592.668445110321,19,0.11554015020219525,0.057736720554272515,True,False,,,,,,,0.11554015020219525,34.152870655059814,0.11554015020219525,34.152870655059814,0.057736720554272515,68.07089471817017,0.17341040462427745,136.5300190448761,0.11554015020219525,170.60220980644226,0.11554015020219525,305.0014171600342,,,,,,,,,,
2026-09-17 13:26:18,v2.1.2,MAIN,MAIN,MAIN,2026-09-17 13:26:18.314,True,KOSDAQ,032820,우리기술,13540.0,5.03,4069691,54119000000.0,55103616140.0,54119000000.0,ACTUAL,18,13770.0,1.670297748729121,1.3172126758506548,1.3211691059291235,87,33,19,20,15,False,60,2026-09-17 10:35:25.800,13610.0,74.0,10252.51438,20260917_032820_E005,2026-09-17 13:25:41.863,13540.0,87.0,36.451003,579.0638203620911,17,-0.07380073800738007,-0.07380073800738007,False,False,,,,,,,,,-0.07380073800738007,45.12770342826843,-0.07380073800738007,45.12770342826843,0.2962962962962963,124.36243224143982,0.5196733481811433,200.63619351387024,0.44510385756676557,308.55569314956665,,,,,,,,,,
2026-09-17 13:39:45,v2.1.2,MAIN,MAIN,MAIN,2026-09-17 13:39:45.514,True,KOSDAQ,457370,한켐,11320.0,16.44,7786797,80628000000.0,88146542040.0,80628000000.0,ACTUAL,11,11380.0,0.5272407732864675,1.0578048332502428,1.060487207633201,79,37,22,11,9,False,60,2026-09-17 11:40:21.516,10540.0,69.0,7163.99798,20260917_457370_E008,2026-09-17 13:38:33.276,10890.0,60.0,72.238305,591.7032034397125,18,3.948576675849403,6.390977443609022,True,False,,,,,,,3.948576675849403,35.823050022125244,3.948576675849403,35.823050022125244,6.390977443609022,70.16067790985107,5.992509363295881,104.63995003700256,5.597014925373134,176.4612913131714,7.502374169040836,285.016770362854,-1.7169243972700856,35.823050022125244,-3.9610895678266385,70.16067790985107,-3.6020231405375904,104.63995003700256,-3.2429567132485415,176.4612913131714,-4.948522242871522,285.016770362854
2026-09-17 13:40:24,v2.1.2,MAIN,MAIN,MAIN,2026-09-17 13:40:24.758,True,KOSDAQ,457370,한켐,11330.0,17.06,7989451,83380000000.0,90520479830.0,83380000000.0,ACTUAL,10,11450.0,1.0480349344978166,1.083307348508471,1.0694833090240072,76,37,19,11,9,False,60,2026-09-17 11:40:21.516,10540.0,69.0,7203.242107,20260917_457370_E008,2026-09-17 13:38:33.276,10890.0,60.0,111.482432,597.5739943981171,18,0.08833922261484099,4.040404040404041,True,False,,,,,,,,,0.08833922261484099,41.659104108810425,4.040404040404041,77.48215413093567,6.484962406015038,111.8197820186615,6.285178236397748,182.3865089416504,6.786050895381715,290.85097885131836,0.5207941612113491,41.659104108810425,-1.1961302360587365,77.48215413093567,-3.4402954066152898,111.8197820186615,-3.2607621929707653,182.3865089416504,-3.709595227082076,290.85097885131836
2026-09-17 14:05:32,v2.1.2,MAIN,MAIN,MAIN,2026-09-17 14:05:32.393,True,KOSPI,000500,가온전선,262000.0,5.01,214818,135889000000.0,56282316000.0,135889000000.0,ACTUAL,32,266000.0,1.5037593984962405,1.3491089600397121,1.0167551756453583,83,40,19,20,4,False,60,2026-09-17 10:36:52.842,262500.0,91.0,12519.55131,20260917_000500_E014,2026-09-17 10:47:58.828,259000.0,63.0,11853.564494,567.8104166984558,17,0.19120458891013384,0.19120458891013384,True,False,,,,,,,0.19120458891013384,33.73391079902649,0.19120458891013384,33.73391079902649,0.19120458891013384,67.7487256526947,1.1583011583011582,103.10697603225708,1.7475728155339807,174.1395399570465,1.7475728155339807,282.9447486400604,-0.18796992481203012,33.73391079902649,-0.18796992481203012,67.7487256526947,-1.1278195488721803,103.10697603225708,-1.6917293233082704,174.1395399570465,-1.6917293233082704,282.9447486400604
2026-09-17 14:06:15,v2.1.2,MAIN,MAIN,MAIN,2026-09-17 14:06:15.586,True,KOSPI,000500,가온전선,263500.0,5.01,220630,135889000000.0,58136005000.0,135889000000.0,ACTUAL,32,266000.0,0.9398496240601504,1.3491089600397121,1.0308319822829404,86,40,22,20,4,False,60,2026-09-17 10:36:52.842,262500.0,91.0,12562.744414,20260917_000500_E014,2026-09-17 10:47:58.828,259000.0,63.0,11896.757598,575.4852051734924,17,0.5725190839694656,0.7648183556405354,True,False,,,,,,,0.5725190839694656,40.92872714996338,0.5725190839694656,40.92872714996338,0.7648183556405354,74.66263794898987,0.7648183556405354,108.67745280265808,2.131782945736434,179.81765460968018,2.3300970873786406,287.2940983772278,-0.5639097744360901,40.92872714996338,-0.7518796992481203,74.66263794898987,-0.7518796992481203,108.67745280265808,-2.0676691729323307,179.81765460968018,-2.2556390977443606,287.2940983772278
2026-09-17 16:15:46,v2.1.2,NXT_AFTER,NXT_AFTER,NXT_AFTER,2026-09-17 16:15:46.397,True,KOSDAQ,200470,에이팩트,7140.0,15.51,2890967,20006000000.0,20641504380.0,20006000000.0,ACTUAL,79,7270.0,1.7881705639614855,3.3298934753661786,3.2229250580545616,78,24,19,20,15,False,60,2026-09-17 09:04:17.340,6880.0,60.0,25889.057421,20260917_200470_E002,2026-09-17 16:15:15.567,7140.0,78.0,30.830435,591.3114812374115,17,0.1402524544179523,0.0,True,False,,,,,,,0.1402524544179523,35.85558724403381,0.1402524544179523,35.85558724403381,0.0,75.01758623123169,0.2808988764044944,111.03911519050598,0.7052186177715092,185.61771202087402,0.5633802816901409,289.29521131515503,,,,,,,,,,
2026-09-17 18:22:43,v2.1.2,NXT_AFTER,NXT_AFTER,NXT_AFTER,2026-09-17 18:22:43.216,True,KOSDAQ,126340,비나텍,78800.0,5.05,280807,54231000000.0,22127591600.0,54231000000.0,ACTUAL,25,79900.0,1.376720901126408,1.2574138050963388,1.4330250977270176,83,33,19,16,15,False,60,2026-09-17 09:02:51.833,77500.0,64.0,33591.382794,20260917_126340_E012,2026-09-17 18:22:09.432,78800.0,83.0,33.784251,594.0936133861542,15,0.0,0.0,False,False,,,,,,,,,0.0,42.69610929489136,0.0,42.69610929489136,0.2544529262086514,129.18314266204834,0.2544529262086514,169.99333906173706,0.3821656050955414,297.73341631889343,,,,,,,,,,
2026-09-17 19:58:24,v2.1.2,NXT_AFTER,NXT_AFTER,NXT_AFTER,2026-09-17 19:58:24.032,True,KOSDAQ,382900,범한퓨얼셀,26650.0,5.14,203811,32261000000.0,5431563150.0,32261000000.0,ACTUAL,53,26650.0,0.0,1.6545799569186583,1.0233325299752967,78,29,25,20,4,False,60,2026-09-17 19:57:48.691,26650.0,78.0,35.341287,20260917_382900_E001,2026-09-17 19:57:48.691,26650.0,78.0,35.341287,580.467408657074,16,0.3766478342749529,0.3766478342749529,True,False,,,,,,,0.3766478342749529,38.24472761154175,0.3766478342749529,38.24472761154175,0.3766478342749529,77.5670075416565,0.18796992481203006,117.5067822933197,0.18796992481203006,196.0605218410492,1.3307984790874523,314.1832466125488,-0.18796992481203006,38.24472761154175,-0.18796992481203006,77.5670075416565,0.0,117.5067822933197,0.0,196.0605218410492,-0.5671077504725899,314.1832466125488
2026-09-17 19:59:04,v2.1.2,NXT_AFTER,NXT_AFTER,NXT_AFTER,2026-09-17 19:59:04.159,True,KOSDAQ,382900,범한퓨얼셀,26650.0,5.34,207190,32500000000.0,5521613500.0,32500000000.0,ACTUAL,53,26700.0,0.18726591760299627,1.6668376243717304,1.0319717489079598,78,29,25,20,4,False,60,2026-09-17 19:57:48.691,26650.0,78.0,75.468367,20260917_382900_E001,2026-09-17 19:57:48.691,26650.0,78.0,75.468367,583.6462543010712,16,0.0,0.0,True,False,,,,,,,,,0.0,41.90264558792114,0.0,41.90264558792114,0.3766478342749529,119.46965312957764,0.3766478342749529,199.70929145812988,0.5660377358490566,315.0909912586212,0.18726591760299627,41.90264558792114,0.18726591760299627,41.90264558792114,-0.0007040072090337968,119.46965312957764,-0.0007040072090337968,199.70929145812988,0.18726591760299627,315.0909912586212
2026-09-17 20:00:23,v2.1.2,WAIT,NXT_AFTER,WAIT,2026-09-17 20:00:23.215,False,KOSDAQ,488280,에스투더블유,15110.0,5.15,427753,36019000000.0,6463347830.0,36019000000.0,ACTUAL,46,15110.0,0.0,1.7437548412083657,1.0456667774866037,78,29,25,20,4,False,60,2026-09-17 09:00:00.595,14330.0,63.0,39622.620381,20260917_488280_E005,2026-09-17 19:59:49.360,15110.0,78.0,33.855074,586.4951171875,16,0.06622516556291391,0.5322687957418496,,False,,,,,,,0.06622516556291391,40.81762933731079,0.06622516556291391,40.81762933731079,0.5322687957418496,78.7668821811676,0.3986710963455149,120.66952776908875,0.7333333333333333,198.23653531074524,1.1378848728246318,316.73004961013794,0.0,40.81762933731079,-0.132890365448505,78.7668821811676,0.0,120.66952776908875,0.0,198.23653531074524,-0.4,316.73004961013794
2026-09-18 09:01:42,v2.1.2,MAIN,MAIN,MAIN,2026-09-18 09:01:42.112,True,KOSPI,005930,삼성전자,260000.0,3.56,639659,523560000000.0,166311340000.0,523560000000.0,ACTUAL,2,261000.0,0.38314176245210724,1.0,1.3938142667570224,85,40,25,5,15,False,60,2026-09-18 09:00:00.201,260500.0,74.0,101.911244,20260918_005930_E001,2026-09-18 09:00:00.201,260500.0,74.0,101.911244,77.01034092903137,4,-0.19193857965451055,0.1926782273603083,False,True,20260918_005930_SHADOW_SCORE_70_74_E001_090019891292,2026-09-18 09:00:19.877,260500.0,74.0,82.235748,-0.19193857965451588,-0.19193857965451055,25.67285966873169,-0.19193857965451055,25.67285966873169,0.1926782273603083,50.65318536758423,,,,,,,0.19157088122605362,25.67285966873169,-0.19157088122605365,50.65318536758423,,,,,,
2026-09-18 09:01:44,v2.1.2,MAIN,MAIN,MAIN,2026-09-18 09:01:42.117,True,KOSPI,000660,SK하이닉스,1814000.0,4.01,91651,929231000000.0,166254914000.0,929231000000.0,ACTUAL,1,1815000.0,0.055096418732782364,1.0,1.754086124401914,85,40,25,5,15,False,60,2026-09-18 09:00:00.201,1812000.0,74.0,101.91615,20260918_000660_E001,2026-09-18 09:00:00.201,1812000.0,74.0,101.91615,77.01034092903137,4,0.2763957987838585,0.2763957987838585,True,True,20260918_000660_SHADOW_SCORE_70_74_E001_090019892729,2026-09-18 09:00:19.882,1812000.0,74.0,82.234846,0.1103752759381793,0.2763957987838585,25.67285966873169,0.2763957987838585,25.67285966873169,0.2763957987838585,50.65318536758423,,,,,,,-0.11046649517450241,25.67285966873169,-0.11046649517450241,50.65318536758423,,,,,,
2026-09-18 09:01:46,v2.1.2,MAIN,MAIN,MAIN,2026-09-18 09:01:42.111,True,KOSPI,009150,삼성전기,1396000.0,4.66,33615,183927000000.0,46926540000.0,183927000000.0,ACTUAL,3,1409000.0,0.9226401703335699,1.0,2.3261365995432843,82,40,22,5,15,False,60,2026-09-18 09:00:00.201,1399000.0,74.0,101.91015,20260918_009150_E001,2026-09-18 09:00:00.201,1399000.0,74.0,101.91015,77.01034092903137,4,-0.14306151645207438,-0.7112375533428165,False,True,20260918_009150_SHADOW_SCORE_70_74_E001_090019889352,2026-09-18 09:00:19.873,1399000.0,74.0,82.238648,-0.21443888491780028,-0.14306151645207438,25.67285966873169,-0.14306151645207438,25.67285966873169,-0.7112375533428165,50.65318536758423,,,,,,,0.14194464158978004,25.67285966873169,0.7097232079489,50.65318536758423,,,,,,
2026-09-18 09:02:15,v2.1.2,MAIN,MAIN,MAIN,2026-09-18 09:02:15.699,True,KOSPI,000660,SK하이닉스,1810000.0,4.01,100366,929231000000.0,181662460000.0,929231000000.0,ACTUAL,1,1815000.0,0.27548209366391185,1.0,1.5487624220727116,85,40,25,5,15,False,60,2026-09-18 09:00:00.201,1812000.0,74.0,135.497881,20260918_000660_E001,2026-09-18 09:00:00.201,1812000.0,74.0,135.497881,110.13202428817749,5,-0.2205071664829107,0.055279159756771695,True,True,20260918_000660_SHADOW_SCORE_70_74_E001_090019892729,2026-09-18 09:00:19.882,1812000.0,74.0,82.234846,0.1103752759381793,-0.2205071664829107,33.12168335914612,-0.2205071664829107,33.12168335914612,0.055279159756771695,58.79454302787781,,,,,,,0.22038567493112948,33.12168335914612,0.10991917975662707,58.79454302787781,0.27548209366391185,110.13202428817749,,,,
2026-09-18 09:02:15,v2.1.2,MAIN,MAIN,MAIN,2026-09-18 09:02:15.695,True,KOSPI,009150,삼성전기,1401000.0,4.66,38644,183927000000.0,54140244000.0,183927000000.0,ACTUAL,3,1409000.0,0.5677785663591199,1.0,1.419274276480094,82,40,22,5,15,False,60,2026-09-18 09:00:00.201,1399000.0,74.0,135.493656,20260918_009150_E001,2026-09-18 09:00:00.201,1399000.0,74.0,135.493656,110.13202428817749,5,0.35816618911174786,0.2145922746781116,False,True,20260918_009150_SHADOW_SCORE_70_74_E001_090019889352,2026-09-18 09:00:19.873,1399000.0,74.0,82.238648,-0.21443888491780028,0.35816618911174786,33.12168335914612,0.35816618911174786,33.12168335914612,0.2145922746781116,58.79454302787781,,,,,,,-0.35486160397445,33.12168335914612,-0.21291696238466995,58.79454302787781,0.4250233914840307,110.13202428817749,,,,
2026-09-18 09:02:15,v2.1.2,MAIN,MAIN,MAIN,2026-09-18 09:02:15.696,True,KOSPI,005930,삼성전자,259750.0,3.56,670963,523560000000.0,174282639250.0,523560000000.0,ACTUAL,2,261000.0,0.4789272030651341,1.0,1.2352498251040172,82,40,25,5,12,False,60,2026-09-18 09:00:00.201,260500.0,74.0,135.494658,20260918_005930_E001,2026-09-18 09:00:00.201,260500.0,74.0,135.494658,110.13202428817749,5,-0.09615384615384616,-0.28790786948176583,False,True,20260918_005930_SHADOW_SCORE_70_74_E001_090019891292,2026-09-18 09:00:19.877,260500.0,74.0,82.235748,-0.19193857965451588,-0.09615384615384616,33.12168335914612,-0.09615384615384616,33.12168335914612,-0.28790786948176583,58.79454302787781,,,,,,,0.09578544061302685,33.12168335914612,0.28735632183908044,58.79454302787781,0.28735632183908044,110.13202428817749,,,,
2026-09-18 09:02:43,v2.1.2,MAIN,MAIN,MAIN,2026-09-18 09:02:43.096,True,KOSPI,009150,삼성전기,1403000.0,4.66,43996,183927000000.0,61726388000.0,183927000000.0,ACTUAL,3,1409000.0,0.42583392476933996,1.0,1.3088204670533987,85,40,25,5,15,False,60,2026-09-18 09:00:00.201,1399000.0,74.0,162.895154,20260918_009150_E001,2026-09-18 09:00:00.201,1399000.0,74.0,162.895154,136.5282380580902,6,0.14275517487508924,0.501432664756447,False,True,20260918_009150_SHADOW_SCORE_70_74_E001_090019889352,2026-09-18 09:00:19.873,1399000.0,74.0,82.238648,-0.21443888491780028,0.14275517487508924,26.39621376991272,0.14275517487508924,26.39621376991272,0.501432664756447,59.51789712905884,-0.21337126600284498,110.17108249664307,,,,,-0.14194464158977999,26.39621376991272,-0.49680624556423,59.51789712905884,0.21291696238466998,110.17108249664307,,,,
2026-09-18 09:02:43,v2.1.2,MAIN,MAIN,MAIN,2026-09-18 09:02:43.099,True,KOSPI,000660,SK하이닉스,1811000.0,4.01,108635,929231000000.0,196737985000.0,929231000000.0,ACTUAL,1,1815000.0,0.22038567493112945,1.0,1.1853116714493022,82,40,25,5,12,False,60,2026-09-18 09:00:00.201,1812000.0,74.0,162.898155,20260918_000660_E001,2026-09-18 09:00:00.201,1812000.0,74.0,162.898155,136.5282380580902,6,0.05524861878453039,-0.16538037486218302,True,True,20260918_000660_SHADOW_SCORE_70_74_E001_090019892729,2026-09-18 09:00:19.882,1812000.0,74.0,82.234846,0.1103752759381793,0.05524861878453039,26.39621376991272,0.05524861878453039,26.39621376991272,-0.16538037486218302,59.51789712905884,0.11055831951354339,110.17108249664307,,,,,-0.0550964187327824,26.39621376991272,0.16528925619834708,59.51789712905884,0.054822761023844674,110.17108249664307,,,,
2026-09-18 09:02:43,v2.1.2,MAIN,MAIN,MAIN,2026-09-18 09:02:43.097,True,KOSPI,005930,삼성전자,259500.0,3.56,745408,523560000000.0,193433376000.0,523560000000.0,ACTUAL,2,261000.0,0.5747126436781609,1.0,1.165320897540721,79,40,22,5,12,False,60,2026-09-18 09:00:00.201,260500.0,74.0,162.896156,20260918_005930_E001,2026-09-18 09:00:00.201,260500.0,74.0,162.896156,136.5282380580902,6,-0.0962463907603465,-0.19230769230769232,False,True,20260918_005930_SHADOW_SCORE_70_74_E001_090019891292,2026-09-18 09:00:19.877,260500.0,74.0,82.235748,-0.19193857965451588,-0.0962463907603465,26.39621376991272,-0.0962463907603465,26.39621376991272,-0.19230769230769232,59.51789712905884,0.0,110.17108249664307,,,,,0.0957854406130268,26.39621376991272,0.19157088122605365,59.51789712905884,0.0,110.17108249664307,,,,
2026-09-18 09:03:10,v2.1.2,MAIN,MAIN,MAIN,2026-09-18 09:03:10.209,True,KOSPI,009150,삼성전기,1402000.0,4.66,47957,183927000000.0,67235714000.0,183927000000.0,ACTUAL,3,1409000.0,0.49680624556423,1.0,1.4266547672170162,85,40,25,5,15,False,60,2026-09-18 09:00:00.201,1399000.0,74.0,190.007449,20260918_009150_E001,2026-09-18 09:00:00.201,1399000.0,74.0,190.007449,163.92932963371277,7,-0.07127583749109052,0.07137758743754462,False,True,20260918_009150_SHADOW_SCORE_70_74_E001_090019889352,2026-09-18 09:00:19.873,1399000.0,74.0,82.238648,-0.21443888491780028,-0.07127583749109052,27.40109157562256,-0.07127583749109052,27.40109157562256,0.07137758743754462,53.79730534553528,0.28612303290414876,112.59184837341309,,,,,0.07097232079489002,27.40109157562256,-0.07097232079488996,53.79730534553528,-0.2838892831795599,112.59184837341309,0.35405107068914077,163.92932963371277,,
2026-09-18 09:03:10,v2.1.2,MAIN,MAIN,MAIN,2026-09-18 09:03:10.212,True,KOSPI,000660,SK하이닉스,1809000.0,4.01,115198,929231000000.0,208393182000.0,929231000000.0,ACTUAL,1,1815000.0,0.3305785123966942,1.0,1.2569202736467686,82,40,25,5,12,False,60,2026-09-18 09:00:00.201,1812000.0,74.0,190.010369,20260918_000660_E001,2026-09-18 09:00:00.201,1812000.0,74.0,190.010369,163.92932963371277,7,-0.11043622308117064,-0.05524861878453039,True,True,20260918_000660_SHADOW_SCORE_70_74_E001_090019892729,2026-09-18 09:00:19.882,1812000.0,74.0,82.234846,0.1103752759381793,-0.11043622308117064,27.40109157562256,-0.11043622308117064,27.40109157562256,-0.05524861878453039,53.79730534553528,0.0,112.59184837341309,,,,,0.11019283746556477,27.40109157562256,0.05509641873278237,53.79730534553528,0.16501559848940944,112.59184837341309,0.3305785123966942,163.92932963371277,,
2026-09-18 09:03:10,v2.1.2,MAIN,MAIN,MAIN,2026-09-18 09:03:10.210,True,KOSPI,005930,삼성전자,259500.0,3.56,769204,523560000000.0,199608438000.0,523560000000.0,ACTUAL,2,261000.0,0.5747126436781609,1.0,1.2025219687364674,79,40,22,5,12,False,60,2026-09-18 09:00:00.201,260500.0,74.0,190.008449,20260918_005930_E001,2026-09-18 09:00:00.201,260500.0,74.0,190.008449,163.92932963371277,7,0.0,-0.0962463907603465,False,True,20260918_005930_SHADOW_SCORE_70_74_E001_090019891292,2026-09-18 09:00:19.877,260500.0,74.0,82.235748,-0.19193857965451588,0.0,27.40109157562256,0.0,27.40109157562256,-0.0962463907603465,53.79730534553528,-0.3838771593090211,112.59184837341309,,,,,0.0,27.40109157562256,0.0957854406130268,53.79730534553528,0.3831417624521073,112.59184837341309,0.3831417624521073,163.92932963371277,,
2026-09-18 09:03:38,v2.1.2,MAIN,MAIN,MAIN,2026-09-18 09:03:38.903,True,KOSPI,000660,SK하이닉스,1815000.0,4.01,134833,929231000000.0,244721895000.0,929231000000.0,ACTUAL,1,1817000.0,0.1100715465052284,1.0,1.3434131080246299,85,40,25,5,15,False,60,2026-09-18 09:00:00.201,1812000.0,74.0,218.701811,20260918_000660_E001,2026-09-18 09:00:00.201,1812000.0,74.0,218.701811,191.13392543792725,8,0.33167495854063017,0.22087244616234128,True,True,20260918_000660_SHADOW_SCORE_70_74_E001_090019892729,2026-09-18 09:00:19.882,1812000.0,74.0,82.234846,0.1103752759381793,0.33167495854063017,27.204595804214478,0.33167495854063017,27.204595804214478,0.22087244616234128,54.605687379837036,0.05512679162072767,114.12358450889587,0.16556291390728478,191.13392543792725,,,-0.22050696589146584,27.204595804214478,-0.11031412842590106,54.605687379837036,0.05497512777244603,114.12358450889587,0.1100715465052284,191.13392543792725,,
2026-09-18 09:03:38,v2.1.2,MAIN,MAIN,MAIN,2026-09-18 09:03:38.899,True,KOSPI,009150,삼성전기,1400000.0,4.66,54775,183927000000.0,76685000000.0,183927000000.0,ACTUAL,3,1409000.0,0.63875088715401,1.0,1.4174257323258461,82,40,22,5,15,False,60,2026-09-18 09:00:00.201,1399000.0,74.0,218.697806,20260918_009150_E001,2026-09-18 09:00:00.201,1399000.0,74.0,218.697806,191.13392543792725,8,-0.14265335235378032,-0.21382751247327159,False,True,20260918_009150_SHADOW_SCORE_70_74_E001_090019889352,2026-09-18 09:00:19.873,1399000.0,74.0,82.238648,-0.21443888491780028,-0.14265335235378032,27.204595804214478,-0.14265335235378032,27.204595804214478,-0.21382751247327159,54.605687379837036,0.28653295128939826,114.12358450889587,0.07147962830593281,191.13392543792725,,,0.14194464158977999,27.204595804214478,0.21291696238467,54.605687379837036,-0.28388928317955997,114.12358450889587,0.4959957122789207,191.13392543792725,,
2026-09-18 09:03:38,v2.1.2,MAIN,MAIN,MAIN,2026-09-18 09:03:38.900,True,KOSPI,005930,삼성전자,260250.0,3.56,825081,523560000000.0,214727330250.0,523560000000.0,ACTUAL,2,261000.0,0.28735632183908044,1.0,1.2296967194912387,82,40,25,5,12,False,60,2026-09-18 09:00:00.201,260500.0,74.0,218.698802,20260918_005930_E001,2026-09-18 09:00:00.201,260500.0,74.0,218.698802,191.13392543792725,8,0.2890173410404624,0.2890173410404624,False,True,20260918_005930_SHADOW_SCORE_70_74_E001_090019891292,2026-09-18 09:00:19.877,260500.0,74.0,82.235748,-0.19193857965451588,0.2890173410404624,27.204595804214478,0.2890173410404624,27.204595804214478,0.2890173410404624,54.605687379837036,0.09615384615384616,114.12358450889587,-0.09596928982725528,191.13392543792725,,,-0.28735632183908044,27.204595804214478,-0.28735632183908044,54.605687379837036,-0.0957854406130268,114.12358450889587,0.09578544061302682,191.13392543792725,,
2026-09-18 09:04:06,v2.1.2,MAIN,MAIN,MAIN,2026-09-18 09:04:06.671,True,KOSPI,000660,SK하이닉스,1812000.0,4.01,141398,929231000000.0,256213176000.0,929231000000.0,ACTUAL,1,1817000.0,0.27517886626307103,1.0,1.3015878860404106,85,40,25,5,15,False,60,2026-09-18 09:00:00.201,1812000.0,74.0,246.470257,20260918_000660_E001,2026-09-18 09:00:00.201,1812000.0,74.0,246.470257,219.74308848381042,9,-0.1652892561983471,0.16583747927031509,True,True,20260918_000660_SHADOW_SCORE_70_74_E001_090019892729,2026-09-18 09:00:19.882,1812000.0,74.0,82.234846,0.1103752759381793,-0.1652892561983471,28.60916304588318,-0.1652892561983471,28.60916304588318,0.16583747927031509,55.813758850097656,0.11049723756906078,109.61106419563293,0.16583747927031509,168.40560722351074,,,0.16510731975784265,28.60916304588318,-0.05539964613362319,55.813758850097656,-0.000303227400840822,109.61106419563293,0.10961595235578625,168.40560722351074,,
2026-09-18 09:04:06,v2.1.2,MAIN,MAIN,MAIN,2026-09-18 09:04:06.666,True,KOSPI,009150,삼성전기,1403000.0,4.66,56995,183927000000.0,79963985000.0,183927000000.0,ACTUAL,3,1409000.0,0.42583392476933996,1.0,1.295458678061642,82,40,25,5,12,False,60,2026-09-18 09:00:00.201,1399000.0,74.0,246.465257,20260918_009150_E001,2026-09-18 09:00:00.201,1399000.0,74.0,246.465257,219.74308848381042,9,0.2142857142857143,0.07132667617689016,False,True,20260918_009150_SHADOW_SCORE_70_74_E001_090019889352,2026-09-18 09:00:19.873,1399000.0,74.0,82.238648,-0.21443888491780028,0.2142857142857143,28.60916304588318,0.2142857142857143,28.60916304588318,0.07132667617689016,55.813758850097656,0.14275517487508924,109.61106419563293,0.35765379113018597,168.40560722351074,,,-0.21291696238467,28.60916304588318,-0.07097232079489002,55.813758850097656,-0.14194464158977999,109.61106419563293,-0.35486160397444994,168.40560722351074,,
2026-09-18 09:04:06,v2.1.2,MAIN,MAIN,MAIN,2026-09-18 09:04:06.667,True,KOSPI,005930,삼성전자,260000.0,3.56,871950,523560000000.0,226707000000.0,523560000000.0,ACTUAL,2,261000.0,0.38314176245210724,1.0,1.1697620631922383,82,40,25,5,12,False,60,2026-09-18 09:00:00.201,260500.0,74.0,246.466257,20260918_005930_E001,2026-09-18 09:00:00.201,260500.0,74.0,246.466257,219.74308848381042,9,-0.09606147934678194,0.1926782273603083,False,True,20260918_005930_SHADOW_SCORE_70_74_E001_090019891292,2026-09-18 09:00:19.877,260500.0,74.0,82.235748,-0.19193857965451588,-0.09606147934678194,28.60916304588318,-0.09606147934678194,28.60916304588318,0.1926782273603083,55.813758850097656,0.0962463907603465,109.61106419563293,-0.19193857965451055,168.40560722351074,,,0.0957854406130268,28.60916304588318,-0.19157088122605365,55.813758850097656,-0.09578544061302685,109.61106419563293,0.19157088122605362,168.40560722351074,,
2026-09-18 09:04:34,v2.1.2,MAIN,MAIN,MAIN,2026-09-18 09:04:34.450,True,KOSPI,009150,삼성전기,1404000.0,4.66,66806,183927000000.0,93795624000.0,183927000000.0,ACTUAL,3,1409000.0,0.35486160397444994,1.0,1.3930395979731842,85,40,25,5,15,False,60,2026-09-18 09:00:00.201,1399000.0,74.0,274.248985,20260918_009150_E001,2026-09-18 09:00:00.201,1399000.0,74.0,274.248985,247.5071268081665,10,0.07127583749109052,0.2857142857142857,False,True,20260918_009150_SHADOW_SCORE_70_74_E001_090019889352,2026-09-18 09:00:19.873,1399000.0,74.0,82.238648,-0.21443888491780028,0.07127583749109052,27.76403832435608,0.07127583749109052,27.76403832435608,0.2857142857142857,56.37320137023926,0.07127583749109052,110.9788887500763,0.5730659025787965,170.49678587913513,,,-0.07097232079489002,27.76403832435608,-0.28388928317956,56.37320137023926,-0.07097232079489002,110.9788887500763,-0.5677785663591199,170.49678587913513,,
2026-09-18 09:04:34,v2.1.2,MAIN,MAIN,MAIN,2026-09-18 09:04:34.451,True,KOSPI,005930,삼성전자,259750.0,3.56,889426,523560000000.0,231028403500.0,523560000000.0,ACTUAL,2,261000.0,0.4789272030651341,1.0,1.1562940390325582,82,40,25,5,12,False,60,2026-09-18 09:00:00.201,260500.0,74.0,274.249982,20260918_005930_E001,2026-09-18 09:00:00.201,260500.0,74.0,274.249982,247.5071268081665,10,-0.09615384615384616,-0.19212295869356388,False,True,20260918_005930_SHADOW_SCORE_70_74_E001_090019891292,2026-09-18 09:00:19.877,260500.0,74.0,82.235748,-0.19193857965451588,-0.09615384615384616,27.76403832435608,-0.09615384615384616,27.76403832435608,-0.19212295869356388,56.37320137023926,0.09633911368015415,110.9788887500763,-0.09615384615384616,170.49678587913513,,,0.09578544061302685,27.76403832435608,0.19157088122605365,56.37320137023926,-0.0957854406130268,110.9788887500763,0.09578544061302685,170.49678587913513,,
2026-09-18 09:04:34,v2.1.2,MAIN,MAIN,MAIN,2026-09-18 09:04:34.460,True,KOSPI,000660,SK하이닉스,1814000.0,4.01,145854,929231000000.0,264579156000.0,929231000000.0,ACTUAL,1,1817000.0,0.1651073197578426,1.0,1.2661157311758884,82,40,25,5,12,False,60,2026-09-18 09:00:00.201,1812000.0,74.0,274.258987,20260918_000660_E001,2026-09-18 09:00:00.201,1812000.0,74.0,274.258987,247.5071268081665,10,0.11037527593818984,-0.055096418732782364,True,True,20260918_000660_SHADOW_SCORE_70_74_E001_090019892729,2026-09-18 09:00:19.882,1812000.0,74.0,82.234846,0.1103752759381793,0.11037527593818984,27.76403832435608,0.11037527593818984,27.76403832435608,-0.055096418732782364,56.37320137023926,0.16565433462175594,110.9788887500763,0.0,170.49678587913513,,,-0.11007154650522843,27.76403832435608,0.055035773252614203,56.37320137023926,-0.05527835517328686,110.9788887500763,0.11001090102506023,170.49678587913513,,
2026-09-18 09:05:02,v2.1.2,MAIN,MAIN,MAIN,2026-09-18 09:05:02.308,True,KOSDAQ,010170,대한광통신,17210.0,6.7,3199267,53300000000.0,55059385070.0,53300000000.0,ACTUAL,1,17410.0,1.1487650775416427,1.5829175576146353,1.5373870061994919,87,33,19,20,15,True,60,2026-09-18 09:03:11.335,17200.0,63.0,110.973328,20260918_010170_E002,2026-09-18 09:04:35.498,17210.0,87.0,26.81035,198.28656244277954,8,0.0,-0.6351039260969976,False,False,,,,,,,0.0,27.78977656364441,0.0,27.78977656364441,-0.6351039260969976,55.55381488800049,2.136498516320475,111.36757373809814,2.379535990481856,165.16487908363342,,,0.0,27.78977656364441,0.6318207926479035,55.55381488800049,,,,,,
2026-09-18 09:05:05,v2.1.2,MAIN,MAIN,MAIN,2026-09-18 09:05:02.317,True,KOSPI,009150,삼성전기,1403000.0,4.66,70706,183927000000.0,99200518000.0,183927000000.0,ACTUAL,3,1409000.0,0.42583392476933996,1.0,1.2908443633044273,82,40,25,5,12,True,60,2026-09-18 09:00:00.201,1399000.0,74.0,302.116243,20260918_009150_E001,2026-09-18 09:00:00.201,1399000.0,74.0,302.116243,275.2969033718109,11,-0.07122507122507123,0.0,False,True,20260918_009150_SHADOW_SCORE_70_74_E001_090019889352,2026-09-18 09:00:19.873,1399000.0,74.0,82.238648,-0.21443888491780028,-0.07122507122507123,27.78977656364441,-0.07122507122507123,27.78977656364441,0.0,55.55381488800049,0.07132667617689016,111.36757373809814,0.14275517487508924,165.16487908363342,,,0.07097232079489002,27.78977656364441,0.0,55.55381488800049,-0.07097232079489002,111.36757373809814,-0.14194464158977999,165.16487908363342,0.28307874989425075,275.2969033718109
2026-09-18 09:05:05,v2.1.2,MAIN,MAIN,MAIN,2026-09-18 09:05:02.318,True,KOSPI,005930,삼성전자,260000.0,3.56,897611,523560000000.0,233378860000.0,523560000000.0,ACTUAL,2,261000.0,0.38314176245210724,1.0,1.0879065206931198,79,40,25,5,9,True,60,2026-09-18 09:00:00.201,260500.0,74.0,302.117246,20260918_005930_E001,2026-09-18 09:00:00.201,260500.0,74.0,302.117246,275.2969033718109,11,0.0962463907603465,0.0,False,True,20260918_005930_SHADOW_SCORE_70_74_E001_090019891292,2026-09-18 09:00:19.877,260500.0,74.0,82.235748,-0.19193857965451588,0.0962463907603465,27.78977656364441,0.0962463907603465,27.78977656364441,0.0,55.55381488800049,0.1926782273603083,111.36757373809814,0.0962463907603465,165.16487908363342,,,-0.09578544061302685,27.78977656364441,0.0,55.55381488800049,-0.19157088122605365,111.36757373809814,-0.09578544061302685,165.16487908363342,0.19157088122605362,275.2969033718109
2026-09-18 09:05:05,v2.1.2,MAIN,MAIN,MAIN,2026-09-18 09:05:02.322,True,KOSPI,000660,SK하이닉스,1814000.0,4.01,152331,929231000000.0,276328434000.0,929231000000.0,ACTUAL,1,1817000.0,0.1651073197578426,1.0,1.129775351731401,79,40,25,5,9,True,60,2026-09-18 09:00:00.201,1812000.0,74.0,302.121166,20260918_000660_E001,2026-09-18 09:00:00.201,1812000.0,74.0,302.121166,275.2969033718109,11,0.0,0.11037527593818984,True,True,20260918_000660_SHADOW_SCORE_70_74_E001_090019892729,2026-09-18 09:00:19.882,1812000.0,74.0,82.234846,0.1103752759381793,0.0,27.78977656364441,0.0,27.78977656364441,0.11037527593818984,55.55381488800049,0.2763957987838585,111.36757373809814,0.22099447513812157,165.16487908363342,,,0.0,27.78977656364441,-0.11007154650522843,55.55381488800049,-0.16547119263885163,111.36757373809814,-0.11037477390606926,165.16487908363342,0.1651073197578426,275.2969033718109
2026-09-18 09:05:35,v2.1.2,MAIN,MAIN,MAIN,2026-09-18 09:05:35.889,True,KOSDAQ,010170,대한광통신,17100.0,6.32,3527923,58978000000.0,60327483300.0,58978000000.0,ACTUAL,1,17410.0,1.7805858701895463,1.1922213911742707,1.1852648341920085,80,33,19,16,12,False,60,2026-09-18 09:03:11.335,17200.0,63.0,144.553473,20260918_010170_E002,2026-09-18 09:04:35.498,17210.0,87.0,60.390495,232.13642358779907,9,-0.6391632771644393,-0.6391632771644393,False,False,,,,,,,-0.6391632771644393,33.84986114501953,-0.6391632771644393,33.84986114501953,-0.6391632771644393,61.63963770866394,-0.5813953488372093,118.0128390789032,1.183431952662722,172.61852645874023,,,0.6318207926479036,33.84986114501953,0.6318207926479036,61.63963770866394,1.606470954345089,118.0128390789032,,,,
2026-09-18 09:05:35,v2.1.2,MAIN,MAIN,MAIN,2026-09-18 09:05:35.930,True,KOSPI,000660,SK하이닉스,1811000.0,4.01,156301,929231000000.0,283061111000.0,929231000000.0,ACTUAL,1,1817000.0,0.3302146395156852,1.0,1.0716264209414894,79,40,25,5,9,True,60,2026-09-18 09:00:00.201,1812000.0,74.0,335.729099,20260918_000660_E001,2026-09-18 09:00:00.201,1812000.0,74.0,335.729099,309.14676451683044,12,-0.16538037486218302,-0.16538037486218302,True,True,20260918_000660_SHADOW_SCORE_70_74_E001_090019892729,2026-09-18 09:00:19.882,1812000.0,74.0,82.234846,0.1103752759381793,-0.16538037486218302,33.84986114501953,-0.16538037486218302,33.84986114501953,-0.16538037486218302,61.63963770866394,-0.22038567493112945,118.0128390789032,0.0,172.61852645874023,-0.05518763796909492,309.14676451683044,0.1651073197578426,33.84986114501953,0.1651073197578426,61.63963770866394,0.22014309301045681,118.0128390789032,0.10982896458455574,172.61852645874023,0.3302146395156852,309.14676451683044
2026-09-18 09:05:35,v2.1.2,MAIN,MAIN,MAIN,2026-09-18 09:05:35.920,True,KOSPI,009150,삼성전기,1399000.0,4.66,74286,183927000000.0,103926114000.0,183927000000.0,ACTUAL,3,1409000.0,0.7097232079488999,1.0,1.1119659910786457,76,40,22,5,9,True,60,2026-09-18 09:00:00.201,1399000.0,74.0,335.719098,20260918_009150_E001,2026-09-18 09:00:00.201,1399000.0,74.0,335.719098,309.14676451683044,12,-0.2851033499643621,-0.3561253561253561,False,True,20260918_009150_SHADOW_SCORE_70_74_E001_090019889352,2026-09-18 09:00:19.873,1399000.0,74.0,82.238648,-0.21443888491780028,-0.2851033499643621,33.84986114501953,-0.2851033499643621,33.84986114501953,-0.3561253561253561,61.63963770866394,-0.07142857142857142,118.0128390789032,-0.2851033499643621,172.61852645874023,0.0,309.14676451683044,0.2838892831795599,33.84986114501953,0.35486160397444994,61.63963770866394,0.07097232079488991,118.0128390789032,0.2838892831795599,172.61852645874023,0.5669680330738106,309.14676451683044
2026-09-18 09:05:36,v2.1.2,MAIN,MAIN,MAIN,2026-09-18 09:05:35.922,True,KOSPI,005930,삼성전자,259000.0,3.56,981972,523560000000.0,254330748000.0,523560000000.0,ACTUAL,2,261000.0,0.7662835249042145,1.0,1.1040513769554747,76,40,22,5,9,True,60,2026-09-18 09:00:00.201,260500.0,74.0,335.721112,20260918_005930_E001,2026-09-18 09:00:00.201,260500.0,74.0,335.721112,309.14676451683044,12,-0.38461538461538464,-0.28873917228103946,False,True,20260918_005930_SHADOW_SCORE_70_74_E001_090019891292,2026-09-18 09:00:19.877,260500.0,74.0,82.235748,-0.19193857965451588,-0.38461538461538464,33.84986114501953,-0.38461538461538464,33.84986114501953,-0.28873917228103946,61.63963770866394,-0.48030739673390976,118.0128390789032,-0.1926782273603083,172.61852645874023,-0.5758157389635317,309.14676451683044,0.38314176245210724,33.84986114501953,0.2873563218390804,61.63963770866394,0.47892720306513403,118.0128390789032,0.1915708812260536,172.61852645874023,0.5747126436781609,309.14676451683044
2026-09-18 09:06:05,v2.1.2,MAIN,MAIN,MAIN,2026-09-18 09:06:05.354,True,KOSDAQ,010170,대한광통신,17200.0,5.83,3822243,63095000000.0,65742579600.0,63095000000.0,ACTUAL,1,17410.0,1.2062033314187248,1.1837711069418386,1.1947246041046278,80,33,19,16,12,True,60,2026-09-18 09:03:11.335,17200.0,63.0,174.019348,20260918_010170_E002,2026-09-18 09:04:35.498,17210.0,87.0,89.85637,260.61701583862305,10,0.5847953216374269,-0.058105752469494475,False,False,,,,,,,0.5847953216374269,28.480592250823975,0.5847953216374269,28.480592250823975,-0.058105752469494475,62.330453395843506,-0.6928406466512702,117.884268283844,2.0771513353115725,173.69802713394165,,,-0.5743825387708215,28.480592250823975,0.057438253877082124,62.330453395843506,0.6892590465249856,117.884268283844,,,,
2026-09-18 09:06:05,v2.1.2,MAIN,MAIN,MAIN,2026-09-18 09:06:05.370,True,KOSPI,000660,SK하이닉스,1812000.0,4.01,163071,929231000000.0,295484652000.0,929231000000.0,ACTUAL,1,1817000.0,0.27517886626307103,1.0,1.0705043622112373,79,40,25,5,9,True,60,2026-09-18 09:00:00.201,1812000.0,74.0,365.168957,20260918_000660_E001,2026-09-18 09:00:00.201,1812000.0,74.0,365.168957,337.6273567676544,13,0.05521811154058532,-0.11025358324145534,True,True,20260918_000660_SHADOW_SCORE_70_74_E001_090019892729,2026-09-18 09:00:19.882,1812000.0,74.0,82.234846,0.1103752759381793,0.05521811154058532,28.480592250823975,0.05521811154058532,28.480592250823975,-0.11025358324145534,62.330453395843506,0.0,117.884268283844,0.16583747927031509,173.69802713394165,0.16583747927031509,311.2702012062073,-0.05503577325261416,28.480592250823975,0.11007154650522843,62.330453395843506,0.0,117.884268283844,-0.05539964613362319,173.69802713394165,0.10961595235578625,311.2702012062073
2026-09-18 09:06:05,v2.1.2,MAIN,MAIN,MAIN,2026-09-18 09:06:05.363,True,KOSPI,009150,삼성전기,1398000.0,4.66,76190,183927000000.0,106513620000.0,183927000000.0,ACTUAL,3,1409000.0,0.7806955287437899,1.0,1.0775606030605607,76,40,22,5,9,True,60,2026-09-18 09:00:00.201,1399000.0,74.0,365.161957,20260918_009150_E001,2026-09-18 09:00:00.201,1399000.0,74.0,365.161957,337.6273567676544,13,-0.07147962830593281,-0.3563791874554526,False,True,20260918_009150_SHADOW_SCORE_70_74_E001_090019889352,2026-09-18 09:00:19.873,1399000.0,74.0,82.238648,-0.21443888491780028,-0.07147962830593281,28.480592250823975,-0.07147962830593281,28.480592250823975,-0.3563791874554526,62.330453395843506,-0.3563791874554526,117.884268283844,-0.28530670470756064,173.69802713394165,-0.5689900426742532,311.2702012062073,0.07097232079489002,28.480592250823975,0.35486160397444994,62.330453395843506,0.35486160397444994,117.884268283844,0.2838892831795599,173.69802713394165,0.5677785663591199,311.2702012062073
2026-09-18 09:06:05,v2.1.2,MAIN,MAIN,MAIN,2026-09-18 09:06:05.364,True,KOSPI,005930,삼성전자,259000.0,3.56,1024451,523560000000.0,265332809000.0,523560000000.0,ACTUAL,2,261000.0,0.7662835249042145,1.0,1.1413084287068676,76,40,22,5,9,True,60,2026-09-18 09:00:00.201,260500.0,74.0,365.162918,20260918_005930_E001,2026-09-18 09:00:00.201,260500.0,74.0,365.162918,337.6273567676544,13,0.0,-0.38461538461538464,False,True,20260918_005930_SHADOW_SCORE_70_74_E001_090019891292,2026-09-18 09:00:19.877,260500.0,74.0,82.235748,-0.19193857965451588,0.0,28.480592250823975,0.0,28.480592250823975,-0.38461538461538464,62.330453395843506,-0.38461538461538464,117.884268283844,-0.1926782273603083,173.69802713394165,-0.1926782273603083,311.2702012062073,0.0,28.480592250823975,0.38314176245210724,62.330453395843506,0.38314176245210724,117.884268283844,0.1915708812260536,173.69802713394165,0.1915708812260536,311.2702012062073
2026-09-18 09:06:36,v2.1.2,MAIN,MAIN,MAIN,2026-09-18 09:06:36.524,True,KOSDAQ,010170,대한광통신,17530.0,8.62,4642143,77602000000.0,81376766790.0,77602000000.0,ACTUAL,1,17570.0,0.22766078542970974,1.3157787649632067,1.3158288885556744,97,37,25,20,15,True,60,2026-09-18 09:03:11.335,17200.0,63.0,205.188508,20260918_010170_E002,2026-09-18 09:04:35.498,17210.0,87.0,121.02553,289.9691104888916,11,1.9186046511627908,2.5146198830409356,False,False,,,,,,,1.9186046511627908,29.352094650268555,1.9186046511627908,29.352094650268555,2.5146198830409356,57.83268690109253,1.8593840790238232,119.47232460975647,1.9186046511627908,175.84552597999573,,,-0.9785425459890151,29.352094650268555,-1.5529250847598366,57.83268690109253,-0.921104292111933,119.47232460975647,0.0535458695852524,175.84552597999573,,
2026-09-18 09:06:36,v2.1.2,MAIN,MAIN,MAIN,2026-09-18 09:06:36.558,True,KOSPI,000660,SK하이닉스,1818000.0,4.01,182949,929231000000.0,332601282000.0,929231000000.0,ACTUAL,1,1819000.0,0.054975261132490384,1.0,1.1704915515575716,82,40,25,5,12,True,60,2026-09-18 09:00:00.201,1812000.0,74.0,396.35735,20260918_000660_E001,2026-09-18 09:00:00.201,1812000.0,74.0,396.35735,366.979451417923,14,0.33112582781456956,0.3865267807840972,True,True,20260918_000660_SHADOW_SCORE_70_74_E001_090019892729,2026-09-18 09:00:19.882,1812000.0,74.0,82.234846,0.1103752759381793,0.33112582781456956,29.352094650268555,0.33112582781456956,29.352094650268555,0.3865267807840972,57.83268690109253,0.2205071664829107,119.47232460975647,0.1652892561983471,175.84552597999573,0.2205071664829107,289.9691104888916,-0.22020360513058065,29.352094650268555,-0.2752393783831948,57.83268690109253,-0.11013205862535222,119.47232460975647,-0.05509628537273801,175.84552597999573,-0.00012115760029197953,289.9691104888916
2026-09-18 09:06:36,v2.1.2,MAIN,MAIN,MAIN,2026-09-18 09:06:36.534,True,KOSPI,009150,삼성전기,1400000.0,4.66,79372,183927000000.0,111120800000.0,183927000000.0,ACTUAL,3,1409000.0,0.63875088715401,1.0,1.068465121287995,76,40,22,5,9,True,60,2026-09-18 09:00:00.201,1399000.0,74.0,396.332428,20260918_009150_E001,2026-09-18 09:00:00.201,1399000.0,74.0,396.332428,366.979451417923,14,0.14306151645207438,0.07147962830593281,False,True,20260918_009150_SHADOW_SCORE_70_74_E001_090019889352,2026-09-18 09:00:19.873,1399000.0,74.0,82.238648,-0.21443888491780028,0.14306151645207438,29.352094650268555,0.14306151645207438,29.352094650268555,0.07147962830593281,57.83268690109253,-0.2849002849002849,119.47232460975647,0.0,175.84552597999573,0.28653295128939826,289.9691104888916,-0.14194464158977993,29.352094650268555,-0.07097232079488991,57.83268690109253,0.28388928317956,119.47232460975647,0.0,175.84552597999573,-0.28388928317955997,289.9691104888916
2026-09-18 09:06:36,v2.1.2,MAIN,MAIN,MAIN,2026-09-18 09:06:36.535,True,KOSPI,005930,삼성전자,259000.0,3.56,1088805,523560000000.0,282000495000.0,523560000000.0,ACTUAL,2,261000.0,0.7662835249042145,1.0,1.108794344441593,76,40,22,5,9,True,60,2026-09-18 09:00:00.201,260500.0,74.0,396.333433,20260918_005930_E001,2026-09-18 09:00:00.201,260500.0,74.0,396.333433,366.979451417923,14,0.0,0.0,False,True,20260918_005930_SHADOW_SCORE_70_74_E001_090019891292,2026-09-18 09:00:19.877,260500.0,74.0,82.235748,-0.19193857965451588,0.0,29.352094650268555,0.0,29.352094650268555,0.0,57.83268690109253,-0.28873917228103946,119.47232460975647,-0.48030739673390976,175.84552597999573,-0.38461538461538464,289.9691104888916,0.0,29.352094650268555,0.0,57.83268690109253,0.2873563218390804,119.47232460975647,0.47892720306513403,175.84552597999573,0.38314176245210724,289.9691104888916
2026-09-18 09:07:07,v2.1.2,MAIN,MAIN,MAIN,2026-09-18 09:07:07.810,True,KOSDAQ,010170,대한광통신,17360.0,7.56,4964636,84523000000.0,86186080960.0,84523000000.0,ACTUAL,1,17570.0,1.1952191235059761,1.3396148664711942,1.2988802648078628,88,37,19,20,12,True,60,2026-09-18 09:03:11.335,17200.0,63.0,236.474852,20260918_010170_E002,2026-09-18 09:04:35.498,17210.0,87.0,152.311874,321.3303701877594,12,-0.9697661152310325,0.9302325581395349,False,False,,,,,,,-0.9697661152310325,31.361259698867798,-0.9697661152310325,31.361259698867798,0.9302325581395349,60.71335434913635,0.8715862870424171,123.04380774497986,0.23094688221709006,178.59762263298035,3.271861986912552,288.2086868286133,0.9675583380762665,31.361259698867798,-0.010984207912748678,60.71335434913635,0.046454045964333446,123.04380774497986,0.6782748386122369,178.59762263298035,,
2026-09-18 09:07:07,v2.1.2,MAIN,MAIN,MAIN,2026-09-18 09:07:07.806,True,KOSPI,005690,파미셀,12890.0,11.23,1630078,20431000000.0,21011705420.0,20431000000.0,ACTUAL,32,12940.0,0.38639876352395675,2.3238171064604187,2.069801016566504,84,24,25,20,15,True,60,2026-09-18 09:06:38.542,12890.0,84.0,29.264064,20260918_005690_E001,2026-09-18 09:06:38.542,12890.0,84.0,29.264064,371.9835555553436,14,0.0,1.0980392156862746,False,False,,,,,,,0.0,31.361259698867798,0.0,31.361259698867798,1.0980392156862746,60.71335434913635,2.3828435266084194,123.04380774497986,2.3828435266084194,178.59762263298035,0.8607198748043818,288.2086868286133,,,,,,,,,0.23014876352395675,288.2086868286133
2026-09-18 09:07:10,v2.1.2,MAIN,MAIN,MAIN,2026-09-18 09:07:07.832,True,KOSPI,000660,SK하이닉스,1818000.0,4.01,194341,929231000000.0,353311938000.0,929231000000.0,ACTUAL,1,1820000.0,0.10989010989010989,1.0,1.1917569647576822,82,40,25,5,12,True,60,2026-09-18 09:00:00.201,1812000.0,74.0,427.630852,20260918_000660_E001,2026-09-18 09:00:00.201,1812000.0,74.0,427.630852,398.34071111679077,15,0.0,0.33112582781456956,True,True,20260918_000660_SHADOW_SCORE_70_74_E001_090019892729,2026-09-18 09:00:19.882,1812000.0,74.0,82.234846,0.1103752759381793,0.0,31.361259698867798,0.0,31.361259698867798,0.33112582781456956,60.71335434913635,0.2205071664829107,123.04380774497986,0.33112582781456956,178.59762263298035,0.44198895027624313,288.2086868286133,0.054914848757619504,31.361259698867798,-0.16528875637296114,60.71335434913635,-0.05521720986773271,123.04380774497986,-0.16528875637296114,178.59762263298035,-0.16559198377380197,288.2086868286133
2026-09-18 09:07:10,v2.1.2,MAIN,MAIN,MAIN,2026-09-18 09:07:07.822,True,KOSPI,009150,삼성전기,1399000.0,4.66,81199,183927000000.0,113597401000.0,183927000000.0,ACTUAL,3,1409000.0,0.7097232079488999,1.0,1.0657435358970992,76,40,22,5,9,True,60,2026-09-18 09:00:00.201,1399000.0,74.0,427.620868,20260918_009150_E001,2026-09-18 09:00:00.201,1399000.0,74.0,427.620868,398.34071111679077,15,-0.07142857142857142,0.07153075822603719,False,True,20260918_009150_SHADOW_SCORE_70_74_E001_090019889352,2026-09-18 09:00:19.873,1399000.0,74.0,82.238648,-0.21443888491780028,-0.07142857142857142,31.361259698867798,-0.07142857142857142,31.361259698867798,0.07153075822603719,60.71335434913635,-0.2851033499643621,123.04380774497986,-0.2851033499643621,178.59762263298035,-0.14275517487508924,288.2086868286133,0.07097232079488991,31.361259698867798,-0.07097232079489002,60.71335434913635,0.2838892831795599,123.04380774497986,0.2838892831795599,178.59762263298035,0.14194464158977993,288.2086868286133
2026-09-18 09:07:10,v2.1.2,MAIN,MAIN,MAIN,2026-09-18 09:07:07.827,True,KOSPI,005930,삼성전자,259000.0,3.56,1116385,523560000000.0,289143715000.0,523560000000.0,ACTUAL,2,261000.0,0.7662835249042145,1.0,1.0897397728149028,76,40,22,5,9,True,60,2026-09-18 09:00:00.201,260500.0,74.0,427.625777,20260918_005930_E001,2026-09-18 09:00:00.201,260500.0,74.0,427.625777,398.34071111679077,15,0.0,0.0,False,True,20260918_005930_SHADOW_SCORE_70_74_E001_090019891292,2026-09-18 09:00:19.877,260500.0,74.0,82.235748,-0.19193857965451588,0.0,31.361259698867798,0.0,31.361259698867798,0.0,60.71335434913635,-0.38461538461538464,123.04380774497986,-0.38461538461538464,178.59762263298035,-0.28873917228103946,288.2086868286133,0.0,31.361259698867798,0.0,60.71335434913635,0.38314176245210724,123.04380774497986,0.38314176245210724,178.59762263298035,0.2873563218390804,288.2086868286133
2026-09-18 09:07:42,v2.1.2,MAIN,MAIN,MAIN,2026-09-18 09:07:42.810,True,KOSPI,000660,SK하이닉스,1818000.0,4.01,217628,929231000000.0,395647704000.0,929231000000.0,ACTUAL,1,1821000.0,0.16474464579901155,1.0,1.1895555591995584,82,40,25,5,12,True,60,2026-09-18 09:00:00.201,1812000.0,74.0,462.609006,20260918_000660_E001,2026-09-18 09:00:00.201,1812000.0,74.0,462.609006,432.4605941772461,16,0.0,0.0,True,True,20260918_000660_SHADOW_SCORE_70_74_E001_090019892729,2026-09-18 09:00:19.882,1812000.0,74.0,82.234846,0.1103752759381793,0.0,34.11988306045532,0.0,34.11988306045532,0.0,65.48114275932312,0.3865267807840972,123.31382966041565,0.2205071664829107,184.9534673690796,0.3865267807840972,295.9323561191559,0.05485453590890166,34.11988306045532,0.10976938466652117,65.48114275932312,-0.16546999371667365,123.31382966041565,-0.00036267395883105014,184.9534673690796,-0.05564102913211791,295.9323561191559
2026-09-18 09:07:42,v2.1.2,MAIN,MAIN,MAIN,2026-09-18 09:07:42.793,True,KOSDAQ,010170,대한광통신,17370.0,7.63,5138921,87492000000.0,89263057770.0,87492000000.0,ACTUAL,1,17570.0,1.1383039271485487,1.1274451689389449,1.1070147989840038,76,37,19,11,9,True,60,2026-09-18 09:03:11.335,17200.0,63.0,271.458103,20260918_010170_E002,2026-09-18 09:04:35.498,17210.0,87.0,187.295125,355.4502532482147,13,0.0576036866359447,-0.912721049629207,False,False,,,,,,,0.0576036866359447,34.11988306045532,0.0576036866359447,34.11988306045532,-0.912721049629207,65.48114275932312,1.5789473684210527,123.31382966041565,0.9296920395119116,184.9534673690796,2.7810650887573964,295.9323561191559,-0.05691519635742748,34.11988306045532,0.910643141718839,65.48114275932312,-0.6422819430409976,123.31382966041565,-0.010461150393094032,184.9534673690796,,
2026-09-18 09:07:42,v2.1.2,MAIN,MAIN,MAIN,2026-09-18 09:07:42.803,True,KOSPI,009150,삼성전기,1399000.0,4.66,84589,183927000000.0,118340011000.0,183927000000.0,ACTUAL,3,1409000.0,0.7097232079488999,1.0,1.0657284684775488,76,40,22,5,9,True,60,2026-09-18 09:00:00.201,1399000.0,74.0,462.601422,20260918_009150_E001,2026-09-18 09:00:00.201,1399000.0,74.0,462.601422,432.4605941772461,16,0.0,-0.07142857142857142,False,True,20260918_009150_SHADOW_SCORE_70_74_E001_090019889352,2026-09-18 09:00:19.873,1399000.0,74.0,82.238648,-0.21443888491780028,0.0,34.11988306045532,0.0,34.11988306045532,-0.07142857142857142,65.48114275932312,0.0,123.31382966041565,-0.3561253561253561,184.9534673690796,-0.2851033499643621,295.9323561191559,0.0,34.11988306045532,0.07097232079488991,65.48114275932312,0.0,123.31382966041565,0.35486160397444994,184.9534673690796,0.2838892831795599,295.9323561191559
2026-09-18 09:08:15,v2.1.2,MAIN,MAIN,MAIN,2026-09-18 09:08:15.019,True,KOSPI,000660,SK하이닉스,1816000.0,4.01,228737,929231000000.0,415386392000.0,929231000000.0,ACTUAL,1,1821000.0,0.2745744096650192,1.0,1.1769878718335298,82,40,25,5,12,True,60,2026-09-18 09:00:00.201,1812000.0,74.0,494.817498,20260918_000660_E001,2026-09-18 09:00:00.201,1812000.0,74.0,494.817498,464.4580659866333,17,-0.11001100110011,-0.11001100110011,True,True,20260918_000660_SHADOW_SCORE_70_74_E001_090019892729,2026-09-18 09:00:19.882,1812000.0,74.0,82.234846,0.1103752759381793,-0.11001100110011,31.997471809387207,-0.11001100110011,31.997471809387207,-0.11001100110011,66.11735486984253,0.22075055187637968,126.83070921897888,0.11025358324145534,189.1611626148224,0.3869541182974019,300.52873635292053,0.10982976386600768,31.997471809387207,0.16468429977490934,66.11735486984253,-0.0006044565980518057,126.83070921897888,0.10946708990717663,189.1611626148224,-0.056004102731675,300.52873635292053
2026-09-18 09:08:15,v2.1.2,MAIN,MAIN,MAIN,2026-09-18 09:08:14.971,True,KOSDAQ,010170,대한광통신,17390.0,7.87,5388992,91896000000.0,93714570880.0,91896000000.0,ACTUAL,1,17570.0,1.024473534433694,1.0872306946038357,1.0854757529051475,76,37,19,11,9,True,60,2026-09-18 09:03:11.335,17200.0,63.0,303.635576,20260918_010170_E002,2026-09-18 09:04:35.498,17210.0,87.0,219.472598,387.44772505760193,14,0.11514104778353484,0.1728110599078341,False,False,,,,,,,0.11514104778353484,31.997471809387207,0.11514104778353484,31.997471809387207,0.1728110599078341,66.11735486984253,1.1046511627906976,126.83070921897888,1.0459035444509006,189.1611626148224,3.2047477744807122,300.52873635292053,-0.11383039271485473,31.997471809387207,-0.1707455890722822,66.11735486984253,-0.1817297969850309,126.83070921897888,-0.12429154310794877,189.1611626148224,,
2026-09-18 09:08:15,v2.1.2,MAIN,MAIN,MAIN,2026-09-18 09:08:14.999,True,KOSPI,009150,삼성전기,1401000.0,4.66,90406,183927000000.0,126658806000.0,183927000000.0,ACTUAL,3,1409000.0,0.5677785663591199,1.0,1.1133880959125113,76,40,22,5,9,True,60,2026-09-18 09:00:00.201,1399000.0,74.0,494.79752,20260918_009150_E001,2026-09-18 09:00:00.201,1399000.0,74.0,494.79752,464.4580659866333,17,0.14295925661186562,0.14295925661186562,False,True,20260918_009150_SHADOW_SCORE_70_74_E001_090019889352,2026-09-18 09:00:19.873,1399000.0,74.0,82.238648,-0.21443888491780028,0.14295925661186562,31.997471809387207,0.14295925661186562,31.997471809387207,0.14295925661186562,66.11735486984253,0.2145922746781116,126.83070921897888,-0.14255167498218105,189.1611626148224,-0.07132667617689016,300.52873635292053,-0.14194464158977993,31.997471809387207,-0.14194464158977993,66.11735486984253,-0.21291696238466995,126.83070921897888,0.14194464158977999,189.1611626148224,0.07097232079488996,300.52873635292053
2026-09-18 09:08:15,v2.1.2,MAIN,MAIN,MAIN,2026-09-18 09:08:15.005,True,KOSPI,005930,삼성전자,258750.0,3.56,1180098,523560000000.0,305350357500.0,523560000000.0,ACTUAL,2,261000.0,0.8620689655172413,1.0,1.0570708133842714,76,40,22,5,9,True,60,2026-09-18 09:00:00.201,260500.0,74.0,494.803506,20260918_005930_E001,2026-09-18 09:00:00.201,260500.0,74.0,494.803506,464.4580659866333,17,0.09671179883945842,-0.09652509652509653,False,True,20260918_005930_SHADOW_SCORE_70_74_E001_090019891292,2026-09-18 09:00:19.877,260500.0,74.0,82.235748,-0.19193857965451588,0.09671179883945842,31.997471809387207,0.09671179883945842,31.997471809387207,-0.09652509652509653,66.11735486984253,-0.09652509652509653,126.83070921897888,-0.4807692307692308,189.1611626148224,-0.2890173410404624,300.52873635292053,-0.09578544061302685,31.997471809387207,0.09578544061302685,66.11735486984253,0.09578544061302685,126.83070921897888,0.4789272030651341,189.1611626148224,0.28735632183908044,300.52873635292053
2026-09-18 09:08:47,v2.1.2,MAIN,MAIN,MAIN,2026-09-18 09:08:47.045,True,KOSPI,000660,SK하이닉스,1816000.0,4.01,235733,929231000000.0,428091128000.0,929231000000.0,ACTUAL,1,1821000.0,0.2745744096650192,1.0,1.0831924200930028,79,40,25,5,9,True,60,2026-09-18 09:00:00.201,1812000.0,74.0,526.844047,20260918_000660_E001,2026-09-18 09:00:00.201,1812000.0,74.0,526.844047,496.66160702705383,18,0.0,-0.11001100110011,True,True,20260918_000660_SHADOW_SCORE_70_74_E001_090019892729,2026-09-18 09:00:19.882,1812000.0,74.0,82.234846,0.1103752759381793,0.0,32.20354104042053,0.0,32.20354104042053,-0.11001100110011,64.20101284980774,-0.11001100110011,129.68215560913086,0.27609055770292656,187.5148425102234,0.055096418732782364,305.5276815891266,0.0,32.20354104042053,0.10982976386600768,64.20101284980774,0.21959914853252885,129.68215560913086,-0.05564022985066597,187.5148425102234,0.16450286315979085,305.5276815891266
2026-09-18 09:08:47,v2.1.2,MAIN,MAIN,MAIN,2026-09-18 09:08:47.008,True,KOSDAQ,010170,대한광통신,17350.0,7.63,5510444,93949000000.0,95606203400.0,93949000000.0,ACTUAL,1,17570.0,1.2521343198634036,1.0738010332373245,1.072295915815791,76,37,19,11,9,True,60,2026-09-18 09:03:11.335,17200.0,63.0,335.672519,20260918_010170_E002,2026-09-18 09:04:35.498,17210.0,87.0,251.509541,419.65126609802246,15,-0.23001725129384704,-0.11514104778353484,False,False,,,,,,,-0.23001725129384704,32.20354104042053,-0.23001725129384704,32.20354104042053,-0.11514104778353484,64.20101284980774,-1.026811180832858,129.68215560913086,1.461988304093567,187.5148425102234,0.872093023255814,305.5276815891266,0.2276607854297097,32.20354104042053,0.11383039271485496,64.20101284980774,1.024473534433694,129.68215560913086,-0.5284515503261427,187.5148425102234,1.0780194040189464,305.5276815891266
2026-09-18 09:08:47,v2.1.2,MAIN,MAIN,MAIN,2026-09-18 09:08:47.021,True,KOSPI,009150,삼성전기,1399000.0,4.66,92203,183927000000.0,128991997000.0,183927000000.0,ACTUAL,3,1409000.0,0.7097232079488999,1.0,1.0900117036494106,76,40,22,5,9,True,60,2026-09-18 09:00:00.201,1399000.0,74.0,526.819974,20260918_009150_E001,2026-09-18 09:00:00.201,1399000.0,74.0,526.819974,496.66160702705383,18,-0.14275517487508924,0.0,False,True,20260918_009150_SHADOW_SCORE_70_74_E001_090019889352,2026-09-18 09:00:19.873,1399000.0,74.0,82.238648,-0.21443888491780028,-0.14275517487508924,32.20354104042053,-0.14275517487508924,32.20354104042053,0.0,64.20101284980774,-0.07142857142857142,129.68215560913086,0.0,187.5148425102234,-0.07142857142857142,305.5276815891266,0.14194464158977993,32.20354104042053,0.0,64.20101284980774,0.07097232079488991,129.68215560913086,0.0,187.5148425102234,0.07097232079488991,305.5276815891266
2026-09-18 09:08:47,v2.1.2,MAIN,MAIN,MAIN,2026-09-18 09:08:47.023,True,KOSPI,005930,삼성전자,258500.0,3.56,1272263,523560000000.0,328879985500.0,523560000000.0,ACTUAL,2,261000.0,0.9578544061302682,1.0,1.117560251890983,76,40,22,5,9,True,60,2026-09-18 09:00:00.201,260500.0,74.0,526.821973,20260918_005930_E001,2026-09-18 09:00:00.201,260500.0,74.0,526.821973,496.66160702705383,18,-0.0966183574879227,0.0,False,True,20260918_005930_SHADOW_SCORE_70_74_E001_090019891292,2026-09-18 09:00:19.877,260500.0,74.0,82.235748,-0.19193857965451588,-0.0966183574879227,32.20354104042053,-0.0966183574879227,32.20354104042053,0.0,64.20101284980774,-0.19305019305019305,129.68215560913086,-0.19305019305019305,187.5148425102234,-0.6724303554274735,305.5276815891266,0.09578544061302685,32.20354104042053,0.0,64.20101284980774,0.1915708812260537,129.68215560913086,0.1915708812260537,187.5148425102234,0.6704980842911877,305.5276815891266
2026-09-18 09:09:20,v2.1.2,MAIN,MAIN,MAIN,2026-09-18 09:09:20.933,True,KOSPI,000660,SK하이닉스,1816000.0,4.01,240330,929231000000.0,436439280000.0,929231000000.0,ACTUAL,1,1821000.0,0.2745744096650192,1.0,1.0506826617468972,79,40,25,5,9,True,60,2026-09-18 09:00:00.201,1812000.0,74.0,560.731913,20260918_000660_E001,2026-09-18 09:00:00.201,1812000.0,74.0,560.731913,528.9196619987488,19,0.0,0.0,True,True,20260918_000660_SHADOW_SCORE_70_74_E001_090019892729,2026-09-18 09:00:19.882,1812000.0,74.0,82.234846,0.1103752759381793,0.0,32.258054971694946,0.0,32.258054971694946,0.0,64.46159601211548,-0.11001100110011,130.578950881958,0.22075055187637968,191.29230523109436,0.22075055187637968,309.17657351493835,0.0,32.258054971694946,0.0,64.46159601211548,0.16468429977490934,130.578950881958,-0.0006044565980518057,191.29230523109436,-0.0006044565980518057,309.17657351493835
2026-09-18 09:09:20,v2.1.2,MAIN,MAIN,MAIN,2026-09-18 09:09:20.908,True,KOSDAQ,043260,성호전자,23150.0,7.41,1312125,29140000000.0,30375693750.0,29140000000.0,ACTUAL,6,23250.0,0.43010752688172044,1.2192978785723252,1.1809487551267823,77,24,25,16,12,True,60,2026-09-18 09:08:49.121,23150.0,77.0,31.787174,20260918_043260_E001,2026-09-18 09:08:49.121,23150.0,77.0,31.787174,502.56250643730164,12,0.43383947939262474,0.0,True,False,,,,,,,0.43383947939262474,32.258054971694946,0.43383947939262474,32.258054971694946,0.0,64.46159601211548,2.433628318584071,130.578950881958,3.5794183445190155,191.29230523109436,4.044943820224719,309.17657351493835,-0.43010752688172044,32.258054971694946,0.0,64.46159601211548,,,,,,
2026-09-18 09:09:23,v2.1.2,MAIN,MAIN,MAIN,2026-09-18 09:09:20.924,True,KOSPI,009150,삼성전기,1397000.0,4.66,95114,183927000000.0,132874258000.0,183927000000.0,ACTUAL,3,1409000.0,0.8516678495386799,1.0,1.0520761896334314,76,40,22,5,9,True,60,2026-09-18 09:00:00.201,1399000.0,74.0,560.722924,20260918_009150_E001,2026-09-18 09:00:00.201,1399000.0,74.0,560.722924,528.9196619987488,19,-0.14295925661186562,-0.28551034975017847,False,True,20260918_009150_SHADOW_SCORE_70_74_E001_090019889352,2026-09-18 09:00:19.873,1399000.0,74.0,82.238648,-0.21443888491780028,-0.14295925661186562,32.258054971694946,-0.14295925661186562,32.258054971694946,-0.28551034975017847,64.46159601211548,-0.14295925661186562,130.578950881958,-0.07153075822603719,191.29230523109436,-0.42765502494654317,309.17657351493835,0.14194464158978004,32.258054971694946,0.28388928317955997,64.46159601211548,0.14194464158978004,130.578950881958,0.07097232079489002,191.29230523109436,0.42583392476933996,309.17657351493835
2026-09-18 09:09:23,v2.1.2,MAIN,MAIN,MAIN,2026-09-18 09:09:20.927,True,KOSPI,005930,삼성전자,259000.0,3.56,1284930,523560000000.0,332796870000.0,523560000000.0,ACTUAL,2,261000.0,0.7662835249042145,1.0,1.0888333002852306,76,40,22,5,9,True,60,2026-09-18 09:00:00.201,260500.0,74.0,560.725916,20260918_005930_E001,2026-09-18 09:00:00.201,260500.0,74.0,560.725916,528.9196619987488,19,0.19342359767891684,0.0966183574879227,False,True,20260918_005930_SHADOW_SCORE_70_74_E001_090019891292,2026-09-18 09:00:19.877,260500.0,74.0,82.235748,-0.19193857965451588,0.19342359767891684,32.258054971694946,0.19342359767891684,32.258054971694946,0.0966183574879227,64.46159601211548,0.0,130.578950881958,0.0,191.29230523109436,-0.38461538461538464,309.17657351493835,-0.1915708812260537,32.258054971694946,-0.09578544061302685,64.46159601211548,0.0,130.578950881958,0.0,191.29230523109436,0.38314176245210724,309.17657351493835
2026-09-18 09:09:56,v2.1.2,MAIN,MAIN,MAIN,2026-09-18 09:09:56.051,True,KOSPI,000660,SK하이닉스,1820000.0,4.01,260850,929231000000.0,474747000000.0,929231000000.0,ACTUAL,1,1822000.0,0.10976948408342481,1.0,1.1065485103909931,79,40,25,5,9,True,60,2026-09-18 09:00:00.201,1812000.0,74.0,595.849482,20260918_000660_E001,2026-09-18 09:00:00.201,1812000.0,74.0,595.849482,564.6224389076233,20,0.22026431718061676,0.22026431718061676,True,True,20260918_000660_SHADOW_SCORE_70_74_E001_090019892729,2026-09-18 09:00:19.882,1812000.0,74.0,82.234846,0.1103752759381793,0.22026431718061676,35.70277690887451,0.22026431718061676,35.70277690887451,0.22026431718061676,67.96083188056946,0.11001100110011,132.1618447303772,0.11001100110011,166.28172779083252,0.33076074972436603,289.3255355358124,-0.16480492558159443,35.70277690887451,-0.16480492558159443,67.96083188056946,-0.05497516171558674,132.1618447303772,-0.00012062580668507905,166.28172779083252,-0.05533783567441779,289.3255355358124
2026-09-18 09:09:56,v2.1.2,MAIN,MAIN,MAIN,2026-09-18 09:09:56.017,True,KOSDAQ,950260,인제니아테라퓨틱스(Reg.S),20200.0,12.38,1435678,26880000000.0,29000695600.0,26880000000.0,ACTUAL,8,20200.0,0.0,1.16940746541373,1.1819149505435476,77,24,25,16,12,True,60,2026-09-18 09:08:49.121,19790.0,63.0,66.896311,20260918_950260_E001,2026-09-18 09:08:49.121,19790.0,63.0,66.896311,564.6224389076233,15,2.0717534108135425,3.802672147995889,True,False,,,,,,,2.0717534108135425,35.70277690887451,2.0717534108135425,35.70277690887451,3.802672147995889,67.96083188056946,3.3776867963152504,132.1618447303772,2.4081115335868186,166.28172779083252,5.263157894736842,289.3255355358124,-1.0005002501250626,35.70277690887451,-2.6513256628314155,67.96083188056946,-2.2511255627813904,132.1618447303772,-1.3256628314157077,166.28172779083252,,
2026-09-18 09:09:58,v2.1.2,MAIN,MAIN,MAIN,2026-09-18 09:09:56.034,True,KOSPI,009150,삼성전기,1398000.0,4.66,98077,183927000000.0,137111646000.0,183927000000.0,ACTUAL,3,1409000.0,0.7806955287437899,1.0,1.0637072546446429,76,40,22,5,9,True,60,2026-09-18 09:00:00.201,1399000.0,74.0,595.832563,20260918_009150_E001,2026-09-18 09:00:00.201,1399000.0,74.0,595.832563,564.6224389076233,20,0.07158196134574087,-0.07147962830593281,False,True,20260918_009150_SHADOW_SCORE_70_74_E001_090019889352,2026-09-18 09:00:19.873,1399000.0,74.0,82.238648,-0.21443888491780028,0.07158196134574087,35.70277690887451,0.07158196134574087,35.70277690887451,-0.07147962830593281,67.96083188056946,-0.07147962830593281,132.1618447303772,-0.07147962830593281,166.28172779083252,-0.3563791874554526,289.3255355358124,-0.07097232079489002,35.70277690887451,0.07097232079489002,67.96083188056946,0.07097232079489002,132.1618447303772,0.07097232079489002,166.28172779083252,0.35486160397444994,289.3255355358124
2026-09-18 09:09:58,v2.1.2,MAIN,MAIN,MAIN,2026-09-18 09:09:56.036,True,KOSPI,005930,삼성전자,259500.0,3.56,1339501,523560000000.0,347600509500.0,523560000000.0,ACTUAL,2,261000.0,0.5747126436781609,1.0,1.052849135752592,76,40,22,5,9,True,60,2026-09-18 09:00:00.201,260500.0,74.0,595.834566,20260918_005930_E001,2026-09-18 09:00:00.201,260500.0,74.0,595.834566,564.6224389076233,20,0.19305019305019305,0.3868471953578337,False,True,20260918_005930_SHADOW_SCORE_70_74_E001_090019891292,2026-09-18 09:00:19.877,260500.0,74.0,82.235748,-0.19193857965451588,0.19305019305019305,35.70277690887451,0.19305019305019305,35.70277690887451,0.3868471953578337,67.96083188056946,0.3868471953578337,132.1618447303772,0.19305019305019305,166.28172779083252,-0.19230769230769232,289.3255355358124,-0.1915708812260536,35.70277690887451,-0.3831417624521073,67.96083188056946,-0.3831417624521073,132.1618447303772,-0.1915708812260536,166.28172779083252,0.19157088122605365,289.3255355358124
2026-09-18 09:10:33,v2.1.2,MAIN,MAIN,MAIN,2026-09-18 09:10:33.806,True,KOSDAQ,010170,대한광통신,17400.0,8.31,6333175,106936000000.0,110197245000.0,106936000000.0,ACTUAL,1,17570.0,0.9675583380762665,1.1122945704181402,1.113740483655655,82,40,22,11,9,True,60,2026-09-18 09:03:11.335,17200.0,63.0,442.471353,20260918_010170_E002,2026-09-18 09:04:35.498,17210.0,87.0,358.308375,523.9119794368744,18,1.2216404886561953,0.8111239860950173,False,False,,,,,,,1.2216404886561953,36.29988145828247,1.2216404886561953,36.29988145828247,0.8111239860950173,72.00265836715698,0.2881844380403458,104.26071333885193,0.17271157167530224,168.46172618865967,1.7543859649122806,291.7755558490753,-1.195219123505976,36.29988145828247,-0.7968127490039838,72.00265836715698,-0.28457598178713717,104.26071333885193,-0.1707455890722822,168.46172618865967,-0.8130275321132798,291.7755558490753
2026-09-18 09:10:33,v2.1.2,MAIN,MAIN,MAIN,2026-09-18 09:10:33.834,True,KOSPI,000660,SK하이닉스,1819000.0,4.01,272370,929231000000.0,495441030000.0,929231000000.0,ACTUAL,1,1822000.0,0.1646542261251372,1.0,1.1333166895518663,79,40,25,5,9,True,60,2026-09-18 09:00:00.201,1812000.0,74.0,633.632359,20260918_000660_E001,2026-09-18 09:00:00.201,1812000.0,74.0,633.632359,574.5651648044586,20,-0.054945054945054944,0.16519823788546256,True,True,20260918_000660_SHADOW_SCORE_70_74_E001_090019892729,2026-09-18 09:00:19.882,1812000.0,74.0,82.234846,0.1103752759381793,-0.054945054945054944,36.29988145828247,-0.054945054945054944,36.29988145828247,0.16519823788546256,72.00265836715698,0.16519823788546256,104.26071333885193,0.055005500550055,168.46172618865967,0.44174489232468256,291.7755558490753,0.054884742041712384,36.29988145828247,-0.10992018353988203,72.00265836715698,-0.10992018353988203,104.26071333885193,-9.041967387435346e-05,168.46172618865967,-0.165560413390548,291.7755558490753
2026-09-18 09:10:33,v2.1.2,MAIN,MAIN,MAIN,2026-09-18 09:10:33.801,True,KOSPI,005690,파미셀,13060.0,12.44,2259972,28573000000.0,29515234320.0,28573000000.0,ACTUAL,29,13070.0,0.07651109410864575,1.2239451702720068,1.2213193114051561,77,24,25,16,12,True,60,2026-09-18 09:06:38.542,12890.0,84.0,235.259559,20260918_005690_E003,2026-09-18 09:09:24.824,12870.0,66.0,68.977831,574.5651648044586,20,1.4763014763014763,2.592301649646504,True,False,,,,,,,1.4763014763014763,36.29988145828247,1.4763014763014763,36.29988145828247,2.592301649646504,72.00265836715698,2.03125,104.26071333885193,1.4763014763014763,168.46172618865967,3.241106719367589,291.7755558490753,-0.4644471748248936,36.29988145828247,-1.5463637126919725,72.00265836715698,-1.005405443758433,104.26071333885193,-0.4644471748248936,168.46172618865967,,
2026-09-18 09:10:33,v2.1.2,MAIN,MAIN,MAIN,2026-09-18 09:10:33.826,True,KOSPI,005930,삼성전자,259000.0,3.56,1390658,523560000000.0,360180422000.0,523560000000.0,ACTUAL,2,261000.0,0.7662835249042145,1.0,1.0822830815686457,76,40,22,5,9,True,60,2026-09-18 09:00:00.201,260500.0,74.0,633.624361,20260918_005930_E001,2026-09-18 09:00:00.201,260500.0,74.0,633.624361,574.5651648044586,20,-0.1926782273603083,0.0,False,True,20260918_005930_SHADOW_SCORE_70_74_E001_090019891292,2026-09-18 09:00:19.877,260500.0,74.0,82.235748,-0.19193857965451588,-0.1926782273603083,36.29988145828247,-0.1926782273603083,36.29988145828247,0.0,72.00265836715698,0.19342359767891684,104.26071333885193,0.19342359767891684,168.46172618865967,0.0,291.7755558490753,0.1915708812260536,36.29988145828247,0.0,72.00265836715698,-0.1915708812260537,104.26071333885193,-0.1915708812260537,168.46172618865967,0.0,291.7755558490753
2026-09-18 09:10:33,v2.1.2,MAIN,MAIN,MAIN,2026-09-18 09:10:33.809,True,KOSDAQ,356680,엑스게이트,18250.0,6.2,1647179,29214000000.0,30061016750.0,29214000000.0,ACTUAL,7,18440.0,1.0303687635574839,1.300422880035611,1.2991303003606727,75,24,19,20,12,True,60,2026-09-18 09:10:01.123,18250.0,75.0,32.685955,20260918_356680_E001,2026-09-18 09:10:01.123,18250.0,75.0,32.685955,574.5651648044586,14,-0.7612833061446439,1.164079822616408,False,False,,,,,,,-0.7612833061446439,36.29988145828247,-0.7612833061446439,36.29988145828247,1.164079822616408,72.00265836715698,1.052048726467331,104.26071333885193,1.4452473596442468,168.46172618865967,2.8169014084507045,291.7755558490753,0.7592190889370933,36.29988145828247,-0.1203161679493654,72.00265836715698,,,,,,
2026-09-18 09:11:11,v2.1.2,MAIN,MAIN,MAIN,2026-09-18 09:11:11.268,True,KOSPI,005690,파미셀,13170.0,12.78,2542914,31062000000.0,33490177380.0,31062000000.0,ACTUAL,27,13200.0,0.22727272727272727,1.2387143085021535,1.277692779610891,82,29,25,16,12,True,60,2026-09-18 09:06:38.542,12890.0,84.0,272.726589,20260918_005690_E003,2026-09-18 09:09:24.824,12870.0,66.0,106.444861,588.0432572364807,20,0.8422664624808576,2.331002331002331,True,False,,,,,,,0.8422664624808576,38.458418130874634,0.8422664624808576,38.458418130874634,2.331002331002331,74.7582995891571,3.456402199528672,110.46107649803162,2.730109204368175,174.9226725101471,3.294117647058824,301.753381729126,0.15076163316408153,38.458418130874634,-0.3136855416608121,74.7582995891571,-1.395602079527891,110.46107649803162,-0.7000843051847688,174.9226725101471,,
2026-09-18 09:11:11,v2.1.2,MAIN,MAIN,MAIN,2026-09-18 09:11:11.286,True,KOSDAQ,010170,대한광통신,17350.0,7.63,6431332,109962000000.0,111583610200.0,109962000000.0,ACTUAL,1,17570.0,1.2521343198634036,1.0963310069790628,1.0939098002182603,79,40,19,11,9,True,60,2026-09-18 09:03:11.335,17200.0,63.0,479.951378,20260918_010170_E002,2026-09-18 09:04:35.498,17210.0,87.0,395.7884,562.370397567749,19,-0.28735632183908044,0.9307737056428156,False,False,,,,,,,-0.28735632183908044,38.458418130874634,-0.28735632183908044,38.458418130874634,0.9307737056428156,74.7582995891571,0.5214368482039398,110.46107649803162,-0.23001725129384704,174.9226725101471,0.872093023255814,301.753381729126,0.28457598178713717,38.458418130874634,-0.9106431417188388,74.7582995891571,-0.5122367672168466,110.46107649803162,0.2276607854297097,174.9226725101471,0.0459309884446788,301.753381729126
2026-09-18 09:11:11,v2.1.2,MAIN,MAIN,MAIN,2026-09-18 09:11:11.332,True,KOSPI,000660,SK하이닉스,1817000.0,4.01,280365,929231000000.0,509423205000.0,929231000000.0,ACTUAL,1,1822000.0,0.27442371020856204,1.0,1.0748131109833237,79,40,25,5,9,True,60,2026-09-18 09:00:00.201,1812000.0,74.0,671.131301,20260918_000660_E001,2026-09-18 09:00:00.201,1812000.0,74.0,671.131301,588.0432572364807,20,-0.10995052226498077,-0.16483516483516483,True,True,20260918_000660_SHADOW_SCORE_70_74_E001_090019892729,2026-09-18 09:00:19.882,1812000.0,74.0,82.234846,0.1103752759381793,-0.10995052226498077,38.458418130874634,-0.10995052226498077,38.458418130874634,-0.16483516483516483,74.7582995891571,0.05506607929515419,110.46107649803162,0.05506607929515419,174.9226725101471,0.27593818984547464,301.753381729126,0.10976948408342485,38.458418130874634,0.16465422612513725,74.7582995891571,-0.00015069945645718175,110.46107649803162,-0.00015069945645718175,174.9226725101471,-0.0007551560545089875,301.753381729126
2026-09-18 09:11:11,v2.1.2,MAIN,MAIN,MAIN,2026-09-18 09:11:11.269,True,KOSDAQ,046970,우리로,8340.0,17.66,3444690,26693000000.0,28728714600.0,26693000000.0,ACTUAL,10,8350.0,0.11976047904191617,1.2000089911886351,1.2086139651859784,77,24,25,16,12,True,60,2026-09-18 09:07:44.659,8170.0,60.0,206.610238,20260918_046970_E002,2026-09-18 09:10:01.123,8190.0,68.0,70.145984,588.0432572364807,20,1.8315018315018317,3.0902348578491967,True,False,,,,,,,1.8315018315018317,38.458418130874634,1.8315018315018317,38.458418130874634,3.0902348578491967,74.7582995891571,2.457002457002457,110.46107649803162,2.08078335373317,174.9226725101471,5.7034220532319395,301.753381729126,-1.7964071856287425,38.458418130874634,-2.9940119760479043,74.7582995891571,-2.395209580838323,110.46107649803162,-0.24609317949466925,174.9226725101471,0.11976047904191617,301.753381729126
2026-09-18 09:11:14,v2.1.2,MAIN,MAIN,MAIN,2026-09-18 09:11:11.289,True,KOSDAQ,356680,엑스게이트,18230.0,5.97,1742316,31003000000.0,31762420680.0,31003000000.0,ACTUAL,7,18440.0,1.13882863340564,1.2314016761329785,1.1944544040431324,76,29,19,16,12,True,60,2026-09-18 09:10:01.123,18250.0,75.0,70.16598,20260918_356680_E001,2026-09-18 09:10:01.123,18250.0,75.0,70.16598,588.0432572364807,14,-0.1095890410958904,-0.8700380641653072,False,False,,,,,,,-0.1095890410958904,38.458418130874634,-0.1095890410958904,38.458418130874634,-0.8700380641653072,74.7582995891571,1.0532150776053215,110.46107649803162,0.8296460176991152,174.9226725101471,2.4157303370786516,301.753381729126,0.10845986984815603,38.458418130874634,0.8676789587852494,74.7582995891571,-0.011856298101209362,110.46107649803162,,,,
2026-09-18 09:11:14,v2.1.2,MAIN,MAIN,MAIN,2026-09-18 09:11:11.319,True,KOSPI,005930,삼성전자,258750.0,3.56,1422106,523560000000.0,367969927500.0,523560000000.0,ACTUAL,2,261000.0,0.8620689655172413,1.0,1.061668486996277,76,40,22,5,9,True,60,2026-09-18 09:00:00.201,260500.0,74.0,671.117381,20260918_005930_E001,2026-09-18 09:00:00.201,260500.0,74.0,671.117381,588.0432572364807,20,-0.09652509652509653,-0.2890173410404624,False,True,20260918_005930_SHADOW_SCORE_70_74_E001_090019891292,2026-09-18 09:00:19.877,260500.0,74.0,82.235748,-0.19193857965451588,-0.09652509652509653,38.458418130874634,-0.09652509652509653,38.458418130874634,-0.2890173410404624,74.7582995891571,-0.09652509652509653,110.46107649803162,0.0,174.9226725101471,-0.09652509652509653,301.753381729126,0.09578544061302685,38.458418130874634,0.28735632183908044,74.7582995891571,0.09578544061302685,110.46107649803162,0.0,174.9226725101471,0.09578544061302685,301.753381729126
2026-09-18 09:11:49,v2.1.2,MAIN,MAIN,MAIN,2026-09-18 09:11:49.359,True,KOSPI,005690,파미셀,13290.0,14.68,2728201,34679000000.0,36257791290.0,34679000000.0,ACTUAL,25,13300.0,0.07518796992481204,1.2136982465964372,1.2071835403270483,82,29,25,16,12,True,60,2026-09-18 09:06:38.542,12890.0,84.0,310.81666,20260918_005690_E003,2026-09-18 09:09:24.824,12870.0,66.0,144.534932,599.7733297348022,20,0.9111617312072893,1.761102603369066,True,False,,,,,,,0.9111617312072893,37.40293216705322,0.9111617312072893,37.40293216705322,1.761102603369066,75.86135029792786,3.263403263403263,112.16123175621033,3.8281250000000004,180.12206363677979,3.1031807602792862,309.80421924591064,-0.1520847573479152,37.40293216705322,-0.0013231241838337071,75.86135029792786,-0.46577029900872735,112.16123175621033,-1.0067285679422666,180.12206363677979,-0.3112107935991447,278.44295954704285
2026-09-18 09:12:24,v2.1.2,MAIN,MAIN,MAIN,2026-09-18 09:12:24.382,True,KOSPI,005690,파미셀,13260.0,14.55,2881101,36765000000.0,38203399260.0,36765000000.0,ACTUAL,25,13330.0,0.5251312828207052,1.1836005408537764,1.132991914001024,76,29,22,16,9,True,60,2026-09-18 09:06:38.542,12890.0,84.0,345.840008,20260918_005690_E003,2026-09-18 09:09:24.824,12870.0,66.0,179.55828,574.7164282798767,19,-0.2257336343115124,0.683371298405467,True,False,,,,,,,-0.2257336343115124,34.4609956741333,-0.2257336343115124,34.4609956741333,0.683371298405467,71.86392784118652,1.5313935681470139,110.32234597206116,4.163393558523174,182.32500433921814,2.8704422032583397,312.90395522117615,0.4499433128958932,34.4609956741333,0.2978585555479779,71.86392784118652,0.44862018871205944,110.32234597206116,-1.0977435239799131,182.32500433921814,0.13873251929674846,312.90395522117615
2026-09-18 09:12:58,v2.1.2,MAIN,MAIN,MAIN,2026-09-18 09:12:58.903,True,KOSDAQ,218410,RFHIC,58200.0,8.99,189953,31704000000.0,11055264600.0,31704000000.0,ACTUAL,9,58300.0,0.17152658662092624,1.1604260458987592,1.2181706245631136,82,29,25,16,12,True,60,2026-09-18 09:07:12.662,56700.0,63.0,346.241575,20260918_218410_E003,2026-09-18 09:11:16.985,57200.0,63.0,101.918498,581.5983488559723,19,0.6920415224913495,1.7482517482517483,True,True,20260918_218410_SHADOW_SCORE_70_74_E003_091224611668,2026-09-18 09:12:24.428,57800.0,72.0,34.475531,0.6920415224913601,0.6920415224913495,34.28301215171814,0.6920415224913495,34.28301215171814,1.7482517482517483,68.74400782585144,2.6455026455026456,106.14693999290466,3.1914893617021276,180.90523958206177,2.6455026455026456,313.06708431243896,-0.0011849850543760032,34.28301215171814,-0.1769054691282027,68.74400782585144,-1.0479856085010248,106.14693999290466,-1.5706336921247184,180.90523958206177,-1.0479856085010248,313.06708431243896
2026-09-18 09:13:01,v2.1.2,MAIN,MAIN,MAIN,2026-09-18 09:12:58.914,True,KOSPI,009150,삼성전기,1395000.0,4.66,110241,183927000000.0,153786195000.0,183927000000.0,ACTUAL,3,1409000.0,0.99361249112846,1.0,1.051265913317122,76,40,22,5,9,True,60,2026-09-18 09:00:00.201,1399000.0,74.0,778.712727,20260918_009150_E001,2026-09-18 09:00:00.201,1399000.0,74.0,778.712727,581.5983488559723,19,0.21551724137931033,0.28756290438533433,False,True,20260918_009150_SHADOW_SCORE_70_74_E001_090019889352,2026-09-18 09:00:19.873,1399000.0,74.0,82.238648,-0.21443888491780028,0.21551724137931033,34.28301215171814,0.21551724137931033,34.28301215171814,0.28756290438533433,68.74400782585144,0.07173601147776185,106.14693999290466,-0.2145922746781116,180.90523958206177,-0.28591851322373124,313.06708431243896,-0.21291696238466995,34.28301215171814,-0.28388928317955997,68.74400782585144,-0.07097232079488991,106.14693999290466,0.21291696238467006,180.90523958206177,0.2838892831795601,313.06708431243896
2026-09-18 09:14:15,v2.1.2,MAIN,MAIN,MAIN,2026-09-18 09:14:15.674,True,KOSPI,009150,삼성전기,1399000.0,5.19,117298,430647000000.0,164099902000.0,430647000000.0,ACTUAL,3,1409000.0,0.7097232079488999,2.341401751781957,1.064014295951597,91,40,22,20,9,True,60,2026-09-18 09:00:00.201,1399000.0,74.0,855.473119,20260918_009150_E001,2026-09-18 09:00:00.201,1399000.0,74.0,855.473119,574.532637834549,18,0.07153075822603719,0.2867383512544803,False,True,20260918_009150_SHADOW_SCORE_70_74_E001_090019889352,2026-09-18 09:00:19.873,1399000.0,74.0,82.238648,-0.21443888491780028,0.07153075822603719,38.68759250640869,0.07153075822603719,38.68759250640869,0.2867383512544803,76.5120861530304,0.5028735632183908,110.79509830474854,0.3586800573888092,182.65902614593506,0.14316392269148173,293.1201026439667,-0.07097232079489002,38.68759250640869,-0.2838892831795601,76.5120861530304,-0.49680624556423003,110.79509830474854,-0.35486160397445,182.65902614593506,-0.14194464158978004,293.1201026439667
2026-09-18 09:14:51,v2.1.2,MAIN,MAIN,MAIN,2026-09-18 09:14:51.316,True,KOSPI,009150,삼성전기,1401000.0,5.34,122067,448243000000.0,171015867000.0,448243000000.0,ACTUAL,3,1409000.0,0.5677785663591199,2.4370701419584946,1.084066748963153,91,40,22,20,9,True,60,2026-09-18 09:00:00.201,1399000.0,74.0,891.11482,20260918_009150_E001,2026-09-18 09:00:00.201,1399000.0,74.0,891.11482,586.1230154037476,18,0.14295925661186562,0.2145922746781116,False,True,20260918_009150_SHADOW_SCORE_70_74_E001_090019889352,2026-09-18 09:00:19.873,1399000.0,74.0,82.238648,-0.21443888491780028,0.14295925661186562,39.38015413284302,0.14295925661186562,39.38015413284302,0.2145922746781116,78.06774663925171,0.43010752688172044,115.89224028587341,0.7189072609633357,184.63624811172485,0.2145922746781116,296.7974798679352,-0.14194464158977993,39.38015413284302,-0.21291696238466995,78.06774663925171,-0.42583392476934,115.89224028587341,-0.7097232079489,184.63624811172485,-0.21291696238466995,296.7974798679352
2026-09-18 09:14:51,v2.1.2,MAIN,MAIN,MAIN,2026-09-18 09:14:51.318,True,KOSDAQ,043260,성호전자,23950.0,10.42,2082145,47055000000.0,49867372750.0,47055000000.0,ACTUAL,3,23950.0,0.0,1.1711341745688046,1.152917614213676,82,29,25,16,12,True,60,2026-09-18 09:08:49.121,23150.0,77.0,362.197157,20260918_043260_E001,2026-09-18 09:08:49.121,23150.0,77.0,362.197157,586.1230154037476,18,0.8421052631578947,2.1321961620469083,True,False,,,,,,,0.8421052631578947,39.38015413284302,0.8421052631578947,39.38015413284302,2.1321961620469083,78.06774663925171,3.455723542116631,115.89224028587341,3.455723542116631,184.63624811172485,4.585152838427948,296.7974798679352,0.0,39.38015413284302,0.0,78.06774663925171,-0.8565310492505354,115.89224028587341,-0.43010752688172044,184.63624811172485,-1.5053763440860215,296.7974798679352
2026-09-18 09:14:51,v2.1.2,MAIN,MAIN,MAIN,2026-09-18 09:14:51.406,True,KOSPI,000660,SK하이닉스,1822000.0,4.01,326606,929231000000.0,595076132000.0,929231000000.0,ACTUAL,1,1824000.0,0.10964912280701754,1.0,1.0743653762018954,79,40,25,5,9,True,60,2026-09-18 09:00:00.201,1812000.0,74.0,891.204903,20260918_000660_E001,2026-09-18 09:00:00.201,1812000.0,74.0,891.204903,586.1230154037476,18,0.054914881933003847,0.16492578339747113,True,True,20260918_000660_SHADOW_SCORE_70_74_E001_090019892729,2026-09-18 09:00:19.882,1812000.0,74.0,82.234846,0.1103752759381793,0.054914881933003847,39.38015413284302,0.054914881933003847,39.38015413284302,0.16492578339747113,78.06774663925171,0.22002200220022,115.89224028587341,0.27517886626307103,184.63624811172485,0.10989010989010989,296.7974798679352,0.05476438076530513,39.38015413284302,-0.055005103318119655,78.06774663925171,-0.10988984535983208,115.89224028587341,-0.1647745874015445,184.63624811172485,-0.00012036127640727146,296.7974798679352
2026-09-18 09:15:29,v2.1.2,MAIN,MAIN,MAIN,2026-09-18 09:15:28.796,True,KOSPI,009150,삼성전기,1401000.0,5.34,125414,453144000000.0,175705014000.0,453144000000.0,ACTUAL,3,1409000.0,0.5677785663591199,1.052240001671903,1.0691912905590888,82,40,22,11,9,True,60,2026-09-18 09:00:00.201,1399000.0,74.0,928.59525,20260918_009150_E001,2026-09-18 09:00:00.201,1399000.0,74.0,928.59525,587.1420977115631,18,0.0,0.14295925661186562,False,True,20260918_009150_SHADOW_SCORE_70_74_E001_090019889352,2026-09-18 09:00:19.873,1399000.0,74.0,82.238648,-0.21443888491780028,0.0,34.86894345283508,0.0,34.86894345283508,0.14295925661186562,74.2490975856781,0.2145922746781116,112.93669009208679,0.646551724137931,185.04419589042664,0.14295925661186562,295.3665418624878,0.0,34.86894345283508,-0.14194464158977993,74.2490975856781,-0.21291696238466995,112.93669009208679,-0.63875088715401,185.04419589042664,-0.14194464158977993,295.3665418624878
2026-09-18 09:15:29,v2.1.2,MAIN,MAIN,MAIN,2026-09-18 09:15:28.830,True,KOSDAQ,043260,성호전자,23850.0,11.11,2257311,50516000000.0,53836867350.0,50516000000.0,ACTUAL,3,24100.0,1.0373443983402488,1.1647951301620973,1.164360618362073,80,33,19,16,12,True,60,2026-09-18 09:08:49.121,23150.0,77.0,399.709585,20260918_043260_E001,2026-09-18 09:08:49.121,23150.0,77.0,399.709585,587.1420977115631,18,-0.41753653444676403,0.42105263157894735,True,False,,,,,,,-0.41753653444676403,34.86894345283508,-0.41753653444676403,34.86894345283508,0.42105263157894735,74.2490975856781,1.7057569296375266,112.93669009208679,2.3605150214592276,185.04419589042664,3.9215686274509802,295.3665418624878,1.0373443983402488,34.86894345283508,1.0373443983402488,74.2490975856781,1.0373443983402488,112.93669009208679,0.8232116360276149,185.04419589042664,-0.2529781823049124,295.3665418624878
2026-09-18 09:15:29,v2.1.2,MAIN,MAIN,MAIN,2026-09-18 09:15:28.835,True,KOSDAQ,010170,대한광통신,17390.0,7.75,7565590,129309000000.0,131565610100.0,129309000000.0,ACTUAL,1,17570.0,1.024473534433694,1.0728010353925033,1.0737981743306317,79,40,19,11,9,True,60,2026-09-18 09:03:11.335,17200.0,63.0,737.500323,20260918_010170_E002,2026-09-18 09:04:35.498,17210.0,87.0,653.337345,587.1420977115631,18,0.9286128845037724,0.40415704387990764,False,False,,,,,,,0.9286128845037724,34.86894345283508,0.9286128845037724,34.86894345283508,0.40415704387990764,74.2490975856781,0.28835063437139563,112.93669009208679,0.6365740740740741,185.04419589042664,-0.05747126436781609,295.3665418624878,-0.910643141718839,34.86894345283508,-0.3984063745019919,74.2490975856781,-0.28457598178713694,112.93669009208679,-0.6260671599317018,185.04419589042664,0.05691519635742748,295.3665418624878
2026-09-18 09:16:03,v2.1.2,MAIN,MAIN,MAIN,2026-09-18 09:16:03.030,True,KOSPI,000500,가온전선,278500.0,6.72,108480,82317000000.0,30211680000.0,82317000000.0,ACTUAL,11,280000.0,0.5357142857142857,4.1532290615539855,1.1344313725490196,88,37,22,20,9,True,60,2026-09-18 09:15:31.330,278500.0,88.0,31.699802,20260918_000500_E001,2026-09-18 09:15:31.330,278500.0,88.0,31.699802,593.5013377666473,18,-0.17921146953405018,0.5415162454873645,False,False,,,,,,,-0.17921146953405018,34.8398323059082,-0.17921146953405018,34.8398323059082,0.5415162454873645,69.70877575874329,0.5415162454873645,109.0889298915863,1.6423357664233578,185.6010160446167,2.2018348623853212,291.74795603752136,0.17857142857142855,34.8398323059082,-0.181131592421915,69.70877575874329,-0.181131592421915,109.0889298915863,-1.2564004096262158,185.6010160446167,-1.7940348182283667,291.74795603752136
2026-09-18 09:16:06,v2.1.2,MAIN,MAIN,MAIN,2026-09-18 09:16:03.058,True,KOSDAQ,010170,대한광통신,17550.0,8.68,8217036,139349000000.0,144208981800.0,139349000000.0,ACTUAL,1,17570.0,0.11383039271485487,1.1143017072488106,1.1249841356984775,85,40,25,11,9,True,60,2026-09-18 09:03:11.335,17200.0,63.0,771.723221,20260918_010170_E002,2026-09-18 09:04:35.498,17210.0,87.0,687.560243,593.5013377666473,18,0.9200690051753881,1.8572257690075449,False,False,,,,,,,0.9200690051753881,34.8398323059082,0.9200690051753881,34.8398323059082,1.8572257690075449,69.70877575874329,1.327944572748268,109.0889298915863,1.4450867052023122,185.6010160446167,1.1527377521613833,291.74795603752136,-0.9106431417188391,34.8398323059082,-1.821286283437678,69.70877575874329,-1.3090495162208309,109.0889298915863,-1.4228799089356856,185.6010160446167,-1.1383039271485487,291.74795603752136
2026-09-18 09:16:06,v2.1.2,MAIN,MAIN,MAIN,2026-09-18 09:16:03.055,True,KOSDAQ,043260,성호전자,24200.0,11.81,2362305,53664000000.0,57167781000.0,53664000000.0,ACTUAL,3,24200.0,0.0,1.1404526617787696,1.1345535493445462,78,33,25,11,9,True,60,2026-09-18 09:08:49.121,23150.0,77.0,433.934495,20260918_043260_E001,2026-09-18 09:08:49.121,23150.0,77.0,433.934495,593.5013377666473,18,1.4675052410901468,1.0438413361169103,True,False,,,,,,,1.4675052410901468,34.8398323059082,1.4675052410901468,34.8398323059082,1.0438413361169103,69.70877575874329,1.8947368421052633,109.0889298915863,4.535637149028078,185.6010160446167,4.761904761904762,291.74795603752136,-1.0373443983402488,34.8398323059082,0.0,69.70877575874329,0.0,109.0889298915863,-0.8565310492505354,185.6010160446167,-0.6451612903225806,291.74795603752136
2026-09-18 09:16:31,v2.1.2,MAIN,MAIN,MAIN,2026-09-18 09:16:30.950,True,KOSPI,000500,가온전선,281000.0,7.87,121129,90363000000.0,34037249000.0,90363000000.0,ACTUAL,11,282500.0,0.5309734513274336,4.559182643794148,1.142510847009998,88,37,22,20,9,True,60,2026-09-18 09:15:31.330,278500.0,88.0,59.619908,20260918_000500_E001,2026-09-18 09:15:31.330,278500.0,88.0,59.619908,570.0391666889191,17,0.8976660682226212,0.7168458781362007,False,False,,,,,,,0.8976660682226212,37.25118327140808,0.8976660682226212,37.25118327140808,0.7168458781362007,72.09101557731628,1.444043321299639,106.95995903015137,2.3679417122040074,185.02770566940308,2.742230347349177,291.5962071418762,-0.004740834386852133,37.25118327140808,0.17383059418457641,72.09101557731628,-0.18587242680876714,106.95995903015137,-1.081929774479018,185.02770566940308,-1.4403527135471184,291.5962071418762
2026-09-18 09:16:31,v2.1.2,MAIN,MAIN,MAIN,2026-09-18 09:16:30.956,True,KOSDAQ,010170,대한광통신,17600.0,8.68,8632650,147005000000.0,151934640000.0,147005000000.0,ACTUAL,1,17600.0,0.0,1.1368504899117617,1.1410412142344484,85,40,25,11,9,True,60,2026-09-18 09:03:11.335,17200.0,63.0,799.620675,20260918_010170_E002,2026-09-18 09:04:35.498,17210.0,87.0,715.457697,570.0391666889191,17,0.2849002849002849,1.207590569292697,False,False,,,,,,,0.2849002849002849,37.25118327140808,0.2849002849002849,37.25118327140808,1.207590569292697,72.09101557731628,2.1474172954149737,106.95995903015137,1.4994232987312572,185.02770566940308,1.910828025477707,291.5962071418762,-0.11383039271485487,37.25118327140808,-1.024473534433694,72.09101557731628,-1.935116676152533,106.95995903015137,-1.3090495162208309,185.02770566940308,-1.707455890722823,291.5962071418762
2026-09-18 09:16:31,v2.1.2,MAIN,MAIN,MAIN,2026-09-18 09:16:31.030,True,KOSPI,000660,SK하이닉스,1823000.0,4.01,346263,929231000000.0,631237449000.0,929231000000.0,ACTUAL,1,1825000.0,0.1095890410958904,1.0,1.0546156165576812,79,40,25,5,9,True,60,2026-09-18 09:00:00.201,1812000.0,74.0,990.829304,20260918_000660_E001,2026-09-18 09:00:00.201,1812000.0,74.0,990.829304,570.0391666889191,17,-0.05482456140350877,0.0,True,True,20260918_000660_SHADOW_SCORE_70_74_E001_090019892729,2026-09-18 09:00:19.882,1812000.0,74.0,82.234846,0.1103752759381793,-0.05482456140350877,37.25118327140808,-0.05482456140350877,37.25118327140808,0.0,72.09101557731628,0.054884742041712405,106.95995903015137,0.21990104452996154,185.02770566940308,0.3302146395156852,291.5962071418762,0.1095890410958904,37.25118327140808,0.054764479692381636,72.09101557731628,-6.00817111271329e-05,106.95995903015137,-0.05506518502924679,185.02770566940308,-0.16483466911267164,291.5962071418762
2026-09-18 09:16:31,v2.1.2,MAIN,MAIN,MAIN,2026-09-18 09:16:30.954,True,KOSDAQ,043260,성호전자,24350.0,12.73,2529774,57291000000.0,61599996900.0,57291000000.0,ACTUAL,3,24450.0,0.408997955010225,1.134115923667749,1.1207024641265648,78,33,25,11,9,True,60,2026-09-18 09:08:49.121,23150.0,77.0,461.832937,20260918_043260_E001,2026-09-18 09:08:49.121,23150.0,77.0,461.832937,570.0391666889191,17,0.6198347107438017,2.0964360587002098,True,False,,,,,,,0.6198347107438017,37.25118327140808,0.6198347107438017,37.25118327140808,2.0964360587002098,72.09101557731628,1.6701461377870561,106.95995903015137,3.8379530916844353,185.02770566940308,5.183585313174946,291.5962071418762,0.408997955010225,37.25118327140808,-0.6283464433300239,72.09101557731628,0.408997955010225,106.95995903015137,0.408997955010225,185.02770566940308,-0.021109571871495425,291.5962071418762
2026-09-18 09:16:56,v2.1.2,MAIN,MAIN,MAIN,2026-09-18 09:16:56.512,True,KOSPI,000500,가온전선,286000.0,9.4,130805,95242000000.0,37410230000.0,95242000000.0,ACTUAL,11,286000.0,0.0,4.805348133198789,1.233776645915865,94,37,25,20,12,True,60,2026-09-18 09:15:31.330,278500.0,88.0,85.182122,20260918_000500_E001,2026-09-18 09:15:31.330,278500.0,88.0,85.182122,595.4939510822296,18,1.7793594306049825,2.6929982046678633,False,False,,,,,,,1.7793594306049825,25.454784393310547,1.7793594306049825,25.454784393310547,2.6929982046678633,62.70596766471863,3.2490974729241873,132.4147434234619,3.2490974729241873,171.79489755630493,4.570383912248629,317.05099153518677,-0.5309734513274336,25.454784393310547,-0.5357142857142857,62.70596766471863,-0.7168458781362007,132.4147434234619,-0.7168458781362007,171.79489755630493,-1.971326164874552,317.05099153518677
2026-09-18 09:16:56,v2.1.2,MAIN,MAIN,MAIN,2026-09-18 09:16:56.516,True,KOSDAQ,010170,대한광통신,17680.0,9.36,8961449,153182000000.0,158438418320.0,153182000000.0,ACTUAL,1,17680.0,0.0,1.1846197867124484,1.1845010104962073,93,40,25,16,12,True,60,2026-09-18 09:03:11.335,17200.0,63.0,825.180894,20260918_010170_E002,2026-09-18 09:04:35.498,17210.0,87.0,741.017916,595.4939510822296,18,0.45454545454545453,0.7407407407407408,False,False,,,,,,,0.45454545454545453,25.454784393310547,0.45454545454545453,25.454784393310547,0.7407407407407408,62.70596766471863,2.61172373766686,132.4147434234619,2.0785219399538106,171.79489755630493,2.3740590619571513,317.05099153518677,0.0,25.454784393310547,-0.11383039271485487,62.70596766471863,-1.935116676152533,132.4147434234619,-1.4228799089356858,171.79489755630493,-1.707455890722823,317.05099153518677
2026-09-18 09:16:56,v2.1.2,MAIN,MAIN,MAIN,2026-09-18 09:16:56.515,True,KOSDAQ,043260,성호전자,24300.0,12.5,2576843,59053000000.0,62617284900.0,59053000000.0,ACTUAL,2,24450.0,0.6134969325153374,1.1689959616755088,1.1415542652297357,80,33,22,16,9,True,60,2026-09-18 09:08:49.121,23150.0,77.0,487.394157,20260918_043260_E001,2026-09-18 09:08:49.121,23150.0,77.0,487.394157,595.4939510822296,18,-0.20533880903490762,0.4132231404958678,True,False,,,,,,,-0.20533880903490762,25.454784393310547,-0.20533880903490762,25.454784393310547,0.4132231404958678,62.70596766471863,1.4613778705636742,132.4147434234619,2.3157894736842106,171.79489755630493,4.967602591792657,317.05099153518677,0.20449897750511242,25.454784393310547,0.6134969325153374,62.70596766471863,0.6134969325153374,132.4147434234619,0.6134969325153374,171.79489755630493,0.183389405633617,317.05099153518677
2026-09-18 09:16:56,v2.1.2,MAIN,MAIN,MAIN,2026-09-18 09:16:56.538,True,KOSPI,000660,SK하이닉스,1822000.0,4.01,347838,929231000000.0,633760836000.0,929231000000.0,ACTUAL,1,1825000.0,0.16438356164383564,1.0,1.0594126049626749,79,40,25,5,9,True,60,2026-09-18 09:00:00.201,1812000.0,74.0,1016.336408,20260918_000660_E001,2026-09-18 09:00:00.201,1812000.0,74.0,1016.336408,595.4939510822296,18,-0.054854635216675815,-0.10964912280701754,True,True,20260918_000660_SHADOW_SCORE_70_74_E001_090019892729,2026-09-18 09:00:19.882,1812000.0,74.0,82.234846,0.1103752759381793,-0.054854635216675815,25.454784393310547,-0.054854635216675815,25.454784393310547,-0.10964912280701754,62.70596766471863,0.0,132.4147434234619,0.054914881933003847,171.79489755630493,0.27517886626307103,317.05099153518677,0.05479452054794523,25.454784393310547,0.16438356164383564,62.70596766471863,0.0547344388368181,132.4147434234619,0.10949881960212324,171.79489755630493,-0.11004014856472641,317.05099153518677
2026-09-18 09:17:21,v2.1.2,MAIN,MAIN,MAIN,2026-09-18 09:17:20.971,True,KOSPI,000500,가온전선,285500.0,9.6,134470,97723000000.0,38391185000.0,97723000000.0,ACTUAL,11,286000.0,0.17482517482517482,1.1871545367299585,1.2395833333333333,90,37,25,16,12,True,60,2026-09-18 09:15:31.330,278500.0,88.0,109.641458,20260918_000500_E001,2026-09-18 09:15:31.330,278500.0,88.0,109.641458,585.713921546936,18,-0.17482517482517482,1.601423487544484,False,False,,,,,,,-0.17482517482517482,24.339853525161743,-0.17482517482517482,24.339853525161743,1.601423487544484,49.79463791847229,2.3297491039426523,121.88565349578857,3.068592057761733,196.13475108146667,4.007285974499089,306.9298493862152,0.17482517482517482,24.339853525161743,-0.3561482765022588,49.79463791847229,-0.18231768231768233,121.88565349578857,-0.5420207033110259,196.13475108146667,-1.4380780509812767,306.9298493862152
2026-09-18 09:17:21,v2.1.2,MAIN,MAIN,MAIN,2026-09-18 09:17:20.975,True,KOSDAQ,010170,대한광통신,17690.0,9.55,9144751,156802000000.0,161770645190.0,156802000000.0,ACTUAL,1,17700.0,0.05649717514124294,1.1252466827892558,1.1129014160337134,85,40,25,11,9,True,60,2026-09-18 09:03:11.335,17200.0,63.0,849.64022,20260918_010170_E002,2026-09-18 09:04:35.498,17210.0,87.0,765.477242,585.713921546936,18,0.056561085972850686,0.5113636363636364,False,False,,,,,,,0.056561085972850686,24.339853525161743,0.056561085972850686,24.339853525161743,0.5113636363636364,49.79463791847229,1.7251293847038527,121.88565349578857,2.136258660508083,196.13475108146667,2.372685185185185,306.9298493862152,0.05649717514124294,24.339853525161743,0.05649717514124294,49.79463791847229,-0.967976359292451,121.88565349578857,-1.366382733794443,196.13475108146667,-1.5940435192241529,306.9298493862152
2026-09-18 09:17:21,v2.1.2,MAIN,MAIN,MAIN,2026-09-18 09:17:20.973,True,KOSDAQ,043260,성호전자,24350.0,11.81,2646786,60503000000.0,64449239100.0,60503000000.0,ACTUAL,2,24450.0,0.408997955010225,1.1274411150864638,1.120425177951196,78,33,25,11,9,True,60,2026-09-18 09:08:49.121,23150.0,77.0,511.852491,20260918_043260_E001,2026-09-18 09:08:49.121,23150.0,77.0,511.852491,585.713921546936,18,0.205761316872428,0.0,True,False,,,,,,,0.205761316872428,24.339853525161743,0.205761316872428,24.339853525161743,0.0,49.79463791847229,2.0964360587002098,121.88565349578857,2.526315789473684,196.13475108146667,4.506437768240343,306.9298493862152,-0.20449897750511242,24.339853525161743,0.0,49.79463791847229,-0.6283464433300239,121.88565349578857,0.408997955010225,196.13475108146667,0.19486519269759117,306.9298493862152
2026-09-18 09:17:21,v2.1.2,MAIN,MAIN,MAIN,2026-09-18 09:17:21.038,True,KOSPI,005930,삼성전자,259250.0,3.56,1631482,523560000000.0,422961708500.0,523560000000.0,ACTUAL,2,261000.0,0.6704980842911877,1.0,1.0537437866214723,76,40,22,5,9,True,60,2026-09-18 09:00:00.201,260500.0,74.0,1040.83648,20260918_005930_E001,2026-09-18 09:00:00.201,260500.0,74.0,1040.83648,585.713921546936,18,-0.192492781520693,-0.2884615384615385,False,True,20260918_005930_SHADOW_SCORE_70_74_E001_090019891292,2026-09-18 09:00:19.877,260500.0,74.0,82.235748,-0.19193857965451588,-0.192492781520693,24.339853525161743,-0.192492781520693,24.339853525161743,-0.2884615384615385,49.79463791847229,-0.2884615384615385,121.88565349578857,0.0,196.13475108146667,0.09652509652509653,306.9298493862152,0.19157088122605365,24.339853525161743,0.2873563218390805,49.79463791847229,0.2873563218390805,121.88565349578857,0.0,196.13475108146667,-0.09578544061302674,306.9298493862152
2026-09-18 09:17:45,v2.1.2,MAIN,MAIN,MAIN,2026-09-18 09:17:45.339,True,KOSDAQ,010170,대한광통신,17670.0,9.73,9372498,160624000000.0,165612039660.0,160624000000.0,ACTUAL,1,17710.0,0.2258610954263128,1.0926431073773002,1.0857034630154123,85,40,25,11,9,True,60,2026-09-18 09:03:11.335,17200.0,63.0,874.004156,20260918_010170_E002,2026-09-18 09:04:35.498,17210.0,87.0,789.841178,578.5231885910034,18,-0.11305822498586772,-0.056561085972850686,False,False,,,,,,,-0.11305822498586772,24.80673885345459,-0.11305822498586772,24.80673885345459,-0.056561085972850686,49.14659237861633,0.6837606837606838,111.85256004333496,2.5536854323853744,181.56133580207825,2.138728323699422,297.45357608795166,0.16936392028506986,24.80673885345459,0.2258610954263128,49.14659237861633,0.11203070271145793,111.85256004333496,-1.7092555807262202,181.56133580207825,-1.3108492062242278,297.45357608795166
2026-09-18 09:17:45,v2.1.2,MAIN,MAIN,MAIN,2026-09-18 09:17:45.322,True,KOSPI,000500,가온전선,287000.0,9.98,137881,99887000000.0,39571847000.0,99887000000.0,ACTUAL,10,288000.0,0.3472222222222222,1.1053971205028608,1.1382988384284523,82,37,25,11,9,True,60,2026-09-18 09:15:31.330,278500.0,88.0,133.992401,20260918_000500_E001,2026-09-18 09:15:31.330,278500.0,88.0,133.992401,578.5231885910034,18,0.5253940455341506,0.34965034965034963,False,False,,,,,,,0.5253940455341506,24.80673885345459,0.5253940455341506,24.80673885345459,0.34965034965034963,49.14659237861633,3.052064631956912,111.85256004333496,3.6101083032490973,181.56133580207825,4.744525547445255,297.45357608795166,0.1723970473970474,24.80673885345459,0.3472222222222222,49.14659237861633,-0.1884920634920635,111.85256004333496,-0.3696236559139785,181.56133580207825,-1.4448924731182795,297.45357608795166
2026-09-18 09:17:45,v2.1.2,MAIN,MAIN,MAIN,2026-09-18 09:17:45.326,True,KOSDAQ,043260,성호전자,24250.0,12.5,2689365,61735000000.0,65217101250.0,61735000000.0,ACTUAL,2,24450.0,0.81799591002045,1.0775689026199577,1.0630850819085025,75,33,22,11,9,True,60,2026-09-18 09:08:49.121,23150.0,77.0,536.205436,20260918_043260_E001,2026-09-18 09:08:49.121,23150.0,77.0,536.205436,578.5231885910034,18,-0.41067761806981523,-0.205761316872428,True,False,,,,,,,-0.41067761806981523,24.80673885345459,-0.41067761806981523,24.80673885345459,-0.205761316872428,49.14659237861633,0.2066115702479339,111.85256004333496,1.2526096033402923,181.56133580207825,4.751619870410368,297.45357608795166,0.408997955010225,24.80673885345459,0.2044989775051126,49.14659237861633,0.81799591002045,111.85256004333496,0.81799591002045,181.56133580207825,-0.038535139230085336,297.45357608795166
2026-09-18 09:18:10,v2.1.2,MAIN,MAIN,MAIN,2026-09-18 09:18:10.899,True,KOSPI,000500,가온전선,288500.0,10.94,145169,101798000000.0,41881256500.0,101798000000.0,ACTUAL,10,289000.0,0.17301038062283738,1.0688351777577119,1.1098123160429647,85,40,25,11,9,True,60,2026-09-18 09:15:31.330,278500.0,88.0,159.56943,20260918_000500_E001,2026-09-18 09:15:31.330,278500.0,88.0,159.56943,571.2585787773132,18,0.5226480836236934,1.0507880910683012,False,False,,,,,,,0.5226480836236934,24.938931226730347,0.5226480836236934,24.938931226730347,1.0507880910683012,49.74567008018494,3.5906642728904847,136.7914912700653,3.405017921146954,171.6313235759735,5.100182149362477,284.5680136680603,-0.17421184159938483,24.938931226730347,-0.001814794202337433,49.74567008018494,-0.36270390509144834,136.7914912700653,-0.18413247652001977,171.6313235759735,-1.4398928451836142,284.5680136680603
2026-09-18 09:18:10,v2.1.2,MAIN,MAIN,MAIN,2026-09-18 09:18:10.906,True,KOSDAQ,010170,대한광통신,17695.0,9.49,9593781,164959000000.0,169761954795.0,164959000000.0,ACTUAL,1,17710.0,0.08469791078486731,1.0768824013265266,1.0705613567627288,85,40,25,11,9,True,60,2026-09-18 09:03:11.335,17200.0,63.0,899.571094,20260918_010170_E002,2026-09-18 09:04:35.498,17210.0,87.0,815.408116,571.2585787773132,18,0.1414827391058291,0.02826455624646693,False,False,,,,,,,0.1414827391058291,24.938931226730347,0.1414827391058291,24.938931226730347,0.02826455624646693,49.74567008018494,0.8262108262108263,136.7914912700653,1.7538815411155837,171.6313235759735,2.047289504036909,284.5680136680603,-0.1411631846414455,24.938931226730347,0.028200735643624374,49.74567008018494,-0.02913248192998756,136.7914912700653,-0.9397756236488266,171.6313235759735,-1.2243516054359636,284.5680136680603
2026-09-18 09:18:34,v2.1.2,MAIN,MAIN,MAIN,2026-09-18 09:18:34.650,True,KOSPI,000500,가온전선,290000.0,11.13,150713,103644000000.0,43706770000.0,103644000000.0,ACTUAL,10,290000.0,0.0,1.0605896257789875,1.1207927418755113,85,40,25,11,9,True,60,2026-09-18 09:15:31.330,278500.0,88.0,183.320251,20260918_000500_E001,2026-09-18 09:15:31.330,278500.0,88.0,183.320251,595.1592042446136,19,0.5199306759098787,1.0452961672473868,False,False,,,,,,,0.5199306759098787,23.900625467300415,0.5199306759098787,23.900625467300415,1.0452961672473868,48.83955669403076,3.202846975088968,123.44093346595764,3.942652329749104,195.53194904327393,5.646630236794172,308.4686391353607,-0.17301038062283738,23.900625467300415,-0.3472222222222222,48.83955669403076,-0.5309734513274336,123.44093346595764,-0.35714285714285715,195.53194904327393,-1.6129032258064515,308.4686391353607
2026-09-18 09:18:34,v2.1.2,MAIN,MAIN,MAIN,2026-09-18 09:18:34.683,True,KOSDAQ,010170,대한광통신,17790.0,9.8,9797841,167244000000.0,174303591390.0,167244000000.0,ACTUAL,1,17790.0,0.0,1.0665935383477252,1.0714169254034362,85,40,25,11,9,True,60,2026-09-18 09:03:11.335,17200.0,63.0,923.347558,20260918_010170_E002,2026-09-18 09:04:35.498,17210.0,87.0,839.18458,595.1592042446136,19,0.5368748233964397,0.6791171477079796,False,False,,,,,,,0.5368748233964397,23.900625467300415,0.5368748233964397,23.900625467300415,0.6791171477079796,48.83955669403076,1.0795454545454546,123.44093346595764,2.3001725129384707,195.53194904327393,2.5951557093425603,308.4686391353607,-0.08469791078486731,23.900625467300415,-0.2258610954263128,48.83955669403076,0.0,123.44093346595764,-1.024473534433694,195.53194904327393,-1.3090495162208309,308.4686391353607
2026-09-18 09:18:58,v2.1.2,MAIN,MAIN,MAIN,2026-09-18 09:18:58.295,True,KOSPI,000500,가온전선,290500.0,11.52,155839,105263000000.0,45271229500.0,105263000000.0,ACTUAL,9,290500.0,0.0,1.053820817523802,1.1302427455559505,85,40,25,11,9,True,60,2026-09-18 09:15:31.330,278500.0,88.0,206.965364,20260918_000500_E001,2026-09-18 09:15:31.330,278500.0,88.0,206.965364,586.7157111167908,19,0.1724137931034483,0.6932409012131715,False,False,,,,,,,0.1724137931034483,23.81456184387207,0.1724137931034483,23.81456184387207,0.6932409012131715,47.715187311172485,1.5734265734265735,121.80071091651917,4.308797127468582,184.5066785812378,4.873646209386282,293.5956084728241,0.0,23.81456184387207,-0.17301038062283738,47.715187311172485,0.0,121.80071091651917,-0.5357142857142857,184.5066785812378,-0.7168458781362007,293.5956084728241
2026-09-18 09:18:58,v2.1.2,MAIN,MAIN,MAIN,2026-09-18 09:18:58.302,True,KOSDAQ,010170,대한광통신,17770.0,10.91,10213876,174164000000.0,181500576520.0,174164000000.0,ACTUAL,1,17920.0,0.8370535714285714,1.084296244645881,1.089770944736398,82,40,22,11,9,True,60,2026-09-18 09:03:11.335,17200.0,63.0,946.967134,20260918_010170_E002,2026-09-18 09:04:35.498,17210.0,87.0,862.804156,586.7157111167908,19,-0.11242270938729623,0.42384854478666295,False,False,,,,,,,-0.11242270938729623,23.81456184387207,-0.11242270938729623,23.81456184387207,0.42384854478666295,47.715187311172485,0.5090497737556561,121.80071091651917,1.2535612535612535,184.5066785812378,2.5981524249422634,293.5956084728241,0.8370535714285714,23.81456184387207,0.7523556606437041,47.715187311172485,0.8370535714285714,121.80071091651917,0.7232231787137166,184.5066785812378,-0.5858263375071144,293.5956084728241
2026-09-18 09:19:23,v2.1.2,MAIN,MAIN,MAIN,2026-09-18 09:19:22.986,True,KOSPI,000500,가온전선,290500.0,11.52,155839,105263000000.0,45271229500.0,105263000000.0,ACTUAL,9,290500.0,0.0,1.0340379968172262,1.073500540749058,79,40,25,5,9,True,60,2026-09-18 09:15:31.330,278500.0,88.0,231.655914,20260918_000500_E001,2026-09-18 09:15:31.330,278500.0,88.0,231.655914,576.4201929569244,19,0.0,0.1724137931034483,False,False,,,,,,,0.0,25.40725874900818,0.0,25.40725874900818,0.1724137931034483,49.22182059288025,1.7513134851138354,122.8681161403656,3.3807829181494666,172.6627540588379,4.873646209386282,319.0028672218323,0.0,25.40725874900818,0.0,49.22182059288025,-0.17482517482517482,122.8681161403656,-0.5309734513274336,172.6627540588379,-0.7168458781362007,319.0028672218323
2026-09-18 09:19:23,v2.1.2,MAIN,MAIN,MAIN,2026-09-18 09:19:23.004,True,KOSDAQ,010170,대한광통신,17700.0,9.61,10453641,180387000000.0,185029445700.0,180387000000.0,ACTUAL,1,17920.0,1.2276785714285714,1.0935262701641013,1.0896268113687397,79,40,19,11,9,True,60,2026-09-18 09:03:11.335,17200.0,63.0,971.66943,20260918_010170_E002,2026-09-18 09:04:35.498,17210.0,87.0,887.506452,576.4201929569244,19,-0.39392234102419804,-0.5059021922428331,False,False,,,,,,,-0.39392234102419804,25.40725874900818,-0.39392234102419804,25.40725874900818,-0.5059021922428331,49.22182059288025,0.05652911249293386,122.8681161403656,0.5681818181818182,172.6627540588379,2.1939953810623556,319.0028672218323,0.390625,25.40725874900818,1.2276785714285714,49.22182059288025,1.1711813962873285,122.8681161403656,1.2276785714285714,172.6627540588379,-0.19520133750711444,319.0028672218323
2026-09-18 09:19:23,v2.1.2,MAIN,MAIN,MAIN,2026-09-18 09:19:23.082,True,KOSPI,005930,삼성전자,259750.0,3.56,1726191,523560000000.0,448378112250.0,523560000000.0,ACTUAL,2,261000.0,0.4789272030651341,1.0,1.0546177800125,79,40,25,5,9,True,60,2026-09-18 09:00:00.201,260500.0,74.0,1162.880751,20260918_005930_E001,2026-09-18 09:00:00.201,260500.0,74.0,1162.880751,576.4201929569244,19,0.0,0.0,False,True,20260918_005930_SHADOW_SCORE_70_74_E001_090019891292,2026-09-18 09:00:19.877,260500.0,74.0,82.235748,-0.19193857965451588,0.0,25.40725874900818,0.0,25.40725874900818,0.0,49.22182059288025,0.19286403085824494,122.8681161403656,-0.09615384615384616,172.6627540588379,0.19286403085824494,319.0028672218323,0.0,25.40725874900818,0.0,49.22182059288025,-0.19157088122605365,122.8681161403656,0.09578544061302685,172.6627540588379,-0.19157088122605365,319.0028672218323
2026-09-18 09:20:12,v2.1.2,MAIN,MAIN,MAIN,2026-09-18 09:20:12.289,True,KOSPI,000500,가온전선,290500.0,13.05,155839,110971000000.0,45271229500.0,110971000000.0,ACTUAL,9,290500.0,0.0,1.054226081339122,1.0,80,40,25,11,4,True,60,2026-09-18 09:15:31.330,278500.0,88.0,280.959634,20260918_000500_E001,2026-09-18 09:15:31.330,278500.0,88.0,280.959634,589.39275431633,20,0.0,0.0,False,False,,,,,,,0.0,25.020763635635376,0.0,25.020763635635376,0.0,49.27244281768799,0.6932409012131715,122.39488887786865,1.7513134851138354,172.1405589580536,4.121863799283155,294.02621245384216,0.0,25.020763635635376,0.0,49.27244281768799,-0.17301038062283738,122.39488887786865,-0.17482517482517482,172.1405589580536,-0.35714285714285715,294.02621245384216
2026-09-18 09:20:35,v2.1.2,MAIN,MAIN,MAIN,2026-09-18 09:20:35.226,True,KOSPI,000500,가온전선,290500.0,13.05,155839,116072000000.0,45271229500.0,116072000000.0,ACTUAL,8,290500.0,0.0,1.102685654028481,1.0,80,40,25,11,4,True,60,2026-09-18 09:15:31.330,278500.0,88.0,303.896055,20260918_000500_E001,2026-09-18 09:15:31.330,278500.0,88.0,303.896055,573.8617658615112,20,0.0,0.0,False,False,,,,,,,0.0,22.927429676055908,0.0,22.927429676055908,0.0,47.948193311691284,0.1724137931034483,121.42169308662415,1.2195121951219512,170.2612497806549,4.121863799283155,316.95364212989807,0.0,22.927429676055908,0.0,47.948193311691284,0.0,121.42169308662415,-0.3472222222222222,170.2612497806549,-0.35714285714285715,316.95364212989807
2026-09-18 09:21:07,v2.1.2,MAIN,MAIN,MAIN,2026-09-18 09:21:07.263,True,KOSPI,000500,가온전선,294000.0,12.67,163698,122273000000.0,48127212000.0,122273000000.0,ACTUAL,7,295500.0,0.5076142131979695,1.1452750484718488,1.0504302517341615,82,40,22,11,9,True,60,2026-09-18 09:15:31.330,278500.0,88.0,335.932738,20260918_000500_E001,2026-09-18 09:15:31.330,278500.0,88.0,335.932738,596.8446307182312,21,1.2048192771084338,1.2048192771084338,False,False,,,,,,,1.2048192771084338,22.98286485671997,1.2048192771084338,22.98286485671997,1.2048192771084338,70.93105816841125,1.2048192771084338,120.58999609947205,1.9064124783362217,168.30518341064453,5.565529622980251,305.09667468070984,0.5076142131979695,22.98286485671997,0.5076142131979695,70.93105816841125,0.5076142131979695,120.58999609947205,0.33460383257513215,168.30518341064453,-0.028100072516316188,305.09667468070984
2026-09-18 09:21:33,v2.1.2,MAIN,MAIN,MAIN,2026-09-18 09:21:33.629,True,KOSPI,000500,가온전선,296000.0,13.63,168510,126324000000.0,49878960000.0,126324000000.0,ACTUAL,7,296500.0,0.16863406408094433,1.1383514611925638,1.0813082732820412,85,40,25,11,9,True,60,2026-09-18 09:15:31.330,278500.0,88.0,362.299224,20260918_000500_E001,2026-09-18 09:15:31.330,278500.0,88.0,362.299224,593.406653881073,21,0.6802721088435374,1.8932874354561102,False,False,,,,,,,0.6802721088435374,33.96495532989502,0.6802721088435374,33.96495532989502,1.8932874354561102,56.94782018661499,1.8932874354561102,129.1476926803589,2.0689655172413794,178.36951327323914,5.338078291814947,301.8104467391968,-0.3389801491170252,33.96495532989502,0.16863406408094433,56.94782018661499,0.16863406408094433,129.1476926803589,0.16863406408094433,178.36951327323914,-0.36233938724648923,301.8104467391968
2026-09-18 09:21:58,v2.1.2,MAIN,MAIN,MAIN,2026-09-18 09:21:58.621,True,KOSPI,000500,가온전선,303000.0,14.97,186026,136726000000.0,56365878000.0,136726000000.0,ACTUAL,7,303500.0,0.16474464579901155,1.1779412778275553,1.1937063251175892,93,40,25,16,12,True,60,2026-09-18 09:15:31.330,278500.0,88.0,387.29116,20260918_000500_E001,2026-09-18 09:15:31.330,278500.0,88.0,387.29116,583.476701259613,21,2.364864864864865,3.061224489795918,False,False,,,,,,,2.364864864864865,24.53104305267334,2.364864864864865,24.53104305267334,3.061224489795918,58.49599838256836,4.3029259896729775,129.42705655097961,4.3029259896729775,179.0859944820404,5.944055944055944,300.88670539855957,-0.0038894182819327883,24.53104305267334,-0.34286956739895796,58.49599838256836,0.16474464579901155,129.42705655097961,0.16474464579901155,179.0859944820404,0.16474464579901155,300.88670539855957
2026-09-18 09:22:25,v2.1.2,MAIN,MAIN,MAIN,2026-09-18 09:22:24.906,True,KOSPI,000500,가온전선,302500.0,15.93,193609,141437000000.0,58566722500.0,141437000000.0,ACTUAL,7,303500.0,0.3294892915980231,1.1567312489265824,1.1827206196776991,93,40,25,16,12,True,60,2026-09-18 09:15:31.330,278500.0,88.0,413.575855,20260918_000500_E001,2026-09-18 09:15:31.330,278500.0,88.0,413.575855,575.2769870758057,21,-0.16501650165016502,2.195945945945946,False,False,,,,,,,-0.16501650165016502,26.083297967910767,-0.16501650165016502,26.083297967910767,2.195945945945946,50.614341020584106,4.130808950086059,130.489590883255,4.130808950086059,179.762033700943,5.954465849387041,302.6301498413086,0.16474464579901155,26.083297967910767,0.16085522751707876,50.614341020584106,0.3294892915980231,130.489590883255,0.3294892915980231,179.762033700943,0.15466411677284828,302.6301498413086
2026-09-18 09:22:49,v2.1.2,MAIN,MAIN,MAIN,2026-09-18 09:22:49.760,True,KOSPI,000500,가온전선,299500.0,15.16,203812,147396000000.0,61041694000.0,147396000000.0,ACTUAL,7,303500.0,1.3179571663920924,1.1668091574047688,1.2094949854608035,87,40,19,16,12,True,60,2026-09-18 09:15:31.330,278500.0,88.0,438.4302,20260918_000500_E001,2026-09-18 09:15:31.330,278500.0,88.0,438.4302,562.5326342582703,21,-0.9917355371900827,-1.155115511551155,False,False,,,,,,,-0.9917355371900827,25.080140829086304,-0.9917355371900827,25.080140829086304,-1.155115511551155,51.16343879699707,1.870748299319728,109.65943717956543,3.098106712564544,180.59049534797668,4.355400696864112,302.9035518169403,0.9884678747940693,25.080140829086304,1.1532125205930808,51.16343879699707,0.8103429531941229,109.65943717956543,1.3179571663920924,180.59049534797668,0.9707349441698702,302.9035518169403
2026-09-18 09:22:49,v2.1.2,MAIN,MAIN,MAIN,2026-09-18 09:22:49.763,True,KOSPI,001440,대한전선,30300.0,7.07,817728,23950000000.0,24777158400.0,23950000000.0,ACTUAL,46,30300.0,0.0,1.1927290836653386,1.1790197328012042,77,24,25,16,12,True,60,2026-09-18 09:22:26.086,30300.0,77.0,23.676623,20260918_001440_E001,2026-09-18 09:22:26.086,30300.0,77.0,23.676623,377.5049285888672,16,1.1686143572621035,1.0,True,False,,,,,,,1.1686143572621035,25.080140829086304,1.1686143572621035,25.080140829086304,1.0,51.16343879699707,0.8319467554076538,109.65943717956543,1.507537688442211,180.59049534797668,1.8487394957983194,302.9035518169403,-0.6633499170812603,25.080140829086304,-0.4975124378109453,51.16343879699707,,,,,,
2026-09-18 09:23:19,v2.1.2,MAIN,MAIN,MAIN,2026-09-18 09:23:18.991,True,KOSPI,000500,가온전선,300500.0,15.36,209403,150932000000.0,62925601500.0,150932000000.0,ACTUAL,7,303500.0,0.9884678747940692,1.1039012331231806,1.1256652295915626,82,40,22,11,9,True,60,2026-09-18 09:15:31.330,278500.0,88.0,467.660711,20260918_000500_E001,2026-09-18 09:15:31.330,278500.0,88.0,467.660711,591.7771553993225,22,0.333889816360601,-0.6611570247933884,False,False,,,,,,,0.333889816360601,29.244521141052246,0.333889816360601,29.244521141052246,-0.6611570247933884,54.32466197013855,1.5202702702702704,104.93900299072266,3.4423407917383817,184.81425285339355,4.15944540727903,307.2091417312622,-0.3294892915980232,29.244521141052246,0.6589785831960461,54.32466197013855,0.8198338107131249,104.93900299072266,0.9884678747940692,184.81425285339355,0.8154574941712318,307.2091417312622
2026-09-18 09:23:19,v2.1.2,MAIN,MAIN,MAIN,2026-09-18 09:23:18.994,True,KOSPI,001440,대한전선,30350.0,7.6,869496,25389000000.0,26389203600.0,25389000000.0,ACTUAL,44,30450.0,0.3284072249589491,1.2309818181818182,1.2390024666166028,77,24,25,16,12,True,60,2026-09-18 09:22:26.086,30300.0,77.0,52.907683,20260918_001440_E001,2026-09-18 09:22:26.086,30300.0,77.0,52.907683,406.74944972991943,17,0.16501650165016502,1.335559265442404,True,False,,,,,,,0.16501650165016502,29.244521141052246,0.16501650165016502,29.244521141052246,1.335559265442404,54.32466197013855,1.1666666666666667,104.93900299072266,1.675041876046901,184.81425285339355,1.675041876046901,307.2091417312622,0.3284072249589491,29.244521141052246,-0.33494269212231126,54.32466197013855,-0.1691052128519962,104.93900299072266,,,,
2026-09-18 09:23:47,v2.1.2,MAIN,MAIN,MAIN,2026-09-18 09:23:47.650,True,KOSPI,000500,가온전선,298000.0,14.4,217994,154439000000.0,64962212000.0,154439000000.0,ACTUAL,7,303500.0,1.8121911037891267,1.0919278548046127,1.1259497234116183,79,40,19,11,9,False,60,2026-09-18 09:15:31.330,278500.0,88.0,496.319858,20260918_000500_E001,2026-09-18 09:15:31.330,278500.0,88.0,496.319858,578.3934235572815,22,-0.8319467554076538,-0.5008347245409015,False,False,,,,,,,-0.8319467554076538,25.303860664367676,-0.8319467554076538,25.303860664367676,-0.5008347245409015,54.54838180541992,0.6756756756756757,130.24286365509033,2.5817555938037864,187.19068384170532,2.7586206896551726,308.61237692832947,0.8237232289950576,25.303860664367676,0.49423393739703436,54.54838180541992,1.6435570397081825,130.24286365509033,1.8121911037891267,187.19068384170532,1.8121911037891267,308.61237692832947
2026-09-18 09:23:47,v2.1.2,MAIN,MAIN,MAIN,2026-09-18 09:23:47.845,True,KOSPI,000660,SK하이닉스,1821000.0,4.01,414447,929231000000.0,754707987000.0,929231000000.0,ACTUAL,1,1825000.0,0.2191780821917808,1.0,1.0567047502976745,79,40,25,5,9,True,60,2026-09-18 09:00:00.201,1812000.0,74.0,1427.644224,20260918_000660_E001,2026-09-18 09:00:00.201,1812000.0,74.0,1427.644224,578.3934235572815,22,0.16501650165016502,0.10995052226498077,True,True,20260918_000660_SHADOW_SCORE_70_74_E001_090019892729,2026-09-18 09:00:19.882,1812000.0,74.0,82.234846,0.1103752759381793,0.16501650165016502,25.303860664367676,0.16501650165016502,25.303860664367676,0.10995052226498077,54.54838180541992,-0.054884742041712405,130.24286365509033,-0.1644736842105263,187.19068384170532,-0.10970927043335163,308.61237692832947,-0.1643835616438356,25.303860664367676,-0.10958904109589046,54.54838180541992,0.054794520547945175,130.24286365509033,0.1643835616438356,187.19068384170532,0.1095890410958904,308.61237692832947
2026-09-18 09:23:47,v2.1.2,MAIN,MAIN,MAIN,2026-09-18 09:23:47.654,True,KOSPI,001440,대한전선,30300.0,6.89,913944,26671000000.0,27692503200.0,26671000000.0,ACTUAL,42,30450.0,0.49261083743842365,1.2390708478513357,1.247211342949549,77,24,25,16,12,True,60,2026-09-18 09:22:26.086,30300.0,77.0,81.567744,20260918_001440_E001,2026-09-18 09:22:26.086,30300.0,77.0,81.567744,432.0533103942871,18,-0.16474464579901155,0.0,True,False,,,,,,,-0.16474464579901155,25.303860664367676,-0.16474464579901155,25.303860664367676,0.0,54.54838180541992,1.0,130.24286365509033,1.3377926421404682,187.19068384170532,2.0202020202020203,308.61237692832947,0.16420361247947457,25.303860664367676,0.49261083743842365,54.54838180541992,-0.004901600372521631,130.24286365509033,,,,
2026-09-18 09:24:16,v2.1.2,MAIN,MAIN,MAIN,2026-09-18 09:24:16.331,True,KOSPI,000500,가온전선,301500.0,15.36,223994,158742000000.0,67534191000.0,158742000000.0,ACTUAL,6,303500.0,0.6589785831960462,1.0769763087193682,1.0990226286970346,82,40,22,11,9,True,60,2026-09-18 09:15:31.330,278500.0,88.0,525.001099,20260918_000500_E001,2026-09-18 09:15:31.330,278500.0,88.0,525.001099,567.3748257160187,22,1.174496644295302,0.33277870216306155,False,False,,,,,,,1.174496644295302,28.3615562915802,1.174496644295302,28.3615562915802,0.33277870216306155,53.665416955947876,-0.3305785123966942,107.99007892608643,2.5510204081632653,192.56937527656555,3.7865748709122204,287.7521126270294,-1.1532125205930805,28.3615562915802,-0.329489291598023,53.665416955947876,0.3294892915980231,107.99007892608643,0.15136436999807668,192.56937527656555,0.6589785831960462,287.7521126270294
2026-09-18 09:24:43,v2.1.2,MAIN,MAIN,MAIN,2026-09-18 09:24:43.603,True,KOSPI,000500,가온전선,298250.0,14.59,228164,162214000000.0,68049913000.0,162214000000.0,ACTUAL,6,303500.0,1.729818780889621,1.0747488935414624,1.089592794754612,79,40,19,11,9,False,60,2026-09-18 09:15:31.330,278500.0,88.0,552.272977,20260918_000500_E001,2026-09-18 09:15:31.330,278500.0,88.0,552.272977,598.1986975669861,23,-1.077943615257048,0.08389261744966443,False,False,,,,,,,-1.077943615257048,30.823871850967407,-1.077943615257048,30.823871850967407,0.08389261744966443,59.18542814254761,-0.41736227045075125,113.73380994796753,0.7601351351351352,189.42829179763794,2.667814113597246,294.3243052959442,1.0708401976935749,30.823871850967407,-0.08237232289950569,59.18542814254761,0.41186161449752867,113.73380994796753,1.5611847168086768,189.42829179763794,1.729818780889621,294.3243052959442
2026-09-18 09:25:12,v2.1.2,MAIN,MAIN,MAIN,2026-09-18 09:25:11.790,True,KOSPI,000500,가온전선,299000.0,14.78,232588,164744000000.0,69543812000.0,164744000000.0,ACTUAL,6,303500.0,1.4827018121911038,1.066725373772169,1.0669467967008266,79,40,19,11,9,True,60,2026-09-18 09:15:31.330,278500.0,88.0,580.460559,20260918_000500_E001,2026-09-18 09:15:31.330,278500.0,88.0,580.460559,588.3264944553375,23,0.2514668901927913,-0.8291873963515755,False,False,,,,,,,0.2514668901927913,24.996740341186523,0.2514668901927913,24.996740341186523,-0.8291873963515755,55.82061219215393,-0.49916805324459235,109.4860291481018,-1.3201320132013201,189.89398908615112,2.9259896729776247,294.30028200149536,-0.2471169686985173,24.996740341186523,0.8237232289950576,55.82061219215393,0.4942339373970346,109.4860291481018,1.3179571663920921,189.89398908615112,1.4827018121911038,294.30028200149536
2026-09-18 09:26:33,v2.1.2,MAIN,MAIN,MAIN,2026-09-18 09:26:33.467,True,KOSDAQ,043260,성호전자,24350.0,13.19,3692737,85308000000.0,89918145950.0,85308000000.0,ACTUAL,2,24450.0,0.408997955010225,1.063810153259094,1.066918742847336,82,37,25,11,9,True,60,2026-09-18 09:08:49.121,23150.0,77.0,1064.346099,20260918_043260_E004,2026-09-18 09:25:38.730,24150.0,65.0,54.737309,598.6528403759003,24,0.8281573498964804,2.7426160337552745,True,False,,,,,,,0.8281573498964804,28.504266500473022,0.8281573498964804,28.504266500473022,2.7426160337552745,54.037492752075195,1.6701461377870561,107.41410183906555,2.526315789473684,191.90339064598083,4.05982905982906,296.8423936367035,-0.8179959100204499,28.504266500473022,-2.658486707566462,54.037492752075195,-1.6359918200408998,107.41410183906555,-2.4539877300613497,191.90339064598083,-3.885480572597137,296.8423936367035
2026-09-18 09:26:33,v2.1.2,MAIN,MAIN,MAIN,2026-09-18 09:26:33.578,True,KOSPI,000660,SK하이닉스,1826000.0,4.01,449899,929231000000.0,821515574000.0,929231000000.0,ACTUAL,1,1827000.0,0.05473453749315819,1.0,1.0590518651736176,79,40,25,5,9,True,60,2026-09-18 09:00:00.201,1812000.0,74.0,1593.37645,20260918_000660_E001,2026-09-18 09:00:00.201,1812000.0,74.0,1593.37645,598.6528403759003,24,0.0547945205479452,0.16456390565002743,True,True,20260918_000660_SHADOW_SCORE_70_74_E001_090019892729,2026-09-18 09:00:19.882,1812000.0,74.0,82.234846,0.1103752759381793,0.0547945205479452,28.504266500473022,0.0547945205479452,28.504266500473022,0.16456390565002743,54.037492752075195,0.32967032967032966,107.41410183906555,0.44004400440044,191.90339064598083,0.21953896816684962,296.8423936367035,-2.9975102679706545e-05,28.504266500473022,-0.05485450360273222,54.037492752075195,-0.21923806524656783,107.41410183906555,-0.3288271063424582,191.90339064598083,-0.10964902415067745,296.8423936367035
2026-09-18 09:27:02,v2.1.2,MAIN,MAIN,MAIN,2026-09-18 09:27:02.774,True,KOSDAQ,043260,성호전자,24450.0,13.19,3728225,86820000000.0,91155101250.0,86820000000.0,ACTUAL,2,24450.0,0.0,1.0736279771473796,1.0684748442092618,82,37,25,11,9,True,60,2026-09-18 09:08:49.121,23150.0,77.0,1093.653007,20260918_043260_E004,2026-09-18 09:25:38.730,24150.0,65.0,84.044217,578.0896768569946,23,0.41067761806981523,1.2422360248447204,True,False,,,,,,,0.41067761806981523,29.23147439956665,0.41067761806981523,29.23147439956665,1.2422360248447204,57.73574090003967,2.301255230125523,111.64883589744568,2.9473684210526314,167.4694480895996,3.821656050955414,301.5428249835968,-0.408997955010225,29.23147439956665,-1.2269938650306749,57.73574090003967,-2.2494887525562373,111.64883589744568,-2.8629856850715747,167.4694480895996,-3.6809815950920246,301.5428249835968
2026-09-18 09:27:31,v2.1.2,MAIN,MAIN,MAIN,2026-09-18 09:27:31.202,True,KOSPI,028050,삼성E&A,53800.0,5.28,1155413,61302000000.0,62161219400.0,61302000000.0,ACTUAL,16,53900.0,0.1855287569573284,1.4377653211998969,1.4326563610144294,93,33,25,20,15,True,60,2026-09-18 09:11:16.985,53700.0,63.0,974.217412,20260918_028050_E002,2026-09-18 09:27:05.235,53800.0,93.0,25.967142,582.0526869297028,23,0.3731343283582089,0.3731343283582089,True,False,,,,,,,0.3731343283582089,28.76974892616272,0.3731343283582089,28.76974892616272,0.3731343283582089,58.00122332572937,0.6548175865294669,112.03871607780457,0.3731343283582089,165.41532516479492,0.9380863039399625,304.22927594184875,,,,,,,,,,
2026-09-18 09:27:34,v2.1.2,MAIN,MAIN,MAIN,2026-09-18 09:27:31.255,True,KOSDAQ,043260,성호전자,24450.0,13.19,3728225,86820000000.0,91155101250.0,86820000000.0,ACTUAL,2,24450.0,0.0,1.0535640608693542,1.0481469048920316,77,37,25,11,4,True,60,2026-09-18 09:08:49.121,23150.0,77.0,1122.13405,20260918_043260_E004,2026-09-18 09:25:38.730,24150.0,65.0,112.52526,582.0526869297028,23,0.0,0.41067761806981523,True,False,,,,,,,0.0,28.76974892616272,0.0,28.76974892616272,0.41067761806981523,58.00122332572937,3.1645569620253164,112.03871607780457,2.0876826722338206,165.41532516479492,2.515723270440252,304.22927594184875,0.0,28.76974892616272,-0.408997955010225,58.00122332572937,-3.067484662576687,112.03871607780457,-2.044989775051125,165.41532516479492,-2.4539877300613497,304.22927594184875
2026-09-18 09:28:33,v2.1.2,MAIN,MAIN,MAIN,2026-09-18 09:28:33.006,True,KOSPI,028050,삼성E&A,54000.0,5.48,1218782,64634000000.0,65814228000.0,64634000000.0,ACTUAL,16,54000.0,0.0,1.0543538546866333,1.0548453237067612,78,33,25,11,9,True,60,2026-09-18 09:11:16.985,53700.0,63.0,1036.020914,20260918_028050_E002,2026-09-18 09:27:05.235,53800.0,93.0,87.770644,595.5409517288208,23,0.37174721189591076,0.37174721189591076,True,False,,,,,,,0.37174721189591076,29.636250019073486,0.37174721189591076,29.636250019073486,0.37174721189591076,62.327821493148804,0.7462686567164178,120.32904481887817,1.028999064546305,174.36653757095337,1.1235955056179776,312.232435464859,-0.1855287569573284,29.636250019073486,-0.1855287569573284,62.327821493148804,,,,,,
2026-09-18 09:29:01,v2.1.2,MAIN,MAIN,MAIN,2026-09-18 09:29:01.205,True,KOSPI,028050,삼성E&A,53900.0,5.68,1322775,70282000000.0,71297572500.0,70282000000.0,ACTUAL,16,54200.0,0.5535055350553505,1.1464878796776614,1.1448503695215477,79,37,22,11,9,True,60,2026-09-18 09:11:16.985,53700.0,63.0,1064.220386,20260918_028050_E002,2026-09-18 09:27:05.235,53800.0,93.0,115.970116,574.6317975521088,22,-0.1851851851851852,0.18587360594795538,True,False,,,,,,,-0.1851851851851852,28.312666416168213,-0.1851851851851852,28.312666416168213,0.18587360594795538,57.9489164352417,0.5597014925373134,119.41023683547974,0.7476635514018692,177.1459777355194,0.7476635514018692,286.87968492507935,0.5535055350553505,28.312666416168213,0.3679767780980221,57.9489164352417,,,,,,
2026-09-18 09:29:30,v2.1.2,MAIN,MAIN,MAIN,2026-09-18 09:29:30.249,True,KOSPI,028050,삼성E&A,54000.0,5.48,1338739,71026000000.0,72291906000.0,71026000000.0,ACTUAL,16,54200.0,0.36900369003690037,1.1512813447230643,1.1507135557104655,90,37,25,16,12,True,60,2026-09-18 09:11:16.985,53700.0,63.0,1093.263866,20260918_028050_E002,2026-09-18 09:27:05.235,53800.0,93.0,145.013596,578.1639883518219,22,0.1855287569573284,0.0,True,False,,,,,,,0.1855287569573284,27.783869981765747,0.1855287569573284,27.783869981765747,0.0,56.09653639793396,0.37174721189591076,118.42435789108276,0.7462686567164178,176.42558121681213,0.9345794392523363,314.6635549068451,-0.18450184501845013,27.783869981765747,0.36900369003690037,56.09653639793396,0.18347493307957197,118.42435789108276,,,,
2026-09-18 09:30:01,v2.1.2,MAIN,MAIN,MAIN,2026-09-18 09:30:01.707,True,KOSDAQ,043260,성호전자,24150.0,11.81,3966617,92225000000.0,95793800550.0,92225000000.0,ACTUAL,2,24500.0,1.4285714285714286,1.0622552407279429,1.0639424927411838,76,37,19,11,9,False,60,2026-09-18 09:08:49.121,23150.0,77.0,1272.585841,20260918_043260_E004,2026-09-18 09:25:38.730,24150.0,65.0,262.977051,583.1145575046539,22,-0.4123711340206186,-1.2269938650306749,True,False,,,,,,,-0.4123711340206186,29.971332788467407,-0.4123711340206186,29.971332788467407,-1.2269938650306749,57.755202770233154,-1.2269938650306749,115.70411920547485,-1.2269938650306749,177.1654396057129,1.0460251046025104,288.81427550315857,0.40816326530612246,29.971332788467407,1.4285714285714286,57.755202770233154,1.4285714285714286,115.70411920547485,1.4285714285714286,177.1654396057129,-0.8209173239848087,288.81427550315857
2026-09-18 09:30:40,v2.1.2,MAIN,MAIN,MAIN,2026-09-18 09:30:40.218,True,KOSPI,009150,삼성전기,1398000.0,5.11,162724,526632000000.0,227488152000.0,526632000000.0,ACTUAL,3,1409000.0,0.7806955287437899,1.0927539419543462,1.021532512210127,77,40,22,11,4,False,60,2026-09-18 09:00:00.201,1399000.0,74.0,1840.016796,20260918_009150_E001,2026-09-18 09:00:00.201,1399000.0,74.0,1840.016796,598.6071875095367,22,0.14326647564469913,0.3589375448671931,False,True,20260918_009150_SHADOW_SCORE_70_74_E001_090019889352,2026-09-18 09:00:19.873,1399000.0,74.0,82.238648,-0.21443888491780028,0.14326647564469913,38.42005968093872,0.14326647564469913,38.42005968093872,0.3589375448671931,68.39139246940613,0.21505376344086022,124.48792886734009,0.2869440459110474,186.8157503604889,0.3589375448671931,298.85446643829346,-0.14194464158978004,38.42005968093872,-0.35486160397445,68.39139246940613,-0.21291696238467006,124.48792886734009,-0.28388928317955997,186.8157503604889,-0.35486160397445,298.85446643829346
2026-09-18 09:31:10,v2.1.2,MAIN,MAIN,MAIN,2026-09-18 09:31:09.935,True,KOSPI,009150,삼성전기,1400000.0,5.19,171275,540515000000.0,239785000000.0,540515000000.0,ACTUAL,3,1409000.0,0.63875088715401,1.1215609703463774,1.069713265006589,82,40,22,11,9,False,60,2026-09-18 09:00:00.201,1399000.0,74.0,1869.734276,20260918_009150_E001,2026-09-18 09:00:00.201,1399000.0,74.0,1869.734276,570.9810593128204,21,0.14306151645207438,0.28653295128939826,False,True,20260918_009150_SHADOW_SCORE_70_74_E001_090019889352,2026-09-18 09:00:19.873,1399000.0,74.0,82.238648,-0.21443888491780028,0.14306151645207438,29.32169198989868,0.14306151645207438,29.32169198989868,0.28653295128939826,67.7417516708374,0.35842293906810035,125.49695444107056,0.28653295128939826,183.44587087631226,0.430416068866571,302.64293217658997,-0.14194464158977993,29.32169198989868,-0.28388928317955997,67.7417516708374,-0.35486160397445,125.49695444107056,-0.28388928317955997,183.44587087631226,-0.4258339247693399,302.64293217658997
2026-09-18 09:31:40,v2.1.2,MAIN,MAIN,MAIN,2026-09-18 09:31:40.326,True,KOSPI,009150,삼성전기,1400000.0,5.26,172397,546742000000.0,241355800000.0,546742000000.0,ACTUAL,3,1409000.0,0.63875088715401,1.038186057816464,1.0594442122858336,76,40,22,5,9,False,60,2026-09-18 09:00:00.201,1399000.0,74.0,1900.12467,20260918_009150_E001,2026-09-18 09:00:00.201,1399000.0,74.0,1900.12467,576.1901752948761,21,0.0,0.14306151645207438,False,True,20260918_009150_SHADOW_SCORE_70_74_E001_090019889352,2026-09-18 09:00:19.873,1399000.0,74.0,82.238648,-0.21443888491780028,0.0,29.740159034729004,0.0,29.740159034729004,0.14306151645207438,59.061851024627686,0.5025125628140703,127.45324349403381,0.35842293906810035,183.54977989196777,0.35842293906810035,303.87882471084595,0.0,29.740159034729004,-0.14194464158977993,59.061851024627686,-0.4968062455642299,127.45324349403381,-0.35486160397445,183.54977989196777,-0.35486160397445,303.87882471084595
2026-09-18 09:32:11,v2.1.2,MAIN,MAIN,MAIN,2026-09-18 09:32:10.773,True,KOSDAQ,024840,KBI메탈,6830.0,15.48,4312913,26766000000.0,29457195790.0,26766000000.0,ACTUAL,18,6840.0,0.14619883040935672,1.170303003803944,1.1786797591214244,77,24,25,16,12,False,60,2026-09-18 09:31:11.113,6610.0,71.0,59.660148,20260918_024840_E001,2026-09-18 09:31:11.113,6610.0,71.0,59.660148,580.8781189918518,21,3.3282904689863844,2.706766917293233,True,True,20260918_024840_SHADOW_SCORE_70_74_E001_093140771873,2026-09-18 09:31:40.328,6610.0,71.0,30.444341,3.3282904689863946,3.3282904689863844,30.771241664886475,3.3282904689863844,30.771241664886475,2.706766917293233,60.51140069961548,5.238828967642527,128.25315237045288,4.594180704441041,186.00835514068604,4.915514592933948,305.41859197616577,-0.7533513944781995,30.771241664886475,-0.003951319740793435,60.51140069961548,,,,,,
2026-09-18 09:32:44,v2.1.2,MAIN,MAIN,MAIN,2026-09-18 09:32:44.684,True,KOSDAQ,043260,성호전자,24350.0,13.19,4414797,103026000000.0,107500306950.0,103026000000.0,ACTUAL,2,24750.0,1.6161616161616161,1.0739594083247335,1.0549895894145387,79,40,19,11,9,False,60,2026-09-18 09:08:49.121,23150.0,77.0,1435.562899,20260918_043260_E004,2026-09-18 09:25:38.730,24150.0,65.0,425.954109,590.4936902523041,21,-1.0162601626016259,-0.6122448979591837,True,False,,,,,,,-1.0162601626016259,34.695712089538574,-1.0162601626016259,34.695712089538574,-0.6122448979591837,65.46695375442505,0.6198347107438017,124.52880477905273,0.4123711340206186,192.92019724845886,-0.408997955010225,311.3445551395416,1.6161616161616161,34.695712089538574,1.6161616161616161,65.46695375442505,0.39167182024324876,124.52880477905273,0.59575345289631,192.92019724845886,1.6161616161616161,311.3445551395416
2026-09-18 09:33:44,v2.1.2,MAIN,MAIN,MAIN,2026-09-18 09:33:44.038,True,KOSDAQ,010170,대한광통신,17680.0,9.86,14249586,246170000000.0,251932680480.0,246170000000.0,ACTUAL,1,17920.0,1.3392857142857142,1.0551514554034882,1.0558957038171701,79,40,19,11,9,False,60,2026-09-18 09:03:11.335,17200.0,63.0,1832.702448,20260918_010170_E006,2026-09-18 09:31:41.884,17410.0,63.0,122.153588,594.9678807258606,21,0.11325028312570783,0.511654349061967,True,False,,,,,,,0.11325028312570783,28.457126140594482,0.11325028312570783,28.457126140594482,0.511654349061967,59.02257227897644,1.8433179723502304,124.48952603340149,1.2600229095074456,183.55137705802917,1.5508328546812178,308.03930592536926,-0.11160714285714302,28.457126140594482,-0.502232142857143,59.02257227897644,-1.7857142857142858,124.48952603340149,-1.2276785714285714,183.55137705802917,-1.5066964285714286,308.03930592536926
2026-09-18 09:33:44,v2.1.2,MAIN,MAIN,MAIN,2026-09-18 09:33:44.037,True,KOSDAQ,218410,RFHIC,58700.0,9.93,435647,57003000000.0,25572478900.0,57003000000.0,ACTUAL,5,59000.0,0.5084745762711864,1.0506690750912375,1.0855298239319051,75,33,22,11,9,False,60,2026-09-18 09:07:12.662,56700.0,63.0,1591.374776,20260918_218410_E004,2026-09-18 09:27:37.927,57600.0,61.0,366.109857,594.9678807258606,21,-0.3395585738539898,-0.3395585738539898,False,False,,,,,,,-0.3395585738539898,28.457126140594482,-0.3395585738539898,28.457126140594482,-0.3395585738539898,59.02257227897644,0.6861063464837049,124.48952603340149,1.206896551724138,183.55137705802917,2.264808362369338,308.03930592536926,0.3389830508474576,28.457126140594482,0.5084745762711864,59.02257227897644,0.16659423439084453,124.48952603340149,-0.34622627842966835,183.55137705802917,-1.371867304070694,308.03930592536926
2026-09-18 09:34:14,v2.1.2,MAIN,MAIN,MAIN,2026-09-18 09:34:14.304,True,KOSPI,009150,삼성전기,1402000.0,5.41,187376,575067000000.0,262701152000.0,575067000000.0,ACTUAL,3,1409000.0,0.49680624556423,1.0371920800222203,1.05720588816105,79,40,25,5,9,False,60,2026-09-18 09:00:00.201,1399000.0,74.0,2054.103035,20260918_009150_E001,2026-09-18 09:00:00.201,1399000.0,74.0,2054.103035,596.3535797595978,21,0.07137758743754462,0.07137758743754462,False,True,20260918_009150_SHADOW_SCORE_70_74_E001_090019889352,2026-09-18 09:00:19.873,1399000.0,74.0,82.238648,-0.21443888491780028,0.07137758743754462,29.747255325317383,0.07137758743754462,29.747255325317383,0.07137758743754462,58.204381465911865,0.14285714285714285,123.4655396938324,0.14285714285714285,183.97694039344788,0.5017921146953405,309.47389483451843,-0.07097232079488996,29.747255325317383,-0.07097232079488996,58.204381465911865,-0.14194464158977999,123.4655396938324,-0.14194464158977999,183.97694039344788,-0.49680624556423,309.47389483451843
2026-09-18 09:34:16,v2.1.2,MAIN,MAIN,MAIN,2026-09-18 09:34:14.310,True,KOSDAQ,010170,대한광통신,17780.0,9.61,14457463,249222000000.0,257053692140.0,249222000000.0,ACTUAL,1,17920.0,0.78125,1.0488567544705045,1.0520572274024151,76,40,22,5,9,False,60,2026-09-18 09:03:11.335,17200.0,63.0,1862.974627,20260918_010170_E006,2026-09-18 09:31:41.884,17410.0,63.0,152.425767,596.3535797595978,21,0.5656108597285068,0.6795016987542469,True,False,,,,,,,0.5656108597285068,29.747255325317383,0.5656108597285068,29.747255325317383,0.6795016987542469,58.204381465911865,2.1252153934520392,123.4655396938324,1.94954128440367,183.97694039344788,2.2426682001150087,309.47389483451843,-0.5580357142857142,29.747255325317383,-0.6696428571428572,58.204381465911865,-2.064732142857143,123.4655396938324,-1.8973214285714284,183.97694039344788,-2.1763392857142856,309.47389483451843
2026-09-18 09:34:48,v2.1.2,MAIN,MAIN,MAIN,2026-09-18 09:34:47.900,True,KOSDAQ,010170,대한광통신,17850.0,11.28,15071724,260804000000.0,269030273400.0,260804000000.0,ACTUAL,1,17970.0,0.667779632721202,1.0594467238087502,1.0576955709450084,82,40,22,11,9,False,60,2026-09-18 09:03:11.335,17200.0,63.0,1896.564999,20260918_010170_E006,2026-09-18 09:31:41.884,17410.0,63.0,186.016139,597.9254369735718,21,0.39370078740157477,0.9615384615384616,True,False,,,,,,,0.39370078740157477,32.395729064941406,0.39370078740157477,32.395729064941406,0.9615384615384616,62.14298439025879,1.4781125639567936,121.16555666923523,2.82258064516129,186.63251042366028,2.763385146804836,314.0857539176941,-0.113470367278798,32.395729064941406,-0.6715060815645122,62.14298439025879,-1.1737382244216552,121.16555666923523,-2.457220367278798,186.63251042366028,-2.4014167958502264,314.0857539176941
2026-09-18 09:34:48,v2.1.2,MAIN,MAIN,MAIN,2026-09-18 09:34:47.897,True,KOSPI,009150,삼성전기,1401000.0,5.49,190418,580600000000.0,266775618000.0,580600000000.0,ACTUAL,3,1409000.0,0.5677785663591199,1.034657276459854,1.0554970455528088,76,40,22,5,9,False,60,2026-09-18 09:00:00.201,1399000.0,74.0,2087.695922,20260918_009150_E001,2026-09-18 09:00:00.201,1399000.0,74.0,2087.695922,597.9254369735718,21,-0.07132667617689016,0.0,False,True,20260918_009150_SHADOW_SCORE_70_74_E001_090019889352,2026-09-18 09:00:19.873,1399000.0,74.0,82.238648,-0.21443888491780028,-0.07132667617689016,32.395729064941406,-0.07132667617689016,32.395729064941406,0.0,62.14298439025879,0.03570153516601214,121.16555666923523,0.07142857142857142,186.63251042366028,0.574300071787509,314.0857539176941,0.07097232079488996,32.395729064941406,0.0,62.14298439025879,-0.03548616039744501,121.16555666923523,-0.07097232079489002,186.63251042366028,-0.5677785663591199,314.0857539176941
2026-09-18 09:35:18,v2.1.2,MAIN,MAIN,MAIN,2026-09-18 09:35:18.321,True,KOSDAQ,010170,대한광통신,17810.0,10.6,15242978,264021000000.0,271477438180.0,264021000000.0,ACTUAL,1,17970.0,0.8903728436282694,1.059380793027903,1.0543328383410007,82,40,22,11,9,False,60,2026-09-18 09:03:11.335,17200.0,63.0,1926.985854,20260918_010170_E006,2026-09-18 09:31:41.884,17410.0,63.0,216.436994,575.8469598293304,20,-0.22408963585434172,0.1687289088863892,True,False,,,,,,,-0.22408963585434172,31.298131942749023,-0.22408963585434172,31.298131942749023,0.1687289088863892,63.69386100769043,0.8493771234428085,121.8982424736023,2.2975301550832854,187.15940070152283,2.2388059701492535,315.4125530719757,0.2225932109070674,31.298131942749023,0.1091228436282694,63.69386100769043,-0.5605200135145878,121.8982424736023,-1.9556092992288734,187.15940070152283,-1.8998057278003022,315.4125530719757
2026-09-18 09:36:24,v2.1.2,MAIN,MAIN,MAIN,2026-09-18 09:36:24.212,True,KOSPI,000500,가온전선,302000.0,15.55,313924,213817000000.0,94805048000.0,213817000000.0,ACTUAL,6,303500.0,0.4942339373970346,1.0441149900138196,1.0565918346740264,79,40,25,5,9,False,60,2026-09-18 09:15:31.330,278500.0,88.0,1252.882409,20260918_000500_E003,2026-09-18 09:30:41.373,294500.0,63.0,342.83972,586.1426622867584,20,1.342281879194631,1.342281879194631,True,False,,,,,,,1.342281879194631,30.24961543083191,1.342281879194631,30.24961543083191,1.342281879194631,64.33319520950317,1.6835016835016834,128.0270562171936,2.199661590524535,186.23143768310547,2.5466893039049237,312.0039966106415,-1.3179571663920921,30.24961543083191,-1.3179571663920921,64.33319520950317,-1.6474464579901156,128.0270562171936,-2.14168039538715,186.23143768310547,-2.471169686985173,312.0039966106415
2026-09-18 09:36:56,v2.1.2,MAIN,MAIN,MAIN,2026-09-18 09:36:56.308,True,KOSPI,000500,가온전선,303500.0,16.89,323883,221675000000.0,98298490500.0,221675000000.0,ACTUAL,6,305000.0,0.49180327868852464,1.076327353062562,1.0827463552757821,85,40,25,11,9,False,60,2026-09-18 09:15:31.330,278500.0,88.0,1284.978373,20260918_000500_E003,2026-09-18 09:30:41.373,294500.0,63.0,374.935684,589.1017632484436,20,0.49668874172185434,1.8456375838926176,True,False,,,,,,,0.49668874172185434,32.19057536125183,0.49668874172185434,32.19057536125183,1.8456375838926176,62.44019079208374,1.335559265442404,127.82190251350403,2.707275803722504,189.96488690376282,2.707275803722504,314.4544129371643,-0.0024306587085099474,32.19057536125183,-1.320387825100602,62.44019079208374,-0.8261538877035677,127.82190251350403,-2.14411105409566,189.96488690376282,-2.14411105409566,314.4544129371643
2026-09-18 09:36:56,v2.1.2,MAIN,MAIN,MAIN,2026-09-18 09:36:56.311,True,KOSPI,006340,대원전선,13730.0,6.92,2264959,30728000000.0,31097887070.0,30728000000.0,ACTUAL,47,13920.0,1.3649425287356323,1.1584979641079778,1.1546434585077863,76,29,19,16,12,False,60,2026-09-18 09:35:53.377,13850.0,71.0,62.93469,20260918_006340_E001,2026-09-18 09:35:53.377,13850.0,71.0,62.93469,589.1017632484436,20,-0.8664259927797834,1.1790714812085483,False,True,20260918_006340_SHADOW_SCORE_70_74_E001_093624457464,2026-09-18 09:36:24.227,13850.0,71.0,32.084292,-0.8664259927797846,-0.8664259927797834,32.19057536125183,-0.8664259927797834,32.19057536125183,1.1790714812085483,62.44019079208374,1.1045655375552283,127.82190251350403,0.5124450951683748,189.96488690376282,0.6598240469208211,314.4544129371643,0.8620689655172414,32.19057536125183,-1.1494252873563218,62.44019079208374,-1.0775862068965516,127.82190251350403,-0.5028735632183909,189.96488690376282,-0.646551724137931,314.4544129371643
2026-09-18 09:37:31,v2.1.2,MAIN,MAIN,MAIN,2026-09-18 09:37:31.263,True,KOSPI,000500,가온전선,306000.0,17.27,331796,227134000000.0,101529576000.0,227134000000.0,ACTUAL,6,306500.0,0.1631321370309951,1.0622822320021326,1.0569309769243511,85,40,25,11,9,False,60,2026-09-18 09:15:31.330,278500.0,88.0,1319.932796,20260918_000500_E003,2026-09-18 09:30:41.373,294500.0,63.0,409.890107,596.6489775180817,20,0.8237232289950577,1.3245033112582782,True,False,,,,,,,0.8237232289950577,36.31696319580078,0.8237232289950577,36.31696319580078,1.3245033112582782,68.50753855705261,2.684563758389262,132.8407337665558,2.1702838063439067,164.1388657093048,3.3783783783783785,285.30442237854004,-0.32867114165752953,36.31696319580078,-0.3311018003660395,68.50753855705261,-1.6490589667581317,132.8407337665558,-1.1548250293610973,164.1388657093048,-2.308037549954178,285.30442237854004
2026-09-18 09:39:08,v2.1.2,MAIN,MAIN,MAIN,2026-09-18 09:39:08.302,True,KOSPI,006340,대원전선,13980.0,9.18,2919024,39615000000.0,40807955520.0,39615000000.0,ACTUAL,38,14100.0,0.851063829787234,1.2350355405910962,1.232970865125332,79,29,22,16,12,False,60,2026-09-18 09:35:53.377,13850.0,71.0,194.925198,20260918_006340_E002,2026-09-18 09:37:34.224,13810.0,60.0,94.077454,573.7732377052307,19,-0.07147962830593281,1.2309920347574221,False,False,,,,,,,-0.07147962830593281,31.984254837036133,-0.07147962830593281,31.984254837036133,1.2309920347574221,63.20841312408447,1.820830298616169,131.8655812740326,3.0213706705969052,194.30577206611633,2.718589272593681,292.083212852478,0.7796352583586627,31.984254837036133,0.06083394472976267,63.20841312408447,-0.5138786989483982,131.8655812740326,-1.66330398630472,194.30577206611633,-1.3759476644656399,292.083212852478
2026-09-18 09:39:41,v2.1.2,MAIN,MAIN,MAIN,2026-09-18 09:39:40.977,True,KOSPI,006340,대원전선,13970.0,8.71,3035544,41357000000.0,42406549680.0,41357000000.0,ACTUAL,38,14100.0,0.9219858156028369,1.1796063890473474,1.163359701926692,79,29,22,16,12,False,60,2026-09-18 09:35:53.377,13850.0,71.0,227.600754,20260918_006340_E002,2026-09-18 09:37:34.224,13810.0,60.0,126.75301,575.9412126541138,19,-0.07153075822603719,-0.14295925661186562,False,False,,,,,,,-0.07153075822603719,32.139307737350464,-0.07153075822603719,32.139307737350464,-0.14295925661186562,64.1235625743866,1.6,127.68792581558228,1.7479970866715222,164.00488901138306,2.8718703976435935,291.8267915248871,0.07092198581560283,32.139307737350464,0.8505572441742655,64.1235625743866,-0.29927855221325506,127.68792581558228,-0.4429567131327954,164.00488901138306,-1.520542920029347,291.8267915248871
2026-09-18 09:42:56,v2.1.2,MAIN,MAIN,MAIN,2026-09-18 09:42:56.721,True,KOSPI,000500,가온전선,312000.0,18.43,385316,252712000000.0,120218592000.0,252712000000.0,ACTUAL,6,312500.0,0.16,1.0304429022287824,1.072303004160463,79,40,25,5,9,False,60,2026-09-18 09:15:31.330,278500.0,88.0,1645.391327,20260918_000500_E003,2026-09-18 09:30:41.373,294500.0,63.0,735.348638,578.2778964042664,19,1.794453507340946,2.2950819672131146,True,False,,,,,,,1.794453507340946,32.85221791267395,1.794453507340946,32.85221791267395,2.2950819672131146,66.53158640861511,2.4630541871921183,130.66607475280762,2.2950819672131146,195.850994348526,2.2950819672131146,291.19871520996094,-0.16520325203252031,32.85221791267395,-0.6530081300813009,66.53158640861511,-0.8156097560975609,130.66607475280762,-0.6530081300813009,195.850994348526,-0.32939641109298523,291.19871520996094
2026-09-18 09:43:29,v2.1.2,MAIN,MAIN,MAIN,2026-09-18 09:43:29.633,True,KOSPI,000500,가온전선,312000.0,18.43,399585,252712000000.0,124670520000.0,252712000000.0,ACTUAL,6,314500.0,0.7949125596184419,1.0178262165406025,1.0954467073682248,76,40,22,5,9,False,60,2026-09-18 09:15:31.330,278500.0,88.0,1678.303342,20260918_000500_E003,2026-09-18 09:30:41.373,294500.0,63.0,768.260653,582.3728158473969,19,0.0,1.794453507340946,True,False,,,,,,,0.0,32.552045583724976,0.0,32.552045583724976,1.794453507340946,65.40426349639893,1.9607843137254901,132.90624904632568,2.127659574468085,195.6815676689148,1.9607843137254901,292.5266025066376,0.6349125596184418,32.552045583724976,0.46970930758592155,65.40426349639893,0.3071076815696614,132.90624904632568,0.14450605555340124,195.6815676689148,0.3071076815696614,292.5266025066376
2026-09-18 09:44:01,v2.1.2,MAIN,MAIN,MAIN,2026-09-18 09:44:01.771,True,KOSPI,000500,가온전선,312000.0,19.77,401835,271527000000.0,125372520000.0,271527000000.0,ACTUAL,6,314500.0,0.7949125596184419,1.0744523410047802,1.042871305629665,77,40,22,11,4,False,60,2026-09-18 09:15:31.330,278500.0,88.0,1710.441658,20260918_000500_E003,2026-09-18 09:30:41.373,294500.0,63.0,800.398969,585.4542963504791,19,0.0,0.0,True,False,,,,,,,0.0,32.82873582839966,0.0,32.82873582839966,0.0,65.38078141212463,2.2950819672131146,131.91236782073975,1.9607843137254901,165.73498487472534,1.9607843137254901,293.3710834980011,0.0,32.82873582839966,0.6349125596184418,65.38078141212463,-0.018095570462859034,131.91236782073975,0.3071076815696614,165.73498487472534,0.3071076815696614,293.3710834980011
2026-09-18 09:44:34,v2.1.2,MAIN,MAIN,MAIN,2026-09-18 09:44:34.344,True,KOSPI,000500,가온전선,312000.0,19.58,404936,273777000000.0,126340032000.0,273777000000.0,ACTUAL,6,314500.0,0.7949125596184419,1.0833557567507677,1.0133913935708296,77,40,22,11,4,False,60,2026-09-18 09:15:31.330,278500.0,88.0,1743.013895,20260918_000500_E003,2026-09-18 09:30:41.373,294500.0,63.0,832.971206,585.2387099266052,19,0.0,0.0,True,False,,,,,,,0.0,32.180142641067505,0.0,32.180142641067505,0.0,65.00887846946716,1.794453507340946,130.4131419658661,2.2950819672131146,164.09251046180725,2.2950819672131146,293.41191840171814,0.0,32.180142641067505,0.0,65.00887846946716,0.46970930758592155,130.4131419658661,-0.018095570462859034,164.09251046180725,-0.018095570462859034,293.41191840171814
2026-09-18 09:45:07,v2.1.2,MAIN,MAIN,MAIN,2026-09-18 09:45:07.253,True,KOSPI,006340,대원전선,14080.0,9.49,3816815,52221000000.0,53740755200.0,52221000000.0,ACTUAL,33,14100.0,0.14184397163120568,1.0567629917435648,1.056102309370796,78,33,25,11,9,False,60,2026-09-18 09:35:53.377,13850.0,71.0,553.876204,20260918_006340_E003,2026-09-18 09:42:57.975,14030.0,74.0,129.277699,586.5289876461029,19,0.8595988538681949,0.6433166547533953,True,False,,,,,,,0.8595988538681949,32.588409662246704,0.8595988538681949,32.588409662246704,0.6433166547533953,64.76855230331421,1.0043041606886656,130.14933371543884,1.9551049963794351,196.68092012405396,1.2221423436376708,293.27885580062866,-0.8510638297872342,32.588409662246704,-0.6382978723404256,64.76855230331421,-0.9929078014184398,130.14933371543884,-1.9148936170212763,196.68092012405396,-1.2056737588652482,293.27885580062866
2026-09-18 09:45:07,v2.1.2,MAIN,MAIN,MAIN,2026-09-18 09:45:07.254,True,KOSPI,001440,대한전선,30800.0,8.83,1760261,52476000000.0,54216038800.0,52476000000.0,ACTUAL,32,30850.0,0.1620745542949757,1.0516443215294895,1.0540201012547565,78,33,25,11,9,False,60,2026-09-18 09:22:26.086,30300.0,77.0,1361.168249,20260918_001440_E003,2026-09-18 09:35:23.127,30150.0,60.0,584.12729,586.5289876461029,19,0.32573289902280134,0.32573289902280134,True,False,,,,,,,0.32573289902280134,32.588409662246704,0.32573289902280134,32.588409662246704,0.32573289902280134,64.76855230331421,0.9836065573770493,130.14933371543884,1.4827018121911038,196.68092012405396,1.4827018121911038,293.27885580062866,0.1620745542949757,32.588409662246704,0.1620745542949757,64.76855230331421,0.1620745542949757,130.14933371543884,-0.32972872439354894,196.68092012405396,-0.32972872439354894,293.27885580062866
2026-09-18 09:45:40,v2.1.2,MAIN,MAIN,MAIN,2026-09-18 09:45:40.233,True,KOSPI,001440,대한전선,30850.0,9.01,1778923,53249000000.0,54879774550.0,53249000000.0,ACTUAL,33,30850.0,0.0,1.0561296336698467,1.0541391120908294,78,33,25,11,9,False,60,2026-09-18 09:22:26.086,30300.0,77.0,1394.146809,20260918_001440_E003,2026-09-18 09:35:23.127,30150.0,60.0,617.10585,585.4300997257233,19,0.16233766233766234,0.4885993485342019,True,False,,,,,,,0.16233766233766234,32.984691858291626,0.16233766233766234,32.984691858291626,0.4885993485342019,65.57310152053833,0.8169934640522877,130.5819799900055,1.4802631578947367,195.98624348640442,1.3136288998357963,293.8001003265381,-0.1620745542949757,32.984691858291626,0.0,65.57310152053833,-0.1631321370309951,130.5819799900055,-0.32786885245901637,195.98624348640442,-0.16393442622950818,293.8001003265381
2026-09-18 09:45:40,v2.1.2,MAIN,MAIN,MAIN,2026-09-18 09:45:40.229,True,KOSPI,006340,대원전선,14030.0,9.18,4039819,55185000000.0,56678660570.0,55185000000.0,ACTUAL,31,14120.0,0.6373937677053824,1.0946146980065456,1.0968142092674094,75,33,22,11,9,False,60,2026-09-18 09:35:53.377,13850.0,71.0,586.852238,20260918_006340_E003,2026-09-18 09:42:57.975,14030.0,74.0,162.253733,585.4300997257233,19,-0.35511363636363635,0.501432664756447,True,False,,,,,,,-0.35511363636363635,32.984691858291626,-0.35511363636363635,32.984691858291626,0.501432664756447,65.57310152053833,0.0,130.5819799900055,1.2265512265512266,195.98624348640442,1.2265512265512266,293.8001003265381,0.4955497960741767,32.984691858291626,-0.35551403371305745,65.57310152053833,0.14093986699616246,130.5819799900055,-1.0647338918690856,195.98624348640442,-1.0647338918690856,293.8001003265381
2026-09-18 09:46:14,v2.1.2,MAIN,MAIN,MAIN,2026-09-18 09:46:14.277,True,KOSPI,006340,대원전선,14010.0,9.49,4143267,56867000000.0,58047170670.0,56867000000.0,ACTUAL,31,14120.0,0.7790368271954674,1.0889680396775243,1.0855299510193708,75,33,22,11,9,False,60,2026-09-18 09:35:53.377,13850.0,71.0,620.900845,20260918_006340_E003,2026-09-18 09:42:57.975,14030.0,74.0,196.30234,589.3489663600922,19,-0.14255167498218105,-0.4971590909090909,True,False,,,,,,,-0.14255167498218105,34.168482065200806,-0.14255167498218105,34.168482065200806,-0.4971590909090909,67.15317392349243,0.14295925661186562,131.92172622680664,-0.14255167498218105,164.7504620552063,1.3748191027496381,297.656711101532,0.14164305949008504,34.168482065200806,0.6371928555642618,67.15317392349243,-0.001105016776163814,131.92172622680664,0.2825829264862475,164.7504620552063,-1.2067787756414123,297.656711101532
2026-09-18 09:46:48,v2.1.2,MAIN,MAIN,MAIN,2026-09-18 09:46:48.239,True,KOSPI,028050,삼성E&A,54600.0,6.65,1826748,96457000000.0,99740440800.0,96457000000.0,ACTUAL,17,54700.0,0.18281535648994515,1.046704936355843,1.0561593511615885,76,37,25,5,9,False,60,2026-09-18 09:11:16.985,53700.0,63.0,2131.254146,20260918_028050_E003,2026-09-18 09:33:15.602,53800.0,68.0,812.636748,589.8634068965912,19,0.1834862385321101,0.1834862385321101,True,False,,,,,,,0.1834862385321101,32.705015897750854,0.1834862385321101,32.705015897750854,0.1834862385321101,66.87349796295166,0.3676470588235294,132.44659948349,0.5524861878453038,164.6267421245575,0.5524861878453038,296.53910994529724,0.18281535648994515,32.705015897750854,0.18281535648994515,66.87349796295166,0.18281535648994515,132.44659948349,-0.001008172921819539,164.6267421245575,0.18281535648994515,296.53910994529724
2026-09-18 09:47:21,v2.1.2,MAIN,MAIN,MAIN,2026-09-18 09:47:21.670,True,KOSPI,028050,삼성E&A,54700.0,7.05,1841471,98353000000.0,100728463700.0,98353000000.0,ACTUAL,17,54700.0,0.0,1.057661494123087,1.0527979482265664,82,37,25,11,9,False,60,2026-09-18 09:11:16.985,53700.0,63.0,2164.68558,20260918_028050_E003,2026-09-18 09:33:15.602,53800.0,68.0,846.068182,587.6110243797302,19,0.18315018315018314,0.3669724770642202,True,False,,,,,,,0.18315018315018314,34.06458067893982,0.18315018315018314,34.06458067893982,0.3669724770642202,66.76959657669067,0.3669724770642202,133.9227705001831,0.5514705882352942,166.5111801624298,0.5514705882352942,296.9243221282959,-0.18281535648994515,34.06458067893982,0.0,66.76959657669067,0.0,133.9227705001831,0.0,166.5111801624298,0.0,296.9243221282959
2026-09-18 09:47:55,v2.1.2,MAIN,MAIN,MAIN,2026-09-18 09:47:55.276,True,KOSDAQ,010170,대한광통신,18200.0,12.83,18860969,328141000000.0,343269635800.0,328141000000.0,ACTUAL,1,18220.0,0.10976948408342481,1.0554415510897255,1.0565346391116872,85,40,25,11,9,False,60,2026-09-18 09:03:11.335,17200.0,63.0,2683.941119,20260918_010170_E006,2026-09-18 09:31:41.884,17410.0,63.0,973.392259,588.6998505592346,19,1.7897091722595078,1.846670397313934,True,False,,,,,,,1.7897091722595078,33.42903113365173,1.7897091722595078,33.42903113365173,1.846670397313934,67.49361181259155,1.5625,134.3671097755432,1.505856107083101,167.35180163383484,1.675977653631285,297.5011353492737,-0.556897182583242,33.42903113365173,-0.6124527381387974,67.49361181259155,-0.3346749603610196,134.3671097755432,-0.2791194048054641,167.35180163383484,-0.4457860714721308,297.5011353492737
2026-09-18 09:48:28,v2.1.2,MAIN,MAIN,MAIN,2026-09-18 09:48:28.762,True,KOSDAQ,010170,대한광통신,18100.0,12.46,19192228,334827000000.0,347379326800.0,334827000000.0,ACTUAL,1,18230.0,0.7131102578167855,1.0655712662663142,1.0637782702700784,82,40,22,11,9,False,60,2026-09-18 09:03:11.335,17200.0,63.0,2717.42691,20260918_010170_E006,2026-09-18 09:31:41.884,17410.0,63.0,1006.87805,591.1208865642548,19,-0.5494505494505495,1.2304250559284116,True,False,,,,,,,-0.5494505494505495,33.64519429206848,-0.5494505494505495,33.64519429206848,1.2304250559284116,67.07422542572021,1.1173184357541899,133.8438220024109,1.0044642857142858,168.0123040676117,0.8356545961002786,298.5942840576172,0.6033407737333607,33.64519429206848,0.04644359115011876,67.07422542572021,0.15755470226122992,133.8438220024109,0.2686658133723411,168.0123040676117,0.4353324800390077,298.5942840576172
2026-09-18 09:51:53,v2.1.2,MAIN,MAIN,MAIN,2026-09-18 09:51:53.319,True,KOSPI,001440,대한전선,31050.0,9.36,2149656,64599000000.0,66746818800.0,64599000000.0,ACTUAL,31,31100.0,0.1607717041800643,1.0915865425235303,1.0898726013895819,78,33,25,11,9,False,60,2026-09-18 09:22:26.086,30300.0,77.0,1767.232619,20260918_001440_E003,2026-09-18 09:35:23.127,30150.0,60.0,990.19166,568.1840560436249,18,0.5668016194331984,0.6482982171799028,True,False,,,,,,,0.5668016194331984,33.29866075515747,0.5668016194331984,33.29866075515747,0.6482982171799028,66.494060754776,0.8116883116883116,133.2834756374359,1.1400651465798046,170.7608573436737,0.8116883116883116,305.3243145942688,0.07986555531275039,33.29866075515747,-0.0010405935545635403,66.494060754776,-0.1628528912891914,133.2834756374359,-0.4864774867584471,170.7608573436737,-0.1628528912891914,305.3243145942688
2026-09-18 09:52:28,v2.1.2,MAIN,MAIN,MAIN,2026-09-18 09:52:27.939,True,KOSPI,001440,대한전선,31100.0,9.89,2180340,65592000000.0,67808574000.0,65592000000.0,ACTUAL,30,31100.0,0.0,1.0904013033214748,1.0794425004307195,78,33,25,11,9,False,60,2026-09-18 09:22:26.086,30300.0,77.0,1801.853498,20260918_001440_E003,2026-09-18 09:35:23.127,30150.0,60.0,1024.812539,569.1794848442078,18,0.1610305958132045,0.728744939271255,True,False,,,,,,,0.1610305958132045,33.847646713256836,0.1610305958132045,33.847646713256836,0.728744939271255,67.1463074684143,1.3029315960912053,133.87083745002747,0.974025974025974,167.13112235069275,1.1382113821138211,305.1073806285858,-0.1607717041800643,33.847646713256836,-0.08090614886731393,67.1463074684143,-0.6472491909385114,133.87083745002747,-0.3236245954692557,167.13112235069275,-0.48543689320388345,305.1073806285858
2026-09-18 09:53:42,v2.1.2,MAIN,MAIN,MAIN,2026-09-18 09:53:41.842,True,KOSPI,028050,삼성E&A,55100.0,8.02,2210227,118581000000.0,121783507700.0,118581000000.0,ACTUAL,16,55200.0,0.18115942028985507,1.0895483989525427,1.0846542099645438,85,40,25,11,9,False,60,2026-09-18 09:11:16.985,53700.0,63.0,2544.857196,20260918_028050_E003,2026-09-18 09:33:15.602,53800.0,68.0,1226.239798,574.8676323890686,18,0.18181818181818182,0.36429872495446264,True,False,,,,,,,0.18181818181818182,36.45533585548401,0.18181818181818182,36.45533585548401,0.36429872495446264,71.06892895698547,0.4557885141294439,104.91657567024231,0.5474452554744526,171.4106364250183,0.7312614259597806,309.1020841598511,0.18115942028985507,36.45533585548401,0.18115942028985507,71.06892895698547,0.09008473905123941,104.91657567024231,0.18115942028985507,171.4106364250183,-0.0013223315349624454,309.1020841598511
2026-09-18 09:53:42,v2.1.2,MAIN,MAIN,MAIN,2026-09-18 09:53:41.838,True,KOSPI,006340,대원전선,14220.0,10.5,5258311,72447000000.0,74773182420.0,72447000000.0,ACTUAL,25,14220.0,0.0,1.0754716981132075,1.0699833102243088,82,37,25,11,9,False,60,2026-09-18 09:35:53.377,13850.0,71.0,1068.461473,20260918_006340_E003,2026-09-18 09:42:57.975,14030.0,74.0,643.862968,574.8676323890686,18,0.7795889440113395,0.6369426751592357,True,False,,,,,,,0.7795889440113395,36.45533585548401,0.7795889440113395,36.45533585548401,0.6369426751592357,71.06892895698547,1.5714285714285716,104.91657567024231,1.4265335235378032,171.4106364250183,0.9943181818181818,309.1020841598511,-0.14154281670205238,36.45533585548401,0.0,71.06892895698547,-0.9200283085633405,104.91657567024231,-0.778485491861288,171.4106364250183,-0.3538570417551309,309.1020841598511
2026-09-18 09:53:42,v2.1.2,MAIN,MAIN,MAIN,2026-09-18 09:53:41.839,True,KOSPI,001440,대한전선,31300.0,10.42,2301448,69230000000.0,72035322400.0,69230000000.0,ACTUAL,29,31300.0,0.0,1.055464080985486,1.0555454653861325,78,33,25,11,9,False,60,2026-09-18 09:22:26.086,30300.0,77.0,1875.753047,20260918_001440_E003,2026-09-18 09:35:23.127,30150.0,60.0,1098.712088,574.8676323890686,18,0.4815409309791332,0.6430868167202572,True,False,,,,,,,0.4815409309791332,36.45533585548401,0.4815409309791332,36.45533585548401,0.6430868167202572,71.06892895698547,0.8051529790660225,104.91657567024231,1.4586709886547813,171.4106364250183,1.788617886178862,309.1020841598511,0.0,36.45533585548401,0.0,71.06892895698547,-0.1607717041800643,104.91657567024231,-0.16181229773462785,171.4106364250183,-0.48543689320388345,309.1020841598511
2026-09-18 09:54:20,v2.1.2,MAIN,MAIN,MAIN,2026-09-18 09:54:19.950,True,KOSPI,028050,삼성E&A,55200.0,7.83,2238047,120063000000.0,123540194400.0,120063000000.0,ACTUAL,16,55200.0,0.0,1.0705572893446278,1.0678285937307659,85,40,25,11,9,False,60,2026-09-18 09:11:16.985,53700.0,63.0,2582.964887,20260918_028050_E003,2026-09-18 09:33:15.602,53800.0,68.0,1264.347489,583.7616367340088,18,0.18148820326678766,0.36363636363636365,True,False,,,,,,,0.18148820326678766,41.07414698600769,0.18148820326678766,41.07414698600769,0.36363636363636365,77.5294828414917,0.546448087431694,112.14307594299316,0.7299270072992701,179.28938341140747,1.098901098901099,316.7515799999237,-0.18115942028985507,41.07414698600769,0.0,77.5294828414917,0.0,112.14307594299316,-0.18214936247723132,179.28938341140747,-0.36496350364963503,316.7515799999237
2026-09-18 09:54:20,v2.1.2,MAIN,MAIN,MAIN,2026-09-18 09:54:19.947,True,KOSPI,001440,대한전선,31400.0,10.6,2364037,70906000000.0,74230761800.0,70906000000.0,ACTUAL,27,31450.0,0.1589825119236884,1.0613558459442873,1.065182373580286,82,37,25,11,9,False,60,2026-09-18 09:22:26.086,30300.0,77.0,1913.860707,20260918_001440_E003,2026-09-18 09:35:23.127,30150.0,60.0,1136.819748,583.7616367340088,18,0.3194888178913738,0.8025682182985553,True,False,,,,,,,0.3194888178913738,41.07414698600769,0.3194888178913738,41.07414698600769,0.8025682182985553,77.5294828414917,0.964630225080386,112.14307594299316,1.7004048582995952,179.28938341140747,2.2801302931596092,316.7515799999237,0.1589825119236884,41.07414698600769,0.1589825119236884,77.5294828414917,0.1589825119236884,112.14307594299316,0.07807636305637447,179.28938341140747,-0.488266679014823,316.7515799999237
2026-09-18 09:54:20,v2.1.2,MAIN,MAIN,MAIN,2026-09-18 09:54:19.948,True,KOSPI,006340,대원전선,14200.0,10.5,5394988,74460000000.0,76608829600.0,74460000000.0,ACTUAL,25,14230.0,0.21082220660576245,1.0849324649210998,1.0837864186695332,82,37,25,11,9,False,60,2026-09-18 09:35:53.377,13850.0,71.0,1106.571176,20260918_006340_E003,2026-09-18 09:42:57.975,14030.0,74.0,681.972671,583.7616367340088,18,-0.14064697609001406,0.6378454996456413,True,False,,,,,,,-0.14064697609001406,41.07414698600769,-0.14064697609001406,41.07414698600769,0.6378454996456413,77.5294828414917,0.4953998584571833,112.14307594299316,1.5736766809728182,179.28938341140747,1.4285714285714286,316.7515799999237,0.21082220660576245,41.07414698600769,0.06927938990371008,77.5294828414917,0.21082220660576245,112.14307594299316,-0.8507489186596303,179.28938341140747,-0.709206101957578,316.7515799999237
2026-09-18 09:54:20,v2.1.2,MAIN,MAIN,MAIN,2026-09-18 09:54:19.973,True,KOSDAQ,024840,KBI메탈,6870.0,16.84,8805356,57011000000.0,60492795720.0,57011000000.0,ACTUAL,8,6920.0,0.7225433526011561,1.0556810606621732,1.0647422998543763,75,33,22,11,9,False,60,2026-09-18 09:31:11.113,6610.0,71.0,1388.86001,20260918_024840_E003,2026-09-18 09:53:46.746,6870.0,75.0,33.227153,583.7616367340088,18,1.4771048744460855,1.6272189349112427,True,False,,,,,,,1.4771048744460855,41.07414698600769,1.4771048744460855,41.07414698600769,1.6272189349112427,77.5294828414917,1.7777777777777777,112.14307594299316,2.5373134328358207,179.28938341140747,3.463855421686747,316.7515799999237,-1.445086705202312,41.07414698600769,-1.589595375722543,77.5294828414917,-1.7341040462427744,112.14307594299316,-2.45664739884393,179.28938341140747,-3.323699421965318,316.7515799999237
2026-09-18 09:54:55,v2.1.2,MAIN,MAIN,MAIN,2026-09-18 09:54:54.940,True,KOSPI,001440,대한전선,31350.0,10.95,2428375,73260000000.0,76129556250.0,73260000000.0,ACTUAL,27,31450.0,0.3179650238473768,1.0582117579084211,1.0551509310660072,82,37,25,11,9,False,60,2026-09-18 09:22:26.086,30300.0,77.0,1948.853748,20260918_001440_E003,2026-09-18 09:35:23.127,30150.0,60.0,1171.812789,585.6520295143127,18,-0.15923566878980894,0.1597444089456869,True,False,,,,,,,-0.15923566878980894,34.47880244255066,-0.15923566878980894,34.47880244255066,0.1597444089456869,75.55294942855835,0.6420545746388443,112.00828528404236,0.966183574879227,180.46952509880066,1.7857142857142856,313.7530007362366,0.1589825119236884,34.47880244255066,0.3179650238473768,75.55294942855835,0.3179650238473768,112.00828528404236,0.15719331966731248,180.46952509880066,-0.005659571621878912,313.7530007362366
2026-09-18 09:56:04,v2.1.2,MAIN,MAIN,MAIN,2026-09-18 09:56:04.775,True,KOSPI,001820,삼화콘덴서,147700.0,7.85,600187,85957000000.0,88647619900.0,85957000000.0,ACTUAL,22,148500.0,0.5387205387205387,1.121334272594448,1.1219455203457507,79,37,22,11,9,False,60,2026-09-18 09:41:18.891,144900.0,61.0,885.883262,20260918_001820_E003,2026-09-18 09:51:54.602,145100.0,66.0,250.172191,589.1963219642639,18,1.233721727210418,1.0259917920656634,True,True,20260918_001820_SHADOW_SCORE_70_74_E003_095342008984,2026-09-18 09:53:41.844,146100.0,74.0,142.930647,1.0951403148528494,1.233721727210418,34.39038586616516,1.233721727210418,34.39038586616516,1.0259917920656634,70.6974663734436,1.4423076923076923,105.17626881599426,1.6517549896765313,182.70575165748596,2.356202356202356,284.46565222740173,-0.2095787810073524,34.39038586616516,-0.005497148354291159,70.6974663734436,-0.41366041366041373,105.17626881599426,-0.6177420463134748,182.70575165748596,,
2026-09-18 09:56:44,v2.1.2,MAIN,MAIN,MAIN,2026-09-18 09:56:44.271,True,KOSPI,001820,삼화콘덴서,147700.0,7.34,617315,88554000000.0,91177425500.0,88554000000.0,ACTUAL,20,148500.0,0.5387205387205387,1.143517561983471,1.1455837733012906,79,37,22,11,9,False,60,2026-09-18 09:41:18.891,144900.0,61.0,925.379776,20260918_001820_E003,2026-09-18 09:51:54.602,145100.0,66.0,289.668705,594.2968258857727,18,0.0,1.233721727210418,True,True,20260918_001820_SHADOW_SCORE_70_74_E003_095342008984,2026-09-18 09:53:41.844,146100.0,74.0,142.930647,1.0951403148528494,0.0,37.805519819259644,0.0,37.805519819259644,1.233721727210418,72.1959056854248,1.0259917920656634,108.50298619270325,1.0951403148528405,184.0559356212616,2.569444444444444,288.9725112915039,0.0,37.805519819259644,-0.2095787810073524,72.1959056854248,-0.005497148354291159,108.50298619270325,-0.07352435923864498,184.0559356212616,,
2026-09-18 09:57:20,v2.1.2,MAIN,MAIN,MAIN,2026-09-18 09:57:19.908,True,KOSPI,001440,대한전선,31250.0,10.25,2661787,80635000000.0,83180843750.0,80635000000.0,ACTUAL,25,31450.0,0.6359300476947536,1.0666287467922433,1.064656882665583,79,37,22,11,9,False,60,2026-09-18 09:22:26.086,30300.0,77.0,2093.821918,20260918_001440_E003,2026-09-18 09:35:23.127,30150.0,60.0,1316.780959,595.9601781368256,18,0.9693053311793215,0.8064516129032258,True,False,,,,,,,0.9693053311793215,35.727932929992676,0.9693053311793215,35.727932929992676,0.8064516129032258,73.53345274925232,0.16025641025641024,107.92383861541748,-0.47770700636942676,178.70972156524658,0.482315112540193,290.85279750823975,-0.9538950715421302,35.727932929992676,-0.7949125596184421,73.53345274925232,-0.15898251192368829,107.92383861541748,0.4769475357710652,178.70972156524658,0.6359300476947536,290.85279750823975
2026-09-18 09:57:20,v2.1.2,MAIN,MAIN,MAIN,2026-09-18 09:57:19.911,True,KOSPI,001820,삼화콘덴서,147700.0,7.56,631123,90701000000.0,93216867100.0,90701000000.0,ACTUAL,20,148500.0,0.5387205387205387,1.0551903858906198,1.0515439354734442,79,37,22,11,9,False,60,2026-09-18 09:41:18.891,144900.0,61.0,961.019476,20260918_001820_E003,2026-09-18 09:51:54.602,145100.0,66.0,325.308405,595.9601781368256,18,0.0,0.0,True,True,20260918_001820_SHADOW_SCORE_70_74_E003_095342008984,2026-09-18 09:53:41.844,146100.0,74.0,142.930647,1.0951403148528494,0.0,35.727932929992676,0.0,35.727932929992676,0.0,73.53345274925232,1.233721727210418,107.92383861541748,1.4423076923076923,178.70972156524658,1.7918676774638183,290.85279750823975,0.0,35.727932929992676,0.0,73.53345274925232,-0.2095787810073524,107.92383861541748,-0.41366041366041373,178.70972156524658,-0.7537964680821823,290.85279750823975
2026-09-18 09:57:56,v2.1.2,MAIN,MAIN,MAIN,2026-09-18 09:57:56.297,True,KOSPI,001440,대한전선,31500.0,11.31,2819580,85585000000.0,88816770000.0,85585000000.0,ACTUAL,23,31600.0,0.31645569620253167,1.1162193181521767,1.1131082493212778,82,37,25,11,9,False,60,2026-09-18 09:22:26.086,30300.0,77.0,2130.211299,20260918_001440_E003,2026-09-18 09:35:23.127,30150.0,60.0,1353.17034,598.2705397605896,18,0.8,1.7770597738287561,True,False,,,,,,,0.8,35.73939275741577,0.8,35.73939275741577,1.7770597738287561,71.46732568740845,1.6129032258064515,109.27284550666809,0.4784688995215311,179.9703118801117,1.1235955056179776,291.97859716415405,-0.3194743514922219,35.73939275741577,-1.2733694230343522,71.46732568740845,-1.114386911110664,109.27284550666809,-0.0015093276448451265,179.9703118801117,0.31645569620253167,291.97859716415405
2026-09-18 09:57:56,v2.1.2,MAIN,MAIN,MAIN,2026-09-18 09:57:56.304,True,KOSPI,001820,삼화콘덴서,149400.0,8.07,664907,95266000000.0,99337105800.0,95266000000.0,ACTUAL,20,149400.0,0.0,1.0757955597714388,1.0770951621133458,82,37,25,11,9,False,60,2026-09-18 09:41:18.891,144900.0,61.0,997.41285,20260918_001820_E003,2026-09-18 09:51:54.602,145100.0,66.0,361.701779,598.2705397605896,18,1.1509817197020988,1.1509817197020988,True,True,20260918_001820_SHADOW_SCORE_70_74_E003_095342008984,2026-09-18 09:53:41.844,146100.0,74.0,142.930647,1.0951403148528494,1.1509817197020988,35.73939275741577,1.1509817197020988,35.73939275741577,1.1509817197020988,71.46732568740845,1.1509817197020988,109.27284550666809,2.188782489740082,179.9703118801117,2.821748107364074,291.97859716415405,-0.5387205387205387,35.73939275741577,-0.5387205387205387,71.46732568740845,-0.5387205387205387,109.27284550666809,-0.5442176870748299,179.9703118801117,-1.1564625850340136,291.97859716415405
2026-09-18 09:58:32,v2.1.2,MAIN,MAIN,MAIN,2026-09-18 09:58:32.702,True,KOSPI,001440,대한전선,31550.0,11.66,2887743,86761000000.0,91108291650.0,86761000000.0,ACTUAL,23,31600.0,0.15822784810126583,1.075971972468531,1.0848888359587,82,37,25,11,9,False,60,2026-09-18 09:22:26.086,30300.0,77.0,2166.615822,20260918_001440_E003,2026-09-18 09:35:23.127,30150.0,60.0,1389.574863,567.4981911182404,17,0.15873015873015872,0.96,True,False,,,,,,,0.15873015873015872,36.2974967956543,0.15873015873015872,36.2974967956543,0.96,72.03688955307007,1.938610662358643,107.76482248306274,1.1217948717948718,179.96072816848755,0.7987220447284344,291.82075810432434,-0.15822784810126583,36.2974967956543,-0.47770219959348775,72.03688955307007,-1.431597271135618,107.76482248306274,-0.6366847115171761,179.96072816848755,0.15822784810126583,291.82075810432434
2026-09-18 09:58:32,v2.1.2,MAIN,MAIN,MAIN,2026-09-18 09:58:32.742,True,KOSPI,001820,삼화콘덴서,149100.0,8.72,708511,102315000000.0,105638990100.0,102315000000.0,ACTUAL,19,150800.0,1.1273209549071617,1.1280470998114684,1.1226195210759233,79,40,19,11,9,False,60,2026-09-18 09:41:18.891,144900.0,61.0,1033.850373,20260918_001820_E003,2026-09-18 09:51:54.602,145100.0,66.0,398.139302,567.4981911182404,17,-0.2008032128514056,0.9478672985781991,True,True,20260918_001820_SHADOW_SCORE_70_74_E003_095342008984,2026-09-18 09:53:41.844,146100.0,74.0,142.930647,1.0951403148528494,-0.2008032128514056,36.2974967956543,-0.2008032128514056,36.2974967956543,0.9478672985781991,72.03688955307007,0.9478672985781991,107.76482248306274,2.193283070596299,179.96072816848755,2.0533880903490758,291.82075810432434,1.1273209549071617,36.2974967956543,0.588600416186623,72.03688955307007,0.588600416186623,107.76482248306274,0.37902163517927057,179.96072816848755,0.515076056947978,291.82075810432434
2026-09-18 09:59:10,v2.1.2,MAIN,MAIN,MAIN,2026-09-18 09:59:10.130,True,KOSPI,001820,삼화콘덴서,148200.0,8.36,730914,104653000000.0,108321454800.0,104653000000.0,ACTUAL,19,150800.0,1.7241379310344827,1.0985346293535994,1.0992725298425192,79,40,19,11,9,False,60,2026-09-18 09:41:18.891,144900.0,61.0,1071.238943,20260918_001820_E003,2026-09-18 09:51:54.602,145100.0,66.0,435.527872,566.5709412097931,17,-0.6036217303822937,-0.8032128514056224,True,True,20260918_001820_SHADOW_SCORE_70_74_E003_095342008984,2026-09-18 09:53:41.844,146100.0,74.0,142.930647,1.0951403148528494,-0.6036217303822937,36.55013179779053,-0.6036217303822937,36.55013179779053,-0.8032128514056224,72.84762859344482,0.3385240352064997,108.5870213508606,0.3385240352064997,182.12047410011292,1.7857142857142856,287.2967429161072,0.596816976127321,36.55013179779053,1.7241379310344827,72.84762859344482,1.185417392313944,108.5870213508606,1.185417392313944,182.12047410011292,0.7717569786535302,287.2967429161072
2026-09-18 10:02:12,v2.1.2,MAIN,MAIN,MAIN,2026-09-18 10:02:12.497,True,KOSPI,001440,대한전선,31700.0,12.01,3163091,96568000000.0,100269984700.0,96568000000.0,ACTUAL,21,31700.0,0.0,1.0509887574415289,1.046794643530843,77,37,25,11,4,False,60,2026-09-18 09:22:26.086,30300.0,77.0,2386.411391,20260918_001440_E003,2026-09-18 09:35:23.127,30150.0,60.0,1609.370432,581.0781528949738,17,0.4754358161648178,1.1164274322169059,True,False,,,,,,,0.4754358161648178,36.2151038646698,0.4754358161648178,36.2151038646698,1.1164274322169059,73.24879670143127,1.7656500802568218,108.73069024085999,0.9554140127388535,181.6383340358734,1.44,290.225355386734,-0.15822784810126583,36.2151038646698,-0.7911392405063291,73.24879670143127,-1.4240506329113924,108.73069024085999,-0.6329113924050633,181.6383340358734,-0.6359300476947536,290.225355386734
2026-09-18 10:02:12,v2.1.2,MAIN,MAIN,MAIN,2026-09-18 10:02:12.522,True,KOSPI,009150,삼성전기,1397000.0,5.04,229321,659506000000.0,320361437000.0,659506000000.0,ACTUAL,3,1409000.0,0.8516678495386799,1.1070830850322722,1.0053441004462915,77,40,22,11,4,False,60,2026-09-18 09:00:00.201,1399000.0,74.0,3732.321241,20260918_009150_E001,2026-09-18 09:00:00.201,1399000.0,74.0,3732.321241,581.0781528949738,17,0.0,0.07163323782234957,False,True,20260918_009150_SHADOW_SCORE_70_74_E001_090019889352,2026-09-18 09:00:19.873,1399000.0,74.0,82.238648,-0.21443888491780028,0.0,36.2151038646698,0.0,36.2151038646698,0.07163323782234957,73.24879670143127,0.14336917562724014,108.73069024085999,0.17927572606669057,181.6383340358734,0.14336917562724014,290.225355386734,0.0,36.2151038646698,-0.07097232079489002,73.24879670143127,-0.14194464158978004,108.73069024085999,-0.17743080198722494,181.6383340358734,-0.14194464158978004,290.225355386734
2026-09-18 10:02:51,v2.1.2,MAIN,MAIN,MAIN,2026-09-18 10:02:51.311,True,KOSPI,009150,삼성전기,1400000.0,5.19,231821,664179000000.0,324549400000.0,664179000000.0,ACTUAL,3,1409000.0,0.63875088715401,1.1149274401349638,1.0121508221343183,77,40,22,11,4,False,60,2026-09-18 09:00:00.201,1399000.0,74.0,3771.110096,20260918_009150_E001,2026-09-18 09:00:00.201,1399000.0,74.0,3771.110096,586.030816078186,17,0.21474588403722264,0.21474588403722264,False,True,20260918_009150_SHADOW_SCORE_70_74_E001_090019889352,2026-09-18 09:00:19.873,1399000.0,74.0,82.238648,-0.21443888491780028,0.21474588403722264,39.566256284713745,0.21474588403722264,39.566256284713745,0.21474588403722264,75.78136014938354,0.28653295128939826,112.81505298614502,0.35842293906810035,183.89363074302673,0.39440659734671923,294.052218914032,-0.21291696238466995,39.566256284713745,-0.21291696238466995,75.78136014938354,-0.28388928317955997,112.81505298614502,-0.35486160397445,183.89363074302673,-0.3903477643718949,294.052218914032
2026-09-18 10:04:11,v2.1.2,MAIN,MAIN,MAIN,2026-09-18 10:04:10.777,True,KOSPI,001210,금호전기,11980.0,13.1,2636231,29366000000.0,31582047380.0,29366000000.0,ACTUAL,68,12000.0,0.16666666666666669,1.1959275096721644,1.196833753202362,77,24,25,16,12,False,60,2026-09-18 09:59:11.353,11600.0,63.0,299.4236,20260918_001210_E002,2026-09-18 10:02:55.071,11880.0,69.0,75.705726,587.7701358795166,17,0.8417508417508417,1.5254237288135595,True,False,,,,,,,0.8417508417508417,39.444560289382935,0.8417508417508417,39.444560289382935,1.5254237288135595,79.26880264282227,1.5254237288135595,118.83505892753601,1.5254237288135595,192.08385562896729,4.811898512685914,300.4733929634094,-0.0014005602240896309,39.444560289382935,0.16666666666666669,79.26880264282227,0.16666666666666669,118.83505892753601,0.16666666666666669,192.08385562896729,-0.355526544821584,300.4733929634094
2026-09-18 10:04:51,v2.1.2,MAIN,MAIN,MAIN,2026-09-18 10:04:51.874,True,KOSPI,001440,대한전선,31550.0,11.48,3372604,103070000000.0,106405656200.0,103070000000.0,ACTUAL,21,32050.0,1.5600624024960998,1.0673307928092122,1.0662367917963789,79,40,19,11,9,False,60,2026-09-18 09:22:26.086,30300.0,77.0,2545.787603,20260918_001440_E003,2026-09-18 09:35:23.127,30150.0,60.0,1768.746644,594.5379719734192,17,-0.47318611987381703,-0.47318611987381703,True,False,,,,,,,-0.47318611987381703,41.24663853645325,-0.47318611987381703,41.24663853645325,-0.47318611987381703,41.24663853645325,-0.47318611987381703,120.51544117927551,0.0,196.29680132865906,1.1217948717948718,304.40907192230225,1.5600624024960998,41.24663853645325,1.5600624024960998,41.24663853645325,1.5600624024960998,120.51544117927551,1.401834554394834,196.29680132865906,0.2942396176859732,304.40907192230225
2026-09-18 10:05:28,v2.1.2,MAIN,MAIN,MAIN,2026-09-18 10:05:28.821,True,KOSPI,001440,대한전선,31700.0,11.66,3408973,104201000000.0,108064444100.0,104201000000.0,ACTUAL,21,32050.0,1.0920436817472698,1.0790427470797779,1.0777347221436246,79,40,19,11,9,False,60,2026-09-18 09:22:26.086,30300.0,77.0,2582.734758,20260918_001440_E003,2026-09-18 09:35:23.127,30150.0,60.0,1805.693799,595.5063319206238,17,0.4754358161648178,0.0,True,False,,,,,,,0.4754358161648178,37.27544045448303,0.4754358161648178,37.27544045448303,0.0,78.52207899093628,0.0,117.96663928031921,0.0,197.3571379184723,1.7656500802568218,306.0878281593323,-0.46801872074883,37.27544045448303,1.0920436817472698,78.52207899093628,1.0920436817472698,117.96663928031921,1.0920436817472698,197.3571379184723,-0.3320069511641226,306.0878281593323
2026-09-18 10:09:14,v2.1.2,MAIN,MAIN,MAIN,2026-09-18 10:09:14.815,True,KOSPI,001820,삼화콘덴서,149500.0,9.01,889718,128700000000.0,133012841000.0,128700000000.0,ACTUAL,18,150800.0,0.8620689655172413,1.0477299185098952,1.0514598652286646,76,40,22,5,9,False,60,2026-09-18 09:41:18.891,144900.0,61.0,1675.923986,20260918_001820_E003,2026-09-18 09:51:54.602,145100.0,66.0,1040.212915,566.3529272079468,16,0.2682763246143528,0.2682763246143528,True,True,20260918_001820_SHADOW_SCORE_70_74_E003_095342008984,2026-09-18 09:53:41.844,146100.0,74.0,142.930647,1.0951403148528494,0.2682763246143528,38.25486207008362,0.2682763246143528,38.25486207008362,0.2682763246143528,75.7129020690918,0.8091706001348618,112.7179365158081,1.0135135135135136,187.72396159172058,0.8771929824561403,303.1904938220978,-0.26525198938992034,38.25486207008362,-0.26525198938992034,75.7129020690918,-0.7957559681697615,112.7179365158081,-0.9946949602122015,187.72396159172058,-0.8620689655172413,303.1904938220978
2026-09-18 10:09:53,v2.1.2,MAIN,MAIN,MAIN,2026-09-18 10:09:53.491,True,KOSPI,001820,삼화콘덴서,149400.0,8.79,901757,131166000000.0,134722495800.0,131166000000.0,ACTUAL,18,150800.0,0.9283819628647214,1.059062906234104,1.0550394634930516,82,40,22,11,9,False,60,2026-09-18 09:41:18.891,144900.0,61.0,1714.600007,20260918_001820_E003,2026-09-18 09:51:54.602,145100.0,66.0,1078.888936,569.0469756126404,16,-0.06688963210702341,0.2012072434607646,True,True,20260918_001820_SHADOW_SCORE_70_74_E003_095342008984,2026-09-18 09:53:41.844,146100.0,74.0,142.930647,1.0951403148528494,-0.06688963210702341,38.290732622146606,-0.06688963210702341,38.290732622146606,0.2012072434607646,76.54559469223022,0.2012072434607646,114.0036346912384,0.4707464694014795,188.2937240600586,1.0141987829614605,300.23458790779114,0.06631299734748008,38.290732622146606,-0.19893899204244025,76.54559469223022,-0.19893899204244025,114.0036346912384,-0.4641909814323608,188.2937240600586,-0.9946949602122017,300.23458790779114
2026-09-18 10:16:15,v2.1.2,MAIN,MAIN,MAIN,2026-09-18 10:16:15.721,True,KOSDAQ,119850,지엔씨에너지,54000.0,5.65,377766,53538000000.0,20399364000.0,53538000000.0,ACTUAL,11,54200.0,0.36900369003690037,2.189424610477242,4.223066861927492,93,33,25,20,15,False,60,2026-09-18 10:15:39.110,54000.0,93.0,36.611182,20260918_119850_E001,2026-09-18 10:15:39.110,54000.0,93.0,36.611182,571.4066431522369,11,0.5586592178770949,1.3133208255159476,True,False,,,,,,,0.5586592178770949,37.734519481658936,0.5586592178770949,37.734519481658936,1.3133208255159476,77.14776396751404,0.9345794392523363,113.928382396698,1.1235955056179776,189.8367314338684,,,,,,,,,,,,
2026-09-18 10:18:16,v2.1.2,MAIN,MAIN,MAIN,2026-09-18 10:18:15.893,True,KOSDAQ,119850,지엔씨에너지,54800.0,6.63,417588,58070000000.0,22883822400.0,58070000000.0,ACTUAL,10,54900.0,0.18214936247723132,1.0661109989168152,1.075908339044537,78,33,25,11,9,False,60,2026-09-18 10:15:39.110,54000.0,93.0,156.783047,20260918_119850_E001,2026-09-18 10:15:39.110,54000.0,93.0,156.783047,387.2149701118469,11,0.9208103130755065,0.9208103130755065,True,False,,,,,,,0.9208103130755065,39.96929049491882,0.9208103130755065,39.96929049491882,0.9208103130755065,79.17438650131226,1.4814814814814816,120.90996479988098,2.8142589118198873,198.05772876739502,2.6217228464419478,310.7466962337494,-0.001674166934533372,39.96929049491882,0.18214936247723132,79.17438650131226,-0.18685432755966905,120.90996479988098,,,,
2026-09-18 10:18:54,v2.1.2,MAIN,MAIN,MAIN,2026-09-18 10:18:54.207,True,KOSDAQ,119850,지엔씨에너지,55000.0,7.02,436825,59784000000.0,24025375000.0,59784000000.0,ACTUAL,9,55100.0,0.18148820326678766,1.0770339410535419,1.1090447476991432,78,33,25,11,9,False,60,2026-09-18 10:15:39.110,54000.0,93.0,195.097287,20260918_119850_E001,2026-09-18 10:15:39.110,54000.0,93.0,195.097287,424.33954310417175,12,0.36496350364963503,1.289134438305709,True,False,,,,,,,0.36496350364963503,37.12457299232483,0.36496350364963503,37.12457299232483,1.289134438305709,77.09386348724365,1.289134438305709,116.29895949363708,2.4208566108007448,195.76905727386475,3.189493433395872,310.0731339454651,-0.000661159210443657,37.12457299232483,-0.002335326144977029,77.09386348724365,0.18148820326678766,116.29895949363708,-0.1875154867701127,158.0345377922058,,
2026-09-18 10:19:32,v2.1.2,MAIN,MAIN,MAIN,2026-09-18 10:19:32.061,True,KOSDAQ,119850,지엔씨에너지,54900.0,7.02,446587,62628000000.0,24517626300.0,62628000000.0,ACTUAL,9,55100.0,0.3629764065335753,1.0784914758050628,1.069444045326973,78,33,25,11,9,False,60,2026-09-18 10:15:39.110,54000.0,93.0,232.950823,20260918_119850_E001,2026-09-18 10:15:39.110,54000.0,93.0,232.950823,462.5543258190155,13,-0.18181818181818182,0.18248175182481752,True,False,,,,,,,-0.18181818181818182,38.21478271484375,-0.18181818181818182,38.21478271484375,0.18248175182481752,75.33935570716858,1.1049723756906076,115.3086462020874,1.6666666666666667,196.24932050704956,2.6168224299065423,310.17770290374756,0.18148820326678766,38.21478271484375,0.180827044056344,75.33935570716858,0.17915287712181063,115.3086462020874,-0.006027283503325043,196.24932050704956,,
2026-09-18 10:33:07,v2.1.2,MAIN,MAIN,MAIN,2026-09-18 10:33:07.025,True,KOSDAQ,125490,한라캐스트,12830.0,14.67,4402830,54220000000.0,56488308900.0,54220000000.0,ACTUAL,14,12890.0,0.46547711404189296,1.098794204073361,1.0977682255760202,78,33,25,11,9,False,60,2026-09-18 10:30:15.171,12590.0,63.0,171.854923,20260918_125490_E002,2026-09-18 10:32:34.388,12830.0,78.0,32.637189,599.4365649223328,17,1.664025356576862,2.476038338658147,True,False,,,,,,,1.664025356576862,33.41103911399841,1.664025356576862,33.41103911399841,2.476038338658147,67.81882548332214,1.9062748212867358,104.6216766834259,1.664025356576862,173.0520339012146,4.478827361563518,317.90556502342224,-1.4770248284600493,33.41103911399841,-2.2540256054608268,67.81882548332214,-1.7101250615602825,104.6216766834259,-1.4770248284600493,173.0520339012146,-4.118827470262691,317.90556502342224
2026-09-18 10:33:45,v2.1.2,MAIN,MAIN,MAIN,2026-09-18 10:33:45.284,True,KOSDAQ,125490,한라캐스트,12780.0,14.4,4519315,55535000000.0,57756845700.0,55535000000.0,ACTUAL,13,12890.0,0.8533747090768037,1.1154070176143325,1.1041387536195344,75,33,22,11,9,False,60,2026-09-18 10:30:15.171,12590.0,63.0,210.113676,20260918_125490_E002,2026-09-18 10:32:34.388,12830.0,78.0,70.895942,564.1436929702759,16,-0.3897116134060795,1.2678288431061806,True,False,,,,,,,-0.3897116134060795,36.35297727584839,-0.3897116134060795,36.35297727584839,1.2678288431061806,69.7640163898468,2.07667731629393,104.17180275917053,1.5091342335186657,175.57071113586426,2.6506024096385543,318.1323416233063,0.3878975950349107,36.35297727584839,-1.0891272334251387,69.7640163898468,-1.866128010425916,104.17180275917053,-1.322227466525372,175.57071113586426,-2.4100285543264595,318.1323416233063
2026-09-18 10:42:04,v2.1.2,MAIN,MAIN,MAIN,2026-09-18 10:42:04.342,True,KOSPI,009150,삼성전기,1399000.0,5.04,288513,772658000000.0,403629687000.0,772658000000.0,ACTUAL,3,1409000.0,0.7097232079488999,1.1092212346948005,1.015018786676236,77,40,22,11,4,False,60,2026-09-18 09:00:00.201,1399000.0,74.0,6124.141223,20260918_009150_E001,2026-09-18 09:00:00.201,1399000.0,74.0,6124.141223,570.2280802726746,17,0.07153075822603719,0.2508061626657112,False,True,20260918_009150_SHADOW_SCORE_70_74_E001_090019889352,2026-09-18 09:00:19.873,1399000.0,74.0,82.238648,-0.21443888491780028,0.07153075822603719,40.5669059753418,0.07153075822603719,40.5669059753418,0.2508061626657112,76.14803671836853,0.21489971346704873,111.08919906616211,0.21489971346704873,176.0437150001526,0.2867383512544803,283.35725116729736,-0.07097232079489002,40.5669059753418,-0.24840312278211507,76.14803671836853,-0.21291696238467006,111.08919906616211,-0.21291696238467006,176.0437150001526,-0.2838892831795601,283.35725116729736
2026-09-18 10:42:43,v2.1.2,MAIN,MAIN,MAIN,2026-09-18 10:42:43.262,True,KOSPI,009150,삼성전기,1399000.0,5.11,290610,777672000000.0,406563390000.0,777672000000.0,ACTUAL,3,1409000.0,0.7097232079488999,1.1164192903297123,1.0137970731366974,77,40,22,11,4,False,60,2026-09-18 09:00:00.201,1399000.0,74.0,6163.06077,20260918_009150_E001,2026-09-18 09:00:00.201,1399000.0,74.0,6163.06077,573.4611759185791,17,0.0,0.07153075822603719,False,True,20260918_009150_SHADOW_SCORE_70_74_E001_090019889352,2026-09-18 09:00:19.873,1399000.0,74.0,82.238648,-0.21443888491780028,0.0,36.644134759902954,0.0,36.644134759902954,0.07153075822603719,77.21104073524475,0.2508061626657112,112.79217147827148,0.21489971346704873,179.70796132087708,0.2508061626657112,284.164155960083,0.0,36.644134759902954,-0.07097232079489002,77.21104073524475,-0.24840312278211507,112.79217147827148,-0.21291696238467006,179.70796132087708,-0.24840312278211507,284.164155960083
2026-09-18 10:52:07,v2.1.2,MAIN,MAIN,MAIN,2026-09-18 10:52:07.783,True,KOSPI,062040,산일전기,211500.0,5.22,161536,79629000000.0,34164864000.0,79629000000.0,ACTUAL,41,212500.0,0.4705882352941176,1.2638520752321245,1.3551223113318345,93,37,25,16,15,False,60,2026-09-18 10:07:59.451,211500.0,67.0,2648.331418,20260918_062040_E002,2026-09-18 10:51:34.767,211500.0,93.0,33.015784,566.9175336360931,17,0.9546539379474941,0.9546539379474941,True,False,,,,,,,0.9546539379474941,34.651792764663696,0.9546539379474941,34.651792764663696,0.9546539379474941,68.31658911705017,1.1961722488038278,104.35765862464905,1.1961722488038278,175.3551754951477,1.1961722488038278,317.4894280433655,,,,,,,,,,
2026-09-18 11:43:16,v2.1.2,MAIN,MAIN,MAIN,2026-09-18 11:43:16.663,True,KOSPI,017900,광전자,10800.0,5.27,6301166,65180000000.0,68052592800.0,65180000000.0,ACTUAL,55,10890.0,0.8264462809917356,2.9442587406269762,2.993265922890637,90,33,22,20,15,False,60,2026-09-18 11:42:41.985,10800.0,90.0,34.678139,20260918_017900_E001,2026-09-18 11:42:41.985,10800.0,90.0,34.678139,585.2333660125732,18,1.3133208255159476,1.218369259606373,True,False,,,,,,,1.3133208255159476,35.776371479034424,1.3133208255159476,35.776371479034424,1.218369259606373,70.28630828857422,1.4084507042253522,104.65815734863281,1.9830028328611897,176.42641615867615,1.9830028328611897,307.77468752861023,,,,,,,,,,
2026-09-18 11:57:44,v2.1.2,MAIN,MAIN,MAIN,2026-09-18 11:57:44.114,True,KOSPI,017900,광전자,10960.0,6.93,7586419,80363000000.0,83147152240.0,80363000000.0,ACTUAL,47,11100.0,1.2612612612612613,1.071135339748887,1.0717591107913937,76,37,19,11,9,False,60,2026-09-18 11:42:41.985,10800.0,90.0,902.129536,20260918_017900_E004,2026-09-18 11:54:41.329,10790.0,68.0,182.784871,578.3621437549591,17,0.2744739249771272,1.2003693444136658,True,False,,,,,,,0.2744739249771272,36.98788809776306,0.2744739249771272,36.98788809776306,1.2003693444136658,73.12730574607849,1.2003693444136658,110.88459491729736,1.9534883720930232,183.44177913665771,1.7641597028783658,290.70721101760864,1.1698535830162886,36.98788809776306,0.7102970739334376,73.12730574607849,0.7102970739334376,110.88459491729736,,,0.15933288660561384,290.70721101760864
2026-09-18 11:58:21,v2.1.2,MAIN,MAIN,MAIN,2026-09-18 11:58:21.554,True,KOSPI,017900,광전자,10990.0,7.22,7667488,81403000000.0,84265693120.0,81403000000.0,ACTUAL,45,11100.0,0.990990990990991,1.061690555997548,1.057798153999649,79,37,22,11,9,False,60,2026-09-18 11:42:41.985,10800.0,90.0,939.569266,20260918_017900_E004,2026-09-18 11:54:41.329,10790.0,68.0,220.224601,579.6538076400757,17,0.2737226277372263,0.5489478499542544,True,False,,,,,,,0.2737226277372263,37.472954511642456,0.2737226277372263,37.472954511642456,0.5489478499542544,74.46084260940552,1.477377654662973,110.60026025772095,1.8535681186283595,184.9413788318634,1.8535681186283595,292.3862392902374,-0.2702702702702703,37.472954511642456,0.8995833127460184,74.46084260940552,0.44002680366316727,110.60026025772095,0.07271734544461816,184.9413788318634,0.07271734544461816,292.3862392902374
2026-09-18 12:14:58,v2.1.2,MAIN,MAIN,MAIN,2026-09-18 12:14:58.034,True,KOSPI,000660,SK하이닉스,1834000.0,5.04,1486574,4455441000000.0,2726376716000.0,4455441000000.0,ACTUAL,1,1835000.0,0.05449591280653951,4.794761474810892,1.005822859493575,89,40,25,20,4,False,60,2026-09-18 09:00:00.201,1812000.0,74.0,11697.832777,20260918_000660_E001,2026-09-18 09:00:00.201,1812000.0,74.0,11697.832777,594.3837039470673,17,0.0,0.0,True,True,20260918_000660_SHADOW_SCORE_70_74_E001_090019892729,2026-09-18 09:00:19.882,1812000.0,74.0,82.234846,0.1103752759381793,0.0,38.44428467750549,0.0,38.44428467750549,0.0,76.6237964630127,0.10917030567685589,116.45742058753967,0.10917030567685589,193.92135643959045,0.2733734281027884,302.75686407089233,0.0,38.44428467750549,0.0,76.6237964630127,-5.9460897770362287e-05,116.45742058753967,-5.9460897770362287e-05,193.92135643959045,-0.00014889593662988782,302.75686407089233
2026-09-18 12:15:37,v2.1.2,MAIN,MAIN,MAIN,2026-09-18 12:15:37.664,True,KOSPI,000660,SK하이닉스,1837000.0,5.16,1511804,4520858000000.0,2777183948000.0,4520858000000.0,ACTUAL,1,1838000.0,0.0544069640914037,4.865160546731652,1.0204955850418613,89,40,25,20,4,False,60,2026-09-18 09:00:00.201,1812000.0,74.0,11737.462977,20260918_000660_E001,2026-09-18 09:00:00.201,1812000.0,74.0,11737.462977,564.2967667579651,16,0.16357688113413305,0.16357688113413305,True,True,20260918_000660_SHADOW_SCORE_70_74_E001_090019892729,2026-09-18 09:00:19.882,1812000.0,74.0,82.234846,0.1103752759381793,,,0.16357688113413305,41.47929239273071,0.16357688113413305,41.47929239273071,0.16357688113413305,118.10308885574341,0.3276897870016384,196.1726257801056,0.4373974849644614,308.5115909576416,-8.89487151358101e-05,41.47929239273071,-8.89487151358101e-05,41.47929239273071,-8.89487151358101e-05,118.10308885574341,-0.054703783317216044,196.1726257801056,-0.0002378446517656979,308.5115909576416
2026-09-18 12:32:05,v2.1.2,MAIN,MAIN,MAIN,2026-09-18 12:32:05.513,True,KOSDAQ,072950,빛샘전자,14520.0,8.7,4032279,55038000000.0,58548691080.0,55038000000.0,ACTUAL,16,14550.0,0.2061855670103093,1.0809356403558732,1.0903340945134194,78,33,25,11,9,False,60,2026-09-18 12:29:04.069,14130.0,63.0,181.443864,20260918_072950_E002,2026-09-18 12:30:52.984,14380.0,72.0,72.528734,580.0551152229309,16,0.9735744089012517,3.2716927453769555,True,True,20260918_072950_SHADOW_SCORE_70_74_E002_123128437419,2026-09-18 12:31:28.319,14380.0,72.0,37.193556,0.9735744089012455,0.9735744089012517,37.90477752685547,0.9735744089012517,37.90477752685547,3.2716927453769555,75.51442623138428,2.9787234042553195,113.67894744873047,2.7600849256900215,184.53286218643188,3.7142857142857144,295.16163420677185,-0.20932689836365195,37.90477752685547,-2.2903470266096626,75.51442623138428,-2.0129545162074436,113.67894744873047,-1.8049101334057795,184.53286218643188,-2.7064357922129916,295.16163420677185
2026-09-18 12:36:29,v2.1.2,MAIN,MAIN,MAIN,2026-09-18 12:36:29.068,True,KOSDAQ,072950,빛샘전자,14820.0,11.09,4751154,66396000000.0,70412102280.0,66396000000.0,ACTUAL,15,14820.0,0.0,1.0646526842409083,1.0578458850216015,78,33,25,11,9,False,60,2026-09-18 12:29:04.069,14130.0,63.0,444.999342,20260918_072950_E002,2026-09-18 12:30:52.984,14380.0,72.0,336.084212,557.8895127773285,16,0.7477906186267845,2.631578947368421,True,True,20260918_072950_SHADOW_SCORE_70_74_E002_123128437419,2026-09-18 12:31:28.319,14380.0,72.0,37.193556,0.9735744089012455,0.7477906186267845,35.39366912841797,0.7477906186267845,35.39366912841797,2.631578947368421,72.68265390396118,2.631578947368421,109.48600244522095,2.206896551724138,185.95105600357056,3.05980528511822,300.6326560974121,-0.33875338753387535,35.39366912841797,-1.9687712152070607,72.68265390396118,-1.9687712152070607,109.48600244522095,-1.561439239646979,185.95105600357056,-0.41551246537396125,300.6326560974121
2026-09-18 12:39:33,v2.1.2,MAIN,MAIN,MAIN,2026-09-18 12:39:33.881,True,KOSDAQ,072950,빛샘전자,15030.0,12.74,5178495,72014000000.0,77832779850.0,72014000000.0,ACTUAL,13,15170.0,0.922874093605801,1.0846135309355984,1.0899446744938177,79,37,22,11,9,False,60,2026-09-18 12:29:04.069,14130.0,63.0,629.812301,20260918_072950_E002,2026-09-18 12:30:52.984,14380.0,72.0,520.897171,596.1486830711365,17,-0.4635761589403974,1.417004048582996,True,True,20260918_072950_SHADOW_SCORE_70_74_E002_123128437419,2026-09-18 12:31:28.319,14380.0,72.0,37.193556,0.9735744089012455,-0.4635761589403974,38.25130796432495,-0.4635761589403974,38.25130796432495,1.417004048582996,71.28455924987793,1.417004048582996,109.69015383720398,1.417004048582996,186.60089707374573,4.085872576177286,296.0868995189667,0.4614370468029005,38.25130796432495,0.922874093605801,71.28455924987793,0.922874093605801,109.69015383720398,0.922874093605801,186.60089707374573,-1.0458971216012598,296.0868995189667
2026-09-18 12:40:09,v2.1.2,MAIN,MAIN,MAIN,2026-09-18 12:40:08.964,True,KOSDAQ,072950,빛샘전자,15260.0,13.87,5349347,74344000000.0,81631035220.0,74344000000.0,ACTUAL,12,15300.0,0.261437908496732,1.0862018584536264,1.0651749609122674,82,37,25,11,9,False,60,2026-09-18 12:29:04.069,14130.0,63.0,664.895502,20260918_072950_E002,2026-09-18 12:30:52.984,14380.0,72.0,555.980372,597.8163051605225,17,1.5302727877578177,1.0596026490066226,True,True,20260918_072950_SHADOW_SCORE_70_74_E002_123128437419,2026-09-18 12:31:28.319,14380.0,72.0,37.193556,0.9735744089012455,1.5302727877578177,34.808582067489624,1.5302727877578177,34.808582067489624,1.0596026490066226,73.05989003181458,2.968960863697706,106.09314131736755,2.968960863697706,182.06274008750916,5.678670360110803,294.09213304519653,-0.661436185109069,34.808582067489624,-0.1999991383061685,73.05989003181458,0.261437908496732,106.09314131736755,0.261437908496732,182.06274008750916,-1.7073333067103287,294.09213304519653
2026-09-18 12:40:45,v2.1.2,MAIN,MAIN,MAIN,2026-09-18 12:40:45.138,True,KOSDAQ,072950,빛샘전자,15260.0,13.49,5475830,76781000000.0,83561165800.0,76781000000.0,ACTUAL,11,15300.0,0.261437908496732,1.0661954619935012,1.0574172611926824,82,37,25,11,9,False,60,2026-09-18 12:29:04.069,14130.0,63.0,701.068704,20260918_072950_E002,2026-09-18 12:30:52.984,14380.0,72.0,592.153574,595.6311480998993,17,0.0,1.5302727877578177,True,True,20260918_072950_SHADOW_SCORE_70_74_E002_123128437419,2026-09-18 12:31:28.319,14380.0,72.0,37.193556,0.9735744089012455,0.0,35.97936415672302,0.0,35.97936415672302,1.5302727877578177,70.78794622421265,1.0596026490066226,109.0392541885376,2.968960863697706,180.47810006141663,3.7389530931339223,292.78251242637634,0.0,35.97936415672302,-0.661436185109069,70.78794622421265,-0.1999991383061685,109.0392541885376,0.261437908496732,180.47810006141663,-0.07731547903714336,292.78251242637634
2026-09-18 12:43:40,v2.1.2,MAIN,MAIN,MAIN,2026-09-18 12:43:40.197,True,KOSPI,402340,SK스퀘어,1068000.0,5.75,182626,314498000000.0,195044568000.0,314498000000.0,ACTUAL,14,1068000.0,0.0,6.987757459950674,1.0065643343346102,89,40,25,20,4,False,60,2026-09-18 09:00:00.201,1056000.0,63.0,13419.995762,20260918_402340_E011,2026-09-18 09:00:00.201,1060000.0,60.0,13419.995762,580.4553763866425,17,0.09372071227741331,0.09372071227741331,True,False,,,,,,,0.09372071227741331,36.61293816566467,0.09372071227741331,36.61293816566467,0.09372071227741331,71.43741202354431,0.18761726078799248,104.29306411743164,0.09372071227741331,175.71030259132385,0.09372071227741331,284.74955677986145,-0.09363295880149813,36.61293816566467,-0.09363295880149813,71.43741202354431,-0.18726591760299627,104.29306411743164,-0.09363295880149813,175.71030259132385,-0.09363295880149813,284.74955677986145
2026-09-18 12:44:21,v2.1.2,MAIN,MAIN,MAIN,2026-09-18 12:44:21.659,True,KOSPI,402340,SK스퀘어,1068000.0,5.85,183734,317415000000.0,196227912000.0,317415000000.0,ACTUAL,13,1069000.0,0.09354536950420954,7.0525696002844,1.0124312588853746,89,40,25,20,4,False,60,2026-09-18 09:00:00.201,1056000.0,63.0,13461.457375,20260918_402340_E011,2026-09-18 09:00:00.201,1060000.0,60.0,13461.457375,582.3257684707642,17,0.0,0.09372071227741331,True,False,,,,,,,0.0,39.740620136260986,0.0,39.740620136260986,0.09372071227741331,76.35355830192566,0.09372071227741331,111.1780321598053,0.18761726078799248,178.96827054023743,0.09372071227741331,286.2388689517975,0.09354536950420954,39.740620136260986,-8.758929728859555e-05,76.35355830192566,-8.758929728859555e-05,111.1780321598053,-0.09372054809878673,178.96827054023743,-8.758929728859555e-05,286.2388689517975
2026-09-18 12:44:59,v2.1.2,MAIN,MAIN,MAIN,2026-09-18 12:44:59.335,True,KOSDAQ,072950,빛샘전자,15425.0,16.04,6327555,89385000000.0,97602535875.0,89385000000.0,ACTUAL,8,15550.0,0.8038585209003215,1.0630440987583845,1.059837458944741,79,37,22,11,9,False,60,2026-09-18 12:29:04.069,14130.0,63.0,955.26568,20260918_072950_E002,2026-09-18 12:30:52.984,14380.0,72.0,846.35055,583.1542792320251,17,0.8169934640522877,1.413543721236029,True,True,20260918_072950_SHADOW_SCORE_70_74_E002_123128437419,2026-09-18 12:31:28.319,14380.0,72.0,37.193556,0.9735744089012455,0.8169934640522877,37.63185930252075,0.8169934640522877,37.63185930252075,1.413543721236029,77.37247943878174,3.0394121576486306,113.98541760444641,2.4916943521594686,181.66554355621338,1.0812581913499346,289.0621461868286,0.6733102180282589,37.63185930252075,0.08584285510397682,77.37247943878174,-1.4807367793607749,113.98541760444641,-0.9585435678725245,181.66554355621338,0.5424206124035895,289.0621461868286
2026-09-18 12:45:34,v2.1.2,MAIN,MAIN,MAIN,2026-09-18 12:45:34.468,True,KOSDAQ,072950,빛샘전자,15510.0,15.59,6428655,91252000000.0,99708439050.0,91252000000.0,ACTUAL,8,15550.0,0.2572347266881029,1.058964152673173,1.054899218817432,82,37,25,11,9,False,60,2026-09-18 12:29:04.069,14130.0,63.0,990.398907,20260918_072950_E002,2026-09-18 12:30:52.984,14380.0,72.0,881.483777,582.85537981987,17,0.5510534846029173,1.3725490196078431,True,True,20260918_072950_SHADOW_SCORE_70_74_E002_123128437419,2026-09-18 12:31:28.319,14380.0,72.0,37.193556,0.9735744089012455,0.5510534846029173,36.99008536338806,0.5510534846029173,36.99008536338806,1.3725490196078431,74.62194466590881,1.9723865877712032,114.3625648021698,3.6072144288577155,185.7999768257141,1.6382699868938402,290.07286739349365,-0.5466237942122186,36.99008536338806,0.1266864238160402,74.62194466590881,-0.4607809391082418,114.3625648021698,-2.0273605735729934,185.7999768257141,-0.004203181808629108,290.07286739349365
2026-09-18 12:53:07,v2.1.2,MAIN,MAIN,MAIN,2026-09-18 12:53:06.946,True,KOSDAQ,072950,빛샘전자,15920.0,19.42,7833792,113364000000.0,124713968640.0,113364000000.0,ACTUAL,6,16050.0,0.809968847352025,1.052443949310681,1.0451747905792481,77,40,22,11,4,False,60,2026-09-18 12:29:04.069,14130.0,63.0,1442.876882,20260918_072950_E003,2026-09-18 12:52:29.652,15920.0,77.0,37.294036,599.5488524436951,17,-0.5621486570893192,0.9511731135066582,False,False,,,,,,,-0.5621486570893192,37.60972213745117,-0.5621486570893192,37.60972213745117,0.9511731135066582,76.29715251922607,1.2078830260648443,114.16984438896179,2.2479126525369297,191.657320022583,1.9206145966709345,304.8052794933319,,,0.620095429630506,76.29715251922607,0.3669308726684807,114.16984438896179,-0.6457273551796205,191.657320022583,-0.26666193162200913,304.8052794933319
2026-09-18 12:53:46,v2.1.2,MAIN,MAIN,MAIN,2026-09-18 12:53:46.564,True,KOSDAQ,072950,빛샘전자,15950.0,19.79,7937509,115090000000.0,126603268550.0,115090000000.0,ACTUAL,6,16050.0,0.6230529595015576,1.068467715731328,1.0590125837903148,82,40,22,11,9,False,60,2026-09-18 12:29:04.069,14130.0,63.0,1482.494602,20260918_072950_E003,2026-09-18 12:52:29.652,15920.0,77.0,76.911756,563.044214963913,16,0.18844221105527637,-0.3747657713928795,False,False,,,,,,,0.18844221105527637,39.848920822143555,0.18844221105527637,39.848920822143555,-0.3747657713928795,77.45864295959473,1.14140773620799,116.14607334136963,1.5276893698281349,192.16957688331604,1.3341804320203303,308.16083669662476,-0.18691588785046742,39.848920822143555,-0.18691588785046742,39.848920822143555,0.4331795417800386,116.14607334136963,0.05343270633700059,192.16957688331604,0.30639684803860634,308.16083669662476
2026-09-18 13:02:21,v2.1.2,MAIN,MAIN,MAIN,2026-09-18 13:02:21.010,True,KOSPI,017900,광전자,11270.0,10.34,14736167,159106000000.0,166076602090.0,159106000000.0,ACTUAL,25,11500.0,2.0,1.0569299038103843,1.0519567666088034,79,40,19,11,9,False,60,2026-09-18 11:42:41.985,10800.0,90.0,4779.025296,20260918_017900_E006,2026-09-18 12:35:53.617,10880.0,63.0,1587.39329,590.1596026420593,16,-1.9147084421235856,-1.3134851138353765,False,False,,,,,,,-1.9147084421235856,38.23237943649292,-1.9147084421235856,38.23237943649292,-1.3134851138353765,78.70786046981812,-0.2654867256637168,117.22950649261475,-0.2654867256637168,199.3556261062622,0.625,318.40723514556885,2.0,38.23237943649292,2.0,78.70786046981812,2.0,117.22950649261475,2.0,199.3556261062622,1.5555555555555556,318.40723514556885
2026-09-18 13:03:04,v2.1.2,MAIN,MAIN,MAIN,2026-09-18 13:03:04.455,True,KOSDAQ,072950,빛샘전자,15980.0,19.68,9127014,134595000000.0,145849683720.0,134595000000.0,ACTUAL,6,16330.0,2.1432945499081444,1.1579857526326658,1.1385346419247306,79,40,14,16,9,False,60,2026-09-18 12:29:04.069,14130.0,63.0,2040.385697,20260918_072950_E004,2026-09-18 13:02:26.020,15980.0,79.0,38.434159,596.3686919212341,16,-0.24968789013732834,-0.24968789013732834,False,False,,,,,,,,,-0.24968789013732834,43.81881141662598,-0.24968789013732834,43.81881141662598,-1.6615384615384614,122.52667188644409,-1.4796547472256474,161.04831790924072,-1.9030079803560467,282.42873096466064,,,,,,,,,,
2026-09-18 13:38:04,v2.1.2,MAIN,MAIN,MAIN,2026-09-18 13:38:04.180,True,KOSDAQ,032820,우리기술,14040.0,5.33,4609068,63075000000.0,64711314720.0,63075000000.0,ACTUAL,17,14050.0,0.0711743772241993,1.2685021317673557,1.2666868204953445,86,33,25,16,12,False,60,2026-09-18 11:32:21.475,14000.0,63.0,7542.704197,20260918_032820_E004,2026-09-18 13:37:28.739,14040.0,86.0,35.441049,584.4548053741455,16,0.5010737294201861,0.7173601147776184,True,False,,,,,,,0.5010737294201861,36.61654019355774,0.5010737294201861,36.61654019355774,0.7173601147776184,74.30685520172119,0.8258527827648114,111.609219789505,0.7173601147776184,186.8207573890686,1.225666906993511,298.5981159210205,,,,,,,,,,
2026-09-18 14:20:37,v2.1.2,MAIN,MAIN,MAIN,2026-09-18 14:20:37.455,True,KOSPI,042700,한미반도체,237000.0,5.1,297453,162774000000.0,70496361000.0,162774000000.0,ACTUAL,30,237000.0,0.0,4.763234132209639,1.0406567494192394,89,40,25,20,4,False,60,2026-09-18 09:00:00.201,233000.0,63.0,19237.254115,20260918_042700_E015,2026-09-18 09:00:00.201,234000.0,60.0,19237.254115,570.7799892425537,15,0.21141649048625794,0.21141649048625794,True,False,,,,,,,,,0.21141649048625794,41.306527614593506,0.21141649048625794,41.306527614593506,0.851063829787234,126.16135001182556,0.851063829787234,166.2784640789032,0.851063829787234,285.6506304740906,-0.21097046413502107,41.306527614593506,-0.21097046413502107,41.306527614593506,-0.21231422505307856,126.16135001182556,-0.21231422505307856,166.2784640789032,-0.21231422505307856,285.6506304740906
2026-09-18 14:21:22,v2.1.2,MAIN,MAIN,MAIN,2026-09-18 14:21:22.315,True,KOSPI,042700,한미반도체,237000.0,5.1,298603,162774000000.0,70768911000.0,162774000000.0,ACTUAL,30,237000.0,0.0,4.763234132209639,1.0047815816570318,89,40,25,20,4,False,60,2026-09-18 09:00:00.201,233000.0,63.0,19282.113382,20260918_042700_E015,2026-09-18 09:00:00.201,234000.0,60.0,19282.113382,570.0577390193939,15,0.0,0.0,True,False,,,,,,,,,0.0,44.477747440338135,0.0,44.477747440338135,0.423728813559322,127.96754932403564,0.851063829787234,170.6390974521637,0.9584664536741214,291.9817478656769,0.0,44.477747440338135,0.0,44.477747440338135,0.0,127.96754932403564,-0.21231422505307856,170.6390974521637,-0.3184713375796179,291.9817478656769
2026-09-18 14:26:08,v2.1.2,MAIN,MAIN,MAIN,2026-09-18 14:26:08.495,True,KOSPI,042700,한미반도체,236000.0,5.1,321023,166907000000.0,75761428000.0,166907000000.0,ACTUAL,29,237000.0,0.42194092827004215,1.0,1.0522273828292728,79,40,25,5,9,False,60,2026-09-18 09:00:00.201,233000.0,63.0,19568.293357,20260918_042700_E015,2026-09-18 09:00:00.201,234000.0,60.0,19568.293357,574.6279013156891,15,-0.31678986272439286,-0.42194092827004215,True,False,,,,,,,-0.31678986272439286,39.5178701877594,-0.31678986272439286,39.5178701877594,-0.42194092827004215,79.26371121406555,-0.31678986272439286,118.32675051689148,-0.42194092827004215,198.94672393798828,-0.42194092827004215,282.6461534500122,0.3164556962025316,39.5178701877594,0.42194092827004215,79.26371121406555,0.3164556962025316,118.32675051689148,0.42194092827004215,198.94672393798828,0.42194092827004215,282.6461534500122
2026-09-18 14:26:52,v2.1.2,MAIN,MAIN,MAIN,2026-09-18 14:26:52.417,True,KOSPI,042700,한미반도체,236000.0,5.1,325062,166907000000.0,76714632000.0,166907000000.0,ACTUAL,29,237000.0,0.42194092827004215,1.0,1.0633296478269687,79,40,25,5,9,False,60,2026-09-18 09:00:00.201,233000.0,63.0,19612.216232,20260918_042700_E015,2026-09-18 09:00:00.201,234000.0,60.0,19612.216232,578.7364602088928,15,0.0,0.0,True,False,,,,,,,,,0.0,43.59726691246033,0.0,43.59726691246033,-0.42194092827004215,122.86097812652588,-0.31678986272439286,161.9240174293518,-0.42194092827004215,284.31846737861633,0.0,43.59726691246033,0.0,43.59726691246033,0.42194092827004215,122.86097812652588,0.3164556962025316,161.9240174293518,0.42194092827004215,284.31846737861633
2026-09-18 14:32:26,v2.1.2,MAIN,MAIN,MAIN,2026-09-18 14:32:25.946,True,KOSPI,062040,산일전기,211500.0,5.22,285298,121879000000.0,60340527000.0,121879000000.0,ACTUAL,47,213500.0,0.936768149882904,1.3554008518588538,1.5271685892460456,97,40,22,20,15,False,60,2026-09-18 10:07:59.451,211500.0,67.0,15866.49441,20260918_062040_E009,2026-09-18 14:31:47.363,211500.0,97.0,38.582428,580.3342242240906,15,0.23696682464454977,0.4750593824228029,True,False,,,,,,,0.23696682464454977,39.548635959625244,0.23696682464454977,39.548635959625244,0.4750593824228029,80.00527882575989,0.4750593824228029,130.5427963733673,0.4750593824228029,169.31066036224365,0.4750593824228029,292.6004912853241,,,,,,,,,,
2026-09-18 14:32:28,v2.1.2,MAIN,MAIN,MAIN,2026-09-18 14:32:25.969,True,KOSPI,042700,한미반도체,236500.0,5.1,334619,177074000000.0,79137393500.0,177074000000.0,ACTUAL,29,237000.0,0.21097046413502107,1.060914161778715,1.0085477556113485,80,40,25,11,4,False,60,2026-09-18 09:00:00.201,233000.0,63.0,19945.768258,20260918_042700_E015,2026-09-18 09:00:00.201,234000.0,60.0,19945.768258,580.3342242240906,15,-0.21097046413502107,0.0,True,False,,,,,,,-0.21097046413502107,39.548635959625244,-0.21097046413502107,39.548635959625244,0.0,80.00527882575989,0.0,130.5427963733673,0.211864406779661,169.31066036224365,0.42462845010615713,292.6004912853241,0.21097046413502107,39.548635959625244,0.0,80.00527882575989,0.0,130.5427963733673,-0.21097046413502107,169.31066036224365,-0.42194092827004226,292.6004912853241
2026-09-18 14:33:08,v2.1.2,MAIN,MAIN,MAIN,2026-09-18 14:33:08.881,True,KOSPI,042700,한미반도체,236500.0,5.1,335544,177074000000.0,79356156000.0,177074000000.0,ACTUAL,29,237000.0,0.21097046413502107,1.060914161778715,1.0034180519795097,80,40,25,11,4,False,60,2026-09-18 09:00:00.201,233000.0,63.0,19988.67986,20260918_042700_E015,2026-09-18 09:00:00.201,234000.0,60.0,19988.67986,581.9422950744629,15,0.0,0.0,True,False,,,,,,,,,0.0,42.87981390953064,0.0,42.87981390953064,0.0,122.88509273529053,0.0,173.42261028289795,0.42462845010615713,291.1251015663147,0.0,42.87981390953064,0.0,42.87981390953064,0.0,122.88509273529053,0.0,173.42261028289795,-0.42194092827004226,291.1251015663147
2026-09-18 14:54:27,v2.1.2,MAIN,MAIN,MAIN,2026-09-18 14:54:27.856,True,KOSPI,042700,한미반도체,237000.0,5.1,396497,198466000000.0,93969789000.0,198466000000.0,ACTUAL,27,238000.0,0.42016806722689076,1.021346452721827,1.053389868783558,79,40,25,5,9,False,60,2026-09-18 09:00:00.201,233000.0,63.0,21267.654892,20260918_042700_E015,2026-09-18 09:00:00.201,234000.0,60.0,21267.654892,589.1185672283173,15,-0.42016806722689076,-0.42016806722689076,True,False,,,,,,,,,-0.42016806722689076,43.21328139305115,-0.42016806722689076,43.21328139305115,-0.21052631578947367,127.29075145721436,-0.21052631578947367,164.38979578018188,-0.21052631578947367,300.14586186408997,0.42016806722689076,43.21328139305115,0.42016806722689076,43.21328139305115,0.21008403361344538,127.29075145721436,0.42016806722689076,164.38979578018188,0.42016806722689076,300.14586186408997
2026-09-18 14:55:09,v2.1.2,MAIN,MAIN,MAIN,2026-09-18 14:55:09.858,True,KOSPI,042700,한미반도체,236000.0,5.1,398351,198466000000.0,94010836000.0,198466000000.0,ACTUAL,27,238000.0,0.8403361344537815,1.018442875323289,1.0554916694929626,76,40,22,5,9,False,60,2026-09-18 09:00:00.201,233000.0,63.0,21309.657317,20260918_042700_E015,2026-09-18 09:00:00.201,234000.0,60.0,21309.657317,591.3428037166595,15,-0.42194092827004215,-0.42194092827004215,True,False,,,,,,,,,-0.42194092827004215,42.74937129020691,-0.42194092827004215,42.74937129020691,-0.8403361344537815,129.75364708900452,-0.631578947368421,170.04012274742126,-0.42194092827004215,299.82265424728394,0.42016806722689076,42.74937129020691,0.42016806722689076,42.74937129020691,0.8403361344537815,129.75364708900452,0.6302521008403361,170.04012274742126,0.6298098186643079,299.82265424728394
2026-09-18 14:56:35,v2.1.2,MAIN,MAIN,MAIN,2026-09-18 14:56:35.640,True,KOSDAQ,294570,쿠콘,25750.0,6.4,89769,20005000000.0,2311551750.0,20005000000.0,ACTUAL,78,26000.0,0.9615384615384616,1.269272254298585,5.650468936866621,77,24,22,16,15,False,60,2026-09-18 14:55:54.436,25750.0,77.0,41.203808,20260918_294570_E001,2026-09-18 14:55:54.436,25750.0,77.0,41.203808,593.6537353992462,15,0.0,0.0,False,False,,,,,,,,,0.0,42.15988278388977,0.0,42.15988278388977,0.19455252918287938,125.89654517173767,0.0,169.10982656478882,0.19455252918287938,290.28634095191956,,,,,,,,,,
2026-09-18 15:20:00,v2.1.2,MAIN,MAIN,MAIN,2026-09-18 15:20:00.704,True,KOSPI,062040,산일전기,211000.0,5.22,321543,132999000000.0,67845573000.0,132999000000.0,ACTUAL,49,213500.0,1.1709601873536302,1.0681706837146918,1.0978997579138938,79,40,19,11,9,False,60,2026-09-18 10:07:59.451,211500.0,67.0,18721.252959,20260918_062040_E012,2026-09-18 15:19:25.043,211000.0,79.0,35.660839,581.2526898384094,15,0.0,0.0,False,False,,,,,,,0.0,35.53844928741455,0.0,35.53844928741455,0.0,72.12597966194153,0.0,107.71227240562439,0.23752969121140144,194.49037170410156,0.23752969121140144,320.64804697036743,,,,,,,,,,
2026-09-18 15:30:28,v2.1.2,WAIT,MAIN,WAIT,2026-09-18 15:30:28.742,False,KOSPI,000660,SK하이닉스,1857000.0,5.39,4337259,7563651000000.0,8054289963000.0,7563651000000.0,ACTUAL,1,1857000.0,0.0,1.0,1.5590642291072887,85,40,25,5,15,False,60,2026-09-18 09:00:00.201,1812000.0,74.0,23428.541304,20260918_000660_E001,2026-09-18 09:00:00.201,1812000.0,74.0,23428.541304,581.2548696994781,10,,0.9787928221859705,True,True,20260918_000660_SHADOW_SCORE_70_74_E001_090019892729,2026-09-18 09:00:19.882,1812000.0,74.0,82.234846,0.1103752759381793,,,,,0.9787928221859705,63.693490505218506,0.9787928221859705,127.74211502075195,0.9787928221859705,191.25851607322693,0.9787928221859705,320.08781385421753,,,-0.7019438444924406,63.693490505218506,-0.7019438444924406,127.74211502075195,-0.7019438444924406,191.25851607322693,-0.7019438444924406,320.08781385421753
2026-09-18 15:30:28,v2.1.2,WAIT,MAIN,WAIT,2026-09-18 15:30:28.771,False,KOSPI,005930,삼성전자,261000.0,3.56,14652390,523560000000.0,3824273790000.0,523560000000.0,ACTUAL,2,262000.0,0.38167938931297707,1.0,1.3317602644471738,85,40,25,5,15,False,60,2026-09-18 09:00:00.201,260500.0,74.0,23428.569903,20260918_005930_E001,2026-09-18 09:00:00.201,260500.0,74.0,23428.569903,581.2548696994781,10,,0.4812319538017324,False,True,20260918_005930_SHADOW_SCORE_70_74_E001_090019891292,2026-09-18 09:00:19.877,260500.0,74.0,82.235748,-0.19193857965451588,,,,,0.4812319538017324,63.693490505218506,0.4812319538017324,127.74211502075195,0.4812319538017324,191.25851607322693,0.4812319538017324,320.08781385421753,,,-0.47709923664122145,63.693490505218506,-0.47709923664122145,127.74211502075195,-0.47709923664122145,191.25851607322693,-0.47709923664122145,320.08781385421753
2026-09-18 15:30:28,v2.1.2,WAIT,MAIN,WAIT,2026-09-18 15:30:28.740,False,KOSPI,402340,SK스퀘어,1079000.0,6.65,500763,600505000000.0,540323277000.0,600505000000.0,ACTUAL,11,1083000.0,0.3693444136657433,1.0,1.289529523858574,82,40,25,5,12,False,60,2026-09-18 09:00:00.201,1056000.0,63.0,23428.539298,20260918_402340_E011,2026-09-18 09:00:00.201,1060000.0,60.0,23428.539298,581.2548696994781,10,,0.37209302325581395,True,False,,,,,,,,,,,0.37209302325581395,63.693490505218506,0.37209302325581395,127.74211502075195,0.37209302325581395,191.25851607322693,0.37209302325581395,320.08781385421753,,,-0.3693444136657433,63.693490505218506,-0.3693444136657433,127.74211502075195,-0.3693444136657433,191.25851607322693,-0.3693444136657433,320.08781385421753
2026-09-18 15:30:28,v2.1.2,WAIT,MAIN,WAIT,2026-09-18 15:30:28.775,False,KOSPI,042700,한미반도체,236000.0,5.1,547216,198466000000.0,129142976000.0,198466000000.0,ACTUAL,27,238000.0,0.8403361344537815,1.0,1.1860804352302408,79,40,22,5,12,False,60,2026-09-18 09:00:00.201,233000.0,63.0,23428.573902,20260918_042700_E015,2026-09-18 09:00:00.201,234000.0,60.0,23428.573902,581.2548696994781,10,,0.21231422505307856,True,False,,,,,,,,,,,0.21231422505307856,63.693490505218506,0.21231422505307856,127.74211502075195,0.21231422505307856,191.25851607322693,0.21231422505307856,320.08781385421753,,,-0.2100840336134454,63.693490505218506,-0.2100840336134454,127.74211502075195,-0.2100840336134454,191.25851607322693,-0.2100840336134454,320.08781385421753
2026-09-18 15:30:28,v2.1.2,WAIT,MAIN,WAIT,2026-09-18 15:30:28.769,False,KOSPI,009150,삼성전기,1388000.0,5.11,845191,1450879000000.0,1173125108000.0,1450879000000.0,ACTUAL,4,1409000.0,1.4904187366926898,1.0,1.1582020544190839,76,40,19,5,12,False,60,2026-09-18 09:00:00.201,1399000.0,74.0,23428.567904,20260918_009150_E001,2026-09-18 09:00:00.201,1399000.0,74.0,23428.567904,581.2548696994781,10,,-0.14388489208633093,False,True,20260918_009150_SHADOW_SCORE_70_74_E001_090019889352,2026-09-18 09:00:19.873,1399000.0,74.0,82.238648,-0.21443888491780028,,,,,-0.14388489208633093,63.693490505218506,-0.14388489208633093,127.74211502075195,-0.14388489208633093,191.25851607322693,-0.14388489208633093,320.08781385421753,,,0.14194464158977982,63.693490505218506,0.14194464158977982,127.74211502075195,0.14194464158977982,191.25851607322693,0.14194464158977982,320.08781385421753
2026-09-18 15:30:28,v2.1.2,WAIT,MAIN,WAIT,2026-09-18 15:30:28.770,False,KOSPI,000500,가온전선,327000.0,19.96,1362361,544425000000.0,445492047000.0,544425000000.0,ACTUAL,8,333500.0,1.9490254872563717,1.0,1.1963243410324476,76,40,19,5,12,False,60,2026-09-18 09:15:31.330,278500.0,88.0,22497.440215,20260918_000500_E028,2026-09-18 12:48:39.202,317000.0,63.0,9709.567929,581.2548696994781,10,,0.9259259259259258,,False,,,,,,,,,,,0.9259259259259258,63.693490505218506,0.9259259259259258,127.74211502075195,0.9259259259259258,191.25851607322693,0.9259259259259258,320.08781385421753,,,-0.8995502248875564,63.693490505218506,-0.8995502248875564,127.74211502075195,-0.8995502248875564,191.25851607322693,-0.8995502248875564,320.08781385421753
2026-09-18 15:40:37,v2.1.2,NXT_AFTER,NXT_AFTER,NXT_AFTER,2026-09-18 15:40:37.092,True,KOSPI,000660,SK하이닉스,1857000.0,6.02,4343914,10491871000000.0,8066648298000.0,10491871000000.0,ACTUAL,1,1857000.0,0.0,1.3871437219935188,1.001534379201242,89,40,25,20,4,False,60,2026-09-18 09:00:00.201,1812000.0,74.0,24036.890415,20260918_000660_E001,2026-09-18 09:00:00.201,1812000.0,74.0,24036.890415,0.0,1,,,True,True,20260918_000660_SHADOW_SCORE_70_74_E001_090019892729,2026-09-18 09:00:19.882,1812000.0,74.0,82.234846,0.1103752759381793,,,,,,,,,,,,,,,,,,,,,,
2026-09-18 15:40:39,v2.1.2,NXT_AFTER,NXT_AFTER,NXT_AFTER,2026-09-18 15:40:37.091,True,KOSPI,402340,SK스퀘어,1079000.0,6.94,505767,728759000000.0,545722593000.0,728759000000.0,ACTUAL,9,1083000.0,0.3693444136657433,1.2135769061040291,1.0099927510618796,85,40,25,16,4,False,60,2026-09-18 09:00:00.201,1056000.0,63.0,24036.889418,20260918_402340_E011,2026-09-18 09:00:00.201,1060000.0,60.0,24036.889418,0.0,1,,,True,False,,,,,,,,,,,,,,,,,,,,,,,,,,,,
2026-09-18 15:40:40,v2.1.2,NXT_AFTER,NXT_AFTER,NXT_AFTER,2026-09-18 15:40:37.090,True,KOSPI,103590,일진전기,76600.0,8.97,807980,110426000000.0,61891268000.0,110426000000.0,ACTUAL,71,77600.0,1.2886597938144329,1.0694079934920926,1.12864338735497,79,40,19,11,9,False,60,2026-09-18 09:39:09.572,74700.0,72.0,21687.517572,20260918_103590_E006,2026-09-18 10:31:26.569,76200.0,61.0,18550.52015,0.0,1,,,,False,,,,,,,,,,,,,,,,,,,,,,,,,,,,
2026-09-18 15:40:43,v2.1.2,NXT_AFTER,NXT_AFTER,NXT_AFTER,2026-09-18 15:40:37.092,True,KOSPI,062040,산일전기,211500.0,5.22,340922,137263000000.0,72105003000.0,137263000000.0,ACTUAL,54,213500.0,0.936768149882904,1.0320603914315145,1.0602687665413335,76,40,22,5,9,False,60,2026-09-18 10:07:59.451,211500.0,67.0,19957.640247,20260918_062040_E013,2026-09-18 15:40:00.440,211500.0,76.0,36.651235,0.0,1,,,,False,,,,,,,,,,,,,,,,,,,,,,,,,,,,
2026-09-18 15:41:28,v2.1.2,NXT_AFTER,NXT_AFTER,NXT_AFTER,2026-09-18 15:41:28.211,True,KOSPI,483650,달바글로벌,180300.0,5.27,311363,76899000000.0,56138748900.0,76899000000.0,ACTUAL,87,185500.0,2.803234501347709,1.16892651932022,1.2451531632408221,79,37,14,16,12,False,60,2026-09-18 13:58:15.726,184400.0,64.0,6192.484466,20260918_483650_E002,2026-09-18 15:40:51.181,180300.0,79.0,37.030195,50.74023628234863,2,-0.05543237250554324,,False,False,,,,,,,,,-0.05543237250554324,50.74023628234863,,,,,,,,,,,,,,,,,,
2026-09-18 15:42:12,v2.1.2,NXT_AFTER,NXT_AFTER,NXT_AFTER,2026-09-18 15:42:12.042,True,KOSPI,004020,현대제철,36000.0,5.13,964238,,34712568000.0,34712568000.0,ESTIMATED,,36050.0,0.13869625520110956,1.3969101606993648,1.391089701696451,89,29,25,20,15,False,60,2026-09-18 14:52:21.536,35850.0,66.0,2990.506663,20260918_004020_E002,2026-09-18 15:41:35.908,36000.0,89.0,36.134579,95.46743440628052,3,0.5586592178770949,0.5586592178770949,True,False,,,,,,,,,0.5586592178770949,44.727198123931885,0.5586592178770949,44.727198123931885,,,,,,,,,,,,,,,,
2026-09-18 16:00:09,v2.1.2,NXT_AFTER,NXT_AFTER,NXT_AFTER,2026-09-18 16:00:09.167,True,KOSDAQ,183300,코미코,30850.0,5.14,1415432,58647000000.0,43666077200.0,58647000000.0,ACTUAL,31,31800.0,2.9874213836477987,1.540909090909091,1.8226057754462412,82,33,14,20,15,False,60,2026-09-18 12:25:52.771,31550.0,60.0,12856.396144,20260918_183300_E002,2026-09-18 15:59:32.079,30850.0,82.0,37.087888,585.4512264728546,14,0.6525285481239804,0.6525285481239804,True,False,,,,,,,,,0.6525285481239804,45.38319706916809,0.6525285481239804,45.38319706916809,0.9819967266775778,131.06342935562134,0.8169934640522877,175.57525324821472,0.8169934640522877,311.5298001766205,,,,,,,,,,
2026-09-18 16:01:36,v2.1.2,NXT_AFTER,NXT_AFTER,NXT_AFTER,2026-09-18 16:01:36.517,True,KOSDAQ,319400,현대무벡스,22850.0,5.32,3111212,70413000000.0,71091194200.0,70413000000.0,ACTUAL,23,23200.0,1.5086206896551724,1.55729293376092,1.0056160036873307,80,37,19,20,4,False,60,2026-09-18 12:55:44.293,22800.0,60.0,11152.223818,20260918_319400_E007,2026-09-18 16:00:58.466,22850.0,80.0,38.050992,580.7368881702423,14,1.5555555555555556,1.5555555555555556,True,False,,,,,,,,,1.5555555555555556,42.107110261917114,1.5555555555555556,42.107110261917114,1.5555555555555556,131.76971650123596,1.5555555555555556,174.26059913635254,1.5555555555555556,309.2529637813568,,,,,,,,,,
2026-09-18 17:03:22,v2.1.2,NXT_AFTER,NXT_AFTER,NXT_AFTER,2026-09-18 17:03:22.884,True,KOSDAQ,058470,리노공업,69700.0,5.12,527671,55743000000.0,36778668700.0,55743000000.0,ACTUAL,33,69800.0,0.14326647564469913,1.9345132743362832,2.4057984890554547,93,33,25,20,15,False,60,2026-09-18 17:02:45.380,69700.0,93.0,37.504065,20260918_058470_E001,2026-09-18 17:02:45.380,69700.0,93.0,37.504065,592.648800611496,14,0.14367816091954022,0.14367816091954022,True,False,,,,,,,,,0.14367816091954022,45.020687103271484,0.14367816091954022,45.020687103271484,0.28776978417266186,136.4471366405487,0.14367816091954022,183.23032808303833,0.28776978417266186,315.9314196109772,,,,,,,,,,
2026-09-18 17:58:00,v2.1.2,NXT_AFTER,NXT_AFTER,NXT_AFTER,2026-09-18 17:58:00.445,True,KOSDAQ,032820,우리기술,14060.0,5.63,5879135,80806000000.0,82660638100.0,80806000000.0,ACTUAL,18,14090.0,0.21291696238466998,1.2034910564020076,1.1989932277506616,90,37,25,16,12,False,60,2026-09-18 11:32:21.475,14000.0,63.0,23138.969823,20260918_032820_E008,2026-09-18 17:57:22.713,14060.0,90.0,37.73243,591.6724228858948,13,0.644237652111668,0.644237652111668,True,False,,,,,,,,,0.644237652111668,45.502169132232666,0.644237652111668,45.502169132232666,0.9332376166547021,142.7631595134735,1.0057471264367817,198.193350315094,1.0057471264367817,304.4430148601532,,,,,,,,,,
2026-09-18 19:48:35,v2.1.2,NXT_AFTER,NXT_AFTER,NXT_AFTER,2026-09-18 19:48:35.402,True,KOSDAQ,437730,삼현,51000.0,5.27,612139,106749000000.0,31219089000.0,106749000000.0,ACTUAL,10,51100.0,0.19569471624266144,2.3539957660756814,1.0140275083613426,89,40,25,20,4,False,60,2026-09-18 09:00:00.201,50200.0,63.0,38915.200402,20260918_437730_E019,2026-09-18 09:00:00.201,49900.0,60.0,38915.200402,591.984973192215,15,0.39370078740157477,0.39370078740157477,True,False,,,,,,,,,0.39370078740157477,41.66699719429016,0.39370078740157477,41.66699719429016,0.7905138339920948,125.23055696487427,0.9900990099009901,168.91560912132263,1.3916500994035785,297.06218361854553,-0.0007689379813071162,41.66699719429016,-0.0007689379813071162,41.66699719429016,-0.0015439425344588864,125.23055696487427,-0.0019337422553622752,168.91560912132263,-0.20034488771773462,297.06218361854553
2026-09-18 19:49:20,v2.1.2,NXT_AFTER,NXT_AFTER,NXT_AFTER,2026-09-18 19:49:20.291,True,KOSDAQ,437730,삼현,50800.0,5.27,613872,107393000000.0,31184697600.0,107393000000.0,ACTUAL,10,51100.0,0.5870841487279843,2.3681970538943284,1.0088398716172577,86,40,22,20,4,False,60,2026-09-18 09:00:00.201,50200.0,63.0,38960.089705,20260918_437730_E019,2026-09-18 09:00:00.201,49900.0,60.0,38960.089705,593.6377484798431,15,-0.39215686274509803,-0.39215686274509803,True,False,,,,,,,,,-0.39215686274509803,45.477039098739624,-0.39215686274509803,45.477039098739624,0.3952569169960474,131.13149881362915,0.3952569169960474,170.7075960636139,0.7936507936507936,301.0875997543335,0.3913894324853229,45.477039098739624,0.3913894324853229,45.477039098739624,0.389845489950864,131.13149881362915,0.389845489950864,170.7075960636139,0.3890643467477863,301.0875997543335
2026-09-21 09:01:46,v2.1.2,MAIN,MAIN,MAIN,2026-09-21 09:01:46.855,True,KOSPI,005930,삼성전자,265000.0,0.96,425948,390474000000.0,112876220000.0,390474000000.0,ACTUAL,2,265500.0,0.18832391713747645,1.0,106487.0,85,40,25,5,15,False,60,2026-09-21 09:00:00.476,264500.0,74.0,106.379225,20260921_005930_E001,2026-09-21 09:00:00.476,264500.0,74.0,106.379225,80.77279233932495,4,0.1890359168241966,0.1890359168241966,True,True,20260921_005930_SHADOW_SCORE_70_74_E001_090053806186,2026-09-21 09:00:53.792,264500.0,74.0,53.063127,0.1890359168241984,0.1890359168241966,26.432068824768066,0.1890359168241966,26.432068824768066,0.1890359168241966,51.64867281913757,,,,,,,0.18832391713747645,26.432068824768066,0.18832391713747645,51.64867281913757,,,,,,
2026-09-21 09:01:49,v2.1.2,MAIN,MAIN,MAIN,2026-09-21 09:01:46.861,True,KOSPI,000660,SK하이닉스,1873000.0,0.81,98163,863490000000.0,183859299000.0,863490000000.0,ACTUAL,1,1875000.0,0.10666666666666667,1.0,1.6919112704458885,85,40,25,5,15,False,60,2026-09-21 09:00:00.476,1865000.0,74.0,106.385226,20260921_000660_E001,2026-09-21 09:00:00.476,1865000.0,74.0,106.385226,80.77279233932495,4,0.05341880341880342,0.16042780748663102,True,True,20260921_000660_SHADOW_SCORE_70_74_E001_090022996621,2026-09-21 09:00:22.962,1865000.0,74.0,83.898811,0.428954423592498,0.05341880341880342,26.432068824768066,0.05341880341880342,26.432068824768066,0.16042780748663102,51.64867281913757,,,,,,,0.053276383698166944,26.432068824768066,-0.05350418223883251,51.64867281913757,,,,,,
2026-09-21 09:01:52,v2.1.2,MAIN,MAIN,MAIN,2026-09-21 09:01:46.860,True,KOSPI,009150,삼성전기,1420000.0,2.38,30629,185630000000.0,43493180000.0,185630000000.0,ACTUAL,3,1437000.0,1.1830201809324983,1.0,2.01891767187397,79,40,19,5,15,False,60,2026-09-21 09:00:00.476,1434000.0,74.0,106.384222,20260921_009150_E001,2026-09-21 09:00:00.476,1434000.0,74.0,106.384222,80.77279233932495,4,0.2824858757062147,-0.3508771929824561,True,True,20260921_009150_SHADOW_SCORE_70_74_E001_090022988622,2026-09-21 09:00:22.959,1434000.0,74.0,83.900948,-0.9762900976290068,0.2824858757062147,26.432068824768066,0.2824858757062147,26.432068824768066,-0.3508771929824561,51.64867281913757,,,,,,,-0.2783576896311759,26.432068824768066,0.3479471120389702,51.64867281913757,,,,,,
2026-09-21 09:03:25,v2.1.2,MAIN,MAIN,MAIN,2026-09-21 09:03:25.510,True,KOSPI,005930,삼성전자,267250.0,0.96,754463,390474000000.0,201630236750.0,390474000000.0,ACTUAL,2,268500.0,0.4655493482309125,1.0,1.2805088341621549,82,40,25,5,12,False,60,2026-09-21 09:00:00.476,264500.0,74.0,205.034368,20260921_005930_E001,2026-09-21 09:00:00.476,264500.0,74.0,205.034368,177.23316097259521,7,-0.2798507462686567,0.09363295880149813,True,True,20260921_005930_SHADOW_SCORE_70_74_E001_090053806186,2026-09-21 09:00:53.792,264500.0,74.0,53.063127,0.1890359168241984,-0.2798507462686567,30.85747742652893,-0.2798507462686567,30.85747742652893,0.09363295880149813,61.41656231880188,1.0396975425330812,122.89243745803833,,,,,0.2793296089385475,30.85747742652893,0.09241501987270356,61.41656231880188,0.4655493482309125,122.89243745803833,,,,
2026-09-21 09:03:25,v2.1.2,MAIN,MAIN,MAIN,2026-09-21 09:03:25.513,True,KOSPI,000660,SK하이닉스,1875000.0,0.81,134419,863490000000.0,252035625000.0,863490000000.0,ACTUAL,1,1880000.0,0.26595744680851063,1.0,1.2176957640323223,82,40,25,5,12,False,60,2026-09-21 09:00:00.476,1865000.0,74.0,205.037376,20260921_000660_E001,2026-09-21 09:00:00.476,1865000.0,74.0,205.037376,177.23316097259521,7,-0.1597444089456869,-0.053304904051172705,True,True,20260921_000660_SHADOW_SCORE_70_74_E001_090022996621,2026-09-21 09:00:22.962,1865000.0,74.0,83.898811,0.428954423592498,-0.1597444089456869,30.85747742652893,-0.1597444089456869,30.85747742652893,-0.053304904051172705,61.41656231880188,0.16025641025641024,122.89243745803833,,,,,0.21273764904374215,30.85747742652893,0.21268094174724267,61.41656231880188,0.2125671638400109,122.89243745803833,-0.1611648169394872,177.23316097259521,,
2026-09-21 09:04:32,v2.1.2,MAIN,MAIN,MAIN,2026-09-21 09:04:32.078,True,KOSPI,005930,삼성전자,268000.0,0.96,890713,390474000000.0,238711084000.0,390474000000.0,ACTUAL,2,268500.0,0.186219739292365,1.0,1.180592023730786,82,40,25,5,12,False,60,2026-09-21 09:00:00.476,264500.0,74.0,271.602423,20260921_005930_E001,2026-09-21 09:00:00.476,264500.0,74.0,271.602423,244.3814136981964,9,0.1869158878504673,0.2806361085126286,True,True,20260921_005930_SHADOW_SCORE_70_74_E001_090053806186,2026-09-21 09:00:53.792,264500.0,74.0,53.063127,0.1890359168241984,0.1869158878504673,33.604161500930786,0.1869158878504673,33.604161500930786,0.2806361085126286,67.1482527256012,0.37453183520599254,128.56481504440308,1.3232514177693762,190.04069018363953,,,-0.186219739292365,33.604161500930786,-0.2793296089385475,67.1482527256012,-0.18691458906584393,128.56481504440308,0.186219739292365,190.04069018363953,,
2026-09-21 09:05:06,v2.1.2,MAIN,MAIN,MAIN,2026-09-21 09:05:06.227,True,KOSPI,005930,삼성전자,268500.0,0.96,949165,390474000000.0,254850802500.0,390474000000.0,ACTUAL,2,269000.0,0.18587360594795538,1.0,1.176300366708927,82,40,25,5,12,True,60,2026-09-21 09:00:00.476,264500.0,74.0,305.751829,20260921_005930_E001,2026-09-21 09:00:00.476,264500.0,74.0,305.751829,278.20607328414917,10,0.18656716417910446,0.3738317757009346,True,True,20260921_005930_SHADOW_SCORE_70_74_E001_090053806186,2026-09-21 09:00:53.792,264500.0,74.0,53.063127,0.1890359168241984,0.18656716417910446,33.82465958595276,0.18656716417910446,33.82465958595276,0.3738317757009346,67.42882108688354,0.18656716417910446,131.83038973808289,1.3207547169811322,197.43328094482422,,,-0.0003461333444096104,33.82465958595276,-0.1865658726367746,67.42882108688354,-0.0003461333444096104,131.83038973808289,-0.002450311189521076,197.43328094482422,,
2026-09-21 09:05:06,v2.1.2,MAIN,MAIN,MAIN,2026-09-21 09:05:06.229,True,KOSPI,009150,삼성전기,1435000.0,2.38,49604,185630000000.0,71181740000.0,185630000000.0,ACTUAL,3,1437000.0,0.13917884481558804,1.0,1.1478421844267037,79,40,25,5,9,True,60,2026-09-21 09:00:00.476,1434000.0,74.0,305.75383,20260921_009150_E001,2026-09-21 09:00:00.476,1434000.0,74.0,305.75383,278.20607328414917,10,0.49019607843137253,0.7724719101123595,True,True,20260921_009150_SHADOW_SCORE_70_74_E001_090022988622,2026-09-21 09:00:22.959,1434000.0,74.0,83.900948,-0.9762900976290068,0.49019607843137253,33.82465958595276,0.49019607843137253,33.82465958595276,0.7724719101123595,67.42882108688354,0.7724719101123595,131.83038973808289,1.056338028169014,197.43328094482422,,,-0.48712595685455806,33.82465958595276,-0.7654836464857341,67.42882108688354,-0.7654836464857341,131.83038973808289,-1.0438413361169103,197.43328094482422,-0.06958942240779398,278.20607328414917
2026-09-21 09:05:06,v2.1.2,MAIN,MAIN,MAIN,2026-09-21 09:05:06.230,True,KOSPI,000660,SK하이닉스,1878000.0,0.81,153667,863490000000.0,288586626000.0,863490000000.0,ACTUAL,1,1880000.0,0.10638297872340426,1.0,1.0663025979793495,79,40,25,5,9,True,60,2026-09-21 09:00:00.476,1865000.0,74.0,305.754829,20260921_000660_E001,2026-09-21 09:00:00.476,1865000.0,74.0,305.754829,278.20607328414917,10,0.0,0.10660980810234541,True,True,20260921_000660_SHADOW_SCORE_70_74_E001_090022996621,2026-09-21 09:00:22.962,1865000.0,74.0,83.898811,0.428954423592498,0.0,33.82465958595276,0.0,33.82465958595276,0.10660980810234541,67.42882108688354,0.0,131.83038973808289,0.2669514148424987,197.43328094482422,,,0.0,33.82465958595276,-0.10638297872340426,67.42882108688354,0.053163180958635765,131.83038973808289,-0.0002836879432624173,197.43328094482422,-0.3207392850245936,278.20607328414917
2026-09-21 09:05:43,v2.1.2,MAIN,MAIN,MAIN,2026-09-21 09:05:43.110,True,KOSPI,005930,삼성전자,269000.0,0.96,1080513,390474000000.0,290657997000.0,390474000000.0,ACTUAL,2,269500.0,0.1855287569573284,1.0,1.2130877173679961,82,40,25,5,12,True,60,2026-09-21 09:00:00.476,264500.0,74.0,342.634164,20260921_005930_E001,2026-09-21 09:00:00.476,264500.0,74.0,342.634164,314.94586205482483,11,0.186219739292365,0.3731343283582089,True,True,20260921_005930_SHADOW_SCORE_70_74_E001_090053806186,2026-09-21 09:00:53.792,264500.0,74.0,53.063127,0.1890359168241984,0.186219739292365,36.73978877067566,0.186219739292365,36.73978877067566,0.3731343283582089,70.56444835662842,0.5607476635514018,104.1686098575592,0.3731343283582089,168.57017850875854,1.7013232514177694,285.82174253463745,-0.00034484899062697805,36.73978877067566,-0.0006909823350365885,70.56444835662842,-0.18691072162740158,104.1686098575592,-0.0006909823350365885,168.57017850875854,0.1855287569573284,285.82174253463745
2026-09-21 09:05:43,v2.1.2,MAIN,MAIN,MAIN,2026-09-21 09:05:43.125,True,KOSPI,009150,삼성전기,1438000.0,2.38,56237,185630000000.0,80868806000.0,185630000000.0,ACTUAL,3,1439000.0,0.06949270326615706,1.0,1.2462216903780525,82,40,25,5,12,True,60,2026-09-21 09:00:00.476,1434000.0,74.0,342.649251,20260921_009150_E001,2026-09-21 09:00:00.476,1434000.0,74.0,342.649251,314.94586205482483,11,0.20905923344947736,0.700280112044818,True,True,20260921_009150_SHADOW_SCORE_70_74_E001_090022988622,2026-09-21 09:00:22.959,1434000.0,74.0,83.900948,-0.9762900976290068,0.20905923344947736,36.73978877067566,0.20905923344947736,36.73978877067566,0.700280112044818,70.56444835662842,0.9831460674157303,104.1686098575592,0.9831460674157303,168.57017850875854,0.9122807017543859,285.82174253463745,-0.06968614154943098,36.73978877067566,-0.556812098403989,70.56444835662842,-0.8351697880351651,104.1686098575592,-0.8351697880351651,168.57017850875854,-0.765580365627371,285.82174253463745
2026-09-21 09:05:43,v2.1.2,MAIN,MAIN,MAIN,2026-09-21 09:05:43.132,True,KOSPI,000660,SK하이닉스,1879000.0,0.81,159578,863490000000.0,299847062000.0,863490000000.0,ACTUAL,1,1880000.0,0.05319148936170213,1.0,1.069959234028858,79,40,25,5,9,True,60,2026-09-21 09:00:00.476,1865000.0,74.0,342.656251,20260921_000660_E001,2026-09-21 09:00:00.476,1865000.0,74.0,342.656251,314.94586205482483,11,0.05324813631522897,0.05324813631522897,True,True,20260921_000660_SHADOW_SCORE_70_74_E001_090022996621,2026-09-21 09:00:22.962,1865000.0,74.0,83.898811,0.428954423592498,0.05324813631522897,36.73978877067566,0.05324813631522897,36.73978877067566,0.05324813631522897,70.56444835662842,0.15991471215351813,104.1686098575592,0.05324813631522897,168.57017850875854,0.4812834224598931,285.82174253463745,-0.05319148936170213,36.73978877067566,-0.05319148936170213,70.56444835662842,-0.1595744680851064,104.1686098575592,-2.830840306636273e-05,168.57017850875854,-0.10697935954379706,285.82174253463745
2026-09-21 09:06:15,v2.1.2,MAIN,MAIN,MAIN,2026-09-21 09:06:15.152,True,KOSPI,005930,삼성전자,270000.0,0.96,1275443,390474000000.0,344369610000.0,390474000000.0,ACTUAL,2,270000.0,0.0,1.0,1.3437526668176767,85,40,25,5,15,True,60,2026-09-21 09:00:00.476,264500.0,74.0,374.676349,20260921_005930_E001,2026-09-21 09:00:00.476,264500.0,74.0,374.676349,345.3541305065155,12,0.37174721189591076,0.5586592178770949,True,True,20260921_005930_SHADOW_SCORE_70_74_E001_090053806186,2026-09-21 09:00:53.792,264500.0,74.0,53.063127,0.1890359168241984,0.37174721189591076,30.408268451690674,0.37174721189591076,30.408268451690674,0.5586592178770949,67.14805722236633,0.9345794392523363,134.57687830924988,1.028999064546305,168.1209695339203,2.0793950850661624,291.0134069919586,-0.1855287569573284,30.408268451690674,-0.18587360594795538,67.14805722236633,-0.37243947858473,134.57687830924988,-0.4655493482309125,168.1209695339203,0.0,291.0134069919586
2026-09-21 09:06:15,v2.1.2,MAIN,MAIN,MAIN,2026-09-21 09:06:15.158,True,KOSPI,009150,삼성전기,1442000.0,2.38,65903,185630000000.0,95032126000.0,185630000000.0,ACTUAL,3,1443000.0,0.0693000693000693,1.0,1.3285823723893235,85,40,25,5,15,True,60,2026-09-21 09:00:00.476,1434000.0,74.0,374.682349,20260921_009150_E001,2026-09-21 09:00:00.476,1434000.0,74.0,374.682349,345.3541305065155,12,0.27816411682892905,0.4878048780487805,True,True,20260921_009150_SHADOW_SCORE_70_74_E001_090022988622,2026-09-21 09:00:22.959,1434000.0,74.0,83.900948,-0.9762900976290068,0.27816411682892905,30.408268451690674,0.27816411682892905,30.408268451690674,0.4878048780487805,67.14805722236633,1.2640449438202246,134.57687830924988,1.3352073085031624,168.1209695339203,1.8361581920903955,291.0134069919586,-0.00019263396608776295,30.408268451690674,-0.06987877551551874,67.14805722236633,-0.8353624220012529,134.57687830924988,-0.9049518444090471,168.1209695339203,-1.3920778012636048,291.0134069919586
2026-09-21 09:06:49,v2.1.2,MAIN,MAIN,MAIN,2026-09-21 09:06:49.672,True,KOSPI,005930,삼성전자,270250.0,0.96,1537612,390474000000.0,415539643000.0,390474000000.0,ACTUAL,2,271000.0,0.27675276752767525,1.0,1.4230388713509232,85,40,25,5,15,True,60,2026-09-21 09:00:00.476,264500.0,74.0,409.196428,20260921_005930_E001,2026-09-21 09:00:00.476,264500.0,74.0,409.196428,380.5705375671387,13,0.0925925925925926,0.4646840148698885,True,True,20260921_005930_SHADOW_SCORE_70_74_E001_090053806186,2026-09-21 09:00:53.792,264500.0,74.0,53.063127,0.1890359168241984,0.0925925925925926,35.21640706062317,0.0925925925925926,35.21640706062317,0.4646840148698885,65.62467551231384,0.8395522388059702,136.18912386894226,1.0280373831775702,169.79328536987305,1.9811320754716981,299.7977452278137,0.27675276752767525,35.21640706062317,0.09122401057034685,65.62467551231384,0.09053302823531026,136.18912386894226,-0.09568671105705473,169.79328536987305,0.0884288503901988,299.7977452278137
2026-09-21 09:06:49,v2.1.2,MAIN,MAIN,MAIN,2026-09-21 09:06:49.675,True,KOSPI,009150,삼성전기,1441000.0,2.38,71224,185630000000.0,102633784000.0,185630000000.0,ACTUAL,3,1443000.0,0.1386001386001386,1.0,1.2664971460070773,82,40,25,5,12,True,60,2026-09-21 09:00:00.476,1434000.0,74.0,409.199516,20260921_009150_E001,2026-09-21 09:00:00.476,1434000.0,74.0,409.199516,380.5705375671387,13,-0.06934812760055478,0.2086230876216968,True,True,20260921_009150_SHADOW_SCORE_70_74_E001_090022988622,2026-09-21 09:00:22.959,1434000.0,74.0,83.900948,-0.9762900976290068,-0.06934812760055478,35.21640706062317,-0.06934812760055478,35.21640706062317,0.2086230876216968,65.62467551231384,0.9103641456582634,136.18912386894226,1.193820224719101,169.79328536987305,1.4788732394366197,299.7977452278137,0.0693000693000693,35.21640706062317,0.06910743533398153,65.62467551231384,-0.48770466307000754,136.18912386894226,-0.7660623527011836,169.79328536987305,-1.0444200423323597,299.7977452278137
2026-09-21 09:06:49,v2.1.2,MAIN,MAIN,MAIN,2026-09-21 09:06:49.677,True,KOSPI,000660,SK하이닉스,1887000.0,0.81,206868,863490000000.0,390359916000.0,863490000000.0,ACTUAL,1,1888000.0,0.05296610169491525,1.0,1.296344107583752,82,40,25,5,12,True,60,2026-09-21 09:00:00.476,1865000.0,74.0,409.201219,20260921_000660_E001,2026-09-21 09:00:00.476,1865000.0,74.0,409.201219,380.5705375671387,13,0.05302226935312832,0.4257583821181479,True,True,20260921_000660_SHADOW_SCORE_70_74_E001_090022996621,2026-09-21 09:00:22.962,1865000.0,74.0,83.898811,0.428954423592498,0.05302226935312832,35.21640706062317,0.05302226935312832,35.21640706062317,0.4257583821181479,65.62467551231384,0.4792332268370607,136.18912386894226,0.5863539445628998,169.79328536987305,0.7474639615589963,299.7977452278137,-2.806894631421364e-05,35.21640706062317,-0.00022538766678687622,65.62467551231384,-0.053416877028489004,136.18912386894226,-0.15979985575189326,169.79328536987305,-0.05370056497175142,299.7977452278137
2026-09-21 09:07:25,v2.1.2,MAIN,MAIN,MAIN,2026-09-21 09:07:24.979,True,KOSPI,005930,삼성전자,270000.0,0.96,1681346,390474000000.0,453963420000.0,390474000000.0,ACTUAL,2,271000.0,0.36900369003690037,1.0,1.3182447196777904,85,40,25,5,15,True,60,2026-09-21 09:00:00.476,264500.0,74.0,444.502981,20260921_005930_E001,2026-09-21 09:00:00.476,264500.0,74.0,444.502981,415.01312804222107,14,-0.09250693802035154,0.0,True,True,20260921_005930_SHADOW_SCORE_70_74_E001_090053806186,2026-09-21 09:00:53.792,264500.0,74.0,53.063127,0.1890359168241984,-0.09250693802035154,34.4425904750824,-0.09250693802035154,34.4425904750824,0.0,69.65899753570557,0.5586592178770949,136.8070547580719,0.7462686567164178,170.63171434402466,1.1235955056179776,299.19652938842773,0.09225092250922512,34.4425904750824,0.36900369003690037,69.65899753570557,0.183130084088945,136.8070547580719,0.18278395074453538,170.63171434402466,-0.004130638321308555,299.19652938842773
2026-09-21 09:07:25,v2.1.2,MAIN,MAIN,MAIN,2026-09-21 09:07:24.991,True,KOSPI,000660,SK하이닉스,1881000.0,0.81,214475,863490000000.0,403427475000.0,863490000000.0,ACTUAL,1,1888000.0,0.3707627118644068,1.0,1.1303626014546222,79,40,25,5,9,True,60,2026-09-21 09:00:00.476,1865000.0,74.0,444.51498,20260921_000660_E001,2026-09-21 09:00:00.476,1865000.0,74.0,444.51498,415.01312804222107,14,-0.3179650238473768,-0.2651113467656416,True,True,20260921_000660_SHADOW_SCORE_70_74_E001_090022996621,2026-09-21 09:00:22.962,1865000.0,74.0,83.898811,0.428954423592498,-0.3179650238473768,34.4425904750824,-0.3179650238473768,34.4425904750824,-0.2651113467656416,69.65899753570557,0.1597444089456869,136.8070547580719,0.1597444089456869,170.63171434402466,0.26652452025586354,299.19652938842773,0.31779661016949157,34.4425904750824,0.3177685412231773,69.65899753570557,0.26437973314100255,136.8070547580719,0.26437973314100255,170.63171434402466,0.3174862068031388,299.19652938842773
2026-09-21 09:07:25,v2.1.2,MAIN,MAIN,MAIN,2026-09-21 09:07:24.984,True,KOSPI,034020,두산에너빌리티,85800.0,2.24,232440,84927000000.0,19943352000.0,84927000000.0,ACTUAL,5,86900.0,1.2658227848101267,1.0,1.3400980109541654,76,37,19,5,15,True,60,2026-09-21 09:00:00.476,86450.0,68.0,444.507987,20260921_034020_E001,2026-09-21 09:00:00.476,86450.0,68.0,444.507987,415.01312804222107,14,-0.23255813953488372,-0.34843205574912894,False,False,,,,,,,-0.23255813953488372,34.4425904750824,-0.23255813953488372,34.4425904750824,-0.34843205574912894,69.65899753570557,-0.34843205574912894,136.8070547580719,-0.23255813953488372,170.63171434402466,-0.23255813953488372,299.19652938842773,0.23014959723820505,34.4425904750824,0.34522439585730735,69.65899753570557,0.34522439585730735,136.8070547580719,0.23014959723820505,170.63171434402466,0.23014959723820505,299.19652938842773
2026-09-21 09:07:27,v2.1.2,MAIN,MAIN,MAIN,2026-09-21 09:07:24.986,True,KOSPI,009150,삼성전기,1435000.0,2.38,73932,185630000000.0,106092420000.0,185630000000.0,ACTUAL,3,1443000.0,0.5544005544005544,1.0,1.1218305691698405,76,40,22,5,9,True,60,2026-09-21 09:00:00.476,1434000.0,74.0,444.50998,20260921_009150_E001,2026-09-21 09:00:00.476,1434000.0,74.0,444.50998,415.01312804222107,14,-0.4163775156141568,-0.48543689320388345,True,True,20260921_009150_SHADOW_SCORE_70_74_E001_090022988622,2026-09-21 09:00:22.959,1434000.0,74.0,83.900948,-0.9762900976290068,-0.4163775156141568,34.4425904750824,-0.4163775156141568,34.4425904750824,-0.48543689320388345,69.65899753570557,0.0,136.8070547580719,0.49019607843137253,170.63171434402466,1.1988716502115657,299.19652938842773,0.41580041580041577,34.4425904750824,0.4851004851004851,69.65899753570557,0.4152217095849663,136.8070547580719,-0.07190424726959177,170.63171434402466,-0.7677984713475319,299.19652938842773
2026-09-21 09:07:58,v2.1.2,MAIN,MAIN,MAIN,2026-09-21 09:07:58.299,True,KOSPI,017900,광전자,11850.0,12.64,2440891,27633000000.0,28924558350.0,27633000000.0,ACTUAL,26,11850.0,0.0,1.3254508825786646,1.2922999625158038,81,24,25,20,12,True,60,2026-09-21 09:07:29.572,11850.0,81.0,28.727106,20260921_017900_E001,2026-09-21 09:07:29.572,11850.0,81.0,28.727106,419.97261142730713,10,0.08445945945945946,2.9539530842745436,True,False,,,,,,,0.08445945945945946,34.08360290527344,0.08445945945945946,34.08360290527344,2.9539530842745436,68.52619338035583,4.405286343612335,134.15086889266968,4.681978798586572,170.89065766334534,,,-0.08438818565400844,34.08360290527344,-0.8613264427217916,68.52619338035583,,,,,,
2026-09-21 09:08:01,v2.1.2,MAIN,MAIN,MAIN,2026-09-21 09:07:58.317,True,KOSPI,005930,삼성전자,269500.0,0.96,1772009,390474000000.0,477556425500.0,390474000000.0,ACTUAL,2,271000.0,0.5535055350553505,1.0,1.1524422285986322,79,40,22,5,12,True,60,2026-09-21 09:00:00.476,264500.0,74.0,477.841534,20260921_005930_E001,2026-09-21 09:00:00.476,264500.0,74.0,477.841534,449.0967309474945,15,-0.1851851851851852,-0.27752081406105455,True,True,20260921_005930_SHADOW_SCORE_70_74_E001_090053806186,2026-09-21 09:00:53.792,264500.0,74.0,53.063127,0.1890359168241984,-0.1851851851851852,34.08360290527344,-0.1851851851851852,34.08360290527344,-0.27752081406105455,68.52619338035583,0.18587360594795538,134.15086889266968,0.37243947858473,170.89065766334534,0.5597014925373134,302.7210474014282,0.18450184501845013,34.08360290527344,0.27675276752767525,68.52619338035583,0.3679767780980221,134.15086889266968,0.3676319291073951,170.89065766334534,0.3672857957629855,302.7210474014282
2026-09-21 09:08:01,v2.1.2,MAIN,MAIN,MAIN,2026-09-21 09:07:58.323,True,KOSPI,000660,SK하이닉스,1880000.0,0.81,227278,863490000000.0,427282640000.0,863490000000.0,ACTUAL,1,1888000.0,0.423728813559322,1.0,1.0986619486822515,79,40,25,5,9,True,60,2026-09-21 09:00:00.476,1865000.0,74.0,477.847533,20260921_000660_E001,2026-09-21 09:00:00.476,1865000.0,74.0,477.847533,449.0967309474945,15,-0.053163211057947905,-0.37095919448860626,True,True,20260921_000660_SHADOW_SCORE_70_74_E001_090022996621,2026-09-21 09:00:22.962,1865000.0,74.0,83.898811,0.428954423592498,-0.053163211057947905,34.08360290527344,-0.053163211057947905,34.08360290527344,-0.37095919448860626,68.52619338035583,0.05321979776476849,134.15086889266968,0.10649627263045794,170.89065766334534,0.10649627263045794,302.7210474014282,0.052966101694915224,34.08360290527344,0.3707627118644068,68.52619338035583,0.37053732419761987,134.15086889266968,0.3173458348359178,170.89065766334534,0.37050901579455353,302.7210474014282
2026-09-21 09:08:01,v2.1.2,MAIN,MAIN,MAIN,2026-09-21 09:07:58.320,True,KOSPI,009150,삼성전기,1430000.0,2.38,75405,185630000000.0,107829150000.0,185630000000.0,ACTUAL,3,1443000.0,0.9009009009009009,1.0,1.058702122879928,76,40,22,5,9,True,60,2026-09-21 09:00:00.476,1434000.0,74.0,477.844531,20260921_009150_E001,2026-09-21 09:00:00.476,1434000.0,74.0,477.844531,449.0967309474945,15,-0.34843205574912894,-0.7633587786259541,True,True,20260921_009150_SHADOW_SCORE_70_74_E001_090022988622,2026-09-21 09:00:22.959,1434000.0,74.0,83.900948,-0.9762900976290068,-0.34843205574912894,34.08360290527344,-0.34843205574912894,34.08360290527344,-0.7633587786259541,68.52619338035583,-0.5563282336578581,134.15086889266968,-0.34843205574912894,170.89065766334534,0.42134831460674155,302.7210474014282,0.34650034650034656,34.08360290527344,0.7623007623007623,68.52619338035583,0.8314081976347438,134.15086889266968,0.7617220560853128,170.89065766334534,-0.003761590400421233,302.7210474014282
2026-09-21 09:08:32,v2.1.2,MAIN,MAIN,MAIN,2026-09-21 09:08:32.200,True,KOSPI,005930,삼성전자,269500.0,0.96,1922427,390474000000.0,518094076500.0,390474000000.0,ACTUAL,2,271000.0,0.5535055350553505,1.0,1.1433857159680398,76,40,22,5,9,True,60,2026-09-21 09:00:00.476,264500.0,74.0,511.723985,20260921_005930_E001,2026-09-21 09:00:00.476,264500.0,74.0,511.723985,483.3267822265625,16,0.0,-0.1851851851851852,True,True,20260921_005930_SHADOW_SCORE_70_74_E001_090053806186,2026-09-21 09:00:53.792,264500.0,74.0,53.063127,0.1890359168241984,0.0,34.23005127906799,0.0,34.23005127906799,-0.1851851851851852,68.31365418434143,-0.27752081406105455,102.75624465942383,0.18587360594795538,168.38092017173767,0.841908325537886,306.0936212539673,0.0,34.23005127906799,0.18450184501845013,68.31365418434143,0.27675276752767525,102.75624465942383,0.3679767780980221,168.38092017173767,0.08795618682443801,306.0936212539673
2026-09-21 09:08:32,v2.1.2,MAIN,MAIN,MAIN,2026-09-21 09:08:32.206,True,KOSPI,000660,SK하이닉스,1878000.0,0.81,234631,863490000000.0,440637018000.0,863490000000.0,ACTUAL,1,1888000.0,0.5296610169491525,1.0,1.0939783191514163,76,40,22,5,9,True,60,2026-09-21 09:00:00.476,1865000.0,74.0,511.729982,20260921_000660_E001,2026-09-21 09:00:00.476,1865000.0,74.0,511.729982,483.3267822265625,16,-0.10638297872340426,-0.1594896331738437,True,True,20260921_000660_SHADOW_SCORE_70_74_E001_090022996621,2026-09-21 09:00:22.962,1865000.0,74.0,83.898811,0.428954423592498,-0.10638297872340426,34.23005127906799,-0.10638297872340426,34.23005127906799,-0.1594896331738437,68.31365418434143,-0.47694753577106513,102.75624465942383,-0.05321979776476849,168.38092017173767,0.16,306.0936212539673,0.10593220338983045,34.23005127906799,0.15889830508474567,68.31365418434143,0.47669491525423724,102.75624465942383,0.4764695275874503,168.38092017173767,0.26370357014064183,306.0936212539673
2026-09-21 09:09:04,v2.1.2,MAIN,MAIN,MAIN,2026-09-21 09:09:03.982,True,KOSPI,005930,삼성전자,270500.0,0.96,2159514,390474000000.0,584148537000.0,390474000000.0,ACTUAL,2,271000.0,0.18450184501845018,1.0,1.218681169226567,82,40,25,5,12,True,60,2026-09-21 09:00:00.476,264500.0,74.0,543.506606,20260921_005930_E001,2026-09-21 09:00:00.476,264500.0,74.0,543.506606,514.9524009227753,17,0.3710575139146568,0.3710575139146568,True,True,20260921_005930_SHADOW_SCORE_70_74_E001_090053806186,2026-09-21 09:00:53.792,264500.0,74.0,53.063127,0.1890359168241984,0.3710575139146568,31.62561869621277,0.3710575139146568,31.62561869621277,0.3710575139146568,65.85566997528076,0.09250693802035154,134.3818633556366,0.1851851851851852,169.59827041625977,1.1214953271028036,304.17514872550964,-0.3690036900369003,31.62561869621277,-0.3690036900369003,65.85566997528076,-0.09225092250922506,134.3818633556366,0.18450184501845018,169.59827041625977,-0.1879376335662798,304.17514872550964
2026-09-21 09:09:04,v2.1.2,MAIN,MAIN,MAIN,2026-09-21 09:09:03.994,True,KOSPI,000660,SK하이닉스,1875000.0,0.81,239908,863490000000.0,449827500000.0,863490000000.0,ACTUAL,1,1888000.0,0.6885593220338982,1.0,1.0555707107595105,76,40,22,5,9,True,60,2026-09-21 09:00:00.476,1865000.0,74.0,543.518607,20260921_000660_E001,2026-09-21 09:00:00.476,1865000.0,74.0,543.518607,514.9524009227753,17,-0.1597444089456869,-0.26595744680851063,True,True,20260921_000660_SHADOW_SCORE_70_74_E001_090022996621,2026-09-21 09:00:22.962,1865000.0,74.0,83.898811,0.428954423592498,-0.1597444089456869,31.62561869621277,-0.1597444089456869,31.62561869621277,-0.26595744680851063,65.85566997528076,-0.6359300476947536,134.3818633556366,-0.5832449628844115,169.59827041625977,-0.053304904051172705,304.17514872550964,0.15889830508474578,31.62561869621277,0.26483050847457623,65.85566997528076,0.635593220338983,134.3818633556366,0.6355651513926688,169.59827041625977,0.47579336458708976,304.17514872550964
2026-09-21 09:09:38,v2.1.2,MAIN,MAIN,MAIN,2026-09-21 09:09:38.248,True,KOSPI,005930,삼성전자,270500.0,0.96,2418371,390474000000.0,654169355500.0,390474000000.0,ACTUAL,2,271500.0,0.3683241252302026,1.0,1.2579780662672757,82,40,25,5,12,True,60,2026-09-21 09:00:00.476,264500.0,74.0,577.772765,20260921_005930_E001,2026-09-21 09:00:00.476,264500.0,74.0,577.772765,546.9975633621216,18,0.0,0.3710575139146568,True,True,20260921_005930_SHADOW_SCORE_70_74_E001_090053806186,2026-09-21 09:00:53.792,264500.0,74.0,53.063127,0.1890359168241984,0.0,32.04516243934631,0.0,32.04516243934631,0.3710575139146568,63.67078113555908,0.1851851851851852,131.9844353199005,0.09250693802035154,166.4270257949829,0.9328358208955223,302.61614966392517,0.1838222802117524,32.04516243934631,-0.1851814098251479,63.67078113555908,-0.0006795648066977855,131.9844353199005,0.09157135770252733,166.4270257949829,0.1821043859378376,302.61614966392517
2026-09-21 09:10:11,v2.1.2,MAIN,MAIN,MAIN,2026-09-21 09:10:11.218,True,KOSPI,017900,광전자,11930.0,14.35,3289681,36843000000.0,39245894330.0,36843000000.0,ACTUAL,23,12100.0,1.4049586776859504,1.3332971447182715,1.3477377728050945,83,29,19,20,15,True,60,2026-09-21 09:07:29.572,11850.0,81.0,161.645844,20260921_017900_E002,2026-09-21 09:09:40.698,11930.0,83.0,30.520345,551.0981113910675,14,0.6751054852320675,0.6751054852320675,True,False,,,,,,,0.6751054852320675,33.2246675491333,0.6751054852320675,33.2246675491333,0.6751054852320675,65.26982998847961,0.6751054852320675,131.12549996376038,0.7601351351351352,165.2091028690338,5.3886925795053005,302.0161576271057,1.4049586776859504,33.2246675491333,1.4049586776859504,65.26982998847961,1.4049586776859504,131.12549996376038,1.3205704920319419,165.2091028690338,,
2026-09-21 09:10:11,v2.1.2,MAIN,MAIN,MAIN,2026-09-21 09:10:11.288,True,KOSPI,005930,삼성전자,270000.0,0.96,2456078,390474000000.0,663141060000.0,390474000000.0,ACTUAL,2,271500.0,0.5524861878453038,1.0,1.1373290471837645,76,40,22,5,9,True,60,2026-09-21 09:00:00.476,264500.0,74.0,610.81227,20260921_005930_E001,2026-09-21 09:00:00.476,264500.0,74.0,610.81227,580.2222309112549,19,-0.18484288354898337,-0.18484288354898337,True,True,20260921_005930_SHADOW_SCORE_70_74_E001_090053806186,2026-09-21 09:00:53.792,264500.0,74.0,53.063127,0.1890359168241984,-0.18484288354898337,33.2246675491333,-0.18484288354898337,33.2246675491333,-0.18484288354898337,65.26982998847961,0.1855287569573284,131.12549996376038,0.0,165.2091028690338,0.5586592178770949,302.0161576271057,0.1841620626151012,33.2246675491333,0.3679843428268536,65.26982998847961,-0.001019347210046706,131.12549996376038,0.18348249780840342,165.2091028690338,0.3666125818973484,302.0161576271057
2026-09-21 09:10:45,v2.1.2,MAIN,MAIN,MAIN,2026-09-21 09:10:44.908,True,KOSPI,017900,광전자,11930.0,13.02,3760775,43049000000.0,44866045750.0,43049000000.0,ACTUAL,21,12100.0,1.4049586776859504,1.5578836897911916,1.5407386073364193,83,29,19,20,15,True,60,2026-09-21 09:07:29.572,11850.0,81.0,195.335965,20260921_017900_E002,2026-09-21 09:09:40.698,11930.0,83.0,64.210466,584.2214674949646,15,0.0,0.6751054852320675,True,False,,,,,,,0.0,33.123356103897095,0.0,33.123356103897095,0.6751054852320675,66.3480236530304,0.6751054852320675,130.01880478858948,0.6751054852320675,164.24885606765747,5.110132158590308,298.39972496032715,0.0,33.123356103897095,1.4049586776859504,66.3480236530304,1.4049586776859504,130.01880478858948,1.4049586776859504,164.24885606765747,,
2026-09-21 09:11:21,v2.1.2,MAIN,MAIN,MAIN,2026-09-21 09:11:21.063,True,KOSPI,017900,광전자,12040.0,15.59,4268425,49065000000.0,51391837000.0,49065000000.0,ACTUAL,21,12190.0,1.2305168170631664,1.331731943652797,1.2975194251357502,80,29,19,20,12,True,60,2026-09-21 09:07:29.572,11850.0,81.0,231.490876,20260921_017900_E002,2026-09-21 09:09:40.698,11930.0,83.0,100.365377,594.1209447383881,15,0.9220452640402346,0.9220452640402346,True,False,,,,,,,0.9220452640402346,35.11608123779297,0.9220452640402346,35.11608123779297,0.9220452640402346,68.23943734169006,1.6033755274261603,133.50926733016968,1.6033755274261603,165.13488602638245,4.062229904926534,303.10753774642944,-0.174441860622784,35.11608123779297,-0.174441860622784,68.23943734169006,1.2305168170631664,133.50926733016968,1.2305168170631664,165.13488602638245,,
2026-09-21 09:11:57,v2.1.2,MAIN,MAIN,MAIN,2026-09-21 09:11:57.065,True,KOSPI,017900,광전자,11900.0,13.69,4594403,53339000000.0,54673395700.0,53339000000.0,ACTUAL,19,12190.0,2.3789991796554553,1.239029942623522,1.221663885768226,75,33,14,16,12,False,60,2026-09-21 09:07:29.572,11850.0,81.0,267.492544,20260921_017900_E002,2026-09-21 09:09:40.698,11930.0,83.0,136.367045,475.434663772583,15,-1.1627906976744187,-0.2514668901927913,True,False,,,,,,,-1.1627906976744187,37.75024771690369,-1.1627906976744187,37.75024771690369,-0.2514668901927913,72.86632895469666,-0.2514668901927913,105.98968505859375,0.42194092827004215,171.25951504707336,3.3883579496090355,305.64137840270996,1.1484823625922889,37.75024771690369,0.9740405019695049,72.86632895469666,0.9740405019695049,105.98968505859375,2.3789991796554553,171.25951504707336,1.5176727369336636,305.64137840270996
2026-09-21 09:12:33,v2.1.2,MAIN,MAIN,MAIN,2026-09-21 09:12:33.797,True,KOSPI,005930,삼성전자,269500.0,0.96,2683720,390474000000.0,723262540000.0,390474000000.0,ACTUAL,2,271500.0,0.7366482504604052,1.0,1.0594770516777923,76,40,22,5,9,True,60,2026-09-21 09:00:00.476,264500.0,74.0,753.321382,20260921_005930_E001,2026-09-21 09:00:00.476,264500.0,74.0,753.321382,575.5532455444336,18,0.0,0.0,True,True,20260921_005930_SHADOW_SCORE_70_74_E001_090053806186,2026-09-21 09:00:53.792,264500.0,74.0,53.063127,0.1890359168241984,0.0,35.717013120651245,0.0,35.717013120651245,0.0,73.46726083755493,-0.36968576709796674,108.5833420753479,-0.36968576709796674,174.9313657283783,-0.1851851851851852,306.9158010482788,0.0,35.717013120651245,0.0,73.46726083755493,0.3683241252302026,108.5833420753479,0.3683241252302026,174.9313657283783,0.3676445604235048,306.9158010482788
2026-09-21 09:13:42,v2.1.2,MAIN,MAIN,MAIN,2026-09-21 09:13:42.154,True,KOSPI,017900,광전자,12190.0,14.26,5566313,63773000000.0,67853355470.0,63773000000.0,ACTUAL,16,12190.0,0.0,1.1361458017851098,1.1328189059001161,78,33,25,11,9,True,60,2026-09-21 09:07:29.572,11850.0,81.0,372.581984,20260921_017900_E003,2026-09-21 09:12:36.239,11970.0,72.0,65.915752,578.9163765907288,18,1.8379281537176273,3.480475382003396,True,False,,,,,,,1.8379281537176273,33.930665731430054,1.8379281537176273,33.930665731430054,3.480475382003396,67.7646996974945,2.4369747899159666,103.48171281814575,2.179379715004191,176.3480417728424,2.869198312236287,306.3668465614319,-1.8047579983593112,33.930665731430054,-3.3634126333059884,67.7646996974945,-2.3789991796554553,103.48171281814575,-1.4049586776859504,176.3480417728424,0.0,306.3668465614319
2026-09-21 09:14:15,v2.1.2,MAIN,MAIN,MAIN,2026-09-21 09:14:15.010,True,KOSPI,007660,이수페타시스,109200.0,5.11,217565,67074000000.0,23758098000.0,67074000000.0,ACTUAL,15,109200.0,0.0,2.731470923603193,1.0835180158868498,87,33,25,20,9,True,60,2026-09-21 09:00:00.476,106800.0,66.0,854.534106,20260921_007660_E003,2026-09-21 09:00:00.476,108800.0,63.0,854.534106,579.8032524585724,18,0.3676470588235294,0.8310249307479225,True,False,,,,,,,0.3676470588235294,34.491037368774414,0.3676470588235294,34.491037368774414,0.8310249307479225,68.42170310020447,1.0175763182238668,102.25573706626892,0.27548209366391185,175.72299790382385,1.0175763182238668,309.23226523399353,-0.3663003663003663,34.491037368774414,-0.8241758241758242,68.42170310020447,-1.0073260073260073,102.25573706626892,-0.27472527472527475,175.72299790382385,-0.5519779208831647,309.23226523399353
2026-09-21 09:14:18,v2.1.2,MAIN,MAIN,MAIN,2026-09-21 09:14:15.008,True,KOSPI,017900,광전자,12010.0,14.35,5852662,68379000000.0,70290470620.0,68379000000.0,ACTUAL,14,12190.0,1.4766201804757997,1.1544071716779498,1.1371723130250957,77,33,19,16,9,True,60,2026-09-21 09:07:29.572,11850.0,81.0,405.435376,20260921_017900_E003,2026-09-21 09:12:36.239,11970.0,72.0,98.769144,579.8032524585724,18,-1.4766201804757997,0.3341687552213868,True,False,,,,,,,-1.4766201804757997,34.491037368774414,-1.4766201804757997,34.491037368774414,0.3341687552213868,68.42170310020447,1.9524617996604414,102.25573706626892,-0.24916943521594684,175.72299790382385,1.350210970464135,309.23226523399353,1.4766201804757997,34.491037368774414,-0.3281378178835115,68.42170310020447,-1.8867924528301887,102.25573706626892,0.24610336341263328,175.72299790382385,1.4766201804757997,309.23226523399353
2026-09-21 09:14:52,v2.1.2,MAIN,MAIN,MAIN,2026-09-21 09:14:52.120,True,KOSPI,007660,이수페타시스,109700.0,5.79,238164,72003000000.0,26126590800.0,72003000000.0,ACTUAL,14,109800.0,0.09107468123861566,2.9321957973611337,1.1382880084117957,91,37,25,20,9,True,60,2026-09-21 09:00:00.476,106800.0,66.0,891.64414,20260921_007660_E003,2026-09-21 09:00:00.476,108800.0,63.0,891.64414,582.4927840232849,18,0.4578754578754579,0.8272058823529412,True,False,,,,,,,0.4578754578754579,36.51419115066528,0.4578754578754579,36.51419115066528,0.8272058823529412,71.0052285194397,1.2927054478301014,104.93589425086975,1.1992619926199262,174.48694133758545,1.1992619926199262,313.7012939453125,0.09107468123861566,36.51419115066528,-0.2752256850617506,71.0052285194397,-0.7331011429372086,104.93589425086975,-0.6415260513621169,174.48694133758545,-0.18491427920296666,313.7012939453125
2026-09-21 09:14:52,v2.1.2,MAIN,MAIN,MAIN,2026-09-21 09:14:52.121,True,KOSDAQ,067310,하나마이크론,42100.0,9.06,750920,30106000000.0,31613732000.0,30106000000.0,ACTUAL,11,42200.0,0.23696682464454977,1.2215865287076486,1.2199052563860964,82,29,25,16,12,True,60,2026-09-21 09:12:02.405,40850.0,63.0,169.716215,20260921_067310_E001,2026-09-21 09:12:02.405,40850.0,63.0,169.716215,582.4927840232849,18,1.8137847642079807,2.0606060606060606,True,False,,,,,,,1.8137847642079807,36.51419115066528,1.8137847642079807,36.51419115066528,2.0606060606060606,71.0052285194397,2.5578562728380025,104.93589425086975,3.0599755201958385,174.48694133758545,2.4330900243309004,313.7012939453125,0.23696682464454977,36.51419115066528,-0.004871143916514303,71.0052285194397,-0.48854708103864253,104.93589425086975,-0.9722230181607707,174.48694133758545,,
2026-09-21 09:14:55,v2.1.2,MAIN,MAIN,MAIN,2026-09-21 09:14:52.140,True,KOSPI,005930,삼성전자,269500.0,0.96,2934322,390474000000.0,790799779000.0,390474000000.0,ACTUAL,2,271500.0,0.7366482504604052,1.0,1.0526179473547894,76,40,22,5,9,True,60,2026-09-21 09:00:00.476,264500.0,74.0,891.664752,20260921_005930_E001,2026-09-21 09:00:00.476,264500.0,74.0,891.664752,582.4927840232849,18,0.0,0.0,True,True,20260921_005930_SHADOW_SCORE_70_74_E001_090053806186,2026-09-21 09:00:53.792,264500.0,74.0,53.063127,0.1890359168241984,0.0,36.51419115066528,0.0,36.51419115066528,0.0,71.0052285194397,0.0,104.93589425086975,0.0,174.48694133758545,-0.36968576709796674,313.7012939453125,0.0,36.51419115066528,0.0,71.0052285194397,0.0,104.93589425086975,0.0,174.48694133758545,0.3683241252302026,313.7012939453125
2026-09-21 09:15:28,v2.1.2,MAIN,MAIN,MAIN,2026-09-21 09:15:28.555,True,KOSPI,007660,이수페타시스,109700.0,5.79,243802,73580000000.0,26745079400.0,73580000000.0,ACTUAL,14,109900.0,0.18198362147406735,1.0969973462146285,1.1205938455174316,82,37,25,11,9,True,60,2026-09-21 09:00:00.476,106800.0,66.0,928.079044,20260921_007660_E003,2026-09-21 09:00:00.476,108800.0,63.0,928.079044,581.7011127471924,18,0.0,0.4578754578754579,True,False,,,,,,,0.0,35.94811749458313,0.0,35.94811749458313,0.4578754578754579,72.46230864524841,0.8272058823529412,106.95334601402283,1.4801110083256246,174.71804571151733,1.3863216266173752,316.42474389076233,0.0909089402354517,35.94811749458313,0.18198362147406735,72.46230864524841,-0.18431674482629892,106.95334601402283,-0.82534238585194,174.71804571151733,-0.27799797926190317,316.42474389076233
2026-09-21 09:15:28,v2.1.2,MAIN,MAIN,MAIN,2026-09-21 09:15:28.557,True,KOSDAQ,067310,하나마이크론,42275.0,9.44,803538,32351000000.0,33969568950.0,32351000000.0,ACTUAL,11,42300.0,0.0591016548463357,1.2641553671212535,1.2619482869096528,82,29,25,16,12,True,60,2026-09-21 09:12:02.405,40850.0,63.0,206.152116,20260921_067310_E001,2026-09-21 09:12:02.405,40850.0,63.0,206.152116,581.7011127471924,18,0.4156769596199525,2.2370012091898426,True,False,,,,,,,0.4156769596199525,35.94811749458313,0.4156769596199525,35.94811749458313,2.2370012091898426,72.46230864524841,2.484848484848485,106.95334601402283,3.488372093023256,174.71804571151733,2.360774818401937,316.42474389076233,-0.17786516979821407,35.94811749458313,0.0591016548463357,72.46230864524841,-0.18273631371472837,106.95334601402283,-1.1500881879589848,174.71804571151733,,
2026-09-21 09:15:28,v2.1.2,MAIN,MAIN,MAIN,2026-09-21 09:15:28.569,True,KOSPI,005930,삼성전자,269500.0,0.96,2992826,390474000000.0,806566607000.0,390474000000.0,ACTUAL,2,271500.0,0.7366482504604052,1.0,1.0517140984620466,76,40,22,5,9,True,60,2026-09-21 09:00:00.476,264500.0,74.0,928.093051,20260921_005930_E001,2026-09-21 09:00:00.476,264500.0,74.0,928.093051,581.7011127471924,18,0.0,0.0,True,True,20260921_005930_SHADOW_SCORE_70_74_E001_090053806186,2026-09-21 09:00:53.792,264500.0,74.0,53.063127,0.1890359168241984,0.0,35.94811749458313,0.0,35.94811749458313,0.0,72.46230864524841,0.0,106.95334601402283,0.0,174.71804571151733,-0.1851851851851852,316.42474389076233,0.0,35.94811749458313,0.0,72.46230864524841,0.0,106.95334601402283,0.0,174.71804571151733,0.18416206261510137,316.42474389076233
2026-09-21 09:16:05,v2.1.2,MAIN,MAIN,MAIN,2026-09-21 09:16:05.334,True,KOSPI,007660,이수페타시스,110200.0,6.08,271988,78646000000.0,29973077600.0,78646000000.0,ACTUAL,14,110200.0,0.0,1.092260044720359,1.1420197846861826,82,37,25,11,9,True,60,2026-09-21 09:00:00.476,106800.0,66.0,964.858315,20260921_007660_E003,2026-09-21 09:00:00.476,108800.0,63.0,964.858315,586.8187112808228,18,0.4557885141294439,0.4557885141294439,True,False,,,,,,,0.4557885141294439,35.525866985321045,0.4557885141294439,35.525866985321045,0.4557885141294439,71.47398447990417,0.9157509157509158,107.98817563056946,1.7543859649122806,176.40987873077393,1.1937557392102847,283.7111735343933,-0.18198362147406735,35.525866985321045,-0.09107468123861566,71.47398447990417,0.0,107.98817563056946,-0.8241758241758242,176.40987873077393,-0.27472527472527475,283.7111735343933
2026-09-21 09:16:05,v2.1.2,MAIN,MAIN,MAIN,2026-09-21 09:16:05.334,True,KOSDAQ,386380,스카이랩스,21850.0,12.65,1205660,24738000000.0,26343671000.0,24738000000.0,ACTUAL,12,21950.0,0.45558086560364464,1.1736407628807288,1.16613389173949,77,24,25,16,12,True,60,2026-09-21 09:15:32.648,21850.0,77.0,32.685976,20260921_386380_E001,2026-09-21 09:15:32.648,21850.0,77.0,32.685976,586.8187112808228,18,1.627906976744186,1.627906976744186,True,False,,,,,,,1.627906976744186,35.525866985321045,1.627906976744186,35.525866985321045,1.627906976744186,71.47398447990417,4.295942720763723,107.98817563056946,2.823529411764706,176.40987873077393,5.811138014527845,283.7111735343933,-0.007382097359318274,35.525866985321045,-0.007382097359318274,71.47398447990417,,,,,,
2026-09-21 09:16:33,v2.1.2,MAIN,MAIN,MAIN,2026-09-21 09:16:32.980,True,KOSPI,007660,이수페타시스,109700.0,5.69,281786,80765000000.0,30911924200.0,80765000000.0,ACTUAL,14,110300.0,0.543970988213962,1.097648817613482,1.155798557846121,82,37,22,11,12,True,60,2026-09-21 09:00:00.476,106800.0,66.0,992.504387,20260921_007660_E003,2026-09-21 09:00:00.476,108800.0,63.0,992.504387,590.5491847991943,18,-0.4537205081669692,0.0,True,False,,,,,,,-0.4537205081669692,38.94688057899475,-0.4537205081669692,38.94688057899475,0.0,74.4727475643158,0.0,110.42086505889893,0.8272058823529412,181.42609357833862,1.1992619926199262,284.9078063964844,0.543970988213962,38.94688057899475,0.3619873667398946,74.4727475643158,0.4528963069753463,110.42086505889893,0.17767062191359567,181.42609357833862,-0.1886297443867706,284.9078063964844
2026-09-21 09:16:33,v2.1.2,MAIN,MAIN,MAIN,2026-09-21 09:16:32.983,True,KOSDAQ,386380,스카이랩스,22150.0,13.17,1361045,27712000000.0,30147146750.0,27712000000.0,ACTUAL,12,22200.0,0.22522522522522523,1.2188063508818225,1.2351913530388696,77,24,25,16,12,True,60,2026-09-21 09:15:32.648,21850.0,77.0,60.334644,20260921_386380_E001,2026-09-21 09:15:32.648,21850.0,77.0,60.334644,590.5491847991943,18,1.3729977116704806,3.0232558139534884,True,False,,,,,,,1.3729977116704806,38.94688057899475,1.3729977116704806,38.94688057899475,3.0232558139534884,74.4727475643158,3.0232558139534884,110.42086505889893,5.980861244019139,181.42609357833862,7.524271844660194,284.9078063964844,-0.2303556403784194,38.94688057899475,-0.23773773773773768,74.4727475643158,-0.23773773773773768,110.42086505889893,,,,
2026-09-21 09:16:56,v2.1.2,MAIN,MAIN,MAIN,2026-09-21 09:16:56.656,True,KOSPI,007660,이수페타시스,110300.0,5.98,290288,82433000000.0,32018766400.0,82433000000.0,ACTUAL,14,110400.0,0.09057971014492754,1.1203180212014134,1.1906711183665433,85,37,25,11,12,True,60,2026-09-21 09:00:00.476,106800.0,66.0,1016.180271,20260921_007660_E003,2026-09-21 09:00:00.476,108800.0,63.0,1016.180271,578.7330627441406,18,0.5469462169553327,0.09074410163339383,True,False,,,,,,,0.5469462169553327,22.626468420028687,0.5469462169553327,22.626468420028687,0.09074410163339383,61.57334899902344,0.5469462169553327,133.0473334789276,1.0073260073260073,169.5615246295929,1.7527675276752765,307.53427481651306,-0.4533912780690344,22.626468420028687,0.09057971014492754,61.57334899902344,-0.0004949710936881235,133.0473334789276,0.09057971014492754,169.5615246295929,-0.6420210224558051,307.53427481651306
2026-09-21 09:16:56,v2.1.2,MAIN,MAIN,MAIN,2026-09-21 09:16:56.657,True,KOSDAQ,386380,스카이랩스,22200.0,14.2,1376858,28930000000.0,30566247600.0,28930000000.0,ACTUAL,12,22200.0,0.0,1.2723754233188196,1.2495421503053843,77,24,25,16,12,True,60,2026-09-21 09:15:32.648,21850.0,77.0,84.008456,20260921_386380_E001,2026-09-21 09:15:32.648,21850.0,77.0,84.008456,578.7330627441406,18,0.2257336343115124,1.6018306636155606,True,False,,,,,,,0.2257336343115124,22.626468420028687,0.2257336343115124,22.626468420028687,1.6018306636155606,61.57334899902344,3.255813953488372,133.0473334789276,5.966587112171838,169.5615246295929,7.766990291262135,307.53427481651306,-0.22522522522522523,22.626468420028687,-0.45558086560364464,61.57334899902344,-0.4629629629629629,133.0473334789276,,,,
2026-09-21 09:16:56,v2.1.2,MAIN,MAIN,MAIN,2026-09-21 09:16:56.688,True,KOSPI,005930,삼성전자,269500.0,0.96,3241074,390474000000.0,873469443000.0,390474000000.0,ACTUAL,2,271500.0,0.7366482504604052,1.0,1.082947688906739,76,40,22,5,9,True,60,2026-09-21 09:00:00.476,264500.0,74.0,1016.211996,20260921_005930_E001,2026-09-21 09:00:00.476,264500.0,74.0,1016.211996,578.7330627441406,18,-0.1851851851851852,-0.09267840593141798,True,True,20260921_005930_SHADOW_SCORE_70_74_E001_090053806186,2026-09-21 09:00:53.792,264500.0,74.0,53.063127,0.1890359168241984,-0.1851851851851852,22.626468420028687,-0.1851851851851852,22.626468420028687,-0.09267840593141798,61.57334899902344,0.0,133.0473334789276,0.0,169.5615246295929,0.0,307.53427481651306,0.18416206261510137,22.626468420028687,0.09208103130755063,61.57334899902344,0.0,133.0473334789276,0.0,169.5615246295929,0.0,307.53427481651306
2026-09-21 09:17:22,v2.1.2,MAIN,MAIN,MAIN,2026-09-21 09:17:22.128,True,KOSPI,007660,이수페타시스,110100.0,6.46,294169,83388000000.0,32388006900.0,83388000000.0,ACTUAL,14,110500.0,0.36199095022624433,1.0602955013605269,1.0815513919731752,82,37,25,11,9,True,60,2026-09-21 09:00:00.476,106800.0,66.0,1041.652194,20260921_007660_E003,2026-09-21 09:00:00.476,108800.0,63.0,1041.652194,571.052484035492,18,-0.1813236627379873,0.3646308113035551,True,False,,,,,,,-0.1813236627379873,26.403024196624756,-0.1813236627379873,26.403024196624756,0.3646308113035551,49.02949261665344,0.3646308113035551,123.50224018096924,0.8241758241758242,195.96454882621765,1.8501387604070305,298.2202858924866,0.2714112400813168,26.403024196624756,-0.1819800379877176,49.02949261665344,0.18000732875217698,123.50224018096924,0.36199095022624433,195.96454882621765,-0.6453350570997629,298.2202858924866
2026-09-21 09:17:22,v2.1.2,MAIN,MAIN,MAIN,2026-09-21 09:17:22.212,True,KOSPI,005930,삼성전자,269750.0,0.96,3247619,390474000000.0,876045225250.0,390474000000.0,ACTUAL,2,271500.0,0.6445672191528545,1.0,1.0574402645473704,76,40,22,5,9,True,60,2026-09-21 09:00:00.476,264500.0,74.0,1041.736569,20260921_005930_E001,2026-09-21 09:00:00.476,264500.0,74.0,1041.736569,571.052484035492,18,0.0927643784786642,-0.0925925925925926,True,True,20260921_005930_SHADOW_SCORE_70_74_E001_090053806186,2026-09-21 09:00:53.792,264500.0,74.0,53.063127,0.1890359168241984,0.0927643784786642,26.403024196624756,0.0927643784786642,26.403024196624756,-0.0925925925925926,49.02949261665344,0.0927643784786642,123.50224018096924,0.0927643784786642,195.96454882621765,0.0927643784786642,298.2202858924866,-0.09208103130755063,26.403024196624756,0.09208103130755074,49.02949261665344,-0.09208103130755063,123.50224018096924,-0.09208103130755063,195.96454882621765,-0.09208103130755063,298.2202858924866
2026-09-21 09:17:48,v2.1.2,MAIN,MAIN,MAIN,2026-09-21 09:17:48.290,True,KOSPI,007660,이수페타시스,110000.0,6.08,296542,84175000000.0,32619620000.0,84175000000.0,ACTUAL,14,110500.0,0.4524886877828055,1.0422212592088158,1.0523659798570546,76,37,25,5,9,True,60,2026-09-21 09:00:00.476,106800.0,66.0,1067.814416,20260921_007660_E003,2026-09-21 09:00:00.476,108800.0,63.0,1067.814416,597.2313096523285,19,-0.09082652134423251,-0.271985494106981,True,False,,,,,,,-0.09082652134423251,26.178825616836548,-0.09082652134423251,26.178825616836548,-0.271985494106981,52.581849813461304,-0.18148820326678766,114.15519881248474,0.27347310847766637,185.62918329238892,1.569713758079409,290.56507754325867,0.09049773755656115,26.178825616836548,0.36190897763787794,52.581849813461304,0.4524886877828055,114.15519881248474,0.3614140065441898,185.62918329238892,-0.37168713639301876,290.56507754325867
2026-09-21 09:17:48,v2.1.2,MAIN,MAIN,MAIN,2026-09-21 09:17:48.326,True,KOSPI,005930,삼성전자,269500.0,0.96,3263021,390474000000.0,879384159500.0,390474000000.0,ACTUAL,2,271500.0,0.7366482504604052,1.0,1.052349452591527,76,40,22,5,9,True,60,2026-09-21 09:00:00.476,264500.0,74.0,1067.850872,20260921_005930_E001,2026-09-21 09:00:00.476,264500.0,74.0,1067.850872,597.2313096523285,19,-0.09267840593141798,0.0,True,True,20260921_005930_SHADOW_SCORE_70_74_E001_090053806186,2026-09-21 09:00:53.792,264500.0,74.0,53.063127,0.1890359168241984,-0.09267840593141798,26.178825616836548,-0.09267840593141798,26.178825616836548,0.0,52.581849813461304,-0.09267840593141798,114.15519881248474,0.0,185.62918329238892,0.0,290.56507754325867,0.09208103130755063,26.178825616836548,0.0,52.581849813461304,0.09208103130755063,114.15519881248474,0.0,185.62918329238892,0.0,290.56507754325867
2026-09-21 09:18:15,v2.1.2,MAIN,MAIN,MAIN,2026-09-21 09:18:15.021,True,KOSDAQ,067310,하나마이크론,42800.0,10.35,1047351,42124000000.0,44826622800.0,42124000000.0,ACTUAL,6,42800.0,0.0,1.1410461305089796,1.1520390968048504,77,29,25,11,12,True,60,2026-09-21 09:12:02.405,40850.0,63.0,372.616141,20260921_067310_E001,2026-09-21 09:12:02.405,40850.0,63.0,372.616141,588.990757226944,19,1.1222681630242175,2.3923444976076556,True,False,,,,,,,1.1222681630242175,25.98949885368347,1.1222681630242175,25.98949885368347,2.3923444976076556,52.16832447052002,1.062573789846517,101.19781708717346,1.2418687167356592,175.67056465148926,4.263093788063337,316.55457639694214,-0.11799410029498525,25.98949885368347,-1.3569321533923304,52.16832447052002,0.0,101.19781708717346,-0.0591016548463357,175.67056465148926,-0.7255139056831923,316.55457639694214
2026-09-21 09:18:44,v2.1.2,MAIN,MAIN,MAIN,2026-09-21 09:18:44.557,True,KOSPI,007660,이수페타시스,110700.0,6.75,318818,88326000000.0,35293152600.0,88326000000.0,ACTUAL,13,110900.0,0.18034265103697023,1.059217153547273,1.0837919699220515,82,37,25,11,9,True,60,2026-09-21 09:00:00.476,106800.0,66.0,1124.081672,20260921_007660_E003,2026-09-21 09:00:00.476,108800.0,63.0,1124.081672,586.3808770179749,19,0.544959128065395,0.6363636363636364,True,False,,,,,,,0.544959128065395,29.015738487243652,0.544959128065395,29.015738487243652,0.6363636363636364,55.005237340927124,0.9115770282588878,130.21355557441711,0.4537205081669692,169.16043615341187,1.7463235294117647,311.63964915275574,-0.1816482991892741,29.015738487243652,-0.27214603674583526,55.005237340927124,-0.3636283371769917,130.21355557441711,0.18034265103697023,169.16043615341187,-0.18595771526339605,311.63964915275574
2026-09-21 09:18:44,v2.1.2,MAIN,MAIN,MAIN,2026-09-21 09:18:44.594,True,KOSDAQ,067310,하나마이크론,42500.0,10.22,1094197,44867000000.0,46503372500.0,44867000000.0,ACTUAL,6,42850.0,0.8168028004667445,1.1809902345292307,1.1745869021715212,79,29,22,16,12,True,60,2026-09-21 09:12:02.405,40850.0,63.0,402.189327,20260921_067310_E001,2026-09-21 09:12:02.405,40850.0,63.0,402.189327,586.3808770179749,19,-0.7009345794392523,0.4134672179562906,True,False,,,,,,,-0.7009345794392523,29.015738487243652,-0.7009345794392523,29.015738487243652,0.4134672179562906,55.005237340927124,0.3541912632821724,130.21355557441711,1.431980906921241,169.16043615341187,3.0303030303030303,311.63964915275574,0.8168028004667445,29.015738487243652,0.6988087001717592,55.005237340927124,0.8168028004667445,130.21355557441711,-0.12882367707462672,169.16043615341187,0.5749648319056804,311.63964915275574
2026-09-21 09:19:12,v2.1.2,MAIN,MAIN,MAIN,2026-09-21 09:19:11.973,True,KOSPI,007660,이수페타시스,110300.0,6.56,323731,89318000000.0,35707529300.0,89318000000.0,ACTUAL,13,110900.0,0.5410279531109108,1.0610989010989011,1.0916868436848743,79,37,22,11,9,True,60,2026-09-21 09:00:00.476,106800.0,66.0,1151.497384,20260921_007660_E003,2026-09-21 09:00:00.476,108800.0,63.0,1151.497384,580.9776365756989,19,-0.36133694670280037,0.18165304268846502,True,False,,,,,,,-0.36133694670280037,26.641921997070312,-0.36133694670280037,26.641921997070312,0.18165304268846502,55.657660484313965,0.18165304268846502,107.82598495483398,0.09074410163339383,195.80235815048218,1.0073260073260073,303.79053378105164,0.36068530207394056,26.641921997070312,0.17903700288466645,55.657660484313965,0.17903700288466645,107.82598495483398,0.5410279531109108,195.80235815048218,0.5410279531109108,303.79053378105164
2026-09-21 09:19:12,v2.1.2,MAIN,MAIN,MAIN,2026-09-21 09:19:12.015,True,KOSDAQ,067310,하나마이크론,42350.0,9.96,1118894,45757000000.0,47385160900.0,45757000000.0,ACTUAL,6,42850.0,1.1668611435239207,1.1632642684632006,1.159473244615037,76,29,19,16,12,True,60,2026-09-21 09:12:02.405,40850.0,63.0,429.61023,20260921_067310_E001,2026-09-21 09:12:02.405,40850.0,63.0,429.61023,580.9776365756989,19,-0.35294117647058826,-1.0514018691588785,True,False,,,,,,,-0.35294117647058826,26.641921997070312,-0.35294117647058826,26.641921997070312,-1.0514018691588785,55.657660484313965,1.3157894736842104,107.82598495483398,1.0739856801909307,195.80235815048218,2.418379685610641,303.79053378105164,0.3500583430571762,26.641921997070312,1.1668611435239207,55.657660484313965,-0.19007100986840975,107.82598495483398,0.22123466598254948,195.80235815048218,1.1668611435239207,303.79053378105164
2026-09-21 09:19:37,v2.1.2,MAIN,MAIN,MAIN,2026-09-21 09:19:37.455,True,KOSPI,007660,이수페타시스,110000.0,6.17,325985,89877000000.0,35858350000.0,89877000000.0,ACTUAL,13,110900.0,0.8115419296663661,1.056891543879867,1.0809058805975098,79,37,22,11,9,True,60,2026-09-21 09:00:00.476,106800.0,66.0,1176.979034,20260921_007660_E003,2026-09-21 09:00:00.476,108800.0,63.0,1176.979034,573.7221035957336,19,-0.271985494106981,-0.6323396567299007,True,False,,,,,,,-0.271985494106981,25.96913456916809,-0.271985494106981,25.96913456916809,-0.6323396567299007,52.6110565662384,0.0,107.61629390716553,0.27347310847766637,182.82461214065552,0.27347310847766637,293.24547719955444,0.2705139765554553,25.96913456916809,0.6311992786293958,52.6110565662384,0.3590532418835606,107.61629390716553,0.2675709414524041,182.82461214065552,0.7204672484277505,293.24547719955444
2026-09-21 09:19:37,v2.1.2,MAIN,MAIN,MAIN,2026-09-21 09:19:37.456,True,KOSDAQ,386380,스카이랩스,22100.0,12.91,1629506,34342000000.0,36012082600.0,34342000000.0,ACTUAL,12,22450.0,1.55902004454343,1.1870722433460077,1.1834960467964017,76,29,19,16,12,False,60,2026-09-21 09:15:32.648,21850.0,77.0,244.807189,20260921_386380_E002,2026-09-21 09:18:48.451,22300.0,71.0,49.004831,573.7221035957336,19,-0.8968609865470852,-0.45045045045045046,False,False,,,,,,,-0.8968609865470852,25.96913456916809,-0.8968609865470852,25.96913456916809,-0.45045045045045046,52.6110565662384,-0.45045045045045046,107.61629390716553,-0.2257336343115124,182.82461214065552,2.7906976744186047,293.24547719955444,0.89086859688196,25.96913456916809,1.55902004454343,52.6110565662384,1.55902004454343,107.61629390716553,1.3337948193182048,182.82461214065552,1.0960570815804669,293.24547719955444
2026-09-21 09:20:04,v2.1.2,MAIN,MAIN,MAIN,2026-09-21 09:20:04.240,True,KOSPI,005930,삼성전자,269000.0,0.96,3510791,390474000000.0,944402779000.0,390474000000.0,ACTUAL,2,271500.0,0.9208103130755065,1.0,1.0549109161685013,76,40,22,5,9,True,60,2026-09-21 09:00:00.476,264500.0,74.0,1203.764602,20260921_005930_E001,2026-09-21 09:00:00.476,264500.0,74.0,1203.764602,599.5199460983276,20,0.0,0.186219739292365,True,True,20260921_005930_SHADOW_SCORE_70_74_E001_090053806186,2026-09-21 09:00:53.792,264500.0,74.0,53.063127,0.1890359168241984,0.0,25.797842502593994,0.0,25.797842502593994,0.186219739292365,51.766977071762085,-0.1855287569573284,107.42463755607605,-0.1855287569573284,185.99598622322083,-0.1855287569573284,283.0952022075653,0.0,25.797842502593994,-0.18416206261510104,51.766977071762085,0.18416206261510137,107.42463755607605,0.18416206261510137,185.99598622322083,0.18416206261510137,283.0952022075653
2026-09-21 09:20:33,v2.1.2,MAIN,MAIN,MAIN,2026-09-21 09:20:32.629,True,KOSPI,005930,삼성전자,269000.0,0.96,3567928,390474000000.0,959772632000.0,390474000000.0,ACTUAL,2,271500.0,0.9208103130755065,1.0,1.0515344814781196,76,40,22,5,9,True,60,2026-09-21 09:00:00.476,264500.0,74.0,1232.153881,20260921_005930_E001,2026-09-21 09:00:00.476,264500.0,74.0,1232.153881,595.2674293518066,20,0.0,0.0,True,True,20260921_005930_SHADOW_SCORE_70_74_E001_090053806186,2026-09-21 09:00:53.792,264500.0,74.0,53.063127,0.1890359168241984,0.0,28.8708393573761,0.0,28.8708393573761,0.0,54.66868185997009,0.0,107.2797384262085,-0.27803521779425394,188.46380138397217,-0.1855287569573284,311.9660415649414,0.0,28.8708393573761,0.0,54.66868185997009,0.0,107.2797384262085,0.276243093922652,188.46380138397217,0.18416206261510137,311.9660415649414
2026-09-21 09:21:54,v2.1.2,MAIN,MAIN,MAIN,2026-09-21 09:21:53.915,True,KOSPI,017900,광전자,12110.0,15.3,8263874,96826000000.0,100075514140.0,96826000000.0,ACTUAL,13,12190.0,0.6562756357670222,1.0793944528672077,1.0791751027478118,79,37,22,11,9,True,60,2026-09-21 09:07:29.572,11850.0,81.0,864.342446,20260921_017900_E004,2026-09-21 09:18:21.809,11880.0,71.0,212.1059,568.9457581043243,20,1.0008340283569641,2.1940928270042197,True,False,,,,,,,1.0008340283569641,29.878211498260498,1.0008340283569641,29.878211498260498,2.1940928270042197,54.014967918395996,2.1940928270042197,111.1325101852417,1.936026936026936,189.5414092540741,3.4158838599487615,297.1284964084625,-0.9844134536505332,29.878211498260498,-2.132895816242822,54.014967918395996,-2.132895816242822,111.1325101852417,-1.8867924528301887,189.5414092540741,-3.281378178835111,297.1284964084625
2026-09-21 09:22:25,v2.1.2,MAIN,MAIN,MAIN,2026-09-21 09:22:25.276,True,KOSPI,017900,광전자,12070.0,14.54,8428599,98745000000.0,101733189930.0,98745000000.0,ACTUAL,13,12190.0,0.9844134536505332,1.091985800701118,1.0916316090630587,79,37,22,11,9,True,60,2026-09-21 09:07:29.572,11850.0,81.0,895.703441,20260921_017900_E004,2026-09-21 09:18:21.809,11880.0,71.0,243.466895,599.6258020401001,21,-0.3303055326176713,0.6672226855713094,True,False,,,,,,,-0.3303055326176713,30.680043935775757,-0.3303055326176713,30.680043935775757,0.6672226855713094,60.558255434036255,1.770657672849916,112.94171476364136,1.4285714285714286,167.61039662361145,3.87263339070568,301.4055161476135,0.32813781788351104,30.680043935775757,-0.6562756357670222,60.558255434036255,-1.7227235438884332,112.94171476364136,-1.3945857260049221,167.61039662361145,-3.6915504511895003,301.4055161476135
2026-09-21 09:22:25,v2.1.2,MAIN,MAIN,MAIN,2026-09-21 09:22:25.297,True,KOSDAQ,067310,하나마이크론,42600.0,10.09,1307744,53930000000.0,55709894400.0,53930000000.0,ACTUAL,6,42850.0,0.5834305717619603,1.0641908558123014,1.065066473809547,75,33,22,11,9,True,60,2026-09-21 09:12:02.405,40850.0,63.0,622.892921,20260921_067310_E001,2026-09-21 09:12:02.405,40850.0,63.0,622.892921,599.6258020401001,21,0.2352941176470588,1.187648456057007,True,False,,,,,,,0.2352941176470588,30.680043935775757,0.2352941176470588,30.680043935775757,1.187648456057007,60.558255434036255,1.0676156583629894,112.94171476364136,1.6706443914081146,167.61039662361145,1.9138755980861244,301.4055161476135,-0.23337222870478413,30.680043935775757,-1.1668611435239205,60.558255434036255,-1.0501750291715286,112.94171476364136,-1.633605600933489,167.61039662361145,-0.7735015816303701,301.4055161476135
2026-09-21 09:22:53,v2.1.2,MAIN,MAIN,MAIN,2026-09-21 09:22:52.842,True,KOSPI,017900,광전자,11980.0,13.59,8643077,101522000000.0,103544062460.0,101522000000.0,ACTUAL,13,12190.0,1.7227235438884332,1.1022898774171832,1.097859669049639,79,40,19,11,9,False,60,2026-09-21 09:07:29.572,11850.0,81.0,923.26955,20260921_017900_E004,2026-09-21 09:18:21.809,11880.0,71.0,271.033004,591.7099425792694,21,-0.7456503728251864,-1.0734929810074318,True,False,,,,,,,-0.7456503728251864,25.918174505233765,-0.7456503728251864,25.918174505233765,-1.0734929810074318,56.59821844100952,1.0970464135021099,110.61318635940552,1.0970464135021099,167.73072862625122,2.131287297527707,301.14486503601074,0.7383100902379,25.918174505233765,1.066447908121411,56.59821844100952,-1.066447908121411,110.61318635940552,-1.066447908121411,167.73072862625122,-2.0508613617719442,301.14486503601074
2026-09-21 09:22:53,v2.1.2,MAIN,MAIN,MAIN,2026-09-21 09:22:52.852,True,KOSDAQ,067310,하나마이크론,42700.0,10.48,1332928,54951000000.0,56916025600.0,54951000000.0,ACTUAL,6,42850.0,0.3500583430571762,1.070418419822347,1.0614563043398628,78,33,25,11,9,True,60,2026-09-21 09:12:02.405,40850.0,63.0,650.447359,20260921_067310_E001,2026-09-21 09:12:02.405,40850.0,63.0,650.447359,591.7099425792694,21,0.2347417840375587,0.4705882352941176,True,False,,,,,,,0.2347417840375587,25.918174505233765,0.2347417840375587,25.918174505233765,0.4705882352941176,56.59821844100952,0.7075471698113208,110.61318635940552,1.6061867935752527,167.73072862625122,0.8860011813349086,301.14486503601074,-0.23337222870478413,25.918174505233765,-0.46674445740956827,56.59821844100952,-0.7001166861143524,110.61318635940552,-1.5752625437572931,167.73072862625122,0.23206424276219095,301.14486503601074
2026-09-21 09:23:23,v2.1.2,MAIN,MAIN,MAIN,2026-09-21 09:23:23.561,True,KOSPI,017900,광전자,11970.0,13.5,8765039,102639000000.0,104917516830.0,102639000000.0,ACTUAL,13,12190.0,1.8047579983593112,1.0600355276475326,1.0606452857340274,79,40,19,11,9,False,60,2026-09-21 09:07:29.572,11850.0,81.0,953.988491,20260921_017900_E004,2026-09-21 09:18:21.809,11880.0,71.0,301.751945,587.836478471756,21,-0.08347245409015025,-0.8285004142502072,True,False,,,,,,,-0.08347245409015025,30.057201623916626,-0.08347245409015025,30.057201623916626,-0.8285004142502072,55.97537612915039,-0.16680567139282734,116.53363156318665,0.927487352445194,168.91709089279175,2.307692307692308,305.2125678062439,0.08203445447087798,30.057201623916626,0.8203445447087779,55.97537612915039,0.16406890894175574,116.53363156318665,-0.9023789991796551,168.91709089279175,-2.2149302707136993,305.2125678062439
2026-09-21 09:23:54,v2.1.2,MAIN,MAIN,MAIN,2026-09-21 09:23:54.006,True,KOSDAQ,036540,SFA반도체,10160.0,12.53,3603028,34653000000.0,36606764480.0,34653000000.0,ACTUAL,13,10160.0,0.0,1.214531052852937,1.177303926341799,82,29,25,16,12,True,60,2026-09-21 09:17:26.804,9870.0,69.0,387.202227,20260921_036540_E002,2026-09-21 09:22:58.006,10080.0,74.0,56.00016,585.7362515926361,21,0.7936507936507936,1.9057171514543632,True,True,20260921_036540_SHADOW_SCORE_70_74_E002_092323720914,2026-09-21 09:23:23.567,10080.0,74.0,30.439039,0.7936507936507908,0.7936507936507936,32.39081048965454,0.7936507936507936,32.39081048965454,1.9057171514543632,62.44801211357117,2.1105527638190953,119.04623055458069,2.1105527638190953,173.06119847297668,2.834008097165992,308.5876398086548,-0.19801980198019803,32.39081048965454,-0.1002004008016032,62.44801211357117,0.0,119.04623055458069,0.0,173.06119847297668,-0.20202020202020202,308.5876398086548
2026-09-21 09:23:58,v2.1.2,MAIN,MAIN,MAIN,2026-09-21 09:23:53.979,True,KOSPI,003160,디아이,34250.0,9.39,335411,24258000000.0,11487826750.0,24258000000.0,ACTUAL,56,34400.0,0.436046511627907,1.1687786075644424,1.1596567473282786,77,24,25,16,12,True,60,2026-09-21 09:23:30.396,34250.0,77.0,23.582259,20260921_003160_E001,2026-09-21 09:23:30.396,34250.0,77.0,23.582259,549.2220604419708,20,0.5873715124816447,1.1816838995568686,True,False,,,,,,,0.5873715124816447,32.39081048965454,0.5873715124816447,32.39081048965454,1.1816838995568686,62.44801211357117,2.086438152011923,119.04623055458069,3.007518796992481,173.06119847297668,3.787878787878788,308.5876398086548,0.1432207429602642,32.39081048965454,0.28855388625917544,62.44801211357117,,,,,,
2026-09-21 09:24:32,v2.1.2,MAIN,MAIN,MAIN,2026-09-21 09:24:31.907,True,KOSPI,005930,삼성전자,270250.0,0.96,4044786,390474000000.0,1093103416500.0,390474000000.0,ACTUAL,2,271500.0,0.46040515653775327,1.0,1.05448522756187,79,40,25,5,9,True,60,2026-09-21 09:00:00.476,264500.0,74.0,1471.431054,20260921_005930_E001,2026-09-21 09:00:00.476,264500.0,74.0,1471.431054,587.8324453830719,21,0.27829313543599254,0.18535681186283595,True,True,20260921_005930_SHADOW_SCORE_70_74_E001_090053806186,2026-09-21 09:00:53.792,264500.0,74.0,53.063127,0.1890359168241984,0.27829313543599254,38.610384941101074,0.27829313543599254,38.610384941101074,0.18535681186283595,71.00119543075562,0.4646840148698885,126.976571559906,0.5581395348837209,187.53482699394226,0.4646840148698885,294.58696818351746,-0.2762430939226519,38.610384941101074,-0.18416206261510126,71.00119543075562,-0.46040515653775327,126.976571559906,-0.5524861878453039,187.53482699394226,-0.46040515653775327,294.58696818351746
2026-09-21 09:25:34,v2.1.2,MAIN,MAIN,MAIN,2026-09-21 09:25:34.094,True,KOSDAQ,067310,하나마이크론,42850.0,10.87,1474452,61213000000.0,63180268200.0,61213000000.0,ACTUAL,6,42850.0,0.0,1.0610861689403526,1.056438357734785,78,33,25,11,9,True,60,2026-09-21 09:12:02.405,40850.0,63.0,811.689223,20260921_067310_E001,2026-09-21 09:12:02.405,40850.0,63.0,811.689223,577.9251511096954,21,0.351288056206089,0.7050528789659225,True,False,,,,,,,0.351288056206089,31.22115421295166,0.351288056206089,31.22115421295166,0.7050528789659225,61.56669020652771,1.1806375442739079,132.56788563728333,0.5868544600938966,188.54326176643372,1.6607354685646498,301.4849765300751,-0.3500583430571762,31.22115421295166,-0.7001166861143524,61.56669020652771,-1.1668611435239207,132.56788563728333,-0.5834305717619603,188.54326176643372,-1.633605600933489,301.4849765300751
2026-09-21 09:26:03,v2.1.2,MAIN,MAIN,MAIN,2026-09-21 09:26:03.360,True,KOSDAQ,067310,하나마이크론,42850.0,10.87,1474452,61213000000.0,63180268200.0,61213000000.0,ACTUAL,6,42850.0,0.0,1.0610861689403526,1.056438357734785,78,33,25,11,9,True,60,2026-09-21 09:12:02.405,40850.0,63.0,840.955373,20260921_067310_E001,2026-09-21 09:12:02.405,40850.0,63.0,840.955373,567.7899572849274,21,0.0,0.351288056206089,True,False,,,,,,,0.0,28.811686754226685,0.0,28.811686754226685,0.351288056206089,60.032840967178345,1.3002364066193852,128.98876190185547,0.351288056206089,191.43677401542664,1.0613207547169812,302.04996037483215,0.0,28.811686754226685,-0.3500583430571762,60.032840967178345,-1.2835472578763127,128.98876190185547,-0.3500583430571762,191.43677401542664,-1.0501750291715286,302.04996037483215
2026-09-21 09:27:50,v2.1.2,MAIN,MAIN,MAIN,2026-09-21 09:27:50.528,True,KOSDAQ,067310,하나마이크론,43350.0,12.03,1618410,67018000000.0,70158073500.0,67018000000.0,ACTUAL,5,43400.0,0.1152073732718894,1.0948327969548952,1.0976349179220484,78,33,25,11,9,True,60,2026-09-21 09:12:02.405,40850.0,63.0,948.12363,20260921_067310_E001,2026-09-21 09:12:02.405,40850.0,63.0,948.12363,576.122808933258,21,1.1668611435239207,1.1668611435239207,True,False,,,,,,,1.1668611435239207,26.5983943939209,1.1668611435239207,26.5983943939209,1.1668611435239207,52.08910870552063,1.1668611435239207,109.53066873550415,1.5222482435597189,169.5635097026825,1.5222482435597189,300.9674427509308,0.1152073732718894,26.5983943939209,0.1152073732718894,52.08910870552063,0.1152073732718894,109.53066873550415,-0.2348509697852868,169.5635097026825,-0.2348509697852868,300.9674427509308
2026-09-21 09:28:18,v2.1.2,MAIN,MAIN,MAIN,2026-09-21 09:28:18.330,True,KOSDAQ,067310,하나마이크론,43150.0,11.64,1664611,69143000000.0,71827964650.0,69143000000.0,ACTUAL,5,43450.0,0.6904487917146145,1.1295476451080653,1.1289692712953694,75,33,22,11,9,True,60,2026-09-21 09:12:02.405,40850.0,63.0,975.925139,20260921_067310_E001,2026-09-21 09:12:02.405,40850.0,63.0,975.925139,573.8636119365692,21,-0.461361014994233,0.7001166861143524,True,False,,,,,,,-0.461361014994233,26.75654149055481,-0.461361014994233,26.75654149055481,0.7001166861143524,53.35493588447571,0.7001166861143524,107.16539740562439,0.7001166861143524,165.09889698028564,1.8890200708382525,297.66678261756897,0.575241418442725,26.75654149055481,0.6904487917146145,53.35493588447571,0.6904487917146145,107.16539740562439,0.6904487917146145,165.09889698028564,-0.4764123518093062,297.66678261756897
2026-09-21 09:28:46,v2.1.2,MAIN,MAIN,MAIN,2026-09-21 09:28:46.533,True,KOSDAQ,067310,하나마이크론,43200.0,11.13,1710259,70878000000.0,73883188800.0,70878000000.0,ACTUAL,5,43450.0,0.5753739930955121,1.157891297600183,1.1599285700721353,87,37,22,16,12,True,60,2026-09-21 09:12:02.405,40850.0,63.0,1004.128255,20260921_067310_E001,2026-09-21 09:12:02.405,40850.0,63.0,1004.128255,575.9258694648743,21,0.11587485515643105,-0.34602076124567477,True,False,,,,,,,0.11587485515643105,28.704179525375366,0.11587485515643105,28.704179525375366,-0.34602076124567477,55.460721015930176,0.8168028004667445,107.5498297214508,0.8168028004667445,193.803076505661,2.127659574468085,293.9801516532898,-0.11507479861910241,28.704179525375366,0.46016661982362267,55.460721015930176,0.5753739930955121,107.5498297214508,0.5753739930955121,193.803076505661,-0.7081732647808007,293.9801516532898
2026-09-21 09:28:46,v2.1.2,MAIN,MAIN,MAIN,2026-09-21 09:28:46.560,True,KOSPI,005930,삼성전자,270500.0,0.96,4501864,390474000000.0,1217754212000.0,390474000000.0,ACTUAL,2,271500.0,0.3683241252302026,1.0,1.0535230200095855,79,40,25,5,9,True,60,2026-09-21 09:00:00.476,264500.0,74.0,1726.084881,20260921_005930_E001,2026-09-21 09:00:00.476,264500.0,74.0,1726.084881,575.9258694648743,21,0.1851851851851852,0.3710575139146568,True,True,20260921_005930_SHADOW_SCORE_70_74_E001_090053806186,2026-09-21 09:00:53.792,264500.0,74.0,53.063127,0.1890359168241984,0.1851851851851852,28.704179525375366,0.1851851851851852,28.704179525375366,0.3710575139146568,55.460721015930176,0.3710575139146568,107.5498297214508,0.27803521779425394,193.803076505661,0.3710575139146568,293.9801516532898,-0.1841620626151012,28.704179525375366,-0.3683241252302026,55.460721015930176,-0.3683241252302026,107.5498297214508,-0.27624309392265195,193.803076505661,-0.3683241252302026,293.9801516532898
2026-09-21 09:28:46,v2.1.2,MAIN,MAIN,MAIN,2026-09-21 09:28:46.529,True,KOSDAQ,036540,SFA반도체,10400.0,15.24,5366976,52957000000.0,55816550400.0,52957000000.0,ACTUAL,7,10500.0,0.9523809523809524,1.093452540728046,1.0798383796436577,75,33,22,11,9,True,60,2026-09-21 09:17:26.804,9870.0,69.0,679.725062,20260921_036540_E002,2026-09-21 09:22:58.006,10080.0,74.0,348.522995,575.9258694648743,21,0.0962463907603465,-0.6685768863419294,True,True,20260921_036540_SHADOW_SCORE_70_74_E002_092323720914,2026-09-21 09:23:23.567,10080.0,74.0,30.439039,0.7936507936507908,0.0962463907603465,28.704179525375366,0.0962463907603465,28.704179525375366,-0.6685768863419294,55.460721015930176,0.7751937984496124,107.5498297214508,0.9708737864077669,193.803076505661,2.3622047244094486,293.9801516532898,-0.09523809523809523,28.704179525375366,0.6666666666666667,55.460721015930176,0.37434627030002765,107.5498297214508,0.9523809523809524,193.803076505661,0.9523809523809524,293.9801516532898
2026-09-21 09:29:13,v2.1.2,MAIN,MAIN,MAIN,2026-09-21 09:29:12.667,True,KOSDAQ,067310,하나마이크론,43400.0,12.03,1737323,72364000000.0,75399818200.0,72364000000.0,ACTUAL,5,43450.0,0.11507479861910241,1.0797696141335165,1.0734752009688522,82,37,25,11,9,True,60,2026-09-21 09:12:02.405,40850.0,63.0,1030.262719,20260921_067310_E001,2026-09-21 09:12:02.405,40850.0,63.0,1030.262719,574.4992077350616,21,0.4629629629629629,0.5793742757821553,True,False,,,,,,,0.4629629629629629,24.54247283935547,0.4629629629629629,24.54247283935547,0.5793742757821553,53.246652364730835,1.2835472578763127,132.09230256080627,1.2835472578763127,189.5338625907898,2.6004728132387704,318.52262449264526,-0.46029919447640966,24.54247283935547,-0.5753739930955121,53.246652364730835,0.11507479861910241,132.09230256080627,0.11507479861910241,189.5338625907898,-1.1684724592572104,318.52262449264526
2026-09-21 09:29:13,v2.1.2,MAIN,MAIN,MAIN,2026-09-21 09:29:12.679,True,KOSPI,005930,삼성전자,270500.0,0.96,4570129,390474000000.0,1236219894500.0,390474000000.0,ACTUAL,2,271500.0,0.3683241252302026,1.0,1.0666840785673506,79,40,25,5,9,True,60,2026-09-21 09:00:00.476,264500.0,74.0,1752.203652,20260921_005930_E001,2026-09-21 09:00:00.476,264500.0,74.0,1752.203652,574.4992077350616,21,0.0,0.1851851851851852,True,True,20260921_005930_SHADOW_SCORE_70_74_E001_090053806186,2026-09-21 09:00:53.792,264500.0,74.0,53.063127,0.1890359168241984,0.0,24.54247283935547,0.0,24.54247283935547,0.1851851851851852,53.246652364730835,0.3710575139146568,132.09230256080627,0.3710575139146568,189.5338625907898,0.3710575139146568,318.52262449264526,0.0,24.54247283935547,-0.1841620626151012,53.246652364730835,-0.3683241252302026,132.09230256080627,-0.3683241252302026,189.5338625907898,-0.3683241252302026,318.52262449264526
2026-09-21 09:29:42,v2.1.2,MAIN,MAIN,MAIN,2026-09-21 09:29:42.590,True,KOSDAQ,067310,하나마이크론,43600.0,12.55,1809760,75396000000.0,78905536000.0,75396000000.0,ACTUAL,5,43750.0,0.34285714285714286,1.090435763562472,1.087196948716547,82,37,25,11,9,True,60,2026-09-21 09:12:02.405,40850.0,63.0,1060.185217,20260921_067310_E001,2026-09-21 09:12:02.405,40850.0,63.0,1060.185217,578.6830077171326,21,0.4608294930875576,0.9259259259259258,True,False,,,,,,,0.4608294930875576,29.981642484664917,0.4608294930875576,29.981642484664917,0.9259259259259258,54.524115324020386,0.5767012687427913,109.98483633995056,1.7502917152858808,190.39369225502014,2.4676850763807283,309.8938820362091,0.22778234423804045,29.981642484664917,-0.2325168502383692,54.524115324020386,0.22764976958525346,109.98483633995056,0.34285714285714286,190.39369225502014,-0.35725954325720954,309.8938820362091
2026-09-21 09:29:42,v2.1.2,MAIN,MAIN,MAIN,2026-09-21 09:29:42.588,True,KOSDAQ,386380,스카이랩스,22450.0,14.71,2395703,50955000000.0,53783532350.0,50955000000.0,ACTUAL,8,22450.0,0.0,1.0909266078616082,1.091077062088433,78,33,25,11,9,True,60,2026-09-21 09:15:32.648,21850.0,77.0,849.939304,20260921_386380_E003,2026-09-21 09:28:48.919,22150.0,68.0,53.668603,578.6830077171326,21,1.3544018058690745,1.583710407239819,True,False,,,,,,,1.3544018058690745,29.981642484664917,1.3544018058690745,29.981642484664917,1.583710407239819,54.524115324020386,4.176334106728538,109.98483633995056,4.176334106728538,190.39369225502014,2.981651376146789,309.8938820362091,-1.3363028953229399,29.981642484664917,-1.55902004454343,54.524115324020386,-4.008908685968819,109.98483633995056,-4.008908685968819,190.39369225502014,-2.89532293986637,309.8938820362091
2026-09-21 09:30:08,v2.1.2,MAIN,MAIN,MAIN,2026-09-21 09:30:08.001,True,KOSDAQ,386380,스카이랩스,22600.0,16.0,2500696,53520000000.0,56515729600.0,53520000000.0,ACTUAL,8,22650.0,0.22075055187637968,1.1166517139936156,1.1061306817176524,78,33,25,11,9,False,60,2026-09-21 09:15:32.648,21850.0,77.0,875.352966,20260921_386380_E003,2026-09-21 09:28:48.919,22150.0,68.0,79.082265,577.4231834411621,21,0.6681514476614699,2.0316027088036117,True,False,,,,,,,0.6681514476614699,27.61101508140564,0.6681514476614699,27.61101508140564,2.0316027088036117,57.59265756607056,3.4324942791762014,110.83930993080139,4.147465437788019,189.68496012687683,3.9080459770114944,307.1593611240387,0.22075055187637968,27.61101508140564,-1.1155523434465602,57.59265756607056,-2.4518552387695003,110.83930993080139,-3.1200066864309703,189.68496012687683,-2.8972895372104803,307.1593611240387
2026-09-21 09:30:08,v2.1.2,MAIN,MAIN,MAIN,2026-09-21 09:30:08.004,True,KOSDAQ,067310,하나마이크론,43150.0,11.9,1842135,76960000000.0,79488125250.0,76960000000.0,ACTUAL,5,43750.0,1.3714285714285714,1.0858094190016647,1.0771087887857922,76,37,19,11,9,False,60,2026-09-21 09:12:02.405,40850.0,63.0,1085.599877,20260921_067310_E001,2026-09-21 09:12:02.405,40850.0,63.0,1085.599877,577.4231834411621,21,-1.0321100917431194,-0.5760368663594471,True,False,,,,,,,-1.0321100917431194,27.61101508140564,-1.0321100917431194,27.61101508140564,-0.5760368663594471,57.59265756607056,0.0,110.83930993080139,0.7001166861143524,189.68496012687683,1.053864168618267,307.1593611240387,1.0285714285714285,27.61101508140564,1.2563537728094691,57.59265756607056,0.680979779713957,110.83930993080139,1.3714285714285714,189.68496012687683,1.0213702283713952,307.1593611240387
2026-09-21 09:30:41,v2.1.2,MAIN,MAIN,MAIN,2026-09-21 09:30:41.667,True,KOSDAQ,067310,하나마이크론,43100.0,11.64,1874754,78334000000.0,80801897400.0,78334000000.0,ACTUAL,5,43750.0,1.4857142857142858,1.082499585429219,1.079105036887211,76,37,19,11,9,False,60,2026-09-21 09:12:02.405,40850.0,63.0,1119.262631,20260921_067310_E001,2026-09-21 09:12:02.405,40850.0,63.0,1119.262631,582.6535339355469,21,-0.11587485515643105,-1.146788990825688,True,False,,,,,,,-0.11587485515643105,33.47705340385437,-0.11587485515643105,33.47705340385437,-1.146788990825688,61.08806848526001,-0.23148148148148145,115.6121838092804,-0.5767012687427913,171.07290482521057,0.5834305717619603,309.4152603149414,0.11428571428571432,33.47705340385437,1.1428571428571428,61.08806848526001,0.9103402926187737,115.6121838092804,1.3705069124423963,171.07290482521057,1.4857142857142858,309.4152603149414
2026-09-21 09:31:35,v2.1.2,MAIN,MAIN,MAIN,2026-09-21 09:31:35.116,True,KOSDAQ,386380,스카이랩스,22450.0,15.48,2639546,56693000000.0,59257807700.0,56693000000.0,ACTUAL,8,22650.0,0.8830022075055187,1.0592862481315397,1.0555245419675163,75,33,22,11,9,False,60,2026-09-21 09:15:32.648,21850.0,77.0,962.468076,20260921_386380_E003,2026-09-21 09:28:48.919,22150.0,68.0,166.197375,580.2563881874084,21,0.0,0.2232142857142857,True,False,,,,,,,0.0,26.165010452270508,0.0,26.165010452270508,0.2232142857142857,51.61782217025757,0.0,112.70589065551758,1.583710407239819,167.23000597953796,4.176334106728538,303.0995829105377,0.0,26.165010452270508,-0.22075055187637982,51.61782217025757,0.8830022075055187,112.70589065551758,-0.6760178370379112,167.23000597953796,-3.1259064784633006,303.0995829105377
2026-09-21 09:32:31,v2.1.2,MAIN,MAIN,MAIN,2026-09-21 09:32:31.120,True,KOSPI,007660,이수페타시스,111000.0,7.04,456713,114095000000.0,50695143000.0,114095000000.0,ACTUAL,14,111300.0,0.2695417789757413,1.054316789413863,1.0797993195590136,85,40,25,11,9,False,60,2026-09-21 09:00:00.476,106800.0,66.0,1950.644591,20260921_007660_E003,2026-09-21 09:00:00.476,108800.0,63.0,1950.644591,579.8944590091705,21,0.4524886877828055,0.4524886877828055,True,False,,,,,,,0.4524886877828055,27.43714427947998,0.4524886877828055,27.43714427947998,0.4524886877828055,56.236289262771606,0.4524886877828055,107.85411143302917,0.7259528130671506,168.94217991828918,1.092896174863388,305.52541065216064,-0.09114352309819918,27.43714427947998,-0.09114352309819918,56.236289262771606,-0.09114352309819918,107.85411143302917,-0.36165749965365457,168.94217991828918,-0.722342801727595,305.52541065216064
2026-09-21 09:32:31,v2.1.2,MAIN,MAIN,MAIN,2026-09-21 09:32:31.124,True,KOSDAQ,067310,하나마이크론,43800.0,13.2,2014090,83235000000.0,88217142000.0,83235000000.0,ACTUAL,5,43850.0,0.11402508551881414,1.0476927724492109,1.0614182739179971,76,37,25,5,9,False,60,2026-09-21 09:12:02.405,40850.0,63.0,1228.719653,20260921_067310_E001,2026-09-21 09:12:02.405,40850.0,63.0,1228.719653,579.8944590091705,21,0.45871559633027525,0.5740528128587831,True,False,,,,,,,0.45871559633027525,27.43714427947998,0.45871559633027525,27.43714427947998,0.5740528128587831,56.236289262771606,1.6241299303944314,107.85411143302917,0.45871559633027525,168.94217991828918,2.2170361726954493,305.52541065216064,-0.22883205733832873,27.43714427947998,-0.34311777162404306,56.236289262771606,-1.3716892001954717,107.85411143302917,-0.22883205733832873,168.94217991828918,0.11402508551881414,305.52541065216064
2026-09-21 09:32:57,v2.1.2,MAIN,MAIN,MAIN,2026-09-21 09:32:57.459,True,KOSPI,007660,이수페타시스,111000.0,7.04,459018,114686000000.0,50950998000.0,114686000000.0,ACTUAL,14,111300.0,0.2695417789757413,1.055098116783352,1.0760874151940398,85,40,25,11,9,False,60,2026-09-21 09:00:00.476,106800.0,66.0,1976.983611,20260921_007660_E003,2026-09-21 09:00:00.476,108800.0,63.0,1976.983611,576.9078786373138,21,0.0,0.4524886877828055,True,False,,,,,,,0.0,27.070621252059937,0.0,27.070621252059937,0.4524886877828055,54.50776553153992,0.4524886877828055,109.47192096710205,0.8174386920980926,168.40178608894348,1.0009099181073704,305.9976375102997,0.0,27.070621252059937,-0.09114352309819918,54.50776553153992,-0.09114352309819918,109.47192096710205,-0.4518288251721396,168.40178608894348,-0.63217147620911,305.9976375102997
2026-09-21 09:32:57,v2.1.2,MAIN,MAIN,MAIN,2026-09-21 09:32:57.483,True,KOSDAQ,067310,하나마이크론,43600.0,13.45,2046481,85605000000.0,89226571600.0,85605000000.0,ACTUAL,5,43850.0,0.5701254275940707,1.0648712526433637,1.064897146579913,79,37,22,11,9,False,60,2026-09-21 09:12:02.405,40850.0,63.0,1255.078208,20260921_067310_E001,2026-09-21 09:12:02.405,40850.0,63.0,1255.078208,576.9078786373138,21,-0.45662100456621,0.0,True,False,,,,,,,-0.45662100456621,27.070621252059937,-0.45662100456621,27.070621252059937,0.0,54.50776553153992,0.5767012687427913,109.47192096710205,1.0428736964078795,168.40178608894348,0.5767012687427913,305.9976375102997,0.45610034207525657,27.070621252059937,0.22726828473692784,54.50776553153992,-0.34416028669164367,109.47192096710205,-0.8013031438345007,168.40178608894348,0.4549180543221813,305.9976375102997
2026-09-21 09:33:29,v2.1.2,MAIN,MAIN,MAIN,2026-09-21 09:33:29.101,True,KOSPI,007660,이수페타시스,111200.0,7.23,462892,115544000000.0,51473590400.0,115544000000.0,ACTUAL,14,111300.0,0.08984725965858043,1.059268970195913,1.0747609085822152,85,40,25,11,9,False,60,2026-09-21 09:00:00.476,106800.0,66.0,2008.625338,20260921_007660_E003,2026-09-21 09:00:00.476,108800.0,63.0,2008.625338,576.1540637016296,21,0.18018018018018017,0.18018018018018017,True,False,,,,,,,0.18018018018018017,31.636995553970337,0.18018018018018017,31.636995553970337,0.18018018018018017,58.70761680603027,0.6334841628959276,114.94390606880188,0.6334841628959276,166.56172823905945,1.1828935395814377,310.8780915737152,-0.17969451931716085,31.636995553970337,-0.17969451931716085,58.70761680603027,-0.27083804241536,114.94390606880188,-0.27083804241536,166.56172823905945,-0.8118659955262708,310.8780915737152
2026-09-21 09:33:29,v2.1.2,MAIN,MAIN,MAIN,2026-09-21 09:33:29.104,True,KOSDAQ,067310,하나마이크론,43700.0,13.2,2062892,86572000000.0,90148380400.0,86572000000.0,ACTUAL,5,43850.0,0.34207525655644244,1.0590753948350318,1.0526151431437643,82,37,25,11,9,False,60,2026-09-21 09:12:02.405,40850.0,63.0,1286.699489,20260921_067310_E001,2026-09-21 09:12:02.405,40850.0,63.0,1286.699489,576.1540637016296,21,0.22935779816513763,-0.228310502283105,True,False,,,,,,,0.22935779816513763,31.636995553970337,0.22935779816513763,31.636995553970337,-0.228310502283105,58.70761680603027,0.3444316877152698,114.94390606880188,1.3921113689095126,166.56172823905945,1.2746234067207416,310.8780915737152,-0.22805017103762826,31.636995553970337,0.2280501710376283,58.70761680603027,-0.11506760058641474,114.94390606880188,-1.1436390291578433,166.56172823905945,-0.34837353515817204,310.8780915737152
2026-09-21 09:33:55,v2.1.2,MAIN,MAIN,MAIN,2026-09-21 09:33:55.561,True,KOSDAQ,386380,스카이랩스,22850.0,17.28,2860369,61570000000.0,65359431650.0,61570000000.0,ACTUAL,8,22850.0,0.0,1.0623759813648521,1.0579610173165137,78,33,25,11,9,False,60,2026-09-21 09:15:32.648,21850.0,77.0,1102.912105,20260921_386380_E003,2026-09-21 09:28:48.919,22150.0,68.0,306.641404,562.528183221817,21,0.6607929515418502,1.1061946902654867,True,False,,,,,,,0.6607929515418502,24.984504461288452,0.6607929515418502,24.984504461288452,1.1061946902654867,56.62150001525879,1.5555555555555556,111.1292655467987,2.0089285714285716,191.5462327003479,3.3936651583710407,307.1584165096283,-0.43859649122807015,24.984504461288452,-0.22075055187637968,56.62150001525879,-0.6622516556291391,111.1292655467987,-1.1037527593818985,191.5462327003479,-1.55902004454343,307.1584165096283
2026-09-21 09:34:23,v2.1.2,MAIN,MAIN,MAIN,2026-09-21 09:34:23.611,True,KOSDAQ,386380,스카이랩스,22700.0,16.26,2901727,62627000000.0,65869202900.0,62627000000.0,ACTUAL,7,22850.0,0.6564551422319475,1.0688113320249168,1.063758176439902,75,33,22,11,9,False,60,2026-09-21 09:15:32.648,21850.0,77.0,1130.963035,20260921_386380_E003,2026-09-21 09:28:48.919,22150.0,68.0,334.692334,590.3348228931427,22,-0.6564551422319475,0.0,True,False,,,,,,,-0.6564551422319475,27.806639671325684,-0.6564551422319475,27.806639671325684,0.0,52.791144132614136,1.5659955257270695,111.49876093864441,1.1135857461024499,167.73505020141602,2.4830699774266365,310.4225833415985,0.6564551422319475,27.806639671325684,0.2178586510038773,52.791144132614136,-0.6680481690263308,111.49876093864441,-0.22654706527357127,167.73505020141602,-0.6798477530909924,310.4225833415985
2026-09-21 09:34:50,v2.1.2,MAIN,MAIN,MAIN,2026-09-21 09:34:50.158,True,KOSDAQ,067310,하나마이크론,43900.0,13.97,2193502,92102000000.0,96294737800.0,92102000000.0,ACTUAL,5,44250.0,0.7909604519774011,1.063877466155339,1.0633140271036972,79,37,22,11,9,False,60,2026-09-21 09:12:02.405,40850.0,63.0,1367.75313,20260921_067310_E001,2026-09-21 09:12:02.405,40850.0,63.0,1367.75313,588.0948138237,22,0.4576659038901602,0.34285714285714286,True,False,,,,,,,0.4576659038901602,28.1055269241333,0.4576659038901602,28.1055269241333,0.34285714285714286,55.912166595458984,0.6880733944954129,112.53366661071777,0.6880733944954129,167.0414321422577,0.6880733944954129,308.5464677810669,0.4488851954209586,28.1055269241333,0.5629102809397728,55.912166595458984,0.22083502438333036,112.53366661071777,0.4481033091202582,167.0414321422577,0.4481033091202582,308.5464677810669
2026-09-21 09:34:50,v2.1.2,MAIN,MAIN,MAIN,2026-09-21 09:34:50.156,True,KOSDAQ,386380,스카이랩스,23100.0,18.83,3015152,64982000000.0,69650011200.0,64982000000.0,ACTUAL,7,23150.0,0.21598272138228944,1.081807285076913,1.0759953436552308,78,33,25,11,9,False,60,2026-09-21 09:15:32.648,21850.0,77.0,1157.507218,20260921_386380_E003,2026-09-21 09:28:48.919,22150.0,68.0,361.236517,588.0948138237,22,1.762114537444934,1.0940919037199124,True,False,,,,,,,1.762114537444934,28.1055269241333,1.762114537444934,28.1055269241333,1.0940919037199124,55.912166595458984,2.2123893805309733,112.53366661071777,2.666666666666667,167.0414321422577,2.89532293986637,308.5464677810669,-0.440472420849658,28.1055269241333,0.21598272138228944,55.912166595458984,-0.004767830494090242,112.53366661071777,-0.44626893424684966,167.0414321422577,0.21598272138228944,308.5464677810669
2026-09-21 09:35:17,v2.1.2,MAIN,MAIN,MAIN,2026-09-21 09:35:17.053,True,KOSDAQ,067310,하나마이크론,44200.0,14.23,2240125,93726000000.0,99013525000.0,93726000000.0,ACTUAL,5,44350.0,0.3382187147688839,1.07459298326072,1.078872236868594,82,37,25,11,9,False,60,2026-09-21 09:12:02.405,40850.0,63.0,1394.648778,20260921_067310_E001,2026-09-21 09:12:02.405,40850.0,63.0,1394.648778,582.0260894298553,22,0.683371298405467,1.1441647597254003,True,False,,,,,,,0.683371298405467,25.152429819107056,0.683371298405467,25.152429819107056,1.1441647597254003,53.257956743240356,1.1441647597254003,106.04910087585449,1.3761467889908259,192.19386196136475,2.4333719582850524,306.0878825187683,-0.4527417372085172,25.152429819107056,-0.003856541787558565,53.257956743240356,-0.003856541787558565,106.04910087585449,-0.0046384280882589835,192.19386196136475,-1.0332098566596875,306.0878825187683
2026-09-21 09:35:17,v2.1.2,MAIN,MAIN,MAIN,2026-09-21 09:35:17.051,True,KOSDAQ,386380,스카이랩스,23000.0,18.06,3081672,66753000000.0,70878456000.0,66753000000.0,ACTUAL,7,23150.0,0.6479481641468683,1.0841806074386877,1.0773686891446523,75,33,22,11,9,False,60,2026-09-21 09:15:32.648,21850.0,77.0,1184.40287,20260921_386380_E003,2026-09-21 09:28:48.919,22150.0,68.0,388.132169,582.0260894298553,22,-0.4329004329004329,1.3215859030837005,True,False,,,,,,,-0.4329004329004329,25.152429819107056,-0.4329004329004329,25.152429819107056,1.3215859030837005,53.257956743240356,1.3215859030837005,106.04910087585449,2.2222222222222223,192.19386196136475,1.7699115044247788,306.0878825187683,0.4319654427645788,25.152429819107056,-0.008506978085079164,53.257956743240356,0.20935167291879814,106.04910087585449,-0.014303491482270836,192.19386196136475,0.4271976122704886,306.0878825187683
2026-09-21 09:35:45,v2.1.2,MAIN,MAIN,MAIN,2026-09-21 09:35:45.198,True,KOSDAQ,067310,하나마이크론,44000.0,14.1,2280756,96090000000.0,100353264000.0,96090000000.0,ACTUAL,5,44350.0,0.7891770011273956,1.0918697801261292,1.088893482793308,79,37,22,11,9,False,60,2026-09-21 09:12:02.405,40850.0,63.0,1422.793458,20260921_067310_E001,2026-09-21 09:12:02.405,40850.0,63.0,1422.793458,583.3568224906921,22,-0.4524886877828055,0.22779043280182232,True,False,,,,,,,-0.4524886877828055,30.142419815063477,-0.4524886877828055,30.142419815063477,0.22779043280182232,55.29484963417053,0.5714285714285714,111.20701622962952,0.9174311926605505,167.8285162448883,2.088167053364269,302.7532489299774,0.45095828635851176,30.142419815063477,-0.0017834508500054191,55.29484963417053,0.5611268300897674,111.20701622962952,0.21905157353332494,167.8285162448883,-0.6965372845868901,302.7532489299774
2026-09-21 09:36:11,v2.1.2,MAIN,MAIN,MAIN,2026-09-21 09:36:11.415,True,KOSDAQ,036540,SFA반도체,10560.0,17.29,6875658,68357000000.0,72606948480.0,68357000000.0,ACTUAL,8,10590.0,0.28328611898017,1.0789519374950676,1.0784021350789386,78,33,25,11,9,False,60,2026-09-21 09:17:26.804,9870.0,69.0,1124.611681,20260921_036540_E002,2026-09-21 09:22:58.006,10080.0,74.0,793.409614,579.7957515716553,22,0.667302192564347,0.7633587786259541,True,True,20260921_036540_SHADOW_SCORE_70_74_E002_092323720914,2026-09-21 09:23:23.567,10080.0,74.0,30.439039,0.7936507936507908,0.667302192564347,25.560741901397705,0.667302192564347,25.560741901397705,0.7633587786259541,55.70316171646118,1.0526315789473684,108.96111845970154,1.7341040462427744,193.389258146286,1.9305019305019304,302.86117911338806,0.18804802374207474,25.560741901397705,0.09280992850397951,55.70316171646118,-0.19290435721030624,108.96111845970154,-0.8595710238769728,193.389258146286,-1.0500472143531634,302.86117911338806
2026-09-21 09:36:37,v2.1.2,MAIN,MAIN,MAIN,2026-09-21 09:36:37.794,True,KOSDAQ,036540,SFA반도체,10575.0,17.41,7040417,70374000000.0,74452409775.0,70374000000.0,ACTUAL,7,10620.0,0.423728813559322,1.092577354799646,1.0883581636404167,82,37,25,11,9,False,60,2026-09-21 09:17:26.804,9870.0,69.0,1150.990383,20260921_036540_E002,2026-09-21 09:22:58.006,10080.0,74.0,819.788316,577.3071048259735,22,0.14204545454545456,0.8102955195424213,True,True,20260921_036540_SHADOW_SCORE_70_74_E002_092323720914,2026-09-21 09:23:23.567,10080.0,74.0,30.439039,0.7936507936507908,0.14204545454545456,25.831100463867188,0.14204545454545456,25.831100463867188,0.8102955195424213,51.39184236526489,1.002865329512894,106.68669199943542,1.8786127167630058,187.58336305618286,2.1739130434782608,302.52726912498474,0.14044269457915204,25.831100463867188,0.3284907183212268,51.39184236526489,0.13801452784503632,106.68669199943542,-0.7191283292978208,187.58336305618286,-1.0048426150121066,302.52726912498474
2026-09-21 09:37:05,v2.1.2,MAIN,MAIN,MAIN,2026-09-21 09:37:04.756,True,KOSDAQ,036540,SFA반도체,10540.0,16.85,7146937,71541000000.0,75328715980.0,71541000000.0,ACTUAL,7,10620.0,0.7532956685499058,1.0924625110710686,1.0874871081352422,79,37,22,11,9,False,60,2026-09-21 09:17:26.804,9870.0,69.0,1177.95255,20260921_036540_E002,2026-09-21 09:22:58.006,10080.0,74.0,846.750483,578.3746168613434,22,-0.3309692671394799,-0.1893939393939394,True,True,20260921_036540_SHADOW_SCORE_70_74_E002_092323720914,2026-09-21 09:23:23.567,10080.0,74.0,30.439039,0.7936507936507908,-0.3309692671394799,26.558226346969604,-0.3309692671394799,26.558226346969604,-0.1893939393939394,52.38932681083679,0.5725190839694656,108.09248852729797,1.8357487922705313,189.157084941864,1.639344262295082,300.2863504886627,0.3295668549905838,26.558226346969604,0.47000954956973584,52.38932681083679,0.5628194780737154,108.09248852729797,-0.6752757600215228,189.157084941864,-0.4847995695453323,300.2863504886627
2026-09-21 09:37:31,v2.1.2,MAIN,MAIN,MAIN,2026-09-21 09:37:31.588,True,KOSDAQ,036540,SFA반도체,10440.0,15.85,7299689,73061000000.0,76208753160.0,73061000000.0,ACTUAL,7,10620.0,1.694915254237288,1.0688151908363446,1.0616713338563377,76,37,19,11,9,False,60,2026-09-21 09:17:26.804,9870.0,69.0,1204.784511,20260921_036540_E002,2026-09-21 09:22:58.006,10080.0,74.0,873.582444,579.1900298595428,22,-0.9487666034155597,-1.276595744680851,True,True,20260921_036540_SHADOW_SCORE_70_74_E002_092323720914,2026-09-21 09:23:23.567,10080.0,74.0,30.439039,0.7936507936507908,-0.9487666034155597,27.41380739212036,-0.9487666034155597,27.41380739212036,-1.276595744680851,53.972033739089966,-0.47664442326024786,105.36387610435486,-0.09569377990430622,188.7642526626587,0.6750241080038573,300.2630136013031,0.9416195856873822,27.41380739212036,1.271186440677966,53.972033739089966,1.5996771589991927,105.36387610435486,1.2187247780468118,188.7642526626587,0.4568200161420499,300.2630136013031
2026-09-21 09:39:42,v2.1.2,MAIN,MAIN,MAIN,2026-09-21 09:39:42.877,True,KOSDAQ,036540,SFA반도체,10640.0,18.29,7795074,78234000000.0,82939587360.0,78234000000.0,ACTUAL,6,10680.0,0.37453183520599254,1.0563882362472656,1.0555329646112066,82,37,25,11,9,False,60,2026-09-21 09:17:26.804,9870.0,69.0,1336.072989,20260921_036540_E002,2026-09-21 09:22:58.006,10080.0,74.0,1004.870922,598.0541217327118,22,0.5671077504725899,0.8530805687203791,True,True,20260921_036540_SHADOW_SCORE_70_74_E002_092323720914,2026-09-21 09:23:23.567,10080.0,74.0,30.439039,0.7936507936507908,0.5671077504725899,28.763054847717285,0.5671077504725899,28.763054847717285,0.8530805687203791,58.91382360458374,1.9157088122605364,128.8489282131195,0.6146572104018913,182.82096195220947,1.6236867239732569,289.5076539516449,-0.0021159990689603725,28.763054847717285,-0.28460187477517507,58.91382360458374,-1.3203834190312955,128.8489282131195,-0.04919697835332948,182.82096195220947,0.08881754949170684,289.5076539516449
2026-09-21 09:40:12,v2.1.2,MAIN,MAIN,MAIN,2026-09-21 09:40:12.126,True,KOSDAQ,036540,SFA반도체,10570.0,17.63,7901759,79371000000.0,83521592630.0,79371000000.0,ACTUAL,6,10680.0,1.0299625468164793,1.0535320820834109,1.052083727222132,76,37,19,11,9,False,60,2026-09-21 09:17:26.804,9870.0,69.0,1365.322753,20260921_036540_E002,2026-09-21 09:22:58.006,10080.0,74.0,1034.120686,598.9595227241516,22,-0.6578947368421052,-0.0945179584120983,True,True,20260921_036540_SHADOW_SCORE_70_74_E002_092323720914,2026-09-21 09:23:23.567,10080.0,74.0,30.439039,0.7936507936507908,-0.6578947368421052,28.51641607284546,-0.6578947368421052,28.51641607284546,-0.0945179584120983,57.279470920562744,0.18957345971563982,129.62228846549988,0.2846299810246679,184.77915167808533,0.8587786259541985,292.8716402053833,0.6554307116104867,28.51641607284546,0.6533147125415264,57.279470920562744,0.37082883683531165,129.62228846549988,0.27666687826657343,184.77915167808533,0.8394863563402888,292.8716402053833
2026-09-21 09:40:40,v2.1.2,MAIN,MAIN,MAIN,2026-09-21 09:40:40.401,True,KOSDAQ,036540,SFA반도체,10540.0,16.96,7977483,80214000000.0,84082670820.0,80214000000.0,ACTUAL,6,10680.0,1.3108614232209739,1.054240540433977,1.0527417134435568,76,37,19,11,9,False,60,2026-09-21 09:17:26.804,9870.0,69.0,1393.596979,20260921_036540_E002,2026-09-21 09:22:58.006,10080.0,74.0,1062.394912,594.6819081306458,22,-0.28382213812677387,-0.9398496240601504,True,True,20260921_036540_SHADOW_SCORE_70_74_E002_092323720914,2026-09-21 09:23:23.567,10080.0,74.0,30.439039,0.7936507936507908,-0.28382213812677387,29.19943881034851,-0.28382213812677387,29.19943881034851,-0.9398496240601504,57.71585488319397,-0.09478672985781991,116.62967848777771,0.9578544061302682,186.56478309631348,0.47664442326024786,291.92865920066833,0.2808988764044946,29.19943881034851,0.9363295880149813,57.71585488319397,0.6517277132398063,116.62967848777771,-0.3840538310163142,186.56478309631348,1.2156233279828785,291.92865920066833
2026-09-21 09:43:56,v2.1.2,MAIN,MAIN,MAIN,2026-09-21 09:43:56.266,True,KOSDAQ,386380,스카이랩스,23000.0,18.57,3766969,82191000000.0,86640287000.0,82191000000.0,ACTUAL,7,23400.0,1.7094017094017095,1.0549615577147697,1.0552505379244814,76,37,19,11,9,False,60,2026-09-21 09:15:32.648,21850.0,77.0,1703.618056,20260921_386380_E005,2026-09-21 09:37:35.849,22750.0,65.0,380.417463,591.6574206352234,22,-0.6479481641468683,1.098901098901099,False,False,,,,,,,-0.6479481641468683,26.698981523513794,-0.6479481641468683,26.698981523513794,1.098901098901099,52.86928701400757,1.9955654101995564,131.43889594078064,0.6564551422319475,188.52174520492554,0.8771929824561403,305.15142369270325,0.6410256410256412,26.698981523513794,-0.018460061656605964,52.86928701400757,-0.8823909471857636,131.43889594078064,0.41350538110797297,188.52174520492554,0.1975226597256836,305.15142369270325
2026-09-21 09:45:25,v2.1.2,MAIN,MAIN,MAIN,2026-09-21 09:45:25.493,True,KOSDAQ,437730,삼현,52900.0,5.39,315439,59587000000.0,16686723100.0,59587000000.0,ACTUAL,9,53200.0,0.5639097744360901,2.171933661381447,1.317012579798005,90,33,22,20,15,False,60,2026-09-21 09:00:00.476,49750.0,60.0,2725.017023,20260921_437730_E008,2026-09-21 09:00:00.476,51700.0,60.0,2725.017023,577.6131768226624,21,1.3409961685823755,2.321083172147002,True,False,,,,,,,1.3409961685823755,27.790640592575073,1.3409961685823755,27.790640592575073,2.321083172147002,62.75363254547119,3.522504892367906,123.86175394058228,3.522504892367906,175.7047634124756,3.522504892367906,285.684517621994,0.37270518552595633,27.790640592575073,-0.39394463169417804,62.75363254547119,-1.5433699190505,123.86175394058228,-1.5433699190505,175.7047634124756,-1.5433699190505,285.684517621994
2026-09-21 09:45:53,v2.1.2,MAIN,MAIN,MAIN,2026-09-21 09:45:53.458,True,KOSDAQ,437730,삼현,53750.0,7.39,344922,64000000000.0,18539557500.0,64000000000.0,ACTUAL,9,53900.0,0.27829313543599254,2.3327865864771278,1.3810745988972928,93,33,25,20,15,False,60,2026-09-21 09:00:00.476,49750.0,60.0,2752.982181,20260921_437730_E008,2026-09-21 09:00:00.476,51700.0,60.0,2752.982181,581.8390924930573,21,1.606805293005671,2.9693486590038316,True,False,,,,,,,1.606805293005671,29.786657571792603,1.606805293005671,29.786657571792603,2.9693486590038316,57.577298164367676,4.368932038834951,126.94942998886108,4.98046875,179.81871700286865,5.599214145383105,287.2268531322479,-0.2856166390000976,29.786657571792603,0.0870885465258587,57.577298164367676,-1.062703033146383,126.94942998886108,-1.6374156768245438,179.81871700286865,-2.2121283205027042,287.2268531322479
2026-09-21 09:46:21,v2.1.2,MAIN,MAIN,MAIN,2026-09-21 09:46:21.499,True,KOSDAQ,437730,삼현,53000.0,6.59,371001,66865000000.0,19663053000.0,66865000000.0,ACTUAL,9,53900.0,1.6697588126159555,2.437215236012393,1.3714669111395343,87,33,19,20,15,False,60,2026-09-21 09:00:00.476,49750.0,60.0,2781.023766,20260921_437730_E008,2026-09-21 09:00:00.476,51700.0,60.0,2781.023766,583.2983636856079,21,-1.3953488372093024,0.1890359168241966,True,False,,,,,,,-1.3953488372093024,27.290371656417847,-1.3953488372093024,27.290371656417847,0.1890359168241966,57.07702922821045,2.5145067698259185,119.83066177368164,3.7181996086105675,180.93878316879272,3.9215686274509802,285.67869758605957,1.391465677179963,27.290371656417847,1.1058490381798654,57.07702922821045,0.7119044064856873,119.83066177368164,-0.43752088087063457,180.93878316879272,-0.629091762096688,285.67869758605957
2026-09-21 09:46:47,v2.1.2,MAIN,MAIN,MAIN,2026-09-21 09:46:47.673,True,KOSDAQ,437730,삼현,53200.0,5.79,385878,68356000000.0,20528709600.0,68356000000.0,ACTUAL,9,53900.0,1.2987012987012987,1.1471629717891487,1.2233046642932548,75,33,19,11,12,False,60,2026-09-21 09:00:00.476,49750.0,60.0,2807.197671,20260921_437730_E008,2026-09-21 09:00:00.476,51700.0,60.0,2807.197671,582.0075719356537,21,0.37735849056603776,-1.0232558139534882,True,False,,,,,,,0.37735849056603776,25.26743459701538,0.37735849056603776,25.26743459701538,-1.0232558139534882,52.55780625343323,1.9157088122605364,110.1351044178009,3.300970873786408,179.5072362422943,4.313725490196078,310.94613218307495,-0.3710575139146568,25.26743459701538,1.0204081632653061,52.55780625343323,1.1074967097911648,110.1351044178009,-0.04229486988107678,179.5072362422943,-1.0001492760113448,310.94613218307495
2026-09-21 09:47:13,v2.1.2,MAIN,MAIN,MAIN,2026-09-21 09:47:13.805,True,KOSDAQ,437730,삼현,53000.0,6.99,408277,70752000000.0,21638681000.0,70752000000.0,ACTUAL,9,53900.0,1.6697588126159555,1.1055,1.1836792086326764,79,37,19,11,12,False,60,2026-09-21 09:00:00.476,49750.0,60.0,2833.329717,20260921_437730_E008,2026-09-21 09:00:00.476,51700.0,60.0,2833.329717,580.7152156829834,21,-0.37593984962406013,0.0,True,False,,,,,,,-0.37593984962406013,26.121451139450073,-0.37593984962406013,26.121451139450073,0.0,51.388885736465454,0.1890359168241966,108.4659149646759,2.5145067698259185,171.2195475101471,3.7181996086105675,309.61226868629456,0.3710575139146568,26.121451139450073,0.0,51.388885736465454,1.1058490381798654,108.4659149646759,0.7119044064856873,171.2195475101471,-0.43752088087063457,309.61226868629456
2026-09-21 09:47:41,v2.1.2,MAIN,MAIN,MAIN,2026-09-21 09:47:41.580,True,KOSDAQ,437730,삼현,53400.0,7.19,418513,72476000000.0,22348594200.0,72476000000.0,ACTUAL,9,53900.0,0.927643784786642,1.0839153518283107,1.128064344840041,79,37,22,11,9,False,60,2026-09-21 09:00:00.476,49750.0,60.0,2861.104583,20260921_437730_E008,2026-09-21 09:00:00.476,51700.0,60.0,2861.104583,579.1453101634979,21,0.7547169811320755,0.37593984962406013,True,False,,,,,,,0.7547169811320755,26.173150300979614,0.7547169811320755,26.173150300979614,0.37593984962406013,52.29460144042969,0.945179584120983,134.63906526565552,3.2882011605415857,197.3926978111267,4.500978473581213,310.3438286781311,-0.7421150278293135,26.173150300979614,-0.3710575139146567,52.29460144042969,0.36373401035055186,134.63906526565552,-0.030210621343626176,197.3926978111267,-1.179635908699948,310.3438286781311
2026-09-21 09:48:08,v2.1.2,MAIN,MAIN,MAIN,2026-09-21 09:48:08.451,True,KOSDAQ,437730,삼현,53700.0,6.39,430376,73475000000.0,23111191200.0,73475000000.0,ACTUAL,9,53900.0,0.3710575139146568,1.0748873544385278,1.1153162398478276,82,37,25,11,9,False,60,2026-09-21 09:00:00.476,49750.0,60.0,2887.97527,20260921_437730_E008,2026-09-21 09:00:00.476,51700.0,60.0,2887.97527,564.7281982898712,21,0.5617977528089888,1.3207547169811322,True,False,,,,,,,0.5617977528089888,27.77493691444397,0.5617977528089888,27.77493691444397,1.3207547169811322,53.948087215423584,-0.09302325581395349,132.62734460830688,2.8735632183908044,190.20464277267456,4.8828125,312.44606161117554,-0.5565862708719852,27.77493691444397,-1.2987012987012987,53.948087215423584,0.09276437847866426,132.62734460830688,0.17985292500452296,190.20464277267456,-1.5446512983458796,312.44606161117554
2026-09-21 09:48:37,v2.1.2,MAIN,MAIN,MAIN,2026-09-21 09:48:37.417,True,KOSDAQ,437730,삼현,53700.0,7.19,449323,76121000000.0,24128645100.0,76121000000.0,ACTUAL,9,54000.0,0.5555555555555556,1.0758847806422434,1.1005346860097434,79,37,22,11,9,False,60,2026-09-21 09:00:00.476,49750.0,60.0,2916.941249,20260921_437730_E008,2026-09-21 09:00:00.476,51700.0,60.0,2916.941249,591.7294836044312,22,0.0,0.5617977528089888,True,False,,,,,,,0.0,27.001285314559937,0.0,27.001285314559937,0.5617977528089888,54.776222229003906,1.3207547169811322,132.33825826644897,1.5122873345935728,189.41528749465942,5.088062622309197,313.2770414352417,0.18449804164089878,27.001285314559937,-0.3720882292310864,54.776222229003906,-1.1142032570604,132.33825826644897,-0.008354218880534559,189.41528749465942,-1.5517241379310345,313.2770414352417
2026-09-21 09:49:05,v2.1.2,MAIN,MAIN,MAIN,2026-09-21 09:49:05.782,True,KOSDAQ,437730,삼현,53500.0,7.58,464044,77892000000.0,24826354000.0,77892000000.0,ACTUAL,9,54000.0,0.9259259259259258,1.074728185882223,1.108792319473947,79,37,22,11,9,False,60,2026-09-21 09:00:00.476,49750.0,60.0,2945.306207,20260921_437730_E008,2026-09-21 09:00:00.476,51700.0,60.0,2945.306207,590.3978216648102,22,-0.37243947858473,-0.37243947858473,True,False,,,,,,,-0.37243947858473,28.819106817245483,-0.37243947858473,28.819106817245483,-0.37243947858473,55.82039213180542,0.9433962264150944,109.768479347229,-0.46511627906976744,188.4477367401123,3.8834951456310676,315.3971667289734,0.37037037037037024,28.819106817245483,0.554868412011269,55.82039213180542,-0.7438328866900297,109.768479347229,0.6476327904899333,188.4477367401123,-0.41507024265644965,315.3971667289734
2026-09-21 09:49:33,v2.1.2,MAIN,MAIN,MAIN,2026-09-21 09:49:33.671,True,KOSDAQ,437730,삼현,53200.0,5.59,478593,79805000000.0,25461147600.0,79805000000.0,ACTUAL,8,54000.0,1.4814814814814816,1.0861517522966995,1.112034593007045,76,37,19,11,9,False,60,2026-09-21 09:00:00.476,49750.0,60.0,2973.195293,20260921_437730_E008,2026-09-21 09:00:00.476,51700.0,60.0,2973.195293,589.9614036083221,22,-0.5607476635514018,-0.931098696461825,True,False,,,,,,,-0.5607476635514018,28.326636791229248,-0.5607476635514018,28.326636791229248,-0.931098696461825,57.14574360847473,-0.37453183520599254,111.92196583747864,0.37735849056603776,189.4840018749237,2.9013539651837523,309.31466364860535,0.5555555555555558,28.326636791229248,0.925925925925926,57.14574360847473,0.5538376966948396,111.92196583747864,-0.18827733113447387,189.4840018749237,0.5236270753512134,309.31466364860535
2026-09-21 09:50:02,v2.1.2,MAIN,MAIN,MAIN,2026-09-21 09:50:02.190,True,KOSDAQ,437730,삼현,53000.0,6.19,487139,80512000000.0,25818367000.0,80512000000.0,ACTUAL,8,54000.0,1.8518518518518516,1.0576844760315813,1.0841621728689605,76,37,19,11,9,False,60,2026-09-21 09:00:00.476,49750.0,60.0,3001.714912,20260921_437730_E008,2026-09-21 09:00:00.476,51700.0,60.0,3001.714912,589.4517514705658,22,-0.37593984962406013,-0.9345794392523363,True,False,,,,,,,-0.37593984962406013,28.00676393508911,-0.37593984962406013,28.00676393508911,-0.9345794392523363,56.33340072631836,-1.303538175046555,112.15379285812378,-0.37593984962406013,192.22333121299744,1.532567049808429,302.35843563079834,0.37037037037037,28.00676393508911,0.9259259259259258,56.33340072631836,1.4807943379371948,112.15379285812378,0.553150553150553,192.22333121299744,1.6606472629417177,302.35843563079834
2026-09-21 09:53:15,v2.1.2,MAIN,MAIN,MAIN,2026-09-21 09:53:15.785,True,KOSPI,003160,디아이,35100.0,12.1,765285,52269000000.0,26861503500.0,52269000000.0,ACTUAL,39,35200.0,0.2840909090909091,1.0744547454108166,1.0729472629003651,78,33,25,11,9,False,60,2026-09-21 09:23:30.396,34250.0,77.0,1785.388953,20260921_003160_E006,2026-09-21 09:50:32.981,34800.0,63.0,162.804208,592.7627937793732,22,0.4291845493562232,0.7173601147776184,True,False,,,,,,,0.4291845493562232,25.750115633010864,0.4291845493562232,25.750115633010864,0.7173601147776184,53.05672264099121,0.8620689655172413,108.43344402313232,1.4450867052023122,165.9367561340332,1.8867924528301887,306.4870376586914,0.2840909090909091,25.750115633010864,-0.002032123813239639,53.05672264099121,-0.14509364026531407,108.43344402313232,-0.7173397060736115,165.9367561340332,-1.1465242554298347,306.4870376586914
2026-09-21 09:53:43,v2.1.2,MAIN,MAIN,MAIN,2026-09-21 09:53:43.123,True,KOSPI,003160,디아이,35050.0,11.62,772699,52783000000.0,27083099950.0,52783000000.0,ACTUAL,39,35200.0,0.4261363636363636,1.0807993939021643,1.080356418810278,78,33,25,11,9,False,60,2026-09-21 09:23:30.396,34250.0,77.0,1812.726492,20260921_003160_E006,2026-09-21 09:50:32.981,34800.0,63.0,190.141747,595.1647729873657,22,-0.14245014245014245,0.28612303290414876,True,False,,,,,,,-0.14245014245014245,29.100960731506348,-0.14245014245014245,29.100960731506348,0.28612303290414876,54.85107636451721,1.0086455331412103,109.27894139289856,0.7183908045977011,165.37601709365845,1.741654571843251,308.5867130756378,0.14204545454545447,29.100960731506348,0.4261363636363636,54.85107636451721,-0.28917121862400835,109.27894139289856,-0.0030481857198595974,165.37601709365845,-1.0044788008843804,308.5867130756378
2026-09-21 09:54:14,v2.1.2,MAIN,MAIN,MAIN,2026-09-21 09:54:14.333,True,KOSPI,003160,디아이,35150.0,11.94,779203,53254000000.0,27388985450.0,53254000000.0,ACTUAL,39,35200.0,0.14204545454545456,1.081123878354785,1.0823842365900582,78,33,25,11,9,False,60,2026-09-21 09:23:30.396,34250.0,77.0,1843.936744,20260921_003160_E006,2026-09-21 09:50:32.981,34800.0,63.0,221.351999,586.7622799873352,22,0.28530670470756064,0.14245014245014245,True,False,,,,,,,0.28530670470756064,26.006646871566772,0.28530670470756064,26.006646871566772,0.14245014245014245,55.10760760307312,0.860832137733142,108.16433024406433,1.0057471264367817,191.38266396522522,2.0319303338171264,305.7742531299591,-0.28409090909090906,26.006646871566772,-0.14204545454545456,55.10760760307312,-0.1440775783586942,108.16433024406433,-0.2871390948107686,191.38266396522522,-1.2885697099752893,305.7742531299591
2026-09-21 09:54:16,v2.1.2,MAIN,MAIN,MAIN,2026-09-21 09:54:14.337,True,KOSDAQ,232140,와이씨,14190.0,19.23,3895618,51496000000.0,55278819420.0,51496000000.0,ACTUAL,11,14200.0,0.07042253521126761,1.0873770007179357,1.082509723674525,78,33,25,11,9,False,60,2026-09-21 09:32:34.914,13220.0,69.0,1299.423673,20260921_232140_E004,2026-09-21 09:43:57.602,13460.0,63.0,616.735612,586.7622799873352,22,0.3536067892503536,0.211864406779661,True,True,20260921_232140_SHADOW_SCORE_70_74_E004_094553580126,2026-09-21 09:45:53.452,13610.0,74.0,500.885494,4.2615723732549515,0.3536067892503536,26.006646871566772,0.3536067892503536,26.006646871566772,0.211864406779661,55.10760760307312,1.3571428571428572,108.16433024406433,1.4295925661186561,191.38266396522522,3.4256559766763846,305.7742531299591,-0.21166491189733605,26.006646871566772,-0.07062118834303423,55.10760760307312,-0.7794358217292424,108.16433024406433,-0.0010060362173038156,191.38266396522522,-0.0024106767333791496,305.7742531299591
2026-09-21 09:54:49,v2.1.2,MAIN,MAIN,MAIN,2026-09-21 09:54:49.246,True,KOSDAQ,232140,와이씨,14140.0,19.14,3981567,52758000000.0,56299357380.0,52758000000.0,ACTUAL,11,14250.0,0.7719298245614036,1.0554555275477133,1.0533917638664263,75,33,22,11,9,False,60,2026-09-21 09:32:34.914,13220.0,69.0,1334.332399,20260921_232140_E004,2026-09-21 09:43:57.602,13460.0,63.0,651.644338,590.1930229663849,22,-0.3523608174770966,0.0,True,True,20260921_232140_SHADOW_SCORE_70_74_E004_094553580126,2026-09-21 09:45:53.452,13610.0,74.0,500.885494,4.2615723732549515,-0.3523608174770966,38.3937349319458,-0.3523608174770966,38.3937349319458,0.0,64.40038180351257,0.35486160397444994,119.25145816802979,1.0721944245889923,173.67932319641113,3.81791483113069,287.83458733558655,0.701507289350136,38.3937349319458,0.4898423774527999,64.40038180351257,0.5594652353262761,119.25145816802979,-0.14875006212414876,173.67932319641113,-0.029235506829710878,287.83458733558655
2026-09-21 09:58:33,v2.1.2,MAIN,MAIN,MAIN,2026-09-21 09:58:33.170,True,KOSDAQ,036540,SFA반도체,10700.0,17.63,10115645,101963000000.0,108237401500.0,101963000000.0,ACTUAL,6,10700.0,0.0,1.0463646159371953,1.0528318225318705,79,40,25,5,9,False,60,2026-09-21 09:17:26.804,9870.0,69.0,2466.366494,20260921_036540_E003,2026-09-21 09:45:57.432,10360.0,60.0,755.737826,596.3667814731598,22,1.0387157695939566,2.001906577693041,True,False,,,,,,,1.0387157695939566,27.62060022354126,1.0387157695939566,27.62060022354126,2.001906577693041,55.4638512134552,2.1967526265520534,113.54055261611938,2.588686481303931,169.47433233261108,2.490421455938697,287.780068397522,-0.8426966292134831,27.62060022354126,-1.7790262172284643,55.4638512134552,-1.9662921348314606,113.54055261611938,-2.3408239700374533,169.47433233261108,-2.247191011235955,287.780068397522
2026-09-21 10:05:46,v2.1.2,MAIN,MAIN,MAIN,2026-09-21 10:05:46.570,True,KOSDAQ,437730,삼현,54200.0,7.78,688089,101873000000.0,37294423800.0,101873000000.0,ACTUAL,8,54200.0,0.0,1.0485184079704402,1.0731487070074721,79,40,25,5,9,False,60,2026-09-21 09:00:00.476,49750.0,60.0,3946.09394,20260921_437730_E008,2026-09-21 09:00:00.476,51700.0,60.0,3946.09394,576.1847496032715,21,0.931098696461825,0.3703703703703704,True,False,,,,,,,0.931098696461825,27.96042799949646,0.931098696461825,27.96042799949646,0.3703703703703704,55.71900224685669,1.3084112149532712,112.86250901222229,2.4574669187145557,170.37344336509705,2.2641509433962264,286.6001486778259,-0.5555555555555556,27.96042799949646,0.0,55.71900224685669,-0.9259259259259258,112.86250901222229,-2.037037037037037,170.37344336509705,-1.8518518518518516,286.6001486778259
2026-09-21 10:06:13,v2.1.2,MAIN,MAIN,MAIN,2026-09-21 10:06:13.529,True,KOSDAQ,030530,원익홀딩스,27350.0,5.18,1409845,37488000000.0,38559260750.0,37488000000.0,ACTUAL,20,27450.0,0.36429872495446264,1.480919649205973,1.4648212046310063,89,29,25,20,15,False,60,2026-09-21 10:05:47.708,27350.0,89.0,25.821262,20260921_030530_E001,2026-09-21 10:05:47.708,27350.0,89.0,25.821262,575.1112082004547,21,0.0,0.18315018315018314,False,False,,,,,,,0.0,27.526348114013672,0.0,27.526348114013672,0.18315018315018314,55.48677611351013,1.4842300556586272,113.54009675979614,1.86219739292365,170.40633130073547,2.2429906542056073,314.1264967918396,,,,,,,,,,
2026-09-21 10:06:17,v2.1.2,MAIN,MAIN,MAIN,2026-09-21 10:06:13.524,True,KOSDAQ,437730,삼현,54600.0,8.78,707576,103423000000.0,38633649600.0,103423000000.0,ACTUAL,8,54700.0,0.18281535648994515,1.0517628873318214,1.0726780719640407,85,40,25,11,9,False,60,2026-09-21 09:00:00.476,49750.0,60.0,3973.048663,20260921_437730_E008,2026-09-21 09:00:00.476,51700.0,60.0,3973.048663,575.1112082004547,21,0.7380073800738007,1.675977653631285,True,False,,,,,,,0.7380073800738007,27.526348114013672,0.7380073800738007,27.526348114013672,1.675977653631285,55.48677611351013,1.8656716417910446,113.54009675979614,2.247191011235955,170.40633130073547,3.018867924528302,314.1264967918396,0.18281535648994515,27.526348114013672,-0.3727401990656104,55.48677611351013,-0.5579253842507956,113.54009675979614,-0.928295754621166,170.40633130073547,-1.6690364953619066,314.1264967918396
2026-09-21 10:08:15,v2.1.2,MAIN,MAIN,MAIN,2026-09-21 10:08:15.225,True,KOSDAQ,437730,삼현,55600.0,10.98,774771,110891000000.0,43077267600.0,110891000000.0,ACTUAL,8,55600.0,0.0,1.051986984280578,1.074365278453788,85,40,25,11,9,False,60,2026-09-21 09:00:00.476,49750.0,60.0,4094.749754,20260921_437730_E008,2026-09-21 09:00:00.476,51700.0,60.0,4094.749754,582.7880508899689,21,1.090909090909091,2.394106813996317,True,False,,,,,,,1.090909090909091,28.121525764465332,1.090909090909091,28.121525764465332,2.394106813996317,56.100534200668335,1.8315018315018317,121.21739530563354,3.5381750465549344,176.70417141914368,4.119850187265917,291.623726606369,0.0,28.121525764465332,-0.7312614259597806,56.100534200668335,-0.18281535648994515,121.21739530563354,-0.5555555555555556,176.70417141914368,-1.1111111111111112,291.623726606369
2026-09-21 10:08:44,v2.1.2,MAIN,MAIN,MAIN,2026-09-21 10:08:44.634,True,KOSDAQ,437730,삼현,55600.0,10.98,774771,110891000000.0,43077267600.0,110891000000.0,ACTUAL,8,55600.0,0.0,1.0441320477571465,1.0671806258419445,79,40,25,5,9,False,60,2026-09-21 09:00:00.476,49750.0,60.0,4124.158004,20260921_437730_E008,2026-09-21 09:00:00.476,51700.0,60.0,4124.158004,582.3591661453247,21,0.0,1.090909090909091,True,False,,,,,,,0.0,30.061472177505493,0.0,30.061472177505493,1.090909090909091,58.182997941970825,2.394106813996317,119.02037310600281,2.5830258302583027,178.8052155971527,3.925233644859813,291.667724609375,0.0,30.061472177505493,0.0,58.182997941970825,-0.7312614259597806,119.02037310600281,0.0,178.8052155971527,-0.9259259259259258,291.667724609375
2026-09-21 10:09:15,v2.1.2,MAIN,MAIN,MAIN,2026-09-21 10:09:15.013,True,KOSDAQ,386380,스카이랩스,23350.0,19.86,5513155,123110000000.0,128732169250.0,123110000000.0,ACTUAL,6,24050.0,2.9106029106029108,1.1743999694738048,1.159374010311893,82,40,14,16,12,False,60,2026-09-21 09:15:32.648,21850.0,77.0,3222.364872,20260921_386380_E007,2026-09-21 10:08:47.200,23350.0,82.0,27.812856,580.9750049114227,21,0.0,0.0,False,False,,,,,,,0.0,28.21358633041382,0.0,28.21358633041382,0.0,58.27505850791931,-0.6382978723404255,114.37559270858765,-2.301255230125523,179.49245381355286,-2.301255230125523,293.032550573349,,,,,,,,,,
2026-09-21 10:10:44,v2.1.2,MAIN,MAIN,MAIN,2026-09-21 10:10:44.267,True,KOSDAQ,437730,삼현,55900.0,11.18,819772,116976000000.0,45825254800.0,116976000000.0,ACTUAL,8,56000.0,0.17857142857142858,1.0548737048092272,1.0580829690321398,85,40,25,11,9,False,60,2026-09-21 09:00:00.476,49750.0,60.0,4243.791148,20260921_437730_E008,2026-09-21 09:00:00.476,51700.0,60.0,4243.791148,583.7605690956116,21,1.0849909584086799,0.539568345323741,True,False,,,,,,,1.0849909584086799,28.16372585296631,1.0849909584086799,28.16372585296631,0.539568345323741,57.39771914482117,0.539568345323741,118.35520482063293,1.6363636363636365,176.53820276260376,3.136531365313653,297.16042041778564,-0.3609969167523124,28.16372585296631,0.17857142857142858,57.39771914482117,0.17857142857142858,118.35520482063293,0.17857142857142858,176.53820276260376,0.17857142857142858,297.16042041778564
2026-09-21 10:13:46,v2.1.2,MAIN,MAIN,MAIN,2026-09-21 10:13:45.884,True,KOSDAQ,240810,원익IPS,127700.0,5.1,570782,71550000000.0,72888861400.0,71550000000.0,ACTUAL,11,129000.0,1.0077519379844961,1.0808157099697886,1.0736654000978143,76,37,19,11,9,False,60,2026-09-21 09:56:12.597,127700.0,61.0,1053.287502,20260921_240810_E003,2026-09-21 10:13:16.419,127700.0,76.0,29.464822,589.1003293991089,21,0.23547880690737832,0.43255996854109324,True,False,,,,,,,0.23547880690737832,30.176597595214844,0.23547880690737832,30.176597595214844,0.43255996854109324,58.574201345443726,0.6304176516942475,120.948326587677,0.5511811023622047,179.07739996910095,0.7892659826361484,297.4326047897339,,,,,,,,,,
2026-09-21 10:16:23,v2.1.2,MAIN,MAIN,MAIN,2026-09-21 10:16:23.155,True,KOSDAQ,437730,삼현,55800.0,11.98,955001,133240000000.0,53289055800.0,133240000000.0,ACTUAL,6,56300.0,0.8880994671403196,1.0368629526158923,1.051024720515761,76,40,22,5,9,False,60,2026-09-21 09:00:00.476,49750.0,60.0,4582.679128,20260921_437730_E008,2026-09-21 09:00:00.476,51700.0,60.0,4582.679128,574.761883020401,20,1.4545454545454546,1.824817518248175,True,False,,,,,,,1.4545454545454546,30.244693279266357,1.4545454545454546,30.244693279266357,1.824817518248175,60.07086229324341,1.2704174228675136,122.75658369064331,2.197802197802198,188.48550271987915,2.010968921389397,309.27457761764526,-1.0726848465851706,30.244693279266357,-1.4291910854443506,60.07086229324341,-0.8944317271555807,122.75658369064331,-1.7856973243035306,188.48550271987915,-1.6074442048739406,309.27457761764526
2026-09-21 10:16:57,v2.1.2,MAIN,MAIN,MAIN,2026-09-21 10:16:57.370,True,KOSDAQ,437730,삼현,56600.0,12.77,977502,135897000000.0,55326613200.0,135897000000.0,ACTUAL,5,56700.0,0.1763668430335097,1.0476987125125279,1.0626246067481688,79,40,25,5,9,False,60,2026-09-21 09:00:00.476,49750.0,60.0,4616.894625,20260921_437730_E008,2026-09-21 09:00:00.476,51700.0,60.0,4616.894625,575.9403336048126,20,1.4336917562724014,2.909090909090909,True,False,,,,,,,1.4336917562724014,34.0368173122406,1.4336917562724014,34.0368173122406,2.909090909090909,64.28151059150696,2.536231884057971,125.73294138908386,3.473491773308958,192.3457224369049,2.909090909090909,313.2940490245819,-0.7117326241068099,34.0368173122406,-1.7844174706919804,64.28151059150696,-1.4279112318328007,125.73294138908386,-2.3191768289807504,192.3457224369049,-1.7844174706919804,313.2940490245819
2026-09-21 10:18:54,v2.1.2,MAIN,MAIN,MAIN,2026-09-21 10:18:54.602,True,KOSDAQ,437730,삼현,57300.0,13.17,1054086,142353000000.0,60399127800.0,142353000000.0,ACTUAL,5,57700.0,0.6932409012131715,1.0337758347736417,1.0639874673713579,76,40,22,5,9,False,60,2026-09-21 09:00:00.476,49750.0,60.0,4734.126475,20260921_437730_E008,2026-09-21 09:00:00.476,51700.0,60.0,4734.126475,579.9519519805908,20,1.5957446808510638,1.9572953736654803,True,False,,,,,,,1.5957446808510638,29.378984928131104,1.5957446808510638,29.378984928131104,1.9572953736654803,59.470942974090576,1.2367491166077738,118.38721108436584,4.181818181818182,182.6687216758728,4.753199268738574,310.73293352127075,-0.35939067773419686,29.378984928131104,-0.18859331395437695,59.470942974090576,0.5168740581796618,118.38721108436584,-1.2675434125123186,182.6687216758728,-1.8023027708010888,310.73293352127075
2026-09-21 10:19:25,v2.1.2,MAIN,MAIN,MAIN,2026-09-21 10:19:25.191,True,KOSDAQ,437730,삼현,57200.0,14.57,1078893,147718000000.0,61712679600.0,147718000000.0,ACTUAL,4,57700.0,0.8665511265164645,1.064626561250009,1.0791465994508709,82,40,22,11,9,False,60,2026-09-21 09:00:00.476,49750.0,60.0,4764.715418,20260921_437730_E008,2026-09-21 09:00:00.476,51700.0,60.0,4764.715418,577.1998126506805,20,-0.17452006980802792,1.4184397163120568,True,False,,,,,,,-0.17452006980802792,29.99176001548767,-0.17452006980802792,29.99176001548767,1.4184397163120568,59.370744943618774,2.3255813953488373,118.54462504386902,2.5089605734767026,182.41578841209412,3.8112522686025407,305.1723721027374,0.173310225303293,29.99176001548767,-0.18608045243090388,59.370744943618774,-0.544383617751613,118.54462504386902,-0.021548340623855133,182.41578841209412,-0.9159800677794359,305.1723721027374
2026-09-21 10:19:52,v2.1.2,MAIN,MAIN,MAIN,2026-09-21 10:19:52.781,True,KOSDAQ,437730,삼현,57300.0,13.77,1095152,149828000000.0,62752209600.0,149828000000.0,ACTUAL,4,57700.0,0.6932409012131715,1.0637189126252191,1.0711046299529268,82,40,22,11,9,False,60,2026-09-21 09:00:00.476,49750.0,60.0,4792.305833,20260921_437730_E008,2026-09-21 09:00:00.476,51700.0,60.0,4792.305833,577.3748650550842,20,0.17482517482517482,0.0,True,False,,,,,,,0.17482517482517482,29.409045696258545,0.17482517482517482,29.409045696258545,0.0,59.400805711746216,1.9572953736654803,118.87174868583679,1.2367491166077738,177.78801679611206,3.804347826086957,303.5209581851959,-0.173310225303293,29.409045696258545,0.0,59.400805711746216,-0.18859331395437695,118.87174868583679,0.5168740581796618,177.78801679611206,-0.9110371736531389,303.5209581851959
2026-09-21 10:20:20,v2.1.2,MAIN,MAIN,MAIN,2026-09-21 10:20:20.663,True,KOSDAQ,437730,삼현,57400.0,14.57,1103240,150865000000.0,63325976000.0,150865000000.0,ACTUAL,4,57700.0,0.5199306759098787,1.0597950166136294,1.0466318687469522,77,40,22,11,4,False,60,2026-09-21 09:00:00.476,49750.0,60.0,4820.187563,20260921_437730_E008,2026-09-21 09:00:00.476,51700.0,60.0,4820.187563,576.6974904537201,20,0.17452006980802792,0.34965034965034963,True,False,,,,,,,0.17452006980802792,27.486351251602173,0.17452006980802792,27.486351251602173,0.34965034965034963,56.89539694786072,1.773049645390071,116.26614189147949,2.6833631484794274,175.44002199172974,4.744525547445255,299.38204765319824,-0.17331022530329276,27.486351251602173,-0.34662045060658575,56.89539694786072,-0.5327009030374896,116.26614189147949,-0.8910040683581988,175.44002199172974,-1.7973598766747916,299.38204765319824
2026-09-21 10:25:31,v2.1.2,MAIN,MAIN,MAIN,2026-09-21 10:25:31.469,True,KOSDAQ,240810,원익IPS,128000.0,5.19,627222,76724000000.0,80284416000.0,76724000000.0,ACTUAL,11,129000.0,0.7751937984496124,1.0566879682679595,1.0784125608649004,79,37,22,11,9,False,60,2026-09-21 09:56:12.597,127700.0,61.0,1758.872491,20260921_240810_E005,2026-09-21 10:25:01.769,128000.0,79.0,29.700346,577.2852528095245,21,0.47095761381475665,0.7081038552321007,True,False,,,,,,,0.47095761381475665,29.52420139312744,0.47095761381475665,29.52420139312744,0.7081038552321007,58.20343518257141,0.7081038552321007,113.28818964958191,0.7874015748031495,167.50227236747742,1.4263074484944533,307.72937417030334,,,,,,,,,,
2026-09-21 10:26:59,v2.1.2,MAIN,MAIN,MAIN,2026-09-21 10:26:59.079,True,KOSDAQ,240810,원익IPS,128900.0,6.17,668836,83868000000.0,86212960400.0,83868000000.0,ACTUAL,10,129300.0,0.30935808197989173,1.0931129763828789,1.0663465248349069,82,37,25,11,9,False,60,2026-09-21 09:56:12.597,127700.0,61.0,1846.481775,20260921_240810_E005,2026-09-21 10:25:01.769,128000.0,79.0,117.30963,575.1474661827087,21,-0.1549186676994578,0.46765393608729544,True,False,,,,,,,-0.1549186676994578,31.575493812561035,-0.1549186676994578,31.575493812561035,0.46765393608729544,59.86522936820984,1.1773940345368918,121.5022714138031,1.4162077104642015,177.40949511528015,1.6561514195583598,286.25170612335205,0.15467904098994587,31.575493812561035,-0.23327757693483692,59.86522936820984,,,,,,
2026-09-21 10:27:29,v2.1.2,MAIN,MAIN,MAIN,2026-09-21 10:27:29.192,True,KOSDAQ,240810,원익IPS,128700.0,5.76,671227,84351000000.0,86386914900.0,84351000000.0,ACTUAL,10,129300.0,0.46403712296983757,1.0663438807630559,1.062934194794809,82,37,25,11,9,False,60,2026-09-21 09:56:12.597,127700.0,61.0,1876.595308,20260921_240810_E005,2026-09-21 10:25:01.769,128000.0,79.0,147.423163,574.606484413147,21,-0.1551590380139643,-0.3098373353989156,True,False,,,,,,,-0.1551590380139643,28.540940284729004,-0.1551590380139643,28.540940284729004,-0.3098373353989156,60.11643409729004,0.546875,120.51901030540466,1.2588512981904012,178.72244548797607,1.3385826771653544,288.0212826728821,0.15467904098994584,28.540940284729004,0.3093580819798917,60.11643409729004,-0.3111566754797749,120.51901030540466,,,,
2026-09-21 10:27:58,v2.1.2,MAIN,MAIN,MAIN,2026-09-21 10:27:58.147,True,KOSDAQ,240810,원익IPS,129100.0,6.42,682481,85506000000.0,88108297100.0,85506000000.0,ACTUAL,10,129500.0,0.3088803088803089,1.0616588030792153,1.0302004305074615,77,37,25,11,4,False,60,2026-09-21 09:56:12.597,127700.0,61.0,1905.549918,20260921_240810_E005,2026-09-21 10:25:01.769,128000.0,79.0,176.377773,574.1095290184021,21,0.3108003108003108,0.1551590380139643,True,False,,,,,,,0.3108003108003108,29.5950026512146,0.3108003108003108,29.5950026512146,0.1551590380139643,58.1359429359436,0.6235385814497272,118.00117230415344,1.3343799058084773,179.6382143497467,1.6535433070866141,290.079726934433,-0.1551568140895287,29.5950026512146,-0.00047777309958285663,58.1359429359436,-0.23375535003441977,118.00117230415344,,,,
2026-09-21 10:32:17,v2.1.2,MAIN,MAIN,MAIN,2026-09-21 10:32:17.699,True,KOSDAQ,232140,와이씨,14260.0,19.9,6255325,85294000000.0,89200934500.0,85294000000.0,ACTUAL,11,14440.0,1.2465373961218837,1.0644984149963808,1.061178557808579,76,37,19,11,9,False,60,2026-09-21 09:32:34.914,13220.0,69.0,3582.785343,20260921_232140_E011,2026-09-21 10:31:53.840,14260.0,76.0,23.859345,579.572915315628,21,-0.48848569434752265,-0.627177700348432,False,False,,,,,,,-0.48848569434752265,26.353965997695923,-0.48848569434752265,26.353965997695923,-0.627177700348432,54.67369866371155,-0.627177700348432,113.08410406112671,-0.9034051424600417,174.5877866744995,-0.9034051424600417,291.551632642746,,,,,,,,,,
2026-09-21 10:33:45,v2.1.2,MAIN,MAIN,MAIN,2026-09-21 10:33:45.352,True,KOSDAQ,240810,원익IPS,129900.0,7.0,769442,96571000000.0,99950515800.0,96571000000.0,ACTUAL,9,130350.0,0.34522439585730724,1.0719629695408934,1.0758642868628396,82,37,25,11,9,False,60,2026-09-21 09:56:12.597,127700.0,61.0,2252.755206,20260921_240810_E005,2026-09-21 10:25:01.769,128000.0,79.0,523.583061,582.0936763286591,21,0.6976744186046512,0.6976744186046512,True,False,,,,,,,0.6976744186046512,28.542487144470215,0.6976744186046512,28.542487144470215,0.6976744186046512,56.350632429122925,0.6976744186046512,110.94557428359985,0.6976744186046512,168.72371101379395,0.541795665634675,288.44755506515503,-0.040875990243078864,28.542487144470215,-0.040875990243078864,56.350632429122925,-0.040875990243078864,110.94557428359985,-0.040875990243078864,168.72371101379395,0.1135641641970756,288.44755506515503
2026-09-21 10:34:14,v2.1.2,MAIN,MAIN,MAIN,2026-09-21 10:34:14.589,True,KOSDAQ,240810,원익IPS,129900.0,7.0,775175,97800000000.0,100695232500.0,97800000000.0,ACTUAL,9,130350.0,0.34522439585730724,1.0825290002656514,1.080359183627961,82,37,25,11,9,False,60,2026-09-21 09:56:12.597,127700.0,61.0,2281.992105,20260921_240810_E005,2026-09-21 10:25:01.769,128000.0,79.0,552.81996,585.688364982605,21,0.0,0.6976744186046512,True,False,,,,,,,0.0,30.822678565979004,0.0,30.822678565979004,0.6976744186046512,59.36516571044922,0.9324009324009324,115.41428685188293,1.010886469673406,170.08798551559448,0.541795665634675,290.00207352638245,0.0,30.822678565979004,-0.040875990243078864,59.36516571044922,-0.2725362219033105,115.41428685188293,-0.3497562991233877,170.08798551559448,0.1135641641970756,290.00207352638245
2026-09-21 10:34:42,v2.1.2,MAIN,MAIN,MAIN,2026-09-21 10:34:42.136,True,KOSDAQ,240810,원익IPS,129700.0,6.91,781066,98307000000.0,101304260200.0,98307000000.0,ACTUAL,9,130350.0,0.49865746068277716,1.0857732960758109,1.0862410889863627,82,37,25,11,9,False,60,2026-09-21 09:56:12.597,127700.0,61.0,2309.538962,20260921_240810_E005,2026-09-21 10:25:01.769,128000.0,79.0,580.366817,583.5188150405884,21,-0.15396458814472672,-0.15396458814472672,True,False,,,,,,,-0.15396458814472672,26.509683847427368,-0.15396458814472672,26.509683847427368,-0.15396458814472672,57.33236241340637,0.5426356589147286,113.6829948425293,0.5426356589147286,168.27793669700623,0.30935808197989173,285.0410461425781,0.15343306482546992,26.509683847427368,0.15343306482546992,57.33236241340637,0.11255707458239106,113.6829948425293,0.11255707458239106,168.27793669700623,0.3442173062426227,285.0410461425781
2026-09-21 10:37:28,v2.1.2,MAIN,MAIN,MAIN,2026-09-21 10:37:27.900,True,KOSDAQ,036540,SFA반도체,10800.0,19.84,13993327,144272000000.0,151127931600.0,144272000000.0,ACTUAL,7,10910.0,1.008249312557287,1.0617525629043059,1.059557105938848,79,40,19,11,9,False,60,2026-09-21 09:17:26.804,9870.0,69.0,4801.096033,20260921_036540_E004,2026-09-21 10:37:00.945,10800.0,79.0,26.954891,598.6568319797516,22,-0.4608294930875576,-0.5524861878453038,False,False,,,,,,,-0.4608294930875576,26.58463954925537,-0.4608294930875576,26.58463954925537,-0.5524861878453038,53.767085313797,-0.6439742410303588,108.94164943695068,-0.36900369003690037,191.69091248512268,-0.6439742410303588,307.1051993370056,,,,,,,,,,
2026-09-21 10:44:37,v2.1.2,MAIN,MAIN,MAIN,2026-09-21 10:44:37.359,True,KOSPI,402340,SK스퀘어,1133000.0,5.19,217313,359662000000.0,246215629000.0,359662000000.0,ACTUAL,8,1135000.0,0.1762114537444934,8.966891049613563,1.0201530372734955,89,40,25,20,4,False,60,2026-09-21 09:00:00.476,1084000.0,63.0,6276.883285,20260921_402340_E003,2026-09-21 09:00:00.476,1104000.0,60.0,6276.883285,595.7394821643829,23,0.0,0.08833922261484099,False,False,,,,,,,0.0,26.81544280052185,0.0,26.81544280052185,0.08833922261484099,53.615737199783325,0.17683465959328026,107.34494853019714,0.2654867256637168,186.85654854774475,0.17683465959328026,294.39022278785706,0.08802803222773856,26.81544280052185,-0.0001553892890162889,53.615737199783325,-0.08833881080577113,107.34494853019714,-0.17652223232252598,186.85654854774475,-0.08833881080577113,294.39022278785706
2026-09-21 10:45:08,v2.1.2,MAIN,MAIN,MAIN,2026-09-21 10:45:08.853,True,KOSPI,402340,SK스퀘어,1133000.0,5.0,217387,360095000000.0,246299471000.0,360095000000.0,ACTUAL,8,1135000.0,0.1762114537444934,8.977686362503116,1.0148644043267367,89,40,25,20,4,False,60,2026-09-21 09:00:00.476,1084000.0,63.0,6308.377218,20260921_402340_E003,2026-09-21 09:00:00.476,1104000.0,60.0,6308.377218,572.1206929683685,22,0.0,0.0,False,False,,,,,,,0.0,32.620790004730225,0.0,32.620790004730225,0.0,59.436232805252075,0.2654867256637168,114.27938437461853,0.2654867256637168,192.9877758026123,0.354295837023915,298.25212693214417,0.0,32.620790004730225,0.08802803222773856,59.436232805252075,-0.17652223232252598,114.27938437461853,-0.17652223232252598,192.9877758026123,-0.2647056538392808,298.25212693214417
2026-09-21 10:45:35,v2.1.2,MAIN,MAIN,MAIN,2026-09-21 10:45:35.578,True,KOSPI,402340,SK스퀘어,1135000.0,5.0,219091,360095000000.0,248668285000.0,360095000000.0,ACTUAL,8,1135000.0,0.0,8.977686362503116,1.0142256663796536,89,40,25,20,4,False,60,2026-09-21 09:00:00.476,1084000.0,63.0,6335.102443,20260921_402340_E003,2026-09-21 09:00:00.476,1104000.0,60.0,6335.102443,598.8529770374298,23,0.176522506619594,0.176522506619594,False,False,,,,,,,0.176522506619594,26.73228406906128,0.176522506619594,26.73228406906128,0.176522506619594,59.353074073791504,0.26501766784452296,112.96881127357483,0.4424778761061947,192.76659321784973,0.5314437555358724,298.854585647583,-0.1762114537444934,26.73228406906128,-0.1762114537444934,59.353074073791504,-0.1763668430335097,112.96881127357483,-0.3527336860670194,192.76659321784973,-0.4409171075837742,298.854585647583
2026-09-21 11:01:35,v2.1.2,MAIN,MAIN,MAIN,2026-09-21 11:01:35.852,True,KOSDAQ,950260,인제니아테라퓨틱스(Reg.S),21250.0,13.16,1941940,37280000000.0,41266225000.0,37280000000.0,ACTUAL,28,21300.0,0.2347417840375587,1.1544655022915893,1.1713668560495247,82,29,25,16,12,False,60,2026-09-21 10:53:16.536,19950.0,71.0,499.315509,20260921_950260_E003,2026-09-21 10:57:27.238,20200.0,63.0,248.613952,580.2582187652588,22,2.4096385542168677,3.6585365853658534,True,True,20260921_950260_SHADOW_SCORE_70_74_E003_105847058809,2026-09-21 10:58:47.028,20500.0,74.0,168.824166,3.658536585365857,2.4096385542168677,27.837578535079956,2.4096385542168677,27.837578535079956,3.6585365853658534,55.012699127197266,3.6585365853658534,111.75790882110596,3.6585365853658534,165.9286172389984,5.198019801980198,302.20551466941833,-0.7199121539099353,27.837578535079956,0.2347417840375587,55.012699127197266,0.2347417840375587,111.75790882110596,0.2347417840375587,165.9286172389984,-0.25786905340086497,302.20551466941833
2026-09-21 11:02:06,v2.1.2,MAIN,MAIN,MAIN,2026-09-21 11:02:06.220,True,KOSDAQ,950260,인제니아테라퓨틱스(Reg.S),21450.0,15.59,2032134,39758000000.0,43589274300.0,39758000000.0,ACTUAL,27,21450.0,0.0,1.2312027746810355,1.2257713496046967,82,29,25,16,12,False,60,2026-09-21 10:53:16.536,19950.0,71.0,529.683312,20260921_950260_E003,2026-09-21 10:57:27.238,20200.0,63.0,278.981755,585.6656804084778,22,0.9411764705882352,3.3734939759036147,True,True,20260921_950260_SHADOW_SCORE_70_74_E003_105847058809,2026-09-21 10:58:47.028,20500.0,74.0,168.824166,3.658536585365857,0.9411764705882352,31.73459029197693,0.9411764705882352,31.73459029197693,3.3734939759036147,59.572168827056885,4.634146341463414,115.8275990486145,4.634146341463414,171.5723955631256,6.451612903225806,307.6418867111206,-0.2347417840375587,31.73459029197693,-0.9546539379474941,59.572168827056885,0.0,115.8275990486145,0.0,171.5723955631256,-0.7389162561576355,307.6418867111206
2026-09-21 11:02:33,v2.1.2,MAIN,MAIN,MAIN,2026-09-21 11:02:33.661,True,KOSDAQ,950260,인제니아테라퓨틱스(Reg.S),21150.0,15.05,2120353,41699000000.0,44845465950.0,41699000000.0,ACTUAL,26,21500.0,1.627906976744186,1.219589950571788,1.1966597305819258,76,29,19,16,12,False,60,2026-09-21 10:53:16.536,19950.0,71.0,557.124313,20260921_950260_E003,2026-09-21 10:57:27.238,20200.0,63.0,306.422756,585.7534046173096,22,-1.3986013986013985,-0.4705882352941176,True,True,20260921_950260_SHADOW_SCORE_70_74_E003_105847058809,2026-09-21 10:58:47.028,20500.0,74.0,168.824166,3.658536585365857,-1.3986013986013985,26.865676403045654,-1.3986013986013985,26.865676403045654,-0.4705882352941176,58.60026669502258,3.1707317073170733,113.61296582221985,3.1707317073170733,170.35817551612854,5.223880597014925,307.36684226989746,1.627906976744186,26.865676403045654,1.3931651927066273,58.60026669502258,1.627906976744186,113.61296582221985,1.627906976744186,170.35817551612854,0.6426853018673387,307.36684226989746
2026-09-21 11:05:11,v2.1.2,MAIN,MAIN,MAIN,2026-09-21 11:05:11.758,True,KOSDAQ,144960,뉴파워프라즈마,11690.0,13.33,1775051,20023000000.0,20750346190.0,20023000000.0,ACTUAL,50,11820.0,1.0998307952622675,2.8793500143802127,2.8294158340718827,78,24,19,20,15,False,60,2026-09-21 11:04:46.754,11690.0,78.0,25.004522,20260921_144960_E001,2026-09-21 11:04:46.754,11690.0,78.0,25.004522,581.3883440494537,22,-0.08547008547008547,-0.3410059676044331,False,False,,,,,,,-0.08547008547008547,25.940303087234497,-0.08547008547008547,25.940303087234497,-0.3410059676044331,51.82553768157959,0.7758620689655172,132.0463478565216,1.3876843018213356,186.3457624912262,1.8292682926829267,302.1733615398407,,,,,,,,,,
2026-09-21 11:18:47,v2.1.2,MAIN,MAIN,MAIN,2026-09-21 11:18:47.105,True,KOSDAQ,036540,SFA반도체,10810.0,19.96,18529992,193978000000.0,200309213520.0,193978000000.0,ACTUAL,6,11080.0,2.436823104693141,1.2284708236754442,1.2159089783138308,82,40,14,16,12,False,60,2026-09-21 09:17:26.804,9870.0,69.0,7280.301446,20260921_036540_E006,2026-09-21 11:18:21.065,10810.0,82.0,26.039808,574.8776676654816,23,-0.18467220683287164,-0.32272936837252186,False,False,,,,,,,-0.18467220683287164,25.21485424041748,-0.18467220683287164,25.21485424041748,-0.32272936837252186,51.33326554298401,-0.8256880733944955,127.48977899551392,-0.6433823529411764,179.3124349117279,-1.0978956999085088,310.8052806854248,,,,,,,,,,
2026-09-21 12:53:48,v2.1.2,MAIN,MAIN,MAIN,2026-09-21 12:53:48.889,True,KOSPI,005930,삼성전자,274000.0,5.08,14200640,5778901000000.0,3890975360000.0,5778901000000.0,ACTUAL,1,274500.0,0.18214936247723132,14.799707534944709,1.0138699005088612,89,40,25,20,4,False,60,2026-09-21 09:00:00.476,264500.0,74.0,14028.413648,20260921_005930_E001,2026-09-21 09:00:00.476,264500.0,74.0,14028.413648,590.2984607219696,21,0.0,0.091324200913242,True,True,20260921_005930_SHADOW_SCORE_70_74_E001_090053806186,2026-09-21 09:00:53.792,264500.0,74.0,53.063127,0.1890359168241984,0.0,29.08889102935791,0.0,29.08889102935791,0.091324200913242,57.40408682823181,0.091324200913242,113.60672044754028,0.0,171.36283135414124,0.0,285.3326425552368,0.0,29.08889102935791,0.09090848656482256,57.40408682823181,0.09090848656482256,113.60672044754028,0.18214936247723132,171.36283135414124,0.18214936247723132,285.3326425552368
2026-09-21 12:54:18,v2.1.2,MAIN,MAIN,MAIN,2026-09-21 12:54:18.130,True,KOSPI,005930,삼성전자,274000.0,5.08,14273733,5778901000000.0,3911002842000.0,5778901000000.0,ACTUAL,1,274500.0,0.18214936247723132,14.799707534944709,1.0180209627517463,89,40,25,20,4,False,60,2026-09-21 09:00:00.476,264500.0,74.0,14057.654205,20260921_005930_E001,2026-09-21 09:00:00.476,264500.0,74.0,14057.654205,581.5290071964264,21,0.0,0.0,True,True,20260921_005930_SHADOW_SCORE_70_74_E001_090053806186,2026-09-21 09:00:53.792,264500.0,74.0,53.063127,0.1890359168241984,0.0,30.113819122314453,0.0,30.113819122314453,0.0,59.20271015167236,0.0,115.52380466461182,0.091324200913242,172.89489245414734,0.0,286.97000432014465,0.0,30.113819122314453,0.0,59.20271015167236,0.18214936247723132,115.52380466461182,0.09090848656482256,172.89489245414734,0.18214936247723132,286.97000432014465
2026-09-21 12:54:46,v2.1.2,MAIN,MAIN,MAIN,2026-09-21 12:54:46.544,True,KOSPI,005930,삼성전자,273750.0,5.08,14288032,5778901000000.0,3911348760000.0,5778901000000.0,ACTUAL,1,274500.0,0.273224043715847,14.799707534944709,1.006375552341378,89,40,25,20,4,False,60,2026-09-21 09:00:00.476,264500.0,74.0,14086.06871,20260921_005930_E001,2026-09-21 09:00:00.476,264500.0,74.0,14086.06871,572.5957942008972,21,-0.09124087591240876,-0.09124087591240876,True,True,20260921_005930_SHADOW_SCORE_70_74_E001_090053806186,2026-09-21 09:00:53.792,264500.0,74.0,53.063127,0.1890359168241984,-0.09124087591240876,27.84425449371338,-0.09124087591240876,27.84425449371338,-0.09124087591240876,57.95807361602783,0.0,115.36216044425964,0.0,171.56479406356812,0.0,286.1669006347656,0.0910746812386157,27.84425449371338,0.0910746812386157,57.95807361602783,0.18198316780343826,115.36216044425964,0.18198316780343826,171.56479406356812,0.18198316780343826,286.1669006347656
2026-09-21 13:08:20,v2.1.2,MAIN,MAIN,MAIN,2026-09-21 13:08:20.508,True,KOSPI,402340,SK스퀘어,1132000.0,5.0,319552,501634000000.0,361732864000.0,501634000000.0,ACTUAL,8,1135000.0,0.2643171806167401,1.3841654042807987,1.0025475309029304,89,40,25,20,4,False,60,2026-09-21 09:00:00.476,1084000.0,63.0,14900.032043,20260921_402340_E003,2026-09-21 09:00:00.476,1104000.0,60.0,14900.032043,581.0335612297058,21,-0.088261253309797,0.0,False,False,,,,,,,-0.088261253309797,29.014984846115112,-0.088261253309797,29.014984846115112,0.0,57.964932680130005,-0.088261253309797,116.44412565231323,0.08841732979664013,173.32402396202087,0.0,293.06428122520447,0.08810572687224669,29.014984846115112,0.0,57.964932680130005,0.08810572687224669,116.44412565231323,-0.08810572687224671,173.32402396202087,0.0,293.06428122520447
2026-09-21 13:08:50,v2.1.2,MAIN,MAIN,MAIN,2026-09-21 13:08:50.802,True,KOSPI,402340,SK스퀘어,1134000.0,5.0,320569,501634000000.0,363525246000.0,501634000000.0,ACTUAL,8,1135000.0,0.0881057268722467,1.3841654042807987,1.0047200709577733,89,40,25,20,4,False,60,2026-09-21 09:00:00.476,1084000.0,63.0,14930.32602,20260921_402340_E003,2026-09-21 09:00:00.476,1104000.0,60.0,14930.32602,583.7018060684204,21,0.17667844522968199,0.088261253309797,False,False,,,,,,,0.17667844522968199,31.746876001358032,0.17667844522968199,31.746876001358032,0.088261253309797,60.761860847473145,0.17667844522968199,118.72714185714722,0.17667844522968199,175.77020168304443,0.088261253309797,294.4181821346283,-0.17621145374449337,31.746876001358032,-0.0881057268722467,60.761860847473145,-0.17621145374449337,118.72714185714722,-0.17621145374449337,175.77020168304443,-0.0881057268722467,294.4181821346283
2026-09-21 13:09:19,v2.1.2,MAIN,MAIN,MAIN,2026-09-21 13:09:19.260,True,KOSPI,402340,SK스퀘어,1134000.0,5.0,320671,503144000000.0,363640914000.0,503144000000.0,ACTUAL,8,1135000.0,0.0881057268722467,1.388331967473214,1.0036902332452768,89,40,25,20,4,False,60,2026-09-21 09:00:00.476,1084000.0,63.0,14958.784773,20260921_402340_E003,2026-09-21 09:00:00.476,1104000.0,60.0,14958.784773,584.5191507339478,21,0.0,0.17667844522968199,False,False,,,,,,,0.0,28.216307401657104,0.0,28.216307401657104,0.17667844522968199,59.96318340301514,0.17667844522968199,117.92811608314514,0.088261253309797,176.40730905532837,0.088261253309797,293.71780347824097,0.0,28.216307401657104,-0.17621145374449337,59.96318340301514,-0.17621145374449337,117.92811608314514,-0.0881057268722467,176.40730905532837,-0.0881057268722467,293.71780347824097
2026-09-21 13:27:00,v2.1.2,MAIN,MAIN,MAIN,2026-09-21 13:27:00.609,True,KOSDAQ,131970,두산테스나,90400.0,5.11,361412,69137000000.0,32671644800.0,69137000000.0,ACTUAL,16,93000.0,2.795698924731183,1.19840183044149,1.27735856392059,75,33,14,16,12,False,60,2026-09-21 09:46:22.700,90400.0,63.0,13237.908973,20260921_131970_E008,2026-09-21 13:26:32.880,90400.0,75.0,27.728873,573.5519342422485,21,0.0,0.22172949002217296,False,False,,,,,,,0.0,28.937188625335693,0.0,28.937188625335693,0.22172949002217296,56.33561658859253,0.22172949002217296,114.82411646842957,0.3329633740288568,170.74122524261475,0.4444444444444444,313.6666045188904,,,,,,,,,,
2026-09-21 15:40:33,v2.1.2,NXT_AFTER,NXT_AFTER,NXT_AFTER,2026-09-21 15:40:33.079,True,KOSPI,005930,삼성전자,274000.0,5.08,21531237,6614640000000.0,5899558938000.0,6614640000000.0,ACTUAL,1,275000.0,0.36363636363636365,1.0,1.0735074529195805,79,40,25,5,9,False,60,2026-09-21 09:00:00.476,264500.0,74.0,24032.602927,20260921_005930_E001,2026-09-21 09:00:00.476,264500.0,74.0,24032.602927,0.0,1,,,True,True,20260921_005930_SHADOW_SCORE_70_74_E001_090053806186,2026-09-21 09:00:53.792,264500.0,74.0,53.063127,0.1890359168241984,,,,,,,,,,,,,,,,,,,,,,
2026-09-21 15:40:34,v2.1.2,NXT_AFTER,NXT_AFTER,NXT_AFTER,2026-09-21 15:40:33.079,True,KOSPI,402340,SK스퀘어,1127000.0,5.0,493711,593223000000.0,556412297000.0,593223000000.0,ACTUAL,8,1137000.0,0.8795074758135445,1.0,1.0939897273174473,76,40,22,5,9,False,60,2026-09-21 09:00:00.476,1084000.0,63.0,24032.603428,20260921_402340_E003,2026-09-21 09:00:00.476,1104000.0,60.0,24032.603428,0.0,1,,,False,False,,,,,,,,,,,,,,,,,,,,,,,,,,,,
2026-09-21 17:30:28,v2.1.2,NXT_AFTER,NXT_AFTER,NXT_AFTER,2026-09-21 17:30:28.485,True,KOSPI,005930,삼성전자,274500.0,5.17,21885876,8710894000000.0,6007672962000.0,8710894000000.0,ACTUAL,1,275000.0,0.18181818181818182,1.3169112755947414,1.0038718500739217,89,40,25,20,4,False,60,2026-09-21 09:00:00.476,264500.0,74.0,30628.009304,20260921_005930_E001,2026-09-21 09:00:00.476,264500.0,74.0,30628.009304,578.8440358638763,16,0.0,0.18248175182481752,True,True,20260921_005930_SHADOW_SCORE_70_74_E001_090053806186,2026-09-21 09:00:53.792,264500.0,74.0,53.063127,0.1890359168241984,0.0,37.93858575820923,0.0,37.93858575820923,0.18248175182481752,74.80113434791565,0.18248175182481752,113.5986111164093,0.3656307129798903,191.68727684020996,0.18248175182481752,307.23468017578125,0.0,37.93858575820923,-0.18181818181818182,74.80113434791565,-0.18181818181818182,113.5986111164093,-0.3636363636363637,191.68727684020996,-0.18181818181818182,307.23468017578125
2026-09-21 17:31:08,v2.1.2,NXT_AFTER,NXT_AFTER,NXT_AFTER,2026-09-21 17:31:08.472,True,KOSPI,005930,삼성전자,274500.0,5.17,21886026,8711731000000.0,6007714137000.0,8711731000000.0,ACTUAL,1,275000.0,0.18181818181818182,1.3170378130933806,1.0000125195606713,89,40,25,20,4,False,60,2026-09-21 09:00:00.476,264500.0,74.0,30667.996404,20260921_005930_E001,2026-09-21 09:00:00.476,264500.0,74.0,30667.996404,579.2561466693878,16,0.0,0.0,True,True,20260921_005930_SHADOW_SCORE_70_74_E001_090053806186,2026-09-21 09:00:53.792,264500.0,74.0,53.063127,0.1890359168241984,,,0.0,41.43754267692566,0.0,41.43754267692566,0.18248175182481752,116.23867702484131,0.18248175182481752,193.11025643348694,0.3656307129798903,310.8044767379761,0.0,41.43754267692566,0.0,41.43754267692566,-0.18181818181818182,116.23867702484131,-0.18181818181818182,193.11025643348694,-0.3636363636363637,310.8044767379761
2026-09-21 18:46:07,v2.1.2,NXT_AFTER,NXT_AFTER,NXT_AFTER,2026-09-21 18:46:07.466,True,KOSPI,000990,DB하이텍,132300.0,5.0,668029,163235000000.0,88380236700.0,163235000000.0,ACTUAL,37,132500.0,0.1509433962264151,1.1969393666087391,1.1957274289396433,93,40,25,16,12,False,60,2026-09-21 14:57:12.018,132300.0,74.0,13735.448006,20260921_000990_E002,2026-09-21 18:45:34.516,132300.0,93.0,32.950141,595.4542620182037,15,0.3032600454890068,0.3032600454890068,True,False,,,,,,,,,0.3032600454890068,42.25600337982178,0.3032600454890068,42.25600337982178,0.3032600454890068,142.46346473693848,0.3032600454890068,183.9155514240265,0.3032600454890068,307.0639967918396,,,,,,,,,,
2026-09-21 18:46:47,v2.1.2,NXT_AFTER,NXT_AFTER,NXT_AFTER,2026-09-21 18:46:47.321,True,KOSPI,402340,SK스퀘어,1132000.0,5.0,499469,745608000000.0,565398908000.0,745608000000.0,ACTUAL,9,1137000.0,0.43975373790677225,1.2568764191543484,1.0,85,40,25,16,4,False,60,2026-09-21 09:00:00.476,1084000.0,63.0,35206.845728,20260921_402340_E003,2026-09-21 09:00:00.476,1104000.0,60.0,35206.845728,593.9374890327454,15,0.0,0.0,False,False,,,,,,,0.0,39.88126182556152,0.0,39.88126182556152,0.0,39.88126182556152,0.08841732979664013,124.8493173122406,0.0,182.3447265625,0.0,304.77545499801636,0.0,39.88126182556152,0.0,39.88126182556152,-0.0879507475813544,124.8493173122406,0.0,182.3447265625,0.0,304.77545499801636
2026-09-21 18:47:28,v2.1.2,NXT_AFTER,NXT_AFTER,NXT_AFTER,2026-09-21 18:47:28.699,True,KOSPI,402340,SK스퀘어,1133000.0,5.0,499471,745673000000.0,565900643000.0,745673000000.0,ACTUAL,9,1137000.0,0.3518029903254178,1.256985990091416,1.0000040042525162,85,40,25,16,4,False,60,2026-09-21 09:00:00.476,1084000.0,63.0,35248.223834,20260921_402340_E003,2026-09-21 09:00:00.476,1104000.0,60.0,35248.223834,593.4117693901062,15,0.08833922261484099,0.08833922261484099,False,False,,,,,,,,,0.08833922261484099,41.61626839637756,0.08833922261484099,41.61626839637756,0.08833922261484099,123.75353360176086,0.17683465959328026,166.46558570861816,0.08833922261484099,306.58220911026,-0.08795074758135446,41.61626839637756,-0.08795074758135446,41.61626839637756,-0.08795074758135446,123.75353360176086,-0.17590149516270887,166.46558570861816,-0.08795074758135446,306.58220911026
