datetime,version,trade_id,stock_code,stock_name,entry_mode,rule_version,score,high_gap,price_change_15s,price_change_30s,price_change_60s,price_change_120s,price_change_300s,value_growth
2026-09-08 09:01:45.396,v1.7.1,20260908_000990_NEW_EARLY_ACCEL_SHADOW_E001_090145392339,000990,DB하이텍,NEW_EARLY_ACCEL_SHADOW,v170_provisional_1,78.0,1.0018214936247722,0.7414272474513438,0.7414272474513438,0.18433179723502305,,,1.136362635184247
2026-09-08 09:01:45.400,v1.7.1,20260908_000990_NEW_WATCH_RECLAIM_SHADOW_E001_090145397770,000990,DB하이텍,NEW_WATCH_RECLAIM_SHADOW,v170_provisional_1,78.0,1.0018214936247722,0.7414272474513438,0.7414272474513438,0.18433179723502305,,,1.136362635184247
2026-09-08 09:01:45.402,v1.7.1,20260908_052690_NEW_EARLY_ACCEL_SHADOW_E001_090145401360,052690,한전기술,NEW_EARLY_ACCEL_SHADOW,v170_provisional_1,77.0,0.7627765064836003,0.4633204633204633,0.4633204633204633,0.5409582689335394,,,1.0846675397093613
2026-09-08 09:01:45.405,v1.7.1,20260908_052690_NEW_WATCH_RECLAIM_SHADOW_E001_090145403831,052690,한전기술,NEW_WATCH_RECLAIM_SHADOW,v170_provisional_1,77.0,0.7627765064836003,0.4633204633204633,0.4633204633204633,0.5409582689335394,,,1.0846675397093613
2026-09-08 09:02:36.314,v1.7.1,20260908_386380_NEW_EARLY_ACCEL_SHADOW_E001_090236307573,386380,스카이랩스,NEW_EARLY_ACCEL_SHADOW,v170_provisional_1,97.0,0.0,3.0441400304414,2.731411229135053,2.5757575757575757,,,1.3144702157196113
2026-09-08 09:02:36.321,v1.7.1,20260908_386380_NEW_WATCH_RECLAIM_SHADOW_E001_090236318796,386380,스카이랩스,NEW_WATCH_RECLAIM_SHADOW,v170_provisional_1,97.0,0.0,3.0441400304414,2.731411229135053,2.5757575757575757,,,1.3144702157196113
2026-09-08 09:02:57.558,v1.7.1,20260908_034020_NEW_EARLY_ACCEL_SHADOW_E001_090257538416,034020,두산에너빌리티,NEW_EARLY_ACCEL_SHADOW,v170_provisional_1,74.0,0.3246753246753247,0.2176278563656148,1.0976948408342482,1.7679558011049725,1.3201320132013201,,1.0
2026-09-08 09:02:57.593,v1.7.1,20260908_034020_NEW_WATCH_RECLAIM_SHADOW_E001_090257567932,034020,두산에너빌리티,NEW_WATCH_RECLAIM_SHADOW,v170_provisional_1,74.0,0.3246753246753247,0.2176278563656148,1.0976948408342482,1.7679558011049725,1.3201320132013201,,1.0
2026-09-08 09:02:57.626,v1.7.1,20260908_161580_NEW_EARLY_ACCEL_SHADOW_E001_090257600007,161580,필옵틱스,NEW_EARLY_ACCEL_SHADOW,v170_provisional_1,63.0,2.849740932642487,11.940298507462686,11.940298507462686,11.940298507462686,,,1.0364822597986512
2026-09-08 09:02:57.659,v1.7.1,20260908_161580_NEW_WATCH_RECLAIM_SHADOW_E001_090257632851,161580,필옵틱스,NEW_WATCH_RECLAIM_SHADOW,v170_provisional_1,63.0,2.849740932642487,11.940298507462686,11.940298507462686,11.940298507462686,,,1.0364822597986512
2026-09-08 09:03:16.149,v1.7.1,20260908_249420_NEW_WATCH_RECLAIM_SHADOW_E001_090316090090,249420,일동제약,NEW_WATCH_RECLAIM_SHADOW,v170_provisional_1,60.0,2.1013597033374536,0.0,0.12642225031605564,-0.12610340479192939,-0.5025125628140703,,1.0204956955975613
2026-09-08 09:03:16.168,v1.7.1,20260908_047040_NEW_EARLY_ACCEL_SHADOW_EPISODE_090316151020,047040,대우건설,NEW_EARLY_ACCEL_SHADOW,v170_provisional_1,58.0,0.3050330452465684,0.10209290454313426,1.8172377985462098,2.082248828735034,4.47522642514651,,1.0
2026-09-08 09:03:32.065,v1.7.1,20260908_034020_NEW_EARLY_ACCEL_SHADOW_E002_090332040021,034020,두산에너빌리티,NEW_EARLY_ACCEL_SHADOW,v170_provisional_1,74.0,0.32397408207343414,0.10845986984815618,0.21715526601520088,0.4352557127312296,2.101769911504425,,1.0
2026-09-08 09:03:32.102,v1.7.1,20260908_034020_NEW_WATCH_RECLAIM_SHADOW_E002_090332068445,034020,두산에너빌리티,NEW_WATCH_RECLAIM_SHADOW,v170_provisional_1,74.0,0.32397408207343414,0.10845986984815618,0.21715526601520088,0.4352557127312296,2.101769911504425,,1.0
2026-09-08 09:03:32.129,v1.7.1,20260908_028050_NEW_EARLY_ACCEL_SHADOW_EPISODE_090332103128,028050,삼성E&A,NEW_EARLY_ACCEL_SHADOW,v170_provisional_1,58.0,0.3875968992248062,0.1949317738791423,0.1949317738791423,0.1949317738791423,,,1.0
2026-09-08 09:04:08.006,v1.7.1,20260908_317330_NEW_EARLY_ACCEL_SHADOW_E001_090407978672,317330,덕산테코피아,NEW_EARLY_ACCEL_SHADOW,v170_provisional_1,63.0,1.2422360248447204,0.13995801259622112,0.5621925509486999,1.059322033898305,-2.2540983606557377,,1.0403906087679202
2026-09-08 09:04:08.047,v1.7.1,20260908_317330_NEW_WATCH_RECLAIM_SHADOW_E001_090408006717,317330,덕산테코피아,NEW_WATCH_RECLAIM_SHADOW,v170_provisional_1,63.0,1.2422360248447204,0.13995801259622112,0.5621925509486999,1.059322033898305,-2.2540983606557377,,1.0403906087679202
2026-09-08 09:04:29.040,v1.7.1,20260908_047040_NEW_EARLY_ACCEL_SHADOW_E001_090429039902,047040,대우건설,NEW_EARLY_ACCEL_SHADOW,v170_provisional_1,89.0,0.35353535353535354,0.7146503318019397,0.5606523955147809,0.7146503318019397,2.122153209109731,,1.4403910563954014
2026-09-08 09:04:29.062,v1.7.1,20260908_047040_NEW_WATCH_RECLAIM_SHADOW_E001_090429042082,047040,대우건설,NEW_WATCH_RECLAIM_SHADOW,v170_provisional_1,89.0,0.35353535353535354,0.7146503318019397,0.5606523955147809,0.7146503318019397,2.122153209109731,,1.4403910563954014
2026-09-08 09:04:29.078,v1.7.1,20260908_028050_NEW_WATCH_RECLAIM_SHADOW_E001_090429070100,028050,삼성E&A,NEW_WATCH_RECLAIM_SHADOW,v170_provisional_1,77.0,0.3875968992248062,0.4887585532746823,0.390625,0.0,0.390625,,1.1771351889528592
2026-09-08 09:04:29.082,v1.7.1,20260908_161580_NEW_EARLY_ACCEL_SHADOW_E002_090429079771,161580,필옵틱스,NEW_EARLY_ACCEL_SHADOW,v170_provisional_1,74.0,2.461139896373057,0.8032128514056224,1.6194331983805668,1.7567567567567568,12.388059701492537,,1.0285366671606055
2026-09-08 09:04:29.103,v1.7.1,20260908_161580_NEW_WATCH_RECLAIM_SHADOW_E002_090429082800,161580,필옵틱스,NEW_WATCH_RECLAIM_SHADOW,v170_provisional_1,74.0,2.461139896373057,0.8032128514056224,1.6194331983805668,1.7567567567567568,12.388059701492537,,1.0285366671606055
2026-09-08 09:06:11.420,v1.7.1,20260908_028050_NEW_EARLY_ACCEL_SHADOW_E001_090611367532,028050,삼성E&A,NEW_EARLY_ACCEL_SHADOW,v170_provisional_1,74.0,0.3875968992248062,0.5870841487279843,0.5870841487279843,0.1949317738791423,0.4887585532746823,,1.1260840356663002
2026-09-08 09:06:29.857,v1.7.1,20260908_047040_NEW_FIRST_PULLBACK_SHADOW_E001_090629688969,047040,대우건설,NEW_FIRST_PULLBACK_SHADOW,v170_provisional_1,87.0,1.315136476426799,-0.575,-0.575,-0.4256384576865298,0.7856056766345666,5.94033031433138,1.4900852297184837
2026-09-08 09:06:29.897,v1.7.1,20260908_161580_NEW_FIRST_PULLBACK_SHADOW_E002_090629859343,161580,필옵틱스,NEW_FIRST_PULLBACK_SHADOW,v170_provisional_1,82.0,0.6476683937823834,0.0,0.0,0.13054830287206268,1.859229747675963,14.477611940298507,1.027914737538332
2026-09-08 09:06:51.527,v1.7.1,20260908_034020_NEW_EARLY_ACCEL_SHADOW_E003_090651393953,034020,두산에너빌리티,NEW_EARLY_ACCEL_SHADOW,v170_provisional_1,91.0,0.10799136069114472,0.32537960954446854,0.43431053203040176,0.43431053203040176,0.7625272331154684,2.209944751381215,1.0934022349380426
2026-09-08 09:06:51.548,v1.7.1,20260908_034020_NEW_WATCH_RECLAIM_SHADOW_E003_090651527194,034020,두산에너빌리티,NEW_WATCH_RECLAIM_SHADOW,v170_provisional_1,91.0,0.10799136069114472,0.32537960954446854,0.43431053203040176,0.43431053203040176,0.7625272331154684,2.209944751381215,1.0934022349380426
2026-09-08 09:06:51.655,v1.7.1,20260908_249420_NEW_EARLY_ACCEL_SHADOW_E003_090651555148,249420,일동제약,NEW_EARLY_ACCEL_SHADOW,v170_provisional_1,65.0,1.9159456118665017,0.506649778340722,0.506649778340722,0.5703422053231939,0.6341154090044389,-0.06297229219143577,1.0418317790423979
2026-09-08 09:06:51.770,v1.7.1,20260908_249420_NEW_WATCH_RECLAIM_SHADOW_E003_090651655385,249420,일동제약,NEW_WATCH_RECLAIM_SHADOW,v170_provisional_1,65.0,1.9159456118665017,0.506649778340722,0.506649778340722,0.5703422053231939,0.6341154090044389,-0.06297229219143577,1.0418317790423979
2026-09-08 09:06:51.790,v1.7.1,20260908_000990_NEW_EARLY_ACCEL_SHADOW_E002_090651771372,000990,DB하이텍,NEW_EARLY_ACCEL_SHADOW,v170_provisional_1,64.0,2.5500910746812386,1.229895931882687,1.3257575757575757,1.3257575757575757,1.229895931882687,-1.5639374425023,1.049752274139332
2026-09-08 09:06:51.804,v1.7.1,20260908_000990_NEW_WATCH_RECLAIM_SHADOW_E002_090651790839,000990,DB하이텍,NEW_WATCH_RECLAIM_SHADOW,v170_provisional_1,64.0,2.5500910746812386,1.229895931882687,1.3257575757575757,1.3257575757575757,1.229895931882687,-1.5639374425023,1.049752274139332
2026-09-08 09:07:23.584,v1.7.1,20260908_052690_NEW_FIRST_PULLBACK_SHADOW_E001_090723519485,052690,한전기술,NEW_FIRST_PULLBACK_SHADOW,v170_provisional_1,85.0,0.6681514476614699,-0.29806259314456035,-0.29806259314456035,0.22471910112359553,0.6015037593984963,1.4404852160727823,1.07747965708189
2026-09-08 09:07:38.727,v1.7.1,20260908_034020_NEW_FIRST_PULLBACK_SHADOW_E003_090738703910,034020,두산에너빌리티,NEW_FIRST_PULLBACK_SHADOW,v170_provisional_1,74.0,0.21551724137931033,-0.10787486515641855,-0.10787486515641855,0.10810810810810811,0.5428881650380022,0.7616974972796519,1.0
2026-09-08 09:08:00.935,v1.7.1,20260908_069540_NEW_EARLY_ACCEL_SHADOW_EPISODE_090800909303,069540,빛과전자,NEW_EARLY_ACCEL_SHADOW,v170_provisional_1,58.0,0.2976190476190476,1.5151515151515151,3.554868624420402,5.180533751962323,5.180533751962323,11.480865224625623,1.0
2026-09-08 09:08:00.993,v1.7.1,20260908_032820_NEW_FIRST_PULLBACK_SHADOW_EPISODE_090800945640,032820,우리기술,NEW_FIRST_PULLBACK_SHADOW,v170_provisional_1,47.0,2.2617124394184165,-1.1437908496732025,-0.411522633744856,-1.062959934587081,1.4249790444258172,6.420404573438875,1.0
2026-09-08 09:08:42.628,v1.7.1,20260908_010170_NEW_EARLY_ACCEL_SHADOW_EPISODE_090842608379,010170,대한광통신,NEW_EARLY_ACCEL_SHADOW,v170_provisional_1,58.0,0.0,0.8492569002123143,1.0638297872340425,2.0042949176807445,2.297200287150036,,1.0
2026-09-08 09:08:42.699,v1.7.1,20260908_032820_NEW_EARLY_ACCEL_SHADOW_EPISODE_090842632668,032820,우리기술,NEW_EARLY_ACCEL_SHADOW,v170_provisional_1,55.0,0.8885298869143781,0.5737704918032787,1.4049586776859504,0.24509803921568626,0.3270645952575634,4.871794871794872,1.0
2026-09-08 09:09:05.380,v1.7.1,20260908_032820_NEW_EARLY_ACCEL_SHADOW_E001_090905334011,032820,우리기술,NEW_EARLY_ACCEL_SHADOW,v170_provisional_1,77.0,0.0,1.2224938875305624,1.2224938875305624,2.644628099173554,2.2222222222222223,6.244653550042772,1.2262828162291168
2026-09-08 09:09:05.389,v1.7.1,20260908_032820_NEW_WATCH_RECLAIM_SHADOW_E001_090905381679,032820,우리기술,NEW_WATCH_RECLAIM_SHADOW,v170_provisional_1,77.0,0.0,1.2224938875305624,1.2224938875305624,2.644628099173554,2.2222222222222223,6.244653550042772,1.2262828162291168
2026-09-08 09:09:05.433,v1.7.1,20260908_069540_NEW_FIRST_PULLBACK_SHADOW_E001_090905397062,069540,빛과전자,NEW_FIRST_PULLBACK_SHADOW,v170_provisional_1,66.0,2.4890190336749636,-2.0588235294117645,-2.0588235294117645,-0.5970149253731344,2.936630602782071,7.592891760904685,1.2879576013347729
2026-09-08 09:09:05.465,v1.7.1,20260908_010170_NEW_FIRST_PULLBACK_SHADOW_EPISODE_090905438003,010170,대한광통신,NEW_FIRST_PULLBACK_SHADOW,v170_provisional_1,55.0,0.8409250175192713,-0.7017543859649122,-0.7017543859649122,0.3546099290780142,1.5064562410329985,2.166064981949458,1.0
2026-09-08 09:09:42.112,v1.7.1,20260908_069540_NEW_WATCH_RECLAIM_SHADOW_E001_090942090910,069540,빛과전자,NEW_WATCH_RECLAIM_SHADOW,v170_provisional_1,78.0,1.7569546120058566,0.7507507507507507,0.7507507507507507,-1.3235294117647058,1.6666666666666667,6.677265500794912,1.383060162920797
2026-09-08 09:09:42.144,v1.7.1,20260908_032820_NEW_FIRST_PULLBACK_SHADOW_E001_090942119070,032820,우리기술,NEW_FIRST_PULLBACK_SHADOW,v170_provisional_1,74.0,0.0,0.0,0.0,1.2224938875305624,1.4705882352941175,6.609442060085836,1.166264718399773
2026-09-08 09:09:42.182,v1.7.1,20260908_028050_NEW_EARLY_ACCEL_SHADOW_E003_090942147942,028050,삼성E&A,NEW_EARLY_ACCEL_SHADOW,v170_provisional_1,68.0,1.3565891472868217,0.19685039370078738,0.19685039370078738,0.19685039370078738,0.0,-0.9727626459143969,1.057409151752516
2026-09-08 09:09:42.206,v1.7.1,20260908_028050_NEW_WATCH_RECLAIM_SHADOW_E003_090942182725,028050,삼성E&A,NEW_WATCH_RECLAIM_SHADOW,v170_provisional_1,68.0,1.3565891472868217,0.19685039370078738,0.19685039370078738,0.19685039370078738,0.0,-0.9727626459143969,1.057409151752516
2026-09-08 09:10:07.233,v1.7.1,20260908_010170_NEW_EARLY_ACCEL_SHADOW_E001_091007206581,010170,대한광통신,NEW_EARLY_ACCEL_SHADOW,v170_provisional_1,69.0,0.4905395935529082,0.4953998584571833,0.4953998584571833,0.35335689045936397,0.7092198581560284,1.8651362984218076,1.0940843180377977
2026-09-08 09:10:07.235,v1.7.1,20260908_010170_NEW_WATCH_RECLAIM_SHADOW_E001_091007233167,010170,대한광통신,NEW_WATCH_RECLAIM_SHADOW,v170_provisional_1,69.0,0.4905395935529082,0.4953998584571833,0.4953998584571833,0.35335689045936397,0.7092198581560284,1.8651362984218076,1.0940843180377977
2026-09-08 09:10:07.265,v1.7.1,20260908_069540_NEW_EARLY_ACCEL_SHADOW_E001_091007239672,069540,빛과전자,NEW_EARLY_ACCEL_SHADOW,v170_provisional_1,66.0,0.7320644216691069,1.0432190760059614,1.0432190760059614,1.8018018018018018,1.1940298507462688,6.436420722135009,1.1058828011887525
2026-09-08 09:10:50.217,v1.7.1,20260908_036930_NEW_EARLY_ACCEL_SHADOW_E001_091050194660,036930,주성엔지니어링,NEW_EARLY_ACCEL_SHADOW,v170_provisional_1,61.0,1.001001001001001,0.10121457489878542,0.10121457489878542,0.10121457489878542,-0.5030181086519114,0.5081300813008129,1.0
2026-09-08 09:10:50.285,v1.7.1,20260908_036930_NEW_WATCH_RECLAIM_SHADOW_E001_091050224295,036930,주성엔지니어링,NEW_WATCH_RECLAIM_SHADOW,v170_provisional_1,61.0,1.001001001001001,0.10121457489878542,0.10121457489878542,0.10121457489878542,-0.5030181086519114,0.5081300813008129,1.0
2026-09-08 09:10:50.310,v1.7.1,20260908_012210_NEW_EARLY_ACCEL_SHADOW_EPISODE_091050287902,012210,삼미금속,NEW_EARLY_ACCEL_SHADOW,v170_provisional_1,58.0,0.45662100456621,1.2070566388115136,1.2070566388115136,3.6121673003802277,3.415559772296015,3.9084842707340326,1.0
2026-09-08 09:11:14.240,v1.7.1,20260908_012210_NEW_FIRST_PULLBACK_SHADOW_EPISODE_091114203155,012210,삼미금속,NEW_FIRST_PULLBACK_SHADOW,v170_provisional_1,55.0,0.730593607305936,-0.27522935779816515,-0.27522935779816515,1.683816651075772,2.4505183788878417,4.019138755980861,1.0
2026-09-08 09:11:45.181,v1.7.1,20260908_032820_NEW_EARLY_ACCEL_SHADOW_E002_091145080850,032820,우리기술,NEW_EARLY_ACCEL_SHADOW,v170_provisional_1,74.0,0.7874015748031495,1.4492753623188406,1.4492753623188406,1.4492753623188406,1.4492753623188406,3.025347506132461,1.2012326156590845
2026-09-08 09:11:45.214,v1.7.1,20260908_032820_NEW_WATCH_RECLAIM_SHADOW_E002_091145181161,032820,우리기술,NEW_WATCH_RECLAIM_SHADOW,v170_provisional_1,74.0,0.7874015748031495,1.4492753623188406,1.4492753623188406,1.4492753623188406,1.4492753623188406,3.025347506132461,1.2012326156590845
2026-09-08 09:12:16.776,v1.7.1,20260908_012210_NEW_FIRST_PULLBACK_SHADOW_E001_091216774624,012210,삼미금속,NEW_FIRST_PULLBACK_SHADOW,v170_provisional_1,66.0,0.8204193254329991,-0.7299270072992701,-0.7299270072992701,0.09199632014719411,1.7773620205799812,2.835538752362949,1.1157469138457567
2026-09-08 09:14:58.535,v1.7.1,20260908_036930_NEW_FIRST_PULLBACK_SHADOW_E001_091458512116,036930,주성엔지니어링,NEW_FIRST_PULLBACK_SHADOW,v170_provisional_1,82.0,0.2001000500250125,0.0,0.0,0.25125628140703515,0.5037783375314862,0.9615384615384616,1.0685187104799418
2026-09-08 09:14:58.643,v1.7.1,20260908_222800_NEW_EARLY_ACCEL_SHADOW_E001_091458537796,222800,심텍,NEW_EARLY_ACCEL_SHADOW,v170_provisional_1,63.0,0.07874015748031496,1.1155378486055778,1.1155378486055778,1.0350318471337578,1.1961722488038278,2.1739130434782608,1.0
2026-09-08 09:14:58.782,v1.7.1,20260908_222800_NEW_WATCH_RECLAIM_SHADOW_E001_091458643470,222800,심텍,NEW_WATCH_RECLAIM_SHADOW,v170_provisional_1,63.0,0.07874015748031496,1.1155378486055778,1.1155378486055778,1.0350318471337578,1.1961722488038278,2.1739130434782608,1.0
2026-09-08 09:15:28.333,v1.7.1,20260908_028050_NEW_WATCH_RECLAIM_SHADOW_E005_091528311383,028050,삼성E&A,NEW_WATCH_RECLAIM_SHADOW,v170_provisional_1,72.0,1.937984496124031,,0.3968253968253968,0.3968253968253968,-0.39370078740157477,0.19801980198019803,1.0615736885928393
2026-09-08 09:15:28.357,v1.7.1,20260908_069540_NEW_WATCH_RECLAIM_SHADOW_E002_091528346975,069540,빛과전자,NEW_WATCH_RECLAIM_SHADOW,v170_provisional_1,63.0,2.761627906976744,,0.6015037593984963,0.6015037593984963,1.6717325227963524,-0.5943536404160475,1.0579845745353396
2026-09-08 09:15:28.404,v1.7.1,20260908_386380_NEW_WATCH_RECLAIM_SHADOW_E002_091528371266,386380,스카이랩스,NEW_WATCH_RECLAIM_SHADOW,v170_provisional_1,63.0,2.4566473988439306,,1.0479041916167664,1.0479041916167664,1.6566265060240966,2.5835866261398177,1.031944270675079
2026-09-08 09:15:28.434,v1.7.1,20260908_222800_NEW_FIRST_PULLBACK_SHADOW_E001_091528411408,222800,심텍,NEW_FIRST_PULLBACK_SHADOW,v170_provisional_1,60.0,0.550314465408805,,-0.31520882584712373,-0.31520882584712373,0.796812749003984,1.6064257028112447,1.0
2026-09-08 09:15:28.457,v1.7.1,20260908_044490_NEW_WATCH_RECLAIM_SHADOW_E001_091528440684,044490,태웅,NEW_WATCH_RECLAIM_SHADOW,v170_provisional_1,60.0,0.7132667617689016,,1.0159651669085632,1.0159651669085632,0.4329004329004329,-0.1434720229555237,1.013418316001342
2026-09-08 09:16:00.052,v1.7.1,20260908_386380_NEW_EARLY_ACCEL_SHADOW_E002_091559990105,386380,스카이랩스,NEW_EARLY_ACCEL_SHADOW,v170_provisional_1,85.0,0.4335260115606936,2.074074074074074,2.074074074074074,3.143712574850299,4.236006051437216,3.9215686274509802,1.063492273380407
2026-09-08 09:16:00.137,v1.7.1,20260908_069540_NEW_EARLY_ACCEL_SHADOW_E002_091600103571,069540,빛과전자,NEW_EARLY_ACCEL_SHADOW,v170_provisional_1,63.0,2.3255813953488373,0.4484304932735426,0.4484304932735426,1.0526315789473684,2.220870094310922,-2.3255813953488373,1.079959539764825
2026-09-08 09:16:00.173,v1.7.1,20260908_032820_NEW_EARLY_ACCEL_SHADOW_E003_091600138719,032820,우리기술,NEW_EARLY_ACCEL_SHADOW,v170_provisional_1,63.0,2.9133858267716537,0.16246953696181965,0.16246953696181965,0.653061224489796,-0.24271844660194172,-0.7246376811594203,1.1375814284022268
2026-09-08 09:16:00.212,v1.7.1,20260908_032820_NEW_WATCH_RECLAIM_SHADOW_E003_091600174339,032820,우리기술,NEW_WATCH_RECLAIM_SHADOW,v170_provisional_1,63.0,2.9133858267716537,0.16246953696181965,0.16246953696181965,0.653061224489796,-0.24271844660194172,-0.7246376811594203,1.1375814284022268
2026-09-08 09:16:00.242,v1.7.1,20260908_000990_NEW_EARLY_ACCEL_SHADOW_E003_091600223913,000990,DB하이텍,NEW_EARLY_ACCEL_SHADOW,v170_provisional_1,60.0,2.914389799635701,0.09389671361502347,0.09389671361502347,0.5660377358490566,0.7561436672967864,2.10727969348659,1.0186110745758252
2026-09-08 09:16:00.265,v1.7.1,20260908_000990_NEW_WATCH_RECLAIM_SHADOW_E003_091600242238,000990,DB하이텍,NEW_WATCH_RECLAIM_SHADOW,v170_provisional_1,60.0,2.914389799635701,0.09389671361502347,0.09389671361502347,0.5660377358490566,0.7561436672967864,2.10727969348659,1.0186110745758252
2026-09-08 09:16:42.716,v1.7.1,20260908_386380_NEW_FIRST_PULLBACK_SHADOW_E002_091642688285,386380,스카이랩스,NEW_FIRST_PULLBACK_SHADOW,v170_provisional_1,79.0,1.300578034682081,,-0.8708272859216255,-0.8708272859216255,2.245508982035928,3.4848484848484853,1.1072116737751412
2026-09-08 09:16:42.818,v1.7.1,20260908_069540_NEW_FIRST_PULLBACK_SHADOW_EPISODE_091642759781,069540,빛과전자,NEW_FIRST_PULLBACK_SHADOW,v170_provisional_1,58.0,2.4709302325581395,,-0.1488095238095238,-0.1488095238095238,0.9022556390977444,1.9756838905775076,1.0522969549213634
2026-09-08 09:17:34.626,v1.7.1,20260908_161580_NEW_EARLY_ACCEL_SHADOW_E003_091734603728,161580,필옵틱스,NEW_EARLY_ACCEL_SHADOW,v170_provisional_1,73.0,1.6839378238341969,1.4705882352941175,1.4705882352941175,1.742627345844504,2.2911051212938007,2.9850746268656714,1.0114548698402401
2026-09-08 09:17:34.628,v1.7.1,20260908_161580_NEW_WATCH_RECLAIM_SHADOW_E003_091734626686,161580,필옵틱스,NEW_WATCH_RECLAIM_SHADOW,v170_provisional_1,73.0,1.6839378238341969,1.4705882352941175,1.4705882352941175,1.742627345844504,2.2911051212938007,2.9850746268656714,1.0114548698402401
2026-09-08 09:17:34.659,v1.7.1,20260908_069540_NEW_EARLY_ACCEL_SHADOW_E003_091734632684,069540,빛과전자,NEW_EARLY_ACCEL_SHADOW,v170_provisional_1,68.0,1.0174418604651163,1.3392857142857142,1.3392857142857142,1.4903129657228018,1.7937219730941705,4.128440366972478,1.0682557894490365
2026-09-08 09:17:34.711,v1.7.1,20260908_069540_NEW_WATCH_RECLAIM_SHADOW_E003_091734660813,069540,빛과전자,NEW_WATCH_RECLAIM_SHADOW,v170_provisional_1,68.0,1.0174418604651163,1.3392857142857142,1.3392857142857142,1.4903129657228018,1.7937219730941705,4.128440366972478,1.0682557894490365
2026-09-08 09:17:34.756,v1.7.1,20260908_000990_NEW_FIRST_PULLBACK_SHADOW_E003_091734715346,000990,DB하이텍,NEW_FIRST_PULLBACK_SHADOW,v170_provisional_1,65.0,2.5500910746812386,-0.37243947858473,-0.37243947858473,0.0,0.4694835680751174,1.7110266159695817,1.0408806249596487
2026-09-08 09:18:16.706,v1.7.1,20260908_161580_NEW_FIRST_PULLBACK_SHADOW_E003_091816601360,161580,필옵틱스,NEW_FIRST_PULLBACK_SHADOW,v170_provisional_1,73.0,1.8134715025906734,-0.13175230566534915,-0.13175230566534915,1.3368983957219251,1.4725568942436411,3.2697547683923704,1.0137207208417884
2026-09-08 09:18:42.889,v1.7.1,20260908_047040_NEW_EARLY_ACCEL_SHADOW_E002_091842840073,047040,대우건설,NEW_EARLY_ACCEL_SHADOW,v170_provisional_1,63.0,2.8712871287128716,0.4094165813715456,0.4094165813715456,0.5638134290107637,0.10204081632653061,-1.60481444332999,1.0451551231331275
2026-09-08 09:18:42.926,v1.7.1,20260908_047040_NEW_WATCH_RECLAIM_SHADOW_E002_091842890403,047040,대우건설,NEW_WATCH_RECLAIM_SHADOW,v170_provisional_1,63.0,2.8712871287128716,0.4094165813715456,0.4094165813715456,0.5638134290107637,0.10204081632653061,-1.60481444332999,1.0451551231331275
2026-09-08 09:18:42.976,v1.7.1,20260908_028050_NEW_EARLY_ACCEL_SHADOW_E005_091842933199,028050,삼성E&A,NEW_EARLY_ACCEL_SHADOW,v170_provisional_1,61.0,1.550387596899225,0.19723865877712032,0.19723865877712032,0.3952569169960474,0.19723865877712032,0.3952569169960474,1.0164233913380452
2026-09-08 09:19:05.085,v1.7.1,20260908_028050_NEW_FIRST_PULLBACK_SHADOW_E005_091905067150,028050,삼성E&A,NEW_FIRST_PULLBACK_SHADOW,v170_provisional_1,61.0,1.550387596899225,0.0,0.0,0.19723865877712032,0.19723865877712032,0.9940357852882704,1.0233433595984573
2026-09-08 09:19:29.196,v1.7.1,20260908_036930_NEW_EARLY_ACCEL_SHADOW_E002_091929156693,036930,주성엔지니어링,NEW_EARLY_ACCEL_SHADOW,v170_provisional_1,65.0,1.250625312656328,0.45801526717557256,0.45801526717557256,0.45801526717557256,0.20304568527918782,-1.0526315789473684,1.0259468264587819
2026-09-08 09:19:29.206,v1.7.1,20260908_036930_NEW_WATCH_RECLAIM_SHADOW_E002_091929196194,036930,주성엔지니어링,NEW_WATCH_RECLAIM_SHADOW,v170_provisional_1,65.0,1.250625312656328,0.45801526717557256,0.45801526717557256,0.45801526717557256,0.20304568527918782,-1.0526315789473684,1.0259468264587819
2026-09-08 09:19:52.061,v1.7.1,20260908_047040_NEW_WATCH_RECLAIM_SHADOW_E003_091952004114,047040,대우건설,NEW_WATCH_RECLAIM_SHADOW,v170_provisional_1,63.0,2.8712871287128716,0.3067484662576687,0.3067484662576687,0.0,0.4094165813715456,-1.1088709677419355,1.0212172527144139
2026-09-08 09:20:39.062,v1.7.1,20260908_017900_NEW_FIRST_PULLBACK_SHADOW_EPISODE_092039011314,017900,광전자,NEW_FIRST_PULLBACK_SHADOW,v170_provisional_1,52.0,1.3349514563106795,-0.6112469437652812,-0.6112469437652812,0.2466091245376079,0.2466091245376079,3.6989795918367347,1.0
2026-09-08 09:21:58.250,v1.7.1,20260908_036930_NEW_FIRST_PULLBACK_SHADOW_E002_092158108374,036930,주성엔지니어링,NEW_FIRST_PULLBACK_SHADOW,v170_provisional_1,68.0,0.9504752376188095,-0.2518891687657431,-0.2518891687657431,0.05053057099545225,0.6097560975609756,0.10111223458038424,1.0164241256340398
2026-09-08 09:21:58.345,v1.7.1,20260908_017900_NEW_WATCH_RECLAIM_SHADOW_E001_092158258986,017900,광전자,NEW_WATCH_RECLAIM_SHADOW,v170_provisional_1,63.0,1.5776699029126213,0.620347394540943,0.620347394540943,-0.12315270935960591,-1.2180267965895248,1.6290726817042605,1.0675016024850845
2026-09-08 09:22:25.100,v1.7.1,20260908_017900_NEW_EARLY_ACCEL_SHADOW_E001_092225080487,017900,광전자,NEW_EARLY_ACCEL_SHADOW,v170_provisional_1,69.0,0.0,2.219482120838471,2.219482120838471,2.8535980148883375,1.3447432762836184,3.23785803237858,1.0646465630632824
2026-09-08 09:23:19.342,v1.7.1,20260908_017900_NEW_FIRST_PULLBACK_SHADOW_E001_092319292109,017900,광전자,NEW_FIRST_PULLBACK_SHADOW,v170_provisional_1,63.0,1.3189448441247003,-0.8433734939759037,-0.8433734939759037,-0.7237635705669482,1.354679802955665,0.3658536585365854,1.1339030023094687
2026-09-08 09:24:23.376,v1.7.1,20260908_069540_NEW_WATCH_RECLAIM_SHADOW_E004_092423352593,069540,빛과전자,NEW_WATCH_RECLAIM_SHADOW,v170_provisional_1,82.0,2.2988505747126435,0.8902077151335311,0.591715976331361,-1.0189228529839884,0.0,-1.1627906976744187,1.3769891718907545
2026-09-08 09:24:58.554,v1.7.1,20260908_017900_NEW_EARLY_ACCEL_SHADOW_E002_092458550148,017900,광전자,NEW_EARLY_ACCEL_SHADOW,v170_provisional_1,63.0,1.6786570743405276,0.8610086100861009,0.9852216748768473,0.9852216748768473,-1.2048192771084338,-0.12180267965895249,1.0601315002988643
2026-09-08 09:24:58.568,v1.7.1,20260908_017900_NEW_WATCH_RECLAIM_SHADOW_E002_092458558959,017900,광전자,NEW_WATCH_RECLAIM_SHADOW,v170_provisional_1,63.0,1.6786570743405276,0.8610086100861009,0.9852216748768473,0.9852216748768473,-1.2048192771084338,-0.12180267965895249,1.0601315002988643
2026-09-08 09:25:16.128,v1.7.1,20260908_017900_NEW_EARLY_ACCEL_SHADOW_EPISODE_092516124259,017900,광전자,NEW_EARLY_ACCEL_SHADOW,v170_provisional_1,52.0,1.5587529976019185,0.12195121951219512,0.984009840098401,1.1083743842364533,-0.24301336573511542,0.36674816625916873,1.0473283036478183
2026-09-08 09:26:41.952,v1.7.1,20260908_042700_NEW_FIRST_PULLBACK_SHADOW_E001_092641948285,042700,한미반도체,NEW_FIRST_PULLBACK_SHADOW,v170_provisional_1,74.0,0.1976284584980237,0.0,0.0,0.0,0.5976095617529881,0.5976095617529881,1.0
2026-09-08 09:26:57.409,v1.7.1,20260908_042700_NEW_EARLY_ACCEL_SHADOW_E001_092657404030,042700,한미반도체,NEW_EARLY_ACCEL_SHADOW,v170_provisional_1,74.0,0.0,0.19801980198019803,0.19801980198019803,0.19801980198019803,0.998003992015968,0.796812749003984,1.0
2026-09-08 09:26:57.411,v1.7.1,20260908_042700_NEW_WATCH_RECLAIM_SHADOW_E001_092657409118,042700,한미반도체,NEW_WATCH_RECLAIM_SHADOW,v170_provisional_1,74.0,0.0,0.19801980198019803,0.19801980198019803,0.19801980198019803,0.998003992015968,0.796812749003984,1.0
2026-09-08 09:26:57.416,v1.7.1,20260908_417030_NEW_EARLY_ACCEL_SHADOW_EPISODE_092657415566,417030,니어스랩,NEW_EARLY_ACCEL_SHADOW,v170_provisional_1,47.0,2.9166666666666665,0.14326647564469913,0.14326647564469913,1.3043478260869565,1.7467248908296942,2.643171806167401,1.029935125115848
2026-09-08 09:28:34.743,v1.7.1,20260908_042700_NEW_EARLY_ACCEL_SHADOW_E002_092834736383,042700,한미반도체,NEW_EARLY_ACCEL_SHADOW,v170_provisional_1,74.0,0.19723865877712032,0.19801980198019803,0.19801980198019803,0.19801980198019803,0.19801980198019803,0.796812749003984,1.0260354819842972
2026-09-08 09:28:34.747,v1.7.1,20260908_042700_NEW_WATCH_RECLAIM_SHADOW_E002_092834745535,042700,한미반도체,NEW_WATCH_RECLAIM_SHADOW,v170_provisional_1,74.0,0.19723865877712032,0.19801980198019803,0.19801980198019803,0.19801980198019803,0.19801980198019803,0.796812749003984,1.0260354819842972
2026-09-08 09:28:34.766,v1.7.1,20260908_161580_NEW_EARLY_ACCEL_SHADOW_E004_092834754775,161580,필옵틱스,NEW_EARLY_ACCEL_SHADOW,v170_provisional_1,63.0,2.849740932642487,0.267379679144385,0.5361930294906166,0.6711409395973155,0.13351134846461948,-1.185770750988142,1.0042127706030812
2026-09-08 09:28:34.770,v1.7.1,20260908_161580_NEW_WATCH_RECLAIM_SHADOW_E004_092834768389,161580,필옵틱스,NEW_WATCH_RECLAIM_SHADOW,v170_provisional_1,63.0,2.849740932642487,0.267379679144385,0.5361930294906166,0.6711409395973155,0.13351134846461948,-1.185770750988142,1.0042127706030812
2026-09-08 09:29:19.869,v1.7.1,20260908_042700_NEW_EARLY_ACCEL_SHADOW_E003_092919859928,042700,한미반도체,NEW_EARLY_ACCEL_SHADOW,v170_provisional_1,74.0,0.19723865877712032,0.19801980198019803,0.19801980198019803,0.19801980198019803,0.0,1.402805611222445,1.0343831416266416
2026-09-08 09:29:19.871,v1.7.1,20260908_042700_NEW_WATCH_RECLAIM_SHADOW_E003_092919869653,042700,한미반도체,NEW_WATCH_RECLAIM_SHADOW,v170_provisional_1,74.0,0.19723865877712032,0.19801980198019803,0.19801980198019803,0.19801980198019803,0.0,1.402805611222445,1.0343831416266416
2026-09-08 09:29:52.587,v1.7.1,20260908_042700_NEW_FIRST_PULLBACK_SHADOW_E004_092952584960,042700,한미반도체,NEW_FIRST_PULLBACK_SHADOW,v170_provisional_1,74.0,0.39447731755424065,0.0,-0.1976284584980237,0.0,0.09910802775024777,0.7984031936127743,1.0101829835624936
2026-09-08 09:29:52.668,v1.7.1,20260908_069540_NEW_EARLY_ACCEL_SHADOW_E005_092952654624,069540,빛과전자,NEW_EARLY_ACCEL_SHADOW,v170_provisional_1,60.0,2.8735632183908044,0.7451564828614009,0.5952380952380952,0.5952380952380952,1.046337817638266,-0.5882352941176471,1.0075138280295957
2026-09-08 09:29:52.702,v1.7.1,20260908_069540_NEW_WATCH_RECLAIM_SHADOW_E005_092952676664,069540,빛과전자,NEW_WATCH_RECLAIM_SHADOW,v170_provisional_1,60.0,2.8735632183908044,0.7451564828614009,0.5952380952380952,0.5952380952380952,1.046337817638266,-0.5882352941176471,1.0075138280295957
2026-09-08 09:30:42.529,v1.7.1,20260908_161580_NEW_EARLY_ACCEL_SHADOW_E005_093042515632,161580,필옵틱스,NEW_EARLY_ACCEL_SHADOW,v170_provisional_1,63.0,2.9792746113989637,0.1336898395721925,0.1336898395721925,0.2677376171352075,-0.13333333333333333,-0.6631299734748011,1.0012952541377946
2026-09-08 09:30:42.545,v1.7.1,20260908_161580_NEW_WATCH_RECLAIM_SHADOW_E005_093042530142,161580,필옵틱스,NEW_WATCH_RECLAIM_SHADOW,v170_provisional_1,63.0,2.9792746113989637,0.1336898395721925,0.1336898395721925,0.2677376171352075,-0.13333333333333333,-0.6631299734748011,1.0012952541377946
2026-09-08 09:30:42.638,v1.7.1,20260908_417030_NEW_FIRST_PULLBACK_SHADOW_EPISODE_093042554557,417030,니어스랩,NEW_FIRST_PULLBACK_SHADOW,v170_provisional_1,52.0,1.9444444444444444,-0.14144271570014144,-0.14144271570014144,0.8571428571428572,1.291248206599713,2.616279069767442,1.0414488268016229
2026-09-08 09:31:26.033,v1.7.1,20260908_042700_NEW_EARLY_ACCEL_SHADOW_E005_093126032374,042700,한미반도체,NEW_EARLY_ACCEL_SHADOW,v170_provisional_1,79.0,0.19685039370078738,0.39603960396039606,0.39603960396039606,0.39603960396039606,0.1976284584980237,0.39603960396039606,1.0466236845247232
2026-09-08 09:31:26.037,v1.7.1,20260908_042700_NEW_WATCH_RECLAIM_SHADOW_E005_093126034367,042700,한미반도체,NEW_WATCH_RECLAIM_SHADOW,v170_provisional_1,79.0,0.19685039370078738,0.39603960396039606,0.39603960396039606,0.39603960396039606,0.1976284584980237,0.39603960396039606,1.0466236845247232
2026-09-08 09:31:26.046,v1.7.1,20260908_047040_NEW_EARLY_ACCEL_SHADOW_E004_093126043796,047040,대우건설,NEW_EARLY_ACCEL_SHADOW,v170_provisional_1,63.0,2.8712871287128716,0.4094165813715456,0.4094165813715456,0.5638134290107637,0.8740359897172237,0.5638134290107637,1.0149938500313158
2026-09-08 09:31:26.073,v1.7.1,20260908_047040_NEW_WATCH_RECLAIM_SHADOW_E004_093126051159,047040,대우건설,NEW_WATCH_RECLAIM_SHADOW,v170_provisional_1,63.0,2.8712871287128716,0.4094165813715456,0.4094165813715456,0.5638134290107637,0.8740359897172237,0.5638134290107637,1.0149938500313158
2026-09-08 09:31:54.249,v1.7.1,20260908_042700_NEW_FIRST_PULLBACK_SHADOW_E005_093154245228,042700,한미반도체,NEW_FIRST_PULLBACK_SHADOW,v170_provisional_1,85.0,0.19685039370078738,0.0,0.0,0.39603960396039606,0.39603960396039606,0.39603960396039606,1.054776646369544
2026-09-08 09:32:11.519,v1.7.1,20260908_161580_NEW_FIRST_PULLBACK_SHADOW_E005_093211513681,161580,필옵틱스,NEW_FIRST_PULLBACK_SHADOW,v170_provisional_1,63.0,2.849740932642487,0.0,0.0,0.0,0.267379679144385,0.4016064257028112,1.0014968057528295
2026-09-08 09:32:31.665,v1.7.1,20260908_028050_NEW_WATCH_RECLAIM_SHADOW_E006_093231645879,028050,삼성E&A,NEW_WATCH_RECLAIM_SHADOW,v170_provisional_1,67.0,2.5193798449612403,0.0,0.199203187250996,0.39920159680638717,0.7007007007007007,0.6,1.14846505780044
2026-09-08 09:32:50.118,v1.7.1,20260908_017900_NEW_EARLY_ACCEL_SHADOW_E003_093250112542,017900,광전자,NEW_EARLY_ACCEL_SHADOW,v170_provisional_1,74.0,0.4778972520908005,1.46163215590743,1.0922330097087378,1.338199513381995,2.208588957055215,2.966625463535229,1.066354258192587
2026-09-08 09:32:50.125,v1.7.1,20260908_017900_NEW_WATCH_RECLAIM_SHADOW_E003_093250121324,017900,광전자,NEW_WATCH_RECLAIM_SHADOW,v170_provisional_1,74.0,0.4778972520908005,1.46163215590743,1.0922330097087378,1.338199513381995,2.208588957055215,2.966625463535229,1.066354258192587
2026-09-08 09:32:50.144,v1.7.1,20260908_047040_NEW_FIRST_PULLBACK_SHADOW_E004_093250142662,047040,대우건설,NEW_FIRST_PULLBACK_SHADOW,v170_provisional_1,63.0,2.376237623762376,0.050735667174023336,0.0,0.20325203252032523,1.0763710917478215,0.8695652173913043,1.0206307431528236
2026-09-08 09:33:49.182,v1.7.1,20260908_017900_NEW_FIRST_PULLBACK_SHADOW_E003_093349181002,017900,광전자,NEW_FIRST_PULLBACK_SHADOW,v170_provisional_1,68.0,1.0600706713780919,-0.591715976331361,-0.591715976331361,0.8403361344537815,2.18978102189781,3.9603960396039604,1.1463786531130877
2026-09-08 09:33:49.208,v1.7.1,20260908_0155E0_NEW_EARLY_ACCEL_SHADOW_EPISODE_093349198256,0155E0,해치텍,NEW_EARLY_ACCEL_SHADOW,v170_provisional_1,52.0,1.9879518072289155,0.5562422744128553,0.5562422744128553,0.9305210918114143,0.06150061500615006,-0.12277470841006752,1.0410546960122031
2026-09-08 09:33:49.229,v1.7.1,20260908_387690_NEW_EARLY_ACCEL_SHADOW_EPISODE_093349214000,387690,레메디,NEW_EARLY_ACCEL_SHADOW,v170_provisional_1,47.0,2.193877551020408,0.2615062761506276,0.2615062761506276,0.577124868835257,-1.4395886889460154,0.9478672985781991,1.0
2026-09-08 09:34:26.012,v1.7.1,20260908_0155E0_NEW_EARLY_ACCEL_SHADOW_E001_093426010670,0155E0,해치텍,NEW_EARLY_ACCEL_SHADOW,v170_provisional_1,69.0,0.0,1.2797074954296161,2.15119852489244,2.719406674907293,2.846534653465347,1.3414634146341464,1.0670581227129605
2026-09-08 09:34:26.021,v1.7.1,20260908_0155E0_NEW_WATCH_RECLAIM_SHADOW_E001_093426014165,0155E0,해치텍,NEW_WATCH_RECLAIM_SHADOW,v170_provisional_1,69.0,0.0,1.2797074954296161,2.15119852489244,2.719406674907293,2.846534653465347,1.3414634146341464,1.0670581227129605
2026-09-08 09:34:45.182,v1.7.1,20260908_387690_NEW_WATCH_RECLAIM_SHADOW_E001_093445177794,387690,레메디,NEW_WATCH_RECLAIM_SHADOW,v170_provisional_1,63.0,1.2755102040816326,-0.15479876160990713,0.3110419906687403,0.9389671361502347,1.521511017838405,0.8337675872850442,1.0583470826458676
2026-09-08 09:35:55.725,v1.7.1,20260908_042700_NEW_EARLY_ACCEL_SHADOW_E006_093555707990,042700,한미반도체,NEW_EARLY_ACCEL_SHADOW,v170_provisional_1,79.0,0.19685039370078738,0.5952380952380952,0.5952380952380952,0.7952286282306162,0.7952286282306162,0.39603960396039606,1.0493837944287394
2026-09-08 09:35:55.741,v1.7.1,20260908_042700_NEW_WATCH_RECLAIM_SHADOW_E006_093555726764,042700,한미반도체,NEW_WATCH_RECLAIM_SHADOW,v170_provisional_1,79.0,0.19685039370078738,0.5952380952380952,0.5952380952380952,0.7952286282306162,0.7952286282306162,0.39603960396039606,1.0493837944287394
2026-09-08 09:35:55.768,v1.7.1,20260908_028050_NEW_EARLY_ACCEL_SHADOW_E007_093555767725,028050,삼성E&A,NEW_EARLY_ACCEL_SHADOW,v170_provisional_1,61.0,1.937984496124031,0.5964214711729622,0.5964214711729622,0.5964214711729622,0.998003992015968,0.998003992015968,1.022366500425739
2026-09-08 09:35:55.776,v1.7.1,20260908_028050_NEW_WATCH_RECLAIM_SHADOW_E007_093555769863,028050,삼성E&A,NEW_WATCH_RECLAIM_SHADOW,v170_provisional_1,61.0,1.937984496124031,0.5964214711729622,0.5964214711729622,0.5964214711729622,0.998003992015968,0.998003992015968,1.022366500425739
2026-09-08 09:36:18.858,v1.7.1,20260908_044490_NEW_WATCH_RECLAIM_SHADOW_E002_093618815475,044490,태웅,NEW_WATCH_RECLAIM_SHADOW,v170_provisional_1,69.0,1.7118402282453637,0.0,0.14534883720930233,0.43731778425655976,0.2911208151382824,1.4727540500736376,1.1322953570762633
2026-09-08 09:36:37.331,v1.7.1,20260908_028050_NEW_FIRST_PULLBACK_SHADOW_EPISODE_093637325314,028050,삼성E&A,NEW_FIRST_PULLBACK_SHADOW,v170_provisional_1,56.0,2.131782945736434,-0.1976284584980237,-0.1976284584980237,0.3976143141153081,0.5976095617529881,0.7984031936127743,1.0242664670658683
2026-09-08 09:36:57.877,v1.7.1,20260908_000990_NEW_EARLY_ACCEL_SHADOW_E005_093657849836,000990,DB하이텍,NEW_EARLY_ACCEL_SHADOW,v170_provisional_1,60.0,2.823315118397086,0.18779342723004694,0.09380863039399624,0.18779342723004694,-0.2803738317757009,-0.9285051067780872,1.0067888384112889
2026-09-08 09:36:57.880,v1.7.1,20260908_000990_NEW_WATCH_RECLAIM_SHADOW_E005_093657877156,000990,DB하이텍,NEW_WATCH_RECLAIM_SHADOW,v170_provisional_1,60.0,2.823315118397086,0.18779342723004694,0.09380863039399624,0.18779342723004694,-0.2803738317757009,-0.9285051067780872,1.0067888384112889
2026-09-08 09:36:57.890,v1.7.1,20260908_044490_NEW_FIRST_PULLBACK_SHADOW_EPISODE_093657885662,044490,태웅,NEW_FIRST_PULLBACK_SHADOW,v170_provisional_1,52.0,1.7118402282453637,0.0,0.0,0.0,0.2911208151382824,1.1747430249632893,1.0
2026-09-08 09:37:55.074,v1.7.1,20260908_042700_NEW_EARLY_ACCEL_SHADOW_E007_093755072400,042700,한미반도체,NEW_EARLY_ACCEL_SHADOW,v170_provisional_1,74.0,0.39370078740157477,0.19801980198019803,0.19801980198019803,0.19801980198019803,-0.19723865877712032,0.0,1.0200634853614217
2026-09-08 09:37:55.078,v1.7.1,20260908_042700_NEW_WATCH_RECLAIM_SHADOW_E007_093755075449,042700,한미반도체,NEW_WATCH_RECLAIM_SHADOW,v170_provisional_1,74.0,0.39370078740157477,0.19801980198019803,0.19801980198019803,0.19801980198019803,-0.19723865877712032,0.0,1.0200634853614217
2026-09-08 09:37:55.084,v1.7.1,20260908_052690_NEW_EARLY_ACCEL_SHADOW_E002_093755083619,052690,한전기술,NEW_EARLY_ACCEL_SHADOW,v170_provisional_1,63.0,2.9350104821802936,0.07204610951008646,0.14419610670511895,0.7251631617113851,0.2888086642599278,2.1323529411764706,1.0139268286214396
2026-09-08 09:37:55.085,v1.7.1,20260908_052690_NEW_WATCH_RECLAIM_SHADOW_E002_093755084630,052690,한전기술,NEW_WATCH_RECLAIM_SHADOW,v170_provisional_1,63.0,2.9350104821802936,0.07204610951008646,0.14419610670511895,0.7251631617113851,0.2888086642599278,2.1323529411764706,1.0139268286214396
2026-09-08 09:37:55.118,v1.7.1,20260908_028050_NEW_EARLY_ACCEL_SHADOW_E008_093755105479,028050,삼성E&A,NEW_EARLY_ACCEL_SHADOW,v170_provisional_1,61.0,1.937984496124031,0.19801980198019803,0.19801980198019803,0.19801980198019803,0.0,0.5964214711729622,1.009967699975154
2026-09-08 09:37:55.144,v1.7.1,20260908_028050_NEW_WATCH_RECLAIM_SHADOW_E008_093755121781,028050,삼성E&A,NEW_WATCH_RECLAIM_SHADOW,v170_provisional_1,61.0,1.937984496124031,0.19801980198019803,0.19801980198019803,0.19801980198019803,0.0,0.5964214711729622,1.009967699975154
2026-09-08 09:38:38.399,v1.7.1,20260908_052690_NEW_EARLY_ACCEL_SHADOW_E003_093838377183,052690,한전기술,NEW_EARLY_ACCEL_SHADOW,v170_provisional_1,63.0,2.86512928022362,0.21629416005767843,0.21629416005767843,0.1440922190201729,0.6517016654598118,2.2810890360559237,1.011181501009942
2026-09-08 09:38:38.402,v1.7.1,20260908_052690_NEW_WATCH_RECLAIM_SHADOW_E003_093838400233,052690,한전기술,NEW_WATCH_RECLAIM_SHADOW,v170_provisional_1,63.0,2.86512928022362,0.21629416005767843,0.21629416005767843,0.1440922190201729,0.6517016654598118,2.2810890360559237,1.011181501009942
2026-09-08 09:38:38.471,v1.7.1,20260908_028050_NEW_FIRST_PULLBACK_SHADOW_E008_093838434766,028050,삼성E&A,NEW_FIRST_PULLBACK_SHADOW,v170_provisional_1,61.0,1.937984496124031,-0.19723865877712032,-0.19723865877712032,0.19801980198019803,0.19801980198019803,0.796812749003984,1.010083131428903
2026-09-08 09:38:38.506,v1.7.1,20260908_017900_NEW_EARLY_ACCEL_SHADOW_E004_093838478090,017900,광전자,NEW_EARLY_ACCEL_SHADOW,v170_provisional_1,60.0,0.9422850412249705,0.4778972520908005,0.4778972520908005,1.203369434416366,1.9393939393939394,-0.4733727810650888,1.0292529475874368
2026-09-08 09:38:38.542,v1.7.1,20260908_017900_NEW_WATCH_RECLAIM_SHADOW_E004_093838509811,017900,광전자,NEW_WATCH_RECLAIM_SHADOW,v170_provisional_1,60.0,0.9422850412249705,0.4778972520908005,0.4778972520908005,1.203369434416366,1.9393939393939394,-0.4733727810650888,1.0292529475874368
2026-09-08 09:40:13.841,v1.7.1,20260908_004310_NEW_EARLY_ACCEL_SHADOW_EPISODE_094013838785,004310,현대약품,NEW_EARLY_ACCEL_SHADOW,v170_provisional_1,52.0,1.1956521739130435,1.1123470522803114,2.595936794582393,4.482758620689655,,,1.0
2026-09-08 09:40:31.979,v1.7.1,20260908_052690_NEW_EARLY_ACCEL_SHADOW_E004_094031968427,052690,한전기술,NEW_EARLY_ACCEL_SHADOW,v170_provisional_1,63.0,2.515723270440252,0.5043227665706052,1.0137581462708183,1.0869565217391304,0.3597122302158274,1.160261058738216,1.0132278366968699
2026-09-08 09:40:31.981,v1.7.1,20260908_052690_NEW_WATCH_RECLAIM_SHADOW_E004_094031980445,052690,한전기술,NEW_WATCH_RECLAIM_SHADOW,v170_provisional_1,63.0,2.515723270440252,0.5043227665706052,1.0137581462708183,1.0869565217391304,0.3597122302158274,1.160261058738216,1.0132278366968699
2026-09-08 09:40:31.984,v1.7.1,20260908_036930_NEW_EARLY_ACCEL_SHADOW_E003_094031983706,036930,주성엔지니어링,NEW_EARLY_ACCEL_SHADOW,v170_provisional_1,63.0,2.9197080291970803,0.301659125188537,0.25125628140703515,0.35211267605633806,-0.2001000500250125,-0.4987531172069825,1.024043022447808
2026-09-08 09:40:31.986,v1.7.1,20260908_036930_NEW_WATCH_RECLAIM_SHADOW_E003_094031985848,036930,주성엔지니어링,NEW_WATCH_RECLAIM_SHADOW,v170_provisional_1,63.0,2.9197080291970803,0.301659125188537,0.25125628140703515,0.35211267605633806,-0.2001000500250125,-0.4987531172069825,1.024043022447808
2026-09-08 09:40:51.912,v1.7.1,20260908_000990_NEW_EARLY_ACCEL_SHADOW_E006_094051848911,000990,DB하이텍,NEW_EARLY_ACCEL_SHADOW,v170_provisional_1,60.0,2.914389799635701,0.09389671361502347,0.18796992481203006,0.09389671361502347,0.28222013170272814,0.09389671361502347,1.0041862529505519
2026-09-08 09:40:51.914,v1.7.1,20260908_000990_NEW_WATCH_RECLAIM_SHADOW_E006_094051912277,000990,DB하이텍,NEW_WATCH_RECLAIM_SHADOW,v170_provisional_1,60.0,2.914389799635701,0.09389671361502347,0.18796992481203006,0.09389671361502347,0.28222013170272814,0.09389671361502347,1.0041862529505519
2026-09-08 09:40:51.991,v1.7.1,20260908_028050_NEW_EARLY_ACCEL_SHADOW_E010_094051923630,028050,삼성E&A,NEW_EARLY_ACCEL_SHADOW,v170_provisional_1,60.0,2.131782945736434,0.3976143141153081,0.1984126984126984,0.1984126984126984,0.0,-0.1976284584980237,1.010886137273621
2026-09-08 09:40:52.026,v1.7.1,20260908_028050_NEW_WATCH_RECLAIM_SHADOW_E010_094051991789,028050,삼성E&A,NEW_WATCH_RECLAIM_SHADOW,v170_provisional_1,60.0,2.131782945736434,0.3976143141153081,0.1984126984126984,0.1984126984126984,0.0,-0.1976284584980237,1.010886137273621
2026-09-08 09:41:33.211,v1.7.1,20260908_052690_NEW_FIRST_PULLBACK_SHADOW_E004_094133207780,052690,한전기술,NEW_FIRST_PULLBACK_SHADOW,v170_provisional_1,63.0,2.795248078266946,-0.4294917680744453,-0.35816618911174786,-0.2867383512544803,0.7971014492753623,0.724112961622013,1.01142285523746
2026-09-08 09:41:49.983,v1.7.1,20260908_004310_NEW_WATCH_RECLAIM_SHADOW_E001_094149975967,004310,현대약품,NEW_WATCH_RECLAIM_SHADOW,v170_provisional_1,66.0,2.391304347826087,0.7856341189674524,0.7856341189674524,-0.9922822491730982,-0.11123470522803114,,1.1884754451004622
2026-09-08 09:42:12.936,v1.7.1,20260908_000720_NEW_WATCH_RECLAIM_SHADOW_E001_094212843664,000720,현대건설,NEW_WATCH_RECLAIM_SHADOW,v170_provisional_1,74.0,0.22488755622188905,-0.07507507507507508,0.263653483992467,0.3770739064856712,0.8333333333333334,0.5287009063444109,1.0
2026-09-08 09:42:12.944,v1.7.1,20260908_004310_NEW_EARLY_ACCEL_SHADOW_E001_094212938143,004310,현대약품,NEW_EARLY_ACCEL_SHADOW,v170_provisional_1,72.0,0.43103448275862066,2.89532293986637,3.7037037037037033,2.7808676307007785,1.65016501650165,,1.1019393741851369
2026-09-08 09:42:40.119,v1.7.1,20260908_044490_NEW_EARLY_ACCEL_SHADOW_EPISODE_094240088032,044490,태웅,NEW_EARLY_ACCEL_SHADOW,v170_provisional_1,57.0,1.5691868758915835,0.14513788098693758,0.14513788098693758,0.14513788098693758,0.29069767441860467,0.29069767441860467,1.0231487192138482
2026-09-08 09:44:23.003,v1.7.1,20260908_000990_NEW_EARLY_ACCEL_SHADOW_E007_094422965842,000990,DB하이텍,NEW_EARLY_ACCEL_SHADOW,v170_provisional_1,63.0,2.914389799635701,0.09389671361502347,0.09389671361502347,0.09389671361502347,0.28222013170272814,0.18796992481203006,1.0021012378382146
2026-09-08 09:44:23.047,v1.7.1,20260908_000990_NEW_WATCH_RECLAIM_SHADOW_E007_094423003344,000990,DB하이텍,NEW_WATCH_RECLAIM_SHADOW,v170_provisional_1,63.0,2.914389799635701,0.09389671361502347,0.09389671361502347,0.09389671361502347,0.28222013170272814,0.18796992481203006,1.0021012378382146
2026-09-08 09:44:45.592,v1.7.1,20260908_000990_NEW_FIRST_PULLBACK_SHADOW_E007_094445589290,000990,DB하이텍,NEW_FIRST_PULLBACK_SHADOW,v170_provisional_1,63.0,2.914389799635701,0.0,0.0,0.28222013170272814,0.28222013170272814,0.09389671361502347,1.0023585375077124
2026-09-08 09:46:00.417,v1.7.1,20260908_004310_NEW_FIRST_PULLBACK_SHADOW_E001_094600404124,004310,현대약품,NEW_FIRST_PULLBACK_SHADOW,v170_provisional_1,79.0,0.0,0.0,0.0,0.8492569002123143,3.036876355748373,4.740904079382579,1.1563606970496636
2026-09-08 09:46:00.425,v1.7.1,20260908_067290_NEW_EARLY_ACCEL_SHADOW_E001_094600421532,067290,JW신약,NEW_EARLY_ACCEL_SHADOW,v170_provisional_1,63.0,0.13192612137203166,1.0680907877169559,1.0680907877169559,1.3386880856760375,1.2032085561497325,,1.0
2026-09-08 09:46:00.428,v1.7.1,20260908_067290_NEW_WATCH_RECLAIM_SHADOW_E001_094600425606,067290,JW신약,NEW_WATCH_RECLAIM_SHADOW,v170_provisional_1,63.0,0.13192612137203166,1.0680907877169559,1.0680907877169559,1.3386880856760375,1.2032085561497325,,1.0
2026-09-08 09:46:28.213,v1.7.1,20260908_036930_NEW_EARLY_ACCEL_SHADOW_E004_094628208535,036930,주성엔지니어링,NEW_EARLY_ACCEL_SHADOW,v170_provisional_1,63.0,2.9683698296836982,0.30181086519114686,0.30181086519114686,0.30181086519114686,0.8598887202832575,0.15067805123053743,1.0078186038930015
2026-09-08 09:46:28.223,v1.7.1,20260908_036930_NEW_WATCH_RECLAIM_SHADOW_E004_094628213392,036930,주성엔지니어링,NEW_WATCH_RECLAIM_SHADOW,v170_provisional_1,63.0,2.9683698296836982,0.30181086519114686,0.30181086519114686,0.30181086519114686,0.8598887202832575,0.15067805123053743,1.0078186038930015
2026-09-08 09:47:16.833,v1.7.1,20260908_067290_NEW_FIRST_PULLBACK_SHADOW_E001_094716822088,067290,JW신약,NEW_FIRST_PULLBACK_SHADOW,v170_provisional_1,68.0,1.0471204188481675,-0.5263157894736842,-0.5263157894736842,-0.2638522427440633,1.2048192771084338,4.132231404958678,1.129492266114657
2026-09-08 09:48:42.962,v1.7.1,20260908_036930_NEW_EARLY_ACCEL_SHADOW_E005_094842917128,036930,주성엔지니어링,NEW_EARLY_ACCEL_SHADOW,v170_provisional_1,63.0,2.9683698296836982,0.1004016064257028,0.1004016064257028,0.1004016064257028,0.15067805123053743,0.5040322580645161,1.0100463123961558
2026-09-08 09:48:42.964,v1.7.1,20260908_036930_NEW_WATCH_RECLAIM_SHADOW_E005_094842962789,036930,주성엔지니어링,NEW_WATCH_RECLAIM_SHADOW,v170_provisional_1,63.0,2.9683698296836982,0.1004016064257028,0.1004016064257028,0.1004016064257028,0.15067805123053743,0.5040322580645161,1.0100463123961558
2026-09-08 09:49:29.553,v1.7.1,20260908_036930_NEW_FIRST_PULLBACK_SHADOW_E005_094929552008,036930,주성엔지니어링,NEW_FIRST_PULLBACK_SHADOW,v170_provisional_1,63.0,2.9197080291970803,0.0,0.0,0.15060240963855423,0.10035122930255895,0.9104704097116844,1.009363142073361
2026-09-08 09:49:52.731,v1.7.1,20260908_010170_NEW_EARLY_ACCEL_SHADOW_E002_094952728446,010170,대한광통신,NEW_EARLY_ACCEL_SHADOW,v170_provisional_1,97.0,0.4905395935529082,1.5736766809728182,1.5736766809728182,1.938262742282843,2.527075812274368,2.675343456254519,3.113999523014548
2026-09-08 09:49:52.734,v1.7.1,20260908_010170_NEW_WATCH_RECLAIM_SHADOW_E002_094952731501,010170,대한광통신,NEW_WATCH_RECLAIM_SHADOW,v170_provisional_1,97.0,0.4905395935529082,1.5736766809728182,1.5736766809728182,1.938262742282843,2.527075812274368,2.675343456254519,3.113999523014548
2026-09-08 09:49:52.738,v1.7.1,20260908_017900_NEW_EARLY_ACCEL_SHADOW_E005_094952736038,017900,광전자,NEW_EARLY_ACCEL_SHADOW,v170_provisional_1,78.0,0.23201856148491878,3.739445114595899,3.739445114595899,4.116222760290557,5.911330049261084,6.699751861042183,1.0850793778709003
2026-09-08 09:49:52.741,v1.7.1,20260908_017900_NEW_WATCH_RECLAIM_SHADOW_E005_094952739046,017900,광전자,NEW_WATCH_RECLAIM_SHADOW,v170_provisional_1,78.0,0.23201856148491878,3.739445114595899,3.739445114595899,4.116222760290557,5.911330049261084,6.699751861042183,1.0850793778709003
2026-09-08 09:50:29.265,v1.7.1,20260908_036930_NEW_WATCH_RECLAIM_SHADOW_E006_095029256268,036930,주성엔지니어링,NEW_WATCH_RECLAIM_SHADOW,v170_provisional_1,63.0,2.9197080291970803,0.10035122930255895,0.10035122930255895,0.0,0.15060240963855423,0.35211267605633806,1.0103154448909455
2026-09-08 09:50:54.284,v1.7.1,20260908_010170_NEW_FIRST_PULLBACK_SHADOW_E002_095054272105,010170,대한광통신,NEW_FIRST_PULLBACK_SHADOW,v170_provisional_1,79.0,0.7665505226480837,-0.5586592178770949,-0.5586592178770949,0.28169014084507044,2.2254127781765973,2.6676279740447004,1.0801978139804593
2026-09-08 09:50:54.288,v1.7.1,20260908_052690_NEW_EARLY_ACCEL_SHADOW_E005_095054285612,052690,한전기술,NEW_EARLY_ACCEL_SHADOW,v170_provisional_1,63.0,2.86512928022362,0.6517016654598118,0.6517016654598118,0.7246376811594203,0.7246376811594203,0.8708272859216255,1.0041866135943915
2026-09-08 09:50:54.291,v1.7.1,20260908_052690_NEW_WATCH_RECLAIM_SHADOW_E005_095054289375,052690,한전기술,NEW_WATCH_RECLAIM_SHADOW,v170_provisional_1,63.0,2.86512928022362,0.6517016654598118,0.6517016654598118,0.7246376811594203,0.7246376811594203,0.8708272859216255,1.0041866135943915
2026-09-08 09:50:54.299,v1.7.1,20260908_036930_NEW_EARLY_ACCEL_SHADOW_E006_095054297450,036930,주성엔지니어링,NEW_EARLY_ACCEL_SHADOW,v170_provisional_1,63.0,2.4330900243309004,0.5012531328320802,0.5012531328320802,0.6021073758153538,0.551654964894684,0.8551307847082495,1.012191089500702
2026-09-08 09:51:19.182,v1.7.1,20260908_036930_NEW_FIRST_PULLBACK_SHADOW_E006_095119165176,036930,주성엔지니어링,NEW_FIRST_PULLBACK_SHADOW,v170_provisional_1,63.0,2.67639902676399,-0.24937655860349126,-0.24937655860349126,0.2506265664160401,0.2506265664160401,0.3009027081243731,1.021449595888963
2026-09-08 09:51:41.818,v1.7.1,20260908_052690_NEW_WATCH_RECLAIM_SHADOW_E006_095141808307,052690,한전기술,NEW_WATCH_RECLAIM_SHADOW,v170_provisional_1,63.0,2.9350104821802936,0.07204610951008646,0.07204610951008646,-0.07194244604316546,0.6521739130434783,0.2888086642599278,1.004596583434999
2026-09-08 09:56:51.601,v1.7.1,20260908_222800_NEW_EARLY_ACCEL_SHADOW_E003_095651593045,222800,심텍,NEW_EARLY_ACCEL_SHADOW,v170_provisional_1,87.0,1.717408274785324,0.15910898965791567,0.15910898965791567,0.15910898965791567,0.6394884092725819,0.6394884092725819,1.2005400864138263
2026-09-08 09:56:51.633,v1.7.1,20260908_222800_NEW_WATCH_RECLAIM_SHADOW_E003_095651601141,222800,심텍,NEW_WATCH_RECLAIM_SHADOW,v170_provisional_1,87.0,1.717408274785324,0.15910898965791567,0.15910898965791567,0.15910898965791567,0.6394884092725819,0.6394884092725819,1.2005400864138263
2026-09-08 09:57:19.213,v1.7.1,20260908_222800_NEW_FIRST_PULLBACK_SHADOW_E003_095719204186,222800,심텍,NEW_FIRST_PULLBACK_SHADOW,v170_provisional_1,68.0,1.717408274785324,0.0,0.0,0.15910898965791567,0.23885350318471338,0.8006405124099278,1.0
2026-09-08 09:57:41.814,v1.7.1,20260908_047040_NEW_EARLY_ACCEL_SHADOW_E005_095741791988,047040,대우건설,NEW_EARLY_ACCEL_SHADOW,v170_provisional_1,63.0,2.920792079207921,0.2556237218813906,0.2556237218813906,0.2043944813490036,0.15321756894790603,-0.15274949083503053,1.0048309178743962
2026-09-08 09:57:41.837,v1.7.1,20260908_047040_NEW_WATCH_RECLAIM_SHADOW_E005_095741814614,047040,대우건설,NEW_WATCH_RECLAIM_SHADOW,v170_provisional_1,63.0,2.920792079207921,0.2556237218813906,0.2556237218813906,0.2043944813490036,0.15321756894790603,-0.15274949083503053,1.0048309178743962
2026-09-08 09:58:45.481,v1.7.1,20260908_222800_NEW_WATCH_RECLAIM_SHADOW_E004_095845470405,222800,심텍,NEW_WATCH_RECLAIM_SHADOW,v170_provisional_1,68.0,1.795472287275566,0.07955449482895784,0.07955449482895784,-0.07942811755361398,-0.07942811755361398,0.8012820512820512,1.006894833856424
2026-09-08 09:59:23.334,v1.7.1,20260908_047040_NEW_FIRST_PULLBACK_SHADOW_E005_095923326993,047040,대우건설,NEW_FIRST_PULLBACK_SHADOW,v170_provisional_1,63.0,2.5742574257425743,0.05083884087442806,-0.050787201625190445,0.15267175572519084,0.6134969325153374,0.20366598778004072,1.006717211310259
2026-09-08 10:00:56.635,v1.7.1,20260908_004310_NEW_EARLY_ACCEL_SHADOW_E002_100056606109,004310,현대약품,NEW_EARLY_ACCEL_SHADOW,v170_provisional_1,60.0,2.9866117404737382,0.5336179295624333,1.8378378378378377,1.8378378378378377,2.7262813522355507,3.289473684210526,1.0310174281676872
2026-09-08 10:00:56.648,v1.7.1,20260908_004310_NEW_WATCH_RECLAIM_SHADOW_E002_100056636620,004310,현대약품,NEW_WATCH_RECLAIM_SHADOW,v170_provisional_1,60.0,2.9866117404737382,0.5336179295624333,1.8378378378378377,1.8378378378378377,2.7262813522355507,3.289473684210526,1.0310174281676872
2026-09-08 10:02:12.493,v1.7.1,20260908_387690_NEW_EARLY_ACCEL_SHADOW_E002_100212483788,387690,레메디,NEW_EARLY_ACCEL_SHADOW,v170_provisional_1,66.0,2.857142857142857,1.3304949441192122,1.3304949441192122,1.3304949441192122,1.4925373134328357,0.8741721854304637,1.1795213874760277
2026-09-08 10:02:12.515,v1.7.1,20260908_387690_NEW_WATCH_RECLAIM_SHADOW_E002_100212493793,387690,레메디,NEW_WATCH_RECLAIM_SHADOW,v170_provisional_1,66.0,2.857142857142857,1.3304949441192122,1.3304949441192122,1.3304949441192122,1.4925373134328357,0.8741721854304637,1.1795213874760277
2026-09-08 10:02:55.214,v1.7.1,20260908_004310_NEW_FIRST_PULLBACK_SHADOW_E002_100255203616,004310,현대약품,NEW_FIRST_PULLBACK_SHADOW,v170_provisional_1,65.0,1.8537590113285274,-0.41797283176593525,-0.41797283176593525,0.42149631190727077,1.167728237791932,2.583423035522067,1.04170983884835
2026-09-08 10:05:21.210,v1.7.1,20260908_387690_NEW_FIRST_PULLBACK_SHADOW_EPISODE_100521178122,387690,레메디,NEW_FIRST_PULLBACK_SHADOW,v170_provisional_1,47.0,2.6020408163265305,0.0,0.0,0.3152916447714136,0.4736842105263158,1.7590618336886994,1.012502176562772
2026-09-08 10:07:08.238,v1.7.1,20260908_067290_NEW_EARLY_ACCEL_SHADOW_E002_100708235497,067290,JW신약,NEW_EARLY_ACCEL_SHADOW,v170_provisional_1,87.0,1.832460732984293,0.4016064257028112,0.4016064257028112,1.3513513513513513,1.214574898785425,2.17983651226158,1.534311771155188
2026-09-08 10:07:08.239,v1.7.1,20260908_067290_NEW_WATCH_RECLAIM_SHADOW_E002_100708238540,067290,JW신약,NEW_WATCH_RECLAIM_SHADOW,v170_provisional_1,87.0,1.832460732984293,0.4016064257028112,0.4016064257028112,1.3513513513513513,1.214574898785425,2.17983651226158,1.534311771155188
2026-09-08 10:07:55.972,v1.7.1,20260908_067290_NEW_EARLY_ACCEL_SHADOW_E003_100755959694,067290,JW신약,NEW_EARLY_ACCEL_SHADOW,v170_provisional_1,61.0,1.1780104712041886,0.6666666666666667,0.6666666666666667,1.07095046854083,2.027027027027027,2.5815217391304346,1.0
2026-09-08 10:07:55.983,v1.7.1,20260908_067290_NEW_WATCH_RECLAIM_SHADOW_E003_100755973856,067290,JW신약,NEW_WATCH_RECLAIM_SHADOW,v170_provisional_1,61.0,1.1780104712041886,0.6666666666666667,0.6666666666666667,1.07095046854083,2.027027027027027,2.5815217391304346,1.0
2026-09-08 10:08:32.186,v1.7.1,20260908_067290_NEW_FIRST_PULLBACK_SHADOW_E003_100832166101,067290,JW신약,NEW_FIRST_PULLBACK_SHADOW,v170_provisional_1,64.0,0.9162303664921465,0.0,0.0,0.9333333333333335,1.3386880856760375,2.5745257452574526,1.0494518879415347
2026-09-08 10:09:42.817,v1.7.1,20260908_067290_NEW_EARLY_ACCEL_SHADOW_E004_100942809447,067290,JW신약,NEW_EARLY_ACCEL_SHADOW,v170_provisional_1,64.0,0.6544502617801047,1.0652463382157125,1.0652463382157125,0.26420079260237783,1.2,2.8455284552845526,1.0270040235221294
2026-09-08 10:09:42.825,v1.7.1,20260908_067290_NEW_WATCH_RECLAIM_SHADOW_E004_100942818098,067290,JW신약,NEW_WATCH_RECLAIM_SHADOW,v170_provisional_1,64.0,0.6544502617801047,1.0652463382157125,1.0652463382157125,0.26420079260237783,1.2,2.8455284552845526,1.0270040235221294
2026-09-08 10:10:01.332,v1.7.1,20260908_067290_NEW_FIRST_PULLBACK_SHADOW_E004_101001319992,067290,JW신약,NEW_FIRST_PULLBACK_SHADOW,v170_provisional_1,64.0,0.7329842931937173,-0.07905138339920949,-0.07905138339920949,0.9853528628495339,0.4503311258278146,2.348178137651822,1.0367107646029652
2026-09-08 10:10:37.965,v1.7.1,20260908_004310_NEW_FIRST_PULLBACK_SHADOW_E003_101037953283,004310,현대약품,NEW_FIRST_PULLBACK_SHADOW,v170_provisional_1,71.0,0.8858267716535433,-0.3956478733926805,-0.6903353057199211,-0.3956478733926805,0.09940357852882703,5.11482254697286,1.0426539147401501
2026-09-08 10:10:58.499,v1.7.1,20260908_067290_NEW_EARLY_ACCEL_SHADOW_E005_101058485096,067290,JW신약,NEW_EARLY_ACCEL_SHADOW,v170_provisional_1,64.0,0.6020942408376962,1.118508655126498,0.5827814569536424,0.13185654008438819,1.2533333333333334,2.6216216216216215,1.0433511640171778
2026-09-08 10:10:58.508,v1.7.1,20260908_067290_NEW_WATCH_RECLAIM_SHADOW_E005_101058501925,067290,JW신약,NEW_WATCH_RECLAIM_SHADOW,v170_provisional_1,64.0,0.6020942408376962,1.118508655126498,0.5827814569536424,0.13185654008438819,1.2533333333333334,2.6216216216216215,1.0433511640171778
2026-09-08 10:12:00.823,v1.7.1,20260908_067290_NEW_FIRST_PULLBACK_SHADOW_E005_101200813015,067290,JW신약,NEW_FIRST_PULLBACK_SHADOW,v170_provisional_1,77.0,0.3901170351105332,-0.1303780964797914,-0.1303780964797914,0.8691071898867527,1.0021097046413503,2.1333333333333333,1.0539123653274025
2026-09-08 10:14:05.738,v1.7.1,20260908_249420_NEW_EARLY_ACCEL_SHADOW_E004_101405734916,249420,일동제약,NEW_EARLY_ACCEL_SHADOW,v170_provisional_1,74.0,2.2249690976514214,0.18999366687777072,0.18999366687777072,0.31705770450221943,0.5721551176096631,0.8928571428571428,1.239318665720369
2026-09-08 10:14:05.746,v1.7.1,20260908_249420_NEW_WATCH_RECLAIM_SHADOW_E004_101405738901,249420,일동제약,NEW_WATCH_RECLAIM_SHADOW,v170_provisional_1,74.0,2.2249690976514214,0.18999366687777072,0.18999366687777072,0.31705770450221943,0.5721551176096631,0.8928571428571428,1.239318665720369
2026-09-08 10:14:29.283,v1.7.1,20260908_249420_NEW_FIRST_PULLBACK_SHADOW_EPISODE_101429282513,249420,일동제약,NEW_FIRST_PULLBACK_SHADOW,v170_provisional_1,52.0,2.3485784919653896,-0.12642225031605564,-0.12642225031605564,0.25380710659898476,0.3811944091486658,0.7653061224489796,1.0
2026-09-08 10:14:51.458,v1.7.1,20260908_249420_NEW_EARLY_ACCEL_SHADOW_EPISODE_101451449868,249420,일동제약,NEW_EARLY_ACCEL_SHADOW,v170_provisional_1,52.0,2.2867737948084055,0.06329113924050633,0.06329113924050633,0.1266624445851805,0.2536461636017755,0.7648183556405354,1.0
2026-09-08 10:15:18.575,v1.7.1,20260908_000990_NEW_EARLY_ACCEL_SHADOW_E008_101518555962,000990,DB하이텍,NEW_EARLY_ACCEL_SHADOW,v170_provisional_1,63.0,2.914389799635701,0.28222013170272814,0.28222013170272814,0.3766478342749529,0.6610009442870632,0.6610009442870632,1.0045541488295837
2026-09-08 10:15:18.588,v1.7.1,20260908_000990_NEW_WATCH_RECLAIM_SHADOW_E008_101518580705,000990,DB하이텍,NEW_WATCH_RECLAIM_SHADOW,v170_provisional_1,63.0,2.914389799635701,0.28222013170272814,0.28222013170272814,0.3766478342749529,0.6610009442870632,0.6610009442870632,1.0045541488295837
2026-09-08 10:15:39.374,v1.7.1,20260908_000990_NEW_FIRST_PULLBACK_SHADOW_E008_101539351238,000990,DB하이텍,NEW_FIRST_PULLBACK_SHADOW,v170_provisional_1,63.0,2.914389799635701,0.0,0.0,0.3766478342749529,0.5660377358490566,0.6610009442870632,1.0060647452533806
2026-09-08 10:18:12.550,v1.7.1,20260908_036930_NEW_EARLY_ACCEL_SHADOW_E007_101812543316,036930,주성엔지니어링,NEW_EARLY_ACCEL_SHADOW,v170_provisional_1,63.0,2.158273381294964,0.9900990099009901,0.9900990099009901,0.7407407407407408,0.0,-1.2106537530266344,1.0080616456511038
2026-09-08 10:18:12.558,v1.7.1,20260908_036930_NEW_WATCH_RECLAIM_SHADOW_E007_101812550407,036930,주성엔지니어링,NEW_WATCH_RECLAIM_SHADOW,v170_provisional_1,63.0,2.158273381294964,0.9900990099009901,0.9900990099009901,0.7407407407407408,0.0,-1.2106537530266344,1.0080616456511038
2026-09-08 10:19:25.168,v1.7.1,20260908_030530_NEW_EARLY_ACCEL_SHADOW_E001_101925166500,030530,원익홀딩스,NEW_EARLY_ACCEL_SHADOW,v170_provisional_1,60.0,0.631578947368421,0.8547008547008548,0.8547008547008548,1.2875536480686696,1.7241379310344827,3.508771929824561,1.0
2026-09-08 10:19:25.170,v1.7.1,20260908_030530_NEW_WATCH_RECLAIM_SHADOW_E001_101925168493,030530,원익홀딩스,NEW_WATCH_RECLAIM_SHADOW,v170_provisional_1,60.0,0.631578947368421,0.8547008547008548,0.8547008547008548,1.2875536480686696,1.7241379310344827,3.508771929824561,1.0
2026-09-08 10:20:11.866,v1.7.1,20260908_067290_NEW_EARLY_ACCEL_SHADOW_E006_102011853862,067290,JW신약,NEW_EARLY_ACCEL_SHADOW,v170_provisional_1,68.0,1.8656716417910446,1.937984496124031,1.937984496124031,1.4138817480719794,0.0,0.12690355329949238,1.034130949774053
2026-09-08 10:20:11.870,v1.7.1,20260908_067290_NEW_WATCH_RECLAIM_SHADOW_E006_102011866118,067290,JW신약,NEW_WATCH_RECLAIM_SHADOW,v170_provisional_1,68.0,1.8656716417910446,1.937984496124031,1.937984496124031,1.4138817480719794,0.0,0.12690355329949238,1.034130949774053
2026-09-08 10:20:11.881,v1.7.1,20260908_030530_NEW_FIRST_PULLBACK_SHADOW_EPISODE_102011873134,030530,원익홀딩스,NEW_FIRST_PULLBACK_SHADOW,v170_provisional_1,57.0,1.0438413361169103,-0.8368200836820083,-0.8368200836820083,0.423728813559322,1.7167381974248928,3.2679738562091507,1.0
2026-09-08 10:22:24.418,v1.7.1,20260908_067290_NEW_FIRST_PULLBACK_SHADOW_E006_102224404161,067290,JW신약,NEW_FIRST_PULLBACK_SHADOW,v170_provisional_1,68.0,2.0238095238095237,-0.48367593712212814,-0.48367593712212814,2.236024844720497,4.309252217997465,3.132832080200501,1.0
2026-09-08 10:24:02.072,v1.7.1,20260908_000720_NEW_EARLY_ACCEL_SHADOW_E002_102402058508,000720,현대건설,NEW_EARLY_ACCEL_SHADOW,v170_provisional_1,100.0,0.0749063670411985,0.2253944402704733,0.2253944402704733,0.3762227238525207,0.30075187969924816,0.4518072289156626,1.3735808924535826
2026-09-08 10:24:02.084,v1.7.1,20260908_000720_NEW_WATCH_RECLAIM_SHADOW_E002_102402074775,000720,현대건설,NEW_WATCH_RECLAIM_SHADOW,v170_provisional_1,100.0,0.0749063670411985,0.2253944402704733,0.2253944402704733,0.3762227238525207,0.30075187969924816,0.4518072289156626,1.3735808924535826
2026-09-08 10:24:33.321,v1.7.1,20260908_010170_NEW_EARLY_ACCEL_SHADOW_E003_102433269416,010170,대한광통신,NEW_EARLY_ACCEL_SHADOW,v170_provisional_1,74.0,2.006920415224913,0.21231422505307856,0.21231422505307856,0.21231422505307856,0.28328611898017,0.28328611898017,1.0650089640657885
2026-09-08 10:24:33.348,v1.7.1,20260908_010170_NEW_WATCH_RECLAIM_SHADOW_E003_102433321452,010170,대한광통신,NEW_WATCH_RECLAIM_SHADOW,v170_provisional_1,74.0,2.006920415224913,0.21231422505307856,0.21231422505307856,0.21231422505307856,0.28328611898017,0.28328611898017,1.0650089640657885
2026-09-08 10:25:22.898,v1.7.1,20260908_010170_NEW_FIRST_PULLBACK_SHADOW_E003_102522846561,010170,대한광통신,NEW_FIRST_PULLBACK_SHADOW,v170_provisional_1,68.0,1.9377162629757785,0.0,0.0,0.07062146892655367,0.28308563340410475,0.42523033309709424,1.0
2026-09-08 10:25:37.036,v1.7.1,20260908_000720_NEW_FIRST_PULLBACK_SHADOW_E002_102537027722,000720,현대건설,NEW_FIRST_PULLBACK_SHADOW,v170_provisional_1,74.0,0.0,0.0,0.0,0.14970059880239522,0.5259203606311045,0.6772009029345373,1.0130699748310357
2026-09-08 10:26:01.851,v1.7.1,20260908_067290_NEW_WATCH_RECLAIM_SHADOW_E007_102601837138,067290,JW신약,NEW_WATCH_RECLAIM_SHADOW,v170_provisional_1,63.0,2.261904761904762,1.3580246913580247,0.4895960832313341,-0.12165450121654502,-0.7255139056831923,1.9875776397515528,1.0195833950266124
2026-09-08 10:26:28.902,v1.7.1,20260908_028050_NEW_EARLY_ACCEL_SHADOW_E012_102628889546,028050,삼성E&A,NEW_EARLY_ACCEL_SHADOW,v170_provisional_1,79.0,2.131782945736434,0.5976095617529881,0.5976095617529881,0.3976143141153081,0.5976095617529881,0.5976095617529881,1.1892368828719606
2026-09-08 10:26:28.903,v1.7.1,20260908_028050_NEW_WATCH_RECLAIM_SHADOW_E012_102628902364,028050,삼성E&A,NEW_WATCH_RECLAIM_SHADOW,v170_provisional_1,79.0,2.131782945736434,0.5976095617529881,0.5976095617529881,0.3976143141153081,0.5976095617529881,0.5976095617529881,1.1892368828719606
2026-09-08 10:26:28.919,v1.7.1,20260908_067290_NEW_EARLY_ACCEL_SHADOW_E007_102628908816,067290,JW신약,NEW_EARLY_ACCEL_SHADOW,v170_provisional_1,74.0,0.4761904761904762,1.8270401948842874,1.8270401948842874,2.3255813953488373,1.5795868772782502,1.951219512195122,1.0305304491275356
2026-09-08 10:26:58.121,v1.7.1,20260908_028050_NEW_FIRST_PULLBACK_SHADOW_E012_102658078097,028050,삼성E&A,NEW_FIRST_PULLBACK_SHADOW,v170_provisional_1,60.0,2.131782945736434,0.0,0.0,0.5976095617529881,0.5976095617529881,0.7984031936127743,1.0
2026-09-08 10:27:23.279,v1.7.1,20260908_067290_NEW_FIRST_PULLBACK_SHADOW_E007_102723270013,067290,JW신약,NEW_FIRST_PULLBACK_SHADOW,v170_provisional_1,79.0,1.301775147928994,-0.47732696897374705,-0.47732696897374705,-0.23923444976076555,2.08078335373317,1.336573511543135,1.0592573909321594
2026-09-08 10:27:23.345,v1.7.1,20260908_014950_NEW_EARLY_ACCEL_SHADOW_E001_102723283129,014950,삼익제약,NEW_EARLY_ACCEL_SHADOW,v170_provisional_1,61.0,1.1764705882352942,0.32573289902280134,0.32573289902280134,1.762114537444934,3.2402234636871508,2.89532293986637,1.0
2026-09-08 10:27:23.377,v1.7.1,20260908_014950_NEW_WATCH_RECLAIM_SHADOW_E001_102723345293,014950,삼익제약,NEW_WATCH_RECLAIM_SHADOW,v170_provisional_1,61.0,1.1764705882352942,0.32573289902280134,0.32573289902280134,1.762114537444934,3.2402234636871508,2.89532293986637,1.0
2026-09-08 10:28:46.471,v1.7.1,20260908_008930_NEW_EARLY_ACCEL_SHADOW_EPISODE_102846447919,008930,한미사이언스,NEW_EARLY_ACCEL_SHADOW,v170_provisional_1,55.0,0.5033557046979865,0.6791171477079796,0.6791171477079796,0.338409475465313,0.0,0.338409475465313,1.0
2026-09-08 10:30:51.009,v1.7.1,20260908_014950_NEW_EARLY_ACCEL_SHADOW_E002_103050997929,014950,삼익제약,NEW_EARLY_ACCEL_SHADOW,v170_provisional_1,71.0,2.3092369477911645,0.8290155440414507,0.8290155440414507,3.4006376195536663,2.3133543638275498,8.715083798882683,1.055811008012335
2026-09-08 10:30:51.021,v1.7.1,20260908_014950_NEW_WATCH_RECLAIM_SHADOW_E002_103051014033,014950,삼익제약,NEW_WATCH_RECLAIM_SHADOW,v170_provisional_1,71.0,2.3092369477911645,0.8290155440414507,0.8290155440414507,3.4006376195536663,2.3133543638275498,8.715083798882683,1.055811008012335
2026-09-08 10:31:18.701,v1.7.1,20260908_030530_NEW_EARLY_ACCEL_SHADOW_E003_103118681839,030530,원익홀딩스,NEW_EARLY_ACCEL_SHADOW,v170_provisional_1,83.0,0.8350730688935281,2.591792656587473,2.591792656587473,2.591792656587473,2.813852813852814,1.9313304721030045,1.2152493689616155
2026-09-08 10:31:18.726,v1.7.1,20260908_030530_NEW_WATCH_RECLAIM_SHADOW_E003_103118702708,030530,원익홀딩스,NEW_WATCH_RECLAIM_SHADOW,v170_provisional_1,83.0,0.8350730688935281,2.591792656587473,2.591792656587473,2.591792656587473,2.813852813852814,1.9313304721030045,1.2152493689616155
2026-09-08 10:31:52.365,v1.7.1,20260908_067290_NEW_WATCH_RECLAIM_SHADOW_E008_103152341113,067290,JW신약,NEW_WATCH_RECLAIM_SHADOW,v170_provisional_1,74.0,1.845444059976932,0.47225501770956313,0.47225501770956313,-1.3904982618771726,-1.0465116279069768,1.5513126491646778,1.0546078086528314
2026-09-08 10:31:52.381,v1.7.1,20260908_030530_NEW_FIRST_PULLBACK_SHADOW_E003_103152372318,030530,원익홀딩스,NEW_FIRST_PULLBACK_SHADOW,v170_provisional_1,61.0,1.8789144050104383,-1.0526315789473684,-1.0526315789473684,1.511879049676026,1.7316017316017316,1.511879049676026,1.0
2026-09-08 10:31:52.397,v1.7.1,20260908_014950_NEW_EARLY_ACCEL_SHADOW_E003_103152388328,014950,삼익제약,NEW_EARLY_ACCEL_SHADOW,v170_provisional_1,60.0,2.108433734939759,1.8808777429467085,1.8808777429467085,0.20554984583761562,3.6131774707757707,5.863192182410423,1.029755385177072
2026-09-08 10:31:52.412,v1.7.1,20260908_014950_NEW_WATCH_RECLAIM_SHADOW_E003_103152398877,014950,삼익제약,NEW_WATCH_RECLAIM_SHADOW,v170_provisional_1,60.0,2.108433734939759,1.8808777429467085,1.8808777429467085,0.20554984583761562,3.6131774707757707,5.863192182410423,1.029755385177072
2026-09-08 10:33:09.129,v1.7.1,20260908_010170_NEW_EARLY_ACCEL_SHADOW_E004_103309114878,010170,대한광통신,NEW_EARLY_ACCEL_SHADOW,v170_provisional_1,68.0,1.384083044982699,0.7779349363507779,0.7779349363507779,0.8492569002123143,0.8492569002123143,1.0638297872340425,1.0184093676361015
2026-09-08 10:33:09.142,v1.7.1,20260908_010170_NEW_WATCH_RECLAIM_SHADOW_E004_103309130824,010170,대한광통신,NEW_WATCH_RECLAIM_SHADOW,v170_provisional_1,68.0,1.384083044982699,0.7779349363507779,0.7779349363507779,0.8492569002123143,0.8492569002123143,1.0638297872340425,1.0184093676361015
2026-09-08 10:33:09.158,v1.7.1,20260908_067290_NEW_WATCH_RECLAIM_SHADOW_E009_103309147848,067290,JW신약,NEW_WATCH_RECLAIM_SHADOW,v170_provisional_1,63.0,2.9988465974625145,0.11904761904761905,0.11904761904761905,-0.35545023696682465,-0.7083825265643447,-0.35545023696682465,1.0254315017093305
2026-09-08 10:33:09.192,v1.7.1,20260908_014950_NEW_EARLY_ACCEL_SHADOW_E004_103309172263,014950,삼익제약,NEW_EARLY_ACCEL_SHADOW,v170_provisional_1,60.0,2.4096385542168677,0.9345794392523363,0.9345794392523363,0.9345794392523363,1.5673981191222568,6.11353711790393,1.0276546711575962
2026-09-08 10:33:09.206,v1.7.1,20260908_014950_NEW_WATCH_RECLAIM_SHADOW_E004_103309193928,014950,삼익제약,NEW_WATCH_RECLAIM_SHADOW,v170_provisional_1,60.0,2.4096385542168677,0.9345794392523363,0.9345794392523363,0.9345794392523363,1.5673981191222568,6.11353711790393,1.0276546711575962
2026-09-08 10:33:35.728,v1.7.1,20260908_010170_NEW_FIRST_PULLBACK_SHADOW_E004_103335725293,010170,대한광통신,NEW_FIRST_PULLBACK_SHADOW,v170_provisional_1,68.0,1.453287197231834,-0.07017543859649122,-0.07017543859649122,0.7072135785007072,0.84985835694051,1.1363636363636365,1.0
2026-09-08 10:33:59.404,v1.7.1,20260908_044490_NEW_FIRST_PULLBACK_SHADOW_E003_103359395880,044490,태웅,NEW_FIRST_PULLBACK_SHADOW,v170_provisional_1,66.0,1.7118402282453637,0.0,0.0,0.0,0.14534883720930233,0.43731778425655976,1.0892943063352045
2026-09-08 10:36:37.322,v1.7.1,20260908_028050_NEW_EARLY_ACCEL_SHADOW_E013_103637316080,028050,삼성E&A,NEW_EARLY_ACCEL_SHADOW,v170_provisional_1,60.0,2.131782945736434,0.3976143141153081,0.3976143141153081,0.3976143141153081,0.1984126984126984,0.0,1.0062353772127313
2026-09-08 10:36:37.327,v1.7.1,20260908_028050_NEW_WATCH_RECLAIM_SHADOW_E013_103637323934,028050,삼성E&A,NEW_WATCH_RECLAIM_SHADOW,v170_provisional_1,60.0,2.131782945736434,0.3976143141153081,0.3976143141153081,0.3976143141153081,0.1984126984126984,0.0,1.0062353772127313
2026-09-08 10:39:27.218,v1.7.1,20260908_036930_NEW_FIRST_PULLBACK_SHADOW_E008_103927192893,036930,주성엔지니어링,NEW_FIRST_PULLBACK_SHADOW,v170_provisional_1,63.0,2.877697841726619,0.0,0.0,,0.24752475247524752,0.49627791563275436,1.003522520784903
2026-09-08 10:40:38.301,v1.7.1,20260908_036930_NEW_WATCH_RECLAIM_SHADOW_E009_104038289387,036930,주성엔지니어링,NEW_WATCH_RECLAIM_SHADOW,v170_provisional_1,63.0,2.997601918465228,0.12376237623762376,0.12376237623762376,-0.12345679012345678,,0.37220843672456577,1.0019557066170321
2026-09-08 10:42:27.255,v1.7.1,20260908_028050_NEW_EARLY_ACCEL_SHADOW_E014_104227246425,028050,삼성E&A,NEW_EARLY_ACCEL_SHADOW,v170_provisional_1,60.0,2.3255813953488373,0.398406374501992,0.398406374501992,0.5988023952095809,0.398406374501992,0.19880715705765406,1.0128900132514156
2026-09-08 10:42:27.273,v1.7.1,20260908_028050_NEW_WATCH_RECLAIM_SHADOW_E014_104227264297,028050,삼성E&A,NEW_WATCH_RECLAIM_SHADOW,v170_provisional_1,60.0,2.3255813953488373,0.398406374501992,0.398406374501992,0.5988023952095809,0.398406374501992,0.19880715705765406,1.0128900132514156
2026-09-08 10:42:43.651,v1.7.1,20260908_028050_NEW_FIRST_PULLBACK_SHADOW_E014_104243621989,028050,삼성E&A,NEW_FIRST_PULLBACK_SHADOW,v170_provisional_1,60.0,2.422480620155039,-0.0992063492063492,-0.0992063492063492,0.499001996007984,0.29880478087649404,0.09940357852882703,1.0
2026-09-08 10:43:53.694,v1.7.1,20260908_402340_NEW_EARLY_ACCEL_SHADOW_E001_104353643056,402340,SK스퀘어,NEW_EARLY_ACCEL_SHADOW,v170_provisional_1,74.0,0.08460236886632826,0.2546689303904924,0.2546689303904924,0.5106382978723404,0.5106382978723404,0.7679180887372014,1.0
2026-09-08 10:43:53.707,v1.7.1,20260908_402340_NEW_WATCH_RECLAIM_SHADOW_E001_104353695822,402340,SK스퀘어,NEW_WATCH_RECLAIM_SHADOW,v170_provisional_1,74.0,0.08460236886632826,0.2546689303904924,0.2546689303904924,0.5106382978723404,0.5106382978723404,0.7679180887372014,1.0
2026-09-08 10:43:53.735,v1.7.1,20260908_067290_NEW_EARLY_ACCEL_SHADOW_E010_104353729988,067290,JW신약,NEW_EARLY_ACCEL_SHADOW,v170_provisional_1,63.0,2.1914648212226067,0.9523809523809524,0.9523809523809524,1.6786570743405276,2.663438256658596,4.433497536945813,1.0105017079529963
2026-09-08 10:43:53.739,v1.7.1,20260908_067290_NEW_WATCH_RECLAIM_SHADOW_E010_104353736110,067290,JW신약,NEW_WATCH_RECLAIM_SHADOW,v170_provisional_1,63.0,2.1914648212226067,0.9523809523809524,0.9523809523809524,1.6786570743405276,2.663438256658596,4.433497536945813,1.0105017079529963
2026-09-08 10:44:23.163,v1.7.1,20260908_402340_NEW_FIRST_PULLBACK_SHADOW_E001_104423162293,402340,SK스퀘어,NEW_FIRST_PULLBACK_SHADOW,v170_provisional_1,74.0,0.25380710659898476,-0.1693480101608806,-0.1693480101608806,0.08488964346349745,0.42589437819420783,0.5972696245733788,1.0
2026-09-08 10:44:23.175,v1.7.1,20260908_028050_NEW_EARLY_ACCEL_SHADOW_E015_104423170432,028050,삼성E&A,NEW_EARLY_ACCEL_SHADOW,v170_provisional_1,60.0,2.3255813953488373,0.19880715705765406,0.19880715705765406,0.09930486593843098,0.398406374501992,0.19880715705765406,1.001610305958132
2026-09-08 10:44:23.179,v1.7.1,20260908_028050_NEW_WATCH_RECLAIM_SHADOW_E015_104423175431,028050,삼성E&A,NEW_WATCH_RECLAIM_SHADOW,v170_provisional_1,60.0,2.3255813953488373,0.19880715705765406,0.19880715705765406,0.09930486593843098,0.398406374501992,0.19880715705765406,1.001610305958132
2026-09-08 10:44:40.472,v1.7.1,20260908_036930_NEW_EARLY_ACCEL_SHADOW_E010_104440395625,036930,주성엔지니어링,NEW_EARLY_ACCEL_SHADOW,v170_provisional_1,63.0,2.997601918465228,0.12376237623762376,0.12376237623762376,0.37220843672456577,0.6218905472636816,-0.12345679012345678,1.0025954218898416
2026-09-08 10:44:40.530,v1.7.1,20260908_036930_NEW_WATCH_RECLAIM_SHADOW_E010_104440518265,036930,주성엔지니어링,NEW_WATCH_RECLAIM_SHADOW,v170_provisional_1,63.0,2.997601918465228,0.12376237623762376,0.12376237623762376,0.37220843672456577,0.6218905472636816,-0.12345679012345678,1.0025954218898416
2026-09-08 10:45:31.636,v1.7.1,20260908_402340_NEW_EARLY_ACCEL_SHADOW_E002_104531634291,402340,SK스퀘어,NEW_EARLY_ACCEL_SHADOW,v170_provisional_1,74.0,0.0,0.0846740050804403,0.0846740050804403,0.2544529262086514,0.3395585738539898,0.5957446808510638,1.0142448575514245
2026-09-08 10:45:31.638,v1.7.1,20260908_402340_NEW_WATCH_RECLAIM_SHADOW_E002_104531636286,402340,SK스퀘어,NEW_WATCH_RECLAIM_SHADOW,v170_provisional_1,74.0,0.0,0.0846740050804403,0.0846740050804403,0.2544529262086514,0.3395585738539898,0.5957446808510638,1.0142448575514245
2026-09-08 10:45:31.643,v1.7.1,20260908_010170_NEW_EARLY_ACCEL_SHADOW_E005_104531641272,010170,대한광통신,NEW_EARLY_ACCEL_SHADOW,v170_provisional_1,63.0,2.0761245674740483,0.07072135785007072,0.07072135785007072,0.14154281670205238,0.2124645892351275,0.0,1.0070510161758606
2026-09-08 10:45:31.645,v1.7.1,20260908_010170_NEW_WATCH_RECLAIM_SHADOW_E005_104531643265,010170,대한광통신,NEW_WATCH_RECLAIM_SHADOW,v170_provisional_1,63.0,2.0761245674740483,0.07072135785007072,0.07072135785007072,0.14154281670205238,0.2124645892351275,0.0,1.0070510161758606
2026-09-08 10:45:31.648,v1.7.1,20260908_028050_NEW_WATCH_RECLAIM_SHADOW_E016_104531647587,028050,삼성E&A,NEW_WATCH_RECLAIM_SHADOW,v170_provisional_1,60.0,2.3255813953488373,0.19880715705765406,0.19880715705765406,0.0,0.09930486593843098,0.398406374501992,1.003420444981549
2026-09-08 10:45:55.909,v1.7.1,20260908_402340_NEW_FIRST_PULLBACK_SHADOW_E002_104555901601,402340,SK스퀘어,NEW_FIRST_PULLBACK_SHADOW,v170_provisional_1,74.0,0.0,0.0,0.0,0.2544529262086514,0.0846740050804403,0.5957446808510638,1.0163793600159237
2026-09-08 10:46:47.213,v1.7.1,20260908_028050_NEW_EARLY_ACCEL_SHADOW_E017_104647193227,028050,삼성E&A,NEW_EARLY_ACCEL_SHADOW,v170_provisional_1,60.0,2.3255813953488373,0.19880715705765406,0.19880715705765406,0.19880715705765406,0.19880715705765406,0.5988023952095809,1.0010000537663315
2026-09-08 10:46:47.250,v1.7.1,20260908_028050_NEW_WATCH_RECLAIM_SHADOW_E017_104647214309,028050,삼성E&A,NEW_WATCH_RECLAIM_SHADOW,v170_provisional_1,60.0,2.3255813953488373,0.19880715705765406,0.19880715705765406,0.19880715705765406,0.19880715705765406,0.5988023952095809,1.0010000537663315
2026-09-08 10:47:28.852,v1.7.1,20260908_010170_NEW_FIRST_PULLBACK_SHADOW_E005_104728844949,010170,대한광통신,NEW_FIRST_PULLBACK_SHADOW,v170_provisional_1,68.0,1.8685121107266434,-0.07047216349541931,0.0,0.07057163020465773,0.21201413427561835,0.5673758865248227,1.0010319199508388
2026-09-08 10:48:18.011,v1.7.1,20260908_036930_NEW_EARLY_ACCEL_SHADOW_E011_104818008605,036930,주성엔지니어링,NEW_EARLY_ACCEL_SHADOW,v170_provisional_1,63.0,2.877697841726619,0.37174721189591076,0.37174721189591076,0.49627791563275436,0.37174721189591076,0.49627791563275436,1.0008539511021617
2026-09-08 10:48:18.015,v1.7.1,20260908_036930_NEW_WATCH_RECLAIM_SHADOW_E011_104818011596,036930,주성엔지니어링,NEW_WATCH_RECLAIM_SHADOW,v170_provisional_1,63.0,2.877697841726619,0.37174721189591076,0.37174721189591076,0.49627791563275436,0.37174721189591076,0.49627791563275436,1.0008539511021617
2026-09-08 10:48:39.761,v1.7.1,20260908_036930_NEW_FIRST_PULLBACK_SHADOW_E011_104839745239,036930,주성엔지니어링,NEW_FIRST_PULLBACK_SHADOW,v170_provisional_1,63.0,2.877697841726619,0.0,0.0,0.37174721189591076,0.49627791563275436,0.49627791563275436,1.002604521369367
2026-09-08 10:49:01.619,v1.7.1,20260908_030530_NEW_EARLY_ACCEL_SHADOW_E004_104901617127,030530,원익홀딩스,NEW_EARLY_ACCEL_SHADOW,v170_provisional_1,72.0,1.6701461377870561,0.42643923240938164,0.42643923240938164,0.8565310492505354,0.641025641025641,2.1691973969631237,1.104595713462244
2026-09-08 10:49:01.621,v1.7.1,20260908_030530_NEW_WATCH_RECLAIM_SHADOW_E004_104901619336,030530,원익홀딩스,NEW_WATCH_RECLAIM_SHADOW,v170_provisional_1,72.0,1.6701461377870561,0.42643923240938164,0.42643923240938164,0.8565310492505354,0.641025641025641,2.1691973969631237,1.104595713462244
2026-09-08 10:49:01.627,v1.7.1,20260908_028050_NEW_EARLY_ACCEL_SHADOW_E018_104901624149,028050,삼성E&A,NEW_EARLY_ACCEL_SHADOW,v170_provisional_1,60.0,2.131782945736434,0.3976143141153081,0.3976143141153081,0.1984126984126984,0.3976143141153081,0.3976143141153081,1.0030460990625738
2026-09-08 10:49:01.630,v1.7.1,20260908_028050_NEW_WATCH_RECLAIM_SHADOW_E018_104901627419,028050,삼성E&A,NEW_WATCH_RECLAIM_SHADOW,v170_provisional_1,60.0,2.131782945736434,0.3976143141153081,0.3976143141153081,0.1984126984126984,0.3976143141153081,0.3976143141153081,1.0030460990625738
2026-09-08 10:49:20.758,v1.7.1,20260908_010170_NEW_WATCH_RECLAIM_SHADOW_E006_104920755337,010170,대한광통신,NEW_WATCH_RECLAIM_SHADOW,v170_provisional_1,63.0,2.0761245674740483,0.07072135785007072,0.07072135785007072,0.0,-0.21156558533145275,0.14154281670205238,1.0025905237715251
2026-09-08 10:49:20.762,v1.7.1,20260908_028050_NEW_FIRST_PULLBACK_SHADOW_E018_104920759440,028050,삼성E&A,NEW_FIRST_PULLBACK_SHADOW,v170_provisional_1,60.0,2.131782945736434,0.0,0.0,0.3976143141153081,0.3976143141153081,0.1984126984126984,1.0055880901816934
2026-09-08 10:50:03.497,v1.7.1,20260908_030530_NEW_FIRST_PULLBACK_SHADOW_E004_105003473668,030530,원익홀딩스,NEW_FIRST_PULLBACK_SHADOW,v170_provisional_1,61.0,1.2526096033402923,-0.21097046413502107,-0.42105263157894735,0.42462845010615713,1.284796573875803,1.9396551724137931,1.0211426854531367
2026-09-08 10:51:42.898,v1.7.1,20260908_030530_NEW_WATCH_RECLAIM_SHADOW_E005_105142887760,030530,원익홀딩스,NEW_WATCH_RECLAIM_SHADOW,v170_provisional_1,61.0,1.6701461377870561,0.42643923240938164,0.42643923240938164,0.0,-0.6329113924050633,0.641025641025641,1.007594780706484
2026-09-08 10:52:07.454,v1.7.1,20260908_036930_NEW_EARLY_ACCEL_SHADOW_E012_105207445821,036930,주성엔지니어링,NEW_EARLY_ACCEL_SHADOW,v170_provisional_1,63.0,2.877697841726619,0.24752475247524752,0.24752475247524752,0.49627791563275436,0.24752475247524752,0.49627791563275436,1.003713006082729
2026-09-08 10:52:07.460,v1.7.1,20260908_036930_NEW_WATCH_RECLAIM_SHADOW_E012_105207454443,036930,주성엔지니어링,NEW_WATCH_RECLAIM_SHADOW,v170_provisional_1,63.0,2.877697841726619,0.24752475247524752,0.24752475247524752,0.49627791563275436,0.24752475247524752,0.49627791563275436,1.003713006082729
2026-09-08 10:53:04.134,v1.7.1,20260908_010170_NEW_EARLY_ACCEL_SHADOW_E008_105304132545,010170,대한광통신,NEW_EARLY_ACCEL_SHADOW,v170_provisional_1,63.0,2.006920415224913,0.14144271570014144,0.14144271570014144,0.0706713780918728,0.0706713780918728,-0.14104372355430184,1.0
2026-09-08 10:53:04.137,v1.7.1,20260908_010170_NEW_WATCH_RECLAIM_SHADOW_E008_105304135737,010170,대한광통신,NEW_WATCH_RECLAIM_SHADOW,v170_provisional_1,63.0,2.006920415224913,0.14144271570014144,0.14144271570014144,0.0706713780918728,0.0706713780918728,-0.14104372355430184,1.0
2026-09-08 10:53:59.848,v1.7.1,20260908_042700_NEW_FIRST_PULLBACK_SHADOW_E008_105359816948,042700,한미반도체,NEW_FIRST_PULLBACK_SHADOW,v170_provisional_1,74.0,0.39370078740157477,0.0,0.0,,0.5964214711729622,0.3968253968253968,1.0
2026-09-08 10:53:59.877,v1.7.1,20260908_030530_NEW_EARLY_ACCEL_SHADOW_E006_105359850462,030530,원익홀딩스,NEW_EARLY_ACCEL_SHADOW,v170_provisional_1,67.0,0.41753653444676403,1.9230769230769231,1.9230769230769231,1.7057569296375266,1.2738853503184715,1.2738853503184715,1.0296049616571445
2026-09-08 10:53:59.887,v1.7.1,20260908_030530_NEW_WATCH_RECLAIM_SHADOW_E006_105359877455,030530,원익홀딩스,NEW_WATCH_RECLAIM_SHADOW,v170_provisional_1,67.0,0.41753653444676403,1.9230769230769231,1.9230769230769231,1.7057569296375266,1.2738853503184715,1.2738853503184715,1.0296049616571445
2026-09-08 10:53:59.897,v1.7.1,20260908_052690_NEW_FIRST_PULLBACK_SHADOW_E007_105359890983,052690,한전기술,NEW_FIRST_PULLBACK_SHADOW,v170_provisional_1,63.0,2.86512928022362,-0.14367816091954022,-0.14367816091954022,,0.2886002886002886,0.7246376811594203,1.0047467216455301
2026-09-08 10:54:46.195,v1.7.1,20260908_030530_NEW_FIRST_PULLBACK_SHADOW_E006_105446192912,030530,원익홀딩스,NEW_FIRST_PULLBACK_SHADOW,v170_provisional_1,79.0,0.8163265306122449,-0.6134969325153374,-0.6134969325153374,1.8867924528301887,3.624733475479744,2.5316455696202533,1.1039992667501757
2026-09-08 10:55:37.987,v1.7.1,20260908_036930_NEW_EARLY_ACCEL_SHADOW_E013_105537983359,036930,주성엔지니어링,NEW_EARLY_ACCEL_SHADOW,v170_provisional_1,63.0,2.877697841726619,0.24752475247524752,0.24752475247524752,0.24752475247524752,0.24752475247524752,0.24752475247524752,1.001833544349469
2026-09-08 10:55:37.991,v1.7.1,20260908_036930_NEW_WATCH_RECLAIM_SHADOW_E013_105537988435,036930,주성엔지니어링,NEW_WATCH_RECLAIM_SHADOW,v170_provisional_1,63.0,2.877697841726619,0.24752475247524752,0.24752475247524752,0.24752475247524752,0.24752475247524752,0.24752475247524752,1.001833544349469
2026-09-08 10:56:03.972,v1.7.1,20260908_010170_NEW_EARLY_ACCEL_SHADOW_E009_105603970179,010170,대한광통신,NEW_EARLY_ACCEL_SHADOW,v170_provisional_1,63.0,2.0761245674740483,0.07072135785007072,0.07072135785007072,0.07072135785007072,-0.07062146892655367,0.0,1.0010843808988312
2026-09-08 10:56:03.974,v1.7.1,20260908_010170_NEW_WATCH_RECLAIM_SHADOW_E009_105603973401,010170,대한광통신,NEW_WATCH_RECLAIM_SHADOW,v170_provisional_1,63.0,2.0761245674740483,0.07072135785007072,0.07072135785007072,0.07072135785007072,-0.07062146892655367,0.0,1.0010843808988312
2026-09-08 10:56:44.484,v1.7.1,20260908_036930_NEW_EARLY_ACCEL_SHADOW_E014_105644471505,036930,주성엔지니어링,NEW_EARLY_ACCEL_SHADOW,v170_provisional_1,63.0,2.997601918465228,0.12376237623762376,0.12376237623762376,0.12376237623762376,0.12376237623762376,0.12376237623762376,1.0012343132536432
2026-09-08 10:56:44.486,v1.7.1,20260908_036930_NEW_WATCH_RECLAIM_SHADOW_E014_105644484306,036930,주성엔지니어링,NEW_WATCH_RECLAIM_SHADOW,v170_provisional_1,63.0,2.997601918465228,0.12376237623762376,0.12376237623762376,0.12376237623762376,0.12376237623762376,0.12376237623762376,1.0012343132536432
2026-09-08 10:57:53.038,v1.7.1,20260908_402340_NEW_EARLY_ACCEL_SHADOW_E003_105753037821,402340,SK스퀘어,NEW_EARLY_ACCEL_SHADOW,v170_provisional_1,85.0,0.0,0.0846740050804403,0.0846740050804403,0.1694915254237288,0.2544529262086514,,1.0667163132994568
2026-09-08 10:57:53.041,v1.7.1,20260908_402340_NEW_WATCH_RECLAIM_SHADOW_E003_105753039325,402340,SK스퀘어,NEW_WATCH_RECLAIM_SHADOW,v170_provisional_1,85.0,0.0,0.0846740050804403,0.0846740050804403,0.1694915254237288,0.2544529262086514,,1.0667163132994568
2026-09-08 10:57:53.067,v1.7.1,20260908_036930_NEW_EARLY_ACCEL_SHADOW_E015_105753062782,036930,주성엔지니어링,NEW_EARLY_ACCEL_SHADOW,v170_provisional_1,63.0,2.877697841726619,0.24752475247524752,0.24752475247524752,0.12360939431396785,0.24752475247524752,0.24752475247524752,1.0022399529119388
2026-09-08 10:57:53.078,v1.7.1,20260908_036930_NEW_WATCH_RECLAIM_SHADOW_E015_105753071957,036930,주성엔지니어링,NEW_WATCH_RECLAIM_SHADOW,v170_provisional_1,63.0,2.877697841726619,0.24752475247524752,0.24752475247524752,0.12360939431396785,0.24752475247524752,0.24752475247524752,1.0022399529119388
2026-09-08 10:58:23.302,v1.7.1,20260908_053260_NEW_FIRST_PULLBACK_SHADOW_EPISODE_105823300016,053260,금강철강,NEW_FIRST_PULLBACK_SHADOW,v170_provisional_1,52.0,1.4379084967320261,-1.0498687664041995,-1.0498687664041995,-0.7894736842105263,1.0723860589812333,6.197183098591549,1.0
2026-09-08 10:59:13.133,v1.7.1,20260908_036930_NEW_EARLY_ACCEL_SHADOW_E016_105913113539,036930,주성엔지니어링,NEW_EARLY_ACCEL_SHADOW,v170_provisional_1,63.0,2.877697841726619,0.24752475247524752,0.24752475247524752,0.24752475247524752,0.0,0.24752475247524752,1.0010244865332223
2026-09-08 10:59:13.167,v1.7.1,20260908_036930_NEW_WATCH_RECLAIM_SHADOW_E016_105913135071,036930,주성엔지니어링,NEW_WATCH_RECLAIM_SHADOW,v170_provisional_1,63.0,2.877697841726619,0.24752475247524752,0.24752475247524752,0.24752475247524752,0.0,0.24752475247524752,1.0010244865332223
2026-09-08 11:00:04.213,v1.7.1,20260908_036930_NEW_WATCH_RECLAIM_SHADOW_E017_110004209245,036930,주성엔지니어링,NEW_WATCH_RECLAIM_SHADOW,v170_provisional_1,63.0,2.877697841726619,0.24752475247524752,0.24752475247524752,0.0,0.0,0.24752475247524752,1.0009259108321786
2026-09-08 11:00:04.219,v1.7.1,20260908_008930_NEW_FIRST_PULLBACK_SHADOW_EPISODE_110004217544,008930,한미사이언스,NEW_FIRST_PULLBACK_SHADOW,v170_provisional_1,52.0,2.5167785234899327,0.0,0.0,0.1724137931034483,0.6932409012131715,0.6932409012131715,1.0067282649138038
2026-09-08 11:00:24.931,v1.7.1,20260908_036930_NEW_EARLY_ACCEL_SHADOW_E017_110024921217,036930,주성엔지니어링,NEW_EARLY_ACCEL_SHADOW,v170_provisional_1,63.0,2.158273381294964,0.7407407407407408,0.7407407407407408,0.9900990099009901,0.9900990099009901,0.7407407407407408,1.0071510288159735
2026-09-08 11:00:52.971,v1.7.1,20260908_010170_NEW_WATCH_RECLAIM_SHADOW_E011_110052965410,010170,대한광통신,NEW_WATCH_RECLAIM_SHADOW,v170_provisional_1,63.0,2.1453287197231834,0.07077140835102619,0.07077140835102619,0.0,0.0,0.0,1.004392955276402
2026-09-08 11:01:18.521,v1.7.1,20260908_010170_NEW_EARLY_ACCEL_SHADOW_E011_110118512855,010170,대한광통신,NEW_EARLY_ACCEL_SHADOW,v170_provisional_1,68.0,1.8685121107266434,0.2828854314002829,0.2828854314002829,0.3538570417551309,0.2828854314002829,0.2828854314002829,1.0051812879527915
2026-09-08 11:01:18.529,v1.7.1,20260908_036930_NEW_FIRST_PULLBACK_SHADOW_E017_110118525189,036930,주성엔지니어링,NEW_FIRST_PULLBACK_SHADOW,v170_provisional_1,63.0,2.158273381294964,-0.4878048780487805,-0.4878048780487805,0.0,0.7407407407407408,0.9900990099009901,1.0141624512636438
2026-09-08 11:01:18.535,v1.7.1,20260908_044490_NEW_EARLY_ACCEL_SHADOW_E004_110118532086,044490,태웅,NEW_EARLY_ACCEL_SHADOW,v170_provisional_1,63.0,0.0,0.5714285714285714,0.5714285714285714,0.7153075822603719,1.1494252873563218,1.440922190201729,1.0170763350748624
2026-09-08 11:01:18.538,v1.7.1,20260908_044490_NEW_WATCH_RECLAIM_SHADOW_E004_110118536381,044490,태웅,NEW_WATCH_RECLAIM_SHADOW,v170_provisional_1,63.0,0.0,0.5714285714285714,0.5714285714285714,0.7153075822603719,1.1494252873563218,1.440922190201729,1.0170763350748624
2026-09-08 11:01:45.477,v1.7.1,20260908_044490_NEW_FIRST_PULLBACK_SHADOW_E004_110145465952,044490,태웅,NEW_FIRST_PULLBACK_SHADOW,v170_provisional_1,63.0,0.14184397163120568,0.0,0.0,0.5714285714285714,1.0043041606886656,1.440922190201729,1.0230374533142519
2026-09-08 11:02:28.915,v1.7.1,20260908_042700_NEW_EARLY_ACCEL_SHADOW_E009_110228817408,042700,한미반도체,NEW_EARLY_ACCEL_SHADOW,v170_provisional_1,74.0,0.39370078740157477,0.19801980198019803,0.19801980198019803,0.3968253968253968,0.19801980198019803,0.3968253968253968,1.0223675395706473
2026-09-08 11:02:28.941,v1.7.1,20260908_042700_NEW_WATCH_RECLAIM_SHADOW_E009_110228916610,042700,한미반도체,NEW_WATCH_RECLAIM_SHADOW,v170_provisional_1,74.0,0.39370078740157477,0.19801980198019803,0.19801980198019803,0.3968253968253968,0.19801980198019803,0.3968253968253968,1.0223675395706473
2026-09-08 11:02:28.970,v1.7.1,20260908_010170_NEW_FIRST_PULLBACK_SHADOW_E011_110228960811,010170,대한광통신,NEW_FIRST_PULLBACK_SHADOW,v170_provisional_1,68.0,1.6608996539792389,-0.07032348804500703,-0.07032348804500703,0.07042253521126761,0.5661712668082095,0.49504950495049505,1.0034553307569902
2026-09-08 11:02:55.704,v1.7.1,20260908_042700_NEW_FIRST_PULLBACK_SHADOW_E009_110255695786,042700,한미반도체,NEW_FIRST_PULLBACK_SHADOW,v170_provisional_1,74.0,0.39370078740157477,0.0,0.0,0.3968253968253968,0.3968253968253968,0.3968253968253968,1.0
2026-09-08 11:03:58.788,v1.7.1,20260908_222800_NEW_WATCH_RECLAIM_SHADOW_E005_110358787267,222800,심텍,NEW_WATCH_RECLAIM_SHADOW,v170_provisional_1,87.0,1.9516003122560501,0.0796812749003984,0.0796812749003984,0.0,0.1594896331738437,0.1594896331738437,1.231475714525808
2026-09-08 11:04:26.161,v1.7.1,20260908_044490_NEW_EARLY_ACCEL_SHADOW_E005_110426148779,044490,태웅,NEW_EARLY_ACCEL_SHADOW,v170_provisional_1,63.0,0.0,0.2840909090909091,0.2840909090909091,0.2840909090909091,0.14184397163120568,1.291248206599713,1.011657289174893
2026-09-08 11:04:26.164,v1.7.1,20260908_044490_NEW_WATCH_RECLAIM_SHADOW_E005_110426162135,044490,태웅,NEW_WATCH_RECLAIM_SHADOW,v170_provisional_1,63.0,0.0,0.2840909090909091,0.2840909090909091,0.2840909090909091,0.14184397163120568,1.291248206599713,1.011657289174893
2026-09-08 11:04:48.296,v1.7.1,20260908_044490_NEW_FIRST_PULLBACK_SHADOW_E005_110448295754,044490,태웅,NEW_FIRST_PULLBACK_SHADOW,v170_provisional_1,63.0,0.141643059490085,-0.141643059490085,-0.141643059490085,0.14204545454545456,0.14204545454545456,1.293103448275862,1.0112276455560039
2026-09-08 11:05:17.113,v1.7.1,20260908_052690_NEW_EARLY_ACCEL_SHADOW_E008_110517094253,052690,한전기술,NEW_EARLY_ACCEL_SHADOW,v170_provisional_1,63.0,2.9350104821802936,0.14419610670511895,0.14419610670511895,0.14419610670511895,0.2888086642599278,0.944767441860465,1.0015825276351842
2026-09-08 11:05:17.123,v1.7.1,20260908_052690_NEW_WATCH_RECLAIM_SHADOW_E008_110517113789,052690,한전기술,NEW_WATCH_RECLAIM_SHADOW,v170_provisional_1,63.0,2.9350104821802936,0.14419610670511895,0.14419610670511895,0.14419610670511895,0.2888086642599278,0.944767441860465,1.0015825276351842
2026-09-08 11:05:17.161,v1.7.1,20260908_043260_NEW_EARLY_ACCEL_SHADOW_EPISODE_110517128617,043260,성호전자,NEW_EARLY_ACCEL_SHADOW,v170_provisional_1,58.0,0.34782608695652173,0.3502626970227671,0.3502626970227671,0.40887850467289716,-0.17421602787456447,0.7029876977152899,1.0
2026-09-08 11:05:48.303,v1.7.1,20260908_052690_NEW_FIRST_PULLBACK_SHADOW_E008_110548259813,052690,한전기술,NEW_FIRST_PULLBACK_SHADOW,v170_provisional_1,63.0,2.9350104821802936,0.0,0.0,0.14419610670511895,0.3250270855904659,0.6521739130434783,1.0016996275507528
2026-09-08 11:06:21.677,v1.7.1,20260908_043260_NEW_FIRST_PULLBACK_SHADOW_EPISODE_110621674983,043260,성호전자,NEW_FIRST_PULLBACK_SHADOW,v170_provisional_1,55.0,0.6086956521739131,-0.145602795573675,-0.145602795573675,-0.2617801047120419,0.14602803738317757,0.2631578947368421,1.0064348167796444
2026-09-08 11:07:40.399,v1.7.1,20260908_052690_NEW_EARLY_ACCEL_SHADOW_E009_110740391761,052690,한전기술,NEW_EARLY_ACCEL_SHADOW,v170_provisional_1,63.0,2.9350104821802936,0.07204610951008646,0.07204610951008646,0.07204610951008646,0.0,0.36127167630057805,1.0017742188726644
2026-09-08 11:07:40.404,v1.7.1,20260908_052690_NEW_WATCH_RECLAIM_SHADOW_E009_110740400051,052690,한전기술,NEW_WATCH_RECLAIM_SHADOW,v170_provisional_1,63.0,2.9350104821802936,0.07204610951008646,0.07204610951008646,0.07204610951008646,0.0,0.36127167630057805,1.0017742188726644
2026-09-08 11:08:37.141,v1.7.1,20260908_000990_NEW_WATCH_RECLAIM_SHADOW_E009_110837128975,000990,DB하이텍,NEW_WATCH_RECLAIM_SHADOW,v170_provisional_1,63.0,2.914389799635701,,0.28222013170272814,0.18796992481203006,0.3766478342749529,1.042654028436019,1.0020884635765719
2026-09-08 11:09:08.762,v1.7.1,20260908_000990_NEW_FIRST_PULLBACK_SHADOW_E009_110908744727,000990,DB하이텍,NEW_FIRST_PULLBACK_SHADOW,v170_provisional_1,63.0,2.914389799635701,0.0,0.0,0.28222013170272814,0.28222013170272814,1.042654028436019,1.0021872981030444
2026-09-08 11:09:42.831,v1.7.1,20260908_052690_NEW_FIRST_PULLBACK_SHADOW_E009_110942825740,052690,한전기술,NEW_FIRST_PULLBACK_SHADOW,v170_provisional_1,63.0,2.7253668763102725,-0.35790980672870437,-0.35790980672870437,-0.28653295128939826,0.21598272138228944,0.3604902667627974,1.002294913245522
2026-09-08 11:11:12.777,v1.7.1,20260908_222800_NEW_EARLY_ACCEL_SHADOW_E006_111112775151,222800,심텍,NEW_EARLY_ACCEL_SHADOW,v170_provisional_1,68.0,1.795472287275566,0.15923566878980894,0.15923566878980894,0.07955449482895784,0.15923566878980894,0.5595523581135092,1.01557419820977
2026-09-08 11:11:12.780,v1.7.1,20260908_222800_NEW_WATCH_RECLAIM_SHADOW_E006_111112778166,222800,심텍,NEW_WATCH_RECLAIM_SHADOW,v170_provisional_1,68.0,1.795472287275566,0.15923566878980894,0.15923566878980894,0.07955449482895784,0.15923566878980894,0.5595523581135092,1.01557419820977
2026-09-08 11:12:55.561,v1.7.1,20260908_459550_NEW_EARLY_ACCEL_SHADOW_EPISODE_111255552528,459550,알트,NEW_EARLY_ACCEL_SHADOW,v170_provisional_1,58.0,0.16891891891891891,1.896551724137931,1.896551724137931,1.5463917525773196,0.8532423208191127,2.604166666666667,1.0
2026-09-08 11:13:23.707,v1.7.1,20260908_459550_NEW_EARLY_ACCEL_SHADOW_E001_111323705459,459550,알트,NEW_EARLY_ACCEL_SHADOW,v170_provisional_1,69.0,0.16806722689075632,0.5076142131979695,0.5076142131979695,2.0618556701030926,1.3651877133105803,3.125,1.111479629721301
2026-09-08 11:13:23.710,v1.7.1,20260908_459550_NEW_WATCH_RECLAIM_SHADOW_E001_111323708575,459550,알트,NEW_WATCH_RECLAIM_SHADOW,v170_provisional_1,69.0,0.16806722689075632,0.5076142131979695,0.5076142131979695,2.0618556701030926,1.3651877133105803,3.125,1.111479629721301
2026-09-08 11:13:23.714,v1.7.1,20260908_222800_NEW_EARLY_ACCEL_SHADOW_E007_111323712106,222800,심텍,NEW_EARLY_ACCEL_SHADOW,v170_provisional_1,68.0,1.717408274785324,0.15910898965791567,0.15910898965791567,0.23885350318471338,0.0794912559618442,0.3187250996015936,1.0062527172839018
2026-09-08 11:13:23.717,v1.7.1,20260908_222800_NEW_WATCH_RECLAIM_SHADOW_E007_111323714097,222800,심텍,NEW_WATCH_RECLAIM_SHADOW,v170_provisional_1,68.0,1.717408274785324,0.15910898965791567,0.15910898965791567,0.23885350318471338,0.0794912559618442,0.3187250996015936,1.0062527172839018
2026-09-08 11:13:52.374,v1.7.1,20260908_222800_NEW_FIRST_PULLBACK_SHADOW_E007_111352367479,222800,심텍,NEW_FIRST_PULLBACK_SHADOW,v170_provisional_1,68.0,1.717408274785324,0.0,0.0,0.15910898965791567,0.15910898965791567,0.15910898965791567,1.0067349116635707
2026-09-08 11:14:13.960,v1.7.1,20260908_459550_NEW_FIRST_PULLBACK_SHADOW_E001_111413947430,459550,알트,NEW_FIRST_PULLBACK_SHADOW,v170_provisional_1,66.0,0.6700167504187605,-0.5033557046979865,-0.5033557046979865,-0.16835016835016833,1.8900343642611683,2.0654044750430294,1.1089669248967853
2026-09-08 11:14:13.977,v1.7.1,20260908_183300_NEW_EARLY_ACCEL_SHADOW_EPISODE_111413969592,183300,코미코,NEW_EARLY_ACCEL_SHADOW,v170_provisional_1,52.0,1.0416666666666665,0.35211267605633806,0.35211267605633806,1.2433392539964476,1.7857142857142856,1.4234875444839856,1.0
2026-09-08 11:14:49.623,v1.7.1,20260908_052690_NEW_EARLY_ACCEL_SHADOW_E010_111449591051,052690,한전기술,NEW_EARLY_ACCEL_SHADOW,v170_provisional_1,63.0,2.9350104821802936,0.07204610951008646,0.07204610951008646,0.21645021645021645,-0.14378145219266716,-0.21551724137931033,1.00153123171351
2026-09-08 11:14:49.658,v1.7.1,20260908_052690_NEW_WATCH_RECLAIM_SHADOW_E010_111449624039,052690,한전기술,NEW_WATCH_RECLAIM_SHADOW,v170_provisional_1,63.0,2.9350104821802936,0.07204610951008646,0.07204610951008646,0.21645021645021645,-0.14378145219266716,-0.21551724137931033,1.00153123171351
2026-09-08 11:14:49.727,v1.7.1,20260908_183300_NEW_FIRST_PULLBACK_SHADOW_EPISODE_111449672855,183300,코미코,NEW_FIRST_PULLBACK_SHADOW,v170_provisional_1,52.0,1.0416666666666665,0.0,0.0,0.35211267605633806,1.4234875444839856,1.4234875444839856,1.0
2026-09-08 11:15:18.276,v1.7.1,20260908_028050_NEW_EARLY_ACCEL_SHADOW_E020_111518188276,028050,삼성E&A,NEW_EARLY_ACCEL_SHADOW,v170_provisional_1,63.0,2.3255813953488373,0.19880715705765406,0.19880715705765406,0.19880715705765406,0.19880715705765406,-0.19801980198019803,1.0026022009455327
2026-09-08 11:15:18.280,v1.7.1,20260908_028050_NEW_WATCH_RECLAIM_SHADOW_E020_111518278003,028050,삼성E&A,NEW_WATCH_RECLAIM_SHADOW,v170_provisional_1,63.0,2.3255813953488373,0.19880715705765406,0.19880715705765406,0.19880715705765406,0.19880715705765406,-0.19801980198019803,1.0026022009455327
2026-09-08 11:16:58.732,v1.7.1,20260908_042700_NEW_EARLY_ACCEL_SHADOW_E012_111658706804,042700,한미반도체,NEW_EARLY_ACCEL_SHADOW,v170_provisional_1,74.0,0.39370078740157477,0.19801980198019803,0.19801980198019803,0.19801980198019803,0.19801980198019803,0.19801980198019803,1.0023348992724455
2026-09-08 11:16:58.739,v1.7.1,20260908_042700_NEW_WATCH_RECLAIM_SHADOW_E012_111658733057,042700,한미반도체,NEW_WATCH_RECLAIM_SHADOW,v170_provisional_1,74.0,0.39370078740157477,0.19801980198019803,0.19801980198019803,0.19801980198019803,0.19801980198019803,0.19801980198019803,1.0023348992724455
2026-09-08 11:16:58.759,v1.7.1,20260908_052690_NEW_EARLY_ACCEL_SHADOW_E011_111658756463,052690,한전기술,NEW_EARLY_ACCEL_SHADOW,v170_provisional_1,63.0,2.9350104821802936,0.14419610670511895,0.14419610670511895,0.21645021645021645,0.0,-0.3586800573888092,1.000959174646931
2026-09-08 11:16:58.760,v1.7.1,20260908_052690_NEW_WATCH_RECLAIM_SHADOW_E011_111658759613,052690,한전기술,NEW_WATCH_RECLAIM_SHADOW,v170_provisional_1,63.0,2.9350104821802936,0.14419610670511895,0.14419610670511895,0.21645021645021645,0.0,-0.3586800573888092,1.000959174646931
2026-09-08 11:18:15.422,v1.7.1,20260908_052690_NEW_FIRST_PULLBACK_SHADOW_E011_111815410144,052690,한전기술,NEW_FIRST_PULLBACK_SHADOW,v170_provisional_1,63.0,2.795248078266946,0.0,0.0,0.0,0.2883922134102379,0.21613832853025938,1.0009608245621697
2026-09-08 11:18:15.431,v1.7.1,20260908_028050_NEW_EARLY_ACCEL_SHADOW_E022_111815424787,028050,삼성E&A,NEW_EARLY_ACCEL_SHADOW,v170_provisional_1,63.0,2.3255813953488373,0.09930486593843098,0.09930486593843098,0.19880715705765406,0.19880715705765406,0.19880715705765406,1.0005528898367
2026-09-08 11:18:15.439,v1.7.1,20260908_028050_NEW_WATCH_RECLAIM_SHADOW_E022_111815432878,028050,삼성E&A,NEW_WATCH_RECLAIM_SHADOW,v170_provisional_1,63.0,2.3255813953488373,0.09930486593843098,0.09930486593843098,0.19880715705765406,0.19880715705765406,0.19880715705765406,1.0005528898367
2026-09-08 11:18:47.011,v1.7.1,20260908_028050_NEW_FIRST_PULLBACK_SHADOW_E022_111847007228,028050,삼성E&A,NEW_FIRST_PULLBACK_SHADOW,v170_provisional_1,63.0,2.3255813953488373,0.0,0.0,0.09930486593843098,0.19880715705765406,0.19880715705765406,1.0009971763126198
2026-09-08 11:19:37.360,v1.7.1,20260908_042700_NEW_EARLY_ACCEL_SHADOW_E013_111937346298,042700,한미반도체,NEW_EARLY_ACCEL_SHADOW,v170_provisional_1,74.0,0.39370078740157477,0.19801980198019803,0.19801980198019803,0.19801980198019803,0.19801980198019803,0.19801980198019803,1.0033963529970835
2026-09-08 11:19:37.368,v1.7.1,20260908_042700_NEW_WATCH_RECLAIM_SHADOW_E013_111937361416,042700,한미반도체,NEW_WATCH_RECLAIM_SHADOW,v170_provisional_1,74.0,0.39370078740157477,0.19801980198019803,0.19801980198019803,0.19801980198019803,0.19801980198019803,0.19801980198019803,1.0033963529970835
2026-09-08 11:21:12.032,v1.7.1,20260908_044490_NEW_WATCH_RECLAIM_SHADOW_E006_112112026983,044490,태웅,NEW_WATCH_RECLAIM_SHADOW,v170_provisional_1,60.0,0.9803921568627451,0.141643059490085,0.141643059490085,0.0,-0.2820874471086037,-0.8415147265077139,1.003749700023998
2026-09-08 11:21:45.019,v1.7.1,20260908_042700_NEW_EARLY_ACCEL_SHADOW_E014_112145016061,042700,한미반도체,NEW_EARLY_ACCEL_SHADOW,v170_provisional_1,74.0,0.39370078740157477,0.19801980198019803,0.19801980198019803,0.19801980198019803,0.0,0.0,1.0018984139656428
2026-09-08 11:21:45.021,v1.7.1,20260908_042700_NEW_WATCH_RECLAIM_SHADOW_E014_112145019051,042700,한미반도체,NEW_WATCH_RECLAIM_SHADOW,v170_provisional_1,74.0,0.39370078740157477,0.19801980198019803,0.19801980198019803,0.19801980198019803,0.0,0.0,1.0018984139656428
2026-09-08 11:21:45.027,v1.7.1,20260908_044490_NEW_EARLY_ACCEL_SHADOW_E006_112145025616,044490,태웅,NEW_EARLY_ACCEL_SHADOW,v170_provisional_1,60.0,0.5602240896358543,0.4243281471004243,0.4243281471004243,0.56657223796034,0.2824858757062147,-0.42075736325385693,1.0040108952677422
2026-09-08 11:22:21.219,v1.7.1,20260908_034020_NEW_EARLY_ACCEL_SHADOW_E004_112221196878,034020,두산에너빌리티,NEW_EARLY_ACCEL_SHADOW,v170_provisional_1,94.0,1.2834224598930482,0.10845986984815618,0.10845986984815618,0.10845986984815618,0.32608695652173914,0.32608695652173914,1.5463288270632753
2026-09-08 11:22:21.259,v1.7.1,20260908_034020_NEW_WATCH_RECLAIM_SHADOW_E004_112221219690,034020,두산에너빌리티,NEW_WATCH_RECLAIM_SHADOW,v170_provisional_1,94.0,1.2834224598930482,0.10845986984815618,0.10845986984815618,0.10845986984815618,0.32608695652173914,0.32608695652173914,1.5463288270632753
2026-09-08 11:22:51.867,v1.7.1,20260908_034020_NEW_FIRST_PULLBACK_SHADOW_E004_112251858466,034020,두산에너빌리티,NEW_FIRST_PULLBACK_SHADOW,v170_provisional_1,68.0,1.2834224598930482,0.0,0.0,0.10845986984815618,0.10845986984815618,0.32608695652173914,1.0
2026-09-08 11:23:17.902,v1.7.1,20260908_042700_NEW_EARLY_ACCEL_SHADOW_E015_112317668378,042700,한미반도체,NEW_EARLY_ACCEL_SHADOW,v170_provisional_1,74.0,0.39370078740157477,0.19801980198019803,0.19801980198019803,0.19801980198019803,0.19801980198019803,0.0,1.001399106795397
2026-09-08 11:23:18.286,v1.7.1,20260908_042700_NEW_WATCH_RECLAIM_SHADOW_E015_112317902568,042700,한미반도체,NEW_WATCH_RECLAIM_SHADOW,v170_provisional_1,74.0,0.39370078740157477,0.19801980198019803,0.19801980198019803,0.19801980198019803,0.19801980198019803,0.0,1.001399106795397
2026-09-08 11:25:25.657,v1.7.1,20260908_044490_NEW_FIRST_PULLBACK_SHADOW_E007_112525655052,044490,태웅,NEW_FIRST_PULLBACK_SHADOW,v170_provisional_1,63.0,0.13966480446927373,0.0,0.0,,0.7042253521126761,1.2747875354107647,1.0163953938167645
2026-09-08 11:25:25.662,v1.7.1,20260908_010170_NEW_FIRST_PULLBACK_SHADOW_E012_112525658340,010170,대한광통신,NEW_FIRST_PULLBACK_SHADOW,v170_provisional_1,63.0,2.0761245674740483,0.0,0.0,,0.3546099290780142,0.7117437722419928,1.0
2026-09-08 11:25:57.745,v1.7.1,20260908_044490_NEW_EARLY_ACCEL_SHADOW_E007_112557715916,044490,태웅,NEW_EARLY_ACCEL_SHADOW,v170_provisional_1,63.0,0.0,0.13986013986013987,0.13986013986013987,0.13986013986013987,0.42075736325385693,1.272984441301273,1.0064580520166735
2026-09-08 11:25:57.754,v1.7.1,20260908_044490_NEW_WATCH_RECLAIM_SHADOW_E007_112557745989,044490,태웅,NEW_WATCH_RECLAIM_SHADOW,v170_provisional_1,63.0,0.0,0.13986013986013987,0.13986013986013987,0.13986013986013987,0.42075736325385693,1.272984441301273,1.0064580520166735
2026-09-08 11:26:33.116,v1.7.1,20260908_042700_NEW_EARLY_ACCEL_SHADOW_E017_112633094878,042700,한미반도체,NEW_EARLY_ACCEL_SHADOW,v170_provisional_1,74.0,0.39370078740157477,0.19801980198019803,0.19801980198019803,0.19801980198019803,0.19801980198019803,0.0,1.0014441465924138
2026-09-08 11:26:33.142,v1.7.1,20260908_042700_NEW_WATCH_RECLAIM_SHADOW_E017_112633116968,042700,한미반도체,NEW_WATCH_RECLAIM_SHADOW,v170_provisional_1,74.0,0.39370078740157477,0.19801980198019803,0.19801980198019803,0.19801980198019803,0.19801980198019803,0.0,1.0014441465924138
2026-09-08 11:29:04.423,v1.7.1,20260908_042700_NEW_EARLY_ACCEL_SHADOW_E019_112904413810,042700,한미반도체,NEW_EARLY_ACCEL_SHADOW,v170_provisional_1,74.0,0.39370078740157477,0.19801980198019803,0.19801980198019803,0.19801980198019803,0.19801980198019803,,1.0023036166781847
2026-09-08 11:29:04.428,v1.7.1,20260908_042700_NEW_WATCH_RECLAIM_SHADOW_E019_112904423376,042700,한미반도체,NEW_WATCH_RECLAIM_SHADOW,v170_provisional_1,74.0,0.39370078740157477,0.19801980198019803,0.19801980198019803,0.19801980198019803,0.19801980198019803,,1.0023036166781847
2026-09-08 11:30:20.108,v1.7.1,20260908_042700_NEW_WATCH_RECLAIM_SHADOW_E020_113020094263,042700,한미반도체,NEW_WATCH_RECLAIM_SHADOW,v170_provisional_1,74.0,0.39370078740157477,0.19801980198019803,0.19801980198019803,0.0,0.19801980198019803,0.19801980198019803,1.001916800735463
2026-09-08 11:30:47.609,v1.7.1,20260908_222800_NEW_FIRST_PULLBACK_SHADOW_E008_113047600911,222800,심텍,NEW_FIRST_PULLBACK_SHADOW,v170_provisional_1,68.0,1.873536299765808,0.0,0.0,0.07961783439490447,0.23923444976076555,0.3993610223642172,1.0183575257247937
2026-09-08 11:31:53.818,v1.7.1,20260908_042700_NEW_EARLY_ACCEL_SHADOW_E021_113153809902,042700,한미반도체,NEW_EARLY_ACCEL_SHADOW,v170_provisional_1,74.0,0.39370078740157477,0.19801980198019803,0.19801980198019803,0.19801980198019803,0.19801980198019803,0.19801980198019803,1.0014905521922584
2026-09-08 11:31:53.822,v1.7.1,20260908_042700_NEW_WATCH_RECLAIM_SHADOW_E021_113153818215,042700,한미반도체,NEW_WATCH_RECLAIM_SHADOW,v170_provisional_1,74.0,0.39370078740157477,0.19801980198019803,0.19801980198019803,0.19801980198019803,0.19801980198019803,0.19801980198019803,1.0014905521922584
2026-09-08 11:31:53.830,v1.7.1,20260908_222800_NEW_EARLY_ACCEL_SHADOW_E009_113153827453,222800,심텍,NEW_EARLY_ACCEL_SHADOW,v170_provisional_1,68.0,1.717408274785324,0.15910898965791567,0.15910898965791567,0.15910898965791567,0.23885350318471338,0.4788507581803671,1.0037497790857608
2026-09-08 11:31:53.832,v1.7.1,20260908_222800_NEW_WATCH_RECLAIM_SHADOW_E009_113153831811,222800,심텍,NEW_WATCH_RECLAIM_SHADOW,v170_provisional_1,68.0,1.717408274785324,0.15910898965791567,0.15910898965791567,0.15910898965791567,0.23885350318471338,0.4788507581803671,1.0037497790857608
2026-09-08 11:31:53.835,v1.7.1,20260908_044490_NEW_WATCH_RECLAIM_SHADOW_E008_113153834895,044490,태웅,NEW_WATCH_RECLAIM_SHADOW,v170_provisional_1,60.0,0.9735744089012517,0.28169014084507044,0.28169014084507044,-0.1402524544179523,-0.4195804195804196,-0.8356545961002786,1.0041105598866051
2026-09-08 11:32:27.550,v1.7.1,20260908_222800_NEW_FIRST_PULLBACK_SHADOW_E009_113227544474,222800,심텍,NEW_FIRST_PULLBACK_SHADOW,v170_provisional_1,68.0,1.795472287275566,-0.07942811755361398,-0.07942811755361398,0.07955449482895784,0.07955449482895784,0.4792332268370607,1.0044106008098908
2026-09-08 11:32:57.276,v1.7.1,20260908_030530_NEW_EARLY_ACCEL_SHADOW_E007_113257274708,030530,원익홀딩스,NEW_EARLY_ACCEL_SHADOW,v170_provisional_1,63.0,2.839756592292089,0.20920502092050208,0.20920502092050208,0.6302521008403361,0.8421052631578947,1.6985138004246285,1.0050791299972468
2026-09-08 11:32:57.278,v1.7.1,20260908_030530_NEW_WATCH_RECLAIM_SHADOW_E007_113257276701,030530,원익홀딩스,NEW_WATCH_RECLAIM_SHADOW,v170_provisional_1,63.0,2.839756592292089,0.20920502092050208,0.20920502092050208,0.6302521008403361,0.8421052631578947,1.6985138004246285,1.0050791299972468
2026-09-08 11:33:19.817,v1.7.1,20260908_042700_NEW_EARLY_ACCEL_SHADOW_E022_113319813867,042700,한미반도체,NEW_EARLY_ACCEL_SHADOW,v170_provisional_1,74.0,0.39370078740157477,0.19801980198019803,0.19801980198019803,0.19801980198019803,0.19801980198019803,0.19801980198019803,1.0009250566711698
2026-09-08 11:33:19.820,v1.7.1,20260908_042700_NEW_WATCH_RECLAIM_SHADOW_E022_113319817321,042700,한미반도체,NEW_WATCH_RECLAIM_SHADOW,v170_provisional_1,74.0,0.39370078740157477,0.19801980198019803,0.19801980198019803,0.19801980198019803,0.19801980198019803,0.19801980198019803,1.0009250566711698
2026-09-08 11:33:19.833,v1.7.1,20260908_044490_NEW_EARLY_ACCEL_SHADOW_E008_113319830532,044490,태웅,NEW_EARLY_ACCEL_SHADOW,v170_provisional_1,60.0,0.8344923504867872,0.1404494382022472,0.1404494382022472,0.1404494382022472,0.42253521126760557,-0.6963788300835655,1.004404291360813
2026-09-08 11:34:10.597,v1.7.1,20260908_222800_NEW_EARLY_ACCEL_SHADOW_E010_113410592780,222800,심텍,NEW_EARLY_ACCEL_SHADOW,v170_provisional_1,68.0,1.795472287275566,0.07955449482895784,0.07955449482895784,0.07955449482895784,0.0,0.2390438247011952,1.001345514315202
2026-09-08 11:34:10.615,v1.7.1,20260908_222800_NEW_WATCH_RECLAIM_SHADOW_E010_113410598904,222800,심텍,NEW_WATCH_RECLAIM_SHADOW,v170_provisional_1,68.0,1.795472287275566,0.07955449482895784,0.07955449482895784,0.07955449482895784,0.0,0.2390438247011952,1.001345514315202
2026-09-08 11:34:10.626,v1.7.1,20260908_044490_NEW_WATCH_RECLAIM_SHADOW_E009_113410617824,044490,태웅,NEW_WATCH_RECLAIM_SHADOW,v170_provisional_1,60.0,0.9735744089012517,0.14064697609001406,0.14064697609001406,-0.1402524544179523,0.0,-0.8356545961002786,1.0034380724249683
2026-09-08 11:35:49.563,v1.7.1,20260908_044490_NEW_EARLY_ACCEL_SHADOW_E009_113549556240,044490,태웅,NEW_EARLY_ACCEL_SHADOW,v170_provisional_1,60.0,0.6954102920723227,0.2808988764044944,0.2808988764044944,0.2808988764044944,0.42194092827004215,0.1402524544179523,1.0021894736842105
2026-09-08 11:36:22.536,v1.7.1,20260908_042700_NEW_WATCH_RECLAIM_SHADOW_E023_113622524396,042700,한미반도체,NEW_WATCH_RECLAIM_SHADOW,v170_provisional_1,74.0,0.39370078740157477,0.19801980198019803,0.19801980198019803,0.0,0.19801980198019803,0.19801980198019803,1.0005937076127016
2026-09-08 11:36:57.900,v1.7.1,20260908_034020_NEW_EARLY_ACCEL_SHADOW_E005_113657885491,034020,두산에너빌리티,NEW_EARLY_ACCEL_SHADOW,v170_provisional_1,68.0,1.2834224598930482,0.21715526601520088,0.21715526601520088,0.10845986984815618,0.10845986984815618,-0.10822510822510822,1.0027358178044499
2026-09-08 11:36:57.930,v1.7.1,20260908_034020_NEW_WATCH_RECLAIM_SHADOW_E005_113657901890,034020,두산에너빌리티,NEW_WATCH_RECLAIM_SHADOW,v170_provisional_1,68.0,1.2834224598930482,0.21715526601520088,0.21715526601520088,0.10845986984815618,0.10845986984815618,-0.10822510822510822,1.0027358178044499
2026-09-08 11:36:57.955,v1.7.1,20260908_044490_NEW_FIRST_PULLBACK_SHADOW_E009_113657939697,044490,태웅,NEW_FIRST_PULLBACK_SHADOW,v170_provisional_1,60.0,0.6954102920723227,-0.13986013986013987,-0.13986013986013987,0.0,0.2808988764044944,0.2808988764044944,1.0017365487494048
2026-09-08 11:37:47.881,v1.7.1,20260908_042700_NEW_WATCH_RECLAIM_SHADOW_E024_113747808919,042700,한미반도체,NEW_WATCH_RECLAIM_SHADOW,v170_provisional_1,74.0,0.4921259842519685,0.09900990099009901,0.09900990099009901,-0.09881422924901186,0.09900990099009901,0.09900990099009901,1.002131514927451
2026-09-08 11:38:00.953,v1.7.1,20260908_042700_NEW_EARLY_ACCEL_SHADOW_E024_113800942636,042700,한미반도체,NEW_EARLY_ACCEL_SHADOW,v170_provisional_1,74.0,0.39370078740157477,0.09891196834817012,0.09891196834817012,0.19801980198019803,0.0,0.0,1.0014455084359326
2026-09-08 11:40:32.744,v1.7.1,20260908_222800_NEW_EARLY_ACCEL_SHADOW_E012_114032734632,222800,심텍,NEW_EARLY_ACCEL_SHADOW,v170_provisional_1,68.0,1.483216237314598,0.47770700636942676,0.47770700636942676,0.3977724741447892,0.47770700636942676,0.47770700636942676,1.0155097307730452
2026-09-08 11:40:32.754,v1.7.1,20260908_222800_NEW_WATCH_RECLAIM_SHADOW_E012_114032748720,222800,심텍,NEW_WATCH_RECLAIM_SHADOW,v170_provisional_1,68.0,1.483216237314598,0.47770700636942676,0.47770700636942676,0.3977724741447892,0.47770700636942676,0.47770700636942676,1.0155097307730452
2026-09-08 11:41:00.432,v1.7.1,20260908_222800_NEW_FIRST_PULLBACK_SHADOW_E012_114100416188,222800,심텍,NEW_FIRST_PULLBACK_SHADOW,v170_provisional_1,68.0,1.56128024980484,-0.07923930269413629,-0.07923930269413629,0.3980891719745223,0.3980891719745223,0.3980891719745223,1.0
2026-09-08 11:42:30.474,v1.7.1,20260908_042700_NEW_EARLY_ACCEL_SHADOW_E025_114230463871,042700,한미반도체,NEW_EARLY_ACCEL_SHADOW,v170_provisional_1,74.0,0.39370078740157477,0.19801980198019803,0.19801980198019803,0.19801980198019803,0.19801980198019803,0.19801980198019803,1.0041422569382803
2026-09-08 11:42:30.479,v1.7.1,20260908_042700_NEW_WATCH_RECLAIM_SHADOW_E025_114230475947,042700,한미반도체,NEW_WATCH_RECLAIM_SHADOW,v170_provisional_1,74.0,0.39370078740157477,0.19801980198019803,0.19801980198019803,0.19801980198019803,0.19801980198019803,0.19801980198019803,1.0041422569382803
2026-09-08 11:43:34.939,v1.7.1,20260908_058470_NEW_EARLY_ACCEL_SHADOW_E001_114334923283,058470,리노공업,NEW_EARLY_ACCEL_SHADOW,v170_provisional_1,67.0,0.06954102920723226,0.06963788300835655,0.06963788300835655,0.06963788300835655,0.9129213483146067,1.1971830985915493,1.0
2026-09-08 11:43:34.948,v1.7.1,20260908_058470_NEW_WATCH_RECLAIM_SHADOW_E001_114334940377,058470,리노공업,NEW_WATCH_RECLAIM_SHADOW,v170_provisional_1,67.0,0.06954102920723226,0.06963788300835655,0.06963788300835655,0.06963788300835655,0.9129213483146067,1.1971830985915493,1.0
2026-09-08 11:43:59.706,v1.7.1,20260908_042700_NEW_FIRST_PULLBACK_SHADOW_E025_114359697410,042700,한미반도체,NEW_FIRST_PULLBACK_SHADOW,v170_provisional_1,74.0,0.19685039370078738,-0.09852216748768472,-0.09852216748768472,0.0,0.39603960396039606,0.1976284584980237,1.0353359293190751
2026-09-08 11:44:25.372,v1.7.1,20260908_044490_NEW_WATCH_RECLAIM_SHADOW_E010_114425371256,044490,태웅,NEW_WATCH_RECLAIM_SHADOW,v170_provisional_1,60.0,0.9735744089012517,0.14064697609001406,0.14064697609001406,-0.1402524544179523,-0.1402524544179523,-0.2801120448179272,1.0031122617604935
2026-09-08 11:44:25.375,v1.7.1,20260908_053260_NEW_EARLY_ACCEL_SHADOW_EPISODE_114425374741,053260,금강철강,NEW_EARLY_ACCEL_SHADOW,v170_provisional_1,57.0,2.6143790849673203,1.0854816824966078,1.0854816824966078,1.7759562841530054,3.1855955678670362,6.1253561253561255,1.0498273310310804
2026-09-08 11:45:00.743,v1.7.1,20260908_052690_NEW_WATCH_RECLAIM_SHADOW_E012_114500663132,052690,한전기술,NEW_WATCH_RECLAIM_SHADOW,v170_provisional_1,63.0,2.795248078266946,0.21613832853025938,0.21613832853025938,-0.035932446999640676,-0.4294917680744453,-0.6428571428571428,1.003221530603327
2026-09-08 11:45:00.784,v1.7.1,20260908_327260_NEW_EARLY_ACCEL_SHADOW_EPISODE_114500770484,327260,RF머트리얼즈,NEW_EARLY_ACCEL_SHADOW,v170_provisional_1,52.0,1.3568521031207599,0.13774104683195593,0.13774104683195593,0.13774104683195593,-0.13736263736263737,-0.13736263736263737,1.0007988815658078
2026-09-08 11:45:30.417,v1.7.1,20260908_052690_NEW_EARLY_ACCEL_SHADOW_E012_114530395209,052690,한전기술,NEW_EARLY_ACCEL_SHADOW,v170_provisional_1,63.0,2.585604472396925,0.2156721782890007,0.2156721782890007,0.43227665706051877,-0.07168458781362007,-0.4996431120628123,1.0024030825413992
2026-09-08 11:46:34.648,v1.7.1,20260908_053260_NEW_EARLY_ACCEL_SHADOW_E001_114634639837,053260,금강철강,NEW_EARLY_ACCEL_SHADOW,v170_provisional_1,63.0,0.39215686274509803,2.6954177897574128,2.6954177897574128,2.557200538358008,2.2818791946308723,6.872370266479663,1.015797385064806
2026-09-08 11:46:34.688,v1.7.1,20260908_053260_NEW_WATCH_RECLAIM_SHADOW_E001_114634649956,053260,금강철강,NEW_WATCH_RECLAIM_SHADOW,v170_provisional_1,63.0,0.39215686274509803,2.6954177897574128,2.6954177897574128,2.557200538358008,2.2818791946308723,6.872370266479663,1.015797385064806
2026-09-08 11:46:34.739,v1.7.1,20260908_327260_NEW_FIRST_PULLBACK_SHADOW_EPISODE_114634723654,327260,RF머트리얼즈,NEW_FIRST_PULLBACK_SHADOW,v170_provisional_1,52.0,1.3568521031207599,0.0,0.0,0.13774104683195593,0.13774104683195593,0.13774104683195593,1.0017427675148136
2026-09-08 11:46:49.908,v1.7.1,20260908_053260_NEW_FIRST_PULLBACK_SHADOW_E001_114649899070,053260,금강철강,NEW_FIRST_PULLBACK_SHADOW,v170_provisional_1,71.0,0.5221932114882507,0.0,0.0,2.6954177897574128,2.0080321285140563,7.932011331444759,1.0550214129725743
2026-09-08 11:48:10.505,v1.7.1,20260908_052690_NEW_EARLY_ACCEL_SHADOW_E013_114810497060,052690,한전기술,NEW_EARLY_ACCEL_SHADOW,v170_provisional_1,63.0,2.86512928022362,0.1440922190201729,0.1440922190201729,0.07199424046076314,-0.07189072609633358,-0.5010737294201861,1.0035519646880138
2026-09-08 11:48:10.512,v1.7.1,20260908_052690_NEW_WATCH_RECLAIM_SHADOW_E013_114810506031,052690,한전기술,NEW_WATCH_RECLAIM_SHADOW,v170_provisional_1,63.0,2.86512928022362,0.1440922190201729,0.1440922190201729,0.07199424046076314,-0.07189072609633358,-0.5010737294201861,1.0035519646880138
2026-09-08 11:48:45.679,v1.7.1,20260908_034020_NEW_EARLY_ACCEL_SHADOW_E006_114845668905,034020,두산에너빌리티,NEW_EARLY_ACCEL_SHADOW,v170_provisional_1,68.0,1.2834224598930482,0.10845986984815618,0.10845986984815618,0.10845986984815618,0.10845986984815618,0.10845986984815618,1.0110674747041128
2026-09-08 11:48:45.684,v1.7.1,20260908_034020_NEW_WATCH_RECLAIM_SHADOW_E006_114845680030,034020,두산에너빌리티,NEW_WATCH_RECLAIM_SHADOW,v170_provisional_1,68.0,1.2834224598930482,0.10845986984815618,0.10845986984815618,0.10845986984815618,0.10845986984815618,0.10845986984815618,1.0110674747041128
2026-09-08 11:49:10.303,v1.7.1,20260908_034020_NEW_FIRST_PULLBACK_SHADOW_E006_114910295042,034020,두산에너빌리티,NEW_FIRST_PULLBACK_SHADOW,v170_provisional_1,68.0,1.3903743315508021,-0.10834236186348861,-0.10834236186348861,0.0,0.10857763300760044,0.10857763300760044,1.0
2026-09-08 11:50:16.525,v1.7.1,20260908_052690_NEW_FIRST_PULLBACK_SHADOW_E013_115016493726,052690,한전기술,NEW_FIRST_PULLBACK_SHADOW,v170_provisional_1,63.0,2.7253668763102725,-0.07178750897343862,-0.07178750897343862,0.0,0.14388489208633093,0.07189072609633358,1.0010677106504138
2026-09-08 11:50:58.280,v1.7.1,20260908_053260_NEW_EARLY_ACCEL_SHADOW_E002_115058270173,053260,금강철강,NEW_EARLY_ACCEL_SHADOW,v170_provisional_1,60.0,0.5215123859191656,1.8691588785046727,1.8691588785046727,1.8691588785046727,0.9259259259259258,2.8301886792452833,1.0162167632251373
2026-09-08 11:50:58.298,v1.7.1,20260908_053260_NEW_WATCH_RECLAIM_SHADOW_E002_115058287167,053260,금강철강,NEW_WATCH_RECLAIM_SHADOW,v170_provisional_1,60.0,0.5215123859191656,1.8691588785046727,1.8691588785046727,1.8691588785046727,0.9259259259259258,2.8301886792452833,1.0162167632251373
2026-09-08 11:52:06.432,v1.7.1,20260908_044490_NEW_EARLY_ACCEL_SHADOW_E011_115206429249,044490,태웅,NEW_EARLY_ACCEL_SHADOW,v170_provisional_1,60.0,0.9735744089012517,0.28169014084507044,0.28169014084507044,0.4940014114326041,0.28169014084507044,0.28169014084507044,1.0013290658565694
2026-09-08 11:52:06.434,v1.7.1,20260908_044490_NEW_WATCH_RECLAIM_SHADOW_E011_115206432304,044490,태웅,NEW_WATCH_RECLAIM_SHADOW,v170_provisional_1,60.0,0.9735744089012517,0.28169014084507044,0.28169014084507044,0.4940014114326041,0.28169014084507044,0.28169014084507044,1.0013290658565694
2026-09-08 11:53:11.249,v1.7.1,20260908_044490_NEW_WATCH_RECLAIM_SHADOW_E012_115311248974,044490,태웅,NEW_WATCH_RECLAIM_SHADOW,v170_provisional_1,60.0,0.9735744089012517,0.14064697609001406,0.14064697609001406,0.0,0.4940014114326041,0.14064697609001406,1.0018148820326678
2026-09-08 11:53:32.707,v1.7.1,20260908_044490_NEW_FIRST_PULLBACK_SHADOW_E012_115332691571,044490,태웅,NEW_FIRST_PULLBACK_SHADOW,v170_provisional_1,60.0,0.9735744089012517,0.0,0.0,0.14064697609001406,0.4940014114326041,0.4231311706629055,1.0008115346119513
2026-09-08 11:54:20.318,v1.7.1,20260908_044490_NEW_WATCH_RECLAIM_SHADOW_E013_115420316016,044490,태웅,NEW_WATCH_RECLAIM_SHADOW,v170_provisional_1,60.0,0.9735744089012517,0.4231311706629055,0.4231311706629055,0.0,0.14064697609001406,0.4231311706629055,1.0016764006056673
2026-09-08 11:55:09.946,v1.7.1,20260908_034020_NEW_EARLY_ACCEL_SHADOW_E008_115509944526,034020,두산에너빌리티,NEW_EARLY_ACCEL_SHADOW,v170_provisional_1,68.0,1.1764705882352942,0.32573289902280134,0.32573289902280134,0.32573289902280134,0.21691973969631237,0.21691973969631237,1.0058455667442399
2026-09-08 11:55:09.948,v1.7.1,20260908_034020_NEW_WATCH_RECLAIM_SHADOW_E008_115509947860,034020,두산에너빌리티,NEW_WATCH_RECLAIM_SHADOW,v170_provisional_1,68.0,1.1764705882352942,0.32573289902280134,0.32573289902280134,0.32573289902280134,0.21691973969631237,0.21691973969631237,1.0058455667442399
2026-09-08 11:55:09.953,v1.7.1,20260908_044490_NEW_EARLY_ACCEL_SHADOW_E014_115509952936,044490,태웅,NEW_EARLY_ACCEL_SHADOW,v170_provisional_1,60.0,0.9735744089012517,0.28169014084507044,0.28169014084507044,0.4231311706629055,0.0,0.28169014084507044,1.0017566618020648
2026-09-08 11:55:09.956,v1.7.1,20260908_044490_NEW_WATCH_RECLAIM_SHADOW_E014_115509954972,044490,태웅,NEW_WATCH_RECLAIM_SHADOW,v170_provisional_1,60.0,0.9735744089012517,0.28169014084507044,0.28169014084507044,0.4231311706629055,0.0,0.28169014084507044,1.0017566618020648
2026-09-08 11:56:08.222,v1.7.1,20260908_034020_NEW_FIRST_PULLBACK_SHADOW_E008_115608182122,034020,두산에너빌리티,NEW_FIRST_PULLBACK_SHADOW,v170_provisional_1,68.0,1.06951871657754,0.0,0.0,0.10822510822510822,0.43431053203040176,0.32537960954446854,1.0
2026-09-08 11:56:38.859,v1.7.1,20260908_044490_NEW_FIRST_PULLBACK_SHADOW_E014_115638805743,044490,태웅,NEW_FIRST_PULLBACK_SHADOW,v170_provisional_1,60.0,0.8344923504867872,0.0,0.0,0.1404494382022472,0.1404494382022472,0.6351446718419196,1.001669583950451
2026-09-08 12:07:42.223,v1.7.1,20260908_042700_NEW_EARLY_ACCEL_SHADOW_E026_120742221132,042700,한미반도체,NEW_EARLY_ACCEL_SHADOW,v170_provisional_1,74.0,0.39370078740157477,0.19801980198019803,0.19801980198019803,0.19801980198019803,0.29732408325074333,0.3968253968253968,1.0352420046244577
2026-09-08 12:07:42.269,v1.7.1,20260908_042700_NEW_WATCH_RECLAIM_SHADOW_E026_120742247533,042700,한미반도체,NEW_WATCH_RECLAIM_SHADOW,v170_provisional_1,74.0,0.39370078740157477,0.19801980198019803,0.19801980198019803,0.19801980198019803,0.29732408325074333,0.3968253968253968,1.0352420046244577
2026-09-08 12:08:16.433,v1.7.1,20260908_042700_NEW_FIRST_PULLBACK_SHADOW_E026_120816426798,042700,한미반도체,NEW_FIRST_PULLBACK_SHADOW,v170_provisional_1,74.0,0.39370078740157477,0.0,0.0,0.19801980198019803,0.19801980198019803,0.3968253968253968,1.0
2026-09-08 12:08:16.460,v1.7.1,20260908_044490_NEW_WATCH_RECLAIM_SHADOW_E016_120816442064,044490,태웅,NEW_WATCH_RECLAIM_SHADOW,v170_provisional_1,60.0,0.9735744089012517,0.14064697609001406,0.14064697609001406,0.0,-0.1402524544179523,-0.4195804195804196,1.0018322313391221
2026-09-08 12:08:49.776,v1.7.1,20260908_044490_NEW_EARLY_ACCEL_SHADOW_E016_120849772546,044490,태웅,NEW_EARLY_ACCEL_SHADOW,v170_provisional_1,60.0,0.6954102920723227,0.2808988764044944,0.2808988764044944,0.42194092827004215,0.1402524544179523,0.0,1.001379456706282
2026-09-08 12:11:27.274,v1.7.1,20260908_058470_NEW_FIRST_PULLBACK_SHADOW_E002_121127268759,058470,리노공업,NEW_FIRST_PULLBACK_SHADOW,v170_provisional_1,78.0,0.13908205841446453,0.0,0.0,0.0,0.1394700139470014,0.5602240896358543,1.0856447214647449
2026-09-08 12:12:54.739,v1.7.1,20260908_044490_NEW_FIRST_PULLBACK_SHADOW_E016_121254721369,044490,태웅,NEW_FIRST_PULLBACK_SHADOW,v170_provisional_1,60.0,0.8344923504867872,0.0,0.0,0.1404494382022472,0.1404494382022472,0.2812939521800281,1.0010030884565637
2026-09-08 12:13:53.508,v1.7.1,20260908_058470_NEW_EARLY_ACCEL_SHADOW_E004_121353497610,058470,리노공업,NEW_EARLY_ACCEL_SHADOW,v170_provisional_1,67.0,0.0,0.1392757660167131,0.1392757660167131,0.1392757660167131,0.1392757660167131,0.2789400278940028,1.0035882806753145
2026-09-08 12:13:53.513,v1.7.1,20260908_058470_NEW_WATCH_RECLAIM_SHADOW_E004_121353509717,058470,리노공업,NEW_WATCH_RECLAIM_SHADOW,v170_provisional_1,67.0,0.0,0.1392757660167131,0.1392757660167131,0.1392757660167131,0.1392757660167131,0.2789400278940028,1.0035882806753145
2026-09-08 12:14:33.448,v1.7.1,20260908_388050_NEW_WATCH_RECLAIM_SHADOW_E001_121433446961,388050,지투파워,NEW_WATCH_RECLAIM_SHADOW,v170_provisional_1,63.0,0.0,0.8936550491510277,0.8936550491510277,,,,1.0
2026-09-08 12:15:57.785,v1.7.1,20260908_388050_NEW_EARLY_ACCEL_SHADOW_E001_121557775663,388050,지투파워,NEW_EARLY_ACCEL_SHADOW,v170_provisional_1,74.0,0.441696113074205,1.0762331838565022,1.0762331838565022,0.4456327985739751,0.7149240393208222,,1.0689145951267536
2026-09-08 12:16:49.150,v1.7.1,20260908_000990_NEW_EARLY_ACCEL_SHADOW_E010_121649136108,000990,DB하이텍,NEW_EARLY_ACCEL_SHADOW,v170_provisional_1,63.0,2.914389799635701,0.09389671361502347,0.28222013170272814,0.18796992481203006,0.18796992481203006,0.18796992481203006,1.0016357212440206
2026-09-08 12:16:49.159,v1.7.1,20260908_000990_NEW_WATCH_RECLAIM_SHADOW_E010_121649151291,000990,DB하이텍,NEW_WATCH_RECLAIM_SHADOW,v170_provisional_1,63.0,2.914389799635701,0.09389671361502347,0.28222013170272814,0.18796992481203006,0.18796992481203006,0.18796992481203006,1.0016357212440206
2026-09-08 12:17:23.738,v1.7.1,20260908_000990_NEW_FIRST_PULLBACK_SHADOW_E010_121723729091,000990,DB하이텍,NEW_FIRST_PULLBACK_SHADOW,v170_provisional_1,63.0,2.914389799635701,0.0,0.0,0.28222013170272814,0.28222013170272814,0.18796992481203006,1.0013876376739996
2026-09-08 12:18:25.150,v1.7.1,20260908_000990_NEW_WATCH_RECLAIM_SHADOW_E011_121825147206,000990,DB하이텍,NEW_WATCH_RECLAIM_SHADOW,v170_provisional_1,63.0,2.914389799635701,0.09389671361502347,0.09389671361502347,0.0,0.09389671361502347,0.28222013170272814,1.0014365001632386
2026-09-08 12:18:57.850,v1.7.1,20260908_388050_NEW_FIRST_PULLBACK_SHADOW_E001_121857844709,388050,지투파워,NEW_FIRST_PULLBACK_SHADOW,v170_provisional_1,71.0,0.7705479452054794,-0.25817555938037867,-0.08620689655172414,-0.17226528854435832,2.475685234305924,3.5746201966041107,1.0858716865535216
2026-09-08 12:19:12.700,v1.7.1,20260908_000990_NEW_EARLY_ACCEL_SHADOW_E011_121912691588,000990,DB하이텍,NEW_EARLY_ACCEL_SHADOW,v170_provisional_1,63.0,2.823315118397086,0.09380863039399624,0.09380863039399624,0.18779342723004694,0.09380863039399624,0.28195488721804507,1.0026083176351253
2026-09-08 12:19:29.032,v1.7.1,20260908_402340_NEW_EARLY_ACCEL_SHADOW_E005_121929015036,402340,SK스퀘어,NEW_EARLY_ACCEL_SHADOW,v170_provisional_1,93.0,0.0,0.2540220152413209,0.3389830508474576,0.3389830508474576,0.3389830508474576,0.5093378607809848,1.2240587541310002
2026-09-08 12:19:29.039,v1.7.1,20260908_402340_NEW_WATCH_RECLAIM_SHADOW_E005_121929033760,402340,SK스퀘어,NEW_WATCH_RECLAIM_SHADOW,v170_provisional_1,93.0,0.0,0.2540220152413209,0.3389830508474576,0.3389830508474576,0.3389830508474576,0.5093378607809848,1.2240587541310002
2026-09-08 12:19:48.068,v1.7.1,20260908_000990_NEW_FIRST_PULLBACK_SHADOW_E011_121948065333,000990,DB하이텍,NEW_FIRST_PULLBACK_SHADOW,v170_provisional_1,63.0,2.823315118397086,0.0,0.0,0.09380863039399624,0.09380863039399624,0.28195488721804507,1.0032018312736335
2026-09-08 12:20:04.379,v1.7.1,20260908_402340_NEW_FIRST_PULLBACK_SHADOW_E005_122004368902,402340,SK스퀘어,NEW_FIRST_PULLBACK_SHADOW,v170_provisional_1,74.0,0.0,0.0,0.0,0.3389830508474576,0.3389830508474576,0.5093378607809848,1.0
2026-09-08 12:20:52.985,v1.7.1,20260908_388050_NEW_FIRST_PULLBACK_SHADOW_E002_122052978904,388050,지투파워,NEW_FIRST_PULLBACK_SHADOW,v170_provisional_1,60.0,0.7692307692307693,0.43252595155709345,-0.25773195876288657,0.2590673575129534,0.1725625539257981,3.0168589174800355,1.0428059463764268
2026-09-08 12:21:10.651,v1.7.1,20260908_388050_NEW_EARLY_ACCEL_SHADOW_E002_122110644314,388050,지투파워,NEW_EARLY_ACCEL_SHADOW,v170_provisional_1,63.0,0.0,1.119724375538329,1.5570934256055362,0.9458297506448838,1.5570934256055362,4.634581105169341,1.038712788811434
2026-09-08 12:21:10.671,v1.7.1,20260908_388050_NEW_WATCH_RECLAIM_SHADOW_E002_122110651058,388050,지투파워,NEW_WATCH_RECLAIM_SHADOW,v170_provisional_1,63.0,0.0,1.119724375538329,1.5570934256055362,0.9458297506448838,1.5570934256055362,4.634581105169341,1.038712788811434
2026-09-08 12:23:53.615,v1.7.1,20260908_047040_NEW_EARLY_ACCEL_SHADOW_E006_122353601933,047040,대우건설,NEW_EARLY_ACCEL_SHADOW,v170_provisional_1,63.0,2.5821596244131455,0.48426150121065376,0.36275695284159615,0.12062726176115801,-0.2403846153846154,-0.9546539379474941,1.0085142728483045
2026-09-08 12:23:53.622,v1.7.1,20260908_047040_NEW_WATCH_RECLAIM_SHADOW_E006_122353616300,047040,대우건설,NEW_WATCH_RECLAIM_SHADOW,v170_provisional_1,63.0,2.5821596244131455,0.48426150121065376,0.36275695284159615,0.12062726176115801,-0.2403846153846154,-0.9546539379474941,1.0085142728483045
2026-09-08 12:25:25.730,v1.7.1,20260908_079650_NEW_EARLY_ACCEL_SHADOW_EPISODE_122525718280,079650,서산,NEW_EARLY_ACCEL_SHADOW,v170_provisional_1,58.0,0.14084507042253522,1.8678160919540232,1.8678160919540232,1.721664275466284,1.5032211882605582,2.6049204052098407,1.0
2026-09-08 12:26:03.505,v1.7.1,20260908_047040_NEW_EARLY_ACCEL_SHADOW_E008_122603496915,047040,대우건설,NEW_EARLY_ACCEL_SHADOW,v170_provisional_1,63.0,2.5821596244131455,0.48426150121065376,0.24154589371980675,0.24154589371980675,0.0,-0.7177033492822966,1.0026313812813326
2026-09-08 12:26:03.523,v1.7.1,20260908_047040_NEW_WATCH_RECLAIM_SHADOW_E008_122603507978,047040,대우건설,NEW_WATCH_RECLAIM_SHADOW,v170_provisional_1,63.0,2.5821596244131455,0.48426150121065376,0.24154589371980675,0.24154589371980675,0.0,-0.7177033492822966,1.0026313812813326
2026-09-08 12:26:18.976,v1.7.1,20260908_079650_NEW_FIRST_PULLBACK_SHADOW_EPISODE_122618959111,079650,서산,NEW_FIRST_PULLBACK_SHADOW,v170_provisional_1,55.0,0.5633802816901409,0.0,0.0,-0.4231311706629055,1.291248206599713,1.875901875901876,1.0
2026-09-08 12:27:45.071,v1.7.1,20260908_000660_NEW_EARLY_ACCEL_SHADOW_E001_122745063779,000660,SK하이닉스,NEW_EARLY_ACCEL_SHADOW,v170_provisional_1,74.0,0.05336179295624333,0.05341880341880342,0.10689470871191875,0.13365410318096765,0.2140181915462814,0.26766595289079226,1.0
2026-09-08 12:27:45.076,v1.7.1,20260908_000660_NEW_WATCH_RECLAIM_SHADOW_E001_122745072893,000660,SK하이닉스,NEW_WATCH_RECLAIM_SHADOW,v170_provisional_1,74.0,0.05336179295624333,0.05341880341880342,0.10689470871191875,0.13365410318096765,0.2140181915462814,0.26766595289079226,1.0
2026-09-08 12:27:45.096,v1.7.1,20260908_047040_NEW_FIRST_PULLBACK_SHADOW_E008_122745092260,047040,대우건설,NEW_FIRST_PULLBACK_SHADOW,v170_provisional_1,63.0,2.3474178403755865,0.24096385542168677,0.0,0.3618817852834741,0.7263922518159807,0.4830917874396135,1.0017577913074929
2026-09-08 12:28:44.564,v1.7.1,20260908_000660_NEW_FIRST_PULLBACK_SHADOW_E001_122844556756,000660,SK하이닉스,NEW_FIRST_PULLBACK_SHADOW,v170_provisional_1,74.0,0.026673779674579887,0.0,0.0,0.10683760683760685,0.26752273943285176,0.32119914346895073,1.0
2026-09-08 12:30:15.458,v1.7.1,20260908_079650_NEW_EARLY_ACCEL_SHADOW_E001_123015446670,079650,서산,NEW_EARLY_ACCEL_SHADOW,v170_provisional_1,69.0,0.27548209366391185,2.1156558533145273,2.840909090909091,3.428571428571429,2.987197724039829,4.022988505747127,1.0640156918687589
2026-09-08 12:30:15.464,v1.7.1,20260908_079650_NEW_WATCH_RECLAIM_SHADOW_E001_123015459630,079650,서산,NEW_WATCH_RECLAIM_SHADOW,v170_provisional_1,69.0,0.27548209366391185,2.1156558533145273,2.840909090909091,3.428571428571429,2.987197724039829,4.022988505747127,1.0640156918687589
2026-09-08 12:30:15.502,v1.7.1,20260908_044490_NEW_WATCH_RECLAIM_SHADOW_E017_123015481953,044490,태웅,NEW_WATCH_RECLAIM_SHADOW,v170_provisional_1,60.0,0.9681881051175657,0.13986013986013987,0.13986013986013987,0.0,0.0,-0.4172461752433936,1.0013391528618192
2026-09-08 12:31:25.017,v1.7.1,20260908_079650_NEW_FIRST_PULLBACK_SHADOW_E001_123125001096,079650,서산,NEW_FIRST_PULLBACK_SHADOW,v170_provisional_1,69.0,0.0,0.0,0.0,1.2345679012345678,5.428571428571429,4.53257790368272,1.081447963800905
2026-09-08 12:31:42.174,v1.7.1,20260908_047040_NEW_EARLY_ACCEL_SHADOW_E009_123142161990,047040,대우건설,NEW_EARLY_ACCEL_SHADOW,v170_provisional_1,63.0,2.8169014084507045,0.24213075060532688,0.24213075060532688,0.24213075060532688,-0.7194244604316548,-0.24096385542168677,1.0033861664578212
2026-09-08 12:31:42.184,v1.7.1,20260908_047040_NEW_WATCH_RECLAIM_SHADOW_E009_123142175737,047040,대우건설,NEW_WATCH_RECLAIM_SHADOW,v170_provisional_1,63.0,2.8169014084507045,0.24213075060532688,0.24213075060532688,0.24213075060532688,-0.7194244604316548,-0.24096385542168677,1.0033861664578212
2026-09-08 12:32:06.127,v1.7.1,20260908_044490_NEW_EARLY_ACCEL_SHADOW_E019_123206119476,044490,태웅,NEW_EARLY_ACCEL_SHADOW,v170_provisional_1,60.0,0.8298755186721992,0.27972027972027974,0.13966480446927373,0.27972027972027974,0.27972027972027974,-0.1392757660167131,1.0004703319553432
2026-09-08 12:32:06.130,v1.7.1,20260908_044490_NEW_WATCH_RECLAIM_SHADOW_E019_123206127459,044490,태웅,NEW_WATCH_RECLAIM_SHADOW,v170_provisional_1,60.0,0.8298755186721992,0.27972027972027974,0.13966480446927373,0.27972027972027974,0.27972027972027974,-0.1392757660167131,1.0004703319553432
2026-09-08 12:32:30.526,v1.7.1,20260908_047040_NEW_EARLY_ACCEL_SHADOW_E010_123230516284,047040,대우건설,NEW_EARLY_ACCEL_SHADOW,v170_provisional_1,63.0,2.8169014084507045,0.24213075060532688,0.24213075060532688,0.24213075060532688,0.0,-0.24096385542168677,1.001962650030644
2026-09-08 12:32:30.533,v1.7.1,20260908_047040_NEW_WATCH_RECLAIM_SHADOW_E010_123230528089,047040,대우건설,NEW_WATCH_RECLAIM_SHADOW,v170_provisional_1,63.0,2.8169014084507045,0.24213075060532688,0.24213075060532688,0.24213075060532688,0.0,-0.24096385542168677,1.001962650030644
2026-09-08 12:33:05.490,v1.7.1,20260908_044490_NEW_FIRST_PULLBACK_SHADOW_E019_123305482465,044490,태웅,NEW_FIRST_PULLBACK_SHADOW,v170_provisional_1,60.0,0.8298755186721992,0.0,0.0,0.0,0.27972027972027974,0.13966480446927373,1.0010639350752177
2026-09-08 12:33:05.498,v1.7.1,20260908_388050_NEW_EARLY_ACCEL_SHADOW_EPISODE_123305496000,388050,지투파워,NEW_EARLY_ACCEL_SHADOW,v170_provisional_1,56.0,2.0100502512562812,0.34305317324185247,0.17123287671232876,0.6018916595012898,-0.34071550255536626,-1.59798149705635,1.022839329452556
2026-09-08 12:33:21.556,v1.7.1,20260908_047040_NEW_WATCH_RECLAIM_SHADOW_E011_123321547353,047040,대우건설,NEW_WATCH_RECLAIM_SHADOW,v170_provisional_1,63.0,2.8169014084507045,0.0,0.24213075060532688,0.0,0.24213075060532688,-0.36101083032490977,1.0018623481781377
2026-09-08 12:33:21.566,v1.7.1,20260908_388050_NEW_EARLY_ACCEL_SHADOW_E003_123321561370,388050,지투파워,NEW_EARLY_ACCEL_SHADOW,v170_provisional_1,61.0,1.4237855946398659,0.5982905982905984,0.9433962264150944,0.7705479452054794,0.5123825789923143,-0.6751054852320675,1.0205998707582706
2026-09-08 12:33:21.569,v1.7.1,20260908_388050_NEW_WATCH_RECLAIM_SHADOW_E003_123321566952,388050,지투파워,NEW_WATCH_RECLAIM_SHADOW,v170_provisional_1,61.0,1.4237855946398659,0.5982905982905984,0.9433962264150944,0.7705479452054794,0.5123825789923143,-0.6751054852320675,1.0205998707582706
2026-09-08 12:33:37.456,v1.7.1,20260908_079650_NEW_EARLY_ACCEL_SHADOW_E002_123337451734,079650,서산,NEW_EARLY_ACCEL_SHADOW,v170_provisional_1,69.0,0.39893617021276595,0.40214477211796246,1.4905149051490514,1.4905149051490514,1.4905149051490514,6.847360912981455,1.0560204556020456
2026-09-08 12:33:37.460,v1.7.1,20260908_079650_NEW_WATCH_RECLAIM_SHADOW_E002_123337456251,079650,서산,NEW_WATCH_RECLAIM_SHADOW,v170_provisional_1,69.0,0.39893617021276595,0.40214477211796246,1.4905149051490514,1.4905149051490514,1.4905149051490514,6.847360912981455,1.0560204556020456
2026-09-08 12:35:15.897,v1.7.1,20260908_000660_NEW_WATCH_RECLAIM_SHADOW_E002_123515887012,000660,SK하이닉스,NEW_WATCH_RECLAIM_SHADOW,v170_provisional_1,74.0,0.26624068157614483,0.05341880341880342,0.05341880341880342,-0.10666666666666667,-0.10666666666666667,-0.10666666666666667,1.0034082421519819
2026-09-08 12:35:15.917,v1.7.1,20260908_047040_NEW_WATCH_RECLAIM_SHADOW_E014_123515911530,047040,대우건설,NEW_WATCH_RECLAIM_SHADOW,v170_provisional_1,63.0,2.8169014084507045,0.0,0.24213075060532688,0.24213075060532688,0.0,0.0,1.002792851629757
2026-09-08 12:35:53.732,v1.7.1,20260908_000660_NEW_EARLY_ACCEL_SHADOW_E002_123553727176,000660,SK하이닉스,NEW_EARLY_ACCEL_SHADOW,v170_provisional_1,74.0,0.1597444089456869,0.10678056593699946,0.10678056593699946,0.16025641025641024,0.05336179295624333,-0.053304904051172705,1.002953257122425
2026-09-08 12:35:53.763,v1.7.1,20260908_079650_NEW_FIRST_PULLBACK_SHADOW_E003_123553757967,079650,서산,NEW_FIRST_PULLBACK_SHADOW,v170_provisional_1,68.0,2.719406674907293,0.5108556832694764,-2.478314745972739,0.25477707006369427,3.689064558629776,6.639566395663957,1.1548784794683276
2026-09-08 12:36:23.964,v1.7.1,20260908_440110_NEW_EARLY_ACCEL_SHADOW_EPISODE_123623955311,440110,파두,NEW_EARLY_ACCEL_SHADOW,v170_provisional_1,58.0,0.0,0.13477088948787064,0.13477088948787064,0.13477088948787064,0.0,0.2699055330634278,1.0011512779184895
2026-09-08 12:37:13.223,v1.7.1,20260908_047040_NEW_EARLY_ACCEL_SHADOW_E015_123713217187,047040,대우건설,NEW_EARLY_ACCEL_SHADOW,v170_provisional_1,63.0,2.8169014084507045,0.24213075060532688,0.24213075060532688,0.24213075060532688,0.0,0.0,1.0028176477963913
2026-09-08 12:37:13.227,v1.7.1,20260908_047040_NEW_WATCH_RECLAIM_SHADOW_E015_123713224312,047040,대우건설,NEW_WATCH_RECLAIM_SHADOW,v170_provisional_1,63.0,2.8169014084507045,0.24213075060532688,0.24213075060532688,0.24213075060532688,0.0,0.0,1.0028176477963913
2026-09-08 12:37:50.991,v1.7.1,20260908_034020_NEW_EARLY_ACCEL_SHADOW_E010_123750984223,034020,두산에너빌리티,NEW_EARLY_ACCEL_SHADOW,v170_provisional_1,68.0,1.2834224598930482,0.10845986984815618,0.10845986984815618,0.10845986984815618,-0.10822510822510822,-0.4314994606256742,1.001196286428115
2026-09-08 12:37:50.998,v1.7.1,20260908_034020_NEW_WATCH_RECLAIM_SHADOW_E010_123750992867,034020,두산에너빌리티,NEW_WATCH_RECLAIM_SHADOW,v170_provisional_1,68.0,1.2834224598930482,0.10845986984815618,0.10845986984815618,0.10845986984815618,-0.10822510822510822,-0.4314994606256742,1.001196286428115
2026-09-08 12:38:06.973,v1.7.1,20260908_000660_NEW_FIRST_PULLBACK_SHADOW_E002_123806970053,000660,SK하이닉스,NEW_FIRST_PULLBACK_SHADOW,v170_provisional_1,74.0,0.05321979776476849,0.05327650506126798,0.0,0.05327650506126798,0.16,0.05327650506126798,1.0039987616664836
2026-09-08 12:38:39.910,v1.7.1,20260908_388050_NEW_EARLY_ACCEL_SHADOW_E004_123839905327,388050,지투파워,NEW_EARLY_ACCEL_SHADOW,v170_provisional_1,60.0,2.680067001675042,0.7805724197745013,0.5190311418685121,0.6932409012131715,0.5190311418685121,-1.6920473773265652,1.0230040398756066
2026-09-08 12:38:39.914,v1.7.1,20260908_388050_NEW_WATCH_RECLAIM_SHADOW_E004_123839911961,388050,지투파워,NEW_WATCH_RECLAIM_SHADOW,v170_provisional_1,60.0,2.680067001675042,0.7805724197745013,0.5190311418685121,0.6932409012131715,0.5190311418685121,-1.6920473773265652,1.0230040398756066
2026-09-08 12:38:39.926,v1.7.1,20260908_347700_NEW_EARLY_ACCEL_SHADOW_EPISODE_123839921090,347700,스피어,NEW_EARLY_ACCEL_SHADOW,v170_provisional_1,55.0,0.9523809523809524,0.4830917874396135,0.4830917874396135,0.24096385542168677,0.0,0.4830917874396135,1.0
2026-09-08 12:39:00.626,v1.7.1,20260908_047040_NEW_FIRST_PULLBACK_SHADOW_E015_123900611878,047040,대우건설,NEW_FIRST_PULLBACK_SHADOW,v170_provisional_1,63.0,2.112676056338028,0.2403846153846154,0.0,0.48192771084337355,0.9685230024213075,0.7246376811594203,1.002663712224789
2026-09-08 12:39:15.766,v1.7.1,20260908_347700_NEW_FIRST_PULLBACK_SHADOW_EPISODE_123915757270,347700,스피어,NEW_FIRST_PULLBACK_SHADOW,v170_provisional_1,55.0,0.9523809523809524,0.24096385542168677,0.0,0.4830917874396135,0.24096385542168677,0.24096385542168677,1.0
2026-09-08 12:39:30.708,v1.7.1,20260908_034020_NEW_EARLY_ACCEL_SHADOW_E011_123930706386,034020,두산에너빌리티,NEW_EARLY_ACCEL_SHADOW,v170_provisional_1,68.0,1.2834224598930482,0.10845986984815618,0.10845986984815618,0.10845986984815618,0.10845986984815618,-0.32397408207343414,1.0008295059727537
2026-09-08 12:39:30.711,v1.7.1,20260908_034020_NEW_WATCH_RECLAIM_SHADOW_E011_123930709424,034020,두산에너빌리티,NEW_WATCH_RECLAIM_SHADOW,v170_provisional_1,68.0,1.2834224598930482,0.10845986984815618,0.10845986984815618,0.10845986984815618,0.10845986984815618,-0.32397408207343414,1.0008295059727537
2026-09-08 12:40:52.278,v1.7.1,20260908_079650_NEW_WATCH_RECLAIM_SHADOW_E004_124052273960,079650,서산,NEW_WATCH_RECLAIM_SHADOW,v170_provisional_1,63.0,2.843016069221261,0.0,0.38314176245210724,1.0282776349614395,1.9455252918287937,-0.12706480304955528,1.050053982036616
2026-09-08 12:41:07.837,v1.7.1,20260908_079650_NEW_EARLY_ACCEL_SHADOW_E004_124107828705,079650,서산,NEW_EARLY_ACCEL_SHADOW,v170_provisional_1,63.0,2.4721878862793574,0.38167938931297707,0.38167938931297707,0.7662835249042145,2.8683181225554106,2.069857697283312,1.059311791667617
2026-09-08 12:41:07.844,v1.7.1,20260908_388050_NEW_WATCH_RECLAIM_SHADOW_E005_124107839668,388050,지투파워,NEW_WATCH_RECLAIM_SHADOW,v170_provisional_1,60.0,2.9313232830820772,0.17286084701815038,0.17286084701815038,-0.34393809114359414,-0.6003430531732418,-0.34393809114359414,1.0123003283798073
2026-09-08 12:41:25.342,v1.7.1,20260908_034020_NEW_FIRST_PULLBACK_SHADOW_E011_124125340468,034020,두산에너빌리티,NEW_FIRST_PULLBACK_SHADOW,v170_provisional_1,68.0,1.1764705882352942,0.10834236186348861,0.0,0.10834236186348861,0.10834236186348861,0.10834236186348861,1.001234726209287
2026-09-08 12:41:25.348,v1.7.1,20260908_388050_NEW_EARLY_ACCEL_SHADOW_E005_124125346796,388050,지투파워,NEW_EARLY_ACCEL_SHADOW,v170_provisional_1,65.0,1.8425460636515913,1.1216566005176878,1.296456352636128,1.647875108412836,0.2566295979469632,1.0344827586206897,1.0079600199346586
2026-09-08 12:41:58.064,v1.7.1,20260908_058470_NEW_EARLY_ACCEL_SHADOW_E005_124158047542,058470,리노공업,NEW_EARLY_ACCEL_SHADOW,v170_provisional_1,78.0,0.0,0.1392757660167131,0.1392757660167131,0.1392757660167131,0.1392757660167131,0.2789400278940028,1.0571780719146884
2026-09-08 12:41:58.078,v1.7.1,20260908_058470_NEW_WATCH_RECLAIM_SHADOW_E005_124158064424,058470,리노공업,NEW_WATCH_RECLAIM_SHADOW,v170_provisional_1,78.0,0.0,0.1392757660167131,0.1392757660167131,0.1392757660167131,0.1392757660167131,0.2789400278940028,1.0571780719146884
2026-09-08 12:43:28.434,v1.7.1,20260908_388050_NEW_FIRST_PULLBACK_SHADOW_E005_124328419766,388050,지투파워,NEW_FIRST_PULLBACK_SHADOW,v170_provisional_1,82.0,0.49382716049382713,-0.49382716049382713,-0.16515276630883566,1.4261744966442953,3.1569965870307164,4.856895056374675,1.0674342542611748
2026-09-08 12:43:28.464,v1.7.1,20260908_058470_NEW_EARLY_ACCEL_SHADOW_E006_124328457683,058470,리노공업,NEW_EARLY_ACCEL_SHADOW,v170_provisional_1,67.0,0.0,0.1392757660167131,0.1392757660167131,0.1392757660167131,0.1392757660167131,0.1392757660167131,1.002095160854285
2026-09-08 12:43:28.471,v1.7.1,20260908_058470_NEW_WATCH_RECLAIM_SHADOW_E006_124328465388,058470,리노공업,NEW_WATCH_RECLAIM_SHADOW,v170_provisional_1,67.0,0.0,0.1392757660167131,0.1392757660167131,0.1392757660167131,0.1392757660167131,0.1392757660167131,1.002095160854285
2026-09-08 12:43:42.961,v1.7.1,20260908_440110_NEW_FIRST_PULLBACK_SHADOW_EPISODE_124342952056,440110,파두,NEW_FIRST_PULLBACK_SHADOW,v170_provisional_1,58.0,0.0,0.0,0.0,0.13458950201884254,0.2695417789757413,0.2695417789757413,1.0032104906172281
2026-09-08 12:44:50.183,v1.7.1,20260908_058470_NEW_EARLY_ACCEL_SHADOW_E007_124450173610,058470,리노공업,NEW_EARLY_ACCEL_SHADOW,v170_provisional_1,67.0,0.06954102920723226,0.06963788300835655,0.06963788300835655,0.06963788300835655,0.06963788300835655,0.06963788300835655,1.0025628920213125
2026-09-08 12:44:50.192,v1.7.1,20260908_058470_NEW_WATCH_RECLAIM_SHADOW_E007_124450183214,058470,리노공업,NEW_WATCH_RECLAIM_SHADOW,v170_provisional_1,67.0,0.06954102920723226,0.06963788300835655,0.06963788300835655,0.06963788300835655,0.06963788300835655,0.06963788300835655,1.0025628920213125
2026-09-08 12:45:54.544,v1.7.1,20260908_047040_NEW_WATCH_RECLAIM_SHADOW_E016_124554542106,047040,대우건설,NEW_WATCH_RECLAIM_SHADOW,v170_provisional_1,63.0,2.8169014084507045,0.0,0.24213075060532688,-0.24096385542168677,0.0,-0.7194244604316548,1.001459174677707
2026-09-08 12:47:26.850,v1.7.1,20260908_047040_NEW_WATCH_RECLAIM_SHADOW_E017_124726837043,047040,대우건설,NEW_WATCH_RECLAIM_SHADOW,v170_provisional_1,63.0,2.8169014084507045,0.24213075060532688,0.24213075060532688,0.0,0.24213075060532688,-0.24096385542168677,1.0009733711788762
2026-09-08 12:48:35.191,v1.7.1,20260908_047040_NEW_WATCH_RECLAIM_SHADOW_E018_124835188697,047040,대우건설,NEW_WATCH_RECLAIM_SHADOW,v170_provisional_1,63.0,2.8169014084507045,0.48543689320388345,0.24213075060532688,0.0,0.0,0.0,1.002963913018131
2026-09-08 12:49:21.459,v1.7.1,20260908_047040_NEW_EARLY_ACCEL_SHADOW_E019_124921442938,047040,대우건설,NEW_EARLY_ACCEL_SHADOW,v170_provisional_1,63.0,2.5821596244131455,0.24154589371980675,0.48426150121065376,0.7281553398058253,0.24154589371980675,0.24154589371980675,1.0021828929149068
2026-09-08 12:49:21.466,v1.7.1,20260908_047040_NEW_WATCH_RECLAIM_SHADOW_E019_124921460050,047040,대우건설,NEW_WATCH_RECLAIM_SHADOW,v170_provisional_1,63.0,2.5821596244131455,0.24154589371980675,0.48426150121065376,0.7281553398058253,0.24154589371980675,0.24154589371980675,1.0021828929149068
2026-09-08 12:50:09.559,v1.7.1,20260908_034020_NEW_EARLY_ACCEL_SHADOW_E013_125009547870,034020,두산에너빌리티,NEW_EARLY_ACCEL_SHADOW,v170_provisional_1,68.0,1.2834224598930482,0.10845986984815618,0.10845986984815618,0.21715526601520088,0.10845986984815618,0.21715526601520088,1.0
2026-09-08 12:50:09.568,v1.7.1,20260908_034020_NEW_WATCH_RECLAIM_SHADOW_E013_125009560589,034020,두산에너빌리티,NEW_WATCH_RECLAIM_SHADOW,v170_provisional_1,68.0,1.2834224598930482,0.10845986984815618,0.10845986984815618,0.21715526601520088,0.10845986984815618,0.21715526601520088,1.0
2026-09-08 12:50:25.440,v1.7.1,20260908_047040_NEW_FIRST_PULLBACK_SHADOW_E019_125025437965,047040,대우건설,NEW_FIRST_PULLBACK_SHADOW,v170_provisional_1,63.0,2.5821596244131455,-0.2403846153846154,-0.2403846153846154,0.0,0.7281553398058253,0.48426150121065376,1.0012330398961553
2026-09-08 12:50:43.629,v1.7.1,20260908_034020_NEW_FIRST_PULLBACK_SHADOW_E013_125043616665,034020,두산에너빌리티,NEW_FIRST_PULLBACK_SHADOW,v170_provisional_1,68.0,1.2834224598930482,0.10845986984815618,0.0,0.10845986984815618,0.10845986984815618,0.21715526601520088,1.0
2026-09-08 12:51:16.633,v1.7.1,20260908_034020_NEW_FIRST_PULLBACK_SHADOW_E014_125116629443,034020,두산에너빌리티,NEW_FIRST_PULLBACK_SHADOW,v170_provisional_1,68.0,1.2834224598930482,0.10845986984815618,0.0,0.0,0.21715526601520088,0.32608695652173914,1.000745931607268
2026-09-08 12:51:36.895,v1.7.1,20260908_034020_NEW_WATCH_RECLAIM_SHADOW_E014_125136880254,034020,두산에너빌리티,NEW_WATCH_RECLAIM_SHADOW,v170_provisional_1,68.0,1.2834224598930482,0.0,0.10845986984815618,0.0,0.10845986984815618,0.21715526601520088,1.0007989187013382
2026-09-08 12:52:26.831,v1.7.1,20260908_034020_NEW_WATCH_RECLAIM_SHADOW_E015_125226823364,034020,두산에너빌리티,NEW_WATCH_RECLAIM_SHADOW,v170_provisional_1,68.0,1.2834224598930482,0.10845986984815618,0.10845986984815618,0.0,0.10845986984815618,0.10845986984815618,1.000935293228722
2026-09-08 12:52:26.856,v1.7.1,20260908_289080_NEW_EARLY_ACCEL_SHADOW_EPISODE_125226850800,289080,SV인베스트먼트,NEW_EARLY_ACCEL_SHADOW,v170_provisional_1,47.0,2.867383512544803,0.7434944237918215,0.5565862708719851,2.2641509433962264,3.041825095057034,4.230769230769231,1.0194920503819946
2026-09-08 12:52:58.934,v1.7.1,20260908_034020_NEW_FIRST_PULLBACK_SHADOW_E015_125258920356,034020,두산에너빌리티,NEW_FIRST_PULLBACK_SHADOW,v170_provisional_1,68.0,1.2834224598930482,0.0,0.0,0.10845986984815618,0.10845986984815618,0.10845986984815618,1.0012402958335247
2026-09-08 12:53:28.418,v1.7.1,20260908_222800_NEW_EARLY_ACCEL_SHADOW_E013_125328414846,222800,심텍,NEW_EARLY_ACCEL_SHADOW,v170_provisional_1,68.0,1.717408274785324,0.15910898965791567,0.0794912559618442,0.0794912559618442,-0.1586042823156225,-0.2377179080824089,1.0018378693984793
2026-09-08 12:53:28.421,v1.7.1,20260908_222800_NEW_WATCH_RECLAIM_SHADOW_E013_125328419307,222800,심텍,NEW_WATCH_RECLAIM_SHADOW,v170_provisional_1,68.0,1.717408274785324,0.15910898965791567,0.0794912559618442,0.0794912559618442,-0.1586042823156225,-0.2377179080824089,1.0018378693984793
2026-09-08 12:56:30.798,v1.7.1,20260908_388050_NEW_WATCH_RECLAIM_SHADOW_E006_125630787420,388050,지투파워,NEW_WATCH_RECLAIM_SHADOW,v170_provisional_1,60.0,2.9508196721311477,0.2540220152413209,0.2540220152413209,-0.42052144659377627,-0.16863406408094433,-1.4154870940882598,1.0209948520746759
2026-09-08 12:58:30.781,v1.7.1,20260908_388050_NEW_EARLY_ACCEL_SHADOW_E007_125830773762,388050,지투파워,NEW_EARLY_ACCEL_SHADOW,v170_provisional_1,63.0,2.7049180327868854,0.33812341504649196,0.5932203389830508,0.5080440304826418,0.2533783783783784,-0.08417508417508417,1.0068665989725236
2026-09-08 12:58:30.788,v1.7.1,20260908_388050_NEW_WATCH_RECLAIM_SHADOW_E007_125830782732,388050,지투파워,NEW_WATCH_RECLAIM_SHADOW,v170_provisional_1,63.0,2.7049180327868854,0.33812341504649196,0.5932203389830508,0.5080440304826418,0.2533783783783784,-0.08417508417508417,1.0068665989725236
2026-09-08 12:59:17.173,v1.7.1,20260908_222800_NEW_EARLY_ACCEL_SHADOW_E014_125917158620,222800,심텍,NEW_EARLY_ACCEL_SHADOW,v170_provisional_1,68.0,1.639344262295082,0.23866348448687352,0.23866348448687352,0.3184713375796179,0.3184713375796179,0.07942811755361398,1.009851403048583
2026-09-08 12:59:17.183,v1.7.1,20260908_222800_NEW_WATCH_RECLAIM_SHADOW_E014_125917174144,222800,심텍,NEW_WATCH_RECLAIM_SHADOW,v170_provisional_1,68.0,1.639344262295082,0.23866348448687352,0.23866348448687352,0.3184713375796179,0.3184713375796179,0.07942811755361398,1.009851403048583
2026-09-08 12:59:17.203,v1.7.1,20260908_388050_NEW_FIRST_PULLBACK_SHADOW_E007_125917199258,388050,지투파워,NEW_FIRST_PULLBACK_SHADOW,v170_provisional_1,63.0,2.622950819672131,-0.16806722689075632,-0.2518891687657431,0.422654268808115,1.0204081632653061,0.08424599831508003,1.0079876037188844
2026-09-08 12:59:51.939,v1.7.1,20260908_058470_NEW_EARLY_ACCEL_SHADOW_E008_125951929413,058470,리노공업,NEW_EARLY_ACCEL_SHADOW,v170_provisional_1,67.0,0.0,0.1392757660167131,0.1392757660167131,0.1392757660167131,0.1392757660167131,0.700280112044818,1.0376387487386478
2026-09-08 12:59:51.945,v1.7.1,20260908_058470_NEW_WATCH_RECLAIM_SHADOW_E008_125951940105,058470,리노공업,NEW_WATCH_RECLAIM_SHADOW,v170_provisional_1,67.0,0.0,0.1392757660167131,0.1392757660167131,0.1392757660167131,0.1392757660167131,0.700280112044818,1.0376387487386478
2026-09-08 13:00:09.612,v1.7.1,20260908_222800_NEW_FIRST_PULLBACK_SHADOW_E014_130009607171,222800,심텍,NEW_FIRST_PULLBACK_SHADOW,v170_provisional_1,68.0,1.639344262295082,-0.07930214115781126,-0.07930214115781126,0.0,0.3184713375796179,0.07942811755361398,1.0
2026-09-08 13:00:09.623,v1.7.1,20260908_058470_NEW_FIRST_PULLBACK_SHADOW_E008_130009614148,058470,리노공업,NEW_FIRST_PULLBACK_SHADOW,v170_provisional_1,67.0,0.13908205841446453,-0.13908205841446453,0.0,0.0,0.1394700139470014,0.27932960893854747,1.0
2026-09-08 13:01:45.370,v1.7.1,20260908_058470_NEW_EARLY_ACCEL_SHADOW_E009_130145367368,058470,리노공업,NEW_EARLY_ACCEL_SHADOW,v170_provisional_1,67.0,0.0,0.1392757660167131,0.1392757660167131,0.1392757660167131,0.0,0.41899441340782123,1.0026189436927107
2026-09-08 13:01:45.373,v1.7.1,20260908_058470_NEW_WATCH_RECLAIM_SHADOW_E009_130145370563,058470,리노공업,NEW_WATCH_RECLAIM_SHADOW,v170_provisional_1,67.0,0.0,0.1392757660167131,0.1392757660167131,0.1392757660167131,0.0,0.41899441340782123,1.0026189436927107
2026-09-08 13:02:16.543,v1.7.1,20260908_388050_NEW_EARLY_ACCEL_SHADOW_E008_130216531165,388050,지투파워,NEW_EARLY_ACCEL_SHADOW,v170_provisional_1,63.0,2.9508196721311477,0.08453085376162299,0.3389830508474576,0.5947323704333051,0.1692047377326565,0.6802721088435374,1.0048000156735206
2026-09-08 13:02:16.552,v1.7.1,20260908_388050_NEW_WATCH_RECLAIM_SHADOW_E008_130216544884,388050,지투파워,NEW_WATCH_RECLAIM_SHADOW,v170_provisional_1,63.0,2.9508196721311477,0.08453085376162299,0.3389830508474576,0.5947323704333051,0.1692047377326565,0.6802721088435374,1.0048000156735206
2026-09-08 13:03:05.558,v1.7.1,20260908_388050_NEW_FIRST_PULLBACK_SHADOW_E008_130305551685,388050,지투파워,NEW_FIRST_PULLBACK_SHADOW,v170_provisional_1,63.0,2.7049180327868854,-0.08417508417508417,-0.08417508417508417,0.33812341504649196,0.8496176720475787,0.33812341504649196,1.0058064642048559
2026-09-08 13:04:54.590,v1.7.1,20260908_047040_NEW_WATCH_RECLAIM_SHADOW_E020_130454581007,047040,대우건설,NEW_WATCH_RECLAIM_SHADOW,v170_provisional_1,63.0,2.9342723004694835,0.12106537530266344,0.12106537530266344,0.0,-0.3614457831325301,-0.12077294685990338,1.002453428385548
2026-09-08 13:05:10.885,v1.7.1,20260908_047040_NEW_EARLY_ACCEL_SHADOW_E020_130510868733,047040,대우건설,NEW_EARLY_ACCEL_SHADOW,v170_provisional_1,63.0,2.8169014084507045,0.12091898428053204,0.24213075060532688,0.24213075060532688,-0.24096385542168677,0.0,1.0024529058116232
2026-09-08 13:05:30.826,v1.7.1,20260908_388050_NEW_EARLY_ACCEL_SHADOW_E009_130530816803,388050,지투파워,NEW_EARLY_ACCEL_SHADOW,v170_provisional_1,63.0,2.8688524590163933,0.6796941376380629,0.7653061224489796,0.423728813559322,-0.25252525252525254,0.5942275042444821,1.002616789942257
2026-09-08 13:05:30.831,v1.7.1,20260908_388050_NEW_WATCH_RECLAIM_SHADOW_E009_130530826916,388050,지투파워,NEW_WATCH_RECLAIM_SHADOW,v170_provisional_1,63.0,2.8688524590163933,0.6796941376380629,0.7653061224489796,0.423728813559322,-0.25252525252525254,0.5942275042444821,1.002616789942257
2026-09-08 13:06:35.752,v1.7.1,20260908_388050_NEW_FIRST_PULLBACK_SHADOW_E009_130635747263,388050,지투파워,NEW_FIRST_PULLBACK_SHADOW,v170_provisional_1,63.0,2.7868852459016393,-0.2523128679562658,-0.33613445378151263,0.08438818565400844,0.6791171477079796,0.6791171477079796,1.002677376171352
2026-09-08 13:07:39.727,v1.7.1,20260908_047040_NEW_FIRST_PULLBACK_SHADOW_E020_130739722817,047040,대우건설,NEW_FIRST_PULLBACK_SHADOW,v170_provisional_1,63.0,2.5821596244131455,0.24154589371980675,0.0,0.24154589371980675,0.12062726176115801,0.24154589371980675,1.0002645152757572
2026-09-08 13:07:54.900,v1.7.1,20260908_079650_NEW_EARLY_ACCEL_SHADOW_E005_130754883898,079650,서산,NEW_EARLY_ACCEL_SHADOW,v170_provisional_1,68.0,0.98159509202454,3.065134099616858,3.4615384615384617,4.129032258064516,5.215123859191656,3.7275064267352187,1.038179397483423
2026-09-08 13:07:54.907,v1.7.1,20260908_079650_NEW_WATCH_RECLAIM_SHADOW_E005_130754900697,079650,서산,NEW_WATCH_RECLAIM_SHADOW,v170_provisional_1,68.0,0.98159509202454,3.065134099616858,3.4615384615384617,4.129032258064516,5.215123859191656,3.7275064267352187,1.038179397483423
2026-09-08 13:07:54.914,v1.7.1,20260908_058470_NEW_EARLY_ACCEL_SHADOW_E010_130754911324,058470,리노공업,NEW_EARLY_ACCEL_SHADOW,v170_provisional_1,67.0,0.0,0.1392757660167131,0.1392757660167131,0.20905923344947736,0.2789400278940028,0.1392757660167131,1.0107547686999145
2026-09-08 13:07:54.917,v1.7.1,20260908_058470_NEW_WATCH_RECLAIM_SHADOW_E010_130754914489,058470,리노공업,NEW_WATCH_RECLAIM_SHADOW,v170_provisional_1,67.0,0.0,0.1392757660167131,0.1392757660167131,0.20905923344947736,0.2789400278940028,0.1392757660167131,1.0107547686999145
2026-09-08 13:08:46.769,v1.7.1,20260908_058470_NEW_FIRST_PULLBACK_SHADOW_E011_130846754465,058470,리노공업,NEW_FIRST_PULLBACK_SHADOW,v170_provisional_1,67.0,0.0,0.1392757660167131,0.0,0.1392757660167131,0.1392757660167131,0.1392757660167131,1.0
2026-09-08 13:09:05.962,v1.7.1,20260908_058470_NEW_WATCH_RECLAIM_SHADOW_E011_130905943305,058470,리노공업,NEW_WATCH_RECLAIM_SHADOW,v170_provisional_1,67.0,0.0,0.0,0.1392757660167131,0.0,0.1392757660167131,0.2789400278940028,1.001882397983601
2026-09-08 13:09:22.653,v1.7.1,20260908_079650_NEW_EARLY_ACCEL_SHADOW_E006_130922640395,079650,서산,NEW_EARLY_ACCEL_SHADOW,v170_provisional_1,74.0,0.7361963190184049,0.24783147459727387,0.12376237623762376,0.37220843672456577,3.717948717948718,5.0649350649350655,1.0614933930120574
2026-09-08 13:09:22.658,v1.7.1,20260908_079650_NEW_WATCH_RECLAIM_SHADOW_E006_130922653171,079650,서산,NEW_WATCH_RECLAIM_SHADOW,v170_provisional_1,74.0,0.7361963190184049,0.24783147459727387,0.12376237623762376,0.37220843672456577,3.717948717948718,5.0649350649350655,1.0614933930120574
2026-09-08 13:10:27.290,v1.7.1,20260908_079650_NEW_WATCH_RECLAIM_SHADOW_E007_131027278681,079650,서산,NEW_WATCH_RECLAIM_SHADOW,v170_provisional_1,65.0,1.4723926380368098,0.6265664160401002,0.24968789013732834,-0.7416563658838072,-0.37220843672456577,4.285714285714286,1.0187260150660917
2026-09-08 13:10:27.296,v1.7.1,20260908_052690_NEW_WATCH_RECLAIM_SHADOW_E014_131027293048,052690,한전기술,NEW_WATCH_RECLAIM_SHADOW,v170_provisional_1,63.0,2.8699861687413555,0.10691375623663579,0.1783166904422254,-0.17768301350390903,-0.24857954545454544,-0.6015569709837225,1.003158616706375
2026-09-08 13:11:15.360,v1.7.1,20260908_079650_NEW_WATCH_RECLAIM_SHADOW_E008_131115352384,079650,서산,NEW_WATCH_RECLAIM_SHADOW,v170_provisional_1,65.0,1.2269938650306749,-0.24783147459727387,0.625,0.8771929824561403,-0.4944375772558714,4.681404421326398,1.015378870971506
2026-09-08 13:11:30.949,v1.7.1,20260908_058470_NEW_EARLY_ACCEL_SHADOW_E011_131130938534,058470,리노공업,NEW_EARLY_ACCEL_SHADOW,v170_provisional_1,67.0,0.0,0.13908205841446453,0.13908205841446453,0.13908205841446453,0.13908205841446453,0.2785515320334262,1.0045892611289582
2026-09-08 13:11:30.961,v1.7.1,20260908_052690_NEW_EARLY_ACCEL_SHADOW_E014_131130955062,052690,한전기술,NEW_EARLY_ACCEL_SHADOW,v170_provisional_1,63.0,2.7662517289073305,0.21382751247327159,0.21382751247327159,0.10679957280170879,0.0,-0.3543586109142452,1.0011994938136106
2026-09-08 13:12:01.947,v1.7.1,20260908_062040_NEW_WATCH_RECLAIM_SHADOW_E001_131201936667,062040,산일전기,NEW_WATCH_RECLAIM_SHADOW,v170_provisional_1,71.0,0.23923444976076555,0.0,0.2403846153846154,0.48192771084337355,1.4598540145985401,,1.0
2026-09-08 13:12:01.962,v1.7.1,20260908_079650_NEW_WATCH_RECLAIM_SHADOW_E009_131201956869,079650,서산,NEW_WATCH_RECLAIM_SHADOW,v170_provisional_1,65.0,1.1042944785276074,-0.3708281829419036,0.12422360248447205,-0.12391573729863693,0.6242197253433208,4.675324675324675,1.018405832377111
2026-09-08 13:12:17.820,v1.7.1,20260908_079650_NEW_FIRST_PULLBACK_SHADOW_E009_131217809214,079650,서산,NEW_FIRST_PULLBACK_SHADOW,v170_provisional_1,65.0,1.3496932515337423,-0.24813895781637718,-0.6180469715698393,-0.12422360248447205,0.7518796992481203,3.076923076923077,1.0128246380142496
2026-09-08 13:12:47.113,v1.7.1,20260908_062040_NEW_EARLY_ACCEL_SHADOW_E002_131247093813,062040,산일전기,NEW_EARLY_ACCEL_SHADOW,v170_provisional_1,71.0,0.23866348448687352,0.4807692307692308,0.2398081534772182,0.4807692307692308,1.2106537530266344,,1.0
2026-09-08 13:12:47.130,v1.7.1,20260908_062040_NEW_WATCH_RECLAIM_SHADOW_E002_131247113097,062040,산일전기,NEW_WATCH_RECLAIM_SHADOW,v170_provisional_1,71.0,0.23866348448687352,0.4807692307692308,0.2398081534772182,0.4807692307692308,1.2106537530266344,,1.0
2026-09-08 13:13:53.214,v1.7.1,20260908_228340_NEW_EARLY_ACCEL_SHADOW_EPISODE_131353212786,228340,동양파일,NEW_EARLY_ACCEL_SHADOW,v170_provisional_1,52.0,1.487778958554729,2.6578073089700998,3.0,3.114571746384872,2.885682574916759,1.756311745334797,1.0
2026-09-08 13:14:09.313,v1.7.1,20260908_212560_NEW_EARLY_ACCEL_SHADOW_EPISODE_131409310852,212560,네오오토,NEW_EARLY_ACCEL_SHADOW,v170_provisional_1,47.0,2.416918429003021,1.0954616588419406,1.2539184952978055,1.4128728414442702,1.4925373134328357,1.5723270440251573,1.0040019286403086
2026-09-08 13:14:25.127,v1.7.1,20260908_052690_NEW_FIRST_PULLBACK_SHADOW_E014_131425122367,052690,한전기술,NEW_FIRST_PULLBACK_SHADOW,v170_provisional_1,63.0,2.627939142461964,-0.07097232079488999,0.0,0.07107320540156362,0.1422475106685633,0.07107320540156362,1.0005584898434632
2026-09-08 13:14:25.149,v1.7.1,20260908_228340_NEW_FIRST_PULLBACK_SHADOW_EPISODE_131425145290,228340,동양파일,NEW_FIRST_PULLBACK_SHADOW,v170_provisional_1,52.0,1.5940488841657812,1.646542261251372,-0.10787486515641855,2.888888888888889,3.11804008908686,2.3204419889502765,1.0457442078743269
2026-09-08 13:14:41.872,v1.7.1,20260908_228340_NEW_EARLY_ACCEL_SHADOW_E001_131441861909,228340,동양파일,NEW_EARLY_ACCEL_SHADOW,v170_provisional_1,63.0,1.487778958554729,0.10799136069114472,1.756311745334797,2.6578073089700998,3.229398663697105,2.6578073089700998,1.0602183470829423
2026-09-08 13:14:41.878,v1.7.1,20260908_228340_NEW_WATCH_RECLAIM_SHADOW_E001_131441873282,228340,동양파일,NEW_WATCH_RECLAIM_SHADOW,v170_provisional_1,63.0,1.487778958554729,0.10799136069114472,1.756311745334797,2.6578073089700998,3.229398663697105,2.6578073089700998,1.0602183470829423
2026-09-08 13:15:13.451,v1.7.1,20260908_058470_NEW_WATCH_RECLAIM_SHADOW_E012_131513450802,058470,리노공업,NEW_WATCH_RECLAIM_SHADOW,v170_provisional_1,67.0,0.1388888888888889,0.0,0.1392757660167131,0.0,-0.1388888888888889,0.1392757660167131,1.0009838216003497
2026-09-08 13:15:13.471,v1.7.1,20260908_212560_NEW_FIRST_PULLBACK_SHADOW_EPISODE_131513469588,212560,네오오토,NEW_FIRST_PULLBACK_SHADOW,v170_provisional_1,47.0,2.56797583081571,-0.5397070161912104,-0.23201856148491878,-0.15479876160990713,1.1764705882352942,1.335428122545169,1.005426691639053
2026-09-08 13:19:30.677,v1.7.1,20260908_228340_NEW_EARLY_ACCEL_SHADOW_E002_131930662130,228340,동양파일,NEW_EARLY_ACCEL_SHADOW,v170_provisional_1,60.0,0.60790273556231,2.4008350730688934,4.029692470837752,4.029692470837752,4.029692470837752,5.939524838012959,1.0499527125784542
2026-09-08 13:19:30.683,v1.7.1,20260908_228340_NEW_WATCH_RECLAIM_SHADOW_E002_131930678431,228340,동양파일,NEW_WATCH_RECLAIM_SHADOW,v170_provisional_1,60.0,0.60790273556231,2.4008350730688934,4.029692470837752,4.029692470837752,4.029692470837752,5.939524838012959,1.0499527125784542
2026-09-08 13:19:47.209,v1.7.1,20260908_047040_NEW_WATCH_RECLAIM_SHADOW_E022_131947195850,047040,대우건설,NEW_WATCH_RECLAIM_SHADOW,v170_provisional_1,63.0,2.8169014084507045,0.0,0.24213075060532688,0.24213075060532688,0.0,-0.24096385542168677,1.0015344097622005
2026-09-08 13:20:04.723,v1.7.1,20260908_228340_NEW_FIRST_PULLBACK_SHADOW_E002_132004713549,228340,동양파일,NEW_FIRST_PULLBACK_SHADOW,v170_provisional_1,63.0,1.7223910840932117,-0.6147540983606558,-1.1213047910295617,2.863202545068929,2.863202545068929,4.525862068965517,1.1036884188805778
2026-09-08 13:20:35.556,v1.7.1,20260908_047040_NEW_WATCH_RECLAIM_SHADOW_E023_132035548753,047040,대우건설,NEW_WATCH_RECLAIM_SHADOW,v170_provisional_1,63.0,2.8169014084507045,0.0,0.48543689320388345,0.0,0.24213075060532688,-0.24096385542168677,1.0046290846862183
2026-09-08 13:22:09.195,v1.7.1,20260908_047040_NEW_EARLY_ACCEL_SHADOW_E023_132209188295,047040,대우건설,NEW_EARLY_ACCEL_SHADOW,v170_provisional_1,63.0,2.5821596244131455,0.24154589371980675,0.24154589371980675,0.24154589371980675,0.7281553398058253,0.24154589371980675,1.0008199897276011
2026-09-08 13:23:58.647,v1.7.1,20260908_093370_NEW_EARLY_ACCEL_SHADOW_E001_132358636238,093370,후성,NEW_EARLY_ACCEL_SHADOW,v170_provisional_1,63.0,0.03687315634218289,0.18477457501847747,0.25887573964497046,0.4074074074074074,0.4074074074074074,0.4074074074074074,1.0
2026-09-08 13:23:58.654,v1.7.1,20260908_093370_NEW_WATCH_RECLAIM_SHADOW_E001_132358647796,093370,후성,NEW_WATCH_RECLAIM_SHADOW,v170_provisional_1,63.0,0.03687315634218289,0.18477457501847747,0.25887573964497046,0.4074074074074074,0.4074074074074074,0.4074074074074074,1.0
2026-09-08 13:24:45.853,v1.7.1,20260908_093370_NEW_FIRST_PULLBACK_SHADOW_E001_132445845818,093370,후성,NEW_FIRST_PULLBACK_SHADOW,v170_provisional_1,63.0,0.0,0.07374631268436578,0.0,0.29563932002956395,0.5185185185185185,0.6676557863501483,1.0
2026-09-08 13:25:32.720,v1.7.1,20260908_093370_NEW_WATCH_RECLAIM_SHADOW_E002_132532710505,093370,후성,NEW_WATCH_RECLAIM_SHADOW,v170_provisional_1,63.0,0.2578268876611418,0.0,0.07390983000739099,-0.14749262536873156,0.14792899408284024,0.37064492216456635,1.0055753225590705
2026-09-08 13:25:48.422,v1.7.1,20260908_047040_NEW_WATCH_RECLAIM_SHADOW_E024_132548420718,047040,대우건설,NEW_WATCH_RECLAIM_SHADOW,v170_provisional_1,63.0,2.8169014084507045,0.0,0.24213075060532688,0.0,0.0,0.0,1.0006561001586325
2026-09-08 13:26:03.153,v1.7.1,20260908_093370_NEW_EARLY_ACCEL_SHADOW_E003_132603144380,093370,후성,NEW_EARLY_ACCEL_SHADOW,v170_provisional_1,63.0,0.036832412523020254,0.22156573116691286,0.22156573116691286,0.29563932002956395,0.11066027296200663,0.5185185185185185,1.0067068895320919
2026-09-08 13:26:03.160,v1.7.1,20260908_093370_NEW_WATCH_RECLAIM_SHADOW_E003_132603154401,093370,후성,NEW_WATCH_RECLAIM_SHADOW,v170_provisional_1,63.0,0.036832412523020254,0.22156573116691286,0.22156573116691286,0.29563932002956395,0.11066027296200663,0.5185185185185185,1.0067068895320919
2026-09-08 13:26:19.726,v1.7.1,20260908_062040_NEW_EARLY_ACCEL_SHADOW_E003_132619710945,062040,산일전기,NEW_EARLY_ACCEL_SHADOW,v170_provisional_1,82.0,0.47732696897374705,0.48192771084337355,0.48192771084337355,0.7246376811594203,0.7246376811594203,0.2403846153846154,1.0887784367416329
2026-09-08 13:26:19.736,v1.7.1,20260908_062040_NEW_WATCH_RECLAIM_SHADOW_E003_132619726776,062040,산일전기,NEW_WATCH_RECLAIM_SHADOW,v170_provisional_1,82.0,0.47732696897374705,0.48192771084337355,0.48192771084337355,0.7246376811594203,0.7246376811594203,0.2403846153846154,1.0887784367416329
2026-09-08 13:26:54.995,v1.7.1,20260908_062040_NEW_EARLY_ACCEL_SHADOW_E004_132654983836,062040,산일전기,NEW_EARLY_ACCEL_SHADOW,v170_provisional_1,71.0,0.23866348448687352,0.11976047904191617,0.2398081534772182,0.7228915662650602,0.7228915662650602,0.4807692307692308,1.0
2026-09-08 13:26:54.998,v1.7.1,20260908_062040_NEW_WATCH_RECLAIM_SHADOW_E004_132654996621,062040,산일전기,NEW_WATCH_RECLAIM_SHADOW,v170_provisional_1,71.0,0.23866348448687352,0.11976047904191617,0.2398081534772182,0.7228915662650602,0.7228915662650602,0.4807692307692308,1.0
2026-09-08 13:26:55.014,v1.7.1,20260908_093370_NEW_FIRST_PULLBACK_SHADOW_E003_132655012225,093370,후성,NEW_FIRST_PULLBACK_SHADOW,v170_provisional_1,63.0,0.14716703458425312,-0.14716703458425312,-0.07363770250368189,0.22156573116691286,0.29563932002956395,0.5185185185185185,1.0122187092914465
2026-09-08 13:27:28.812,v1.7.1,20260908_062040_NEW_FIRST_PULLBACK_SHADOW_E004_132728810002,062040,산일전기,NEW_FIRST_PULLBACK_SHADOW,v170_provisional_1,71.0,0.23866348448687352,0.0,0.0,0.2398081534772182,0.966183574879227,0.7228915662650602,1.0020024315239935
2026-09-08 13:27:45.356,v1.7.1,20260908_044490_NEW_EARLY_ACCEL_SHADOW_E020_132745354044,044490,태웅,NEW_EARLY_ACCEL_SHADOW,v170_provisional_1,60.0,0.8298755186721992,0.42016806722689076,0.42016806722689076,0.9859154929577465,0.9859154929577465,1.1283497884344147,1.0051289159966732
2026-09-08 13:27:45.359,v1.7.1,20260908_044490_NEW_WATCH_RECLAIM_SHADOW_E020_132745356077,044490,태웅,NEW_WATCH_RECLAIM_SHADOW,v170_provisional_1,60.0,0.8298755186721992,0.42016806722689076,0.42016806722689076,0.9859154929577465,0.9859154929577465,1.1283497884344147,1.0051289159966732
2026-09-08 13:28:01.273,v1.7.1,20260908_047040_NEW_WATCH_RECLAIM_SHADOW_E025_132801261857,047040,대우건설,NEW_WATCH_RECLAIM_SHADOW,v170_provisional_1,63.0,2.8169014084507045,0.0,0.24213075060532688,0.0,0.0,0.0,1.000976106703048
2026-09-08 13:28:33.028,v1.7.1,20260908_047040_NEW_EARLY_ACCEL_SHADOW_E025_132833025666,047040,대우건설,NEW_EARLY_ACCEL_SHADOW,v170_provisional_1,63.0,2.5821596244131455,0.24154589371980675,0.24154589371980675,0.48426150121065376,0.24154589371980675,0.0,1.0008075388235504
2026-09-08 13:28:49.348,v1.7.1,20260908_044490_NEW_FIRST_PULLBACK_SHADOW_E020_132849319714,044490,태웅,NEW_FIRST_PULLBACK_SHADOW,v170_provisional_1,63.0,0.4149377593360996,0.0,0.0,0.41841004184100417,0.9817671809256662,1.2658227848101267,1.0153082333471246
2026-09-08 13:29:06.767,v1.7.1,20260908_062040_NEW_EARLY_ACCEL_SHADOW_E006_132906756431,062040,산일전기,NEW_EARLY_ACCEL_SHADOW,v170_provisional_1,71.0,0.23866348448687352,0.2398081534772182,0.2398081534772182,0.11976047904191617,0.0,0.966183574879227,1.0058815841066526
2026-09-08 13:29:06.774,v1.7.1,20260908_062040_NEW_WATCH_RECLAIM_SHADOW_E006_132906768392,062040,산일전기,NEW_WATCH_RECLAIM_SHADOW,v170_provisional_1,71.0,0.23866348448687352,0.2398081534772182,0.2398081534772182,0.11976047904191617,0.0,0.966183574879227,1.0058815841066526
2026-09-08 13:29:06.794,v1.7.1,20260908_047040_NEW_FIRST_PULLBACK_SHADOW_E025_132906789615,047040,대우건설,NEW_FIRST_PULLBACK_SHADOW,v170_provisional_1,63.0,2.5821596244131455,-0.2403846153846154,0.0,0.24154589371980675,0.24154589371980675,0.24154589371980675,1.001874090696126
2026-09-08 13:30:28.421,v1.7.1,20260908_062040_NEW_FIRST_PULLBACK_SHADOW_E006_133028417797,062040,산일전기,NEW_FIRST_PULLBACK_SHADOW,v170_provisional_1,71.0,0.47393364928909953,-0.23752969121140144,0.0,0.4784688995215311,0.7194244604316548,1.4492753623188406,1.0335774687754309
2026-09-08 13:30:28.449,v1.7.1,20260908_093370_NEW_WATCH_RECLAIM_SHADOW_E004_133028446365,093370,후성,NEW_WATCH_RECLAIM_SHADOW,v170_provisional_1,63.0,0.29433406916850624,0.07385524372230429,0.07385524372230429,-0.14738393515106854,-0.1841620626151013,0.07385524372230429,1.0020822323467014
2026-09-08 13:31:32.073,v1.7.1,20260908_093370_NEW_EARLY_ACCEL_SHADOW_E004_133132063240,093370,후성,NEW_EARLY_ACCEL_SHADOW,v170_provisional_1,63.0,0.22075055187637968,0.07380073800738007,0.07380073800738007,0.07380073800738007,0.0,-0.22075055187637968,1.0030156137241275
2026-09-08 13:31:32.081,v1.7.1,20260908_044490_NEW_WATCH_RECLAIM_SHADOW_E021_133132075842,044490,태웅,NEW_WATCH_RECLAIM_SHADOW,v170_provisional_1,60.0,0.9655172413793104,0.0,0.27932960893854747,-0.554016620498615,-0.6915629322268326,1.1267605633802817,1.0019579921680313
2026-09-08 13:32:34.908,v1.7.1,20260908_130660_NEW_EARLY_ACCEL_SHADOW_EPISODE_133234898477,130660,한전산업,NEW_EARLY_ACCEL_SHADOW,v170_provisional_1,52.0,2.198581560283688,1.2481644640234948,1.6212232866617537,1.7712177121771218,2.680565897244974,3.45086271567892,1.0413153158487904
2026-09-08 13:32:52.399,v1.7.1,20260908_130660_NEW_EARLY_ACCEL_SHADOW_E001_133252395102,130660,한전산업,NEW_EARLY_ACCEL_SHADOW,v170_provisional_1,63.0,1.773049645390071,0.43509789702683105,1.6886930983847284,1.8382352941176472,3.050595238095238,3.4353995519044065,1.0501937329288005
2026-09-08 13:32:52.403,v1.7.1,20260908_130660_NEW_WATCH_RECLAIM_SHADOW_E001_133252400339,130660,한전산업,NEW_WATCH_RECLAIM_SHADOW,v170_provisional_1,63.0,1.773049645390071,0.43509789702683105,1.6886930983847284,1.8382352941176472,3.050595238095238,3.4353995519044065,1.0501937329288005
2026-09-08 13:33:58.638,v1.7.1,20260908_130660_NEW_FIRST_PULLBACK_SHADOW_E001_133358631543,130660,한전산업,NEW_FIRST_PULLBACK_SHADOW,v170_provisional_1,68.0,1.266713581984518,-0.35511363636363635,-1.127554615926709,1.2996389891696751,3.389830508474576,4.467609828741623,1.138440140873928
2026-09-08 13:34:13.806,v1.7.1,20260908_044490_NEW_WATCH_RECLAIM_SHADOW_E022_133413789227,044490,태웅,NEW_WATCH_RECLAIM_SHADOW,v170_provisional_1,60.0,0.9655172413793104,0.1394700139470014,0.1394700139470014,0.0,-0.13908205841446453,-0.554016620498615,1.0010399150367288
2026-09-08 13:35:05.589,v1.7.1,20260908_044490_NEW_EARLY_ACCEL_SHADOW_E023_133505576788,044490,태웅,NEW_EARLY_ACCEL_SHADOW,v170_provisional_1,60.0,0.9655172413793104,0.27932960893854747,0.1394700139470014,0.1394700139470014,0.0,-0.13908205841446453,1.000707354273967
2026-09-08 13:35:05.593,v1.7.1,20260908_044490_NEW_WATCH_RECLAIM_SHADOW_E023_133505590863,044490,태웅,NEW_WATCH_RECLAIM_SHADOW,v170_provisional_1,60.0,0.9655172413793104,0.27932960893854747,0.1394700139470014,0.1394700139470014,0.0,-0.13908205841446453,1.000707354273967
2026-09-08 13:35:51.932,v1.7.1,20260908_044490_NEW_EARLY_ACCEL_SHADOW_E024_133551925125,044490,태웅,NEW_EARLY_ACCEL_SHADOW,v170_provisional_1,60.0,0.9655172413793104,0.1394700139470014,0.1394700139470014,0.27932960893854747,0.1394700139470014,-0.13908205841446453,1.0012591398086992
2026-09-08 13:35:51.935,v1.7.1,20260908_044490_NEW_WATCH_RECLAIM_SHADOW_E024_133551932540,044490,태웅,NEW_WATCH_RECLAIM_SHADOW,v170_provisional_1,60.0,0.9655172413793104,0.1394700139470014,0.1394700139470014,0.27932960893854747,0.1394700139470014,-0.13908205841446453,1.0012591398086992
2026-09-08 13:36:40.033,v1.7.1,20260908_044490_NEW_FIRST_PULLBACK_SHADOW_E024_133640021842,044490,태웅,NEW_FIRST_PULLBACK_SHADOW,v170_provisional_1,63.0,0.41379310344827586,0.0,-0.2762430939226519,0.697350069735007,0.8379888268156425,0.4172461752433936,1.0059594755661503
2026-09-08 13:36:55.452,v1.7.1,20260908_130660_NEW_FIRST_PULLBACK_SHADOW_EPISODE_133655443181,130660,한전산업,NEW_FIRST_PULLBACK_SHADOW,v170_provisional_1,57.0,1.0416666666666665,-0.41928721174004197,-0.41928721174004197,-0.27991602519244224,0.0702247191011236,5.0110537951363305,1.0297356041529138
2026-09-08 13:37:11.237,v1.7.1,20260908_000660_NEW_EARLY_ACCEL_SHADOW_E003_133711234340,000660,SK하이닉스,NEW_EARLY_ACCEL_SHADOW,v170_provisional_1,71.0,0.8470089994706195,0.05341880341880342,0.16042780748663102,0.05341880341880342,-0.26624068157614483,-0.5310674455655868,1.0046138136087492
2026-09-08 13:37:11.239,v1.7.1,20260908_000660_NEW_WATCH_RECLAIM_SHADOW_E003_133711237331,000660,SK하이닉스,NEW_WATCH_RECLAIM_SHADOW,v170_provisional_1,71.0,0.8470089994706195,0.05341880341880342,0.16042780748663102,0.05341880341880342,-0.26624068157614483,-0.5310674455655868,1.0046138136087492
2026-09-08 13:38:14.326,v1.7.1,20260908_222800_NEW_WATCH_RECLAIM_SHADOW_E015_133814316548,222800,심텍,NEW_WATCH_RECLAIM_SHADOW,v170_provisional_1,68.0,1.873536299765808,0.0,0.07961783439490447,0.3192338387869114,0.07961783439490447,-0.39619651347068147,1.0088603484089975
2026-09-08 13:38:31.947,v1.7.1,20260908_062040_NEW_EARLY_ACCEL_SHADOW_E008_133831934171,062040,산일전기,NEW_EARLY_ACCEL_SHADOW,v170_provisional_1,68.0,0.7109004739336493,0.4796163069544364,0.7211538461538461,0.4796163069544364,0.4796163069544364,0.0,1.0162204247588564
2026-09-08 13:38:31.952,v1.7.1,20260908_062040_NEW_WATCH_RECLAIM_SHADOW_E008_133831948632,062040,산일전기,NEW_WATCH_RECLAIM_SHADOW,v170_provisional_1,68.0,0.7109004739336493,0.4796163069544364,0.7211538461538461,0.4796163069544364,0.4796163069544364,0.0,1.0162204247588564
2026-09-08 13:38:31.958,v1.7.1,20260908_402340_NEW_EARLY_ACCEL_SHADOW_E008_133831955871,402340,SK스퀘어,NEW_EARLY_ACCEL_SHADOW,v170_provisional_1,68.0,1.4178482068390326,0.0846740050804403,0.1694915254237288,0.0846740050804403,0.3395585738539898,0.0,1.0226418277341303
2026-09-08 13:38:31.962,v1.7.1,20260908_402340_NEW_WATCH_RECLAIM_SHADOW_E008_133831958862,402340,SK스퀘어,NEW_WATCH_RECLAIM_SHADOW,v170_provisional_1,68.0,1.4178482068390326,0.0846740050804403,0.1694915254237288,0.0846740050804403,0.3395585738539898,0.0,1.0226418277341303
2026-09-08 13:38:47.253,v1.7.1,20260908_222800_NEW_EARLY_ACCEL_SHADOW_E015_133847246045,222800,심텍,NEW_EARLY_ACCEL_SHADOW,v170_provisional_1,68.0,1.795472287275566,0.07955449482895784,0.07955449482895784,0.15923566878980894,0.4792332268370607,0.0,1.0
2026-09-08 13:39:03.758,v1.7.1,20260908_402340_NEW_FIRST_PULLBACK_SHADOW_E008_133903750445,402340,SK스퀘어,NEW_FIRST_PULLBACK_SHADOW,v170_provisional_1,68.0,1.4178482068390326,0.0,0.0,0.1694915254237288,0.4248088360237893,0.0846740050804403,1.0
2026-09-08 13:39:54.964,v1.7.1,20260908_402340_NEW_WATCH_RECLAIM_SHADOW_E009_133954954009,402340,SK스퀘어,NEW_WATCH_RECLAIM_SHADOW,v170_provisional_1,68.0,1.4178482068390326,0.0846740050804403,0.0846740050804403,0.0,0.1694915254237288,0.0846740050804403,1.0018306858234336
2026-09-08 13:40:29.147,v1.7.1,20260908_062040_NEW_FIRST_PULLBACK_SHADOW_E008_134029137183,062040,산일전기,NEW_FIRST_PULLBACK_SHADOW,v170_provisional_1,71.0,0.47393364928909953,-0.23752969121140144,0.0,0.23866348448687352,0.23866348448687352,0.7194244604316548,1.0064740718728111
2026-09-08 13:40:29.165,v1.7.1,20260908_222800_NEW_EARLY_ACCEL_SHADOW_E017_134029159333,222800,심텍,NEW_EARLY_ACCEL_SHADOW,v170_provisional_1,68.0,1.795472287275566,0.07955449482895784,0.07955449482895784,0.07955449482895784,0.07955449482895784,0.07955449482895784,1.0011349015609448
2026-09-08 13:40:29.170,v1.7.1,20260908_222800_NEW_WATCH_RECLAIM_SHADOW_E017_134029166684,222800,심텍,NEW_WATCH_RECLAIM_SHADOW,v170_provisional_1,68.0,1.795472287275566,0.07955449482895784,0.07955449482895784,0.07955449482895784,0.07955449482895784,0.07955449482895784,1.0011349015609448
2026-09-08 13:41:16.400,v1.7.1,20260908_388050_NEW_EARLY_ACCEL_SHADOW_E010_134116390104,388050,지투파워,NEW_EARLY_ACCEL_SHADOW,v170_provisional_1,63.0,2.9508196721311477,1.023890784982935,1.8932874354561102,1.6309012875536482,1.36986301369863,1.8056749785038695,1.0027440559926362
2026-09-08 13:41:16.407,v1.7.1,20260908_388050_NEW_WATCH_RECLAIM_SHADOW_E010_134116401370,388050,지투파워,NEW_WATCH_RECLAIM_SHADOW,v170_provisional_1,63.0,2.9508196721311477,1.023890784982935,1.8932874354561102,1.6309012875536482,1.36986301369863,1.8056749785038695,1.0027440559926362
2026-09-08 13:41:33.262,v1.7.1,20260908_402340_NEW_EARLY_ACCEL_SHADOW_E010_134133258855,402340,SK스퀘어,NEW_EARLY_ACCEL_SHADOW,v170_provisional_1,68.0,1.4178482068390326,0.0846740050804403,0.0846740050804403,0.0846740050804403,0.0846740050804403,0.3395585738539898,1.0050698441796517
2026-09-08 13:41:33.265,v1.7.1,20260908_402340_NEW_WATCH_RECLAIM_SHADOW_E010_134133263544,402340,SK스퀘어,NEW_WATCH_RECLAIM_SHADOW,v170_provisional_1,68.0,1.4178482068390326,0.0846740050804403,0.0846740050804403,0.0846740050804403,0.0846740050804403,0.3395585738539898,1.0050698441796517
2026-09-08 13:41:33.281,v1.7.1,20260908_044490_NEW_WATCH_RECLAIM_SHADOW_E026_134133278068,044490,태웅,NEW_WATCH_RECLAIM_SHADOW,v170_provisional_1,60.0,0.9655172413793104,0.0,0.1394700139470014,0.1394700139470014,-0.13908205841446453,-0.554016620498615,1.0008294407822935
2026-09-08 13:41:49.293,v1.7.1,20260908_044490_NEW_EARLY_ACCEL_SHADOW_E026_134149287073,044490,태웅,NEW_EARLY_ACCEL_SHADOW,v170_provisional_1,60.0,0.6896551724137931,0.2785515320334262,0.2785515320334262,0.2785515320334262,0.2785515320334262,-0.2770083102493075,1.0010258425004366
2026-09-08 13:43:19.057,v1.7.1,20260908_402340_NEW_EARLY_ACCEL_SHADOW_E012_134319055296,402340,SK스퀘어,NEW_EARLY_ACCEL_SHADOW,v170_provisional_1,68.0,1.4178482068390326,0.0846740050804403,0.0846740050804403,0.1694915254237288,0.0846740050804403,0.0846740050804403,1.002537815934046
2026-09-08 13:43:19.061,v1.7.1,20260908_402340_NEW_WATCH_RECLAIM_SHADOW_E012_134319059035,402340,SK스퀘어,NEW_WATCH_RECLAIM_SHADOW,v170_provisional_1,68.0,1.4178482068390326,0.0846740050804403,0.0846740050804403,0.1694915254237288,0.0846740050804403,0.0846740050804403,1.002537815934046
2026-09-08 13:43:50.500,v1.7.1,20260908_222800_NEW_EARLY_ACCEL_SHADOW_E020_134350486563,222800,심텍,NEW_EARLY_ACCEL_SHADOW,v170_provisional_1,68.0,1.795472287275566,0.07955449482895784,0.07955449482895784,0.07955449482895784,0.07955449482895784,0.0,1.0019899474387743
2026-09-08 13:43:50.504,v1.7.1,20260908_222800_NEW_WATCH_RECLAIM_SHADOW_E020_134350501854,222800,심텍,NEW_WATCH_RECLAIM_SHADOW,v170_provisional_1,68.0,1.795472287275566,0.07955449482895784,0.07955449482895784,0.07955449482895784,0.07955449482895784,0.0,1.0019899474387743
2026-09-08 13:44:05.902,v1.7.1,20260908_402340_NEW_WATCH_RECLAIM_SHADOW_E013_134405898921,402340,SK스퀘어,NEW_WATCH_RECLAIM_SHADOW,v170_provisional_1,68.0,1.4178482068390326,0.0,0.0846740050804403,0.0846740050804403,0.1694915254237288,0.0,1.0043122475113524
2026-09-08 13:44:38.325,v1.7.1,20260908_222800_NEW_EARLY_ACCEL_SHADOW_E021_134438315645,222800,심텍,NEW_EARLY_ACCEL_SHADOW,v170_provisional_1,68.0,1.795472287275566,0.07955449482895784,0.07955449482895784,0.07955449482895784,0.07955449482895784,0.07955449482895784,1.000887804465596
2026-09-08 13:44:38.333,v1.7.1,20260908_222800_NEW_WATCH_RECLAIM_SHADOW_E021_134438326187,222800,심텍,NEW_WATCH_RECLAIM_SHADOW,v170_provisional_1,68.0,1.795472287275566,0.07955449482895784,0.07955449482895784,0.07955449482895784,0.07955449482895784,0.07955449482895784,1.000887804465596
2026-09-08 13:44:54.342,v1.7.1,20260908_402340_NEW_WATCH_RECLAIM_SHADOW_E014_134454328857,402340,SK스퀘어,NEW_WATCH_RECLAIM_SHADOW,v170_provisional_1,68.0,1.4178482068390326,0.0846740050804403,0.1694915254237288,0.0,0.0846740050804403,0.0,1.002005054711008
2026-09-08 13:45:09.841,v1.7.1,20260908_402340_NEW_EARLY_ACCEL_SHADOW_E014_134509834209,402340,SK스퀘어,NEW_EARLY_ACCEL_SHADOW,v170_provisional_1,68.0,1.3344453711426187,0.08460236886632826,0.1693480101608806,0.08460236886632826,0.1693480101608806,0.08460236886632826,1.0040630888468864
2026-09-08 13:45:09.848,v1.7.1,20260908_222800_NEW_FIRST_PULLBACK_SHADOW_E021_134509844119,222800,심텍,NEW_FIRST_PULLBACK_SHADOW,v170_provisional_1,68.0,1.795472287275566,0.07955449482895784,0.0,0.07955449482895784,0.07955449482895784,0.07955449482895784,1.0008933961125197
2026-09-08 13:45:25.837,v1.7.1,20260908_183300_NEW_EARLY_ACCEL_SHADOW_E001_134525835373,183300,코미코,NEW_EARLY_ACCEL_SHADOW,v170_provisional_1,60.0,0.5119453924914675,0.690846286701209,0.8650519031141869,0.690846286701209,0.8650519031141869,0.690846286701209,1.0110900906778002
2026-09-08 13:45:25.840,v1.7.1,20260908_183300_NEW_WATCH_RECLAIM_SHADOW_E001_134525838709,183300,코미코,NEW_WATCH_RECLAIM_SHADOW,v170_provisional_1,60.0,0.5119453924914675,0.690846286701209,0.8650519031141869,0.690846286701209,0.8650519031141869,0.690846286701209,1.0110900906778002
2026-09-08 13:45:25.845,v1.7.1,20260908_044490_NEW_FIRST_PULLBACK_SHADOW_E026_134525843827,044490,태웅,NEW_FIRST_PULLBACK_SHADOW,v170_provisional_1,60.0,0.8275862068965517,-0.27739251040221913,-0.1388888888888889,-0.1388888888888889,0.1392757660167131,0.2789400278940028,1.0010200759631036
2026-09-08 13:45:41.198,v1.7.1,20260908_402340_NEW_FIRST_PULLBACK_SHADOW_E014_134541196710,402340,SK스퀘어,NEW_FIRST_PULLBACK_SHADOW,v170_provisional_1,68.0,1.3344453711426187,-0.08445945945945946,0.0,0.1693480101608806,0.1693480101608806,0.1693480101608806,1.0041059193912691
2026-09-08 13:45:55.874,v1.7.1,20260908_000660_NEW_FIRST_PULLBACK_SHADOW_E003_134555858998,000660,SK하이닉스,NEW_FIRST_PULLBACK_SHADOW,v170_provisional_1,71.0,0.5558496559025939,-0.07978723404255318,-0.026609898882384245,0.07991475759190196,0.18666666666666668,0.240128068303095,1.0025511616582041
2026-09-08 13:46:12.055,v1.7.1,20260908_183300_NEW_FIRST_PULLBACK_SHADOW_E001_134612046183,183300,코미코,NEW_FIRST_PULLBACK_SHADOW,v170_provisional_1,60.0,0.5119453924914675,-0.17123287671232876,0.0,0.690846286701209,0.690846286701209,0.690846286701209,1.011805374380381
2026-09-08 13:49:43.762,v1.7.1,20260908_402340_NEW_EARLY_ACCEL_SHADOW_E015_134943758108,402340,SK스퀘어,NEW_EARLY_ACCEL_SHADOW,v170_provisional_1,68.0,1.3344453711426187,0.1693480101608806,0.1693480101608806,0.08460236886632826,-0.16877637130801687,0.1693480101608806,1.0014196300669929
2026-09-08 13:49:43.767,v1.7.1,20260908_402340_NEW_WATCH_RECLAIM_SHADOW_E015_134943763336,402340,SK스퀘어,NEW_WATCH_RECLAIM_SHADOW,v170_provisional_1,68.0,1.3344453711426187,0.1693480101608806,0.1693480101608806,0.08460236886632826,-0.16877637130801687,0.1693480101608806,1.0014196300669929
2026-09-08 13:49:43.776,v1.7.1,20260908_222800_NEW_WATCH_RECLAIM_SHADOW_E022_134943772305,222800,심텍,NEW_WATCH_RECLAIM_SHADOW,v170_provisional_1,68.0,1.717408274785324,0.15910898965791567,0.15910898965791567,0.0,0.0,0.0794912559618442,1.0007327987506383
2026-09-08 13:49:43.785,v1.7.1,20260908_028050_NEW_WATCH_RECLAIM_SHADOW_E023_134943782682,028050,삼성E&A,NEW_WATCH_RECLAIM_SHADOW,v170_provisional_1,63.0,2.3255813953488373,0.19880715705765406,0.19880715705765406,-0.19801980198019803,-0.19801980198019803,0.0,1.0018775352520766
2026-09-08 13:49:58.699,v1.7.1,20260908_044490_NEW_EARLY_ACCEL_SHADOW_E027_134958685518,044490,태웅,NEW_EARLY_ACCEL_SHADOW,v170_provisional_1,60.0,0.9655172413793104,0.27932960893854747,0.27932960893854747,0.4195804195804196,0.0,-0.2777777777777778,1.0021597805662945
2026-09-08 13:49:58.708,v1.7.1,20260908_044490_NEW_WATCH_RECLAIM_SHADOW_E027_134958700821,044490,태웅,NEW_WATCH_RECLAIM_SHADOW,v170_provisional_1,60.0,0.9655172413793104,0.27932960893854747,0.27932960893854747,0.4195804195804196,0.0,-0.2777777777777778,1.0021597805662945
2026-09-08 13:50:29.931,v1.7.1,20260908_222800_NEW_EARLY_ACCEL_SHADOW_E022_135029912943,222800,심텍,NEW_EARLY_ACCEL_SHADOW,v170_provisional_1,68.0,1.717408274785324,0.0794912559618442,0.0794912559618442,0.15910898965791567,0.0,0.0,1.000618358648016
2026-09-08 13:50:46.135,v1.7.1,20260908_249420_NEW_EARLY_ACCEL_SHADOW_E005_135046123731,249420,일동제약,NEW_EARLY_ACCEL_SHADOW,v170_provisional_1,61.0,2.2867737948084055,0.1266624445851805,0.1266624445851805,0.2536461636017755,0.44472681067344344,0.7648183556405354,1.042999676846017
2026-09-08 13:50:46.141,v1.7.1,20260908_249420_NEW_WATCH_RECLAIM_SHADOW_E005_135046136848,249420,일동제약,NEW_WATCH_RECLAIM_SHADOW,v170_provisional_1,61.0,2.2867737948084055,0.1266624445851805,0.1266624445851805,0.2536461636017755,0.44472681067344344,0.7648183556405354,1.042999676846017
2026-09-08 13:51:00.612,v1.7.1,20260908_028050_NEW_EARLY_ACCEL_SHADOW_E024_135100597836,028050,삼성E&A,NEW_EARLY_ACCEL_SHADOW,v170_provisional_1,63.0,2.3255813953488373,0.19880715705765406,0.19880715705765406,0.19880715705765406,0.19880715705765406,-0.3952569169960474,1.000555058743717
2026-09-08 13:51:00.615,v1.7.1,20260908_028050_NEW_WATCH_RECLAIM_SHADOW_E024_135100612039,028050,삼성E&A,NEW_WATCH_RECLAIM_SHADOW,v170_provisional_1,63.0,2.3255813953488373,0.19880715705765406,0.19880715705765406,0.19880715705765406,0.19880715705765406,-0.3952569169960474,1.000555058743717
2026-09-08 13:51:32.425,v1.7.1,20260908_044490_NEW_WATCH_RECLAIM_SHADOW_E029_135132405557,044490,태웅,NEW_WATCH_RECLAIM_SHADOW,v170_provisional_1,60.0,0.9655172413793104,0.4195804195804196,0.1394700139470014,0.0,0.27932960893854747,-0.13908205841446453,1.0012281571179247
2026-09-08 13:51:47.501,v1.7.1,20260908_044490_NEW_EARLY_ACCEL_SHADOW_E029_135147492925,044490,태웅,NEW_EARLY_ACCEL_SHADOW,v170_provisional_1,60.0,0.8275862068965517,0.1392757660167131,0.5594405594405595,0.2789400278940028,0.41899441340782123,0.1392757660167131,1.0015727335401585
2026-09-08 13:52:17.664,v1.7.1,20260908_028050_NEW_WATCH_RECLAIM_SHADOW_E026_135217654179,028050,삼성E&A,NEW_WATCH_RECLAIM_SHADOW,v170_provisional_1,63.0,2.3255813953488373,0.0,0.19880715705765406,0.19880715705765406,0.19880715705765406,-0.19801980198019803,1.0024963787098962
2026-09-08 13:52:48.315,v1.7.1,20260908_044490_NEW_WATCH_RECLAIM_SHADOW_E030_135248307572,044490,태웅,NEW_WATCH_RECLAIM_SHADOW,v170_provisional_1,60.0,0.9655172413793104,0.1394700139470014,0.1394700139470014,-0.13908205841446453,0.1394700139470014,0.0,1.0005377616210287
2026-09-08 13:54:53.784,v1.7.1,20260908_028050_NEW_EARLY_ACCEL_SHADOW_E027_135453774096,028050,삼성E&A,NEW_EARLY_ACCEL_SHADOW,v170_provisional_1,63.0,2.3255813953488373,0.19880715705765406,0.19880715705765406,0.19880715705765406,0.398406374501992,0.19880715705765406,1.0058949212985735
2026-09-08 13:54:53.791,v1.7.1,20260908_028050_NEW_WATCH_RECLAIM_SHADOW_E027_135453784312,028050,삼성E&A,NEW_WATCH_RECLAIM_SHADOW,v170_provisional_1,63.0,2.3255813953488373,0.19880715705765406,0.19880715705765406,0.19880715705765406,0.398406374501992,0.19880715705765406,1.0058949212985735
2026-09-08 13:55:09.914,v1.7.1,20260908_036930_NEW_WATCH_RECLAIM_SHADOW_E019_135509905727,036930,주성엔지니어링,NEW_WATCH_RECLAIM_SHADOW,v170_provisional_1,63.0,2.9940119760479043,0.24752475247524752,0.12360939431396785,0.0,-0.24630541871921183,-0.7352941176470588,1.003571588755043
2026-09-08 13:56:11.109,v1.7.1,20260908_036930_NEW_EARLY_ACCEL_SHADOW_E019_135611098258,036930,주성엔지니어링,NEW_EARLY_ACCEL_SHADOW,v170_provisional_1,63.0,2.754491017964072,0.24691358024691357,0.24691358024691357,0.24691358024691357,0.24691358024691357,-0.2457002457002457,1.0011643387731868
2026-09-08 13:57:09.883,v1.7.1,20260908_028050_NEW_EARLY_ACCEL_SHADOW_E028_135709875056,028050,삼성E&A,NEW_EARLY_ACCEL_SHADOW,v170_provisional_1,63.0,2.3255813953488373,0.398406374501992,0.398406374501992,0.19880715705765406,0.19880715705765406,0.0,1.0027506322633883
2026-09-08 13:57:09.889,v1.7.1,20260908_028050_NEW_WATCH_RECLAIM_SHADOW_E028_135709883697,028050,삼성E&A,NEW_WATCH_RECLAIM_SHADOW,v170_provisional_1,63.0,2.3255813953488373,0.398406374501992,0.398406374501992,0.19880715705765406,0.19880715705765406,0.0,1.0027506322633883
2026-09-08 13:57:09.896,v1.7.1,20260908_249420_NEW_EARLY_ACCEL_SHADOW_E006_135709893901,249420,일동제약,NEW_EARLY_ACCEL_SHADOW,v170_provisional_1,61.0,1.9468479604449938,0.12622278321236985,0.12622278321236985,0.1894537417113988,0.15782828282828282,0.5386565272496832,1.0008491585610622
2026-09-08 13:57:09.898,v1.7.1,20260908_249420_NEW_WATCH_RECLAIM_SHADOW_E006_135709896310,249420,일동제약,NEW_WATCH_RECLAIM_SHADOW,v170_provisional_1,61.0,1.9468479604449938,0.12622278321236985,0.12622278321236985,0.1894537417113988,0.15782828282828282,0.5386565272496832,1.0008491585610622
2026-09-08 13:57:40.326,v1.7.1,20260908_119850_NEW_EARLY_ACCEL_SHADOW_E001_135740317436,119850,지엔씨에너지,NEW_EARLY_ACCEL_SHADOW,v170_provisional_1,67.0,0.10649627263045794,0.6437768240343348,0.4282655246252677,0.9687836383207751,2.178649237472767,2.067464635473341,1.0
2026-09-08 13:57:40.331,v1.7.1,20260908_119850_NEW_WATCH_RECLAIM_SHADOW_E001_135740326076,119850,지엔씨에너지,NEW_WATCH_RECLAIM_SHADOW,v170_provisional_1,67.0,0.10649627263045794,0.6437768240343348,0.4282655246252677,0.9687836383207751,2.178649237472767,2.067464635473341,1.0
2026-09-08 13:57:40.343,v1.7.1,20260908_008930_NEW_EARLY_ACCEL_SHADOW_E001_135740339097,008930,한미사이언스,NEW_EARLY_ACCEL_SHADOW,v170_provisional_1,60.0,0.8389261744966443,0.1694915254237288,0.1694915254237288,0.1694915254237288,0.5102040816326531,1.3722126929674099,1.0363792005791532
2026-09-08 13:57:40.346,v1.7.1,20260908_008930_NEW_WATCH_RECLAIM_SHADOW_E001_135740343357,008930,한미사이언스,NEW_WATCH_RECLAIM_SHADOW,v170_provisional_1,60.0,0.8389261744966443,0.1694915254237288,0.1694915254237288,0.1694915254237288,0.5102040816326531,1.3722126929674099,1.0363792005791532
2026-09-08 13:57:56.022,v1.7.1,20260908_249420_NEW_FIRST_PULLBACK_SHADOW_E006_135756013785,249420,일동제약,NEW_FIRST_PULLBACK_SHADOW,v170_provisional_1,61.0,1.792336217552534,0.06297229219143577,-0.031456432840515886,0.15757957768673178,0.31565656565656564,0.6333122229259025,1.0029135392748953
2026-09-08 13:58:12.950,v1.7.1,20260908_119850_NEW_FIRST_PULLBACK_SHADOW_E001_135812938648,119850,지엔씨에너지,NEW_FIRST_PULLBACK_SHADOW,v170_provisional_1,71.0,0.42598509052183176,-0.10683760683760685,-0.31982942430703626,0.10706638115631692,1.6304347826086956,1.7410228509249184,1.0
2026-09-08 13:58:12.972,v1.7.1,20260908_008930_NEW_FIRST_PULLBACK_SHADOW_E002_135812964872,008930,한미사이언스,NEW_FIRST_PULLBACK_SHADOW,v170_provisional_1,60.0,0.8389261744966443,0.1694915254237288,0.0,0.1694915254237288,0.1694915254237288,1.3722126929674099,1.0105322600906659
2026-09-08 13:58:28.391,v1.7.1,20260908_028050_NEW_FIRST_PULLBACK_SHADOW_E029_135828381768,028050,삼성E&A,NEW_FIRST_PULLBACK_SHADOW,v170_provisional_1,63.0,2.5193798449612403,0.0,0.0,0.199203187250996,0.199203187250996,0.199203187250996,1.000790802360241
2026-09-08 13:58:28.400,v1.7.1,20260908_036930_NEW_FIRST_PULLBACK_SHADOW_E019_135828394669,036930,주성엔지니어링,NEW_FIRST_PULLBACK_SHADOW,v170_provisional_1,63.0,2.754491017964072,0.0,0.0,0.0,0.24691358024691357,0.24691358024691357,1.0017786788499128
2026-09-08 13:58:28.406,v1.7.1,20260908_008930_NEW_WATCH_RECLAIM_SHADOW_E002_135828404643,008930,한미사이언스,NEW_WATCH_RECLAIM_SHADOW,v170_provisional_1,60.0,0.8389261744966443,0.0,0.1694915254237288,0.1694915254237288,0.1694915254237288,0.6814310051107325,1.0103727177676407
2026-09-08 13:58:43.532,v1.7.1,20260908_042700_NEW_EARLY_ACCEL_SHADOW_E031_135843525138,042700,한미반도체,NEW_EARLY_ACCEL_SHADOW,v170_provisional_1,71.0,0.7843137254901961,0.19801980198019803,0.19801980198019803,0.19801980198019803,0.19801980198019803,0.0,1.0012775619087966
2026-09-08 13:58:43.538,v1.7.1,20260908_042700_NEW_WATCH_RECLAIM_SHADOW_E031_135843533962,042700,한미반도체,NEW_WATCH_RECLAIM_SHADOW,v170_provisional_1,71.0,0.7843137254901961,0.19801980198019803,0.19801980198019803,0.19801980198019803,0.19801980198019803,0.0,1.0012775619087966
2026-09-08 13:58:43.551,v1.7.1,20260908_008930_NEW_EARLY_ACCEL_SHADOW_E002_135843549861,008930,한미사이언스,NEW_EARLY_ACCEL_SHADOW,v170_provisional_1,60.0,0.6711409395973155,0.1692047377326565,0.1692047377326565,0.1692047377326565,0.3389830508474576,0.5093378607809848,1.0072205781080763
2026-09-08 13:59:28.191,v1.7.1,20260908_042700_NEW_EARLY_ACCEL_SHADOW_E032_135928180721,042700,한미반도체,NEW_EARLY_ACCEL_SHADOW,v170_provisional_1,71.0,0.7843137254901961,0.19801980198019803,0.19801980198019803,0.19801980198019803,0.19801980198019803,0.0,1.0032402412142796
2026-09-08 13:59:28.199,v1.7.1,20260908_042700_NEW_WATCH_RECLAIM_SHADOW_E032_135928191683,042700,한미반도체,NEW_WATCH_RECLAIM_SHADOW,v170_provisional_1,71.0,0.7843137254901961,0.19801980198019803,0.19801980198019803,0.19801980198019803,0.19801980198019803,0.0,1.0032402412142796
2026-09-08 13:59:58.993,v1.7.1,20260908_119850_NEW_EARLY_ACCEL_SHADOW_E002_135958967810,119850,지엔씨에너지,NEW_EARLY_ACCEL_SHADOW,v170_provisional_1,71.0,0.21299254526091588,0.7526881720430108,0.644468313641246,0.644468313641246,0.10683760683760685,2.0697167755991286,1.0305173265579788
2026-09-08 13:59:59.000,v1.7.1,20260908_119850_NEW_WATCH_RECLAIM_SHADOW_E002_135958994187,119850,지엔씨에너지,NEW_WATCH_RECLAIM_SHADOW,v170_provisional_1,71.0,0.21299254526091588,0.7526881720430108,0.644468313641246,0.644468313641246,0.10683760683760685,2.0697167755991286,1.0305173265579788
2026-09-08 14:00:16.432,v1.7.1,20260908_028050_NEW_EARLY_ACCEL_SHADOW_E031_140016420785,028050,삼성E&A,NEW_EARLY_ACCEL_SHADOW,v170_provisional_1,63.0,2.3255813953488373,0.19880715705765406,0.19880715705765406,0.19880715705765406,0.19880715705765406,0.19880715705765406,1.0026592511548749
2026-09-08 14:00:16.436,v1.7.1,20260908_028050_NEW_WATCH_RECLAIM_SHADOW_E031_140016432043,028050,삼성E&A,NEW_WATCH_RECLAIM_SHADOW,v170_provisional_1,63.0,2.3255813953488373,0.19880715705765406,0.19880715705765406,0.19880715705765406,0.19880715705765406,0.19880715705765406,1.0026592511548749
2026-09-08 14:00:30.911,v1.7.1,20260908_119850_NEW_FIRST_PULLBACK_SHADOW_E002_140030907031,119850,지엔씨에너지,NEW_FIRST_PULLBACK_SHADOW,v170_provisional_1,68.0,0.5324813631522897,-0.32017075773745995,-0.32017075773745995,0.322234156820623,0.322234156820623,1.7429193899782136,1.0372503352389018
2026-09-08 14:01:00.181,v1.7.1,20260908_028050_NEW_EARLY_ACCEL_SHADOW_E032_140100179162,028050,삼성E&A,NEW_EARLY_ACCEL_SHADOW,v170_provisional_1,63.0,2.3255813953488373,0.19880715705765406,0.398406374501992,0.19880715705765406,0.19880715705765406,0.19880715705765406,1.0027034621021695
2026-09-08 14:01:00.184,v1.7.1,20260908_028050_NEW_WATCH_RECLAIM_SHADOW_E032_140100182388,028050,삼성E&A,NEW_WATCH_RECLAIM_SHADOW,v170_provisional_1,63.0,2.3255813953488373,0.19880715705765406,0.398406374501992,0.19880715705765406,0.19880715705765406,0.19880715705765406,1.0027034621021695
2026-09-08 14:01:45.929,v1.7.1,20260908_317330_NEW_EARLY_ACCEL_SHADOW_EPISODE_140145887258,317330,덕산테코피아,NEW_EARLY_ACCEL_SHADOW,v170_provisional_1,52.0,2.9675638371290542,0.14245014245014245,0.5722460658082975,0.860832137733142,0.5722460658082975,0.9332376166547021,1.0024249519190567
2026-09-08 14:02:18.825,v1.7.1,20260908_452190_NEW_EARLY_ACCEL_SHADOW_EPISODE_140218812494,452190,한빛레이저,NEW_EARLY_ACCEL_SHADOW,v170_provisional_1,58.0,0.41279669762641896,2.00845665961945,1.9007391763463568,1.2591815320041972,1.685985247629083,5.81140350877193,1.0
2026-09-08 14:02:49.019,v1.7.1,20260908_036930_NEW_EARLY_ACCEL_SHADOW_E021_140249006821,036930,주성엔지니어링,NEW_EARLY_ACCEL_SHADOW,v170_provisional_1,63.0,2.9940119760479043,0.24752475247524752,0.24752475247524752,0.24752475247524752,0.0,-0.24630541871921183,1.0019481593855375
2026-09-08 14:02:49.027,v1.7.1,20260908_036930_NEW_WATCH_RECLAIM_SHADOW_E021_140249020093,036930,주성엔지니어링,NEW_WATCH_RECLAIM_SHADOW,v170_provisional_1,63.0,2.9940119760479043,0.24752475247524752,0.24752475247524752,0.24752475247524752,0.0,-0.24630541871921183,1.0019481593855375
2026-09-08 14:02:49.043,v1.7.1,20260908_452190_NEW_FIRST_PULLBACK_SHADOW_EPISODE_140249039516,452190,한빛레이저,NEW_FIRST_PULLBACK_SHADOW,v170_provisional_1,55.0,0.5159958720330238,0.7314524555903866,-0.10362694300518134,1.7951425554382259,2.2269353128313893,5.701754385964912,1.0
2026-09-08 14:02:49.050,v1.7.1,20260908_317330_NEW_FIRST_PULLBACK_SHADOW_EPISODE_140249046694,317330,덕산테코피아,NEW_FIRST_PULLBACK_SHADOW,v170_provisional_1,52.0,2.7950310559006213,0.10660980810234541,-0.1771793054571226,0.17780938833570412,1.0401721664275465,0.6790564689063616,1.0055055055055055
2026-09-08 14:03:36.333,v1.7.1,20260908_028050_NEW_EARLY_ACCEL_SHADOW_E035_140336323156,028050,삼성E&A,NEW_EARLY_ACCEL_SHADOW,v170_provisional_1,63.0,2.3255813953488373,0.19880715705765406,0.398406374501992,0.19880715705765406,0.19880715705765406,0.19880715705765406,1.003458584023915
2026-09-08 14:03:36.339,v1.7.1,20260908_028050_NEW_WATCH_RECLAIM_SHADOW_E035_140336333483,028050,삼성E&A,NEW_WATCH_RECLAIM_SHADOW,v170_provisional_1,63.0,2.3255813953488373,0.19880715705765406,0.398406374501992,0.19880715705765406,0.19880715705765406,0.19880715705765406,1.003458584023915
2026-09-08 14:03:53.993,v1.7.1,20260908_119850_NEW_EARLY_ACCEL_SHADOW_E003_140353974860,119850,지엔씨에너지,NEW_EARLY_ACCEL_SHADOW,v170_provisional_1,71.0,0.21299254526091588,0.4287245444801715,0.5364806866952789,0.7526881720430108,0.5364806866952789,0.644468313641246,1.0378994066735616
2026-09-08 14:03:53.999,v1.7.1,20260908_119850_NEW_WATCH_RECLAIM_SHADOW_E003_140353994416,119850,지엔씨에너지,NEW_WATCH_RECLAIM_SHADOW,v170_provisional_1,71.0,0.21299254526091588,0.4287245444801715,0.5364806866952789,0.7526881720430108,0.5364806866952789,0.644468313641246,1.0378994066735616
2026-09-08 14:03:54.016,v1.7.1,20260908_036930_NEW_WATCH_RECLAIM_SHADOW_E022_140354012870,036930,주성엔지니어링,NEW_WATCH_RECLAIM_SHADOW,v170_provisional_1,63.0,2.9940119760479043,0.49627791563275436,0.24752475247524752,0.0,0.24752475247524752,0.0,1.0010187017831933
2026-09-08 14:04:08.882,v1.7.1,20260908_028050_NEW_FIRST_PULLBACK_SHADOW_E036_140408880855,028050,삼성E&A,NEW_FIRST_PULLBACK_SHADOW,v170_provisional_1,63.0,2.3255813953488373,0.398406374501992,0.0,0.398406374501992,0.19880715705765406,0.19880715705765406,1.003799144814016
2026-09-08 14:04:24.589,v1.7.1,20260908_119850_NEW_FIRST_PULLBACK_SHADOW_E003_140424587585,119850,지엔씨에너지,NEW_FIRST_PULLBACK_SHADOW,v170_provisional_1,71.0,0.3191489361702127,-0.3191489361702127,0.0,0.5364806866952789,0.4287245444801715,0.644468313641246,1.0
2026-09-08 14:05:27.268,v1.7.1,20260908_249420_NEW_EARLY_ACCEL_SHADOW_E007_140527265849,249420,일동제약,NEW_EARLY_ACCEL_SHADOW,v170_provisional_1,61.0,1.9777503090234856,0.12626262626262627,0.2528445006321113,0.2528445006321113,0.18951358180669614,0.2528445006321113,1.0006511912970197
2026-09-08 14:05:27.272,v1.7.1,20260908_249420_NEW_WATCH_RECLAIM_SHADOW_E007_140527269967,249420,일동제약,NEW_WATCH_RECLAIM_SHADOW,v170_provisional_1,61.0,1.9777503090234856,0.12626262626262627,0.2528445006321113,0.2528445006321113,0.18951358180669614,0.2528445006321113,1.0006511912970197
2026-09-08 14:05:42.449,v1.7.1,20260908_263750_NEW_EARLY_ACCEL_SHADOW_EPISODE_140542436795,263750,펄어비스,NEW_EARLY_ACCEL_SHADOW,v170_provisional_1,58.0,0.13966480446927373,0.1400560224089636,0.1400560224089636,0.2805049088359046,0.1400560224089636,0.2805049088359046,1.0
2026-09-08 14:05:57.213,v1.7.1,20260908_452190_NEW_EARLY_ACCEL_SHADOW_E001_140557200971,452190,한빛레이저,NEW_EARLY_ACCEL_SHADOW,v170_provisional_1,63.0,1.6511867905056758,1.3829787234042552,2.3630504833512354,3.474484256243214,-0.41797283176593525,1.2752391073326248,1.0538827950880567
2026-09-08 14:05:57.216,v1.7.1,20260908_452190_NEW_WATCH_RECLAIM_SHADOW_E001_140557213606,452190,한빛레이저,NEW_WATCH_RECLAIM_SHADOW,v170_provisional_1,63.0,1.6511867905056758,1.3829787234042552,2.3630504833512354,3.474484256243214,-0.41797283176593525,1.2752391073326248,1.0538827950880567
2026-09-08 14:06:43.402,v1.7.1,20260908_263750_NEW_FIRST_PULLBACK_SHADOW_EPISODE_140643400465,263750,펄어비스,NEW_FIRST_PULLBACK_SHADOW,v170_provisional_1,58.0,0.1394700139470014,-0.1394700139470014,0.0,0.13986013986013987,0.42075736325385693,0.5617977528089888,1.0086614565184928
2026-09-08 14:07:00.979,v1.7.1,20260908_249420_NEW_EARLY_ACCEL_SHADOW_E008_140700966417,249420,일동제약,NEW_EARLY_ACCEL_SHADOW,v170_provisional_1,61.0,1.9159456118665017,0.12618296529968456,0.12618296529968456,0.2526847757422615,0.31605562579013907,0.506649778340722,1.0006886130186117
2026-09-08 14:07:00.983,v1.7.1,20260908_249420_NEW_WATCH_RECLAIM_SHADOW_E008_140700979607,249420,일동제약,NEW_WATCH_RECLAIM_SHADOW,v170_provisional_1,61.0,1.9159456118665017,0.12618296529968456,0.12618296529968456,0.2526847757422615,0.31605562579013907,0.506649778340722,1.0006886130186117
2026-09-08 14:07:16.919,v1.7.1,20260908_263750_NEW_EARLY_ACCEL_SHADOW_E001_140716905150,263750,펄어비스,NEW_EARLY_ACCEL_SHADOW,v170_provisional_1,63.0,0.06944444444444445,0.3486750348675035,0.4888268156424581,0.4888268156424581,0.7703081232492998,1.1954992967651195,1.0480249789364127
2026-09-08 14:07:16.923,v1.7.1,20260908_263750_NEW_WATCH_RECLAIM_SHADOW_E001_140716919374,263750,펄어비스,NEW_WATCH_RECLAIM_SHADOW,v170_provisional_1,63.0,0.06944444444444445,0.3486750348675035,0.4888268156424581,0.4888268156424581,0.7703081232492998,1.1954992967651195,1.0480249789364127
2026-09-08 14:07:45.981,v1.7.1,20260908_263750_NEW_FIRST_PULLBACK_SHADOW_E001_140745969098,263750,펄어비스,NEW_FIRST_PULLBACK_SHADOW,v170_provisional_1,69.0,0.2777777777777778,0.0,-0.20847810979847115,0.27932960893854747,0.4195804195804196,0.7012622720897616,1.0554705621082763
2026-09-08 14:08:02.157,v1.7.1,20260908_119850_NEW_WATCH_RECLAIM_SHADOW_E004_140802154811,119850,지엔씨에너지,NEW_WATCH_RECLAIM_SHADOW,v170_provisional_1,68.0,0.5307855626326964,0.0,0.32119914346895073,-0.3191489361702127,-0.10660980810234541,1.2972972972972971,1.0064084110394893
2026-09-08 14:08:02.161,v1.7.1,20260908_052690_NEW_EARLY_ACCEL_SHADOW_E015_140802159160,052690,한전기술,NEW_EARLY_ACCEL_SHADOW,v170_provisional_1,63.0,2.8120713305898493,0.28308563340410475,0.21216407355021216,0.07062146892655367,0.1413427561837456,-0.5614035087719298,1.0021546173289495
2026-09-08 14:08:02.163,v1.7.1,20260908_052690_NEW_WATCH_RECLAIM_SHADOW_E015_140802162282,052690,한전기술,NEW_WATCH_RECLAIM_SHADOW,v170_provisional_1,63.0,2.8120713305898493,0.28308563340410475,0.21216407355021216,0.07062146892655367,0.1413427561837456,-0.5614035087719298,1.0021546173289495
2026-09-08 14:08:02.170,v1.7.1,20260908_000990_NEW_EARLY_ACCEL_SHADOW_E013_140802166784,000990,DB하이텍,NEW_EARLY_ACCEL_SHADOW,v170_provisional_1,63.0,2.914389799635701,0.18796992481203006,0.18796992481203006,0.09389671361502347,-0.18726591760299627,-0.2806361085126286,1.001560561290405
2026-09-08 14:08:02.172,v1.7.1,20260908_000990_NEW_WATCH_RECLAIM_SHADOW_E013_140802170929,000990,DB하이텍,NEW_WATCH_RECLAIM_SHADOW,v170_provisional_1,63.0,2.914389799635701,0.18796992481203006,0.18796992481203006,0.09389671361502347,-0.18726591760299627,-0.2806361085126286,1.001560561290405
2026-09-08 14:08:18.350,v1.7.1,20260908_249420_NEW_WATCH_RECLAIM_SHADOW_E009_140818347107,249420,일동제약,NEW_WATCH_RECLAIM_SHADOW,v170_provisional_1,61.0,1.9159456118665017,0.12618296529968456,0.12618296529968456,0.0,0.12618296529968456,0.2526847757422615,1.0021594557407125
2026-09-08 14:08:47.597,v1.7.1,20260908_249420_NEW_FIRST_PULLBACK_SHADOW_E009_140847584198,249420,일동제약,NEW_FIRST_PULLBACK_SHADOW,v170_provisional_1,61.0,1.9777503090234856,0.0,-0.0630119722747322,0.06309148264984228,0.06309148264984228,0.2528445006321113,1.002465125167208
2026-09-08 14:11:38.446,v1.7.1,20260908_008930_NEW_EARLY_ACCEL_SHADOW_E003_141138436807,008930,한미사이언스,NEW_EARLY_ACCEL_SHADOW,v170_provisional_1,61.0,1.639344262295082,0.6711409395973155,0.1669449081803005,0.1669449081803005,-0.4975124378109453,-1.1532125205930808,1.0075968433805953
2026-09-08 14:11:38.449,v1.7.1,20260908_008930_NEW_WATCH_RECLAIM_SHADOW_E003_141138446557,008930,한미사이언스,NEW_WATCH_RECLAIM_SHADOW,v170_provisional_1,61.0,1.639344262295082,0.6711409395973155,0.1669449081803005,0.1669449081803005,-0.4975124378109453,-1.1532125205930808,1.0075968433805953
2026-09-08 14:11:38.454,v1.7.1,20260908_183300_NEW_EARLY_ACCEL_SHADOW_E002_141138452039,183300,코미코,NEW_EARLY_ACCEL_SHADOW,v170_provisional_1,60.0,0.8517887563884157,1.5706806282722512,1.5706806282722512,1.7482517482517483,1.7482517482517483,1.2173913043478262,1.0022358521920416
2026-09-08 14:11:38.457,v1.7.1,20260908_183300_NEW_WATCH_RECLAIM_SHADOW_E002_141138455029,183300,코미코,NEW_WATCH_RECLAIM_SHADOW,v170_provisional_1,60.0,0.8517887563884157,1.5706806282722512,1.5706806282722512,1.7482517482517483,1.7482517482517483,1.2173913043478262,1.0022358521920416
2026-09-08 14:11:53.247,v1.7.1,20260908_052690_NEW_EARLY_ACCEL_SHADOW_E016_141153228460,052690,한전기술,NEW_EARLY_ACCEL_SHADOW,v170_provisional_1,63.0,2.8120713305898493,0.28308563340410475,0.28308563340410475,0.3541076487252125,0.3541076487252125,0.07062146892655367,1.001479005699196
2026-09-08 14:11:53.252,v1.7.1,20260908_052690_NEW_WATCH_RECLAIM_SHADOW_E016_141153247649,052690,한전기술,NEW_WATCH_RECLAIM_SHADOW,v170_provisional_1,63.0,2.8120713305898493,0.28308563340410475,0.28308563340410475,0.3541076487252125,0.3541076487252125,0.07062146892655367,1.001479005699196
2026-09-08 14:12:07.100,v1.7.1,20260908_183300_NEW_FIRST_PULLBACK_SHADOW_E003_141207092877,183300,코미코,NEW_FIRST_PULLBACK_SHADOW,v170_provisional_1,60.0,0.8517887563884157,0.17211703958691912,0.0,1.5706806282722512,1.926444833625219,1.0416666666666665,1.009545097565396
2026-09-08 14:12:23.714,v1.7.1,20260908_183300_NEW_EARLY_ACCEL_SHADOW_E003_141223704649,183300,코미코,NEW_EARLY_ACCEL_SHADOW,v170_provisional_1,60.0,0.6814310051107325,0.1718213058419244,0.34423407917383825,0.1718213058419244,1.9230769230769231,1.215277777777778,1.0119565217391304
2026-09-08 14:12:23.720,v1.7.1,20260908_183300_NEW_WATCH_RECLAIM_SHADOW_E003_141223715231,183300,코미코,NEW_WATCH_RECLAIM_SHADOW,v170_provisional_1,60.0,0.6814310051107325,0.1718213058419244,0.34423407917383825,0.1718213058419244,1.9230769230769231,1.215277777777778,1.0119565217391304
2026-09-08 14:12:55.254,v1.7.1,20260908_000990_NEW_EARLY_ACCEL_SHADOW_E014_141255241336,000990,DB하이텍,NEW_EARLY_ACCEL_SHADOW,v170_provisional_1,63.0,2.823315118397086,0.4708097928436911,0.5655042412818096,0.7554296506137866,0.6603773584905661,0.09380863039399624,1.0017019655161465
2026-09-08 14:12:55.260,v1.7.1,20260908_000990_NEW_WATCH_RECLAIM_SHADOW_E014_141255256080,000990,DB하이텍,NEW_WATCH_RECLAIM_SHADOW,v170_provisional_1,63.0,2.823315118397086,0.4708097928436911,0.5655042412818096,0.7554296506137866,0.6603773584905661,0.09380863039399624,1.0017019655161465
2026-09-08 14:13:09.950,v1.7.1,20260908_008930_NEW_EARLY_ACCEL_SHADOW_E005_141309947542,008930,한미사이언스,NEW_EARLY_ACCEL_SHADOW,v170_provisional_1,61.0,1.8032786885245904,0.2510460251046025,0.33500837520938026,0.33500837520938026,0.5033557046979865,-1.3179571663920924,1.0057225994180408
2026-09-08 14:13:09.953,v1.7.1,20260908_008930_NEW_WATCH_RECLAIM_SHADOW_E005_141309950627,008930,한미사이언스,NEW_WATCH_RECLAIM_SHADOW,v170_provisional_1,61.0,1.8032786885245904,0.2510460251046025,0.33500837520938026,0.33500837520938026,0.5033557046979865,-1.3179571663920924,1.0057225994180408
2026-09-08 14:13:42.349,v1.7.1,20260908_052690_NEW_FIRST_PULLBACK_SHADOW_E016_141342338473,052690,한전기술,NEW_FIRST_PULLBACK_SHADOW,v170_provisional_1,63.0,2.3319615912208507,0.0,0.0,0.14064697609001406,0.4940014114326041,0.5649717514124294,1.0013644363875491
2026-09-08 14:13:42.358,v1.7.1,20260908_000990_NEW_EARLY_ACCEL_SHADOW_E015_141342352578,000990,DB하이텍,NEW_EARLY_ACCEL_SHADOW,v170_provisional_1,63.0,2.73224043715847,0.28169014084507044,0.28169014084507044,0.5649717514124294,0.84985835694051,0.4703668861712135,1.0019164990258855
2026-09-08 14:13:42.362,v1.7.1,20260908_000990_NEW_WATCH_RECLAIM_SHADOW_E015_141342358556,000990,DB하이텍,NEW_WATCH_RECLAIM_SHADOW,v170_provisional_1,63.0,2.73224043715847,0.28169014084507044,0.28169014084507044,0.5649717514124294,0.84985835694051,0.4703668861712135,1.0019164990258855
2026-09-08 14:14:14.150,v1.7.1,20260908_015760_NEW_EARLY_ACCEL_SHADOW_E001_141414148607,015760,한국전력,NEW_EARLY_ACCEL_SHADOW,v170_provisional_1,74.0,0.0,0.2911208151382824,0.2911208151382824,0.7309941520467835,0.7309941520467835,1.3235294117647058,1.0
2026-09-08 14:14:14.152,v1.7.1,20260908_015760_NEW_WATCH_RECLAIM_SHADOW_E001_141414150694,015760,한국전력,NEW_WATCH_RECLAIM_SHADOW,v170_provisional_1,74.0,0.0,0.2911208151382824,0.2911208151382824,0.7309941520467835,0.7309941520467835,1.3235294117647058,1.0
2026-09-08 14:14:14.160,v1.7.1,20260908_000990_NEW_FIRST_PULLBACK_SHADOW_E015_141414159067,000990,DB하이텍,NEW_FIRST_PULLBACK_SHADOW,v170_provisional_1,63.0,2.823315118397086,-0.09363295880149813,-0.09363295880149813,0.18779342723004694,0.37629350893697083,0.4708097928436911,1.0010582077635697
2026-09-08 14:14:29.327,v1.7.1,20260908_028050_NEW_EARLY_ACCEL_SHADOW_E039_141429318748,028050,삼성E&A,NEW_EARLY_ACCEL_SHADOW,v170_provisional_1,63.0,2.5193798449612403,0.199203187250996,0.09950248756218905,0.39920159680638717,0.199203187250996,0.199203187250996,1.0204527477494445
2026-09-08 14:14:29.334,v1.7.1,20260908_028050_NEW_WATCH_RECLAIM_SHADOW_E039_141429328245,028050,삼성E&A,NEW_WATCH_RECLAIM_SHADOW,v170_provisional_1,63.0,2.5193798449612403,0.199203187250996,0.09950248756218905,0.39920159680638717,0.199203187250996,0.199203187250996,1.0204527477494445
2026-09-08 14:15:15.384,v1.7.1,20260908_015760_NEW_FIRST_PULLBACK_SHADOW_E001_141515372103,015760,한국전력,NEW_FIRST_PULLBACK_SHADOW,v170_provisional_1,74.0,0.1445086705202312,0.14492753623188406,0.0,0.29027576197387517,1.023391812865497,1.3939838591342628,1.0381619436325946
2026-09-08 14:15:31.841,v1.7.1,20260908_047040_NEW_EARLY_ACCEL_SHADOW_E026_141531830384,047040,대우건설,NEW_EARLY_ACCEL_SHADOW,v170_provisional_1,63.0,2.8169014084507045,0.24213075060532688,0.24213075060532688,0.48543689320388345,0.975609756097561,0.975609756097561,1.002120482733959
2026-09-08 14:15:31.848,v1.7.1,20260908_047040_NEW_WATCH_RECLAIM_SHADOW_E026_141531842298,047040,대우건설,NEW_WATCH_RECLAIM_SHADOW,v170_provisional_1,63.0,2.8169014084507045,0.24213075060532688,0.24213075060532688,0.48543689320388345,0.975609756097561,0.975609756097561,1.002120482733959
2026-09-08 14:15:31.860,v1.7.1,20260908_028050_NEW_FIRST_PULLBACK_SHADOW_E040_141531853865,028050,삼성E&A,NEW_FIRST_PULLBACK_SHADOW,v170_provisional_1,63.0,2.3255813953488373,0.19880715705765406,0.0,0.19880715705765406,0.5988023952095809,0.5988023952095809,1.0030783995275359
2026-09-08 14:15:47.375,v1.7.1,20260908_028050_NEW_WATCH_RECLAIM_SHADOW_E040_141547370644,028050,삼성E&A,NEW_WATCH_RECLAIM_SHADOW,v170_provisional_1,63.0,2.3255813953488373,0.0,0.19880715705765406,0.19880715705765406,0.398406374501992,0.8,1.0031370638558574
2026-09-08 14:16:03.400,v1.7.1,20260908_000990_NEW_EARLY_ACCEL_SHADOW_E016_141603397694,000990,DB하이텍,NEW_EARLY_ACCEL_SHADOW,v170_provisional_1,63.0,2.823315118397086,0.18779342723004694,0.09380863039399624,0.09380863039399624,-0.09363295880149813,0.7554296506137866,1.0009047025553102
2026-09-08 14:16:03.405,v1.7.1,20260908_000990_NEW_WATCH_RECLAIM_SHADOW_E016_141603401883,000990,DB하이텍,NEW_WATCH_RECLAIM_SHADOW,v170_provisional_1,63.0,2.823315118397086,0.18779342723004694,0.09380863039399624,0.09380863039399624,-0.09363295880149813,0.7554296506137866,1.0009047025553102
2026-09-08 14:16:18.299,v1.7.1,20260908_047040_NEW_FIRST_PULLBACK_SHADOW_E027_141618296498,047040,대우건설,NEW_FIRST_PULLBACK_SHADOW,v170_provisional_1,63.0,2.8169014084507045,0.24213075060532688,0.0,0.24213075060532688,0.48543689320388345,1.4705882352941175,1.0014340404036186
2026-09-08 14:16:18.303,v1.7.1,20260908_028050_NEW_FIRST_PULLBACK_SHADOW_E041_141618301382,028050,삼성E&A,NEW_FIRST_PULLBACK_SHADOW,v170_provisional_1,63.0,2.5193798449612403,0.0,-0.1984126984126984,0.0,0.199203187250996,0.39920159680638717,1.0035349509977565
2026-09-08 14:16:33.776,v1.7.1,20260908_047040_NEW_WATCH_RECLAIM_SHADOW_E027_141633753613,047040,대우건설,NEW_WATCH_RECLAIM_SHADOW,v170_provisional_1,63.0,2.8169014084507045,0.0,0.24213075060532688,0.0,0.48543689320388345,1.4705882352941175,1.0016360362014745
2026-09-08 14:16:49.735,v1.7.1,20260908_000990_NEW_EARLY_ACCEL_SHADOW_E017_141649728079,000990,DB하이텍,NEW_EARLY_ACCEL_SHADOW,v170_provisional_1,63.0,2.823315118397086,0.09380863039399624,0.18779342723004694,0.18779342723004694,0.0,0.7554296506137866,1.0006765771519264
2026-09-08 14:16:49.742,v1.7.1,20260908_000990_NEW_WATCH_RECLAIM_SHADOW_E017_141649735414,000990,DB하이텍,NEW_WATCH_RECLAIM_SHADOW,v170_provisional_1,63.0,2.823315118397086,0.09380863039399624,0.18779342723004694,0.18779342723004694,0.0,0.7554296506137866,1.0006765771519264
2026-09-08 14:17:06.119,v1.7.1,20260908_028050_NEW_EARLY_ACCEL_SHADOW_E042_141706116484,028050,삼성E&A,NEW_EARLY_ACCEL_SHADOW,v170_provisional_1,63.0,2.3255813953488373,0.19880715705765406,0.19880715705765406,0.19880715705765406,0.0,0.5988023952095809,1.001523156392106
2026-09-08 14:17:06.123,v1.7.1,20260908_028050_NEW_WATCH_RECLAIM_SHADOW_E042_141706120472,028050,삼성E&A,NEW_WATCH_RECLAIM_SHADOW,v170_provisional_1,63.0,2.3255813953488373,0.19880715705765406,0.19880715705765406,0.19880715705765406,0.0,0.5988023952095809,1.001523156392106
2026-09-08 14:17:20.853,v1.7.1,20260908_047040_NEW_FIRST_PULLBACK_SHADOW_E028_141720843337,047040,대우건설,NEW_FIRST_PULLBACK_SHADOW,v170_provisional_1,63.0,2.8169014084507045,0.24213075060532688,0.0,0.0,0.24213075060532688,0.975609756097561,1.0017092128657872
2026-09-08 14:17:20.866,v1.7.1,20260908_008930_NEW_EARLY_ACCEL_SHADOW_E006_141720859361,008930,한미사이언스,NEW_EARLY_ACCEL_SHADOW,v170_provisional_1,61.0,1.9672131147540985,0.8431703204047217,0.6734006734006733,0.33557046979865773,0.5042016806722689,0.0,1.005308476182953
2026-09-08 14:17:20.870,v1.7.1,20260908_008930_NEW_WATCH_RECLAIM_SHADOW_E006_141720867257,008930,한미사이언스,NEW_WATCH_RECLAIM_SHADOW,v170_provisional_1,61.0,1.9672131147540985,0.8431703204047217,0.6734006734006733,0.33557046979865773,0.5042016806722689,0.0,1.005308476182953
2026-09-08 14:17:37.484,v1.7.1,20260908_047040_NEW_WATCH_RECLAIM_SHADOW_E028_141737481013,047040,대우건설,NEW_WATCH_RECLAIM_SHADOW,v170_provisional_1,63.0,2.8169014084507045,0.0,0.24213075060532688,0.0,0.0,1.2224938875305624,1.0013083578650432
2026-09-08 14:17:51.911,v1.7.1,20260908_028050_NEW_WATCH_RECLAIM_SHADOW_E043_141751903855,028050,삼성E&A,NEW_WATCH_RECLAIM_SHADOW,v170_provisional_1,63.0,2.3255813953488373,0.0,0.19880715705765406,0.19880715705765406,0.0,0.398406374501992,1.0014928336630313
2026-09-08 14:18:08.256,v1.7.1,20260908_000990_NEW_WATCH_RECLAIM_SHADOW_E018_141808245494,000990,DB하이텍,NEW_WATCH_RECLAIM_SHADOW,v170_provisional_1,63.0,2.914389799635701,0.09389671361502347,0.09389671361502347,0.0,-0.09372071227741331,0.09389671361502347,1.0007075263111347
2026-09-08 14:18:08.269,v1.7.1,20260908_036930_NEW_EARLY_ACCEL_SHADOW_E025_141808262620,036930,주성엔지니어링,NEW_EARLY_ACCEL_SHADOW,v170_provisional_1,63.0,2.9940119760479043,0.24752475247524752,0.24752475247524752,0.49627791563275436,0.37174721189591076,0.49627791563275436,1.0022418490518377
2026-09-08 14:18:08.272,v1.7.1,20260908_036930_NEW_WATCH_RECLAIM_SHADOW_E025_141808269414,036930,주성엔지니어링,NEW_WATCH_RECLAIM_SHADOW,v170_provisional_1,63.0,2.9940119760479043,0.24752475247524752,0.24752475247524752,0.49627791563275436,0.37174721189591076,0.49627791563275436,1.0022418490518377
2026-09-08 14:19:12.139,v1.7.1,20260908_047040_NEW_EARLY_ACCEL_SHADOW_E029_141912128868,047040,대우건설,NEW_EARLY_ACCEL_SHADOW,v170_provisional_1,63.0,2.5821596244131455,0.48426150121065376,0.24154589371980675,0.24154589371980675,0.48426150121065376,0.7281553398058253,1.001607951141583
2026-09-08 14:19:12.148,v1.7.1,20260908_047040_NEW_WATCH_RECLAIM_SHADOW_E029_141912140493,047040,대우건설,NEW_WATCH_RECLAIM_SHADOW,v170_provisional_1,63.0,2.5821596244131455,0.48426150121065376,0.24154589371980675,0.24154589371980675,0.48426150121065376,0.7281553398058253,1.001607951141583
2026-09-08 14:19:26.525,v1.7.1,20260908_008930_NEW_EARLY_ACCEL_SHADOW_E007_141926510174,008930,한미사이언스,NEW_EARLY_ACCEL_SHADOW,v170_provisional_1,61.0,1.8032786885245904,0.33500837520938026,0.5877413937867338,0.33500837520938026,0.16722408026755853,0.8417508417508417,1.004177357782089
2026-09-08 14:19:26.531,v1.7.1,20260908_008930_NEW_WATCH_RECLAIM_SHADOW_E007_141926526498,008930,한미사이언스,NEW_WATCH_RECLAIM_SHADOW,v170_provisional_1,61.0,1.8032786885245904,0.33500837520938026,0.5877413937867338,0.33500837520938026,0.16722408026755853,0.8417508417508417,1.004177357782089
2026-09-08 14:19:43.031,v1.7.1,20260908_044490_NEW_EARLY_ACCEL_SHADOW_E031_141943029232,044490,태웅,NEW_EARLY_ACCEL_SHADOW,v170_provisional_1,60.0,0.9655172413793104,0.1394700139470014,0.1394700139470014,0.27932960893854747,0.4195804195804196,0.5602240896358543,1.0010783236215084
2026-09-08 14:19:43.034,v1.7.1,20260908_044490_NEW_WATCH_RECLAIM_SHADOW_E031_141943032364,044490,태웅,NEW_WATCH_RECLAIM_SHADOW,v170_provisional_1,60.0,0.9655172413793104,0.1394700139470014,0.1394700139470014,0.27932960893854747,0.4195804195804196,0.5602240896358543,1.0010783236215084
2026-09-08 14:19:57.101,v1.7.1,20260908_028050_NEW_EARLY_ACCEL_SHADOW_E046_141957092708,028050,삼성E&A,NEW_EARLY_ACCEL_SHADOW,v170_provisional_1,63.0,2.3255813953488373,0.19880715705765406,0.19880715705765406,0.19880715705765406,0.0,0.0,1.0012399210559138
2026-09-08 14:19:57.106,v1.7.1,20260908_028050_NEW_WATCH_RECLAIM_SHADOW_E046_141957101656,028050,삼성E&A,NEW_WATCH_RECLAIM_SHADOW,v170_provisional_1,63.0,2.3255813953488373,0.19880715705765406,0.19880715705765406,0.19880715705765406,0.0,0.0,1.0012399210559138
2026-09-08 14:19:57.113,v1.7.1,20260908_008930_NEW_FIRST_PULLBACK_SHADOW_E007_141957110075,008930,한미사이언스,NEW_FIRST_PULLBACK_SHADOW,v170_provisional_1,61.0,1.8032786885245904,0.0,0.0,0.5877413937867338,0.5033557046979865,0.5033557046979865,1.0078340005003752
2026-09-08 14:20:13.010,v1.7.1,20260908_000990_NEW_WATCH_RECLAIM_SHADOW_E019_142013007686,000990,DB하이텍,NEW_WATCH_RECLAIM_SHADOW,v170_provisional_1,63.0,2.914389799635701,0.09389671361502347,0.09389671361502347,0.0,0.0,0.0,1.0009206709547231
2026-09-08 14:20:13.017,v1.7.1,20260908_036930_NEW_EARLY_ACCEL_SHADOW_E026_142013014538,036930,주성엔지니어링,NEW_EARLY_ACCEL_SHADOW,v170_provisional_1,63.0,2.9940119760479043,0.24752475247524752,0.24752475247524752,0.24752475247524752,0.0,0.24752475247524752,1.0014994323738016
2026-09-08 14:20:13.020,v1.7.1,20260908_036930_NEW_WATCH_RECLAIM_SHADOW_E026_142013017679,036930,주성엔지니어링,NEW_WATCH_RECLAIM_SHADOW,v170_provisional_1,63.0,2.9940119760479043,0.24752475247524752,0.24752475247524752,0.24752475247524752,0.0,0.24752475247524752,1.0014994323738016
2026-09-08 14:20:13.029,v1.7.1,20260908_044490_NEW_FIRST_PULLBACK_SHADOW_E032_142013026227,044490,태웅,NEW_FIRST_PULLBACK_SHADOW,v170_provisional_1,60.0,0.9655172413793104,0.1394700139470014,0.0,0.1394700139470014,0.27932960893854747,0.5602240896358543,1.001181567546278
2026-09-08 14:20:28.719,v1.7.1,20260908_028050_NEW_EARLY_ACCEL_SHADOW_E047_142028717459,028050,삼성E&A,NEW_EARLY_ACCEL_SHADOW,v170_provisional_1,63.0,2.131782945736434,0.3976143141153081,0.1984126984126984,0.3976143141153081,0.3976143141153081,0.1984126984126984,1.0015244684515652
2026-09-08 14:20:28.721,v1.7.1,20260908_028050_NEW_WATCH_RECLAIM_SHADOW_E047_142028719453,028050,삼성E&A,NEW_WATCH_RECLAIM_SHADOW,v170_provisional_1,63.0,2.131782945736434,0.3976143141153081,0.1984126984126984,0.3976143141153081,0.3976143141153081,0.1984126984126984,1.0015244684515652
2026-09-08 14:20:43.744,v1.7.1,20260908_036930_NEW_FIRST_PULLBACK_SHADOW_E026_142043734884,036930,주성엔지니어링,NEW_FIRST_PULLBACK_SHADOW,v170_provisional_1,63.0,2.9940119760479043,0.0,0.0,0.24752475247524752,0.24752475247524752,0.49627791563275436,1.0007186521678593
2026-09-08 14:20:59.683,v1.7.1,20260908_028050_NEW_FIRST_PULLBACK_SHADOW_E047_142059681924,028050,삼성E&A,NEW_FIRST_PULLBACK_SHADOW,v170_provisional_1,63.0,2.3255813953488373,0.0,-0.19801980198019803,0.0,0.19880715705765406,0.19880715705765406,1.0016780490664479
2026-09-08 14:20:59.693,v1.7.1,20260908_044490_NEW_EARLY_ACCEL_SHADOW_E033_142059691194,044490,태웅,NEW_EARLY_ACCEL_SHADOW,v170_provisional_1,60.0,0.9655172413793104,0.1394700139470014,0.1394700139470014,0.1394700139470014,0.1394700139470014,0.4195804195804196,1.0008906563930486
2026-09-08 14:20:59.695,v1.7.1,20260908_044490_NEW_WATCH_RECLAIM_SHADOW_E033_142059694184,044490,태웅,NEW_WATCH_RECLAIM_SHADOW,v170_provisional_1,60.0,0.9655172413793104,0.1394700139470014,0.1394700139470014,0.1394700139470014,0.1394700139470014,0.4195804195804196,1.0008906563930486
2026-09-08 14:21:15.508,v1.7.1,20260908_000990_NEW_WATCH_RECLAIM_SHADOW_E020_142115499658,000990,DB하이텍,NEW_WATCH_RECLAIM_SHADOW,v170_provisional_1,63.0,2.914389799635701,0.09389671361502347,0.09389671361502347,0.0,0.0,0.09389671361502347,1.0011151292163856
2026-09-08 14:21:32.001,v1.7.1,20260908_047040_NEW_FIRST_PULLBACK_SHADOW_E029_142131990761,047040,대우건설,NEW_FIRST_PULLBACK_SHADOW,v170_provisional_1,63.0,2.5821596244131455,0.0,0.0,0.24154589371980675,0.24154589371980675,0.24154589371980675,1.0013023992766292
2026-09-08 14:21:32.011,v1.7.1,20260908_000990_NEW_EARLY_ACCEL_SHADOW_E020_142132004304,000990,DB하이텍,NEW_EARLY_ACCEL_SHADOW,v170_provisional_1,63.0,2.823315118397086,0.09380863039399624,0.18779342723004694,0.28195488721804507,0.09380863039399624,0.09380863039399624,1.0011339511267063
2026-09-08 14:21:32.023,v1.7.1,20260908_044490_NEW_FIRST_PULLBACK_SHADOW_E033_142132020379,044490,태웅,NEW_FIRST_PULLBACK_SHADOW,v170_provisional_1,60.0,0.9655172413793104,0.0,0.0,0.1394700139470014,0.1394700139470014,0.4195804195804196,1.0007244726873796
2026-09-08 14:22:35.120,v1.7.1,20260908_000990_NEW_FIRST_PULLBACK_SHADOW_E020_142235119337,000990,DB하이텍,NEW_FIRST_PULLBACK_SHADOW,v170_provisional_1,63.0,2.823315118397086,-0.18709073900841908,-0.18709073900841908,0.0,0.28195488721804507,0.18779342723004694,1.0028002038800128
2026-09-08 14:23:05.227,v1.7.1,20260908_008930_NEW_WATCH_RECLAIM_SHADOW_E008_142305224670,008930,한미사이언스,NEW_WATCH_RECLAIM_SHADOW,v170_provisional_1,61.0,1.9672131147540985,0.16750418760469013,0.33557046979865773,-0.25020850708924103,-0.33333333333333337,0.16750418760469013,1.0049818562027184
2026-09-08 14:23:52.710,v1.7.1,20260908_008930_NEW_WATCH_RECLAIM_SHADOW_E009_142352703174,008930,한미사이언스,NEW_WATCH_RECLAIM_SHADOW,v170_provisional_1,61.0,1.9672131147540985,0.0,0.16750418760469013,0.16750418760469013,-0.33333333333333337,0.41981528127623846,1.0037669974274164
2026-09-08 14:24:54.564,v1.7.1,20260908_036930_NEW_WATCH_RECLAIM_SHADOW_E027_142454555572,036930,주성엔지니어링,NEW_WATCH_RECLAIM_SHADOW,v170_provisional_1,63.0,2.9940119760479043,0.0,0.24752475247524752,0.0,-0.24630541871921183,0.24752475247524752,1.00033782423296
2026-09-08 14:25:41.185,v1.7.1,20260908_036930_NEW_WATCH_RECLAIM_SHADOW_E028_142541174596,036930,주성엔지니어링,NEW_WATCH_RECLAIM_SHADOW,v170_provisional_1,63.0,2.9940119760479043,0.0,0.24752475247524752,0.0,0.0,0.0,1.0004585832239072
2026-09-08 14:29:39.567,v1.7.1,20260908_047040_NEW_WATCH_RECLAIM_SHADOW_E030_142939564434,047040,대우건설,NEW_WATCH_RECLAIM_SHADOW,v170_provisional_1,63.0,2.8169014084507045,0.24213075060532688,0.24213075060532688,-0.24096385542168677,-0.24096385542168677,-0.24096385542168677,1.0011433036540478
2026-09-08 14:30:09.941,v1.7.1,20260908_047040_NEW_EARLY_ACCEL_SHADOW_E030_143009938443,047040,대우건설,NEW_EARLY_ACCEL_SHADOW,v170_provisional_1,63.0,2.5821596244131455,0.24154589371980675,0.24154589371980675,0.48426150121065376,0.24154589371980675,0.0,1.0008034323616801
2026-09-08 14:32:44.506,v1.7.1,20260908_047040_NEW_WATCH_RECLAIM_SHADOW_E031_143244497549,047040,대우건설,NEW_WATCH_RECLAIM_SHADOW,v170_provisional_1,63.0,2.8169014084507045,0.24213075060532688,0.24213075060532688,0.0,0.0,-0.24096385542168677,1.0004367403178978
2026-09-08 14:37:26.418,v1.7.1,20260908_047040_NEW_EARLY_ACCEL_SHADOW_E032_143726415075,047040,대우건설,NEW_EARLY_ACCEL_SHADOW,v170_provisional_1,63.0,2.8169014084507045,0.24213075060532688,0.24213075060532688,0.24213075060532688,0.975609756097561,0.24213075060532688,1.0011453189672566
2026-09-08 14:37:26.421,v1.7.1,20260908_047040_NEW_WATCH_RECLAIM_SHADOW_E032_143726419292,047040,대우건설,NEW_WATCH_RECLAIM_SHADOW,v170_provisional_1,63.0,2.8169014084507045,0.24213075060532688,0.24213075060532688,0.24213075060532688,0.975609756097561,0.24213075060532688,1.0011453189672566
2026-09-08 14:37:57.502,v1.7.1,20260908_047040_NEW_FIRST_PULLBACK_SHADOW_E033_143757495298,047040,대우건설,NEW_FIRST_PULLBACK_SHADOW,v170_provisional_1,63.0,2.8169014084507045,0.48543689320388345,0.0,0.24213075060532688,0.24213075060532688,0.24213075060532688,1.0010653618869332
2026-09-08 14:39:30.762,v1.7.1,20260908_036930_NEW_EARLY_ACCEL_SHADOW_E029_143930748222,036930,주성엔지니어링,NEW_EARLY_ACCEL_SHADOW,v170_provisional_1,63.0,2.9940119760479043,0.49627791563275436,0.49627791563275436,0.7462686567164178,0.997506234413965,0.997506234413965,1.0045674469204968
2026-09-08 14:39:30.767,v1.7.1,20260908_036930_NEW_WATCH_RECLAIM_SHADOW_E029_143930763867,036930,주성엔지니어링,NEW_WATCH_RECLAIM_SHADOW,v170_provisional_1,63.0,2.9940119760479043,0.49627791563275436,0.49627791563275436,0.7462686567164178,0.997506234413965,0.997506234413965,1.0045674469204968
2026-09-08 14:40:01.482,v1.7.1,20260908_036930_NEW_FIRST_PULLBACK_SHADOW_E029_144001468868,036930,주성엔지니어링,NEW_FIRST_PULLBACK_SHADOW,v170_provisional_1,63.0,2.9940119760479043,0.0,0.0,0.49627791563275436,0.7462686567164178,0.997506234413965,1.0030291772640243
2026-09-08 14:40:42.498,v1.7.1,20260908_047040_NEW_EARLY_ACCEL_SHADOW_E034_144042491025,047040,대우건설,NEW_EARLY_ACCEL_SHADOW,v170_provisional_1,63.0,2.8169014084507045,0.24213075060532688,0.24213075060532688,0.24213075060532688,0.48543689320388345,0.48543689320388345,1.0018411528136513
2026-09-08 14:40:42.509,v1.7.1,20260908_047040_NEW_WATCH_RECLAIM_SHADOW_E034_144042499389,047040,대우건설,NEW_WATCH_RECLAIM_SHADOW,v170_provisional_1,63.0,2.8169014084507045,0.24213075060532688,0.24213075060532688,0.24213075060532688,0.48543689320388345,0.48543689320388345,1.0018411528136513
2026-09-08 14:41:10.944,v1.7.1,20260908_036930_NEW_WATCH_RECLAIM_SHADOW_E030_144110941555,036930,주성엔지니어링,NEW_WATCH_RECLAIM_SHADOW,v170_provisional_1,63.0,2.9940119760479043,0.24752475247524752,0.24752475247524752,0.0,0.49627791563275436,0.49627791563275436,1.0004931106956805
2026-09-08 14:41:39.508,v1.7.1,20260908_047040_NEW_WATCH_RECLAIM_SHADOW_E035_144139500886,047040,대우건설,NEW_WATCH_RECLAIM_SHADOW,v170_provisional_1,63.0,2.8169014084507045,0.24213075060532688,0.24213075060532688,0.0,0.24213075060532688,0.48543689320388345,1.000987947847714
2026-09-08 14:42:10.720,v1.7.1,20260908_047040_NEW_FIRST_PULLBACK_SHADOW_E035_144210711379,047040,대우건설,NEW_FIRST_PULLBACK_SHADOW,v170_provisional_1,63.0,2.8169014084507045,0.0,0.0,0.24213075060532688,0.24213075060532688,0.24213075060532688,1.0021582631661152
2026-09-08 14:42:27.139,v1.7.1,20260908_047040_NEW_EARLY_ACCEL_SHADOW_E035_144227129561,047040,대우건설,NEW_EARLY_ACCEL_SHADOW,v170_provisional_1,63.0,2.5821596244131455,0.24154589371980675,0.24154589371980675,0.48426150121065376,0.24154589371980675,0.24154589371980675,1.0021950937728656
2026-09-08 14:42:27.149,v1.7.1,20260908_036930_NEW_EARLY_ACCEL_SHADOW_E031_144227142219,036930,주성엔지니어링,NEW_EARLY_ACCEL_SHADOW,v170_provisional_1,63.0,2.9940119760479043,0.24752475247524752,0.24752475247524752,0.24752475247524752,0.24752475247524752,0.997506234413965,1.0009328276502378
2026-09-08 14:42:27.153,v1.7.1,20260908_036930_NEW_WATCH_RECLAIM_SHADOW_E031_144227150644,036930,주성엔지니어링,NEW_WATCH_RECLAIM_SHADOW,v170_provisional_1,63.0,2.9940119760479043,0.24752475247524752,0.24752475247524752,0.24752475247524752,0.24752475247524752,0.997506234413965,1.0009328276502378
2026-09-08 14:45:49.358,v1.7.1,20260908_0015N0_NEW_EARLY_ACCEL_SHADOW_EPISODE_144549345548,0015N0,아로마티카,NEW_EARLY_ACCEL_SHADOW,v170_provisional_1,58.0,0.4549590536851683,1.4842300556586272,2.2429906542056073,3.1102733270499527,4.88974113135187,5.598455598455598,1.0
2026-09-08 14:46:35.711,v1.7.1,20260908_0015N0_NEW_FIRST_PULLBACK_SHADOW_EPISODE_144635703380,0015N0,아로마티카,NEW_FIRST_PULLBACK_SHADOW,v170_provisional_1,47.0,2.767857142857143,-0.819672131147541,-2.068345323741007,1.0204081632653061,3.9122137404580157,4.8123195380173245,1.0
2026-09-08 14:47:07.931,v1.7.1,20260908_047040_NEW_WATCH_RECLAIM_SHADOW_E036_144707928591,047040,대우건설,NEW_WATCH_RECLAIM_SHADOW,v170_provisional_1,63.0,2.5821596244131455,0.48426150121065376,0.24154589371980675,0.0,-0.2403846153846154,0.24154589371980675,1.0014822263562773
2026-09-08 14:47:37.805,v1.7.1,20260908_023530_NEW_EARLY_ACCEL_SHADOW_EPISODE_144737794151,023530,롯데쇼핑,NEW_EARLY_ACCEL_SHADOW,v170_provisional_1,57.0,1.7227235438884332,0.16722408026755853,0.16722408026755853,0.0835421888053467,0.0,-0.16666666666666669,1.0024645496595006
2026-09-08 14:48:42.308,v1.7.1,20260908_047040_NEW_EARLY_ACCEL_SHADOW_E036_144842306890,047040,대우건설,NEW_EARLY_ACCEL_SHADOW,v170_provisional_1,63.0,2.3474178403755865,0.24096385542168677,0.4830917874396135,0.4830917874396135,0.4830917874396135,0.24096385542168677,1.0011362974770581
2026-09-08 14:48:42.312,v1.7.1,20260908_044490_NEW_WATCH_RECLAIM_SHADOW_E035_144842310877,044490,태웅,NEW_WATCH_RECLAIM_SHADOW,v170_provisional_1,61.0,1.7931034482758619,0.28169014084507044,0.14064697609001406,0.0,0.0,-0.2801120448179272,1.001040895169846
2026-09-08 14:49:13.494,v1.7.1,20260908_044490_NEW_EARLY_ACCEL_SHADOW_E035_144913486662,044490,태웅,NEW_EARLY_ACCEL_SHADOW,v170_provisional_1,61.0,1.6551724137931034,0.2812939521800281,0.1404494382022472,0.2812939521800281,0.2812939521800281,0.0,1.0010806700154096
2026-09-08 14:49:28.962,v1.7.1,20260908_047040_NEW_FIRST_PULLBACK_SHADOW_E036_144928948278,047040,대우건설,NEW_FIRST_PULLBACK_SHADOW,v170_provisional_1,63.0,2.3474178403755865,0.24096385542168677,0.0,0.24096385542168677,0.24096385542168677,0.24096385542168677,1.001023026111237
2026-09-08 14:50:15.396,v1.7.1,20260908_052690_NEW_FIRST_PULLBACK_SHADOW_E017_145015380710,052690,한전기술,NEW_FIRST_PULLBACK_SHADOW,v170_provisional_1,74.0,0.47457627118644063,0.0,0.0,-0.20394289598912305,0.9628610729023385,0.7549759780370624,1.0150318309948374
2026-09-08 14:52:49.141,v1.7.1,20260908_052690_NEW_WATCH_RECLAIM_SHADOW_E018_145249130577,052690,한전기술,NEW_WATCH_RECLAIM_SHADOW,v170_provisional_1,68.0,1.694915254237288,0.0,0.2766251728907331,-0.2751031636863824,-1.4945652173913044,-0.13774104683195593,1.0047286553108816
2026-09-08 14:54:05.607,v1.7.1,20260908_052690_NEW_EARLY_ACCEL_SHADOW_E018_145405599974,052690,한전기술,NEW_EARLY_ACCEL_SHADOW,v170_provisional_1,68.0,1.5593220338983051,0.2070393374741201,0.2762430939226519,0.2762430939226519,-0.1375515818431912,-1.291638341264446,1.0028044255465784
2026-09-08 14:56:34.032,v1.7.1,20260908_024060_NEW_EARLY_ACCEL_SHADOW_EPISODE_145634021499,024060,흥구석유,NEW_EARLY_ACCEL_SHADOW,v170_provisional_1,58.0,0.33670033670033667,1.023890784982935,1.2831479897348161,2.2452504317789295,,,1.0
2026-09-08 14:57:36.215,v1.7.1,20260908_024060_NEW_WATCH_RECLAIM_SHADOW_E001_145736204549,024060,흥구석유,NEW_WATCH_RECLAIM_SHADOW,v170_provisional_1,66.0,0.5892255892255892,-0.16906170752324598,0.4251700680272109,-0.2533783783783784,1.6351118760757317,,1.107065358909817
2026-09-08 14:59:27.180,v1.7.1,20260908_024060_NEW_EARLY_ACCEL_SHADOW_E002_145927168010,024060,흥구석유,NEW_EARLY_ACCEL_SHADOW,v170_provisional_1,66.0,0.8417508417508417,0.5977796754910333,0.2553191489361702,1.4642549526270456,-0.422654268808115,,1.1274452154141676
2026-09-08 14:59:27.189,v1.7.1,20260908_024060_NEW_WATCH_RECLAIM_SHADOW_E002_145927181227,024060,흥구석유,NEW_WATCH_RECLAIM_SHADOW,v170_provisional_1,66.0,0.8417508417508417,0.5977796754910333,0.2553191489361702,1.4642549526270456,-0.422654268808115,,1.1274452154141676
2026-09-08 14:59:27.203,v1.7.1,20260908_023530_NEW_FIRST_PULLBACK_SHADOW_EPISODE_145927200564,023530,롯데쇼핑,NEW_FIRST_PULLBACK_SHADOW,v170_provisional_1,52.0,2.3789991796554553,0.08410428931875526,0.0,0.0,0.08410428931875526,0.08410428931875526,1.0023828557966732
2026-09-08 15:01:15.173,v1.7.1,20260908_000720_NEW_WATCH_RECLAIM_SHADOW_E003_150115158495,000720,현대건설,NEW_WATCH_RECLAIM_SHADOW,v170_provisional_1,63.0,2.8446389496717726,0.07513148009015778,0.07513148009015778,-0.07501875468867217,-0.29940119760479045,-0.4484304932735426,1.0040476893484425
2026-09-08 15:01:30.898,v1.7.1,20260908_024060_NEW_EARLY_ACCEL_SHADOW_E003_150130889775,024060,흥구석유,NEW_EARLY_ACCEL_SHADOW,v170_provisional_1,71.0,0.5050505050505051,1.1120615911035072,0.9393680614859093,0.4248088360237893,0.3395585738539898,-0.16891891891891891,1.0720792767732963
2026-09-08 15:01:30.905,v1.7.1,20260908_024060_NEW_WATCH_RECLAIM_SHADOW_E003_150130899865,024060,흥구석유,NEW_WATCH_RECLAIM_SHADOW,v170_provisional_1,71.0,0.5050505050505051,1.1120615911035072,0.9393680614859093,0.4248088360237893,0.3395585738539898,-0.16891891891891891,1.0720792767732963
2026-09-08 15:01:47.129,v1.7.1,20260908_000720_NEW_EARLY_ACCEL_SHADOW_E004_150147125524,000720,현대건설,NEW_EARLY_ACCEL_SHADOW,v170_provisional_1,63.0,2.7716994894237783,0.15026296018031557,0.07507507507507508,0.15026296018031557,-0.2245508982035928,-0.2991772625280479,1.0054036079474602
2026-09-08 15:01:47.133,v1.7.1,20260908_000720_NEW_WATCH_RECLAIM_SHADOW_E004_150147130887,000720,현대건설,NEW_WATCH_RECLAIM_SHADOW,v170_provisional_1,63.0,2.7716994894237783,0.15026296018031557,0.07507507507507508,0.15026296018031557,-0.2245508982035928,-0.2991772625280479,1.0054036079474602
2026-09-08 15:02:01.904,v1.7.1,20260908_024060_NEW_FIRST_PULLBACK_SHADOW_E003_150201902076,024060,흥구석유,NEW_FIRST_PULLBACK_SHADOW,v170_provisional_1,68.0,1.1705685618729096,-1.0878661087866108,0.0,0.9393680614859093,0.9393680614859093,0.5102040816326531,1.1357440890125174
2026-09-08 15:07:48.075,v1.7.1,20260908_024060_NEW_EARLY_ACCEL_SHADOW_E004_150748063761,024060,흥구석유,NEW_EARLY_ACCEL_SHADOW,v170_provisional_1,60.0,0.919732441471572,0.08445945945945946,1.0230179028132993,1.1955593509820666,0.6796941376380629,-0.7537688442211055,1.0384832897961382
2026-09-08 15:07:48.085,v1.7.1,20260908_024060_NEW_WATCH_RECLAIM_SHADOW_E004_150748075875,024060,흥구석유,NEW_WATCH_RECLAIM_SHADOW,v170_provisional_1,60.0,0.919732441471572,0.08445945945945946,1.0230179028132993,1.1955593509820666,0.6796941376380629,-0.7537688442211055,1.0384832897961382
2026-09-08 15:11:37.357,v1.7.1,20260908_024060_NEW_EARLY_ACCEL_SHADOW_E005_151137343480,024060,흥구석유,NEW_EARLY_ACCEL_SHADOW,v170_provisional_1,68.0,0.4180602006688963,1.0178117048346056,1.3617021276595744,1.9691780821917808,0.9322033898305085,1.2755102040816326,1.0416499498495486
2026-09-08 15:11:37.369,v1.7.1,20260908_024060_NEW_WATCH_RECLAIM_SHADOW_E005_151137358036,024060,흥구석유,NEW_WATCH_RECLAIM_SHADOW,v170_provisional_1,68.0,0.4180602006688963,1.0178117048346056,1.3617021276595744,1.9691780821917808,0.9322033898305085,1.2755102040816326,1.0416499498495486
2026-09-08 15:12:07.200,v1.7.1,20260908_024060_NEW_FIRST_PULLBACK_SHADOW_E005_151207191912,024060,흥구석유,NEW_FIRST_PULLBACK_SHADOW,v170_provisional_1,71.0,0.5016722408026756,0.0,-0.08396305625524769,1.276595744680851,1.1045029736618521,1.5358361774744027,1.0644433299899698
2026-09-08 15:13:53.463,v1.7.1,20260908_024060_NEW_FIRST_PULLBACK_SHADOW_EPISODE_151353461858,024060,흥구석유,NEW_FIRST_PULLBACK_SHADOW,v170_provisional_1,57.0,1.3234077750206783,-0.3341687552213868,-0.3341687552213868,-0.5833333333333334,0.25210084033613445,1.2733446519524618,1.032785792082509
2026-09-08 15:16:26.340,v1.7.1,20260908_052690_NEW_EARLY_ACCEL_SHADOW_E019_151626327461,052690,한전기술,NEW_EARLY_ACCEL_SHADOW,v170_provisional_1,63.0,2.9152542372881354,0.2099370188943317,0.2801120448179272,0.9873060648801129,0.9161381254404511,1.3446567586694975,1.0057433210502074
2026-09-08 15:16:26.344,v1.7.1,20260908_052690_NEW_WATCH_RECLAIM_SHADOW_E019_151626341668,052690,한전기술,NEW_WATCH_RECLAIM_SHADOW,v170_provisional_1,63.0,2.9152542372881354,0.2099370188943317,0.2801120448179272,0.9873060648801129,0.9161381254404511,1.3446567586694975,1.0057433210502074
2026-09-08 15:16:56.715,v1.7.1,20260908_052690_NEW_FIRST_PULLBACK_SHADOW_E019_151656698854,052690,한전기술,NEW_FIRST_PULLBACK_SHADOW,v170_provisional_1,63.0,2.983050847457627,-0.13956734124214934,-0.06983240223463687,0.21008403361344538,0.7746478873239436,1.2022630834512023,1.0039644418954763
2026-09-08 15:17:45.733,v1.7.1,20260908_024060_NEW_EARLY_ACCEL_SHADOW_E006_151745724764,024060,흥구석유,NEW_EARLY_ACCEL_SHADOW,v170_provisional_1,63.0,2.1505376344086025,0.33927056827820185,0.6808510638297872,0.6808510638297872,1.1976047904191618,-1.9071310116086235,1.0536313556639016
2026-09-08 15:17:45.758,v1.7.1,20260908_024060_NEW_WATCH_RECLAIM_SHADOW_E006_151745733733,024060,흥구석유,NEW_WATCH_RECLAIM_SHADOW,v170_provisional_1,63.0,2.1505376344086025,0.33927056827820185,0.6808510638297872,0.6808510638297872,1.1976047904191618,-1.9071310116086235,1.0536313556639016
2026-09-08 15:19:33.510,v1.7.1,20260908_024060_NEW_FIRST_PULLBACK_SHADOW_E006_151933498744,024060,흥구석유,NEW_FIRST_PULLBACK_SHADOW,v170_provisional_1,61.0,1.5715467328370554,-0.2514668901927913,-0.2514668901927913,0.33726812816188867,0.591715976331361,0.08410428931875526,1.0234598285169896
