date,version,event_id,event,strategy,trade_id,stock_code,stock_name,candidate_source,candidate_start_time,base_signal_time,first75_signal_time,parent_trade_ids,support_episode_id,entry_mode,shared_entry_group_id,data_status,recovery_status,peak_time,peak_price,pullback_start_time,pullback_depth_pct,l1_time,l1_price,r1_time,r1_price,fixed_breakout_price_b,l2_time,l2_price,higher_low,support_touch_count,structure_ready_time,structure_elapsed_min,snapshot_horizon_min,snapshot_decision,breakout_close_time,breakout_close_price,reclaim_threshold_price,hold_confirm_time,hold_confirm_close,hold_tolerance_price,signal_time,signal_detected_time,signal_price,fill_time,fill_price,signal_to_fill_sec,signal_to_fill_slippage_pct,rule_version
2026-09-28,v2.3.1,2026-09-28:328130:PULLBACK_STRUCTURE_ENTRY::2026-09-28 09:14:00:SIGNAL,SIGNAL,PULLBACK_STRUCTURE_ENTRY,,328130,루닛,BOTH,2026-09-28 09:06:04.704,2026-09-28 09:06:04.704,2026-09-28 09:06:04.704,20260928_328130_BASE_E002_090604718318|20260928_328130_PRE_HISTORY_E002_090604763117,2026-09-28:328130:1,PULLBACK_STRUCTURE_ENTRY,,OK,RECOVERY_PARTIAL,2026-09-28 09:07:00.000,11680.0,2026-09-28 09:09:00.000,-2.0547945205479423,2026-09-28 09:09:00.000,11440.0,2026-09-28 09:10:00.000,11710.0,11710.0,2026-09-28 09:10:00.000,11470.0,True,3,2026-09-28 09:12:00.000,4.0,,,2026-09-28 09:13:00.000,12040.0,11730,2026-09-28 09:14:00.000,11920.0,11686.58,2026-09-28 09:14:00.000,2026-09-28 09:14:00.153,11920.0,,,,,pullback_structure_snapshot_v1
2026-09-28,v2.3.1,2026-09-28:328130:PULLBACK_STRUCTURE_ENTRY::2026-09-28 09:14:00:FILL,FILL,PULLBACK_STRUCTURE_ENTRY,20260928_328130_PULLBACK_STRUCTURE_ENTRY_2026-09-28:328130:1_091400390718,328130,루닛,BOTH,2026-09-28 09:06:04.704,2026-09-28 09:06:04.704,2026-09-28 09:06:04.704,20260928_328130_BASE_E002_090604718318|20260928_328130_PRE_HISTORY_E002_090604763117,2026-09-28:328130:1,PULLBACK_STRUCTURE_ENTRY,,OK,RECOVERY_PARTIAL,2026-09-28 09:07:00.000,11680.0,2026-09-28 09:09:00.000,-2.0547945205479423,2026-09-28 09:09:00.000,11440.0,2026-09-28 09:10:00.000,11710.0,11710.0,2026-09-28 09:10:00.000,11470.0,True,3,2026-09-28 09:12:00.000,4.0,,,2026-09-28 09:13:00.000,12040.0,11730,2026-09-28 09:14:00.000,11920.0,11686.58,2026-09-28 09:14:00.000,2026-09-28 09:14:00.153,11920.0,2026-09-28 09:14:00.274,11910.0,0.27425,-0.0838926174496657,pullback_structure_snapshot_v1
2026-09-28,v2.3.1,2026-09-28:009830:PULLBACK_STRUCTURE_ENTRY::2026-09-28 09:24:00:SIGNAL,SIGNAL,PULLBACK_STRUCTURE_ENTRY,,009830,한화솔루션,BOTH,2026-09-28 09:06:35.927,2026-09-28 09:06:35.927,2026-09-28 09:06:35.927,20260928_009830_BASE_E002_090635945019|20260928_009830_PRE_HISTORY_E002_090636133834,2026-09-28:009830:2,PULLBACK_STRUCTURE_ENTRY,,OK,RECOVERY_PARTIAL,2026-09-28 09:16:00.000,33450.0,2026-09-28 09:18:00.000,-2.5411061285500747,2026-09-28 09:20:00.000,32600.0,2026-09-28 09:20:00.000,32950.0,32950.0,2026-09-28 09:22:00.000,32650.0,True,3,2026-09-28 09:23:00.000,3.0,,,2026-09-28 09:23:00.000,33000.0,33000,2026-09-28 09:24:00.000,33050.0,32884.1,2026-09-28 09:24:00.000,2026-09-28 09:24:00.147,33050.0,,,,,pullback_structure_snapshot_v1
2026-09-28,v2.3.1,2026-09-28:009830:PULLBACK_STRUCTURE_ENTRY::2026-09-28 09:24:00:FILL,FILL,PULLBACK_STRUCTURE_ENTRY,20260928_009830_PULLBACK_STRUCTURE_ENTRY_2026-09-28:009830:2_092402685537,009830,한화솔루션,BOTH,2026-09-28 09:06:35.927,2026-09-28 09:06:35.927,2026-09-28 09:06:35.927,20260928_009830_BASE_E002_090635945019|20260928_009830_PRE_HISTORY_E002_090636133834,2026-09-28:009830:2,PULLBACK_STRUCTURE_ENTRY,,OK,RECOVERY_PARTIAL,2026-09-28 09:16:00.000,33450.0,2026-09-28 09:18:00.000,-2.5411061285500747,2026-09-28 09:20:00.000,32600.0,2026-09-28 09:20:00.000,32950.0,32950.0,2026-09-28 09:22:00.000,32650.0,True,3,2026-09-28 09:23:00.000,3.0,,,2026-09-28 09:23:00.000,33000.0,33000,2026-09-28 09:24:00.000,33050.0,32884.1,2026-09-28 09:24:00.000,2026-09-28 09:24:00.147,33050.0,2026-09-28 09:24:00.407,33050.0,0.407284,0.0,pullback_structure_snapshot_v1
2026-09-28,v2.3.1,2026-09-28:007810:PULLBACK_STRUCTURE_ENTRY::2026-09-28 09:35:00:SIGNAL,SIGNAL,PULLBACK_STRUCTURE_ENTRY,,007810,코리아써키트,BOTH,2026-09-28 09:18:21.356,2026-09-28 09:18:21.356,2026-09-28 09:18:21.356,20260928_007810_BASE_E003_091821394479|20260928_007810_PRE_HISTORY_E003_091821978472,2026-09-28:007810:2,PULLBACK_STRUCTURE_ENTRY,,OK,RECOVERY_PARTIAL,2026-09-28 09:19:00.000,70600.0,2026-09-28 09:21:00.000,-4.107648725212465,2026-09-28 09:29:00.000,67700.0,2026-09-28 09:29:00.000,68300.0,68300.0,2026-09-28 09:30:00.000,67500.0,False,4,2026-09-28 09:32:00.000,5.0,,,2026-09-28 09:34:00.000,68500.0,68400,2026-09-28 09:35:00.000,68400.0,68163.4,2026-09-28 09:35:00.000,2026-09-28 09:35:00.024,68400.0,,,,,pullback_structure_snapshot_v1
2026-09-28,v2.3.1,2026-09-28:007810:PULLBACK_STRUCTURE_ENTRY::2026-09-28 09:35:00:FILL,FILL,PULLBACK_STRUCTURE_ENTRY,20260928_007810_PULLBACK_STRUCTURE_ENTRY_2026-09-28:007810:2_093503250559,007810,코리아써키트,BOTH,2026-09-28 09:18:21.356,2026-09-28 09:18:21.356,2026-09-28 09:18:21.356,20260928_007810_BASE_E003_091821394479|20260928_007810_PRE_HISTORY_E003_091821978472,2026-09-28:007810:2,PULLBACK_STRUCTURE_ENTRY,,OK,RECOVERY_PARTIAL,2026-09-28 09:19:00.000,70600.0,2026-09-28 09:21:00.000,-4.107648725212465,2026-09-28 09:29:00.000,67700.0,2026-09-28 09:29:00.000,68300.0,68300.0,2026-09-28 09:30:00.000,67500.0,False,4,2026-09-28 09:32:00.000,5.0,,,2026-09-28 09:34:00.000,68500.0,68400,2026-09-28 09:35:00.000,68400.0,68163.4,2026-09-28 09:35:00.000,2026-09-28 09:35:00.024,68400.0,2026-09-28 09:35:00.025,68400.0,0.025985,0.0,pullback_structure_snapshot_v1
2026-09-28,v2.3.1,2026-09-28:010060:PULLBACK_STRUCTURE_ENTRY::2026-09-28 09:35:00:SIGNAL,SIGNAL,PULLBACK_STRUCTURE_ENTRY,,010060,OCI홀딩스,BOTH,2026-09-28 09:10:33.879,2026-09-28 09:10:33.879,2026-09-28 09:10:33.879,20260928_010060_BASE_E002_091033909306|20260928_010060_PRE_HISTORY_E002_091034322726,2026-09-28:010060:2,PULLBACK_STRUCTURE_ENTRY,,OK,RECOVERY_PARTIAL,2026-09-28 09:13:00.000,231000.0,2026-09-28 09:15:00.000,-2.5974025974025983,2026-09-28 09:28:00.000,225000.0,2026-09-28 09:29:00.000,227000.0,227000.0,2026-09-28 09:31:00.000,225000.0,False,5,2026-09-28 09:33:00.000,6.0,,,2026-09-28 09:34:00.000,228000.0,227500,2026-09-28 09:35:00.000,228000.0,226546.0,2026-09-28 09:35:00.000,2026-09-28 09:35:00.221,228000.0,,,,,pullback_structure_snapshot_v1
2026-09-28,v2.3.1,2026-09-28:010060:PULLBACK_STRUCTURE_ENTRY::2026-09-28 09:35:00:FILL,FILL,PULLBACK_STRUCTURE_ENTRY,20260928_010060_PULLBACK_STRUCTURE_ENTRY_2026-09-28:010060:2_093505771151,010060,OCI홀딩스,BOTH,2026-09-28 09:10:33.879,2026-09-28 09:10:33.879,2026-09-28 09:10:33.879,20260928_010060_BASE_E002_091033909306|20260928_010060_PRE_HISTORY_E002_091034322726,2026-09-28:010060:2,PULLBACK_STRUCTURE_ENTRY,,OK,RECOVERY_PARTIAL,2026-09-28 09:13:00.000,231000.0,2026-09-28 09:15:00.000,-2.5974025974025983,2026-09-28 09:28:00.000,225000.0,2026-09-28 09:29:00.000,227000.0,227000.0,2026-09-28 09:31:00.000,225000.0,False,5,2026-09-28 09:33:00.000,6.0,,,2026-09-28 09:34:00.000,228000.0,227500,2026-09-28 09:35:00.000,228000.0,226546.0,2026-09-28 09:35:00.000,2026-09-28 09:35:00.221,228000.0,2026-09-28 09:35:01.243,227500.0,1.243172,-0.21929824561403022,pullback_structure_snapshot_v1
2026-09-28,v2.3.1,2026-09-28:356680:PULLBACK_STRUCTURE_ENTRY::2026-09-28 09:36:00:SIGNAL,SIGNAL,PULLBACK_STRUCTURE_ENTRY,,356680,엑스게이트,BOTH,2026-09-28 09:06:04.708,2026-09-28 09:06:04.708,2026-09-28 09:06:53.797,20260928_356680_BASE_E001_090604839900|20260928_356680_BASE_E002_090653812698|20260928_356680_PRE_HISTORY_E002_090653951456,2026-09-28:356680:4,PULLBACK_STRUCTURE_ENTRY,,OK,RECOVERY_PARTIAL,2026-09-28 09:09:00.000,19980.0,2026-09-28 09:11:00.000,-5.155155155155155,2026-09-28 09:26:00.000,18950.0,2026-09-28 09:26:00.000,19220.0,19220.0,2026-09-28 09:28:00.000,19020.0,True,4,2026-09-28 09:29:00.000,9.0,,,2026-09-28 09:35:00.000,19310.0,19240,2026-09-28 09:36:00.000,19270.0,19181.56,2026-09-28 09:36:00.000,2026-09-28 09:36:00.024,19270.0,,,,,pullback_structure_snapshot_v1
2026-09-28,v2.3.1,2026-09-28:356680:PULLBACK_STRUCTURE_ENTRY::2026-09-28 09:36:00:FILL,FILL,PULLBACK_STRUCTURE_ENTRY,20260928_356680_PULLBACK_STRUCTURE_ENTRY_2026-09-28:356680:4_093603219092,356680,엑스게이트,BOTH,2026-09-28 09:06:04.708,2026-09-28 09:06:04.708,2026-09-28 09:06:53.797,20260928_356680_BASE_E001_090604839900|20260928_356680_BASE_E002_090653812698|20260928_356680_PRE_HISTORY_E002_090653951456,2026-09-28:356680:4,PULLBACK_STRUCTURE_ENTRY,,OK,RECOVERY_PARTIAL,2026-09-28 09:09:00.000,19980.0,2026-09-28 09:11:00.000,-5.155155155155155,2026-09-28 09:26:00.000,18950.0,2026-09-28 09:26:00.000,19220.0,19220.0,2026-09-28 09:28:00.000,19020.0,True,4,2026-09-28 09:29:00.000,9.0,,,2026-09-28 09:35:00.000,19310.0,19240,2026-09-28 09:36:00.000,19270.0,19181.56,2026-09-28 09:36:00.000,2026-09-28 09:36:00.024,19270.0,2026-09-28 09:36:00.122,19270.0,0.122936,0.0,pullback_structure_snapshot_v1
2026-09-28,v2.3.1,2026-09-28:115440:PULLBACK_STRUCTURE_ENTRY::2026-09-28 09:38:00:SIGNAL,SIGNAL,PULLBACK_STRUCTURE_ENTRY,,115440,우리넷,BASE,2026-09-28 09:21:01.330,2026-09-28 09:21:01.330,,20260928_115440_BASE_E002_092101341412,2026-09-28:115440:2,PULLBACK_STRUCTURE_ENTRY,,OK,RECOVERY_PARTIAL,2026-09-28 09:23:00.000,12980.0,2026-09-28 09:25:00.000,-4.23728813559322,2026-09-28 09:33:00.000,12430.0,2026-09-28 09:34:00.000,12600.0,12600.0,2026-09-28 09:34:00.000,12430.0,False,3,2026-09-28 09:36:00.000,4.0,,,2026-09-28 09:37:00.000,12660.0,12620,2026-09-28 09:38:00.000,13080.0,12574.8,2026-09-28 09:38:00.000,2026-09-28 09:38:00.033,13080.0,,,,,pullback_structure_snapshot_v1
2026-09-28,v2.3.1,2026-09-28:115440:PULLBACK_STRUCTURE_ENTRY::2026-09-28 09:38:00:FILL,FILL,PULLBACK_STRUCTURE_ENTRY,20260928_115440_PULLBACK_STRUCTURE_ENTRY_2026-09-28:115440:2_093800929395,115440,우리넷,BASE,2026-09-28 09:21:01.330,2026-09-28 09:21:01.330,,20260928_115440_BASE_E002_092101341412,2026-09-28:115440:2,PULLBACK_STRUCTURE_ENTRY,,OK,RECOVERY_PARTIAL,2026-09-28 09:23:00.000,12980.0,2026-09-28 09:25:00.000,-4.23728813559322,2026-09-28 09:33:00.000,12430.0,2026-09-28 09:34:00.000,12600.0,12600.0,2026-09-28 09:34:00.000,12430.0,False,3,2026-09-28 09:36:00.000,4.0,,,2026-09-28 09:37:00.000,12660.0,12620,2026-09-28 09:38:00.000,13080.0,12574.8,2026-09-28 09:38:00.000,2026-09-28 09:38:00.033,13080.0,2026-09-28 09:38:00.127,13080.0,0.127041,0.0,pullback_structure_snapshot_v1
2026-09-28,v2.3.1,2026-09-28:047040:PULLBACK_STRUCTURE_ENTRY::2026-09-28 09:43:00:SIGNAL,SIGNAL,PULLBACK_STRUCTURE_ENTRY,,047040,대우건설,BASE,2026-09-28 09:19:09.045,2026-09-28 09:19:09.045,,20260928_047040_BASE_E002_091909062636,2026-09-28:047040:1,PULLBACK_STRUCTURE_ENTRY,,OK,RECOVERY_PARTIAL,2026-09-28 09:27:00.000,18920.0,2026-09-28 09:33:00.000,-2.008456659619451,2026-09-28 09:34:00.000,18540.0,2026-09-28 09:39:00.000,19100.0,19100.0,2026-09-28 09:40:00.000,18930.0,True,2,2026-09-28 09:41:00.000,8.0,,,2026-09-28 09:42:00.000,19150.0,19120,2026-09-28 09:43:00.000,19170.0,19061.8,2026-09-28 09:43:00.000,2026-09-28 09:43:00.242,19170.0,,,,,pullback_structure_snapshot_v1
2026-09-28,v2.3.1,2026-09-28:047040:PULLBACK_STRUCTURE_ENTRY::2026-09-28 09:43:00:FILL,FILL,PULLBACK_STRUCTURE_ENTRY,20260928_047040_PULLBACK_STRUCTURE_ENTRY_2026-09-28:047040:1_094301241687,047040,대우건설,BASE,2026-09-28 09:19:09.045,2026-09-28 09:19:09.045,,20260928_047040_BASE_E002_091909062636,2026-09-28:047040:1,PULLBACK_STRUCTURE_ENTRY,,OK,RECOVERY_PARTIAL,2026-09-28 09:27:00.000,18920.0,2026-09-28 09:33:00.000,-2.008456659619451,2026-09-28 09:34:00.000,18540.0,2026-09-28 09:39:00.000,19100.0,19100.0,2026-09-28 09:40:00.000,18930.0,True,2,2026-09-28 09:41:00.000,8.0,,,2026-09-28 09:42:00.000,19150.0,19120,2026-09-28 09:43:00.000,19170.0,19061.8,2026-09-28 09:43:00.000,2026-09-28 09:43:00.242,19170.0,2026-09-28 09:43:00.337,19170.0,0.337808,0.0,pullback_structure_snapshot_v1
2026-09-28,v2.3.1,2026-09-28:178320:PULLBACK_STRUCTURE_ENTRY::2026-09-28 09:46:00:SIGNAL,SIGNAL,PULLBACK_STRUCTURE_ENTRY,,178320,서진시스템,BASE,2026-09-28 09:21:18.464,2026-09-28 09:21:18.464,,20260928_178320_BASE_E002_092118532447,2026-09-28:178320:2,PULLBACK_STRUCTURE_ENTRY,,OK,RECOVERY_PARTIAL,2026-09-28 09:24:00.000,37550.0,2026-09-28 09:28:00.000,-3.0625832223701743,2026-09-28 09:32:00.000,36400.0,2026-09-28 09:32:00.000,36900.0,36900.0,2026-09-28 09:34:00.000,36300.0,False,6,2026-09-28 09:35:00.000,13.0,,,2026-09-28 09:45:00.000,37025.0,36950,2026-09-28 09:46:00.000,37050.0,36826.2,2026-09-28 09:46:00.000,2026-09-28 09:46:00.080,37050.0,,,,,pullback_structure_snapshot_v1
2026-09-28,v2.3.1,2026-09-28:178320:PULLBACK_STRUCTURE_ENTRY::2026-09-28 09:46:00:FILL,FILL,PULLBACK_STRUCTURE_ENTRY,20260928_178320_PULLBACK_STRUCTURE_ENTRY_2026-09-28:178320:2_094604783593,178320,서진시스템,BASE,2026-09-28 09:21:18.464,2026-09-28 09:21:18.464,,20260928_178320_BASE_E002_092118532447,2026-09-28:178320:2,PULLBACK_STRUCTURE_ENTRY,,OK,RECOVERY_PARTIAL,2026-09-28 09:24:00.000,37550.0,2026-09-28 09:28:00.000,-3.0625832223701743,2026-09-28 09:32:00.000,36400.0,2026-09-28 09:32:00.000,36900.0,36900.0,2026-09-28 09:34:00.000,36300.0,False,6,2026-09-28 09:35:00.000,13.0,,,2026-09-28 09:45:00.000,37025.0,36950,2026-09-28 09:46:00.000,37050.0,36826.2,2026-09-28 09:46:00.000,2026-09-28 09:46:00.080,37050.0,2026-09-28 09:46:00.549,37100.0,0.549904,0.13495276653170407,pullback_structure_snapshot_v1
2026-09-28,v2.3.1,2026-09-28:396300:PULLBACK_STRUCTURE_ENTRY::2026-09-28 09:51:00:SIGNAL,SIGNAL,PULLBACK_STRUCTURE_ENTRY,,396300,HT로보틱스,BASE,2026-09-28 09:43:18.420,2026-09-28 09:43:18.420,,20260928_396300_BASE_E003_094318431907|20260928_396300_BASE_E004_094825831049,2026-09-28:396300:1,PULLBACK_STRUCTURE_ENTRY,,OK,RECOVERY_PARTIAL,2026-09-28 09:44:00.000,6290.0,2026-09-28 09:46:00.000,-2.225755166931642,2026-09-28 09:47:00.000,6150.0,2026-09-28 09:48:00.000,6400.0,6400.0,2026-09-28 09:48:00.000,6310.0,True,2,2026-09-28 09:50:00.000,3.0,,,2026-09-28 09:50:00.000,6440.0,6410,2026-09-28 09:51:00.000,6460.0,6387.2,2026-09-28 09:51:00.000,2026-09-28 09:51:00.081,6460.0,,,,,pullback_structure_snapshot_v1
2026-09-28,v2.3.1,2026-09-28:396300:PULLBACK_STRUCTURE_ENTRY::2026-09-28 09:51:00:FILL,FILL,PULLBACK_STRUCTURE_ENTRY,20260928_396300_PULLBACK_STRUCTURE_ENTRY_2026-09-28:396300:1_095101079323,396300,HT로보틱스,BASE,2026-09-28 09:43:18.420,2026-09-28 09:43:18.420,,20260928_396300_BASE_E003_094318431907|20260928_396300_BASE_E004_094825831049,2026-09-28:396300:1,PULLBACK_STRUCTURE_ENTRY,,OK,RECOVERY_PARTIAL,2026-09-28 09:44:00.000,6290.0,2026-09-28 09:46:00.000,-2.225755166931642,2026-09-28 09:47:00.000,6150.0,2026-09-28 09:48:00.000,6400.0,6400.0,2026-09-28 09:48:00.000,6310.0,True,2,2026-09-28 09:50:00.000,3.0,,,2026-09-28 09:50:00.000,6440.0,6410,2026-09-28 09:51:00.000,6460.0,6387.2,2026-09-28 09:51:00.000,2026-09-28 09:51:00.081,6460.0,2026-09-28 09:51:00.154,6460.0,0.154974,0.0,pullback_structure_snapshot_v1
2026-09-28,v2.3.1,2026-09-28:328130:PULLBACK_SNAPSHOT_DIRECT:30:2026-09-28 09:52:00:SIGNAL,SIGNAL,PULLBACK_SNAPSHOT_DIRECT,,328130,루닛,BOTH,2026-09-28 09:06:04.704,2026-09-28 09:06:04.704,2026-09-28 09:06:04.704,20260928_328130_BASE_E002_090604718318|20260928_328130_PRE_HISTORY_E002_090604763117,2026-09-28:328130:4,PULLBACK_SNAPSHOT_DIRECT,,OK,RECOVERY_PARTIAL,2026-09-28 09:07:00.000,11680.0,2026-09-28 09:09:00.000,-4.452054794520544,2026-09-28 09:22:00.000,11160.0,2026-09-28 09:24:00.000,11400.0,11400.0,2026-09-28 09:26:00.000,11310.0,True,3,2026-09-28 09:27:00.000,29.0,30,READY,2026-09-28 09:14:00.000,11920.0,11420,2026-09-28 09:52:00.000,11740.0,11377.2,2026-09-28 09:52:00.000,2026-09-28 09:52:00.257,11740.0,,,,,pullback_structure_snapshot_v1
2026-09-28,v2.3.1,2026-09-28:328130:PULLBACK_SNAPSHOT_DIRECT:30:2026-09-28 09:52:00:FILL,FILL,PULLBACK_SNAPSHOT_DIRECT,20260928_328130_PULLBACK_SNAPSHOT_DIRECT_2026-09-28:328130:4:30_095201937913,328130,루닛,BOTH,2026-09-28 09:06:04.704,2026-09-28 09:06:04.704,2026-09-28 09:06:04.704,20260928_328130_BASE_E002_090604718318|20260928_328130_PRE_HISTORY_E002_090604763117,2026-09-28:328130:4,PULLBACK_SNAPSHOT_DIRECT,,OK,RECOVERY_PARTIAL,2026-09-28 09:07:00.000,11680.0,2026-09-28 09:09:00.000,-4.452054794520544,2026-09-28 09:22:00.000,11160.0,2026-09-28 09:24:00.000,11400.0,11400.0,2026-09-28 09:26:00.000,11310.0,True,3,2026-09-28 09:27:00.000,29.0,30,READY,2026-09-28 09:14:00.000,11920.0,11420,2026-09-28 09:52:00.000,11740.0,11377.2,2026-09-28 09:52:00.000,2026-09-28 09:52:00.257,11740.0,2026-09-28 09:52:00.655,11760.0,0.655818,0.17035775127767216,pullback_structure_snapshot_v1
2026-09-28,v2.3.1,2026-09-28:328130:PULLBACK_SNAPSHOT_RECLAIM:30:2026-09-28 09:53:00:SIGNAL,SIGNAL,PULLBACK_SNAPSHOT_RECLAIM,,328130,루닛,BOTH,2026-09-28 09:06:04.704,2026-09-28 09:06:04.704,2026-09-28 09:06:04.704,20260928_328130_BASE_E002_090604718318|20260928_328130_PRE_HISTORY_E002_090604763117,2026-09-28:328130:4,PULLBACK_SNAPSHOT_RECLAIM,,OK,RECOVERY_PARTIAL,2026-09-28 09:07:00.000,11680.0,2026-09-28 09:09:00.000,-4.452054794520544,2026-09-28 09:22:00.000,11160.0,2026-09-28 09:24:00.000,11400.0,11400.0,2026-09-28 09:26:00.000,11310.0,True,3,2026-09-28 09:27:00.000,30.0,30,READY,2026-09-28 09:14:00.000,11920.0,11420,2026-09-28 09:53:00.000,12030.0,11377.2,2026-09-28 09:53:00.000,2026-09-28 09:53:00.057,12030.0,,,,,pullback_structure_snapshot_v1
2026-09-28,v2.3.1,2026-09-28:328130:PULLBACK_SNAPSHOT_RECLAIM:30:2026-09-28 09:53:00:FILL,FILL,PULLBACK_SNAPSHOT_RECLAIM,20260928_328130_PULLBACK_SNAPSHOT_RECLAIM_2026-09-28:328130:4:30_095303385629,328130,루닛,BOTH,2026-09-28 09:06:04.704,2026-09-28 09:06:04.704,2026-09-28 09:06:04.704,20260928_328130_BASE_E002_090604718318|20260928_328130_PRE_HISTORY_E002_090604763117,2026-09-28:328130:4,PULLBACK_SNAPSHOT_RECLAIM,,OK,RECOVERY_PARTIAL,2026-09-28 09:07:00.000,11680.0,2026-09-28 09:09:00.000,-4.452054794520544,2026-09-28 09:22:00.000,11160.0,2026-09-28 09:24:00.000,11400.0,11400.0,2026-09-28 09:26:00.000,11310.0,True,3,2026-09-28 09:27:00.000,30.0,30,READY,2026-09-28 09:14:00.000,11920.0,11420,2026-09-28 09:53:00.000,12030.0,11377.2,2026-09-28 09:53:00.000,2026-09-28 09:53:00.057,12030.0,2026-09-28 09:53:00.157,12030.0,0.157944,0.0,pullback_structure_snapshot_v1
2026-09-28,v2.3.1,2026-09-28:010060:PULLBACK_SNAPSHOT_DIRECT:30:2026-09-28 09:58:00:SIGNAL,SIGNAL,PULLBACK_SNAPSHOT_DIRECT,,010060,OCI홀딩스,BOTH,2026-09-28 09:10:33.879,2026-09-28 09:10:33.879,2026-09-28 09:10:33.879,20260928_010060_BASE_E002_091033909306|20260928_010060_PRE_HISTORY_E002_091034322726,2026-09-28:010060:2,PULLBACK_SNAPSHOT_DIRECT,,OK,RECOVERY_PARTIAL,2026-09-28 09:13:00.000,231000.0,2026-09-28 09:15:00.000,-2.5974025974025983,2026-09-28 09:28:00.000,225000.0,2026-09-28 09:29:00.000,227000.0,227000.0,2026-09-28 09:31:00.000,225000.0,False,5,2026-09-28 09:33:00.000,29.0,30,READY,2026-09-28 09:35:00.000,228000.0,227500,2026-09-28 09:58:00.000,230000.0,226546.0,2026-09-28 09:58:00.000,2026-09-28 09:58:00.963,230000.0,,,,,pullback_structure_snapshot_v1
2026-09-28,v2.3.1,2026-09-28:010060:PULLBACK_SNAPSHOT_DIRECT:30:2026-09-28 09:58:00:FILL,FILL,PULLBACK_SNAPSHOT_DIRECT,20260928_010060_PULLBACK_SNAPSHOT_DIRECT_2026-09-28:010060:2:30_095804848875,010060,OCI홀딩스,BOTH,2026-09-28 09:10:33.879,2026-09-28 09:10:33.879,2026-09-28 09:10:33.879,20260928_010060_BASE_E002_091033909306|20260928_010060_PRE_HISTORY_E002_091034322726,2026-09-28:010060:2,PULLBACK_SNAPSHOT_DIRECT,,OK,RECOVERY_PARTIAL,2026-09-28 09:13:00.000,231000.0,2026-09-28 09:15:00.000,-2.5974025974025983,2026-09-28 09:28:00.000,225000.0,2026-09-28 09:29:00.000,227000.0,227000.0,2026-09-28 09:31:00.000,225000.0,False,5,2026-09-28 09:33:00.000,29.0,30,READY,2026-09-28 09:35:00.000,228000.0,227500,2026-09-28 09:58:00.000,230000.0,226546.0,2026-09-28 09:58:00.000,2026-09-28 09:58:00.963,230000.0,2026-09-28 09:58:01.070,230000.0,1.070585,0.0,pullback_structure_snapshot_v1
2026-09-28,v2.3.1,2026-09-28:007810:PULLBACK_SNAPSHOT_DIRECT:30:2026-09-28 09:59:00:SIGNAL,SIGNAL,PULLBACK_SNAPSHOT_DIRECT,,007810,코리아써키트,BOTH,2026-09-28 09:18:21.356,2026-09-28 09:18:21.356,2026-09-28 09:18:21.356,20260928_007810_BASE_E003_091821394479|20260928_007810_PRE_HISTORY_E003_091821978472,2026-09-28:007810:2,PULLBACK_SNAPSHOT_DIRECT,,OK,RECOVERY_PARTIAL,2026-09-28 09:19:00.000,70600.0,2026-09-28 09:21:00.000,-4.107648725212465,2026-09-28 09:29:00.000,67700.0,2026-09-28 09:29:00.000,68300.0,68300.0,2026-09-28 09:30:00.000,67500.0,False,4,2026-09-28 09:32:00.000,29.0,30,READY,2026-09-28 09:35:00.000,68400.0,68400,2026-09-28 09:59:00.000,69800.0,68163.4,2026-09-28 09:59:00.000,2026-09-28 09:59:00.065,69800.0,,,,,pullback_structure_snapshot_v1
2026-09-28,v2.3.1,2026-09-28:010060:PULLBACK_SNAPSHOT_RECLAIM:30:2026-09-28 09:59:00:SIGNAL,SIGNAL,PULLBACK_SNAPSHOT_RECLAIM,,010060,OCI홀딩스,BOTH,2026-09-28 09:10:33.879,2026-09-28 09:10:33.879,2026-09-28 09:10:33.879,20260928_010060_BASE_E002_091033909306|20260928_010060_PRE_HISTORY_E002_091034322726,2026-09-28:010060:2,PULLBACK_SNAPSHOT_RECLAIM,,OK,RECOVERY_PARTIAL,2026-09-28 09:13:00.000,231000.0,2026-09-28 09:15:00.000,-2.5974025974025983,2026-09-28 09:28:00.000,225000.0,2026-09-28 09:29:00.000,227000.0,227000.0,2026-09-28 09:31:00.000,225000.0,False,5,2026-09-28 09:33:00.000,30.0,30,READY,2026-09-28 09:35:00.000,228000.0,227500,2026-09-28 09:59:00.000,229000.0,226546.0,2026-09-28 09:59:00.000,2026-09-28 09:59:00.065,229000.0,,,,,pullback_structure_snapshot_v1
2026-09-28,v2.3.1,2026-09-28:007810:PULLBACK_SNAPSHOT_DIRECT:30:2026-09-28 09:59:00:FILL,FILL,PULLBACK_SNAPSHOT_DIRECT,20260928_007810_PULLBACK_SNAPSHOT_DIRECT_2026-09-28:007810:2:30_095901916462,007810,코리아써키트,BOTH,2026-09-28 09:18:21.356,2026-09-28 09:18:21.356,2026-09-28 09:18:21.356,20260928_007810_BASE_E003_091821394479|20260928_007810_PRE_HISTORY_E003_091821978472,2026-09-28:007810:2,PULLBACK_SNAPSHOT_DIRECT,,OK,RECOVERY_PARTIAL,2026-09-28 09:19:00.000,70600.0,2026-09-28 09:21:00.000,-4.107648725212465,2026-09-28 09:29:00.000,67700.0,2026-09-28 09:29:00.000,68300.0,68300.0,2026-09-28 09:30:00.000,67500.0,False,4,2026-09-28 09:32:00.000,29.0,30,READY,2026-09-28 09:35:00.000,68400.0,68400,2026-09-28 09:59:00.000,69800.0,68163.4,2026-09-28 09:59:00.000,2026-09-28 09:59:00.065,69800.0,2026-09-28 09:59:00.066,69800.0,0.06604,0.0,pullback_structure_snapshot_v1
2026-09-28,v2.3.1,2026-09-28:010060:PULLBACK_SNAPSHOT_RECLAIM:30:2026-09-28 09:59:00:FILL,FILL,PULLBACK_SNAPSHOT_RECLAIM,20260928_010060_PULLBACK_SNAPSHOT_RECLAIM_2026-09-28:010060:2:30_095903502109,010060,OCI홀딩스,BOTH,2026-09-28 09:10:33.879,2026-09-28 09:10:33.879,2026-09-28 09:10:33.879,20260928_010060_BASE_E002_091033909306|20260928_010060_PRE_HISTORY_E002_091034322726,2026-09-28:010060:2,PULLBACK_SNAPSHOT_RECLAIM,,OK,RECOVERY_PARTIAL,2026-09-28 09:13:00.000,231000.0,2026-09-28 09:15:00.000,-2.5974025974025983,2026-09-28 09:28:00.000,225000.0,2026-09-28 09:29:00.000,227000.0,227000.0,2026-09-28 09:31:00.000,225000.0,False,5,2026-09-28 09:33:00.000,30.0,30,READY,2026-09-28 09:35:00.000,228000.0,227500,2026-09-28 09:59:00.000,229000.0,226546.0,2026-09-28 09:59:00.000,2026-09-28 09:59:00.065,229000.0,2026-09-28 09:59:02.267,229000.0,2.267388,0.0,pullback_structure_snapshot_v1
2026-09-28,v2.3.1,2026-09-28:007810:PULLBACK_SNAPSHOT_RECLAIM:30:2026-09-28 10:00:00:SIGNAL,SIGNAL,PULLBACK_SNAPSHOT_RECLAIM,,007810,코리아써키트,BOTH,2026-09-28 09:18:21.356,2026-09-28 09:18:21.356,2026-09-28 09:18:21.356,20260928_007810_BASE_E003_091821394479|20260928_007810_PRE_HISTORY_E003_091821978472,2026-09-28:007810:2,PULLBACK_SNAPSHOT_RECLAIM,,OK,RECOVERY_PARTIAL,2026-09-28 09:19:00.000,70600.0,2026-09-28 09:21:00.000,-4.107648725212465,2026-09-28 09:29:00.000,67700.0,2026-09-28 09:29:00.000,68300.0,68300.0,2026-09-28 09:30:00.000,67500.0,False,4,2026-09-28 09:32:00.000,30.0,30,READY,2026-09-28 09:35:00.000,68400.0,68400,2026-09-28 10:00:00.000,70000.0,68163.4,2026-09-28 10:00:00.000,2026-09-28 10:00:00.170,70000.0,,,,,pullback_structure_snapshot_v1
2026-09-28,v2.3.1,2026-09-28:007810:PULLBACK_SNAPSHOT_RECLAIM:30:2026-09-28 10:00:00:FILL,FILL,PULLBACK_SNAPSHOT_RECLAIM,20260928_007810_PULLBACK_SNAPSHOT_RECLAIM_2026-09-28:007810:2:30_100001418040,007810,코리아써키트,BOTH,2026-09-28 09:18:21.356,2026-09-28 09:18:21.356,2026-09-28 09:18:21.356,20260928_007810_BASE_E003_091821394479|20260928_007810_PRE_HISTORY_E003_091821978472,2026-09-28:007810:2,PULLBACK_SNAPSHOT_RECLAIM,,OK,RECOVERY_PARTIAL,2026-09-28 09:19:00.000,70600.0,2026-09-28 09:21:00.000,-4.107648725212465,2026-09-28 09:29:00.000,67700.0,2026-09-28 09:29:00.000,68300.0,68300.0,2026-09-28 09:30:00.000,67500.0,False,4,2026-09-28 09:32:00.000,30.0,30,READY,2026-09-28 09:35:00.000,68400.0,68400,2026-09-28 10:00:00.000,70000.0,68163.4,2026-09-28 10:00:00.000,2026-09-28 10:00:00.170,70000.0,2026-09-28 10:00:00.268,69900.0,0.268698,-0.14285714285714457,pullback_structure_snapshot_v1
2026-09-28,v2.3.1,2026-09-28:424870:PULLBACK_STRUCTURE_ENTRY::2026-09-28 10:20:00:SIGNAL,SIGNAL,PULLBACK_STRUCTURE_ENTRY,,424870,이뮨온시아,BASE,2026-09-28 10:03:19.460,2026-09-28 10:03:19.460,,20260928_424870_BASE_E011_100319495775,2026-09-28:424870:2,PULLBACK_STRUCTURE_ENTRY,,OK,RECOVERY_PARTIAL,2026-09-28 10:10:00.000,3755.0,2026-09-28 10:12:00.000,-3.462050599201061,2026-09-28 10:15:00.000,3625.0,2026-09-28 10:14:00.000,3670.0,3670.0,2026-09-28 10:16:00.000,3605.0,False,3,2026-09-28 10:17:00.000,4.0,,,2026-09-28 10:19:00.000,3675.0,3675,2026-09-28 10:20:00.000,3675.0,3662.66,2026-09-28 10:20:00.000,2026-09-28 10:20:00.187,3675.0,,,,,pullback_structure_snapshot_v1
2026-09-28,v2.3.1,2026-09-28:424870:PULLBACK_STRUCTURE_ENTRY::2026-09-28 10:20:00:FILL,FILL,PULLBACK_STRUCTURE_ENTRY,20260928_424870_PULLBACK_STRUCTURE_ENTRY_2026-09-28:424870:2_102003547643,424870,이뮨온시아,BASE,2026-09-28 10:03:19.460,2026-09-28 10:03:19.460,,20260928_424870_BASE_E011_100319495775,2026-09-28:424870:2,PULLBACK_STRUCTURE_ENTRY,,OK,RECOVERY_PARTIAL,2026-09-28 10:10:00.000,3755.0,2026-09-28 10:12:00.000,-3.462050599201061,2026-09-28 10:15:00.000,3625.0,2026-09-28 10:14:00.000,3670.0,3670.0,2026-09-28 10:16:00.000,3605.0,False,3,2026-09-28 10:17:00.000,4.0,,,2026-09-28 10:19:00.000,3675.0,3675,2026-09-28 10:20:00.000,3675.0,3662.66,2026-09-28 10:20:00.000,2026-09-28 10:20:00.187,3675.0,2026-09-28 10:20:00.392,3675.0,0.392826,0.0,pullback_structure_snapshot_v1
2026-09-28,v2.3.1,2026-09-28:328130:PULLBACK_SNAPSHOT_DIRECT:60:2026-09-28 10:22:00:SIGNAL,SIGNAL,PULLBACK_SNAPSHOT_DIRECT,,328130,루닛,BOTH,2026-09-28 09:06:04.704,2026-09-28 09:06:04.704,2026-09-28 09:06:04.704,20260928_328130_BASE_E002_090604718318|20260928_328130_PRE_HISTORY_E002_090604763117,2026-09-28:328130:4,PULLBACK_SNAPSHOT_DIRECT,,OK,RECOVERY_PARTIAL,2026-09-28 09:07:00.000,11680.0,2026-09-28 09:09:00.000,-4.452054794520544,2026-09-28 09:22:00.000,11160.0,2026-09-28 09:24:00.000,11400.0,11400.0,2026-09-28 09:26:00.000,11310.0,True,3,2026-09-28 09:27:00.000,59.0,60,READY,2026-09-28 09:14:00.000,11920.0,11420,2026-09-28 10:22:00.000,12200.0,11377.2,2026-09-28 10:22:00.000,2026-09-28 10:22:00.088,12200.0,,,,,pullback_structure_snapshot_v1
2026-09-28,v2.3.1,2026-09-28:328130:PULLBACK_SNAPSHOT_DIRECT:60:2026-09-28 10:22:00:FILL,FILL,PULLBACK_SNAPSHOT_DIRECT,20260928_328130_PULLBACK_SNAPSHOT_DIRECT_2026-09-28:328130:4:60_102202679188,328130,루닛,BOTH,2026-09-28 09:06:04.704,2026-09-28 09:06:04.704,2026-09-28 09:06:04.704,20260928_328130_BASE_E002_090604718318|20260928_328130_PRE_HISTORY_E002_090604763117,2026-09-28:328130:4,PULLBACK_SNAPSHOT_DIRECT,,OK,RECOVERY_PARTIAL,2026-09-28 09:07:00.000,11680.0,2026-09-28 09:09:00.000,-4.452054794520544,2026-09-28 09:22:00.000,11160.0,2026-09-28 09:24:00.000,11400.0,11400.0,2026-09-28 09:26:00.000,11310.0,True,3,2026-09-28 09:27:00.000,59.0,60,READY,2026-09-28 09:14:00.000,11920.0,11420,2026-09-28 10:22:00.000,12200.0,11377.2,2026-09-28 10:22:00.000,2026-09-28 10:22:00.088,12200.0,2026-09-28 10:22:00.971,12190.0,0.971617,-0.08196721311475308,pullback_structure_snapshot_v1
2026-09-28,v2.3.1,2026-09-28:328130:PULLBACK_SNAPSHOT_RECLAIM:60:2026-09-28 10:23:00:SIGNAL,SIGNAL,PULLBACK_SNAPSHOT_RECLAIM,,328130,루닛,BOTH,2026-09-28 09:06:04.704,2026-09-28 09:06:04.704,2026-09-28 09:06:04.704,20260928_328130_BASE_E002_090604718318|20260928_328130_PRE_HISTORY_E002_090604763117,2026-09-28:328130:4,PULLBACK_SNAPSHOT_RECLAIM,,OK,RECOVERY_PARTIAL,2026-09-28 09:07:00.000,11680.0,2026-09-28 09:09:00.000,-4.452054794520544,2026-09-28 09:22:00.000,11160.0,2026-09-28 09:24:00.000,11400.0,11400.0,2026-09-28 09:26:00.000,11310.0,True,3,2026-09-28 09:27:00.000,60.0,60,READY,2026-09-28 09:14:00.000,11920.0,11420,2026-09-28 10:23:00.000,12140.0,11377.2,2026-09-28 10:23:00.000,2026-09-28 10:23:00.088,12140.0,,,,,pullback_structure_snapshot_v1
2026-09-28,v2.3.1,2026-09-28:328130:PULLBACK_SNAPSHOT_RECLAIM:60:2026-09-28 10:23:00:FILL,FILL,PULLBACK_SNAPSHOT_RECLAIM,20260928_328130_PULLBACK_SNAPSHOT_RECLAIM_2026-09-28:328130:4:60_102303853712,328130,루닛,BOTH,2026-09-28 09:06:04.704,2026-09-28 09:06:04.704,2026-09-28 09:06:04.704,20260928_328130_BASE_E002_090604718318|20260928_328130_PRE_HISTORY_E002_090604763117,2026-09-28:328130:4,PULLBACK_SNAPSHOT_RECLAIM,,OK,RECOVERY_PARTIAL,2026-09-28 09:07:00.000,11680.0,2026-09-28 09:09:00.000,-4.452054794520544,2026-09-28 09:22:00.000,11160.0,2026-09-28 09:24:00.000,11400.0,11400.0,2026-09-28 09:26:00.000,11310.0,True,3,2026-09-28 09:27:00.000,60.0,60,READY,2026-09-28 09:14:00.000,11920.0,11420,2026-09-28 10:23:00.000,12140.0,11377.2,2026-09-28 10:23:00.000,2026-09-28 10:23:00.088,12140.0,2026-09-28 10:23:00.289,12140.0,0.289293,0.0,pullback_structure_snapshot_v1
2026-09-28,v2.3.1,2026-09-28:047040:PULLBACK_SNAPSHOT_DIRECT:60:2026-09-28 10:34:00:SIGNAL,SIGNAL,PULLBACK_SNAPSHOT_DIRECT,,047040,대우건설,BASE,2026-09-28 09:19:09.045,2026-09-28 09:19:09.045,,20260928_047040_BASE_E002_091909062636,2026-09-28:047040:1,PULLBACK_SNAPSHOT_DIRECT,,OK,RECOVERY_PARTIAL,2026-09-28 09:27:00.000,18920.0,2026-09-28 09:33:00.000,-2.008456659619451,2026-09-28 09:34:00.000,18540.0,2026-09-28 09:39:00.000,19100.0,19100.0,2026-09-28 09:40:00.000,18930.0,True,2,2026-09-28 09:41:00.000,59.0,60,READY,2026-09-28 09:43:00.000,19170.0,19120,2026-09-28 10:34:00.000,19030.0,19061.8,2026-09-28 10:34:00.000,2026-09-28 10:34:00.194,19030.0,,,,,pullback_structure_snapshot_v1
2026-09-28,v2.3.1,2026-09-28:047040:PULLBACK_SNAPSHOT_DIRECT:60:2026-09-28 10:34:00:FILL,FILL,PULLBACK_SNAPSHOT_DIRECT,20260928_047040_PULLBACK_SNAPSHOT_DIRECT_2026-09-28:047040:1:60_103404259833,047040,대우건설,BASE,2026-09-28 09:19:09.045,2026-09-28 09:19:09.045,,20260928_047040_BASE_E002_091909062636,2026-09-28:047040:1,PULLBACK_SNAPSHOT_DIRECT,,OK,RECOVERY_PARTIAL,2026-09-28 09:27:00.000,18920.0,2026-09-28 09:33:00.000,-2.008456659619451,2026-09-28 09:34:00.000,18540.0,2026-09-28 09:39:00.000,19100.0,19100.0,2026-09-28 09:40:00.000,18930.0,True,2,2026-09-28 09:41:00.000,59.0,60,READY,2026-09-28 09:43:00.000,19170.0,19120,2026-09-28 10:34:00.000,19030.0,19061.8,2026-09-28 10:34:00.000,2026-09-28 10:34:00.194,19030.0,2026-09-28 10:34:00.195,19030.0,0.195499,0.0,pullback_structure_snapshot_v1
2026-09-28,v2.3.1,2026-09-28:424870:PULLBACK_SNAPSHOT_DIRECT:30:2026-09-28 10:45:00:SIGNAL,SIGNAL,PULLBACK_SNAPSHOT_DIRECT,,424870,이뮨온시아,BASE,2026-09-28 10:03:19.460,2026-09-28 10:03:19.460,,20260928_424870_BASE_E011_100319495775,2026-09-28:424870:2,PULLBACK_SNAPSHOT_DIRECT,,OK,RECOVERY_PARTIAL,2026-09-28 10:10:00.000,3755.0,2026-09-28 10:12:00.000,-3.462050599201061,2026-09-28 10:15:00.000,3625.0,2026-09-28 10:14:00.000,3670.0,3670.0,2026-09-28 10:16:00.000,3605.0,False,3,2026-09-28 10:17:00.000,29.0,30,READY,2026-09-28 10:20:00.000,3675.0,3675,2026-09-28 10:45:00.000,3730.0,3662.66,2026-09-28 10:45:00.000,2026-09-28 10:45:00.509,3730.0,,,,,pullback_structure_snapshot_v1
2026-09-28,v2.3.1,2026-09-28:424870:PULLBACK_SNAPSHOT_DIRECT:30:2026-09-28 10:45:00:FILL,FILL,PULLBACK_SNAPSHOT_DIRECT,20260928_424870_PULLBACK_SNAPSHOT_DIRECT_2026-09-28:424870:2:30_104503256529,424870,이뮨온시아,BASE,2026-09-28 10:03:19.460,2026-09-28 10:03:19.460,,20260928_424870_BASE_E011_100319495775,2026-09-28:424870:2,PULLBACK_SNAPSHOT_DIRECT,,OK,RECOVERY_PARTIAL,2026-09-28 10:10:00.000,3755.0,2026-09-28 10:12:00.000,-3.462050599201061,2026-09-28 10:15:00.000,3625.0,2026-09-28 10:14:00.000,3670.0,3670.0,2026-09-28 10:16:00.000,3605.0,False,3,2026-09-28 10:17:00.000,29.0,30,READY,2026-09-28 10:20:00.000,3675.0,3675,2026-09-28 10:45:00.000,3730.0,3662.66,2026-09-28 10:45:00.000,2026-09-28 10:45:00.509,3730.0,2026-09-28 10:45:00.915,3730.0,0.915938,0.0,pullback_structure_snapshot_v1
2026-09-28,v2.3.1,2026-09-28:424870:PULLBACK_SNAPSHOT_RECLAIM:30:2026-09-28 10:46:00:SIGNAL,SIGNAL,PULLBACK_SNAPSHOT_RECLAIM,,424870,이뮨온시아,BASE,2026-09-28 10:03:19.460,2026-09-28 10:03:19.460,,20260928_424870_BASE_E011_100319495775,2026-09-28:424870:2,PULLBACK_SNAPSHOT_RECLAIM,,OK,RECOVERY_PARTIAL,2026-09-28 10:10:00.000,3755.0,2026-09-28 10:12:00.000,-3.462050599201061,2026-09-28 10:15:00.000,3625.0,2026-09-28 10:14:00.000,3670.0,3670.0,2026-09-28 10:16:00.000,3605.0,False,3,2026-09-28 10:17:00.000,30.0,30,READY,2026-09-28 10:20:00.000,3675.0,3675,2026-09-28 10:46:00.000,3710.0,3662.66,2026-09-28 10:46:00.000,2026-09-28 10:46:00.001,3710.0,,,,,pullback_structure_snapshot_v1
2026-09-28,v2.3.1,2026-09-28:424870:PULLBACK_SNAPSHOT_RECLAIM:30:2026-09-28 10:46:00:FILL,FILL,PULLBACK_SNAPSHOT_RECLAIM,20260928_424870_PULLBACK_SNAPSHOT_RECLAIM_2026-09-28:424870:2:30_104605064811,424870,이뮨온시아,BASE,2026-09-28 10:03:19.460,2026-09-28 10:03:19.460,,20260928_424870_BASE_E011_100319495775,2026-09-28:424870:2,PULLBACK_SNAPSHOT_RECLAIM,,OK,RECOVERY_PARTIAL,2026-09-28 10:10:00.000,3755.0,2026-09-28 10:12:00.000,-3.462050599201061,2026-09-28 10:15:00.000,3625.0,2026-09-28 10:14:00.000,3670.0,3670.0,2026-09-28 10:16:00.000,3605.0,False,3,2026-09-28 10:17:00.000,30.0,30,READY,2026-09-28 10:20:00.000,3675.0,3675,2026-09-28 10:46:00.000,3710.0,3662.66,2026-09-28 10:46:00.000,2026-09-28 10:46:00.001,3710.0,2026-09-28 10:46:00.523,3705.0,0.523079,-0.13477088948786742,pullback_structure_snapshot_v1
2026-09-28,v2.3.1,2026-09-28:328130:PULLBACK_SNAPSHOT_DIRECT:90:2026-09-28 10:52:00:SIGNAL,SIGNAL,PULLBACK_SNAPSHOT_DIRECT,,328130,루닛,BOTH,2026-09-28 09:06:04.704,2026-09-28 09:06:04.704,2026-09-28 09:06:04.704,20260928_328130_BASE_E002_090604718318|20260928_328130_PRE_HISTORY_E002_090604763117,2026-09-28:328130:4,PULLBACK_SNAPSHOT_DIRECT,,OK,RECOVERY_PARTIAL,2026-09-28 09:07:00.000,11680.0,2026-09-28 09:09:00.000,-4.452054794520544,2026-09-28 09:22:00.000,11160.0,2026-09-28 09:24:00.000,11400.0,11400.0,2026-09-28 09:26:00.000,11310.0,True,3,2026-09-28 09:27:00.000,89.0,90,READY,2026-09-28 09:14:00.000,11920.0,11420,2026-09-28 10:52:00.000,12070.0,11377.2,2026-09-28 10:52:00.000,2026-09-28 10:52:00.103,12070.0,,,,,pullback_structure_snapshot_v1
2026-09-28,v2.3.1,2026-09-28:328130:PULLBACK_SNAPSHOT_DIRECT:90:2026-09-28 10:52:00:FILL,FILL,PULLBACK_SNAPSHOT_DIRECT,20260928_328130_PULLBACK_SNAPSHOT_DIRECT_2026-09-28:328130:4:90_105208597360,328130,루닛,BOTH,2026-09-28 09:06:04.704,2026-09-28 09:06:04.704,2026-09-28 09:06:04.704,20260928_328130_BASE_E002_090604718318|20260928_328130_PRE_HISTORY_E002_090604763117,2026-09-28:328130:4,PULLBACK_SNAPSHOT_DIRECT,,OK,RECOVERY_PARTIAL,2026-09-28 09:07:00.000,11680.0,2026-09-28 09:09:00.000,-4.452054794520544,2026-09-28 09:22:00.000,11160.0,2026-09-28 09:24:00.000,11400.0,11400.0,2026-09-28 09:26:00.000,11310.0,True,3,2026-09-28 09:27:00.000,89.0,90,READY,2026-09-28 09:14:00.000,11920.0,11420,2026-09-28 10:52:00.000,12070.0,11377.2,2026-09-28 10:52:00.000,2026-09-28 10:52:00.103,12070.0,2026-09-28 10:52:01.617,12075.0,1.617236,0.041425020712515526,pullback_structure_snapshot_v1
2026-09-28,v2.3.1,2026-09-28:328130:PULLBACK_SNAPSHOT_RECLAIM:90:2026-09-28 10:53:00:SIGNAL,SIGNAL,PULLBACK_SNAPSHOT_RECLAIM,,328130,루닛,BOTH,2026-09-28 09:06:04.704,2026-09-28 09:06:04.704,2026-09-28 09:06:04.704,20260928_328130_BASE_E002_090604718318|20260928_328130_PRE_HISTORY_E002_090604763117,2026-09-28:328130:4,PULLBACK_SNAPSHOT_RECLAIM,,OK,RECOVERY_PARTIAL,2026-09-28 09:07:00.000,11680.0,2026-09-28 09:09:00.000,-4.452054794520544,2026-09-28 09:22:00.000,11160.0,2026-09-28 09:24:00.000,11400.0,11400.0,2026-09-28 09:26:00.000,11310.0,True,3,2026-09-28 09:27:00.000,90.0,90,READY,2026-09-28 09:14:00.000,11920.0,11420,2026-09-28 10:53:00.000,12040.0,11377.2,2026-09-28 10:53:00.000,2026-09-28 10:53:00.401,12040.0,,,,,pullback_structure_snapshot_v1
2026-09-28,v2.3.1,2026-09-28:328130:PULLBACK_SNAPSHOT_RECLAIM:90:2026-09-28 10:53:00:FILL,FILL,PULLBACK_SNAPSHOT_RECLAIM,20260928_328130_PULLBACK_SNAPSHOT_RECLAIM_2026-09-28:328130:4:90_105301673570,328130,루닛,BOTH,2026-09-28 09:06:04.704,2026-09-28 09:06:04.704,2026-09-28 09:06:04.704,20260928_328130_BASE_E002_090604718318|20260928_328130_PRE_HISTORY_E002_090604763117,2026-09-28:328130:4,PULLBACK_SNAPSHOT_RECLAIM,,OK,RECOVERY_PARTIAL,2026-09-28 09:07:00.000,11680.0,2026-09-28 09:09:00.000,-4.452054794520544,2026-09-28 09:22:00.000,11160.0,2026-09-28 09:24:00.000,11400.0,11400.0,2026-09-28 09:26:00.000,11310.0,True,3,2026-09-28 09:27:00.000,90.0,90,READY,2026-09-28 09:14:00.000,11920.0,11420,2026-09-28 10:53:00.000,12040.0,11377.2,2026-09-28 10:53:00.000,2026-09-28 10:53:00.401,12040.0,2026-09-28 10:53:00.505,12040.0,0.50543,0.0,pullback_structure_snapshot_v1
2026-09-28,v2.3.1,2026-09-28:007810:PULLBACK_SNAPSHOT_DIRECT:90:2026-09-28 10:59:00:SIGNAL,SIGNAL,PULLBACK_SNAPSHOT_DIRECT,,007810,코리아써키트,BOTH,2026-09-28 09:18:21.356,2026-09-28 09:18:21.356,2026-09-28 09:18:21.356,20260928_007810_BASE_E003_091821394479|20260928_007810_PRE_HISTORY_E003_091821978472,2026-09-28:007810:2,PULLBACK_SNAPSHOT_DIRECT,,OK,RECOVERY_PARTIAL,2026-09-28 09:19:00.000,70600.0,2026-09-28 09:21:00.000,-4.107648725212465,2026-09-28 09:29:00.000,67700.0,2026-09-28 09:29:00.000,68300.0,68300.0,2026-09-28 09:30:00.000,67500.0,False,4,2026-09-28 09:32:00.000,89.0,90,READY,2026-09-28 09:35:00.000,68400.0,68400,2026-09-28 10:59:00.000,70700.0,68163.4,2026-09-28 10:59:00.000,2026-09-28 10:59:00.003,70700.0,,,,,pullback_structure_snapshot_v1
2026-09-28,v2.3.1,2026-09-28:007810:PULLBACK_SNAPSHOT_DIRECT:90:2026-09-28 10:59:00:FILL,FILL,PULLBACK_SNAPSHOT_DIRECT,20260928_007810_PULLBACK_SNAPSHOT_DIRECT_2026-09-28:007810:2:90_105908782035,007810,코리아써키트,BOTH,2026-09-28 09:18:21.356,2026-09-28 09:18:21.356,2026-09-28 09:18:21.356,20260928_007810_BASE_E003_091821394479|20260928_007810_PRE_HISTORY_E003_091821978472,2026-09-28:007810:2,PULLBACK_SNAPSHOT_DIRECT,,OK,RECOVERY_PARTIAL,2026-09-28 09:19:00.000,70600.0,2026-09-28 09:21:00.000,-4.107648725212465,2026-09-28 09:29:00.000,67700.0,2026-09-28 09:29:00.000,68300.0,68300.0,2026-09-28 09:30:00.000,67500.0,False,4,2026-09-28 09:32:00.000,89.0,90,READY,2026-09-28 09:35:00.000,68400.0,68400,2026-09-28 10:59:00.000,70700.0,68163.4,2026-09-28 10:59:00.000,2026-09-28 10:59:00.003,70700.0,2026-09-28 10:59:05.205,70600.0,5.205715,-0.14144271570014633,pullback_structure_snapshot_v1
2026-09-28,v2.3.1,2026-09-28:007810:PULLBACK_SNAPSHOT_RECLAIM:90:2026-09-28 11:00:00:SIGNAL,SIGNAL,PULLBACK_SNAPSHOT_RECLAIM,,007810,코리아써키트,BOTH,2026-09-28 09:18:21.356,2026-09-28 09:18:21.356,2026-09-28 09:18:21.356,20260928_007810_BASE_E003_091821394479|20260928_007810_PRE_HISTORY_E003_091821978472,2026-09-28:007810:2,PULLBACK_SNAPSHOT_RECLAIM,,OK,RECOVERY_PARTIAL,2026-09-28 09:19:00.000,70600.0,2026-09-28 09:21:00.000,-4.107648725212465,2026-09-28 09:29:00.000,67700.0,2026-09-28 09:29:00.000,68300.0,68300.0,2026-09-28 09:30:00.000,67500.0,False,4,2026-09-28 09:32:00.000,90.0,90,READY,2026-09-28 09:35:00.000,68400.0,68400,2026-09-28 11:00:00.000,70600.0,68163.4,2026-09-28 11:00:00.000,2026-09-28 11:00:01.004,70600.0,,,,,pullback_structure_snapshot_v1
2026-09-28,v2.3.1,2026-09-28:007810:PULLBACK_SNAPSHOT_RECLAIM:90:2026-09-28 11:00:00:FILL,FILL,PULLBACK_SNAPSHOT_RECLAIM,20260928_007810_PULLBACK_SNAPSHOT_RECLAIM_2026-09-28:007810:2:90_110006579051,007810,코리아써키트,BOTH,2026-09-28 09:18:21.356,2026-09-28 09:18:21.356,2026-09-28 09:18:21.356,20260928_007810_BASE_E003_091821394479|20260928_007810_PRE_HISTORY_E003_091821978472,2026-09-28:007810:2,PULLBACK_SNAPSHOT_RECLAIM,,OK,RECOVERY_PARTIAL,2026-09-28 09:19:00.000,70600.0,2026-09-28 09:21:00.000,-4.107648725212465,2026-09-28 09:29:00.000,67700.0,2026-09-28 09:29:00.000,68300.0,68300.0,2026-09-28 09:30:00.000,67500.0,False,4,2026-09-28 09:32:00.000,90.0,90,READY,2026-09-28 09:35:00.000,68400.0,68400,2026-09-28 11:00:00.000,70600.0,68163.4,2026-09-28 11:00:00.000,2026-09-28 11:00:01.004,70600.0,2026-09-28 11:00:01.206,70600.0,1.206387,0.0,pullback_structure_snapshot_v1
2026-09-28,v2.3.1,2026-09-28:387690:PULLBACK_STRUCTURE_ENTRY::2026-09-28 11:15:00:SIGNAL,SIGNAL,PULLBACK_STRUCTURE_ENTRY,,387690,레메디,BASE,2026-09-28 10:41:04.803,2026-09-28 10:41:04.803,,20260928_387690_BASE_E008_104104843133,2026-09-28:387690:3,PULLBACK_STRUCTURE_ENTRY,,OK,RECOVERY_PARTIAL,2026-09-28 10:43:00.000,22350.0,2026-09-28 10:46:00.000,-5.592841163310958,2026-09-28 11:11:00.000,21100.0,2026-09-28 11:10:00.000,21450.0,21450.0,2026-09-28 11:11:00.000,21100.0,False,4,2026-09-28 11:13:00.000,3.0,,,2026-09-28 11:14:00.000,21500.0,21500,2026-09-28 11:15:00.000,21450.0,21407.1,2026-09-28 11:15:00.000,2026-09-28 11:15:00.106,21450.0,,,,,pullback_structure_snapshot_v1
2026-09-28,v2.3.1,2026-09-28:387690:PULLBACK_STRUCTURE_ENTRY::2026-09-28 11:15:00:FILL,FILL,PULLBACK_STRUCTURE_ENTRY,20260928_387690_PULLBACK_STRUCTURE_ENTRY_2026-09-28:387690:3_111504101488,387690,레메디,BASE,2026-09-28 10:41:04.803,2026-09-28 10:41:04.803,,20260928_387690_BASE_E008_104104843133,2026-09-28:387690:3,PULLBACK_STRUCTURE_ENTRY,,OK,RECOVERY_PARTIAL,2026-09-28 10:43:00.000,22350.0,2026-09-28 10:46:00.000,-5.592841163310958,2026-09-28 11:11:00.000,21100.0,2026-09-28 11:10:00.000,21450.0,21450.0,2026-09-28 11:11:00.000,21100.0,False,4,2026-09-28 11:13:00.000,3.0,,,2026-09-28 11:14:00.000,21500.0,21500,2026-09-28 11:15:00.000,21450.0,21407.1,2026-09-28 11:15:00.000,2026-09-28 11:15:00.106,21450.0,2026-09-28 11:15:00.207,21500.0,0.207615,0.2331002331002363,pullback_structure_snapshot_v1
2026-09-28,v2.3.1,2026-09-28:096770:PULLBACK_STRUCTURE_ENTRY::2026-09-28 11:16:00:SIGNAL,SIGNAL,PULLBACK_STRUCTURE_ENTRY,,096770,SK이노베이션,BASE,2026-09-28 09:11:51.793,2026-09-28 09:11:51.793,,20260928_096770_BASE_E001_091151866026,2026-09-28:096770:3,PULLBACK_STRUCTURE_ENTRY,,OK,RECOVERY_PARTIAL,2026-09-28 09:33:00.000,161200.0,2026-09-28 09:46:00.000,-2.8535980148883366,2026-09-28 10:55:00.000,156600.0,2026-09-28 10:59:00.000,157600.0,157600.0,2026-09-28 11:02:00.000,157000.0,True,3,2026-09-28 11:10:00.000,20.0,,,2026-09-28 11:15:00.000,157900.0,157800,2026-09-28 11:16:00.000,157850.0,157284.8,2026-09-28 11:16:00.000,2026-09-28 11:16:00.607,157850.0,,,,,pullback_structure_snapshot_v1
2026-09-28,v2.3.1,2026-09-28:096770:PULLBACK_STRUCTURE_ENTRY::2026-09-28 11:16:00:FILL,FILL,PULLBACK_STRUCTURE_ENTRY,20260928_096770_PULLBACK_STRUCTURE_ENTRY_2026-09-28:096770:3_111602533138,096770,SK이노베이션,BASE,2026-09-28 09:11:51.793,2026-09-28 09:11:51.793,,20260928_096770_BASE_E001_091151866026,2026-09-28:096770:3,PULLBACK_STRUCTURE_ENTRY,,OK,RECOVERY_PARTIAL,2026-09-28 09:33:00.000,161200.0,2026-09-28 09:46:00.000,-2.8535980148883366,2026-09-28 10:55:00.000,156600.0,2026-09-28 10:59:00.000,157600.0,157600.0,2026-09-28 11:02:00.000,157000.0,True,3,2026-09-28 11:10:00.000,20.0,,,2026-09-28 11:15:00.000,157900.0,157800,2026-09-28 11:16:00.000,157850.0,157284.8,2026-09-28 11:16:00.000,2026-09-28 11:16:00.607,157850.0,2026-09-28 11:16:00.905,157800.0,0.905962,-0.03167564143173873,pullback_structure_snapshot_v1
2026-09-28,v2.3.1,2026-09-28:066570:PULLBACK_SNAPSHOT_DIRECT:90:2026-09-28 11:27:00:SIGNAL,SIGNAL,PULLBACK_SNAPSHOT_DIRECT,,066570,LG전자,BASE,2026-09-28 09:23:41.592,2026-09-28 09:23:41.592,,20260928_066570_BASE_E002_092341641436|20260928_066570_BASE_E003_092644426041,2026-09-28:066570:2,PULLBACK_SNAPSHOT_DIRECT,,OK,RECOVERY_PARTIAL,2026-09-28 09:24:00.000,220000.0,2026-09-28 09:31:00.000,-2.2727272727272707,2026-09-28 09:57:00.000,215000.0,2026-09-28 10:00:00.000,216500.0,216500.0,2026-09-28 10:06:00.000,215000.0,False,27,2026-09-28 10:09:00.000,89.0,90,READY,,,217000,2026-09-28 11:27:00.000,216250.0,216067.0,2026-09-28 11:27:00.000,2026-09-28 11:27:00.004,216250.0,,,,,pullback_structure_snapshot_v1
2026-09-28,v2.3.1,2026-09-28:066570:PULLBACK_SNAPSHOT_DIRECT:90:2026-09-28 11:27:00:FILL,FILL,PULLBACK_SNAPSHOT_DIRECT,20260928_066570_PULLBACK_SNAPSHOT_DIRECT_2026-09-28:066570:2:90_112701529645,066570,LG전자,BASE,2026-09-28 09:23:41.592,2026-09-28 09:23:41.592,,20260928_066570_BASE_E002_092341641436|20260928_066570_BASE_E003_092644426041,2026-09-28:066570:2,PULLBACK_SNAPSHOT_DIRECT,,OK,RECOVERY_PARTIAL,2026-09-28 09:24:00.000,220000.0,2026-09-28 09:31:00.000,-2.2727272727272707,2026-09-28 09:57:00.000,215000.0,2026-09-28 10:00:00.000,216500.0,216500.0,2026-09-28 10:06:00.000,215000.0,False,27,2026-09-28 10:09:00.000,89.0,90,READY,,,217000,2026-09-28 11:27:00.000,216250.0,216067.0,2026-09-28 11:27:00.000,2026-09-28 11:27:00.004,216250.0,2026-09-28 11:27:00.204,216000.0,0.204477,-0.11560693641619046,pullback_structure_snapshot_v1
2026-09-28,v2.3.1,2026-09-28:010060:PULLBACK_SNAPSHOT_DIRECT:120:2026-09-28 11:28:00:SIGNAL,SIGNAL,PULLBACK_SNAPSHOT_DIRECT,,010060,OCI홀딩스,BOTH,2026-09-28 09:10:33.879,2026-09-28 09:10:33.879,2026-09-28 09:10:33.879,20260928_010060_BASE_E002_091033909306|20260928_010060_PRE_HISTORY_E002_091034322726,2026-09-28:010060:2,PULLBACK_SNAPSHOT_DIRECT,,OK,RECOVERY_PARTIAL,2026-09-28 09:13:00.000,231000.0,2026-09-28 09:15:00.000,-2.5974025974025983,2026-09-28 09:28:00.000,225000.0,2026-09-28 09:29:00.000,227000.0,227000.0,2026-09-28 09:31:00.000,225000.0,False,8,2026-09-28 09:33:00.000,119.0,120,READY,2026-09-28 09:35:00.000,228000.0,227500,2026-09-28 11:28:00.000,229000.0,226546.0,2026-09-28 11:28:00.000,2026-09-28 11:28:00.407,229000.0,,,,,pullback_structure_snapshot_v1
2026-09-28,v2.3.1,2026-09-28:010060:PULLBACK_SNAPSHOT_DIRECT:120:2026-09-28 11:28:00:FILL,FILL,PULLBACK_SNAPSHOT_DIRECT,20260928_010060_PULLBACK_SNAPSHOT_DIRECT_2026-09-28:010060:2:120_112801639273,010060,OCI홀딩스,BOTH,2026-09-28 09:10:33.879,2026-09-28 09:10:33.879,2026-09-28 09:10:33.879,20260928_010060_BASE_E002_091033909306|20260928_010060_PRE_HISTORY_E002_091034322726,2026-09-28:010060:2,PULLBACK_SNAPSHOT_DIRECT,,OK,RECOVERY_PARTIAL,2026-09-28 09:13:00.000,231000.0,2026-09-28 09:15:00.000,-2.5974025974025983,2026-09-28 09:28:00.000,225000.0,2026-09-28 09:29:00.000,227000.0,227000.0,2026-09-28 09:31:00.000,225000.0,False,8,2026-09-28 09:33:00.000,119.0,120,READY,2026-09-28 09:35:00.000,228000.0,227500,2026-09-28 11:28:00.000,229000.0,226546.0,2026-09-28 11:28:00.000,2026-09-28 11:28:00.407,229000.0,2026-09-28 11:28:00.914,229000.0,0.914332,0.0,pullback_structure_snapshot_v1
2026-09-28,v2.3.1,2026-09-28:010060:PULLBACK_SNAPSHOT_RECLAIM:120:2026-09-28 11:29:00:SIGNAL,SIGNAL,PULLBACK_SNAPSHOT_RECLAIM,,010060,OCI홀딩스,BOTH,2026-09-28 09:10:33.879,2026-09-28 09:10:33.879,2026-09-28 09:10:33.879,20260928_010060_BASE_E002_091033909306|20260928_010060_PRE_HISTORY_E002_091034322726,2026-09-28:010060:2,PULLBACK_SNAPSHOT_RECLAIM,,OK,RECOVERY_PARTIAL,2026-09-28 09:13:00.000,231000.0,2026-09-28 09:15:00.000,-2.5974025974025983,2026-09-28 09:28:00.000,225000.0,2026-09-28 09:29:00.000,227000.0,227000.0,2026-09-28 09:31:00.000,225000.0,False,8,2026-09-28 09:33:00.000,120.0,120,READY,2026-09-28 09:35:00.000,228000.0,227500,2026-09-28 11:29:00.000,228000.0,226546.0,2026-09-28 11:29:00.000,2026-09-28 11:29:00.906,228000.0,,,,,pullback_structure_snapshot_v1
2026-09-28,v2.3.1,2026-09-28:010060:PULLBACK_SNAPSHOT_RECLAIM:120:2026-09-28 11:29:00:FILL,FILL,PULLBACK_SNAPSHOT_RECLAIM,20260928_010060_PULLBACK_SNAPSHOT_RECLAIM_2026-09-28:010060:2:120_112906027098,010060,OCI홀딩스,BOTH,2026-09-28 09:10:33.879,2026-09-28 09:10:33.879,2026-09-28 09:10:33.879,20260928_010060_BASE_E002_091033909306|20260928_010060_PRE_HISTORY_E002_091034322726,2026-09-28:010060:2,PULLBACK_SNAPSHOT_RECLAIM,,OK,RECOVERY_PARTIAL,2026-09-28 09:13:00.000,231000.0,2026-09-28 09:15:00.000,-2.5974025974025983,2026-09-28 09:28:00.000,225000.0,2026-09-28 09:29:00.000,227000.0,227000.0,2026-09-28 09:31:00.000,225000.0,False,8,2026-09-28 09:33:00.000,120.0,120,READY,2026-09-28 09:35:00.000,228000.0,227500,2026-09-28 11:29:00.000,228000.0,226546.0,2026-09-28 11:29:00.000,2026-09-28 11:29:00.906,228000.0,2026-09-28 11:29:01.033,228500.0,1.033558,0.21929824561404132,pullback_structure_snapshot_v1
2026-09-28,v2.3.1,2026-09-28:387690:PULLBACK_SNAPSHOT_DIRECT:30:2026-09-28 11:41:00:SIGNAL,SIGNAL,PULLBACK_SNAPSHOT_DIRECT,,387690,레메디,BASE,2026-09-28 10:41:04.803,2026-09-28 10:41:04.803,,20260928_387690_BASE_E008_104104843133,2026-09-28:387690:3,PULLBACK_SNAPSHOT_DIRECT,,OK,RECOVERY_PARTIAL,2026-09-28 10:43:00.000,22350.0,2026-09-28 10:46:00.000,-5.592841163310958,2026-09-28 11:11:00.000,21100.0,2026-09-28 11:10:00.000,21450.0,21450.0,2026-09-28 11:11:00.000,21100.0,False,5,2026-09-28 11:13:00.000,29.0,30,READY,2026-09-28 11:14:00.000,21500.0,21500,2026-09-28 11:41:00.000,23700.0,21407.1,2026-09-28 11:41:00.000,2026-09-28 11:41:00.027,23700.0,,,,,pullback_structure_snapshot_v1
2026-09-28,v2.3.1,2026-09-28:387690:PULLBACK_SNAPSHOT_DIRECT:30:2026-09-28 11:41:00:FILL,FILL,PULLBACK_SNAPSHOT_DIRECT,20260928_387690_PULLBACK_SNAPSHOT_DIRECT_2026-09-28:387690:3:30_114101591618,387690,레메디,BASE,2026-09-28 10:41:04.803,2026-09-28 10:41:04.803,,20260928_387690_BASE_E008_104104843133,2026-09-28:387690:3,PULLBACK_SNAPSHOT_DIRECT,,OK,RECOVERY_PARTIAL,2026-09-28 10:43:00.000,22350.0,2026-09-28 10:46:00.000,-5.592841163310958,2026-09-28 11:11:00.000,21100.0,2026-09-28 11:10:00.000,21450.0,21450.0,2026-09-28 11:11:00.000,21100.0,False,5,2026-09-28 11:13:00.000,29.0,30,READY,2026-09-28 11:14:00.000,21500.0,21500,2026-09-28 11:41:00.000,23700.0,21407.1,2026-09-28 11:41:00.000,2026-09-28 11:41:00.027,23700.0,2026-09-28 11:41:00.107,23700.0,0.107354,0.0,pullback_structure_snapshot_v1
2026-09-28,v2.3.1,2026-09-28:387690:PULLBACK_SNAPSHOT_RECLAIM:30:2026-09-28 11:42:00:SIGNAL,SIGNAL,PULLBACK_SNAPSHOT_RECLAIM,,387690,레메디,BASE,2026-09-28 10:41:04.803,2026-09-28 10:41:04.803,,20260928_387690_BASE_E008_104104843133,2026-09-28:387690:3,PULLBACK_SNAPSHOT_RECLAIM,,OK,RECOVERY_PARTIAL,2026-09-28 10:43:00.000,22350.0,2026-09-28 10:46:00.000,-5.592841163310958,2026-09-28 11:11:00.000,21100.0,2026-09-28 11:10:00.000,21450.0,21450.0,2026-09-28 11:11:00.000,21100.0,False,5,2026-09-28 11:13:00.000,30.0,30,READY,2026-09-28 11:14:00.000,21500.0,21500,2026-09-28 11:42:00.000,23950.0,21407.1,2026-09-28 11:42:00.000,2026-09-28 11:42:00.004,23950.0,,,,,pullback_structure_snapshot_v1
2026-09-28,v2.3.1,2026-09-28:387690:PULLBACK_SNAPSHOT_RECLAIM:30:2026-09-28 11:42:00:FILL,FILL,PULLBACK_SNAPSHOT_RECLAIM,20260928_387690_PULLBACK_SNAPSHOT_RECLAIM_2026-09-28:387690:3:30_114204165690,387690,레메디,BASE,2026-09-28 10:41:04.803,2026-09-28 10:41:04.803,,20260928_387690_BASE_E008_104104843133,2026-09-28:387690:3,PULLBACK_SNAPSHOT_RECLAIM,,OK,RECOVERY_PARTIAL,2026-09-28 10:43:00.000,22350.0,2026-09-28 10:46:00.000,-5.592841163310958,2026-09-28 11:11:00.000,21100.0,2026-09-28 11:10:00.000,21450.0,21450.0,2026-09-28 11:11:00.000,21100.0,False,5,2026-09-28 11:13:00.000,30.0,30,READY,2026-09-28 11:14:00.000,21500.0,21500,2026-09-28 11:42:00.000,23950.0,21407.1,2026-09-28 11:42:00.000,2026-09-28 11:42:00.004,23950.0,2026-09-28 11:42:00.105,24000.0,0.105639,0.20876826722338038,pullback_structure_snapshot_v1
2026-09-28,v2.3.1,2026-09-28:010060:PULLBACK_SNAPSHOT_DIRECT:150:2026-09-28 11:58:00:SIGNAL,SIGNAL,PULLBACK_SNAPSHOT_DIRECT,,010060,OCI홀딩스,BOTH,2026-09-28 09:10:33.879,2026-09-28 09:10:33.879,2026-09-28 09:10:33.879,20260928_010060_BASE_E002_091033909306|20260928_010060_PRE_HISTORY_E002_091034322726,2026-09-28:010060:2,PULLBACK_SNAPSHOT_DIRECT,,OK,RECOVERY_PARTIAL,2026-09-28 09:13:00.000,231000.0,2026-09-28 09:15:00.000,-2.5974025974025983,2026-09-28 09:28:00.000,225000.0,2026-09-28 09:29:00.000,227000.0,227000.0,2026-09-28 09:31:00.000,225000.0,False,8,2026-09-28 09:33:00.000,149.0,150,READY,2026-09-28 09:35:00.000,228000.0,227500,2026-09-28 11:58:00.000,228000.0,226546.0,2026-09-28 11:58:00.000,2026-09-28 11:58:01.003,228000.0,,,,,pullback_structure_snapshot_v1
2026-09-28,v2.3.1,2026-09-28:010060:PULLBACK_SNAPSHOT_DIRECT:150:2026-09-28 11:58:00:FILL,FILL,PULLBACK_SNAPSHOT_DIRECT,20260928_010060_PULLBACK_SNAPSHOT_DIRECT_2026-09-28:010060:2:150_115802579733,010060,OCI홀딩스,BOTH,2026-09-28 09:10:33.879,2026-09-28 09:10:33.879,2026-09-28 09:10:33.879,20260928_010060_BASE_E002_091033909306|20260928_010060_PRE_HISTORY_E002_091034322726,2026-09-28:010060:2,PULLBACK_SNAPSHOT_DIRECT,,OK,RECOVERY_PARTIAL,2026-09-28 09:13:00.000,231000.0,2026-09-28 09:15:00.000,-2.5974025974025983,2026-09-28 09:28:00.000,225000.0,2026-09-28 09:29:00.000,227000.0,227000.0,2026-09-28 09:31:00.000,225000.0,False,8,2026-09-28 09:33:00.000,149.0,150,READY,2026-09-28 09:35:00.000,228000.0,227500,2026-09-28 11:58:00.000,228000.0,226546.0,2026-09-28 11:58:00.000,2026-09-28 11:58:01.003,228000.0,2026-09-28 11:58:02.112,228500.0,2.112349,0.21929824561404132,pullback_structure_snapshot_v1
2026-09-28,v2.3.1,2026-09-28:010060:PULLBACK_SNAPSHOT_RECLAIM:150:2026-09-28 11:59:00:SIGNAL,SIGNAL,PULLBACK_SNAPSHOT_RECLAIM,,010060,OCI홀딩스,BOTH,2026-09-28 09:10:33.879,2026-09-28 09:10:33.879,2026-09-28 09:10:33.879,20260928_010060_BASE_E002_091033909306|20260928_010060_PRE_HISTORY_E002_091034322726,2026-09-28:010060:2,PULLBACK_SNAPSHOT_RECLAIM,,OK,RECOVERY_PARTIAL,2026-09-28 09:13:00.000,231000.0,2026-09-28 09:15:00.000,-2.5974025974025983,2026-09-28 09:28:00.000,225000.0,2026-09-28 09:29:00.000,227000.0,227000.0,2026-09-28 09:31:00.000,225000.0,False,8,2026-09-28 09:33:00.000,150.0,150,READY,2026-09-28 09:35:00.000,228000.0,227500,2026-09-28 11:59:00.000,228000.0,226546.0,2026-09-28 11:59:00.000,2026-09-28 11:59:00.316,228000.0,,,,,pullback_structure_snapshot_v1
2026-09-28,v2.3.1,2026-09-28:010060:PULLBACK_SNAPSHOT_RECLAIM:150:2026-09-28 11:59:00:FILL,FILL,PULLBACK_SNAPSHOT_RECLAIM,20260928_010060_PULLBACK_SNAPSHOT_RECLAIM_2026-09-28:010060:2:150_115906064750,010060,OCI홀딩스,BOTH,2026-09-28 09:10:33.879,2026-09-28 09:10:33.879,2026-09-28 09:10:33.879,20260928_010060_BASE_E002_091033909306|20260928_010060_PRE_HISTORY_E002_091034322726,2026-09-28:010060:2,PULLBACK_SNAPSHOT_RECLAIM,,OK,RECOVERY_PARTIAL,2026-09-28 09:13:00.000,231000.0,2026-09-28 09:15:00.000,-2.5974025974025983,2026-09-28 09:28:00.000,225000.0,2026-09-28 09:29:00.000,227000.0,227000.0,2026-09-28 09:31:00.000,225000.0,False,8,2026-09-28 09:33:00.000,150.0,150,READY,2026-09-28 09:35:00.000,228000.0,227500,2026-09-28 11:59:00.000,228000.0,226546.0,2026-09-28 11:59:00.000,2026-09-28 11:59:00.316,228000.0,2026-09-28 11:59:00.727,228000.0,0.727775,0.0,pullback_structure_snapshot_v1
2026-09-28,v2.3.1,2026-09-28:066570:PULLBACK_STRUCTURE_ENTRY::2026-09-28 12:03:00:SIGNAL,SIGNAL,PULLBACK_STRUCTURE_ENTRY,,066570,LG전자,BASE,2026-09-28 09:23:41.592,2026-09-28 09:23:41.592,,20260928_066570_BASE_E002_092341641436|20260928_066570_BASE_E003_092644426041,2026-09-28:066570:2,PULLBACK_STRUCTURE_ENTRY,,OK,RECOVERY_PARTIAL,2026-09-28 09:24:00.000,220000.0,2026-09-28 09:31:00.000,-2.2727272727272707,2026-09-28 09:57:00.000,215000.0,2026-09-28 10:00:00.000,216500.0,216500.0,2026-09-28 10:06:00.000,215000.0,False,40,2026-09-28 10:09:00.000,125.0,,,2026-09-28 12:02:00.000,217000.0,217000,2026-09-28 12:03:00.000,217000.0,216067.0,2026-09-28 12:03:00.000,2026-09-28 12:03:02.502,217000.0,,,,,pullback_structure_snapshot_v1
2026-09-28,v2.3.1,2026-09-28:066570:PULLBACK_SNAPSHOT_RECLAIM:90:2026-09-28 12:03:00:SIGNAL,SIGNAL,PULLBACK_SNAPSHOT_RECLAIM,,066570,LG전자,BASE,2026-09-28 09:23:41.592,2026-09-28 09:23:41.592,,20260928_066570_BASE_E002_092341641436|20260928_066570_BASE_E003_092644426041,2026-09-28:066570:2,PULLBACK_SNAPSHOT_RECLAIM,,OK,RECOVERY_PARTIAL,2026-09-28 09:24:00.000,220000.0,2026-09-28 09:31:00.000,-2.2727272727272707,2026-09-28 09:57:00.000,215000.0,2026-09-28 10:00:00.000,216500.0,216500.0,2026-09-28 10:06:00.000,215000.0,False,40,2026-09-28 10:09:00.000,125.0,90,READY,2026-09-28 12:02:00.000,217000.0,217000,2026-09-28 12:03:00.000,217000.0,216067.0,2026-09-28 12:03:00.000,2026-09-28 12:03:02.502,217000.0,,,,,pullback_structure_snapshot_v1
2026-09-28,v2.3.1,2026-09-28:066570:PULLBACK_STRUCTURE_ENTRY::2026-09-28 12:03:00:FILL,FILL,PULLBACK_STRUCTURE_ENTRY,20260928_066570_PULLBACK_STRUCTURE_ENTRY_2026-09-28:066570:2_120306762687,066570,LG전자,BASE,2026-09-28 09:23:41.592,2026-09-28 09:23:41.592,,20260928_066570_BASE_E002_092341641436|20260928_066570_BASE_E003_092644426041,2026-09-28:066570:2,PULLBACK_STRUCTURE_ENTRY,,OK,RECOVERY_PARTIAL,2026-09-28 09:24:00.000,220000.0,2026-09-28 09:31:00.000,-2.2727272727272707,2026-09-28 09:57:00.000,215000.0,2026-09-28 10:00:00.000,216500.0,216500.0,2026-09-28 10:06:00.000,215000.0,False,40,2026-09-28 10:09:00.000,125.0,,,2026-09-28 12:02:00.000,217000.0,217000,2026-09-28 12:03:00.000,217000.0,216067.0,2026-09-28 12:03:00.000,2026-09-28 12:03:02.502,217000.0,2026-09-28 12:03:02.899,217500.0,2.899432,0.23041474654377225,pullback_structure_snapshot_v1
2026-09-28,v2.3.1,2026-09-28:066570:PULLBACK_SNAPSHOT_RECLAIM:90:2026-09-28 12:03:00:FILL,FILL,PULLBACK_SNAPSHOT_RECLAIM,20260928_066570_PULLBACK_SNAPSHOT_RECLAIM_2026-09-28:066570:2:90_120307729032,066570,LG전자,BASE,2026-09-28 09:23:41.592,2026-09-28 09:23:41.592,,20260928_066570_BASE_E002_092341641436|20260928_066570_BASE_E003_092644426041,2026-09-28:066570:2,PULLBACK_SNAPSHOT_RECLAIM,,OK,RECOVERY_PARTIAL,2026-09-28 09:24:00.000,220000.0,2026-09-28 09:31:00.000,-2.2727272727272707,2026-09-28 09:57:00.000,215000.0,2026-09-28 10:00:00.000,216500.0,216500.0,2026-09-28 10:06:00.000,215000.0,False,40,2026-09-28 10:09:00.000,125.0,90,READY,2026-09-28 12:02:00.000,217000.0,217000,2026-09-28 12:03:00.000,217000.0,216067.0,2026-09-28 12:03:00.000,2026-09-28 12:03:02.502,217000.0,2026-09-28 12:03:02.899,217500.0,2.899432,0.23041474654377225,pullback_structure_snapshot_v1
2026-09-28,v2.3.1,2026-09-28:066570:PULLBACK_SNAPSHOT_DIRECT:150:2026-09-28 12:27:00:SIGNAL,SIGNAL,PULLBACK_SNAPSHOT_DIRECT,,066570,LG전자,BASE,2026-09-28 09:23:41.592,2026-09-28 09:23:41.592,,20260928_066570_BASE_E002_092341641436|20260928_066570_BASE_E003_092644426041,2026-09-28:066570:2,PULLBACK_SNAPSHOT_DIRECT,,OK,RECOVERY_PARTIAL,2026-09-28 09:24:00.000,220000.0,2026-09-28 09:31:00.000,-2.2727272727272707,2026-09-28 09:57:00.000,215000.0,2026-09-28 10:00:00.000,216500.0,216500.0,2026-09-28 10:06:00.000,215000.0,False,40,2026-09-28 10:09:00.000,149.0,150,READY,2026-09-28 12:03:00.000,217000.0,217000,2026-09-28 12:27:00.000,217000.0,216067.0,2026-09-28 12:27:00.000,2026-09-28 12:27:00.195,217000.0,,,,,pullback_structure_snapshot_v1
2026-09-28,v2.3.1,2026-09-28:066570:PULLBACK_SNAPSHOT_DIRECT:150:2026-09-28 12:27:00:FILL,FILL,PULLBACK_SNAPSHOT_DIRECT,20260928_066570_PULLBACK_SNAPSHOT_DIRECT_2026-09-28:066570:2:150_122702421327,066570,LG전자,BASE,2026-09-28 09:23:41.592,2026-09-28 09:23:41.592,,20260928_066570_BASE_E002_092341641436|20260928_066570_BASE_E003_092644426041,2026-09-28:066570:2,PULLBACK_SNAPSHOT_DIRECT,,OK,RECOVERY_PARTIAL,2026-09-28 09:24:00.000,220000.0,2026-09-28 09:31:00.000,-2.2727272727272707,2026-09-28 09:57:00.000,215000.0,2026-09-28 10:00:00.000,216500.0,216500.0,2026-09-28 10:06:00.000,215000.0,False,40,2026-09-28 10:09:00.000,149.0,150,READY,2026-09-28 12:03:00.000,217000.0,217000,2026-09-28 12:27:00.000,217000.0,216067.0,2026-09-28 12:27:00.000,2026-09-28 12:27:00.195,217000.0,2026-09-28 12:27:02.096,217000.0,2.096178,0.0,pullback_structure_snapshot_v1
2026-09-28,v2.3.1,2026-09-28:356680:PULLBACK_SNAPSHOT_DIRECT:30:2026-09-28 12:27:00:SIGNAL,SIGNAL,PULLBACK_SNAPSHOT_DIRECT,,356680,엑스게이트,BOTH,2026-09-28 09:06:04.708,2026-09-28 09:06:04.708,2026-09-28 09:06:53.797,20260928_356680_BASE_E001_090604839900|20260928_356680_BASE_E002_090653812698|20260928_356680_PRE_HISTORY_E002_090653951456,2026-09-28:356680:8,PULLBACK_SNAPSHOT_DIRECT,,OK,RECOVERY_PARTIAL,2026-09-28 09:09:00.000,19980.0,2026-09-28 09:11:00.000,-8.108108108108103,2026-09-28 11:57:00.000,18360.0,2026-09-28 12:12:00.000,18740.0,18740.0,2026-09-28 12:12:00.000,18630.0,True,2,2026-09-28 12:14:00.000,29.0,30,READY,2026-09-28 09:36:00.000,19270.0,18760,2026-09-28 12:27:00.000,18640.0,18702.52,2026-09-28 12:27:00.000,2026-09-28 12:27:09.496,18640.0,,,,,pullback_structure_snapshot_v1
2026-09-28,v2.3.1,2026-09-28:356680:PULLBACK_SNAPSHOT_DIRECT:30:2026-09-28 12:27:00:FILL,FILL,PULLBACK_SNAPSHOT_DIRECT,20260928_356680_PULLBACK_SNAPSHOT_DIRECT_2026-09-28:356680:8:30_122715247969,356680,엑스게이트,BOTH,2026-09-28 09:06:04.708,2026-09-28 09:06:04.708,2026-09-28 09:06:53.797,20260928_356680_BASE_E001_090604839900|20260928_356680_BASE_E002_090653812698|20260928_356680_PRE_HISTORY_E002_090653951456,2026-09-28:356680:8,PULLBACK_SNAPSHOT_DIRECT,,OK,RECOVERY_PARTIAL,2026-09-28 09:09:00.000,19980.0,2026-09-28 09:11:00.000,-8.108108108108103,2026-09-28 11:57:00.000,18360.0,2026-09-28 12:12:00.000,18740.0,18740.0,2026-09-28 12:12:00.000,18630.0,True,2,2026-09-28 12:14:00.000,29.0,30,READY,2026-09-28 09:36:00.000,19270.0,18760,2026-09-28 12:27:00.000,18640.0,18702.52,2026-09-28 12:27:00.000,2026-09-28 12:27:09.496,18640.0,2026-09-28 12:27:14.505,18630.0,14.505922,-0.05364806866953176,pullback_structure_snapshot_v1
2026-09-28,v2.3.1,2026-09-28:066570:PULLBACK_SNAPSHOT_RECLAIM:150:2026-09-28 12:28:00:SIGNAL,SIGNAL,PULLBACK_SNAPSHOT_RECLAIM,,066570,LG전자,BASE,2026-09-28 09:23:41.592,2026-09-28 09:23:41.592,,20260928_066570_BASE_E002_092341641436|20260928_066570_BASE_E003_092644426041,2026-09-28:066570:2,PULLBACK_SNAPSHOT_RECLAIM,,OK,RECOVERY_PARTIAL,2026-09-28 09:24:00.000,220000.0,2026-09-28 09:31:00.000,-2.2727272727272707,2026-09-28 09:57:00.000,215000.0,2026-09-28 10:00:00.000,216500.0,216500.0,2026-09-28 10:06:00.000,215000.0,False,40,2026-09-28 10:09:00.000,150.0,150,READY,2026-09-28 12:03:00.000,217000.0,217000,2026-09-28 12:28:00.000,216500.0,216067.0,2026-09-28 12:28:00.000,2026-09-28 12:28:00.439,216500.0,,,,,pullback_structure_snapshot_v1
2026-09-28,v2.3.1,2026-09-28:010060:PULLBACK_SNAPSHOT_DIRECT:180:2026-09-28 12:28:00:SIGNAL,SIGNAL,PULLBACK_SNAPSHOT_DIRECT,,010060,OCI홀딩스,BOTH,2026-09-28 09:10:33.879,2026-09-28 09:10:33.879,2026-09-28 09:10:33.879,20260928_010060_BASE_E002_091033909306|20260928_010060_PRE_HISTORY_E002_091034322726,2026-09-28:010060:2,PULLBACK_SNAPSHOT_DIRECT,,OK,RECOVERY_PARTIAL,2026-09-28 09:13:00.000,231000.0,2026-09-28 09:15:00.000,-2.5974025974025983,2026-09-28 09:28:00.000,225000.0,2026-09-28 09:29:00.000,227000.0,227000.0,2026-09-28 09:31:00.000,225000.0,False,8,2026-09-28 09:33:00.000,179.0,180,READY,2026-09-28 09:35:00.000,228000.0,227500,2026-09-28 12:28:00.000,230000.0,226546.0,2026-09-28 12:28:00.000,2026-09-28 12:28:00.517,230000.0,,,,,pullback_structure_snapshot_v1
2026-09-28,v2.3.1,2026-09-28:066570:PULLBACK_SNAPSHOT_RECLAIM:150:2026-09-28 12:28:00:FILL,FILL,PULLBACK_SNAPSHOT_RECLAIM,20260928_066570_PULLBACK_SNAPSHOT_RECLAIM_2026-09-28:066570:2:150_122810438601,066570,LG전자,BASE,2026-09-28 09:23:41.592,2026-09-28 09:23:41.592,,20260928_066570_BASE_E002_092341641436|20260928_066570_BASE_E003_092644426041,2026-09-28:066570:2,PULLBACK_SNAPSHOT_RECLAIM,,OK,RECOVERY_PARTIAL,2026-09-28 09:24:00.000,220000.0,2026-09-28 09:31:00.000,-2.2727272727272707,2026-09-28 09:57:00.000,215000.0,2026-09-28 10:00:00.000,216500.0,216500.0,2026-09-28 10:06:00.000,215000.0,False,40,2026-09-28 10:09:00.000,150.0,150,READY,2026-09-28 12:03:00.000,217000.0,217000,2026-09-28 12:28:00.000,216500.0,216067.0,2026-09-28 12:28:00.000,2026-09-28 12:28:00.439,216500.0,2026-09-28 12:28:00.517,216500.0,0.517246,0.0,pullback_structure_snapshot_v1
2026-09-28,v2.3.1,2026-09-28:010060:PULLBACK_SNAPSHOT_DIRECT:180:2026-09-28 12:28:00:FILL,FILL,PULLBACK_SNAPSHOT_DIRECT,20260928_010060_PULLBACK_SNAPSHOT_DIRECT_2026-09-28:010060:2:180_122812380977,010060,OCI홀딩스,BOTH,2026-09-28 09:10:33.879,2026-09-28 09:10:33.879,2026-09-28 09:10:33.879,20260928_010060_BASE_E002_091033909306|20260928_010060_PRE_HISTORY_E002_091034322726,2026-09-28:010060:2,PULLBACK_SNAPSHOT_DIRECT,,OK,RECOVERY_PARTIAL,2026-09-28 09:13:00.000,231000.0,2026-09-28 09:15:00.000,-2.5974025974025983,2026-09-28 09:28:00.000,225000.0,2026-09-28 09:29:00.000,227000.0,227000.0,2026-09-28 09:31:00.000,225000.0,False,8,2026-09-28 09:33:00.000,179.0,180,READY,2026-09-28 09:35:00.000,228000.0,227500,2026-09-28 12:28:00.000,230000.0,226546.0,2026-09-28 12:28:00.000,2026-09-28 12:28:00.517,230000.0,2026-09-28 12:28:01.213,230000.0,1.213396,0.0,pullback_structure_snapshot_v1
2026-09-28,v2.3.1,2026-09-28:010060:PULLBACK_SNAPSHOT_RECLAIM:180:2026-09-28 12:29:00:SIGNAL,SIGNAL,PULLBACK_SNAPSHOT_RECLAIM,,010060,OCI홀딩스,BOTH,2026-09-28 09:10:33.879,2026-09-28 09:10:33.879,2026-09-28 09:10:33.879,20260928_010060_BASE_E002_091033909306|20260928_010060_PRE_HISTORY_E002_091034322726,2026-09-28:010060:2,PULLBACK_SNAPSHOT_RECLAIM,,OK,RECOVERY_PARTIAL,2026-09-28 09:13:00.000,231000.0,2026-09-28 09:15:00.000,-2.5974025974025983,2026-09-28 09:28:00.000,225000.0,2026-09-28 09:29:00.000,227000.0,227000.0,2026-09-28 09:31:00.000,225000.0,False,8,2026-09-28 09:33:00.000,180.0,180,READY,2026-09-28 09:35:00.000,228000.0,227500,2026-09-28 12:29:00.000,229500.0,226546.0,2026-09-28 12:29:00.000,2026-09-28 12:29:01.094,229500.0,,,,,pullback_structure_snapshot_v1
2026-09-28,v2.3.1,2026-09-28:010060:PULLBACK_SNAPSHOT_RECLAIM:180:2026-09-28 12:29:00:FILL,FILL,PULLBACK_SNAPSHOT_RECLAIM,20260928_010060_PULLBACK_SNAPSHOT_RECLAIM_2026-09-28:010060:2:180_122903163899,010060,OCI홀딩스,BOTH,2026-09-28 09:10:33.879,2026-09-28 09:10:33.879,2026-09-28 09:10:33.879,20260928_010060_BASE_E002_091033909306|20260928_010060_PRE_HISTORY_E002_091034322726,2026-09-28:010060:2,PULLBACK_SNAPSHOT_RECLAIM,,OK,RECOVERY_PARTIAL,2026-09-28 09:13:00.000,231000.0,2026-09-28 09:15:00.000,-2.5974025974025983,2026-09-28 09:28:00.000,225000.0,2026-09-28 09:29:00.000,227000.0,227000.0,2026-09-28 09:31:00.000,225000.0,False,8,2026-09-28 09:33:00.000,180.0,180,READY,2026-09-28 09:35:00.000,228000.0,227500,2026-09-28 12:29:00.000,229500.0,226546.0,2026-09-28 12:29:00.000,2026-09-28 12:29:01.094,229500.0,2026-09-28 12:29:02.799,229750.0,2.799834,0.10893246187364536,pullback_structure_snapshot_v1
2026-09-28,v2.3.1,2026-09-28:014950:PULLBACK_STRUCTURE_ENTRY::2026-09-28 12:33:00:SIGNAL,SIGNAL,PULLBACK_STRUCTURE_ENTRY,,014950,삼익제약,BASE,2026-09-28 12:01:30.821,2026-09-28 12:01:30.821,,20260928_014950_BASE_E013_120130836296,2026-09-28:014950:5,PULLBACK_STRUCTURE_ENTRY,,OK,RECOVERY_PARTIAL,2026-09-28 12:02:00.000,10790.0,2026-09-28 12:04:00.000,-5.3753475440222465,2026-09-28 12:28:00.000,10210.0,2026-09-28 12:29:00.000,10290.0,10290.0,2026-09-28 12:31:00.000,10230.0,True,3,2026-09-28 12:32:00.000,4.0,,,2026-09-28 12:32:00.000,10360.0,10310,2026-09-28 12:33:00.000,10330.0,10269.42,2026-09-28 12:33:00.000,2026-09-28 12:33:00.300,10330.0,,,,,pullback_structure_snapshot_v1
2026-09-28,v2.3.1,2026-09-28:014950:PULLBACK_STRUCTURE_ENTRY::2026-09-28 12:33:00:FILL,FILL,PULLBACK_STRUCTURE_ENTRY,20260928_014950_PULLBACK_STRUCTURE_ENTRY_2026-09-28:014950:5_123307891075,014950,삼익제약,BASE,2026-09-28 12:01:30.821,2026-09-28 12:01:30.821,,20260928_014950_BASE_E013_120130836296,2026-09-28:014950:5,PULLBACK_STRUCTURE_ENTRY,,OK,RECOVERY_PARTIAL,2026-09-28 12:02:00.000,10790.0,2026-09-28 12:04:00.000,-5.3753475440222465,2026-09-28 12:28:00.000,10210.0,2026-09-28 12:29:00.000,10290.0,10290.0,2026-09-28 12:31:00.000,10230.0,True,3,2026-09-28 12:32:00.000,4.0,,,2026-09-28 12:32:00.000,10360.0,10310,2026-09-28 12:33:00.000,10330.0,10269.42,2026-09-28 12:33:00.000,2026-09-28 12:33:00.300,10330.0,2026-09-28 12:33:05.423,10310.0,5.423949,-0.19361084220715918,pullback_structure_snapshot_v1
2026-09-28,v2.3.1,2026-09-28:178320:PULLBACK_SNAPSHOT_DIRECT:30:2026-09-28 12:35:00:SIGNAL,SIGNAL,PULLBACK_SNAPSHOT_DIRECT,,178320,서진시스템,BASE,2026-09-28 09:21:18.464,2026-09-28 09:21:18.464,,20260928_178320_BASE_E002_092118532447,2026-09-28:178320:4,PULLBACK_SNAPSHOT_DIRECT,,OK,RECOVERY_PARTIAL,2026-09-28 09:24:00.000,37550.0,2026-09-28 09:28:00.000,-5.725699067909451,2026-09-28 12:05:00.000,35400.0,2026-09-28 12:10:00.000,35700.0,35700.0,2026-09-28 12:14:00.000,35550.0,True,2,2026-09-28 12:19:00.000,29.0,30,READY,2026-09-28 09:46:00.000,37050.0,35750,2026-09-28 12:35:00.000,35800.0,35628.6,2026-09-28 12:35:00.000,2026-09-28 12:35:01.896,35800.0,,,,,pullback_structure_snapshot_v1
2026-09-28,v2.3.1,2026-09-28:178320:PULLBACK_SNAPSHOT_DIRECT:30:2026-09-28 12:35:00:FILL,FILL,PULLBACK_SNAPSHOT_DIRECT,20260928_178320_PULLBACK_SNAPSHOT_DIRECT_2026-09-28:178320:4:30_123510938474,178320,서진시스템,BASE,2026-09-28 09:21:18.464,2026-09-28 09:21:18.464,,20260928_178320_BASE_E002_092118532447,2026-09-28:178320:4,PULLBACK_SNAPSHOT_DIRECT,,OK,RECOVERY_PARTIAL,2026-09-28 09:24:00.000,37550.0,2026-09-28 09:28:00.000,-5.725699067909451,2026-09-28 12:05:00.000,35400.0,2026-09-28 12:10:00.000,35700.0,35700.0,2026-09-28 12:14:00.000,35550.0,True,2,2026-09-28 12:19:00.000,29.0,30,READY,2026-09-28 09:46:00.000,37050.0,35750,2026-09-28 12:35:00.000,35800.0,35628.6,2026-09-28 12:35:00.000,2026-09-28 12:35:01.896,35800.0,2026-09-28 12:35:04.205,35800.0,4.205951,0.0,pullback_structure_snapshot_v1
2026-09-28,v2.3.1,2026-09-28:178320:PULLBACK_SNAPSHOT_RECLAIM:30:2026-09-28 12:36:00:SIGNAL,SIGNAL,PULLBACK_SNAPSHOT_RECLAIM,,178320,서진시스템,BASE,2026-09-28 09:21:18.464,2026-09-28 09:21:18.464,,20260928_178320_BASE_E002_092118532447,2026-09-28:178320:4,PULLBACK_SNAPSHOT_RECLAIM,,OK,RECOVERY_PARTIAL,2026-09-28 09:24:00.000,37550.0,2026-09-28 09:28:00.000,-5.725699067909451,2026-09-28 12:05:00.000,35400.0,2026-09-28 12:10:00.000,35700.0,35700.0,2026-09-28 12:14:00.000,35550.0,True,2,2026-09-28 12:19:00.000,30.0,30,READY,2026-09-28 09:46:00.000,37050.0,35750,2026-09-28 12:36:00.000,35800.0,35628.6,2026-09-28 12:36:00.000,2026-09-28 12:36:00.692,35800.0,,,,,pullback_structure_snapshot_v1
2026-09-28,v2.3.1,2026-09-28:178320:PULLBACK_SNAPSHOT_RECLAIM:30:2026-09-28 12:36:00:FILL,FILL,PULLBACK_SNAPSHOT_RECLAIM,20260928_178320_PULLBACK_SNAPSHOT_RECLAIM_2026-09-28:178320:4:30_123603996274,178320,서진시스템,BASE,2026-09-28 09:21:18.464,2026-09-28 09:21:18.464,,20260928_178320_BASE_E002_092118532447,2026-09-28:178320:4,PULLBACK_SNAPSHOT_RECLAIM,,OK,RECOVERY_PARTIAL,2026-09-28 09:24:00.000,37550.0,2026-09-28 09:28:00.000,-5.725699067909451,2026-09-28 12:05:00.000,35400.0,2026-09-28 12:10:00.000,35700.0,35700.0,2026-09-28 12:14:00.000,35550.0,True,2,2026-09-28 12:19:00.000,30.0,30,READY,2026-09-28 09:46:00.000,37050.0,35750,2026-09-28 12:36:00.000,35800.0,35628.6,2026-09-28 12:36:00.000,2026-09-28 12:36:00.692,35800.0,2026-09-28 12:36:03.994,35800.0,3.994227,0.0,pullback_structure_snapshot_v1
2026-09-28,v2.3.1,2026-09-28:009830:PULLBACK_SNAPSHOT_DIRECT:60:2026-09-28 12:49:00:SIGNAL,SIGNAL,PULLBACK_SNAPSHOT_DIRECT,,009830,한화솔루션,BOTH,2026-09-28 09:06:35.927,2026-09-28 09:06:35.927,2026-09-28 09:06:35.927,20260928_009830_BASE_E002_090635945019|20260928_009830_PRE_HISTORY_E002_090636133834,2026-09-28:009830:6,PULLBACK_SNAPSHOT_DIRECT,,OK,RECOVERY_PARTIAL,2026-09-28 09:16:00.000,33450.0,2026-09-28 09:18:00.000,-4.783258594917783,2026-09-28 11:49:00.000,31850.0,2026-09-28 11:52:00.000,32100.0,32100.0,2026-09-28 12:16:00.000,31800.0,False,4,2026-09-28 12:18:00.000,59.0,60,READY,2026-09-28 09:24:00.000,33050.0,32150,2026-09-28 12:49:00.000,32200.0,32035.8,2026-09-28 12:49:00.000,2026-09-28 12:49:01.395,32200.0,,,,,pullback_structure_snapshot_v1
2026-09-28,v2.3.1,2026-09-28:009830:PULLBACK_SNAPSHOT_DIRECT:60:2026-09-28 12:49:00:FILL,FILL,PULLBACK_SNAPSHOT_DIRECT,20260928_009830_PULLBACK_SNAPSHOT_DIRECT_2026-09-28:009830:6:60_124906010270,009830,한화솔루션,BOTH,2026-09-28 09:06:35.927,2026-09-28 09:06:35.927,2026-09-28 09:06:35.927,20260928_009830_BASE_E002_090635945019|20260928_009830_PRE_HISTORY_E002_090636133834,2026-09-28:009830:6,PULLBACK_SNAPSHOT_DIRECT,,OK,RECOVERY_PARTIAL,2026-09-28 09:16:00.000,33450.0,2026-09-28 09:18:00.000,-4.783258594917783,2026-09-28 11:49:00.000,31850.0,2026-09-28 11:52:00.000,32100.0,32100.0,2026-09-28 12:16:00.000,31800.0,False,4,2026-09-28 12:18:00.000,59.0,60,READY,2026-09-28 09:24:00.000,33050.0,32150,2026-09-28 12:49:00.000,32200.0,32035.8,2026-09-28 12:49:00.000,2026-09-28 12:49:01.395,32200.0,2026-09-28 12:49:02.010,32200.0,2.010982,0.0,pullback_structure_snapshot_v1
2026-09-28,v2.3.1,2026-09-28:009830:PULLBACK_SNAPSHOT_RECLAIM:60:2026-09-28 12:50:00:SIGNAL,SIGNAL,PULLBACK_SNAPSHOT_RECLAIM,,009830,한화솔루션,BOTH,2026-09-28 09:06:35.927,2026-09-28 09:06:35.927,2026-09-28 09:06:35.927,20260928_009830_BASE_E002_090635945019|20260928_009830_PRE_HISTORY_E002_090636133834,2026-09-28:009830:6,PULLBACK_SNAPSHOT_RECLAIM,,OK,RECOVERY_PARTIAL,2026-09-28 09:16:00.000,33450.0,2026-09-28 09:18:00.000,-4.783258594917783,2026-09-28 11:49:00.000,31850.0,2026-09-28 11:52:00.000,32100.0,32100.0,2026-09-28 12:16:00.000,31800.0,False,4,2026-09-28 12:18:00.000,60.0,60,READY,2026-09-28 09:24:00.000,33050.0,32150,2026-09-28 12:50:00.000,32250.0,32035.8,2026-09-28 12:50:00.000,2026-09-28 12:50:00.088,32250.0,,,,,pullback_structure_snapshot_v1
2026-09-28,v2.3.1,2026-09-28:009830:PULLBACK_SNAPSHOT_RECLAIM:60:2026-09-28 12:50:00:FILL,FILL,PULLBACK_SNAPSHOT_RECLAIM,20260928_009830_PULLBACK_SNAPSHOT_RECLAIM_2026-09-28:009830:6:60_125006665638,009830,한화솔루션,BOTH,2026-09-28 09:06:35.927,2026-09-28 09:06:35.927,2026-09-28 09:06:35.927,20260928_009830_BASE_E002_090635945019|20260928_009830_PRE_HISTORY_E002_090636133834,2026-09-28:009830:6,PULLBACK_SNAPSHOT_RECLAIM,,OK,RECOVERY_PARTIAL,2026-09-28 09:16:00.000,33450.0,2026-09-28 09:18:00.000,-4.783258594917783,2026-09-28 11:49:00.000,31850.0,2026-09-28 11:52:00.000,32100.0,32100.0,2026-09-28 12:16:00.000,31800.0,False,4,2026-09-28 12:18:00.000,60.0,60,READY,2026-09-28 09:24:00.000,33050.0,32150,2026-09-28 12:50:00.000,32250.0,32035.8,2026-09-28 12:50:00.000,2026-09-28 12:50:00.088,32250.0,2026-09-28 12:50:00.189,32250.0,0.189734,0.0,pullback_structure_snapshot_v1
2026-09-28,v2.3.1,2026-09-28:012210:PULLBACK_STRUCTURE_ENTRY::2026-09-28 12:57:00:SIGNAL,SIGNAL,PULLBACK_STRUCTURE_ENTRY,,012210,삼미금속,BASE,2026-09-28 12:33:29.150,2026-09-28 12:33:29.150,,20260928_012210_BASE_E002_123329162555,2026-09-28:012210:1,PULLBACK_STRUCTURE_ENTRY,,OK,RECOVERY_PARTIAL,2026-09-28 12:40:00.000,13520.0,2026-09-28 12:46:00.000,-2.2928994082840215,2026-09-28 12:46:00.000,13210.0,2026-09-28 12:46:00.000,13420.0,13420.0,2026-09-28 12:49:00.000,13140.0,False,3,2026-09-28 12:50:00.000,10.0,,,2026-09-28 12:56:00.000,13450.0,13440,2026-09-28 12:57:00.000,13410.0,13393.16,2026-09-28 12:57:00.000,2026-09-28 12:57:00.085,13410.0,,,,,pullback_structure_snapshot_v1
2026-09-28,v2.3.1,2026-09-28:012210:PULLBACK_STRUCTURE_ENTRY::2026-09-28 12:57:00:FILL,FILL,PULLBACK_STRUCTURE_ENTRY,20260928_012210_PULLBACK_STRUCTURE_ENTRY_2026-09-28:012210:1_125707533585,012210,삼미금속,BASE,2026-09-28 12:33:29.150,2026-09-28 12:33:29.150,,20260928_012210_BASE_E002_123329162555,2026-09-28:012210:1,PULLBACK_STRUCTURE_ENTRY,,OK,RECOVERY_PARTIAL,2026-09-28 12:40:00.000,13520.0,2026-09-28 12:46:00.000,-2.2928994082840215,2026-09-28 12:46:00.000,13210.0,2026-09-28 12:46:00.000,13420.0,13420.0,2026-09-28 12:49:00.000,13140.0,False,3,2026-09-28 12:50:00.000,10.0,,,2026-09-28 12:56:00.000,13450.0,13440,2026-09-28 12:57:00.000,13410.0,13393.16,2026-09-28 12:57:00.000,2026-09-28 12:57:00.085,13410.0,2026-09-28 12:57:00.287,13410.0,0.287674,0.0,pullback_structure_snapshot_v1
2026-09-28,v2.3.1,2026-09-28:356680:PULLBACK_SNAPSHOT_DIRECT:60:2026-09-28 12:57:00:SIGNAL,SIGNAL,PULLBACK_SNAPSHOT_DIRECT,,356680,엑스게이트,BOTH,2026-09-28 09:06:04.708,2026-09-28 09:06:04.708,2026-09-28 09:06:53.797,20260928_356680_BASE_E001_090604839900|20260928_356680_BASE_E002_090653812698|20260928_356680_PRE_HISTORY_E002_090653951456,2026-09-28:356680:8,PULLBACK_SNAPSHOT_DIRECT,,OK,RECOVERY_PARTIAL,2026-09-28 09:09:00.000,19980.0,2026-09-28 09:11:00.000,-8.108108108108103,2026-09-28 11:57:00.000,18360.0,2026-09-28 12:12:00.000,18740.0,18740.0,2026-09-28 12:12:00.000,18630.0,True,2,2026-09-28 12:14:00.000,59.0,60,READY,2026-09-28 09:36:00.000,19270.0,18760,2026-09-28 12:57:00.000,18680.0,18702.52,2026-09-28 12:57:00.000,2026-09-28 12:57:01.796,18680.0,,,,,pullback_structure_snapshot_v1
2026-09-28,v2.3.1,2026-09-28:356680:PULLBACK_SNAPSHOT_DIRECT:60:2026-09-28 12:57:00:FILL,FILL,PULLBACK_SNAPSHOT_DIRECT,20260928_356680_PULLBACK_SNAPSHOT_DIRECT_2026-09-28:356680:8:60_125713348035,356680,엑스게이트,BOTH,2026-09-28 09:06:04.708,2026-09-28 09:06:04.708,2026-09-28 09:06:53.797,20260928_356680_BASE_E001_090604839900|20260928_356680_BASE_E002_090653812698|20260928_356680_PRE_HISTORY_E002_090653951456,2026-09-28:356680:8,PULLBACK_SNAPSHOT_DIRECT,,OK,RECOVERY_PARTIAL,2026-09-28 09:09:00.000,19980.0,2026-09-28 09:11:00.000,-8.108108108108103,2026-09-28 11:57:00.000,18360.0,2026-09-28 12:12:00.000,18740.0,18740.0,2026-09-28 12:12:00.000,18630.0,True,2,2026-09-28 12:14:00.000,59.0,60,READY,2026-09-28 09:36:00.000,19270.0,18760,2026-09-28 12:57:00.000,18680.0,18702.52,2026-09-28 12:57:00.000,2026-09-28 12:57:01.796,18680.0,2026-09-28 12:57:02.300,18680.0,2.300147,0.0,pullback_structure_snapshot_v1
2026-09-28,v2.3.1,2026-09-28:066570:PULLBACK_SNAPSHOT_DIRECT:180:2026-09-28 12:57:00:SIGNAL,SIGNAL,PULLBACK_SNAPSHOT_DIRECT,,066570,LG전자,BASE,2026-09-28 09:23:41.592,2026-09-28 09:23:41.592,,20260928_066570_BASE_E002_092341641436|20260928_066570_BASE_E003_092644426041,2026-09-28:066570:2,PULLBACK_SNAPSHOT_DIRECT,,OK,RECOVERY_PARTIAL,2026-09-28 09:24:00.000,220000.0,2026-09-28 09:31:00.000,-2.2727272727272707,2026-09-28 09:57:00.000,215000.0,2026-09-28 10:00:00.000,216500.0,216500.0,2026-09-28 10:06:00.000,215000.0,False,40,2026-09-28 10:09:00.000,179.0,180,READY,2026-09-28 12:03:00.000,217000.0,217000,2026-09-28 12:57:00.000,216250.0,216067.0,2026-09-28 12:57:00.000,2026-09-28 12:57:03.008,216250.0,,,,,pullback_structure_snapshot_v1
2026-09-28,v2.3.1,2026-09-28:066570:PULLBACK_SNAPSHOT_DIRECT:180:2026-09-28 12:57:00:FILL,FILL,PULLBACK_SNAPSHOT_DIRECT,20260928_066570_PULLBACK_SNAPSHOT_DIRECT_2026-09-28:066570:2:180_125720886630,066570,LG전자,BASE,2026-09-28 09:23:41.592,2026-09-28 09:23:41.592,,20260928_066570_BASE_E002_092341641436|20260928_066570_BASE_E003_092644426041,2026-09-28:066570:2,PULLBACK_SNAPSHOT_DIRECT,,OK,RECOVERY_PARTIAL,2026-09-28 09:24:00.000,220000.0,2026-09-28 09:31:00.000,-2.2727272727272707,2026-09-28 09:57:00.000,215000.0,2026-09-28 10:00:00.000,216500.0,216500.0,2026-09-28 10:06:00.000,215000.0,False,40,2026-09-28 10:09:00.000,179.0,180,READY,2026-09-28 12:03:00.000,217000.0,217000,2026-09-28 12:57:00.000,216250.0,216067.0,2026-09-28 12:57:00.000,2026-09-28 12:57:03.008,216250.0,2026-09-28 12:57:03.195,216500.0,3.195388,0.11560693641619046,pullback_structure_snapshot_v1
2026-09-28,v2.3.1,2026-09-28:010060:PULLBACK_SNAPSHOT_DIRECT:210:2026-09-28 12:58:00:SIGNAL,SIGNAL,PULLBACK_SNAPSHOT_DIRECT,,010060,OCI홀딩스,BOTH,2026-09-28 09:10:33.879,2026-09-28 09:10:33.879,2026-09-28 09:10:33.879,20260928_010060_BASE_E002_091033909306|20260928_010060_PRE_HISTORY_E002_091034322726,2026-09-28:010060:2,PULLBACK_SNAPSHOT_DIRECT,,OK,RECOVERY_PARTIAL,2026-09-28 09:13:00.000,231000.0,2026-09-28 09:15:00.000,-2.5974025974025983,2026-09-28 09:28:00.000,225000.0,2026-09-28 09:29:00.000,227000.0,227000.0,2026-09-28 09:31:00.000,225000.0,False,8,2026-09-28 09:33:00.000,209.0,210,READY,2026-09-28 09:35:00.000,228000.0,227500,2026-09-28 12:58:00.000,231000.0,226546.0,2026-09-28 12:58:00.000,2026-09-28 12:58:00.085,231000.0,,,,,pullback_structure_snapshot_v1
2026-09-28,v2.3.1,2026-09-28:010060:PULLBACK_SNAPSHOT_DIRECT:210:2026-09-28 12:58:00:FILL,FILL,PULLBACK_SNAPSHOT_DIRECT,20260928_010060_PULLBACK_SNAPSHOT_DIRECT_2026-09-28:010060:2:210_125802378930,010060,OCI홀딩스,BOTH,2026-09-28 09:10:33.879,2026-09-28 09:10:33.879,2026-09-28 09:10:33.879,20260928_010060_BASE_E002_091033909306|20260928_010060_PRE_HISTORY_E002_091034322726,2026-09-28:010060:2,PULLBACK_SNAPSHOT_DIRECT,,OK,RECOVERY_PARTIAL,2026-09-28 09:13:00.000,231000.0,2026-09-28 09:15:00.000,-2.5974025974025983,2026-09-28 09:28:00.000,225000.0,2026-09-28 09:29:00.000,227000.0,227000.0,2026-09-28 09:31:00.000,225000.0,False,8,2026-09-28 09:33:00.000,209.0,210,READY,2026-09-28 09:35:00.000,228000.0,227500,2026-09-28 12:58:00.000,231000.0,226546.0,2026-09-28 12:58:00.000,2026-09-28 12:58:00.085,231000.0,2026-09-28 12:58:01.190,231000.0,1.190459,0.0,pullback_structure_snapshot_v1
2026-09-28,v2.3.1,2026-09-28:010060:PULLBACK_SNAPSHOT_RECLAIM:210:2026-09-28 12:59:00:SIGNAL,SIGNAL,PULLBACK_SNAPSHOT_RECLAIM,,010060,OCI홀딩스,BOTH,2026-09-28 09:10:33.879,2026-09-28 09:10:33.879,2026-09-28 09:10:33.879,20260928_010060_BASE_E002_091033909306|20260928_010060_PRE_HISTORY_E002_091034322726,2026-09-28:010060:2,PULLBACK_SNAPSHOT_RECLAIM,,OK,RECOVERY_PARTIAL,2026-09-28 09:13:00.000,231000.0,2026-09-28 09:15:00.000,-2.5974025974025983,2026-09-28 09:28:00.000,225000.0,2026-09-28 09:29:00.000,227000.0,227000.0,2026-09-28 09:31:00.000,225000.0,False,8,2026-09-28 09:33:00.000,210.0,210,READY,2026-09-28 09:35:00.000,228000.0,227500,2026-09-28 12:59:00.000,231000.0,226546.0,2026-09-28 12:59:00.000,2026-09-28 12:59:00.488,231000.0,,,,,pullback_structure_snapshot_v1
2026-09-28,v2.3.1,2026-09-28:010060:PULLBACK_SNAPSHOT_RECLAIM:210:2026-09-28 12:59:00:FILL,FILL,PULLBACK_SNAPSHOT_RECLAIM,20260928_010060_PULLBACK_SNAPSHOT_RECLAIM_2026-09-28:010060:2:210_125905781745,010060,OCI홀딩스,BOTH,2026-09-28 09:10:33.879,2026-09-28 09:10:33.879,2026-09-28 09:10:33.879,20260928_010060_BASE_E002_091033909306|20260928_010060_PRE_HISTORY_E002_091034322726,2026-09-28:010060:2,PULLBACK_SNAPSHOT_RECLAIM,,OK,RECOVERY_PARTIAL,2026-09-28 09:13:00.000,231000.0,2026-09-28 09:15:00.000,-2.5974025974025983,2026-09-28 09:28:00.000,225000.0,2026-09-28 09:29:00.000,227000.0,227000.0,2026-09-28 09:31:00.000,225000.0,False,8,2026-09-28 09:33:00.000,210.0,210,READY,2026-09-28 09:35:00.000,228000.0,227500,2026-09-28 12:59:00.000,231000.0,226546.0,2026-09-28 12:59:00.000,2026-09-28 12:59:00.488,231000.0,2026-09-28 12:59:01.285,231000.0,1.285296,0.0,pullback_structure_snapshot_v1
2026-09-28,v2.3.1,2026-09-28:356680:PULLBACK_SNAPSHOT_RECLAIM:30:2026-09-28 13:01:00:SIGNAL,SIGNAL,PULLBACK_SNAPSHOT_RECLAIM,,356680,엑스게이트,BOTH,2026-09-28 09:06:04.708,2026-09-28 09:06:04.708,2026-09-28 09:06:53.797,20260928_356680_BASE_E001_090604839900|20260928_356680_BASE_E002_090653812698|20260928_356680_PRE_HISTORY_E002_090653951456,2026-09-28:356680:8,PULLBACK_SNAPSHOT_RECLAIM,2026-09-28:356680:2026-09-28T13:00:00:RECLAIM,OK,RECOVERY_PARTIAL,2026-09-28 09:09:00.000,19980.0,2026-09-28 09:11:00.000,-8.108108108108103,2026-09-28 11:57:00.000,18360.0,2026-09-28 12:12:00.000,18740.0,18740.0,2026-09-28 12:12:00.000,18630.0,True,2,2026-09-28 12:14:00.000,63.0,30,READY,2026-09-28 09:36:00.000,19270.0,18760,2026-09-28 13:01:00.000,18710.0,18702.52,2026-09-28 13:01:00.000,2026-09-28 13:01:00.185,18710.0,,,,,pullback_structure_snapshot_v1
2026-09-28,v2.3.1,2026-09-28:356680:PULLBACK_SNAPSHOT_RECLAIM:60:2026-09-28 13:01:00:SIGNAL,SIGNAL,PULLBACK_SNAPSHOT_RECLAIM,,356680,엑스게이트,BOTH,2026-09-28 09:06:04.708,2026-09-28 09:06:04.708,2026-09-28 09:06:53.797,20260928_356680_BASE_E001_090604839900|20260928_356680_BASE_E002_090653812698|20260928_356680_PRE_HISTORY_E002_090653951456,2026-09-28:356680:8,PULLBACK_SNAPSHOT_RECLAIM,2026-09-28:356680:2026-09-28T13:00:00:RECLAIM,OK,RECOVERY_PARTIAL,2026-09-28 09:09:00.000,19980.0,2026-09-28 09:11:00.000,-8.108108108108103,2026-09-28 11:57:00.000,18360.0,2026-09-28 12:12:00.000,18740.0,18740.0,2026-09-28 12:12:00.000,18630.0,True,2,2026-09-28 12:14:00.000,63.0,60,READY,2026-09-28 09:36:00.000,19270.0,18760,2026-09-28 13:01:00.000,18710.0,18702.52,2026-09-28 13:01:00.000,2026-09-28 13:01:00.185,18710.0,,,,,pullback_structure_snapshot_v1
2026-09-28,v2.3.1,2026-09-28:356680:PULLBACK_SNAPSHOT_RECLAIM:30:2026-09-28 13:01:00:FILL,FILL,PULLBACK_SNAPSHOT_RECLAIM,20260928_356680_PULLBACK_SNAPSHOT_RECLAIM_2026-09-28:356680:8:30_130112238989,356680,엑스게이트,BOTH,2026-09-28 09:06:04.708,2026-09-28 09:06:04.708,2026-09-28 09:06:53.797,20260928_356680_BASE_E001_090604839900|20260928_356680_BASE_E002_090653812698|20260928_356680_PRE_HISTORY_E002_090653951456,2026-09-28:356680:8,PULLBACK_SNAPSHOT_RECLAIM,2026-09-28:356680:2026-09-28T13:00:00:RECLAIM,OK,RECOVERY_PARTIAL,2026-09-28 09:09:00.000,19980.0,2026-09-28 09:11:00.000,-8.108108108108103,2026-09-28 11:57:00.000,18360.0,2026-09-28 12:12:00.000,18740.0,18740.0,2026-09-28 12:12:00.000,18630.0,True,2,2026-09-28 12:14:00.000,63.0,30,READY,2026-09-28 09:36:00.000,19270.0,18760,2026-09-28 13:01:00.000,18710.0,18702.52,2026-09-28 13:01:00.000,2026-09-28 13:01:00.185,18710.0,2026-09-28 13:01:02.791,18710.0,2.791129,0.0,pullback_structure_snapshot_v1
2026-09-28,v2.3.1,2026-09-28:356680:PULLBACK_SNAPSHOT_RECLAIM:60:2026-09-28 13:01:00:FILL,FILL,PULLBACK_SNAPSHOT_RECLAIM,20260928_356680_PULLBACK_SNAPSHOT_RECLAIM_2026-09-28:356680:8:60_130117282921,356680,엑스게이트,BOTH,2026-09-28 09:06:04.708,2026-09-28 09:06:04.708,2026-09-28 09:06:53.797,20260928_356680_BASE_E001_090604839900|20260928_356680_BASE_E002_090653812698|20260928_356680_PRE_HISTORY_E002_090653951456,2026-09-28:356680:8,PULLBACK_SNAPSHOT_RECLAIM,2026-09-28:356680:2026-09-28T13:00:00:RECLAIM,OK,RECOVERY_PARTIAL,2026-09-28 09:09:00.000,19980.0,2026-09-28 09:11:00.000,-8.108108108108103,2026-09-28 11:57:00.000,18360.0,2026-09-28 12:12:00.000,18740.0,18740.0,2026-09-28 12:12:00.000,18630.0,True,2,2026-09-28 12:14:00.000,63.0,60,READY,2026-09-28 09:36:00.000,19270.0,18760,2026-09-28 13:01:00.000,18710.0,18702.52,2026-09-28 13:01:00.000,2026-09-28 13:01:00.185,18710.0,2026-09-28 13:01:02.791,18710.0,2.791129,0.0,pullback_structure_snapshot_v1
2026-09-28,v2.3.1,2026-09-28:178320:PULLBACK_SNAPSHOT_DIRECT:60:2026-09-28 13:05:00:SIGNAL,SIGNAL,PULLBACK_SNAPSHOT_DIRECT,,178320,서진시스템,BASE,2026-09-28 09:21:18.464,2026-09-28 09:21:18.464,,20260928_178320_BASE_E002_092118532447,2026-09-28:178320:4,PULLBACK_SNAPSHOT_DIRECT,,OK,RECOVERY_PARTIAL,2026-09-28 09:24:00.000,37550.0,2026-09-28 09:28:00.000,-5.725699067909451,2026-09-28 12:05:00.000,35400.0,2026-09-28 12:10:00.000,35700.0,35700.0,2026-09-28 12:14:00.000,35550.0,True,2,2026-09-28 12:19:00.000,59.0,60,READY,2026-09-28 09:46:00.000,37050.0,35750,2026-09-28 13:05:00.000,35950.0,35628.6,2026-09-28 13:05:00.000,2026-09-28 13:05:02.084,35950.0,,,,,pullback_structure_snapshot_v1
2026-09-28,v2.3.1,2026-09-28:178320:PULLBACK_SNAPSHOT_DIRECT:60:2026-09-28 13:05:00:FILL,FILL,PULLBACK_SNAPSHOT_DIRECT,20260928_178320_PULLBACK_SNAPSHOT_DIRECT_2026-09-28:178320:4:60_130504286801,178320,서진시스템,BASE,2026-09-28 09:21:18.464,2026-09-28 09:21:18.464,,20260928_178320_BASE_E002_092118532447,2026-09-28:178320:4,PULLBACK_SNAPSHOT_DIRECT,,OK,RECOVERY_PARTIAL,2026-09-28 09:24:00.000,37550.0,2026-09-28 09:28:00.000,-5.725699067909451,2026-09-28 12:05:00.000,35400.0,2026-09-28 12:10:00.000,35700.0,35700.0,2026-09-28 12:14:00.000,35550.0,True,2,2026-09-28 12:19:00.000,59.0,60,READY,2026-09-28 09:46:00.000,37050.0,35750,2026-09-28 13:05:00.000,35950.0,35628.6,2026-09-28 13:05:00.000,2026-09-28 13:05:02.084,35950.0,2026-09-28 13:05:04.285,35950.0,4.2858,0.0,pullback_structure_snapshot_v1
2026-09-28,v2.3.1,2026-09-28:178320:PULLBACK_SNAPSHOT_RECLAIM:60:2026-09-28 13:06:00:SIGNAL,SIGNAL,PULLBACK_SNAPSHOT_RECLAIM,,178320,서진시스템,BASE,2026-09-28 09:21:18.464,2026-09-28 09:21:18.464,,20260928_178320_BASE_E002_092118532447,2026-09-28:178320:4,PULLBACK_SNAPSHOT_RECLAIM,,OK,RECOVERY_PARTIAL,2026-09-28 09:24:00.000,37550.0,2026-09-28 09:28:00.000,-5.725699067909451,2026-09-28 12:05:00.000,35400.0,2026-09-28 12:10:00.000,35700.0,35700.0,2026-09-28 12:14:00.000,35550.0,True,2,2026-09-28 12:19:00.000,60.0,60,READY,2026-09-28 09:46:00.000,37050.0,35750,2026-09-28 13:06:00.000,36050.0,35628.6,2026-09-28 13:06:00.000,2026-09-28 13:06:00.486,36050.0,,,,,pullback_structure_snapshot_v1
2026-09-28,v2.3.1,2026-09-28:178320:PULLBACK_SNAPSHOT_RECLAIM:60:2026-09-28 13:06:00:FILL,FILL,PULLBACK_SNAPSHOT_RECLAIM,20260928_178320_PULLBACK_SNAPSHOT_RECLAIM_2026-09-28:178320:4:60_130608797593,178320,서진시스템,BASE,2026-09-28 09:21:18.464,2026-09-28 09:21:18.464,,20260928_178320_BASE_E002_092118532447,2026-09-28:178320:4,PULLBACK_SNAPSHOT_RECLAIM,,OK,RECOVERY_PARTIAL,2026-09-28 09:24:00.000,37550.0,2026-09-28 09:28:00.000,-5.725699067909451,2026-09-28 12:05:00.000,35400.0,2026-09-28 12:10:00.000,35700.0,35700.0,2026-09-28 12:14:00.000,35550.0,True,2,2026-09-28 12:19:00.000,60.0,60,READY,2026-09-28 09:46:00.000,37050.0,35750,2026-09-28 13:06:00.000,36050.0,35628.6,2026-09-28 13:06:00.000,2026-09-28 13:06:00.486,36050.0,2026-09-28 13:06:06.696,36050.0,6.696819,0.0,pullback_structure_snapshot_v1
2026-09-28,v2.3.1,2026-09-28:009830:PULLBACK_SNAPSHOT_DIRECT:90:2026-09-28 13:19:00:SIGNAL,SIGNAL,PULLBACK_SNAPSHOT_DIRECT,,009830,한화솔루션,BOTH,2026-09-28 09:06:35.927,2026-09-28 09:06:35.927,2026-09-28 09:06:35.927,20260928_009830_BASE_E002_090635945019|20260928_009830_PRE_HISTORY_E002_090636133834,2026-09-28:009830:6,PULLBACK_SNAPSHOT_DIRECT,,OK,RECOVERY_PARTIAL,2026-09-28 09:16:00.000,33450.0,2026-09-28 09:18:00.000,-4.783258594917783,2026-09-28 11:49:00.000,31850.0,2026-09-28 11:52:00.000,32100.0,32100.0,2026-09-28 12:16:00.000,31800.0,False,4,2026-09-28 12:18:00.000,89.0,90,READY,2026-09-28 09:24:00.000,33050.0,32150,2026-09-28 13:19:00.000,32900.0,32035.8,2026-09-28 13:19:00.000,2026-09-28 13:19:00.278,32900.0,,,,,pullback_structure_snapshot_v1
2026-09-28,v2.3.1,2026-09-28:009830:PULLBACK_SNAPSHOT_DIRECT:90:2026-09-28 13:19:00:FILL,FILL,PULLBACK_SNAPSHOT_DIRECT,20260928_009830_PULLBACK_SNAPSHOT_DIRECT_2026-09-28:009830:6:90_131908217134,009830,한화솔루션,BOTH,2026-09-28 09:06:35.927,2026-09-28 09:06:35.927,2026-09-28 09:06:35.927,20260928_009830_BASE_E002_090635945019|20260928_009830_PRE_HISTORY_E002_090636133834,2026-09-28:009830:6,PULLBACK_SNAPSHOT_DIRECT,,OK,RECOVERY_PARTIAL,2026-09-28 09:16:00.000,33450.0,2026-09-28 09:18:00.000,-4.783258594917783,2026-09-28 11:49:00.000,31850.0,2026-09-28 11:52:00.000,32100.0,32100.0,2026-09-28 12:16:00.000,31800.0,False,4,2026-09-28 12:18:00.000,89.0,90,READY,2026-09-28 09:24:00.000,33050.0,32150,2026-09-28 13:19:00.000,32900.0,32035.8,2026-09-28 13:19:00.000,2026-09-28 13:19:00.278,32900.0,2026-09-28 13:19:00.279,32925.0,0.27994,0.07598784194529085,pullback_structure_snapshot_v1
2026-09-28,v2.3.1,2026-09-28:009830:PULLBACK_SNAPSHOT_RECLAIM:90:2026-09-28 13:20:00:SIGNAL,SIGNAL,PULLBACK_SNAPSHOT_RECLAIM,,009830,한화솔루션,BOTH,2026-09-28 09:06:35.927,2026-09-28 09:06:35.927,2026-09-28 09:06:35.927,20260928_009830_BASE_E002_090635945019|20260928_009830_PRE_HISTORY_E002_090636133834,2026-09-28:009830:6,PULLBACK_SNAPSHOT_RECLAIM,,OK,RECOVERY_PARTIAL,2026-09-28 09:16:00.000,33450.0,2026-09-28 09:18:00.000,-4.783258594917783,2026-09-28 11:49:00.000,31850.0,2026-09-28 11:52:00.000,32100.0,32100.0,2026-09-28 12:16:00.000,31800.0,False,4,2026-09-28 12:18:00.000,90.0,90,READY,2026-09-28 09:24:00.000,33050.0,32150,2026-09-28 13:20:00.000,33050.0,32035.8,2026-09-28 13:20:00.000,2026-09-28 13:20:00.078,33050.0,,,,,pullback_structure_snapshot_v1
2026-09-28,v2.3.1,2026-09-28:009830:PULLBACK_SNAPSHOT_RECLAIM:90:2026-09-28 13:20:00:FILL,FILL,PULLBACK_SNAPSHOT_RECLAIM,20260928_009830_PULLBACK_SNAPSHOT_RECLAIM_2026-09-28:009830:6:90_132004582310,009830,한화솔루션,BOTH,2026-09-28 09:06:35.927,2026-09-28 09:06:35.927,2026-09-28 09:06:35.927,20260928_009830_BASE_E002_090635945019|20260928_009830_PRE_HISTORY_E002_090636133834,2026-09-28:009830:6,PULLBACK_SNAPSHOT_RECLAIM,,OK,RECOVERY_PARTIAL,2026-09-28 09:16:00.000,33450.0,2026-09-28 09:18:00.000,-4.783258594917783,2026-09-28 11:49:00.000,31850.0,2026-09-28 11:52:00.000,32100.0,32100.0,2026-09-28 12:16:00.000,31800.0,False,4,2026-09-28 12:18:00.000,90.0,90,READY,2026-09-28 09:24:00.000,33050.0,32150,2026-09-28 13:20:00.000,33050.0,32035.8,2026-09-28 13:20:00.000,2026-09-28 13:20:00.078,33050.0,2026-09-28 13:20:00.404,33050.0,0.404171,0.0,pullback_structure_snapshot_v1
2026-09-28,v2.3.1,2026-09-28:424870:PULLBACK_SNAPSHOT_DIRECT:90:2026-09-28 13:20:00:SIGNAL,SIGNAL,PULLBACK_SNAPSHOT_DIRECT,,424870,이뮨온시아,BASE,2026-09-28 10:03:19.460,2026-09-28 10:03:19.460,,20260928_424870_BASE_E011_100319495775,2026-09-28:424870:5,PULLBACK_SNAPSHOT_DIRECT,,OK,RECOVERY_PARTIAL,2026-09-28 10:10:00.000,3755.0,2026-09-28 10:12:00.000,-5.858854860186414,2026-09-28 11:50:00.000,3535.0,2026-09-28 11:51:00.000,3580.0,3580.0,2026-09-28 11:52:00.000,3560.0,True,6,2026-09-28 11:54:00.000,89.0,90,READY,2026-09-28 10:20:00.000,3675.0,3585,2026-09-28 13:20:00.000,3600.0,3572.84,2026-09-28 13:20:00.000,2026-09-28 13:20:02.206,3600.0,,,,,pullback_structure_snapshot_v1
2026-09-28,v2.3.1,2026-09-28:424870:PULLBACK_SNAPSHOT_DIRECT:90:2026-09-28 13:20:00:FILL,FILL,PULLBACK_SNAPSHOT_DIRECT,20260928_424870_PULLBACK_SNAPSHOT_DIRECT_2026-09-28:424870:5:90_132014146810,424870,이뮨온시아,BASE,2026-09-28 10:03:19.460,2026-09-28 10:03:19.460,,20260928_424870_BASE_E011_100319495775,2026-09-28:424870:5,PULLBACK_SNAPSHOT_DIRECT,,OK,RECOVERY_PARTIAL,2026-09-28 10:10:00.000,3755.0,2026-09-28 10:12:00.000,-5.858854860186414,2026-09-28 11:50:00.000,3535.0,2026-09-28 11:51:00.000,3580.0,3580.0,2026-09-28 11:52:00.000,3560.0,True,6,2026-09-28 11:54:00.000,89.0,90,READY,2026-09-28 10:20:00.000,3675.0,3585,2026-09-28 13:20:00.000,3600.0,3572.84,2026-09-28 13:20:00.000,2026-09-28 13:20:02.206,3600.0,2026-09-28 13:20:14.080,3600.0,14.080452,0.0,pullback_structure_snapshot_v1
2026-09-28,v2.3.1,2026-09-28:424870:PULLBACK_SNAPSHOT_RECLAIM:90:2026-09-28 13:21:00:SIGNAL,SIGNAL,PULLBACK_SNAPSHOT_RECLAIM,,424870,이뮨온시아,BASE,2026-09-28 10:03:19.460,2026-09-28 10:03:19.460,,20260928_424870_BASE_E011_100319495775,2026-09-28:424870:5,PULLBACK_SNAPSHOT_RECLAIM,,OK,RECOVERY_PARTIAL,2026-09-28 10:10:00.000,3755.0,2026-09-28 10:12:00.000,-5.858854860186414,2026-09-28 11:50:00.000,3535.0,2026-09-28 11:51:00.000,3580.0,3580.0,2026-09-28 11:52:00.000,3560.0,True,6,2026-09-28 11:54:00.000,90.0,90,READY,2026-09-28 10:20:00.000,3675.0,3585,2026-09-28 13:21:00.000,3610.0,3572.84,2026-09-28 13:21:00.000,2026-09-28 13:21:01.785,3610.0,,,,,pullback_structure_snapshot_v1
2026-09-28,v2.3.1,2026-09-28:424870:PULLBACK_SNAPSHOT_RECLAIM:90:2026-09-28 13:21:00:FILL,FILL,PULLBACK_SNAPSHOT_RECLAIM,20260928_424870_PULLBACK_SNAPSHOT_RECLAIM_2026-09-28:424870:5:90_132105272309,424870,이뮨온시아,BASE,2026-09-28 10:03:19.460,2026-09-28 10:03:19.460,,20260928_424870_BASE_E011_100319495775,2026-09-28:424870:5,PULLBACK_SNAPSHOT_RECLAIM,,OK,RECOVERY_PARTIAL,2026-09-28 10:10:00.000,3755.0,2026-09-28 10:12:00.000,-5.858854860186414,2026-09-28 11:50:00.000,3535.0,2026-09-28 11:51:00.000,3580.0,3580.0,2026-09-28 11:52:00.000,3560.0,True,6,2026-09-28 11:54:00.000,90.0,90,READY,2026-09-28 10:20:00.000,3675.0,3585,2026-09-28 13:21:00.000,3610.0,3572.84,2026-09-28 13:21:00.000,2026-09-28 13:21:01.785,3610.0,2026-09-28 13:21:04.584,3610.0,4.584608,0.0,pullback_structure_snapshot_v1
2026-09-28,v2.3.1,2026-09-28:396300:PULLBACK_SNAPSHOT_DIRECT:30:2026-09-28 13:22:00:SIGNAL,SIGNAL,PULLBACK_SNAPSHOT_DIRECT,,396300,HT로보틱스,BASE,2026-09-28 09:43:18.420,2026-09-28 09:43:18.420,,20260928_396300_BASE_E003_094318431907|20260928_396300_BASE_E004_094825831049,2026-09-28:396300:10,PULLBACK_SNAPSHOT_DIRECT,,OK,RECOVERY_PARTIAL,2026-09-28 09:44:00.000,6290.0,2026-09-28 09:46:00.000,-8.108108108108103,2026-09-28 12:52:00.000,5780.0,2026-09-28 12:52:00.000,5820.0,5820.0,2026-09-28 12:55:00.000,5790.0,True,11,2026-09-28 12:57:00.000,29.0,30,READY,2026-09-28 09:51:00.000,6460.0,5830,2026-09-28 13:22:00.000,5810.0,5808.36,2026-09-28 13:22:00.000,2026-09-28 13:22:04.378,5810.0,,,,,pullback_structure_snapshot_v1
2026-09-28,v2.3.1,2026-09-28:396300:PULLBACK_SNAPSHOT_DIRECT:30:2026-09-28 13:22:00:FILL,FILL,PULLBACK_SNAPSHOT_DIRECT,20260928_396300_PULLBACK_SNAPSHOT_DIRECT_2026-09-28:396300:10:30_132213131476,396300,HT로보틱스,BASE,2026-09-28 09:43:18.420,2026-09-28 09:43:18.420,,20260928_396300_BASE_E003_094318431907|20260928_396300_BASE_E004_094825831049,2026-09-28:396300:10,PULLBACK_SNAPSHOT_DIRECT,,OK,RECOVERY_PARTIAL,2026-09-28 09:44:00.000,6290.0,2026-09-28 09:46:00.000,-8.108108108108103,2026-09-28 12:52:00.000,5780.0,2026-09-28 12:52:00.000,5820.0,5820.0,2026-09-28 12:55:00.000,5790.0,True,11,2026-09-28 12:57:00.000,29.0,30,READY,2026-09-28 09:51:00.000,6460.0,5830,2026-09-28 13:22:00.000,5810.0,5808.36,2026-09-28 13:22:00.000,2026-09-28 13:22:04.378,5810.0,2026-09-28 13:22:09.900,5820.0,9.900434,0.1721170395869276,pullback_structure_snapshot_v1
2026-09-28,v2.3.1,2026-09-28:396300:PULLBACK_SNAPSHOT_RECLAIM:30:2026-09-28 13:24:00:SIGNAL,SIGNAL,PULLBACK_SNAPSHOT_RECLAIM,,396300,HT로보틱스,BASE,2026-09-28 09:43:18.420,2026-09-28 09:43:18.420,,20260928_396300_BASE_E003_094318431907|20260928_396300_BASE_E004_094825831049,2026-09-28:396300:10,PULLBACK_SNAPSHOT_RECLAIM,,OK,RECOVERY_PARTIAL,2026-09-28 09:44:00.000,6290.0,2026-09-28 09:46:00.000,-8.108108108108103,2026-09-28 12:52:00.000,5780.0,2026-09-28 12:52:00.000,5820.0,5820.0,2026-09-28 12:55:00.000,5790.0,True,11,2026-09-28 12:57:00.000,31.0,30,READY,2026-09-28 09:51:00.000,6460.0,5830,2026-09-28 13:24:00.000,5870.0,5808.36,2026-09-28 13:24:00.000,2026-09-28 13:24:00.077,5870.0,,,,,pullback_structure_snapshot_v1
2026-09-28,v2.3.1,2026-09-28:396300:PULLBACK_SNAPSHOT_RECLAIM:30:2026-09-28 13:24:00:FILL,FILL,PULLBACK_SNAPSHOT_RECLAIM,20260928_396300_PULLBACK_SNAPSHOT_RECLAIM_2026-09-28:396300:10:30_132408221721,396300,HT로보틱스,BASE,2026-09-28 09:43:18.420,2026-09-28 09:43:18.420,,20260928_396300_BASE_E003_094318431907|20260928_396300_BASE_E004_094825831049,2026-09-28:396300:10,PULLBACK_SNAPSHOT_RECLAIM,,OK,RECOVERY_PARTIAL,2026-09-28 09:44:00.000,6290.0,2026-09-28 09:46:00.000,-8.108108108108103,2026-09-28 12:52:00.000,5780.0,2026-09-28 12:52:00.000,5820.0,5820.0,2026-09-28 12:55:00.000,5790.0,True,11,2026-09-28 12:57:00.000,31.0,30,READY,2026-09-28 09:51:00.000,6460.0,5830,2026-09-28 13:24:00.000,5870.0,5808.36,2026-09-28 13:24:00.000,2026-09-28 13:24:00.077,5870.0,2026-09-28 13:24:01.485,5870.0,1.485558,0.0,pullback_structure_snapshot_v1
2026-09-28,v2.3.1,2026-09-28:356680:PULLBACK_SNAPSHOT_DIRECT:90:2026-09-28 13:27:00:SIGNAL,SIGNAL,PULLBACK_SNAPSHOT_DIRECT,,356680,엑스게이트,BOTH,2026-09-28 09:06:04.708,2026-09-28 09:06:04.708,2026-09-28 09:06:53.797,20260928_356680_BASE_E001_090604839900|20260928_356680_BASE_E002_090653812698|20260928_356680_PRE_HISTORY_E002_090653951456,2026-09-28:356680:8,PULLBACK_SNAPSHOT_DIRECT,,OK,RECOVERY_PARTIAL,2026-09-28 09:09:00.000,19980.0,2026-09-28 09:11:00.000,-8.108108108108103,2026-09-28 11:57:00.000,18360.0,2026-09-28 12:12:00.000,18740.0,18740.0,2026-09-28 12:12:00.000,18630.0,True,2,2026-09-28 12:14:00.000,89.0,90,READY,2026-09-28 09:36:00.000,19270.0,18760,2026-09-28 13:27:00.000,18630.0,18702.52,2026-09-28 13:27:00.000,2026-09-28 13:27:00.577,18630.0,,,,,pullback_structure_snapshot_v1
2026-09-28,v2.3.1,2026-09-28:356680:PULLBACK_SNAPSHOT_DIRECT:90:2026-09-28 13:27:00:FILL,FILL,PULLBACK_SNAPSHOT_DIRECT,20260928_356680_PULLBACK_SNAPSHOT_DIRECT_2026-09-28:356680:8:90_132705192137,356680,엑스게이트,BOTH,2026-09-28 09:06:04.708,2026-09-28 09:06:04.708,2026-09-28 09:06:53.797,20260928_356680_BASE_E001_090604839900|20260928_356680_BASE_E002_090653812698|20260928_356680_PRE_HISTORY_E002_090653951456,2026-09-28:356680:8,PULLBACK_SNAPSHOT_DIRECT,,OK,RECOVERY_PARTIAL,2026-09-28 09:09:00.000,19980.0,2026-09-28 09:11:00.000,-8.108108108108103,2026-09-28 11:57:00.000,18360.0,2026-09-28 12:12:00.000,18740.0,18740.0,2026-09-28 12:12:00.000,18630.0,True,2,2026-09-28 12:14:00.000,89.0,90,READY,2026-09-28 09:36:00.000,19270.0,18760,2026-09-28 13:27:00.000,18630.0,18702.52,2026-09-28 13:27:00.000,2026-09-28 13:27:00.577,18630.0,2026-09-28 13:27:00.676,18640.0,0.676376,0.05367686527106841,pullback_structure_snapshot_v1
2026-09-28,v2.3.1,2026-09-28:066570:PULLBACK_SNAPSHOT_DIRECT:210:2026-09-28 13:27:00:SIGNAL,SIGNAL,PULLBACK_SNAPSHOT_DIRECT,,066570,LG전자,BASE,2026-09-28 09:23:41.592,2026-09-28 09:23:41.592,,20260928_066570_BASE_E002_092341641436|20260928_066570_BASE_E003_092644426041,2026-09-28:066570:2,PULLBACK_SNAPSHOT_DIRECT,,OK,RECOVERY_PARTIAL,2026-09-28 09:24:00.000,220000.0,2026-09-28 09:31:00.000,-2.2727272727272707,2026-09-28 09:57:00.000,215000.0,2026-09-28 10:00:00.000,216500.0,216500.0,2026-09-28 10:06:00.000,215000.0,False,45,2026-09-28 10:09:00.000,209.0,210,READY,2026-09-28 12:03:00.000,217000.0,217000,2026-09-28 13:27:00.000,216000.0,216067.0,2026-09-28 13:27:00.000,2026-09-28 13:27:02.518,216000.0,,,,,pullback_structure_snapshot_v1
2026-09-28,v2.3.1,2026-09-28:066570:PULLBACK_SNAPSHOT_DIRECT:210:2026-09-28 13:27:00:FILL,FILL,PULLBACK_SNAPSHOT_DIRECT,20260928_066570_PULLBACK_SNAPSHOT_DIRECT_2026-09-28:066570:2:210_132711960351,066570,LG전자,BASE,2026-09-28 09:23:41.592,2026-09-28 09:23:41.592,,20260928_066570_BASE_E002_092341641436|20260928_066570_BASE_E003_092644426041,2026-09-28:066570:2,PULLBACK_SNAPSHOT_DIRECT,,OK,RECOVERY_PARTIAL,2026-09-28 09:24:00.000,220000.0,2026-09-28 09:31:00.000,-2.2727272727272707,2026-09-28 09:57:00.000,215000.0,2026-09-28 10:00:00.000,216500.0,216500.0,2026-09-28 10:06:00.000,215000.0,False,45,2026-09-28 10:09:00.000,209.0,210,READY,2026-09-28 12:03:00.000,217000.0,217000,2026-09-28 13:27:00.000,216000.0,216067.0,2026-09-28 13:27:00.000,2026-09-28 13:27:02.518,216000.0,2026-09-28 13:27:05.567,216000.0,5.567476,0.0,pullback_structure_snapshot_v1
2026-09-28,v2.3.1,2026-09-28:010060:PULLBACK_SNAPSHOT_DIRECT:240:2026-09-28 13:28:00:SIGNAL,SIGNAL,PULLBACK_SNAPSHOT_DIRECT,,010060,OCI홀딩스,BOTH,2026-09-28 09:10:33.879,2026-09-28 09:10:33.879,2026-09-28 09:10:33.879,20260928_010060_BASE_E002_091033909306|20260928_010060_PRE_HISTORY_E002_091034322726,2026-09-28:010060:2,PULLBACK_SNAPSHOT_DIRECT,,OK,RECOVERY_PARTIAL,2026-09-28 09:13:00.000,231000.0,2026-09-28 09:15:00.000,-2.5974025974025983,2026-09-28 09:28:00.000,225000.0,2026-09-28 09:29:00.000,227000.0,227000.0,2026-09-28 09:31:00.000,225000.0,False,8,2026-09-28 09:33:00.000,239.0,240,READY,2026-09-28 09:35:00.000,228000.0,227500,2026-09-28 13:28:00.000,232500.0,226546.0,2026-09-28 13:28:00.000,2026-09-28 13:28:00.779,232500.0,,,,,pullback_structure_snapshot_v1
2026-09-28,v2.3.1,2026-09-28:010060:PULLBACK_SNAPSHOT_DIRECT:240:2026-09-28 13:28:00:FILL,FILL,PULLBACK_SNAPSHOT_DIRECT,20260928_010060_PULLBACK_SNAPSHOT_DIRECT_2026-09-28:010060:2:240_132803991983,010060,OCI홀딩스,BOTH,2026-09-28 09:10:33.879,2026-09-28 09:10:33.879,2026-09-28 09:10:33.879,20260928_010060_BASE_E002_091033909306|20260928_010060_PRE_HISTORY_E002_091034322726,2026-09-28:010060:2,PULLBACK_SNAPSHOT_DIRECT,,OK,RECOVERY_PARTIAL,2026-09-28 09:13:00.000,231000.0,2026-09-28 09:15:00.000,-2.5974025974025983,2026-09-28 09:28:00.000,225000.0,2026-09-28 09:29:00.000,227000.0,227000.0,2026-09-28 09:31:00.000,225000.0,False,8,2026-09-28 09:33:00.000,239.0,240,READY,2026-09-28 09:35:00.000,228000.0,227500,2026-09-28 13:28:00.000,232500.0,226546.0,2026-09-28 13:28:00.000,2026-09-28 13:28:00.779,232500.0,2026-09-28 13:28:00.976,232500.0,0.976794,0.0,pullback_structure_snapshot_v1
2026-09-28,v2.3.1,2026-09-28:007810:PULLBACK_SNAPSHOT_DIRECT:240:2026-09-28 13:29:00:SIGNAL,SIGNAL,PULLBACK_SNAPSHOT_DIRECT,,007810,코리아써키트,BOTH,2026-09-28 09:18:21.356,2026-09-28 09:18:21.356,2026-09-28 09:18:21.356,20260928_007810_BASE_E003_091821394479|20260928_007810_PRE_HISTORY_E003_091821978472,2026-09-28:007810:2,PULLBACK_SNAPSHOT_DIRECT,,OK,RECOVERY_PARTIAL,2026-09-28 09:19:00.000,70600.0,2026-09-28 09:21:00.000,-4.107648725212465,2026-09-28 09:29:00.000,67700.0,2026-09-28 09:29:00.000,68300.0,68300.0,2026-09-28 09:30:00.000,67500.0,False,4,2026-09-28 09:32:00.000,239.0,240,READY,2026-09-28 09:35:00.000,68400.0,68400,2026-09-28 13:29:00.000,69900.0,68163.4,2026-09-28 13:29:00.000,2026-09-28 13:29:00.874,69900.0,,,,,pullback_structure_snapshot_v1
2026-09-28,v2.3.1,2026-09-28:007810:PULLBACK_SNAPSHOT_DIRECT:240:2026-09-28 13:29:00:FILL,FILL,PULLBACK_SNAPSHOT_DIRECT,20260928_007810_PULLBACK_SNAPSHOT_DIRECT_2026-09-28:007810:2:240_132909720238,007810,코리아써키트,BOTH,2026-09-28 09:18:21.356,2026-09-28 09:18:21.356,2026-09-28 09:18:21.356,20260928_007810_BASE_E003_091821394479|20260928_007810_PRE_HISTORY_E003_091821978472,2026-09-28:007810:2,PULLBACK_SNAPSHOT_DIRECT,,OK,RECOVERY_PARTIAL,2026-09-28 09:19:00.000,70600.0,2026-09-28 09:21:00.000,-4.107648725212465,2026-09-28 09:29:00.000,67700.0,2026-09-28 09:29:00.000,68300.0,68300.0,2026-09-28 09:30:00.000,67500.0,False,4,2026-09-28 09:32:00.000,239.0,240,READY,2026-09-28 09:35:00.000,68400.0,68400,2026-09-28 13:29:00.000,69900.0,68163.4,2026-09-28 13:29:00.000,2026-09-28 13:29:00.874,69900.0,2026-09-28 13:29:01.076,69900.0,1.076282,0.0,pullback_structure_snapshot_v1
2026-09-28,v2.3.1,2026-09-28:010060:PULLBACK_SNAPSHOT_RECLAIM:240:2026-09-28 13:29:00:SIGNAL,SIGNAL,PULLBACK_SNAPSHOT_RECLAIM,,010060,OCI홀딩스,BOTH,2026-09-28 09:10:33.879,2026-09-28 09:10:33.879,2026-09-28 09:10:33.879,20260928_010060_BASE_E002_091033909306|20260928_010060_PRE_HISTORY_E002_091034322726,2026-09-28:010060:2,PULLBACK_SNAPSHOT_RECLAIM,,OK,RECOVERY_PARTIAL,2026-09-28 09:13:00.000,231000.0,2026-09-28 09:15:00.000,-2.5974025974025983,2026-09-28 09:28:00.000,225000.0,2026-09-28 09:29:00.000,227000.0,227000.0,2026-09-28 09:31:00.000,225000.0,False,8,2026-09-28 09:33:00.000,240.0,240,READY,2026-09-28 09:35:00.000,228000.0,227500,2026-09-28 13:29:00.000,234000.0,226546.0,2026-09-28 13:29:00.000,2026-09-28 13:29:01.685,234000.0,,,,,pullback_structure_snapshot_v1
2026-09-28,v2.3.1,2026-09-28:010060:PULLBACK_SNAPSHOT_RECLAIM:240:2026-09-28 13:29:00:FILL,FILL,PULLBACK_SNAPSHOT_RECLAIM,20260928_010060_PULLBACK_SNAPSHOT_RECLAIM_2026-09-28:010060:2:240_132920648823,010060,OCI홀딩스,BOTH,2026-09-28 09:10:33.879,2026-09-28 09:10:33.879,2026-09-28 09:10:33.879,20260928_010060_BASE_E002_091033909306|20260928_010060_PRE_HISTORY_E002_091034322726,2026-09-28:010060:2,PULLBACK_SNAPSHOT_RECLAIM,,OK,RECOVERY_PARTIAL,2026-09-28 09:13:00.000,231000.0,2026-09-28 09:15:00.000,-2.5974025974025983,2026-09-28 09:28:00.000,225000.0,2026-09-28 09:29:00.000,227000.0,227000.0,2026-09-28 09:31:00.000,225000.0,False,8,2026-09-28 09:33:00.000,240.0,240,READY,2026-09-28 09:35:00.000,228000.0,227500,2026-09-28 13:29:00.000,234000.0,226546.0,2026-09-28 13:29:00.000,2026-09-28 13:29:01.685,234000.0,2026-09-28 13:29:01.997,233500.0,1.99783,-0.21367521367521292,pullback_structure_snapshot_v1
2026-09-28,v2.3.1,2026-09-28:007810:PULLBACK_SNAPSHOT_RECLAIM:240:2026-09-28 13:30:00:SIGNAL,SIGNAL,PULLBACK_SNAPSHOT_RECLAIM,,007810,코리아써키트,BOTH,2026-09-28 09:18:21.356,2026-09-28 09:18:21.356,2026-09-28 09:18:21.356,20260928_007810_BASE_E003_091821394479|20260928_007810_PRE_HISTORY_E003_091821978472,2026-09-28:007810:2,PULLBACK_SNAPSHOT_RECLAIM,,OK,RECOVERY_PARTIAL,2026-09-28 09:19:00.000,70600.0,2026-09-28 09:21:00.000,-4.107648725212465,2026-09-28 09:29:00.000,67700.0,2026-09-28 09:29:00.000,68300.0,68300.0,2026-09-28 09:30:00.000,67500.0,False,4,2026-09-28 09:32:00.000,240.0,240,READY,2026-09-28 09:35:00.000,68400.0,68400,2026-09-28 13:30:00.000,70300.0,68163.4,2026-09-28 13:30:00.000,2026-09-28 13:30:00.178,70300.0,,,,,pullback_structure_snapshot_v1
2026-09-28,v2.3.1,2026-09-28:007810:PULLBACK_SNAPSHOT_RECLAIM:240:2026-09-28 13:30:00:FILL,FILL,PULLBACK_SNAPSHOT_RECLAIM,20260928_007810_PULLBACK_SNAPSHOT_RECLAIM_2026-09-28:007810:2:240_133009977265,007810,코리아써키트,BOTH,2026-09-28 09:18:21.356,2026-09-28 09:18:21.356,2026-09-28 09:18:21.356,20260928_007810_BASE_E003_091821394479|20260928_007810_PRE_HISTORY_E003_091821978472,2026-09-28:007810:2,PULLBACK_SNAPSHOT_RECLAIM,,OK,RECOVERY_PARTIAL,2026-09-28 09:19:00.000,70600.0,2026-09-28 09:21:00.000,-4.107648725212465,2026-09-28 09:29:00.000,67700.0,2026-09-28 09:29:00.000,68300.0,68300.0,2026-09-28 09:30:00.000,67500.0,False,4,2026-09-28 09:32:00.000,240.0,240,READY,2026-09-28 09:35:00.000,68400.0,68400,2026-09-28 13:30:00.000,70300.0,68163.4,2026-09-28 13:30:00.000,2026-09-28 13:30:00.178,70300.0,2026-09-28 13:30:00.377,70300.0,0.377797,0.0,pullback_structure_snapshot_v1
2026-09-28,v2.3.1,2026-09-28:178320:PULLBACK_SNAPSHOT_DIRECT:90:2026-09-28 13:35:00:SIGNAL,SIGNAL,PULLBACK_SNAPSHOT_DIRECT,,178320,서진시스템,BASE,2026-09-28 09:21:18.464,2026-09-28 09:21:18.464,,20260928_178320_BASE_E002_092118532447,2026-09-28:178320:4,PULLBACK_SNAPSHOT_DIRECT,,OK,RECOVERY_PARTIAL,2026-09-28 09:24:00.000,37550.0,2026-09-28 09:28:00.000,-5.725699067909451,2026-09-28 12:05:00.000,35400.0,2026-09-28 12:10:00.000,35700.0,35700.0,2026-09-28 12:14:00.000,35550.0,True,2,2026-09-28 12:19:00.000,89.0,90,READY,2026-09-28 09:46:00.000,37050.0,35750,2026-09-28 13:35:00.000,36300.0,35628.6,2026-09-28 13:35:00.000,2026-09-28 13:35:01.692,36300.0,,,,,pullback_structure_snapshot_v1
2026-09-28,v2.3.1,2026-09-28:178320:PULLBACK_SNAPSHOT_DIRECT:90:2026-09-28 13:35:00:FILL,FILL,PULLBACK_SNAPSHOT_DIRECT,20260928_178320_PULLBACK_SNAPSHOT_DIRECT_2026-09-28:178320:4:90_133506344271,178320,서진시스템,BASE,2026-09-28 09:21:18.464,2026-09-28 09:21:18.464,,20260928_178320_BASE_E002_092118532447,2026-09-28:178320:4,PULLBACK_SNAPSHOT_DIRECT,,OK,RECOVERY_PARTIAL,2026-09-28 09:24:00.000,37550.0,2026-09-28 09:28:00.000,-5.725699067909451,2026-09-28 12:05:00.000,35400.0,2026-09-28 12:10:00.000,35700.0,35700.0,2026-09-28 12:14:00.000,35550.0,True,2,2026-09-28 12:19:00.000,89.0,90,READY,2026-09-28 09:46:00.000,37050.0,35750,2026-09-28 13:35:00.000,36300.0,35628.6,2026-09-28 13:35:00.000,2026-09-28 13:35:01.692,36300.0,2026-09-28 13:35:01.873,36350.0,1.873037,0.13774104683195176,pullback_structure_snapshot_v1
2026-09-28,v2.3.1,2026-09-28:178320:PULLBACK_SNAPSHOT_RECLAIM:90:2026-09-28 13:36:00:SIGNAL,SIGNAL,PULLBACK_SNAPSHOT_RECLAIM,,178320,서진시스템,BASE,2026-09-28 09:21:18.464,2026-09-28 09:21:18.464,,20260928_178320_BASE_E002_092118532447,2026-09-28:178320:4,PULLBACK_SNAPSHOT_RECLAIM,,OK,RECOVERY_PARTIAL,2026-09-28 09:24:00.000,37550.0,2026-09-28 09:28:00.000,-5.725699067909451,2026-09-28 12:05:00.000,35400.0,2026-09-28 12:10:00.000,35700.0,35700.0,2026-09-28 12:14:00.000,35550.0,True,2,2026-09-28 12:19:00.000,90.0,90,READY,2026-09-28 09:46:00.000,37050.0,35750,2026-09-28 13:36:00.000,36400.0,35628.6,2026-09-28 13:36:00.000,2026-09-28 13:36:04.174,36400.0,,,,,pullback_structure_snapshot_v1
2026-09-28,v2.3.1,2026-09-28:178320:PULLBACK_SNAPSHOT_RECLAIM:90:2026-09-28 13:36:00:FILL,FILL,PULLBACK_SNAPSHOT_RECLAIM,20260928_178320_PULLBACK_SNAPSHOT_RECLAIM_2026-09-28:178320:4:90_133613359979,178320,서진시스템,BASE,2026-09-28 09:21:18.464,2026-09-28 09:21:18.464,,20260928_178320_BASE_E002_092118532447,2026-09-28:178320:4,PULLBACK_SNAPSHOT_RECLAIM,,OK,RECOVERY_PARTIAL,2026-09-28 09:24:00.000,37550.0,2026-09-28 09:28:00.000,-5.725699067909451,2026-09-28 12:05:00.000,35400.0,2026-09-28 12:10:00.000,35700.0,35700.0,2026-09-28 12:14:00.000,35550.0,True,2,2026-09-28 12:19:00.000,90.0,90,READY,2026-09-28 09:46:00.000,37050.0,35750,2026-09-28 13:36:00.000,36400.0,35628.6,2026-09-28 13:36:00.000,2026-09-28 13:36:04.174,36400.0,2026-09-28 13:36:04.803,36400.0,4.803742,0.0,pullback_structure_snapshot_v1
2026-09-28,v2.3.1,2026-09-28:009830:PULLBACK_SNAPSHOT_DIRECT:120:2026-09-28 13:49:00:SIGNAL,SIGNAL,PULLBACK_SNAPSHOT_DIRECT,,009830,한화솔루션,BOTH,2026-09-28 09:06:35.927,2026-09-28 09:06:35.927,2026-09-28 09:06:35.927,20260928_009830_BASE_E002_090635945019|20260928_009830_PRE_HISTORY_E002_090636133834,2026-09-28:009830:6,PULLBACK_SNAPSHOT_DIRECT,,OK,RECOVERY_PARTIAL,2026-09-28 09:16:00.000,33450.0,2026-09-28 09:18:00.000,-4.783258594917783,2026-09-28 11:49:00.000,31850.0,2026-09-28 11:52:00.000,32100.0,32100.0,2026-09-28 12:16:00.000,31800.0,False,4,2026-09-28 12:18:00.000,119.0,120,READY,2026-09-28 09:24:00.000,33050.0,32150,2026-09-28 13:49:00.000,33150.0,32035.8,2026-09-28 13:49:00.000,2026-09-28 13:49:00.268,33150.0,,,,,pullback_structure_snapshot_v1
2026-09-28,v2.3.1,2026-09-28:009830:PULLBACK_SNAPSHOT_DIRECT:120:2026-09-28 13:49:00:FILL,FILL,PULLBACK_SNAPSHOT_DIRECT,20260928_009830_PULLBACK_SNAPSHOT_DIRECT_2026-09-28:009830:6:120_134911964458,009830,한화솔루션,BOTH,2026-09-28 09:06:35.927,2026-09-28 09:06:35.927,2026-09-28 09:06:35.927,20260928_009830_BASE_E002_090635945019|20260928_009830_PRE_HISTORY_E002_090636133834,2026-09-28:009830:6,PULLBACK_SNAPSHOT_DIRECT,,OK,RECOVERY_PARTIAL,2026-09-28 09:16:00.000,33450.0,2026-09-28 09:18:00.000,-4.783258594917783,2026-09-28 11:49:00.000,31850.0,2026-09-28 11:52:00.000,32100.0,32100.0,2026-09-28 12:16:00.000,31800.0,False,4,2026-09-28 12:18:00.000,119.0,120,READY,2026-09-28 09:24:00.000,33050.0,32150,2026-09-28 13:49:00.000,33150.0,32035.8,2026-09-28 13:49:00.000,2026-09-28 13:49:00.268,33150.0,2026-09-28 13:49:00.389,33100.0,0.389836,-0.15082956259426794,pullback_structure_snapshot_v1
2026-09-28,v2.3.1,2026-09-28:009830:PULLBACK_SNAPSHOT_RECLAIM:120:2026-09-28 13:50:00:SIGNAL,SIGNAL,PULLBACK_SNAPSHOT_RECLAIM,,009830,한화솔루션,BOTH,2026-09-28 09:06:35.927,2026-09-28 09:06:35.927,2026-09-28 09:06:35.927,20260928_009830_BASE_E002_090635945019|20260928_009830_PRE_HISTORY_E002_090636133834,2026-09-28:009830:6,PULLBACK_SNAPSHOT_RECLAIM,,OK,RECOVERY_PARTIAL,2026-09-28 09:16:00.000,33450.0,2026-09-28 09:18:00.000,-4.783258594917783,2026-09-28 11:49:00.000,31850.0,2026-09-28 11:52:00.000,32100.0,32100.0,2026-09-28 12:16:00.000,31800.0,False,4,2026-09-28 12:18:00.000,120.0,120,READY,2026-09-28 09:24:00.000,33050.0,32150,2026-09-28 13:50:00.000,33100.0,32035.8,2026-09-28 13:50:00.000,2026-09-28 13:50:00.086,33100.0,,,,,pullback_structure_snapshot_v1
2026-09-28,v2.3.1,2026-09-28:009830:PULLBACK_SNAPSHOT_RECLAIM:120:2026-09-28 13:50:00:FILL,FILL,PULLBACK_SNAPSHOT_RECLAIM,20260928_009830_PULLBACK_SNAPSHOT_RECLAIM_2026-09-28:009830:6:120_135003998544,009830,한화솔루션,BOTH,2026-09-28 09:06:35.927,2026-09-28 09:06:35.927,2026-09-28 09:06:35.927,20260928_009830_BASE_E002_090635945019|20260928_009830_PRE_HISTORY_E002_090636133834,2026-09-28:009830:6,PULLBACK_SNAPSHOT_RECLAIM,,OK,RECOVERY_PARTIAL,2026-09-28 09:16:00.000,33450.0,2026-09-28 09:18:00.000,-4.783258594917783,2026-09-28 11:49:00.000,31850.0,2026-09-28 11:52:00.000,32100.0,32100.0,2026-09-28 12:16:00.000,31800.0,False,4,2026-09-28 12:18:00.000,120.0,120,READY,2026-09-28 09:24:00.000,33050.0,32150,2026-09-28 13:50:00.000,33100.0,32035.8,2026-09-28 13:50:00.000,2026-09-28 13:50:00.086,33100.0,2026-09-28 13:50:00.371,33100.0,0.371335,0.0,pullback_structure_snapshot_v1
2026-09-28,v2.3.1,2026-09-28:424870:PULLBACK_SNAPSHOT_DIRECT:120:2026-09-28 13:50:00:SIGNAL,SIGNAL,PULLBACK_SNAPSHOT_DIRECT,,424870,이뮨온시아,BASE,2026-09-28 10:03:19.460,2026-09-28 10:03:19.460,,20260928_424870_BASE_E011_100319495775,2026-09-28:424870:5,PULLBACK_SNAPSHOT_DIRECT,,OK,RECOVERY_PARTIAL,2026-09-28 10:10:00.000,3755.0,2026-09-28 10:12:00.000,-5.858854860186414,2026-09-28 11:50:00.000,3535.0,2026-09-28 11:51:00.000,3580.0,3580.0,2026-09-28 11:52:00.000,3560.0,True,6,2026-09-28 11:54:00.000,119.0,120,READY,2026-09-28 10:20:00.000,3675.0,3585,2026-09-28 13:50:00.000,3600.0,3572.84,2026-09-28 13:50:00.000,2026-09-28 13:50:22.670,3600.0,,,,,pullback_structure_snapshot_v1
2026-09-28,v2.3.1,2026-09-28:424870:PULLBACK_SNAPSHOT_DIRECT:120:2026-09-28 13:50:00:FILL,FILL,PULLBACK_SNAPSHOT_DIRECT,20260928_424870_PULLBACK_SNAPSHOT_DIRECT_2026-09-28:424870:5:120_135031584940,424870,이뮨온시아,BASE,2026-09-28 10:03:19.460,2026-09-28 10:03:19.460,,20260928_424870_BASE_E011_100319495775,2026-09-28:424870:5,PULLBACK_SNAPSHOT_DIRECT,,OK,RECOVERY_PARTIAL,2026-09-28 10:10:00.000,3755.0,2026-09-28 10:12:00.000,-5.858854860186414,2026-09-28 11:50:00.000,3535.0,2026-09-28 11:51:00.000,3580.0,3580.0,2026-09-28 11:52:00.000,3560.0,True,6,2026-09-28 11:54:00.000,119.0,120,READY,2026-09-28 10:20:00.000,3675.0,3585,2026-09-28 13:50:00.000,3600.0,3572.84,2026-09-28 13:50:00.000,2026-09-28 13:50:22.670,3600.0,2026-09-28 13:50:23.483,3595.0,23.483741,-0.1388888888888884,pullback_structure_snapshot_v1
2026-09-28,v2.3.1,2026-09-28:424870:PULLBACK_SNAPSHOT_RECLAIM:120:2026-09-28 13:51:00:SIGNAL,SIGNAL,PULLBACK_SNAPSHOT_RECLAIM,,424870,이뮨온시아,BASE,2026-09-28 10:03:19.460,2026-09-28 10:03:19.460,,20260928_424870_BASE_E011_100319495775,2026-09-28:424870:5,PULLBACK_SNAPSHOT_RECLAIM,,OK,RECOVERY_PARTIAL,2026-09-28 10:10:00.000,3755.0,2026-09-28 10:12:00.000,-5.858854860186414,2026-09-28 11:50:00.000,3535.0,2026-09-28 11:51:00.000,3580.0,3580.0,2026-09-28 11:52:00.000,3560.0,True,6,2026-09-28 11:54:00.000,120.0,120,READY,2026-09-28 10:20:00.000,3675.0,3585,2026-09-28 13:51:00.000,3595.0,3572.84,2026-09-28 13:51:00.000,2026-09-28 13:51:00.467,3595.0,,,,,pullback_structure_snapshot_v1
2026-09-28,v2.3.1,2026-09-28:424870:PULLBACK_SNAPSHOT_RECLAIM:120:2026-09-28 13:51:00:FILL,FILL,PULLBACK_SNAPSHOT_RECLAIM,20260928_424870_PULLBACK_SNAPSHOT_RECLAIM_2026-09-28:424870:5:120_135104645164,424870,이뮨온시아,BASE,2026-09-28 10:03:19.460,2026-09-28 10:03:19.460,,20260928_424870_BASE_E011_100319495775,2026-09-28:424870:5,PULLBACK_SNAPSHOT_RECLAIM,,OK,RECOVERY_PARTIAL,2026-09-28 10:10:00.000,3755.0,2026-09-28 10:12:00.000,-5.858854860186414,2026-09-28 11:50:00.000,3535.0,2026-09-28 11:51:00.000,3580.0,3580.0,2026-09-28 11:52:00.000,3560.0,True,6,2026-09-28 11:54:00.000,120.0,120,READY,2026-09-28 10:20:00.000,3675.0,3585,2026-09-28 13:51:00.000,3595.0,3572.84,2026-09-28 13:51:00.000,2026-09-28 13:51:00.467,3595.0,2026-09-28 13:51:02.874,3595.0,2.874654,0.0,pullback_structure_snapshot_v1
2026-09-28,v2.3.1,2026-09-28:396300:PULLBACK_SNAPSHOT_DIRECT:60:2026-09-28 13:52:00:SIGNAL,SIGNAL,PULLBACK_SNAPSHOT_DIRECT,,396300,HT로보틱스,BASE,2026-09-28 09:43:18.420,2026-09-28 09:43:18.420,,20260928_396300_BASE_E003_094318431907|20260928_396300_BASE_E004_094825831049,2026-09-28:396300:10,PULLBACK_SNAPSHOT_DIRECT,,OK,RECOVERY_PARTIAL,2026-09-28 09:44:00.000,6290.0,2026-09-28 09:46:00.000,-8.108108108108103,2026-09-28 12:52:00.000,5780.0,2026-09-28 12:52:00.000,5820.0,5820.0,2026-09-28 12:55:00.000,5790.0,True,11,2026-09-28 12:57:00.000,59.0,60,READY,2026-09-28 09:51:00.000,6460.0,5830,2026-09-28 13:52:00.000,5840.0,5808.36,2026-09-28 13:52:00.000,2026-09-28 13:52:00.867,5840.0,,,,,pullback_structure_snapshot_v1
2026-09-28,v2.3.1,2026-09-28:396300:PULLBACK_SNAPSHOT_DIRECT:60:2026-09-28 13:52:00:FILL,FILL,PULLBACK_SNAPSHOT_DIRECT,20260928_396300_PULLBACK_SNAPSHOT_DIRECT_2026-09-28:396300:10:60_135207865814,396300,HT로보틱스,BASE,2026-09-28 09:43:18.420,2026-09-28 09:43:18.420,,20260928_396300_BASE_E003_094318431907|20260928_396300_BASE_E004_094825831049,2026-09-28:396300:10,PULLBACK_SNAPSHOT_DIRECT,,OK,RECOVERY_PARTIAL,2026-09-28 09:44:00.000,6290.0,2026-09-28 09:46:00.000,-8.108108108108103,2026-09-28 12:52:00.000,5780.0,2026-09-28 12:52:00.000,5820.0,5820.0,2026-09-28 12:55:00.000,5790.0,True,11,2026-09-28 12:57:00.000,59.0,60,READY,2026-09-28 09:51:00.000,6460.0,5830,2026-09-28 13:52:00.000,5840.0,5808.36,2026-09-28 13:52:00.000,2026-09-28 13:52:00.867,5840.0,2026-09-28 13:52:06.769,5830.0,6.769826,-0.1712328767123239,pullback_structure_snapshot_v1
2026-09-28,v2.3.1,2026-09-28:396300:PULLBACK_SNAPSHOT_RECLAIM:60:2026-09-28 13:53:00:SIGNAL,SIGNAL,PULLBACK_SNAPSHOT_RECLAIM,,396300,HT로보틱스,BASE,2026-09-28 09:43:18.420,2026-09-28 09:43:18.420,,20260928_396300_BASE_E003_094318431907|20260928_396300_BASE_E004_094825831049,2026-09-28:396300:10,PULLBACK_SNAPSHOT_RECLAIM,,OK,RECOVERY_PARTIAL,2026-09-28 09:44:00.000,6290.0,2026-09-28 09:46:00.000,-8.108108108108103,2026-09-28 12:52:00.000,5780.0,2026-09-28 12:52:00.000,5820.0,5820.0,2026-09-28 12:55:00.000,5790.0,True,11,2026-09-28 12:57:00.000,60.0,60,READY,2026-09-28 09:51:00.000,6460.0,5830,2026-09-28 13:53:00.000,5820.0,5808.36,2026-09-28 13:53:00.000,2026-09-28 13:53:01.766,5820.0,,,,,pullback_structure_snapshot_v1
2026-09-28,v2.3.1,2026-09-28:396300:PULLBACK_SNAPSHOT_RECLAIM:60:2026-09-28 13:53:00:FILL,FILL,PULLBACK_SNAPSHOT_RECLAIM,20260928_396300_PULLBACK_SNAPSHOT_RECLAIM_2026-09-28:396300:10:60_135318969512,396300,HT로보틱스,BASE,2026-09-28 09:43:18.420,2026-09-28 09:43:18.420,,20260928_396300_BASE_E003_094318431907|20260928_396300_BASE_E004_094825831049,2026-09-28:396300:10,PULLBACK_SNAPSHOT_RECLAIM,,OK,RECOVERY_PARTIAL,2026-09-28 09:44:00.000,6290.0,2026-09-28 09:46:00.000,-8.108108108108103,2026-09-28 12:52:00.000,5780.0,2026-09-28 12:52:00.000,5820.0,5820.0,2026-09-28 12:55:00.000,5790.0,True,11,2026-09-28 12:57:00.000,60.0,60,READY,2026-09-28 09:51:00.000,6460.0,5830,2026-09-28 13:53:00.000,5820.0,5808.36,2026-09-28 13:53:00.000,2026-09-28 13:53:01.766,5820.0,2026-09-28 13:53:18.968,5820.0,18.968461,0.0,pullback_structure_snapshot_v1
2026-09-28,v2.3.1,2026-09-28:178320:PULLBACK_SNAPSHOT_DIRECT:120:2026-09-28 14:05:00:SIGNAL,SIGNAL,PULLBACK_SNAPSHOT_DIRECT,,178320,서진시스템,BASE,2026-09-28 09:21:18.464,2026-09-28 09:21:18.464,,20260928_178320_BASE_E002_092118532447,2026-09-28:178320:4,PULLBACK_SNAPSHOT_DIRECT,,OK,RECOVERY_PARTIAL,2026-09-28 09:24:00.000,37550.0,2026-09-28 09:28:00.000,-5.725699067909451,2026-09-28 12:05:00.000,35400.0,2026-09-28 12:10:00.000,35700.0,35700.0,2026-09-28 12:14:00.000,35550.0,True,2,2026-09-28 12:19:00.000,119.0,120,READY,2026-09-28 09:46:00.000,37050.0,35750,2026-09-28 14:05:00.000,36300.0,35628.6,2026-09-28 14:05:00.000,2026-09-28 14:05:02.368,36300.0,,,,,pullback_structure_snapshot_v1
2026-09-28,v2.3.1,2026-09-28:178320:PULLBACK_SNAPSHOT_DIRECT:120:2026-09-28 14:05:00:FILL,FILL,PULLBACK_SNAPSHOT_DIRECT,20260928_178320_PULLBACK_SNAPSHOT_DIRECT_2026-09-28:178320:4:120_140511771671,178320,서진시스템,BASE,2026-09-28 09:21:18.464,2026-09-28 09:21:18.464,,20260928_178320_BASE_E002_092118532447,2026-09-28:178320:4,PULLBACK_SNAPSHOT_DIRECT,,OK,RECOVERY_PARTIAL,2026-09-28 09:24:00.000,37550.0,2026-09-28 09:28:00.000,-5.725699067909451,2026-09-28 12:05:00.000,35400.0,2026-09-28 12:10:00.000,35700.0,35700.0,2026-09-28 12:14:00.000,35550.0,True,2,2026-09-28 12:19:00.000,119.0,120,READY,2026-09-28 09:46:00.000,37050.0,35750,2026-09-28 14:05:00.000,36300.0,35628.6,2026-09-28 14:05:00.000,2026-09-28 14:05:02.368,36300.0,2026-09-28 14:05:07.472,36250.0,7.472547,-0.13774104683195176,pullback_structure_snapshot_v1
2026-09-28,v2.3.1,2026-09-28:178320:PULLBACK_SNAPSHOT_RECLAIM:120:2026-09-28 14:06:00:SIGNAL,SIGNAL,PULLBACK_SNAPSHOT_RECLAIM,,178320,서진시스템,BASE,2026-09-28 09:21:18.464,2026-09-28 09:21:18.464,,20260928_178320_BASE_E002_092118532447,2026-09-28:178320:4,PULLBACK_SNAPSHOT_RECLAIM,,OK,RECOVERY_PARTIAL,2026-09-28 09:24:00.000,37550.0,2026-09-28 09:28:00.000,-5.725699067909451,2026-09-28 12:05:00.000,35400.0,2026-09-28 12:10:00.000,35700.0,35700.0,2026-09-28 12:14:00.000,35550.0,True,2,2026-09-28 12:19:00.000,120.0,120,READY,2026-09-28 09:46:00.000,37050.0,35750,2026-09-28 14:06:00.000,36250.0,35628.6,2026-09-28 14:06:00.000,2026-09-28 14:06:01.191,36250.0,,,,,pullback_structure_snapshot_v1
2026-09-28,v2.3.1,2026-09-28:178320:PULLBACK_SNAPSHOT_RECLAIM:120:2026-09-28 14:06:00:FILL,FILL,PULLBACK_SNAPSHOT_RECLAIM,20260928_178320_PULLBACK_SNAPSHOT_RECLAIM_2026-09-28:178320:4:120_140615873095,178320,서진시스템,BASE,2026-09-28 09:21:18.464,2026-09-28 09:21:18.464,,20260928_178320_BASE_E002_092118532447,2026-09-28:178320:4,PULLBACK_SNAPSHOT_RECLAIM,,OK,RECOVERY_PARTIAL,2026-09-28 09:24:00.000,37550.0,2026-09-28 09:28:00.000,-5.725699067909451,2026-09-28 12:05:00.000,35400.0,2026-09-28 12:10:00.000,35700.0,35700.0,2026-09-28 12:14:00.000,35550.0,True,2,2026-09-28 12:19:00.000,120.0,120,READY,2026-09-28 09:46:00.000,37050.0,35750,2026-09-28 14:06:00.000,36250.0,35628.6,2026-09-28 14:06:00.000,2026-09-28 14:06:01.191,36250.0,2026-09-28 14:06:01.863,36250.0,1.863189,0.0,pullback_structure_snapshot_v1
2026-09-28,v2.3.1,2026-09-28:009830:PULLBACK_SNAPSHOT_DIRECT:150:2026-09-28 14:19:00:SIGNAL,SIGNAL,PULLBACK_SNAPSHOT_DIRECT,,009830,한화솔루션,BOTH,2026-09-28 09:06:35.927,2026-09-28 09:06:35.927,2026-09-28 09:06:35.927,20260928_009830_BASE_E002_090635945019|20260928_009830_PRE_HISTORY_E002_090636133834,2026-09-28:009830:6,PULLBACK_SNAPSHOT_DIRECT,,OK,RECOVERY_PARTIAL,2026-09-28 09:16:00.000,33450.0,2026-09-28 09:18:00.000,-4.783258594917783,2026-09-28 11:49:00.000,31850.0,2026-09-28 11:52:00.000,32100.0,32100.0,2026-09-28 12:16:00.000,31800.0,False,4,2026-09-28 12:18:00.000,149.0,150,READY,2026-09-28 09:24:00.000,33050.0,32150,2026-09-28 14:19:00.000,33550.0,32035.8,2026-09-28 14:19:00.000,2026-09-28 14:19:00.368,33550.0,,,,,pullback_structure_snapshot_v1
2026-09-28,v2.3.1,2026-09-28:009830:PULLBACK_SNAPSHOT_DIRECT:150:2026-09-28 14:19:00:FILL,FILL,PULLBACK_SNAPSHOT_DIRECT,20260928_009830_PULLBACK_SNAPSHOT_DIRECT_2026-09-28:009830:6:150_141902874974,009830,한화솔루션,BOTH,2026-09-28 09:06:35.927,2026-09-28 09:06:35.927,2026-09-28 09:06:35.927,20260928_009830_BASE_E002_090635945019|20260928_009830_PRE_HISTORY_E002_090636133834,2026-09-28:009830:6,PULLBACK_SNAPSHOT_DIRECT,,OK,RECOVERY_PARTIAL,2026-09-28 09:16:00.000,33450.0,2026-09-28 09:18:00.000,-4.783258594917783,2026-09-28 11:49:00.000,31850.0,2026-09-28 11:52:00.000,32100.0,32100.0,2026-09-28 12:16:00.000,31800.0,False,4,2026-09-28 12:18:00.000,149.0,150,READY,2026-09-28 09:24:00.000,33050.0,32150,2026-09-28 14:19:00.000,33550.0,32035.8,2026-09-28 14:19:00.000,2026-09-28 14:19:00.368,33550.0,2026-09-28 14:19:00.460,33550.0,0.460739,0.0,pullback_structure_snapshot_v1
2026-09-28,v2.3.1,2026-09-28:009830:PULLBACK_SNAPSHOT_RECLAIM:150:2026-09-28 14:20:00:SIGNAL,SIGNAL,PULLBACK_SNAPSHOT_RECLAIM,,009830,한화솔루션,BOTH,2026-09-28 09:06:35.927,2026-09-28 09:06:35.927,2026-09-28 09:06:35.927,20260928_009830_BASE_E002_090635945019|20260928_009830_PRE_HISTORY_E002_090636133834,2026-09-28:009830:6,PULLBACK_SNAPSHOT_RECLAIM,,OK,RECOVERY_PARTIAL,2026-09-28 09:16:00.000,33450.0,2026-09-28 09:18:00.000,-4.783258594917783,2026-09-28 11:49:00.000,31850.0,2026-09-28 11:52:00.000,32100.0,32100.0,2026-09-28 12:16:00.000,31800.0,False,4,2026-09-28 12:18:00.000,150.0,150,READY,2026-09-28 09:24:00.000,33050.0,32150,2026-09-28 14:20:00.000,33450.0,32035.8,2026-09-28 14:20:00.000,2026-09-28 14:20:00.165,33450.0,,,,,pullback_structure_snapshot_v1
2026-09-28,v2.3.1,2026-09-28:009830:PULLBACK_SNAPSHOT_RECLAIM:150:2026-09-28 14:20:00:FILL,FILL,PULLBACK_SNAPSHOT_RECLAIM,20260928_009830_PULLBACK_SNAPSHOT_RECLAIM_2026-09-28:009830:6:150_142014037152,009830,한화솔루션,BOTH,2026-09-28 09:06:35.927,2026-09-28 09:06:35.927,2026-09-28 09:06:35.927,20260928_009830_BASE_E002_090635945019|20260928_009830_PRE_HISTORY_E002_090636133834,2026-09-28:009830:6,PULLBACK_SNAPSHOT_RECLAIM,,OK,RECOVERY_PARTIAL,2026-09-28 09:16:00.000,33450.0,2026-09-28 09:18:00.000,-4.783258594917783,2026-09-28 11:49:00.000,31850.0,2026-09-28 11:52:00.000,32100.0,32100.0,2026-09-28 12:16:00.000,31800.0,False,4,2026-09-28 12:18:00.000,150.0,150,READY,2026-09-28 09:24:00.000,33050.0,32150,2026-09-28 14:20:00.000,33450.0,32035.8,2026-09-28 14:20:00.000,2026-09-28 14:20:00.165,33450.0,2026-09-28 14:20:00.261,33450.0,0.261919,0.0,pullback_structure_snapshot_v1
2026-09-28,v2.3.1,2026-09-28:396300:PULLBACK_SNAPSHOT_DIRECT:90:2026-09-28 14:22:00:SIGNAL,SIGNAL,PULLBACK_SNAPSHOT_DIRECT,,396300,HT로보틱스,BASE,2026-09-28 09:43:18.420,2026-09-28 09:43:18.420,,20260928_396300_BASE_E003_094318431907|20260928_396300_BASE_E004_094825831049,2026-09-28:396300:10,PULLBACK_SNAPSHOT_DIRECT,,OK,RECOVERY_PARTIAL,2026-09-28 09:44:00.000,6290.0,2026-09-28 09:46:00.000,-8.108108108108103,2026-09-28 12:52:00.000,5780.0,2026-09-28 12:52:00.000,5820.0,5820.0,2026-09-28 12:55:00.000,5790.0,True,11,2026-09-28 12:57:00.000,89.0,90,READY,2026-09-28 09:51:00.000,6460.0,5830,2026-09-28 14:22:00.000,5880.0,5808.36,2026-09-28 14:22:00.000,2026-09-28 14:22:12.256,5880.0,,,,,pullback_structure_snapshot_v1
2026-09-28,v2.3.1,2026-09-28:396300:PULLBACK_SNAPSHOT_DIRECT:90:2026-09-28 14:22:00:FILL,FILL,PULLBACK_SNAPSHOT_DIRECT,20260928_396300_PULLBACK_SNAPSHOT_DIRECT_2026-09-28:396300:10:90_142216171362,396300,HT로보틱스,BASE,2026-09-28 09:43:18.420,2026-09-28 09:43:18.420,,20260928_396300_BASE_E003_094318431907|20260928_396300_BASE_E004_094825831049,2026-09-28:396300:10,PULLBACK_SNAPSHOT_DIRECT,,OK,RECOVERY_PARTIAL,2026-09-28 09:44:00.000,6290.0,2026-09-28 09:46:00.000,-8.108108108108103,2026-09-28 12:52:00.000,5780.0,2026-09-28 12:52:00.000,5820.0,5820.0,2026-09-28 12:55:00.000,5790.0,True,11,2026-09-28 12:57:00.000,89.0,90,READY,2026-09-28 09:51:00.000,6460.0,5830,2026-09-28 14:22:00.000,5880.0,5808.36,2026-09-28 14:22:00.000,2026-09-28 14:22:12.256,5880.0,2026-09-28 14:22:14.912,5890.0,14.912554,0.1700680272108901,pullback_structure_snapshot_v1
2026-09-28,v2.3.1,2026-09-28:396300:PULLBACK_SNAPSHOT_RECLAIM:90:2026-09-28 14:23:00:SIGNAL,SIGNAL,PULLBACK_SNAPSHOT_RECLAIM,,396300,HT로보틱스,BASE,2026-09-28 09:43:18.420,2026-09-28 09:43:18.420,,20260928_396300_BASE_E003_094318431907|20260928_396300_BASE_E004_094825831049,2026-09-28:396300:10,PULLBACK_SNAPSHOT_RECLAIM,,OK,RECOVERY_PARTIAL,2026-09-28 09:44:00.000,6290.0,2026-09-28 09:46:00.000,-8.108108108108103,2026-09-28 12:52:00.000,5780.0,2026-09-28 12:52:00.000,5820.0,5820.0,2026-09-28 12:55:00.000,5790.0,True,11,2026-09-28 12:57:00.000,90.0,90,READY,2026-09-28 09:51:00.000,6460.0,5830,2026-09-28 14:23:00.000,5880.0,5808.36,2026-09-28 14:23:00.000,2026-09-28 14:23:00.257,5880.0,,,,,pullback_structure_snapshot_v1
2026-09-28,v2.3.1,2026-09-28:396300:PULLBACK_SNAPSHOT_RECLAIM:90:2026-09-28 14:23:00:FILL,FILL,PULLBACK_SNAPSHOT_RECLAIM,20260928_396300_PULLBACK_SNAPSHOT_RECLAIM_2026-09-28:396300:10:90_142312857704,396300,HT로보틱스,BASE,2026-09-28 09:43:18.420,2026-09-28 09:43:18.420,,20260928_396300_BASE_E003_094318431907|20260928_396300_BASE_E004_094825831049,2026-09-28:396300:10,PULLBACK_SNAPSHOT_RECLAIM,,OK,RECOVERY_PARTIAL,2026-09-28 09:44:00.000,6290.0,2026-09-28 09:46:00.000,-8.108108108108103,2026-09-28 12:52:00.000,5780.0,2026-09-28 12:52:00.000,5820.0,5820.0,2026-09-28 12:55:00.000,5790.0,True,11,2026-09-28 12:57:00.000,90.0,90,READY,2026-09-28 09:51:00.000,6460.0,5830,2026-09-28 14:23:00.000,5880.0,5808.36,2026-09-28 14:23:00.000,2026-09-28 14:23:00.257,5880.0,2026-09-28 14:23:12.856,5890.0,12.856696,0.1700680272108901,pullback_structure_snapshot_v1
2026-09-28,v2.3.1,2026-09-28:178320:PULLBACK_SNAPSHOT_DIRECT:150:2026-09-28 14:35:00:SIGNAL,SIGNAL,PULLBACK_SNAPSHOT_DIRECT,,178320,서진시스템,BASE,2026-09-28 09:21:18.464,2026-09-28 09:21:18.464,,20260928_178320_BASE_E002_092118532447,2026-09-28:178320:4,PULLBACK_SNAPSHOT_DIRECT,,OK,RECOVERY_PARTIAL,2026-09-28 09:24:00.000,37550.0,2026-09-28 09:28:00.000,-5.725699067909451,2026-09-28 12:05:00.000,35400.0,2026-09-28 12:10:00.000,35700.0,35700.0,2026-09-28 12:14:00.000,35550.0,True,2,2026-09-28 12:19:00.000,149.0,150,READY,2026-09-28 09:46:00.000,37050.0,35750,2026-09-28 14:35:00.000,35950.0,35628.6,2026-09-28 14:35:00.000,2026-09-28 14:35:03.358,35950.0,,,,,pullback_structure_snapshot_v1
2026-09-28,v2.3.1,2026-09-28:178320:PULLBACK_SNAPSHOT_DIRECT:150:2026-09-28 14:35:00:FILL,FILL,PULLBACK_SNAPSHOT_DIRECT,20260928_178320_PULLBACK_SNAPSHOT_DIRECT_2026-09-28:178320:4:150_143512765902,178320,서진시스템,BASE,2026-09-28 09:21:18.464,2026-09-28 09:21:18.464,,20260928_178320_BASE_E002_092118532447,2026-09-28:178320:4,PULLBACK_SNAPSHOT_DIRECT,,OK,RECOVERY_PARTIAL,2026-09-28 09:24:00.000,37550.0,2026-09-28 09:28:00.000,-5.725699067909451,2026-09-28 12:05:00.000,35400.0,2026-09-28 12:10:00.000,35700.0,35700.0,2026-09-28 12:14:00.000,35550.0,True,2,2026-09-28 12:19:00.000,149.0,150,READY,2026-09-28 09:46:00.000,37050.0,35750,2026-09-28 14:35:00.000,35950.0,35628.6,2026-09-28 14:35:00.000,2026-09-28 14:35:03.358,35950.0,2026-09-28 14:35:12.751,35900.0,12.751997,-0.13908205841446364,pullback_structure_snapshot_v1
2026-09-28,v2.3.1,2026-09-28:178320:PULLBACK_SNAPSHOT_RECLAIM:150:2026-09-28 14:36:00:SIGNAL,SIGNAL,PULLBACK_SNAPSHOT_RECLAIM,,178320,서진시스템,BASE,2026-09-28 09:21:18.464,2026-09-28 09:21:18.464,,20260928_178320_BASE_E002_092118532447,2026-09-28:178320:4,PULLBACK_SNAPSHOT_RECLAIM,,OK,RECOVERY_PARTIAL,2026-09-28 09:24:00.000,37550.0,2026-09-28 09:28:00.000,-5.725699067909451,2026-09-28 12:05:00.000,35400.0,2026-09-28 12:10:00.000,35700.0,35700.0,2026-09-28 12:14:00.000,35550.0,True,2,2026-09-28 12:19:00.000,150.0,150,READY,2026-09-28 09:46:00.000,37050.0,35750,2026-09-28 14:36:00.000,35850.0,35628.6,2026-09-28 14:36:00.000,2026-09-28 14:36:04.768,35850.0,,,,,pullback_structure_snapshot_v1
2026-09-28,v2.3.1,2026-09-28:178320:PULLBACK_SNAPSHOT_RECLAIM:150:2026-09-28 14:36:00:FILL,FILL,PULLBACK_SNAPSHOT_RECLAIM,20260928_178320_PULLBACK_SNAPSHOT_RECLAIM_2026-09-28:178320:4:150_143619731191,178320,서진시스템,BASE,2026-09-28 09:21:18.464,2026-09-28 09:21:18.464,,20260928_178320_BASE_E002_092118532447,2026-09-28:178320:4,PULLBACK_SNAPSHOT_RECLAIM,,OK,RECOVERY_PARTIAL,2026-09-28 09:24:00.000,37550.0,2026-09-28 09:28:00.000,-5.725699067909451,2026-09-28 12:05:00.000,35400.0,2026-09-28 12:10:00.000,35700.0,35700.0,2026-09-28 12:14:00.000,35550.0,True,2,2026-09-28 12:19:00.000,150.0,150,READY,2026-09-28 09:46:00.000,37050.0,35750,2026-09-28 14:36:00.000,35850.0,35628.6,2026-09-28 14:36:00.000,2026-09-28 14:36:04.768,35850.0,2026-09-28 14:36:06.569,35850.0,6.569355,0.0,pullback_structure_snapshot_v1
2026-09-28,v2.3.1,2026-09-28:014950:PULLBACK_SNAPSHOT_DIRECT:30:2026-09-28 14:49:00:SIGNAL,SIGNAL,PULLBACK_SNAPSHOT_DIRECT,,014950,삼익제약,BASE,2026-09-28 12:01:30.821,2026-09-28 12:01:30.821,,20260928_014950_BASE_E013_120130836296,2026-09-28:014950:12,PULLBACK_SNAPSHOT_DIRECT,,OK,RECOVERY_PARTIAL,2026-09-28 12:02:00.000,10790.0,2026-09-28 12:04:00.000,-9.175162187210384,2026-09-28 14:19:00.000,9800.0,2026-09-28 14:21:00.000,9940.0,9940.0,2026-09-28 14:25:00.000,9850.0,True,2,2026-09-28 14:27:00.000,29.0,30,READY,2026-09-28 12:33:00.000,10330.0,9950,2026-09-28 14:49:00.000,10160.0,9920.12,2026-09-28 14:49:00.000,2026-09-28 14:49:00.164,10160.0,,,,,pullback_structure_snapshot_v1
2026-09-28,v2.3.1,2026-09-28:014950:PULLBACK_SNAPSHOT_DIRECT:30:2026-09-28 14:49:00:FILL,FILL,PULLBACK_SNAPSHOT_DIRECT,20260928_014950_PULLBACK_SNAPSHOT_DIRECT_2026-09-28:014950:12:30_144911320397,014950,삼익제약,BASE,2026-09-28 12:01:30.821,2026-09-28 12:01:30.821,,20260928_014950_BASE_E013_120130836296,2026-09-28:014950:12,PULLBACK_SNAPSHOT_DIRECT,,OK,RECOVERY_PARTIAL,2026-09-28 12:02:00.000,10790.0,2026-09-28 12:04:00.000,-9.175162187210384,2026-09-28 14:19:00.000,9800.0,2026-09-28 14:21:00.000,9940.0,9940.0,2026-09-28 14:25:00.000,9850.0,True,2,2026-09-28 14:27:00.000,29.0,30,READY,2026-09-28 12:33:00.000,10330.0,9950,2026-09-28 14:49:00.000,10160.0,9920.12,2026-09-28 14:49:00.000,2026-09-28 14:49:00.164,10160.0,2026-09-28 14:49:00.762,10160.0,0.762226,0.0,pullback_structure_snapshot_v1
2026-09-28,v2.3.1,2026-09-28:014950:PULLBACK_SNAPSHOT_RECLAIM:30:2026-09-28 14:50:00:SIGNAL,SIGNAL,PULLBACK_SNAPSHOT_RECLAIM,,014950,삼익제약,BASE,2026-09-28 12:01:30.821,2026-09-28 12:01:30.821,,20260928_014950_BASE_E013_120130836296,2026-09-28:014950:12,PULLBACK_SNAPSHOT_RECLAIM,,OK,RECOVERY_PARTIAL,2026-09-28 12:02:00.000,10790.0,2026-09-28 12:04:00.000,-9.175162187210384,2026-09-28 14:19:00.000,9800.0,2026-09-28 14:21:00.000,9940.0,9940.0,2026-09-28 14:25:00.000,9850.0,True,2,2026-09-28 14:27:00.000,30.0,30,READY,2026-09-28 12:33:00.000,10330.0,9950,2026-09-28 14:50:00.000,10260.0,9920.12,2026-09-28 14:50:00.000,2026-09-28 14:50:00.070,10260.0,,,,,pullback_structure_snapshot_v1
2026-09-28,v2.3.1,2026-09-28:014950:PULLBACK_SNAPSHOT_RECLAIM:30:2026-09-28 14:50:00:FILL,FILL,PULLBACK_SNAPSHOT_RECLAIM,20260928_014950_PULLBACK_SNAPSHOT_RECLAIM_2026-09-28:014950:12:30_145005649665,014950,삼익제약,BASE,2026-09-28 12:01:30.821,2026-09-28 12:01:30.821,,20260928_014950_BASE_E013_120130836296,2026-09-28:014950:12,PULLBACK_SNAPSHOT_RECLAIM,,OK,RECOVERY_PARTIAL,2026-09-28 12:02:00.000,10790.0,2026-09-28 12:04:00.000,-9.175162187210384,2026-09-28 14:19:00.000,9800.0,2026-09-28 14:21:00.000,9940.0,9940.0,2026-09-28 14:25:00.000,9850.0,True,2,2026-09-28 14:27:00.000,30.0,30,READY,2026-09-28 12:33:00.000,10330.0,9950,2026-09-28 14:50:00.000,10260.0,9920.12,2026-09-28 14:50:00.000,2026-09-28 14:50:00.070,10260.0,2026-09-28 14:50:00.161,10280.0,0.161363,0.19493177387914784,pullback_structure_snapshot_v1
2026-09-28,v2.3.1,2026-09-28:424870:PULLBACK_SNAPSHOT_DIRECT:180:2026-09-28 14:50:00:SIGNAL,SIGNAL,PULLBACK_SNAPSHOT_DIRECT,,424870,이뮨온시아,BASE,2026-09-28 10:03:19.460,2026-09-28 10:03:19.460,,20260928_424870_BASE_E011_100319495775,2026-09-28:424870:5,PULLBACK_SNAPSHOT_DIRECT,,OK,RECOVERY_PARTIAL,2026-09-28 10:10:00.000,3755.0,2026-09-28 10:12:00.000,-5.858854860186414,2026-09-28 11:50:00.000,3535.0,2026-09-28 11:51:00.000,3580.0,3580.0,2026-09-28 11:52:00.000,3560.0,True,6,2026-09-28 11:54:00.000,179.0,180,READY,2026-09-28 10:20:00.000,3675.0,3585,2026-09-28 14:50:00.000,3610.0,3572.84,2026-09-28 14:50:00.000,2026-09-28 14:50:00.460,3610.0,,,,,pullback_structure_snapshot_v1
2026-09-28,v2.3.1,2026-09-28:424870:PULLBACK_SNAPSHOT_DIRECT:180:2026-09-28 14:50:00:FILL,FILL,PULLBACK_SNAPSHOT_DIRECT,20260928_424870_PULLBACK_SNAPSHOT_DIRECT_2026-09-28:424870:5:180_145015306640,424870,이뮨온시아,BASE,2026-09-28 10:03:19.460,2026-09-28 10:03:19.460,,20260928_424870_BASE_E011_100319495775,2026-09-28:424870:5,PULLBACK_SNAPSHOT_DIRECT,,OK,RECOVERY_PARTIAL,2026-09-28 10:10:00.000,3755.0,2026-09-28 10:12:00.000,-5.858854860186414,2026-09-28 11:50:00.000,3535.0,2026-09-28 11:51:00.000,3580.0,3580.0,2026-09-28 11:52:00.000,3560.0,True,6,2026-09-28 11:54:00.000,179.0,180,READY,2026-09-28 10:20:00.000,3675.0,3585,2026-09-28 14:50:00.000,3610.0,3572.84,2026-09-28 14:50:00.000,2026-09-28 14:50:00.460,3610.0,2026-09-28 14:50:04.158,3615.0,4.158664,0.13850415512466352,pullback_structure_snapshot_v1
2026-09-28,v2.3.1,2026-09-28:424870:PULLBACK_SNAPSHOT_RECLAIM:180:2026-09-28 14:51:00:SIGNAL,SIGNAL,PULLBACK_SNAPSHOT_RECLAIM,,424870,이뮨온시아,BASE,2026-09-28 10:03:19.460,2026-09-28 10:03:19.460,,20260928_424870_BASE_E011_100319495775,2026-09-28:424870:5,PULLBACK_SNAPSHOT_RECLAIM,,OK,RECOVERY_PARTIAL,2026-09-28 10:10:00.000,3755.0,2026-09-28 10:12:00.000,-5.858854860186414,2026-09-28 11:50:00.000,3535.0,2026-09-28 11:51:00.000,3580.0,3580.0,2026-09-28 11:52:00.000,3560.0,True,6,2026-09-28 11:54:00.000,180.0,180,READY,2026-09-28 10:20:00.000,3675.0,3585,2026-09-28 14:51:00.000,3630.0,3572.84,2026-09-28 14:51:00.000,2026-09-28 14:51:00.088,3630.0,,,,,pullback_structure_snapshot_v1
2026-09-28,v2.3.1,2026-09-28:424870:PULLBACK_SNAPSHOT_RECLAIM:180:2026-09-28 14:51:00:FILL,FILL,PULLBACK_SNAPSHOT_RECLAIM,20260928_424870_PULLBACK_SNAPSHOT_RECLAIM_2026-09-28:424870:5:180_145112405838,424870,이뮨온시아,BASE,2026-09-28 10:03:19.460,2026-09-28 10:03:19.460,,20260928_424870_BASE_E011_100319495775,2026-09-28:424870:5,PULLBACK_SNAPSHOT_RECLAIM,,OK,RECOVERY_PARTIAL,2026-09-28 10:10:00.000,3755.0,2026-09-28 10:12:00.000,-5.858854860186414,2026-09-28 11:50:00.000,3535.0,2026-09-28 11:51:00.000,3580.0,3580.0,2026-09-28 11:52:00.000,3560.0,True,6,2026-09-28 11:54:00.000,180.0,180,READY,2026-09-28 10:20:00.000,3675.0,3585,2026-09-28 14:51:00.000,3630.0,3572.84,2026-09-28 14:51:00.000,2026-09-28 14:51:00.088,3630.0,2026-09-28 14:51:01.953,3625.0,1.953067,-0.13774104683195176,pullback_structure_snapshot_v1
2026-09-28,v2.3.1,2026-09-28:066570:PULLBACK_SNAPSHOT_DIRECT:30:2026-09-28 15:09:00:SIGNAL,SIGNAL,PULLBACK_SNAPSHOT_DIRECT,,066570,LG전자,BASE,2026-09-28 09:23:41.592,2026-09-28 09:23:41.592,,20260928_066570_BASE_E002_092341641436|20260928_066570_BASE_E003_092644426041,2026-09-28:066570:3,PULLBACK_SNAPSHOT_DIRECT,,OK,RECOVERY_PARTIAL,2026-09-28 09:24:00.000,220000.0,2026-09-28 09:31:00.000,-2.7272727272727226,2026-09-28 14:39:00.000,214000.0,2026-09-28 14:59:00.000,215000.0,215000.0,2026-09-28 15:01:00.000,214000.0,False,3,2026-09-28 15:09:00.000,29.0,30,READY,2026-09-28 12:03:00.000,217000.0,215500,2026-09-28 15:09:00.000,215000.0,214570.0,2026-09-28 15:09:00.000,2026-09-28 15:09:00.045,215000.0,,,,,pullback_structure_snapshot_v1
2026-09-28,v2.3.1,2026-09-28:066570:PULLBACK_SNAPSHOT_DIRECT:30:2026-09-28 15:09:00:FILL,FILL,PULLBACK_SNAPSHOT_DIRECT,20260928_066570_PULLBACK_SNAPSHOT_DIRECT_2026-09-28:066570:3:30_150911316068,066570,LG전자,BASE,2026-09-28 09:23:41.592,2026-09-28 09:23:41.592,,20260928_066570_BASE_E002_092341641436|20260928_066570_BASE_E003_092644426041,2026-09-28:066570:3,PULLBACK_SNAPSHOT_DIRECT,,OK,RECOVERY_PARTIAL,2026-09-28 09:24:00.000,220000.0,2026-09-28 09:31:00.000,-2.7272727272727226,2026-09-28 14:39:00.000,214000.0,2026-09-28 14:59:00.000,215000.0,215000.0,2026-09-28 15:01:00.000,214000.0,False,3,2026-09-28 15:09:00.000,29.0,30,READY,2026-09-28 12:03:00.000,217000.0,215500,2026-09-28 15:09:00.000,215000.0,214570.0,2026-09-28 15:09:00.000,2026-09-28 15:09:00.045,215000.0,2026-09-28 15:09:00.151,214500.0,0.151841,-0.23255813953488857,pullback_structure_snapshot_v1
