datetime,version,session,scan_session,decision_session,decision_time,session_valid_at_decision,market,stock_code,stock_name,current_price,change_rate,volume,actual_trading_value,estimated_trading_value,trading_value_used,trading_value_source,trading_value_rank,day_high,high_gap,value_growth,volume_growth,score,score_trading_value,score_high_position,score_value_growth,score_volume_growth,focus_signal,watch_score,watch_start_time,watch_start_price,watch_start_score,watch_to_signal_sec,watch_episode_id,watch_episode_start_time,watch_episode_start_price,watch_episode_start_score,watch_episode_to_signal_sec,history_available_sec,history_sample_count,price_30s_positive,price_60s_positive,first75_price_30s_positive,had_prior_shadow_70_74,prior_shadow_trade_id,prior_shadow_time,prior_shadow_price,prior_shadow_score,prior_shadow_to_first75_sec,prior_shadow_to_first75_pct,price_change_15s,price_change_15s_actual_sec,price_change_30s,price_change_30s_actual_sec,price_change_60s,price_change_60s_actual_sec,price_change_120s,price_change_120s_actual_sec,price_change_180s,price_change_180s_actual_sec,price_change_300s,price_change_300s_actual_sec,high_gap_change_30s,high_gap_change_30s_actual_sec,high_gap_change_60s,high_gap_change_60s_actual_sec,high_gap_change_120s,high_gap_change_120s_actual_sec,high_gap_change_180s,high_gap_change_180s_actual_sec,high_gap_change_300s,high_gap_change_300s_actual_sec
2026-09-28 09:06:04,v2.3.1,MAIN,MAIN,MAIN,2026-09-28 09:06:04.704,True,KOSDAQ,328130,루닛,11680.0,18.76,252947,37827000000.0,2954420960.0,37827000000.0,ACTUAL,5,11680.0,0.0,1.0541466949058076,1.3583089001299524,80,29,25,11,15,True,60,2026-09-28 09:02:37.078,11400.0,66.0,207.625657,20260928_328130_E002,2026-09-28 09:03:55.006,11210.0,63.0,129.697129,357.99883937835693,24,2.456140350877193,2.276707530647986,True,False,,,,,,,2.1872265966754156,15.37480115890503,2.456140350877193,30.51062822341919,2.276707530647986,61.47343373298645,4.192685102586976,123.48962092399597,3.180212014134275,185.65875959396362,19.06218144750255,295.34434056282043,-0.8695652173913043,30.51062822341919,-0.6956521739130435,61.47343373298645,-2.4369016536118364,123.48962092399597,-1.4795474325500435,185.65875959396362,,
2026-09-28 09:06:04,v2.3.1,MAIN,MAIN,MAIN,2026-09-28 09:06:04.708,True,KOSDAQ,356680,엑스게이트,19450.0,5.82,1485843,28025000000.0,28899646350.0,28025000000.0,ACTUAL,6,19700.0,1.2690355329949239,1.3240574506283662,1.2665510795377537,75,24,19,20,12,True,60,2026-09-28 09:05:58.496,19450.0,75.0,6.211509,20260928_356680_E001,2026-09-28 09:05:58.496,19450.0,75.0,6.211509,263.8699495792389,15,-0.35860655737704916,-0.7146503318019397,False,False,,,,,,,0.46487603305785125,15.37480115890503,-0.35860655737704916,30.51062822341919,-0.7146503318019397,61.47343373298645,3.0190677966101696,123.48962092399597,4.738826063543349,185.65875959396362,,,0.35532994923857864,30.51062822341919,0.7106598984771574,61.47343373298645,,,,,,
2026-09-28 09:06:20,v2.3.1,MAIN,MAIN,MAIN,2026-09-28 09:06:20.525,True,KOSDAQ,328130,루닛,11760.0,19.78,268090,38288000000.0,3152738400.0,38288000000.0,ACTUAL,5,11770.0,0.08496176720475786,1.0578841212389136,1.337921328688778,80,29,25,11,15,True,60,2026-09-28 09:02:37.078,11400.0,66.0,223.447484,20260928_328130_E002,2026-09-28 09:03:55.006,11210.0,63.0,145.518956,373.419410943985,25,2.8871391076115485,2.797202797202797,True,False,,,,,,,0.684931506849315,15.420571565628052,2.8871391076115485,30.79537272453308,2.797202797202797,61.139132261276245,3.1578947368421053,123.22243165969849,3.8869257950530036,185.18702101707458,19.877675840978593,294.8885180950165,-0.5237338849691552,30.79537272453308,-0.43677736323002486,61.139132261276245,-0.698328050027618,123.22243165969849,-1.3945856653452857,185.18702101707458,,
2026-09-28 09:06:35,v2.3.1,MAIN,MAIN,MAIN,2026-09-28 09:06:35.929,True,KOSDAQ,328130,루닛,11710.0,19.98,301682,38963000000.0,3532696220.0,38963000000.0,ACTUAL,5,11820.0,0.9306260575296108,1.0703826817944562,1.447082637809628,77,29,22,11,15,True,60,2026-09-28 09:02:37.078,11400.0,66.0,238.851093,20260928_328130_E002,2026-09-28 09:03:55.006,11210.0,63.0,160.922565,389.0696611404419,26,0.2568493150684931,2.719298245614035,True,False,,,,,,,-0.4251700680272109,15.65025019645691,0.2568493150684931,31.07082176208496,2.719298245614035,61.58144998550415,2.092414995640802,123.85140037536621,4.92831541218638,185.51877737045288,19.367991845056064,294.94077134132385,0.9306260575296108,31.07082176208496,0.06106084013830648,61.58144998550415,0.7565616537001939,123.85140037536621,-1.941436605655768,185.51877737045288,,
2026-09-28 09:06:35,v2.3.1,MAIN,MAIN,MAIN,2026-09-28 09:06:35.927,True,KOSPI,009830,한화솔루션,31600.0,8.22,1087966,33786000000.0,34379725600.0,33786000000.0,ACTUAL,19,31950.0,1.0954616588419406,1.1687826478015706,1.1699515229201527,76,29,19,16,12,True,60,2026-09-28 09:03:39.514,31150.0,66.0,176.413301,20260928_009830_E002,2026-09-28 09:05:58.496,31550.0,68.0,37.431185,373.34058713912964,25,0.15847860538827258,1.1199999999999999,True,False,,,,,,,0.0,15.65025019645691,0.15847860538827258,31.07082176208496,1.1199999999999999,61.58144998550415,1.607717041800643,123.85140037536621,1.282051282051282,185.51877737045288,0.6369426751592357,294.94077134132385,-0.15649452269170583,31.07082176208496,-1.0954616588419406,61.58144998550415,-1.5649452269170576,123.85140037536621,-1.251956181533646,185.51877737045288,,
2026-09-28 09:06:53,v2.3.1,MAIN,MAIN,MAIN,2026-09-28 09:06:53.788,True,KOSPI,009830,한화솔루션,31900.0,8.73,1171039,35537000000.0,37356144100.0,35537000000.0,ACTUAL,19,31950.0,0.1564945226917058,1.2185228363736114,1.2488538335123192,82,29,25,16,12,True,60,2026-09-28 09:03:39.514,31150.0,66.0,194.274219,20260928_009830_E002,2026-09-28 09:05:58.496,31550.0,68.0,55.292103,388.36828207969666,26,0.949367088607595,2.4077046548956664,True,False,,,,,,,0.949367088607595,15.027694940567017,0.949367088607595,30.677945137023926,2.4077046548956664,61.47331786155701,2.737520128824477,123.39184594154358,2.4077046548956664,185.08063316345215,1.4308426073131957,294.15460729599,-0.9389671361502347,30.677945137023926,-2.347417840375587,61.47331786155701,-2.6604068857589986,123.39184594154358,-2.347417840375587,185.08063316345215,,
2026-09-28 09:06:53,v2.3.1,MAIN,MAIN,MAIN,2026-09-28 09:06:53.797,True,KOSDAQ,356680,엑스게이트,19550.0,6.2,1728021,32256000000.0,33782810550.0,32256000000.0,ACTUAL,6,19700.0,0.7614213197969544,1.214915254237288,1.2261851204811582,79,29,22,16,12,True,60,2026-09-28 09:05:58.496,19450.0,75.0,55.301103,20260928_356680_E002,2026-09-28 09:06:44.595,19550.0,79.0,9.202586,309.96846628189087,18,1.1904761904761905,0.981404958677686,True,False,,,,,,,2.3024594453165883,15.027694940567017,1.1904761904761905,30.677945137023926,0.981404958677686,61.47331786155701,0.7731958762886598,123.39184594154358,3.384452670544685,185.08063316345215,5.10752688172043,294.15460729599,-1.1675126903553301,30.677945137023926,-0.9644670050761421,61.47331786155701,0.20304568527918787,107.57195043563843,,,,
2026-09-28 09:07:10,v2.3.1,MAIN,MAIN,MAIN,2026-09-28 09:07:10.045,True,KOSPI,009830,한화솔루션,31850.0,9.25,1203633,37447000000.0,38335711050.0,37447000000.0,ACTUAL,18,31950.0,0.3129890453834116,1.2256005760293252,1.174163836042993,82,29,25,16,12,True,60,2026-09-28 09:03:39.514,31150.0,66.0,210.531411,20260928_009830_E002,2026-09-28 09:05:58.496,31550.0,68.0,71.549295,403.9424498081207,27,0.7911392405063291,0.9508716323296356,True,False,,,,,,,-0.1567398119122257,15.574167728424072,0.7911392405063291,30.60186266899109,0.9508716323296356,61.67268443107605,2.4115755627009645,123.1461181640625,2.4115755627009645,185.16230535507202,1.7571884984025559,294.0020136833191,-0.7824726134585289,30.60186266899109,-0.9389671361502347,61.67268443107605,-2.3474178403755865,123.1461181640625,-2.3474178403755865,185.16230535507202,,
2026-09-28 09:07:10,v2.3.1,MAIN,MAIN,MAIN,2026-09-28 09:07:10.054,True,KOSDAQ,356680,엑스게이트,19800.0,6.97,1853650,33622000000.0,36702270000.0,33622000000.0,ACTUAL,6,19800.0,0.0,1.19971454058876,1.2475409582304455,82,29,25,16,12,True,60,2026-09-28 09:05:58.496,19450.0,75.0,71.558304,20260928_356680_E002,2026-09-28 09:06:44.595,19550.0,79.0,25.459787,325.54263401031494,19,3.610675039246468,1.7994858611825193,True,False,,,,,,,1.278772378516624,15.574167728424072,3.610675039246468,30.60186266899109,1.7994858611825193,61.67268443107605,1.0719754977029097,123.1461181640625,4.872881355932203,185.16230535507202,6.451612903225806,309.72877502441406,-0.7614213197969544,15.574167728424072,-1.2690355329949239,61.67268443107605,-0.5583756345177665,123.1461181640625,,,,
2026-09-28 09:07:25,v2.3.1,MAIN,MAIN,MAIN,2026-09-28 09:07:25.913,True,KOSPI,009830,한화솔루션,32200.0,8.9,1305189,39143000000.0,42027085800.0,39143000000.0,ACTUAL,17,32200.0,0.0,1.202623817131621,1.2426394982177131,82,29,25,16,12,True,60,2026-09-28 09:03:39.514,31150.0,66.0,226.399253,20260928_009830_E002,2026-09-28 09:05:58.496,31550.0,68.0,87.417137,419.8538761138916,28,0.9404388714733543,1.89873417721519,True,False,,,,,,,1.098901098901099,15.911426305770874,0.9404388714733543,31.485594034194946,1.89873417721519,62.16353917121887,3.3707865168539324,123.30267143249512,3.7037037037037033,185.38597083091736,2.711323763955343,294.10477352142334,-0.1564945226917058,31.485594034194946,-1.0954616588419406,62.16353917121887,-2.503912363067293,123.30267143249512,-2.8169014084507045,185.38597083091736,-2.3474178403755865,279.00225949287415
2026-09-28 09:07:25,v2.3.1,MAIN,MAIN,MAIN,2026-09-28 09:07:25.923,True,KOSDAQ,356680,엑스게이트,19630.0,8.84,2020221,37865000000.0,39656938230.0,37865000000.0,ACTUAL,6,19840.0,1.0584677419354838,1.2785318746623446,1.2833864736969494,76,29,19,16,12,True,60,2026-09-28 09:05:58.496,19450.0,75.0,87.427137,20260928_356680_E002,2026-09-28 09:06:44.595,19550.0,79.0,41.32862,341.4540603160858,20,0.40920716112531963,1.6045548654244308,True,False,,,,,,,-0.8585858585858586,15.911426305770874,0.40920716112531963,31.485594034194946,1.6045548654244308,62.16353917121887,0.05096839959225281,123.30267143249512,2.9365495542737285,185.38597083091736,5.53763440860215,325.64020133018494,0.2970464221385294,31.485594034194946,-0.8704662682168007,62.16353917121887,0.6523763713771081,123.30267143249512,,,,
2026-09-28 09:07:40,v2.3.1,MAIN,MAIN,MAIN,2026-09-28 09:07:40.612,True,KOSDAQ,356680,엑스게이트,19590.0,7.08,2090624,39710000000.0,40955324160.0,39710000000.0,ACTUAL,6,19840.0,1.2600806451612903,1.340829281469476,1.3281114111704666,83,29,19,20,15,True,60,2026-09-28 09:05:58.496,19450.0,75.0,102.115669,20260928_356680_E002,2026-09-28 09:06:44.595,19550.0,79.0,56.017152,357.3439350128174,21,-1.0606060606060608,2.511773940345369,True,False,,,,,,,-0.20376974019358124,15.889874696731567,-1.0606060606060608,31.80130100250244,2.511773940345369,62.40316367149353,0.35860655737704916,123.98461365699768,2.03125,186.25456404685974,5.492730210016155,279.1327450275421,1.2600806451612903,31.80130100250244,0.4986593253643359,47.375468730926514,0.346375061404945,123.98461365699768,0.7017050106435238,154.94741916656494,,
2026-09-28 09:07:40,v2.3.1,MAIN,MAIN,MAIN,2026-09-28 09:07:40.600,True,KOSPI,009830,한화솔루션,32150.0,9.93,1339158,41863000000.0,43053929700.0,41863000000.0,ACTUAL,16,32200.0,0.15527950310559005,1.2390635174332565,1.230882215069221,82,29,25,16,12,True,60,2026-09-28 09:03:39.514,31150.0,66.0,241.085775,20260928_009830_E002,2026-09-28 09:05:58.496,31550.0,68.0,102.103659,435.74375081062317,29,0.9419152276295133,1.740506329113924,True,False,,,,,,,-0.15527950310559005,15.889874696731567,0.9419152276295133,31.80130100250244,1.740506329113924,62.40316367149353,2.88,123.98461365699768,3.376205787781351,186.25456404685974,3.0448717948717947,294.8921341896057,-0.15770954227782155,31.80130100250244,-0.9401821557363506,62.40316367149353,-2.035643814578291,123.98461365699768,-2.505127382653408,186.25456404685974,-2.1921383372699963,294.8921341896057
2026-09-28 09:07:57,v2.3.1,MAIN,MAIN,MAIN,2026-09-28 09:07:57.422,True,KOSPI,009830,한화솔루션,32300.0,10.27,1393723,43632000000.0,45017252900.0,43632000000.0,ACTUAL,16,32350.0,0.1545595054095827,1.2277907532993781,1.1901593371356547,82,29,25,16,12,True,60,2026-09-28 09:03:39.514,31150.0,66.0,257.907807,20260928_009830_E002,2026-09-28 09:05:58.496,31550.0,68.0,118.925691,451.45923829078674,30,0.3105590062111801,1.2539184952978055,True,False,,,,,,,0.46656298600311047,15.715487480163574,0.3105590062111801,31.60536217689514,1.2539184952978055,63.09095621109009,3.6918138041733553,124.5642740726471,4.025764895330113,186.48280215263367,3.36,294.8482325077057,0.1545595054095827,31.60536217689514,-0.0019350172821231137,63.09095621109009,-2.3493528576577103,124.5642740726471,-2.662341903041122,186.48280215263367,-2.0363638122742986,294.8482325077057
2026-09-28 09:07:57,v2.3.1,MAIN,MAIN,MAIN,2026-09-28 09:07:57.433,True,KOSDAQ,356680,엑스게이트,19740.0,8.18,2161900,41058000000.0,42675906000.0,41058000000.0,ACTUAL,5,19840.0,0.5040322580645161,1.2728794642857142,1.2510843328871581,79,29,22,16,12,True,60,2026-09-28 09:05:58.496,19450.0,75.0,118.936709,20260928_356680_E002,2026-09-28 09:06:44.595,19550.0,79.0,72.838192,373.05942249298096,22,0.5603667855323484,0.9718670076726342,True,False,,,,,,,0.7656967840735069,15.715487480163574,0.5603667855323484,31.60536217689514,0.9718670076726342,63.09095621109009,1.962809917355372,124.5642740726471,1.7525773195876289,186.48280215263367,6.30048465266559,294.8482325077057,-0.5544354838709676,31.60536217689514,-0.25738906173243825,63.09095621109009,-1.2218560668085803,124.5642740726471,-0.05434337645325038,170.66290664672852,,
2026-09-28 09:08:14,v2.3.1,MAIN,MAIN,MAIN,2026-09-28 09:08:14.214,True,KOSDAQ,356680,엑스게이트,19860.0,9.17,2355267,44539000000.0,46775602620.0,44539000000.0,ACTUAL,5,19910.0,0.25113008538422904,1.324698114329903,1.2706104172848165,86,29,25,20,12,True,60,2026-09-28 09:05:58.496,19450.0,75.0,135.717559,20260928_356680_E002,2026-09-28 09:06:44.595,19550.0,79.0,89.619042,388.8443298339844,23,1.3782542113323124,0.30303030303030304,True,False,,,,,,,0.60790273556231,15.784907341003418,1.3782542113323124,31.500394821166992,0.30303030303030304,63.301695823669434,2.107969151670951,124.97438025474548,1.3782542113323124,186.44781398773193,6.260032102728733,294.740829706192,-1.0089505597770612,31.500394821166992,0.25113008538422904,63.301695823669434,-1.0179054476106948,124.97438025474548,-0.30724554913353747,186.44781398773193,,
2026-09-28 09:08:14,v2.3.1,MAIN,MAIN,MAIN,2026-09-28 09:08:14.205,True,KOSPI,009830,한화솔루션,32200.0,10.27,1428592,44643000000.0,46000662400.0,44643000000.0,ACTUAL,16,32350.0,0.46367851622874806,1.1921649264293535,1.1868999936027012,82,29,25,16,12,True,60,2026-09-28 09:03:39.514,31150.0,66.0,274.691382,20260928_009830_E002,2026-09-28 09:05:58.496,31550.0,68.0,135.709266,467.24414563179016,31,0.15552099533437014,1.098901098901099,True,False,,,,,,,-0.30959752321981426,15.784907341003418,0.15552099533437014,31.500394821166992,1.098901098901099,63.301695823669434,2.0602218700475436,124.97438025474548,3.536977491961415,186.44781398773193,2.8753993610223643,294.740829706192,0.308399013123158,31.500394821166992,0.15068947084533646,63.301695823669434,-0.7882776653048984,124.97438025474548,-2.19672836953025,186.44781398773193,-1.5707502787634273,294.740829706192
2026-09-28 09:08:26,v2.3.1,MAIN,MAIN,MAIN,2026-09-28 09:08:26.339,True,KOSDAQ,356680,엑스게이트,19780.0,8.56,2401025,46076000000.0,47492274500.0,46076000000.0,ACTUAL,3,19910.0,0.6529382219989954,1.2168493331572692,1.1884962090781157,79,29,22,16,12,True,60,2026-09-28 09:05:58.496,19450.0,75.0,147.843369,20260928_356680_E002,2026-09-28 09:06:44.595,19550.0,79.0,101.744852,404.6448392868042,24,0.2026342451874367,0.7641365257259297,True,False,,,,,,,-0.4028197381671702,15.800509452819824,0.2026342451874367,31.585416793823242,0.7641365257259297,63.190778970718384,2.380952380952381,125.35431814193726,0.8154943934760449,186.4934504032135,5.831995719636169,295.2228453159332,0.1489059639344793,31.585416793823242,-0.40552951993648834,63.190778970718384,-1.275995788153289,125.35431814193726,0.2468468514406198,186.4934504032135,,
2026-09-28 09:08:26,v2.3.1,MAIN,MAIN,MAIN,2026-09-28 09:08:26.333,True,KOSPI,009830,한화솔루션,32100.0,9.76,1444085,45282000000.0,46355128500.0,45282000000.0,ACTUAL,16,32350.0,0.7727975270479135,1.1568351940321386,1.1064183041689748,76,29,22,16,9,True,60,2026-09-28 09:03:39.514,31150.0,66.0,286.81886,20260928_009830_E002,2026-09-28 09:05:58.496,31550.0,68.0,147.836744,483.04465508461,32,-0.6191950464396285,-0.3105590062111801,True,False,,,,,,,-0.3105590062111801,15.800509452819824,-0.6191950464396285,31.585416793823242,-0.3105590062111801,63.190778970718384,1.5822784810126582,125.35431814193726,3.0497592295345104,186.4934504032135,2.8846153846153846,295.2228453159332,0.6182380216383307,31.585416793823242,0.7727975270479135,63.190778970718384,-0.3226641317940271,125.35431814193726,-1.7311148360193793,186.4934504032135,-1.574620313327673,295.2228453159332
2026-09-28 09:08:42,v2.3.1,MAIN,MAIN,MAIN,2026-09-28 09:08:42.886,True,KOSDAQ,356680,엑스게이트,19860.0,8.4,2474320,47254000000.0,49139995200.0,47254000000.0,ACTUAL,2,19910.0,0.25113008538422904,1.189977335683707,1.1835318067715668,82,29,25,16,12,True,60,2026-09-28 09:05:58.496,19450.0,75.0,164.390283,20260928_356680_E002,2026-09-28 09:06:44.595,19550.0,79.0,118.291766,419.7438154220581,25,0.0,1.3782542113323124,True,False,,,,,,,0.40444893832153694,15.098976135253906,0.0,30.89948558807373,1.3782542113323124,62.39988040924072,3.924646781789639,124.80304408073425,1.7418032786885245,186.3844940662384,5.023796932839767,294.8559823036194,0.0,30.89948558807373,-1.0089505597770612,62.39988040924072,-0.5102912344127253,109.77534914016724,-0.6625754983721162,186.3844940662384,,
2026-09-28 09:09:01,v2.3.1,MAIN,MAIN,MAIN,2026-09-28 09:09:01.112,True,KOSDAQ,356680,엑스게이트,19760.0,8.4,2537261,48752000000.0,50136277360.0,48752000000.0,ACTUAL,2,19910.0,0.7533902561526872,1.1873934434215012,1.1736255145936445,79,29,22,16,12,True,60,2026-09-28 09:05:58.496,19450.0,75.0,182.615426,20260928_356680_E002,2026-09-28 09:06:44.595,19550.0,79.0,136.516909,435.3367075920105,26,-0.10111223458038424,0.10131712259371835,True,False,,,,,,,-0.5035246727089627,15.592892169952393,-0.10111223458038424,30.6918683052063,0.10131712259371835,62.27728509902954,1.0741687979539642,125.36824131011963,2.066115702479339,186.84155917167664,4.661016949152542,294.9563789367676,0.10045203415369175,30.6918683052063,0.24935799808817105,62.27728509902954,-0.0080310636442672,125.36824131011963,-0.9724980687204093,186.84155917167664,,
2026-09-28 09:09:13,v2.3.1,MAIN,MAIN,MAIN,2026-09-28 09:09:13.703,True,KOSDAQ,356680,엑스게이트,19660.0,8.45,2588662,49460000000.0,50893094920.0,49460000000.0,ACTUAL,3,19910.0,1.255650426921145,1.2046373422962637,1.1974013599148896,76,29,19,16,12,True,60,2026-09-28 09:05:58.496,19450.0,75.0,195.206742,20260928_356680_E002,2026-09-28 09:06:44.595,19550.0,79.0,149.108225,450.53819489479065,27,-1.0070493454179255,-1.0070493454179255,True,False,,,,,,,-0.5060728744939271,15.201487302780151,-1.0070493454179255,30.794379472732544,-1.0070493454179255,61.693865060806274,-0.7070707070707071,124.99556088447571,1.0796915167095116,186.66824531555176,3.0938647089669638,294.4701054096222,1.004520341536916,30.794379472732544,1.004520341536916,61.693865060806274,1.255650426921145,124.99556088447571,-0.013385106073778852,186.66824531555176,,
2026-09-28 09:09:29,v2.3.1,MAIN,MAIN,MAIN,2026-09-28 09:09:29.563,True,KOSDAQ,356680,엑스게이트,19810.0,8.29,2628664,50440000000.0,52073833840.0,50440000000.0,ACTUAL,3,19910.0,0.5022601707684581,1.0947130827328762,1.0948090919503128,75,33,22,11,9,True,60,2026-09-28 09:05:58.496,19450.0,75.0,211.067221,20260928_356680_E002,2026-09-28 09:06:44.595,19550.0,79.0,164.968704,466.13475465774536,28,0.25303643724696356,0.15166835187057634,True,False,,,,,,,0.7629704984740591,15.596559762954712,0.25303643724696356,30.798047065734863,0.15166835187057634,61.48991537094116,0.9169638308711157,124.68069434165955,2.536231884057971,186.84423351287842,3.177083333333333,295.0453836917877,-0.2511300853842291,30.798047065734863,-0.15067805123053735,61.48991537094116,-0.5562075711670257,124.68069434165955,-1.4266738393838265,186.84423351287842,,
2026-09-28 09:09:44,v2.3.1,MAIN,MAIN,MAIN,2026-09-28 09:09:44.276,True,KOSPI,009830,한화솔루션,32350.0,10.96,1594450,50112000000.0,51580457500.0,50112000000.0,ACTUAL,15,32400.0,0.15432098765432098,1.09188364745615,1.090193895816724,78,33,25,11,9,True,60,2026-09-28 09:03:39.514,31150.0,66.0,364.761827,20260928_009830_E002,2026-09-28 09:05:58.496,31550.0,68.0,225.779711,560.4749073982239,37,0.4658385093167702,0.93603744149766,True,False,,,,,,,0.4658385093167702,15.94033694267273,0.4658385093167702,31.53689670562744,0.93603744149766,62.331276178359985,0.6220839813374806,124.73115658760071,2.3734177215189876,187.13432025909424,4.186795491143317,295.4984712600708,-0.3093575285744271,31.53689670562744,-0.7730360448031751,62.331276178359985,-0.0009585154512690708,124.73115658760071,-0.9411406711876196,187.13432025909424,-2.6625804207963837,295.4984712600708
2026-09-28 09:09:44,v2.3.1,MAIN,MAIN,MAIN,2026-09-28 09:09:44.284,True,KOSDAQ,356680,엑스게이트,19960.0,9.55,2812160,54123000000.0,56130713600.0,54123000000.0,ACTUAL,2,19980.0,0.10010010010010009,1.1453633554831337,1.1365385237156067,78,33,25,11,9,True,60,2026-09-28 09:05:58.496,19450.0,75.0,225.788216,20260928_356680_E002,2026-09-28 09:06:44.595,19550.0,79.0,179.689699,482.0750916004181,29,1.5259409969481181,0.5035246727089627,True,False,,,,,,,0.7571933366986371,15.94033694267273,1.5259409969481181,31.53689670562744,0.5035246727089627,62.331276178359985,1.8887187340479834,124.73115658760071,4.4479330193615905,187.13432025909424,2.88659793814433,295.4984712600708,-1.155550326821045,31.53689670562744,-0.15102998528412895,62.331276178359985,-1.1599805450611902,124.73115658760071,-0.6613212196968543,172.10662531852722,-0.45827553441766644,279.67857575416565
2026-09-28 09:10:01,v2.3.1,MAIN,MAIN,MAIN,2026-09-28 09:10:01.034,True,KOSDAQ,356680,엑스게이트,19910.0,9.55,2902026,55792000000.0,57779337660.0,55792000000.0,ACTUAL,2,19980.0,0.35035035035035034,1.1806831167731833,1.1728579973487665,86,33,25,16,12,True,60,2026-09-28 09:05:58.496,19450.0,75.0,242.53799,20260928_356680_E002,2026-09-28 09:06:44.595,19550.0,79.0,196.439473,497.6925780773163,30,0.5047955577990914,0.7591093117408907,True,False,,,,,,,-0.250501002004008,15.617486476898193,0.5047955577990914,31.557823419570923,0.7591093117408907,62.355870485305786,0.8611955420466059,124.63315558433533,1.8414322250639386,187.72411179542542,1.6334864726901481,295.29606223106384,-0.15190982041810774,31.557823419570923,-0.40303990580233684,62.355870485305786,-0.1536819077141658,124.63315558433533,-0.41107096944660404,187.72411179542542,-0.20802528416741617,295.29606223106384
2026-09-28 09:10:01,v2.3.1,MAIN,MAIN,MAIN,2026-09-28 09:10:01.008,True,KOSPI,009830,한화솔루션,32350.0,10.96,1617526,50800000000.0,52326966100.0,50800000000.0,ACTUAL,15,32450.0,0.30816640986132515,1.1068743871881468,1.105971947395555,78,33,25,11,9,True,60,2026-09-28 09:03:39.514,31150.0,66.0,381.49442,20260928_009830_E002,2026-09-28 09:05:58.496,31550.0,68.0,242.512304,576.0923938751221,38,0.4658385093167702,0.778816199376947,True,False,,,,,,,0.0,15.617486476898193,0.4658385093167702,31.557823419570923,0.778816199376947,62.355870485305786,0.15479876160990713,124.63315558433533,1.4106583072100314,187.72411179542542,4.019292604501608,295.29606223106384,-0.1555121063674229,31.557823419570923,-0.46463111718658834,62.355870485305786,0.15360690445174247,124.63315558433533,0.15167188716961935,187.72411179542542,-2.352240475897673,295.29606223106384
2026-09-28 09:10:16,v2.3.1,MAIN,MAIN,MAIN,2026-09-28 09:10:16.895,True,KOSDAQ,356680,엑스게이트,19750.0,8.89,2982148,57309000000.0,58897423000.0,57309000000.0,ACTUAL,2,19980.0,1.1511511511511512,1.1586938940558027,1.152003621948327,80,33,19,16,12,True,60,2026-09-28 09:05:58.496,19450.0,75.0,258.399104,20260928_356680_E002,2026-09-28 09:06:44.595,19550.0,79.0,212.300587,513.6406660079956,31,-1.0521042084168337,0.4577822990844354,True,False,,,,,,,-0.803616273229533,15.948087930679321,-1.0521042084168337,31.565574407577515,0.4577822990844354,63.102471113204956,-0.5538771399798591,124.79633617401123,0.6113092205807438,172.1866056919098,0.6625891946992865,295.4892771244049,1.0510510510510511,31.565574407577515,-0.10449927576999385,63.102471113204956,0.9000210657669221,124.79633617401123,0.09268340921566742,172.1866056919098,0.7450597805927756,295.4892771244049
2026-09-28 09:10:16,v2.3.1,MAIN,MAIN,MAIN,2026-09-28 09:10:16.826,True,KOSPI,009830,한화솔루션,32650.0,11.64,1700480,53520000000.0,55520672000.0,53520000000.0,ACTUAL,15,32650.0,0.0,1.1319318133750687,1.1292087676239655,78,33,25,11,9,True,60,2026-09-28 09:03:39.514,31150.0,66.0,397.31197,20260928_009830_E002,2026-09-28 09:05:58.496,31550.0,68.0,258.329854,592.0404818058014,39,0.9273570324574961,1.3975155279503106,True,False,,,,,,,0.9273570324574961,15.948087930679321,0.9273570324574961,31.565574407577515,1.3975155279503106,63.102471113204956,1.3975155279503106,124.79633617401123,1.3975155279503106,172.1866056919098,4.815409309791333,295.4892771244049,-0.15432098765432098,31.565574407577515,-0.46367851622874806,63.102471113204956,-0.46367851622874806,124.79633617401123,0.0,172.1866056919098,-2.503912363067293,295.4892771244049
2026-09-28 09:10:33,v2.3.1,MAIN,MAIN,MAIN,2026-09-28 09:10:33.876,True,KOSPI,009830,한화솔루션,32800.0,12.5,1755776,55078000000.0,57589452800.0,55078000000.0,ACTUAL,15,32850.0,0.15220700152207,1.1539009469538255,1.1372571118404475,83,33,25,16,9,True,60,2026-09-28 09:03:39.514,31150.0,66.0,414.362334,20260928_009830_E002,2026-09-28 09:05:58.496,31550.0,68.0,275.380218,592.1263854503632,39,1.3910355486862442,1.8633540372670807,True,False,,,,,,,0.45941807044410415,15.798971176147461,1.3910355486862442,31.747059106826782,1.8633540372670807,63.304882526397705,2.1806853582554515,124.79479789733887,2.021772939346812,172.09570217132568,4.96,296.08031582832336,-0.15595940833925515,31.747059106826782,-0.31147151470667805,63.304882526397705,-0.6205905255258435,124.79479789733887,-0.003072501583520043,172.09570217132568,-2.0387163161618114,296.08031582832336
2026-09-28 09:10:33,v2.3.1,MAIN,MAIN,MAIN,2026-09-28 09:10:33.891,True,KOSDAQ,356680,엑스게이트,19790.0,9.44,3053478,58890000000.0,60428329620.0,58890000000.0,ACTUAL,2,19980.0,0.9509509509509511,1.1675257731958764,1.1616083303153237,83,33,22,16,12,True,60,2026-09-28 09:05:58.496,19450.0,75.0,275.395215,20260928_356680_E002,2026-09-28 09:06:44.595,19550.0,79.0,229.296698,529.4396371841431,32,-0.6027122049221497,-0.10095911155981827,True,False,,,,,,,0.20253164556962028,15.798971176147461,-0.6027122049221497,31.747059106826782,-0.10095911155981827,63.304882526397705,0.05055611729019212,124.79479789733887,1.0209290454313424,172.09570217132568,1.3831967213114753,296.08031582832336,0.6006006006006007,31.747059106826782,0.448690780182493,63.304882526397705,0.29801272895195563,124.79479789733887,-0.3091296942103392,172.09570217132568,0.037245367194605805,296.08031582832336
2026-09-28 09:10:33,v2.3.1,MAIN,MAIN,MAIN,2026-09-28 09:10:33.879,True,KOSPI,010060,OCI홀딩스,228000.0,10.68,142364,86349000000.0,32458992000.0,86349000000.0,ACTUAL,11,228500.0,0.2188183807439825,1.0598090235161275,1.0928295629879252,82,37,25,11,9,True,60,2026-09-28 09:03:24.048,227500.0,67.0,429.831169,20260928_010060_E002,2026-09-28 09:05:27.985,222000.0,65.0,305.893842,592.1263854503632,39,1.55902004454343,1.7857142857142856,True,False,,,,,,,0.4405286343612335,15.798971176147461,1.55902004454343,31.747059106826782,1.7857142857142856,63.304882526397705,1.3333333333333335,124.79479789733887,1.1086474501108647,172.09570217132568,2.7027027027027026,296.08031582832336,-1.5317286652078774,31.747059106826782,-1.75054704595186,63.304882526397705,-1.312910284463895,124.79479789733887,-1.0940919037199124,172.09570217132568,-2.6258205689277903,296.08031582832336
2026-09-28 09:10:49,v2.3.1,MAIN,MAIN,MAIN,2026-09-28 09:10:49.646,True,KOSPI,010060,OCI홀딩스,228000.0,10.44,142940,86741000000.0,32590320000.0,86741000000.0,ACTUAL,11,228500.0,0.2188183807439825,1.0605071400625978,1.0910367673436987,82,37,25,11,9,True,60,2026-09-28 09:03:24.048,227500.0,67.0,445.597599,20260928_010060_E002,2026-09-28 09:05:27.985,222000.0,65.0,321.660272,592.279105424881,39,0.4405286343612335,1.55902004454343,True,False,,,,,,,0.0,15.843113422393799,0.4405286343612335,31.64208459854126,1.55902004454343,63.207659006118774,1.55902004454343,125.53893518447876,1.3333333333333335,172.2233281135559,2.7027027027027026,296.787602186203,-0.43763676148796493,31.64208459854126,-1.5317286652078774,63.207659006118774,-1.5317286652078774,125.53893518447876,-1.312910284463895,172.2233281135559,-2.6258205689277903,296.787602186203
2026-09-28 09:10:49,v2.3.1,MAIN,MAIN,MAIN,2026-09-28 09:10:49.636,True,KOSPI,009830,한화솔루션,32900.0,12.5,1783459,56156000000.0,58675801100.0,56156000000.0,ACTUAL,15,32900.0,0.0,1.1206098339719028,1.1185418169274672,78,33,25,11,9,True,60,2026-09-28 09:03:39.514,31150.0,66.0,430.122199,20260928_009830_E002,2026-09-28 09:05:58.496,31550.0,68.0,291.140083,592.279105424881,39,0.7656967840735069,1.7001545595054095,True,False,,,,,,,0.3048780487804878,15.843113422393799,0.7656967840735069,31.64208459854126,1.7001545595054095,63.207659006118774,2.65210608424337,125.53893518447876,1.8575851393188854,172.2233281135559,5.617977528089887,296.787602186203,0.0,31.64208459854126,-0.15432098765432098,63.207659006118774,-0.9273570324574961,125.53893518447876,-0.1545595054095827,172.2233281135559,-2.503912363067293,296.787602186203
2026-09-28 09:11:05,v2.3.1,MAIN,MAIN,MAIN,2026-09-28 09:11:05.527,True,KOSPI,010060,OCI홀딩스,228000.0,10.68,143700,87269000000.0,32763600000.0,87269000000.0,ACTUAL,11,228500.0,0.2188183807439825,1.0656596492941923,1.0943401973924698,82,37,25,11,9,True,60,2026-09-28 09:03:24.048,227500.0,67.0,461.478367,20260928_010060_E002,2026-09-28 09:05:27.985,222000.0,65.0,337.54104,592.6110837459564,39,0.0,1.55902004454343,True,False,,,,,,,0.0,15.853942155838013,0.0,31.69705557823181,1.55902004454343,63.444114685058594,1.3333333333333335,125.79998517036438,2.242152466367713,172.2923629283905,2.7027027027027026,297.266743183136,0.0,31.69705557823181,-1.5317286652078774,63.444114685058594,-1.312910284463895,125.79998517036438,-2.188183807439825,172.2923629283905,-2.6258205689277903,297.266743183136
2026-09-28 09:11:05,v2.3.1,MAIN,MAIN,MAIN,2026-09-28 09:11:05.489,True,KOSPI,009830,한화솔루션,32850.0,12.76,1820314,57401000000.0,59797314900.0,57401000000.0,ACTUAL,15,32950.0,0.30349013657056145,1.1299409448818898,1.1253692367232428,78,33,25,11,9,True,60,2026-09-28 09:03:39.514,31150.0,66.0,445.975485,20260928_009830_E002,2026-09-28 09:05:58.496,31550.0,68.0,306.993369,592.6110837459564,39,0.1524390243902439,1.545595054095827,True,False,,,,,,,-0.1519756838905775,15.853942155838013,0.1524390243902439,31.69705557823181,1.545595054095827,63.444114685058594,2.336448598130841,125.79998517036438,2.018633540372671,172.2923629283905,4.120443740095087,297.266743183136,0.15128313504849145,31.69705557823181,-0.0046762732907636995,63.444114685058594,-0.46930739047735204,125.79998517036438,-0.1601883796581866,172.2923629283905,-0.948466044963085,297.266743183136
2026-09-28 09:11:19,v2.3.1,MAIN,MAIN,MAIN,2026-09-28 09:11:19.945,True,KOSPI,009830,한화솔루션,33000.0,12.84,1871049,58960000000.0,61744617000.0,58960000000.0,ACTUAL,15,33000.0,0.0,1.101644245142003,1.1003063840797893,78,33,25,11,9,True,60,2026-09-28 09:03:39.514,31150.0,66.0,460.430625,20260928_009830_E002,2026-09-28 09:05:58.496,31550.0,68.0,321.448509,591.7734222412109,39,0.303951367781155,1.0719754977029097,True,False,,,,,,,0.45662100456621,15.038732528686523,0.303951367781155,30.892674684524536,1.0719754977029097,62.534759283065796,2.484472049689441,125.63723039627075,2.484472049689441,187.33109545707703,4.430379746835443,296.88490414619446,0.0,30.892674684524536,0.0,62.534759283065796,-0.46367851622874806,125.63723039627075,-0.46367851622874806,187.33109545707703,-1.0954616588419406,296.88490414619446
2026-09-28 09:11:34,v2.3.1,MAIN,MAIN,MAIN,2026-09-28 09:11:34.680,True,KOSPI,009830,한화솔루션,33300.0,14.04,1954019,61742000000.0,65068832700.0,61742000000.0,ACTUAL,14,33350.0,0.14992503748125938,1.1209920476415265,1.112909049901582,78,33,25,11,9,True,60,2026-09-28 09:03:39.514,31150.0,66.0,475.165632,20260928_009830_E002,2026-09-28 09:05:58.496,31550.0,68.0,336.183516,591.3726358413696,39,1.36986301369863,1.524390243902439,True,False,,,,,,,0.9090909090909091,15.197210550308228,1.36986301369863,30.23594307899475,1.524390243902439,61.93299865722656,3.4161490683229814,125.23788118362427,3.7383177570093453,186.72779655456543,5.379746835443038,296.4318645000458,-0.15356509908930208,30.23594307899475,-0.00228196404081063,61.93299865722656,-0.3137534787474887,125.23788118362427,-0.6228724895666541,186.72779655456543,-0.9455366213606812,296.4318645000458
2026-09-28 09:11:34,v2.3.1,MAIN,MAIN,MAIN,2026-09-28 09:11:34.682,True,KOSPI,010060,OCI홀딩스,229500.0,11.41,149834,89785000000.0,34386903000.0,89785000000.0,ACTUAL,11,230000.0,0.21739130434782608,1.0397920068558988,1.0524711303419403,76,37,25,5,9,True,60,2026-09-28 09:03:24.048,227500.0,67.0,490.633468,20260928_010060_E002,2026-09-28 09:05:27.985,222000.0,65.0,366.696141,591.3726358413696,39,0.6578947368421052,0.6578947368421052,True,False,,,,,,,0.6578947368421052,15.197210550308228,0.6578947368421052,30.23594307899475,0.6578947368421052,61.93299865722656,2.455357142857143,125.23788118362427,2.0,186.72779655456543,2.684563758389262,296.4318645000458,-0.0014270763961564126,30.23594307899475,-0.0014270763961564126,61.93299865722656,-1.7519741223480163,125.23788118362427,-1.3143373608600513,186.72779655456543,-1.9707925030919986,296.4318645000458
2026-09-28 09:11:51,v2.3.1,MAIN,MAIN,MAIN,2026-09-28 09:11:51.787,True,KOSPI,009830,한화솔루션,33300.0,14.04,2000922,63383000000.0,66630702600.0,63383000000.0,ACTUAL,14,33350.0,0.14992503748125938,1.1286950637509794,1.1219332768513322,78,33,25,11,9,True,60,2026-09-28 09:03:39.514,31150.0,66.0,492.273294,20260928_009830_E002,2026-09-28 09:05:58.496,31550.0,68.0,353.291178,591.3344910144806,39,0.9090909090909091,1.21580547112462,True,False,,,,,,,0.0,15.77571415901184,0.9090909090909091,30.97292470932007,1.21580547112462,61.865599393844604,2.936630602782071,125.07325839996338,3.9001560062402496,187.40453457832336,4.38871473354232,297.1798837184906,0.14992503748125938,30.97292470932007,0.14992503748125938,61.865599393844604,-0.004395950173061602,125.07325839996338,-0.7774319949762367,187.40453457832336,-0.006569485210446424,297.1798837184906
2026-09-28 09:11:51,v2.3.1,MAIN,MAIN,MAIN,2026-09-28 09:11:51.793,True,KOSPI,096770,SK이노베이션,159100.0,6.57,203848,52006000000.0,32432216800.0,52006000000.0,ACTUAL,18,159500.0,0.25078369905956116,1.1039269794098918,1.1169692220864542,78,33,25,11,9,True,60,2026-09-28 09:10:24.066,158400.0,63.0,87.727603,20260928_096770_E001,2026-09-28 09:10:24.066,158400.0,63.0,87.727603,591.3344910144806,38,0.3785488958990536,0.3785488958990536,True,False,,,,,,,0.0,15.77571415901184,0.3785488958990536,30.97292470932007,0.3785488958990536,61.865599393844604,0.951776649746193,125.07325839996338,1.5315890236119976,187.40453457832336,2.5789813023855577,297.1798837184906,0.06186682248525385,30.97292470932007,0.06186682248525385,61.865599393844604,,,,,,
2026-09-28 09:11:52,v2.3.1,MAIN,MAIN,MAIN,2026-09-28 09:11:51.790,True,KOSPI,010060,OCI홀딩스,229000.0,11.41,152105,90824000000.0,34832045000.0,90824000000.0,ACTUAL,11,230000.0,0.43478260869565216,1.047071165884645,1.0641178116692318,76,37,25,5,9,True,60,2026-09-28 09:03:24.048,227500.0,67.0,507.742242,20260928_010060_E002,2026-09-28 09:05:27.985,222000.0,65.0,383.804915,591.3344910144806,39,0.43859649122807015,0.43859649122807015,True,False,,,,,,,-0.2178649237472767,15.77571415901184,0.43859649122807015,30.97292470932007,0.43859649122807015,61.865599393844604,2.0044543429844097,125.07325839996338,2.0044543429844097,187.40453457832336,2.0044543429844097,297.1798837184906,0.21596422795166967,30.97292470932007,0.21596422795166967,61.865599393844604,-1.3157644372562078,125.07325839996338,-1.3157644372562078,187.40453457832336,-1.3157644372562078,297.1798837184906
2026-09-28 09:12:07,v2.3.1,MAIN,MAIN,MAIN,2026-09-28 09:12:07.344,True,KOSPI,009830,한화솔루션,33200.0,14.04,2064932,65511000000.0,68555742400.0,65511000000.0,ACTUAL,14,33350.0,0.4497751124437781,1.1412867371648578,1.134382309865221,78,33,25,11,9,True,60,2026-09-28 09:03:39.514,31150.0,66.0,507.829832,20260928_009830_E002,2026-09-28 09:05:58.496,31550.0,68.0,368.847716,591.3919320106506,39,-0.3003003003003003,1.06544901065449,True,False,,,,,,,-0.3003003003003003,15.784202337265015,-0.3003003003003003,31.559916496276855,1.06544901065449,61.795859575271606,2.627511591962906,125.2399742603302,3.4267912772585665,187.595844745636,4.23861852433281,297.38991832733154,0.2998500749625187,31.559916496276855,0.14628497587321665,61.795859575271606,0.14160870258245295,125.2399742603302,-0.3230224146041354,187.595844745636,0.1367860670603665,297.38991832733154
2026-09-28 09:12:07,v2.3.1,MAIN,MAIN,MAIN,2026-09-28 09:12:07.348,True,KOSPI,096770,SK이노베이션,159200.0,6.64,205395,53338000000.0,32698884000.0,53338000000.0,ACTUAL,18,159500.0,0.18808777429467086,1.1212057512822668,1.1197947901560337,78,33,25,11,9,True,60,2026-09-28 09:10:24.066,158400.0,63.0,103.282052,20260928_096770_E001,2026-09-28 09:10:24.066,158400.0,63.0,103.282052,575.583265542984,38,0.06285355122564425,0.4416403785488959,True,False,,,,,,,0.06285355122564425,15.784202337265015,0.06285355122564425,31.559916496276855,0.4416403785488959,61.795859575271606,0.7594936708860759,125.2399742603302,1.530612244897959,187.595844745636,2.445302445302445,297.38991832733154,0.18808777429467086,31.559916496276855,-0.0008291022796364511,61.795859575271606,,,,,,
2026-09-28 09:12:07,v2.3.1,MAIN,MAIN,MAIN,2026-09-28 09:12:07.346,True,KOSPI,010060,OCI홀딩스,229000.0,10.92,152556,91293000000.0,34935324000.0,91293000000.0,ACTUAL,11,230000.0,0.43478260869565216,1.046110302627508,1.0616283924843424,76,37,25,5,9,True,60,2026-09-28 09:03:24.048,227500.0,67.0,523.297671,20260928_010060_E002,2026-09-28 09:05:27.985,222000.0,65.0,399.360344,591.3919320106506,39,-0.2178649237472767,0.43859649122807015,True,False,,,,,,,0.0,15.784202337265015,-0.2178649237472767,31.559916496276855,0.43859649122807015,61.795859575271606,2.0044543429844097,125.2399742603302,1.7777777777777777,187.595844745636,2.232142857142857,297.38991832733154,0.21739130434782608,31.559916496276855,0.21596422795166967,61.795859575271606,-1.3157644372562078,125.2399742603302,-1.0969460565122253,187.595844745636,-1.5345828180001904,297.38991832733154
2026-09-28 09:12:22,v2.3.1,MAIN,MAIN,MAIN,2026-09-28 09:12:22.484,True,KOSPI,009830,한화솔루션,33200.0,13.7,2107114,66926000000.0,69956184800.0,66926000000.0,ACTUAL,14,33350.0,0.4497751124437781,1.1351085481682497,1.1261671928420902,78,33,25,11,9,True,60,2026-09-28 09:03:39.514,31150.0,66.0,522.969872,20260928_009830_E002,2026-09-28 09:05:58.496,31550.0,68.0,383.987756,591.4301860332489,39,-0.3003003003003003,0.6060606060606061,True,False,,,,,,,0.0,15.846920490264893,-0.3003003003003003,31.631122827529907,0.6060606060606061,62.604047536849976,1.6845329249617151,125.13880681991577,3.1055900621118013,172.64471817016602,3.1055900621118013,297.32541251182556,0.2998500749625187,31.631122827529907,0.4497751124437781,62.604047536849976,0.4497751124437781,125.13880681991577,-0.013903403784969959,172.64471817016602,0.4497751124437781,297.32541251182556
2026-09-28 09:12:22,v2.3.1,MAIN,MAIN,MAIN,2026-09-28 09:12:22.489,True,KOSPI,096770,SK이노베이션,158800.0,6.64,208782,53978000000.0,33154581600.0,53978000000.0,ACTUAL,18,159500.0,0.438871473354232,1.123745680143232,1.1055265206271545,78,33,25,11,9,True,60,2026-09-28 09:10:24.066,158400.0,63.0,118.423067,20260928_096770_E001,2026-09-28 09:10:24.066,158400.0,63.0,118.423067,591.4301860332489,39,-0.18856065367693275,0.1892744479495268,True,False,,,,,,,-0.25125628140703515,15.846920490264893,-0.18856065367693275,31.631122827529907,0.1892744479495268,62.604047536849976,0.6337135614702154,125.13880681991577,1.2755102040816326,172.64471817016602,1.991008349389852,297.32541251182556,0.18808777429467083,31.631122827529907,0.24995459677992468,62.604047536849976,0.3757799907043897,109.33983564376831,,,,
2026-09-28 09:12:22,v2.3.1,MAIN,MAIN,MAIN,2026-09-28 09:12:22.486,True,KOSPI,010060,OCI홀딩스,229000.0,11.41,153819,92193000000.0,35224551000.0,92193000000.0,ACTUAL,11,230000.0,0.43478260869565216,1.0493051524567214,1.0617286507081918,76,37,25,5,9,True,60,2026-09-28 09:03:24.048,227500.0,67.0,538.437719,20260928_010060_E002,2026-09-28 09:05:27.985,222000.0,65.0,414.500392,591.4301860332489,39,0.0,0.43859649122807015,True,False,,,,,,,0.0,15.846920490264893,0.0,31.631122827529907,0.43859649122807015,62.604047536849976,0.881057268722467,125.13880681991577,2.232142857142857,172.64471817016602,1.7777777777777777,297.32541251182556,0.0,31.631122827529907,0.21596422795166967,62.604047536849976,-0.2216725335362953,125.13880681991577,-1.5345828180001904,172.64471817016602,-1.0969460565122253,297.32541251182556
2026-09-28 09:12:37,v2.3.1,MAIN,MAIN,MAIN,2026-09-28 09:12:37.683,True,KOSPI,009830,한화솔루션,33100.0,13.01,2144545,67990000000.0,70984439500.0,67990000000.0,ACTUAL,14,33350.0,0.7496251874062968,1.101195296556639,1.0975046813772025,75,33,22,11,9,True,60,2026-09-28 09:03:39.514,31150.0,66.0,538.16921,20260928_009830_E002,2026-09-28 09:05:58.496,31550.0,68.0,399.187094,591.4529936313629,39,-0.30120481927710846,-0.6006006006006006,True,False,,,,,,,-0.30120481927710846,15.125321626663208,-0.30120481927710846,30.9722421169281,-0.6006006006006006,62.532158613204956,0.9146341463414633,124.46515727043152,2.7950310559006213,187.77003979682922,2.9548989113530326,296.5608594417572,0.2998500749625187,30.9722421169281,0.5997001499250374,62.532158613204956,0.5974181858842268,124.46515727043152,0.28594667117754874,187.77003979682922,0.5943456843007068,296.5608594417572
2026-09-28 09:12:37,v2.3.1,MAIN,MAIN,MAIN,2026-09-28 09:12:37.688,True,KOSPI,096770,SK이노베이션,158400.0,6.3,212390,54988000000.0,33642576000.0,54988000000.0,ACTUAL,18,159500.0,0.6896551724137931,1.1052642157946575,1.0953979772348668,75,33,22,11,9,True,60,2026-09-28 09:10:24.066,158400.0,63.0,133.622406,20260928_096770_E001,2026-09-28 09:10:24.066,158400.0,63.0,133.622406,591.4529936313629,39,-0.5025125628140703,-0.43997485857950974,True,False,,,,,,,-0.2518891687657431,15.125321626663208,-0.5025125628140703,30.9722421169281,-0.43997485857950974,62.532158613204956,0.0,124.46515727043152,1.0204081632653061,187.77003979682922,1.7341040462427744,296.5608594417572,0.5015673981191223,30.9722421169281,0.6896551724137931,62.532158613204956,0.6265636897639508,124.46515727043152,,,,
2026-09-28 09:12:56,v2.3.1,MAIN,MAIN,MAIN,2026-09-28 09:12:56.747,True,KOSPI,010060,OCI홀딩스,229000.0,11.41,163095,96656000000.0,37348755000.0,96656000000.0,ACTUAL,11,230500.0,0.6507592190889371,1.0642121025279663,1.0722527201604155,79,37,22,11,9,True,60,2026-09-28 09:03:24.048,227500.0,67.0,572.698826,20260928_010060_E002,2026-09-28 09:05:27.985,222000.0,65.0,448.761499,590.9070909023285,39,0.0,0.0,True,False,,,,,,,-0.43478260869565216,15.213486433029175,0.0,30.338808059692383,0.0,61.96993088722229,0.43859649122807015,123.8355302810669,2.0044543429844097,187.04318928718567,1.7777777777777777,296.0588583946228,0.21597661039328492,30.338808059692383,0.21597661039328492,61.96993088722229,0.43194083834495456,123.8355302810669,-1.0997878268629229,187.04318928718567,-0.8809694461189403,296.0588583946228
2026-09-28 09:12:56,v2.3.1,MAIN,MAIN,MAIN,2026-09-28 09:12:56.749,True,KOSPI,096770,SK이노베이션,158900.0,6.37,214428,55596000000.0,34072609200.0,55596000000.0,ACTUAL,18,159500.0,0.3761755485893417,1.0690304964811752,1.051901416741886,78,33,25,11,9,True,60,2026-09-28 09:10:24.066,158400.0,63.0,152.683184,20260928_096770_E001,2026-09-28 09:10:24.066,158400.0,63.0,152.683184,590.9070909023285,39,0.06297229219143577,-0.1257071024512885,True,False,,,,,,,0.31565656565656564,15.213486433029175,0.06297229219143577,30.338808059692383,-0.1257071024512885,61.96993088722229,0.2523659305993691,123.8355302810669,0.8248730964467006,187.04318928718567,1.6634676903390915,296.0588583946228,-0.06269592476489028,30.338808059692383,0.12539184952978055,61.96993088722229,0.1872586720150344,123.8355302810669,,,,
2026-09-28 09:12:56,v2.3.1,MAIN,MAIN,MAIN,2026-09-28 09:12:56.742,True,KOSPI,009830,한화솔루션,33150.0,13.7,2187218,69260000000.0,72506276700.0,69260000000.0,ACTUAL,14,33350.0,0.5997001499250375,1.092722023255447,1.0931050785587844,75,33,22,11,9,True,60,2026-09-28 09:03:39.514,31150.0,66.0,557.227986,20260928_009830_E002,2026-09-28 09:05:58.496,31550.0,68.0,418.24587,590.9070909023285,39,-0.15060240963855423,-0.45045045045045046,True,False,,,,,,,0.1510574018126888,15.213486433029175,-0.15060240963855423,30.338808059692383,-0.45045045045045046,61.96993088722229,0.7598784194528876,123.8355302810669,2.472952086553323,187.04318928718567,2.631578947368421,296.0588583946228,0.1499250374812594,30.338808059692383,0.4497751124437781,61.96993088722229,0.5997001499250375,123.8355302810669,0.4453791622707165,187.04318928718567,0.4451406445154548,296.0588583946228
2026-09-28 09:13:12,v2.3.1,MAIN,MAIN,MAIN,2026-09-28 09:13:12.690,True,KOSPI,009830,한화솔루션,33350.0,14.04,2262856,71257000000.0,75466247600.0,71257000000.0,ACTUAL,14,33400.0,0.14970059880239522,1.0877104608386379,1.0958501296895007,82,37,25,11,9,True,60,2026-09-28 09:03:39.514,31150.0,66.0,573.175731,20260928_009830_E002,2026-09-28 09:05:58.496,31550.0,68.0,434.193615,590.0998165607452,39,0.7552870090634441,0.4518072289156626,True,False,,,,,,,0.603318250377074,15.085035800933838,0.7552870090634441,30.298522233963013,0.4518072289156626,61.27076435089111,1.5220700152207,123.06662392616272,3.091190108191654,186.5107386112213,3.571428571428571,295.3589868545532,-0.5999245886039015,30.298522233963013,-0.3000745136413829,61.27076435089111,-0.15378953776816623,123.06662392616272,-0.15846581105892993,186.5107386112213,-0.31397791742635284,295.3589868545532
2026-09-28 09:13:12,v2.3.1,MAIN,MAIN,MAIN,2026-09-28 09:13:12.699,True,KOSPI,010060,OCI홀딩스,229500.0,11.17,164669,97070000000.0,37791535500.0,97070000000.0,ACTUAL,11,230500.0,0.43383947939262474,1.063279769533261,1.0794003513463908,82,37,25,11,9,True,60,2026-09-28 09:03:24.048,227500.0,67.0,588.6511,20260928_010060_E002,2026-09-28 09:05:27.985,222000.0,65.0,464.713773,590.0998165607452,39,-0.21739130434782608,0.21834061135371177,True,False,,,,,,,0.21834061135371177,15.085035800933838,-0.21739130434782608,30.298522233963013,0.21834061135371177,61.27076435089111,0.6578947368421052,123.06662392616272,2.2271714922048997,186.5107386112213,2.914798206278027,295.3589868545532,0.43383947939262474,30.298522233963013,-0.0009431293030274235,61.27076435089111,0.21502109864864224,123.06662392616272,-1.3167075665592352,186.5107386112213,-1.9731627087911827,295.3589868545532
2026-09-28 09:13:12,v2.3.1,MAIN,MAIN,MAIN,2026-09-28 09:13:12.701,True,KOSPI,096770,SK이노베이션,158700.0,6.57,216624,56164000000.0,34378228800.0,56164000000.0,ACTUAL,18,159500.0,0.5015673981191223,1.0529828639994,1.0546702694807566,75,33,22,11,9,True,60,2026-09-28 09:10:24.066,158400.0,63.0,168.635457,20260928_096770_E001,2026-09-28 09:10:24.066,158400.0,63.0,168.635457,590.0998165607452,39,0.1893939393939394,-0.314070351758794,True,False,,,,,,,-0.12586532410320958,15.085035800933838,0.1893939393939394,30.298522233963013,-0.314070351758794,61.27076435089111,0.12618296529968456,123.06662392616272,0.44303797468354433,186.5107386112213,1.3409961685823755,295.3589868545532,-0.18808777429467083,30.298522233963013,0.3134796238244515,61.27076435089111,0.312650521544815,123.06662392616272,0.43847591546928005,154.76367950439453,,
2026-09-28 09:13:24,v2.3.1,MAIN,MAIN,MAIN,2026-09-28 09:13:24.028,True,KOSPI,009830,한화솔루션,33400.0,14.38,2307093,73701000000.0,77056906200.0,73701000000.0,ACTUAL,14,33400.0,0.0,1.1012312105908018,1.094906587873271,82,37,25,11,9,True,60,2026-09-28 09:03:39.514,31150.0,66.0,584.514046,20260928_009830_E002,2026-09-28 09:05:58.496,31550.0,68.0,445.53193,590.7128140926361,39,0.7541478129713424,0.6024096385542169,True,False,,,,,,,0.14992503748125938,15.931491374969482,0.7541478129713424,31.01652717590332,0.6024096385542169,61.3553352355957,1.2121212121212122,123.95938277244568,2.2970903522205206,186.49414205551147,4.049844236760125,295.4899687767029,-0.5997001499250375,31.01652717590332,-0.4497751124437781,61.3553352355957,0.0,123.95938277244568,0.0,186.49414205551147,-0.7727975270479135,295.4899687767029
2026-09-28 09:13:24,v2.3.1,MAIN,MAIN,MAIN,2026-09-28 09:13:24.031,True,KOSPI,010060,OCI홀딩스,230500.0,11.65,165912,98222000000.0,38242716000.0,98222000000.0,ACTUAL,11,230500.0,0.0,1.065395420476609,1.0786183761433894,82,37,25,11,9,True,60,2026-09-28 09:03:24.048,227500.0,67.0,599.982879,20260928_010060_E002,2026-09-28 09:05:27.985,222000.0,65.0,476.045552,590.7128140926361,39,0.6550218340611353,0.6550218340611353,True,False,,,,,,,0.4357298474945534,15.931491374969482,0.6550218340611353,31.01652717590332,0.6550218340611353,61.3553352355957,1.0964912280701753,123.95938277244568,1.5418502202643172,186.49414205551147,2.4444444444444446,295.4899687767029,-0.6507592190889371,31.01652717590332,-0.43478260869565216,61.3553352355957,-0.2188183807439825,123.95938277244568,-0.6564551422319475,186.49414205551147,-1.5317286652078774,295.4899687767029
2026-09-28 09:13:40,v2.3.1,MAIN,MAIN,MAIN,2026-09-28 09:13:40.053,True,KOSPI,009830,한화솔루션,33400.0,14.38,2307093,73701000000.0,77056906200.0,73701000000.0,ACTUAL,14,33400.0,0.0,1.083997646712752,1.0757960313259922,82,37,25,11,9,True,60,2026-09-28 09:03:39.514,31150.0,66.0,600.539335,20260928_009830_E002,2026-09-28 09:05:58.496,31550.0,68.0,461.557219,590.5826342105865,39,0.14992503748125938,0.906344410876133,True,False,,,,,,,0.0,15.335659265518188,0.14992503748125938,31.26715064048767,0.906344410876133,61.565672874450684,0.3003003003003003,124.09783148765564,1.8292682926829267,186.0308301448822,4.212168486739469,295.72665190696716,-0.14970059880239522,31.26715064048767,-0.7496251874062968,61.565672874450684,-0.14992503748125938,124.09783148765564,-0.15220700152207,186.0308301448822,-0.9273570324574961,295.72665190696716
2026-09-28 09:13:40,v2.3.1,MAIN,MAIN,MAIN,2026-09-28 09:13:40.056,True,KOSPI,010060,OCI홀딩스,230000.0,11.65,168103,99076000000.0,38663690000.0,99076000000.0,ACTUAL,11,231000.0,0.4329004329004329,1.0618167788399708,1.0814376881706596,82,37,25,11,9,True,60,2026-09-28 09:03:24.048,227500.0,67.0,616.008182,20260928_010060_E002,2026-09-28 09:05:27.985,222000.0,65.0,492.070855,590.5826342105865,39,0.2178649237472767,0.0,True,False,,,,,,,-0.21691973969631237,15.335659265518188,0.2178649237472767,31.26715064048767,0.0,61.565672874450684,0.2178649237472767,124.09783148765564,0.8771929824561403,186.0308301448822,2.4498886414253898,295.72665190696716,-0.0009390464921918418,31.26715064048767,0.4329004329004329,61.565672874450684,0.21550912855260682,124.09783148765564,0.2140820521564504,186.0308301448822,-1.317646613051427,295.72665190696716
2026-09-28 09:13:55,v2.3.1,MAIN,MAIN,MAIN,2026-09-28 09:13:55.834,True,KOSPI,010060,OCI홀딩스,230000.0,11.89,170194,100178000000.0,39144620000.0,100178000000.0,ACTUAL,11,231000.0,0.4329004329004329,1.0736271273631415,1.09488947788271,85,40,25,11,9,True,60,2026-09-28 09:03:24.048,227500.0,67.0,631.785877,20260928_010060_E002,2026-09-28 09:05:27.985,222000.0,65.0,507.84855,590.863112449646,39,-0.21691973969631237,0.43668122270742354,True,False,,,,,,,0.0,15.772973775863647,-0.21691973969631237,31.108633041381836,0.43668122270742354,62.125160217285156,0.43668122270742354,124.09509110450745,0.8771929824561403,185.96069049835205,2.2222222222222223,295.9067335128784,0.4329004329004329,31.108633041381836,-0.21785878618850418,62.125160217285156,-0.0018821757952192653,124.09509110450745,0.2140820521564504,185.96069049835205,-1.0988282323074445,295.9067335128784
2026-09-28 09:13:55,v2.3.1,MAIN,MAIN,MAIN,2026-09-28 09:13:55.832,True,KOSPI,009830,한화솔루션,33400.0,14.38,2307093,73701000000.0,77056906200.0,73701000000.0,ACTUAL,15,33400.0,0.0,1.083997646712752,1.0757960313259922,82,37,25,11,9,True,60,2026-09-28 09:03:39.514,31150.0,66.0,616.318037,20260928_009830_E002,2026-09-28 09:05:58.496,31550.0,68.0,477.335921,590.863112449646,39,0.0,0.7541478129713424,True,False,,,,,,,0.0,15.772973775863647,0.0,31.108633041381836,0.7541478129713424,62.125160217285156,0.3003003003003003,124.09509110450745,1.5197568389057752,185.96069049835205,4.049844236760125,295.9067335128784,0.0,31.108633041381836,-0.5997001499250375,62.125160217285156,-0.14992503748125938,124.09509110450745,0.0,185.96069049835205,-0.7727975270479135,295.9067335128784
2026-09-28 09:14:11,v2.3.1,MAIN,MAIN,MAIN,2026-09-28 09:14:11.789,True,KOSPI,009830,한화솔루션,33400.0,14.38,2307093,73701000000.0,77056906200.0,73701000000.0,ACTUAL,15,33400.0,0.0,1.0641207045913947,1.0548070654136898,82,37,25,11,9,True,60,2026-09-28 09:03:39.514,31150.0,66.0,632.274815,20260928_009830_E002,2026-09-28 09:05:58.496,31550.0,68.0,493.292699,591.1746823787689,39,0.0,0.14992503748125938,True,False,,,,,,,0.0,15.999330759048462,0.0,31.77230453491211,0.14992503748125938,63.03945517539978,0.6024096385542169,124.3102195262909,1.67427701674277,186.1060791015625,3.7267080745341614,296.70457696914673,0.0,31.77230453491211,-0.14970059880239522,63.03945517539978,-0.4497751124437781,124.3102195262909,-0.30349013657056145,186.1060791015625,-0.46367851622874806,296.70457696914673
2026-09-28 09:14:11,v2.3.1,MAIN,MAIN,MAIN,2026-09-28 09:14:11.793,True,KOSPI,010060,OCI홀딩스,230000.0,11.65,171607,100737000000.0,39469610000.0,100737000000.0,ACTUAL,11,231000.0,0.4329004329004329,1.0422219003476245,1.0521904411539287,79,40,25,5,9,True,60,2026-09-28 09:03:24.048,227500.0,67.0,647.744665,20260928_010060_E002,2026-09-28 09:05:27.985,222000.0,65.0,523.807338,591.1746823787689,39,0.0,0.2178649237472767,True,False,,,,,,,0.0,15.999330759048462,0.0,31.77230453491211,0.2178649237472767,63.03945517539978,0.43668122270742354,124.3102195262909,0.8771929824561403,186.1060791015625,2.2222222222222223,296.70457696914673,0.0,31.77230453491211,-0.0009390464921918418,63.03945517539978,-0.0018821757952192653,124.3102195262909,0.2140820521564504,186.1060791015625,-1.0988282323074445,296.70457696914673
2026-09-28 09:15:30,v2.3.1,MAIN,MAIN,MAIN,2026-09-28 09:15:30.277,True,KOSPI,009830,한화솔루션,33400.0,13.87,2429998,77723000000.0,81161933200.0,77723000000.0,ACTUAL,14,33500.0,0.2985074626865672,1.0545718511282072,1.0532726682452767,82,37,25,11,9,True,60,2026-09-28 09:03:39.514,31150.0,66.0,710.762559,20260928_009830_E002,2026-09-28 09:05:58.496,31550.0,68.0,571.780443,591.3162219524384,39,0.0,0.0,True,False,,,,,,,0.0,15.494497299194336,0.0,30.60580801963806,0.0,61.90138578414917,0.0,124.54073524475098,0.6024096385542169,185.89607048034668,1.8292682926829267,295.235906124115,0.2985074626865672,30.60580801963806,0.2985074626865672,61.90138578414917,0.2985074626865672,124.54073524475098,-0.1512676497572109,185.89607048034668,0.1463004611644972,295.235906124115
2026-09-28 09:15:45,v2.3.1,MAIN,MAIN,MAIN,2026-09-28 09:15:45.939,True,KOSPI,009830,한화솔루션,33350.0,14.21,2461753,78810000000.0,82099462550.0,78810000000.0,ACTUAL,14,33500.0,0.44776119402985076,1.0693206333699679,1.0670367427754321,82,37,25,11,9,True,60,2026-09-28 09:03:39.514,31150.0,66.0,726.425383,20260928_009830_E002,2026-09-28 09:05:58.496,31550.0,68.0,587.443267,591.2081241607666,39,-0.14970059880239522,-0.14970059880239522,True,False,,,,,,,-0.14970059880239522,15.027729272842407,-0.14970059880239522,30.522226572036743,-0.14970059880239522,60.92971754074097,-0.14970059880239522,124.2328052520752,0.7552870090634441,185.79847812652588,1.3677811550151975,294.4205219745636,0.44776119402985076,30.522226572036743,0.44776119402985076,60.92971754074097,0.44776119402985076,124.2328052520752,-0.30186399337644604,185.79847812652588,0.44776119402985076,294.4205219745636
2026-09-28 09:16:02,v2.3.1,MAIN,MAIN,MAIN,2026-09-28 09:16:02.960,True,KOSPI,009830,한화솔루션,33200.0,13.87,2486692,79543000000.0,82558174400.0,79543000000.0,ACTUAL,14,33500.0,0.8955223880597015,1.0792662243388829,1.0778464500564129,79,37,22,11,9,True,60,2026-09-28 09:03:39.514,31150.0,66.0,743.446458,20260928_009830_E002,2026-09-28 09:05:58.496,31550.0,68.0,604.464342,591.494421005249,39,-0.5988023952095809,-0.5988023952095809,True,False,,,,,,,-0.4497751124437781,15.661098003387451,-0.5988023952095809,30.68882727622986,-0.5988023952095809,61.29463529586792,-0.5988023952095809,124.120929479599,0.1508295625942685,186.24608969688416,1.06544901065449,294.22767782211304,0.5970149253731343,30.68882727622986,0.8955223880597015,61.29463529586792,0.8955223880597015,124.120929479599,0.295822238134664,186.24608969688416,0.5920322514891401,294.22767782211304
2026-09-28 09:16:16,v2.3.1,MAIN,MAIN,MAIN,2026-09-28 09:16:16.633,True,KOSPI,009830,한화솔루션,33400.0,14.21,2532645,81095000000.0,84590343000.0,81095000000.0,ACTUAL,14,33500.0,0.2985074626865672,1.1003242832526017,1.0977645894638837,82,37,25,11,9,True,60,2026-09-28 09:03:39.514,31150.0,66.0,757.118543,20260928_009830_E002,2026-09-28 09:05:58.496,31550.0,68.0,618.136427,591.2324478626251,39,0.14992503748125938,0.0,True,False,,,,,,,0.6024096385542169,15.15859842300415,0.14992503748125938,30.8196964263916,0.0,61.341922998428345,0.0,123.28019714355469,0.14992503748125938,186.31965231895447,1.2121212121212122,294.34754371643066,-0.14925373134328357,30.8196964263916,0.2985074626865672,61.341922998428345,0.2985074626865672,123.28019714355469,0.14880686388417197,186.31965231895447,0.2985074626865672,294.34754371643066
2026-09-28 09:16:32,v2.3.1,MAIN,MAIN,MAIN,2026-09-28 09:16:32.253,True,KOSPI,009830,한화솔루션,33350.0,14.04,2571260,82364000000.0,85751521000.0,82364000000.0,ACTUAL,13,33500.0,0.44776119402985076,1.0597120543468472,1.0581325581337928,82,37,25,11,9,True,60,2026-09-28 09:03:39.514,31150.0,66.0,772.739237,20260928_009830_E002,2026-09-28 09:05:58.496,31550.0,68.0,633.757121,591.1155195236206,39,0.4518072289156626,-0.14970059880239522,True,False,,,,,,,-0.14970059880239522,15.533321857452393,0.4518072289156626,30.691920280456543,-0.14970059880239522,61.3807475566864,-0.14970059880239522,123.28213334083557,-0.14970059880239522,185.92148280143738,0.15015015015015015,294.68365502357483,-0.44776119402985076,30.691920280456543,0.14925373134328357,61.3807475566864,0.44776119402985076,123.28213334083557,0.44776119402985076,185.92148280143738,0.2978361565485914,294.68365502357483
2026-09-28 09:16:48,v2.3.1,MAIN,MAIN,MAIN,2026-09-28 09:16:48.868,True,KOSPI,009830,한화솔루션,33350.0,14.38,2603891,83555000000.0,86839764850.0,83555000000.0,ACTUAL,13,33500.0,0.44776119402985076,1.0602080954193631,1.057738530226225,82,37,25,11,9,True,60,2026-09-28 09:03:39.514,31150.0,66.0,789.3538,20260928_009830_E002,2026-09-28 09:05:58.496,31550.0,68.0,650.371684,591.8756413459778,39,-0.14970059880239522,0.0,True,False,,,,,,,0.0,15.787816762924194,-0.14970059880239522,31.321138620376587,0.0,62.14083504676819,-0.14970059880239522,123.07055258750916,-0.14970059880239522,186.37364029884338,0.15015015015015015,294.6957576274872,0.14925373134328357,31.321138620376587,0.0,62.14083504676819,0.44776119402985076,123.07055258750916,0.44776119402985076,186.37364029884338,0.2978361565485914,294.6957576274872
2026-09-28 09:17:03,v2.3.1,MAIN,MAIN,MAIN,2026-09-28 09:17:03.515,True,KOSPI,009830,한화솔루션,33200.0,14.04,2636432,84543000000.0,87529542400.0,84543000000.0,ACTUAL,13,33500.0,0.8955223880597015,1.0628590825088318,1.0602165447108045,79,37,22,11,9,True,60,2026-09-28 09:03:39.514,31150.0,66.0,804.000685,20260928_009830_E002,2026-09-28 09:05:58.496,31550.0,68.0,665.018569,591.7436821460724,39,-0.4497751124437781,0.0,True,False,,,,,,,-0.4497751124437781,15.442208528518677,-0.4497751124437781,31.23002529144287,0.0,61.921945571899414,-0.5988023952095809,123.21658086776733,-0.5988023952095809,186.0428750514984,0.0,294.35376381874084,0.44776119402985076,31.23002529144287,0.0,61.921945571899414,0.8955223880597015,123.21658086776733,0.8955223880597015,186.0428750514984,0.4457472756159234,294.35376381874084
2026-09-28 09:17:17,v2.3.1,MAIN,MAIN,MAIN,2026-09-28 09:17:17.175,True,KOSPI,009830,한화솔루션,33350.0,14.55,2692837,86463000000.0,89806113950.0,86463000000.0,ACTUAL,14,33500.0,0.44776119402985076,1.066193970035144,1.0632508701377414,82,37,25,11,9,True,60,2026-09-28 09:03:39.514,31150.0,66.0,817.660803,20260928_009830_E002,2026-09-28 09:05:58.496,31550.0,68.0,678.678687,591.5582756996155,39,0.0,-0.14970059880239522,True,False,,,,,,,0.4518072289156626,15.726019859313965,0.0,31.16822838783264,-0.14970059880239522,62.48936700820923,-0.14970059880239522,123.83129000663757,-0.14970059880239522,185.76956415176392,0.4518072289156626,294.2328631877899,0.0,31.16822838783264,0.14925373134328357,62.48936700820923,0.44776119402985076,123.83129000663757,0.44776119402985076,185.76956415176392,-0.0020139184139273403,294.2328631877899
2026-09-28 09:17:33,v2.3.1,MAIN,MAIN,MAIN,2026-09-28 09:17:33.006,True,KOSPI,009830,한화솔루션,33400.0,14.55,2723023,87479000000.0,90948968200.0,87479000000.0,ACTUAL,14,33500.0,0.2985074626865672,1.0621023748239522,1.0590228137177882,82,37,25,11,9,True,60,2026-09-28 09:03:39.514,31150.0,66.0,833.491731,20260928_009830_E002,2026-09-28 09:05:58.496,31550.0,68.0,694.509615,591.2476541996002,39,0.6024096385542169,0.14992503748125938,True,False,,,,,,,0.14992503748125938,15.579253196716309,0.6024096385542169,31.305273056030273,0.14992503748125938,62.535298347473145,0.0,123.91604590415955,0.0,185.81743168830872,0.906344410876133,294.686794757843,-0.5970149253731343,31.305273056030273,-0.14925373134328357,62.535298347473145,0.0,123.91604590415955,0.2985074626865672,185.81743168830872,-0.4511177247197296,294.686794757843
2026-09-28 09:17:49,v2.3.1,MAIN,MAIN,MAIN,2026-09-28 09:17:49.903,True,KOSPI,009830,한화솔루션,33200.0,13.87,2772295,89047000000.0,92040194000.0,89047000000.0,ACTUAL,14,33500.0,0.8955223880597015,1.0657291604332475,1.0646739821290523,79,37,22,11,9,True,60,2026-09-28 09:03:39.514,31150.0,66.0,850.389203,20260928_009830_E002,2026-09-28 09:05:58.496,31550.0,68.0,711.407087,591.4305665493011,39,-0.4497751124437781,-0.4497751124437781,True,False,,,,,,,-0.5988023952095809,15.898399829864502,-0.4497751124437781,31.47765302658081,-0.4497751124437781,62.64588141441345,-0.4497751124437781,124.78671646118164,-0.5988023952095809,185.7164340019226,0.1508295625942685,295.37170815467834,0.44776119402985076,31.47765302658081,0.44776119402985076,62.64588141441345,0.44776119402985076,124.78671646118164,0.8955223880597015,185.7164340019226,0.295822238134664,295.37170815467834
2026-09-28 09:18:06,v2.3.1,MAIN,MAIN,MAIN,2026-09-28 09:18:05.954,True,KOSPI,009830,한화솔루션,32900.0,12.67,2822593,90788000000.0,92863309700.0,90788000000.0,ACTUAL,14,33500.0,1.791044776119403,1.0738677359450222,1.0706109620881554,76,37,19,11,9,False,60,2026-09-28 09:03:39.514,31150.0,66.0,866.439732,20260928_009830_E002,2026-09-28 09:05:58.496,31550.0,68.0,727.457616,591.5377810001373,39,-1.4970059880239521,-0.9036144578313252,True,False,,,,,,,-0.9036144578313252,15.8921217918396,-1.4970059880239521,31.7905216217041,-0.9036144578313252,63.095794677734375,-0.9036144578313252,125.01774024963379,-1.4970059880239521,186.3123755455017,-1.3493253373313343,296.1787941455841,1.492537313432836,31.7905216217041,0.8955223880597015,63.095794677734375,0.8955223880597015,125.01774024963379,1.791044776119403,186.3123755455017,1.6413441773170079,296.1787941455841
2026-09-28 09:18:21,v2.3.1,MAIN,MAIN,MAIN,2026-09-28 09:18:21.348,True,KOSPI,009830,한화솔루션,33000.0,13.18,2853844,91887000000.0,94176852000.0,91887000000.0,ACTUAL,14,33500.0,1.4925373134328357,1.0627320356684362,1.0597908451198494,76,37,19,11,9,True,60,2026-09-28 09:03:39.514,31150.0,66.0,881.833599,20260928_009830_E002,2026-09-28 09:05:58.496,31550.0,68.0,742.851483,590.7688281536102,39,-0.6024096385542169,-1.0494752623688157,True,False,,,,,,,0.303951367781155,15.031556606292725,-0.6024096385542169,30.923678398132324,-1.0494752623688157,62.401331424713135,-1.1976047904191618,124.89069843292236,-1.1976047904191618,186.2326214313507,-1.1976047904191618,295.27885937690735,0.5970149253731342,30.923678398132324,1.044776119402985,62.401331424713135,1.1940298507462686,124.89069843292236,1.4925373134328357,186.2326214313507,1.4925373134328357,295.27885937690735
2026-09-28 09:18:21,v2.3.1,MAIN,MAIN,MAIN,2026-09-28 09:18:21.356,True,KOSPI,007810,코리아써키트,69000.0,5.68,395073,70840000000.0,27260037000.0,70840000000.0,ACTUAL,17,69000.0,0.0,1.0368852459016393,1.0565426684138743,76,37,25,5,9,True,60,2026-09-28 09:15:34.329,68800.0,67.0,167.026158,20260928_007810_E003,2026-09-28 09:17:39.116,68600.0,67.0,42.239441,590.7688281536102,39,0.5830903790087464,1.3215859030837005,True,False,,,,,,,0.29069767441860467,15.031556606292725,0.5830903790087464,30.923678398132324,1.3215859030837005,62.401331424713135,1.0248901903367496,124.89069843292236,1.1730205278592376,186.2326214313507,2.3738872403560833,295.27885937690735,-0.36310820624546114,30.923678398132324,-0.944081336238199,78.1273512840271,-0.5083514887436456,140.0492968559265,0.0,155.71039485931396,,
2026-09-28 09:18:38,v2.3.1,MAIN,MAIN,MAIN,2026-09-28 09:18:38.216,True,KOSPI,007810,코리아써키트,69000.0,5.99,401423,72167000000.0,27698187000.0,72167000000.0,ACTUAL,17,69100.0,0.1447178002894356,1.0563085480093677,1.073524456449068,82,37,25,11,9,True,60,2026-09-28 09:15:34.329,68800.0,67.0,183.886558,20260928_007810_E003,2026-09-28 09:17:39.116,68600.0,67.0,59.099841,591.089328289032,39,0.29069767441860467,1.1730205278592376,True,False,,,,,,,0.0,15.41947627067566,0.29069767441860467,30.451032876968384,1.1730205278592376,62.241554498672485,1.0248901903367496,124.77685284614563,1.0248901903367496,186.15760040283203,2.3738872403560833,295.3626763820648,0.07209615904034336,30.451032876968384,-0.21839040595602555,46.34315466880798,-0.5088769709523945,108.98903608322144,0.1447178002894356,171.12987112998962,,
2026-09-28 09:18:38,v2.3.1,MAIN,MAIN,MAIN,2026-09-28 09:18:38.205,True,KOSPI,009830,한화솔루션,33075.0,13.53,2889995,93071000000.0,95586584625.0,93071000000.0,ACTUAL,14,33500.0,1.2686567164179103,1.0639239131677316,1.061318615377101,76,37,19,11,9,True,60,2026-09-28 09:03:39.514,31150.0,66.0,898.690996,20260928_009830_E002,2026-09-28 09:05:58.496,31550.0,68.0,759.70888,591.089328289032,39,0.5319148936170213,-0.9730538922155689,True,False,,,,,,,0.22727272727272727,15.41947627067566,0.5319148936170213,30.451032876968384,-0.9730538922155689,62.241554498672485,-0.8245877061469266,124.77685284614563,-0.9730538922155689,186.15760040283203,-0.9730538922155689,295.3626763820648,-0.5223880597014927,30.451032876968384,0.9701492537313432,62.241554498672485,0.8208955223880596,124.77685284614563,0.9701492537313432,186.15760040283203,1.2686567164179103,295.3626763820648
2026-09-28 09:18:53,v2.3.1,MAIN,MAIN,MAIN,2026-09-28 09:18:52.998,True,KOSPI,007810,코리아써키트,69200.0,6.14,406081,72947000000.0,28100805200.0,72947000000.0,ACTUAL,17,69200.0,0.0,1.0488727209984472,1.0612723319290396,76,37,25,5,9,True,60,2026-09-28 09:15:34.329,68800.0,67.0,198.668976,20260928_007810_E003,2026-09-28 09:17:39.116,68600.0,67.0,73.882259,591.289181470871,39,0.2898550724637681,0.8746355685131195,True,False,,,,,,,0.2898550724637681,15.792745351791382,0.2898550724637681,31.21222162246704,0.8746355685131195,62.135900020599365,1.1695906432748537,124.78178143501282,0.5813953488372093,186.922616481781,2.6706231454005933,295.38244795799255,0.0,31.21222162246704,-0.36310820624546114,62.135900020599365,-0.6535947712418301,124.78178143501282,0.0,186.922616481781,,
2026-09-28 09:19:09,v2.3.1,MAIN,MAIN,MAIN,2026-09-28 09:19:09.040,True,KOSPI,007810,코리아써키트,69400.0,6.45,415762,74371000000.0,28853882800.0,74371000000.0,ACTUAL,17,69400.0,0.0,1.06371932032725,1.0781007304683348,82,37,25,11,9,True,60,2026-09-28 09:15:34.329,68800.0,67.0,214.710418,20260928_007810_E003,2026-09-28 09:17:39.116,68600.0,67.0,89.923701,591.8744614124298,39,0.5797101449275363,0.872093023255814,True,False,,,,,,,0.2890173410404624,15.78676724433899,0.5797101449275363,31.57951259613037,0.872093023255814,62.030545473098755,1.7595307917888565,125.12634015083313,1.313868613138686,187.04828572273254,1.908957415565345,295.1698844432831,-0.1447178002894356,31.57951259613037,-0.07262164124909223,62.030545473098755,-0.944081336238199,125.12634015083313,-0.5083514887436456,187.04828572273254,,
2026-09-28 09:19:09,v2.3.1,MAIN,MAIN,MAIN,2026-09-28 09:19:09.045,True,KOSPI,047040,대우건설,18330.0,5.1,1694241,30399000000.0,31055437530.0,30399000000.0,ACTUAL,35,18380.0,0.2720348204570185,1.1533120874117915,1.1390850965126365,79,29,25,16,9,True,60,2026-09-28 09:16:51.912,18320.0,69.0,137.132683,20260928_047040_E002,2026-09-28 09:18:25.459,18340.0,69.0,43.585856,591.8744614124298,39,-0.05452562704471102,0.3284072249589491,False,False,,,,,,,-0.05452562704471102,15.78676724433899,-0.05452562704471102,31.57951259613037,0.3284072249589491,62.030545473098755,0.05458515283842794,125.12634015083313,-0.16339869281045752,187.04828572273254,0.825082508250825,295.1698844432831,0.05440696409140369,31.57951259613037,,,-0.05440696409140372,125.12634015083313,0.21759823907432932,187.04828572273254,,
2026-09-28 09:19:26,v2.3.1,MAIN,MAIN,MAIN,2026-09-28 09:19:26.446,True,KOSPI,007810,코리아써키트,70500.0,7.37,451898,77803000000.0,31858809000.0,77803000000.0,ACTUAL,17,70500.0,0.0,1.0982919254658385,1.1438341774811238,82,37,25,11,9,True,60,2026-09-28 09:15:34.329,68800.0,67.0,232.116682,20260928_007810_E003,2026-09-28 09:17:39.116,68600.0,67.0,107.329965,591.9970605373383,39,1.8786127167630058,2.1739130434782608,True,False,,,,,,,1.585014409221902,15.71915888786316,1.8786127167630058,31.50592613220215,2.1739130434782608,62.71814775466919,3.524229074889868,125.11947917938232,3.22108345534407,187.60884618759155,3.6764705882352944,295.35765767097473,0.0,31.50592613220215,0.0,62.71814775466919,-0.944081336238199,140.8454990386963,-0.5083514887436456,202.7674446105957,,
2026-09-28 09:19:26,v2.3.1,MAIN,MAIN,MAIN,2026-09-28 09:19:26.452,True,KOSPI,047040,대우건설,18400.0,5.16,1777203,30722000000.0,32700535200.0,30722000000.0,ACTUAL,35,18400.0,0.0,1.165566431443964,1.1948627443070654,82,29,25,16,12,True,60,2026-09-28 09:16:51.912,18320.0,69.0,154.539638,20260928_047040_E002,2026-09-28 09:18:25.459,18340.0,69.0,60.992811,591.9970605373383,39,0.3271537622682661,0.4915346805024577,False,False,,,,,,,0.3818876159301691,15.71915888786316,0.3271537622682661,31.50592613220215,0.4915346805024577,62.71814775466919,0.4915346805024577,125.11947917938232,0.2178649237472767,187.60884618759155,1.2658227848101267,295.35765767097473,-0.2176278563656148,31.50592613220215,-0.2176278563656148,47.29867148399353,-0.38084874863982593,125.11947917938232,-0.1088139281828074,187.60884618759155,,
2026-09-28 09:19:41,v2.3.1,MAIN,MAIN,MAIN,2026-09-28 09:19:41.122,True,KOSPI,007810,코리아써키트,69800.0,7.53,464707,81459000000.0,32436548600.0,81459000000.0,ACTUAL,16,70600.0,1.13314447592068,1.1287569110535287,1.1576491631022636,79,37,19,11,12,True,60,2026-09-28 09:15:34.329,68800.0,67.0,246.792509,20260928_007810_E003,2026-09-28 09:17:39.116,68600.0,67.0,122.005792,591.8032262325287,39,0.5763688760806917,1.1594202898550725,True,False,,,,,,,-0.9929078014184398,15.74650263786316,0.5763688760806917,31.46566152572632,1.1594202898550725,63.04517412185669,2.346041055718475,125.28672862052917,2.1961932650073206,187.82202696800232,2.346041055718475,295.1047627925873,1.13314447592068,31.46566152572632,0.9884266756312443,63.04517412185669,0.7700362696752188,109.38832879066467,0.47954970467884983,172.03421020507812,,
2026-09-28 09:19:58,v2.3.1,MAIN,MAIN,MAIN,2026-09-28 09:19:58.060,True,KOSPI,007810,코리아써키트,69900.0,7.22,472240,82595000000.0,33009576000.0,82595000000.0,ACTUAL,16,70600.0,0.9915014164305949,1.1322604082416001,1.1629206980873275,82,37,22,11,12,True,60,2026-09-28 09:15:34.329,68800.0,67.0,263.730463,20260928_007810_E003,2026-09-28 09:17:39.116,68600.0,67.0,138.943746,591.8396925926208,39,-0.851063829787234,1.0115606936416186,True,False,,,,,,,0.14326647564469913,15.653952836990356,-0.851063829787234,31.400455474853516,1.0115606936416186,62.906381607055664,1.8950437317784257,125.04228162765503,2.1929824561403506,187.68816304206848,2.4926686217008798,295.46253538131714,0.9915014164305949,31.400455474853516,0.9915014164305949,62.906381607055664,0.6283932101851337,125.04228162765503,0.3379066451887648,187.68816304206848,,
2026-09-28 09:20:14,v2.3.1,MAIN,MAIN,MAIN,2026-09-28 09:20:13.991,True,KOSPI,007810,코리아써키트,69600.0,7.53,482412,83720000000.0,33575875200.0,83720000000.0,ACTUAL,16,70600.0,1.41643059490085,1.1257076010810665,1.160308060861743,79,37,19,11,12,True,60,2026-09-28 09:15:34.329,68800.0,67.0,279.661315,20260928_007810_E003,2026-09-28 09:17:39.116,68600.0,67.0,154.874598,591.9834825992584,39,-0.28653295128939826,0.2881844380403458,True,False,,,,,,,-0.4291845493562232,16.091877937316895,-0.28653295128939826,31.74583077430725,0.2881844380403458,63.21149230003357,1.1627906976744187,125.24203777313232,2.2026431718061676,172.61181259155273,2.0527859237536656,296.4431025981903,0.2832861189801701,31.74583077430725,1.41643059490085,63.21149230003357,1.3438089536517577,125.24203777313232,0.472349258662651,188.3378324508667,,
2026-09-28 09:20:27,v2.3.1,MAIN,MAIN,MAIN,2026-09-28 09:20:27.846,True,KOSPI,007810,코리아써키트,69900.0,7.07,487055,85002000000.0,34045144500.0,85002000000.0,ACTUAL,16,70600.0,0.9915014164305949,1.0925285657365398,1.077798529756715,79,37,22,11,9,True,60,2026-09-28 09:15:34.329,68800.0,67.0,293.516116,20260928_007810_E003,2026-09-28 09:17:39.116,68600.0,67.0,168.729399,592.0333116054535,39,0.0,-0.851063829787234,True,False,,,,,,,0.43103448275862066,15.84880018234253,0.0,31.940678119659424,-0.851063829787234,63.34113359451294,1.3043478260869565,126.05928134918213,2.4926686217008798,172.88135957717896,2.342606149341142,296.7974054813385,0.0,31.940678119659424,0.9915014164305949,63.34113359451294,0.9915014164305949,126.05928134918213,0.6283932101851337,156.98295974731445,0.9915014164305949,281.7696762084961
2026-09-28 09:20:44,v2.3.1,MAIN,MAIN,MAIN,2026-09-28 09:20:44.651,True,KOSPI,047040,대우건설,18650.0,6.65,2100274,37585000000.0,39170110100.0,37585000000.0,ACTUAL,29,18670.0,0.10712372790573112,1.1686878109452736,1.1533395532325812,82,29,25,16,12,True,60,2026-09-28 09:16:51.912,18320.0,69.0,232.738943,20260928_047040_E002,2026-09-28 09:18:25.459,18340.0,69.0,139.192116,591.983423948288,39,1.13882863340564,1.358695652173913,False,False,,,,,,,0.3767491926803014,15.793225765228271,1.13882863340564,31.6420259475708,1.358695652173913,63.38785672187805,1.6902944383860414,126.43303084373474,1.912568306010929,172.77618551254272,2.079912424740011,297.56290197372437,0.10712372790573112,31.6420259475708,0.05280542263685551,63.38785672187805,-0.11050412845988368,126.43303084373474,-0.2737250207340948,204.25383853912354,0.05268714652304195,281.9018039703369
2026-09-28 09:20:44,v2.3.1,MAIN,MAIN,MAIN,2026-09-28 09:20:44.650,True,KOSPI,007810,코리아써키트,69700.0,7.37,494419,85885000000.0,34461004300.0,85885000000.0,ACTUAL,16,70600.0,1.2747875354107647,1.0543340821763096,1.0639370614171941,76,37,19,11,9,True,60,2026-09-28 09:15:34.329,68800.0,67.0,310.321016,20260928_007810_E003,2026-09-28 09:17:39.116,68600.0,67.0,185.534299,591.983423948288,39,0.14367816091954022,-0.14326647564469913,True,False,,,,,,,-0.28612303290414876,15.793225765228271,0.14367816091954022,31.6420259475708,-0.14326647564469913,63.38785672187805,1.0144927536231882,126.43303084373474,1.6034985422740524,172.77618551254272,1.308139534883721,297.56290197372437,-0.14164305949008527,31.6420259475708,0.14164305949008482,63.38785672187805,1.1300697351213291,126.43303084373474,0.9116793291653036,172.77618551254272,1.2747875354107647,297.56290197372437
2026-09-28 09:21:01,v2.3.1,MAIN,MAIN,MAIN,2026-09-28 09:21:01.330,True,KOSDAQ,115440,우리넷,13000.0,6.6,3943644,47426000000.0,51267372000.0,47426000000.0,ACTUAL,8,13100.0,0.7633587786259541,1.8198073750047965,1.8371274869144094,86,29,22,20,15,True,60,2026-09-28 09:07:47.686,12750.0,63.0,793.64434,20260928_115440_E002,2026-09-28 09:20:47.705,13000.0,86.0,13.625333,31.605480432510376,3,3.338632750397456,,True,False,,,,,,,2.6856240126382307,15.812254667282104,3.338632750397456,31.605480432510376,,,,,,,,,,,,,,,,,,
2026-09-28 09:21:01,v2.3.1,MAIN,MAIN,MAIN,2026-09-28 09:21:01.313,True,KOSPI,047040,대우건설,18700.0,7.11,2133534,38361000000.0,39897085800.0,38361000000.0,ACTUAL,29,18700.0,0.0,1.1631947603020103,1.1585206792781502,82,29,25,16,12,True,60,2026-09-28 09:16:51.912,18320.0,69.0,249.400449,20260928_047040_E002,2026-09-28 09:18:25.459,18340.0,69.0,155.853622,591.941736459732,39,0.6458557588805167,1.6304347826086956,False,False,,,,,,,0.2680965147453083,15.812254667282104,0.6458557588805167,31.605480432510376,1.6304347826086956,63.5461585521698,1.9629225736095965,126.45254015922546,2.353585112205802,172.69631838798523,1.8518518518518516,297.714058637619,-0.05379236148466917,31.605480432510376,-0.05431830526887561,63.5461585521698,-0.2176278563656148,126.45254015922546,,,-0.05443658138268917,297.714058637619
2026-09-28 09:21:18,v2.3.1,MAIN,MAIN,MAIN,2026-09-28 09:21:18.441,True,KOSPI,047040,대우건설,18670.0,7.17,2203805,39260000000.0,41145039350.0,39260000000.0,ACTUAL,27,18710.0,0.2137894174238375,1.1597542242703534,1.1666590788295108,82,29,25,16,12,True,60,2026-09-28 09:16:51.912,18320.0,69.0,266.528438,20260928_047040_E002,2026-09-28 09:18:25.459,18340.0,69.0,172.981611,592.0541219711304,39,0.10723860589812334,1.2472885032537961,False,False,,,,,,,-0.16042780748663102,15.151118040084839,0.10723860589812334,30.963372707366943,1.2472885032537961,62.605398654937744,1.8548827059465356,125.81689095497131,1.9661387220098308,172.81587982177734,1.6884531590413945,297.7065782546997,0.10666568951810639,30.963372707366943,0.2137894174238375,62.605398654937744,-0.05824540303318099,125.81689095497131,-0.0038384389417772946,157.39640355110168,0.1049754892410301,297.7065782546997
2026-09-28 09:21:18,v2.3.1,MAIN,MAIN,MAIN,2026-09-28 09:21:18.464,True,KOSDAQ,178320,서진시스템,37200.0,16.02,1055730,37113000000.0,39273156000.0,37113000000.0,ACTUAL,10,37500.0,0.8,1.1558801544786346,1.097478065616034,76,29,22,16,9,True,60,2026-09-28 09:12:43.744,35500.0,64.0,514.71952,20260928_178320_E002,2026-09-28 09:13:14.761,35650.0,63.0,483.702992,592.0541219711304,39,0.2695417789757413,-0.1342281879194631,True,False,,,,,,,-0.1342281879194631,15.151118040084839,0.2695417789757413,30.963372707366943,-0.1342281879194631,62.605398654937744,0.8130081300813009,125.81689095497131,0.8130081300813009,172.81587982177734,1.9178082191780823,297.7065782546997,-0.2666666666666666,30.963372707366943,0.5322623828647925,62.605398654937744,0.8,125.81689095497131,0.8,172.81587982177734,0.526775956284153,297.7065782546997
2026-09-28 09:21:34,v2.3.1,MAIN,MAIN,MAIN,2026-09-28 09:21:34.251,True,KOSPI,047040,대우건설,18770.0,7.45,2307879,41144000000.0,43318888830.0,41144000000.0,ACTUAL,27,18780.0,0.05324813631522897,1.1950043566656985,1.1295834222494572,79,29,25,16,9,True,60,2026-09-28 09:16:51.912,18320.0,69.0,282.338461,20260928_047040_E002,2026-09-28 09:18:25.459,18340.0,69.0,188.791634,594.1575300693512,39,0.37433155080213903,1.022604951560818,False,False,,,,,,,0.5356186395286556,17.300618648529053,0.37433155080213903,32.45173668861389,1.022604951560818,64.05721712112427,2.010869565217391,127.3983507156372,2.3446019629225736,174.69702219963074,2.1774632553075666,299.47387504577637,0.05324813631522897,32.45173668861389,-0.0005442251694402003,64.05721712112427,0.05324813631522897,127.3983507156372,-0.1643797200503858,174.69702219963074,-0.0011588277761747298,299.47387504577637
2026-09-28 09:23:41,v2.3.1,MAIN,MAIN,MAIN,2026-09-28 09:23:41.592,True,KOSPI,066570,LG전자,219500.0,5.26,244679,155317000000.0,53707040500.0,155317000000.0,ACTUAL,9,220000.0,0.22727272727272727,1.041836597799839,1.0882360789895036,79,40,25,5,9,True,60,2026-09-28 09:21:51.033,219500.0,74.0,110.559463,20260928_066570_E002,2026-09-28 09:23:26.103,219500.0,79.0,15.489842,596.0059673786163,39,0.228310502283105,-0.22727272727272727,True,False,,,,,,,0.228310502283105,15.626379251480103,0.228310502283105,31.620254278182983,-0.22727272727272727,63.62195897102356,0.4576659038901602,125.94626879692078,0.4576659038901602,174.21026015281677,0.9195402298850575,300.6432909965515,0.0,47.73730969429016,0.22727272727272727,63.62195897102356,0.0,95.0696210861206,,,,
2026-09-28 09:24:36,v2.3.1,MAIN,MAIN,MAIN,2026-09-28 09:24:36.890,True,KOSPI,047040,대우건설,18750.0,7.63,2777371,50387000000.0,52075706250.0,50387000000.0,ACTUAL,27,18820.0,0.37194473963868224,1.0541654462529813,1.0545001626910195,78,33,25,11,9,True,60,2026-09-28 09:16:51.912,18320.0,69.0,464.977902,20260928_047040_E002,2026-09-28 09:18:25.459,18340.0,69.0,371.431075,588.7159926891327,38,0.5361930294906166,0.5361930294906166,False,False,,,,,,,0.267379679144385,17.71482515335083,0.5361930294906166,38.77723932266235,0.5361930294906166,56.013113021850586,0.05336179295624333,119.63507199287415,-0.10655301012253596,181.95938181877136,1.9021739130434785,293.6112298965454,-0.5313496280552604,38.77723932266235,-0.5313496280552604,56.013113021850586,-0.05313496280552604,119.63507199287415,0.3186966033234533,181.95938181877136,0.31762643436980664,293.6112298965454
2026-09-28 09:24:54,v2.3.1,MAIN,MAIN,MAIN,2026-09-28 09:24:54.415,True,KOSPI,047040,대우건설,18730.0,7.57,2790517,50816000000.0,52266383410.0,50816000000.0,ACTUAL,27,18820.0,0.4782146652497344,1.0539458674686302,1.0501095448938382,78,33,25,11,9,True,60,2026-09-28 09:16:51.912,18320.0,69.0,482.502688,20260928_047040_E002,2026-09-28 09:18:25.459,18340.0,69.0,388.955861,589.285572052002,38,0.16042780748663102,0.42895442359249336,False,False,,,,,,,-0.10666666666666667,15.86575961112976,0.16042780748663102,33.58058476448059,0.42895442359249336,54.642998933792114,0.0,119.61618232727051,-0.37234042553191493,182.6386878490448,1.7934782608695652,293.8230366706848,-0.15940488841657802,33.58058476448059,-0.4250797024442083,54.642998933792114,0.0,119.61618232727051,0.4782146652497344,182.6386878490448,0.4238963599808588,293.8230366706848
2026-09-28 09:26:44,v2.3.1,MAIN,MAIN,MAIN,2026-09-28 09:26:44.392,True,KOSPI,066570,LG전자,219000.0,5.02,268164,163957000000.0,58727916000.0,163957000000.0,ACTUAL,9,220000.0,0.45454545454545453,1.0254041714875386,1.0518503991056896,79,40,25,5,9,True,60,2026-09-28 09:21:51.033,219500.0,74.0,293.358579,20260928_066570_E003,2026-09-28 09:26:32.608,219000.0,79.0,11.78388,596.1374051570892,38,0.0,-0.22779043280182232,False,False,,,,,,,0.0,16.24502968788147,0.0,32.42595028877258,-0.22779043280182232,63.93609118461609,-0.45454545454545453,114.62620544433594,-0.22779043280182232,186.50507807731628,0.0,297.26489329338074,,,0.22727272727272727,63.93609118461609,0.45454545454545453,114.62620544433594,0.22727272727272727,186.50507807731628,0.22727272727272727,281.5746991634369
2026-09-28 09:27:16,v2.3.1,MAIN,MAIN,MAIN,2026-09-28 09:27:16.446,True,KOSPI,047040,대우건설,18870.0,8.2,3223942,58677000000.0,60835785540.0,58677000000.0,ACTUAL,25,18920.0,0.2642706131078224,1.10661210018105,1.1084529308174025,78,33,25,11,9,True,60,2026-09-28 09:16:51.912,18320.0,69.0,624.533127,20260928_047040_E002,2026-09-28 09:18:25.459,18340.0,69.0,530.9863,595.6696362495422,38,0.8012820512820512,0.8012820512820512,False,False,,,,,,,0.5327650506126799,15.387191772460938,0.8012820512820512,30.700459480285645,0.8012820512820512,63.12640976905823,0.9630818619582664,127.85763311386108,0.9090909090909091,178.90724968910217,0.64,296.4413831233978,-0.267079014947438,30.700459480285645,-0.267079014947438,63.12640976905823,-0.4264839033640161,127.85763311386108,-0.37334894055849,178.90724968910217,-0.10767412653085984,296.4413831233978
2026-09-28 09:27:30,v2.3.1,MAIN,MAIN,MAIN,2026-09-28 09:27:30.698,True,KOSPI,047040,대우건설,18880.0,8.31,3291997,59547000000.0,62152903360.0,59547000000.0,ACTUAL,25,18920.0,0.21141649048625794,1.1230197646348823,1.1318515416505932,78,33,25,11,9,True,60,2026-09-28 09:16:51.912,18320.0,69.0,638.785712,20260928_047040_E002,2026-09-28 09:18:25.459,18340.0,69.0,545.238885,595.3076832294464,38,0.5860415556739478,0.8547008547008548,False,False,,,,,,,0.052994170641229466,15.217300176620483,0.5860415556739478,30.60449194908142,0.8547008547008548,62.1627893447876,1.1247991430101767,126.95836520195007,0.6933333333333334,176.40972471237183,0.7470651013874066,296.044796705246,-0.05425832354137228,30.60449194908142,-0.3199331375690025,62.1627893447876,-0.5856079515966326,126.95836520195007,-0.1605282491524243,176.40972471237183,-0.21366321195795035,296.044796705246
2026-09-28 09:27:45,v2.3.1,MAIN,MAIN,MAIN,2026-09-28 09:27:45.277,True,KOSPI,047040,대우건설,18830.0,8.03,3323437,60771000000.0,62580318710.0,60771000000.0,ACTUAL,25,18920.0,0.47568710359408034,1.1296774793196394,1.1276201081531516,78,33,25,11,9,True,60,2026-09-28 09:16:51.912,18320.0,69.0,653.364712,20260928_047040_E002,2026-09-28 09:18:25.459,18340.0,69.0,559.817885,594.6635706424713,38,-0.21197668256491786,0.5876068376068376,False,False,,,,,,,-0.26483050847457623,15.254287242889404,-0.21197668256491786,30.471587419509888,0.5876068376068376,61.17204689979553,0.6951871657754011,125.10813808441162,0.5339028296849974,175.79825234413147,0.5339028296849974,295.414434671402,0.21141649048625794,30.471587419509888,-0.055662524461180085,61.17204689979553,-0.16193245007223206,125.10813808441162,-0.0025275616556540426,175.79825234413147,-0.0025275616556540426,295.414434671402
2026-09-28 09:28:01,v2.3.1,MAIN,MAIN,MAIN,2026-09-28 09:28:01.029,True,KOSPI,047040,대우건설,18830.0,8.14,3351505,61195000000.0,63108839150.0,61195000000.0,ACTUAL,25,18920.0,0.47568710359408034,1.1340177529047681,1.1122540243026229,78,33,25,11,9,True,60,2026-09-28 09:16:51.912,18320.0,69.0,669.116755,20260928_047040_E002,2026-09-28 09:18:25.459,18340.0,69.0,575.569928,594.4758834838867,38,-0.26483050847457623,0.31965903036760784,False,False,,,,,,,0.0,15.704434633255005,-0.26483050847457623,30.95872187614441,0.31965903036760784,61.56321382522583,0.4266666666666667,124.59851408004761,0.7490636704119851,174.03365516662598,0.3731343283582089,295.0018138885498,0.2642706131078224,30.95872187614441,0.21001228956645013,61.56321382522583,0.1037423639553981,124.59851408004761,-0.21506741287775816,174.03365516662598,0.15687732676092414,295.0018138885498
2026-09-28 09:28:15,v2.3.1,MAIN,MAIN,MAIN,2026-09-28 09:28:15.649,True,KOSPI,047040,대우건설,18740.0,7.91,3373627,61647000000.0,63221769980.0,61647000000.0,ACTUAL,25,18920.0,0.9513742071881607,1.1423938624613161,1.1195955868321799,75,33,22,11,9,True,60,2026-09-28 09:16:51.912,18320.0,69.0,683.736117,20260928_047040_E002,2026-09-28 09:18:25.459,18340.0,69.0,590.18929,595.031406879425,38,-0.4779607010090282,-0.688924218335983,False,False,,,,,,,-0.4779607010090282,15.587080001831055,-0.4779607010090282,31.29151463508606,-0.688924218335983,61.76310205459595,0.10683760683760685,124.88951182365417,0.3749330476700589,173.50416707992554,0.26752273943285176,294.595018863678,0.47568710359408034,31.29151463508606,0.6871035940803383,61.76310205459595,0.42002457913290026,124.88951182365417,0.1543497651052701,173.50416707992554,0.2606196907163222,294.595018863678
2026-09-28 09:30:05,v2.3.1,MAIN,MAIN,MAIN,2026-09-28 09:30:05.336,True,KOSPI,096770,SK이노베이션,159700.0,6.64,341908,82165000000.0,54602707600.0,82165000000.0,ACTUAL,21,159800.0,0.0625782227784731,1.0378037690092456,1.0985525406846917,76,37,25,5,9,False,60,2026-09-28 09:10:24.066,158400.0,63.0,1181.270271,20260928_096770_E001,2026-09-28 09:10:24.066,158400.0,63.0,1181.270271,593.746829032898,38,0.630119722747322,0.6935687263556116,True,False,,,,,,,0.314070351758794,15.507520198822021,0.630119722747322,31.40355634689331,0.6935687263556116,62.70033264160156,0.5667506297229219,124.51298332214355,0.7570977917981072,186.07619714736938,0.9481668773704173,298.54663848876953,-0.43898917534064924,31.40355634689331,-0.5016851001055393,62.70033264160156,-0.3762932505757589,124.51298332214355,-0.5643810248704296,186.07619714736938,-0.7524687991651006,298.54663848876953
2026-09-28 09:30:24,v2.3.1,MAIN,MAIN,MAIN,2026-09-28 09:30:24.952,True,KOSPI,096770,SK이노베이션,160200.0,7.51,391956,98939000000.0,62791351200.0,98939000000.0,ACTUAL,19,160700.0,0.3111387678904792,1.246208686013704,1.2552674308004188,90,37,25,16,12,False,60,2026-09-28 09:10:24.066,158400.0,63.0,1200.886415,20260928_096770_E001,2026-09-28 09:10:24.066,158400.0,63.0,1200.886415,595.8485066890717,38,0.628140703517588,1.0725552050473186,True,False,,,,,,,0.31308703819661865,17.950477838516235,0.628140703517588,33.45799803733826,1.0725552050473186,64.96173620223999,1.008827238335435,126.87638115882874,0.8816120906801008,173.4221830368042,1.2642225031605563,300.3805482387543,0.12305099359580832,33.45799803733826,-0.3158204797584236,64.96173620223999,-0.2531245549935333,126.87638115882874,-0.12773270546375282,173.4221830368042,-0.5039082540530946,300.3805482387543
2026-09-28 09:30:38,v2.3.1,MAIN,MAIN,MAIN,2026-09-28 09:30:38.562,True,KOSPI,096770,SK이노베이션,159900.0,7.44,393203,99633000000.0,62873159700.0,99633000000.0,ACTUAL,19,160700.0,0.49782202862476665,1.2522057160093507,1.254500149951824,90,37,25,16,12,False,60,2026-09-28 09:10:24.066,158400.0,63.0,1214.496463,20260928_096770_E001,2026-09-28 09:10:24.066,158400.0,63.0,1214.496463,595.0911071300507,38,0.12523481527864747,0.7561436672967864,True,False,,,,,,,-0.18726591760299627,15.035826206207275,0.12523481527864747,32.98630404472351,0.7561436672967864,64.38986039161682,0.8832807570977917,126.08486247062683,0.7561436672967864,173.20372200012207,1.0745891276864727,298.3118600845337,0.4352438058462936,32.98630404472351,-0.003745369494355666,64.38986039161682,-0.1291372190241361,126.08486247062683,-0.003745369494355666,173.20372200012207,-0.31722499331880705,298.3118600845337
2026-09-28 09:30:54,v2.3.1,MAIN,MAIN,MAIN,2026-09-28 09:30:54.718,True,KOSPI,096770,SK이노베이션,160200.0,7.24,394370,100037000000.0,63178074000.0,100037000000.0,ACTUAL,19,160700.0,0.3111387678904792,1.2347807840426583,1.229716245712504,93,40,25,16,12,False,60,2026-09-28 09:10:24.066,158400.0,63.0,1230.652579,20260928_096770_E001,2026-09-28 09:10:24.066,158400.0,63.0,1230.652579,594.9042053222656,38,0.0,0.628140703517588,True,False,,,,,,,0.18761726078799248,15.62535285949707,0.0,30.661179065704346,0.628140703517588,64.1191771030426,0.945179584120983,126.50238990783691,0.8816120906801008,173.12464022636414,1.2642225031605563,297.72315430641174,0.0,30.661179065704346,0.12305099359580832,64.1191771030426,-0.19042863022864315,126.50238990783691,-0.12773270546375282,173.12464022636414,-0.5039082540530946,297.72315430641174
2026-09-28 09:31:09,v2.3.1,MAIN,MAIN,MAIN,2026-09-28 09:31:09.469,True,KOSPI,096770,SK이노베이션,160500.0,7.57,395674,100573000000.0,63505677000.0,100573000000.0,ACTUAL,19,160700.0,0.12445550715619166,1.2240369987220836,1.157252828246195,93,40,25,16,12,False,60,2026-09-28 09:10:24.066,158400.0,63.0,1245.403242,20260928_096770_E001,2026-09-28 09:10:24.066,158400.0,63.0,1245.403242,594.916051864624,38,0.37523452157598497,0.5009392611145899,True,False,,,,,,,0.18726591760299627,15.162964582443237,0.37523452157598497,30.788317441940308,0.5009392611145899,63.77462148666382,1.1979823455233292,126.47495412826538,1.1979823455233292,172.70052480697632,1.1342155009451798,297.5900366306305,-0.37336652146857496,30.788317441940308,0.06187728437771857,63.77462148666382,-0.4398078157278208,126.47495412826538,-0.4398078157278208,172.70052480697632,-0.37711189096293063,297.5900366306305
2026-09-28 09:33:30,v2.3.1,MAIN,MAIN,MAIN,2026-09-28 09:33:30.925,True,KOSPI,096770,SK이노베이션,160900.0,7.98,434522,109396000000.0,69914589800.0,109396000000.0,ACTUAL,17,161200.0,0.18610421836228289,1.0573237326632194,1.0610001465058359,85,40,25,11,9,False,60,2026-09-28 09:10:24.066,158400.0,63.0,1386.859341,20260928_096770_E001,2026-09-28 09:10:24.066,158400.0,63.0,1386.859341,592.1134078502655,38,0.4369538077403246,0.4369538077403246,True,False,,,,,,,0.12445550715619166,15.557219982147217,0.4369538077403246,31.22443461418152,0.4369538077403246,62.97976112365723,0.37429819089207733,124.71236729621887,0.4369538077403246,186.2683870792389,1.5141955835962144,297.31742334365845,-0.1250345495281963,31.22443461418152,-0.1250345495281963,62.97976112365723,-0.06280679595010044,124.71236729621887,-0.1250345495281963,186.2683870792389,-0.4408550292866199,297.31742334365845
2026-09-28 09:33:45,v2.3.1,MAIN,MAIN,MAIN,2026-09-28 09:33:45.578,True,KOSPI,096770,SK이노베이션,161100.0,7.84,438313,110808000000.0,70612224300.0,110808000000.0,ACTUAL,17,161200.0,0.062034739454094295,1.0609728073535043,1.065376650397651,85,40,25,11,9,False,60,2026-09-28 09:10:24.066,158400.0,63.0,1401.511752,20260928_096770_E001,2026-09-28 09:10:24.066,158400.0,63.0,1401.511752,590.6420252323151,38,0.24891101431238333,0.4364089775561097,True,False,,,,,,,0.1243008079552517,15.764491081237793,0.24891101431238333,31.32171106338501,0.4364089775561097,62.80501365661621,0.4990642545227698,124.6145875453949,0.7504690431519699,186.9970519542694,1.5122873345935728,297.87408900260925,0.062034739454094295,31.32171106338501,-0.12464852128019319,62.80501365661621,-0.18687627485828903,124.6145875453949,-0.43578728917067233,186.9970519542694,-0.439532658665028,297.87408900260925
2026-09-28 09:34:02,v2.3.1,MAIN,MAIN,MAIN,2026-09-28 09:34:02.182,True,KOSPI,096770,SK이노베이션,160900.0,7.91,441916,111864000000.0,71104284400.0,111864000000.0,ACTUAL,17,161200.0,0.18610421836228289,1.0653308445392558,1.067414481915721,85,40,25,11,9,False,60,2026-09-28 09:10:24.066,158400.0,63.0,1418.115816,20260928_096770_E001,2026-09-28 09:10:24.066,158400.0,63.0,1418.115816,585.229594707489,38,0.0,0.4369538077403246,True,False,,,,,,,-0.12414649286157665,15.649983644485474,0.0,31.414474725723267,0.4369538077403246,62.638909339904785,0.49968769519050593,125.24103140830994,0.4369538077403246,187.0216827392578,1.450189155107188,298.33367228507996,0.0,31.414474725723267,-0.1250345495281963,62.638909339904785,-0.18726230310629208,125.24103140830994,-0.1250345495281963,187.0216827392578,-0.3781591045217296,298.33367228507996
2026-09-28 09:34:16,v2.3.1,MAIN,MAIN,MAIN,2026-09-28 09:34:16.894,True,KOSPI,096770,SK이노베이션,160900.0,7.84,442965,112488000000.0,71273068500.0,112488000000.0,ACTUAL,18,161200.0,0.18610421836228289,1.0544728479428556,1.0496552214402501,80,40,25,11,4,False,60,2026-09-28 09:10:24.066,158400.0,63.0,1432.828374,20260928_096770_E001,2026-09-28 09:10:24.066,158400.0,63.0,1432.828374,583.1320583820343,38,-0.12414649286157665,0.12445550715619166,True,False,,,,,,,0.0,15.617288827896118,-0.12414649286157665,31.267272472381592,0.12445550715619166,62.5889835357666,0.4369538077403246,125.84076476097107,0.24922118380062305,187.4760069847107,1.5141955835962144,298.26188683509827,0.12406947890818859,31.267272472381592,0.18610421836228289,62.5889835357666,-0.1250345495281963,125.84076476097107,0.06164871120609122,187.4760069847107,-0.4408550292866199,298.26188683509827
2026-09-28 09:37:27,v2.3.1,MAIN,MAIN,MAIN,2026-09-28 09:37:27.380,True,KOSPI,047040,대우건설,18920.0,8.2,4317060,77525000000.0,81678775200.0,77525000000.0,ACTUAL,24,18930.0,0.05282620179609086,1.0329917787045797,1.0558579490910869,76,37,25,5,9,False,60,2026-09-28 09:16:51.912,18320.0,69.0,1235.46714,20260928_047040_E002,2026-09-28 09:18:25.459,18340.0,69.0,1141.920313,593.9059162139893,39,0.4779607010090282,0.7991475759190196,False,False,,,,,,,0.2649708532061473,15.064842462539673,0.4779607010090282,30.787447214126587,0.7991475759190196,62.701690673828125,1.284796573875803,125.90075731277466,1.611170784103115,187.18358254432678,1.2306046013911183,297.1951072216034,-0.42286090179798946,30.787447214126587,-0.7399856375273763,62.701690673828125,-1.2156727411214567,125.90075731277466,-1.5327974768508437,187.18358254432678,-1.1628186184998923,297.1951072216034
2026-09-28 09:37:43,v2.3.1,MAIN,MAIN,MAIN,2026-09-28 09:37:43.836,True,KOSPI,047040,대우건설,18900.0,8.54,4363059,79992000000.0,82461815100.0,79992000000.0,ACTUAL,24,18940.0,0.21119324181626187,1.0599599825089112,1.058301869309855,82,37,25,11,9,False,60,2026-09-28 09:16:51.912,18320.0,69.0,1251.923724,20260928_047040_E002,2026-09-28 09:18:25.459,18340.0,69.0,1158.376897,594.6462047100067,39,0.1589825119236884,0.4784688995215311,False,False,,,,,,,-0.10570824524312897,15.99457573890686,0.1589825119236884,31.059418201446533,0.4784688995215311,62.95540738105774,1.1235955056179776,125.9285626411438,1.4492753623188406,187.4672544002533,1.3404825737265416,297.25044441223145,-0.05307737129156054,31.059418201446533,-0.37020210702094747,62.95540738105774,-1.0044515784797212,125.9285626411438,-1.3215763142091081,187.4672544002533,-1.215868068965979,297.25044441223145
2026-09-28 09:37:59,v2.3.1,MAIN,MAIN,MAIN,2026-09-28 09:37:59.918,True,KOSPI,047040,대우건설,18920.0,8.43,4386430,80671000000.0,82991255600.0,80671000000.0,ACTUAL,24,18940.0,0.10559662090813093,1.0574256127932888,1.056956821787465,82,37,25,11,9,False,60,2026-09-28 09:16:51.912,18320.0,69.0,1268.00521,20260928_047040_E002,2026-09-28 09:18:25.459,18340.0,69.0,1174.458383,595.4610638618469,39,0.0,0.4779607010090282,False,False,,,,,,,0.10582010582010583,16.519293785095215,0.0,32.513869524002075,0.4779607010090282,63.30131673812866,1.284796573875803,126.86080598831177,1.284796573875803,173.56176042556763,1.6657710908113916,297.95365023612976,0.05277041911204007,32.513869524002075,-0.3700904826859494,63.30131673812866,-1.1629023220094166,126.86080598831177,-1.1629023220094166,173.56176042556763,-1.5328811803603681,297.95365023612976
2026-09-28 09:38:18,v2.3.1,MAIN,MAIN,MAIN,2026-09-28 09:38:18.024,True,KOSPI,047040,대우건설,18920.0,8.54,4412966,81201000000.0,83493316720.0,81201000000.0,ACTUAL,24,18940.0,0.10559662090813093,1.059097430546498,1.0501176245504305,82,37,25,11,9,False,60,2026-09-28 09:16:51.912,18320.0,69.0,1286.111162,20260928_047040_E002,2026-09-28 09:18:25.459,18340.0,69.0,1192.564335,596.3443813323975,39,0.10582010582010583,0.2649708532061473,False,False,,,,,,,0.0,16.470397472381592,0.10582010582010583,32.98969125747681,0.2649708532061473,64.04910945892334,0.7991475759190196,127.76316261291504,1.284796573875803,174.88502430915833,1.7751479289940828,298.75683307647705,-0.10559662090813093,32.98969125747681,-0.15867399219969147,64.04910945892334,-0.6872152184153363,127.76316261291504,-1.1629023220094166,174.88502430915833,-1.638589425603497,298.75683307647705
2026-09-28 09:38:35,v2.3.1,MAIN,MAIN,MAIN,2026-09-28 09:38:35.542,True,KOSPI,047040,대우건설,18910.0,8.54,4430266,81568000000.0,83776330060.0,81568000000.0,ACTUAL,24,18940.0,0.15839493136219643,1.0521509190583682,1.026222938759248,77,37,25,11,4,False,60,2026-09-28 09:16:51.912,18320.0,69.0,1303.629237,20260928_047040_E002,2026-09-28 09:18:25.459,18340.0,69.0,1210.08241,598.1877255439758,39,-0.052854122621564484,-0.052854122621564484,False,False,,,,,,,-0.052854122621564484,17.67068910598755,-0.052854122621564484,34.14108657836914,-0.052854122621564484,66.65495610237122,0.531632110579479,113.6157877445221,1.177100053504548,176.58894300460815,1.5574650912996777,300.8703022003174,0.052798310454065495,34.14108657836914,0.10556872956610557,66.65495610237122,-0.42300041747501294,113.6157877445221,-1.0572498889337867,176.58894300460815,-1.427228747284738,300.8703022003174
2026-09-28 09:38:35,v2.3.1,MAIN,MAIN,MAIN,2026-09-28 09:38:35.575,True,KOSDAQ,115440,우리넷,13140.0,7.76,6030766,74427000000.0,79244265240.0,74427000000.0,ACTUAL,4,13340.0,1.4992503748125936,1.0510209845510774,1.0559659136175512,76,37,19,11,9,False,60,2026-09-28 09:07:47.686,12750.0,63.0,1847.889615,20260928_115440_E005,2026-09-28 09:37:12.431,12960.0,65.0,83.143849,598.1877255439758,32,0.3053435114503817,1.3888888888888888,True,False,,,,,,,0.45871559633027525,17.67068910598755,0.3053435114503817,34.14108657836914,1.3888888888888888,66.65495610237122,4.952076677316294,113.6157877445221,5.0359712230215825,176.58894300460815,4.701195219123506,300.8703022003174,-0.2998500749625188,34.14108657836914,-1.3493253373313345,66.65495610237122,,,,,,
2026-09-28 09:39:29,v2.3.1,MAIN,MAIN,MAIN,2026-09-28 09:39:29.319,True,KOSPI,047040,대우건설,19090.0,9.35,4795687,88316000000.0,91549664830.0,88316000000.0,ACTUAL,24,19100.0,0.052356020942408384,1.087622073619783,1.0867264782914712,82,37,25,11,9,False,60,2026-09-28 09:16:51.912,18320.0,69.0,1357.406362,20260928_047040_E002,2026-09-28 09:18:25.459,18340.0,69.0,1263.859535,591.2251226902008,38,0.8452192287374538,0.9518773135906927,False,False,,,,,,,0.5795574288724974,17.729546546936035,0.8452192287374538,35.503220558166504,0.9518773135906927,54.732399225234985,0.8985200845665962,121.3873553276062,1.7048481619605753,184.08904600143433,2.4691358024691357,292.86003398895264,-0.00044228951165708325,35.503220558166504,-0.10603891041978805,54.732399225234985,-0.00047018085368247947,121.3873553276062,-0.7404558183810588,184.08904600143433,-1.4804135350829617,292.86003398895264
2026-09-28 09:39:47,v2.3.1,MAIN,MAIN,MAIN,2026-09-28 09:39:47.700,True,KOSPI,047040,대우건설,19080.0,9.46,4845923,89392000000.0,92460210840.0,89392000000.0,ACTUAL,24,19100.0,0.10471204188481677,1.0959199686151433,1.0938221316733578,82,37,25,11,9,False,60,2026-09-28 09:16:51.912,18320.0,69.0,1375.787479,20260928_047040_E002,2026-09-28 09:18:25.459,18340.0,69.0,1282.240652,591.866087436676,38,0.5268703898840885,0.7923930269413629,False,False,,,,,,,-0.05238344683080147,16.53700089454651,0.5268703898840885,34.266547441482544,0.7923930269413629,52.04022145271301,0.9523809523809524,121.92978048324585,1.4354066985645932,184.8851878643036,2.2508038585209005,294.0764684677124,0.10471204188481677,34.266547441482544,0.0519137314307513,52.04022145271301,-0.1064811999314451,121.92978048324585,-0.4766833069523926,184.8851878643036,-1.2694951462758597,294.0764684677124
2026-09-28 09:40:06,v2.3.1,MAIN,MAIN,MAIN,2026-09-28 09:40:06.188,True,KOSPI,047040,대우건설,19040.0,9.17,4901405,90483000000.0,93322751200.0,90483000000.0,ACTUAL,23,19100.0,0.31413612565445026,1.0945480058548152,1.0853125568103437,82,37,25,11,9,False,60,2026-09-28 09:16:51.912,18320.0,69.0,1394.275598,20260928_047040_E002,2026-09-28 09:18:25.459,18340.0,69.0,1300.728771,594.7650520801544,38,-0.26191723415400736,0.31612223393045313,False,False,,,,,,,-0.20964360587002098,18.406484842300415,-0.26191723415400736,34.943485736846924,0.31612223393045313,52.67303228378296,0.6342494714587738,123.81697154045105,1.1152416356877324,187.1182882785797,1.9271948608137044,297.3787319660187,0.2617801047120419,34.943485736846924,0.31413612565445026,52.67303228378296,0.20853950474631933,123.81697154045105,-0.16155097793963008,187.1182882785797,-0.9543628172630972,297.3787319660187
2026-09-28 09:40:23,v2.3.1,MAIN,MAIN,MAIN,2026-09-28 09:40:23.889,True,KOSPI,047040,대우건설,19040.0,9.17,4937347,90969000000.0,94007086880.0,90969000000.0,ACTUAL,23,19100.0,0.31413612565445026,1.0863915925240342,1.0767096825968665,82,37,25,11,9,False,60,2026-09-28 09:16:51.912,18320.0,69.0,1411.976685,20260928_047040_E002,2026-09-28 09:18:25.459,18340.0,69.0,1318.429858,595.3193612098694,38,-0.20964360587002098,-0.26191723415400736,False,False,,,,,,,0.0,18.5047869682312,-0.20964360587002098,36.911271810531616,-0.26191723415400736,53.448272705078125,0.6342494714587738,125.85136103630066,0.6342494714587738,174.83562803268433,1.9271948608137044,300.736385345459,0.2094240837696335,36.911271810531616,0.2617801047120419,53.448272705078125,0.20853950474631933,125.85136103630066,0.2613099238583594,174.83562803268433,-0.9543628172630972,300.736385345459
2026-09-28 09:41:53,v2.3.1,MAIN,MAIN,MAIN,2026-09-28 09:41:53.447,True,KOSPI,047040,대우건설,19095.0,9.4,5241242,96765000000.0,100081515990.0,96765000000.0,ACTUAL,22,19100.0,0.026178010471204192,1.0530181841924848,1.0520422748515696,82,37,25,11,9,False,60,2026-09-28 09:16:51.912,18320.0,69.0,1501.534974,20260928_047040_E002,2026-09-28 09:18:25.459,18340.0,69.0,1407.988147,592.9797551631927,37,0.18363064008394542,0.34156594850236466,False,False,,,,,,,0.13109596224436287,17.863411903381348,0.18363064008394542,35.341707944869995,0.34156594850236466,54.333953619003296,0.07861635220125787,127.0134961605072,0.8716323296354992,179.05371761322021,1.4073287307488052,295.7252995967865,-0.18324607329842935,35.341707944869995,-0.3403141361256544,54.333953619003296,-0.07853403141361258,127.0134961605072,-0.026620299982861275,179.05371761322021,-0.4495090931228761,295.7252995967865
2026-09-28 09:42:10,v2.3.1,MAIN,MAIN,MAIN,2026-09-28 09:42:10.827,True,KOSPI,047040,대우건설,19140.0,9.81,5298981,97940000000.0,101422496340.0,97940000000.0,ACTUAL,22,19150.0,0.05221932114882506,1.056218792800371,1.0493902365364571,77,37,25,11,4,False,60,2026-09-28 09:16:51.912,18320.0,69.0,1518.914788,20260928_047040_E002,2026-09-28 09:18:25.459,18340.0,69.0,1425.367961,595.0972437858582,37,0.36706869428421607,0.4197271773347324,False,False,,,,,,,0.2356637863315004,17.13504409790039,0.36706869428421607,34.99845600128174,0.4197271773347324,52.476752042770386,0.5252100840336135,125.74205541610718,0.8429926238145415,178.41508769989014,1.4308426073131957,297.1377389431,-0.10484874167840007,34.99845600128174,-0.15720476262080846,52.476752042770386,-0.2619168045056252,125.74205541610718,0.05221932114882506,178.41508769989014,-0.21205129195899736,297.1377389431
2026-09-28 09:42:42,v2.3.1,MAIN,MAIN,MAIN,2026-09-28 09:42:42.856,True,KOSPI,047040,대우건설,19180.0,10.26,5520845,101965000000.0,105889807100.0,101965000000.0,ACTUAL,22,19240.0,0.31185031185031187,1.0750811859474505,1.0734578016771377,85,40,25,11,9,False,60,2026-09-28 09:16:51.912,18320.0,69.0,1550.943613,20260928_047040_E002,2026-09-28 09:18:25.459,18340.0,69.0,1457.396786,596.7018396854401,37,0.20898641588296762,0.5768222338751966,False,False,,,,,,,0.20898641588296762,15.982093095779419,0.20898641588296762,33.373074531555176,0.5768222338751966,68.37153053283691,0.7352941176470588,122.93479585647583,0.5241090146750524,177.52161478996277,1.4814814814814816,299.4513952732086,0.2596309907014868,33.373074531555176,0.15478224902308674,68.37153053283691,-0.0022858138041383924,122.93479585647583,0.20713826996549511,177.52161478996277,0.10065707003405,299.4513952732086
2026-09-28 09:42:58,v2.3.1,MAIN,MAIN,MAIN,2026-09-28 09:42:58.573,True,KOSPI,047040,대우건설,19190.0,9.98,5567291,103134000000.0,106836314290.0,103134000000.0,ACTUAL,22,19240.0,0.2598752598752599,1.0658192528290187,1.0622083468002432,85,40,25,11,9,False,60,2026-09-28 09:16:51.912,18320.0,69.0,1566.660346,20260928_047040_E002,2026-09-28 09:18:25.459,18340.0,69.0,1473.113519,596.9431507587433,37,0.2612330198537095,0.4975124378109453,False,False,,,,,,,0.05213764337851929,16.057399034500122,0.2612330198537095,32.03949213027954,0.4975124378109453,66.56551766395569,0.8407777193904361,120.89947128295898,0.7878151260504201,175.17252898216248,1.427061310782241,298.9895005226135,0.20765593872643484,32.03949213027954,0.2336972494040557,66.56551766395569,-0.10661688672159875,120.89947128295898,-0.05426086577919037,175.17252898216248,0.15427863896712896,298.9895005226135
2026-09-28 09:43:18,v2.3.1,MAIN,MAIN,MAIN,2026-09-28 09:43:18.398,True,KOSPI,047040,대우건설,19160.0,9.92,5618151,104220000000.0,107643773160.0,104220000000.0,ACTUAL,22,19240.0,0.4158004158004158,1.064120890341025,1.0602323352357745,85,40,25,11,9,False,60,2026-09-28 09:16:51.912,18320.0,69.0,1586.485057,20260928_047040_E002,2026-09-28 09:18:25.459,18340.0,69.0,1492.93823,596.9615716934204,37,-0.10427528675703858,0.10449320794148381,False,False,,,,,,,-0.1563314226159458,15.685635566711426,-0.10427528675703858,31.743034601211548,0.10449320794148381,65.11610913276672,0.5246589716684155,117.59286117553711,0.6302521008403361,172.3533775806427,1.2684989429175475,298.20473861694336,0.10395010395010396,31.743034601211548,0.3635810946515908,65.11610913276672,0.2063763320307823,117.59286117553711,0.10166429014596556,172.3533775806427,0.3102037948922849,298.20473861694336
2026-09-28 09:43:18,v2.3.1,MAIN,MAIN,MAIN,2026-09-28 09:43:18.420,True,KOSDAQ,396300,HT로보틱스,6300.0,5.16,10173724,60480000000.0,64094461200.0,60480000000.0,ACTUAL,8,6420.0,1.8691588785046727,1.3180778032036613,1.2572127649977727,84,33,19,20,12,False,60,2026-09-28 09:31:59.407,6370.0,63.0,679.013415,20260928_396300_E003,2026-09-28 09:42:59.620,6300.0,84.0,18.800062,596.9615716934204,11,0.1589825119236884,0.6389776357827476,True,False,,,,,,,0.6389776357827476,15.685635566711426,0.1589825119236884,31.743034601211548,0.6389776357827476,47.72512769699097,,,,,,,,,,,,,,,,
2026-09-28 09:43:37,v2.3.1,MAIN,MAIN,MAIN,2026-09-28 09:43:37.800,True,KOSPI,047040,대우건설,19200.0,9.92,5687657,105120000000.0,109203014400.0,105120000000.0,ACTUAL,22,19240.0,0.2079002079002079,1.065563800024328,1.0666465501898907,85,40,25,11,9,False,60,2026-09-28 09:16:51.912,18320.0,69.0,1605.887224,20260928_047040_E002,2026-09-28 09:18:25.459,18340.0,69.0,1512.340397,586.652259349823,36,0.05211047420531526,0.10427528675703858,False,False,,,,,,,0.20876826722338201,21.012398719787598,0.05211047420531526,36.69803428649902,0.10427528675703858,52.755433320999146,0.6816990036706869,121.12696385383606,0.8403361344537815,175.69022917747498,1.5335801163405607,301.5464482307434,-0.05197505197505198,36.69803428649902,-0.10395010395010396,52.755433320999146,0.05083214507298278,121.12696385383606,-0.10623591775424235,175.69022917747498,0.04950527653801148,301.5464482307434
2026-09-28 09:46:06,v2.3.1,MAIN,MAIN,MAIN,2026-09-28 09:46:05.370,True,KOSPI,009830,한화솔루션,33400.0,14.38,4136399,134070000000.0,138155726600.0,134070000000.0,ACTUAL,17,33500.0,0.2985074626865672,1.0514634375882297,1.050955766804841,85,40,25,11,9,False,60,2026-09-28 09:03:39.514,31150.0,66.0,2545.856369,20260928_009830_E002,2026-09-28 09:05:58.496,31550.0,68.0,2406.874253,594.1640219688416,35,0.6024096385542169,0.7541478129713424,True,False,,,,,,,0.4511278195488722,18.901210069656372,0.6024096385542169,37.57334351539612,0.7541478129713424,57.016218185424805,1.5197568389057752,128.98028993606567,1.984732824427481,183.88175630569458,1.3657056145675266,304.78122758865356,-0.5970149253731343,37.57334351539612,-0.7462686567164181,57.016218185424805,-1.492537313432836,128.98028993606567,-1.9402985074626864,183.88175630569458,-1.3432835820895521,304.78122758865356
2026-09-28 09:46:24,v2.3.1,MAIN,MAIN,MAIN,2026-09-28 09:46:24.715,True,KOSPI,009830,한화솔루션,33500.0,14.73,4213601,136454000000.0,141155633500.0,136454000000.0,ACTUAL,17,33500.0,0.0,1.0669387691273173,1.0579045430682488,85,40,25,11,9,False,60,2026-09-28 09:03:39.514,31150.0,66.0,2565.201518,20260928_009830_E002,2026-09-28 09:05:58.496,31550.0,68.0,2426.219402,597.4089205265045,35,0.7518796992481203,0.9036144578313252,True,False,,,,,,,0.29940119760479045,19.32210350036621,0.7518796992481203,38.22331357002258,0.9036144578313252,56.89544701576233,1.82370820668693,111.75495171546936,2.1341463414634148,187.51822423934937,1.669195751138088,305.1110854148865,-0.7462686567164178,38.22331357002258,-0.8955223880597015,56.89544701576233,-1.791044776119403,111.75495171546936,-2.0895522388059704,187.51822423934937,-1.6417910447761193,305.1110854148865
2026-09-28 09:46:41,v2.3.1,MAIN,MAIN,MAIN,2026-09-28 09:46:41.671,True,KOSPI,009830,한화솔루션,33500.0,14.9,4302249,139609000000.0,144125341500.0,139609000000.0,ACTUAL,16,33650.0,0.44576523031203563,1.073997999846142,1.07236178624894,85,40,25,11,9,False,60,2026-09-28 09:03:39.514,31150.0,66.0,2582.15691,20260928_009830_E002,2026-09-28 09:05:58.496,31550.0,68.0,2443.174794,584.1080701351166,34,0.29940119760479045,0.7518796992481203,True,False,,,,,,,0.0,18.6133930683136,0.29940119760479045,37.93549656867981,0.7518796992481203,56.83670663833618,1.361573373676248,112.80618000030518,1.97869101978691,185.11921858787537,1.669195751138088,306.2461824417114,0.14725776762546844,37.93549656867981,-0.3005034264043822,56.83670663833618,-0.8975183517775165,112.80618000030518,-1.4945332771506508,185.11921858787537,-1.1960258144640836,306.2461824417114
2026-09-28 09:46:58,v2.3.1,MAIN,MAIN,MAIN,2026-09-28 09:46:58.956,True,KOSPI,009830,한화솔루션,33550.0,14.9,4321345,140362000000.0,144981124750.0,140362000000.0,ACTUAL,15,33650.0,0.2971768202080238,1.0770234185568277,1.0742594329526451,85,40,25,11,9,False,60,2026-09-28 09:03:39.514,31150.0,66.0,2599.442014,20260928_009830_E002,2026-09-28 09:05:58.496,31550.0,68.0,2460.459898,585.3531556129456,34,0.1492537313432836,0.4491017964071856,True,False,,,,,,,0.1492537313432836,16.967690229415894,0.1492537313432836,35.58108329772949,0.4491017964071856,54.9031867980957,1.206636500754148,111.91940498352051,1.9756838905775076,183.88347673416138,1.9756838905775076,305.350460767746,0.2971768202080238,35.58108329772949,-0.00133064247854342,54.9031867980957,-0.7475992991949614,111.91940498352051,-1.4938679559113792,183.88347673416138,-1.4938679559113792,305.350460767746
2026-09-28 09:47:17,v2.3.1,MAIN,MAIN,MAIN,2026-09-28 09:47:17.073,True,KOSPI,009830,한화솔루션,33400.0,14.38,4354705,141451000000.0,145447147000.0,141451000000.0,ACTUAL,15,33650.0,0.7429420505200593,1.0550533303498173,1.052776823512432,82,40,22,11,9,False,60,2026-09-28 09:03:39.514,31150.0,66.0,2617.55925,20260928_009830_E002,2026-09-28 09:05:58.496,31550.0,68.0,2478.577134,587.5717694759369,34,-0.2985074626865672,-0.2985074626865672,True,False,,,,,,,-0.44709388971684055,17.283456325531006,-0.2985074626865672,34.2511465549469,-0.2985074626865672,52.8645396232605,0.7541478129713424,129.2028613090515,1.5197568389057752,182.9695394039154,1.3657056145675266,305.4988729953766,0.2971768202080237,34.2511465549469,0.7429420505200593,52.8645396232605,-0.30183406888292585,129.2028613090515,-1.0481027255993438,182.9695394039154,-0.8988489942560599,305.4988729953766
2026-09-28 09:48:25,v2.3.1,MAIN,MAIN,MAIN,2026-09-28 09:48:25.817,True,KOSDAQ,396300,HT로보틱스,6400.0,5.66,11011114,65920000000.0,70471129600.0,65920000000.0,ACTUAL,7,6420.0,0.3115264797507788,1.0655287233698638,1.067482602327148,78,33,25,11,9,False,60,2026-09-28 09:31:59.407,6370.0,63.0,986.410488,20260928_396300_E004,2026-09-28 09:48:08.926,6400.0,78.0,16.891221,535.1075642108917,18,2.4,2.2364217252396164,True,False,,,,,,,1.5873015873015872,17.055511713027954,2.4,34.514963150024414,2.2364217252396164,68.92315006256104,,,2.7287319422150884,178.68313670158386,1.5873015873015872,309.3059139251709,,,,,,,,,-1.5576323987538938,309.3059139251709
2026-09-28 09:50:21,v2.3.1,MAIN,MAIN,MAIN,2026-09-28 09:50:21.128,True,KOSDAQ,396300,HT로보틱스,6470.0,8.15,11860102,71477000000.0,76734859940.0,71477000000.0,ACTUAL,6,6520.0,0.7668711656441718,1.067203177257525,1.0637885543793986,79,37,22,11,9,False,60,2026-09-28 09:31:59.407,6370.0,63.0,1101.72056,20260928_396300_E004,2026-09-28 09:48:08.926,6400.0,78.0,132.201293,471.18934297561646,22,0.778816199376947,1.4106583072100314,True,False,,,,,,,0.4658385093167702,19.448928594589233,0.778816199376947,39.55368995666504,1.4106583072100314,57.55793118476868,1.09375,114.15830135345459,3.3546325878594248,183.08145141601562,3.8523274478330656,292.84143805503845,0.14767611920454327,39.55368995666504,0.1438182061426142,57.55793118476868,0.455344685893393,114.15830135345459,,,,
2026-09-28 09:50:33,v2.3.1,MAIN,MAIN,MAIN,2026-09-28 09:50:33.420,True,KOSDAQ,396300,HT로보틱스,6510.0,7.32,11954598,72234000000.0,77824432980.0,72234000000.0,ACTUAL,6,6520.0,0.15337423312883436,1.0728512230985163,1.0674289553255916,82,37,25,11,9,False,60,2026-09-28 09:31:59.407,6370.0,63.0,1114.012684,20260928_396300_E004,2026-09-28 09:48:08.926,6400.0,78.0,144.493417,490.26090574264526,23,1.0869565217391304,1.4018691588785046,True,False,,,,,,,0.6182380216383307,19.07156276702881,1.0869565217391304,38.52049136161804,1.4018691588785046,58.62525272369385,2.197802197802198,114.59411454200745,4.49438202247191,184.0366289615631,4.326923076923077,293.2408673763275,-1.0736196319018405,38.52049136161804,-0.46582081331079417,58.62525272369385,-0.6254419662481127,114.59411454200745,,,,
2026-09-28 09:50:58,v2.3.1,MAIN,MAIN,MAIN,2026-09-28 09:50:58.816,True,KOSDAQ,396300,HT로보틱스,6420.0,7.82,12076849,72751000000.0,77533370580.0,72751000000.0,ACTUAL,6,6520.0,1.5337423312883436,1.0753392260620214,1.0637030169573662,76,37,19,11,9,False,60,2026-09-28 09:31:59.407,6370.0,63.0,1139.408731,20260928_396300_E004,2026-09-28 09:48:08.926,6400.0,78.0,169.889464,506.24841690063477,24,-0.7727975270479135,-0.3105590062111801,True,False,,,,,,,-1.3824884792626728,15.987511157989502,-0.7727975270479135,35.05907392501831,-0.3105590062111801,54.508002519607544,1.1023622047244095,111.46786093711853,2.7199999999999998,183.73233842849731,2.8846153846153846,309.228378534317,0.7668711656441718,35.05907392501831,0.3067484662576687,54.508002519607544,0.44339965216061783,111.46786093711853,,,,
2026-09-28 09:51:19,v2.3.1,MAIN,MAIN,MAIN,2026-09-28 09:51:19.701,True,KOSDAQ,396300,HT로보틱스,6500.0,7.49,12258731,73549000000.0,79681751500.0,73549000000.0,ACTUAL,6,6520.0,0.3067484662576687,1.0578176012886709,1.0511499106944566,82,37,25,11,9,False,60,2026-09-28 09:31:59.407,6370.0,63.0,1160.293723,20260928_396300_E004,2026-09-28 09:48:08.926,6400.0,78.0,190.774456,527.946115732193,25,-0.15360983102918588,0.46367851622874806,True,False,,,,,,,1.2461059190031152,21.697698831558228,-0.15360983102918588,37.68520998954773,0.46367851622874806,56.75677275657654,1.8808777429467085,114.31470394134521,3.1746031746031744,187.97058582305908,,,0.15337423312883436,37.68520998954773,-0.4601226993865031,56.75677275657654,-0.3163044932438889,114.31470394134521,-0.004778013493110078,170.91507411003113,,
2026-09-28 09:51:57,v2.3.1,MAIN,MAIN,MAIN,2026-09-28 09:51:57.905,True,KOSDAQ,396300,HT로보틱스,6480.0,8.32,12602919,76322000000.0,81666915120.0,76322000000.0,ACTUAL,5,6580.0,1.5197568389057752,1.0565938477725172,1.0542319365318684,76,37,19,11,9,False,60,2026-09-28 09:31:59.407,6370.0,63.0,1198.498434,20260928_396300_E004,2026-09-28 09:48:08.926,6400.0,78.0,228.979167,568.581963300705,27,-0.4608294930875576,0.9345794392523363,True,False,,,,,,,-0.4608294930875576,19.746915578842163,-0.4608294930875576,19.746915578842163,0.9345794392523363,62.33354640007019,0.6211180124223602,116.84154891967773,2.047244094488189,173.80140733718872,3.349282296650718,297.75752806663513,0.45592705167173264,19.746915578842163,-0.01398549238256841,62.33354640007019,0.2927629738751003,116.84154891967773,0.4294141597780494,173.80140733718872,,
2026-09-28 10:03:19,v2.3.1,MAIN,MAIN,MAIN,2026-09-28 10:03:19.460,True,KOSDAQ,424870,이뮨온시아,3700.0,19.97,4485537,52217000000.0,16596486900.0,52217000000.0,ACTUAL,13,3762.0,1.648059542796385,1.0693411971903095,1.1542310692098052,75,33,19,11,12,False,60,2026-09-28 09:01:19.028,3420.0,69.0,3720.431664,20260928_424870_E011,2026-09-28 10:02:46.457,3685.0,67.0,33.00293,588.243814945221,35,-0.1349527665317139,-1.06951871657754,False,False,,,,,,,0.40705563093622793,17.40374445915222,-0.1349527665317139,33.04151678085327,-1.06951871657754,65.97590517997742,-0.8042895442359249,115.0374846458435,-1.3333333333333335,185.94477486610413,1.092896174863388,293.1763241291046,-0.39872408293460926,17.40374445915222,,,,,1.3821020959878743,185.94477486610413,1.648059542796385,293.1763241291046
2026-09-28 10:41:04,v2.3.1,MAIN,MAIN,MAIN,2026-09-28 10:41:04.803,True,KOSDAQ,387690,레메디,22150.0,18.3,2852999,57708000000.0,63193927850.0,57708000000.0,ACTUAL,13,22300.0,0.672645739910314,1.0535463258785942,1.0526805358821028,75,33,22,11,9,False,60,2026-09-28 10:18:54.235,20150.0,69.0,1330.567822,20260928_387690_E008,2026-09-28 10:35:37.705,21550.0,63.0,327.097609,585.0708646774292,35,1.839080459770115,1.3729977116704806,True,False,,,,,,,0.9111617312072893,17.925553798675537,1.839080459770115,35.07301473617554,1.3729977116704806,52.87435340881348,2.3094688221709005,119.39869618415833,2.784222737819025,188.47549104690552,2.0737327188940093,293.87629747390747,-0.012285766939001075,35.07301473617554,0.44433523762720895,52.87435340881348,-0.24268606787000646,119.39869618415833,-0.7003519717601666,188.47549104690552,0.672645739910314,293.87629747390747
2026-09-28 10:41:57,v2.3.1,MAIN,MAIN,MAIN,2026-09-28 10:41:57.892,True,KOSDAQ,387690,레메디,22100.0,17.51,2941657,59730000000.0,65010619700.0,59730000000.0,ACTUAL,13,22300.0,0.8968609865470852,1.0633033075800191,1.0544631719312332,75,33,22,11,9,False,60,2026-09-28 10:18:54.235,20150.0,69.0,1383.657438,20260928_387690_E008,2026-09-28 10:35:37.705,21550.0,63.0,380.187225,585.6477813720703,35,0.683371298405467,-0.2257336343115124,True,False,,,,,,,0.22675736961451248,17.35217022895813,0.683371298405467,35.000128507614136,-0.2257336343115124,53.28030228614807,1.6091954022988506,122.96096587181091,2.0785219399538106,172.6789984703064,1.3761467889908259,293.77722930908203,-0.672645739910314,35.000128507614136,0.22421524663677128,53.28030228614807,0.43919508265692503,122.96096587181091,-0.01847082123323518,172.6789984703064,0.8968609865470852,293.77722930908203
2026-09-28 12:01:30,v2.3.1,MAIN,MAIN,MAIN,2026-09-28 12:01:30.821,True,KOSDAQ,014950,삼익제약,10820.0,19.8,6947545,70660000000.0,75172436900.0,70660000000.0,ACTUAL,15,10955.0,1.2323140118667275,1.055777190072766,1.0505222713815243,76,37,19,11,9,False,60,2026-09-28 10:48:00.232,10240.0,63.0,4410.58967,20260928_014950_E013,2026-09-28 12:00:19.380,10830.0,65.0,71.440935,588.9288282394409,35,0.1851851851851852,-0.09233610341643582,True,False,,,,,,,-0.18450184501845018,17.978187561035156,0.1851851851851852,36.716116428375244,-0.09233610341643582,54.42138338088989,-0.45998160073597055,123.10496354103088,-0.642791551882461,173.52446246147156,1.5962441314553992,293.9302215576172,-0.1825650387950708,36.716116428375244,0.09128251939753529,54.42138338088989,,,1.0481519492516262,193.4427809715271,0.11810788373302272,293.9302215576172
2026-09-28 12:33:29,v2.3.1,MAIN,MAIN,MAIN,2026-09-28 12:33:29.150,True,KOSDAQ,012210,삼미금속,13020.0,5.06,2706682,34059000000.0,35240999640.0,34059000000.0,ACTUAL,33,13180.0,1.2139605462822458,1.1798593549728063,1.1772113470932903,76,29,19,16,12,False,60,2026-09-28 12:28:14.230,13050.0,66.0,314.919887,20260928_012210_E002,2026-09-28 12:33:09.756,13020.0,76.0,19.393651,531.049991607666,23,0.0,1.244167962674961,False,False,,,,,,,0.0,22.324352264404297,0.0,22.324352264404297,1.244167962674961,43.01640057563782,1.244167962674961,104.08460211753845,0.7739938080495357,186.9211688041687,-0.22988505747126436,295.52623558044434,,,,,,,,,0.22761760242792117,295.52623558044434
2026-09-28 12:54:58,v2.3.1,MAIN,MAIN,MAIN,2026-09-28 12:54:58.007,True,KOSPI,066970,엘앤에프,114600.0,5.0,361632,69604000000.0,41443027200.0,69604000000.0,ACTUAL,58,117900.0,2.7989821882951653,1.220780131892802,1.264363556267241,75,33,14,16,12,False,60,2026-09-28 09:32:31.175,117700.0,63.0,12146.831313,20260928_066970_E010,2026-09-28 12:54:37.847,114600.0,75.0,20.159615,579.0321047306061,27,0.08733624454148471,0.08733624454148471,True,False,,,,,,,0.08733624454148471,19.606629848480225,0.08733624454148471,19.606629848480225,0.08733624454148471,62.724342346191406,0.5263157894736842,128.5472502708435,0.5263157894736842,172.67718243598938,0.43821209465381245,307.9474129676819,,,,,,,,,,
2026-09-28 19:26:01,v2.3.1,NXT_AFTER,NXT_AFTER,NXT_AFTER,2026-09-28 19:26:01.433,True,KOSPI,010950,S-Oil,163300.0,5.01,402353,81452000000.0,65704244900.0,81452000000.0,ACTUAL,70,164800.0,0.9101941747572815,1.442113277031214,1.4653077724283103,94,37,22,20,15,False,60,2026-09-28 12:33:31.787,163500.0,64.0,24749.646258,20260928_010950_E002,2026-09-28 19:25:38.039,163300.0,94.0,23.394402,586.0665028095245,25,0.0,0.0,False,False,,,,,,,0.0,25.073641538619995,0.0,25.073641538619995,0.0,50.78413200378418,0.0,124.60351657867432,0.061274509803921566,172.82191228866577,0.0,296.81642031669617,,,,,,,,,,
