version,trade_id,entry_mode,stock_code,stock_name,strategy,entry_time,entry_price,exit_time,exit_price,exit_result,return_5m,return_10m,return_30m,max_rebound_rate,max_fall_rate,tracking_status
v2.1.1,20260915_062970_WIDE_HIGH_GAP_SHADOW_E001_090134268317,WIDE_HIGH_GAP_SHADOW,062970,한국첨단소재,T250_S150,2026-09-15 09:01:34.268,2762.7599999999998,2026-09-15 09:01:43.370,2835.0,TAKE_PROFIT,10.405643738977071,7.760141093474426,1.9400352733686066,12.874779541446207,-1.0582010582010581,COMPLETE
v2.1.1,20260915_282880_WIDE_HIGH_GAP_SHADOW_E001_090134262092,WIDE_HIGH_GAP_SHADOW,282880,코윈로보틱스,T250_S150,2026-09-15 09:01:34.262,10800.789999999999,2026-09-15 09:01:36.270,10630.0,STOP_LOSS,-4.51552210724365,-2.916274694261524,-2.7281279397930387,1.5051740357478833,-5.832549388523048,COMPLETE
v2.1.1,20260915_474650_WIDE_HIGH_GAP_SHADOW_E001_090134264185,WIDE_HIGH_GAP_SHADOW,474650,링크솔루션,T250_S150,2026-09-15 09:01:34.264,27277.249999999996,2026-09-15 09:01:48.177,26650.0,STOP_LOSS,-1.5009380863039399,-0.37523452157598497,-0.5628517823639775,2.0637898686679175,-4.315196998123827,COMPLETE
v2.1.1,20260915_411080_WIDE_HIGH_GAP_SHADOW_E001_090204911105,WIDE_HIGH_GAP_SHADOW,411080,샌즈랩,T250_S150,2026-09-15 09:02:04.911,7927.919999999999,2026-09-15 09:02:15.013,7800.0,STOP_LOSS,-5.1923076923076925,-10.256410256410255,-11.025641025641026,0.8974358974358974,-13.461538461538462,COMPLETE
v2.1.1,20260915_053290_WIDE_HIGH_GAP_SHADOW_E001_090109300825,WIDE_HIGH_GAP_SHADOW,053290,NE능률,T250_S150,2026-09-15 09:01:09.300,1606.6049999999998,2026-09-15 09:02:02.209,1664.0,TAKE_PROFIT,-7.451923076923077,-5.889423076923077,-2.1634615384615383,0.0,-8.29326923076923,COMPLETE
v2.1.1,20260915_488280_SHADOW_SCORE_70_74_E001_090134274705,SHADOW_SCORE_70_74,488280,에스투더블유,T250_S150,2026-09-15 09:01:34.274,15845.829999999998,2026-09-15 09:02:33.371,15600.0,STOP_LOSS,-1.0897435897435896,-2.051282051282051,-5.128205128205128,1.5384615384615385,-8.205128205128204,COMPLETE
v2.1.1,20260915_000670_WIDE_HIGH_GAP_SHADOW_E001_090204897143,WIDE_HIGH_GAP_SHADOW,000670,영풍,T250_S150,2026-09-15 09:02:04.897,51551.49999999999,2026-09-15 09:02:43.573,50700.0,STOP_LOSS,-3.5502958579881656,-5.9171597633136095,-9.664694280078894,0.39447731755424065,-9.960552268244575,COMPLETE
v2.1.1,20260915_017900_WIDE_HIGH_GAP_SHADOW_E001_090204887943,WIDE_HIGH_GAP_SHADOW,017900,광전자,T250_S150,2026-09-15 09:02:04.887,10850.839999999998,2026-09-15 09:03:05.277,11130.0,TAKE_PROFIT,4.132973944294699,-1.527403414195867,-8.7151841868823,4.672057502246182,-10.062893081761008,COMPLETE
v2.1.1,20260915_017900_SHADOW_SCORE_70_74_E001_090308676360,SHADOW_SCORE_70_74,017900,광전자,T250_S150,2026-09-15 09:03:08.676,10910.9,2026-09-15 09:03:18.671,11190.0,TAKE_PROFIT,2.323503127792672,-2.0554066130473636,-9.562109025915996,4.110813226094727,-10.545129579982127,COMPLETE
v2.1.1,20260915_430690_WIDE_HIGH_GAP_SHADOW_E001_090308661533,WIDE_HIGH_GAP_SHADOW,430690,한싹,T250_S150,2026-09-15 09:03:08.661,3353.3499999999995,2026-09-15 09:03:20.773,3300.0,STOP_LOSS,-0.30303030303030304,-3.1818181818181817,-3.0303030303030303,7.727272727272727,-5.757575757575758,COMPLETE
v2.1.1,20260915_321820_WIDE_HIGH_GAP_SHADOW_E001_090308643727,WIDE_HIGH_GAP_SHADOW,321820,아티스트컴퍼니,T250_S150,2026-09-15 09:03:08.643,3598.595,2026-09-15 09:03:09.970,3540.0,STOP_LOSS,-4.943502824858757,-4.378531073446328,-9.180790960451978,0.14124293785310735,-10.310734463276836,COMPLETE
v2.1.1,20260915_058110_WIDE_HIGH_GAP_SHADOW_E002_090308666065,WIDE_HIGH_GAP_SHADOW,058110,멕아이씨에스,T250_S150,2026-09-15 09:03:08.666,1625.6239999999998,2026-09-15 09:04:22.641,1668.0,TAKE_PROFIT,-4.376498800959232,-6.71462829736211,-7.613908872901678,0.1798561151079137,-8.213429256594724,COMPLETE
v2.1.1,20260915_058110_WIDE_HIGH_GAP_SHADOW_E001_090204924316,WIDE_HIGH_GAP_SHADOW,058110,멕아이씨에스,T250_S150,2026-09-15 09:02:04.924,1625.6239999999998,2026-09-15 09:04:22.666,1668.0,TAKE_PROFIT,-4.376498800959232,-6.71462829736211,-7.613908872901678,0.1798561151079137,-8.213429256594724,COMPLETE
v2.1.1,20260915_363250_WIDE_HIGH_GAP_SHADOW_E002_090342249566,WIDE_HIGH_GAP_SHADOW,363250,진시스템,T250_S150,2026-09-15 09:03:42.249,4404.4,2026-09-15 09:04:36.250,4165.0,STOP_LOSS,1.2004801920768309,1.2004801920768309,0.36014405762304924,3.721488595438175,-0.8403361344537815,COMPLETE
v2.1.1,20260915_363250_WIDE_HIGH_GAP_SHADOW_E001_090236465321,WIDE_HIGH_GAP_SHADOW,363250,진시스템,T250_S150,2026-09-15 09:02:36.465,4394.389999999999,2026-09-15 09:04:36.430,4165.0,STOP_LOSS,1.2004801920768309,1.2004801920768309,0.36014405762304924,3.721488595438175,-0.8403361344537815,COMPLETE
v2.1.1,20260915_052690_WIDE_HIGH_GAP_SHADOW_E001_090342197368,WIDE_HIGH_GAP_SHADOW,052690,한전기술,T250_S150,2026-09-15 09:03:42.197,134334.19999999998,2026-09-15 09:04:56.569,132300.0,STOP_LOSS,0.6802721088435374,0.6046863189720333,2.7210884353741496,3.4013605442176873,-0.7558578987150416,COMPLETE
v2.1.1,20260915_108490_WIDE_HIGH_GAP_SHADOW_E001_090342216499,WIDE_HIGH_GAP_SHADOW,108490,로보티즈,T250_S150,2026-09-15 09:03:42.216,333332.99999999994,2026-09-15 09:05:09.673,328000.0,STOP_LOSS,0.45731707317073167,2.7439024390243905,4.725609756097561,7.317073170731707,-0.7621951219512195,COMPLETE
v2.1.1,20260915_017900_BASE_E001_090342273559,BASE,017900,광전자,T250_S150,2026-09-15 09:03:42.273,11191.179999999998,2026-09-15 09:05:56.582,11480.0,TAKE_PROFIT,-5.052264808362369,-6.881533101045297,-11.933797909407666,1.480836236933798,-12.804878048780488,COMPLETE
v2.1.1,20260915_017900_PRE_HISTORY_E001_090342283460,PRE_HISTORY,017900,광전자,T250_S150,2026-09-15 09:03:42.283,11191.179999999998,2026-09-15 09:05:56.587,11480.0,TAKE_PROFIT,-5.052264808362369,-6.881533101045297,-11.933797909407666,1.480836236933798,-12.804878048780488,COMPLETE
v2.1.1,20260915_014950_WIDE_HIGH_GAP_SHADOW_E001_090342234737,WIDE_HIGH_GAP_SHADOW,014950,삼익제약,T250_S150,2026-09-15 09:03:42.234,10290.279999999999,2026-09-15 09:05:56.155,10130.0,STOP_LOSS,6.1204343534057255,12.931885488647582,18.95360315893386,18.95360315893386,-2.270483711747285,COMPLETE
v2.1.1,20260915_053290_WIDE_HIGH_GAP_SHADOW_E002_090342244332,WIDE_HIGH_GAP_SHADOW,053290,NE능률,T250_S150,2026-09-15 09:03:42.244,1606.6049999999998,2026-09-15 09:05:45.459,1544.0,STOP_LOSS,-0.2590673575129534,-0.2590673575129534,3.173575129533679,5.4404145077720205,-1.16580310880829,COMPLETE
v2.1.1,20260915_462860_WIDE_HIGH_GAP_SHADOW_E001_090308650576,WIDE_HIGH_GAP_SHADOW,462860,더즌,T250_S150,2026-09-15 09:03:08.650,3388.3849999999998,2026-09-15 09:06:15.372,3475.0,TAKE_PROFIT,0.7194244604316548,1.1510791366906474,-6.330935251798561,3.0215827338129495,-6.618705035971223,COMPLETE
v2.1.1,20260915_289930_WIDE_HIGH_GAP_SHADOW_E001_090630407609,WIDE_HIGH_GAP_SHADOW,289930,웨이비스,T250_S150,2026-09-15 09:06:30.407,8588.58,2026-09-15 09:06:30.478,8360.0,STOP_LOSS,-2.631578947368421,-3.110047846889952,-2.751196172248804,3.4688995215311005,-5.741626794258373,COMPLETE
v2.1.1,20260915_006400_SHADOW_SCORE_70_74_E001_090204936527,SHADOW_SCORE_70_74,006400,삼성SDI,T250_S150,2026-09-15 09:02:04.936,544543.9999999999,2026-09-15 09:06:51.400,536000.0,STOP_LOSS,-0.7462686567164178,-0.5597014925373134,0.3731343283582089,0.46641791044776115,-0.9328358208955223,COMPLETE
v2.1.1,20260915_344860_WIDE_HIGH_GAP_SHADOW_E001_090704704264,WIDE_HIGH_GAP_SHADOW,344860,이노진,T250_S150,2026-09-15 09:07:04.704,1731.7299999999998,2026-09-15 09:07:08.980,1705.0,STOP_LOSS,-5.571847507331378,-5.219941348973607,-5.395894428152493,2.5806451612903225,-6.158357771260997,COMPLETE
v2.1.1,20260915_430690_WIDE_HIGH_GAP_SHADOW_E002_090704707388,WIDE_HIGH_GAP_SHADOW,430690,한싹,T250_S150,2026-09-15 09:07:04.707,3438.4349999999995,2026-09-15 09:07:14.683,3385.0,STOP_LOSS,-6.942392909896602,-7.23781388478582,-7.0901033973412115,0.14771048744460857,-8.124076809453472,COMPLETE
v2.1.1,20260915_058110_WIDE_HIGH_GAP_SHADOW_E003_090704711201,WIDE_HIGH_GAP_SHADOW,058110,멕아이씨에스,T250_S150,2026-09-15 09:07:04.711,1626.6249999999998,2026-09-15 09:07:09.277,1601.0,STOP_LOSS,-0.8744534665833853,-2.6858213616489697,-3.7476577139287945,0.0,-4.372267332916927,COMPLETE
v2.1.1,20260915_062970_SHADOW_SCORE_70_74_E002_090704717442,SHADOW_SCORE_70_74,062970,한국첨단소재,T250_S150,2026-09-15 09:07:04.717,3123.1199999999994,2026-09-15 09:07:44.562,3075.0,STOP_LOSS,0.16260162601626016,-1.1382113821138211,-2.7642276422764227,1.4634146341463417,-7.804878048780488,COMPLETE
v2.1.1,20260915_062970_WIDE_HIGH_GAP_SHADOW_E002_090812015849,WIDE_HIGH_GAP_SHADOW,062970,한국첨단소재,T250_S150,2026-09-15 09:08:12.015,3078.075,2026-09-15 09:08:12.089,3020.0,STOP_LOSS,0.49668874172185434,0.33112582781456956,-2.814569536423841,3.3112582781456954,-6.125827814569536,COMPLETE
v2.1.1,20260915_101730_WIDE_HIGH_GAP_SHADOW_E001_090236452040,WIDE_HIGH_GAP_SHADOW,101730,위메이드맥스,T250_S150,2026-09-15 09:02:36.452,5325.32,2026-09-15 09:08:59.460,5240.0,STOP_LOSS,-2.2900763358778624,-1.1450381679389312,-2.8625954198473282,0.5725190839694656,-4.580152671755725,COMPLETE
v2.1.1,20260915_417860_WIDE_HIGH_GAP_SHADOW_E001_090844235481,WIDE_HIGH_GAP_SHADOW,417860,오브젠,T250_S150,2026-09-15 09:08:44.235,7197.19,2026-09-15 09:09:06.794,7080.0,STOP_LOSS,-0.847457627118644,4.519774011299435,12.146892655367232,19.06779661016949,-0.9887005649717515,COMPLETE
v2.1.1,20260915_044480_WIDE_HIGH_GAP_SHADOW_E001_090812047309,WIDE_HIGH_GAP_SHADOW,044480,빌리언스,T250_S150,2026-09-15 09:08:12.047,3633.6299999999997,2026-09-15 09:09:04.950,3455.0,STOP_LOSS,1.3024602026049203,1.1577424023154848,1.1577424023154848,5.643994211287988,-0.43415340086830684,COMPLETE
v2.1.1,20260915_096770_CALM_FIRST_75_E002_090917916366,CALM_FIRST_75,096770,SK이노베이션,T250_S150,2026-09-15 09:09:17.916,144043.9,2026-09-15 09:10:27.673,141800.0,STOP_LOSS,-0.7757404795486601,-0.9873060648801129,-1.7630465444287728,0.4936530324400564,-2.538787023977433,COMPLETE
v2.1.1,20260915_096770_BASE_E002_090917910985,BASE,096770,SK이노베이션,T250_S150,2026-09-15 09:09:17.910,144043.9,2026-09-15 09:10:27.698,141800.0,STOP_LOSS,-0.7757404795486601,-0.9873060648801129,-1.7630465444287728,0.4936530324400564,-2.538787023977433,COMPLETE
v2.1.1,20260915_096770_PRE_HISTORY_E002_090917913853,PRE_HISTORY,096770,SK이노베이션,T250_S150,2026-09-15 09:09:17.913,144043.9,2026-09-15 09:10:27.717,141800.0,STOP_LOSS,-0.7757404795486601,-0.9873060648801129,-1.7630465444287728,0.4936530324400564,-2.538787023977433,COMPLETE
v2.1.1,20260915_096770_ORB_RETEST_E002_090917895902,ORB_RETEST,096770,SK이노베이션,T250_S150,2026-09-15 09:09:17.895,144043.9,2026-09-15 09:10:27.730,141800.0,STOP_LOSS,-0.7757404795486601,-0.9873060648801129,-1.7630465444287728,0.4936530324400564,-2.538787023977433,COMPLETE
v2.1.1,20260915_096770_CALM_FIRST_75_PROTECT_E002_090917918873,CALM_FIRST_75_PROTECT,096770,SK이노베이션,T250_S150,2026-09-15 09:09:17.916,144043.9,2026-09-15 09:10:27.734,141800.0,STOP_LOSS,-0.7757404795486601,-0.9873060648801129,-1.7630465444287728,0.4936530324400564,-2.538787023977433,COMPLETE
v2.1.1,20260915_101730_WIDE_HIGH_GAP_SHADOW_E002_090421139509,WIDE_HIGH_GAP_SHADOW,101730,위메이드맥스,T250_S150,2026-09-15 09:04:21.139,5285.28,2026-09-15 09:10:37.874,5200.0,STOP_LOSS,-2.1153846153846154,0.576923076923077,-1.5384615384615385,1.25,-3.8461538461538463,COMPLETE
v2.1.1,20260915_014950_WIDE_HIGH_GAP_SHADOW_E002_091028309663,WIDE_HIGH_GAP_SHADOW,014950,삼익제약,T250_S150,2026-09-15 09:10:28.309,10370.359999999999,2026-09-15 09:10:43.997,10630.0,TAKE_PROFIT,6.679209783631232,13.358419567262464,13.358419567262464,13.358419567262464,-0.37629350893697083,COMPLETE
v2.1.1,20260915_000990_WIDE_HIGH_GAP_SHADOW_E003_091028330543,WIDE_HIGH_GAP_SHADOW,000990,DB하이텍,T250_S150,2026-09-15 09:10:28.330,114614.49999999999,2026-09-15 09:11:09.225,112800.0,STOP_LOSS,2.4822695035460995,3.280141843971631,5.2304964539007095,5.49645390070922,-0.44326241134751776,COMPLETE
v2.1.1,20260915_000990_WIDE_HIGH_GAP_SHADOW_E001_090308636674,WIDE_HIGH_GAP_SHADOW,000990,DB하이텍,T250_S150,2026-09-15 09:03:08.636,114514.4,2026-09-15 09:11:21.574,112700.0,STOP_LOSS,2.9281277728482697,3.9929015084294592,5.412599822537711,5.590062111801243,-0.354924578527063,COMPLETE
v2.1.1,20260915_096770_ORB_DIRECT_E002_090812051705,ORB_DIRECT,096770,SK이노베이션,T250_S150,2026-09-15 09:08:12.051,143643.49999999997,2026-09-15 09:11:22.373,141400.0,STOP_LOSS,-0.5657708628005658,-0.9193776520509194,-1.5558698727015559,0.21216407355021216,-2.263083451202263,COMPLETE
v2.1.1,20260915_488280_WIDE_HIGH_GAP_SHADOW_E001_090630377287,WIDE_HIGH_GAP_SHADOW,488280,에스투더블유,T250_S150,2026-09-15 09:06:30.377,15465.449999999999,2026-09-15 09:11:28.881,15230.0,STOP_LOSS,-1.1162179908076166,-2.954694681549573,-3.8411030860144453,1.1162179908076166,-5.975049244911359,COMPLETE
v2.1.1,20260915_052220_WIDE_HIGH_GAP_SHADOW_E001_091136972875,WIDE_HIGH_GAP_SHADOW,052220,iMBC,T250_S150,2026-09-15 09:11:36.972,2067.0649999999996,2026-09-15 09:11:44.488,2035.0,STOP_LOSS,6.87960687960688,3.43980343980344,-0.9828009828009828,11.056511056511056,-1.8181818181818181,COMPLETE
v2.1.1,20260915_000990_WIDE_HIGH_GAP_SHADOW_E002_090421144854,WIDE_HIGH_GAP_SHADOW,000990,DB하이텍,T250_S150,2026-09-15 09:04:21.144,114314.19999999998,2026-09-15 09:12:13.386,112500.0,STOP_LOSS,2.666666666666667,4.711111111111111,5.866666666666666,5.866666666666666,-0.17777777777777778,COMPLETE
v2.1.1,20260915_950220_WIDE_HIGH_GAP_SHADOW_E001_091104977893,WIDE_HIGH_GAP_SHADOW,950220,네오이뮨텍,T250_S150,2026-09-15 09:11:04.977,2182.18,2026-09-15 09:12:26.422,2240.0,TAKE_PROFIT,0.0,-0.8928571428571428,-5.133928571428571,4.017857142857143,-6.026785714285714,COMPLETE
v2.1.1,20260915_067290_BASE_E001_091251919281,BASE,067290,JW신약,T250_S150,2026-09-15 09:12:51.919,3888.8849999999998,2026-09-15 09:12:58.404,3830.0,STOP_LOSS,4.308093994778068,5.091383812010443,-0.7832898172323759,6.527415143603134,-1.6971279373368149,COMPLETE
v2.1.1,20260915_067290_PRE_FAIL_PULLBACK_SHADOW_E001_091251924075,PRE_FAIL_PULLBACK_SHADOW,067290,JW신약,T250_S150,2026-09-15 09:12:51.924,3888.8849999999998,2026-09-15 09:12:58.395,3830.0,STOP_LOSS,4.308093994778068,5.091383812010443,-0.7832898172323759,6.527415143603134,-1.6971279373368149,COMPLETE
v2.1.1,20260915_014950_SHADOW_SCORE_70_74_E002_091104999047,SHADOW_SCORE_70_74,014950,삼익제약,T250_S150,2026-09-15 09:11:04.999,10600.589999999998,2026-09-15 09:13:03.940,10870.0,TAKE_PROFIT,9.751609935602575,10.855565777368906,10.855565777368906,10.855565777368906,-0.9199632014719411,COMPLETE
v2.1.1,20260915_062970_WIDE_HIGH_GAP_SHADOW_E003_091104900182,WIDE_HIGH_GAP_SHADOW,062970,한국첨단소재,T250_S150,2026-09-15 09:11:04.900,3063.0599999999995,2026-09-15 09:13:18.877,3015.0,STOP_LOSS,-0.33167495854063017,-3.482587064676617,-1.658374792703151,1.658374792703151,-5.970149253731343,COMPLETE
v2.1.1,20260915_062970_WIDE_HIGH_GAP_SHADOW_E004_091327653912,WIDE_HIGH_GAP_SHADOW,062970,한국첨단소재,T250_S150,2026-09-15 09:13:27.653,3078.075,2026-09-15 09:13:27.734,3015.0,STOP_LOSS,-1.658374792703151,-3.316749585406302,-1.3266998341625207,1.658374792703151,-5.970149253731343,COMPLETE
v2.1.1,20260915_004310_BASE_E001_091249545243,BASE,004310,현대약품,T250_S150,2026-09-15 09:12:49.545,10850.839999999998,2026-09-15 09:13:36.282,10680.0,STOP_LOSS,3.3707865168539324,2.3408239700374533,-2.9962546816479403,6.647940074906367,-3.5580524344569286,COMPLETE
v2.1.1,20260915_004310_PRE_HISTORY_E001_091249548287,PRE_HISTORY,004310,현대약품,T250_S150,2026-09-15 09:12:49.548,10850.839999999998,2026-09-15 09:13:36.285,10680.0,STOP_LOSS,3.464419475655431,2.3408239700374533,-2.9962546816479403,6.647940074906367,-3.5580524344569286,COMPLETE
v2.1.1,20260915_014950_PRE_HISTORY_E002_091136990465,PRE_HISTORY,014950,삼익제약,T250_S150,2026-09-15 09:11:36.990,10800.789999999999,2026-09-15 09:14:06.482,11080.0,TAKE_PROFIT,7.671480144404332,8.754512635379061,8.754512635379061,8.754512635379061,-0.5415162454873645,COMPLETE
v2.1.1,20260915_014950_BASE_E002_091136987223,BASE,014950,삼익제약,T250_S150,2026-09-15 09:11:36.987,10800.789999999999,2026-09-15 09:14:06.487,11080.0,TAKE_PROFIT,7.671480144404332,8.754512635379061,8.754512635379061,8.754512635379061,-0.5415162454873645,COMPLETE
v2.1.1,20260915_456160_WIDE_HIGH_GAP_SHADOW_E001_091136954368,WIDE_HIGH_GAP_SHADOW,456160,지투지바이오,T250_S150,2026-09-15 09:11:36.954,35085.049999999996,2026-09-15 09:14:37.159,36000.0,TAKE_PROFIT,2.5,6.666666666666667,0.8333333333333334,8.055555555555555,-0.6944444444444444,COMPLETE
v2.1.1,20260915_488280_WIDE_HIGH_GAP_SHADOW_E002_091249508452,WIDE_HIGH_GAP_SHADOW,488280,에스투더블유,T250_S150,2026-09-15 09:12:49.508,15305.289999999999,2026-09-15 09:14:51.579,15070.0,STOP_LOSS,-1.39349701393497,-1.1944260119442602,-3.8487060384870606,0.13271400132714,-4.97677504976775,COMPLETE
v2.1.1,20260915_108490_WIDE_HIGH_GAP_SHADOW_E003_090917839539,WIDE_HIGH_GAP_SHADOW,108490,로보티즈,T250_S150,2026-09-15 09:09:17.839,329829.49999999994,2026-09-15 09:15:25.100,338500.0,TAKE_PROFIT,-0.14771048744460857,1.1816838995568686,2.806499261447563,3.9881831610044314,-1.4771048744460855,COMPLETE
v2.1.1,20260915_108490_WIDE_HIGH_GAP_SHADOW_E002_090812033022,WIDE_HIGH_GAP_SHADOW,108490,로보티즈,T250_S150,2026-09-15 09:08:12.033,329829.49999999994,2026-09-15 09:15:25.084,338500.0,TAKE_PROFIT,-0.14771048744460857,1.329394387001477,2.806499261447563,3.9881831610044314,-1.4771048744460855,COMPLETE
v2.1.1,20260915_158430_WIDE_HIGH_GAP_SHADOW_E001_091405661476,WIDE_HIGH_GAP_SHADOW,158430,아톤,T250_S150,2026-09-15 09:14:05.661,5355.349999999999,2026-09-15 09:15:32.676,5270.0,STOP_LOSS,-3.795066413662239,-2.4667931688804554,-3.795066413662239,0.5692599620493358,-5.218216318785579,COMPLETE
v2.1.1,20260915_158430_WIDE_HIGH_GAP_SHADOW_E002_091516938237,WIDE_HIGH_GAP_SHADOW,158430,아톤,T250_S150,2026-09-15 09:15:16.938,5355.349999999999,2026-09-15 09:15:32.717,5270.0,STOP_LOSS,-3.795066413662239,-2.4667931688804554,-3.6053130929791273,0.5692599620493358,-5.218216318785579,COMPLETE
v2.1.1,20260915_114630_WIDE_HIGH_GAP_SHADOW_E001_091516933528,WIDE_HIGH_GAP_SHADOW,114630,폴라리스우노,T250_S150,2026-09-15 09:15:16.933,1732.7309999999998,2026-09-15 09:15:26.630,1698.0,STOP_LOSS,-0.6478209658421673,0.4122497055359246,0.11778563015312131,2.65017667844523,-2.1790341578327443,COMPLETE
v2.1.1,20260915_163280_WIDE_HIGH_GAP_SHADOW_E001_091553630740,WIDE_HIGH_GAP_SHADOW,163280,에어레인,T250_S150,2026-09-15 09:15:53.630,4204.2,2026-09-15 09:15:58.580,4135.0,STOP_LOSS,6.408706166868199,7.980652962515116,3.2648125755743655,11.24546553808948,-3.0229746070133015,COMPLETE
v2.1.1,20260915_950220_WIDE_HIGH_GAP_SHADOW_E002_091441252663,WIDE_HIGH_GAP_SHADOW,950220,네오이뮨텍,T250_S150,2026-09-15 09:14:41.252,2217.2149999999997,2026-09-15 09:16:00.294,2280.0,TAKE_PROFIT,-0.21929824561403508,-4.605263157894736,-8.333333333333332,2.1929824561403506,-8.333333333333332,COMPLETE
v2.1.1,20260915_000990_WIDE_HIGH_GAP_SHADOW_E004_091327741484,WIDE_HIGH_GAP_SHADOW,000990,DB하이텍,T250_S150,2026-09-15 09:13:27.741,113613.49999999999,2026-09-15 09:16:28.139,116500.0,TAKE_PROFIT,0.8583690987124464,1.5450643776824033,2.575107296137339,3.004291845493562,-1.4592274678111588,COMPLETE
v2.1.1,20260915_067290_CALM_FIRST_75_E002_091703629142,CALM_FIRST_75,067290,JW신약,T250_S150,2026-09-15 09:17:03.628,3888.8849999999998,2026-09-15 09:17:15.574,3830.0,STOP_LOSS,5.352480417754569,2.3498694516971277,-0.39164490861618795,6.527415143603134,-1.5665796344647518,COMPLETE
v2.1.1,20260915_067290_BASE_E002_091703619544,BASE,067290,JW신약,T250_S150,2026-09-15 09:17:03.619,3888.8849999999998,2026-09-15 09:17:15.580,3830.0,STOP_LOSS,5.404699738903394,2.3498694516971277,-0.39164490861618795,6.527415143603134,-1.5665796344647518,COMPLETE
v2.1.1,20260915_067290_PRE_HISTORY_E002_091703622762,PRE_HISTORY,067290,JW신약,T250_S150,2026-09-15 09:17:03.622,3888.8849999999998,2026-09-15 09:17:15.588,3830.0,STOP_LOSS,5.483028720626632,2.3498694516971277,-0.39164490861618795,6.527415143603134,-1.5665796344647518,COMPLETE
v2.1.1,20260915_067290_CALM_FIRST_75_PROTECT_E002_091703631178,CALM_FIRST_75_PROTECT,067290,JW신약,T250_S150,2026-09-15 09:17:03.628,3888.8849999999998,2026-09-15 09:17:15.599,3830.0,STOP_LOSS,5.483028720626632,2.3498694516971277,-0.13054830287206268,6.527415143603134,-1.5665796344647518,COMPLETE
v2.1.1,20260915_052690_WIDE_HIGH_GAP_SHADOW_E003_090953915693,WIDE_HIGH_GAP_SHADOW,052690,한전기술,T250_S150,2026-09-15 09:09:53.915,133833.69999999998,2026-09-15 09:17:25.080,131800.0,STOP_LOSS,1.1380880121396053,2.12443095599393,2.503793626707132,4.931714719271624,-0.37936267071320184,COMPLETE
v2.1.1,20260915_052690_WIDE_HIGH_GAP_SHADOW_E002_090704688148,WIDE_HIGH_GAP_SHADOW,052690,한전기술,T250_S150,2026-09-15 09:07:04.688,133333.19999999998,2026-09-15 09:17:49.394,131300.0,STOP_LOSS,1.827875095201828,2.513328255902513,2.817974105102818,5.331302361005331,0.0,COMPLETE
v2.1.1,20260915_950220_WIDE_HIGH_GAP_SHADOW_E003_091553639079,WIDE_HIGH_GAP_SHADOW,950220,네오이뮨텍,T250_S150,2026-09-15 09:15:53.639,2232.2299999999996,2026-09-15 09:17:53.097,2290.0,TAKE_PROFIT,-2.6200873362445414,-5.021834061135371,-8.078602620087336,1.7467248908296942,-8.73362445414847,COMPLETE
v2.1.1,20260915_290090_WIDE_HIGH_GAP_SHADOW_E001_091516941748,WIDE_HIGH_GAP_SHADOW,290090,트윔,T250_S150,2026-09-15 09:15:16.941,4704.7,2026-09-15 09:17:43.477,4630.0,STOP_LOSS,-1.4038876889848813,1.2958963282937366,-2.8077753779697625,2.591792656587473,-3.5637149028077757,COMPLETE
v2.1.1,20260915_294570_WIDE_HIGH_GAP_SHADOW_E001_091104944397,WIDE_HIGH_GAP_SHADOW,294570,쿠콘,T250_S150,2026-09-15 09:11:04.944,30430.399999999998,2026-09-15 09:19:15.194,29950.0,STOP_LOSS,-0.333889816360601,0.333889816360601,-0.5008347245409015,1.8363939899833055,-1.335559265442404,COMPLETE
v2.1.1,20260915_456160_ORB_DIRECT_E002_091516944594,ORB_DIRECT,456160,지투지바이오,T250_S150,2026-09-15 09:15:16.944,36186.149999999994,2026-09-15 09:19:38.502,37100.0,TAKE_PROFIT,3.638814016172507,0.0,-2.6954177897574128,4.8517520215633425,-2.8301886792452833,COMPLETE
v2.1.1,20260915_456160_ORB_RETEST_E002_091731698659,ORB_RETEST,456160,지투지바이오,T250_S150,2026-09-15 09:17:31.698,36286.24999999999,2026-09-15 09:19:41.100,37200.0,TAKE_PROFIT,3.225806451612903,-0.13440860215053765,-2.956989247311828,4.56989247311828,-3.0913978494623655,COMPLETE
v2.1.1,20260915_456160_ORB_RS_RETEST_E002_091851138246,ORB_RS_RETEST,456160,지투지바이오,T250_S150,2026-09-15 09:18:51.138,36786.74999999999,2026-09-15 09:21:02.005,37750.0,TAKE_PROFIT,0.9271523178807948,-2.913907284768212,-4.635761589403973,3.0463576158940397,-4.768211920529802,COMPLETE
v2.1.1,20260915_456160_SHADOW_SCORE_70_74_E002_092049942114,SHADOW_SCORE_70_74,456160,지투지바이오,T250_S150,2026-09-15 09:20:49.942,37537.49999999999,2026-09-15 09:21:09.406,38500.0,TAKE_PROFIT,-1.0389610389610389,-4.935064935064935,-6.883116883116883,1.0389610389610389,-6.883116883116883,COMPLETE
v2.1.1,20260915_004310_BASE_E002_091827659950,BASE,004310,현대약품,T250_S150,2026-09-15 09:18:27.659,10960.949999999999,2026-09-15 09:21:52.409,11240.0,TAKE_PROFIT,-5.5160142348754455,-5.160142348754448,-9.9644128113879,1.3345195729537367,-9.9644128113879,COMPLETE
v2.1.1,20260915_004310_PRE_HISTORY_E002_091827662083,PRE_HISTORY,004310,현대약품,T250_S150,2026-09-15 09:18:27.662,10960.949999999999,2026-09-15 09:21:52.395,11240.0,TAKE_PROFIT,-5.5160142348754455,-5.160142348754448,-9.9644128113879,1.3345195729537367,-9.9644128113879,COMPLETE
v2.1.1,20260915_456160_WIDE_HIGH_GAP_SHADOW_E003_092305016580,WIDE_HIGH_GAP_SHADOW,456160,지투지바이오,T250_S150,2026-09-15 09:23:05.016,37687.649999999994,2026-09-15 09:23:26.339,37100.0,STOP_LOSS,0.2695417789757413,-0.13477088948787064,-4.0431266846361185,3.7735849056603774,-5.525606469002695,COMPLETE
v2.1.1,20260915_108490_WIDE_HIGH_GAP_SHADOW_E004_091405648250,WIDE_HIGH_GAP_SHADOW,108490,로보티즈,T250_S150,2026-09-15 09:14:05.648,333833.49999999994,2026-09-15 09:23:29.790,342500.0,TAKE_PROFIT,1.897810218978102,1.167883211678832,0.583941605839416,2.7737226277372264,-0.8759124087591241,COMPLETE
v2.1.1,20260915_108490_WIDE_HIGH_GAP_SHADOW_E005_091641551461,WIDE_HIGH_GAP_SHADOW,108490,로보티즈,T250_S150,2026-09-15 09:16:41.551,334333.99999999994,2026-09-15 09:23:30.958,343000.0,TAKE_PROFIT,1.749271137026239,0.8746355685131195,0.43731778425655976,2.623906705539359,-1.0204081632653061,COMPLETE
v2.1.1,20260915_096770_ORB_RS_RETEST_E002_091641557967,ORB_RS_RETEST,096770,SK이노베이션,T250_S150,2026-09-15 09:16:41.557,140640.49999999997,2026-09-15 09:23:57.880,138500.0,STOP_LOSS,0.2888086642599278,0.1444043321299639,1.7328519855595668,2.454873646209386,-0.21660649819494585,COMPLETE
v2.1.1,20260915_456160_WIDE_HIGH_GAP_SHADOW_E002_092142227288,WIDE_HIGH_GAP_SHADOW,456160,지투지바이오,T250_S150,2026-09-15 09:21:42.227,37537.49999999999,2026-09-15 09:24:35.478,38500.0,TAKE_PROFIT,-3.6363636363636362,-3.6363636363636362,-7.2727272727272725,0.0,-8.96103896103896,COMPLETE
v2.1.1,20260915_067290_WIDE_HIGH_GAP_SHADOW_E001_092355313026,WIDE_HIGH_GAP_SHADOW,067290,JW신약,T250_S150,2026-09-15 09:23:55.313,3938.9349999999995,2026-09-15 09:24:57.377,3875.0,STOP_LOSS,1.935483870967742,0.12903225806451613,-4.903225806451613,4.129032258064516,-5.290322580645161,COMPLETE
v2.1.1,20260915_004310_WIDE_HIGH_GAP_SHADOW_E001_092332133429,WIDE_HIGH_GAP_SHADOW,004310,현대약품,T250_S150,2026-09-15 09:23:32.133,10940.929999999998,2026-09-15 09:24:57.724,10770.0,STOP_LOSS,-0.4642525533890436,-3.064066852367688,-6.128133704735376,0.9285051067780872,-6.778087279480037,COMPLETE
v2.1.1,20260915_437730_ORB_DIRECT_E002_091703608247,ORB_DIRECT,437730,삼현,T250_S150,2026-09-15 09:17:03.608,42192.149999999994,2026-09-15 09:25:27.698,43250.0,TAKE_PROFIT,3.815028901734104,12.485549132947977,21.84971098265896,21.84971098265896,-0.3468208092485549,COMPLETE
v2.1.1,20260915_437730_ORB_RETEST_E002_091800010964,ORB_RETEST,437730,삼현,T250_S150,2026-09-15 09:18:00.010,42292.24999999999,2026-09-15 09:25:29.975,43350.0,TAKE_PROFIT,3.4602076124567476,12.226066897347174,21.568627450980394,21.568627450980394,-0.5767012687427913,COMPLETE
v2.1.1,20260915_042700_WIDE_HIGH_GAP_SHADOW_E001_090456821533,WIDE_HIGH_GAP_SHADOW,042700,한미반도체,T250_S150,2026-09-15 09:04:56.821,220720.49999999997,2026-09-15 09:26:09.172,226500.0,TAKE_PROFIT,-0.8830022075055187,-0.44150110375275936,-1.3245033112582782,0.0,-1.545253863134658,COMPLETE
v2.1.1,20260915_294570_WIDE_HIGH_GAP_SHADOW_E003_092443712035,WIDE_HIGH_GAP_SHADOW,294570,쿠콘,T250_S150,2026-09-15 09:24:43.712,30380.349999999995,2026-09-15 09:26:18.119,29900.0,STOP_LOSS,1.1705685618729096,-0.33444816053511706,-0.33444816053511706,1.5050167224080269,-1.1705685618729096,COMPLETE
v2.1.1,20260915_294570_WIDE_HIGH_GAP_SHADOW_E004_092534908843,WIDE_HIGH_GAP_SHADOW,294570,쿠콘,T250_S150,2026-09-15 09:25:34.908,30380.349999999995,2026-09-15 09:26:18.137,29900.0,STOP_LOSS,1.1705685618729096,-0.33444816053511706,-0.33444816053511706,1.5050167224080269,-1.1705685618729096,COMPLETE
v2.1.1,20260915_108490_ORB_DIRECT_E004_091944621983,ORB_DIRECT,108490,로보티즈,T250_S150,2026-09-15 09:19:44.621,339338.99999999994,2026-09-15 09:26:30.058,348000.0,TAKE_PROFIT,-0.14367816091954022,-0.8620689655172413,-2.2988505747126435,1.1494252873563218,-2.586206896551724,COMPLETE
v2.1.1,20260915_108490_ORB_RETEST_E006_092305039873,ORB_RETEST,108490,로보티즈,T250_S150,2026-09-15 09:23:05.039,339839.49999999994,2026-09-15 09:26:37.780,348500.0,TAKE_PROFIT,-0.430416068866571,-1.0043041606886656,-2.582496413199426,1.0043041606886656,-2.72596843615495,COMPLETE
v2.1.1,20260915_001820_BASE_E002_092603139893,BASE,001820,삼화콘덴서,T250_S150,2026-09-15 09:26:03.139,147647.49999999997,2026-09-15 09:27:29.482,145400.0,STOP_LOSS,-1.031636863823934,-2.4759284731774414,-3.7138927097661623,0.6189821182943603,-4.676753782668501,COMPLETE
v2.1.1,20260915_001820_PRE_HISTORY_E002_092603141896,PRE_HISTORY,001820,삼화콘덴서,T250_S150,2026-09-15 09:26:03.141,147647.49999999997,2026-09-15 09:27:29.480,145400.0,STOP_LOSS,-1.031636863823934,-2.4759284731774414,-3.7138927097661623,0.6189821182943603,-4.676753782668501,COMPLETE
v2.1.1,20260915_437730_ORB_RS_RETEST_E004_092239303567,ORB_RS_RETEST,437730,삼현,T250_S150,2026-09-15 09:22:39.303,42642.6,2026-09-15 09:28:26.180,43750.0,TAKE_PROFIT,5.828571428571429,16.57142857142857,20.457142857142856,20.457142857142856,-0.1142857142857143,COMPLETE
v2.1.1,20260915_108490_PRE_FAIL_PULLBACK_SHADOW_E006_092355369958,PRE_FAIL_PULLBACK_SHADOW,108490,로보티즈,T250_S150,2026-09-15 09:23:55.369,341340.99999999994,2026-09-15 09:28:39.396,350000.0,TAKE_PROFIT,-1.2857142857142856,-0.14285714285714285,-1.5714285714285716,0.5714285714285714,-3.1428571428571432,COMPLETE
v2.1.1,20260915_108490_BASE_E006_092355367923,BASE,108490,로보티즈,T250_S150,2026-09-15 09:23:55.367,341340.99999999994,2026-09-15 09:28:39.407,350000.0,TAKE_PROFIT,-1.2857142857142856,-0.14285714285714285,-1.5714285714285716,0.5714285714285714,-3.1428571428571432,COMPLETE
v2.1.1,20260915_108490_ORB_RS_RETEST_E006_092355341033,ORB_RS_RETEST,108490,로보티즈,T250_S150,2026-09-15 09:23:55.341,341340.99999999994,2026-09-15 09:28:39.470,350000.0,TAKE_PROFIT,-1.2857142857142856,-0.14285714285714285,-1.5714285714285716,0.5714285714285714,-3.1428571428571432,COMPLETE
v2.1.1,20260915_108490_SHADOW_SCORE_70_74_E006_092332188806,SHADOW_SCORE_70_74,108490,로보티즈,T250_S150,2026-09-15 09:23:32.188,342341.99999999994,2026-09-15 09:28:40.736,351000.0,TAKE_PROFIT,-1.4957264957264957,-0.3561253561253561,-1.9943019943019942,0.2849002849002849,-3.418803418803419,COMPLETE
v2.1.1,20260915_093370_SHADOW_SCORE_70_74_E001_092915068970,SHADOW_SCORE_70_74,093370,후성,T250_S150,2026-09-15 09:29:15.068,14874.859999999999,2026-09-15 09:29:36.978,14650.0,STOP_LOSS,-0.477815699658703,1.5699658703071673,1.1604095563139931,4.09556313993174,-1.4334470989761092,COMPLETE
v2.1.1,20260915_067290_WIDE_HIGH_GAP_SHADOW_E002_092534883605,WIDE_HIGH_GAP_SHADOW,067290,JW신약,T250_S150,2026-09-15 09:25:34.883,3908.9049999999997,2026-09-15 09:30:07.075,4010.0,TAKE_PROFIT,-3.6159600997506236,-4.488778054862843,-8.977556109725686,0.6234413965087282,-9.72568578553616,COMPLETE
v2.1.1,20260915_456160_WIDE_HIGH_GAP_SHADOW_E004_092756958016,WIDE_HIGH_GAP_SHADOW,456160,지투지바이오,T250_S150,2026-09-15 09:27:56.958,37287.24999999999,2026-09-15 09:30:45.955,36700.0,STOP_LOSS,-0.2724795640326975,1.4986376021798364,-3.8147138964577656,2.588555858310627,-4.4959128065395095,COMPLETE
v2.1.1,20260915_456160_WIDE_HIGH_GAP_SHADOW_E005_092941342066,WIDE_HIGH_GAP_SHADOW,456160,지투지바이오,T250_S150,2026-09-15 09:29:41.342,37187.149999999994,2026-09-15 09:30:56.596,36600.0,STOP_LOSS,0.0,1.7759562841530054,-3.6885245901639343,2.8688524590163933,-4.2349726775956285,COMPLETE
v2.1.1,20260915_437730_BASE_E005_092915075761,BASE,437730,삼현,T250_S150,2026-09-15 09:29:15.075,44494.45,2026-09-15 09:32:06.375,45650.0,TAKE_PROFIT,9.529025191675794,9.967141292442497,15.443592552026287,15.443592552026287,-0.6571741511500547,COMPLETE
v2.1.1,20260915_437730_PRE_HISTORY_E005_092915081281,PRE_HISTORY,437730,삼현,T250_S150,2026-09-15 09:29:15.081,44494.45,2026-09-15 09:32:06.296,45650.0,TAKE_PROFIT,9.41949616648412,9.967141292442497,15.443592552026287,15.443592552026287,-0.6571741511500547,COMPLETE
v2.1.1,20260915_052690_WIDE_HIGH_GAP_SHADOW_E004_092212338228,WIDE_HIGH_GAP_SHADOW,052690,한전기술,T250_S150,2026-09-15 09:22:12.338,133233.09999999998,2026-09-15 09:33:52.307,136600.0,TAKE_PROFIT,1.0980966325036603,-0.5856515373352855,-0.4758418740849195,1.2445095168374818,-1.6837481698389458,COMPLETE
v2.1.1,20260915_067290_WIDE_HIGH_GAP_SHADOW_E004_093215933734,WIDE_HIGH_GAP_SHADOW,067290,JW신약,T250_S150,2026-09-15 09:32:15.933,3953.9499999999994,2026-09-15 09:34:32.610,3890.0,STOP_LOSS,-1.5424164524421593,-1.6709511568123392,-6.426735218508997,0.2570694087403599,-6.940874035989718,COMPLETE
v2.1.1,20260915_456160_WIDE_HIGH_GAP_SHADOW_E006_093347753503,WIDE_HIGH_GAP_SHADOW,456160,지투지바이오,T250_S150,2026-09-15 09:33:47.753,37437.399999999994,2026-09-15 09:34:52.282,36850.0,STOP_LOSS,0.8141112618724559,-1.6282225237449117,-3.3921302578018993,1.4925373134328357,-4.884667571234735,COMPLETE
v2.1.1,20260915_067290_WIDE_HIGH_GAP_SHADOW_E003_092728243975,WIDE_HIGH_GAP_SHADOW,067290,JW신약,T250_S150,2026-09-15 09:27:28.243,3938.9349999999995,2026-09-15 09:35:01.278,3875.0,STOP_LOSS,-0.7741935483870968,-1.6774193548387095,-6.064516129032258,0.12903225806451613,-6.580645161290323,COMPLETE
v2.1.1,20260915_058610_SHADOW_SCORE_70_74_E001_093004356371,SHADOW_SCORE_70_74,058610,에스피지,T250_S150,2026-09-15 09:30:04.356,97096.99999999999,2026-09-15 09:36:24.663,99600.0,TAKE_PROFIT,2.3092369477911645,2.5100401606425704,3.5140562248995986,8.032128514056225,-0.6024096385542169,COMPLETE
v2.1.1,20260915_456160_WIDE_HIGH_GAP_SHADOW_E007_093625501582,WIDE_HIGH_GAP_SHADOW,456160,지투지바이오,T250_S150,2026-09-15 09:36:25.501,37287.24999999999,2026-09-15 09:36:42.234,36700.0,STOP_LOSS,0.13623978201634876,-1.3623978201634876,-3.1335149863760217,1.9073569482288828,-4.4959128065395095,COMPLETE
v2.1.1,20260915_058610_BASE_E001_093625561612,BASE,058610,에스피지,T250_S150,2026-09-15 09:36:25.561,99199.09999999999,2026-09-15 09:40:39.193,101700.0,TAKE_PROFIT,1.7699115044247788,5.408062930186824,3.146509341199607,5.801376597836775,-0.7866273352999017,COMPLETE
v2.1.1,20260915_058610_PRE_HISTORY_E001_093625564659,PRE_HISTORY,058610,에스피지,T250_S150,2026-09-15 09:36:25.564,99199.09999999999,2026-09-15 09:40:39.207,101700.0,TAKE_PROFIT,1.7699115044247788,5.408062930186824,3.146509341199607,5.801376597836775,-0.7866273352999017,COMPLETE
v2.1.1,20260915_437730_WIDE_HIGH_GAP_SHADOW_E001_094008570096,WIDE_HIGH_GAP_SHADOW,437730,삼현,T250_S150,2026-09-15 09:40:08.570,49199.149999999994,2026-09-15 09:40:38.892,50500.0,TAKE_PROFIT,1.188118811881188,4.356435643564356,4.356435643564356,4.356435643564356,-1.6831683168316833,COMPLETE
v2.1.1,20260915_456160_WIDE_HIGH_GAP_SHADOW_E008_093926900532,WIDE_HIGH_GAP_SHADOW,456160,지투지바이오,T250_S150,2026-09-15 09:39:26.900,37337.299999999996,2026-09-15 09:41:41.224,36750.0,STOP_LOSS,-1.9047619047619049,-2.7210884353741496,-2.4489795918367347,0.6802721088435374,-4.625850340136054,COMPLETE
v2.1.1,20260915_294570_WIDE_HIGH_GAP_SHADOW_E002_092142223287,WIDE_HIGH_GAP_SHADOW,294570,쿠콘,T250_S150,2026-09-15 09:21:42.223,30029.999999999996,2026-09-15 09:42:02.539,29550.0,STOP_LOSS,0.8460236886632826,0.5076142131979695,0.676818950930626,1.353637901861252,-0.1692047377326565,COMPLETE
v2.1.1,20260915_093370_BASE_E003_094513913059,BASE,093370,후성,T250_S150,2026-09-15 09:45:13.913,15165.149999999998,2026-09-15 09:49:40.893,14935.0,STOP_LOSS,0.3013056578506863,-0.7030465349849347,0.3013056578506863,2.109139604954804,-1.5065282892534315,COMPLETE
v2.1.1,20260915_093370_PRE_HISTORY_E003_094513915056,PRE_HISTORY,093370,후성,T250_S150,2026-09-15 09:45:13.915,15165.149999999998,2026-09-15 09:49:40.913,14935.0,STOP_LOSS,0.3013056578506863,-0.7030465349849347,0.3013056578506863,2.109139604954804,-1.5065282892534315,COMPLETE
v2.1.1,20260915_093370_BASE_E002_093559536060,BASE,093370,후성,T250_S150,2026-09-15 09:35:59.536,14874.859999999999,2026-09-15 09:51:29.531,15250.0,TAKE_PROFIT,-2.1639344262295084,-2.4918032786885247,-1.5737704918032787,0.0,-3.540983606557377,COMPLETE
v2.1.1,20260915_030530_PRE_HISTORY_E001_095236276587,PRE_HISTORY,030530,원익홀딩스,T250_S150,2026-09-15 09:52:36.276,25275.249999999996,2026-09-15 09:52:57.678,24850.0,STOP_LOSS,5.633802816901409,3.2193158953722336,3.319919517102616,6.237424547283702,-1.4084507042253522,COMPLETE
v2.1.1,20260915_030530_BASE_E001_095212322577,BASE,030530,원익홀딩스,T250_S150,2026-09-15 09:52:12.322,24924.899999999998,2026-09-15 09:53:19.414,24550.0,STOP_LOSS,6.924643584521386,5.7026476578411405,4.0733197556008145,7.535641547861507,-0.20366598778004072,COMPLETE
v2.1.1,20260915_108490_PRE_HISTORY_E006_092603136701,PRE_HISTORY,108490,로보티즈,T250_S150,2026-09-15 09:26:03.136,345845.49999999994,2026-09-15 09:54:34.036,340500.0,STOP_LOSS,0.0,0.14684287812041116,-0.14684287812041116,1.4684287812041115,-0.4405286343612335,COMPLETE
v2.1.1,20260915_030530_WIDE_HIGH_GAP_SHADOW_E001_095420803976,WIDE_HIGH_GAP_SHADOW,030530,원익홀딩스,T250_S150,2026-09-15 09:54:20.803,24724.699999999997,2026-09-15 09:54:58.477,25350.0,TAKE_PROFIT,3.9447731755424065,-0.19723865877712032,2.564102564102564,4.142011834319527,-1.7751479289940828,COMPLETE
v2.1.1,20260915_058610_WIDE_HIGH_GAP_SHADOW_E002_095902108191,WIDE_HIGH_GAP_SHADOW,058610,에스피지,T250_S150,2026-09-15 09:59:02.108,104304.19999999998,2026-09-15 10:00:29.861,102700.0,STOP_LOSS,0.4868549172346641,2.3369036027263874,1.9474196689386565,3.700097370983447,-0.19474196689386564,COMPLETE
v2.1.1,20260915_058610_WIDE_HIGH_GAP_SHADOW_E001_095631408013,WIDE_HIGH_GAP_SHADOW,058610,에스피지,T250_S150,2026-09-15 09:56:31.408,104304.19999999998,2026-09-15 10:00:29.816,102700.0,STOP_LOSS,0.4868549172346641,2.3369036027263874,1.9474196689386565,3.700097370983447,-0.19474196689386564,COMPLETE
v2.1.1,20260915_030530_BASE_E002_095525426029,BASE,030530,원익홀딩스,T250_S150,2026-09-15 09:55:25.426,25825.799999999996,2026-09-15 10:01:12.963,25400.0,STOP_LOSS,-1.1811023622047243,-0.39370078740157477,2.3622047244094486,5.31496062992126,-1.968503937007874,COMPLETE
v2.1.1,20260915_030530_PRE_HISTORY_E002_095525428240,PRE_HISTORY,030530,원익홀딩스,T250_S150,2026-09-15 09:55:25.428,25825.799999999996,2026-09-15 10:01:12.999,25400.0,STOP_LOSS,-1.1811023622047243,-0.39370078740157477,2.1653543307086616,5.31496062992126,-1.968503937007874,COMPLETE
v2.1.1,20260915_032940_WIDE_HIGH_GAP_SHADOW_E002_100312866569,WIDE_HIGH_GAP_SHADOW,032940,원익,T250_S150,2026-09-15 10:03:12.866,10330.32,2026-09-15 10:03:45.985,10170.0,STOP_LOSS,0.19665683382497542,-0.2949852507374631,-0.688298918387414,1.8682399213372665,-1.966568338249754,COMPLETE
v2.1.1,20260915_030530_WIDE_HIGH_GAP_SHADOW_E003_100312847433,WIDE_HIGH_GAP_SHADOW,030530,원익홀딩스,T250_S150,2026-09-15 10:03:12.847,25625.6,2026-09-15 10:04:48.463,25200.0,STOP_LOSS,0.3968253968253968,-0.1984126984126984,3.373015873015873,6.15079365079365,-1.1904761904761905,COMPLETE
v2.1.1,20260915_030530_WIDE_HIGH_GAP_SHADOW_E004_100358506097,WIDE_HIGH_GAP_SHADOW,030530,원익홀딩스,T250_S150,2026-09-15 10:03:58.506,25525.499999999996,2026-09-15 10:06:10.124,25100.0,STOP_LOSS,0.796812749003984,2.1912350597609564,3.9840637450199203,6.573705179282868,-0.796812749003984,COMPLETE
v2.1.1,20260915_030530_WIDE_HIGH_GAP_SHADOW_E002_100143760714,WIDE_HIGH_GAP_SHADOW,030530,원익홀딩스,T250_S150,2026-09-15 10:01:43.760,25475.449999999997,2026-09-15 10:06:16.442,25050.0,STOP_LOSS,0.998003992015968,2.5948103792415167,4.191616766467066,6.786427145708583,-0.5988023952095809,COMPLETE
v2.1.1,20260915_030530_WIDE_HIGH_GAP_SHADOW_E005_100557924514,WIDE_HIGH_GAP_SHADOW,030530,원익홀딩스,T250_S150,2026-09-15 10:05:57.924,25325.299999999996,2026-09-15 10:06:35.903,24900.0,STOP_LOSS,1.4056224899598393,3.0120481927710845,4.216867469879518,7.429718875502007,0.0,COMPLETE
v2.1.1,20260915_004020_BASE_E004_100656434346,BASE,004020,현대제철,T250_S150,2026-09-15 10:06:56.434,36936.899999999994,2026-09-15 10:07:33.675,36350.0,STOP_LOSS,-0.2751031636863824,-0.2751031636863824,-1.3755158184319118,0.6877579092159559,-1.7881705639614855,COMPLETE
v2.1.1,20260915_004020_PRE_FAIL_PULLBACK_SHADOW_E004_100656438455,PRE_FAIL_PULLBACK_SHADOW,004020,현대제철,T250_S150,2026-09-15 10:06:56.438,36936.899999999994,2026-09-15 10:07:33.695,36350.0,STOP_LOSS,-0.2751031636863824,-0.2751031636863824,-1.3755158184319118,0.6877579092159559,-1.7881705639614855,COMPLETE
v2.1.1,20260915_096770_WIDE_HIGH_GAP_SHADOW_E001_092142210664,WIDE_HIGH_GAP_SHADOW,096770,SK이노베이션,T250_S150,2026-09-15 09:21:42.210,139839.69999999998,2026-09-15 10:08:25.784,143350.0,TAKE_PROFIT,-0.3139169863969306,-0.38367631670735963,-0.5929543076386466,0.03487966515521451,-1.2207882804325079,COMPLETE
v2.1.1,20260915_032940_WIDE_HIGH_GAP_SHADOW_E001_100120599474,WIDE_HIGH_GAP_SHADOW,032940,원익,T250_S150,2026-09-15 10:01:20.599,10280.269999999999,2026-09-15 10:09:00.212,10120.0,STOP_LOSS,0.09881422924901186,0.4940711462450593,-1.5810276679841897,2.371541501976284,-2.371541501976284,COMPLETE
v2.1.1,20260915_032940_WIDE_HIGH_GAP_SHADOW_E003_100421009367,WIDE_HIGH_GAP_SHADOW,032940,원익,T250_S150,2026-09-15 10:04:21.009,10240.23,2026-09-15 10:09:09.957,10080.0,STOP_LOSS,0.3968253968253968,1.0912698412698412,-1.0912698412698412,2.7777777777777777,-1.984126984126984,COMPLETE
v2.1.1,20260915_058610_WIDE_HIGH_GAP_SHADOW_E003_100143765574,WIDE_HIGH_GAP_SHADOW,058610,에스피지,T250_S150,2026-09-15 10:01:43.765,102902.79999999999,2026-09-15 10:09:31.759,105500.0,TAKE_PROFIT,-0.2843601895734597,0.09478672985781991,-1.5165876777251186,0.9478672985781991,-1.5165876777251186,COMPLETE
v2.1.1,20260915_030530_WIDE_HIGH_GAP_SHADOW_E007_100948317955,WIDE_HIGH_GAP_SHADOW,030530,원익홀딩스,T250_S150,2026-09-15 10:09:48.317,25325.299999999996,2026-09-15 10:10:45.507,24925.0,STOP_LOSS,2.106318956870612,3.911735205616851,3.009027081243731,7.3219658976930795,-0.10030090270812438,COMPLETE
v2.1.1,20260915_030530_WIDE_HIGH_GAP_SHADOW_E006_100724773967,WIDE_HIGH_GAP_SHADOW,030530,원익홀딩스,T250_S150,2026-09-15 10:07:24.773,25325.299999999996,2026-09-15 10:10:45.516,24925.0,STOP_LOSS,2.106318956870612,3.911735205616851,3.009027081243731,7.3219658976930795,-0.10030090270812438,COMPLETE
v2.1.1,20260915_125490_WIDE_HIGH_GAP_SHADOW_E003_101058599793,WIDE_HIGH_GAP_SHADOW,125490,한라캐스트,T250_S150,2026-09-15 10:10:58.599,11491.48,2026-09-15 10:13:51.370,11310.0,STOP_LOSS,2.033598585322723,1.3262599469496021,-0.3536693191865605,2.9177718832891246,-0.4420866489832007,COMPLETE
v2.1.1,20260915_030530_WIDE_HIGH_GAP_SHADOW_E009_101319850163,WIDE_HIGH_GAP_SHADOW,030530,원익홀딩스,T250_S150,2026-09-15 10:13:19.850,25575.549999999996,2026-09-15 10:14:37.187,25150.0,STOP_LOSS,3.9761431411530817,2.982107355864811,1.9880715705765408,6.36182902584493,-0.19880715705765406,COMPLETE
v2.1.1,20260915_032940_WIDE_HIGH_GAP_SHADOW_E006_101231994246,WIDE_HIGH_GAP_SHADOW,032940,원익,T250_S150,2026-09-15 10:12:31.994,10240.23,2026-09-15 10:14:39.177,10080.0,STOP_LOSS,0.7936507936507936,0.0,-1.488095238095238,2.7777777777777777,-2.380952380952381,COMPLETE
v2.1.1,20260915_032940_WIDE_HIGH_GAP_SHADOW_E004_100948335476,WIDE_HIGH_GAP_SHADOW,032940,원익,T250_S150,2026-09-15 10:09:48.335,10230.22,2026-09-15 10:14:43.863,10070.0,STOP_LOSS,1.3902681231380336,0.09930486593843098,-1.2909632571996028,2.8798411122144985,-2.284011916583913,COMPLETE
v2.1.1,20260915_000670_WIDE_HIGH_GAP_SHADOW_E002_100948348036,WIDE_HIGH_GAP_SHADOW,000670,영풍,T250_S150,2026-09-15 10:09:48.348,51151.09999999999,2026-09-15 10:15:11.392,50300.0,STOP_LOSS,0.9940357852882704,0.3976143141153081,3.180914512922465,6.163021868787276,-1.0934393638170974,COMPLETE
v2.1.1,20260915_030530_WIDE_HIGH_GAP_SHADOW_E008_101144574891,WIDE_HIGH_GAP_SHADOW,030530,원익홀딩스,T250_S150,2026-09-15 10:11:44.574,25325.299999999996,2026-09-15 10:17:21.376,26000.0,TAKE_PROFIT,-1.153846153846154,0.19230769230769232,-1.5384615384615385,2.8846153846153846,-2.1153846153846154,COMPLETE
v2.1.1,20260915_030530_WIDE_HIGH_GAP_SHADOW_E010_101523068471,WIDE_HIGH_GAP_SHADOW,030530,원익홀딩스,T250_S150,2026-09-15 10:15:23.068,25375.35,2026-09-15 10:17:21.426,26050.0,TAKE_PROFIT,-1.5355086372360844,0.0,-1.727447216890595,2.6871401151631478,-2.3032629558541267,COMPLETE
v2.1.1,20260915_336260_BASE_E003_100811663825,BASE,336260,두산퓨얼셀,T250_S150,2026-09-15 10:08:11.663,50550.49999999999,2026-09-15 10:19:30.394,49750.0,STOP_LOSS,0.7035175879396985,0.9045226130653266,6.733668341708543,9.748743718592964,-0.10050251256281408,COMPLETE
v2.1.1,20260915_030530_PRE_FAIL_PULLBACK_SHADOW_E008_101810118314,PRE_FAIL_PULLBACK_SHADOW,030530,원익홀딩스,T250_S150,2026-09-15 10:18:10.118,26276.249999999996,2026-09-15 10:20:28.584,25850.0,STOP_LOSS,0.19342359767891684,0.6769825918762089,-0.19342359767891684,3.481624758220503,-1.9342359767891684,COMPLETE
v2.1.1,20260915_030530_BASE_E008_101810114951,BASE,030530,원익홀딩스,T250_S150,2026-09-15 10:18:10.114,26276.249999999996,2026-09-15 10:20:28.634,25850.0,STOP_LOSS,0.19342359767891684,0.6769825918762089,-0.19342359767891684,3.481624758220503,-1.9342359767891684,COMPLETE
v2.1.1,20260915_004020_SHADOW_SCORE_70_74_E004_100120631422,SHADOW_SCORE_70_74,004020,현대제철,T250_S150,2026-09-15 10:01:20.631,36436.399999999994,2026-09-15 10:22:07.680,35850.0,STOP_LOSS,0.5578800557880056,0.5578800557880056,-0.2789400278940028,0.8368200836820083,-0.41841004184100417,COMPLETE
v2.1.1,20260915_032940_WIDE_HIGH_GAP_SHADOW_E007_101632718689,WIDE_HIGH_GAP_SHADOW,032940,원익,T250_S150,2026-09-15 10:16:32.718,10210.199999999999,2026-09-15 10:22:41.124,10050.0,STOP_LOSS,1.691542288557214,0.4975124378109453,-1.8905472636815919,3.084577114427861,-2.1890547263681595,COMPLETE
v2.1.1,20260915_032940_WIDE_HIGH_GAP_SHADOW_E008_102010726852,WIDE_HIGH_GAP_SHADOW,032940,원익,T250_S150,2026-09-15 10:20:10.726,10200.189999999999,2026-09-15 10:22:42.751,10040.0,STOP_LOSS,1.593625498007968,0.49800796812749004,-1.8924302788844622,3.187250996015936,-2.091633466135458,COMPLETE
v2.1.1,20260915_032940_WIDE_HIGH_GAP_SHADOW_E005_101035313650,WIDE_HIGH_GAP_SHADOW,032940,원익,T250_S150,2026-09-15 10:10:35.313,10200.189999999999,2026-09-15 10:22:42.831,10040.0,STOP_LOSS,1.593625498007968,0.29880478087649404,-1.8924302788844622,3.187250996015936,-2.091633466135458,COMPLETE
v2.1.1,20260915_332570_WIDE_HIGH_GAP_SHADOW_E001_101745455486,WIDE_HIGH_GAP_SHADOW,332570,PS일렉트로닉스,T250_S150,2026-09-15 10:17:45.455,8818.81,2026-09-15 10:23:58.674,9040.0,TAKE_PROFIT,-2.101769911504425,-2.3230088495575223,-3.8716814159292032,0.11061946902654868,-4.646017699115045,COMPLETE
v2.1.1,20260915_030530_WIDE_HIGH_GAP_SHADOW_E011_102325835225,WIDE_HIGH_GAP_SHADOW,030530,원익홀딩스,T250_S150,2026-09-15 10:23:25.835,25575.549999999996,2026-09-15 10:27:38.777,26250.0,TAKE_PROFIT,-0.38095238095238093,-1.9047619047619049,-1.8095238095238095,1.9047619047619049,-3.428571428571429,COMPLETE
v2.1.1,20260915_032940_WIDE_HIGH_GAP_SHADOW_E011_102915212384,WIDE_HIGH_GAP_SHADOW,032940,원익,T250_S150,2026-09-15 10:29:15.212,10260.249999999998,2026-09-15 10:29:55.966,10100.0,STOP_LOSS,-0.6930693069306931,-1.9801980198019802,-2.0792079207920793,0.39603960396039606,-2.6732673267326734,COMPLETE
v2.1.1,20260915_332570_WIDE_HIGH_GAP_SHADOW_E002_102939560196,WIDE_HIGH_GAP_SHADOW,332570,PS일렉트로닉스,T250_S150,2026-09-15 10:29:39.560,8818.81,2026-09-15 10:30:03.219,8680.0,STOP_LOSS,0.9216589861751152,0.3456221198156682,-0.3456221198156682,2.1889400921658986,-0.6912442396313364,COMPLETE
v2.1.1,20260915_032940_WIDE_HIGH_GAP_SHADOW_E010_102759622530,WIDE_HIGH_GAP_SHADOW,032940,원익,T250_S150,2026-09-15 10:27:59.622,10230.22,2026-09-15 10:30:01.902,10070.0,STOP_LOSS,-0.7944389275074478,-1.2909632571996028,-1.787487586891758,0.6951340615690168,-2.3833167825223436,COMPLETE
v2.1.1,20260915_032940_WIDE_HIGH_GAP_SHADOW_E009_102710106394,WIDE_HIGH_GAP_SHADOW,032940,원익,T250_S150,2026-09-15 10:27:10.106,10200.189999999999,2026-09-15 10:30:58.278,10040.0,STOP_LOSS,-1.0956175298804782,-1.0956175298804782,-1.693227091633466,0.9960159362549801,-2.091633466135458,COMPLETE
v2.1.1,20260915_332570_WIDE_HIGH_GAP_SHADOW_E005_103430005918,WIDE_HIGH_GAP_SHADOW,332570,PS일렉트로닉스,T250_S150,2026-09-15 10:34:30.005,8788.779999999999,2026-09-15 10:37:03.981,8650.0,STOP_LOSS,0.5780346820809248,0.9248554913294799,-0.8092485549132947,1.5028901734104045,-1.0404624277456647,COMPLETE
v2.1.1,20260915_000670_WIDE_HIGH_GAP_SHADOW_E003_102850734591,WIDE_HIGH_GAP_SHADOW,000670,영풍,T250_S150,2026-09-15 10:28:50.734,51151.09999999999,2026-09-15 10:37:30.070,52500.0,TAKE_PROFIT,-1.1428571428571428,-2.0952380952380953,-0.5714285714285714,1.7142857142857144,-2.666666666666667,COMPLETE
v2.1.1,20260915_108490_WIDE_HIGH_GAP_SHADOW_E007_095546849990,WIDE_HIGH_GAP_SHADOW,108490,로보티즈,T250_S150,2026-09-15 09:55:46.849,341340.99999999994,2026-09-15 10:39:26.076,336000.0,STOP_LOSS,-0.1488095238095238,-0.4464285714285714,0.744047619047619,0.818452380952381,-0.5952380952380952,COMPLETE
v2.1.1,20260915_108490_WIDE_HIGH_GAP_SHADOW_E010_101523077621,WIDE_HIGH_GAP_SHADOW,108490,로보티즈,T250_S150,2026-09-15 10:15:23.077,341340.99999999994,2026-09-15 10:39:26.107,336000.0,STOP_LOSS,-0.1488095238095238,-0.4464285714285714,0.744047619047619,0.818452380952381,-0.5952380952380952,COMPLETE
v2.1.1,20260915_108490_WIDE_HIGH_GAP_SHADOW_E009_100335280927,WIDE_HIGH_GAP_SHADOW,108490,로보티즈,T250_S150,2026-09-15 10:03:35.280,341340.99999999994,2026-09-15 10:39:26.122,336000.0,STOP_LOSS,-0.1488095238095238,-0.4464285714285714,0.744047619047619,0.818452380952381,-0.5952380952380952,COMPLETE
v2.1.1,20260915_108490_WIDE_HIGH_GAP_SHADOW_E006_095442370593,WIDE_HIGH_GAP_SHADOW,108490,로보티즈,T250_S150,2026-09-15 09:54:42.370,341340.99999999994,2026-09-15 10:39:26.158,336000.0,STOP_LOSS,-0.1488095238095238,-0.4464285714285714,0.744047619047619,0.818452380952381,-0.5952380952380952,COMPLETE
v2.1.1,20260915_108490_WIDE_HIGH_GAP_SHADOW_E011_101835145551,WIDE_HIGH_GAP_SHADOW,108490,로보티즈,T250_S150,2026-09-15 10:18:35.145,341591.24999999994,2026-09-15 10:39:26.180,336000.0,STOP_LOSS,-0.1488095238095238,-0.2976190476190476,0.744047619047619,0.818452380952381,-0.5952380952380952,COMPLETE
v2.1.1,20260915_108490_WIDE_HIGH_GAP_SHADOW_E012_102010729726,WIDE_HIGH_GAP_SHADOW,108490,로보티즈,T250_S150,2026-09-15 10:20:10.729,341340.99999999994,2026-09-15 10:39:26.201,336000.0,STOP_LOSS,-0.1488095238095238,-0.2976190476190476,0.744047619047619,0.818452380952381,-0.5952380952380952,COMPLETE
v2.1.1,20260915_108490_WIDE_HIGH_GAP_SHADOW_E013_102618912193,WIDE_HIGH_GAP_SHADOW,108490,로보티즈,T250_S150,2026-09-15 10:26:18.912,341591.24999999994,2026-09-15 10:39:26.209,336000.0,STOP_LOSS,-0.1488095238095238,-0.2976190476190476,0.744047619047619,0.818452380952381,-0.5952380952380952,COMPLETE
v2.1.1,20260915_000670_WIDE_HIGH_GAP_SHADOW_E004_103318274971,WIDE_HIGH_GAP_SHADOW,000670,영풍,T250_S150,2026-09-15 10:33:18.274,51351.299999999996,2026-09-15 10:39:31.387,53000.0,TAKE_PROFIT,-2.2641509433962264,-3.018867924528302,-1.509433962264151,0.7547169811320755,-3.5849056603773586,COMPLETE
v2.1.1,20260915_108490_WIDE_HIGH_GAP_SHADOW_E008_095924664834,WIDE_HIGH_GAP_SHADOW,108490,로보티즈,T250_S150,2026-09-15 09:59:24.664,340840.49999999994,2026-09-15 10:39:44.291,335500.0,STOP_LOSS,-0.14903129657228018,-0.14903129657228018,0.8941877794336811,1.0432190760059614,-0.44709388971684055,COMPLETE
v2.1.1,20260915_093370_WIDE_HIGH_GAP_SHADOW_E001_102850709146,WIDE_HIGH_GAP_SHADOW,093370,후성,T250_S150,2026-09-15 10:28:50.709,14804.789999999999,2026-09-15 10:40:17.189,14580.0,STOP_LOSS,1.0973936899862824,0.48010973936899864,2.194787379972565,2.400548696844993,-0.1371742112482853,COMPLETE
v2.1.1,20260915_000670_BASE_E001_103805989492,BASE,000670,영풍,T250_S150,2026-09-15 10:38:05.989,52552.49999999999,2026-09-15 10:40:51.671,51700.0,STOP_LOSS,0.19342359767891684,-0.9671179883945842,0.7736943907156674,1.7408123791102514,-1.160541586073501,COMPLETE
v2.1.1,20260915_000670_PRE_HISTORY_E001_103805993855,PRE_HISTORY,000670,영풍,T250_S150,2026-09-15 10:38:05.993,52552.49999999999,2026-09-15 10:40:51.704,51700.0,STOP_LOSS,0.19342359767891684,-0.9671179883945842,0.7736943907156674,1.7408123791102514,-1.160541586073501,COMPLETE
v2.1.1,20260915_017900_WIDE_HIGH_GAP_SHADOW_E003_104207857688,WIDE_HIGH_GAP_SHADOW,017900,광전자,T250_S150,2026-09-15 10:42:07.857,11211.199999999999,2026-09-15 10:42:22.891,11040.0,STOP_LOSS,-2.4456521739130435,-1.0869565217391304,-2.717391304347826,0.9963768115942028,-3.804347826086957,COMPLETE
v2.1.1,20260915_125490_WIDE_HIGH_GAP_SHADOW_E004_101409110141,WIDE_HIGH_GAP_SHADOW,125490,한라캐스트,T250_S150,2026-09-15 10:14:09.110,11471.46,2026-09-15 10:42:30.177,11290.0,STOP_LOSS,-0.1771479185119575,1.328609388839681,2.657218777679362,4.0744021257750225,-0.2657218777679362,COMPLETE
v2.1.1,20260915_125490_WIDE_HIGH_GAP_SHADOW_E001_100033628457,WIDE_HIGH_GAP_SHADOW,125490,한라캐스트,T250_S150,2026-09-15 10:00:33.628,11461.449999999999,2026-09-15 10:42:30.236,11280.0,STOP_LOSS,-0.08865248226950355,1.4184397163120568,2.8368794326241136,4.166666666666666,-0.1773049645390071,COMPLETE
v2.1.1,20260915_125490_WIDE_HIGH_GAP_SHADOW_E005_102235861918,WIDE_HIGH_GAP_SHADOW,125490,한라캐스트,T250_S150,2026-09-15 10:22:35.861,11461.449999999999,2026-09-15 10:42:30.287,11280.0,STOP_LOSS,-0.08865248226950355,1.4184397163120568,2.8368794326241136,4.166666666666666,-0.1773049645390071,COMPLETE
v2.1.1,20260915_017900_WIDE_HIGH_GAP_SHADOW_E002_104110617931,WIDE_HIGH_GAP_SHADOW,017900,광전자,T250_S150,2026-09-15 10:41:10.617,11191.179999999998,2026-09-15 10:43:14.481,11020.0,STOP_LOSS,-1.8148820326678767,-1.3611615245009074,-2.1778584392014517,0.18148820326678766,-3.6297640653357535,COMPLETE
v2.1.1,20260915_332570_WIDE_HIGH_GAP_SHADOW_E006_103834294766,WIDE_HIGH_GAP_SHADOW,332570,PS일렉트로닉스,T250_S150,2026-09-15 10:38:34.294,8788.779999999999,2026-09-15 10:44:07.732,8650.0,STOP_LOSS,0.5780346820809248,0.46242774566473993,0.0,1.2716763005780347,-1.2716763005780347,COMPLETE
v2.1.1,20260915_336260_PRE_HISTORY_E011_104443451369,PRE_HISTORY,336260,두산퓨얼셀,T250_S150,2026-09-15 10:44:43.451,52051.99999999999,2026-09-15 10:46:27.679,53400.0,TAKE_PROFIT,-1.6853932584269662,-1.6853932584269662,-3.5580524344569286,2.247191011235955,-3.932584269662921,COMPLETE
v2.1.1,20260915_336260_BASE_E011_104416105342,BASE,336260,두산퓨얼셀,T250_S150,2026-09-15 10:44:16.105,51951.899999999994,2026-09-15 10:46:27.279,53300.0,TAKE_PROFIT,-1.6885553470919326,-1.5009380863039399,-3.377110694183865,2.4390243902439024,-3.75234521575985,COMPLETE
v2.1.1,20260915_336260_PRE_FAIL_PULLBACK_SHADOW_E011_104416108607,PRE_FAIL_PULLBACK_SHADOW,336260,두산퓨얼셀,T250_S150,2026-09-15 10:44:16.108,51951.899999999994,2026-09-15 10:46:27.276,53300.0,TAKE_PROFIT,-1.6885553470919326,-1.5009380863039399,-3.377110694183865,2.4390243902439024,-3.75234521575985,COMPLETE
v2.1.1,20260915_030530_WIDE_HIGH_GAP_SHADOW_E013_103718573918,WIDE_HIGH_GAP_SHADOW,030530,원익홀딩스,T250_S150,2026-09-15 10:37:18.573,25825.799999999996,2026-09-15 10:49:07.885,25400.0,STOP_LOSS,1.7716535433070866,0.984251968503937,1.7716535433070866,2.952755905511811,-0.19685039370078738,COMPLETE
v2.1.1,20260915_030530_WIDE_HIGH_GAP_SHADOW_E012_103542291037,WIDE_HIGH_GAP_SHADOW,030530,원익홀딩스,T250_S150,2026-09-15 10:35:42.291,25825.799999999996,2026-09-15 10:49:07.989,25400.0,STOP_LOSS,1.7716535433070866,0.984251968503937,1.968503937007874,2.952755905511811,-0.19685039370078738,COMPLETE
v2.1.1,20260915_030530_WIDE_HIGH_GAP_SHADOW_E015_104534935081,WIDE_HIGH_GAP_SHADOW,030530,원익홀딩스,T250_S150,2026-09-15 10:45:34.935,25750.725,2026-09-15 10:49:10.178,25350.0,STOP_LOSS,1.9723865877712032,1.183431952662722,1.9723865877712032,3.155818540433925,0.0,COMPLETE
v2.1.1,20260915_336260_WIDE_HIGH_GAP_SHADOW_E003_105133066570,WIDE_HIGH_GAP_SHADOW,336260,두산퓨얼셀,T250_S150,2026-09-15 10:51:33.066,52552.49999999999,2026-09-15 10:53:14.568,53900.0,TAKE_PROFIT,-3.339517625231911,-3.339517625231911,-4.452690166975881,0.1855287569573284,-4.823747680890538,COMPLETE
v2.1.1,20260915_336260_BASE_E014_105430457356,BASE,336260,두산퓨얼셀,T250_S150,2026-09-15 10:54:30.457,53953.899999999994,2026-09-15 10:55:04.697,53100.0,STOP_LOSS,-3.0131826741996233,-2.6365348399246704,-3.2015065913371,0.3766478342749529,-4.3314500941619585,COMPLETE
v2.1.1,20260915_336260_PRE_FAIL_PULLBACK_SHADOW_E014_105430460462,PRE_FAIL_PULLBACK_SHADOW,336260,두산퓨얼셀,T250_S150,2026-09-15 10:54:30.460,53953.899999999994,2026-09-15 10:55:04.745,53100.0,STOP_LOSS,-3.0131826741996233,-2.6365348399246704,-3.2015065913371,0.3766478342749529,-4.3314500941619585,COMPLETE
v2.1.1,20260915_336260_WIDE_HIGH_GAP_SHADOW_E002_104925985283,WIDE_HIGH_GAP_SHADOW,336260,두산퓨얼셀,T250_S150,2026-09-15 10:49:25.985,52952.899999999994,2026-09-15 10:57:24.857,52100.0,STOP_LOSS,-0.3838771593090211,-0.5758157389635317,-1.5355086372360844,0.7677543186180422,-2.495201535508637,COMPLETE
v2.1.1,20260915_336260_WIDE_HIGH_GAP_SHADOW_E001_104835064757,WIDE_HIGH_GAP_SHADOW,336260,두산퓨얼셀,T250_S150,2026-09-15 10:48:35.064,52852.799999999996,2026-09-15 10:57:28.124,52000.0,STOP_LOSS,-0.19230769230769232,-0.38461538461538464,-1.3461538461538463,0.9615384615384616,-2.307692307692308,COMPLETE
v2.1.1,20260915_336260_WIDE_HIGH_GAP_SHADOW_E004_105641387599,WIDE_HIGH_GAP_SHADOW,336260,두산퓨얼셀,T250_S150,2026-09-15 10:56:41.387,52752.7,2026-09-15 10:57:30.048,51900.0,STOP_LOSS,0.0,-0.3853564547206166,-1.1560693641618496,1.1560693641618496,-2.119460500963391,COMPLETE
v2.1.1,20260915_036540_SHADOW_SCORE_70_74_E002_102710135354,SHADOW_SCORE_70_74,036540,SFA반도체,T250_S150,2026-09-15 10:27:10.135,8378.369999999999,2026-09-15 10:57:31.478,8590.0,TAKE_PROFIT,-0.23282887077997672,0.5820721769499418,3.608847497089639,3.608847497089639,-0.6984866123399301,COMPLETE
v2.1.1,20260915_332570_WIDE_HIGH_GAP_SHADOW_E004_103342379374,WIDE_HIGH_GAP_SHADOW,332570,PS일렉트로닉스,T250_S150,2026-09-15 10:33:42.379,8748.74,2026-09-15 11:00:05.776,8610.0,STOP_LOSS,0.0,-0.34843205574912894,0.8130081300813009,1.5098722415795587,-0.8130081300813009,COMPLETE
v2.1.1,20260915_332570_WIDE_HIGH_GAP_SHADOW_E010_105312467385,WIDE_HIGH_GAP_SHADOW,332570,PS일렉트로닉스,T250_S150,2026-09-15 10:53:12.467,8708.699999999999,2026-09-15 11:00:23.913,8570.0,STOP_LOSS,0.2333722287047841,0.2333722287047841,1.5169194865810969,1.9836639439906651,-0.3500583430571762,COMPLETE
v2.1.1,20260915_332570_WIDE_HIGH_GAP_SHADOW_E007_104207872067,WIDE_HIGH_GAP_SHADOW,332570,PS일렉트로닉스,T250_S150,2026-09-15 10:42:07.872,8708.699999999999,2026-09-15 11:00:23.899,8570.0,STOP_LOSS,0.2333722287047841,0.2333722287047841,1.5169194865810969,1.9836639439906651,-0.3500583430571762,COMPLETE
v2.1.1,20260915_332570_WIDE_HIGH_GAP_SHADOW_E003_103254167831,WIDE_HIGH_GAP_SHADOW,332570,PS일렉트로닉스,T250_S150,2026-09-15 10:32:54.167,8708.699999999999,2026-09-15 11:00:23.946,8570.0,STOP_LOSS,0.2333722287047841,0.2333722287047841,1.5169194865810969,1.9836639439906651,-0.3500583430571762,COMPLETE
v2.1.1,20260915_332570_WIDE_HIGH_GAP_SHADOW_E009_104951822715,WIDE_HIGH_GAP_SHADOW,332570,PS일렉트로닉스,T250_S150,2026-09-15 10:49:51.822,8698.689999999999,2026-09-15 11:00:32.747,8560.0,STOP_LOSS,0.35046728971962615,0.35046728971962615,1.6355140186915886,2.102803738317757,-0.23364485981308408,COMPLETE
v2.1.1,20260915_332570_WIDE_HIGH_GAP_SHADOW_E008_104443398180,WIDE_HIGH_GAP_SHADOW,332570,PS일렉트로닉스,T250_S150,2026-09-15 10:44:43.398,8698.689999999999,2026-09-15 11:00:32.680,8560.0,STOP_LOSS,0.35046728971962615,0.35046728971962615,1.6355140186915886,2.102803738317757,-0.23364485981308408,COMPLETE
v2.1.1,20260915_332570_WIDE_HIGH_GAP_SHADOW_E011_105524111072,WIDE_HIGH_GAP_SHADOW,332570,PS일렉트로닉스,T250_S150,2026-09-15 10:55:24.111,8698.689999999999,2026-09-15 11:00:32.751,8560.0,STOP_LOSS,0.35046728971962615,0.35046728971962615,1.6355140186915886,2.102803738317757,-0.23364485981308408,COMPLETE
v2.1.1,20260915_125490_WIDE_HIGH_GAP_SHADOW_E006_104416054424,WIDE_HIGH_GAP_SHADOW,125490,한라캐스트,T250_S150,2026-09-15 10:44:16.054,11321.31,2026-09-15 11:07:58.479,11610.0,TAKE_PROFIT,-0.2583979328165375,0.6029285099052542,-0.34453057708871665,1.2058570198105083,-0.9474590869939706,COMPLETE
v2.1.1,20260915_125490_WIDE_HIGH_GAP_SHADOW_E007_104809487414,WIDE_HIGH_GAP_SHADOW,125490,한라캐스트,T250_S150,2026-09-15 10:48:09.487,11391.38,2026-09-15 11:09:00.904,11680.0,TAKE_PROFIT,-0.4280821917808219,0.4280821917808219,-1.0273972602739725,0.5993150684931506,-1.5410958904109588,COMPLETE
v2.1.1,20260915_125490_WIDE_HIGH_GAP_SHADOW_E002_100120592690,WIDE_HIGH_GAP_SHADOW,125490,한라캐스트,T250_S150,2026-09-15 10:01:20.592,11421.409999999998,2026-09-15 11:09:05.399,11710.0,TAKE_PROFIT,-0.6831767719897524,0.08539709649871904,-1.2809564474807857,0.3415883859948762,-1.7933390264730997,COMPLETE
v2.1.1,20260915_054920_WIDE_HIGH_GAP_SHADOW_E001_110357089164,WIDE_HIGH_GAP_SHADOW,054920,한컴위드,T250_S150,2026-09-15 11:03:57.089,4829.825,2026-09-15 11:11:56.802,4755.0,STOP_LOSS,5.3627760252365935,5.3627760252365935,9.989484752891693,9.989484752891693,-0.5257623554153523,COMPLETE
v2.1.1,20260915_054920_WIDE_HIGH_GAP_SHADOW_E002_110449671061,WIDE_HIGH_GAP_SHADOW,054920,한컴위드,T250_S150,2026-09-15 11:04:49.671,4839.834999999999,2026-09-15 11:11:56.715,4765.0,STOP_LOSS,5.141657922350472,5.141657922350472,9.758656873032528,9.758656873032528,-0.7345225603357817,COMPLETE
v2.1.1,20260915_054920_WIDE_HIGH_GAP_SHADOW_E003_110847810282,WIDE_HIGH_GAP_SHADOW,054920,한컴위드,T250_S150,2026-09-15 11:08:47.810,4824.82,2026-09-15 11:11:56.885,4750.0,STOP_LOSS,5.263157894736842,5.473684210526316,10.105263157894736,10.105263157894736,-0.42105263157894735,COMPLETE
v2.1.1,20260915_336260_WIDE_HIGH_GAP_SHADOW_E005_110915348513,WIDE_HIGH_GAP_SHADOW,336260,두산퓨얼셀,T250_S150,2026-09-15 11:09:15.348,52252.2,2026-09-15 11:13:24.862,51400.0,STOP_LOSS,0.5836575875486382,-0.38910505836575876,0.0,1.1673151750972763,-1.1673151750972763,COMPLETE
v2.1.1,20260915_054920_WIDE_HIGH_GAP_SHADOW_E004_111403564408,WIDE_HIGH_GAP_SHADOW,054920,한컴위드,T250_S150,2026-09-15 11:14:03.564,4844.839999999999,2026-09-15 11:15:48.164,4970.0,TAKE_PROFIT,0.2012072434607646,5.23138832997988,5.23138832997988,5.23138832997988,-1.0060362173038229,COMPLETE
v2.1.1,20260915_000670_WIDE_HIGH_GAP_SHADOW_E008_105312483619,WIDE_HIGH_GAP_SHADOW,000670,영풍,T250_S150,2026-09-15 10:53:12.483,51851.799999999996,2026-09-15 11:25:00.511,51000.0,STOP_LOSS,0.5882352941176471,0.7843137254901961,0.9803921568627451,2.549019607843137,0.0,COMPLETE
v2.1.1,20260915_000670_WIDE_HIGH_GAP_SHADOW_E010_111429950919,WIDE_HIGH_GAP_SHADOW,000670,영풍,T250_S150,2026-09-15 11:14:29.950,51851.799999999996,2026-09-15 11:25:00.530,51000.0,STOP_LOSS,0.5882352941176471,0.7843137254901961,0.9803921568627451,2.549019607843137,0.0,COMPLETE
v2.1.1,20260915_000670_WIDE_HIGH_GAP_SHADOW_E007_104600794703,WIDE_HIGH_GAP_SHADOW,000670,영풍,T250_S150,2026-09-15 10:46:00.794,51851.799999999996,2026-09-15 11:25:00.559,51000.0,STOP_LOSS,0.5882352941176471,0.7843137254901961,0.9803921568627451,2.549019607843137,0.0,COMPLETE
v2.1.1,20260915_000670_WIDE_HIGH_GAP_SHADOW_E006_104324007041,WIDE_HIGH_GAP_SHADOW,000670,영풍,T250_S150,2026-09-15 10:43:24.007,51851.799999999996,2026-09-15 11:25:00.672,51000.0,STOP_LOSS,0.5882352941176471,0.7843137254901961,0.9803921568627451,2.549019607843137,0.0,COMPLETE
v2.1.1,20260915_000670_WIDE_HIGH_GAP_SHADOW_E009_110517227447,WIDE_HIGH_GAP_SHADOW,000670,영풍,T250_S150,2026-09-15 11:05:17.227,51851.799999999996,2026-09-15 11:25:00.690,51000.0,STOP_LOSS,0.5882352941176471,0.7843137254901961,0.9803921568627451,2.549019607843137,0.0,COMPLETE
v2.1.1,20260915_030530_WIDE_HIGH_GAP_SHADOW_E018_105614489708,WIDE_HIGH_GAP_SHADOW,030530,원익홀딩스,T250_S150,2026-09-15 10:56:14.489,25925.899999999998,2026-09-15 11:28:00.370,25525.0,STOP_LOSS,-0.0979431929480901,-0.0979431929480901,-0.6856023506366308,0.6856023506366308,-1.2732615083251715,COMPLETE
v2.1.1,20260915_030530_WIDE_HIGH_GAP_SHADOW_E019_110915358906,WIDE_HIGH_GAP_SHADOW,030530,원익홀딩스,T250_S150,2026-09-15 11:09:15.358,25925.899999999998,2026-09-15 11:28:00.389,25525.0,STOP_LOSS,-0.0979431929480901,0.0979431929480901,-0.6856023506366308,0.6856023506366308,-1.2732615083251715,COMPLETE
v2.1.1,20260915_356680_BASE_E001_112657956704,BASE,356680,엑스게이트,T250_S150,2026-09-15 11:26:57.956,18338.32,2026-09-15 11:28:15.838,18060.0,STOP_LOSS,-1.7718715393133997,-2.1594684385382057,-1.716500553709856,0.7751937984496124,-3.0454042081949058,COMPLETE
v2.1.1,20260915_356680_PRE_HISTORY_E001_112657967321,PRE_HISTORY,356680,엑스게이트,T250_S150,2026-09-15 11:26:57.967,18338.32,2026-09-15 11:28:15.957,18060.0,STOP_LOSS,-1.7718715393133997,-2.1594684385382057,-1.716500553709856,0.7751937984496124,-3.0454042081949058,COMPLETE
v2.1.1,20260915_356680_SHADOW_SCORE_70_74_E001_112537074552,SHADOW_SCORE_70_74,356680,엑스게이트,T250_S150,2026-09-15 11:25:37.074,18148.129999999997,2026-09-15 11:30:15.181,17870.0,STOP_LOSS,-1.0632344711807498,-0.8953553441522105,-0.22383883603805263,0.5036373810856184,-2.0145495243424736,COMPLETE
v2.1.1,20260915_413630_WIDE_HIGH_GAP_SHADOW_E001_112510304765,WIDE_HIGH_GAP_SHADOW,413630,씨피시스템,T250_S150,2026-09-15 11:25:10.304,4394.389999999999,2026-09-15 11:32:16.204,4325.0,STOP_LOSS,-0.5780346820809248,-0.6936416184971098,-1.0404624277456647,0.8092485549132947,-1.1560693641618496,COMPLETE
v2.1.1,20260915_004020_WIDE_HIGH_GAP_SHADOW_E003_102529429974,WIDE_HIGH_GAP_SHADOW,004020,현대제철,T250_S150,2026-09-15 10:25:29.429,36086.049999999996,2026-09-15 11:33:36.761,35500.0,STOP_LOSS,0.14084507042253522,0.0,-0.42253521126760557,0.42253521126760557,-0.5633802816901409,COMPLETE
v2.1.1,20260915_004020_WIDE_HIGH_GAP_SHADOW_E001_101946519275,WIDE_HIGH_GAP_SHADOW,004020,현대제철,T250_S150,2026-09-15 10:19:46.519,36086.049999999996,2026-09-15 11:33:36.656,35500.0,STOP_LOSS,0.14084507042253522,0.0,-0.42253521126760557,0.42253521126760557,-0.5633802816901409,COMPLETE
v2.1.1,20260915_004020_WIDE_HIGH_GAP_SHADOW_E005_103342348155,WIDE_HIGH_GAP_SHADOW,004020,현대제철,T250_S150,2026-09-15 10:33:42.348,36086.049999999996,2026-09-15 11:33:36.865,35500.0,STOP_LOSS,0.14084507042253522,-0.14084507042253522,-0.42253521126760557,0.42253521126760557,-0.5633802816901409,COMPLETE
v2.1.1,20260915_004020_WIDE_HIGH_GAP_SHADOW_E004_102618858865,WIDE_HIGH_GAP_SHADOW,004020,현대제철,T250_S150,2026-09-15 10:26:18.858,36086.049999999996,2026-09-15 11:33:37.036,35500.0,STOP_LOSS,0.14084507042253522,-0.14084507042253522,-0.42253521126760557,0.42253521126760557,-0.5633802816901409,COMPLETE
v2.1.1,20260915_004020_WIDE_HIGH_GAP_SHADOW_E002_102148409159,WIDE_HIGH_GAP_SHADOW,004020,현대제철,T250_S150,2026-09-15 10:21:48.409,36035.99999999999,2026-09-15 11:33:44.168,35450.0,STOP_LOSS,0.4231311706629055,0.0,-0.4231311706629055,0.5641748942172073,-0.4231311706629055,COMPLETE
v2.1.1,20260915_093370_WIDE_HIGH_GAP_SHADOW_E002_110147651541,WIDE_HIGH_GAP_SHADOW,093370,후성,T250_S150,2026-09-15 11:01:47.651,14794.779999999999,2026-09-15 11:46:09.885,15170.0,TAKE_PROFIT,-0.7910349373764008,-1.054713249835201,-1.911667765326302,0.0,-1.977587343441002,COMPLETE
v2.1.1,20260915_030530_WIDE_HIGH_GAP_SHADOW_E014_104323985349,WIDE_HIGH_GAP_SHADOW,030530,원익홀딩스,T250_S150,2026-09-15 10:43:23.985,25625.6,2026-09-15 11:54:18.357,25200.0,STOP_LOSS,0.1984126984126984,-0.3968253968253968,-0.5952380952380952,0.7936507936507936,-1.3888888888888888,COMPLETE
v2.1.1,20260915_030530_WIDE_HIGH_GAP_SHADOW_E017_104951808316,WIDE_HIGH_GAP_SHADOW,030530,원익홀딩스,T250_S150,2026-09-15 10:49:51.808,25625.6,2026-09-15 11:54:18.389,25200.0,STOP_LOSS,0.1984126984126984,-0.3968253968253968,-0.5952380952380952,0.7936507936507936,-1.3888888888888888,COMPLETE
v2.1.1,20260915_030530_WIDE_HIGH_GAP_SHADOW_E020_113321031185,WIDE_HIGH_GAP_SHADOW,030530,원익홀딩스,T250_S150,2026-09-15 11:33:21.031,25675.649999999998,2026-09-15 11:54:18.274,25250.0,STOP_LOSS,0.0,-0.594059405940594,-0.7920792079207921,0.594059405940594,-1.5841584158415842,COMPLETE
v2.1.1,20260915_0015N0_WIDE_HIGH_GAP_SHADOW_E003_111942956887,WIDE_HIGH_GAP_SHADOW,0015N0,아로마티카,T250_S150,2026-09-15 11:19:42.956,13043.029999999999,2026-09-15 11:59:10.750,13370.0,TAKE_PROFIT,-2.169035153328347,-2.094240837696335,-3.066566940912491,0.9723261032161555,-3.1413612565445024,COMPLETE
v2.1.1,20260915_0015N0_WIDE_HIGH_GAP_SHADOW_E004_112356218505,WIDE_HIGH_GAP_SHADOW,0015N0,아로마티카,T250_S150,2026-09-15 11:23:56.218,13023.009999999998,2026-09-15 11:59:06.727,13350.0,TAKE_PROFIT,-1.947565543071161,-1.947565543071161,-2.9213483146067416,1.1235955056179776,-2.9962546816479403,COMPLETE
v2.1.1,20260915_0015N0_WIDE_HIGH_GAP_SHADOW_E002_105614505640,WIDE_HIGH_GAP_SHADOW,0015N0,아로마티카,T250_S150,2026-09-15 10:56:14.505,13043.029999999999,2026-09-15 11:59:10.767,13370.0,TAKE_PROFIT,-2.169035153328347,-2.094240837696335,-3.066566940912491,0.9723261032161555,-3.1413612565445024,COMPLETE
v2.1.1,20260915_0015N0_WIDE_HIGH_GAP_SHADOW_E001_105430420610,WIDE_HIGH_GAP_SHADOW,0015N0,아로마티카,T250_S150,2026-09-15 10:54:30.420,13043.029999999999,2026-09-15 11:59:10.785,13370.0,TAKE_PROFIT,-2.169035153328347,-2.094240837696335,-3.066566940912491,0.9723261032161555,-3.1413612565445024,COMPLETE
v2.1.1,20260915_0015N0_WIDE_HIGH_GAP_SHADOW_E005_112657908960,WIDE_HIGH_GAP_SHADOW,0015N0,아로마티카,T250_S150,2026-09-15 11:26:57.908,13023.009999999998,2026-09-15 11:59:06.755,13350.0,TAKE_PROFIT,-1.947565543071161,-1.947565543071161,-2.9213483146067416,1.1235955056179776,-2.9962546816479403,COMPLETE
v2.1.1,20260915_0015N0_WIDE_HIGH_GAP_SHADOW_E006_113816707921,WIDE_HIGH_GAP_SHADOW,0015N0,아로마티카,T250_S150,2026-09-15 11:38:16.707,13023.009999999998,2026-09-15 11:59:06.822,13350.0,TAKE_PROFIT,-1.947565543071161,-1.947565543071161,-2.9213483146067416,1.1235955056179776,-2.9962546816479403,COMPLETE
v2.1.1,20260915_332570_WIDE_HIGH_GAP_SHADOW_E012_112240116277,WIDE_HIGH_GAP_SHADOW,332570,PS일렉트로닉스,T250_S150,2026-09-15 11:22:40.116,8738.73,2026-09-15 11:59:16.002,8600.0,STOP_LOSS,-0.11627906976744186,-0.46511627906976744,-0.9302325581395349,0.23255813953488372,-1.3953488372093024,COMPLETE
v2.1.1,20260915_030530_WIDE_HIGH_GAP_SHADOW_E024_114454716671,WIDE_HIGH_GAP_SHADOW,030530,원익홀딩스,T250_S150,2026-09-15 11:44:54.716,25575.549999999996,2026-09-15 12:00:09.679,25175.0,STOP_LOSS,-0.29791459781529295,-0.09930486593843098,-0.5958291956305859,0.49652432969215493,-1.2909632571996028,COMPLETE
v2.1.1,20260915_030530_WIDE_HIGH_GAP_SHADOW_E016_104835079371,WIDE_HIGH_GAP_SHADOW,030530,원익홀딩스,T250_S150,2026-09-15 10:48:35.079,25575.549999999996,2026-09-15 12:00:09.694,25175.0,STOP_LOSS,-0.29791459781529295,-0.09930486593843098,-0.5958291956305859,0.49652432969215493,-1.2909632571996028,COMPLETE
v2.1.1,20260915_030530_WIDE_HIGH_GAP_SHADOW_E022_113750437121,WIDE_HIGH_GAP_SHADOW,030530,원익홀딩스,T250_S150,2026-09-15 11:37:50.437,25575.549999999996,2026-09-15 12:00:09.701,25175.0,STOP_LOSS,-0.29791459781529295,-0.09930486593843098,-0.5958291956305859,0.49652432969215493,-1.2909632571996028,COMPLETE
v2.1.1,20260915_030530_WIDE_HIGH_GAP_SHADOW_E023_114030174153,WIDE_HIGH_GAP_SHADOW,030530,원익홀딩스,T250_S150,2026-09-15 11:40:30.174,25575.549999999996,2026-09-15 12:00:09.710,25175.0,STOP_LOSS,-0.29791459781529295,-0.09930486593843098,-0.5958291956305859,0.49652432969215493,-1.2909632571996028,COMPLETE
v2.1.1,20260915_030530_WIDE_HIGH_GAP_SHADOW_E021_113629740017,WIDE_HIGH_GAP_SHADOW,030530,원익홀딩스,T250_S150,2026-09-15 11:36:29.740,25575.549999999996,2026-09-15 12:00:09.719,25175.0,STOP_LOSS,-0.29791459781529295,-0.09930486593843098,-0.5958291956305859,0.49652432969215493,-1.2909632571996028,COMPLETE
v2.1.1,20260915_332570_WIDE_HIGH_GAP_SHADOW_E015_114711489431,WIDE_HIGH_GAP_SHADOW,332570,PS일렉트로닉스,T250_S150,2026-09-15 11:47:11.489,8708.699999999999,2026-09-15 12:00:32.665,8570.0,STOP_LOSS,0.2333722287047841,0.0,-0.7001166861143524,0.5834305717619603,-1.0501750291715286,COMPLETE
v2.1.1,20260915_108490_WIDE_HIGH_GAP_SHADOW_E021_113442666066,WIDE_HIGH_GAP_SHADOW,108490,로보티즈,T250_S150,2026-09-15 11:34:42.666,341340.99999999994,2026-09-15 12:01:26.011,336000.0,STOP_LOSS,-0.1488095238095238,0.2976190476190476,-0.1488095238095238,0.2976190476190476,-0.8928571428571428,COMPLETE
v2.1.1,20260915_108490_WIDE_HIGH_GAP_SHADOW_E024_114428752846,WIDE_HIGH_GAP_SHADOW,108490,로보티즈,T250_S150,2026-09-15 11:44:28.752,341340.99999999994,2026-09-15 12:01:26.023,336000.0,STOP_LOSS,-0.1488095238095238,0.2976190476190476,-0.1488095238095238,0.2976190476190476,-0.8928571428571428,COMPLETE
v2.1.1,20260915_108490_WIDE_HIGH_GAP_SHADOW_E022_114056465641,WIDE_HIGH_GAP_SHADOW,108490,로보티즈,T250_S150,2026-09-15 11:40:56.465,341340.99999999994,2026-09-15 12:01:25.978,336000.0,STOP_LOSS,-0.1488095238095238,0.2976190476190476,-0.1488095238095238,0.2976190476190476,-0.8928571428571428,COMPLETE
v2.1.1,20260915_108490_WIDE_HIGH_GAP_SHADOW_E019_111917063719,WIDE_HIGH_GAP_SHADOW,108490,로보티즈,T250_S150,2026-09-15 11:19:17.063,341340.99999999994,2026-09-15 12:01:26.045,336000.0,STOP_LOSS,-0.1488095238095238,0.2976190476190476,-0.1488095238095238,0.2976190476190476,-0.8928571428571428,COMPLETE
v2.1.1,20260915_108490_WIDE_HIGH_GAP_SHADOW_E023_114215184376,WIDE_HIGH_GAP_SHADOW,108490,로보티즈,T250_S150,2026-09-15 11:42:15.184,341090.74999999994,2026-09-15 12:03:19.240,335500.0,STOP_LOSS,0.14903129657228018,0.0,-0.14903129657228018,0.44709388971684055,-0.7451564828614009,COMPLETE
v2.1.1,20260915_108490_WIDE_HIGH_GAP_SHADOW_E020_112240123599,WIDE_HIGH_GAP_SHADOW,108490,로보티즈,T250_S150,2026-09-15 11:22:40.123,340339.99999999994,2026-09-15 12:03:19.528,335000.0,STOP_LOSS,0.2985074626865672,0.0,0.1492537313432836,0.5970149253731344,-0.5970149253731344,COMPLETE
v2.1.1,20260915_332570_WIDE_HIGH_GAP_SHADOW_E014_112631032325,WIDE_HIGH_GAP_SHADOW,332570,PS일렉트로닉스,T250_S150,2026-09-15 11:26:31.032,8698.689999999999,2026-09-15 12:06:58.857,8560.0,STOP_LOSS,0.11682242990654204,0.23364485981308408,-0.35046728971962615,0.35046728971962615,-0.9345794392523363,COMPLETE
v2.1.1,20260915_332570_WIDE_HIGH_GAP_SHADOW_E013_112510309300,WIDE_HIGH_GAP_SHADOW,332570,PS일렉트로닉스,T250_S150,2026-09-15 11:25:10.309,8698.689999999999,2026-09-15 12:06:58.886,8560.0,STOP_LOSS,0.11682242990654204,0.23364485981308408,-0.35046728971962615,0.35046728971962615,-0.9345794392523363,COMPLETE
v2.1.1,20260915_000990_ORB_DIRECT_E002_092212369546,ORB_DIRECT,000990,DB하이텍,T250_S150,2026-09-15 09:22:12.369,117917.79999999999,2026-09-15 12:09:32.559,116100.0,STOP_LOSS,0.08613264427217916,0.08613264427217916,0.7751937984496124,0.7751937984496124,-0.08613264427217916,COMPLETE
v2.1.1,20260915_158430_BASE_E001_121359309820,BASE,158430,아톤,T250_S150,2026-09-15 12:13:59.309,5475.469999999999,2026-09-15 12:14:41.201,5390.0,STOP_LOSS,1.6697588126159555,2.0408163265306123,7.050092764378478,9.647495361781075,-0.3710575139146568,COMPLETE
v2.1.1,20260915_158430_PRE_FAIL_PULLBACK_SHADOW_E001_121359314298,PRE_FAIL_PULLBACK_SHADOW,158430,아톤,T250_S150,2026-09-15 12:13:59.314,5475.469999999999,2026-09-15 12:14:41.145,5390.0,STOP_LOSS,1.6697588126159555,2.0408163265306123,7.050092764378478,9.647495361781075,-0.3710575139146568,COMPLETE
v2.1.1,20260915_042510_WIDE_HIGH_GAP_SHADOW_E001_121622421589,WIDE_HIGH_GAP_SHADOW,042510,라온시큐어,T250_S150,2026-09-15 12:16:22.421,12542.529999999999,2026-09-15 12:19:29.543,12860.0,TAKE_PROFIT,2.177293934681182,-1.3219284603421462,0.38880248833592534,4.5101088646967336,-1.7107309486780715,COMPLETE
v2.1.1,20260915_042510_WIDE_HIGH_GAP_SHADOW_E002_121752903678,WIDE_HIGH_GAP_SHADOW,042510,라온시큐어,T250_S150,2026-09-15 12:17:52.903,12552.539999999999,2026-09-15 12:19:31.443,12870.0,TAKE_PROFIT,1.554001554001554,-1.2432012432012431,0.1554001554001554,4.428904428904429,-1.7871017871017871,COMPLETE
v2.1.1,20260915_158430_WIDE_HIGH_GAP_SHADOW_E003_121457267020,WIDE_HIGH_GAP_SHADOW,158430,아톤,T250_S150,2026-09-15 12:14:57.267,5405.4,2026-09-15 12:20:51.659,5550.0,TAKE_PROFIT,-1.4414414414414414,0.9009009009009009,10.09009009009009,12.612612612612612,-2.1621621621621623,COMPLETE
v2.1.1,20260915_158430_WIDE_HIGH_GAP_SHADOW_E004_121752907737,WIDE_HIGH_GAP_SHADOW,158430,아톤,T250_S150,2026-09-15 12:17:52.907,5405.4,2026-09-15 12:20:51.631,5550.0,TAKE_PROFIT,-1.4414414414414414,0.9009009009009009,10.09009009009009,12.612612612612612,-2.1621621621621623,COMPLETE
v2.1.1,20260915_042510_SHADOW_SCORE_70_74_E004_122312861110,SHADOW_SCORE_70_74,042510,라온시큐어,T250_S150,2026-09-15 12:23:12.861,13143.13,2026-09-15 12:25:24.054,12940.0,STOP_LOSS,-1.313755795981453,2.3183925811437405,1.8547140649149922,3.863987635239567,-2.3183925811437405,COMPLETE
v2.1.1,20260915_042510_WIDE_HIGH_GAP_SHADOW_E003_122926676053,WIDE_HIGH_GAP_SHADOW,042510,라온시큐어,T250_S150,2026-09-15 12:29:26.676,12822.81,2026-09-15 12:32:41.840,13150.0,TAKE_PROFIT,1.9011406844106464,-1.7490494296577948,1.1406844106463878,3.878326996197719,-3.7262357414448664,COMPLETE
v2.1.1,20260915_036540_SHADOW_SCORE_70_74_E007_112510341970,SHADOW_SCORE_70_74,036540,SFA반도체,T250_S150,2026-09-15 11:25:10.341,8848.839999999998,2026-09-15 12:33:45.842,8710.0,STOP_LOSS,0.3444316877152698,-0.1148105625717566,-0.2296211251435132,1.0332950631458095,-1.0332950631458095,COMPLETE
v2.1.1,20260915_158430_WIDE_HIGH_GAP_SHADOW_E006_123410789421,WIDE_HIGH_GAP_SHADOW,158430,아톤,T250_S150,2026-09-15 12:34:10.789,5455.45,2026-09-15 12:36:53.675,5600.0,TAKE_PROFIT,4.285714285714286,3.75,11.964285714285715,12.142857142857142,-0.35714285714285715,COMPLETE
v2.1.1,20260915_158430_WIDE_HIGH_GAP_SHADOW_E007_123632524285,WIDE_HIGH_GAP_SHADOW,158430,아톤,T250_S150,2026-09-15 12:36:32.524,5475.469999999999,2026-09-15 12:36:53.911,5620.0,TAKE_PROFIT,4.092526690391459,3.3807829181494666,11.387900355871885,11.743772241992882,-0.7117437722419928,COMPLETE
v2.1.1,20260915_158430_WIDE_HIGH_GAP_SHADOW_E005_123248014929,WIDE_HIGH_GAP_SHADOW,158430,아톤,T250_S150,2026-09-15 12:32:48.014,5495.49,2026-09-15 12:36:57.844,5640.0,TAKE_PROFIT,3.0141843971631204,3.368794326241135,11.170212765957446,11.347517730496454,-0.8865248226950355,COMPLETE
v2.1.1,20260915_0015N0_WIDE_HIGH_GAP_SHADOW_E007_120151362088,WIDE_HIGH_GAP_SHADOW,0015N0,아로마티카,T250_S150,2026-09-15 12:01:51.362,13103.089999999998,2026-09-15 12:38:51.362,12900.0,STOP_LOSS,0.15503875968992248,0.31007751937984496,0.07751937984496124,0.6201550387596899,-0.15503875968992248,COMPLETE
v2.1.1,20260915_042510_SHADOW_SCORE_70_74_E005_123632569738,SHADOW_SCORE_70_74,042510,라온시큐어,T250_S150,2026-09-15 12:36:32.569,13293.279999999999,2026-09-15 12:39:15.056,13090.0,STOP_LOSS,-1.2987012987012987,-1.2987012987012987,2.0626432391138274,4.354469060351414,-3.2849503437738727,COMPLETE
v2.1.1,20260915_0015N0_WIDE_HIGH_GAP_SHADOW_E009_120407208107,WIDE_HIGH_GAP_SHADOW,0015N0,아로마티카,T250_S150,2026-09-15 12:04:07.208,13093.079999999998,2026-09-15 12:41:03.858,12890.0,STOP_LOSS,0.46547711404189296,0.3878975950349108,0.07757951900698215,0.6982156710628394,-0.07757951900698215,COMPLETE
v2.1.1,20260915_0015N0_WIDE_HIGH_GAP_SHADOW_E010_120834904434,WIDE_HIGH_GAP_SHADOW,0015N0,아로마티카,T250_S150,2026-09-15 12:08:34.904,13083.069999999998,2026-09-15 12:41:05.437,12880.0,STOP_LOSS,0.5434782608695652,0.4658385093167702,0.15527950310559005,0.7763975155279503,0.0,COMPLETE
v2.1.1,20260915_0015N0_WIDE_HIGH_GAP_SHADOW_E008_120245205979,WIDE_HIGH_GAP_SHADOW,0015N0,아로마티카,T250_S150,2026-09-15 12:02:45.205,13093.079999999998,2026-09-15 12:41:03.996,12890.0,STOP_LOSS,0.46547711404189296,0.3878975950349108,0.07757951900698215,0.6982156710628394,-0.07757951900698215,COMPLETE
v2.1.1,20260915_000670_WIDE_HIGH_GAP_SHADOW_E011_111547374075,WIDE_HIGH_GAP_SHADOW,000670,영풍,T250_S150,2026-09-15 11:15:47.374,51751.7,2026-09-15 12:42:14.618,50900.0,STOP_LOSS,-0.7858546168958742,-0.3929273084479371,1.5717092337917484,2.75049115913556,-1.37524557956778,COMPLETE
v2.1.1,20260915_000670_WIDE_HIGH_GAP_SHADOW_E005_104207885079,WIDE_HIGH_GAP_SHADOW,000670,영풍,T250_S150,2026-09-15 10:42:07.885,51751.7,2026-09-15 12:42:14.785,50900.0,STOP_LOSS,-0.7858546168958742,-0.3929273084479371,1.5717092337917484,2.75049115913556,-1.37524557956778,COMPLETE
v2.1.1,20260915_000670_WIDE_HIGH_GAP_SHADOW_E012_113010203506,WIDE_HIGH_GAP_SHADOW,000670,영풍,T250_S150,2026-09-15 11:30:10.203,51451.399999999994,2026-09-15 12:43:14.768,50600.0,STOP_LOSS,0.0,-0.1976284584980237,2.1739130434782608,3.3596837944664033,-0.7905138339920948,COMPLETE
v2.1.1,20260915_071200_WIDE_HIGH_GAP_SHADOW_E001_121622395098,WIDE_HIGH_GAP_SHADOW,071200,인피니트헬스케어,T250_S150,2026-09-15 12:16:22.395,13543.529999999999,2026-09-15 12:44:09.355,13890.0,TAKE_PROFIT,-0.28797696184305255,-1.655867530597552,-4.2476601871850255,1.3678905687544995,-4.8956083513318935,COMPLETE
v2.1.1,20260915_071200_WIDE_HIGH_GAP_SHADOW_E002_121722062904,WIDE_HIGH_GAP_SHADOW,071200,인피니트헬스케어,T250_S150,2026-09-15 12:17:22.062,13543.529999999999,2026-09-15 12:44:09.389,13890.0,TAKE_PROFIT,-0.28797696184305255,-1.655867530597552,-4.2476601871850255,1.3678905687544995,-4.8956083513318935,COMPLETE
v2.1.1,20260915_071200_WIDE_HIGH_GAP_SHADOW_E005_123730602460,WIDE_HIGH_GAP_SHADOW,071200,인피니트헬스케어,T250_S150,2026-09-15 12:37:30.602,13543.529999999999,2026-09-15 12:44:09.421,13890.0,TAKE_PROFIT,-0.28797696184305255,-1.655867530597552,-4.2476601871850255,1.3678905687544995,-4.8956083513318935,COMPLETE
v2.1.1,20260915_071200_WIDE_HIGH_GAP_SHADOW_E003_121947795691,WIDE_HIGH_GAP_SHADOW,071200,인피니트헬스케어,T250_S150,2026-09-15 12:19:47.795,13563.55,2026-09-15 12:44:11.035,13910.0,TAKE_PROFIT,-0.4313443565780014,-1.7972681524083391,-4.457225017972681,1.2221423436376708,-5.03235082674335,COMPLETE
v2.1.1,20260915_071200_WIDE_HIGH_GAP_SHADOW_E004_122510727933,WIDE_HIGH_GAP_SHADOW,071200,인피니트헬스케어,T250_S150,2026-09-15 12:25:10.727,13563.55,2026-09-15 12:44:11.043,13910.0,TAKE_PROFIT,-0.4313443565780014,-1.7972681524083391,-4.457225017972681,1.2221423436376708,-5.03235082674335,COMPLETE
v2.1.1,20260915_042510_WIDE_HIGH_GAP_SHADOW_E005_124121158788,WIDE_HIGH_GAP_SHADOW,042510,라온시큐어,T250_S150,2026-09-15 12:41:21.158,13043.029999999999,2026-09-15 12:44:33.856,12840.0,STOP_LOSS,0.1557632398753894,2.64797507788162,2.336448598130841,6.386292834890965,-1.4018691588785046,COMPLETE
v2.1.1,20260915_042510_WIDE_HIGH_GAP_SHADOW_E006_124215634072,WIDE_HIGH_GAP_SHADOW,042510,라온시큐어,T250_S150,2026-09-15 12:42:15.634,13033.019999999999,2026-09-15 12:44:37.944,12830.0,STOP_LOSS,0.23382696804364772,2.5720966484801244,2.4162120031176926,6.46921278254092,-1.3250194855806703,COMPLETE
v2.1.1,20260915_042510_WIDE_HIGH_GAP_SHADOW_E004_123956075233,WIDE_HIGH_GAP_SHADOW,042510,라온시큐어,T250_S150,2026-09-15 12:39:56.075,13012.999999999998,2026-09-15 12:44:39.438,12810.0,STOP_LOSS,0.312256049960968,2.73224043715847,2.498048399687744,6.63544106167057,-1.1709601873536302,COMPLETE
v2.1.1,20260915_000670_WIDE_HIGH_GAP_SHADOW_E015_123956121155,WIDE_HIGH_GAP_SHADOW,000670,영풍,T250_S150,2026-09-15 12:39:56.121,51251.2,2026-09-15 12:45:12.056,50400.0,STOP_LOSS,0.5952380952380952,1.984126984126984,2.579365079365079,3.7698412698412698,-0.3968253968253968,COMPLETE
v2.1.1,20260915_000670_WIDE_HIGH_GAP_SHADOW_E013_123315686124,WIDE_HIGH_GAP_SHADOW,000670,영풍,T250_S150,2026-09-15 12:33:15.686,51251.2,2026-09-15 12:45:12.068,50400.0,STOP_LOSS,0.5952380952380952,1.984126984126984,2.579365079365079,3.7698412698412698,-0.3968253968253968,COMPLETE
v2.1.1,20260915_000670_WIDE_HIGH_GAP_SHADOW_E014_123535233845,WIDE_HIGH_GAP_SHADOW,000670,영풍,T250_S150,2026-09-15 12:35:35.233,51151.09999999999,2026-09-15 12:46:09.345,50300.0,STOP_LOSS,0.9940357852882704,2.1868787276341948,2.783300198807157,3.9761431411530817,-0.19880715705765406,COMPLETE
v2.1.1,20260915_158430_WIDE_HIGH_GAP_SHADOW_E008_124605582720,WIDE_HIGH_GAP_SHADOW,158430,아톤,T250_S150,2026-09-15 12:46:05.582,5735.73,2026-09-15 12:47:01.758,5880.0,TAKE_PROFIT,5.1020408163265305,5.1020408163265305,7.312925170068027,7.312925170068027,-0.5102040816326531,COMPLETE
v2.1.1,20260915_294570_WIDE_HIGH_GAP_SHADOW_E009_122441623997,WIDE_HIGH_GAP_SHADOW,294570,쿠콘,T250_S150,2026-09-15 12:24:41.623,30029.999999999996,2026-09-15 12:48:35.841,30800.0,TAKE_PROFIT,-1.1363636363636365,-0.974025974025974,-2.1103896103896105,0.0,-2.4350649350649354,COMPLETE
v2.1.1,20260915_294570_WIDE_HIGH_GAP_SHADOW_E006_111521807196,WIDE_HIGH_GAP_SHADOW,294570,쿠콘,T250_S150,2026-09-15 11:15:21.807,30029.999999999996,2026-09-15 12:48:35.875,30800.0,TAKE_PROFIT,-1.1363636363636365,-0.974025974025974,-2.1103896103896105,0.0,-2.4350649350649354,COMPLETE
v2.1.1,20260915_294570_WIDE_HIGH_GAP_SHADOW_E008_121622444996,WIDE_HIGH_GAP_SHADOW,294570,쿠콘,T250_S150,2026-09-15 12:16:22.444,30029.999999999996,2026-09-15 12:48:35.888,30800.0,TAKE_PROFIT,-1.1363636363636365,-0.974025974025974,-2.1103896103896105,0.0,-2.4350649350649354,COMPLETE
v2.1.1,20260915_294570_WIDE_HIGH_GAP_SHADOW_E012_123632556449,WIDE_HIGH_GAP_SHADOW,294570,쿠콘,T250_S150,2026-09-15 12:36:32.556,30029.999999999996,2026-09-15 12:48:35.897,30800.0,TAKE_PROFIT,-1.1363636363636365,-0.974025974025974,-2.1103896103896105,0.0,-2.4350649350649354,COMPLETE
v2.1.1,20260915_294570_WIDE_HIGH_GAP_SHADOW_E013_123800018223,WIDE_HIGH_GAP_SHADOW,294570,쿠콘,T250_S150,2026-09-15 12:38:00.018,30029.999999999996,2026-09-15 12:48:35.979,30800.0,TAKE_PROFIT,-1.1363636363636365,-0.974025974025974,-2.1103896103896105,0.0,-2.4350649350649354,COMPLETE
v2.1.1,20260915_294570_WIDE_HIGH_GAP_SHADOW_E010_122803283038,WIDE_HIGH_GAP_SHADOW,294570,쿠콘,T250_S150,2026-09-15 12:28:03.283,30029.999999999996,2026-09-15 12:48:35.918,30800.0,TAKE_PROFIT,-1.1363636363636365,-0.974025974025974,-2.1103896103896105,0.0,-2.4350649350649354,COMPLETE
v2.1.1,20260915_294570_WIDE_HIGH_GAP_SHADOW_E011_123315702468,WIDE_HIGH_GAP_SHADOW,294570,쿠콘,T250_S150,2026-09-15 12:33:15.702,30029.999999999996,2026-09-15 12:48:35.949,30800.0,TAKE_PROFIT,-1.1363636363636365,-0.974025974025974,-2.1103896103896105,0.0,-2.4350649350649354,COMPLETE
v2.1.1,20260915_294570_WIDE_HIGH_GAP_SHADOW_E005_110147682494,WIDE_HIGH_GAP_SHADOW,294570,쿠콘,T250_S150,2026-09-15 11:01:47.682,30029.999999999996,2026-09-15 12:48:36.015,30800.0,TAKE_PROFIT,-1.1363636363636365,-0.974025974025974,-2.1103896103896105,0.0,-2.4350649350649354,COMPLETE
v2.1.1,20260915_042510_WIDE_HIGH_GAP_SHADOW_E007_124635160028,WIDE_HIGH_GAP_SHADOW,042510,라온시큐어,T250_S150,2026-09-15 12:46:35.160,12902.89,2026-09-15 12:51:29.853,12700.0,STOP_LOSS,5.984251968503937,5.590551181102362,8.661417322834646,10.0,-0.31496062992125984,COMPLETE
v2.1.1,20260915_042510_WIDE_HIGH_GAP_SHADOW_E008_124833518317,WIDE_HIGH_GAP_SHADOW,042510,라온시큐어,T250_S150,2026-09-15 12:48:33.518,12852.839999999998,2026-09-15 12:51:44.155,12660.0,STOP_LOSS,6.398104265402843,5.055292259083728,8.846761453396525,10.347551342812006,0.0,COMPLETE
v2.1.1,20260915_042510_WIDE_HIGH_GAP_SHADOW_E009_125303903688,WIDE_HIGH_GAP_SHADOW,042510,라온시큐어,T250_S150,2026-09-15 12:53:03.903,12952.939999999999,2026-09-15 12:55:59.586,13280.0,TAKE_PROFIT,0.9789156626506025,0.7530120481927711,2.108433734939759,5.195783132530121,-2.5602409638554215,COMPLETE
v2.1.1,20260915_462860_WIDE_HIGH_GAP_SHADOW_E005_125731432002,WIDE_HIGH_GAP_SHADOW,462860,더즌,T250_S150,2026-09-15 12:57:31.432,3463.4599999999996,2026-09-15 12:59:23.150,3410.0,STOP_LOSS,-0.2932551319648094,-1.6129032258064515,-3.812316715542522,2.4926686217008798,-4.545454545454546,COMPLETE
v2.1.1,20260915_036540_WIDE_HIGH_GAP_SHADOW_E005_125303898634,WIDE_HIGH_GAP_SHADOW,036540,SFA반도체,T250_S150,2026-09-15 12:53:03.898,8788.779999999999,2026-09-15 12:59:25.953,8650.0,STOP_LOSS,0.8092485549132947,0.8092485549132947,0.11560693641618498,1.3872832369942196,-0.3468208092485549,COMPLETE
v2.1.1,20260915_036540_WIDE_HIGH_GAP_SHADOW_E004_123121717888,WIDE_HIGH_GAP_SHADOW,036540,SFA반도체,T250_S150,2026-09-15 12:31:21.717,8788.779999999999,2026-09-15 12:59:26.015,8650.0,STOP_LOSS,0.8092485549132947,0.8092485549132947,0.11560693641618498,1.3872832369942196,-0.3468208092485549,COMPLETE
v2.1.1,20260915_036540_WIDE_HIGH_GAP_SHADOW_E003_122610707760,WIDE_HIGH_GAP_SHADOW,036540,SFA반도체,T250_S150,2026-09-15 12:26:10.707,8778.769999999999,2026-09-15 12:59:26.187,8640.0,STOP_LOSS,0.9259259259259258,0.9259259259259258,0.23148148148148145,1.5046296296296295,-0.23148148148148145,COMPLETE
v2.1.1,20260915_036540_WIDE_HIGH_GAP_SHADOW_E002_121821799318,WIDE_HIGH_GAP_SHADOW,036540,SFA반도체,T250_S150,2026-09-15 12:18:21.799,8788.779999999999,2026-09-15 12:59:26.070,8650.0,STOP_LOSS,0.8092485549132947,0.8092485549132947,0.11560693641618498,1.3872832369942196,-0.3468208092485549,COMPLETE
v2.1.1,20260915_036540_WIDE_HIGH_GAP_SHADOW_E001_121622410391,WIDE_HIGH_GAP_SHADOW,036540,SFA반도체,T250_S150,2026-09-15 12:16:22.410,8788.779999999999,2026-09-15 12:59:26.155,8650.0,STOP_LOSS,0.8092485549132947,0.8092485549132947,0.11560693641618498,1.3872832369942196,-0.3468208092485549,COMPLETE
v2.1.1,20260915_462860_WIDE_HIGH_GAP_SHADOW_E004_125334850255,WIDE_HIGH_GAP_SHADOW,462860,더즌,T250_S150,2026-09-15 12:53:34.850,3448.4449999999997,2026-09-15 12:59:26.735,3395.0,STOP_LOSS,0.14727540500736377,-1.1782032400589102,-3.5346097201767304,2.945508100147275,-4.123711340206185,COMPLETE
v2.1.1,20260915_462860_WIDE_HIGH_GAP_SHADOW_E002_125036768343,WIDE_HIGH_GAP_SHADOW,462860,더즌,T250_S150,2026-09-15 12:50:36.768,3438.4349999999995,2026-09-15 12:59:42.222,3385.0,STOP_LOSS,0.4431314623338257,-1.6248153618906942,-3.2496307237813884,3.2496307237813884,-3.8404726735598227,COMPLETE
v2.1.1,20260915_462860_WIDE_HIGH_GAP_SHADOW_E003_125205985724,WIDE_HIGH_GAP_SHADOW,462860,더즌,T250_S150,2026-09-15 12:52:05.985,3443.4399999999996,2026-09-15 12:59:41.981,3390.0,STOP_LOSS,0.2949852507374631,-2.0648967551622417,-3.392330383480826,3.0973451327433628,-3.982300884955752,COMPLETE
v2.1.1,20260915_108490_WIDE_HIGH_GAP_SHADOW_E015_105338863700,WIDE_HIGH_GAP_SHADOW,108490,로보티즈,T250_S150,2026-09-15 10:53:38.863,337086.74999999994,2026-09-15 13:00:27.359,332000.0,STOP_LOSS,0.0,-0.30120481927710846,-0.7530120481927711,0.4518072289156626,-1.2048192771084338,COMPLETE
v2.1.1,20260915_108490_WIDE_HIGH_GAP_SHADOW_E018_110728411037,WIDE_HIGH_GAP_SHADOW,108490,로보티즈,T250_S150,2026-09-15 11:07:28.411,337336.99999999994,2026-09-15 13:00:27.312,332000.0,STOP_LOSS,0.0,-0.30120481927710846,-0.7530120481927711,0.4518072289156626,-1.2048192771084338,COMPLETE
v2.1.1,20260915_042510_BASE_E009_125901246094,BASE,042510,라온시큐어,T250_S150,2026-09-15 12:59:01.246,13623.609999999999,2026-09-15 13:00:41.165,13410.0,STOP_LOSS,-0.44742729306487694,-1.342281879194631,1.715137956748695,4.175988068605518,-3.5048471290082026,COMPLETE
v2.1.1,20260915_042510_PRE_HISTORY_E009_125901260291,PRE_HISTORY,042510,라온시큐어,T250_S150,2026-09-15 12:59:01.260,13623.609999999999,2026-09-15 13:00:41.212,13410.0,STOP_LOSS,-0.44742729306487694,-1.342281879194631,1.715137956748695,4.175988068605518,-3.5048471290082026,COMPLETE
v2.1.1,20260915_042510_SHADOW_SCORE_70_74_E009_125801571520,SHADOW_SCORE_70_74,042510,라온시큐어,T250_S150,2026-09-15 12:58:01.571,13533.519999999999,2026-09-15 13:01:40.137,13330.0,STOP_LOSS,0.15003750937734434,-2.175543885971493,2.4006001500375094,4.801200300075019,-2.925731432858215,COMPLETE
v2.1.1,20260915_462860_WIDE_HIGH_GAP_SHADOW_E007_130132719444,WIDE_HIGH_GAP_SHADOW,462860,더즌,T250_S150,2026-09-15 13:01:32.719,3458.4549999999995,2026-09-15 13:03:27.177,3405.0,STOP_LOSS,-1.3215859030837005,-3.3773861967694567,-3.81791483113069,1.6152716593245229,-4.405286343612335,COMPLETE
v2.1.1,20260915_462860_WIDE_HIGH_GAP_SHADOW_E006_130032202392,WIDE_HIGH_GAP_SHADOW,462860,더즌,T250_S150,2026-09-15 13:00:32.202,3423.4199999999996,2026-09-15 13:03:35.217,3370.0,STOP_LOSS,0.5934718100890208,-2.522255192878338,-2.6706231454005933,2.6706231454005933,-3.4124629080118694,COMPLETE
v2.1.1,20260915_108490_WIDE_HIGH_GAP_SHADOW_E017_110607341425,WIDE_HIGH_GAP_SHADOW,108490,로보티즈,T250_S150,2026-09-15 11:06:07.341,336836.49999999994,2026-09-15 13:05:58.599,331500.0,STOP_LOSS,-0.1508295625942685,-0.1508295625942685,-1.3574660633484164,0.301659125188537,-1.3574660633484164,COMPLETE
v2.1.1,20260915_108490_WIDE_HIGH_GAP_SHADOW_E025_121117844862,WIDE_HIGH_GAP_SHADOW,108490,로보티즈,T250_S150,2026-09-15 12:11:17.844,336836.49999999994,2026-09-15 13:05:58.781,331500.0,STOP_LOSS,-0.301659125188537,-0.1508295625942685,-1.3574660633484164,0.301659125188537,-1.3574660633484164,COMPLETE
v2.1.1,20260915_108490_WIDE_HIGH_GAP_SHADOW_E014_104019169854,WIDE_HIGH_GAP_SHADOW,108490,로보티즈,T250_S150,2026-09-15 10:40:19.169,336836.49999999994,2026-09-15 13:05:58.967,331500.0,STOP_LOSS,-0.301659125188537,-0.1508295625942685,-1.3574660633484164,0.301659125188537,-1.3574660633484164,COMPLETE
v2.1.1,20260915_108490_WIDE_HIGH_GAP_SHADOW_E016_105614521615,WIDE_HIGH_GAP_SHADOW,108490,로보티즈,T250_S150,2026-09-15 10:56:14.521,336836.49999999994,2026-09-15 13:05:58.834,331500.0,STOP_LOSS,-0.301659125188537,-0.1508295625942685,-1.3574660633484164,0.301659125188537,-1.3574660633484164,COMPLETE
v2.1.1,20260915_062970_WIDE_HIGH_GAP_SHADOW_E005_130535617638,WIDE_HIGH_GAP_SHADOW,062970,한국첨단소재,T250_S150,2026-09-15 13:05:35.617,3093.0899999999997,2026-09-15 13:06:20.549,3175.0,TAKE_PROFIT,0.47244094488188976,1.7322834645669292,-1.1023622047244095,3.779527559055118,-2.204724409448819,COMPLETE
v2.1.1,20260915_462860_WIDE_HIGH_GAP_SHADOW_E008_130535699889,WIDE_HIGH_GAP_SHADOW,462860,더즌,T250_S150,2026-09-15 13:05:35.699,3428.4249999999997,2026-09-15 13:07:52.135,3375.0,STOP_LOSS,-2.3703703703703702,-1.925925925925926,-4.592592592592593,1.3333333333333335,-4.592592592592593,COMPLETE
v2.1.1,20260915_071200_WIDE_HIGH_GAP_SHADOW_E006_130004211545,WIDE_HIGH_GAP_SHADOW,071200,인피니트헬스케어,T250_S150,2026-09-15 13:00:04.211,13563.55,2026-09-15 13:07:40.982,13360.0,STOP_LOSS,0.29940119760479045,0.0,-0.29940119760479045,1.0479041916167664,-1.122754491017964,COMPLETE
v2.1.1,20260915_071200_WIDE_HIGH_GAP_SHADOW_E007_130258441601,WIDE_HIGH_GAP_SHADOW,071200,인피니트헬스케어,T250_S150,2026-09-15 13:02:58.441,13533.519999999999,2026-09-15 13:07:43.187,13330.0,STOP_LOSS,0.5251312828207052,0.22505626406601648,-0.07501875468867217,1.275318829707427,-0.9002250562640659,COMPLETE
v2.1.1,20260915_042510_WIDE_HIGH_GAP_SHADOW_E010_130202485556,WIDE_HIGH_GAP_SHADOW,042510,라온시큐어,T250_S150,2026-09-15 13:02:02.485,13263.249999999998,2026-09-15 13:11:26.036,13060.0,STOP_LOSS,0.3062787136294028,5.895865237366003,3.828483920367534,6.967840735068913,-0.9188361408882083,COMPLETE
v2.1.1,20260915_042510_WIDE_HIGH_GAP_SHADOW_E012_131052352802,WIDE_HIGH_GAP_SHADOW,042510,라온시큐어,T250_S150,2026-09-15 13:10:52.352,13243.229999999998,2026-09-15 13:11:27.767,13040.0,STOP_LOSS,0.4601226993865031,5.943251533742331,4.064417177914111,7.131901840490798,-0.7668711656441718,COMPLETE
v2.1.1,20260915_042510_WIDE_HIGH_GAP_SHADOW_E011_130327603554,WIDE_HIGH_GAP_SHADOW,042510,라온시큐어,T250_S150,2026-09-15 13:03:27.603,13233.22,2026-09-15 13:11:28.051,13030.0,STOP_LOSS,0.5372217958557176,6.02455871066769,4.144282425172678,7.214121258633923,-0.6907137375287797,COMPLETE
v2.1.1,20260915_000990_ORB_RS_RETEST_E002_093059073638,ORB_RS_RETEST,000990,DB하이텍,T250_S150,2026-09-15 09:30:59.073,117617.49999999999,2026-09-15 13:14:40.620,115800.0,STOP_LOSS,-0.08635578583765112,-0.6044905008635579,0.6044905008635579,0.7772020725388601,-0.690846286701209,COMPLETE
v2.1.1,20260915_000990_ORB_RETEST_E002_093059071463,ORB_RETEST,000990,DB하이텍,T250_S150,2026-09-15 09:30:59.071,117617.49999999999,2026-09-15 13:14:40.683,115800.0,STOP_LOSS,-0.08635578583765112,-0.6044905008635579,0.6044905008635579,0.7772020725388601,-0.690846286701209,COMPLETE
v2.1.1,20260915_071200_WIDE_HIGH_GAP_SHADOW_E008_130854726154,WIDE_HIGH_GAP_SHADOW,071200,인피니트헬스케어,T250_S150,2026-09-15 13:08:54.726,13463.449999999999,2026-09-15 13:14:46.531,13250.0,STOP_LOSS,0.6792452830188679,1.3584905660377358,0.4528301886792453,1.8867924528301887,-0.22641509433962265,COMPLETE
v2.1.1,20260915_071200_WIDE_HIGH_GAP_SHADOW_E009_131149161349,WIDE_HIGH_GAP_SHADOW,071200,인피니트헬스케어,T250_S150,2026-09-15 13:11:49.161,13463.449999999999,2026-09-15 13:14:46.538,13250.0,STOP_LOSS,0.6792452830188679,1.3584905660377358,0.4528301886792453,1.8867924528301887,-0.22641509433962265,COMPLETE
v2.1.1,20260915_101730_WIDE_HIGH_GAP_SHADOW_E003_131534804684,WIDE_HIGH_GAP_SHADOW,101730,위메이드맥스,T250_S150,2026-09-15 13:15:34.804,5315.3099999999995,2026-09-15 13:17:09.238,5230.0,STOP_LOSS,-4.875717017208412,-5.449330783938815,-4.493307839388145,0.7648183556405354,-6.309751434034416,COMPLETE
v2.1.1,20260915_000990_PRE_HISTORY_E002_092142245795,PRE_HISTORY,000990,DB하이텍,T250_S150,2026-09-15 09:21:42.244,117417.29999999999,2026-09-15 13:17:57.254,115600.0,STOP_LOSS,-0.17301038062283738,0.0,1.2110726643598615,1.4705882352941175,-0.5190311418685121,COMPLETE
v2.1.1,20260915_000990_BASE_E002_092142242795,BASE,000990,DB하이텍,T250_S150,2026-09-15 09:21:42.242,117417.29999999999,2026-09-15 13:17:57.264,115600.0,STOP_LOSS,-0.17301038062283738,0.0,1.2110726643598615,1.4705882352941175,-0.5190311418685121,COMPLETE
v2.1.1,20260915_042510_WIDE_HIGH_GAP_SHADOW_E013_131437561516,WIDE_HIGH_GAP_SHADOW,042510,라온시큐어,T250_S150,2026-09-15 13:14:37.561,13113.099999999999,2026-09-15 13:18:30.915,13450.0,TAKE_PROFIT,2.5278810408921935,1.2639405204460967,-0.14869888475836432,3.866171003717472,-0.966542750929368,COMPLETE
v2.1.1,20260915_052690_WIDE_HIGH_GAP_SHADOW_E010_103718594298,WIDE_HIGH_GAP_SHADOW,052690,한전기술,T250_S150,2026-09-15 10:37:18.594,135134.99999999997,2026-09-15 13:19:41.625,133100.0,STOP_LOSS,0.15026296018031557,-0.07513148009015778,0.9015777610818932,0.9015777610818932,-0.3756574004507889,COMPLETE
v2.1.1,20260915_052690_WIDE_HIGH_GAP_SHADOW_E006_094944478468,WIDE_HIGH_GAP_SHADOW,052690,한전기술,T250_S150,2026-09-15 09:49:44.478,135134.99999999997,2026-09-15 13:19:41.632,133100.0,STOP_LOSS,0.2253944402704733,-0.07513148009015778,0.9015777610818932,0.9015777610818932,-0.3756574004507889,COMPLETE
v2.1.1,20260915_052690_WIDE_HIGH_GAP_SHADOW_E011_124150078562,WIDE_HIGH_GAP_SHADOW,052690,한전기술,T250_S150,2026-09-15 12:41:50.078,135134.99999999997,2026-09-15 13:19:41.731,133100.0,STOP_LOSS,0.2253944402704733,-0.07513148009015778,0.9015777610818932,0.9015777610818932,-0.3756574004507889,COMPLETE
v2.1.1,20260915_052690_WIDE_HIGH_GAP_SHADOW_E005_094801373488,WIDE_HIGH_GAP_SHADOW,052690,한전기술,T250_S150,2026-09-15 09:48:01.373,135134.99999999997,2026-09-15 13:19:41.701,133100.0,STOP_LOSS,0.2253944402704733,-0.07513148009015778,0.9015777610818932,0.9015777610818932,-0.3756574004507889,COMPLETE
v2.1.1,20260915_052690_WIDE_HIGH_GAP_SHADOW_E012_124605607247,WIDE_HIGH_GAP_SHADOW,052690,한전기술,T250_S150,2026-09-15 12:46:05.607,135134.99999999997,2026-09-15 13:19:41.812,133100.0,STOP_LOSS,0.2253944402704733,-0.07513148009015778,0.9015777610818932,0.9015777610818932,-0.3756574004507889,COMPLETE
v2.1.1,20260915_052690_WIDE_HIGH_GAP_SHADOW_E009_101545453339,WIDE_HIGH_GAP_SHADOW,052690,한전기술,T250_S150,2026-09-15 10:15:45.453,135134.99999999997,2026-09-15 13:19:41.838,133100.0,STOP_LOSS,0.2253944402704733,-0.07513148009015778,0.9015777610818932,0.9015777610818932,-0.3756574004507889,COMPLETE
v2.1.1,20260915_125490_WIDE_HIGH_GAP_SHADOW_E008_115603195300,WIDE_HIGH_GAP_SHADOW,125490,한라캐스트,T250_S150,2026-09-15 11:56:03.195,11491.48,2026-09-15 13:20:48.943,11310.0,STOP_LOSS,-0.17683465959328026,0.08841732979664013,-0.17683465959328026,0.9725906277630416,-0.4420866489832007,COMPLETE
v2.1.1,20260915_003670_SHADOW_SCORE_70_74_E001_130503129558,SHADOW_SCORE_70_74,003670,포스코퓨처엠,T250_S150,2026-09-15 13:05:03.129,192592.39999999997,2026-09-15 13:22:01.797,189700.0,STOP_LOSS,-0.21085925144965736,0.158144438587243,1.0015814443858724,1.6341591987348445,-0.36900369003690037,COMPLETE
v2.1.1,20260915_417200_WIDE_HIGH_GAP_SHADOW_E002_125604336918,WIDE_HIGH_GAP_SHADOW,417200,LS머트리얼즈,T250_S150,2026-09-15 12:56:04.336,12522.509999999998,2026-09-15 13:23:39.640,12330.0,STOP_LOSS,0.24330900243309003,1.8653690186536902,-0.40551500405515,2.3519870235198703,-0.5677210056772101,COMPLETE
v2.1.1,20260915_417200_WIDE_HIGH_GAP_SHADOW_E001_124024876906,WIDE_HIGH_GAP_SHADOW,417200,LS머트리얼즈,T250_S150,2026-09-15 12:40:24.876,12517.505,2026-09-15 13:23:59.854,12320.0,STOP_LOSS,0.3246753246753247,1.7045454545454544,-0.487012987012987,2.4350649350649354,-0.6493506493506493,COMPLETE
v2.1.1,20260915_058610_WIDE_HIGH_GAP_SHADOW_E012_123535178855,WIDE_HIGH_GAP_SHADOW,058610,에스피지,T250_S150,2026-09-15 12:35:35.178,104404.29999999999,2026-09-15 13:24:23.766,102800.0,STOP_LOSS,-0.19455252918287938,0.19455252918287938,-1.556420233463035,0.48638132295719844,-1.8482490272373542,COMPLETE
v2.1.1,20260915_058610_WIDE_HIGH_GAP_SHADOW_E005_102939553493,WIDE_HIGH_GAP_SHADOW,058610,에스피지,T250_S150,2026-09-15 10:29:39.553,104404.29999999999,2026-09-15 13:24:23.802,102800.0,STOP_LOSS,-0.19455252918287938,0.19455252918287938,-1.556420233463035,0.48638132295719844,-1.8482490272373542,COMPLETE
v2.1.1,20260915_058610_WIDE_HIGH_GAP_SHADOW_E009_120407200000,WIDE_HIGH_GAP_SHADOW,058610,에스피지,T250_S150,2026-09-15 12:04:07.200,104404.29999999999,2026-09-15 13:24:23.842,102800.0,STOP_LOSS,-0.19455252918287938,0.19455252918287938,-1.556420233463035,0.48638132295719844,-1.8482490272373542,COMPLETE
v2.1.1,20260915_058610_WIDE_HIGH_GAP_SHADOW_E010_121553604263,WIDE_HIGH_GAP_SHADOW,058610,에스피지,T250_S150,2026-09-15 12:15:53.604,104404.29999999999,2026-09-15 13:24:23.943,102800.0,STOP_LOSS,-0.19455252918287938,0.19455252918287938,-1.556420233463035,0.48638132295719844,-1.8482490272373542,COMPLETE
v2.1.1,20260915_058610_WIDE_HIGH_GAP_SHADOW_E004_100901913699,WIDE_HIGH_GAP_SHADOW,058610,에스피지,T250_S150,2026-09-15 10:09:01.913,104404.29999999999,2026-09-15 13:24:24.045,102800.0,STOP_LOSS,-0.19455252918287938,0.19455252918287938,-1.556420233463035,0.48638132295719844,-1.8482490272373542,COMPLETE
v2.1.1,20260915_058610_WIDE_HIGH_GAP_SHADOW_E008_104534939150,WIDE_HIGH_GAP_SHADOW,058610,에스피지,T250_S150,2026-09-15 10:45:34.939,104404.29999999999,2026-09-15 13:24:24.024,102800.0,STOP_LOSS,-0.19455252918287938,0.19455252918287938,-1.556420233463035,0.48638132295719844,-1.8482490272373542,COMPLETE
v2.1.1,20260915_058610_WIDE_HIGH_GAP_SHADOW_E011_123023690960,WIDE_HIGH_GAP_SHADOW,058610,에스피지,T250_S150,2026-09-15 12:30:23.690,104404.29999999999,2026-09-15 13:24:24.022,102800.0,STOP_LOSS,-0.19455252918287938,0.19455252918287938,-1.556420233463035,0.48638132295719844,-1.8482490272373542,COMPLETE
v2.1.1,20260915_058610_WIDE_HIGH_GAP_SHADOW_E013_125731410487,WIDE_HIGH_GAP_SHADOW,058610,에스피지,T250_S150,2026-09-15 12:57:31.410,104404.29999999999,2026-09-15 13:24:24.064,102800.0,STOP_LOSS,-0.19455252918287938,0.19455252918287938,-1.556420233463035,0.48638132295719844,-1.8482490272373542,COMPLETE
v2.1.1,20260915_125490_WIDE_HIGH_GAP_SHADOW_E009_115842492332,WIDE_HIGH_GAP_SHADOW,125490,한라캐스트,T250_S150,2026-09-15 11:58:42.492,11481.47,2026-09-15 13:24:38.532,11300.0,STOP_LOSS,0.0,0.7964601769911505,-0.6194690265486725,1.0619469026548671,-0.7079646017699115,COMPLETE
v2.1.1,20260915_125490_WIDE_HIGH_GAP_SHADOW_E012_130925101894,WIDE_HIGH_GAP_SHADOW,125490,한라캐스트,T250_S150,2026-09-15 13:09:25.101,11481.47,2026-09-15 13:24:38.549,11300.0,STOP_LOSS,0.0,0.7964601769911505,-0.6194690265486725,1.0619469026548671,-0.7079646017699115,COMPLETE
v2.1.1,20260915_125490_WIDE_HIGH_GAP_SHADOW_E010_123410781169,WIDE_HIGH_GAP_SHADOW,125490,한라캐스트,T250_S150,2026-09-15 12:34:10.781,11481.47,2026-09-15 13:24:38.578,11300.0,STOP_LOSS,0.0,0.7964601769911505,-0.6194690265486725,1.0619469026548671,-0.7079646017699115,COMPLETE
v2.1.1,20260915_125490_WIDE_HIGH_GAP_SHADOW_E011_125632921017,WIDE_HIGH_GAP_SHADOW,125490,한라캐스트,T250_S150,2026-09-15 12:56:32.921,11481.47,2026-09-15 13:24:38.586,11300.0,STOP_LOSS,0.0,0.7964601769911505,-0.6194690265486725,1.0619469026548671,-0.7079646017699115,COMPLETE
v2.1.1,20260915_417200_WIDE_HIGH_GAP_SHADOW_E003_125731417708,WIDE_HIGH_GAP_SHADOW,417200,LS머트리얼즈,T250_S150,2026-09-15 12:57:31.417,12492.479999999998,2026-09-15 13:24:41.127,12300.0,STOP_LOSS,0.3252032520325203,1.6260162601626018,-0.3252032520325203,2.6016260162601625,-0.4878048780487805,COMPLETE
v2.1.1,20260915_030530_WIDE_HIGH_GAP_SHADOW_E029_130823889716,WIDE_HIGH_GAP_SHADOW,030530,원익홀딩스,T250_S150,2026-09-15 13:08:23.889,25625.6,2026-09-15 13:24:42.527,25200.0,STOP_LOSS,0.1984126984126984,-0.1984126984126984,-0.5952380952380952,0.7936507936507936,-1.1904761904761905,COMPLETE
v2.1.1,20260915_030530_WIDE_HIGH_GAP_SHADOW_E026_130202491534,WIDE_HIGH_GAP_SHADOW,030530,원익홀딩스,T250_S150,2026-09-15 13:02:02.491,25625.6,2026-09-15 13:24:42.467,25200.0,STOP_LOSS,0.1984126984126984,-0.1984126984126984,-0.5952380952380952,0.7936507936507936,-1.1904761904761905,COMPLETE
v2.1.1,20260915_294570_WIDE_HIGH_GAP_SHADOW_E019_130955195887,WIDE_HIGH_GAP_SHADOW,294570,쿠콘,T250_S150,2026-09-15 13:09:55.195,30480.449999999997,2026-09-15 13:24:54.961,30000.0,STOP_LOSS,-0.33333333333333337,-1.0,-2.3333333333333335,0.0,-3.5000000000000004,COMPLETE
v2.1.1,20260915_294570_WIDE_HIGH_GAP_SHADOW_E017_130327647857,WIDE_HIGH_GAP_SHADOW,294570,쿠콘,T250_S150,2026-09-15 13:03:27.647,30480.449999999997,2026-09-15 13:24:54.937,30000.0,STOP_LOSS,-0.33333333333333337,-1.0,-2.3333333333333335,0.0,-3.5000000000000004,COMPLETE
v2.1.1,20260915_294570_WIDE_HIGH_GAP_SHADOW_E015_125405979861,WIDE_HIGH_GAP_SHADOW,294570,쿠콘,T250_S150,2026-09-15 12:54:05.979,30430.399999999998,2026-09-15 13:24:55.867,29950.0,STOP_LOSS,-0.1669449081803005,-0.667779632721202,-2.1702838063439067,0.0,-3.33889816360601,COMPLETE
v2.1.1,20260915_294570_WIDE_HIGH_GAP_SHADOW_E018_130724432665,WIDE_HIGH_GAP_SHADOW,294570,쿠콘,T250_S150,2026-09-15 13:07:24.432,30480.449999999997,2026-09-15 13:24:54.969,30000.0,STOP_LOSS,-0.33333333333333337,-1.0,-2.3333333333333335,0.0,-3.5000000000000004,COMPLETE
v2.1.1,20260915_294570_WIDE_HIGH_GAP_SHADOW_E016_125933384431,WIDE_HIGH_GAP_SHADOW,294570,쿠콘,T250_S150,2026-09-15 12:59:33.384,30480.449999999997,2026-09-15 13:24:54.957,30000.0,STOP_LOSS,-0.33333333333333337,-1.0,-2.3333333333333335,0.0,-3.5000000000000004,COMPLETE
v2.1.1,20260915_402340_ORB_DIRECT_E003_092212363971,ORB_DIRECT,402340,402340,T250_S150,2026-09-15 09:22:12.363,1016014.9999999999,2026-09-15 13:25:47.840,1000000.0,STOP_LOSS,0.2,0.2,0.2,0.8,0.0,COMPLETE
v2.1.1,20260915_058610_WIDE_HIGH_GAP_SHADOW_E014_130823894277,WIDE_HIGH_GAP_SHADOW,058610,에스피지,T250_S150,2026-09-15 13:08:23.894,104304.19999999998,2026-09-15 13:26:44.623,102700.0,STOP_LOSS,0.3894839337877313,-0.09737098344693282,-1.1684518013631937,0.4868549172346641,-1.7526777020447908,COMPLETE
v2.1.1,20260915_058610_WIDE_HIGH_GAP_SHADOW_E006_103142473113,WIDE_HIGH_GAP_SHADOW,058610,에스피지,T250_S150,2026-09-15 10:31:42.473,104304.19999999998,2026-09-15 13:26:44.680,102700.0,STOP_LOSS,0.3894839337877313,-0.09737098344693282,-1.1684518013631937,0.4868549172346641,-1.7526777020447908,COMPLETE
v2.1.1,20260915_058610_WIDE_HIGH_GAP_SHADOW_E007_103542295040,WIDE_HIGH_GAP_SHADOW,058610,에스피지,T250_S150,2026-09-15 10:35:42.295,104204.09999999999,2026-09-15 13:26:54.923,102600.0,STOP_LOSS,0.4873294346978557,-0.09746588693957114,-1.0721247563352825,0.5847953216374269,-1.6569200779727096,COMPLETE
v2.1.1,20260915_456010_WIDE_HIGH_GAP_SHADOW_E001_132410834401,WIDE_HIGH_GAP_SHADOW,456010,아이씨티케이,T250_S150,2026-09-15 13:24:10.834,19219.199999999997,2026-09-15 13:27:08.170,18930.0,STOP_LOSS,-0.05282620179609086,-1.109350237717908,-0.15847860538827258,0.9508716323296356,-1.7960908610670894,COMPLETE
v2.1.1,20260915_456010_WIDE_HIGH_GAP_SHADOW_E002_132555796656,WIDE_HIGH_GAP_SHADOW,456010,아이씨티케이,T250_S150,2026-09-15 13:25:55.796,19139.12,2026-09-15 13:27:12.018,18850.0,STOP_LOSS,0.3183023872679045,-0.6896551724137931,0.21220159151193632,1.3793103448275863,-1.3793103448275863,COMPLETE
v2.1.1,20260915_052690_WIDE_HIGH_GAP_SHADOW_E008_100811637647,WIDE_HIGH_GAP_SHADOW,052690,한전기술,T250_S150,2026-09-15 10:08:11.637,135034.9,2026-09-15 13:27:35.623,133000.0,STOP_LOSS,0.15037593984962408,-0.07518796992481204,0.37593984962406013,0.9774436090225564,-0.30075187969924816,COMPLETE
v2.1.1,20260915_071200_WIDE_HIGH_GAP_SHADOW_E010_132503226659,WIDE_HIGH_GAP_SHADOW,071200,인피니트헬스케어,T250_S150,2026-09-15 13:25:03.226,13503.489999999998,2026-09-15 13:27:50.449,13300.0,STOP_LOSS,0.07518796992481204,0.15037593984962408,-1.6541353383458646,0.5263157894736842,-2.2556390977443606,COMPLETE
v2.1.1,20260915_000670_WIDE_HIGH_GAP_SHADOW_E019_131052375490,WIDE_HIGH_GAP_SHADOW,000670,영풍,T250_S150,2026-09-15 13:10:52.375,51851.799999999996,2026-09-15 13:27:32.390,51000.0,STOP_LOSS,0.19607843137254902,0.19607843137254902,-0.39215686274509803,0.39215686274509803,-0.9803921568627451,COMPLETE
v2.1.1,20260915_000670_WIDE_HIGH_GAP_SHADOW_E017_130258471778,WIDE_HIGH_GAP_SHADOW,000670,영풍,T250_S150,2026-09-15 13:02:58.471,51851.799999999996,2026-09-15 13:27:32.366,51000.0,STOP_LOSS,0.19607843137254902,0.19607843137254902,-0.39215686274509803,0.39215686274509803,-0.9803921568627451,COMPLETE
v2.1.1,20260915_000670_WIDE_HIGH_GAP_SHADOW_E018_130535938919,WIDE_HIGH_GAP_SHADOW,000670,영풍,T250_S150,2026-09-15 13:05:35.938,51851.799999999996,2026-09-15 13:27:32.454,51000.0,STOP_LOSS,0.19607843137254902,0.19607843137254902,-0.39215686274509803,0.39215686274509803,-0.9803921568627451,COMPLETE
v2.1.1,20260915_071200_WIDE_HIGH_GAP_SHADOW_E011_132622186228,WIDE_HIGH_GAP_SHADOW,071200,인피니트헬스케어,T250_S150,2026-09-15 13:26:22.186,13473.46,2026-09-15 13:28:01.143,13260.0,STOP_LOSS,0.3770739064856712,0.4524886877828055,-1.5082956259426847,0.8295625942684767,-1.9607843137254901,COMPLETE
v2.1.1,20260915_052690_WIDE_HIGH_GAP_SHADOW_E007_095525399634,WIDE_HIGH_GAP_SHADOW,052690,한전기술,T250_S150,2026-09-15 09:55:25.399,134934.8,2026-09-15 13:28:20.864,132900.0,STOP_LOSS,0.07524454477050413,-0.07524454477050413,0.5267118133935289,1.0534236267870578,-0.2257336343115124,COMPLETE
v2.1.1,20260915_030530_WIDE_HIGH_GAP_SHADOW_E030_131823501577,WIDE_HIGH_GAP_SHADOW,030530,원익홀딩스,T250_S150,2026-09-15 13:18:23.501,25575.549999999996,2026-09-15 13:28:49.742,25150.0,STOP_LOSS,0.19880715705765406,-0.19880715705765406,-0.7952286282306162,0.9940357852882704,-0.9940357852882704,COMPLETE
v2.1.1,20260915_030530_WIDE_HIGH_GAP_SHADOW_E025_125933362063,WIDE_HIGH_GAP_SHADOW,030530,원익홀딩스,T250_S150,2026-09-15 12:59:33.362,25575.549999999996,2026-09-15 13:28:49.750,25150.0,STOP_LOSS,0.19880715705765406,-0.19880715705765406,-0.7952286282306162,0.9940357852882704,-0.9940357852882704,COMPLETE
v2.1.1,20260915_030530_WIDE_HIGH_GAP_SHADOW_E027_130433377575,WIDE_HIGH_GAP_SHADOW,030530,원익홀딩스,T250_S150,2026-09-15 13:04:33.377,25575.549999999996,2026-09-15 13:28:49.760,25150.0,STOP_LOSS,0.19880715705765406,-0.19880715705765406,-0.7952286282306162,0.9940357852882704,-0.9940357852882704,COMPLETE
v2.1.1,20260915_030530_WIDE_HIGH_GAP_SHADOW_E028_130614844022,WIDE_HIGH_GAP_SHADOW,030530,원익홀딩스,T250_S150,2026-09-15 13:06:14.844,25575.549999999996,2026-09-15 13:28:49.869,25150.0,STOP_LOSS,0.19880715705765406,-0.19880715705765406,-0.7952286282306162,0.9940357852882704,-0.9940357852882704,COMPLETE
v2.1.1,20260915_000670_WIDE_HIGH_GAP_SHADOW_E020_131628196779,WIDE_HIGH_GAP_SHADOW,000670,영풍,T250_S150,2026-09-15 13:16:28.196,51751.7,2026-09-15 13:29:52.267,50900.0,STOP_LOSS,0.5893909626719057,0.19646365422396855,-0.3929273084479371,0.5893909626719057,-0.7858546168958742,COMPLETE
v2.1.1,20260915_0015N0_WIDE_HIGH_GAP_SHADOW_E011_124150073503,WIDE_HIGH_GAP_SHADOW,0015N0,아로마티카,T250_S150,2026-09-15 12:41:50.073,12932.919999999998,2026-09-15 13:34:19.407,12730.0,STOP_LOSS,0.5498821681068342,0.15710919088766695,0.7855459544383346,1.178318931657502,-0.15710919088766695,COMPLETE
v2.1.1,20260915_0015N0_WIDE_HIGH_GAP_SHADOW_E012_131725558127,WIDE_HIGH_GAP_SHADOW,0015N0,아로마티카,T250_S150,2026-09-15 13:17:25.558,12922.909999999998,2026-09-15 13:34:24.052,12720.0,STOP_LOSS,0.7075471698113208,0.2358490566037736,0.8647798742138365,1.257861635220126,-0.07861635220125787,COMPLETE
v2.1.1,20260915_294570_WIDE_HIGH_GAP_SHADOW_E014_124734414525,WIDE_HIGH_GAP_SHADOW,294570,쿠콘,T250_S150,2026-09-15 12:47:34.414,30180.149999999998,2026-09-15 13:34:38.226,29700.0,STOP_LOSS,-1.3468013468013467,-1.8518518518518516,-2.525252525252525,0.33670033670033667,-2.6936026936026933,COMPLETE
v2.1.1,20260915_294570_WIDE_HIGH_GAP_SHADOW_E007_121304776692,WIDE_HIGH_GAP_SHADOW,294570,쿠콘,T250_S150,2026-09-15 12:13:04.776,30080.049999999996,2026-09-15 13:36:16.764,29600.0,STOP_LOSS,-0.5067567567567568,-0.8445945945945946,-1.1824324324324325,0.5067567567567568,-2.364864864864865,COMPLETE
v2.1.1,20260915_053300_WIDE_HIGH_GAP_SHADOW_E001_133446394933,WIDE_HIGH_GAP_SHADOW,053300,한국정보인증,T250_S150,2026-09-15 13:34:46.394,5875.869999999999,2026-09-15 13:36:54.020,6030.0,TAKE_PROFIT,-3.482587064676617,-4.975124378109453,-5.472636815920398,0.9950248756218906,-6.799336650082918,COMPLETE
v2.1.1,20260915_356860_WIDE_HIGH_GAP_SHADOW_E002_132857980553,WIDE_HIGH_GAP_SHADOW,356860,티엘비,T250_S150,2026-09-15 13:28:57.980,38438.399999999994,2026-09-15 13:40:41.819,37850.0,STOP_LOSS,0.9247027741083224,0.9247027741083224,-0.6605019815059445,1.1889035667107,-0.9247027741083224,COMPLETE
v2.1.1,20260915_356860_WIDE_HIGH_GAP_SHADOW_E001_132716971825,WIDE_HIGH_GAP_SHADOW,356860,티엘비,T250_S150,2026-09-15 13:27:16.971,38438.399999999994,2026-09-15 13:40:41.896,37850.0,STOP_LOSS,0.9247027741083224,0.9247027741083224,-0.6605019815059445,1.1889035667107,-0.9247027741083224,COMPLETE
v2.1.1,20260915_053300_WIDE_HIGH_GAP_SHADOW_E002_133845556245,WIDE_HIGH_GAP_SHADOW,053300,한국정보인증,T250_S150,2026-09-15 13:38:45.556,5905.9,2026-09-15 13:41:33.063,5810.0,STOP_LOSS,-1.2048192771084338,-1.8932874354561102,-2.2375215146299485,1.2048192771084338,-3.2702237521514634,COMPLETE
v2.1.1,20260915_053300_WIDE_HIGH_GAP_SHADOW_E003_134000071149,WIDE_HIGH_GAP_SHADOW,053300,한국정보인증,T250_S150,2026-09-15 13:40:00.071,5865.86,2026-09-15 13:44:32.195,5770.0,STOP_LOSS,-1.733102253032929,-0.6932409012131715,1.386481802426343,2.946273830155979,-2.5996533795493932,COMPLETE
v2.1.1,20260915_042510_WIDE_HIGH_GAP_SHADOW_E015_134425534278,WIDE_HIGH_GAP_SHADOW,042510,라온시큐어,T250_S150,2026-09-15 13:44:25.534,13563.55,2026-09-15 13:47:55.782,13360.0,STOP_LOSS,0.37425149700598803,-0.9730538922155689,5.052395209580839,5.838323353293413,-1.2724550898203593,COMPLETE
v2.1.1,20260915_042510_WIDE_HIGH_GAP_SHADOW_E016_134616436549,WIDE_HIGH_GAP_SHADOW,042510,라온시큐어,T250_S150,2026-09-15 13:46:16.436,13543.529999999999,2026-09-15 13:47:57.827,13340.0,STOP_LOSS,0.5247376311844079,-0.9745127436281859,5.172413793103448,5.997001499250374,-1.1244377811094453,COMPLETE
v2.1.1,20260915_042510_WIDE_HIGH_GAP_SHADOW_E014_132650601624,WIDE_HIGH_GAP_SHADOW,042510,라온시큐어,T250_S150,2026-09-15 13:26:50.601,13533.519999999999,2026-09-15 13:47:57.924,13330.0,STOP_LOSS,0.6001500375093773,-0.9002250562640659,5.251312828207052,6.0765191297824455,-1.0502625656414104,COMPLETE
v2.1.1,20260915_417200_WIDE_HIGH_GAP_SHADOW_E006_133701821835,WIDE_HIGH_GAP_SHADOW,417200,LS머트리얼즈,T250_S150,2026-09-15 13:37:01.821,12522.509999999998,2026-09-15 13:50:09.674,12330.0,STOP_LOSS,-0.5677210056772101,-1.1354420113544201,-1.37875101378751,0.16220600162206003,-1.9464720194647203,COMPLETE
v2.1.1,20260915_417200_WIDE_HIGH_GAP_SHADOW_E005_133446401353,WIDE_HIGH_GAP_SHADOW,417200,LS머트리얼즈,T250_S150,2026-09-15 13:34:46.401,12522.509999999998,2026-09-15 13:50:09.625,12330.0,STOP_LOSS,-0.5677210056772101,-1.1354420113544201,-1.37875101378751,0.16220600162206003,-1.9464720194647203,COMPLETE
v2.1.1,20260915_417200_WIDE_HIGH_GAP_SHADOW_E008_134000077941,WIDE_HIGH_GAP_SHADOW,417200,LS머트리얼즈,T250_S150,2026-09-15 13:40:00.077,12522.509999999998,2026-09-15 13:50:09.686,12330.0,STOP_LOSS,-0.5677210056772101,-1.1354420113544201,-1.37875101378751,0.16220600162206003,-1.9464720194647203,COMPLETE
v2.1.1,20260915_417200_WIDE_HIGH_GAP_SHADOW_E007_133820266798,WIDE_HIGH_GAP_SHADOW,417200,LS머트리얼즈,T250_S150,2026-09-15 13:38:20.266,12522.509999999998,2026-09-15 13:50:09.707,12330.0,STOP_LOSS,-0.5677210056772101,-1.1354420113544201,-1.37875101378751,0.16220600162206003,-1.9464720194647203,COMPLETE
v2.1.1,20260915_058610_WIDE_HIGH_GAP_SHADOW_E015_132742299598,WIDE_HIGH_GAP_SHADOW,058610,에스피지,T250_S150,2026-09-15 13:27:42.299,103203.09999999999,2026-09-15 13:51:21.960,101600.0,STOP_LOSS,-0.19685039370078738,-0.09842519685039369,-0.4921259842519685,0.09842519685039369,-1.279527559055118,COMPLETE
v2.1.1,20260915_058610_WIDE_HIGH_GAP_SHADOW_E016_133012262606,WIDE_HIGH_GAP_SHADOW,058610,에스피지,T250_S150,2026-09-15 13:30:12.262,102902.79999999999,2026-09-15 13:51:35.147,101300.0,STOP_LOSS,0.19743336623889435,0.0,-0.19743336623889435,0.3948667324777887,-0.9871668311944718,COMPLETE
v2.1.1,20260915_058610_WIDE_HIGH_GAP_SHADOW_E017_134453640126,WIDE_HIGH_GAP_SHADOW,058610,에스피지,T250_S150,2026-09-15 13:44:53.640,102902.79999999999,2026-09-15 13:51:35.222,101300.0,STOP_LOSS,0.19743336623889435,0.0,-0.19743336623889435,0.3948667324777887,-0.9871668311944718,COMPLETE
v2.1.1,20260915_000670_WIDE_HIGH_GAP_SHADOW_E016_125436109247,WIDE_HIGH_GAP_SHADOW,000670,영풍,T250_S150,2026-09-15 12:54:36.109,51351.299999999996,2026-09-15 13:52:18.267,50500.0,STOP_LOSS,0.39603960396039606,0.594059405940594,0.7920792079207921,1.782178217821782,0.0,COMPLETE
v2.1.1,20260915_203650_BASE_E001_134937438768,BASE,203650,드림시큐리티,T250_S150,2026-09-15 13:49:37.438,2997.995,2026-09-15 13:52:34.432,2950.0,STOP_LOSS,1.0169491525423728,-0.3389830508474576,0.5084745762711864,1.864406779661017,-1.694915254237288,COMPLETE
v2.1.1,20260915_203650_CALM_FIRST_75_PROTECT_E001_134937446344,CALM_FIRST_75_PROTECT,203650,드림시큐리티,T250_S150,2026-09-15 13:49:37.443,2997.995,2026-09-15 13:52:34.441,2950.0,STOP_LOSS,1.0169491525423728,-0.3389830508474576,0.5084745762711864,1.864406779661017,-1.694915254237288,COMPLETE
v2.1.1,20260915_203650_PRE_HISTORY_E001_134937442086,PRE_HISTORY,203650,드림시큐리티,T250_S150,2026-09-15 13:49:37.442,2997.995,2026-09-15 13:52:34.418,2950.0,STOP_LOSS,1.0169491525423728,-0.3389830508474576,0.5084745762711864,1.864406779661017,-1.694915254237288,COMPLETE
v2.1.1,20260915_203650_CALM_FIRST_75_E001_134937444211,CALM_FIRST_75,203650,드림시큐리티,T250_S150,2026-09-15 13:49:37.443,2997.995,2026-09-15 13:52:34.449,2950.0,STOP_LOSS,1.0169491525423728,-0.3389830508474576,0.5084745762711864,1.864406779661017,-1.694915254237288,COMPLETE
v2.1.1,20260915_042510_WIDE_HIGH_GAP_SHADOW_E018_135258900134,WIDE_HIGH_GAP_SHADOW,042510,라온시큐어,T250_S150,2026-09-15 13:52:58.900,13493.479999999998,2026-09-15 13:55:58.948,13290.0,STOP_LOSS,0.07524454477050413,1.805869074492099,5.342362678705794,6.772009029345373,-0.7524454477050414,COMPLETE
v2.1.1,20260915_417200_WIDE_HIGH_GAP_SHADOW_E004_132716962377,WIDE_HIGH_GAP_SHADOW,417200,LS머트리얼즈,T250_S150,2026-09-15 13:27:16.962,12362.349999999999,2026-09-15 13:57:57.419,12170.0,STOP_LOSS,0.7395234182415776,0.0,0.0,1.0682004930156122,-0.657354149548069,COMPLETE
v2.1.1,20260915_000660_ORB_RETEST_E001_092239302328,ORB_RETEST,000660,000660,T250_S150,2026-09-15 09:22:39.302,1711709.9999999998,2026-09-15 13:59:26.516,1686000.0,STOP_LOSS,0.11862396204033215,-0.20759193357058123,-0.0889679715302491,0.2372479240806643,-0.8896797153024912,COMPLETE
v2.1.1,20260915_000660_ORB_DIRECT_E001_092142232793,ORB_DIRECT,000660,000660,T250_S150,2026-09-15 09:21:42.232,1710708.9999999998,2026-09-15 13:59:40.913,1685000.0,STOP_LOSS,0.11869436201780414,-0.11869436201780414,-0.11869436201780414,0.2967359050445104,-0.830860534124629,COMPLETE
v2.1.1,20260915_488280_WIDE_HIGH_GAP_SHADOW_E003_132622211070,WIDE_HIGH_GAP_SHADOW,488280,에스투더블유,T250_S150,2026-09-15 13:26:22.211,15255.239999999998,2026-09-15 13:59:48.347,15020.0,STOP_LOSS,-0.1997336884154461,-0.1997336884154461,1.3981358189081226,2.5299600532623168,-0.7323568575233023,COMPLETE
v2.1.1,20260915_488280_WIDE_HIGH_GAP_SHADOW_E004_132716988828,WIDE_HIGH_GAP_SHADOW,488280,에스투더블유,T250_S150,2026-09-15 13:27:16.988,15245.229999999998,2026-09-15 13:59:59.931,15010.0,STOP_LOSS,-0.06662225183211193,-0.13324450366422386,1.73217854763491,2.598267821452365,-0.6662225183211192,COMPLETE
v2.1.1,20260915_006360_SHADOW_SCORE_70_74_E001_134813215160,SHADOW_SCORE_70_74,006360,GS건설,T250_S150,2026-09-15 13:48:13.215,39038.99999999999,2026-09-15 14:03:00.544,38450.0,STOP_LOSS,-0.26007802340702213,-0.5201560468140443,-0.7802340702210664,0.26007802340702213,-1.8205461638491547,COMPLETE
v2.1.1,20260915_042510_WIDE_HIGH_GAP_SHADOW_E017_135106945153,WIDE_HIGH_GAP_SHADOW,042510,라온시큐어,T250_S150,2026-09-15 13:51:06.945,13373.359999999999,2026-09-15 14:07:17.651,13710.0,TAKE_PROFIT,1.8234865061998542,2.3340627279358133,0.10940919037199125,3.50109409190372,-0.437636761487965,COMPLETE
v2.1.1,20260915_004020_WIDE_HIGH_GAP_SHADOW_E007_113724070577,WIDE_HIGH_GAP_SHADOW,004020,현대제철,T250_S150,2026-09-15 11:37:24.070,35635.6,2026-09-15 14:07:18.728,35100.0,STOP_LOSS,-0.4273504273504274,-0.5698005698005698,-0.14245014245014245,0.14245014245014245,-0.5698005698005698,COMPLETE
v2.1.1,20260915_004020_WIDE_HIGH_GAP_SHADOW_E012_124605566876,WIDE_HIGH_GAP_SHADOW,004020,현대제철,T250_S150,2026-09-15 12:46:05.566,35635.6,2026-09-15 14:07:19.046,35100.0,STOP_LOSS,-0.2849002849002849,-0.4273504273504274,-0.14245014245014245,0.14245014245014245,-0.5698005698005698,COMPLETE
v2.1.1,20260915_042510_WIDE_HIGH_GAP_SHADOW_E019_140509362118,WIDE_HIGH_GAP_SHADOW,042510,라온시큐어,T250_S150,2026-09-15 14:05:09.362,13463.449999999999,2026-09-15 14:07:51.814,13810.0,TAKE_PROFIT,1.5206372194062274,1.66545981173063,-0.6879073135409124,2.7516292541636496,-1.1585807385952207,COMPLETE
v2.1.1,20260915_034020_SHADOW_SCORE_70_74_E001_090204942135,SHADOW_SCORE_70_74,034020,두산에너빌리티,T250_S150,2026-09-15 09:02:04.942,86085.99999999999,2026-09-15 14:09:21.813,84700.0,STOP_LOSS,-0.4132231404958678,-0.23612750885478156,1.5348288075560803,2.479338842975207,-0.5903187721369539,COMPLETE
v2.1.1,20260915_476830_WIDE_HIGH_GAP_SHADOW_E001_133730055496,WIDE_HIGH_GAP_SHADOW,476830,알지노믹스,T250_S150,2026-09-15 13:37:30.055,27277.249999999996,2026-09-15 14:09:33.915,26850.0,STOP_LOSS,0.37243947858473,-0.5586592178770949,0.37243947858473,1.1173184357541899,-0.5586592178770949,COMPLETE
v2.1.1,20260915_125490_WIDE_HIGH_GAP_SHADOW_E018_135008944308,WIDE_HIGH_GAP_SHADOW,125490,한라캐스트,T250_S150,2026-09-15 13:50:08.944,11341.329999999998,2026-09-15 14:09:44.389,11170.0,STOP_LOSS,-0.35810205908683973,0.0,0.9847806624888094,1.0743061772605194,-0.8057296329453895,COMPLETE
v2.1.1,20260915_004020_WIDE_HIGH_GAP_SHADOW_E010_115259155316,WIDE_HIGH_GAP_SHADOW,004020,현대제철,T250_S150,2026-09-15 11:52:59.155,35585.549999999996,2026-09-15 14:10:02.320,35050.0,STOP_LOSS,-0.28530670470756064,-0.14265335235378032,0.07132667617689016,0.14265335235378032,-0.42796005706134094,COMPLETE
v2.1.1,20260915_004020_WIDE_HIGH_GAP_SHADOW_E008_114926082145,WIDE_HIGH_GAP_SHADOW,004020,현대제철,T250_S150,2026-09-15 11:49:26.082,35585.549999999996,2026-09-15 14:10:02.335,35050.0,STOP_LOSS,-0.28530670470756064,-0.14265335235378032,0.07132667617689016,0.14265335235378032,-0.42796005706134094,COMPLETE
v2.1.1,20260915_004020_WIDE_HIGH_GAP_SHADOW_E006_113509710128,WIDE_HIGH_GAP_SHADOW,004020,현대제철,T250_S150,2026-09-15 11:35:09.710,35585.549999999996,2026-09-15 14:10:02.339,35050.0,STOP_LOSS,-0.28530670470756064,-0.14265335235378032,0.07132667617689016,0.14265335235378032,-0.42796005706134094,COMPLETE
v2.1.1,20260915_004020_WIDE_HIGH_GAP_SHADOW_E013_131506507350,WIDE_HIGH_GAP_SHADOW,004020,현대제철,T250_S150,2026-09-15 13:15:06.507,35585.549999999996,2026-09-15 14:10:02.343,35050.0,STOP_LOSS,-0.28530670470756064,-0.14265335235378032,0.07132667617689016,0.14265335235378032,-0.42796005706134094,COMPLETE
v2.1.1,20260915_004020_WIDE_HIGH_GAP_SHADOW_E009_115019774804,WIDE_HIGH_GAP_SHADOW,004020,현대제철,T250_S150,2026-09-15 11:50:19.774,35585.549999999996,2026-09-15 14:10:02.351,35050.0,STOP_LOSS,-0.28530670470756064,-0.14265335235378032,0.07132667617689016,0.14265335235378032,-0.42796005706134094,COMPLETE
v2.1.1,20260915_004020_WIDE_HIGH_GAP_SHADOW_E011_124438565563,WIDE_HIGH_GAP_SHADOW,004020,현대제철,T250_S150,2026-09-15 12:44:38.565,35585.549999999996,2026-09-15 14:10:02.366,35050.0,STOP_LOSS,-0.28530670470756064,-0.14265335235378032,0.07132667617689016,0.14265335235378032,-0.42796005706134094,COMPLETE
v2.1.1,20260915_125490_WIDE_HIGH_GAP_SHADOW_E014_133036768285,WIDE_HIGH_GAP_SHADOW,125490,한라캐스트,T250_S150,2026-09-15 13:30:36.768,11331.319999999998,2026-09-15 14:10:07.635,11160.0,STOP_LOSS,-0.2688172043010753,0.08960573476702509,1.0304659498207887,1.1648745519713262,-0.7168458781362007,COMPLETE
v2.1.1,20260915_042510_WIDE_HIGH_GAP_SHADOW_E020_140605771772,WIDE_HIGH_GAP_SHADOW,042510,라온시큐어,T250_S150,2026-09-15 14:06:05.771,13503.489999999998,2026-09-15 14:10:13.082,13850.0,TAKE_PROFIT,1.768953068592058,1.5884476534296028,-0.2888086642599278,2.454873646209386,-1.8050541516245486,COMPLETE
v2.1.1,20260915_000660_SHADOW_SCORE_70_74_E001_090045113049,SHADOW_SCORE_70_74,000660,000660,T250_S150,2026-09-15 09:00:45.113,1706704.9999999998,2026-09-15 14:10:30.012,1681000.0,STOP_LOSS,-0.297441998810232,-0.1784651992861392,0.41641879833432477,0.594883997620464,-0.594883997620464,COMPLETE
v2.1.1,20260915_125490_WIDE_HIGH_GAP_SHADOW_E015_133730050019,WIDE_HIGH_GAP_SHADOW,125490,한라캐스트,T250_S150,2026-09-15 13:37:30.050,11321.31,2026-09-15 14:10:51.955,11150.0,STOP_LOSS,-0.17937219730941703,0.35874439461883406,1.1659192825112108,1.2556053811659191,-0.6278026905829596,COMPLETE
v2.1.1,20260915_125490_WIDE_HIGH_GAP_SHADOW_E016_134025786912,WIDE_HIGH_GAP_SHADOW,125490,한라캐스트,T250_S150,2026-09-15 13:40:25.786,11321.31,2026-09-15 14:10:51.982,11150.0,STOP_LOSS,-0.17937219730941703,0.35874439461883406,1.1659192825112108,1.2556053811659191,-0.6278026905829596,COMPLETE
v2.1.1,20260915_125490_WIDE_HIGH_GAP_SHADOW_E017_134145610326,WIDE_HIGH_GAP_SHADOW,125490,한라캐스트,T250_S150,2026-09-15 13:41:45.610,11321.31,2026-09-15 14:10:52.028,11150.0,STOP_LOSS,-0.17937219730941703,0.35874439461883406,1.1659192825112108,1.2556053811659191,-0.6278026905829596,COMPLETE
v2.1.1,20260915_125490_WIDE_HIGH_GAP_SHADOW_E013_132529383792,WIDE_HIGH_GAP_SHADOW,125490,한라캐스트,T250_S150,2026-09-15 13:25:29.383,11321.31,2026-09-15 14:10:52.079,11150.0,STOP_LOSS,-0.17937219730941703,0.35874439461883406,1.1659192825112108,1.2556053811659191,-0.6278026905829596,COMPLETE
v2.1.1,20260915_402340_ORB_RETEST_E003_093238965881,ORB_RETEST,402340,402340,T250_S150,2026-09-15 09:32:38.965,1015013.9999999999,2026-09-15 14:10:59.501,999000.0,STOP_LOSS,-0.10010010010010009,-0.10010010010010009,0.3003003003003003,0.5005005005005005,-0.3003003003003003,COMPLETE
v2.1.1,20260915_036540_WIDE_HIGH_GAP_SHADOW_E013_134425538357,WIDE_HIGH_GAP_SHADOW,036540,SFA반도체,T250_S150,2026-09-15 13:44:25.538,8698.689999999999,2026-09-15 14:13:44.551,8560.0,STOP_LOSS,0.11682242990654204,0.23364485981308408,-0.5841121495327103,0.46728971962616817,-1.6355140186915886,COMPLETE
v2.1.1,20260915_203650_WIDE_HIGH_GAP_SHADOW_E002_140509369374,WIDE_HIGH_GAP_SHADOW,203650,드림시큐리티,T250_S150,2026-09-15 14:05:09.369,2927.9249999999997,2026-09-15 14:13:49.737,3005.0,TAKE_PROFIT,-0.9983361064891847,-1.8302828618968388,-5.990016638935108,0.0,-7.321131447587355,COMPLETE
v2.1.1,20260915_203650_WIDE_HIGH_GAP_SHADOW_E001_140053544000,WIDE_HIGH_GAP_SHADOW,203650,드림시큐리티,T250_S150,2026-09-15 14:00:53.544,2927.9249999999997,2026-09-15 14:13:49.712,3005.0,TAKE_PROFIT,-0.9983361064891847,-1.8302828618968388,-5.990016638935108,0.0,-7.321131447587355,COMPLETE
v2.1.1,20260915_036540_WIDE_HIGH_GAP_SHADOW_E007_130327614604,WIDE_HIGH_GAP_SHADOW,036540,SFA반도체,T250_S150,2026-09-15 13:03:27.614,8688.679999999998,2026-09-15 14:13:58.219,8550.0,STOP_LOSS,0.23391812865497078,0.3508771929824561,-0.3508771929824561,0.5847953216374269,-1.5204678362573099,COMPLETE
v2.1.1,20260915_036540_WIDE_HIGH_GAP_SHADOW_E012_133036763219,WIDE_HIGH_GAP_SHADOW,036540,SFA반도체,T250_S150,2026-09-15 13:30:36.763,8688.679999999998,2026-09-15 14:13:58.250,8550.0,STOP_LOSS,0.23391812865497078,0.3508771929824561,-0.3508771929824561,0.5847953216374269,-1.5204678362573099,COMPLETE
v2.1.1,20260915_090360_WIDE_HIGH_GAP_SHADOW_E007_134841937561,WIDE_HIGH_GAP_SHADOW,090360,로보스타,T250_S150,2026-09-15 13:48:41.937,79579.49999999999,2026-09-15 14:14:40.442,78300.0,STOP_LOSS,0.2554278416347382,0.6385696040868455,1.7879948914431671,1.7879948914431671,0.0,COMPLETE
v2.1.1,20260915_090360_WIDE_HIGH_GAP_SHADOW_E005_134303983865,WIDE_HIGH_GAP_SHADOW,090360,로보스타,T250_S150,2026-09-15 13:43:03.983,79579.49999999999,2026-09-15 14:14:40.459,78300.0,STOP_LOSS,0.2554278416347382,0.6385696040868455,1.7879948914431671,1.7879948914431671,0.0,COMPLETE
v2.1.1,20260915_090360_WIDE_HIGH_GAP_SHADOW_E003_132001953655,WIDE_HIGH_GAP_SHADOW,090360,로보스타,T250_S150,2026-09-15 13:20:01.953,79579.49999999999,2026-09-15 14:14:40.556,78300.0,STOP_LOSS,0.2554278416347382,0.6385696040868455,1.7879948914431671,1.7879948914431671,0.0,COMPLETE
v2.1.1,20260915_090360_WIDE_HIGH_GAP_SHADOW_E001_131753748785,WIDE_HIGH_GAP_SHADOW,090360,로보스타,T250_S150,2026-09-15 13:17:53.748,79579.49999999999,2026-09-15 14:14:40.568,78300.0,STOP_LOSS,0.2554278416347382,0.6385696040868455,1.7879948914431671,1.7879948914431671,0.0,COMPLETE
v2.1.1,20260915_090360_WIDE_HIGH_GAP_SHADOW_E008_135037750534,WIDE_HIGH_GAP_SHADOW,090360,로보스타,T250_S150,2026-09-15 13:50:37.750,79579.49999999999,2026-09-15 14:14:40.577,78300.0,STOP_LOSS,0.2554278416347382,0.6385696040868455,1.7879948914431671,1.7879948914431671,0.0,COMPLETE
v2.1.1,20260915_036540_WIDE_HIGH_GAP_SHADOW_E009_132650606194,WIDE_HIGH_GAP_SHADOW,036540,SFA반도체,T250_S150,2026-09-15 13:26:50.606,8678.669999999998,2026-09-15 14:15:56.534,8540.0,STOP_LOSS,0.468384074941452,-0.234192037470726,-0.117096018735363,0.702576112412178,-1.405152224824356,COMPLETE
v2.1.1,20260915_036540_WIDE_HIGH_GAP_SHADOW_E010_132742295489,WIDE_HIGH_GAP_SHADOW,036540,SFA반도체,T250_S150,2026-09-15 13:27:42.295,8678.669999999998,2026-09-15 14:15:56.738,8540.0,STOP_LOSS,0.468384074941452,-0.234192037470726,-0.117096018735363,0.702576112412178,-1.405152224824356,COMPLETE
v2.1.1,20260915_036540_WIDE_HIGH_GAP_SHADOW_E006_130032192937,WIDE_HIGH_GAP_SHADOW,036540,SFA반도체,T250_S150,2026-09-15 13:00:32.192,8678.669999999998,2026-09-15 14:15:56.864,8540.0,STOP_LOSS,0.468384074941452,-0.234192037470726,-0.117096018735363,0.702576112412178,-1.405152224824356,COMPLETE
v2.1.1,20260915_036540_WIDE_HIGH_GAP_SHADOW_E008_131534766049,WIDE_HIGH_GAP_SHADOW,036540,SFA반도체,T250_S150,2026-09-15 13:15:34.766,8668.66,2026-09-15 14:15:59.769,8530.0,STOP_LOSS,0.4689331770222743,-0.11723329425556857,-0.11723329425556857,0.8206330597889802,-1.2895662368112544,COMPLETE
v2.1.1,20260915_036540_WIDE_HIGH_GAP_SHADOW_E014_135421872244,WIDE_HIGH_GAP_SHADOW,036540,SFA반도체,T250_S150,2026-09-15 13:54:21.872,8668.66,2026-09-15 14:15:59.791,8530.0,STOP_LOSS,0.4689331770222743,-0.11723329425556857,-0.11723329425556857,0.8206330597889802,-1.2895662368112544,COMPLETE
v2.1.1,20260915_036540_WIDE_HIGH_GAP_SHADOW_E011_132832508309,WIDE_HIGH_GAP_SHADOW,036540,SFA반도체,T250_S150,2026-09-15 13:28:32.508,8668.66,2026-09-15 14:15:59.921,8530.0,STOP_LOSS,0.4689331770222743,-0.11723329425556857,-0.11723329425556857,0.8206330597889802,-1.2895662368112544,COMPLETE
v2.1.1,20260915_005930_ORB_DIRECT_E001_092114041011,ORB_DIRECT,005930,005930,T250_S150,2026-09-15 09:21:14.041,250249.99999999997,2026-09-15 14:16:20.887,246250.0,STOP_LOSS,0.20304568527918782,0.10152284263959391,1.015228426395939,1.3197969543147208,-0.10152284263959391,COMPLETE
v2.1.1,20260915_005930_SHADOW_SCORE_70_74_E001_090045116411,SHADOW_SCORE_70_74,005930,005930,T250_S150,2026-09-15 09:00:45.116,249749.49999999997,2026-09-15 14:16:20.932,246000.0,STOP_LOSS,0.3048780487804878,0.20325203252032523,1.1178861788617886,1.4227642276422763,0.0,COMPLETE
v2.1.1,20260915_005930_ORB_RETEST_E001_093215959493,ORB_RETEST,005930,005930,T250_S150,2026-09-15 09:32:15.959,249999.74999999997,2026-09-15 14:16:20.977,246000.0,STOP_LOSS,0.20325203252032523,0.20325203252032523,1.1178861788617886,1.4227642276422763,0.0,COMPLETE
v2.1.1,20260915_010580_WIDE_HIGH_GAP_SHADOW_E001_141700035915,WIDE_HIGH_GAP_SHADOW,010580,에스엠벡셀,T250_S150,2026-09-15 14:17:00.035,2732.7299999999996,2026-09-15 14:17:27.219,2690.0,STOP_LOSS,6.133828996282528,8.178438661710038,8.921933085501859,11.338289962825279,-0.5576208178438662,COMPLETE
v2.1.1,20260915_010580_WIDE_HIGH_GAP_SHADOW_E002_141820733574,WIDE_HIGH_GAP_SHADOW,010580,에스엠벡셀,T250_S150,2026-09-15 14:18:20.733,2722.72,2026-09-15 14:19:32.948,2680.0,STOP_LOSS,5.970149253731343,7.835820895522389,8.395522388059701,11.753731343283583,-0.18656716417910446,COMPLETE
v2.1.1,20260915_053300_WIDE_HIGH_GAP_SHADOW_E004_141353236045,WIDE_HIGH_GAP_SHADOW,053300,한국정보인증,T250_S150,2026-09-15 14:13:53.236,5905.9,2026-09-15 14:19:47.516,5810.0,STOP_LOSS,-0.17211703958691912,-0.5163511187607573,-4.475043029259897,0.8605851979345954,-6.024096385542169,COMPLETE
v2.1.1,20260915_010580_WIDE_HIGH_GAP_SHADOW_E003_141941930589,WIDE_HIGH_GAP_SHADOW,010580,에스엠벡셀,T250_S150,2026-09-15 14:19:41.930,2722.72,2026-09-15 14:20:17.926,2795.0,TAKE_PROFIT,2.3255813953488373,2.6833631484794274,4.114490161001789,7.155635062611807,-1.4311270125223614,COMPLETE
v2.1.1,20260915_053300_WIDE_HIGH_GAP_SHADOW_E005_141539285427,WIDE_HIGH_GAP_SHADOW,053300,한국정보인증,T250_S150,2026-09-15 14:15:39.285,5865.86,2026-09-15 14:20:28.505,5775.0,STOP_LOSS,0.7792207792207793,-0.9523809523809524,-3.896103896103896,1.471861471861472,-5.454545454545454,COMPLETE
v2.1.1,20260915_010580_WIDE_HIGH_GAP_SHADOW_E004_142037649509,WIDE_HIGH_GAP_SHADOW,010580,에스엠벡셀,T250_S150,2026-09-15 14:20:37.649,2727.725,2026-09-15 14:20:37.720,2815.0,TAKE_PROFIT,3.197158081705151,2.4866785079928952,2.664298401420959,6.394316163410302,-1.2433392539964476,COMPLETE
v2.1.1,20260915_053300_WIDE_HIGH_GAP_SHADOW_E006_142104788876,WIDE_HIGH_GAP_SHADOW,053300,한국정보인증,T250_S150,2026-09-15 14:21:04.788,5855.849999999999,2026-09-15 14:21:26.941,5760.0,STOP_LOSS,0.5208333333333333,-0.8680555555555556,-3.4722222222222223,1.3888888888888888,-5.208333333333334,COMPLETE
v2.1.1,20260915_052690_WIDE_HIGH_GAP_SHADOW_E013_134236652151,WIDE_HIGH_GAP_SHADOW,052690,한전기술,T250_S150,2026-09-15 13:42:36.652,133233.09999999998,2026-09-15 14:25:43.099,136600.0,TAKE_PROFIT,3.001464128843338,4.24597364568082,4.831625183016105,7.027818448023426,-1.390922401171303,COMPLETE
v2.1.1,20260915_203650_WIDE_HIGH_GAP_SHADOW_E004_142553710567,WIDE_HIGH_GAP_SHADOW,203650,드림시큐리티,T250_S150,2026-09-15 14:25:53.710,2927.9249999999997,2026-09-15 14:29:31.753,2880.0,STOP_LOSS,-2.430555555555556,-2.430555555555556,-4.340277777777778,0.3472222222222222,-4.340277777777778,COMPLETE
v2.1.1,20260915_203650_WIDE_HIGH_GAP_SHADOW_E003_141754150106,WIDE_HIGH_GAP_SHADOW,203650,드림시큐리티,T250_S150,2026-09-15 14:17:54.150,2927.9249999999997,2026-09-15 14:29:31.771,2880.0,STOP_LOSS,-2.430555555555556,-2.430555555555556,-4.340277777777778,0.3472222222222222,-4.340277777777778,COMPLETE
v2.1.1,20260915_053300_WIDE_HIGH_GAP_SHADOW_E007_142835534358,WIDE_HIGH_GAP_SHADOW,053300,한국정보인증,T250_S150,2026-09-15 14:28:35.534,5835.829999999999,2026-09-15 14:30:25.006,5740.0,STOP_LOSS,-1.3937282229965158,-2.6132404181184667,-4.529616724738676,0.0,-5.052264808362369,COMPLETE
v2.1.1,20260915_000670_WIDE_HIGH_GAP_SHADOW_E024_140349103358,WIDE_HIGH_GAP_SHADOW,000670,영풍,T250_S150,2026-09-15 14:03:49.103,51151.09999999999,2026-09-15 14:30:38.170,50300.0,STOP_LOSS,0.9940357852882704,0.7952286282306162,0.19880715705765406,0.9940357852882704,-0.19880715705765406,COMPLETE
v2.1.1,20260915_000670_WIDE_HIGH_GAP_SHADOW_E022_133036780950,WIDE_HIGH_GAP_SHADOW,000670,영풍,T250_S150,2026-09-15 13:30:36.780,51151.09999999999,2026-09-15 14:30:38.138,50300.0,STOP_LOSS,0.9940357852882704,0.7952286282306162,0.19880715705765406,0.9940357852882704,-0.19880715705765406,COMPLETE
v2.1.1,20260915_000670_WIDE_HIGH_GAP_SHADOW_E023_133304569126,WIDE_HIGH_GAP_SHADOW,000670,영풍,T250_S150,2026-09-15 13:33:04.569,51151.09999999999,2026-09-15 14:30:38.146,50300.0,STOP_LOSS,0.9940357852882704,0.7952286282306162,0.19880715705765406,0.9940357852882704,-0.19880715705765406,COMPLETE
v2.1.1,20260915_000670_WIDE_HIGH_GAP_SHADOW_E021_132947862802,WIDE_HIGH_GAP_SHADOW,000670,영풍,T250_S150,2026-09-15 13:29:47.862,51151.09999999999,2026-09-15 14:30:38.135,50300.0,STOP_LOSS,0.9940357852882704,0.7952286282306162,0.19880715705765406,0.9940357852882704,-0.19880715705765406,COMPLETE
v2.1.1,20260915_052690_SHADOW_SCORE_70_74_E004_143206753245,SHADOW_SCORE_70_74,052690,한전기술,T250_S150,2026-09-15 14:32:06.753,143743.59999999998,2026-09-15 14:36:41.509,141500.0,STOP_LOSS,-1.4134275618374559,-1.9787985865724382,3.3922261484098937,3.9575971731448765,-2.4734982332155475,COMPLETE
v2.1.1,20260915_010580_WIDE_HIGH_GAP_SHADOW_E005_143341980195,WIDE_HIGH_GAP_SHADOW,010580,에스엠벡셀,T250_S150,2026-09-15 14:33:41.980,2827.825,2026-09-15 14:36:41.901,2900.0,TAKE_PROFIT,1.206896551724138,1.896551724137931,-0.8620689655172413,3.2758620689655173,-2.7586206896551726,COMPLETE
v2.1.1,20260915_052690_WIDE_HIGH_GAP_SHADOW_E014_143709948227,WIDE_HIGH_GAP_SHADOW,052690,한전기술,T250_S150,2026-09-15 14:37:09.948,140740.59999999998,2026-09-15 14:41:58.911,138600.0,STOP_LOSS,0.21645021645021645,2.092352092352092,4.329004329004329,6.132756132756133,-0.4329004329004329,COMPLETE
v2.1.1,20260915_052690_WIDE_HIGH_GAP_SHADOW_E015_144105306081,WIDE_HIGH_GAP_SHADOW,052690,한전기술,T250_S150,2026-09-15 14:41:05.306,140740.59999999998,2026-09-15 14:41:58.809,138600.0,STOP_LOSS,0.1443001443001443,2.092352092352092,4.329004329004329,6.132756132756133,-0.4329004329004329,COMPLETE
v2.1.1,20260915_042510_WIDE_HIGH_GAP_SHADOW_E021_144958060371,WIDE_HIGH_GAP_SHADOW,042510,라온시큐어,T250_S150,2026-09-15 14:49:58.060,13583.569999999998,2026-09-15 14:50:56.059,13370.0,STOP_LOSS,-1.2715033657442034,-0.9349289454001496,-4.18848167539267,0.7479431563201197,-5.385190725504862,COMPLETE
v2.1.1,20260915_052690_WIDE_HIGH_GAP_SHADOW_E016_145031043913,WIDE_HIGH_GAP_SHADOW,052690,한전기술,T250_S150,2026-09-15 14:50:31.043,139839.69999999998,2026-09-15 14:52:18.645,143400.0,TAKE_PROFIT,0.3486750348675035,0.906555090655509,0.3486750348675035,2.580195258019526,-0.906555090655509,COMPLETE
v2.1.1,20260915_031980_WIDE_HIGH_GAP_SHADOW_E001_143542268504,WIDE_HIGH_GAP_SHADOW,031980,피에스케이홀딩스,T250_S150,2026-09-15 14:35:42.268,166566.4,2026-09-15 14:59:35.298,164000.0,STOP_LOSS,0.6707317073170732,0.24390243902439024,1.2195121951219512,1.402439024390244,0.0,COMPLETE
v2.1.1,20260915_009150_ORB_DIRECT_E001_094246195208,ORB_DIRECT,009150,009150,T250_S150,2026-09-15 09:42:46.195,1332330.9999999998,2026-09-15 15:08:07.899,1312000.0,STOP_LOSS,0.3048780487804878,0.22865853658536583,0.38109756097560976,0.38109756097560976,0.0,COMPLETE
v2.1.1,20260915_052690_BASE_E005_150424659560,BASE,052690,한전기술,T250_S150,2026-09-15 15:04:24.659,146746.59999999998,2026-09-15 15:10:18.302,144500.0,STOP_LOSS,0.0,-0.4152249134948097,-0.5536332179930795,0.6920415224913495,-0.8304498269896194,COMPLETE
v2.1.1,20260915_052690_PRE_HISTORY_E005_150424667295,PRE_HISTORY,052690,한전기술,T250_S150,2026-09-15 15:04:24.667,146746.59999999998,2026-09-15 15:10:18.336,144500.0,STOP_LOSS,0.0,-0.4152249134948097,-0.5536332179930795,0.6920415224913495,-0.8304498269896194,COMPLETE
v2.1.1,20260915_375500_PRE_FAIL_PULLBACK_SHADOW_E002_142934237963,PRE_FAIL_PULLBACK_SHADOW,375500,DL이앤씨,T250_S150,2026-09-15 14:29:34.237,90390.29999999999,2026-09-15 15:10:46.700,89000.0,STOP_LOSS,0.44943820224719105,0.7865168539325843,0.44943820224719105,1.0112359550561798,-0.44943820224719105,COMPLETE
v2.1.1,20260915_375500_BASE_E002_142934234474,BASE,375500,DL이앤씨,T250_S150,2026-09-15 14:29:34.234,90390.29999999999,2026-09-15 15:10:46.721,89000.0,STOP_LOSS,0.44943820224719105,0.7865168539325843,0.44943820224719105,1.0112359550561798,-0.44943820224719105,COMPLETE
v2.1.1,20260915_413630_WIDE_HIGH_GAP_SHADOW_E004_145031035211,WIDE_HIGH_GAP_SHADOW,413630,씨피시스템,T250_S150,2026-09-15 14:50:31.035,4344.339999999999,2026-09-15 15:18:43.697,4455.0,TAKE_PROFIT,0.7856341189674524,0.7856341189674524,1.0101010101010102,1.0101010101010102,-0.22446689113355783,COMPLETE
v2.1.1,20260915_413630_WIDE_HIGH_GAP_SHADOW_E002_144440145323,WIDE_HIGH_GAP_SHADOW,413630,씨피시스템,T250_S150,2026-09-15 14:44:40.145,4344.339999999999,2026-09-15 15:18:43.701,4455.0,TAKE_PROFIT,0.7856341189674524,0.7856341189674524,1.0101010101010102,1.0101010101010102,-0.22446689113355783,COMPLETE
v2.1.1,20260915_413630_WIDE_HIGH_GAP_SHADOW_E003_144615127108,WIDE_HIGH_GAP_SHADOW,413630,씨피시스템,T250_S150,2026-09-15 14:46:15.127,4344.339999999999,2026-09-15 15:18:43.689,4455.0,TAKE_PROFIT,0.7856341189674524,0.7856341189674524,1.0101010101010102,1.0101010101010102,-0.22446689113355783,COMPLETE
v2.1.1,20260915_373220_SHADOW_SCORE_70_74_E001_144440170779,SHADOW_SCORE_70_74,373220,LG에너지솔루션,T250_S150,2026-09-15 14:44:40.170,370369.99999999994,2026-09-15 15:40:57.390,364500.0,STOP_LOSS,-0.2743484224965706,-0.411522633744856,-0.411522633744856,0.2743484224965706,-0.6858710562414266,COMPLETE
v2.1.1,20260915_373220_SHADOW_SCORE_70_74_E002_145920438108,SHADOW_SCORE_70_74,373220,LG에너지솔루션,T250_S150,2026-09-15 14:59:20.438,369869.49999999994,2026-09-15 15:44:21.131,364000.0,STOP_LOSS,-0.13736263736263737,-0.5494505494505495,-0.13736263736263737,0.4120879120879121,-0.5494505494505495,COMPLETE
v2.1.1,20260915_087010_BASE_E001_143134067167,BASE,087010,펩트론,T250_S150,2026-09-15 14:31:34.067,151751.59999999998,2026-09-15 15:49:51.789,149400.0,STOP_LOSS,0.0,-0.2677376171352075,-0.2677376171352075,0.9370816599732262,-0.4016064257028112,COMPLETE
v2.1.1,20260915_087010_PRE_FAIL_PULLBACK_SHADOW_E001_143134071511,PRE_FAIL_PULLBACK_SHADOW,087010,펩트론,T250_S150,2026-09-15 14:31:34.071,151751.59999999998,2026-09-15 15:49:51.859,149400.0,STOP_LOSS,0.0,-0.2677376171352075,-0.2677376171352075,0.9370816599732262,-0.4016064257028112,COMPLETE
v2.1.1,20260915_413630_WIDE_HIGH_GAP_SHADOW_E006_150456548380,WIDE_HIGH_GAP_SHADOW,413630,씨피시스템,T250_S150,2026-09-15 15:04:56.548,4404.4,2026-09-15 16:00:06.810,4275.0,STOP_LOSS,3.7426900584795324,3.8596491228070176,3.976608187134503,5.029239766081871,0.0,COMPLETE
v2.1.1,20260915_413630_WIDE_HIGH_GAP_SHADOW_E005_150227870036,WIDE_HIGH_GAP_SHADOW,413630,씨피시스템,T250_S150,2026-09-15 15:02:27.870,4404.4,2026-09-15 16:00:06.839,4275.0,STOP_LOSS,3.7426900584795324,3.8596491228070176,3.976608187134503,5.029239766081871,0.0,COMPLETE
v2.1.1,20260915_413630_WIDE_HIGH_GAP_SHADOW_E007_150658210708,WIDE_HIGH_GAP_SHADOW,413630,씨피시스템,T250_S150,2026-09-15 15:06:58.210,4404.4,2026-09-15 16:00:06.774,4275.0,STOP_LOSS,3.7426900584795324,3.8596491228070176,3.976608187134503,5.029239766081871,0.0,COMPLETE
v2.1.1,20260915_036540_WIDE_HIGH_GAP_SHADOW_E015_160032959235,WIDE_HIGH_GAP_SHADOW,036540,SFA반도체,T250_S150,2026-09-15 16:00:32.959,8698.689999999999,2026-09-15 16:02:07.678,8550.0,STOP_LOSS,0.46783625730994155,0.23391812865497078,0.23391812865497078,0.8187134502923977,-0.46783625730994155,COMPLETE
v2.1.1,20260915_031980_WIDE_HIGH_GAP_SHADOW_E005_154031715767,WIDE_HIGH_GAP_SHADOW,031980,피에스케이홀딩스,T250_S150,2026-09-15 15:40:31.715,167066.9,2026-09-15 16:25:39.780,164500.0,STOP_LOSS,0.303951367781155,0.48632218844984804,0.425531914893617,0.729483282674772,0.0,COMPLETE
v2.1.1,20260915_0015N0_WIDE_HIGH_GAP_SHADOW_E016_163107934094,WIDE_HIGH_GAP_SHADOW,0015N0,아로마티카,T250_S150,2026-09-15 16:31:07.934,12992.979999999998,2026-09-15 16:57:36.879,12790.0,STOP_LOSS,-0.1563721657544957,0.07818608287724785,0.3127443315089914,0.8600469116497262,-0.3127443315089914,COMPLETE
v2.1.1,20260915_199430_WIDE_HIGH_GAP_SHADOW_E003_162954403771,WIDE_HIGH_GAP_SHADOW,199430,케이엔알시스템,T250_S150,2026-09-15 16:29:54.403,19379.359999999997,2026-09-15 17:01:17.322,19080.0,STOP_LOSS,0.9433962264150944,0.7861635220125787,0.7337526205450734,1.3102725366876309,-0.10482180293501049,COMPLETE
v2.1.1,20260915_199430_WIDE_HIGH_GAP_SHADOW_E002_162650824114,WIDE_HIGH_GAP_SHADOW,199430,케이엔알시스템,T250_S150,2026-09-15 16:26:50.824,19379.359999999997,2026-09-15 17:01:17.327,19080.0,STOP_LOSS,0.9433962264150944,0.7861635220125787,0.7337526205450734,1.3102725366876309,-0.10482180293501049,COMPLETE
v2.1.1,20260915_199430_WIDE_HIGH_GAP_SHADOW_E001_161422467263,WIDE_HIGH_GAP_SHADOW,199430,케이엔알시스템,T250_S150,2026-09-15 16:14:22.467,19369.35,2026-09-15 17:01:22.666,19070.0,STOP_LOSS,0.9963293130571578,0.7865757734661771,0.9438909281594127,1.3633980073413738,-0.05243838489774515,COMPLETE
v2.1.1,20260915_199430_WIDE_HIGH_GAP_SHADOW_E005_164554497547,WIDE_HIGH_GAP_SHADOW,199430,케이엔알시스템,T250_S150,2026-09-15 16:45:54.497,19369.35,2026-09-15 17:01:22.683,19070.0,STOP_LOSS,0.9963293130571578,0.7865757734661771,0.9438909281594127,1.3633980073413738,-0.05243838489774515,COMPLETE
v2.1.1,20260915_199430_WIDE_HIGH_GAP_SHADOW_E004_164030780340,WIDE_HIGH_GAP_SHADOW,199430,케이엔알시스템,T250_S150,2026-09-15 16:40:30.780,19369.35,2026-09-15 17:01:22.698,19070.0,STOP_LOSS,0.9963293130571578,0.7865757734661771,0.9438909281594127,1.3633980073413738,-0.05243838489774515,COMPLETE
v2.1.1,20260915_488280_WIDE_HIGH_GAP_SHADOW_E013_151641112712,WIDE_HIGH_GAP_SHADOW,488280,에스투더블유,T250_S150,2026-09-15 15:16:41.112,15325.309999999998,2026-09-15 17:04:19.290,15090.0,STOP_LOSS,0.26507620941020543,0.13253810470510272,-0.33134526176275675,0.26507620941020543,-0.33134526176275675,COMPLETE
v2.1.1,20260915_488280_WIDE_HIGH_GAP_SHADOW_E014_151944724175,WIDE_HIGH_GAP_SHADOW,488280,에스투더블유,T250_S150,2026-09-15 15:19:44.724,15315.299999999997,2026-09-15 17:04:31.770,15080.0,STOP_LOSS,0.33156498673740054,0.1989389920424403,-0.2652519893899204,0.33156498673740054,-0.2652519893899204,COMPLETE
v2.1.1,20260915_488280_WIDE_HIGH_GAP_SHADOW_E006_142528413537,WIDE_HIGH_GAP_SHADOW,488280,에스투더블유,T250_S150,2026-09-15 14:25:28.413,15275.259999999998,2026-09-15 17:05:29.082,15040.0,STOP_LOSS,0.4654255319148936,0.4654255319148936,-0.06648936170212766,0.598404255319149,-0.06648936170212766,COMPLETE
v2.1.1,20260915_036540_WIDE_HIGH_GAP_SHADOW_E016_163809482217,WIDE_HIGH_GAP_SHADOW,036540,SFA반도체,T250_S150,2026-09-15 16:38:09.482,8678.669999999998,2026-09-15 17:07:27.473,8540.0,STOP_LOSS,-0.234192037470726,0.351288056206089,0.468384074941452,0.702576112412178,-0.351288056206089,COMPLETE
v2.1.1,20260915_030530_WIDE_HIGH_GAP_SHADOW_E031_162118481857,WIDE_HIGH_GAP_SHADOW,030530,원익홀딩스,T250_S150,2026-09-15 16:21:18.481,25625.6,2026-09-15 17:08:32.072,25200.0,STOP_LOSS,0.7936507936507936,0.7936507936507936,1.1904761904761905,1.3888888888888888,0.0,COMPLETE
v2.1.1,20260915_087010_WIDE_HIGH_GAP_SHADOW_E007_151812320972,WIDE_HIGH_GAP_SHADOW,087010,펩트론,T250_S150,2026-09-15 15:18:12.320,150450.3,2026-09-15 17:10:08.828,148100.0,STOP_LOSS,0.0675219446320054,0.2025658338960162,0.0675219446320054,0.337609723160027,-0.675219446320054,COMPLETE
v2.1.1,20260915_087010_WIDE_HIGH_GAP_SHADOW_E002_143838029422,WIDE_HIGH_GAP_SHADOW,087010,펩트론,T250_S150,2026-09-15 14:38:38.029,150350.19999999998,2026-09-15 17:10:08.885,148000.0,STOP_LOSS,0.13513513513513514,0.2702702702702703,0.13513513513513514,0.40540540540540543,-0.6081081081081081,COMPLETE
v2.1.1,20260915_087010_WIDE_HIGH_GAP_SHADOW_E003_150859282841,WIDE_HIGH_GAP_SHADOW,087010,펩트론,T250_S150,2026-09-15 15:08:59.282,150450.3,2026-09-15 17:10:08.835,148100.0,STOP_LOSS,0.0675219446320054,0.2025658338960162,0.0675219446320054,0.337609723160027,-0.675219446320054,COMPLETE
v2.1.1,20260915_087010_WIDE_HIGH_GAP_SHADOW_E006_151540246369,WIDE_HIGH_GAP_SHADOW,087010,펩트론,T250_S150,2026-09-15 15:15:40.246,150450.3,2026-09-15 17:10:08.855,148100.0,STOP_LOSS,0.0675219446320054,0.2025658338960162,0.0675219446320054,0.337609723160027,-0.675219446320054,COMPLETE
v2.1.1,20260915_087010_WIDE_HIGH_GAP_SHADOW_E005_151212828050,WIDE_HIGH_GAP_SHADOW,087010,펩트론,T250_S150,2026-09-15 15:12:12.828,150450.3,2026-09-15 17:10:08.867,148100.0,STOP_LOSS,0.0675219446320054,0.2025658338960162,0.0675219446320054,0.337609723160027,-0.675219446320054,COMPLETE
v2.1.1,20260915_087010_WIDE_HIGH_GAP_SHADOW_E004_151107656934,WIDE_HIGH_GAP_SHADOW,087010,펩트론,T250_S150,2026-09-15 15:11:07.656,150450.3,2026-09-15 17:10:08.878,148100.0,STOP_LOSS,0.0675219446320054,0.2025658338960162,0.0675219446320054,0.337609723160027,-0.675219446320054,COMPLETE
v2.1.1,20260915_087010_WIDE_HIGH_GAP_SHADOW_E001_143512397399,WIDE_HIGH_GAP_SHADOW,087010,펩트론,T250_S150,2026-09-15 14:35:12.397,150149.99999999997,2026-09-15 17:10:08.978,147800.0,STOP_LOSS,0.2706359945872801,0.40595399188092013,0.2706359945872801,0.4736129905277402,-0.4736129905277402,COMPLETE
v2.1.1,20260915_087010_WIDE_HIGH_GAP_SHADOW_E008_160216464213,WIDE_HIGH_GAP_SHADOW,087010,펩트론,T250_S150,2026-09-15 16:02:16.464,149749.59999999998,2026-09-15 17:11:23.218,147500.0,STOP_LOSS,0.4067796610169492,0.47457627118644063,0.5423728813559322,0.6779661016949152,-0.2711864406779661,COMPLETE
v2.1.1,20260915_476830_WIDE_HIGH_GAP_SHADOW_E012_145548440325,WIDE_HIGH_GAP_SHADOW,476830,알지노믹스,T250_S150,2026-09-15 14:55:48.440,27026.999999999996,2026-09-15 17:12:48.324,26600.0,STOP_LOSS,0.0,0.18796992481203006,0.37593984962406013,0.37593984962406013,0.0,COMPLETE
v2.1.1,20260915_476830_WIDE_HIGH_GAP_SHADOW_E005_143341994122,WIDE_HIGH_GAP_SHADOW,476830,알지노믹스,T250_S150,2026-09-15 14:33:41.994,27026.999999999996,2026-09-15 17:12:48.340,26600.0,STOP_LOSS,0.0,0.18796992481203006,0.37593984962406013,0.37593984962406013,0.0,COMPLETE
v2.1.1,20260915_476830_WIDE_HIGH_GAP_SHADOW_E009_144751518192,WIDE_HIGH_GAP_SHADOW,476830,알지노믹스,T250_S150,2026-09-15 14:47:51.518,27026.999999999996,2026-09-15 17:12:48.356,26600.0,STOP_LOSS,0.0,0.18796992481203006,0.37593984962406013,0.37593984962406013,0.0,COMPLETE
v2.1.1,20260915_476830_WIDE_HIGH_GAP_SHADOW_E004_143206721361,WIDE_HIGH_GAP_SHADOW,476830,알지노믹스,T250_S150,2026-09-15 14:32:06.721,27026.999999999996,2026-09-15 17:12:48.406,26600.0,STOP_LOSS,0.0,0.18796992481203006,0.37593984962406013,0.37593984962406013,0.0,COMPLETE
v2.1.1,20260915_476830_WIDE_HIGH_GAP_SHADOW_E006_143611540867,WIDE_HIGH_GAP_SHADOW,476830,알지노믹스,T250_S150,2026-09-15 14:36:11.540,27026.999999999996,2026-09-15 17:12:48.462,26600.0,STOP_LOSS,0.0,0.18796992481203006,0.37593984962406013,0.37593984962406013,0.0,COMPLETE
v2.1.1,20260915_476830_WIDE_HIGH_GAP_SHADOW_E002_141353243261,WIDE_HIGH_GAP_SHADOW,476830,알지노믹스,T250_S150,2026-09-15 14:13:53.243,27026.999999999996,2026-09-15 17:12:48.470,26600.0,STOP_LOSS,0.0,0.18796992481203006,0.37593984962406013,0.37593984962406013,0.0,COMPLETE
v2.1.1,20260915_476830_WIDE_HIGH_GAP_SHADOW_E007_144309097547,WIDE_HIGH_GAP_SHADOW,476830,알지노믹스,T250_S150,2026-09-15 14:43:09.097,27026.999999999996,2026-09-15 17:12:48.498,26600.0,STOP_LOSS,0.0,0.18796992481203006,0.37593984962406013,0.37593984962406013,0.0,COMPLETE
v2.1.1,20260915_476830_WIDE_HIGH_GAP_SHADOW_E010_145213123213,WIDE_HIGH_GAP_SHADOW,476830,알지노믹스,T250_S150,2026-09-15 14:52:13.123,27026.999999999996,2026-09-15 17:12:48.606,26600.0,STOP_LOSS,0.0,0.18796992481203006,0.37593984962406013,0.37593984962406013,0.0,COMPLETE
v2.1.1,20260915_476830_WIDE_HIGH_GAP_SHADOW_E008_144543837013,WIDE_HIGH_GAP_SHADOW,476830,알지노믹스,T250_S150,2026-09-15 14:45:43.837,27026.999999999996,2026-09-15 17:12:48.705,26600.0,STOP_LOSS,0.0,0.18796992481203006,0.37593984962406013,0.37593984962406013,0.0,COMPLETE
v2.1.1,20260915_476830_WIDE_HIGH_GAP_SHADOW_E011_145347609233,WIDE_HIGH_GAP_SHADOW,476830,알지노믹스,T250_S150,2026-09-15 14:53:47.609,27026.999999999996,2026-09-15 17:12:48.734,26600.0,STOP_LOSS,0.0,0.18796992481203006,0.37593984962406013,0.37593984962406013,0.0,COMPLETE
v2.1.1,20260915_476830_WIDE_HIGH_GAP_SHADOW_E003_143028429104,WIDE_HIGH_GAP_SHADOW,476830,알지노믹스,T250_S150,2026-09-15 14:30:28.429,27026.999999999996,2026-09-15 17:12:48.805,26600.0,STOP_LOSS,0.0,0.18796992481203006,0.37593984962406013,0.37593984962406013,0.0,COMPLETE
v2.1.1,20260915_488280_WIDE_HIGH_GAP_SHADOW_E011_150556630502,WIDE_HIGH_GAP_SHADOW,488280,에스투더블유,T250_S150,2026-09-15 15:05:56.630,15265.249999999998,2026-09-15 17:34:48.892,15030.0,STOP_LOSS,-0.2661343978709248,-0.1330671989354624,0.1330671989354624,0.19960079840319359,-0.332667997338656,COMPLETE
v2.1.1,20260915_488280_WIDE_HIGH_GAP_SHADOW_E009_144138124486,WIDE_HIGH_GAP_SHADOW,488280,에스투더블유,T250_S150,2026-09-15 14:41:38.124,15255.239999999998,2026-09-15 17:35:39.695,15020.0,STOP_LOSS,-0.13315579227696406,-0.13315579227696406,0.3328894806924101,0.3328894806924101,-0.2663115845539281,COMPLETE
v2.1.1,20260915_488280_WIDE_HIGH_GAP_SHADOW_E012_150758768868,WIDE_HIGH_GAP_SHADOW,488280,에스투더블유,T250_S150,2026-09-15 15:07:58.768,15245.229999999998,2026-09-15 17:36:22.093,15010.0,STOP_LOSS,0.06662225183211193,-0.06662225183211193,0.39973351099267157,0.39973351099267157,-0.19986675549633579,COMPLETE
v2.1.1,20260915_488280_WIDE_HIGH_GAP_SHADOW_E008_142958554322,WIDE_HIGH_GAP_SHADOW,488280,에스투더블유,T250_S150,2026-09-15 14:29:58.554,15245.229999999998,2026-09-15 17:36:22.096,15010.0,STOP_LOSS,0.06662225183211193,-0.06662225183211193,0.39973351099267157,0.39973351099267157,-0.19986675549633579,COMPLETE
v2.1.1,20260915_488280_WIDE_HIGH_GAP_SHADOW_E005_141512692083,WIDE_HIGH_GAP_SHADOW,488280,에스투더블유,T250_S150,2026-09-15 14:15:12.692,15245.229999999998,2026-09-15 17:36:22.110,15010.0,STOP_LOSS,0.06662225183211193,-0.06662225183211193,0.39973351099267157,0.39973351099267157,-0.19986675549633579,COMPLETE
v2.1.1,20260915_488280_WIDE_HIGH_GAP_SHADOW_E010_144239486611,WIDE_HIGH_GAP_SHADOW,488280,에스투더블유,T250_S150,2026-09-15 14:42:39.486,15245.229999999998,2026-09-15 17:36:22.129,15010.0,STOP_LOSS,0.06662225183211193,-0.06662225183211193,0.39973351099267157,0.39973351099267157,-0.19986675549633579,COMPLETE
v2.1.1,20260915_488280_WIDE_HIGH_GAP_SHADOW_E015_164255839794,WIDE_HIGH_GAP_SHADOW,488280,에스투더블유,T250_S150,2026-09-15 16:42:55.839,15245.229999999998,2026-09-15 17:36:22.102,15010.0,STOP_LOSS,0.06662225183211193,-0.06662225183211193,0.39973351099267157,0.39973351099267157,-0.19986675549633579,COMPLETE
v2.1.1,20260915_488280_WIDE_HIGH_GAP_SHADOW_E007_142903852465,WIDE_HIGH_GAP_SHADOW,488280,에스투더블유,T250_S150,2026-09-15 14:29:03.852,15245.229999999998,2026-09-15 17:36:22.142,15010.0,STOP_LOSS,0.06662225183211193,-0.06662225183211193,0.39973351099267157,0.39973351099267157,-0.19986675549633579,COMPLETE
v2.1.1,20260915_199430_WIDE_HIGH_GAP_SHADOW_E006_170259269810,WIDE_HIGH_GAP_SHADOW,199430,케이엔알시스템,T250_S150,2026-09-15 17:02:59.269,19129.109999999997,2026-09-15 18:19:13.815,19610.0,TAKE_PROFIT,-0.10198878123406425,0.6629270780214177,0.7649158592554819,1.580826109127996,-0.407955124936257,COMPLETE
v2.1.1,20260915_199430_WIDE_HIGH_GAP_SHADOW_E007_180203620390,WIDE_HIGH_GAP_SHADOW,199430,케이엔알시스템,T250_S150,2026-09-15 18:02:03.620,19379.359999999997,2026-09-15 18:27:11.747,19870.0,TAKE_PROFIT,0.1509813789632612,-0.1509813789632612,-0.45294413688978363,0.25163563160543534,-1.1071967790639154,COMPLETE
v2.1.1,20260915_000990_WIDE_HIGH_GAP_SHADOW_E007_130614901771,WIDE_HIGH_GAP_SHADOW,000990,DB하이텍,T250_S150,2026-09-15 13:06:14.901,116416.29999999999,2026-09-15 19:12:06.230,119400.0,TAKE_PROFIT,-0.33500837520938026,0.08375209380234507,-0.25125628140703515,0.16750418760469013,-0.33500837520938026,COMPLETE
v2.1.1,20260915_000990_WIDE_HIGH_GAP_SHADOW_E006_125731455507,WIDE_HIGH_GAP_SHADOW,000990,DB하이텍,T250_S150,2026-09-15 12:57:31.455,116416.29999999999,2026-09-15 19:12:06.219,119400.0,TAKE_PROFIT,-0.33500837520938026,0.08375209380234507,-0.25125628140703515,0.16750418760469013,-0.33500837520938026,COMPLETE
v2.1.1,20260915_000990_WIDE_HIGH_GAP_SHADOW_E009_131245632307,WIDE_HIGH_GAP_SHADOW,000990,DB하이텍,T250_S150,2026-09-15 13:12:45.632,116416.29999999999,2026-09-15 19:12:06.243,119400.0,TAKE_PROFIT,-0.33500837520938026,0.08375209380234507,-0.25125628140703515,0.16750418760469013,-0.33500837520938026,COMPLETE
v2.1.1,20260915_000990_WIDE_HIGH_GAP_SHADOW_E011_141042103761,WIDE_HIGH_GAP_SHADOW,000990,DB하이텍,T250_S150,2026-09-15 14:10:42.103,116416.29999999999,2026-09-15 19:12:06.258,119400.0,TAKE_PROFIT,-0.33500837520938026,0.08375209380234507,-0.25125628140703515,0.16750418760469013,-0.33500837520938026,COMPLETE
v2.1.1,20260915_000990_WIDE_HIGH_GAP_SHADOW_E012_141258932731,WIDE_HIGH_GAP_SHADOW,000990,DB하이텍,T250_S150,2026-09-15 14:12:58.932,116416.29999999999,2026-09-15 19:12:06.283,119400.0,TAKE_PROFIT,-0.33500837520938026,0.08375209380234507,-0.25125628140703515,0.16750418760469013,-0.33500837520938026,COMPLETE
v2.1.1,20260915_000990_WIDE_HIGH_GAP_SHADOW_E005_120928608358,WIDE_HIGH_GAP_SHADOW,000990,DB하이텍,T250_S150,2026-09-15 12:09:28.608,116316.19999999998,2026-09-15 19:12:06.208,119300.0,TAKE_PROFIT,-0.2514668901927913,0.16764459346186086,-0.16764459346186086,0.2514668901927913,-0.2514668901927913,COMPLETE
v2.1.1,20260915_000990_WIDE_HIGH_GAP_SHADOW_E010_131409624884,WIDE_HIGH_GAP_SHADOW,000990,DB하이텍,T250_S150,2026-09-15 13:14:09.624,116416.29999999999,2026-09-15 19:12:06.271,119400.0,TAKE_PROFIT,-0.33500837520938026,0.08375209380234507,-0.25125628140703515,0.16750418760469013,-0.33500837520938026,COMPLETE
v2.1.1,20260915_000990_WIDE_HIGH_GAP_SHADOW_E008_131149205606,WIDE_HIGH_GAP_SHADOW,000990,DB하이텍,T250_S150,2026-09-15 13:11:49.205,116316.19999999998,2026-09-15 19:12:06.211,119300.0,TAKE_PROFIT,-0.2514668901927913,0.16764459346186086,-0.16764459346186086,0.2514668901927913,-0.2514668901927913,COMPLETE
v2.1.1,20260915_058610_WIDE_HIGH_GAP_SHADOW_E021_171044056634,WIDE_HIGH_GAP_SHADOW,058610,에스피지,T250_S150,2026-09-15 17:10:44.056,102902.79999999999,2026-09-15 19:23:28.905,105500.0,TAKE_PROFIT,0.09478672985781991,-0.09478672985781991,0.2843601895734597,0.8530805687203791,-0.18957345971563982,COMPLETE
v2.1.1,20260915_058610_WIDE_HIGH_GAP_SHADOW_E022_171453657390,WIDE_HIGH_GAP_SHADOW,058610,에스피지,T250_S150,2026-09-15 17:14:53.657,102902.79999999999,2026-09-15 19:23:28.924,105500.0,TAKE_PROFIT,0.09478672985781991,-0.09478672985781991,0.2843601895734597,0.8530805687203791,-0.18957345971563982,COMPLETE
v2.1.1,20260915_058610_WIDE_HIGH_GAP_SHADOW_E023_171905580797,WIDE_HIGH_GAP_SHADOW,058610,에스피지,T250_S150,2026-09-15 17:19:05.580,102902.79999999999,2026-09-15 19:23:28.961,105500.0,TAKE_PROFIT,0.09478672985781991,-0.09478672985781991,0.2843601895734597,0.8530805687203791,-0.18957345971563982,COMPLETE
v2.1.1,20260915_058610_WIDE_HIGH_GAP_SHADOW_E018_154031677378,WIDE_HIGH_GAP_SHADOW,058610,에스피지,T250_S150,2026-09-15 15:40:31.677,102902.79999999999,2026-09-15 19:23:29.066,105500.0,TAKE_PROFIT,0.09478672985781991,-0.09478672985781991,0.2843601895734597,0.8530805687203791,-0.18957345971563982,COMPLETE
v2.1.1,20260915_058610_WIDE_HIGH_GAP_SHADOW_E019_161535407849,WIDE_HIGH_GAP_SHADOW,058610,에스피지,T250_S150,2026-09-15 16:15:35.407,103002.9,2026-09-15 19:24:24.902,105600.0,TAKE_PROFIT,-0.0946969696969697,0.0,0.2840909090909091,0.7575757575757576,-0.2840909090909091,COMPLETE
v2.1.1,20260915_058610_WIDE_HIGH_GAP_SHADOW_E020_170411736755,WIDE_HIGH_GAP_SHADOW,058610,에스피지,T250_S150,2026-09-15 17:04:11.736,103203.09999999999,2026-09-15 19:24:56.328,105800.0,TAKE_PROFIT,-0.3780718336483932,-0.0945179584120983,0.0945179584120983,0.5671077504725899,-0.4725897920604915,COMPLETE
v2.1.1,20260915_0015N0_WIDE_HIGH_GAP_SHADOW_E019_175051649542,WIDE_HIGH_GAP_SHADOW,0015N0,아로마티카,T250_S150,2026-09-15 17:50:51.649,12932.919999999998,2026-09-15 19:33:48.213,12730.0,STOP_LOSS,0.0,0.3927729772191673,,0.5498821681068342,-0.2356637863315004,PARTIAL_PROGRAM_END
v2.1.1,20260915_0015N0_WIDE_HIGH_GAP_SHADOW_E015_162805536388,WIDE_HIGH_GAP_SHADOW,0015N0,아로마티카,T250_S150,2026-09-15 16:28:05.536,12932.919999999998,2026-09-15 19:33:48.221,12730.0,STOP_LOSS,0.0,0.3927729772191673,,0.5498821681068342,-0.2356637863315004,PARTIAL_PROGRAM_END
v2.1.1,20260915_0015N0_WIDE_HIGH_GAP_SHADOW_E014_161648658081,WIDE_HIGH_GAP_SHADOW,0015N0,아로마티카,T250_S150,2026-09-15 16:16:48.658,12922.909999999998,2026-09-15 19:34:00.503,12720.0,STOP_LOSS,0.07861635220125787,0.3144654088050315,,0.628930817610063,-0.15723270440251574,PARTIAL_PROGRAM_END
v2.1.1,20260915_0015N0_WIDE_HIGH_GAP_SHADOW_E018_174936694886,WIDE_HIGH_GAP_SHADOW,0015N0,아로마티카,T250_S150,2026-09-15 17:49:36.694,12912.899999999998,2026-09-15 19:56:22.500,12710.0,STOP_LOSS,,,,0.15735641227380015,-0.07867820613690008,PARTIAL_PROGRAM_END
v2.1.1,20260915_0015N0_WIDE_HIGH_GAP_SHADOW_E013_151540277279,WIDE_HIGH_GAP_SHADOW,0015N0,아로마티카,T250_S150,2026-09-15 15:15:40.277,12912.899999999998,2026-09-15 19:56:22.582,12710.0,STOP_LOSS,,,,0.15735641227380015,-0.07867820613690008,PARTIAL_PROGRAM_END
v2.1.1,20260915_0015N0_WIDE_HIGH_GAP_SHADOW_E017_165839807614,WIDE_HIGH_GAP_SHADOW,0015N0,아로마티카,T250_S150,2026-09-15 16:58:39.807,12912.899999999998,2026-09-15 19:56:22.640,12710.0,STOP_LOSS,,,,0.15735641227380015,-0.07867820613690008,PARTIAL_PROGRAM_END
v2.1.1,20260915_0015N0_WIDE_HIGH_GAP_SHADOW_E020_183658846409,WIDE_HIGH_GAP_SHADOW,0015N0,아로마티카,T250_S150,2026-09-15 18:36:58.846,12912.899999999998,2026-09-15 19:56:22.688,12710.0,STOP_LOSS,,,,0.15735641227380015,-0.07867820613690008,PARTIAL_PROGRAM_END
