datetime,version,session,scan_session,decision_session,decision_time,session_valid_at_decision,market,stock_code,stock_name,current_price,change_rate,volume,actual_trading_value,estimated_trading_value,trading_value_used,trading_value_source,trading_value_rank,day_high,high_gap,value_growth,volume_growth,score,score_trading_value,score_high_position,score_value_growth,score_volume_growth,focus_signal,watch_score,watch_start_time,watch_start_price,watch_start_score,watch_to_signal_sec,watch_episode_id,watch_episode_start_time,watch_episode_start_price,watch_episode_start_score,watch_episode_to_signal_sec,history_available_sec,history_sample_count,price_30s_positive,price_60s_positive,first75_price_30s_positive,had_prior_shadow_70_74,prior_shadow_trade_id,prior_shadow_time,prior_shadow_price,prior_shadow_score,prior_shadow_to_first75_sec,prior_shadow_to_first75_pct,price_change_15s,price_change_15s_actual_sec,price_change_30s,price_change_30s_actual_sec,price_change_60s,price_change_60s_actual_sec,price_change_120s,price_change_120s_actual_sec,price_change_180s,price_change_180s_actual_sec,price_change_300s,price_change_300s_actual_sec,high_gap_change_30s,high_gap_change_30s_actual_sec,high_gap_change_60s,high_gap_change_60s_actual_sec,high_gap_change_120s,high_gap_change_120s_actual_sec,high_gap_change_180s,high_gap_change_180s_actual_sec,high_gap_change_300s,high_gap_change_300s_actual_sec
2026-09-16 09:01:32,v2.1.2,MAIN,MAIN,MAIN,2026-09-16 09:01:32.023,True,KOSPI,000660,SK하이닉스,1694000.0,0.12,72850,232382000000.0,123407900000.0,232382000000.0,ACTUAL,1,1699000.0,0.2942907592701589,1.0,1.5614952629999572,85,40,25,5,15,False,60,2026-09-16 09:00:00.776,1691000.0,74.0,91.247846,20260916_000660_E001,2026-09-16 09:00:00.776,1691000.0,74.0,91.247846,69.19366121292114,4,-0.058997050147492625,0.17740981667652278,False,True,20260916_000660_SHADOW_SCORE_70_74_E001_090019871716,2026-09-16 09:00:19.850,1691000.0,74.0,72.173651,0.17740981667653255,-0.058997050147492625,22.79233169555664,-0.058997050147492625,22.79233169555664,0.17740981667652278,69.19366121292114,,,,,,,0.17643572096727145,22.79233169555664,0.2942907592701589,69.19366121292114,,,,,,
2026-09-16 09:01:34,v2.1.2,MAIN,MAIN,MAIN,2026-09-16 09:01:32.024,True,KOSPI,005930,삼성전자,248500.0,0.2,428742,168046000000.0,106542387000.0,168046000000.0,ACTUAL,2,249000.0,0.2008032128514056,1.0,6399.134328358209,85,40,25,5,15,False,60,2026-09-16 09:00:00.776,248000.0,74.0,91.248846,20260916_005930_E001,2026-09-16 09:00:00.776,248000.0,74.0,91.248846,69.19366121292114,4,0.0,0.0,False,True,20260916_005930_SHADOW_SCORE_70_74_E001_090046172818,2026-09-16 09:00:46.142,248000.0,74.0,45.882345,0.20161290322580072,0.0,22.79233169555664,0.0,22.79233169555664,0.0,69.19366121292114,,,,,,,0.0,22.79233169555664,-0.00040403060935900736,43.896292209625244,,,,,,
2026-09-16 09:01:37,v2.1.2,MAIN,MAIN,MAIN,2026-09-16 09:01:32.033,True,KOSPI,000500,가온전선,257500.0,6.67,15551,58232000000.0,4004382500.0,58232000000.0,ACTUAL,4,258500.0,0.3868471953578337,1.0,2.032544765390145,78,33,25,5,15,False,60,2026-09-16 09:00:00.776,256000.0,64.0,91.257366,20260916_000500_E001,2026-09-16 09:00:00.776,256000.0,64.0,91.257366,69.19366121292114,4,0.7827788649706457,0.5859375,True,False,,,,,,,0.7827788649706457,22.79233169555664,0.7827788649706457,22.79233169555664,0.5859375,69.19366121292114,,,,,,,-0.7736943907156675,22.79233169555664,-0.5802707930367506,69.19366121292114,,,,,,
2026-09-16 09:02:05,v2.1.2,MAIN,MAIN,MAIN,2026-09-16 09:02:05.304,True,KOSPI,000660,SK하이닉스,1691000.0,0.12,80485,232382000000.0,136100135000.0,232382000000.0,ACTUAL,1,1699000.0,0.47086521483225424,1.0,1.4326272694909221,85,40,25,5,15,False,60,2026-09-16 09:00:00.776,1691000.0,74.0,124.528556,20260916_000660_E001,2026-09-16 09:00:00.776,1691000.0,74.0,124.528556,100.4744005203247,5,-0.1770956316410862,-0.2359882005899705,False,True,20260916_000660_SHADOW_SCORE_70_74_E001_090019871716,2026-09-16 09:00:19.850,1691000.0,74.0,72.173651,0.17740981667653255,-0.1770956316410862,31.280739307403564,-0.1770956316410862,31.280739307403564,-0.2359882005899705,54.073071002960205,,,,,,,0.17657445556209533,31.280739307403564,0.3530101765293668,54.073071002960205,0.47086521483225424,100.4744005203247,,,,
2026-09-16 09:02:05,v2.1.2,MAIN,MAIN,MAIN,2026-09-16 09:02:05.307,True,KOSPI,005930,삼성전자,248000.0,0.2,450901,168046000000.0,111823448000.0,168046000000.0,ACTUAL,2,249000.0,0.4016064257028112,1.0,1.4605358201364977,85,40,25,5,15,False,60,2026-09-16 09:00:00.776,248000.0,74.0,124.531635,20260916_005930_E001,2026-09-16 09:00:00.776,248000.0,74.0,124.531635,100.4744005203247,5,-0.2012072434607646,-0.2012072434607646,False,True,20260916_005930_SHADOW_SCORE_70_74_E001_090046172818,2026-09-16 09:00:46.142,248000.0,74.0,45.882345,0.20161290322580072,-0.2012072434607646,31.280739307403564,-0.2012072434607646,31.280739307403564,-0.2012072434607646,54.073071002960205,,,,,,,0.2008032128514056,31.280739307403564,0.2008032128514056,54.073071002960205,,,,,,
2026-09-16 09:02:05,v2.1.2,MAIN,MAIN,MAIN,2026-09-16 09:02:05.304,True,KOSDAQ,218410,RFHIC,52500.0,6.59,118980,37049000000.0,6246450000.0,37049000000.0,ACTUAL,3,53300.0,1.5009380863039399,1.166383327036897,2.016097602304499,79,29,19,16,15,False,60,2026-09-16 09:00:47.177,53200.0,63.0,78.127226,20260916_218410_E001,2026-09-16 09:00:47.177,53200.0,63.0,78.127226,100.4744005203247,5,-0.5681818181818182,-1.3157894736842104,False,True,20260916_218410_SHADOW_SCORE_70_74_E001_090132060420,2026-09-16 09:01:32.023,52800.0,71.0,33.28071,-0.5681818181818232,-0.5681818181818182,31.280739307403564,-0.5681818181818182,31.280739307403564,-1.3157894736842104,54.073071002960205,,,,,,,0.5628517823639774,31.280739307403564,1.5009380863039399,54.073071002960205,,,,,,
2026-09-16 09:02:35,v2.1.2,MAIN,MAIN,MAIN,2026-09-16 09:02:35.958,True,KOSPI,000660,SK하이닉스,1692000.0,0.12,96901,232382000000.0,163956492000.0,232382000000.0,ACTUAL,1,1699000.0,0.4120070629782225,1.0,1.3301441317776252,85,40,25,5,15,False,60,2026-09-16 09:00:00.776,1691000.0,74.0,155.182022,20260916_000660_E001,2026-09-16 09:00:00.776,1691000.0,74.0,155.182022,132.11533403396606,6,0.05913660555884093,-0.11806375442739078,False,True,20260916_000660_SHADOW_SCORE_70_74_E001_090019871716,2026-09-16 09:00:19.850,1691000.0,74.0,72.173651,0.17740981667653255,0.05913660555884093,31.640933513641357,0.05913660555884093,31.640933513641357,-0.11806375442739078,62.92167282104492,0.05913660555884093,132.11533403396606,,,,,-0.05885815185403176,31.640933513641357,0.11771630370806357,62.92167282104492,0.4120070629782225,132.11533403396606,,,,
2026-09-16 09:02:35,v2.1.2,MAIN,MAIN,MAIN,2026-09-16 09:02:35.959,True,KOSPI,005930,삼성전자,248000.0,0.2,471418,168046000000.0,116911664000.0,168046000000.0,ACTUAL,2,249000.0,0.4016064257028112,1.0,1.0995377173218392,79,40,25,5,9,False,60,2026-09-16 09:00:00.776,248000.0,74.0,155.183037,20260916_005930_E001,2026-09-16 09:00:00.776,248000.0,74.0,155.183037,132.11533403396606,6,0.0,-0.2012072434607646,False,True,20260916_005930_SHADOW_SCORE_70_74_E001_090046172818,2026-09-16 09:00:46.142,248000.0,74.0,45.882345,0.20161290322580072,0.0,31.640933513641357,0.0,31.640933513641357,-0.2012072434607646,62.92167282104492,-0.2012072434607646,132.11533403396606,,,,,0.0,31.640933513641357,0.2008032128514056,62.92167282104492,0.2003991822420466,106.81796503067017,,,,
2026-09-16 09:02:35,v2.1.2,MAIN,MAIN,MAIN,2026-09-16 09:02:35.960,True,KOSPI,052690,한전기술,145000.0,2.85,45732,79879000000.0,6631140000.0,79879000000.0,ACTUAL,3,147700.0,1.8280297901150981,1.0,1.5712764129874592,76,37,19,5,15,False,60,2026-09-16 09:00:00.776,146300.0,68.0,155.184052,20260916_052690_E001,2026-09-16 09:00:00.776,146300.0,68.0,155.184052,132.11533403396606,6,0.8344923504867872,-0.06891798759476223,True,True,20260916_052690_SHADOW_SCORE_70_74_E001_090205328041,2026-09-16 09:02:05.307,143800.0,71.0,30.652417,0.8344923504867818,0.8344923504867872,31.640933513641357,0.8344923504867872,31.640933513641357,-0.06891798759476223,62.92167282104492,0.8344923504867872,132.11533403396606,,,,,-0.8124576844955991,31.640933513641357,0.06770480704129977,62.92167282104492,0.8801624915368991,106.81796503067017,,,,
2026-09-16 09:03:07,v2.1.2,MAIN,MAIN,MAIN,2026-09-16 09:03:07.002,True,KOSPI,000660,SK하이닉스,1696500.0,0.12,103458,232382000000.0,175516497000.0,232382000000.0,ACTUAL,1,1699000.0,0.14714537963507945,1.0,1.2854320680872213,82,40,25,5,12,False,60,2026-09-16 09:00:00.776,1691000.0,74.0,186.226003,20260916_000660_E001,2026-09-16 09:00:00.776,1691000.0,74.0,186.226003,158.79379391670227,7,0.26595744680851063,0.3252513305736251,False,True,20260916_000660_SHADOW_SCORE_70_74_E001_090019871716,2026-09-16 09:00:19.850,1691000.0,74.0,72.173651,0.17740981667653255,0.26595744680851063,26.678459882736206,0.26595744680851063,26.678459882736206,0.3252513305736251,58.31939339637756,0.08849557522123894,112.39246439933777,,,,,-0.26486168334314303,26.678459882736206,-0.3237198351971748,58.31939339637756,0.029290341332192008,112.39246439933777,0.14714537963507945,158.79379391670227,,
2026-09-16 09:03:07,v2.1.2,MAIN,MAIN,MAIN,2026-09-16 09:03:07.003,True,KOSPI,005930,삼성전자,247500.0,0.2,507015,168046000000.0,125486212500.0,168046000000.0,ACTUAL,2,249000.0,0.6024096385542169,1.0,1.1244486040172899,76,40,22,5,9,False,60,2026-09-16 09:00:00.776,248000.0,74.0,186.227113,20260916_005930_E001,2026-09-16 09:00:00.776,248000.0,74.0,186.227113,158.79379391670227,7,-0.20161290322580644,-0.20161290322580644,False,True,20260916_005930_SHADOW_SCORE_70_74_E001_090046172818,2026-09-16 09:00:46.142,248000.0,74.0,45.882345,0.20161290322580072,-0.20161290322580644,26.678459882736206,-0.20161290322580644,26.678459882736206,-0.20161290322580644,58.31939339637756,-0.4024144869215292,112.39246439933777,,,,,0.20080321285140573,26.678459882736206,0.20080321285140573,58.31939339637756,0.40160642570281135,112.39246439933777,,,,
2026-09-16 09:03:32,v2.1.2,MAIN,MAIN,MAIN,2026-09-16 09:03:32.895,True,KOSPI,000660,SK하이닉스,1704000.0,0.12,117963,232382000000.0,201008952000.0,232382000000.0,ACTUAL,1,1704000.0,0.0,1.0,1.465651984841896,85,40,25,5,15,False,60,2026-09-16 09:00:00.776,1691000.0,74.0,212.119889,20260916_000660_E001,2026-09-16 09:00:00.776,1691000.0,74.0,212.119889,188.05547499656677,8,0.4420866489832007,0.7092198581560284,False,True,20260916_000660_SHADOW_SCORE_70_74_E001_090019871716,2026-09-16 09:00:19.850,1691000.0,74.0,72.173651,0.17740981667653255,0.4420866489832007,29.261681079864502,0.4420866489832007,29.261681079864502,0.7092198581560284,55.94014096260071,0.5903187721369539,118.86181378364563,0.768775872264932,188.05547499656677,,,-0.14714537963507945,29.261681079864502,-0.4120070629782225,55.94014096260071,-0.2942907592701589,118.86181378364563,0.0,188.05547499656677,,
2026-09-16 09:03:32,v2.1.2,MAIN,MAIN,MAIN,2026-09-16 09:03:32.897,True,KOSPI,005930,삼성전자,248500.0,0.2,543609,168046000000.0,135086836500.0,168046000000.0,ACTUAL,2,249000.0,0.2008032128514056,1.0,1.205606108657998,82,40,25,5,12,False,60,2026-09-16 09:00:00.776,248000.0,74.0,212.120986,20260916_005930_E001,2026-09-16 09:00:00.776,248000.0,74.0,212.120986,188.05547499656677,8,0.40404040404040403,0.20161290322580644,False,True,20260916_005930_SHADOW_SCORE_70_74_E001_090046172818,2026-09-16 09:00:46.142,248000.0,74.0,45.882345,0.20161290322580072,0.40404040404040403,29.261681079864502,0.40404040404040403,29.261681079864502,0.20161290322580644,55.94014096260071,0.0,118.86181378364563,0.0,188.05547499656677,,,-0.40160642570281135,29.261681079864502,-0.2008032128514056,55.94014096260071,0.0,118.86181378364563,-0.00040403060935900736,162.75810599327087,,
2026-09-16 09:03:32,v2.1.2,MAIN,MAIN,MAIN,2026-09-16 09:03:32.898,True,KOSPI,052690,한전기술,145100.0,2.85,54081,79879000000.0,7847153100.0,79879000000.0,ACTUAL,3,147700.0,1.7603249830737984,1.0,1.3833226755339558,76,37,19,5,15,False,60,2026-09-16 09:00:00.776,146300.0,68.0,212.122003,20260916_052690_E001,2026-09-16 09:00:00.776,146300.0,68.0,212.122003,188.05547499656677,8,-0.20632737276478677,0.06896551724137931,True,True,20260916_052690_SHADOW_SCORE_70_74_E001_090205328041,2026-09-16 09:02:05.307,143800.0,71.0,30.652417,0.8344923504867818,-0.20632737276478677,29.261681079864502,-0.20632737276478677,29.261681079864502,0.06896551724137931,55.94014096260071,0.0,118.86181378364563,0.9040333796940195,188.05547499656677,,,0.2031144211239,29.261681079864502,-0.06770480704129977,55.94014096260071,0.0,118.86181378364563,0.8124576844955993,162.75810599327087,,
2026-09-16 09:03:57,v2.1.2,MAIN,MAIN,MAIN,2026-09-16 09:03:57.787,True,KOSPI,000660,SK하이닉스,1702000.0,0.12,128642,232382000000.0,218948684000.0,232382000000.0,ACTUAL,1,1706000.0,0.23446658851113714,1.0,1.3275611190802985,85,40,25,5,15,False,60,2026-09-16 09:00:00.776,1691000.0,74.0,237.011057,20260916_000660_E001,2026-09-16 09:00:00.776,1691000.0,74.0,237.011057,213.18379640579224,9,-0.11737089201877934,0.3241968759210138,False,True,20260916_000660_SHADOW_SCORE_70_74_E001_090019871716,2026-09-16 09:00:19.850,1691000.0,74.0,72.173651,0.17740981667653255,-0.11737089201877934,25.128321409225464,-0.11737089201877934,25.128321409225464,0.3241968759210138,54.390002489089966,0.6505026611472502,112.70939588546753,0.6505026611472502,187.88642740249634,,,0.23446658851113714,25.128321409225464,0.08732120887605768,54.390002489089966,-0.2363986263211171,112.70939588546753,0.17536493366480144,187.88642740249634,,
2026-09-16 09:03:57,v2.1.2,MAIN,MAIN,MAIN,2026-09-16 09:03:57.789,True,KOSPI,005930,삼성전자,249000.0,0.2,564660,168046000000.0,140600340000.0,168046000000.0,ACTUAL,2,249000.0,0.0,1.0,1.19779049590809,82,40,25,5,12,False,60,2026-09-16 09:00:00.776,248000.0,74.0,237.013089,20260916_005930_E001,2026-09-16 09:00:00.776,248000.0,74.0,237.013089,213.18379640579224,9,0.2012072434607646,0.6060606060606061,False,True,20260916_005930_SHADOW_SCORE_70_74_E001_090046172818,2026-09-16 09:00:46.142,248000.0,74.0,45.882345,0.20161290322580072,0.2012072434607646,25.128321409225464,0.2012072434607646,25.128321409225464,0.6060606060606061,54.390002489089966,0.4032258064516129,112.70939588546753,0.4032258064516129,187.88642740249634,,,-0.2008032128514056,25.128321409225464,-0.6024096385542169,54.390002489089966,-0.4016064257028112,112.70939588546753,-0.2012072434607646,187.88642740249634,,
2026-09-16 09:04:23,v2.1.2,MAIN,MAIN,MAIN,2026-09-16 09:04:23.660,True,KOSPI,000660,SK하이닉스,1706000.0,0.12,141149,232382000000.0,240800194000.0,232382000000.0,ACTUAL,1,1707000.0,0.05858230814294083,1.0,1.3643120879970616,85,40,25,5,15,False,60,2026-09-16 09:00:00.776,1691000.0,74.0,262.884193,20260916_000660_E001,2026-09-16 09:00:00.776,1691000.0,74.0,262.884193,238.03986358642578,10,0.23501762632197415,0.11737089201877934,False,True,20260916_000660_SHADOW_SCORE_70_74_E001_090019871716,2026-09-16 09:00:19.850,1691000.0,74.0,72.173651,0.17740981667653255,0.23501762632197415,24.856067180633545,0.23501762632197415,24.856067180633545,0.11737089201877934,49.98438858985901,0.8274231678486997,105.92452955245972,0.7083825265643447,168.84620237350464,,,-0.1758842803681963,24.856067180633545,0.05858230814294083,49.98438858985901,-0.35342475483528163,105.92452955245972,-0.23570845112721808,168.84620237350464,,
2026-09-16 09:04:23,v2.1.2,MAIN,MAIN,MAIN,2026-09-16 09:04:23.662,True,KOSPI,005930,삼성전자,249000.0,0.2,581545,168046000000.0,144804705000.0,168046000000.0,ACTUAL,2,249000.0,0.0,1.0,1.146997623344477,79,40,25,5,9,False,60,2026-09-16 09:00:00.776,248000.0,74.0,262.886221,20260916_005930_E001,2026-09-16 09:00:00.776,248000.0,74.0,262.886221,238.03986358642578,10,0.0,0.2012072434607646,False,True,20260916_005930_SHADOW_SCORE_70_74_E001_090046172818,2026-09-16 09:00:46.142,248000.0,74.0,45.882345,0.20161290322580072,0.0,24.856067180633545,0.0,24.856067180633545,0.2012072434607646,49.98438858985901,0.4032258064516129,105.92452955245972,0.2012072434607646,168.84620237350464,,,0.0,24.856067180633545,-0.2008032128514056,49.98438858985901,-0.4016064257028112,105.92452955245972,-0.2008032128514056,168.84620237350464,,
2026-09-16 09:04:49,v2.1.2,MAIN,MAIN,MAIN,2026-09-16 09:04:49.614,True,KOSPI,000660,SK하이닉스,1704000.0,0.12,147056,232382000000.0,250583424000.0,232382000000.0,ACTUAL,1,1708000.0,0.234192037470726,1.0,1.2466281800225494,82,40,25,5,12,False,60,2026-09-16 09:00:00.776,1691000.0,74.0,288.838724,20260916_000660_E001,2026-09-16 09:00:00.776,1691000.0,74.0,288.838724,264.54420351982117,11,-0.11723329425556857,0.11750881316098707,False,True,20260916_000660_SHADOW_SCORE_70_74_E001_090019871716,2026-09-16 09:00:19.850,1691000.0,74.0,72.173651,0.17740981667653255,-0.11723329425556857,26.504339933395386,-0.11723329425556857,26.504339933395386,0.11750881316098707,51.36040711402893,0.7092198581560284,132.4288694858551,0.5903187721369539,195.35054230690002,,,0.17560972932778518,26.504339933395386,-0.00027455104041113065,51.36040711402893,-0.17781502550749648,132.4288694858551,-0.0600987217994329,195.35054230690002,,
2026-09-16 09:04:49,v2.1.2,MAIN,MAIN,MAIN,2026-09-16 09:04:49.615,True,KOSPI,005930,삼성전자,249000.0,0.2,604740,168046000000.0,150580260000.0,168046000000.0,ACTUAL,2,249500.0,0.2004008016032064,1.0,1.1124539880686302,79,40,25,5,9,False,60,2026-09-16 09:00:00.776,248000.0,74.0,288.839724,20260916_005930_E001,2026-09-16 09:00:00.776,248000.0,74.0,288.839724,264.54420351982117,11,0.0,0.0,False,True,20260916_005930_SHADOW_SCORE_70_74_E001_090046172818,2026-09-16 09:00:46.142,248000.0,74.0,45.882345,0.20161290322580072,0.0,26.504339933395386,0.0,26.504339933395386,0.0,51.36040711402893,0.4032258064516129,132.4288694858551,0.2012072434607646,195.35054230690002,,,0.2004008016032064,26.504339933395386,0.2004008016032064,51.36040711402893,-0.2012056240996048,132.4288694858551,-0.0004024112481992026,195.35054230690002,,
2026-09-16 09:05:15,v2.1.2,MAIN,MAIN,MAIN,2026-09-16 09:05:15.039,True,KOSPI,000660,SK하이닉스,1703000.0,0.12,152938,232382000000.0,260453414000.0,232382000000.0,ACTUAL,1,1708000.0,0.29274004683840754,1.0,1.18886522286656,82,40,25,5,12,True,60,2026-09-16 09:00:00.776,1691000.0,74.0,314.263662,20260916_000660_E001,2026-09-16 09:00:00.776,1691000.0,74.0,314.263662,289.88558077812195,12,-0.05868544600938967,-0.1758499413833529,False,True,20260916_000660_SHADOW_SCORE_70_74_E001_090019871716,2026-09-16 09:00:19.850,1691000.0,74.0,72.173651,0.17740981667653255,-0.05868544600938967,25.34137725830078,-0.05868544600938967,25.34137725830078,-0.1758499413833529,51.84571719169617,0.38314176245210724,131.09178686141968,0.7096392667060911,189.41118025779724,,,0.058548009367681536,25.34137725830078,0.23415773869546672,51.84571719169617,0.1455946672033281,131.09178686141968,-0.1781251679938467,189.41118025779724,0.29274004683840754,289.88558077812195
2026-09-16 09:05:15,v2.1.2,MAIN,MAIN,MAIN,2026-09-16 09:05:15.042,True,KOSPI,005930,삼성전자,248500.0,0.2,631017,168046000000.0,156807724500.0,168046000000.0,ACTUAL,2,249500.0,0.4008016032064128,1.0,1.1175167357347784,79,40,25,5,9,True,60,2026-09-16 09:00:00.776,248000.0,74.0,314.266168,20260916_005930_E001,2026-09-16 09:00:00.776,248000.0,74.0,314.266168,289.88558077812195,12,-0.2008032128514056,-0.2008032128514056,False,True,20260916_005930_SHADOW_SCORE_70_74_E001_090046172818,2026-09-16 09:00:46.142,248000.0,74.0,45.882345,0.20161290322580072,-0.2008032128514056,25.34137725830078,-0.2008032128514056,25.34137725830078,-0.2008032128514056,51.84571719169617,0.40404040404040403,131.09178686141968,0.20161290322580644,189.41118025779724,,,0.2004008016032064,25.34137725830078,0.4008016032064128,51.84571719169617,-0.20160803534780414,131.09178686141968,-0.0008048224963984052,189.41118025779724,,
2026-09-16 09:05:42,v2.1.2,MAIN,MAIN,MAIN,2026-09-16 09:05:42.304,True,KOSPI,000660,SK하이닉스,1704000.0,0.12,157730,232382000000.0,268771920000.0,232382000000.0,ACTUAL,1,1708000.0,0.234192037470726,1.0,1.11747160801706,79,40,25,5,9,True,60,2026-09-16 09:00:00.776,1691000.0,74.0,341.528748,20260916_000660_E001,2026-09-16 09:00:00.776,1691000.0,74.0,341.528748,316.9761528968811,13,0.05871990604815032,0.0,False,True,20260916_000660_SHADOW_SCORE_70_74_E001_090019871716,2026-09-16 09:00:19.850,1691000.0,74.0,72.173651,0.17740981667653255,0.05871990604815032,27.090572118759155,0.05871990604815032,27.090572118759155,0.0,52.43194937705994,0.0,128.92067790031433,0.7092198581560284,184.86081886291504,0.768775872264932,291.6787838935852,-0.058548009367681536,27.090572118759155,0.0,52.43194937705994,0.234192037470726,128.92067790031433,-0.17781502550749648,184.86081886291504,0.1750903826243903,291.6787838935852
2026-09-16 09:05:42,v2.1.2,MAIN,MAIN,MAIN,2026-09-16 09:05:42.306,True,KOSPI,005930,삼성전자,248750.0,0.2,644154,168046000000.0,160233307500.0,168046000000.0,ACTUAL,2,249500.0,0.30060120240480964,1.0,1.1076597683756202,79,40,25,5,9,True,60,2026-09-16 09:00:00.776,248000.0,74.0,341.530841,20260916_005930_E001,2026-09-16 09:00:00.776,248000.0,74.0,341.530841,316.9761528968811,13,0.1006036217303823,-0.1004016064257028,False,True,20260916_005930_SHADOW_SCORE_70_74_E001_090046172818,2026-09-16 09:00:46.142,248000.0,74.0,45.882345,0.20161290322580072,0.1006036217303823,27.090572118759155,0.1006036217303823,27.090572118759155,-0.1004016064257028,52.43194937705994,0.1006036217303823,128.92067790031433,0.3024193548387097,184.86081886291504,0.3024193548387097,291.6787838935852,-0.10020040080160314,27.090572118759155,0.10020040080160325,52.43194937705994,0.09979798955340405,128.92067790031433,-0.10100522329800155,184.86081886291504,0.09939395894404504,291.6787838935852
2026-09-16 09:06:07,v2.1.2,MAIN,MAIN,MAIN,2026-09-16 09:06:07.923,True,KOSPI,000660,SK하이닉스,1705000.0,0.12,163285,232382000000.0,278400925000.0,232382000000.0,ACTUAL,1,1708000.0,0.1756440281030445,1.0,1.110359318898923,79,40,25,5,9,True,60,2026-09-16 09:00:00.776,1691000.0,74.0,367.147503,20260916_000660_E001,2026-09-16 09:00:00.776,1691000.0,74.0,367.147503,342.5789394378662,14,0.05868544600938967,0.11743981209630064,False,True,20260916_000660_SHADOW_SCORE_70_74_E001_090019871716,2026-09-16 09:00:19.850,1691000.0,74.0,72.173651,0.17740981667653255,0.05868544600938967,25.602786540985107,0.05868544600938967,25.602786540985107,0.11743981209630064,52.69335865974426,0.17626321974148063,129.39514303207397,0.5010315355142941,183.78514552116394,0.5899705014749262,296.1776099205017,-0.05854800936768151,25.602786540985107,-0.11709601873536304,52.69335865974426,-0.05882256040809264,129.39514303207397,0.028498648467965043,183.78514552116394,0.05778898980015705,296.1776099205017
2026-09-16 09:06:07,v2.1.2,MAIN,MAIN,MAIN,2026-09-16 09:06:07.925,True,KOSPI,005930,삼성전자,249000.0,0.2,648733,168046000000.0,161534517000.0,168046000000.0,ACTUAL,2,249500.0,0.2004008016032064,1.0,1.0727469656381254,79,40,25,5,9,True,60,2026-09-16 09:00:00.776,248000.0,74.0,367.149723,20260916_005930_E001,2026-09-16 09:00:00.776,248000.0,74.0,367.149723,342.5789394378662,14,0.10050251256281408,0.2012072434607646,False,True,20260916_005930_SHADOW_SCORE_70_74_E001_090046172818,2026-09-16 09:00:46.142,248000.0,74.0,45.882345,0.20161290322580072,0.10050251256281408,25.602786540985107,0.10050251256281408,25.602786540985107,0.2012072434607646,52.69335865974426,0.0,129.39514303207397,0.6060606060606061,183.78514552116394,0.2012072434607646,296.1776099205017,-0.10020040080160325,25.602786540985107,-0.2004008016032064,52.69335865974426,0.2004008016032064,129.39514303207397,-0.40200883695101053,183.78514552116394,-0.0004024112481992026,296.1776099205017
2026-09-16 09:06:34,v2.1.2,MAIN,MAIN,MAIN,2026-09-16 09:06:34.675,True,KOSPI,000660,SK하이닉스,1707000.0,0.12,168570,232382000000.0,287748990000.0,232382000000.0,ACTUAL,1,1708000.0,0.0585480093676815,1.0,1.1022113536204214,79,40,25,5,9,True,60,2026-09-16 09:00:00.776,1691000.0,74.0,393.899026,20260916_000660_E001,2026-09-16 09:00:00.776,1691000.0,74.0,393.899026,368.2153277397156,15,0.11730205278592376,0.17605633802816903,False,True,20260916_000660_SHADOW_SCORE_70_74_E001_090019871716,2026-09-16 09:00:19.850,1691000.0,74.0,72.173651,0.17740981667653255,0.11730205278592376,25.636388301849365,0.11730205278592376,25.636388301849365,0.17605633802816903,51.23917484283447,0.058616647127784284,130.1754641532898,0.17605633802816903,180.1598527431488,0.7674144037780402,299.02166652679443,-0.11709601873536299,25.636388301849365,-0.1756440281030445,51.23917484283447,-3.4298775259331005e-05,130.1754641532898,0.0585480093676815,180.1598527431488,-0.2357427499024774,299.02166652679443
2026-09-16 09:06:34,v2.1.2,MAIN,MAIN,MAIN,2026-09-16 09:06:34.677,True,KOSPI,005930,삼성전자,249000.0,0.2,670516,168046000000.0,166958484000.0,168046000000.0,ACTUAL,2,249500.0,0.2004008016032064,1.0,1.0625957779267436,79,40,25,5,9,True,60,2026-09-16 09:00:00.776,248000.0,74.0,393.90123,20260916_005930_E001,2026-09-16 09:00:00.776,248000.0,74.0,393.90123,368.2153277397156,15,0.0,0.10050251256281408,False,True,20260916_005930_SHADOW_SCORE_70_74_E001_090046172818,2026-09-16 09:00:46.142,248000.0,74.0,45.882345,0.20161290322580072,0.0,25.636388301849365,0.0,25.636388301849365,0.10050251256281408,51.23917484283447,0.0,130.1754641532898,0.2012072434607646,180.1598527431488,0.2012072434607646,299.02166652679443,0.0,25.636388301849365,-0.10020040080160325,51.23917484283447,0.2004008016032064,130.1754641532898,-0.0004024112481992026,180.1598527431488,-0.0004024112481992026,299.02166652679443
2026-09-16 09:07:07,v2.1.2,MAIN,MAIN,MAIN,2026-09-16 09:07:07.280,True,KOSPI,000500,가온전선,252000.0,5.1,47938,77901000000.0,12080376000.0,77901000000.0,ACTUAL,4,258500.0,2.5145067698259185,1.337769611210331,1.065288888888889,80,37,14,20,9,False,60,2026-09-16 09:00:00.776,256000.0,64.0,426.504564,20260916_000500_E003,2026-09-16 09:00:00.776,251500.0,61.0,426.504564,395.0049903392792,16,0.19880715705765406,0.5988023952095809,True,False,,,,,,,0.19880715705765406,26.7896625995636,0.19880715705765406,26.7896625995636,0.5988023952095809,52.426050901412964,0.5988023952095809,130.460786819458,0.0,181.82119393348694,-0.7874015748031495,294.53058981895447,-0.19342359767891715,26.7896625995636,-0.580270793036751,52.426050901412964,-0.580270793036751,130.460786819458,0.0,181.82119393348694,0.773694390715667,294.53058981895447
2026-09-16 09:07:07,v2.1.2,MAIN,MAIN,MAIN,2026-09-16 09:07:07.290,True,KOSPI,000660,SK하이닉스,1702000.0,0.12,179806,232382000000.0,306029812000.0,232382000000.0,ACTUAL,1,1710000.0,0.46783625730994155,1.0,1.1399606923223229,79,40,25,5,9,True,60,2026-09-16 09:00:00.776,1691000.0,74.0,426.514768,20260916_000660_E001,2026-09-16 09:00:00.776,1691000.0,74.0,426.514768,395.0049903392792,16,-0.29291154071470415,-0.17595307917888564,False,True,20260916_000660_SHADOW_SCORE_70_74_E001_090019871716,2026-09-16 09:00:19.850,1691000.0,74.0,72.173651,0.17740981667653255,-0.29291154071470415,26.7896625995636,-0.29291154071470415,26.7896625995636,-0.17595307917888564,52.426050901412964,-0.11737089201877934,130.460786819458,0.0,181.82119393348694,0.6505026611472502,294.53058981895447,0.40928824794226004,26.7896625995636,0.292192229206897,52.426050901412964,0.23364421983921554,130.460786819458,0.2333696687988044,181.82119393348694,-0.003028957522312692,294.53058981895447
2026-09-16 09:07:07,v2.1.2,MAIN,MAIN,MAIN,2026-09-16 09:07:07.295,True,KOSPI,005930,삼성전자,248750.0,0.2,695083,168046000000.0,172901896250.0,168046000000.0,ACTUAL,2,249500.0,0.30060120240480964,1.0,1.0790633916734198,79,40,25,5,9,True,60,2026-09-16 09:00:00.776,248000.0,74.0,426.519009,20260916_005930_E001,2026-09-16 09:00:00.776,248000.0,74.0,426.519009,395.0049903392792,16,-0.1004016064257028,-0.1004016064257028,False,True,20260916_005930_SHADOW_SCORE_70_74_E001_090046172818,2026-09-16 09:00:46.142,248000.0,74.0,45.882345,0.20161290322580072,-0.1004016064257028,26.7896625995636,-0.1004016064257028,26.7896625995636,-0.1004016064257028,52.426050901412964,-0.1004016064257028,130.460786819458,-0.1004016064257028,181.82119393348694,0.3024193548387097,294.53058981895447,0.10020040080160325,26.7896625995636,0.10020040080160325,52.426050901412964,0.10020040080160325,130.460786819458,0.30060120240480964,181.82119393348694,-0.10100522329800155,294.53058981895447
2026-09-16 09:07:07,v2.1.2,MAIN,MAIN,MAIN,2026-09-16 09:07:07.285,True,KOSDAQ,062970,한국첨단소재,3750.0,11.16,8224737,29230000000.0,30842763750.0,29230000000.0,ACTUAL,8,3790.0,1.0554089709762533,1.3324520216985003,1.3174547593994392,78,24,19,20,15,True,60,2026-09-16 09:05:17.752,3630.0,63.0,109.533539,20260916_062970_E001,2026-09-16 09:05:17.752,3630.0,63.0,109.533539,369.7076213359833,15,1.3513513513513513,1.9021739130434785,True,True,20260916_062970_SHADOW_SCORE_70_74_E001_090607978961,2026-09-16 09:06:07.919,3680.0,71.0,59.36668,1.9021739130434812,1.3513513513513513,26.7896625995636,1.3513513513513513,26.7896625995636,1.9021739130434785,52.426050901412964,6.837606837606838,130.460786819458,8.38150289017341,181.82119393348694,5.337078651685393,294.53058981895447,-1.3192612137203164,26.7896625995636,-0.019859846228047928,52.426050901412964,,,-5.557276589077728,181.82119393348694,-2.85822125844345,294.53058981895447
2026-09-16 09:07:38,v2.1.2,MAIN,MAIN,MAIN,2026-09-16 09:07:38.681,True,KOSDAQ,062970,한국첨단소재,3875.0,14.43,9205924,32867000000.0,35672955500.0,32867000000.0,ACTUAL,7,3885.0,0.2574002574002574,1.190703908995399,1.198751548421902,82,29,25,16,12,True,60,2026-09-16 09:05:17.752,3630.0,63.0,140.929617,20260916_062970_E001,2026-09-16 09:05:17.752,3630.0,63.0,140.929617,405.7045042514801,16,3.3333333333333335,4.72972972972973,True,True,20260916_062970_SHADOW_SCORE_70_74_E001_090607978961,2026-09-16 09:06:07.919,3680.0,71.0,59.36668,1.9021739130434812,3.3333333333333335,35.996882915496826,3.3333333333333335,35.996882915496826,4.72972972972973,62.786545515060425,6.749311294765841,114.0257203578949,11.350574712643677,192.96200966835022,6.896551724137931,298.88653922080994,-0.7980087135759959,35.996882915496826,-2.117269927296312,62.786545515060425,-1.766891240575451,114.0257203578949,,,-1.901844007107165,298.88653922080994
2026-09-16 09:07:38,v2.1.2,MAIN,MAIN,MAIN,2026-09-16 09:07:38.690,True,KOSPI,000660,SK하이닉스,1702000.0,0.12,183979,232382000000.0,313132258000.0,232382000000.0,ACTUAL,1,1710000.0,0.46783625730994155,1.0,1.0914100966957347,79,40,25,5,9,True,60,2026-09-16 09:00:00.776,1691000.0,74.0,457.914459,20260916_000660_E001,2026-09-16 09:00:00.776,1691000.0,74.0,457.914459,431.001873254776,17,0.0,-0.29291154071470415,False,True,20260916_000660_SHADOW_SCORE_70_74_E001_090019871716,2026-09-16 09:00:19.850,1691000.0,74.0,72.173651,0.17740981667653255,0.0,35.996882915496826,0.0,35.996882915496826,-0.29291154071470415,62.786545515060425,-0.11737089201877934,114.0257203578949,-0.23446658851113714,192.96200966835022,0.5910165484633569,298.88653922080994,0.0,35.996882915496826,0.40928824794226004,62.786545515060425,0.23364421983921554,114.0257203578949,0.4092539491670007,192.96200966835022,0.05582919433171907,298.88653922080994
2026-09-16 09:07:38,v2.1.2,MAIN,MAIN,MAIN,2026-09-16 09:07:38.692,True,KOSPI,005930,삼성전자,248250.0,0.2,711271,168046000000.0,176573025750.0,168046000000.0,ACTUAL,2,249500.0,0.501002004008016,1.0,1.0607815473456264,76,40,22,5,9,True,60,2026-09-16 09:00:00.776,248000.0,74.0,457.916672,20260916_005930_E001,2026-09-16 09:00:00.776,248000.0,74.0,457.916672,431.001873254776,17,-0.20100502512562815,-0.30120481927710846,False,True,20260916_005930_SHADOW_SCORE_70_74_E001_090046172818,2026-09-16 09:00:46.142,248000.0,74.0,45.882345,0.20161290322580072,-0.20100502512562815,35.996882915496826,-0.20100502512562815,35.996882915496826,-0.30120481927710846,62.786545515060425,-0.20100502512562815,114.0257203578949,-0.30120481927710846,192.96200966835022,0.10080645161290322,298.88653922080994,0.20040080160320634,35.996882915496826,0.3006012024048096,62.786545515060425,0.20040080160320634,114.0257203578949,0.501002004008016,192.96200966835022,0.09939557830520479,298.88653922080994
2026-09-16 09:07:38,v2.1.2,MAIN,MAIN,MAIN,2026-09-16 09:07:38.678,True,KOSPI,000500,가온전선,252000.0,5.0,49080,78650000000.0,12368160000.0,78650000000.0,ACTUAL,4,258500.0,2.5145067698259185,1.3506319549388652,1.0496824004961824,75,37,14,20,4,False,60,2026-09-16 09:00:00.776,256000.0,64.0,457.902116,20260916_000500_E003,2026-09-16 09:00:00.776,251500.0,61.0,457.902116,431.001873254776,17,0.0,0.19880715705765406,True,False,,,,,,,0.0,35.996882915496826,0.0,35.996882915496826,0.19880715705765406,62.786545515060425,0.8,114.0257203578949,0.398406374501992,192.96200966835022,-0.591715976331361,298.88653922080994,0.0,35.996882915496826,-0.19342359767891715,62.786545515060425,-0.7736943907156673,114.0257203578949,-0.38684719535783385,192.96200966835022,0.5802707930367501,298.88653922080994
2026-09-16 09:08:07,v2.1.2,MAIN,MAIN,MAIN,2026-09-16 09:08:07.337,True,KOSDAQ,062970,한국첨단소재,3895.0,14.73,10114591,36282000000.0,39396331945.0,36282000000.0,ACTUAL,6,3910.0,0.3836317135549872,1.241258980499487,1.229776830553974,82,29,25,16,12,True,60,2026-09-16 09:05:17.752,3630.0,63.0,169.585768,20260916_062970_E001,2026-09-16 09:05:17.752,3630.0,63.0,169.585768,433.7402310371399,17,0.5161290322580645,3.8666666666666667,True,True,20260916_062970_SHADOW_SCORE_70_74_E001_090607978961,2026-09-16 09:06:07.919,3680.0,71.0,59.36668,1.9021739130434812,0.5161290322580645,28.03572678565979,0.5161290322580645,28.03572678565979,3.8666666666666667,64.03260970115662,5.842391304347826,116.45866060256958,10.49645390070922,169.15201926231384,7.448275862068964,300.2438061237335,0.1262314561547298,28.03572678565979,-0.6717772574212661,64.03260970115662,-0.6916371036493141,116.45866060256958,,,-1.7756125509524352,300.2438061237335
2026-09-16 09:08:35,v2.1.2,MAIN,MAIN,MAIN,2026-09-16 09:08:35.961,True,KOSPI,005930,삼성전자,248500.0,0.2,732932,168046000000.0,182133602000.0,168046000000.0,ACTUAL,2,249500.0,0.4008016032064128,1.0,1.0544524898465364,79,40,25,5,9,True,60,2026-09-16 09:00:00.776,248000.0,74.0,515.18566,20260916_005930_E001,2026-09-16 09:00:00.776,248000.0,74.0,515.18566,488.51263213157654,19,0.0,0.10070493454179255,False,True,20260916_005930_SHADOW_SCORE_70_74_E001_090046172818,2026-09-16 09:00:46.142,248000.0,74.0,45.882345,0.20161290322580072,0.0,29.475032091140747,0.0,29.475032091140747,0.10070493454179255,57.51075887680054,-0.2008032128514056,120.29730439186096,-0.10050251256281408,171.53647923469543,0.0,300.45715713500977,0.0,29.475032091140747,-0.1002004008016032,57.51075887680054,0.2004008016032064,120.29730439186096,0.10020040080160314,171.53647923469543,0.1999983903550072,300.45715713500977
2026-09-16 09:08:35,v2.1.2,MAIN,MAIN,MAIN,2026-09-16 09:08:35.959,True,KOSPI,000660,SK하이닉스,1701000.0,0.12,190937,232382000000.0,324783837000.0,232382000000.0,ACTUAL,1,1710000.0,0.5263157894736842,1.0,1.0619056093789974,76,40,22,5,9,True,60,2026-09-16 09:00:00.776,1691000.0,74.0,515.183662,20260916_000660_E001,2026-09-16 09:00:00.776,1691000.0,74.0,515.183662,488.51263213157654,19,0.0,-0.05875440658049354,False,True,20260916_000660_SHADOW_SCORE_70_74_E001_090019871716,2026-09-16 09:00:19.850,1691000.0,74.0,72.173651,0.17740981667653255,0.0,29.475032091140747,0.0,29.475032091140747,-0.05875440658049354,57.51075887680054,-0.35149384885764495,120.29730439186096,-0.17605633802816903,171.53647923469543,-0.17605633802816903,300.45715713500977,0.0,29.475032091140747,0.05847953216374263,57.51075887680054,0.4677677801060027,120.29730439186096,0.29212375200295815,171.53647923469543,0.5263157894736842,300.45715713500977
2026-09-16 09:08:35,v2.1.2,MAIN,MAIN,MAIN,2026-09-16 09:08:35.944,True,KOSDAQ,062970,한국첨단소재,3830.0,14.43,10679669,38993000000.0,40903132270.0,38993000000.0,ACTUAL,4,3910.0,2.0460358056265986,1.334006158056791,1.298481519834616,75,29,14,20,12,False,60,2026-09-16 09:05:17.752,3630.0,63.0,198.19246,20260916_062970_E001,2026-09-16 09:05:17.752,3630.0,63.0,198.19246,463.21526312828064,18,-1.6688061617458279,-1.1612903225806452,True,True,20260916_062970_SHADOW_SCORE_70_74_E001_090607978961,2026-09-16 09:06:07.919,3680.0,71.0,59.36668,1.9021739130434812,-1.6688061617458279,29.475032091140747,-1.6688061617458279,29.475032091140747,-1.1612903225806452,57.51075887680054,3.5135135135135136,120.29730439186096,5.5096418732782375,171.53647923469543,6.834030683403068,300.45715713500977,1.6624040920716114,29.475032091140747,1.7886355482263412,57.51075887680054,-0.32863437906997106,120.29730439186096,0.021744307650890082,171.53647923469543,-1.192830591134535,300.45715713500977
2026-09-16 09:09:04,v2.1.2,MAIN,MAIN,MAIN,2026-09-16 09:09:04.144,True,KOSPI,000660,SK하이닉스,1704000.0,0.12,194986,232382000000.0,332256144000.0,232382000000.0,ACTUAL,1,1710000.0,0.3508771929824561,1.0,1.0598274803102528,79,40,25,5,9,True,60,2026-09-16 09:00:00.776,1691000.0,74.0,543.36796,20260916_000660_E001,2026-09-16 09:00:00.776,1691000.0,74.0,543.36796,517.1483533382416,20,0.1763668430335097,0.1763668430335097,False,True,20260916_000660_SHADOW_SCORE_70_74_E001_090019871716,2026-09-16 09:00:19.850,1691000.0,74.0,72.173651,0.17740981667653255,0.1763668430335097,28.63572120666504,0.1763668430335097,28.63572120666504,0.1763668430335097,58.110753297805786,0.11750881316098707,122.1433629989624,-0.05865102639296188,174.56941390037537,0.11750881316098707,303.96455693244934,-0.17543859649122806,28.63572120666504,-0.17543859649122806,58.110753297805786,-0.11695906432748543,122.1433629989624,0.17523316487941162,174.56941390037537,0.11641060447131898,303.96455693244934
2026-09-16 09:09:04,v2.1.2,MAIN,MAIN,MAIN,2026-09-16 09:09:04.143,True,KOSDAQ,218410,RFHIC,53500.0,8.0,256704,50039000000.0,13733664000.0,50039000000.0,ACTUAL,2,53900.0,0.7421150278293136,1.1333861834654586,1.242450789164178,78,33,22,11,12,True,60,2026-09-16 09:00:47.177,53200.0,63.0,496.96563,20260916_218410_E004,2026-09-16 09:07:39.813,53700.0,68.0,84.32936,517.1483533382416,20,-0.18656716417910446,-0.37243947858473,False,False,,,,,,,-0.18656716417910446,28.63572120666504,-0.18656716417910446,28.63572120666504,-0.37243947858473,58.110753297805786,2.294455066921606,122.1433629989624,2.490421455938697,174.56941390037537,2.490421455938697,303.96455693244934,0.1855287569573285,28.63572120666504,0.7421150278293136,58.110753297805786,-1.1340575800506114,122.1433629989624,-1.3216748408386039,174.56941390037537,-1.3216748408386039,303.96455693244934
2026-09-16 09:09:32,v2.1.2,MAIN,MAIN,MAIN,2026-09-16 09:09:32.029,True,KOSDAQ,069540,빛과전자,4470.0,8.98,7001690,30475000000.0,31297554300.0,30475000000.0,ACTUAL,10,4530.0,1.3245033112582782,1.1708994505705614,1.175338289825538,76,29,19,16,12,True,60,2026-09-16 09:07:39.813,4440.0,71.0,112.215753,20260916_069540_E001,2026-09-16 09:07:39.813,4440.0,71.0,112.215753,519.8464753627777,20,0.0,0.7891770011273956,False,True,20260916_069540_SHADOW_SCORE_70_74_E001_090807407222,2026-09-16 09:08:07.362,4440.0,71.0,84.666991,0.6756756756756799,0.0,27.99549102783203,0.0,27.99549102783203,0.7891770011273956,56.63121223449707,2.054794520547945,114.14197111129761,-1.3245033112582782,176.92851662635803,-0.2232142857142857,307.1039807796478,0.0,27.99549102783203,-0.7726269315673289,56.63121223449707,-1.9867549668874172,114.14197111129761,,,,
2026-09-16 09:09:34,v2.1.2,MAIN,MAIN,MAIN,2026-09-16 09:09:32.031,True,KOSPI,000660,SK하이닉스,1701000.0,0.12,197834,232382000000.0,336515634000.0,232382000000.0,ACTUAL,1,1710000.0,0.5263157894736842,1.0,1.0514360424328748,76,40,22,5,9,True,60,2026-09-16 09:00:00.776,1691000.0,74.0,571.255392,20260916_000660_E001,2026-09-16 09:00:00.776,1691000.0,74.0,571.255392,545.1438443660736,21,-0.17605633802816903,0.0,False,True,20260916_000660_SHADOW_SCORE_70_74_E001_090019871716,2026-09-16 09:00:19.850,1691000.0,74.0,72.173651,0.17740981667653255,-0.17605633802816903,27.99549102783203,-0.17605633802816903,27.99549102783203,0.0,56.63121223449707,-0.05875440658049354,114.14197111129761,-0.35149384885764495,176.92851662635803,-0.29308323563892147,307.1039807796478,0.17543859649122806,27.99549102783203,0.0,56.63121223449707,0.05847953216374263,114.14197111129761,0.4677677801060027,176.92851662635803,0.46773348133074333,307.1039807796478
2026-09-16 09:09:34,v2.1.2,MAIN,MAIN,MAIN,2026-09-16 09:09:32.033,True,KOSPI,005930,삼성전자,248250.0,0.2,765977,168046000000.0,190153790250.0,168046000000.0,ACTUAL,2,249500.0,0.501002004008016,1.0,1.0504592125707812,76,40,22,5,9,True,60,2026-09-16 09:00:00.776,248000.0,74.0,571.257418,20260916_005930_E001,2026-09-16 09:00:00.776,248000.0,74.0,571.257418,545.1438443660736,21,-0.1006036217303823,-0.1006036217303823,False,True,20260916_005930_SHADOW_SCORE_70_74_E001_090046172818,2026-09-16 09:00:46.142,248000.0,74.0,45.882345,0.20161290322580072,-0.1006036217303823,27.99549102783203,-0.1006036217303823,27.99549102783203,-0.1006036217303823,56.63121223449707,0.0,114.14197111129761,-0.30120481927710846,176.92851662635803,-0.30120481927710846,307.1039807796478,0.1002004008016032,27.99549102783203,0.1002004008016032,56.63121223449707,0.0,114.14197111129761,0.3006012024048096,176.92851662635803,0.501002004008016,307.1039807796478
2026-09-16 09:09:34,v2.1.2,MAIN,MAIN,MAIN,2026-09-16 09:09:32.030,True,KOSDAQ,218410,RFHIC,53300.0,8.41,265172,50679000000.0,14133667600.0,50679000000.0,ACTUAL,2,53900.0,1.1131725417439702,1.1032763687819744,1.16043428981537,75,33,19,11,12,True,60,2026-09-16 09:00:47.177,53200.0,63.0,524.853042,20260916_218410_E004,2026-09-16 09:07:39.813,53700.0,68.0,112.216772,545.1438443660736,21,-0.3738317757009346,-0.5597014925373134,False,False,,,,,,,-0.3738317757009346,27.99549102783203,-0.3738317757009346,27.99549102783203,-0.5597014925373134,56.63121223449707,1.1385199240986716,114.14197111129761,2.3032629558541267,176.92851662635803,1.717557251908397,307.1039807796478,0.3710575139146566,27.99549102783203,0.5565862708719851,56.63121223449707,-0.012531022983984785,114.14197111129761,-1.1382345877119397,176.92851662635803,-0.5753828053479624,307.1039807796478
2026-09-16 09:10:02,v2.1.2,MAIN,MAIN,MAIN,2026-09-16 09:10:02.770,True,KOSDAQ,069540,빛과전자,4590.0,8.86,7811274,31515000000.0,35853747660.0,31515000000.0,ACTUAL,10,4590.0,0.0,1.13784886449796,1.232138910862743,77,29,25,11,12,True,60,2026-09-16 09:07:39.813,4440.0,71.0,142.957109,20260916_069540_E001,2026-09-16 09:07:39.813,4440.0,71.0,142.957109,550.2270629405975,21,2.684563758389262,2.684563758389262,False,True,20260916_069540_SHADOW_SCORE_70_74_E001_090807407222,2026-09-16 09:08:07.362,4440.0,71.0,84.666991,0.6756756756756799,2.684563758389262,30.380587577819824,2.684563758389262,30.380587577819824,2.684563758389262,58.376078605651855,3.3783783783783785,116.48683190345764,2.1134593993325916,180.51944160461426,1.3245033112582782,310.98022842407227,-1.3245033112582782,30.380587577819824,-1.3245033112582782,58.376078605651855,-1.9867549668874174,116.48683190345764,-0.772626931567329,180.51944160461426,,
2026-09-16 09:10:02,v2.1.2,MAIN,MAIN,MAIN,2026-09-16 09:10:02.775,True,KOSPI,005930,삼성전자,248000.0,0.2,788049,168046000000.0,195436152000.0,168046000000.0,ACTUAL,2,249500.0,0.6012024048096193,1.0,1.0752007007471363,76,40,22,5,9,True,60,2026-09-16 09:00:00.776,248000.0,74.0,601.999869,20260916_005930_E001,2026-09-16 09:00:00.776,248000.0,74.0,601.999869,575.5244319438934,22,-0.10070493454179255,-0.2012072434607646,False,True,20260916_005930_SHADOW_SCORE_70_74_E001_090046172818,2026-09-16 09:00:46.142,248000.0,74.0,45.882345,0.20161290322580072,-0.10070493454179255,30.380587577819824,-0.10070493454179255,30.380587577819824,-0.2012072434607646,58.376078605651855,-0.2012072434607646,116.48683190345764,-0.3015075376884422,180.51944160461426,-0.4016064257028112,310.98022842407227,0.1002004008016033,30.380587577819824,0.2004008016032065,58.376078605651855,0.2004008016032065,116.48683190345764,0.30060120240480964,180.51944160461426,0.4008016032064129,310.98022842407227
2026-09-16 09:10:31,v2.1.2,MAIN,MAIN,MAIN,2026-09-16 09:10:31.223,True,KOSDAQ,069540,빛과전자,4665.0,13.47,9123115,40365000000.0,42559331475.0,40365000000.0,ACTUAL,5,4690.0,0.5330490405117271,1.3891661217606772,1.3750900964314428,86,29,22,20,15,True,60,2026-09-16 09:07:39.813,4440.0,71.0,171.409714,20260916_069540_E001,2026-09-16 09:07:39.813,4440.0,71.0,171.409714,579.3180675506592,22,1.6339869281045754,4.3624161073825505,False,True,20260916_069540_SHADOW_SCORE_70_74_E001_090807407222,2026-09-16 09:08:07.362,4440.0,71.0,84.666991,0.6756756756756799,1.6339869281045754,29.091004610061646,1.6339869281045754,29.091004610061646,4.3624161073825505,59.47159218788147,5.186020293122886,116.10280442237854,6.506849315068493,173.61356329917908,2.980132450331126,287.639283657074,0.5330490405117271,29.091004610061646,-0.7914542707465512,59.47159218788147,-1.5640812023138801,116.10280442237854,-2.7782092376339684,173.61356329917908,,
2026-09-16 09:10:31,v2.1.2,MAIN,MAIN,MAIN,2026-09-16 09:10:31.234,True,KOSPI,005930,삼성전자,248250.0,0.2,791104,168046000000.0,196391568000.0,168046000000.0,ACTUAL,2,249500.0,0.501002004008016,1.0,1.063253234700776,76,40,22,5,9,True,60,2026-09-16 09:00:00.776,248000.0,74.0,630.458302,20260916_005930_E001,2026-09-16 09:00:00.776,248000.0,74.0,630.458302,579.3180675506592,22,0.10080645161290322,0.0,False,True,20260916_005930_SHADOW_SCORE_70_74_E001_090046172818,2026-09-16 09:00:46.142,248000.0,74.0,45.882345,0.20161290322580072,0.10080645161290322,29.091004610061646,0.10080645161290322,29.091004610061646,0.0,59.47159218788147,-0.1006036217303823,116.10280442237854,0.0,173.61356329917908,-0.20100502512562815,287.639283657074,-0.1002004008016033,29.091004610061646,0.0,59.47159218788147,0.1002004008016032,116.10280442237854,0.0,173.61356329917908,0.20040080160320634,287.639283657074
2026-09-16 09:10:59,v2.1.2,MAIN,MAIN,MAIN,2026-09-16 09:10:59.880,True,KOSDAQ,069540,빛과전자,4630.0,11.77,10082661,44960000000.0,46682720430.0,44960000000.0,ACTUAL,5,4690.0,1.279317697228145,1.4753076292042657,1.4400324778731992,83,29,19,20,15,True,60,2026-09-16 09:07:39.813,4440.0,71.0,200.067033,20260916_069540_E001,2026-09-16 09:07:39.813,4440.0,71.0,200.067033,586.6544342041016,22,-0.7502679528403001,0.8714596949891068,False,True,20260916_069540_SHADOW_SCORE_70_74_E001_090807407222,2026-09-16 09:08:07.362,4440.0,71.0,84.666991,0.6756756756756799,-0.7502679528403001,28.440327167510986,-0.7502679528403001,28.440327167510986,0.8714596949891068,57.53133177757263,3.5794183445190155,115.90741038322449,4.2792792792792795,174.01816368103027,2.207505518763797,290.47682428359985,0.746268656716418,28.440327167510986,1.279317697228145,57.53133177757263,-0.045185614030133214,115.90741038322449,-0.7074372696592723,174.01816368103027,,
2026-09-16 09:10:59,v2.1.2,MAIN,MAIN,MAIN,2026-09-16 09:10:59.889,True,KOSPI,000660,SK하이닉스,1699000.0,0.12,209177,232382000000.0,355391723000.0,232382000000.0,ACTUAL,1,1710000.0,0.6432748538011697,1.0,1.0573359483203089,76,40,22,5,9,True,60,2026-09-16 09:00:00.776,1691000.0,74.0,659.112938,20260916_000660_E001,2026-09-16 09:00:00.776,1691000.0,74.0,659.112938,586.6544342041016,22,-0.11757789535567313,-0.17626321974148063,False,True,20260916_000660_SHADOW_SCORE_70_74_E001_090019871716,2026-09-16 09:00:19.850,1691000.0,74.0,72.173651,0.17740981667653255,-0.11757789535567313,28.440327167510986,-0.11757789535567313,28.440327167510986,-0.17626321974148063,57.53133177757263,-0.2934272300469483,115.90741038322449,-0.11757789535567313,174.01816368103027,-0.3519061583577713,290.47682428359985,0.11695906432748548,28.440327167510986,0.17543859649122812,57.53133177757263,0.29239766081871355,115.90741038322449,0.11695906432748548,174.01816368103027,0.4676308256981252,290.47682428359985
2026-09-16 09:10:59,v2.1.2,MAIN,MAIN,MAIN,2026-09-16 09:10:59.892,True,KOSPI,005930,삼성전자,248000.0,0.2,826121,168046000000.0,204878008000.0,168046000000.0,ACTUAL,2,249500.0,0.6012024048096193,1.0,1.0785193289093538,76,40,22,5,9,True,60,2026-09-16 09:00:00.776,248000.0,74.0,659.116244,20260916_005930_E001,2026-09-16 09:00:00.776,248000.0,74.0,659.116244,586.6544342041016,22,-0.10070493454179255,0.0,False,True,20260916_005930_SHADOW_SCORE_70_74_E001_090046172818,2026-09-16 09:00:46.142,248000.0,74.0,45.882345,0.20161290322580072,-0.10070493454179255,28.440327167510986,-0.10070493454179255,28.440327167510986,0.0,57.53133177757263,-0.2012072434607646,115.90741038322449,-0.2012072434607646,174.01816368103027,-0.4016064257028112,290.47682428359985,0.1002004008016033,28.440327167510986,0.0,57.53133177757263,0.2004008016032065,115.90741038322449,0.2004008016032065,174.01816368103027,0.4008016032064129,290.47682428359985
2026-09-16 09:11:28,v2.1.2,MAIN,MAIN,MAIN,2026-09-16 09:11:28.621,True,KOSDAQ,069540,빛과전자,4675.0,13.11,10791853,48298000000.0,50451912775.0,48298000000.0,ACTUAL,4,4690.0,0.31982942430703626,1.5325400602887513,1.3815739916433607,89,29,25,20,15,True,60,2026-09-16 09:07:39.813,4440.0,71.0,228.807961,20260916_069540_E001,2026-09-16 09:07:39.813,4440.0,71.0,228.807961,593.333500623703,22,0.9719222462203023,0.21436227224008575,False,True,20260916_069540_SHADOW_SCORE_70_74_E001_090807407222,2026-09-16 09:08:07.362,4440.0,71.0,84.666991,0.6756756756756799,0.9719222462203023,29.47139811515808,0.9719222462203023,29.47139811515808,0.21436227224008575,57.91172528266907,4.586129753914989,117.38331747055054,5.411499436302142,174.0145297050476,3.2008830022075054,294.31183409690857,-0.9594882729211087,29.47139811515808,-0.21321961620469082,57.91172528266907,-1.004673886951242,117.38331747055054,-1.7773008185185708,174.0145297050476,,
2026-09-16 09:11:28,v2.1.2,MAIN,MAIN,MAIN,2026-09-16 09:11:28.637,True,KOSPI,229640,LS에코에너지,60700.0,19.96,177690,73166000000.0,10785783000.0,73166000000.0,ACTUAL,9,60700.0,0.0,1.018429331031987,1.1593720638897589,79,37,25,5,12,True,60,2026-09-16 09:07:39.813,59100.0,64.0,228.82394,20260916_229640_E001,2026-09-16 09:07:39.813,59100.0,64.0,228.82394,593.333500623703,22,1.675041876046901,1.335559265442404,True,True,20260916_229640_SHADOW_SCORE_70_74_E001_090904201806,2026-09-16 09:09:04.133,59600.0,73.0,144.504578,1.8456375838926231,1.675041876046901,29.47139811515808,1.675041876046901,29.47139811515808,1.335559265442404,57.91172528266907,2.5337837837837838,117.38331747055054,2.1885521885521886,174.0145297050476,4.655172413793104,294.31183409690857,-1.4851485148514851,29.47139811515808,-1.155115511551155,57.91172528266907,-2.31023102310231,117.38331747055054,-1.9801980198019802,174.0145297050476,-4.29042904290429,294.31183409690857
2026-09-16 09:11:31,v2.1.2,MAIN,MAIN,MAIN,2026-09-16 09:11:28.629,True,KOSPI,000660,SK하이닉스,1700000.0,0.12,214415,232382000000.0,364505500000.0,232382000000.0,ACTUAL,1,1710000.0,0.5847953216374269,1.0,1.0735887601518141,76,40,22,5,9,True,60,2026-09-16 09:00:00.776,1691000.0,74.0,687.853264,20260916_000660_E001,2026-09-16 09:00:00.776,1691000.0,74.0,687.853264,593.333500623703,22,0.05885815185403178,-0.058788947677836566,False,True,20260916_000660_SHADOW_SCORE_70_74_E001_090019871716,2026-09-16 09:00:19.850,1691000.0,74.0,72.173651,0.17740981667653255,0.05885815185403178,29.47139811515808,0.05885815185403178,29.47139811515808,-0.058788947677836566,57.91172528266907,-0.058788947677836566,117.38331747055054,-0.058788947677836566,174.0145297050476,-0.4100761570005858,294.31183409690857,-0.0584795321637428,29.47139811515808,0.05847953216374269,57.91172528266907,0.05847953216374269,117.38331747055054,0.05847953216374269,174.0145297050476,0.5262473122697454,294.31183409690857
2026-09-16 09:11:31,v2.1.2,MAIN,MAIN,MAIN,2026-09-16 09:11:28.632,True,KOSPI,005930,삼성전자,248000.0,0.2,845489,168046000000.0,209681272000.0,168046000000.0,ACTUAL,2,249500.0,0.6012024048096193,1.0,1.0728888685855829,76,40,22,5,9,True,60,2026-09-16 09:00:00.776,248000.0,74.0,687.855991,20260916_005930_E001,2026-09-16 09:00:00.776,248000.0,74.0,687.855991,593.333500623703,22,0.0,-0.10070493454179255,False,True,20260916_005930_SHADOW_SCORE_70_74_E001_090046172818,2026-09-16 09:00:46.142,248000.0,74.0,45.882345,0.20161290322580072,0.0,29.47139811515808,0.0,29.47139811515808,-0.10070493454179255,57.91172528266907,-0.10070493454179255,117.38331747055054,-0.2012072434607646,174.0145297050476,-0.4016064257028112,294.31183409690857,0.0,29.47139811515808,0.1002004008016033,57.91172528266907,0.1002004008016033,117.38331747055054,0.2004008016032065,174.0145297050476,0.4008016032064129,294.31183409690857
2026-09-16 09:11:59,v2.1.2,MAIN,MAIN,MAIN,2026-09-16 09:11:59.056,True,KOSDAQ,069540,빛과전자,4665.0,13.96,12089079,54129000000.0,56395553535.0,54129000000.0,ACTUAL,3,4720.0,1.1652542372881356,1.340988480118915,1.3251043092189454,87,33,19,20,15,True,60,2026-09-16 09:07:39.813,4440.0,71.0,259.242726,20260916_069540_E001,2026-09-16 09:07:39.813,4440.0,71.0,259.242726,592.4516351222992,22,-0.21390374331550802,0.755939524838013,False,True,20260916_069540_SHADOW_SCORE_70_74_E001_090807407222,2026-09-16 09:08:07.362,4440.0,71.0,84.666991,0.6756756756756799,-0.21390374331550802,30.398873805999756,-0.21390374331550802,30.398873805999756,0.755939524838013,59.87027192115784,1.6339869281045754,117.40160369873047,4.3624161073825505,175.77768230438232,3.781979977753059,297.9210453033447,0.8454248129810993,30.398873805999756,-0.11406345994000944,59.87027192115784,1.1652542372881356,117.40160369873047,-0.15924907397014265,175.77768230438232,0.3926273057208066,297.9210453033447
2026-09-16 09:11:59,v2.1.2,MAIN,MAIN,MAIN,2026-09-16 09:11:59.062,True,KOSPI,000660,SK하이닉스,1702000.0,0.12,219447,232382000000.0,373498794000.0,232382000000.0,ACTUAL,1,1710000.0,0.46783625730994155,1.0,1.0760476223165865,79,40,25,5,9,True,60,2026-09-16 09:00:00.776,1691000.0,74.0,718.286863,20260916_000660_E001,2026-09-16 09:00:00.776,1691000.0,74.0,718.286863,592.4516351222992,22,0.1176470588235294,0.17657445556209533,False,True,20260916_000660_SHADOW_SCORE_70_74_E001_090019871716,2026-09-16 09:00:19.850,1691000.0,74.0,72.173651,0.17740981667653255,0.1176470588235294,30.398873805999756,0.1176470588235294,30.398873805999756,0.17657445556209533,59.87027192115784,0.0,117.40160369873047,-0.11737089201877934,175.77768230438232,0.0,297.9210453033447,-0.11695906432748532,30.398873805999756,-0.17543859649122812,59.87027192115784,0.0,117.40160369873047,0.11695906432748543,175.77768230438232,0.0,297.9210453033447
2026-09-16 09:11:59,v2.1.2,MAIN,MAIN,MAIN,2026-09-16 09:11:59.067,True,KOSPI,005930,삼성전자,248500.0,0.2,874194,168046000000.0,217237209000.0,168046000000.0,ACTUAL,2,249500.0,0.4008016032064128,1.0,1.1050304384758514,79,40,25,5,9,True,60,2026-09-16 09:00:00.776,248000.0,74.0,718.291424,20260916_005930_E001,2026-09-16 09:00:00.776,248000.0,74.0,718.291424,592.4516351222992,22,0.20161290322580644,0.20161290322580644,False,True,20260916_005930_SHADOW_SCORE_70_74_E001_090046172818,2026-09-16 09:00:46.142,248000.0,74.0,45.882345,0.20161290322580072,0.20161290322580644,30.398873805999756,0.20161290322580644,30.398873805999756,0.20161290322580644,59.87027192115784,0.20161290322580644,117.40160369873047,0.0,175.77768230438232,-0.10050251256281408,297.9210453033447,-0.2004008016032065,30.398873805999756,-0.2004008016032065,59.87027192115784,-0.2004008016032065,117.40160369873047,0.0,175.77768230438232,0.10020040080160314,297.9210453033447
2026-09-16 09:11:59,v2.1.2,MAIN,MAIN,MAIN,2026-09-16 09:11:59.073,True,KOSPI,229640,LS에코에너지,61500.0,19.96,192768,73166000000.0,11855232000.0,73166000000.0,ACTUAL,9,61500.0,0.0,1.018429331031987,1.1838750092121748,79,37,25,5,12,True,60,2026-09-16 09:07:39.813,59100.0,64.0,259.2598,20260916_229640_E001,2026-09-16 09:07:39.813,59100.0,64.0,259.2598,592.4516351222992,22,1.3179571663920924,3.015075376884422,True,True,20260916_229640_SHADOW_SCORE_70_74_E001_090904201806,2026-09-16 09:09:04.133,59600.0,73.0,144.504578,1.8456375838926231,1.3179571663920924,30.398873805999756,1.3179571663920924,30.398873805999756,3.015075376884422,59.87027192115784,3.885135135135135,117.40160369873047,3.1879194630872485,175.77768230438232,6.125970664365832,297.9210453033447,0.0,30.398873805999756,-1.4851485148514851,59.87027192115784,-2.31023102310231,117.40160369873047,-1.65016501650165,175.77768230438232,-4.372937293729374,297.9210453033447
2026-09-16 09:12:27,v2.1.2,MAIN,MAIN,MAIN,2026-09-16 09:12:27.338,True,KOSPI,000660,SK하이닉스,1705000.0,0.12,222866,232382000000.0,379986530000.0,232382000000.0,ACTUAL,1,1710000.0,0.29239766081871343,1.0,1.0654421853263025,79,40,25,5,9,True,60,2026-09-16 09:00:00.776,1691000.0,74.0,746.56256,20260916_000660_E001,2026-09-16 09:00:00.776,1691000.0,74.0,746.56256,588.0899913311005,22,0.17626321974148063,0.29411764705882354,False,True,20260916_000660_SHADOW_SCORE_70_74_E001_090019871716,2026-09-16 09:00:19.850,1691000.0,74.0,72.173651,0.17740981667653255,0.17626321974148063,27.279289722442627,0.17626321974148063,27.279289722442627,0.29411764705882354,57.67816352844238,0.23515579071134626,115.58988881111145,0.23515579071134626,175.06148099899292,0.17626321974148063,289.2034521102905,-0.17543859649122812,27.279289722442627,-0.29239766081871343,57.67816352844238,-0.23391812865497075,115.58988881111145,-0.23391812865497075,175.06148099899292,-0.17543859649122812,289.2034521102905
2026-09-16 09:12:27,v2.1.2,MAIN,MAIN,MAIN,2026-09-16 09:12:27.342,True,KOSPI,005930,삼성전자,249000.0,0.2,900367,168046000000.0,224191383000.0,168046000000.0,ACTUAL,2,249500.0,0.2004008016032064,1.0,1.0898730331271085,79,40,25,5,9,True,60,2026-09-16 09:00:00.776,248000.0,74.0,746.566677,20260916_005930_E001,2026-09-16 09:00:00.776,248000.0,74.0,746.566677,588.0899913311005,22,0.2012072434607646,0.4032258064516129,False,True,20260916_005930_SHADOW_SCORE_70_74_E001_090046172818,2026-09-16 09:00:46.142,248000.0,74.0,45.882345,0.20161290322580072,0.2012072434607646,27.279289722442627,0.2012072434607646,27.279289722442627,0.4032258064516129,57.67816352844238,0.3021148036253776,115.58988881111145,0.3021148036253776,175.06148099899292,0.3021148036253776,289.2034521102905,-0.2004008016032064,27.279289722442627,-0.4008016032064129,57.67816352844238,-0.3006012024048096,115.58988881111145,-0.3006012024048096,175.06148099899292,-0.3006012024048096,289.2034521102905
2026-09-16 09:12:27,v2.1.2,MAIN,MAIN,MAIN,2026-09-16 09:12:27.329,True,KOSDAQ,069540,빛과전자,4605.0,12.26,12741309,56759000000.0,58673727945.0,56759000000.0,ACTUAL,3,4720.0,2.4364406779661016,1.2624332740213524,1.2636851521636996,75,33,14,16,12,False,60,2026-09-16 09:07:39.813,4440.0,71.0,287.516288,20260916_069540_E001,2026-09-16 09:07:39.813,4440.0,71.0,287.516288,588.0899913311005,22,-1.2861736334405145,-1.4973262032085561,False,True,20260916_069540_SHADOW_SCORE_70_74_E001_090807407222,2026-09-16 09:08:07.362,4440.0,71.0,84.666991,0.6756756756756799,-1.2861736334405145,27.279289722442627,-1.2861736334405145,27.279289722442627,-1.4973262032085561,57.67816352844238,-1.2861736334405145,115.58988881111145,3.0201342281879198,175.06148099899292,5.136986301369863,289.2034521102905,1.271186440677966,27.279289722442627,2.1166112536590656,57.67816352844238,1.9033916374543747,115.58988881111145,1.1119373667078234,175.06148099899292,-0.8748176001795938,289.2034521102905
2026-09-16 09:12:55,v2.1.2,MAIN,MAIN,MAIN,2026-09-16 09:12:55.563,True,KOSDAQ,069540,빛과전자,4695.0,13.96,13544899,61125000000.0,63593300805.0,61125000000.0,ACTUAL,2,4720.0,0.5296610169491525,1.265580355294215,1.2551041049206286,83,33,22,16,12,True,60,2026-09-16 09:07:39.813,4440.0,71.0,315.749905,20260916_069540_E001,2026-09-16 09:07:39.813,4440.0,71.0,315.749905,588.867598772049,22,1.9543973941368076,0.6430868167202572,False,True,20260916_069540_SHADOW_SCORE_70_74_E001_090807407222,2026-09-16 09:08:07.362,4440.0,71.0,84.666991,0.6756756756756799,1.9543973941368076,27.456067323684692,1.9543973941368076,27.456067323684692,0.6430868167202572,54.73535704612732,1.4038876889848813,114.60562896728516,2.287581699346405,172.1369607448578,5.743243243243244,288.62379264831543,-1.9067796610169492,27.456067323684692,-0.6355932203389831,54.73535704612732,-0.7496566802789926,114.60562896728516,0.5296610169491525,172.1369607448578,-1.457093949938265,288.62379264831543
2026-09-16 09:12:55,v2.1.2,MAIN,MAIN,MAIN,2026-09-16 09:12:55.581,True,KOSPI,000660,SK하이닉스,1706000.0,0.12,226562,232382000000.0,386514772000.0,232382000000.0,ACTUAL,1,1710000.0,0.23391812865497078,1.0,1.0566518200685586,79,40,25,5,9,True,60,2026-09-16 09:00:00.776,1691000.0,74.0,774.805901,20260916_000660_E001,2026-09-16 09:00:00.776,1691000.0,74.0,774.805901,588.867598772049,22,0.05865102639296188,0.23501762632197415,False,True,20260916_000660_SHADOW_SCORE_70_74_E001_090019871716,2026-09-16 09:00:19.850,1691000.0,74.0,72.173651,0.17740981667653255,0.05865102639296188,27.456067323684692,0.05865102639296188,27.456067323684692,0.23501762632197415,54.73535704612732,0.4120070629782225,114.60562896728516,0.23501762632197415,172.1369607448578,0.29394473838918284,288.62379264831543,-0.05847953216374266,27.456067323684692,-0.23391812865497078,54.73535704612732,-0.4093567251461989,114.60562896728516,-0.23391812865497078,172.1369607448578,-0.29239766081871343,288.62379264831543
2026-09-16 09:12:55,v2.1.2,MAIN,MAIN,MAIN,2026-09-16 09:12:55.586,True,KOSPI,005930,삼성전자,249000.0,0.2,917982,168046000000.0,228577518000.0,168046000000.0,ACTUAL,2,249500.0,0.2004008016032064,1.0,1.0857409144294012,79,40,25,5,9,True,60,2026-09-16 09:00:00.776,248000.0,74.0,774.809983,20260916_005930_E001,2026-09-16 09:00:00.776,248000.0,74.0,774.809983,588.867598772049,22,0.0,0.2012072434607646,False,True,20260916_005930_SHADOW_SCORE_70_74_E001_090046172818,2026-09-16 09:00:46.142,248000.0,74.0,45.882345,0.20161290322580072,0.0,27.456067323684692,0.0,27.456067323684692,0.2012072434607646,54.73535704612732,0.4032258064516129,114.60562896728516,0.4032258064516129,172.1369607448578,0.2012072434607646,288.62379264831543,0.0,27.456067323684692,-0.2004008016032064,54.73535704612732,-0.4008016032064129,114.60562896728516,-0.4008016032064129,172.1369607448578,-0.2004008016032064,288.62379264831543
2026-09-16 09:12:55,v2.1.2,MAIN,MAIN,MAIN,2026-09-16 09:12:55.598,True,KOSPI,229640,LS에코에너지,61100.0,19.96,212952,73166000000.0,13011367200.0,73166000000.0,ACTUAL,9,61600.0,0.8116883116883116,1.0,1.1984467330744555,76,37,22,5,12,True,60,2026-09-16 09:07:39.813,59100.0,64.0,315.784605,20260916_229640_E001,2026-09-16 09:07:39.813,59100.0,64.0,315.784605,588.867598772049,22,0.3284072249589491,-0.6504065040650406,True,True,20260916_229640_SHADOW_SCORE_70_74_E001_090904201806,2026-09-16 09:09:04.133,59600.0,73.0,144.504578,1.8456375838926231,0.3284072249589491,27.456067323684692,0.3284072249589491,27.456067323684692,-0.6504065040650406,54.73535704612732,2.3450586264656614,114.60562896728516,3.209459459459459,172.1369607448578,3.3840947546531304,288.62379264831543,-0.3246753246753249,27.456067323684692,0.8116883116883116,54.73535704612732,-0.6734602031631736,114.60562896728516,-1.4985427114139986,172.1369607448578,-1.6635592130641637,288.62379264831543
2026-09-16 09:13:23,v2.1.2,MAIN,MAIN,MAIN,2026-09-16 09:13:23.499,True,KOSDAQ,069540,빛과전자,4660.0,13.35,13917816,62906000000.0,64857022560.0,62906000000.0,ACTUAL,2,4720.0,1.2711864406779663,1.1621496794694157,1.1512718214514108,80,33,19,16,12,True,60,2026-09-16 09:07:39.813,4440.0,71.0,343.68614,20260916_069540_E001,2026-09-16 09:07:39.813,4440.0,71.0,343.68614,587.8299314975739,22,-0.7454739084132056,1.1943539630836049,False,True,20260916_069540_SHADOW_SCORE_70_74_E001_090807407222,2026-09-16 09:08:07.362,4440.0,71.0,84.666991,0.6756756756756799,-0.7454739084132056,28.224013805389404,-0.7454739084132056,28.224013805389404,1.1943539630836049,55.6800811290741,-0.32085561497326204,113.35824465751648,-0.10718113612004287,171.26996994018555,5.0732807215332585,287.3727743625641,0.7415254237288138,28.224013805389404,-1.1652542372881354,55.6800811290741,0.95135701637093,113.35824465751648,0.7381374001662392,171.26996994018555,-0.8259438021476408,287.3727743625641
2026-09-16 09:13:23,v2.1.2,MAIN,MAIN,MAIN,2026-09-16 09:13:23.508,True,KOSPI,000660,SK하이닉스,1707000.0,0.12,232499,232382000000.0,396875793000.0,232382000000.0,ACTUAL,1,1710000.0,0.17543859649122806,1.0,1.059476775713498,79,40,25,5,9,True,60,2026-09-16 09:00:00.776,1691000.0,74.0,802.732795,20260916_000660_E001,2026-09-16 09:00:00.776,1691000.0,74.0,802.732795,587.8299314975739,22,0.058616647127784284,0.11730205278592376,False,True,20260916_000660_SHADOW_SCORE_70_74_E001_090019871716,2026-09-16 09:00:19.850,1691000.0,74.0,72.173651,0.17740981667653255,0.058616647127784284,28.224013805389404,0.058616647127784284,28.224013805389404,0.11730205278592376,55.6800811290741,0.411764705882353,113.35824465751648,0.3527336860670194,171.26996994018555,0.3527336860670194,287.3727743625641,-0.058479532163742715,28.224013805389404,-0.11695906432748537,55.6800811290741,-0.4093567251461988,113.35824465751648,-0.3508771929824561,171.26996994018555,-0.3508771929824561,287.3727743625641
2026-09-16 09:13:23,v2.1.2,MAIN,MAIN,MAIN,2026-09-16 09:13:23.512,True,KOSPI,005930,삼성전자,249000.0,0.2,943414,168046000000.0,234910086000.0,168046000000.0,ACTUAL,2,249500.0,0.2004008016032064,1.0,1.0791815089099217,79,40,25,5,9,True,60,2026-09-16 09:00:00.776,248000.0,74.0,802.736818,20260916_005930_E001,2026-09-16 09:00:00.776,248000.0,74.0,802.736818,587.8299314975739,22,0.0,0.0,False,True,20260916_005930_SHADOW_SCORE_70_74_E001_090046172818,2026-09-16 09:00:46.142,248000.0,74.0,45.882345,0.20161290322580072,0.0,28.224013805389404,0.0,28.224013805389404,0.0,55.6800811290741,0.4032258064516129,113.35824465751648,0.3021148036253776,171.26996994018555,0.2012072434607646,287.3727743625641,0.0,28.224013805389404,0.0,55.6800811290741,-0.4008016032064129,113.35824465751648,-0.3006012024048096,171.26996994018555,-0.2004008016032064,287.3727743625641
2026-09-16 09:13:52,v2.1.2,MAIN,MAIN,MAIN,2026-09-16 09:13:52.538,True,KOSPI,000660,SK하이닉스,1706000.0,0.12,235701,232382000000.0,402105906000.0,232382000000.0,ACTUAL,1,1710000.0,0.23391812865497078,1.0,1.0575906598583902,79,40,25,5,9,True,60,2026-09-16 09:00:00.776,1691000.0,74.0,831.762683,20260916_000660_E001,2026-09-16 09:00:00.776,1691000.0,74.0,831.762683,591.439998626709,22,-0.05858230814294083,0.0,False,True,20260916_000660_SHADOW_SCORE_70_74_E001_090019871716,2026-09-16 09:00:19.850,1691000.0,74.0,72.173651,0.17740981667653255,-0.05858230814294083,28.738388538360596,-0.05858230814294083,28.738388538360596,0.0,56.96240234375,0.23501762632197415,111.69775938987732,0.4120070629782225,171.56803131103516,0.11737089201877934,287.47544169425964,0.058479532163742715,28.738388538360596,0.0,56.96240234375,-0.23391812865497078,111.69775938987732,-0.4093567251461989,171.56803131103516,-0.11695906432748535,287.47544169425964
2026-09-16 09:13:52,v2.1.2,MAIN,MAIN,MAIN,2026-09-16 09:13:52.541,True,KOSPI,005930,삼성전자,248500.0,0.2,949346,168046000000.0,235912481000.0,168046000000.0,ACTUAL,2,249500.0,0.4008016032064128,1.0,1.0543989284369597,79,40,25,5,9,True,60,2026-09-16 09:00:00.776,248000.0,74.0,831.765741,20260916_005930_E001,2026-09-16 09:00:00.776,248000.0,74.0,831.765741,591.439998626709,22,-0.2008032128514056,-0.2008032128514056,False,True,20260916_005930_SHADOW_SCORE_70_74_E001_090046172818,2026-09-16 09:00:46.142,248000.0,74.0,45.882345,0.20161290322580072,-0.2008032128514056,28.738388538360596,-0.2008032128514056,28.738388538360596,-0.2008032128514056,56.96240234375,0.0,111.69775938987732,0.20161290322580644,171.56803131103516,0.0,287.47544169425964,0.2004008016032064,28.738388538360596,0.2004008016032064,56.96240234375,0.0,111.69775938987732,-0.2004008016032065,171.56803131103516,0.0,287.47544169425964
2026-09-16 09:13:52,v2.1.2,MAIN,MAIN,MAIN,2026-09-16 09:13:52.532,True,KOSDAQ,069540,빛과전자,4685.0,13.71,14376148,65117000000.0,67352253380.0,65117000000.0,ACTUAL,2,4720.0,0.7415254237288136,1.1472541799538398,1.1283101288886408,75,33,22,11,9,True,60,2026-09-16 09:07:39.813,4440.0,71.0,372.718974,20260916_069540_E001,2026-09-16 09:07:39.813,4440.0,71.0,372.718974,591.439998626709,22,0.5364806866952789,-0.21299254526091588,False,True,20260916_069540_SHADOW_SCORE_70_74_E001_090807407222,2026-09-16 09:08:07.362,4440.0,71.0,84.666991,0.6756756756756799,0.5364806866952789,28.738388538360596,0.5364806866952789,28.738388538360596,-0.21299254526091588,56.96240234375,0.4287245444801715,111.69775938987732,1.187904967602592,171.56803131103516,4.809843400447427,287.47544169425964,-0.5296610169491527,28.738388538360596,0.21186440677966112,56.96240234375,-0.423728813559322,111.69775938987732,-0.5377922734993315,171.56803131103516,-0.5829778875294647,287.47544169425964
2026-09-16 09:14:48,v2.1.2,MAIN,MAIN,MAIN,2026-09-16 09:14:48.841,True,KOSDAQ,010170,대한광통신,15000.0,6.22,3736838,54932000000.0,56052570000.0,54932000000.0,ACTUAL,4,15110.0,0.727994705493051,1.327533289833007,1.3242802081517109,90,33,22,20,15,True,60,2026-09-16 09:12:56.661,14850.0,60.0,112.180294,20260916_010170_E001,2026-09-16 09:12:56.661,14850.0,60.0,112.180294,596.7071981430054,22,-0.6622516556291391,-0.13315579227696406,False,False,,,,,,,-0.6622516556291391,27.584180116653442,-0.6622516556291391,27.584180116653442,-0.13315579227696406,56.62760663032532,1.078167115902965,113.59000897407532,2.459016393442623,168.32536602020264,2.0408163265306123,285.7269697189331,0.727994705493051,27.584180116653442,0.5950159820887957,56.62760663032532,,,,,,
2026-09-16 09:15:21,v2.1.2,MAIN,MAIN,MAIN,2026-09-16 09:15:21.917,True,KOSDAQ,010170,대한광통신,15080.0,6.08,3906852,57022000000.0,58915328160.0,57022000000.0,ACTUAL,4,15110.0,0.1985440105890139,1.1010871454225963,1.1046705839141768,78,33,25,11,9,True,60,2026-09-16 09:12:56.661,14850.0,60.0,145.256057,20260916_010170_E001,2026-09-16 09:12:56.661,14850.0,60.0,145.256057,577.2734134197235,21,0.5333333333333333,-0.13245033112582782,False,False,,,,,,,0.5333333333333333,32.998164653778076,0.5333333333333333,32.998164653778076,-0.13245033112582782,60.58234477043152,1.5488215488215489,118.36415982246399,2.8649386084583903,174.0442409515381,2.3066485753052914,289.63412976264954,-0.5294506949040372,32.998164653778076,0.1985440105890139,60.58234477043152,-0.40386562796520303,118.36415982246399,,,,
2026-09-16 09:15:21,v2.1.2,MAIN,MAIN,MAIN,2026-09-16 09:15:21.908,True,KOSDAQ,069540,빛과전자,4675.0,12.62,16320378,74119000000.0,76297767150.0,74119000000.0,ACTUAL,2,4730.0,1.1627906976744187,1.109815078236131,1.1083980738497936,76,37,19,11,9,True,60,2026-09-16 09:07:39.813,4440.0,71.0,462.095057,20260916_069540_E001,2026-09-16 09:07:39.813,4440.0,71.0,462.095057,577.2734134197235,21,0.8629989212513484,0.10706638115631692,False,True,20260916_069540_SHADOW_SCORE_70_74_E001_090807407222,2026-09-16 09:08:07.362,4440.0,71.0,84.666991,0.6756756756756799,0.8629989212513484,32.998164653778076,0.8629989212513484,32.998164653778076,0.10706638115631692,60.58234477043152,0.3218884120171674,118.36415982246399,1.520086862106406,174.0442409515381,0.21436227224008575,289.63412976264954,-0.8456659619450313,32.998164653778076,0.10346866377611375,60.58234477043152,-0.1083957430035476,118.36415982246399,-1.273649980291683,174.0442409515381,0.6297416571626916,289.63412976264954
2026-09-16 09:15:52,v2.1.2,MAIN,MAIN,MAIN,2026-09-16 09:15:52.410,True,KOSPI,005930,삼성전자,248500.0,0.2,1007852,168046000000.0,250451222000.0,168046000000.0,ACTUAL,2,249500.0,0.4008016032064128,1.0,1.0514635538218697,79,40,25,5,9,True,60,2026-09-16 09:00:00.776,248000.0,74.0,951.634335,20260916_005930_E001,2026-09-16 09:00:00.776,248000.0,74.0,951.634335,581.3772888183594,21,-0.2008032128514056,-0.10050251256281408,False,True,20260916_005930_SHADOW_SCORE_70_74_E001_090046172818,2026-09-16 09:00:46.142,248000.0,74.0,45.882345,0.20161290322580072,-0.2008032128514056,29.70666193962097,-0.2008032128514056,29.70666193962097,-0.10050251256281408,62.70482659339905,0.0,119.33243322372437,-0.2008032128514056,176.29483556747437,0.20161290322580644,290.9004645347595,0.2004008016032064,29.70666193962097,0.10020040080160314,62.70482659339905,0.0,119.33243322372437,0.2004008016032064,176.29483556747437,-0.2004008016032065,290.9004645347595
2026-09-16 09:15:52,v2.1.2,MAIN,MAIN,MAIN,2026-09-16 09:15:52.395,True,KOSDAQ,069540,빛과전자,4685.0,14.32,17423168,79367000000.0,81627542080.0,79367000000.0,ACTUAL,2,4750.0,1.368421052631579,1.1108047585724283,1.1075202141307996,76,37,19,11,9,True,60,2026-09-16 09:07:39.813,4440.0,71.0,492.581473,20260916_069540_E001,2026-09-16 09:07:39.813,4440.0,71.0,492.581473,581.3772888183594,21,0.21390374331550802,1.0787486515641855,False,True,20260916_069540_SHADOW_SCORE_70_74_E001_090807407222,2026-09-16 09:08:07.362,4440.0,71.0,84.666991,0.6756756756756799,0.21390374331550802,29.70666193962097,0.21390374331550802,29.70666193962097,1.0787486515641855,62.70482659339905,0.0,119.33243322372437,-0.21299254526091588,176.29483556747437,1.187904967602592,290.9004645347595,0.2056303549571603,29.70666193962097,-0.640035606987871,62.70482659339905,0.6268956289027654,119.33243322372437,0.8387600356824265,176.29483556747437,0.08910335540343395,290.9004645347595
2026-09-16 09:15:52,v2.1.2,MAIN,MAIN,MAIN,2026-09-16 09:15:52.407,True,KOSDAQ,010170,대한광통신,15000.0,6.44,4014474,59038000000.0,60217110000.0,59038000000.0,ACTUAL,4,15110.0,0.727994705493051,1.0747469598776669,1.0742970393685785,75,33,22,11,9,True,60,2026-09-16 09:12:56.661,14850.0,60.0,175.745886,20260916_010170_E001,2026-09-16 09:12:56.661,14850.0,60.0,175.745886,581.3772888183594,21,-0.5305039787798408,0.0,False,False,,,,,,,-0.5305039787798408,29.70666193962097,-0.5305039787798408,29.70666193962097,0.0,62.70482659339905,-0.13315579227696406,119.33243322372437,1.078167115902965,176.29483556747437,1.9714479945615229,290.9004645347595,0.5294506949040372,29.70666193962097,0.0,62.70482659339905,0.5950159820887957,119.33243322372437,,,,
2026-09-16 09:16:21,v2.1.2,MAIN,MAIN,MAIN,2026-09-16 09:16:21.644,True,KOSPI,005930,삼성전자,248750.0,0.2,1011826,168046000000.0,251691717500.0,168046000000.0,ACTUAL,2,249500.0,0.30060120240480964,1.0,1.0556095158905943,79,40,25,5,9,True,60,2026-09-16 09:00:00.776,248000.0,74.0,980.86842,20260916_005930_E001,2026-09-16 09:00:00.776,248000.0,74.0,980.86842,584.4953117370605,21,0.1006036217303823,-0.1004016064257028,False,True,20260916_005930_SHADOW_SCORE_70_74_E001_090046172818,2026-09-16 09:00:46.142,248000.0,74.0,45.882345,0.20161290322580072,0.1006036217303823,28.754411220550537,0.1006036217303823,28.754411220550537,-0.1004016064257028,58.46107316017151,0.0,119.04341793060303,-0.1004016064257028,176.8252329826355,0.3024193548387097,290.183477640152,-0.10020040080160314,28.754411220550537,0.10020040080160325,58.46107316017151,0.0,119.04341793060303,0.10020040080160325,176.8252329826355,-0.30060120240480964,290.183477640152
2026-09-16 09:16:21,v2.1.2,MAIN,MAIN,MAIN,2026-09-16 09:16:21.634,True,KOSDAQ,069540,빛과전자,4670.0,13.11,17874997,81488000000.0,83476235990.0,81488000000.0,ACTUAL,1,4750.0,1.6842105263157894,1.1404898530440868,1.1362411534473753,76,37,19,11,9,False,60,2026-09-16 09:07:39.813,4440.0,71.0,521.820893,20260916_069540_E001,2026-09-16 09:07:39.813,4440.0,71.0,521.820893,584.4953117370605,21,-0.32017075773745995,-0.10695187165775401,False,True,20260916_069540_SHADOW_SCORE_70_74_E001_090807407222,2026-09-16 09:08:07.362,4440.0,71.0,84.666991,0.6756756756756799,-0.32017075773745995,28.754411220550537,-0.32017075773745995,28.754411220550537,-0.10695187165775401,58.46107316017151,0.0,119.04341793060303,0.2145922746781116,176.8252329826355,-0.10695187165775401,290.183477640152,0.3157894736842104,28.754411220550537,0.5214198286413707,58.46107316017151,0.6248884924174845,119.04341793060303,0.4130240856378231,176.8252329826355,1.364381102008753,290.183477640152
2026-09-16 09:16:41,v2.1.2,MAIN,MAIN,MAIN,2026-09-16 09:16:41.936,True,KOSPI,000660,SK하이닉스,1712000.0,0.12,261548,232382000000.0,447770176000.0,232382000000.0,ACTUAL,1,1713000.0,0.05837711617046118,1.0,1.0580377911092593,79,40,25,5,9,True,60,2026-09-16 09:00:00.776,1691000.0,74.0,1001.160178,20260916_000660_E001,2026-09-16 09:00:00.776,1691000.0,74.0,1001.160178,586.9210059642792,21,0.2635431918008785,0.32229709932610606,False,True,20260916_000660_SHADOW_SCORE_70_74_E001_090019871716,2026-09-16 09:00:19.850,1691000.0,74.0,72.173651,0.17740981667653255,0.2635431918008785,29.215356826782227,0.2635431918008785,29.215356826782227,0.32229709932610606,57.969768047332764,0.29291154071470415,120.67459464073181,0.3516998827667058,177.30220127105713,0.5875440658049353,288.99996066093445,-0.08782171423889554,29.215356826782227,-0.14630124640263825,57.969768047332764,-0.11706148032076688,120.67459464073181,-0.1755410124845096,177.30220127105713,-0.40945914113948034,288.99996066093445
2026-09-16 09:16:41,v2.1.2,MAIN,MAIN,MAIN,2026-09-16 09:16:41.939,True,KOSPI,005930,삼성전자,249000.0,0.2,1045214,168046000000.0,260258286000.0,168046000000.0,ACTUAL,2,249500.0,0.2004008016032064,1.0,1.0531738882473736,79,40,25,5,9,True,60,2026-09-16 09:00:00.776,248000.0,74.0,1001.163686,20260916_005930_E001,2026-09-16 09:00:00.776,248000.0,74.0,1001.163686,586.9210059642792,21,0.10050251256281408,0.2012072434607646,False,True,20260916_005930_SHADOW_SCORE_70_74_E001_090046172818,2026-09-16 09:00:46.142,248000.0,74.0,45.882345,0.20161290322580072,0.10050251256281408,29.215356826782227,0.10050251256281408,29.215356826782227,0.2012072434607646,57.969768047332764,0.10050251256281408,120.67459464073181,0.2012072434607646,177.30220127105713,0.2012072434607646,288.99996066093445,-0.10020040080160325,29.215356826782227,-0.2004008016032064,57.969768047332764,-0.10020040080160325,120.67459464073181,-0.2004008016032064,177.30220127105713,-0.2004008016032064,288.99996066093445
2026-09-16 09:16:41,v2.1.2,MAIN,MAIN,MAIN,2026-09-16 09:16:41.929,True,KOSDAQ,069540,빛과전자,4660.0,12.99,18100674,82530000000.0,84349140840.0,82530000000.0,ACTUAL,1,4750.0,1.8947368421052633,1.1134796745773687,1.1090842381224257,76,37,19,11,9,False,60,2026-09-16 09:07:39.813,4440.0,71.0,542.11593,20260916_069540_E001,2026-09-16 09:07:39.813,4440.0,71.0,542.11593,586.9210059642792,21,-0.21413276231263384,-0.5336179295624333,False,True,20260916_069540_SHADOW_SCORE_70_74_E001_090807407222,2026-09-16 09:08:07.362,4440.0,71.0,84.666991,0.6756756756756799,-0.21413276231263384,29.215356826782227,-0.21413276231263384,29.215356826782227,-0.5336179295624333,57.969768047332764,0.5393743257820928,120.67459464073181,-0.5336179295624333,177.30220127105713,-0.10718113612004287,288.99996066093445,0.2105263157894739,29.215356826782227,0.5263157894736843,57.969768047332764,-0.1137198175141867,120.67459464073181,1.1532114183764497,177.30220127105713,0.7294826048171277,288.99996066093445
2026-09-16 09:16:41,v2.1.2,MAIN,MAIN,MAIN,2026-09-16 09:16:41.936,True,KOSDAQ,010170,대한광통신,14980.0,5.94,4195736,61840000000.0,62852125280.0,61840000000.0,ACTUAL,3,15110.0,0.8603573792190603,1.0844937041843499,1.0739429085104837,75,33,22,11,9,True,60,2026-09-16 09:12:56.661,14850.0,60.0,225.274771,20260916_010170_E001,2026-09-16 09:12:56.661,14850.0,60.0,225.274771,586.9210059642792,21,0.40214477211796246,-0.13333333333333333,False,False,,,,,,,0.40214477211796246,29.215356826782227,0.40214477211796246,29.215356826782227,-0.13333333333333333,57.969768047332764,-0.13333333333333333,120.67459464073181,-0.2663115845539281,177.30220127105713,2.3224043715846996,288.99996066093445,-0.3970880211780278,29.215356826782227,0.1323626737260093,57.969768047332764,0.1323626737260093,120.67459464073181,0.727378655814805,177.30220127105713,,
2026-09-16 09:17:02,v2.1.2,MAIN,MAIN,MAIN,2026-09-16 09:17:02.281,True,KOSPI,000660,SK하이닉스,1713500.0,0.12,270837,232382000000.0,464079199500.0,232382000000.0,ACTUAL,1,1715000.0,0.08746355685131195,1.0,1.0795738099603784,79,40,25,5,9,True,60,2026-09-16 09:00:00.776,1691000.0,74.0,1021.505436,20260916_000660_E001,2026-09-16 09:00:00.776,1691000.0,74.0,1021.505436,571.2036740779877,21,0.08761682242990654,0.3513909224011713,False,True,20260916_000660_SHADOW_SCORE_70_74_E001_090019871716,2026-09-16 09:00:19.850,1691000.0,74.0,72.173651,0.17740981667653255,0.08761682242990654,20.279551029205322,0.08761682242990654,20.279551029205322,0.3513909224011713,49.49490785598755,0.3807850029291154,107.95598101615906,0.4396248534583822,168.53832578659058,0.6756756756756757,309.27951169013977,0.02908644068085077,20.279551029205322,-0.05873527355804477,49.49490785598755,-0.08797503963991611,107.95598101615906,-0.14645457180365884,168.53832578659058,-0.3803727004586296,309.27951169013977
2026-09-16 09:17:02,v2.1.2,MAIN,MAIN,MAIN,2026-09-16 09:17:02.268,True,KOSDAQ,069540,빛과전자,4670.0,12.62,18476613,83554000000.0,86285782710.0,83554000000.0,ACTUAL,1,4750.0,1.6842105263157894,1.0527549233308553,1.0604623108725117,76,37,19,11,9,False,60,2026-09-16 09:07:39.813,4440.0,71.0,562.45476,20260916_069540_E001,2026-09-16 09:07:39.813,4440.0,71.0,562.45476,571.2036740779877,21,0.2145922746781116,0.0,False,True,20260916_069540_SHADOW_SCORE_70_74_E001_090807407222,2026-09-16 09:08:07.362,4440.0,71.0,84.666991,0.6756756756756799,0.2145922746781116,20.279551029205322,0.2145922746781116,20.279551029205322,0.0,49.49490785598755,-0.10695187165775401,107.95598101615906,0.0,168.53832578659058,0.10718113612004287,309.27951169013977,-0.2105263157894739,20.279551029205322,0.0,49.49490785598755,0.5214198286413707,107.95598101615906,0.6248884924174845,168.53832578659058,0.5189562890276538,309.27951169013977
2026-09-16 09:17:02,v2.1.2,MAIN,MAIN,MAIN,2026-09-16 09:17:02.279,True,KOSDAQ,010170,대한광통신,14980.0,5.87,4233840,62617000000.0,63422923200.0,62617000000.0,ACTUAL,3,15110.0,0.8603573792190603,1.0606219722890342,1.054643771512781,75,33,22,11,9,True,60,2026-09-16 09:12:56.661,14850.0,60.0,245.617936,20260916_010170_E001,2026-09-16 09:12:56.661,14850.0,60.0,245.617936,571.2036740779877,21,0.0,0.40214477211796246,False,False,,,,,,,0.0,20.279551029205322,0.0,20.279551029205322,0.40214477211796246,49.49490785598755,-0.6631299734748011,107.95598101615906,-0.7947019867549668,168.53832578659058,2.3224043715846996,309.27951169013977,0.0,20.279551029205322,-0.3970880211780278,49.49490785598755,0.6618133686300465,107.95598101615906,0.8603573792190603,168.53832578659058,,
2026-09-16 09:17:25,v2.1.2,MAIN,MAIN,MAIN,2026-09-16 09:17:25.912,True,KOSPI,000660,SK하이닉스,1713000.0,0.12,274581,232382000000.0,470357253000.0,232382000000.0,ACTUAL,1,1715000.0,0.11661807580174927,1.0,1.08806571642554,79,40,25,5,9,True,60,2026-09-16 09:00:00.776,1691000.0,74.0,1045.136224,20260916_000660_E001,2026-09-16 09:00:00.776,1691000.0,74.0,1045.136224,592.2144486904144,22,-0.02918004085205719,0.32210834553440704,False,True,20260916_000660_SHADOW_SCORE_70_74_E001_090019871716,2026-09-16 09:00:19.850,1691000.0,74.0,72.173651,0.17740981667653255,-0.02918004085205719,21.010774612426758,-0.02918004085205719,21.010774612426758,0.32210834553440704,70.5056824684143,0.35149384885764495,128.96675562858582,0.4103165298944901,189.54910039901733,0.46920821114369504,303.0109965801239,0.029154518950437316,21.010774612426758,-0.02958075460760745,70.5056824684143,-0.058820520689478795,128.96675562858582,-0.11730005285322151,189.54910039901733,-0.17577958501696417,303.0109965801239
2026-09-16 09:17:46,v2.1.2,MAIN,MAIN,MAIN,2026-09-16 09:17:46.501,True,KOSPI,000660,SK하이닉스,1714000.0,0.12,277582,232382000000.0,475775548000.0,232382000000.0,ACTUAL,1,1715000.0,0.05830903790087463,1.0,1.0613042347867314,79,40,25,5,9,True,60,2026-09-16 09:00:00.776,1691000.0,74.0,1065.725699,20260916_000660_E001,2026-09-16 09:00:00.776,1691000.0,74.0,1065.725699,587.9629471302032,22,0.05837711617046118,0.11682242990654204,False,True,20260916_000660_SHADOW_SCORE_70_74_E001_090019871716,2026-09-16 09:00:19.850,1691000.0,74.0,72.173651,0.17740981667653255,0.05837711617046118,23.78422522544861,0.05837711617046118,23.78422522544861,0.11682242990654204,65.07455086708069,0.43949604453559915,123.04431891441345,0.4100761570005858,185.7491455078125,0.4689331770222743,299.3391544818878,-0.05830903790087463,23.78422522544861,-6.807826958654672e-05,65.07455086708069,-0.1463693246722248,123.04431891441345,-0.11712955859035343,185.7491455078125,-0.17560909075409614,299.3391544818878
2026-09-16 09:18:32,v2.1.2,MAIN,MAIN,MAIN,2026-09-16 09:18:32.098,True,KOSDAQ,069540,빛과전자,4745.0,15.29,20100493,91577000000.0,95376839285.0,91577000000.0,ACTUAL,1,4765.0,0.4197271773347324,1.0788996229971726,1.0793061702796225,82,37,25,11,9,True,60,2026-09-16 09:07:39.813,4440.0,71.0,652.284729,20260916_069540_E001,2026-09-16 09:07:39.813,4440.0,71.0,652.284729,575.9770605564117,22,0.5296610169491525,1.714898177920686,False,True,20260916_069540_SHADOW_SCORE_70_74_E001_090807407222,2026-09-16 09:08:07.362,4440.0,71.0,84.666991,0.6756756756756799,0.5296610169491525,23.830125331878662,0.5296610169491525,23.830125331878662,1.714898177920686,69.90909194946289,1.8240343347639485,111.19941759109497,1.2806830309498398,169.16918563842773,1.2806830309498398,288.5016188621521,-0.2118517700336886,23.830125331878662,-1.3697465068757937,69.90909194946289,-1.4750096647705309,111.19941759109497,-0.9486938752968466,169.16918563842773,-0.32179824639408117,288.5016188621521
2026-09-16 09:18:55,v2.1.2,MAIN,MAIN,MAIN,2026-09-16 09:18:55.305,True,KOSDAQ,069540,빛과전자,4775.0,16.14,20742457,94686000000.0,99045232175.0,94686000000.0,ACTUAL,1,4800.0,0.5208333333333333,1.0991340282775752,1.0985759819994703,79,37,22,11,9,True,60,2026-09-16 09:07:39.813,4440.0,71.0,675.491793,20260916_069540_E001,2026-09-16 09:07:39.813,4440.0,71.0,675.491793,598.0451972484589,23,0.6322444678609063,2.13903743315508,False,True,20260916_069540_SHADOW_SCORE_70_74_E001_090807407222,2026-09-16 09:08:07.362,4440.0,71.0,84.666991,0.6756756756756799,0.6322444678609063,22.06813669204712,0.6322444678609063,22.06813669204712,2.13903743315508,68.1930034160614,2.2483940042826553,112.98800325393677,1.92102454642476,191.23732233047485,1.92102454642476,310.5697555541992,0.10110615599860084,22.06813669204712,-1.0581140350877194,68.1930034160614,-1.1633771929824561,112.98800325393677,-0.8475877192982457,191.23732233047485,-0.22069209039548032,310.5697555541992
2026-09-16 09:19:19,v2.1.2,MAIN,MAIN,MAIN,2026-09-16 09:19:19.647,True,KOSDAQ,069540,빛과전자,4760.0,16.31,21308239,96604000000.0,101427217640.0,96604000000.0,ACTUAL,1,4800.0,0.8333333333333334,1.0962156028368795,1.1033109000799255,79,37,22,11,9,True,60,2026-09-16 09:07:39.813,4440.0,71.0,699.834194,20260916_069540_E001,2026-09-16 09:07:39.813,4440.0,71.0,699.834194,593.398937702179,23,-0.31413612565445026,0.847457627118644,False,True,20260916_069540_SHADOW_SCORE_70_74_E001_090807407222,2026-09-16 09:08:07.362,4440.0,71.0,84.666991,0.6756756756756799,-0.31413612565445026,23.349231481552124,-0.31413612565445026,23.349231481552124,0.847457627118644,69.2474935054779,2.0364415862808145,115.32646012306213,1.9271948608137044,185.83214259147644,1.9271948608137044,304.87556052207947,0.3125000000000001,23.349231481552124,0.20175438596491235,69.2474935054779,-0.9561403508771927,115.32646012306213,-0.850877192982456,185.83214259147644,-0.22598870056497156,304.87556052207947
2026-09-16 09:19:19,v2.1.2,MAIN,MAIN,MAIN,2026-09-16 09:19:19.666,True,KOSPI,000660,SK하이닉스,1715000.0,0.12,298950,232382000000.0,512699250000.0,232382000000.0,ACTUAL,1,1717000.0,0.11648223645894001,1.0,1.0579304975582136,79,40,25,5,9,True,60,2026-09-16 09:00:00.776,1691000.0,74.0,1158.890721,20260916_000660_E001,2026-09-16 09:00:00.776,1691000.0,74.0,1158.890721,593.398937702179,23,0.08754012255617158,0.17523364485981308,False,True,20260916_000660_SHADOW_SCORE_70_74_E001_090019871716,2026-09-16 09:00:19.850,1691000.0,74.0,72.173651,0.17740981667653255,0.08754012255617158,23.349231481552124,0.08754012255617158,23.349231481552124,0.17523364485981308,69.2474935054779,0.11675423234092236,115.32646012306213,0.43923865300146414,185.83214259147644,0.5275498241500586,304.87556052207947,0.029018679607628065,23.349231481552124,-0.058444877243683885,69.2474935054779,-0.00013583934280925192,115.32646012306213,-0.029716593950416703,185.83214259147644,-0.11743589219603076,304.87556052207947
2026-09-16 09:19:38,v2.1.2,MAIN,MAIN,MAIN,2026-09-16 09:19:38.580,True,KOSPI,000660,SK하이닉스,1710500.0,0.12,304137,232382000000.0,520226338500.0,232382000000.0,ACTUAL,1,1717000.0,0.37856726849155503,1.0,1.0665822669392708,79,40,25,5,9,True,60,2026-09-16 09:00:00.776,1691000.0,74.0,1177.80464,20260916_000660_E001,2026-09-16 09:00:00.776,1691000.0,74.0,1177.80464,586.65966629982,23,-0.2623906705539359,-0.14594279042615294,False,True,20260916_000660_SHADOW_SCORE_70_74_E001_090019871716,2026-09-16 09:00:19.850,1691000.0,74.0,72.173651,0.17740981667653255,-0.2623906705539359,23.641316175460815,-0.2623906705539359,23.641316175460815,-0.14594279042615294,69.05868434906006,-0.20420070011668612,115.18355107307434,-0.08761682242990654,180.25810194015503,0.2050380785002929,300.93269658088684,0.262085032032615,23.641316175460815,0.26194919268980577,69.05868434906006,0.32025823059068037,115.18355107307434,0.3201901523210938,180.25810194015503,0.20312867200032697,300.93269658088684
2026-09-16 09:19:38,v2.1.2,MAIN,MAIN,MAIN,2026-09-16 09:19:38.570,True,KOSDAQ,069540,빛과전자,4740.0,15.17,21663934,99362000000.0,102687047160.0,99362000000.0,ACTUAL,1,4800.0,1.25,1.0850104283826725,1.0777812265599656,76,37,19,11,9,True,60,2026-09-16 09:07:39.813,4440.0,71.0,718.75681,20260916_069540_E001,2026-09-16 09:07:39.813,4440.0,71.0,718.75681,586.65966629982,23,-0.42016806722689076,-0.10537407797681769,False,True,20260916_069540_SHADOW_SCORE_70_74_E001_090807407222,2026-09-16 09:08:07.362,4440.0,71.0,84.666991,0.6756756756756799,-0.42016806722689076,23.641316175460815,-0.42016806722689076,23.641316175460815,-0.10537407797681769,69.05868434906006,1.3903743315508021,115.18355107307434,1.7167381974248928,180.25810194015503,2.26537216828479,300.93269658088684,0.41666666666666663,23.641316175460815,0.8302728226652676,69.05868434906006,-0.32894736842105265,115.18355107307434,-0.6447368421052633,180.25810194015503,-0.75845665961945,300.93269658088684
2026-09-16 09:20:00,v2.1.2,MAIN,MAIN,MAIN,2026-09-16 09:20:00.769,True,KOSPI,000660,SK하이닉스,1712000.0,0.12,306296,232382000000.0,524378752000.0,232382000000.0,ACTUAL,1,1717000.0,0.29120559114735,1.0,1.0634170051730722,79,40,25,5,9,True,60,2026-09-16 09:00:00.776,1691000.0,74.0,1199.993905,20260916_000660_E001,2026-09-16 09:00:00.776,1691000.0,74.0,1199.993905,576.7126560211182,23,0.08769365682548962,-0.08754012255617158,False,True,20260916_000660_SHADOW_SCORE_70_74_E001_090019871716,2026-09-16 09:00:19.850,1691000.0,74.0,72.173651,0.17740981667653255,0.08769365682548962,19.143994331359863,0.08769365682548962,19.143994331359863,-0.08754012255617158,66.1345419883728,0.0,112.03280401229858,-0.08754012255617158,179.12254524230957,0.29291154071470415,287.0785262584686,-0.08736167734420502,19.143994331359863,0.20374203429603804,66.1345419883728,0.11627847744472611,112.03280401229858,0.20374203429603804,179.12254524230957,0.11576699465612195,287.0785262584686
2026-09-16 09:21:05,v2.1.2,MAIN,MAIN,MAIN,2026-09-16 09:21:05.153,True,KOSPI,000660,SK하이닉스,1718000.0,0.12,323501,232382000000.0,555774718000.0,232382000000.0,ACTUAL,1,1719000.0,0.058173356602675974,1.0,1.0561711547000288,79,40,25,5,9,True,60,2026-09-16 09:00:00.776,1691000.0,74.0,1264.377299,20260916_000660_E001,2026-09-16 09:00:00.776,1691000.0,74.0,1264.377299,582.5457336902618,24,0.11655011655011654,0.35046728971962615,False,True,20260916_000660_SHADOW_SCORE_70_74_E001_090019871716,2026-09-16 09:00:19.850,1691000.0,74.0,72.173651,0.17740981667653255,0.11655011655011654,20.390838623046875,0.11655011655011654,20.390838623046875,0.35046728971962615,63.744802951812744,0.2626203676685147,129.87934494018555,0.35046728971962615,175.77760696411133,0.6149341142020498,292.36225605010986,-6.776162679403286e-05,20.390838623046875,-0.23303223454467403,63.744802951812744,-0.029290200248635975,129.87934494018555,-0.11675375709994792,175.77760696411133,-0.08802547380668074,292.36225605010986
2026-09-16 09:21:26,v2.1.2,MAIN,MAIN,MAIN,2026-09-16 09:21:26.963,True,KOSPI,000660,SK하이닉스,1717000.0,0.12,326859,232382000000.0,561216903000.0,232382000000.0,ACTUAL,1,1719000.0,0.11634671320535195,1.0,1.061168503139427,79,40,25,5,9,True,60,2026-09-16 09:00:00.776,1691000.0,74.0,1286.187142,20260916_000660_E001,2026-09-16 09:00:00.776,1691000.0,74.0,1286.187142,573.9528162479401,24,-0.05820721769499418,0.1750291715285881,False,True,20260916_000660_SHADOW_SCORE_70_74_E001_090019871716,2026-09-16 09:00:19.850,1691000.0,74.0,72.173651,0.17740981667653255,-0.05820721769499418,21.80595636367798,-0.05820721769499418,21.80595636367798,0.1750291715285881,64.43357968330383,0.11661807580174927,128.3360698223114,0.23350846468184472,173.75343799591064,0.5563689604685212,314.16821241378784,0.058173356602675974,21.80595636367798,-0.05837664148305807,64.43357968330383,-0.00013552325358806572,128.3360698223114,-0.00027136259639731763,173.75343799591064,-0.02985211720400477,314.16821241378784
2026-09-16 09:22:11,v2.1.2,MAIN,MAIN,MAIN,2026-09-16 09:22:11.209,True,KOSPI,000660,SK하이닉스,1719000.0,0.12,342049,232382000000.0,587982231000.0,232382000000.0,ACTUAL,1,1720000.0,0.05813953488372093,1.0,1.0573352168926835,79,40,25,5,9,True,60,2026-09-16 09:00:00.776,1691000.0,74.0,1330.433757,20260916_000660_E001,2026-09-16 09:00:00.776,1691000.0,74.0,1330.433757,591.2438933849335,25,0.02909514111143439,0.05820721769499418,False,True,20260916_000660_SHADOW_SCORE_70_74_E001_090019871716,2026-09-16 09:00:19.850,1691000.0,74.0,72.173651,0.17740981667653255,0.02909514111143439,21.930685997009277,0.02909514111143439,21.930685997009277,0.05820721769499418,66.37632322311401,0.40887850467289716,130.12112617492676,0.23323615160349853,172.90643668174744,0.32098044937262915,309.2436714172363,0.029052856582382942,21.930685997009277,-3.3821718955044655e-05,66.37632322311401,-0.23306605626362908,130.12112617492676,-0.058342701575219084,172.90643668174744,-0.02932402196759102,309.2436714172363
2026-09-16 09:22:32,v2.1.2,MAIN,MAIN,MAIN,2026-09-16 09:22:32.078,True,KOSPI,000660,SK하이닉스,1718000.0,0.12,344028,232382000000.0,591040104000.0,232382000000.0,ACTUAL,1,1720000.0,0.11627906976744186,1.0,1.0525272365148275,79,40,25,5,9,True,60,2026-09-16 09:00:00.776,1691000.0,74.0,1351.302883,20260916_000660_E001,2026-09-16 09:00:00.776,1691000.0,74.0,1351.302883,585.4055886268616,25,-0.058173356602675974,0.05824111822947001,False,True,20260916_000660_SHADOW_SCORE_70_74_E001_090019871716,2026-09-16 09:00:19.850,1691000.0,74.0,72.173651,0.17740981667653255,-0.058173356602675974,21.617762565612793,-0.058173356602675974,21.617762565612793,0.05824111822947001,66.18812942504883,0.2333722287047841,130.62170910835266,0.43846828412744815,170.8828830718994,0.29188558085230587,309.85065937042236,0.05813953488372093,21.617762565612793,-6.764343791008931e-05,66.18812942504883,-0.05844428492096816,130.62170910835266,-0.2622881987241132,170.8828830718994,-0.00033900603430740694,309.85065937042236
2026-09-16 09:22:54,v2.1.2,MAIN,MAIN,MAIN,2026-09-16 09:22:54.497,True,KOSPI,000660,SK하이닉스,1718000.0,0.12,347075,232382000000.0,596274850000.0,232382000000.0,ACTUAL,1,1720000.0,0.11627906976744186,1.0,1.051458848977094,79,40,25,5,9,True,60,2026-09-16 09:00:00.776,1691000.0,74.0,1373.721462,20260916_000660_E001,2026-09-16 09:00:00.776,1691000.0,74.0,1373.721462,578.5722568035126,25,0.0,-0.02909514111143439,False,True,20260916_000660_SHADOW_SCORE_70_74_E001_090019871716,2026-09-16 09:00:19.850,1691000.0,74.0,72.173651,0.17740981667653255,0.0,21.390681982040405,0.0,21.390681982040405,-0.02909514111143439,64.93913054466248,0.11655011655011654,129.7756063938141,0.35046728971962615,173.12957072257996,0.2333722287047841,307.45711612701416,0.0,21.390681982040405,0.08719239146610387,64.93913054466248,0.05803795153797185,129.7756063938141,-0.17492652137990816,173.12957072257996,0.057970031866567226,307.45711612701416
2026-09-16 09:24:40,v2.1.2,MAIN,MAIN,MAIN,2026-09-16 09:24:40.398,True,KOSDAQ,010170,대한광통신,14990.0,5.8,5136138,76007000000.0,76990708620.0,76007000000.0,ACTUAL,3,15110.0,0.7941760423560555,1.0502701432933992,1.0507051871242157,79,37,22,11,9,True,60,2026-09-16 09:12:56.661,14850.0,60.0,703.73678,20260916_010170_E002,2026-09-16 09:23:36.983,14920.0,65.0,63.415238,598.180408000946,27,0.26755852842809363,1.2153950033760972,True,False,,,,,,,0.26755852842809363,21.865647077560425,0.26755852842809363,21.865647077560425,1.2153950033760972,63.73992323875427,1.078894133513149,126.36482834815979,0.6040268456375839,169.91327691078186,0.26755852842809363,297.2477114200592,-0.2647253474520186,21.865647077560425,-0.46326935804103253,43.22486138343811,,,-0.5956320317670418,169.91327691078186,-0.2647253474520186,297.2477114200592
2026-09-16 09:25:02,v2.1.2,MAIN,MAIN,MAIN,2026-09-16 09:25:02.543,True,KOSDAQ,072950,빛샘전자,12430.0,16.64,3494554,40922000000.0,43437306220.0,40922000000.0,ACTUAL,9,12610.0,1.4274385408406027,1.1690329952863876,1.1583595005722926,76,29,19,16,12,True,60,2026-09-16 09:16:42.981,11860.0,66.0,499.561455,20260916_072950_E003,2026-09-16 09:23:58.342,12500.0,74.0,64.20084,587.3325345516205,27,0.0,4.983108108108108,False,True,20260916_072950_SHADOW_SCORE_70_74_E003_092417569416,2026-09-16 09:24:17.518,12500.0,74.0,45.024445,-0.5600000000000049,0.0,22.150291204452515,0.0,22.150291204452515,4.983108108108108,65.37515258789062,6.970740103270224,127.1244375705719,7.712305025996534,170.1328821182251,4.806070826306914,300.25400829315186,0.0,22.150291204452515,-1.523381131290545,65.37515258789062,-3.3266598198151343,127.1244375705719,-3.9823975247331678,170.1328821182251,-1.3594467050610366,300.25400829315186
2026-09-16 09:25:27,v2.1.2,MAIN,MAIN,MAIN,2026-09-16 09:25:27.487,True,KOSDAQ,072950,빛샘전자,12760.0,18.88,3726240,43244000000.0,47546822400.0,43244000000.0,ACTUAL,9,12850.0,0.7003891050583658,1.179885951270088,1.1573050877147213,79,29,22,16,12,True,60,2026-09-16 09:16:42.981,11860.0,66.0,524.505718,20260916_072950_E003,2026-09-16 09:23:58.342,12500.0,74.0,89.145103,582.4862070083618,27,2.6548672566371683,2.08,False,True,20260916_072950_SHADOW_SCORE_70_74_E003_092417569416,2026-09-16 09:24:17.518,12500.0,74.0,45.024445,-0.5600000000000049,2.6548672566371683,24.860334396362305,2.6548672566371683,24.860334396362305,2.08,68.87627267837524,8.31918505942275,110.75054883956909,10.380622837370241,173.3754539489746,9.433962264150944,303.99716305732727,-0.7270494357822369,24.860334396362305,0.3814098387106784,68.87627267837524,-2.7422338457613065,110.75054883956909,-4.545512534285896,173.3754539489746,-3.7258404031383554,303.99716305732727
2026-09-16 09:29:21,v2.1.2,MAIN,MAIN,MAIN,2026-09-16 09:29:21.782,True,KOSDAQ,010170,대한광통신,15190.0,6.65,6207896,91148000000.0,94297940240.0,91148000000.0,ACTUAL,2,15200.0,0.06578947368421052,1.0812080377689735,1.0869061506997513,82,37,25,11,9,True,60,2026-09-16 09:12:56.661,14850.0,60.0,985.120862,20260916_010170_E002,2026-09-16 09:23:36.983,14920.0,65.0,344.79932,579.4745280742645,28,0.6960556844547563,0.9302325581395349,True,False,,,,,,,0.6960556844547563,22.150378465652466,0.6960556844547563,22.150378465652466,0.9302325581395349,63.68483066558838,1.33422281521014,124.50345039367676,1.4696058784235138,190.70072722434998,1.6053511705685617,304.09246373176575,-0.09966386847330107,22.150378465652466,-0.33129854749381726,63.68483066558838,-0.728386568671845,124.50345039367676,-0.8607492423978543,190.70072722434998,-0.9931119161238636,304.09246373176575
2026-09-16 09:29:45,v2.1.2,MAIN,MAIN,MAIN,2026-09-16 09:29:45.761,True,KOSDAQ,010170,대한광통신,15140.0,7.21,6327786,93763000000.0,95802680040.0,93763000000.0,ACTUAL,2,15200.0,0.39473684210526316,1.098493368948873,1.098739913841153,82,37,25,11,9,True,60,2026-09-16 09:12:56.661,14850.0,60.0,1009.099973,20260916_010170_E002,2026-09-16 09:23:36.983,14920.0,65.0,368.778431,584.4238126277924,28,-0.32916392363396973,0.5312084993359893,True,False,,,,,,,-0.32916392363396973,24.093278884887695,-0.32916392363396973,24.093278884887695,0.5312084993359893,66.41250419616699,1.1356045424181698,129.1862392425537,0.9333333333333335,171.87872958183289,1.0006671114076051,306.320095539093,0.32894736842105265,24.093278884887695,0.06383015779023998,66.41250419616699,-0.5318018739768017,129.1862392425537,-0.33325786338778784,171.87872958183289,-0.3994392002507924,306.320095539093
2026-09-16 09:30:10,v2.1.2,MAIN,MAIN,MAIN,2026-09-16 09:30:10.295,True,KOSDAQ,010170,대한광통신,15170.0,7.21,6400770,94954000000.0,97099680900.0,94954000000.0,ACTUAL,2,15200.0,0.19736842105263158,1.1004821287840156,1.0970355153372824,82,37,25,11,9,False,60,2026-09-16 09:12:56.661,14850.0,60.0,1033.634256,20260916_010170_E002,2026-09-16 09:23:36.983,14920.0,65.0,393.312714,586.6239311695099,28,0.19815059445178335,0.563473649320517,True,False,,,,,,,0.19815059445178335,23.31729817390442,0.19815059445178335,23.31729817390442,0.563473649320517,69.56095552444458,0.7973421926910298,111.0954077243805,1.200800533689126,171.91402745246887,1.3360053440213762,307.4871025085449,-0.19736842105263158,23.31729817390442,0.03191507889511999,69.56095552444458,-0.1997196001253962,111.0954077243805,-0.5968076213034239,171.91402745246887,-0.7291702950294332,307.4871025085449
2026-09-16 09:30:40,v2.1.2,MAIN,MAIN,MAIN,2026-09-16 09:30:40.210,True,KOSDAQ,010170,대한광통신,15200.0,7.43,6767722,100557000000.0,102869374400.0,100557000000.0,ACTUAL,2,15250.0,0.32786885245901637,1.103227717558257,1.090179667958355,85,40,25,11,9,False,60,2026-09-16 09:12:56.661,14850.0,60.0,1063.54877,20260916_010170_E002,2026-09-16 09:23:36.983,14920.0,65.0,423.227228,594.4641010761261,28,0.1977587343441002,0.3963011889035667,True,False,,,,,,,0.1977587343441002,30.07695460319519,0.1977587343441002,30.07695460319519,0.3963011889035667,53.39425277709961,0.9296148738379815,119.8067569732666,1.5364061456245823,182.58049201965332,1.5364061456245823,290.91407918930054,0.1305004314063848,30.07695460319519,-0.0668679896462468,53.39425277709961,-0.003037831856006812,119.8067569732666,-0.5986698636230485,182.58049201965332,-0.5986698636230485,290.91407918930054
2026-09-16 09:31:03,v2.1.2,MAIN,MAIN,MAIN,2026-09-16 09:31:03.835,True,KOSDAQ,010170,대한광통신,15060.0,7.43,6930679,101707000000.0,104376025740.0,101707000000.0,ACTUAL,2,15250.0,1.2459016393442623,1.084724251570449,1.095277084275606,79,40,19,11,9,False,60,2026-09-16 09:12:56.661,14850.0,60.0,1087.173715,20260916_010170_E002,2026-09-16 09:23:36.983,14920.0,65.0,446.852173,597.1332271099091,28,-0.9210526315789472,-0.7251153592617008,True,False,,,,,,,-0.9210526315789472,23.059964656829834,-0.9210526315789472,23.059964656829834,-0.7251153592617008,53.136919260025024,-0.16572754391779915,122.6978747844696,0.13297872340425532,185.82771944999695,0.6012024048096193,291.2482235431671,0.918032786885246,23.059964656829834,1.0485332182916307,53.136919260025024,1.0804482971867508,122.6978747844696,0.7826322813032299,185.82771944999695,0.3193629232621975,291.2482235431671
2026-09-16 09:31:25,v2.1.2,MAIN,MAIN,MAIN,2026-09-16 09:31:25.268,True,KOSDAQ,010170,대한광통신,15130.0,6.93,6995150,103863000000.0,105836619500.0,103863000000.0,ACTUAL,2,15250.0,0.7868852459016393,1.0938243781199317,1.0928607026967068,82,40,22,11,9,False,60,2026-09-16 09:12:56.661,14850.0,60.0,1108.606833,20260916_010170_E002,2026-09-16 09:23:36.983,14920.0,65.0,468.285291,597.3553586006165,28,0.46480743691899074,-0.4605263157894736,True,False,,,,,,,0.46480743691899074,22.028087854385376,0.46480743691899074,22.028087854385376,-0.4605263157894736,45.08805251121521,-0.39499670836076367,122.57558417320251,0.53156146179402,186.2604148387909,1.0013351134846462,291.7900722026825,-0.459016393442623,22.028087854385376,0.45901639344262296,45.08805251121521,0.7210957722174288,122.57558417320251,0.38979722472361156,186.2604148387909,-0.07347213331742097,291.7900722026825
2026-09-16 09:31:46,v2.1.2,MAIN,MAIN,MAIN,2026-09-16 09:31:46.310,True,KOSDAQ,010170,대한광통신,15230.0,7.64,7121624,105582000000.0,108462333520.0,105582000000.0,ACTUAL,2,15250.0,0.13114754098360656,1.0499716578656881,1.0522926325874498,79,40,25,5,9,False,60,2026-09-16 09:12:56.661,14850.0,60.0,1129.649042,20260916_010170_E002,2026-09-16 09:23:36.983,14920.0,65.0,489.3275,596.985992193222,28,0.6609385327164574,0.19736842105263158,True,False,,,,,,,0.6609385327164574,22.27031445503235,0.6609385327164574,22.27031445503235,0.19736842105263158,67.35836696624756,0.59445178335535,120.75261974334717,1.1288180610889775,187.16512393951416,1.5333333333333332,292.63134932518005,-0.6557377049180327,22.27031445503235,-0.1967213114754098,67.35836696624756,-0.26358930112165657,120.75261974334717,-0.19975914333141662,187.16512393951416,-0.5968471645094444,292.63134932518005
2026-09-16 09:32:10,v2.1.2,MAIN,MAIN,MAIN,2026-09-16 09:32:10.261,True,KOSDAQ,010170,대한광통신,15190.0,7.57,7207995,107201000000.0,109489444050.0,107201000000.0,ACTUAL,2,15250.0,0.39344262295081966,1.0540179142045287,1.0400128183688784,80,40,25,11,4,False,60,2026-09-16 09:12:56.661,14850.0,60.0,1153.599686,20260916_010170_E002,2026-09-16 09:23:36.983,14920.0,65.0,513.278144,596.8653192520142,28,-0.2626395272488509,0.8632138114209826,True,False,,,,,,,-0.2626395272488509,21.81001305580139,-0.2626395272488509,21.81001305580139,0.8632138114209826,66.10841536521912,0.13183915622940012,119.24533462524414,0.6960556844547563,188.80629014968872,1.33422281521014,291.159362077713,0.2622950819672131,21.81001305580139,-0.8524590163934427,66.10841536521912,0.19607420189818808,119.24533462524414,0.22798928079330807,188.80629014968872,-0.4007334194052359,291.159362077713
2026-09-16 09:32:54,v2.1.2,MAIN,MAIN,MAIN,2026-09-16 09:32:54.637,True,KOSPI,000660,SK하이닉스,1722500.0,0.12,431399,232382000000.0,743084777500.0,232382000000.0,ACTUAL,1,1723000.0,0.02901915264074289,1.0,1.0652537329649137,79,40,25,5,9,False,60,2026-09-16 09:00:00.776,1691000.0,74.0,1973.861351,20260916_000660_E001,2026-09-16 09:00:00.776,1691000.0,74.0,1973.861351,599.4997580051422,28,0.17446932247746438,0.43731778425655976,False,True,20260916_000660_SHADOW_SCORE_70_74_E001_090019871716,2026-09-16 09:00:19.850,1691000.0,74.0,72.173651,0.17740981667653255,0.17446932247746438,22.50749659538269,0.17446932247746438,22.50749659538269,0.43731778425655976,67.45289635658264,0.3787878787878788,111.75129866600037,0.4959159859976663,188.2055160999298,0.6133177570093458,297.5790181159973,-5.0614801117575964e-05,22.50749659538269,-0.2616785217778618,67.45289635658264,-0.20353898689414082,111.75129866600037,-0.3198180566615827,188.2055160999298,-0.43609712642902454,297.5790181159973
2026-09-16 09:33:21,v2.1.2,MAIN,MAIN,MAIN,2026-09-16 09:33:21.027,True,KOSPI,000660,SK하이닉스,1721000.0,0.12,433651,232382000000.0,746313371000.0,232382000000.0,ACTUAL,1,1723000.0,0.11607661056297155,1.0,1.0612184467801338,79,40,25,5,9,False,60,2026-09-16 09:00:00.776,1691000.0,74.0,2000.251697,20260916_000660_E001,2026-09-16 09:00:00.776,1691000.0,74.0,2000.251697,583.8650019168854,27,-0.08708272859216255,0.17462165308498254,False,True,20260916_000660_SHADOW_SCORE_70_74_E001_090019871716,2026-09-16 09:00:19.850,1691000.0,74.0,72.173651,0.17740981667653255,-0.08708272859216255,25.599467039108276,-0.08708272859216255,25.599467039108276,0.17462165308498254,71.24235033988953,0.3206062372486156,115.32267785072327,0.3498542274052478,190.48768496513367,0.46701692936368944,301.58309268951416,0.08705745792222866,25.599467039108276,-0.00020245920447030386,71.24235033988953,-0.14555129641377265,115.32267785072327,-0.1746210638556331,190.48768496513367,-0.290900133623075,301.58309268951416
2026-09-16 09:33:43,v2.1.2,MAIN,MAIN,MAIN,2026-09-16 09:33:43.581,True,KOSPI,000660,SK하이닉스,1722000.0,0.12,438983,232382000000.0,755928726000.0,232382000000.0,ACTUAL,1,1723000.0,0.05803830528148578,1.0,1.0543149329439343,79,40,25,5,9,False,60,2026-09-16 09:00:00.776,1691000.0,74.0,2022.805064,20260916_000660_E001,2026-09-16 09:00:00.776,1691000.0,74.0,2022.805064,585.2961964607239,27,0.058105752469494475,0.14539110206455366,False,True,20260916_000660_SHADOW_SCORE_70_74_E001_090019871716,2026-09-16 09:00:19.850,1691000.0,74.0,72.173651,0.17740981667653255,0.058105752469494475,21.946256399154663,0.058105752469494475,21.946256399154663,0.14539110206455366,70.05322003364563,0.40816326530612246,114.99861979484558,0.23282887077997672,182.35698676109314,0.5841121495327103,302.16374373435974,-0.05803830528148578,21.946256399154663,0.028968537839625313,70.05322003364563,-0.23265936913711888,114.99861979484558,-0.05824076448595608,182.35698676109314,-0.40707797378828164,302.16374373435974
2026-09-16 09:37:47,v2.1.2,MAIN,MAIN,MAIN,2026-09-16 09:37:47.103,True,KOSPI,000660,SK하이닉스,1726500.0,0.12,481195,232382000000.0,830783167500.0,232382000000.0,ACTUAL,1,1729000.0,0.14459224985540775,1.0,1.0507175173811272,79,40,25,5,9,False,60,2026-09-16 09:00:00.776,1691000.0,74.0,2266.327365,20260916_000660_E001,2026-09-16 09:00:00.776,1691000.0,74.0,2266.327365,588.0285153388977,27,0.11597564511452595,0.20313406848520024,False,True,20260916_000660_SHADOW_SCORE_70_74_E001_090019871716,2026-09-16 09:00:19.850,1691000.0,74.0,72.173651,0.17740981667653255,0.11597564511452595,21.32276678085327,0.11597564511452595,21.32276678085327,0.20313406848520024,64.32372975349426,0.4363001745200698,129.41758561134338,0.4363001745200698,173.58061027526855,0.23222060957910012,290.4494972229004,0.11560674260903094,21.32276678085327,0.08658760948417805,64.32372975349426,-0.08756097127053536,129.41758561134338,-0.08756097127053536,173.58061027526855,0.11557309721466485,290.4494972229004
2026-09-16 09:37:47,v2.1.2,MAIN,MAIN,MAIN,2026-09-16 09:37:47.113,True,KOSPI,005930,삼성전자,250500.0,0.2,1714537,168046000000.0,429491518500.0,168046000000.0,ACTUAL,2,251000.0,0.199203187250996,1.0,1.0675968163947451,79,40,25,5,9,False,60,2026-09-16 09:00:00.776,248000.0,74.0,2266.337349,20260916_005930_E001,2026-09-16 09:00:00.776,248000.0,74.0,2266.337349,588.0285153388977,27,0.2,0.3003003003003003,False,True,20260916_005930_SHADOW_SCORE_70_74_E001_090046172818,2026-09-16 09:00:46.142,248000.0,74.0,45.882345,0.20161290322580072,0.2,21.32276678085327,0.2,21.32276678085327,0.3003003003003003,64.32372975349426,0.2,129.41758561134338,0.3003003003003003,173.58061027526855,0.3003003003003003,290.4494972229004,0.199203187250996,21.32276678085327,0.099203187250996,64.32372975349426,0.199203187250996,129.41758561134338,0.099203187250996,173.58061027526855,0.099203187250996,290.4494972229004
2026-09-16 09:38:11,v2.1.2,MAIN,MAIN,MAIN,2026-09-16 09:38:11.113,True,KOSPI,005930,삼성전자,250500.0,0.2,1737896,168046000000.0,435342948000.0,168046000000.0,ACTUAL,2,251000.0,0.199203187250996,1.0,1.0800395748192784,79,40,25,5,9,False,60,2026-09-16 09:00:00.776,248000.0,74.0,2290.33746,20260916_005930_E001,2026-09-16 09:00:00.776,248000.0,74.0,2290.33746,591.3398177623749,27,0.0,0.2,False,True,20260916_005930_SHADOW_SCORE_70_74_E001_090046172818,2026-09-16 09:00:46.142,248000.0,74.0,45.882345,0.20161290322580072,0.0,24.906694889068604,0.0,24.906694889068604,0.2,68.11305570602417,0.3003003003003003,111.20618748664856,0.2,176.86920142173767,0.3003003003003003,289.7567250728607,0.0,24.906694889068604,0.199203187250996,68.11305570602417,0.099203187250996,111.20618748664856,0.199203187250996,176.86920142173767,0.099203187250996,289.7567250728607
2026-09-16 09:38:34,v2.1.2,MAIN,MAIN,MAIN,2026-09-16 09:38:34.042,True,KOSPI,005930,삼성전자,250250.0,0.2,1760623,168046000000.0,440595905750.0,168046000000.0,ACTUAL,2,251000.0,0.29880478087649404,1.0,1.092117946701172,79,40,25,5,9,False,60,2026-09-16 09:00:00.776,248000.0,74.0,2313.266702,20260916_005930_E001,2026-09-16 09:00:00.776,248000.0,74.0,2313.266702,592.0883522033691,27,-0.09980039920159679,0.1,False,True,20260916_005930_SHADOW_SCORE_70_74_E001_090046172818,2026-09-16 09:00:46.142,248000.0,74.0,45.882345,0.20161290322580072,-0.09980039920159679,22.114139795303345,-0.09980039920159679,22.114139795303345,0.1,68.34360146522522,0.20020020020020018,111.34456443786621,0.1,176.43842029571533,0.20020020020020018,289.9246084690094,0.09960159362549803,22.114139795303345,0.29880478087649404,68.34360146522522,0.19880478087649403,111.34456443786621,0.29880478087649404,176.43842029571533,0.19880478087649403,289.9246084690094
2026-09-16 09:39:40,v2.1.2,MAIN,MAIN,MAIN,2026-09-16 09:39:39.929,True,KOSDAQ,043260,성호전자,18740.0,11.48,1364512,24531000000.0,25570954880.0,24531000000.0,ACTUAL,24,18740.0,0.0,1.2076502732240437,1.1528654940126717,77,24,25,16,12,False,60,2026-09-16 09:39:20.214,18740.0,77.0,19.715324,20260916_043260_E001,2026-09-16 09:39:20.214,18740.0,77.0,19.715324,593.6865441799164,27,0.3749330476700589,1.6268980477223427,True,False,,,,,,,0.3749330476700589,21.867997884750366,0.3749330476700589,21.867997884750366,1.6268980477223427,68.01069617271423,2.7412280701754383,115.03153085708618,3.08030803080308,179.35526061058044,3.3645890788747934,310.6592285633087,-0.16042780748663102,21.867997884750366,-0.21645021645021645,68.01069617271423,,,,,,
2026-09-16 09:42:51,v2.1.2,MAIN,MAIN,MAIN,2026-09-16 09:42:51.838,True,KOSPI,000660,SK하이닉스,1730000.0,0.12,536901,232382000000.0,928838730000.0,232382000000.0,ACTUAL,1,1731000.0,0.05777007510109763,1.0,1.0518705000734683,79,40,25,5,9,False,60,2026-09-16 09:00:00.776,1691000.0,74.0,2571.062045,20260916_000660_E001,2026-09-16 09:00:00.776,1691000.0,74.0,2571.062045,598.0050604343414,27,0.0,0.2317497103128621,False,True,20260916_000660_SHADOW_SCORE_70_74_E001_090019871716,2026-09-16 09:00:19.850,1691000.0,74.0,72.173651,0.17740981667653255,0.0,22.403299808502197,0.0,22.403299808502197,0.2317497103128621,68.90263438224792,0.2317497103128621,122.87660932540894,0.20272227048942948,192.52403235435486,0.20272227048942948,307.55556321144104,0.05777007510109763,22.403299808502197,-0.11574062472539168,68.90263438224792,-0.11574062472539168,122.87660932540894,-0.08682217475431012,192.52403235435486,-0.08682217475431012,307.55556321144104
2026-09-16 09:57:47,v2.1.2,MAIN,MAIN,MAIN,2026-09-16 09:57:47.311,True,KOSDAQ,356680,엑스게이트,18850.0,6.21,4871355,85032000000.0,91825041750.0,85032000000.0,ACTUAL,6,18860.0,0.05302226935312832,1.0931811169392163,1.1070456239546216,82,37,25,11,9,False,60,2026-09-16 09:56:13.526,18300.0,65.0,93.784211,20260916_356680_E002,2026-09-16 09:57:09.364,18470.0,65.0,37.946254,592.5870792865753,31,2.4456521739130435,2.7247956403269753,True,False,,,,,,,2.057390362750406,19.37718629837036,2.4456521739130435,38.47382068634033,2.7247956403269753,57.89795684814453,2.9492080830147462,113.18689155578613,3.628367234744365,173.23359417915344,4.086140254003314,291.06018018722534,-1.0182150097041829,19.37718629837036,-1.9287666969028974,75.2151427268982,,,,,,
2026-09-16 09:58:11,v2.1.2,MAIN,MAIN,MAIN,2026-09-16 09:58:11.510,True,KOSDAQ,356680,엑스게이트,18850.0,7.41,4871355,87415000000.0,91825041750.0,87415000000.0,ACTUAL,6,18860.0,0.05302226935312832,1.1238172374781445,1.1070456239546216,82,37,25,11,9,False,60,2026-09-16 09:56:13.526,18300.0,65.0,117.983872,20260916_356680_E002,2026-09-16 09:57:09.364,18470.0,65.0,62.145915,595.0450818538666,31,0.0,2.4456521739130435,True,False,,,,,,,0.0,22.784849643707275,0.0,22.784849643707275,2.4456521739130435,61.25867033004761,3.0054644808743167,117.39810395240784,2.7808069792802614,176.79387521743774,4.201216141514649,293.8710353374481,0.0,22.784849643707275,-1.0182150097041829,42.16203594207764,-1.9287666969028974,97.99999237060547,,,,
2026-09-16 10:00:42,v2.1.2,MAIN,MAIN,MAIN,2026-09-16 10:00:42.223,True,KOSDAQ,356680,엑스게이트,18560.0,6.78,5255449,92588000000.0,97541133440.0,92588000000.0,ACTUAL,6,18860.0,1.5906680805938493,1.059177486701367,1.0788474664646694,76,37,19,11,9,False,60,2026-09-16 09:56:13.526,18300.0,65.0,268.696256,20260916_356680_E002,2026-09-16 09:57:09.364,18470.0,65.0,212.858299,586.1453533172607,30,-0.8017103153393906,-1.5384615384615385,True,False,,,,,,,-0.8017103153393906,22.039803743362427,-0.8017103153393906,22.039803743362427,-1.5384615384615385,65.21786046028137,-1.5384615384615385,129.6214292049408,-1.5384615384615385,174.50844550132751,1.1444141689373297,308.3289234638214,0.7953340402969247,22.039803743362427,1.537645811240721,65.21786046028137,1.537645811240721,129.6214292049408,1.537645811240721,174.50844550132751,,
2026-09-16 10:01:00,v2.1.2,MAIN,MAIN,MAIN,2026-09-16 10:01:00.276,True,KOSDAQ,356680,엑스게이트,18660.0,5.64,5338742,95563000000.0,99620925720.0,95563000000.0,ACTUAL,6,18860.0,1.0604453870625663,1.093210547388892,1.0959459944922922,76,37,19,11,9,False,60,2026-09-16 09:56:13.526,18300.0,65.0,286.750001,20260916_356680_E002,2026-09-16 09:57:09.364,18470.0,65.0,230.912044,586.7356328964233,30,0.5387931034482759,-1.0079575596816976,True,False,,,,,,,0.5387931034482759,20.045008659362793,0.5387931034482759,20.045008659362793,-1.0079575596816976,63.39854383468628,-1.0079575596816976,128.73245811462402,-1.0079575596816976,171.76860451698303,1.9115237575095576,307.74034571647644,-0.530222693531283,20.045008659362793,1.007423117709438,63.39854383468628,1.007423117709438,128.73245811462402,1.007423117709438,171.76860451698303,,
2026-09-16 10:02:22,v2.1.2,MAIN,MAIN,MAIN,2026-09-16 10:02:22.398,True,KOSDAQ,010170,대한광통신,14960.0,5.45,9998755,148772000000.0,149581374800.0,148772000000.0,ACTUAL,2,15250.0,1.9016393442622952,1.130701121033631,1.1322119415900658,79,40,19,11,9,False,60,2026-09-16 09:12:56.661,14850.0,60.0,2965.737443,20260916_010170_E003,2026-09-16 10:02:03.532,14960.0,79.0,18.866374,586.1361207962036,30,1.0810810810810811,1.0810810810810811,True,False,,,,,,,1.0810810810810811,19.497029781341553,1.0810810810810811,39.7377667427063,1.0810810810810811,60.40505361557007,0.9446693657219973,122.32177662849426,0.8766014834794336,186.75145077705383,1.1494252873563218,294.1676046848297,,,,,,,,,,
2026-09-16 10:15:06,v2.1.2,MAIN,MAIN,MAIN,2026-09-16 10:15:05.992,True,KOSDAQ,010170,대한광통신,15260.0,7.92,11706429,174062000000.0,178640106540.0,174062000000.0,ACTUAL,2,15270.0,0.06548788474132286,1.0539503003293935,1.0574954356191266,85,40,25,11,9,False,60,2026-09-16 09:12:56.661,14850.0,60.0,3729.33056,20260916_010170_E003,2026-09-16 10:02:03.532,14960.0,79.0,782.459491,593.3878035545349,28,0.5270092226613966,1.26078301260783,True,False,,,,,,,0.5270092226613966,21.783571243286133,0.5270092226613966,21.783571243286133,1.26078301260783,64.31900119781494,1.7333333333333332,129.96343636512756,1.5302727877578177,173.19887495040894,1.3280212483399734,298.7554614543915,-0.3935285087013001,21.783571243286133,-1.114839984111136,64.31900119781494,-1.573856377553759,129.96343636512756,-1.3771350660783492,173.19887495040894,-1.1804137546029394,298.7554614543915
2026-09-16 10:15:27,v2.1.2,MAIN,MAIN,MAIN,2026-09-16 10:15:27.660,True,KOSDAQ,010170,대한광통신,15300.0,8.06,11878054,175975000000.0,181734226200.0,175975000000.0,ACTUAL,2,15300.0,0.0,1.061862264139558,1.0573934684039485,85,40,25,11,9,False,60,2026-09-16 09:12:56.661,14850.0,60.0,3750.999085,20260916_010170_E003,2026-09-16 10:02:03.532,14960.0,79.0,804.128016,592.9460446834564,28,0.2621231979030144,1.1904761904761905,True,False,,,,,,,0.2621231979030144,21.15791153907776,0.2621231979030144,21.15791153907776,1.1904761904761905,64.44724416732788,1.9320453031312457,129.7186496257782,1.7964071856287425,173.39594340324402,1.6611295681063125,298.6798315048218,-0.06548788474132286,21.15791153907776,-0.8524590163934427,64.44724416732788,-1.5737704918032787,129.7186496257782,-1.4426229508196722,173.39594340324402,-1.3114754098360655,298.6798315048218
2026-09-16 10:15:50,v2.1.2,MAIN,MAIN,MAIN,2026-09-16 10:15:50.052,True,KOSDAQ,010170,대한광통신,15370.0,8.63,12142338,180619000000.0,186627735060.0,180619000000.0,ACTUAL,2,15370.0,0.0,1.0749019537828879,1.0729749332745167,85,40,25,11,9,False,60,2026-09-16 09:12:56.661,14850.0,60.0,3773.391333,20260916_010170_E003,2026-09-16 10:02:03.532,14960.0,79.0,826.520264,594.7294542789459,28,0.4575163398692811,1.251646903820817,True,False,,,,,,,0.4575163398692811,22.925150394439697,0.4575163398692811,22.925150394439697,1.251646903820817,65.86663317680359,1.9907100199071004,131.31594157218933,2.466666666666667,174.04649829864502,2.12624584717608,299.9788455963135,0.0,22.925150394439697,-0.45901639344262296,65.86663317680359,-1.180327868852459,131.31594157218933,-1.639344262295082,174.04649829864502,-1.3114754098360655,299.9788455963135
2026-09-16 10:16:11,v2.1.2,MAIN,MAIN,MAIN,2026-09-16 10:16:11.232,True,KOSDAQ,010170,대한광통신,15320.0,8.13,12270300,182902000000.0,187980996000.0,182902000000.0,ACTUAL,2,15370.0,0.32530904359141183,1.0507865013615838,1.0481676350661675,80,40,25,11,4,False,60,2026-09-16 09:12:56.661,14850.0,60.0,3794.570746,20260916_010170_E003,2026-09-16 10:02:03.532,14960.0,79.0,847.699677,595.6716320514679,28,-0.32530904359141183,0.39318479685452157,True,False,,,,,,,-0.32530904359141183,21.09837245941162,-0.32530904359141183,21.09837245941162,0.39318479685452157,65.18143439292908,1.6589250165892502,129.50043559074402,2.0652898067954695,173.74217247962952,1.7264276228419653,300.86631631851196,0.32530904359141183,21.09837245941162,0.25982115885008894,65.18143439292908,-0.8550188252610471,129.50043559074402,-1.2484614482118668,173.74217247962952,-0.9205925957528505,300.86631631851196
2026-09-16 10:16:37,v2.1.2,MAIN,MAIN,MAIN,2026-09-16 10:16:36.949,True,KOSDAQ,010170,대한광통신,15340.0,7.99,12477878,185089000000.0,191410648520.0,185089000000.0,ACTUAL,2,15390.0,0.3248862897985705,1.0517914476488137,1.050498507583818,85,40,25,11,9,False,60,2026-09-16 09:12:56.661,14850.0,60.0,3820.287782,20260916_010170_E003,2026-09-16 10:02:03.532,14960.0,79.0,873.416713,596.6557698249817,28,0.13054830287206268,0.261437908496732,True,False,,,,,,,0.13054830287206268,21.227016925811768,0.13054830287206268,21.227016925811768,0.261437908496732,65.25053977966309,1.455026455026455,129.69778394699097,1.7916390179163904,173.64133095741272,2.130492676431425,300.24752926826477,-0.00042275379284134607,21.227016925811768,0.3248862897985705,65.25053977966309,-0.5275727265948722,129.69778394699097,-0.8554415790538885,173.64133095741272,-1.183310431512905,300.24752926826477
2026-09-16 11:10:31,v2.1.2,MAIN,MAIN,MAIN,2026-09-16 11:10:31.728,True,KOSPI,004310,현대약품,10700.0,5.04,5427345,54729000000.0,58072591500.0,54729000000.0,ACTUAL,47,10710.0,0.09337068160597572,1.1924568589855324,1.2039828067897917,86,33,25,16,12,False,60,2026-09-16 11:05:31.535,10620.0,60.0,300.193426,20260916_004310_E002,2026-09-16 11:10:08.793,10700.0,86.0,22.934709,502.25689935684204,23,1.9047619047619049,2.294455066921606,True,False,,,,,,,1.9047619047619049,24.002599477767944,1.9047619047619049,24.002599477767944,2.294455066921606,68.7818214893341,2.8846153846153846,113.65294742584229,2.3923444976076556,183.91238808631897,2.001906577693041,300.7196002006531,,,,,,,,,-0.4684270712030131,277.2587172985077
2026-09-16 11:11:42,v2.1.2,MAIN,MAIN,MAIN,2026-09-16 11:11:42.054,True,KOSDAQ,043260,성호전자,18760.0,11.9,3123790,56261000000.0,58602300400.0,56261000000.0,ACTUAL,15,18850.0,0.47745358090185674,1.0535373206995993,1.0557646122034856,78,33,25,11,9,False,60,2026-09-16 09:39:20.214,18740.0,77.0,5541.839587,20260916_043260_E005,2026-09-16 11:07:28.301,18380.0,61.0,253.752274,596.0106196403503,27,0.4282655246252677,1.7905588714053173,True,False,,,,,,,0.4282655246252677,21.28566336631775,0.4282655246252677,21.28566336631775,1.7905588714053173,72.04722476005554,1.735357917570499,118.79922795295715,1.9011406844106464,185.70017218589783,2.067464635473341,303.2942612171173,-0.4244031830238727,21.28566336631775,-1.22921308576481,72.04722476005554,-1.1758797524314766,118.79922795295715,-1.3358797524314767,185.70017218589783,-1.4958797524314764,303.2942612171173
2026-09-16 11:13:40,v2.1.2,MAIN,MAIN,MAIN,2026-09-16 11:13:40.161,True,KOSPI,004310,현대약품,10850.0,6.82,6253878,64222000000.0,67854576300.0,64222000000.0,ACTUAL,41,10900.0,0.45871559633027525,1.1734546584077912,1.1522904845739492,86,33,25,16,12,False,60,2026-09-16 11:05:31.535,10620.0,60.0,488.626285,20260916_004310_E003,2026-09-16 11:13:19.499,10850.0,86.0,20.662097,582.9071729183197,26,3.038936372269706,3.5305343511450387,True,False,,,,,,,3.038936372269706,24.231173753738403,3.038936372269706,24.231173753738403,3.5305343511450387,71.69458556175232,3.1368821292775664,118.65824627876282,1.4018691588785046,190.70547103881836,4.326923076923077,304.35841846466064,,,,,,,0.36534491472429953,190.70547103881836,,
2026-09-16 11:35:24,v2.1.2,MAIN,MAIN,MAIN,2026-09-16 11:35:24.544,True,KOSDAQ,010170,대한광통신,16290.0,14.85,24942930,379475000000.0,406320329700.0,379475000000.0,ACTUAL,1,16290.0,0.0,1.062761682046686,1.0612780780171562,85,40,25,11,9,False,60,2026-09-16 09:12:56.661,14850.0,60.0,8547.88281,20260916_010170_E004,2026-09-16 11:16:02.557,15270.0,63.0,1161.987235,595.7937815189362,26,0.6798516687268232,1.432129514321295,True,False,,,,,,,0.6798516687268232,24.374945640563965,0.6798516687268232,24.374945640563965,1.432129514321295,48.49077105522156,2.711223203026482,121.83331990242004,2.711223203026482,168.6347460746765,3.7579617834394905,311.76421999931335,0.0,24.374945640563965,-0.06222775357809583,48.49077105522156,0.0,121.83331990242004,0.0,168.6347460746765,-0.5069708491761723,311.76421999931335
2026-09-16 11:35:50,v2.1.2,MAIN,MAIN,MAIN,2026-09-16 11:35:50.488,True,KOSDAQ,010170,대한광통신,16300.0,15.21,25175391,383118000000.0,410358873300.0,383118000000.0,ACTUAL,1,16300.0,0.0,1.051311814148,1.034347741200395,80,40,25,11,4,False,60,2026-09-16 09:12:56.661,14850.0,60.0,8573.826837,20260916_010170_E004,2026-09-16 11:16:02.557,15270.0,63.0,1187.931262,597.8144941329956,26,0.06138735420503376,0.7416563658838072,True,False,,,,,,,0.06138735420503376,25.03062081336975,0.06138735420503376,25.03062081336975,0.7416563658838072,49.405566453933716,2.7742749054224465,122.21280789375305,2.7742749054224465,170.64665150642395,3.492063492063492,287.741427898407,0.0,25.03062081336975,0.0,49.405566453933716,0.0,122.21280789375305,0.0,170.64665150642395,-0.19011406844106463,287.741427898407
2026-09-16 12:14:42,v2.1.2,MAIN,MAIN,MAIN,2026-09-16 12:14:42.545,True,KOSDAQ,046970,우리로,7730.0,8.72,4958291,36433000000.0,38327589430.0,36433000000.0,ACTUAL,30,7730.0,0.0,1.4200023385430875,1.412798841561544,89,29,25,20,15,False,60,2026-09-16 10:45:33.416,7560.0,63.0,5349.129391,20260916_046970_E002,2026-09-16 12:14:20.321,7730.0,89.0,22.224311,578.2426714897156,8,6.473829201101928,6.620689655172414,True,False,,,,,,,,,6.473829201101928,44.934945821762085,6.620689655172414,66.75940132141113,,,,,,,,,,,,,,,,
2026-09-16 13:03:08,v2.1.2,MAIN,MAIN,MAIN,2026-09-16 13:03:08.644,True,KOSPI,000990,DB하이텍,122600.0,5.06,522498,117020000000.0,64058254800.0,117020000000.0,ACTUAL,29,122700.0,0.08149959250203749,5.631918375204544,1.0191423957057368,89,40,25,20,4,False,60,2026-09-16 09:00:00.776,118500.0,63.0,14587.868919,20260916_000990_E008,2026-09-16 13:02:46.483,122600.0,89.0,22.161346,578.955367565155,26,0.0,0.16339869281045752,False,False,,,,,,,0.0,22.687427520751953,0.0,22.687427520751953,0.16339869281045752,68.62145566940308,0.8223684210526315,115.03883147239685,0.7395234182415776,186.2372658252716,0.7395234182415776,301.66816568374634,0.0,22.687427520751953,0.08149959250203749,68.62145566940308,-0.49086344919869834,115.03883147239685,-0.4090973003843076,186.2372658252716,-0.4090973003843076,301.66816568374634
2026-09-16 13:03:36,v2.1.2,MAIN,MAIN,MAIN,2026-09-16 13:03:36.130,True,KOSPI,000990,DB하이텍,122700.0,5.14,524847,117528000000.0,64398726900.0,117528000000.0,ACTUAL,29,122800.0,0.08143322475570033,5.656367311579555,1.0143029417562412,89,40,25,20,4,False,60,2026-09-16 09:00:00.776,118500.0,63.0,14615.354594,20260916_000990_E008,2026-09-16 13:02:46.483,122600.0,89.0,49.647021,580.6667921543121,26,0.08156606851549755,0.08156606851549755,False,False,,,,,,,0.08156606851549755,26.493962287902832,0.08156606851549755,26.493962287902832,0.08156606851549755,49.181389808654785,0.9876543209876543,117.80601859092712,0.7389162561576355,189.4661989212036,0.4091653027823241,305.05723762512207,-6.636774633715647e-05,26.493962287902832,-6.636774633715647e-05,49.181389808654785,-0.5726959657594264,117.80601859092712,-0.3273975193162538,189.4661989212036,-0.0003329240586905091,305.05723762512207
2026-09-16 13:04:01,v2.1.2,MAIN,MAIN,MAIN,2026-09-16 13:04:01.380,True,KOSPI,000990,DB하이텍,123000.0,5.31,528430,118555000000.0,64996890000.0,118555000000.0,ACTUAL,28,123000.0,0.0,5.705794590432188,1.0126827286455657,89,40,25,20,4,False,60,2026-09-16 09:00:00.776,118500.0,63.0,14640.604445,20260916_000990_E008,2026-09-16 13:02:46.483,122600.0,89.0,74.896872,583.8447382450104,26,0.24449877750611246,0.3262642740619902,False,False,,,,,,,0.24449877750611246,25.76647400856018,0.24449877750611246,25.76647400856018,0.3262642740619902,52.26043629646301,0.49019607843137253,120.88189196586609,1.0682004930156122,191.05666089057922,0.7371007371007371,308.02095794677734,-0.08143322475570033,25.76647400856018,-0.08149959250203749,52.26043629646301,0.0,120.88189196586609,-0.49059689288634506,191.05666089057922,-0.1635322976287817,308.02095794677734
2026-09-16 14:07:25,v2.1.2,MAIN,MAIN,MAIN,2026-09-16 14:07:25.390,True,KOSPI,062040,산일전기,197000.0,5.01,223628,80836000000.0,44054716000.0,80836000000.0,ACTUAL,50,198300.0,0.6555723651033787,1.0967207999240236,1.1269698084491995,79,37,22,11,9,False,60,2026-09-16 12:40:20.263,196900.0,67.0,5225.127107,20260916_062040_E006,2026-09-16 14:07:01.589,197000.0,79.0,23.801706,588.593606710434,25,0.10162601626016261,0.10162601626016261,True,False,,,,,,,0.10162601626016261,25.350626230239868,0.10162601626016261,25.350626230239868,0.10162601626016261,49.78156113624573,0.30549898167006106,121.64976406097412,0.40774719673802245,190.69782662391663,0.6642820643842616,290.2002248764038,,,,,,,,,,
2026-09-16 14:34:09,v2.1.2,MAIN,MAIN,MAIN,2026-09-16 14:34:09.476,True,KOSPI,000990,DB하이텍,122800.0,5.48,670020,143899000000.0,82278456000.0,143899000000.0,ACTUAL,30,123100.0,0.2437043054427295,1.1812525139756525,1.016719220882486,85,40,25,16,4,False,60,2026-09-16 09:00:00.776,118500.0,63.0,20048.699982,20260916_000990_E008,2026-09-16 13:02:46.483,122600.0,89.0,5482.992409,591.2808449268341,24,-0.2437043054427295,0.4909983633387889,False,False,,,,,,,-0.2437043054427295,25.554632425308228,-0.2437043054427295,25.554632425308228,0.4909983633387889,50.54540538787842,0.4088307440719542,126.11690473556519,0.4088307440719542,176.0787069797516,0.6557377049180327,305.3872916698456,0.2437043054427295,25.554632425308228,-0.40670219862231116,50.54540538787842,-0.3254013856141811,126.11690473556519,-0.3254013856141811,176.0787069797516,-0.5693038246385714,305.3872916698456
2026-09-16 14:34:35,v2.1.2,MAIN,MAIN,MAIN,2026-09-16 14:34:35.522,True,KOSPI,000990,DB하이텍,123300.0,5.66,672963,144408000000.0,82976337900.0,144408000000.0,ACTUAL,30,123300.0,0.0,1.1854308441211963,1.0158284740451367,85,40,25,16,4,False,60,2026-09-16 09:00:00.776,118500.0,63.0,20074.746554,20260916_000990_E008,2026-09-16 13:02:46.483,122600.0,89.0,5509.038981,591.2169399261475,24,0.40716612377850164,0.16246953696181965,False,False,,,,,,,0.40716612377850164,27.148253202438354,0.40716612377850164,27.148253202438354,0.16246953696181965,52.70288562774658,0.8176614881439084,128.4134030342102,0.8176614881439084,178.48914575576782,0.8176614881439084,309.4025378227234,-0.2437043054427295,27.148253202438354,0.0,52.70288562774658,-0.5691056910569106,128.4134030342102,-0.5691056910569106,178.48914575576782,-0.5691056910569106,309.4025378227234
2026-09-16 14:34:59,v2.1.2,MAIN,MAIN,MAIN,2026-09-16 14:34:59.457,True,KOSPI,000990,DB하이텍,123000.0,5.4,674668,144805000000.0,82984164000.0,144805000000.0,ACTUAL,30,123300.0,0.24330900243309003,1.1886897774567187,1.0078034906579192,85,40,25,16,4,False,60,2026-09-16 09:00:00.776,118500.0,63.0,20098.681378,20260916_000990_E008,2026-09-16 13:02:46.483,122600.0,89.0,5532.973805,588.0075836181641,24,-0.24330900243309003,0.16286644951140067,False,False,,,,,,,-0.24330900243309003,23.32863211631775,-0.24330900243309003,23.32863211631775,0.16286644951140067,50.4768853187561,0.5723630417007358,125.33713579177856,0.5723630417007358,176.5937900543213,0.6546644844517185,307.42117834091187,0.24330900243309003,23.32863211631775,-0.0003953030096394694,50.4768853187561,-0.3257966886238205,125.33713579177856,-0.3257966886238205,176.5937900543213,-0.4070975016319506,307.42117834091187
2026-09-16 15:07:35,v2.1.2,MAIN,MAIN,MAIN,2026-09-16 15:07:35.445,True,KOSPI,009150,삼성전기,1382000.0,5.01,387520,767389000000.0,535552640000.0,767389000000.0,ACTUAL,8,1383000.0,0.07230657989877079,28.20453543075566,1.0092323718992122,89,40,25,20,4,False,60,2026-09-16 09:00:00.776,1316000.0,69.0,22054.669675,20260916_009150_E007,2026-09-16 15:07:07.758,1382000.0,89.0,27.68768,577.3153653144836,21,0.0,0.0724112961622013,False,False,,,,,,,0.0,29.801022052764893,0.0,29.801022052764893,0.0724112961622013,57.82031464576721,0.14492753623188406,117.86185097694397,0.21754894851341552,175.86673974990845,0.0724112961622013,289.4886317253113,0.0,29.801022052764893,-5.232024594700735e-05,57.82031464576721,-0.0724112203906648,117.86185097694397,-0.14477012053538263,175.86673974990845,-5.232024594700735e-05,289.4886317253113
2026-09-16 15:08:07,v2.1.2,MAIN,MAIN,MAIN,2026-09-16 15:08:07.639,True,KOSPI,009150,삼성전기,1381000.0,5.01,388717,767389000000.0,536818177000.0,767389000000.0,ACTUAL,8,1383000.0,0.14461315979754158,28.20453543075566,1.003513563750142,89,40,25,20,4,False,60,2026-09-16 09:00:00.776,1316000.0,69.0,22086.863241,20260916_009150_E007,2026-09-16 15:07:07.758,1382000.0,89.0,59.881246,580.842316865921,21,-0.0723589001447178,-0.0723589001447178,False,False,,,,,,,-0.0723589001447178,30.941989183425903,-0.0723589001447178,30.941989183425903,-0.0723589001447178,60.743011236190796,0.07246376811594203,118.6320960521698,0.145032632342277,177.56447649002075,0.07246376811594203,291.510244846344,0.07230657989877079,30.941989183425903,0.07230657989877079,60.743011236190796,-0.0001046404918940147,118.6320960521698,-0.07246354063661184,177.56447649002075,-0.0001046404918940147,291.510244846344
2026-09-17 09:01:43,v2.1.2,MAIN,MAIN,MAIN,2026-09-17 09:01:43.751,True,KOSPI,000660,SK하이닉스,1781000.0,0.91,160061,599238000000.0,285068641000.0,599238000000.0,ACTUAL,1,1784000.0,0.1681614349775785,1.0,1.9219389776779818,85,40,25,5,15,False,60,2026-09-17 09:00:00.595,1770000.0,74.0,103.155692,20260917_000660_E001,2026-09-17 09:00:00.595,1770000.0,74.0,103.155692,78.81589984893799,4,0.0,0.05617977528089888,False,True,20260917_000660_SHADOW_SCORE_70_74_E001_090022311207,2026-09-17 09:00:22.294,1770000.0,74.0,81.456994,0.621468926553681,0.0,25.633541584014893,0.0,25.633541584014893,0.05617977528089888,50.171672344207764,,,,,,,0.05599093581885724,25.633541584014893,0.1681614349775785,50.171672344207764,,,,,,
2026-09-17 09:01:46,v2.1.2,MAIN,MAIN,MAIN,2026-09-17 09:01:43.760,True,KOSPI,005930,삼성전자,258500.0,0.99,482361,324851000000.0,124690318500.0,324851000000.0,ACTUAL,2,259000.0,0.19305019305019305,1.0,2.1102410086577623,85,40,25,5,15,False,60,2026-09-17 09:00:00.595,256500.0,74.0,103.164701,20260917_005930_E001,2026-09-17 09:00:00.595,256500.0,74.0,103.164701,78.81589984893799,4,0.0,0.3883495145631068,False,True,20260917_005930_SHADOW_SCORE_70_74_E001_090022312207,2026-09-17 09:00:22.305,256500.0,74.0,81.455023,0.7797270955165692,0.0,25.633541584014893,0.0,25.633541584014893,0.3883495145631068,50.171672344207764,,,,,,,0.19305019305019305,25.633541584014893,-0.000748256562210059,50.171672344207764,,,,,,
2026-09-17 09:01:48,v2.1.2,MAIN,MAIN,MAIN,2026-09-17 09:01:43.741,True,KOSPI,007660,이수페타시스,114550.0,6.23,42573,35257000000.0,4876737150.0,35257000000.0,ACTUAL,8,115500.0,0.8225108225108225,1.2709347175660575,2.494901547116737,82,29,22,16,15,False,60,2026-09-17 09:01:19.411,114550.0,82.0,24.329792,20260917_007660_E001,2026-09-17 09:01:19.411,114550.0,82.0,24.329792,78.81589984893799,4,-0.13077593722755013,0.7475813544415127,False,False,,,,,,,-0.13077593722755013,25.633541584014893,-0.13077593722755013,25.633541584014893,0.7475813544415127,50.171672344207764,,,,,,,0.1298701298701299,25.633541584014893,0.47194114678777255,50.171672344207764,,,,,,
2026-09-17 09:02:18,v2.1.2,MAIN,MAIN,MAIN,2026-09-17 09:02:18.571,True,KOSPI,005930,삼성전자,258000.0,0.99,519417,324851000000.0,134009586000.0,324851000000.0,ACTUAL,2,259000.0,0.3861003861003861,1.0,1.3899118288489585,85,40,25,5,15,False,60,2026-09-17 09:00:00.595,256500.0,74.0,137.976262,20260917_005930_E001,2026-09-17 09:00:00.595,256500.0,74.0,137.976262,112.57392954826355,5,-0.19342359767891684,-0.19342359767891684,False,True,20260917_005930_SHADOW_SCORE_70_74_E001_090022312207,2026-09-17 09:00:22.305,256500.0,74.0,81.455023,0.7797270955165692,-0.19342359767891684,33.75802969932556,-0.19342359767891684,33.75802969932556,-0.19342359767891684,59.391571283340454,,,,,,,0.19305019305019305,33.75802969932556,0.3861003861003861,59.391571283340454,0.19154785691750673,112.57392954826355,,,,
2026-09-17 09:02:18,v2.1.2,MAIN,MAIN,MAIN,2026-09-17 09:02:18.548,True,KOSPI,007660,이수페타시스,114600.0,6.78,46548,36135000000.0,5334400800.0,36135000000.0,ACTUAL,8,115500.0,0.7792207792207793,1.3025846220395805,1.1829525527967675,83,29,22,20,12,False,60,2026-09-17 09:01:19.411,114550.0,82.0,59.136782,20260917_007660_E001,2026-09-17 09:01:19.411,114550.0,82.0,59.136782,112.57392954826355,5,0.043649061545176775,-0.08718395815170009,False,False,,,,,,,0.043649061545176775,33.75802969932556,0.043649061545176775,33.75802969932556,-0.08718395815170009,59.391571283340454,,,,,,,-0.04329004329004327,33.75802969932556,0.08658008658008665,59.391571283340454,-0.27248824794837057,112.57392954826355,,,,
2026-09-17 09:02:18,v2.1.2,MAIN,MAIN,MAIN,2026-09-17 09:02:18.548,True,KOSDAQ,119850,지엔씨에너지,53300.0,12.99,150069,34781000000.0,7998677700.0,34781000000.0,ACTUAL,1,53600.0,0.5597014925373134,1.2299232646133174,3.8962768719493197,82,29,22,16,15,False,60,2026-09-17 09:01:19.411,52000.0,69.0,59.136782,20260917_119850_E001,2026-09-17 09:01:19.411,52000.0,69.0,59.136782,112.57392954826355,5,2.5,3.4951456310679614,True,False,,,,,,,2.5,33.75802969932556,2.5,33.75802969932556,3.4951456310679614,59.391571283340454,,,,,,,0.46364001319053144,33.75802969932556,-0.21101141690391978,59.391571283340454,,,,,,
2026-09-17 09:02:20,v2.1.2,MAIN,MAIN,MAIN,2026-09-17 09:02:18.554,True,KOSPI,000660,SK하이닉스,1775000.0,0.91,177736,599238000000.0,315481400000.0,599238000000.0,ACTUAL,1,1785000.0,0.5602240896358543,1.0,1.3126929496742936,82,40,22,5,15,False,60,2026-09-17 09:00:00.595,1770000.0,74.0,137.95868,20260917_000660_E001,2026-09-17 09:00:00.595,1770000.0,74.0,137.95868,112.57392954826355,5,-0.3368893879842785,-0.3368893879842785,False,True,20260917_000660_SHADOW_SCORE_70_74_E001_090022311207,2026-09-17 09:00:22.294,1770000.0,74.0,81.456994,0.621468926553681,-0.3368893879842785,33.75802969932556,-0.3368893879842785,33.75802969932556,-0.3368893879842785,59.391571283340454,,,,,,,0.39206265465827583,33.75802969932556,0.4480535904771331,59.391571283340454,0.5037588157792762,112.57392954826355,,,,
2026-09-17 09:02:20,v2.1.2,MAIN,MAIN,MAIN,2026-09-17 09:02:18.560,True,KOSPI,009150,삼성전기,1408000.0,0.22,22577,60887000000.0,31788416000.0,60887000000.0,ACTUAL,3,1410000.0,0.14184397163120568,1.0,1.8578834759710336,78,33,25,5,15,False,60,2026-09-17 09:00:00.595,1393000.0,67.0,137.964995,20260917_009150_E001,2026-09-17 09:00:00.595,1393000.0,67.0,137.964995,112.57392954826355,5,0.07107320540156362,0.8595988538681949,True,False,,,,,,,0.07107320540156362,33.75802969932556,0.07107320540156362,33.75802969932556,0.8595988538681949,59.391571283340454,,,,,,,0.0708212443584784,33.75802969932556,-0.0012175448208686934,59.391571283340454,,,,,,
2026-09-17 09:02:50,v2.1.2,MAIN,MAIN,MAIN,2026-09-17 09:02:50.799,True,KOSDAQ,119850,지엔씨에너지,53000.0,12.14,196632,37823000000.0,10421496000.0,37823000000.0,ACTUAL,1,53600.0,1.1194029850746268,1.2853598858152655,3.1103307549945427,79,29,19,16,15,False,60,2026-09-17 09:01:19.411,52000.0,69.0,91.387715,20260917_119850_E001,2026-09-17 09:01:19.411,52000.0,69.0,91.387715,144.51584029197693,6,-0.5628517823639775,1.9230769230769231,True,False,,,,,,,-0.5628517823639775,31.94191074371338,-0.5628517823639775,31.94191074371338,1.9230769230769231,65.69994044303894,3.11284046692607,115.8716127872467,,,,,0.5597014925373134,31.94191074371338,1.0233415057278448,65.69994044303894,0.9252282277930733,115.8716127872467,,,,
2026-09-17 09:02:50,v2.1.2,MAIN,MAIN,MAIN,2026-09-17 09:02:50.800,True,KOSPI,000660,SK하이닉스,1776000.0,0.91,194043,599238000000.0,344620368000.0,599238000000.0,ACTUAL,1,1785000.0,0.5042016806722689,1.0,1.212306558124715,79,40,22,5,12,False,60,2026-09-17 09:00:00.595,1770000.0,74.0,170.20512,20260917_000660_E001,2026-09-17 09:00:00.595,1770000.0,74.0,170.20512,144.51584029197693,6,0.056338028169014086,-0.2807411566535654,False,True,20260917_000660_SHADOW_SCORE_70_74_E001_090022311207,2026-09-17 09:00:22.294,1770000.0,74.0,81.456994,0.621468926553681,0.056338028169014086,31.94191074371338,0.056338028169014086,31.94191074371338,-0.2807411566535654,65.69994044303894,-0.22471910112359553,115.8716127872467,,,,,-0.05602240896358546,31.94191074371338,0.3360402456946904,65.69994044303894,0.5042016806722689,115.8716127872467,,,,
2026-09-17 09:02:50,v2.1.2,MAIN,MAIN,MAIN,2026-09-17 09:02:50.805,True,KOSPI,005930,삼성전자,257500.0,0.99,612638,324851000000.0,157754285000.0,324851000000.0,ACTUAL,2,259000.0,0.5791505791505791,1.0,1.2700819510698418,79,40,22,5,12,False,60,2026-09-17 09:00:00.595,256500.0,74.0,170.21013,20260917_005930_E001,2026-09-17 09:00:00.595,256500.0,74.0,170.21013,144.51584029197693,6,-0.1937984496124031,-0.3868471953578337,False,True,20260917_005930_SHADOW_SCORE_70_74_E001_090022312207,2026-09-17 09:00:22.305,256500.0,74.0,81.455023,0.7797270955165692,-0.1937984496124031,31.94191074371338,-0.1937984496124031,31.94191074371338,-0.3868471953578337,65.69994044303894,0.0,115.8716127872467,,,,,0.193050193050193,31.94191074371338,0.38610038610038605,65.69994044303894,0.385352129538176,115.8716127872467,,,,
2026-09-17 09:02:50,v2.1.2,MAIN,MAIN,MAIN,2026-09-17 09:02:50.803,True,KOSPI,009150,삼성전기,1403000.0,0.22,26505,60887000000.0,37186515000.0,60887000000.0,ACTUAL,3,1410000.0,0.4964539007092199,1.0,1.5406300860265054,78,33,25,5,15,False,60,2026-09-17 09:00:00.595,1393000.0,67.0,170.20813,20260917_009150_E001,2026-09-17 09:00:00.595,1393000.0,67.0,170.20813,144.51584029197693,6,-0.35511363636363635,-0.28429282160625446,True,False,,,,,,,-0.35511363636363635,31.94191074371338,-0.35511363636363635,31.94191074371338,-0.28429282160625446,65.69994044303894,0.7178750897343862,115.8716127872467,,,,,0.35460992907801425,31.94191074371338,0.4254311734364926,65.69994044303894,0.13880010957903394,115.8716127872467,,,,
2026-09-17 09:03:17,v2.1.2,MAIN,MAIN,MAIN,2026-09-17 09:03:17.688,True,KOSDAQ,119850,지엔씨에너지,53100.0,11.62,235337,39630000000.0,12496394700.0,39630000000.0,ACTUAL,1,53600.0,0.9328358208955223,1.346768164208523,3.7225675825305684,86,29,22,20,15,False,60,2026-09-17 09:01:19.411,52000.0,69.0,118.276628,20260917_119850_E001,2026-09-17 09:01:19.411,52000.0,69.0,118.276628,171.23834896087646,7,0.18867924528301888,-0.37523452157598497,True,False,,,,,,,0.18867924528301888,26.722508668899536,0.18867924528301888,26.722508668899536,-0.37523452157598497,58.664419412612915,3.1067961165048543,118.05599069595337,,,,,-0.18656716417910446,26.722508668899536,0.3731343283582089,58.664419412612915,0.16212291145428914,118.05599069595337,,,,
2026-09-17 09:03:17,v2.1.2,MAIN,MAIN,MAIN,2026-09-17 09:03:17.696,True,KOSPI,005930,삼성전자,257750.0,0.99,628740,324851000000.0,162057735000.0,324851000000.0,ACTUAL,2,259000.0,0.4826254826254826,1.0,1.3034635884741925,85,40,25,5,15,False,60,2026-09-17 09:00:00.595,256500.0,74.0,197.101436,20260917_005930_E001,2026-09-17 09:00:00.595,256500.0,74.0,197.101436,171.23834896087646,7,0.0970873786407767,-0.09689922480620156,False,True,20260917_005930_SHADOW_SCORE_70_74_E001_090022312207,2026-09-17 09:00:22.305,256500.0,74.0,81.455023,0.7797270955165692,0.0970873786407767,26.722508668899536,0.0970873786407767,26.722508668899536,-0.09689922480620156,58.664419412612915,-0.2901353965183753,118.05599069595337,,,,,-0.0965250965250965,26.722508668899536,0.0965250965250965,58.664419412612915,0.4826254826254826,118.05599069595337,0.2880729534426032,171.23834896087646,,
2026-09-17 09:03:17,v2.1.2,MAIN,MAIN,MAIN,2026-09-17 09:03:17.686,True,KOSDAQ,201490,미투온,4435.0,14.77,5760795,23971000000.0,25549125825.0,23971000000.0,ACTUAL,7,4475.0,0.8938547486033519,2.240699196111423,2.097189498607891,81,24,22,20,15,False,60,2026-09-17 09:02:51.833,4435.0,81.0,25.85218,20260917_201490_E001,2026-09-17 09:02:51.833,4435.0,81.0,25.85218,142.59412145614624,6,0.9101251422070534,2.306805074971165,True,False,,,,,,,0.9101251422070534,26.722508668899536,0.9101251422070534,26.722508668899536,2.306805074971165,58.664419412612915,10.186335403726709,118.05599069595337,,,,,-0.3421003075764233,26.722508668899536,0.7786473753314624,58.664419412612915,-4.064822937347062,118.05599069595337,,,,
2026-09-17 09:03:21,v2.1.2,MAIN,MAIN,MAIN,2026-09-17 09:03:17.689,True,KOSPI,000660,SK하이닉스,1774000.0,0.91,199301,599238000000.0,353559974000.0,599238000000.0,ACTUAL,1,1785000.0,0.6162464985994398,1.0,1.2451565340713853,79,40,22,5,12,False,60,2026-09-17 09:00:00.595,1770000.0,74.0,197.094409,20260917_000660_E001,2026-09-17 09:00:00.595,1770000.0,74.0,197.094409,171.23834896087646,7,-0.11261261261261261,-0.056338028169014086,False,True,20260917_000660_SHADOW_SCORE_70_74_E001_090022311207,2026-09-17 09:00:22.294,1770000.0,74.0,81.456994,0.621468926553681,-0.11261261261261261,26.722508668899536,-0.11261261261261261,26.722508668899536,-0.056338028169014086,58.664419412612915,-0.39303761931499154,118.05599069595337,,,,,0.11204481792717091,26.722508668899536,0.05602240896358546,58.664419412612915,0.5040759994407186,118.05599069595337,0.5597812247428616,171.23834896087646,,
2026-09-17 09:03:21,v2.1.2,MAIN,MAIN,MAIN,2026-09-17 09:03:17.692,True,KOSPI,009150,삼성전기,1403000.0,0.22,28153,60887000000.0,39498659000.0,60887000000.0,ACTUAL,3,1410000.0,0.4964539007092199,1.0,1.6364217623808417,78,33,25,5,15,False,60,2026-09-17 09:00:00.595,1393000.0,67.0,197.097412,20260917_009150_E001,2026-09-17 09:00:00.595,1393000.0,67.0,197.097412,171.23834896087646,7,0.0,-0.35511363636363635,True,False,,,,,,,0.0,26.722508668899536,0.0,26.722508668899536,-0.35511363636363635,58.664419412612915,0.501432664756447,118.05599069595337,,,,,0.0,26.722508668899536,0.35460992907801425,58.664419412612915,0.35339238425714553,118.05599069595337,,,,
2026-09-17 09:03:48,v2.1.2,MAIN,MAIN,MAIN,2026-09-17 09:03:48.792,True,KOSDAQ,119850,지엔씨에너지,53300.0,13.2,305198,42863000000.0,16267053400.0,42863000000.0,ACTUAL,2,53600.0,0.5597014925373134,1.2323682470314252,2.0337178231346913,82,29,22,16,15,False,60,2026-09-17 09:01:19.411,52000.0,69.0,149.381191,20260917_119850_E001,2026-09-17 09:01:19.411,52000.0,69.0,149.381191,201.76189017295837,8,0.3766478342749529,0.5660377358490566,True,False,,,,,,,0.3766478342749529,30.52354121208191,0.3766478342749529,30.52354121208191,0.5660377358490566,57.246049880981445,2.5,122.94599032402039,3.6964980544747084,173.11766266822815,,,-0.3731343283582089,30.52354121208191,-0.5597014925373134,57.246049880981445,0.46364001319053144,122.94599032402039,0.36552673525575996,173.11766266822815,,
2026-09-17 09:03:48,v2.1.2,MAIN,MAIN,MAIN,2026-09-17 09:03:48.791,True,KOSPI,007660,이수페타시스,115100.0,7.06,62567,39227000000.0,7201461700.0,39227000000.0,ACTUAL,9,115500.0,0.3463203463203463,1.08556800885568,1.3441393830024921,80,29,25,11,15,False,60,2026-09-17 09:01:19.411,114550.0,82.0,149.380191,20260917_007660_E001,2026-09-17 09:01:19.411,114550.0,82.0,149.380191,201.76189017295837,8,0.9649122807017544,1.3204225352112675,False,False,,,,,,,0.9649122807017544,30.52354121208191,0.9649122807017544,30.52354121208191,1.3204225352112675,57.246049880981445,0.48013967699694454,122.94599032402039,1.2313104661389622,173.11766266822815,,,-0.9523809523809523,30.52354121208191,-1.2987012987012987,57.246049880981445,-0.4761904761904762,122.94599032402039,-0.004249329402703672,173.11766266822815,,
2026-09-17 09:03:48,v2.1.2,MAIN,MAIN,MAIN,2026-09-17 09:03:48.796,True,KOSPI,000660,SK하이닉스,1772000.0,0.91,208436,599238000000.0,369348592000.0,599238000000.0,ACTUAL,1,1785000.0,0.7282913165266106,1.0,1.1727280911014089,79,40,22,5,12,False,60,2026-09-17 09:00:00.595,1770000.0,74.0,228.201091,20260917_000660_E001,2026-09-17 09:00:00.595,1770000.0,74.0,228.201091,201.76189017295837,8,-0.11273957158962795,-0.22522522522522523,False,True,20260917_000660_SHADOW_SCORE_70_74_E001_090022311207,2026-09-17 09:00:22.294,1770000.0,74.0,81.456994,0.621468926553681,-0.11273957158962795,30.52354121208191,-0.11273957158962795,30.52354121208191,-0.22522522522522523,57.246049880981445,-0.5053340819764177,122.94599032402039,-0.44943820224719105,173.11766266822815,,,0.1120448179271708,30.52354121208191,0.22408963585434172,57.246049880981445,0.5601298815490321,122.94599032402039,0.7282913165266106,173.11766266822815,,
2026-09-17 09:03:48,v2.1.2,MAIN,MAIN,MAIN,2026-09-17 09:03:48.803,True,KOSPI,005930,삼성전자,257000.0,0.99,655337,324851000000.0,168421609000.0,324851000000.0,ACTUAL,2,259000.0,0.7722007722007722,1.0,1.2616779966770437,79,40,22,5,12,False,60,2026-09-17 09:00:00.595,256500.0,74.0,228.208091,20260917_005930_E001,2026-09-17 09:00:00.595,256500.0,74.0,228.208091,201.76189017295837,8,-0.2909796314258002,-0.1941747572815534,False,True,20260917_005930_SHADOW_SCORE_70_74_E001_090022312207,2026-09-17 09:00:22.305,256500.0,74.0,81.455023,0.7797270955165692,-0.2909796314258002,30.52354121208191,-0.2909796314258002,30.52354121208191,-0.1941747572815534,57.246049880981445,-0.5802707930367506,122.94599032402039,-0.1941747572815534,173.11766266822815,,,0.2895752895752896,30.52354121208191,0.1930501930501931,57.246049880981445,0.5791505791505791,122.94599032402039,0.5784023225883691,173.11766266822815,,
2026-09-17 09:03:48,v2.1.2,MAIN,MAIN,MAIN,2026-09-17 09:03:48.792,True,KOSDAQ,201490,미투온,4395.0,14.71,6651872,27979000000.0,29234977440.0,27979000000.0,ACTUAL,5,4475.0,1.7877094972067038,2.3640895648500213,1.6621327782789148,78,24,19,20,15,False,60,2026-09-17 09:02:51.833,4435.0,81.0,56.958742,20260917_201490_E001,2026-09-17 09:02:51.833,4435.0,81.0,56.958742,173.11766266822815,7,-0.9019165727170236,0.0,True,False,,,,,,,-0.9019165727170236,30.52354121208191,-0.9019165727170236,30.52354121208191,0.0,57.246049880981445,9.600997506234414,122.94599032402039,,,,,0.8938547486033519,30.52354121208191,0.5517544410269286,57.246049880981445,-3.525159452025882,122.94599032402039,-1.8722668900424102,173.11766266822815,,
2026-09-17 09:03:48,v2.1.2,MAIN,MAIN,MAIN,2026-09-17 09:03:48.799,True,KOSPI,009150,삼성전기,1400500.0,0.22,29682,60887000000.0,41569641000.0,60887000000.0,ACTUAL,3,1410000.0,0.6737588652482269,1.0,1.314700801700846,75,33,22,5,15,False,60,2026-09-17 09:00:00.595,1393000.0,67.0,228.204091,20260917_009150_E001,2026-09-17 09:00:00.595,1393000.0,67.0,228.204091,201.76189017295837,8,-0.1781895937277263,-0.1781895937277263,True,False,,,,,,,-0.1781895937277263,30.52354121208191,-0.1781895937277263,30.52354121208191,-0.1781895937277263,57.246049880981445,-0.46197583511016344,122.94599032402039,0.5384063173007897,173.11766266822815,,,0.17730496453900702,30.52354121208191,0.17730496453900702,57.246049880981445,0.6027361379754996,122.94599032402039,0.31610507411804095,173.11766266822815,,
2026-09-17 09:04:16,v2.1.2,MAIN,MAIN,MAIN,2026-09-17 09:04:16.303,True,KOSDAQ,201490,미투온,4475.0,16.02,7440000,31240000000.0,33294000000.0,31240000000.0,ACTUAL,3,4475.0,0.0,1.619659892160929,1.4371485119138452,89,29,25,20,15,False,60,2026-09-17 09:02:51.833,4435.0,81.0,84.470023,20260917_201490_E001,2026-09-17 09:02:51.833,4435.0,81.0,84.470023,200.5917248725891,8,1.8202502844141069,0.9019165727170236,True,False,,,,,,,1.8202502844141069,27.474062204360962,1.8202502844141069,27.474062204360962,0.9019165727170236,57.99760341644287,3.229527104959631,116.66202282905579,11.180124223602485,176.05359411239624,,,-1.7877094972067038,27.474062204360962,-0.8938547486033519,57.99760341644287,-0.1152073732718894,116.66202282905579,-4.958677685950414,176.05359411239624,,
2026-09-17 09:04:16,v2.1.2,MAIN,MAIN,MAIN,2026-09-17 09:04:16.303,True,KOSDAQ,119850,지엔씨에너지,54100.0,14.78,350965,48655000000.0,18987206500.0,48655000000.0,ACTUAL,1,54400.0,0.5514705882352942,1.2863865901700025,1.7848824199519915,82,29,22,16,15,False,60,2026-09-17 09:01:19.411,52000.0,69.0,176.892472,20260917_119850_E001,2026-09-17 09:01:19.411,52000.0,69.0,176.892472,229.23595237731934,9,1.5009380863039399,1.8832391713747645,True,False,,,,,,,1.5009380863039399,27.474062204360962,1.5009380863039399,27.474062204360962,1.8832391713747645,57.99760341644287,1.5009380863039399,116.66202282905579,5.048543689320388,176.05359411239624,,,-0.008230904302019226,27.474062204360962,-0.38136523266022815,57.99760341644287,-0.008230904302019226,116.66202282905579,-0.219242321205939,176.05359411239624,,
2026-09-17 09:04:16,v2.1.2,MAIN,MAIN,MAIN,2026-09-17 09:04:16.302,True,KOSPI,007660,이수페타시스,115600.0,7.43,75531,41624000000.0,8731383600.0,41624000000.0,ACTUAL,9,115800.0,0.17271157167530224,1.1243348369844142,1.4887355868729675,80,29,25,11,15,False,60,2026-09-17 09:01:19.411,114550.0,82.0,176.891472,20260917_007660_E001,2026-09-17 09:01:19.411,114550.0,82.0,176.891472,229.23595237731934,9,0.4344048653344918,1.4035087719298245,False,False,,,,,,,0.4344048653344918,27.474062204360962,0.4344048653344918,27.474062204360962,1.4035087719298245,57.99760341644287,0.8726003490401396,116.66202282905579,0.7846556233653008,176.05359411239624,,,-0.17360877464504407,27.474062204360962,-1.1259897270259964,57.99760341644287,-0.606509207545477,116.66202282905579,-0.5199291209653903,176.05359411239624,,
2026-09-17 09:04:16,v2.1.2,MAIN,MAIN,MAIN,2026-09-17 09:04:16.307,True,KOSPI,000660,SK하이닉스,1772000.0,0.91,215345,599238000000.0,381591340000.0,599238000000.0,ACTUAL,1,1785000.0,0.7282913165266106,1.0,1.1097797910772356,76,40,22,5,9,False,60,2026-09-17 09:00:00.595,1770000.0,74.0,255.712373,20260917_000660_E001,2026-09-17 09:00:00.595,1770000.0,74.0,255.712373,229.23595237731934,9,0.0,-0.11273957158962795,False,True,20260917_000660_SHADOW_SCORE_70_74_E001_090022311207,2026-09-17 09:00:22.294,1770000.0,74.0,81.456994,0.621468926553681,0.0,27.474062204360962,0.0,27.474062204360962,-0.11273957158962795,57.99760341644287,-0.16901408450704225,116.66202282905579,-0.5053340819764177,176.05359411239624,,,0.0,27.474062204360962,0.1120448179271708,57.99760341644287,0.16806722689075626,116.66202282905579,0.6161208173678894,176.05359411239624,,
2026-09-17 09:04:16,v2.1.2,MAIN,MAIN,MAIN,2026-09-17 09:04:16.315,True,KOSPI,005930,삼성전자,257000.0,0.99,683226,324851000000.0,175589082000.0,324851000000.0,ACTUAL,2,259000.0,0.7722007722007722,1.0,1.1152197545695828,76,40,22,5,9,False,60,2026-09-17 09:00:00.595,256500.0,74.0,255.719877,20260917_005930_E001,2026-09-17 09:00:00.595,256500.0,74.0,255.719877,229.23595237731934,9,0.0,-0.2909796314258002,False,True,20260917_005930_SHADOW_SCORE_70_74_E001_090022312207,2026-09-17 09:00:22.305,256500.0,74.0,81.455023,0.7797270955165692,0.0,27.474062204360962,0.0,27.474062204360962,-0.2909796314258002,57.99760341644287,-0.3875968992248062,116.66202282905579,-0.5802707930367506,176.05359411239624,,,0.0,27.474062204360962,0.2895752895752896,57.99760341644287,0.3861003861003861,116.66202282905579,0.7722007722007722,176.05359411239624,,
2026-09-17 09:04:45,v2.1.2,MAIN,MAIN,MAIN,2026-09-17 09:04:45.446,True,KOSDAQ,119850,지엔씨에너지,53950.0,14.47,367777,51319000000.0,19841569150.0,51319000000.0,ACTUAL,1,54400.0,0.8272058823529412,1.294953318193288,1.5627674356348555,86,33,22,16,15,False,60,2026-09-17 09:01:19.411,52000.0,69.0,206.034914,20260917_119850_E001,2026-09-17 09:01:19.411,52000.0,69.0,206.034914,256.74472212791443,10,-0.27726432532347506,1.2195121951219512,True,False,,,,,,,-0.27726432532347506,27.508769750595093,-0.27726432532347506,27.508769750595093,1.2195121951219512,54.982831954956055,1.7924528301886793,112.2288818359375,3.75,177.92882227897644,,,0.2757352941176471,27.508769750595093,0.26750438981562785,54.982831954956055,-0.29219710272168553,112.2288818359375,0.7311444030061593,177.92882227897644,,
2026-09-17 09:04:45,v2.1.2,MAIN,MAIN,MAIN,2026-09-17 09:04:45.445,True,KOSDAQ,201490,미투온,4405.0,15.1,7881826,33501000000.0,34719443530.0,33501000000.0,ACTUAL,3,4475.0,1.564245810055866,1.397563722831755,1.368183731585658,83,29,19,20,15,False,60,2026-09-17 09:02:51.833,4435.0,81.0,113.611434,20260917_201490_E001,2026-09-17 09:02:51.833,4435.0,81.0,113.611434,228.1004946231842,9,-1.564245810055866,0.22753128555176336,True,False,,,,,,,-1.564245810055866,27.508769750595093,-1.564245810055866,27.508769750595093,0.22753128555176336,54.982831954956055,0.22753128555176336,112.2288818359375,9.850374064837904,177.92882227897644,,,1.564245810055866,27.508769750595093,-0.22346368715083775,54.982831954956055,0.32829075387609086,112.2288818359375,-3.7486231391767197,177.92882227897644,,
2026-09-17 09:04:45,v2.1.2,MAIN,MAIN,MAIN,2026-09-17 09:04:45.441,True,KOSPI,082740,한화엔진,52500.0,9.26,176806,20179000000.0,9282315000.0,20179000000.0,ACTUAL,25,52800.0,0.5681818181818182,1.8799142910378237,3.4595260923161213,81,24,22,20,15,False,60,2026-09-17 09:04:17.340,52500.0,81.0,28.101089,20260917_082740_E001,2026-09-17 09:04:17.340,52500.0,81.0,28.101089,256.74472212791443,10,0.0,-0.3795066413662239,False,False,,,,,,,0.0,27.508769750595093,0.0,27.508769750595093,-0.3795066413662239,54.982831954956055,1.3513513513513513,112.2288818359375,1.3513513513513513,177.92882227897644,,,,,,,,,-3.5744000700648098,203.56236386299133,,
2026-09-17 09:05:19,v2.1.2,MAIN,MAIN,MAIN,2026-09-17 09:05:18.977,True,KOSDAQ,201490,미투온,4450.0,15.23,8722354,37142000000.0,38814475300.0,37142000000.0,ACTUAL,3,4500.0,1.1111111111111112,1.1889244558258643,1.1723594086021505,76,29,19,16,12,True,60,2026-09-17 09:02:51.833,4435.0,81.0,147.143773,20260917_201490_E001,2026-09-17 09:02:51.833,4435.0,81.0,147.143773,260.5465705394745,10,1.0215664018161181,-0.5586592178770949,True,False,,,,,,,1.0215664018161181,32.44607591629028,1.0215664018161181,32.44607591629028,-0.5586592178770949,59.954845666885376,0.3382187147688839,117.95244908332825,2.6528258362168398,176.61686849594116,,,-0.4531346989447549,32.44607591629028,1.1111111111111112,59.954845666885376,0.21725636250775926,117.95244908332825,0.9959037378392217,176.61686849594116,,
2026-09-17 09:05:50,v2.1.2,MAIN,MAIN,MAIN,2026-09-17 09:05:50.120,True,KOSDAQ,201490,미투온,4430.0,16.28,9205285,39467000000.0,40779412550.0,39467000000.0,ACTUAL,3,4500.0,1.5555555555555556,1.178084236291454,1.1679127400173512,76,29,19,16,12,False,60,2026-09-17 09:02:51.833,4435.0,81.0,178.287041,20260917_201490_E001,2026-09-17 09:02:51.833,4435.0,81.0,178.287041,292.75225734710693,11,-0.44943820224719105,0.5675368898978433,True,False,,,,,,,-0.44943820224719105,32.205686807632446,-0.44943820224719105,32.205686807632446,0.5675368898978433,64.65176272392273,0.7963594994311717,119.63459467887878,0.7963594994311717,176.88064455986023,,,0.4444444444444444,32.205686807632446,-0.008690254500310468,64.65176272392273,-0.23215394165114822,119.63459467887878,0.3196004993757804,176.88064455986023,-2.1044208316935586,292.75225734710693
2026-09-17 09:06:17,v2.1.2,MAIN,MAIN,MAIN,2026-09-17 09:06:17.148,True,KOSPI,082740,한화엔진,53000.0,10.3,239458,25945000000.0,12691274000.0,25945000000.0,ACTUAL,19,53100.0,0.18832391713747645,1.2857426036969126,1.354354490232232,80,24,25,16,15,True,60,2026-09-17 09:04:17.340,52500.0,81.0,119.807914,20260917_082740_E002,2026-09-17 09:05:21.992,52700.0,72.0,55.156151,350.57574486732483,13,0.5692599620493358,1.1450381679389312,True,False,,,,,,,0.5692599620493358,29.17926001548767,0.5692599620493358,29.17926001548767,1.1450381679389312,61.38494682312012,0.9523809523809524,121.3397924900055,1.9230769230769231,179.33739590644836,6.532663316582915,297.39338660240173,-0.001070022256462938,29.17926001548767,-0.5692518404382811,61.38494682312012,-0.3798579010443418,93.8310227394104,,,-3.9542579711091514,297.39338660240173
2026-09-17 09:06:17,v2.1.2,MAIN,MAIN,MAIN,2026-09-17 09:06:17.170,True,KOSPI,000660,SK하이닉스,1759000.0,0.91,265225,599238000000.0,466530775000.0,599238000000.0,ACTUAL,1,1785000.0,1.4565826330532212,1.0,1.1687782306929602,76,40,19,5,12,True,60,2026-09-17 09:00:00.595,1770000.0,74.0,376.57465,20260917_000660_E001,2026-09-17 09:00:00.595,1770000.0,74.0,376.57465,350.57574486732483,13,0.17084282460136674,-0.22688598979013047,False,True,20260917_000660_SHADOW_SCORE_70_74_E001_090022311207,2026-09-17 09:00:22.294,1770000.0,74.0,81.456994,0.621468926553681,0.17084282460136674,29.17926001548767,0.17084282460136674,29.17926001548767,-0.22688598979013047,61.38494682312012,-0.7336343115124153,121.3397924900055,-0.8455467869222096,179.33739590644836,-1.235261089275688,297.39338660240173,-0.1680672268907566,29.17926001548767,0.2240896358543416,61.38494682312012,0.7282913165266106,121.3397924900055,0.8403361344537814,179.33739590644836,1.3444121338944999,297.39338660240173
2026-09-17 09:06:46,v2.1.2,MAIN,MAIN,MAIN,2026-09-17 09:06:46.747,True,KOSPI,082740,한화엔진,52800.0,10.09,263632,28255000000.0,13919769600.0,28255000000.0,ACTUAL,18,53200.0,0.7518796992481203,1.3124767744332961,1.3556435439913612,81,24,22,20,15,True,60,2026-09-17 09:04:17.340,52500.0,81.0,149.407439,20260917_082740_E002,2026-09-17 09:05:21.992,52700.0,72.0,84.755676,377.6126616001129,14,-0.37735849056603776,0.18975332068311196,True,False,,,,,,,-0.37735849056603776,27.036916732788086,-0.37735849056603776,27.036916732788086,0.18975332068311196,56.21617674827576,0.5714285714285714,120.86793947219849,0.18975332068311196,175.85077142715454,1.9305019305019304,298.7967617511749,0.5635557821106438,27.036916732788086,0.5624857598541808,56.21617674827576,0.18369788106630203,120.86793947219849,,,-3.3907021889985076,324.4303033351898
2026-09-17 09:06:46,v2.1.2,MAIN,MAIN,MAIN,2026-09-17 09:06:46.758,True,KOSDAQ,067310,하나마이크론,38650.0,10.44,734044,27485000000.0,28370800600.0,27485000000.0,ACTUAL,8,38850.0,0.5148005148005148,1.3121837104936502,1.2850347936452362,78,24,22,20,12,True,60,2026-09-17 09:06:18.208,38650.0,78.0,28.550503,20260917_067310_E001,2026-09-17 09:06:18.208,38650.0,78.0,28.550503,348.9684340953827,13,0.38961038961038963,0.6510416666666667,True,False,,,,,,,0.38961038961038963,27.036916732788086,0.38961038961038963,27.036916732788086,0.6510416666666667,56.21617674827576,0.25940337224383914,120.86793947219849,1.4435695538057742,175.85077142715454,6.035665294924554,298.7967617511749,-0.3861003861003861,27.036916732788086,-0.6435006435006434,56.21617674827576,,,,,,
2026-09-17 09:06:49,v2.1.2,MAIN,MAIN,MAIN,2026-09-17 09:06:46.761,True,KOSPI,000660,SK하이닉스,1756000.0,0.91,275559,599238000000.0,483881604000.0,599238000000.0,ACTUAL,1,1785000.0,1.6246498599439778,1.0,1.16293664090888,76,40,19,5,12,False,60,2026-09-17 09:00:00.595,1770000.0,74.0,406.166097,20260917_000660_E001,2026-09-17 09:00:00.595,1770000.0,74.0,406.166097,377.6126616001129,14,-0.17055144968732233,0.0,False,True,20260917_000660_SHADOW_SCORE_70_74_E001_090022311207,2026-09-17 09:00:22.294,1770000.0,74.0,81.456994,0.621468926553681,-0.17055144968732233,27.036916732788086,-0.17055144968732233,27.036916732788086,0.0,56.21617674827576,-0.45351473922902497,120.86793947219849,-0.9029345372460496,175.85077142715454,-1.403705783267827,298.7967617511749,0.1680672268907566,27.036916732788086,0.0,56.21617674827576,0.44817927170868366,120.86793947219849,0.8963585434173672,175.85077142715454,1.4564884249663994,298.7967617511749
2026-09-17 09:07:49,v2.1.2,MAIN,MAIN,MAIN,2026-09-17 09:07:49.287,True,KOSPI,005930,삼성전자,256000.0,0.99,964220,324851000000.0,246840320000.0,324851000000.0,ACTUAL,2,259000.0,1.1583011583011582,1.0,1.1621406954138458,76,40,19,5,12,True,60,2026-09-17 09:00:00.595,256500.0,74.0,468.691748,20260917_005930_E001,2026-09-17 09:00:00.595,256500.0,74.0,468.691748,440.5128884315491,16,0.2938295788442703,0.0,False,True,20260917_005930_SHADOW_SCORE_70_74_E001_090022312207,2026-09-17 09:00:22.305,256500.0,74.0,81.455023,0.7797270955165692,0.2938295788442703,29.747188329696655,0.2938295788442703,29.747188329696655,0.0,62.90022683143616,0.09775171065493646,119.11640357971191,-0.0975609756097561,183.76816630363464,-0.5825242718446602,295.99704813957214,-0.28957528957528966,29.747188329696655,0.0,62.90022683143616,-0.09652509652509655,119.11640357971191,0.09652509652509655,183.76816630363464,0.5791505791505791,295.99704813957214
2026-09-17 09:08:19,v2.1.2,MAIN,MAIN,MAIN,2026-09-17 09:08:19.232,True,KOSPI,007660,이수페타시스,115300.0,7.06,115319,49480000000.0,13296280700.0,49480000000.0,ACTUAL,15,115800.0,0.4317789291882556,1.061483674432574,1.1524754652115687,77,29,25,11,12,True,60,2026-09-17 09:01:19.411,114550.0,82.0,419.820583,20260917_007660_E001,2026-09-17 09:01:19.411,114550.0,82.0,419.820583,470.5702545642853,17,0.1737619461337967,1.5859030837004406,False,False,,,,,,,0.1737619461337967,30.057366132736206,0.1737619461337967,30.057366132736206,1.5859030837004406,59.80455446243286,1.4964788732394365,119.99450969696045,0.6108202443280977,181.37945652008057,1.1403508771929824,299.3319056034088,-0.17271157167530232,30.057366132736206,-1.55440414507772,59.80455446243286,-1.468048359240069,119.99450969696045,-0.6044905008635579,181.37945652008057,-0.866922369513043,299.3319056034088
2026-09-17 09:08:48,v2.1.2,MAIN,MAIN,MAIN,2026-09-17 09:08:48.625,True,KOSPI,007660,이수페타시스,114700.0,6.51,120111,50605000000.0,13776731700.0,50605000000.0,ACTUAL,15,115800.0,0.9499136442141624,1.0856180546616896,1.2003657732206032,78,33,22,11,12,True,60,2026-09-17 09:01:19.411,114550.0,82.0,449.214215,20260917_007660_E001,2026-09-17 09:01:19.411,114550.0,82.0,449.214215,500.63524651527405,18,-0.5203816131830009,-0.3475238922675934,False,False,,,,,,,-0.5203816131830009,30.06499195098877,-0.5203816131830009,30.06499195098877,-0.3475238922675934,60.122358083724976,0.7023705004389815,123.02258491516113,0.6140350877192983,179.2387616634369,-0.3475238922675934,298.8733563423157,0.5181347150259068,30.06499195098877,0.3454231433506044,60.122358083724976,-0.6908462867012092,123.02258491516113,-0.6044905008635578,179.2387616634369,0.6035932978938161,298.8733563423157
2026-09-17 09:08:48,v2.1.2,MAIN,MAIN,MAIN,2026-09-17 09:08:48.651,True,KOSPI,005930,삼성전자,255500.0,0.99,1035760,324851000000.0,264636680000.0,324851000000.0,ACTUAL,2,259000.0,1.3513513513513513,1.0,1.1630891889615675,76,40,19,5,12,True,60,2026-09-17 09:00:00.595,256500.0,74.0,528.056157,20260917_005930_E001,2026-09-17 09:00:00.595,256500.0,74.0,528.056157,500.63524651527405,18,-0.09775171065493646,-0.1953125,False,True,20260917_005930_SHADOW_SCORE_70_74_E001_090022312207,2026-09-17 09:00:22.305,256500.0,74.0,81.455023,0.7797270955165692,-0.09775171065493646,30.06499195098877,-0.09775171065493646,30.06499195098877,-0.1953125,60.122358083724976,-0.1953125,123.02258491516113,-0.09775171065493646,179.2387616634369,-0.5836575875486382,298.8733563423157,0.09652509652509655,30.06499195098877,0.1930501930501931,60.122358083724976,0.1930501930501931,123.02258491516113,0.09652509652509655,179.2387616634369,0.5791505791505791,298.8733563423157
2026-09-17 09:11:25,v2.1.2,MAIN,MAIN,MAIN,2026-09-17 09:11:25.334,True,KOSPI,007660,이수페타시스,115800.0,7.53,146230,55676000000.0,16933434000.0,55676000000.0,ACTUAL,15,116000.0,0.1724137931034483,1.06861672520681,1.1432882731444922,78,33,25,11,9,True,60,2026-09-17 09:01:19.411,114550.0,82.0,605.923346,20260917_007660_E001,2026-09-17 09:01:19.411,114550.0,82.0,605.923346,578.0065035820007,20,0.7394519356241844,1.2237762237762237,False,False,,,,,,,0.7394519356241844,31.721343994140625,0.7394519356241844,31.721343994140625,1.2237762237762237,63.249950647354126,0.6956521739130435,126.79198455810547,0.43365134431916735,186.25214886665344,1.936619718309859,306.2466585636139,-0.5616103865165862,31.721343994140625,-1.0365672086236675,63.249950647354126,-0.5184324935977607,126.79198455810547,-0.2593651360848073,186.25214886665344,-1.7274134953248765,306.2466585636139
2026-09-17 09:11:25,v2.1.2,MAIN,MAIN,MAIN,2026-09-17 09:11:25.337,True,KOSDAQ,027360,아주IB투자,4055.0,16.86,5538366,20858000000.0,22458074130.0,20858000000.0,ACTUAL,17,4130.0,1.8159806295399514,1.3030549134753546,1.1737175842343144,75,24,19,20,12,False,60,2026-09-17 09:10:57.417,4055.0,75.0,27.919843,20260917_027360_E001,2026-09-17 09:10:57.417,4055.0,75.0,27.919843,578.0065035820007,20,-0.9768009768009768,-0.8557457212713936,False,False,,,,,,,-0.9768009768009768,31.721343994140625,-0.9768009768009768,31.721343994140625,-0.8557457212713936,63.249950647354126,2.788339670468948,126.79198455810547,2.788339670468948,186.25214886665344,4.510309278350515,306.2466585636139,0.9685230024213074,31.721343994140625,0.8474576271186439,63.249950647354126,1.8159806295399514,126.79198455810547,1.8159806295399514,186.25214886665344,,
2026-09-17 09:11:58,v2.1.2,MAIN,MAIN,MAIN,2026-09-17 09:11:58.568,True,KOSPI,007660,이수페타시스,116000.0,7.71,154659,58876000000.0,17940444000.0,58876000000.0,ACTUAL,15,116100.0,0.08613264427217916,1.1068997931942095,1.1663662621890059,81,33,25,11,12,True,60,2026-09-17 09:01:19.411,114550.0,82.0,639.157223,20260917_007660_E001,2026-09-17 09:01:19.411,114550.0,82.0,639.157223,576.8853538036346,20,0.17271157167530224,0.9134406263592866,False,False,,,,,,,0.17271157167530224,32.63687992095947,0.17271157167530224,32.63687992095947,0.9134406263592866,64.3582239151001,1.3100436681222707,127.69746780395508,1.1333914559721012,188.82403683662415,1.8437225636523267,311.8466217517853,-0.08628114883126912,32.63687992095947,-0.6478915353478554,64.3582239151001,-1.0364925716172855,127.69746780395508,-0.8637809999419832,188.82403683662415,-1.5546272866431923,311.8466217517853
2026-09-17 09:12:29,v2.1.2,MAIN,MAIN,MAIN,2026-09-17 09:12:29.172,True,KOSPI,007660,이수페타시스,116100.0,7.81,160256,60020000000.0,18605721600.0,60020000000.0,ACTUAL,15,116100.0,0.0,1.0780228464688555,1.095917390412364,78,33,25,11,9,True,60,2026-09-17 09:01:19.411,114550.0,82.0,669.760959,20260917_007660_E001,2026-09-17 09:01:19.411,114550.0,82.0,669.760959,575.3539221286774,20,0.08620689655172414,0.2590673575129534,False,False,,,,,,,0.08620689655172414,30.410479068756104,0.08620689655172414,30.410479068756104,0.2590673575129534,63.047358989715576,1.486013986013986,126.2973096370697,0.9565217391304347,189.83934354782104,2.290748898678414,309.1040623188019,-0.08613264427217916,30.410479068756104,-0.1724137931034483,63.047358989715576,-1.2089810017271159,126.2973096370697,-0.690846286701209,189.83934354782104,-1.9861830742659756,309.1040623188019
2026-09-17 09:13:01,v2.1.2,MAIN,MAIN,MAIN,2026-09-17 09:13:00.874,True,KOSPI,007660,이수페타시스,116300.0,7.99,168838,62339000000.0,19635859400.0,62339000000.0,ACTUAL,15,116600.0,0.2572898799313894,1.05881853386779,1.0916791134043282,78,33,25,11,9,True,60,2026-09-17 09:01:19.411,114550.0,82.0,701.46282,20260917_007660_E001,2026-09-17 09:01:19.411,114550.0,82.0,701.46282,580.1083786487579,20,0.17226528854435832,0.25862068965517243,False,False,,,,,,,0.17226528854435832,31.476965188980103,0.17226528854435832,31.476965188980103,0.25862068965517243,61.887444257736206,1.17442366246194,126.2456681728363,1.572052401746725,189.58491206169128,1.0425716768027802,310.8338391780853,0.2572898799313894,31.476965188980103,0.17115723565921026,61.887444257736206,-0.4767342996886451,126.2456681728363,-0.8653353359580753,189.58491206169128,-0.3472006209321685,310.8338391780853
2026-09-17 09:13:34,v2.1.2,MAIN,MAIN,MAIN,2026-09-17 09:13:34.294,True,KOSPI,004310,현대약품,11210.0,12.54,3232548,34337000000.0,36236863080.0,34337000000.0,ACTUAL,21,11260.0,0.4440497335701598,1.314636854397182,1.3104720669881482,89,29,25,20,15,True,60,2026-09-17 09:12:00.465,10760.0,63.0,93.828934,20260917_004310_E001,2026-09-17 09:12:00.465,10760.0,63.0,93.828934,580.2646934986115,20,4.376163873370578,4.182156133828997,True,False,,,,,,,4.376163873370578,30.679856061935425,4.376163873370578,30.679856061935425,4.182156133828997,62.15682125091553,6.15530303030303,125.2041802406311,6.965648854961833,188.45413088798523,4.473438956197577,311.45632910728455,-0.7519024283433637,30.679856061935425,-0.5679097880489752,62.15682125091553,-2.4078361909928576,125.2041802406311,-3.1438067521704105,188.45413088798523,,
2026-09-17 09:13:37,v2.1.2,MAIN,MAIN,MAIN,2026-09-17 09:13:34.303,True,KOSPI,007660,이수페타시스,115700.0,7.25,177537,63896000000.0,20541030900.0,63896000000.0,ACTUAL,15,116600.0,0.7718696397941681,1.0645784738420527,1.107833716054313,75,33,22,11,9,True,60,2026-09-17 09:01:19.411,114550.0,82.0,734.891882,20260917_007660_E001,2026-09-17 09:01:19.411,114550.0,82.0,734.891882,580.2646934986115,20,-0.5159071367153912,-0.34453057708871665,False,False,,,,,,,-0.5159071367153912,30.679856061935425,-0.5159071367153912,30.679856061935425,-0.34453057708871665,62.15682125091553,-0.08635578583765112,125.2041802406311,1.1363636363636365,188.45413088798523,0.3469210754553339,311.45632910728455,0.5145797598627787,30.679856061935425,0.7718696397941681,62.15682125091553,0.5994558466907198,125.2041802406311,-0.43711136193294775,188.45413088798523,0.3400907106059125,311.45632910728455
2026-09-17 09:14:07,v2.1.2,MAIN,MAIN,MAIN,2026-09-17 09:14:07.483,True,KOSPI,004310,현대약품,11300.0,13.34,3691197,39742000000.0,41710526100.0,39742000000.0,ACTUAL,19,11300.0,0.0,1.4796530027178971,1.455641581883652,89,29,25,20,15,True,60,2026-09-17 09:12:00.465,10760.0,63.0,127.017811,20260917_004310_E001,2026-09-17 09:12:00.465,10760.0,63.0,127.017811,588.9920890331268,20,0.8028545941123997,5.21415270018622,True,False,,,,,,,0.8028545941123997,36.20145773887634,0.8028545941123997,36.20145773887634,5.21415270018622,66.88131380081177,6.0037523452157595,128.76875805854797,6.203007518796992,193.12698197364807,6.503298774740811,288.1976225376129,-0.4440497335701598,36.20145773887634,-1.1959521619135236,66.88131380081177,-1.9319227230910765,128.76875805854797,-2.1159153633854646,193.12698197364807,-2.391904323827047,288.1976225376129
2026-09-17 09:14:41,v2.1.2,MAIN,MAIN,MAIN,2026-09-17 09:14:41.474,True,KOSPI,004310,현대약품,11300.0,13.34,3691197,39742000000.0,41710526100.0,39742000000.0,ACTUAL,19,11300.0,0.0,1.1574103736494161,1.1418846680698942,79,29,25,16,9,True,60,2026-09-17 09:12:00.465,10760.0,63.0,161.008967,20260917_004310_E001,2026-09-17 09:12:00.465,10760.0,63.0,161.008967,593.047037601471,20,0.0,0.8028545941123997,True,False,,,,,,,0.0,31.56371831893921,0.0,31.56371831893921,0.8028545941123997,67.76517605781555,5.018587360594796,129.92199730873108,7.007575757575757,192.96935629844666,7.721639656816015,288.02994418144226,0.0,31.56371831893921,-0.4440497335701598,67.76517605781555,-1.011959521619135,129.92199730873108,-2.8518859245630175,192.96935629844666,-3.4958601655933763,288.02994418144226
2026-09-17 09:16:41,v2.1.2,MAIN,MAIN,MAIN,2026-09-17 09:16:41.844,True,KOSPI,004310,현대약품,11490.0,15.05,4791388,52080000000.0,55053048120.0,52080000000.0,ACTUAL,17,11550.0,0.5194805194805194,1.3104524180967239,1.29805805542213,87,33,22,20,12,True,60,2026-09-17 09:12:00.465,10760.0,63.0,281.378887,20260917_004310_E001,2026-09-17 09:12:00.465,10760.0,63.0,281.378887,569.7958343029022,19,1.6814159292035398,1.6814159292035398,True,False,,,,,,,1.6814159292035398,33.241427183151245,1.6814159292035398,33.241427183151245,1.6814159292035398,65.38990831375122,1.6814159292035398,130.76977467536926,1.6814159292035398,162.33349299430847,7.786116322701689,291.10225105285645,0.5194805194805194,33.241427183151245,0.5194805194805194,65.38990831375122,0.5194805194805194,130.76977467536926,0.5194805194805194,162.33349299430847,-1.412442203610557,291.10225105285645
2026-09-17 09:17:03,v2.1.2,MAIN,MAIN,MAIN,2026-09-17 09:17:03.156,True,KOSPI,004310,현대약품,11570.0,15.85,5127276,55335000000.0,59322583320.0,55335000000.0,ACTUAL,17,11630.0,0.5159071367153912,1.392355694227769,1.3890550951358056,90,33,22,20,15,True,60,2026-09-17 09:12:00.465,10760.0,63.0,302.691402,20260917_004310_E001,2026-09-17 09:12:00.465,10760.0,63.0,302.691402,591.5253789424896,20,0.6962576153176675,2.3893805309734515,True,False,,,,,,,0.6962576153176675,21.729544639587402,0.6962576153176675,21.729544639587402,2.3893805309734515,54.97097182273865,2.3893805309734515,118.93394255638123,2.3893805309734515,184.06303763389587,8.536585365853659,312.83179569244385,-0.003573382765128197,21.729544639587402,0.5159071367153912,54.97097182273865,0.5159071367153912,118.93394255638123,0.5159071367153912,184.06303763389587,-1.4160155863756851,312.83179569244385
2026-09-17 09:17:26,v2.1.2,MAIN,MAIN,MAIN,2026-09-17 09:17:25.975,True,KOSPI,004310,현대약품,11620.0,16.05,5459692,59642000000.0,63441621040.0,59642000000.0,ACTUAL,17,11630.0,0.08598452278589853,1.500729706607619,1.4791115185670123,93,33,25,20,15,True,60,2026-09-17 09:12:00.465,10760.0,63.0,325.509996,20260917_004310_E001,2026-09-17 09:12:00.465,10760.0,63.0,325.509996,583.8310775756836,20,0.432152117545376,1.1314186248912097,True,False,,,,,,,0.432152117545376,22.052886962890625,0.432152117545376,22.052886962890625,1.1314186248912097,43.78243160247803,2.831858407079646,109.17233991622925,2.831858407079646,174.5522062778473,7.992565055762081,304.47420358657837,-0.4299226139294927,22.052886962890625,-0.4334959966946209,43.78243160247803,0.08598452278589853,109.17233991622925,0.08598452278589853,174.5522062778473,-0.9259749988332365,304.47420358657837
2026-09-17 09:17:47,v2.1.2,MAIN,MAIN,MAIN,2026-09-17 09:17:47.333,True,KOSPI,004310,현대약품,11590.0,16.15,5807498,63768000000.0,67308901820.0,63768000000.0,ACTUAL,16,11750.0,1.3617021276595744,1.2244239631336407,1.2120700723882099,80,33,19,16,12,True,60,2026-09-17 09:12:00.465,10760.0,63.0,346.867771,20260917_004310_E001,2026-09-17 09:12:00.465,10760.0,63.0,346.867771,576.7131633758545,20,-0.25817555938037867,0.8703220191470844,True,False,,,,,,,-0.25817555938037867,22.939451932907104,-0.25817555938037867,22.939451932907104,0.8703220191470844,66.72188353538513,2.566371681415929,132.11179184913635,2.566371681415929,163.92628145217896,7.9143389199255125,295.93669033050537,1.2757176048736758,22.939451932907104,0.842221608179055,66.72188353538513,1.3617021276595744,132.11179184913635,1.3617021276595744,163.92628145217896,0.16574996574605083,295.93669033050537
2026-09-17 09:18:08,v2.1.2,MAIN,MAIN,MAIN,2026-09-17 09:18:08.177,True,KOSPI,004310,현대약품,11630.0,17.25,5950114,65576000000.0,69199825820.0,65576000000.0,ACTUAL,16,11750.0,1.0212765957446808,1.1850727387729285,1.1604824862168528,80,33,19,16,12,True,60,2026-09-17 09:12:00.465,10760.0,63.0,367.711746,20260917_004310_E001,2026-09-17 09:12:00.465,10760.0,63.0,367.711746,597.2111930847168,21,0.3451251078515962,0.5185825410544511,True,False,,,,,,,0.3451251078515962,20.498029708862305,0.3451251078515962,20.498029708862305,0.5185825410544511,65.49036860466003,2.920353982300885,120.46134042739868,2.920353982300885,184.42431116104126,3.746654772524532,285.75486397743225,-0.34042553191489366,20.498029708862305,0.5053694590292895,65.49036860466003,1.0212765957446808,120.46134042739868,1.0212765957446808,184.42431116104126,0.5772268621745209,285.75486397743225
2026-09-17 09:18:08,v2.1.2,MAIN,MAIN,MAIN,2026-09-17 09:18:08.184,True,KOSDAQ,043260,성호전자,20150.0,8.03,1455038,28188000000.0,29319015700.0,28188000000.0,ACTUAL,12,20150.0,0.0,1.1563358903884808,1.1549863945362235,77,24,25,16,12,True,60,2026-09-17 09:16:42.886,19650.0,63.0,85.29831,20260917_043260_E001,2026-09-17 09:16:42.886,19650.0,63.0,85.29831,597.2111930847168,21,0.24875621890547264,2.5445292620865136,True,False,,,,,,,0.24875621890547264,20.498029708862305,0.24875621890547264,20.498029708862305,2.5445292620865136,65.49036860466003,2.440264361972547,120.46134042739868,5.002605523710265,184.42431116104126,5.276907001044933,285.75486397743225,0.0,20.498029708862305,-1.6516516516516515,65.49036860466003,-1.5515515515515517,120.46134042739868,,,,
2026-09-17 09:18:56,v2.1.2,MAIN,MAIN,MAIN,2026-09-17 09:18:55.932,True,KOSPI,004310,현대약품,11570.0,15.95,6348693,70248000000.0,73454378010.0,70248000000.0,ACTUAL,15,11750.0,1.5319148936170213,1.1016183665788484,1.0931890118601848,76,37,19,11,9,False,60,2026-09-17 09:12:00.465,10760.0,63.0,415.4675,20260917_004310_E001,2026-09-17 09:12:00.465,10760.0,63.0,415.4675,584.087771654129,21,-0.08635578583765112,-0.1725625539257981,True,False,,,,,,,-0.08635578583765112,22.02301549911499,-0.08635578583765112,22.02301549911499,-0.1725625539257981,66.83477258682251,0.0,111.82711148262024,2.3893805309734515,166.7980833053589,2.3893805309734515,295.8901491165161,0.0851063829787233,22.02301549911499,0.17021276595744683,66.83477258682251,1.01600775690163,111.82711148262024,1.5319148936170213,166.7980833053589,1.5319148936170213,295.8901491165161
2026-09-17 09:18:56,v2.1.2,MAIN,MAIN,MAIN,2026-09-17 09:18:55.937,True,KOSDAQ,067310,하나마이크론,38550.0,10.3,1339875,50854000000.0,51652181250.0,50854000000.0,ACTUAL,4,38850.0,0.7722007722007722,1.0647599505872993,1.0629938126401755,75,33,22,11,9,True,60,2026-09-17 09:06:18.208,38650.0,78.0,757.7296,20260917_067310_E004,2026-09-17 09:16:42.886,38650.0,71.0,133.051183,584.087771654129,21,-0.258732212160414,-0.1295336787564767,False,False,,,,,,,-0.258732212160414,22.02301549911499,-0.258732212160414,22.02301549911499,-0.1295336787564767,66.83477258682251,-0.258732212160414,111.82711148262024,0.7843137254901961,166.7980833053589,1.7150395778364116,295.8901491165161,0.2574002574002574,22.02301549911499,0.1287001287001287,66.83477258682251,0.2574002574002574,111.82711148262024,-0.7722007722007722,166.7980833053589,-1.6731016731016728,295.8901491165161
2026-09-17 09:19:18,v2.1.2,MAIN,MAIN,MAIN,2026-09-17 09:19:18.387,True,KOSDAQ,043260,성호전자,20950.0,12.61,1691383,32919000000.0,35434473850.0,32919000000.0,ACTUAL,11,20950.0,0.0,1.1678373776074926,1.1624321839017262,82,29,25,16,12,True,60,2026-09-17 09:16:42.886,19650.0,63.0,155.500748,20260917_043260_E001,2026-09-17 09:16:42.886,19650.0,63.0,155.500748,575.3695163726807,21,0.9638554216867471,3.970223325062035,True,False,,,,,,,0.9638554216867471,23.0131413936615,0.9638554216867471,23.0131413936615,3.970223325062035,69.3498842716217,5.276381909547738,112.78736591339111,6.507371631926792,189.81122469902039,8.944357774310973,287.3395721912384,0.0,23.0131413936615,0.0,69.3498842716217,-0.40040040040040037,112.78736591339111,-1.5515515515515517,189.81122469902039,,
2026-09-17 09:19:18,v2.1.2,MAIN,MAIN,MAIN,2026-09-17 09:19:18.383,True,KOSPI,004310,현대약품,11570.0,16.65,6533816,72359000000.0,75596251120.0,72359000000.0,ACTUAL,14,11750.0,1.5319148936170213,1.1034372331340734,1.0980992969210337,76,37,19,11,9,False,60,2026-09-17 09:12:00.465,10760.0,63.0,437.918059,20260917_004310_E001,2026-09-17 09:12:00.465,10760.0,63.0,437.918059,575.3695163726807,21,0.0,-0.5159071367153912,True,False,,,,,,,0.0,23.0131413936615,0.0,23.0131413936615,-0.5159071367153912,69.3498842716217,-0.4302925989672977,112.78736591339111,2.3893805309734515,189.81122469902039,2.3893805309734515,287.3395721912384,0.0,23.0131413936615,0.5106382978723405,69.3498842716217,1.4459303708311226,112.78736591339111,1.5319148936170213,189.81122469902039,1.5319148936170213,287.3395721912384
2026-09-17 09:19:42,v2.1.2,MAIN,MAIN,MAIN,2026-09-17 09:19:42.359,True,KOSDAQ,043260,성호전자,20600.0,11.53,1755602,34445000000.0,36165401200.0,34445000000.0,ACTUAL,9,20950.0,1.6706443914081146,1.1691728047248906,1.1566228706166342,76,29,19,16,12,False,60,2026-09-17 09:16:42.886,19650.0,63.0,179.473226,20260917_043260_E001,2026-09-17 09:16:42.886,19650.0,63.0,179.473226,597.6483633518219,22,-1.6706443914081146,1.728395061728395,True,False,,,,,,,-1.6706443914081146,22.278846979141235,-1.6706443914081146,22.278846979141235,1.728395061728395,67.31500387191772,2.4875621890547266,112.12676095962524,5.478750640040963,178.84864449501038,7.124284971398856,309.61841917037964,1.6706443914081146,22.278846979141235,1.1792439000076231,67.31500387191772,1.6706443914081146,112.12676095962524,-0.5816078608441377,178.84864449501038,,
2026-09-17 09:20:05,v2.1.2,MAIN,MAIN,MAIN,2026-09-17 09:20:05.623,True,KOSDAQ,043260,성호전자,20850.0,12.34,1803199,35438000000.0,37596699150.0,35438000000.0,ACTUAL,9,20950.0,0.47732696897374705,1.154069104764386,1.1220190131055776,79,29,25,16,9,True,60,2026-09-17 09:16:42.886,19650.0,63.0,202.737151,20260917_043260_E001,2026-09-17 09:16:42.886,19650.0,63.0,202.737151,590.7008764743805,22,1.2135922330097086,0.48192771084337355,True,False,,,,,,,1.2135922330097086,24.863150358200073,1.2135922330097086,24.863150358200073,0.48192771084337355,70.15513873100281,3.4739454094292808,116.49188160896301,6.106870229007633,181.98225021362305,8.650338718082335,300.9161927700043,-1.1933174224343674,24.863150358200073,0.47732696897374705,70.15513873100281,0.47732696897374705,116.49188160896301,-1.1743246826779044,181.98225021362305,,
2026-09-17 09:20:50,v2.1.2,MAIN,MAIN,MAIN,2026-09-17 09:20:50.588,True,KOSDAQ,067310,하나마이크론,38850.0,11.16,1445345,54472000000.0,56151653250.0,54472000000.0,ACTUAL,4,38900.0,0.12853470437017994,1.057277614953126,1.065430570779672,78,33,25,11,9,True,60,2026-09-17 09:06:18.208,38650.0,78.0,872.380591,20260917_067310_E004,2026-09-17 09:16:42.886,38650.0,71.0,247.702174,571.7779943943024,22,0.3875968992248062,1.303780964797914,False,False,,,,,,,0.3875968992248062,21.674408197402954,0.3875968992248062,21.674408197402954,1.303780964797914,69.19021892547607,0.7782101167315175,114.48220729827881,0.6476683937823834,181.31697988510132,1.7015706806282722,313.42877173423767,-0.25756568173020616,21.674408197402954,-1.1584665826311071,69.19021892547607,-0.6436660678305923,114.48220729827881,-0.5149659391304635,181.31697988510132,-1.5445669687314931,313.42877173423767
2026-09-17 09:21:14,v2.1.2,MAIN,MAIN,MAIN,2026-09-17 09:21:14.394,True,KOSDAQ,067310,하나마이크론,38700.0,10.87,1463067,55570000000.0,56620692900.0,55570000000.0,ACTUAL,4,38900.0,0.5141388174807198,1.0724279676554027,1.0729782473339948,75,33,22,11,9,True,60,2026-09-17 09:06:18.208,38650.0,78.0,896.186772,20260917_067310_E004,2026-09-17 09:16:42.886,38650.0,71.0,271.508355,596.02192735672,23,-0.3861003861003861,0.6501950585175552,False,False,,,,,,,-0.3861003861003861,24.243932962417603,-0.3861003861003861,24.243932962417603,0.6501950585175552,68.5710015296936,0.78125,115.71299886703491,0.2590673575129534,185.06288313865662,1.1764705882352942,305.5242235660553,0.3856041131105398,24.243932962417603,-0.5154622121203098,68.5710015296936,-0.6441623408204384,115.71299886703491,-0.12936182601992374,185.06288313865662,-1.0302627269208247,305.5242235660553
2026-09-17 09:21:37,v2.1.2,MAIN,MAIN,MAIN,2026-09-17 09:21:37.025,True,KOSDAQ,067310,하나마이크론,38850.0,10.44,1484633,56081000000.0,57677992050.0,56081000000.0,ACTUAL,4,38900.0,0.12853470437017994,1.078542992864973,1.0645979916073165,78,33,25,11,9,True,60,2026-09-17 09:06:18.208,38650.0,78.0,918.817553,20260917_067310_E004,2026-09-17 09:16:42.886,38650.0,71.0,294.139136,586.0949289798737,23,0.3875968992248062,0.3875968992248062,False,False,,,,,,,0.3875968992248062,22.70988154411316,0.3875968992248062,22.70988154411316,0.3875968992248062,68.62822270393372,1.303780964797914,116.14403343200684,0.517464424320828,183.45903730392456,2.102496714848883,294.9926779270172,-0.3856041131105398,22.70988154411316,-0.25756568173020616,68.62822270393372,-1.1584665826311071,116.14403343200684,-0.38626581043033487,183.45903730392456,-1.9306673548318793,294.9926779270172
2026-09-17 09:21:59,v2.1.2,MAIN,MAIN,MAIN,2026-09-17 09:21:59.331,True,KOSPI,004310,현대약품,11600.0,16.55,7658325,85220000000.0,88836570000.0,85220000000.0,ACTUAL,14,11750.0,1.276595744680851,1.0688842063014248,1.063383757912035,76,37,19,11,9,True,60,2026-09-17 09:12:00.465,10760.0,63.0,598.865808,20260917_004310_E002,2026-09-17 09:21:16.149,11450.0,71.0,43.181358,578.0982043743134,23,1.3100436681222707,2.564102564102564,True,False,,,,,,,1.3100436681222707,22.4137544631958,1.3100436681222707,22.4137544631958,2.564102564102564,69.36756896972656,1.1333914559721012,113.69463753700256,0.25929127052722556,183.84977626800537,0.25929127052722556,295.6768877506256,-1.276595744680851,22.4137544631958,-2.468085106382979,69.36756896972656,-1.1063829787234043,113.69463753700256,-0.25531914893617036,183.84977626800537,0.7606886079654597,295.6768877506256
2026-09-17 09:22:22,v2.1.2,MAIN,MAIN,MAIN,2026-09-17 09:22:22.891,True,KOSPI,004310,현대약품,11570.0,15.65,7779451,86564000000.0,90008248070.0,86564000000.0,ACTUAL,13,11750.0,1.5319148936170213,1.0673078108624623,1.0662199465454434,76,37,19,11,9,False,60,2026-09-17 09:12:00.465,10760.0,63.0,622.425879,20260917_004310_E002,2026-09-17 09:21:16.149,11450.0,71.0,66.741429,569.2401692867279,23,-0.25862068965517243,2.118270079435128,True,False,,,,,,,-0.25862068965517243,22.618930101394653,-0.25862068965517243,22.618930101394653,2.118270079435128,67.74256610870361,2.163355408388521,113.66090726852417,0.0,183.45556497573853,-0.4302925989672977,296.24293088912964,0.25531914893617036,22.618930101394653,-2.042553191489362,67.74256610870361,-2.085106382978723,113.66090726852417,0.0,183.45556497573853,1.4459303708311226,296.24293088912964
2026-09-17 09:24:49,v2.1.2,MAIN,MAIN,MAIN,2026-09-17 09:24:49.505,True,KOSPI,047050,포스코인터내셔널,57700.0,5.11,145322,23193000000.0,8385079400.0,23193000000.0,ACTUAL,49,57700.0,0.0,2.254374027993779,5.234565233052374,84,24,25,20,15,True,60,2026-09-17 09:24:21.672,57700.0,84.0,27.83255,20260917_047050_E001,2026-09-17 09:24:21.672,57700.0,84.0,27.83255,577.7198894023895,25,0.6980802792321117,1.0507880910683012,True,False,,,,,,,0.6980802792321117,22.899590969085693,0.6980802792321117,22.899590969085693,1.0507880910683012,71.06036376953125,1.584507042253521,116.80806612968445,1.584507042253521,185.5228135585785,1.4059753954305798,301.6668469905853,,,,,,,,,,
2026-09-17 09:27:45,v2.1.2,MAIN,MAIN,MAIN,2026-09-17 09:27:45.805,True,KOSDAQ,043260,성호전자,21300.0,13.69,2595394,51595000000.0,55281892200.0,51595000000.0,ACTUAL,5,21350.0,0.234192037470726,1.0625437620989333,1.0702841038896345,78,33,25,11,9,True,60,2026-09-17 09:16:42.886,19650.0,63.0,662.919276,20260917_043260_E003,2026-09-17 09:24:21.672,21000.0,60.0,204.133329,594.5512702465057,26,0.2352941176470588,0.7092198581560284,True,False,,,,,,,0.2352941176470588,24.678746461868286,0.2352941176470588,24.678746461868286,0.7092198581560284,47.977428913116455,0.7092198581560284,121.434499502182,1.4285714285714286,180.75766229629517,3.14769975786925,297.5657284259796,-0.0005497465668326817,24.678746461868286,0.234192037470726,47.977428913116455,0.234192037470726,121.434499502182,-0.47502782068530236,180.75766229629517,-2.129874156382702,297.5657284259796
2026-09-17 09:31:41,v2.1.2,MAIN,MAIN,MAIN,2026-09-17 09:31:41.559,True,KOSDAQ,201490,미투온,4425.0,14.19,18433506,79081000000.0,81568264050.0,79081000000.0,ACTUAL,3,4500.0,1.6666666666666667,1.0709487825356843,1.0745359345253498,76,37,19,11,9,False,60,2026-09-17 09:02:51.833,4435.0,81.0,1729.72534,20260917_201490_E003,2026-09-17 09:30:47.303,4375.0,60.0,54.256153,598.7834494113922,25,1.1428571428571428,1.8411967779056386,True,False,,,,,,,1.1428571428571428,27.630126237869263,1.1428571428571428,27.630126237869263,1.8411967779056386,55.50799226760864,3.267211201866978,107.93638730049133,3.267211201866978,182.35741424560547,2.668213457076566,304.9113655090332,-1.111111111111111,27.630126237869263,-1.777777777777778,55.50799226760864,-3.1111111111111107,107.93638730049133,-3.1111111111111107,182.35741424560547,-2.5555555555555554,304.9113655090332
2026-09-17 09:39:49,v2.1.2,MAIN,MAIN,MAIN,2026-09-17 09:39:49.621,True,KOSDAQ,043260,성호전자,21150.0,14.49,3860549,78292000000.0,81650611350.0,78292000000.0,ACTUAL,4,21450.0,1.3986013986013985,1.0513932720069832,1.0504332148725632,76,37,19,11,9,False,60,2026-09-17 09:16:42.886,19650.0,63.0,1386.734568,20260917_043260_E005,2026-09-17 09:36:12.346,21000.0,61.0,217.274305,576.6782915592194,24,-0.936768149882904,-0.2358490566037736,False,False,,,,,,,-0.936768149882904,23.219118118286133,-0.936768149882904,23.219118118286133,-0.2358490566037736,47.954612493515015,0.9546539379474941,122.67098116874695,0.9546539379474941,170.0558512210846,1.1961722488038278,293.6998405456543,0.9324009324009324,23.219118118286133,0.4640219593490622,47.954612493515015,-0.7042023397163584,122.67098116874695,-0.7042023397163584,170.0558512210846,-0.9378471995294426,293.6998405456543
2026-09-17 09:40:14,v2.1.2,MAIN,MAIN,MAIN,2026-09-17 09:40:14.834,True,KOSDAQ,043260,성호전자,21450.0,15.57,3962681,80337000000.0,84999507450.0,80337000000.0,ACTUAL,4,21500.0,0.23255813953488372,1.0679561316051844,1.0676223324805318,82,37,25,11,9,False,60,2026-09-17 09:16:42.886,19650.0,63.0,1411.947616,20260917_043260_E005,2026-09-17 09:36:12.346,21000.0,61.0,242.487353,572.5442283153534,24,1.4184397163120568,0.468384074941452,False,False,,,,,,,1.4184397163120568,24.811607360839844,1.4184397163120568,24.811607360839844,0.468384074941452,48.03072547912598,0.9411764705882352,122.21909809112549,3.125,171.0208592414856,3.3734939759036147,293.5355455875397,-1.1660432590665148,24.811607360839844,-0.23364232666558246,48.03072547912598,-0.4683764399043686,122.21909809112549,-2.5711801782221255,171.0208592414856,-2.8048250380352098,293.5355455875397
2026-09-17 09:40:38,v2.1.2,MAIN,MAIN,MAIN,2026-09-17 09:40:38.653,True,KOSDAQ,043260,성호전자,21650.0,17.46,4105684,83338000000.0,88888058600.0,83338000000.0,ACTUAL,4,21800.0,0.6880733944954129,1.0989095032767646,1.0785052542431652,79,37,22,11,9,False,60,2026-09-17 09:16:42.886,19650.0,63.0,1435.76669,20260917_043260_E005,2026-09-17 09:36:12.346,21000.0,61.0,266.306427,597.1888873577118,25,0.9324009324009324,2.3640661938534278,False,False,,,,,,,0.9324009324009324,24.6446590423584,0.9324009324009324,24.6446590423584,2.3640661938534278,49.45626640319824,1.8823529411764703,121.55724859237671,3.341288782816229,172.1272475719452,5.609756097560976,292.69522309303284,0.45551525496052925,24.6446590423584,-0.7105280041059856,49.45626640319824,-0.012861184943839366,121.55724859237671,-1.414730343822344,172.1272475719452,-3.517534082140101,292.69522309303284
2026-09-17 09:41:01,v2.1.2,MAIN,MAIN,MAIN,2026-09-17 09:41:01.643,True,KOSDAQ,043260,성호전자,21750.0,17.46,4188910,84668000000.0,91108792500.0,84668000000.0,ACTUAL,4,21800.0,0.22935779816513763,1.081438716599397,1.085055519305674,82,37,25,11,9,False,60,2026-09-17 09:16:42.886,19650.0,63.0,1458.756955,20260917_043260_E005,2026-09-17 09:36:12.346,21000.0,61.0,289.296692,592.3913288116455,25,0.4618937644341801,1.3986013986013985,False,False,,,,,,,0.4618937644341801,23.080307483673096,0.4618937644341801,23.080307483673096,1.3986013986013985,47.724966526031494,2.5943396226415096,120.49118638038635,2.3529411764705883,169.94406461715698,4.819277108433735,291.7429919242859,-0.4587155963302753,23.080307483673096,-0.0032003413697460903,47.724966526031494,-0.7052216410871988,120.49118638038635,-0.4715767812741147,169.94406461715698,-2.8080253794049557,291.7429919242859
2026-09-17 09:41:25,v2.1.2,MAIN,MAIN,MAIN,2026-09-17 09:41:24.959,True,KOSDAQ,043260,성호전자,21750.0,16.92,4259853,86742000000.0,92651802750.0,86742000000.0,ACTUAL,4,21800.0,0.22935779816513763,1.0797266514806378,1.0749926627957183,82,37,25,11,9,False,60,2026-09-17 09:16:42.886,19650.0,63.0,1482.072834,20260917_043260_E005,2026-09-17 09:36:12.346,21000.0,61.0,312.612571,587.7744219303131,25,0.0,1.3986013986013985,False,False,,,,,,,0.0,23.013219356536865,0.0,23.013219356536865,1.3986013986013985,70.73818588256836,1.873536299765808,118.76891136169434,2.3529411764705883,167.65077543258667,3.571428571428571,290.36074209213257,0.0,23.013219356536865,-0.0032003413697460903,70.73818588256836,-0.23684266803532855,118.76891136169434,-0.4715767812741147,167.65077543258667,-1.639801080339535,290.36074209213257
2026-09-17 09:41:48,v2.1.2,MAIN,MAIN,MAIN,2026-09-17 09:41:48.682,True,KOSDAQ,043260,성호전자,21850.0,18.27,4406452,89726000000.0,96280976200.0,89726000000.0,ACTUAL,4,21950.0,0.45558086560364464,1.0766517075043798,1.0732564902705615,82,37,25,11,9,False,60,2026-09-17 09:16:42.886,19650.0,63.0,1505.796369,20260917_043260_E005,2026-09-17 09:36:12.346,21000.0,61.0,336.336106,581.7955408096313,25,0.45977011494252873,0.9237875288683602,False,False,,,,,,,0.45977011494252873,24.043508052825928,0.45977011494252873,24.043508052825928,0.9237875288683602,70.13703489303589,3.309692671394799,119.59330129623413,2.823529411764706,191.6942834854126,4.295942720763723,289.6491525173187,0.226223067438507,24.043508052825928,-0.2324925288917683,70.13703489303589,-0.9430205329977539,119.59330129623413,-0.24535371383560767,191.6942834854126,-1.6472228727141123,289.6491525173187
2026-09-17 09:42:40,v2.1.2,MAIN,MAIN,MAIN,2026-09-17 09:42:40.158,True,KOSDAQ,043260,성호전자,21750.0,15.84,4600272,94186000000.0,100055916000.0,94186000000.0,ACTUAL,3,21950.0,0.9111617312072893,1.085817712296235,1.0799133209526244,79,37,22,11,9,False,60,2026-09-17 09:16:42.886,19650.0,63.0,1557.271916,20260917_043260_E005,2026-09-17 09:36:12.346,21000.0,61.0,387.811653,583.4137032032013,25,1.3986013986013985,-0.4576659038901602,False,False,,,,,,,1.3986013986013985,25.067265272140503,1.3986013986013985,25.067265272140503,-0.4576659038901602,48.844579219818115,0.4618937644341801,118.981614112854,2.8368794326241136,168.43788051605225,3.8186157517899764,291.1088616847992,-1.366742596810934,25.067265272140503,0.45558086560364464,48.844579219818115,0.22308833671187633,118.981614112854,-0.48743966739410927,168.43788051605225,-1.1916420071104676,291.1088616847992
2026-09-17 09:43:04,v2.1.2,MAIN,MAIN,MAIN,2026-09-17 09:43:04.122,True,KOSDAQ,043260,성호전자,21800.0,16.92,4649392,95438000000.0,101356745600.0,95438000000.0,ACTUAL,3,21950.0,0.683371298405467,1.063660477453581,1.0551327916428002,79,37,22,11,9,False,60,2026-09-17 09:16:42.886,19650.0,63.0,1581.236306,20260917_043260_E005,2026-09-17 09:36:12.346,21000.0,61.0,411.776043,584.550678730011,25,0.22988505747126436,1.6317016317016315,False,False,,,,,,,0.22988505747126436,25.60367774963379,0.22988505747126436,25.60367774963379,1.6317016317016315,50.67094302177429,0.22988505747126436,121.5049843788147,1.6317016317016315,169.2299509048462,2.588235294117647,291.4490489959717,-0.22779043280182232,25.60367774963379,-1.5945330296127562,50.67094302177429,0.4540135002403293,121.5049843788147,0.45081315887058326,169.2299509048462,-0.01756328103378535,291.4490489959717
2026-09-17 09:43:29,v2.1.2,MAIN,MAIN,MAIN,2026-09-17 09:43:29.234,True,KOSDAQ,043260,성호전자,21900.0,17.73,4700904,96546000000.0,102949797600.0,96546000000.0,ACTUAL,3,21950.0,0.22779043280182232,1.05449064517186,1.0405246245922537,77,37,25,11,4,False,60,2026-09-17 09:16:42.886,19650.0,63.0,1606.348389,20260917_043260_E005,2026-09-17 09:36:12.346,21000.0,61.0,436.888126,585.2096002101898,25,0.45871559633027525,0.6896551724137931,False,False,,,,,,,0.45871559633027525,24.00167679786682,0.45871559633027525,24.00167679786682,0.6896551724137931,49.60535454750061,0.6896551724137931,122.49344182014465,1.1547344110854503,168.58696866035461,3.058823529411765,290.1442172527313,-0.45558086560364464,24.00167679786682,-0.683371298405467,49.60535454750061,-0.0015673653633153095,122.49344182014465,-0.4602829616935906,168.58696866035461,-0.47314414663743,290.1442172527313
2026-09-17 09:45:56,v2.1.2,MAIN,MAIN,MAIN,2026-09-17 09:45:56.692,True,KOSDAQ,043260,성호전자,21950.0,19.07,5123191,105538000000.0,112454042450.0,105538000000.0,ACTUAL,2,22250.0,1.348314606741573,1.0635266138621844,1.0620673656881072,79,40,19,11,9,False,60,2026-09-17 09:16:42.886,19650.0,63.0,1753.805716,20260917_043260_E005,2026-09-17 09:36:12.346,21000.0,61.0,584.345453,586.5552132129669,25,0.0,1.1520737327188941,False,False,,,,,,,0.0,24.906697511672974,0.0,24.906697511672974,1.1520737327188941,49.15952920913696,0.6880733944954129,123.44593667984009,0.6880733944954129,173.30723690986633,0.9195402298850575,294.81222128868103,1.1210418794688457,24.906697511672974,0.2093624427324614,49.15952920913696,0.664943308336106,123.44593667984009,0.664943308336106,173.30723690986633,1.1189568085764354,294.81222128868103
2026-09-17 09:54:31,v2.1.2,MAIN,MAIN,MAIN,2026-09-17 09:54:31.321,True,KOSDAQ,043260,성호전자,22250.0,19.88,6432052,134560000000.0,143113157000.0,134560000000.0,ACTUAL,2,22650.0,1.7660044150110374,1.0861072547057113,1.0730208830329944,79,40,19,11,9,False,60,2026-09-17 09:16:42.886,19650.0,63.0,2268.434848,20260917_043260_E009,2026-09-17 09:54:07.163,22250.0,79.0,24.158345,586.7595255374908,25,-0.2242152466367713,-0.2242152466367713,False,False,,,,,,,-0.2242152466367713,24.57430672645569,-0.2242152466367713,24.57430672645569,-0.2242152466367713,48.13934254646301,0.0,120.84810066223145,1.366742596810934,171.15226888656616,2.771362586605081,298.1020450592041,,,,,1.7660044150110374,120.84810066223145,0.41768980826946445,171.15226888656616,-0.9306247984721085,298.1020450592041
2026-09-17 09:54:56,v2.1.2,MAIN,MAIN,MAIN,2026-09-17 09:54:56.951,True,KOSDAQ,043260,성호전자,22250.0,19.61,6471980,135557000000.0,144001555000.0,135557000000.0,ACTUAL,2,22650.0,1.7660044150110374,1.0941545862525426,1.0796818331959814,79,40,19,11,9,False,60,2026-09-17 09:16:42.886,19650.0,63.0,2294.065303,20260917_043260_E009,2026-09-17 09:54:07.163,22250.0,79.0,49.7888,588.5263659954071,25,0.0,-0.2242152466367713,False,False,,,,,,,0.0,26.71034026145935,0.0,26.71034026145935,-0.2242152466367713,51.28464698791504,-0.6696428571428571,121.55649638175964,1.366742596810934,172.21614789962769,3.7296037296037294,300.5667493343353,0.0,26.71034026145935,,,,,0.41768980826946445,172.21614789962769,-1.829501202966491,300.5667493343353
2026-09-17 10:01:40,v2.1.2,MAIN,MAIN,MAIN,2026-09-17 10:01:40.208,True,KOSPI,192650,드림텍,7880.0,10.9,2616484,20160000000.0,20617893920.0,20160000000.0,ACTUAL,92,7900.0,0.25316455696202533,9.559032716927454,8.35587661394113,84,24,25,20,15,False,60,2026-09-17 10:01:16.816,7880.0,84.0,23.391623,20260917_192650_E001,2026-09-17 10:01:16.816,7880.0,84.0,23.391623,575.1595149040222,25,0.3821656050955414,0.5102040816326531,True,False,,,,,,,0.3821656050955414,23.40658664703369,0.3821656050955414,23.40658664703369,0.5102040816326531,70.92260313034058,0.5102040816326531,117.31299042701721,0.2544529262086514,185.55147290229797,1.0256410256410255,307.39949464797974,,,,,,,,,,
2026-09-17 10:23:03,v2.1.2,MAIN,MAIN,MAIN,2026-09-17 10:23:03.390,True,KOSPI,010140,삼성중공업,21450.0,6.19,1345705,58085000000.0,28865372250.0,58085000000.0,ACTUAL,40,21450.0,0.0,1.0625823210888337,1.0556304263924667,78,33,25,11,9,False,60,2026-09-17 10:08:35.256,21300.0,63.0,868.134162,20260917_010140_E002,2026-09-17 10:15:10.919,21250.0,72.0,472.470508,576.0628142356873,23,0.23364485981308408,0.468384074941452,True,True,20260917_010140_SHADOW_SCORE_70_74_E002_101535585634,2026-09-17 10:15:35.541,21250.0,72.0,447.848772,0.9411764705882453,0.23364485981308408,27.17951250076294,0.23364485981308408,27.17951250076294,0.468384074941452,52.86196780204773,0.468384074941452,132.03319215774536,0.468384074941452,185.61510848999023,0.468384074941452,290.2137451171875,-0.2331002331002331,27.17951250076294,-0.23364485981308408,52.86196780204773,0.0,132.03319215774536,0.0,185.61510848999023,0.0,290.2137451171875
2026-09-17 10:32:37,v2.1.2,MAIN,MAIN,MAIN,2026-09-17 10:32:37.677,True,KOSPI,010140,삼성중공업,21550.0,6.68,1574624,67295000000.0,33933147200.0,67295000000.0,ACTUAL,38,21600.0,0.23148148148148145,1.0616530203354,1.076967902112729,78,33,25,11,9,False,60,2026-09-17 10:08:35.256,21300.0,63.0,1442.421224,20260917_010140_E002,2026-09-17 10:15:10.919,21250.0,72.0,1046.75757,598.8976104259491,22,0.23255813953488372,0.23255813953488372,True,True,20260917_010140_SHADOW_SCORE_70_74_E002_101535585634,2026-09-17 10:15:35.541,21250.0,72.0,447.848772,0.9411764705882453,0.23255813953488372,27.60107660293579,0.23255813953488372,27.60107660293579,0.23255813953488372,55.66666650772095,0.23255813953488372,111.12291288375854,0.4662004662004662,192.9314432144165,0.4662004662004662,302.43363523483276,0.23148148148148145,27.60107660293579,0.23148148148148145,55.66666650772095,0.23148148148148145,111.12291288375854,0.1150670460914931,192.9314432144165,0.1150670460914931,302.43363523483276
2026-09-17 10:33:05,v2.1.2,MAIN,MAIN,MAIN,2026-09-17 10:33:05.723,True,KOSPI,010140,삼성중공업,21575.0,6.93,1581498,68441000000.0,34120819350.0,68441000000.0,ACTUAL,38,21600.0,0.11574074074074073,1.0753048014077426,1.0750898345250088,78,33,25,11,9,False,60,2026-09-17 10:08:35.256,21300.0,63.0,1470.467619,20260917_010140_E002,2026-09-17 10:15:10.919,21250.0,72.0,1074.803965,571.936464548111,21,0.11600928074245939,0.3488372093023256,True,True,20260917_010140_SHADOW_SCORE_70_74_E002_101535585634,2026-09-17 10:15:35.541,21250.0,72.0,447.848772,0.9411764705882453,0.11600928074245939,28.78485918045044,0.11600928074245939,28.78485918045044,0.3488372093023256,56.38593578338623,0.3488372093023256,111.9653947353363,0.5827505827505828,192.21543145179749,0.5827505827505828,302.8997232913971,-0.11574074074074073,28.78485918045044,0.11574074074074073,56.38593578338623,0.11574074074074073,111.9653947353363,-0.11681739879414299,192.21543145179749,-0.0006736946492476303,302.8997232913971
2026-09-17 10:33:33,v2.1.2,MAIN,MAIN,MAIN,2026-09-17 10:33:33.811,True,KOSPI,010140,삼성중공업,21650.0,7.18,1619374,69829000000.0,35059447100.0,69829000000.0,ACTUAL,38,21650.0,0.0,1.0930764053034454,1.0907328651696746,78,33,25,11,9,False,60,2026-09-17 10:08:35.256,21300.0,63.0,1498.554682,20260917_010140_E002,2026-09-17 10:15:10.919,21250.0,72.0,1102.891028,575.4084033966064,21,0.34762456546929316,0.46403712296983757,True,True,20260917_010140_SHADOW_SCORE_70_74_E002_101535585634,2026-09-17 10:15:35.541,21250.0,72.0,447.848772,0.9411764705882453,0.34762456546929316,28.230499744415283,0.34762456546929316,28.230499744415283,0.46403712296983757,57.01535892486572,0.6976744186046512,112.68202543258667,0.6976744186046512,168.13827180862427,1.1682242990654206,303.50817918777466,-0.11574074074074073,28.230499744415283,-0.23148148148148145,57.01535892486572,0.0,112.68202543258667,0.0,168.13827180862427,-0.3492433061699651,303.50817918777466
2026-09-17 10:37:20,v2.1.2,MAIN,MAIN,MAIN,2026-09-17 10:37:20.357,True,KOSPI,000500,가온전선,262500.0,5.21,126307,90225000000.0,33155587500.0,90225000000.0,ACTUAL,26,263000.0,0.19011406844106463,4.9658759425394905,1.0931601222055858,91,37,25,20,9,False,60,2026-09-17 10:36:52.842,262500.0,91.0,27.514937,20260917_000500_E001,2026-09-17 10:36:52.842,262500.0,91.0,27.514937,584.7999556064606,22,-0.19011406844106463,1.3513513513513513,False,False,,,,,,,-0.19011406844106463,29.43974542617798,-0.19011406844106463,29.43974542617798,1.3513513513513513,58.86921238899231,1.3513513513513513,114.69613599777222,1.3513513513513513,169.87412524223328,1.1560693641618496,309.9673969745636,0.19011406844106463,29.43974542617798,-0.7659088761096047,58.86921238899231,-0.7659088761096047,114.69613599777222,-0.7659088761096047,169.87412524223328,-0.5747042871994708,309.9673969745636
2026-09-17 10:37:52,v2.1.2,MAIN,MAIN,MAIN,2026-09-17 10:37:52.350,True,KOSPI,000500,가온전선,264500.0,5.21,135572,90527000000.0,35858794000.0,90527000000.0,ACTUAL,27,266000.0,0.5639097744360901,4.9824976608509,1.0759426362864377,88,37,22,20,9,False,60,2026-09-17 10:36:52.842,262500.0,91.0,59.508904,20260917_000500_E001,2026-09-17 10:36:52.842,262500.0,91.0,59.508904,588.4832475185394,22,0.7619047619047619,0.5703422053231939,False,False,,,,,,,0.7619047619047619,32.002063035964966,0.7619047619047619,32.002063035964966,0.5703422053231939,61.441808462142944,2.1235521235521233,119.04375052452087,1.9267822736030826,174.50511956214905,1.9267822736030826,314.3683834075928,0.37379570599502554,32.002063035964966,0.5639097744360901,61.441808462142944,-0.39211317011457913,119.04375052452087,-0.2009085812044452,174.50511956214905,-0.2009085812044452,314.3683834075928
2026-09-17 10:38:22,v2.1.2,MAIN,MAIN,MAIN,2026-09-17 10:38:22.207,True,KOSPI,000500,가온전선,264500.0,5.81,136214,94885000000.0,36028603000.0,94885000000.0,ACTUAL,25,266000.0,0.5639097744360901,1.0516486561374343,1.078435874496267,79,37,22,11,9,False,60,2026-09-17 10:36:52.842,262500.0,91.0,89.365248,20260917_000500_E001,2026-09-17 10:36:52.842,262500.0,91.0,89.365248,590.2864949703217,22,0.0,0.7619047619047619,False,False,,,,,,,0.0,29.425291299819946,0.0,29.425291299819946,0.7619047619047619,61.42735433578491,2.1235521235521233,120.29656672477722,2.1235521235521233,176.12349033355713,2.1235521235521233,286.778315782547,0.0,29.425291299819946,0.37379570599502554,61.42735433578491,-0.39211317011457913,120.29656672477722,-0.39211317011457913,176.12349033355713,-0.39211317011457913,286.778315782547
2026-09-17 10:38:51,v2.1.2,MAIN,MAIN,MAIN,2026-09-17 10:38:51.595,True,KOSPI,000500,가온전선,263000.0,5.81,138388,95707000000.0,36396044000.0,95707000000.0,ACTUAL,24,266000.0,1.1278195488721803,1.0607592130784151,1.095647905500091,76,37,19,11,9,False,60,2026-09-17 10:36:52.842,262500.0,91.0,118.753585,20260917_000500_E001,2026-09-17 10:36:52.842,262500.0,91.0,118.753585,592.1528828144073,22,-0.5671077504725899,-0.5671077504725899,False,False,,,,,,,-0.5671077504725899,29.785677194595337,-0.5671077504725899,29.785677194595337,-0.5671077504725899,59.21096849441528,0.0,120.65277695655823,1.5444015444015444,178.25471901893616,1.348747591522158,287.67342877388,0.5639097744360901,29.785677194595337,0.5639097744360901,59.21096849441528,1.1278195488721803,120.65277695655823,0.171796604321511,178.25471901893616,0.3630011932316449,287.67342877388
2026-09-17 10:48:59,v2.1.2,MAIN,MAIN,MAIN,2026-09-17 10:48:59.131,True,KOSDAQ,126340,비나텍,78800.0,5.05,145713,36316000000.0,11482184400.0,36316000000.0,ACTUAL,20,79500.0,0.8805031446540881,1.7951557093425605,3.7208702535686013,86,29,22,20,15,False,60,2026-09-17 09:02:51.833,77500.0,64.0,6367.297794,20260917_126340_E002,2026-09-17 10:48:30.186,78800.0,86.0,28.94552,577.5247600078583,20,0.0,0.0,False,False,,,,,,,0.0,31.357257843017578,0.0,31.357257843017578,0.0,61.89664268493652,0.0,122.3210198879242,0.12706480304955528,181.87455940246582,0.0,304.6097049713135,,,,,,,,,,
2026-09-17 11:13:48,v2.1.2,MAIN,MAIN,MAIN,2026-09-17 11:13:48.221,True,KOSDAQ,201490,미투온,4580.0,19.79,37382141,159962000000.0,171210205780.0,159962000000.0,ACTUAL,3,4630.0,1.079913606911447,1.052686303930085,1.0513982218887392,79,40,19,11,9,False,60,2026-09-17 09:02:51.833,4435.0,81.0,7856.387176,20260917_201490_E006,2026-09-17 11:09:22.093,4540.0,74.0,266.127807,588.6826951503754,21,0.1092896174863388,0.2188183807439825,True,False,,,,,,,0.1092896174863388,28.499537706375122,0.1092896174863388,28.499537706375122,0.2188183807439825,58.191710233688354,-0.10905125408942204,117.54511141777039,-0.10905125408942204,177.91842341423035,5.529953917050691,298.0142865180969,-0.0011674741696341417,28.499537706375122,0.6441837594168935,58.191710233688354,1.079913606911447,117.54511141777039,1.079913606911447,177.91842341423035,-2.4756419486441086,298.0142865180969
2026-09-17 11:37:47,v2.1.2,MAIN,MAIN,MAIN,2026-09-17 11:37:47.393,True,KOSPI,267270,HD건설기계,144400.0,8.08,184694,42923000000.0,26669813600.0,42923000000.0,ACTUAL,65,145800.0,0.9602194787379973,6.116129951553149,44.29112709832134,86,29,22,20,15,False,60,2026-09-17 11:37:18.938,144400.0,86.0,28.454329,20260917_267270_E001,2026-09-17 11:37:18.938,144400.0,86.0,28.454329,588.4708664417267,21,0.0,0.0693000693000693,False,False,,,,,,,0.0,31.404892206192017,0.0,31.404892206192017,0.0693000693000693,60.2271888256073,0.2081887578070784,117.22828769683838,0.0693000693000693,173.7874298095703,0.0,289.7768762111664,,,,,,,,,,
2026-09-17 12:42:24,v2.1.2,MAIN,MAIN,MAIN,2026-09-17 12:42:24.627,True,KOSPI,010140,삼성중공업,21725.0,7.67,2959582,117305000000.0,64296918950.0,117305000000.0,ACTUAL,30,21750.0,0.11494252873563218,1.0602691685421695,1.0577241566138897,85,40,25,11,9,False,60,2026-09-17 10:08:35.256,21300.0,63.0,9229.371062,20260917_010140_E002,2026-09-17 10:15:10.919,21250.0,72.0,8833.707408,584.1912348270416,20,0.3464203233256351,0.5787037037037037,True,True,20260917_010140_SHADOW_SCORE_70_74_E002_101535585634,2026-09-17 10:15:35.541,21250.0,72.0,447.848772,0.9411764705882453,0.3464203233256351,32.92253541946411,0.3464203233256351,32.92253541946411,0.5787037037037037,64.60786461830139,0.5787037037037037,127.90531873703003,0.5787037037037037,188.69941353797913,0.5787037037037037,311.45624589920044,-0.3448275862068966,32.92253541946411,-0.574712643678161,64.60786461830139,-0.574712643678161,127.90531873703003,-0.574712643678161,188.69941353797913,-0.574712643678161,311.45624589920044
2026-09-17 13:22:17,v2.1.2,MAIN,MAIN,MAIN,2026-09-17 13:22:17.343,True,KOSPI,483650,달바글로벌,173300.0,8.24,166739,51021000000.0,28895868700.0,51021000000.0,ACTUAL,72,173300.0,0.0,7.9782642689601255,79.21092636579573,93,33,25,20,15,False,60,2026-09-17 13:21:41.378,173300.0,93.0,35.964058,20260917_483650_E001,2026-09-17 13:21:41.378,173300.0,93.0,35.964058,592.668445110321,19,0.11554015020219525,0.057736720554272515,True,False,,,,,,,0.11554015020219525,34.152870655059814,0.11554015020219525,34.152870655059814,0.057736720554272515,68.07089471817017,0.17341040462427745,136.5300190448761,0.11554015020219525,170.60220980644226,0.11554015020219525,305.0014171600342,,,,,,,,,,
2026-09-17 13:26:18,v2.1.2,MAIN,MAIN,MAIN,2026-09-17 13:26:18.314,True,KOSDAQ,032820,우리기술,13540.0,5.03,4069691,54119000000.0,55103616140.0,54119000000.0,ACTUAL,18,13770.0,1.670297748729121,1.3172126758506548,1.3211691059291235,87,33,19,20,15,False,60,2026-09-17 10:35:25.800,13610.0,74.0,10252.51438,20260917_032820_E005,2026-09-17 13:25:41.863,13540.0,87.0,36.451003,579.0638203620911,17,-0.07380073800738007,-0.07380073800738007,False,False,,,,,,,,,-0.07380073800738007,45.12770342826843,-0.07380073800738007,45.12770342826843,0.2962962962962963,124.36243224143982,0.5196733481811433,200.63619351387024,0.44510385756676557,308.55569314956665,,,,,,,,,,
2026-09-17 13:39:45,v2.1.2,MAIN,MAIN,MAIN,2026-09-17 13:39:45.514,True,KOSDAQ,457370,한켐,11320.0,16.44,7786797,80628000000.0,88146542040.0,80628000000.0,ACTUAL,11,11380.0,0.5272407732864675,1.0578048332502428,1.060487207633201,79,37,22,11,9,False,60,2026-09-17 11:40:21.516,10540.0,69.0,7163.99798,20260917_457370_E008,2026-09-17 13:38:33.276,10890.0,60.0,72.238305,591.7032034397125,18,3.948576675849403,6.390977443609022,True,False,,,,,,,3.948576675849403,35.823050022125244,3.948576675849403,35.823050022125244,6.390977443609022,70.16067790985107,5.992509363295881,104.63995003700256,5.597014925373134,176.4612913131714,7.502374169040836,285.016770362854,-1.7169243972700856,35.823050022125244,-3.9610895678266385,70.16067790985107,-3.6020231405375904,104.63995003700256,-3.2429567132485415,176.4612913131714,-4.948522242871522,285.016770362854
2026-09-17 13:40:24,v2.1.2,MAIN,MAIN,MAIN,2026-09-17 13:40:24.758,True,KOSDAQ,457370,한켐,11330.0,17.06,7989451,83380000000.0,90520479830.0,83380000000.0,ACTUAL,10,11450.0,1.0480349344978166,1.083307348508471,1.0694833090240072,76,37,19,11,9,False,60,2026-09-17 11:40:21.516,10540.0,69.0,7203.242107,20260917_457370_E008,2026-09-17 13:38:33.276,10890.0,60.0,111.482432,597.5739943981171,18,0.08833922261484099,4.040404040404041,True,False,,,,,,,,,0.08833922261484099,41.659104108810425,4.040404040404041,77.48215413093567,6.484962406015038,111.8197820186615,6.285178236397748,182.3865089416504,6.786050895381715,290.85097885131836,0.5207941612113491,41.659104108810425,-1.1961302360587365,77.48215413093567,-3.4402954066152898,111.8197820186615,-3.2607621929707653,182.3865089416504,-3.709595227082076,290.85097885131836
2026-09-17 14:05:32,v2.1.2,MAIN,MAIN,MAIN,2026-09-17 14:05:32.393,True,KOSPI,000500,가온전선,262000.0,5.01,214818,135889000000.0,56282316000.0,135889000000.0,ACTUAL,32,266000.0,1.5037593984962405,1.3491089600397121,1.0167551756453583,83,40,19,20,4,False,60,2026-09-17 10:36:52.842,262500.0,91.0,12519.55131,20260917_000500_E014,2026-09-17 10:47:58.828,259000.0,63.0,11853.564494,567.8104166984558,17,0.19120458891013384,0.19120458891013384,True,False,,,,,,,0.19120458891013384,33.73391079902649,0.19120458891013384,33.73391079902649,0.19120458891013384,67.7487256526947,1.1583011583011582,103.10697603225708,1.7475728155339807,174.1395399570465,1.7475728155339807,282.9447486400604,-0.18796992481203012,33.73391079902649,-0.18796992481203012,67.7487256526947,-1.1278195488721803,103.10697603225708,-1.6917293233082704,174.1395399570465,-1.6917293233082704,282.9447486400604
2026-09-17 14:06:15,v2.1.2,MAIN,MAIN,MAIN,2026-09-17 14:06:15.586,True,KOSPI,000500,가온전선,263500.0,5.01,220630,135889000000.0,58136005000.0,135889000000.0,ACTUAL,32,266000.0,0.9398496240601504,1.3491089600397121,1.0308319822829404,86,40,22,20,4,False,60,2026-09-17 10:36:52.842,262500.0,91.0,12562.744414,20260917_000500_E014,2026-09-17 10:47:58.828,259000.0,63.0,11896.757598,575.4852051734924,17,0.5725190839694656,0.7648183556405354,True,False,,,,,,,0.5725190839694656,40.92872714996338,0.5725190839694656,40.92872714996338,0.7648183556405354,74.66263794898987,0.7648183556405354,108.67745280265808,2.131782945736434,179.81765460968018,2.3300970873786406,287.2940983772278,-0.5639097744360901,40.92872714996338,-0.7518796992481203,74.66263794898987,-0.7518796992481203,108.67745280265808,-2.0676691729323307,179.81765460968018,-2.2556390977443606,287.2940983772278
2026-09-17 16:15:46,v2.1.2,NXT_AFTER,NXT_AFTER,NXT_AFTER,2026-09-17 16:15:46.397,True,KOSDAQ,200470,에이팩트,7140.0,15.51,2890967,20006000000.0,20641504380.0,20006000000.0,ACTUAL,79,7270.0,1.7881705639614855,3.3298934753661786,3.2229250580545616,78,24,19,20,15,False,60,2026-09-17 09:04:17.340,6880.0,60.0,25889.057421,20260917_200470_E002,2026-09-17 16:15:15.567,7140.0,78.0,30.830435,591.3114812374115,17,0.1402524544179523,0.0,True,False,,,,,,,0.1402524544179523,35.85558724403381,0.1402524544179523,35.85558724403381,0.0,75.01758623123169,0.2808988764044944,111.03911519050598,0.7052186177715092,185.61771202087402,0.5633802816901409,289.29521131515503,,,,,,,,,,
2026-09-17 18:22:43,v2.1.2,NXT_AFTER,NXT_AFTER,NXT_AFTER,2026-09-17 18:22:43.216,True,KOSDAQ,126340,비나텍,78800.0,5.05,280807,54231000000.0,22127591600.0,54231000000.0,ACTUAL,25,79900.0,1.376720901126408,1.2574138050963388,1.4330250977270176,83,33,19,16,15,False,60,2026-09-17 09:02:51.833,77500.0,64.0,33591.382794,20260917_126340_E012,2026-09-17 18:22:09.432,78800.0,83.0,33.784251,594.0936133861542,15,0.0,0.0,False,False,,,,,,,,,0.0,42.69610929489136,0.0,42.69610929489136,0.2544529262086514,129.18314266204834,0.2544529262086514,169.99333906173706,0.3821656050955414,297.73341631889343,,,,,,,,,,
2026-09-17 19:58:24,v2.1.2,NXT_AFTER,NXT_AFTER,NXT_AFTER,2026-09-17 19:58:24.032,True,KOSDAQ,382900,범한퓨얼셀,26650.0,5.14,203811,32261000000.0,5431563150.0,32261000000.0,ACTUAL,53,26650.0,0.0,1.6545799569186583,1.0233325299752967,78,29,25,20,4,False,60,2026-09-17 19:57:48.691,26650.0,78.0,35.341287,20260917_382900_E001,2026-09-17 19:57:48.691,26650.0,78.0,35.341287,580.467408657074,16,0.3766478342749529,0.3766478342749529,True,False,,,,,,,0.3766478342749529,38.24472761154175,0.3766478342749529,38.24472761154175,0.3766478342749529,77.5670075416565,0.18796992481203006,117.5067822933197,0.18796992481203006,196.0605218410492,1.3307984790874523,314.1832466125488,-0.18796992481203006,38.24472761154175,-0.18796992481203006,77.5670075416565,0.0,117.5067822933197,0.0,196.0605218410492,-0.5671077504725899,314.1832466125488
2026-09-17 19:59:04,v2.1.2,NXT_AFTER,NXT_AFTER,NXT_AFTER,2026-09-17 19:59:04.159,True,KOSDAQ,382900,범한퓨얼셀,26650.0,5.34,207190,32500000000.0,5521613500.0,32500000000.0,ACTUAL,53,26700.0,0.18726591760299627,1.6668376243717304,1.0319717489079598,78,29,25,20,4,False,60,2026-09-17 19:57:48.691,26650.0,78.0,75.468367,20260917_382900_E001,2026-09-17 19:57:48.691,26650.0,78.0,75.468367,583.6462543010712,16,0.0,0.0,True,False,,,,,,,,,0.0,41.90264558792114,0.0,41.90264558792114,0.3766478342749529,119.46965312957764,0.3766478342749529,199.70929145812988,0.5660377358490566,315.0909912586212,0.18726591760299627,41.90264558792114,0.18726591760299627,41.90264558792114,-0.0007040072090337968,119.46965312957764,-0.0007040072090337968,199.70929145812988,0.18726591760299627,315.0909912586212
2026-09-17 20:00:23,v2.1.2,WAIT,NXT_AFTER,WAIT,2026-09-17 20:00:23.215,False,KOSDAQ,488280,에스투더블유,15110.0,5.15,427753,36019000000.0,6463347830.0,36019000000.0,ACTUAL,46,15110.0,0.0,1.7437548412083657,1.0456667774866037,78,29,25,20,4,False,60,2026-09-17 09:00:00.595,14330.0,63.0,39622.620381,20260917_488280_E005,2026-09-17 19:59:49.360,15110.0,78.0,33.855074,586.4951171875,16,0.06622516556291391,0.5322687957418496,,False,,,,,,,0.06622516556291391,40.81762933731079,0.06622516556291391,40.81762933731079,0.5322687957418496,78.7668821811676,0.3986710963455149,120.66952776908875,0.7333333333333333,198.23653531074524,1.1378848728246318,316.73004961013794,0.0,40.81762933731079,-0.132890365448505,78.7668821811676,0.0,120.66952776908875,0.0,198.23653531074524,-0.4,316.73004961013794
