datetime,version,trade_id,entry_mode,stock_code,stock_name,entry_time,signal_price,entry_price,scan_session,decision_session,decision_time,first_75_time,first_75_price,entry_decision_time,entry_signal_price,entry_delay_from_first75_sec,entry_vs_first75_pct,had_prior_shadow_70_74,prior_shadow_trade_id,first_ws_time,first_ws_price,first_ws_delay_sec,first_ws_vs_signal_pct,first_ws_vs_entry_pct,first_ws_gap_abs_pct,horizon_sec,actual_elapsed_sec,price,return_from_signal,return_from_entry,mfe_from_signal,mae_from_signal,mfe_from_entry,mae_from_entry,tracking_status
2026-09-03 09:02:56.658,v1.6.9,20260903_090460_BASE_E001_090226561215,BASE,090460,비에이치,2026-09-03 09:02:26.561,21450.0,21471.449999999997,MAIN,MAIN,2026-09-03 09:02:26.472,2026-09-03 09:02:26.472,21450.0,2026-09-03 09:02:26.472,21450.0,0.0,0.0,False,,2026-09-03 09:02:26.638,21400.0,0.16682,-0.2331002331002331,-0.332767465634585,0.2331002331002331,30,30.097,21400.0,-0.2331002331002331,-0.332767465634585,0.2331002331002331,-0.6993006993006993,0.13296726583441226,-0.7985021971035823,COMPLETE
2026-09-03 09:03:26.739,v1.6.9,20260903_090460_BASE_E001_090226561215,BASE,090460,비에이치,2026-09-03 09:02:26.561,21450.0,21471.449999999997,MAIN,MAIN,2026-09-03 09:02:26.472,2026-09-03 09:02:26.472,21450.0,2026-09-03 09:02:26.472,21450.0,0.0,0.0,False,,2026-09-03 09:02:26.638,21400.0,0.16682,-0.2331002331002331,-0.332767465634585,0.2331002331002331,60,60.178,21250.0,-0.9324009324009324,-1.0313695628380808,0.2331002331002331,-1.3986013986013985,0.13296726583441226,-1.4971042943070783,COMPLETE
2026-09-03 09:04:27.038,v1.6.9,20260903_090460_BASE_E001_090226561215,BASE,090460,비에이치,2026-09-03 09:02:26.561,21450.0,21471.449999999997,MAIN,MAIN,2026-09-03 09:02:26.472,2026-09-03 09:02:26.472,21450.0,2026-09-03 09:02:26.472,21450.0,0.0,0.0,False,,2026-09-03 09:02:26.638,21400.0,0.16682,-0.2331002331002331,-0.332767465634585,0.2331002331002331,120,120.477,21200.0,-1.1655011655011656,-1.2642369285725796,0.2331002331002331,-1.6317016317016315,0.13296726583441226,-1.7299716600415769,COMPLETE
2026-09-03 09:05:26.638,v1.6.9,20260903_090460_BASE_E001_090226561215,BASE,090460,비에이치,2026-09-03 09:02:26.561,21450.0,21471.449999999997,MAIN,MAIN,2026-09-03 09:02:26.472,2026-09-03 09:02:26.472,21450.0,2026-09-03 09:02:26.472,21450.0,0.0,0.0,False,,2026-09-03 09:02:26.638,21400.0,0.16682,-0.2331002331002331,-0.332767465634585,0.2331002331002331,180,180.077,21050.0,-1.8648018648018647,-1.9628390257760753,0.2331002331002331,-2.564102564102564,0.13296726583441226,-2.6614411229795714,COMPLETE
2026-09-03 09:07:26.737,v1.6.9,20260903_090460_BASE_E001_090226561215,BASE,090460,비에이치,2026-09-03 09:02:26.561,21450.0,21471.449999999997,MAIN,MAIN,2026-09-03 09:02:26.472,2026-09-03 09:02:26.472,21450.0,2026-09-03 09:02:26.472,21450.0,0.0,0.0,False,,2026-09-03 09:02:26.638,21400.0,0.16682,-0.2331002331002331,-0.332767465634585,0.2331002331002331,300,300.176,21000.0,-2.097902097902098,-2.195706391510574,0.2331002331002331,-3.263403263403263,0.13296726583441226,-3.360043220183067,COMPLETE
2026-09-03 09:09:59.037,v1.6.9,20260903_004310_BASE_E001_090929020164,BASE,004310,현대약품,2026-09-03 09:09:29.020,8460.0,8468.46,MAIN,MAIN,2026-09-03 09:09:28.980,2026-09-03 09:09:28.980,8460.0,2026-09-03 09:09:28.980,8460.0,0.0,0.0,False,,2026-09-03 09:09:29.246,8450.0,0.26621,-0.1182033096926714,-0.2179853243682928,0.1182033096926714,30,30.017,8480.0,0.2364066193853428,0.1362703490363168,0.3546099290780142,-0.3546099290780142,0.25435557350452,-0.4541557733046992,COMPLETE
2026-09-03 09:09:59.046,v1.6.9,20260903_441270_WIDE_HIGH_GAP_SHADOW_E001_090928990500,WIDE_HIGH_GAP_SHADOW,441270,파인엠텍,2026-09-03 09:09:28.990,8510.0,8518.509999999998,MAIN,MAIN,2026-09-03 09:09:28.984,,,2026-09-03 09:09:28.984,8510.0,,,False,,2026-09-03 09:09:29.039,8510.0,0.054695,0.0,-0.09990009990008113,0.0,30,30.056,8590.0,0.9400705052878966,0.8392312740139016,0.9400705052878966,-0.11750881316098707,0.8392312740139016,-0.21729152163932897,COMPLETE
2026-09-03 09:09:59.057,v1.6.9,20260903_004310_PRE_FAIL_PULLBACK_SHADOW_E001_090929044704,PRE_FAIL_PULLBACK_SHADOW,004310,현대약품,2026-09-03 09:09:29.044,8460.0,8468.46,MAIN,MAIN,2026-09-03 09:09:28.980,2026-09-03 09:09:28.980,8460.0,2026-09-03 09:09:28.980,8460.0,0.0,0.0,False,,2026-09-03 09:09:29.246,8450.0,0.26621,-0.1182033096926714,-0.2179853243682928,0.1182033096926714,30,30.013,8480.0,0.2364066193853428,0.1362703490363168,0.3546099290780142,-0.3546099290780142,0.25435557350452,-0.4541557733046992,COMPLETE
2026-09-03 09:09:59.146,v1.6.9,20260903_004310_LIVE_FILTER_SHADOW_E001_090929057731,LIVE_FILTER_SHADOW,004310,현대약품,2026-09-03 09:09:29.057,8460.0,8468.46,MAIN,MAIN,2026-09-03 09:09:28.980,2026-09-03 09:09:28.980,8460.0,2026-09-03 09:09:28.980,8460.0,0.0,0.0,False,,2026-09-03 09:09:29.246,8450.0,0.26621,-0.1182033096926714,-0.2179853243682928,0.1182033096926714,30,30.089,8480.0,0.2364066193853428,0.1362703490363168,0.3546099290780142,-0.3546099290780142,0.25435557350452,-0.4541557733046992,COMPLETE
2026-09-03 09:10:29.038,v1.6.9,20260903_004310_BASE_E001_090929020164,BASE,004310,현대약품,2026-09-03 09:09:29.020,8460.0,8468.46,MAIN,MAIN,2026-09-03 09:09:28.980,2026-09-03 09:09:28.980,8460.0,2026-09-03 09:09:28.980,8460.0,0.0,0.0,False,,2026-09-03 09:09:29.246,8450.0,0.26621,-0.1182033096926714,-0.2179853243682928,0.1182033096926714,60,60.019,8480.0,0.2364066193853428,0.1362703490363168,0.3546099290780142,-0.5910165484633569,0.25435557350452,-0.6903262222411056,COMPLETE
2026-09-03 09:10:29.044,v1.6.9,20260903_441270_WIDE_HIGH_GAP_SHADOW_E001_090928990500,WIDE_HIGH_GAP_SHADOW,441270,파인엠텍,2026-09-03 09:09:28.990,8510.0,8518.509999999998,MAIN,MAIN,2026-09-03 09:09:28.984,,,2026-09-03 09:09:28.984,8510.0,,,False,,2026-09-03 09:09:29.039,8510.0,0.054695,0.0,-0.09990009990008113,0.0,60,60.054,8570.0,0.7050528789659225,0.604448430535406,1.2925969447708578,-0.11750881316098707,1.1914055392316452,-0.21729152163932897,COMPLETE
2026-09-03 09:10:29.136,v1.6.9,20260903_004310_LIVE_FILTER_SHADOW_E001_090929057731,LIVE_FILTER_SHADOW,004310,현대약품,2026-09-03 09:09:29.057,8460.0,8468.46,MAIN,MAIN,2026-09-03 09:09:28.980,2026-09-03 09:09:28.980,8460.0,2026-09-03 09:09:28.980,8460.0,0.0,0.0,False,,2026-09-03 09:09:29.246,8450.0,0.26621,-0.1182033096926714,-0.2179853243682928,0.1182033096926714,60,60.079,8450.0,-0.1182033096926714,-0.2179853243682928,0.3546099290780142,-0.5910165484633569,0.25435557350452,-0.6903262222411056,COMPLETE
2026-09-03 09:10:29.136,v1.6.9,20260903_004310_PRE_FAIL_PULLBACK_SHADOW_E001_090929044704,PRE_FAIL_PULLBACK_SHADOW,004310,현대약품,2026-09-03 09:09:29.044,8460.0,8468.46,MAIN,MAIN,2026-09-03 09:09:28.980,2026-09-03 09:09:28.980,8460.0,2026-09-03 09:09:28.980,8460.0,0.0,0.0,False,,2026-09-03 09:09:29.246,8450.0,0.26621,-0.1182033096926714,-0.2179853243682928,0.1182033096926714,60,60.092,8450.0,-0.1182033096926714,-0.2179853243682928,0.3546099290780142,-0.5910165484633569,0.25435557350452,-0.6903262222411056,COMPLETE
2026-09-03 09:11:00.037,v1.6.9,20260903_441270_WIDE_HIGH_GAP_SHADOW_E002_091029694869,WIDE_HIGH_GAP_SHADOW,441270,파인엠텍,2026-09-03 09:10:29.694,8570.0,8578.57,MAIN,MAIN,2026-09-03 09:10:29.684,,,2026-09-03 09:10:29.684,8570.0,,,False,,2026-09-03 09:10:30.036,8570.0,0.35176,0.0,-0.09990009990009652,0.0,30,30.343,8500.0,-0.8168028004667445,-0.915886913553188,0.2333722287047841,-1.2835472578763127,0.13323898971507245,-1.3821650927835258,COMPLETE
2026-09-03 09:11:29.146,v1.6.9,20260903_004310_LIVE_FILTER_SHADOW_E001_090929057731,LIVE_FILTER_SHADOW,004310,현대약품,2026-09-03 09:09:29.057,8460.0,8468.46,MAIN,MAIN,2026-09-03 09:09:28.980,2026-09-03 09:09:28.980,8460.0,2026-09-03 09:09:28.980,8460.0,0.0,0.0,False,,2026-09-03 09:09:29.246,8450.0,0.26621,-0.1182033096926714,-0.2179853243682928,0.1182033096926714,120,120.089,8470.0,0.1182033096926714,0.018185124568113605,1.1820330969267139,-0.5910165484633569,1.0809521447819426,-0.6903262222411056,COMPLETE
2026-09-03 09:11:29.146,v1.6.9,20260903_004310_BASE_E001_090929020164,BASE,004310,현대약품,2026-09-03 09:09:29.020,8460.0,8468.46,MAIN,MAIN,2026-09-03 09:09:28.980,2026-09-03 09:09:28.980,8460.0,2026-09-03 09:09:28.980,8460.0,0.0,0.0,False,,2026-09-03 09:09:29.246,8450.0,0.26621,-0.1182033096926714,-0.2179853243682928,0.1182033096926714,120,120.126,8470.0,0.1182033096926714,0.018185124568113605,1.1820330969267139,-0.5910165484633569,1.0809521447819426,-0.6903262222411056,COMPLETE
2026-09-03 09:11:29.146,v1.6.9,20260903_004310_PRE_FAIL_PULLBACK_SHADOW_E001_090929044704,PRE_FAIL_PULLBACK_SHADOW,004310,현대약품,2026-09-03 09:09:29.044,8460.0,8468.46,MAIN,MAIN,2026-09-03 09:09:28.980,2026-09-03 09:09:28.980,8460.0,2026-09-03 09:09:28.980,8460.0,0.0,0.0,False,,2026-09-03 09:09:29.246,8450.0,0.26621,-0.1182033096926714,-0.2179853243682928,0.1182033096926714,120,120.102,8470.0,0.1182033096926714,0.018185124568113605,1.1820330969267139,-0.5910165484633569,1.0809521447819426,-0.6903262222411056,COMPLETE
2026-09-03 09:11:29.254,v1.6.9,20260903_441270_WIDE_HIGH_GAP_SHADOW_E001_090928990500,WIDE_HIGH_GAP_SHADOW,441270,파인엠텍,2026-09-03 09:09:28.990,8510.0,8518.509999999998,MAIN,MAIN,2026-09-03 09:09:28.984,,,2026-09-03 09:09:28.984,8510.0,,,False,,2026-09-03 09:09:29.039,8510.0,0.054695,0.0,-0.09990009990008113,0.0,120,120.264,8710.0,2.3501762632197414,2.2479283348848758,2.7027027027027026,-0.5875440658049353,2.6001026001026193,-0.6868572085963204,COMPLETE
2026-09-03 09:11:29.751,v1.6.9,20260903_441270_WIDE_HIGH_GAP_SHADOW_E002_091029694869,WIDE_HIGH_GAP_SHADOW,441270,파인엠텍,2026-09-03 09:10:29.694,8570.0,8578.57,MAIN,MAIN,2026-09-03 09:10:29.684,,,2026-09-03 09:10:29.684,8570.0,,,False,,2026-09-03 09:10:30.036,8570.0,0.35176,0.0,-0.09990009990009652,0.0,60,60.056,8710.0,1.633605600933489,1.5320735274060864,1.9836639439906651,-1.2835472578763127,1.8817821618288397,-1.3821650927835258,COMPLETE
2026-09-03 09:12:24.546,v1.6.9,20260903_067290_SHADOW_SCORE_70_74_E001_091154464993,SHADOW_SCORE_70_74,067290,JW신약,2026-09-03 09:11:54.464,3270.0,3273.2699999999995,MAIN,MAIN,2026-09-03 09:11:54.390,,,2026-09-03 09:11:54.390,3270.0,,,False,,2026-09-03 09:11:54.546,3265.0,0.155803,-0.1529051987767584,-0.2526525462305135,0.1529051987767584,30,30.081,3270.0,0.0,-0.09990009990008546,0.45871559633027525,-0.9174311926605505,0.35835723909119854,-1.0164147778826536,COMPLETE
2026-09-03 09:12:29.047,v1.6.9,20260903_441270_WIDE_HIGH_GAP_SHADOW_E001_090928990500,WIDE_HIGH_GAP_SHADOW,441270,파인엠텍,2026-09-03 09:09:28.990,8510.0,8518.509999999998,MAIN,MAIN,2026-09-03 09:09:28.984,,,2026-09-03 09:09:28.984,8510.0,,,False,,2026-09-03 09:09:29.039,8510.0,0.054695,0.0,-0.09990009990008113,0.0,180,180.057,8850.0,3.9952996474735603,3.891408239234346,3.9952996474735603,-0.5875440658049353,3.891408239234346,-0.6868572085963204,COMPLETE
2026-09-03 09:12:29.068,v1.6.9,20260903_004310_LIVE_FILTER_SHADOW_E001_090929057731,LIVE_FILTER_SHADOW,004310,현대약품,2026-09-03 09:09:29.057,8460.0,8468.46,MAIN,MAIN,2026-09-03 09:09:28.980,2026-09-03 09:09:28.980,8460.0,2026-09-03 09:09:28.980,8460.0,0.0,0.0,False,,2026-09-03 09:09:29.246,8450.0,0.26621,-0.1182033096926714,-0.2179853243682928,0.1182033096926714,180,180.01,8400.0,-0.7092198581560284,-0.8084114467093088,1.1820330969267139,-0.9456264775413712,1.0809521447819426,-1.0445818956457151,COMPLETE
2026-09-03 09:12:29.068,v1.6.9,20260903_004310_BASE_E001_090929020164,BASE,004310,현대약품,2026-09-03 09:09:29.020,8460.0,8468.46,MAIN,MAIN,2026-09-03 09:09:28.980,2026-09-03 09:09:28.980,8460.0,2026-09-03 09:09:28.980,8460.0,0.0,0.0,False,,2026-09-03 09:09:29.246,8450.0,0.26621,-0.1182033096926714,-0.2179853243682928,0.1182033096926714,180,180.048,8400.0,-0.7092198581560284,-0.8084114467093088,1.1820330969267139,-0.9456264775413712,1.0809521447819426,-1.0445818956457151,COMPLETE
2026-09-03 09:12:29.068,v1.6.9,20260903_004310_PRE_FAIL_PULLBACK_SHADOW_E001_090929044704,PRE_FAIL_PULLBACK_SHADOW,004310,현대약품,2026-09-03 09:09:29.044,8460.0,8468.46,MAIN,MAIN,2026-09-03 09:09:28.980,2026-09-03 09:09:28.980,8460.0,2026-09-03 09:09:28.980,8460.0,0.0,0.0,False,,2026-09-03 09:09:29.246,8450.0,0.26621,-0.1182033096926714,-0.2179853243682928,0.1182033096926714,180,180.023,8400.0,-0.7092198581560284,-0.8084114467093088,1.1820330969267139,-0.9456264775413712,1.0809521447819426,-1.0445818956457151,COMPLETE
2026-09-03 09:12:29.750,v1.6.9,20260903_441270_WIDE_HIGH_GAP_SHADOW_E002_091029694869,WIDE_HIGH_GAP_SHADOW,441270,파인엠텍,2026-09-03 09:10:29.694,8570.0,8578.57,MAIN,MAIN,2026-09-03 09:10:29.684,,,2026-09-03 09:10:29.684,8570.0,,,False,,2026-09-03 09:10:30.036,8570.0,0.35176,0.0,-0.09990009990009652,0.0,120,120.056,8840.0,3.150525087514586,3.0474776099046847,3.38389731621937,-1.2835472578763127,3.2806166995198534,-1.3821650927835258,COMPLETE
2026-09-03 09:12:54.547,v1.6.9,20260903_067290_SHADOW_SCORE_70_74_E001_091154464993,SHADOW_SCORE_70_74,067290,JW신약,2026-09-03 09:11:54.464,3270.0,3273.2699999999995,MAIN,MAIN,2026-09-03 09:11:54.390,,,2026-09-03 09:11:54.390,3270.0,,,False,,2026-09-03 09:11:54.546,3265.0,0.155803,-0.1529051987767584,-0.2526525462305135,0.1529051987767584,60,60.082,3305.0,1.0703363914373087,0.9693670244129106,1.3761467889908259,-0.9174311926605505,1.2748719170737666,-1.0164147778826536,COMPLETE
2026-09-03 09:13:22.923,v1.6.9,20260903_441270_SHADOW_SCORE_70_74_E002_091252822592,SHADOW_SCORE_70_74,441270,파인엠텍,2026-09-03 09:12:52.822,8860.0,8868.859999999999,MAIN,MAIN,2026-09-03 09:12:52.781,,,2026-09-03 09:12:52.781,8860.0,,,False,,2026-09-03 09:12:52.956,8850.0,0.175177,-0.1128668171557562,-0.21265416299274953,0.1128668171557562,30,30.101,8800.0,-0.6772009029345373,-0.7764244784560673,0.33860045146726864,-1.1286681715575622,0.23836208937790473,-1.2274407308267214,COMPLETE
2026-09-03 09:13:29.847,v1.6.9,20260903_441270_WIDE_HIGH_GAP_SHADOW_E002_091029694869,WIDE_HIGH_GAP_SHADOW,441270,파인엠텍,2026-09-03 09:10:29.694,8570.0,8578.57,MAIN,MAIN,2026-09-03 09:10:29.684,,,2026-09-03 09:10:29.684,8570.0,,,False,,2026-09-03 09:10:30.036,8570.0,0.35176,0.0,-0.09990009990009652,0.0,180,180.153,8750.0,2.100350058343057,1.9983517066364243,3.7339556592765457,-1.2835472578763127,3.630325333942607,-1.3821650927835258,COMPLETE
2026-09-03 09:13:52.845,v1.6.9,20260903_441270_SHADOW_SCORE_70_74_E002_091252822592,SHADOW_SCORE_70_74,441270,파인엠텍,2026-09-03 09:12:52.822,8860.0,8868.859999999999,MAIN,MAIN,2026-09-03 09:12:52.781,,,2026-09-03 09:12:52.781,8860.0,,,False,,2026-09-03 09:12:52.956,8850.0,0.175177,-0.1128668171557562,-0.21265416299274953,0.1128668171557562,60,60.023,8740.0,-1.3544018058690745,-1.4529488570120488,0.33860045146726864,-1.9187358916478554,0.23836208937790473,-2.0167191724753666,COMPLETE
2026-09-03 09:13:54.554,v1.6.9,20260903_067290_SHADOW_SCORE_70_74_E001_091154464993,SHADOW_SCORE_70_74,067290,JW신약,2026-09-03 09:11:54.464,3270.0,3273.2699999999995,MAIN,MAIN,2026-09-03 09:11:54.390,,,2026-09-03 09:11:54.390,3270.0,,,False,,2026-09-03 09:11:54.546,3265.0,0.155803,-0.1529051987767584,-0.2526525462305135,0.1529051987767584,120,120.089,3365.0,2.90519877675841,2.8023963803780463,2.90519877675841,-0.9174311926605505,2.8023963803780463,-1.0164147778826536,COMPLETE
2026-09-03 09:14:25.544,v1.6.9,20260903_067290_PRE_HISTORY_E001_091355513144,PRE_HISTORY,067290,JW신약,2026-09-03 09:13:55.513,3365.0,3368.365,MAIN,MAIN,2026-09-03 09:13:55.415,2026-09-03 09:13:55.415,3365.0,2026-09-03 09:13:55.415,3365.0,0.0,0.0,True,20260903_067290_SHADOW_SCORE_70_74_E001_091154464993,2026-09-03 09:13:55.565,3365.0,0.149974,0.0,-0.09990009990009342,0.0,30,30.032,3370.0,0.1485884101040119,0.048539870233784595,0.44576523031203563,-0.44576523031203563,0.34541981050154064,-0.5452200103017275,COMPLETE
2026-09-03 09:14:25.544,v1.6.9,20260903_067290_BASE_E001_091355492217,BASE,067290,JW신약,2026-09-03 09:13:55.492,3365.0,3368.365,MAIN,MAIN,2026-09-03 09:13:55.415,2026-09-03 09:13:55.415,3365.0,2026-09-03 09:13:55.415,3365.0,0.0,0.0,True,20260903_067290_SHADOW_SCORE_70_74_E001_091154464993,2026-09-03 09:13:55.565,3365.0,0.149974,0.0,-0.09990009990009342,0.0,30,30.053,3370.0,0.1485884101040119,0.048539870233784595,0.44576523031203563,-0.44576523031203563,0.34541981050154064,-0.5452200103017275,COMPLETE
2026-09-03 09:14:25.976,v1.6.9,20260903_004310_PRE_HISTORY_E001_091355469631,PRE_HISTORY,004310,현대약품,2026-09-03 09:13:55.469,8650.0,8658.65,MAIN,MAIN,2026-09-03 09:13:55.370,2026-09-03 09:09:28.980,8460.0,2026-09-03 09:13:55.370,8650.0,266.390368,2.245862884160754,False,,,,,,,,30,30.507,8650.0,0.0,-0.0999000999000957,0.0,0.0,-0.0999000999000957,-0.0999000999000957,COMPLETE
2026-09-03 09:14:29.045,v1.6.9,20260903_441270_WIDE_HIGH_GAP_SHADOW_E001_090928990500,WIDE_HIGH_GAP_SHADOW,441270,파인엠텍,2026-09-03 09:09:28.990,8510.0,8518.509999999998,MAIN,MAIN,2026-09-03 09:09:28.984,,,2026-09-03 09:09:28.984,8510.0,,,False,,2026-09-03 09:09:29.039,8510.0,0.054695,0.0,-0.09990009990008113,0.0,300,300.055,8780.0,3.172737955346651,3.069668287059611,4.465334900117509,-0.5875440658049353,4.360973926191337,-0.6868572085963204,COMPLETE
2026-09-03 09:14:35.245,v1.6.9,20260903_067290_LIVE_FILTER_SHADOW_E001_091405210252,LIVE_FILTER_SHADOW,067290,JW신약,2026-09-03 09:14:05.210,3365.0,3368.365,MAIN,MAIN,2026-09-03 09:13:55.415,2026-09-03 09:13:55.415,3365.0,2026-09-03 09:13:55.415,3365.0,0.0,0.0,True,20260903_067290_SHADOW_SCORE_70_74_E001_091154464993,2026-09-03 09:14:05.268,3355.0,9.853481,-0.2971768202080238,-0.39678004016784946,0.2971768202080238,30,30.035,3395.0,0.8915304606240713,0.7907397209031747,0.8915304606240713,-0.44576523031203563,0.7907397209031747,-0.5452200103017275,COMPLETE
2026-09-03 09:14:40.996,v1.6.9,20260903_004310_LIVE_FILTER_SHADOW_E001_090929057731,LIVE_FILTER_SHADOW,004310,현대약품,2026-09-03 09:09:29.057,8460.0,8468.46,MAIN,MAIN,2026-09-03 09:09:28.980,2026-09-03 09:09:28.980,8460.0,2026-09-03 09:09:28.980,8460.0,0.0,0.0,False,,2026-09-03 09:09:29.246,8450.0,0.26621,-0.1182033096926714,-0.2179853243682928,0.1182033096926714,300,311.939,8650.0,2.2458628841607564,2.143719164995771,2.2458628841607564,-0.9456264775413712,2.143719164995771,-1.0445818956457151,COMPLETE
2026-09-03 09:14:40.996,v1.6.9,20260903_004310_BASE_E001_090929020164,BASE,004310,현대약품,2026-09-03 09:09:29.020,8460.0,8468.46,MAIN,MAIN,2026-09-03 09:09:28.980,2026-09-03 09:09:28.980,8460.0,2026-09-03 09:09:28.980,8460.0,0.0,0.0,False,,2026-09-03 09:09:29.246,8450.0,0.26621,-0.1182033096926714,-0.2179853243682928,0.1182033096926714,300,311.976,8650.0,2.2458628841607564,2.143719164995771,2.2458628841607564,-0.9456264775413712,2.143719164995771,-1.0445818956457151,COMPLETE
2026-09-03 09:14:40.996,v1.6.9,20260903_004310_PRE_FAIL_PULLBACK_SHADOW_E001_090929044704,PRE_FAIL_PULLBACK_SHADOW,004310,현대약품,2026-09-03 09:09:29.044,8460.0,8468.46,MAIN,MAIN,2026-09-03 09:09:28.980,2026-09-03 09:09:28.980,8460.0,2026-09-03 09:09:28.980,8460.0,0.0,0.0,False,,2026-09-03 09:09:29.246,8450.0,0.26621,-0.1182033096926714,-0.2179853243682928,0.1182033096926714,300,311.952,8650.0,2.2458628841607564,2.143719164995771,2.2458628841607564,-0.9456264775413712,2.143719164995771,-1.0445818956457151,COMPLETE
2026-09-03 09:14:52.844,v1.6.9,20260903_441270_SHADOW_SCORE_70_74_E002_091252822592,SHADOW_SCORE_70_74,441270,파인엠텍,2026-09-03 09:12:52.822,8860.0,8868.859999999999,MAIN,MAIN,2026-09-03 09:12:52.781,,,2026-09-03 09:12:52.781,8860.0,,,False,,2026-09-03 09:12:52.956,8850.0,0.175177,-0.1128668171557562,-0.21265416299274953,0.1128668171557562,120,120.022,8770.0,-1.0158013544018059,-1.114686667734058,0.33860045146726864,-1.9187358916478554,0.23836208937790473,-2.0167191724753666,COMPLETE
2026-09-03 09:14:53.544,v1.6.9,20260903_067290_CONFIRM_E001_091423496090,CONFIRM,067290,JW신약,2026-09-03 09:14:23.496,3370.0,3373.3699999999994,MAIN,MAIN,2026-09-03 09:14:23.475,2026-09-03 09:13:55.415,3365.0,2026-09-03 09:14:23.475,3370.0,28.059865,0.14858841010401136,True,20260903_067290_SHADOW_SCORE_70_74_E001_091154464993,2026-09-03 09:14:23.548,3370.0,0.073405,0.0,-0.09990009990008321,0.0,30,30.049,3380.0,0.2967359050445104,0.1965393656788483,0.8902077151335311,0.0,0.7894182968367114,-0.09990009990008321,COMPLETE
2026-09-03 09:14:53.559,v1.6.9,20260903_100840_SHADOW_SCORE_70_74_E004_091423532643,SHADOW_SCORE_70_74,100840,SNT에너지,2026-09-03 09:14:23.532,34050.0,34084.049999999996,MAIN,MAIN,2026-09-03 09:14:23.472,,,2026-09-03 09:14:23.472,34050.0,,,False,,2026-09-03 09:14:23.648,34100.0,0.176279,0.14684287812041116,0.0467960820383856,0.14684287812041116,30,30.027,34000.0,-0.14684287812041116,-0.2465962818385598,0.14684287812041116,-0.4405286343612335,0.0467960820383856,-0.5399886457155052,COMPLETE
2026-09-03 09:14:54.545,v1.6.9,20260903_067290_SHADOW_SCORE_70_74_E001_091154464993,SHADOW_SCORE_70_74,067290,JW신약,2026-09-03 09:11:54.464,3270.0,3273.2699999999995,MAIN,MAIN,2026-09-03 09:11:54.390,,,2026-09-03 09:11:54.390,3270.0,,,False,,2026-09-03 09:11:54.546,3265.0,0.155803,-0.1529051987767584,-0.2526525462305135,0.1529051987767584,180,180.08,3385.0,3.5168195718654434,3.413406165699759,3.9755351681957185,-0.9174311926605505,3.8716635046910426,-1.0164147778826536,COMPLETE
2026-09-03 09:14:55.544,v1.6.9,20260903_067290_PRE_HISTORY_E001_091355513144,PRE_HISTORY,067290,JW신약,2026-09-03 09:13:55.513,3365.0,3368.365,MAIN,MAIN,2026-09-03 09:13:55.415,2026-09-03 09:13:55.415,3365.0,2026-09-03 09:13:55.415,3365.0,0.0,0.0,True,20260903_067290_SHADOW_SCORE_70_74_E001_091154464993,2026-09-03 09:13:55.565,3365.0,0.149974,0.0,-0.09990009990009342,0.0,60,60.031,3390.0,0.7429420505200593,0.6422997507692967,1.040118870728083,-0.44576523031203563,0.9391796910370527,-0.5452200103017275,COMPLETE
2026-09-03 09:14:55.544,v1.6.9,20260903_067290_BASE_E001_091355492217,BASE,067290,JW신약,2026-09-03 09:13:55.492,3365.0,3368.365,MAIN,MAIN,2026-09-03 09:13:55.415,2026-09-03 09:13:55.415,3365.0,2026-09-03 09:13:55.415,3365.0,0.0,0.0,True,20260903_067290_SHADOW_SCORE_70_74_E001_091154464993,2026-09-03 09:13:55.565,3365.0,0.149974,0.0,-0.09990009990009342,0.0,60,60.052,3390.0,0.7429420505200593,0.6422997507692967,1.040118870728083,-0.44576523031203563,0.9391796910370527,-0.5452200103017275,COMPLETE
2026-09-03 09:14:56.565,v1.6.9,20260903_004310_PRE_HISTORY_E001_091355469631,PRE_HISTORY,004310,현대약품,2026-09-03 09:13:55.469,8650.0,8658.65,MAIN,MAIN,2026-09-03 09:13:55.370,2026-09-03 09:09:28.980,8460.0,2026-09-03 09:13:55.370,8650.0,266.390368,2.245862884160754,False,,,,,,,,60,61.095,8650.0,0.0,-0.0999000999000957,0.0,0.0,-0.0999000999000957,-0.0999000999000957,COMPLETE
2026-09-03 09:15:05.244,v1.6.9,20260903_067290_LIVE_FILTER_SHADOW_E001_091405210252,LIVE_FILTER_SHADOW,067290,JW신약,2026-09-03 09:14:05.210,3365.0,3368.365,MAIN,MAIN,2026-09-03 09:13:55.415,2026-09-03 09:13:55.415,3365.0,2026-09-03 09:13:55.415,3365.0,0.0,0.0,True,20260903_067290_SHADOW_SCORE_70_74_E001_091154464993,2026-09-03 09:14:05.268,3355.0,9.853481,-0.2971768202080238,-0.39678004016784946,0.2971768202080238,60,60.034,3390.0,0.7429420505200593,0.6422997507692967,1.040118870728083,-0.44576523031203563,0.9391796910370527,-0.5452200103017275,COMPLETE
2026-09-03 09:15:23.544,v1.6.9,20260903_067290_CONFIRM_E001_091423496090,CONFIRM,067290,JW신약,2026-09-03 09:14:23.496,3370.0,3373.3699999999994,MAIN,MAIN,2026-09-03 09:14:23.475,2026-09-03 09:13:55.415,3365.0,2026-09-03 09:14:23.475,3370.0,28.059865,0.14858841010401136,True,20260903_067290_SHADOW_SCORE_70_74_E001_091154464993,2026-09-03 09:14:23.548,3370.0,0.073405,0.0,-0.09990009990008321,0.0,60,60.048,3370.0,0.0,-0.09990009990008321,0.8902077151335311,-0.1483679525222552,0.7894182968367114,-0.24811983268954893,COMPLETE
2026-09-03 09:15:23.582,v1.6.9,20260903_100840_SHADOW_SCORE_70_74_E004_091423532643,SHADOW_SCORE_70_74,100840,SNT에너지,2026-09-03 09:14:23.532,34050.0,34084.049999999996,MAIN,MAIN,2026-09-03 09:14:23.472,,,2026-09-03 09:14:23.472,34050.0,,,False,,2026-09-03 09:14:23.648,34100.0,0.176279,0.14684287812041116,0.0467960820383856,0.14684287812041116,60,60.05,34100.0,0.14684287812041116,0.0467960820383856,0.5873715124816447,-0.4405286343612335,0.4868846278538037,-0.5399886457155052,COMPLETE
2026-09-03 09:15:30.447,v1.6.9,20260903_441270_WIDE_HIGH_GAP_SHADOW_E002_091029694869,WIDE_HIGH_GAP_SHADOW,441270,파인엠텍,2026-09-03 09:10:29.694,8570.0,8578.57,MAIN,MAIN,2026-09-03 09:10:29.684,,,2026-09-03 09:10:29.684,8570.0,,,False,,2026-09-03 09:10:30.036,8570.0,0.35176,0.0,-0.09990009990009652,0.0,300,300.752,8810.0,2.8004667444574096,2.697768975481931,3.7339556592765457,-1.2835472578763127,3.630325333942607,-1.3821650927835258,COMPLETE
2026-09-03 09:15:52.945,v1.6.9,20260903_441270_SHADOW_SCORE_70_74_E002_091252822592,SHADOW_SCORE_70_74,441270,파인엠텍,2026-09-03 09:12:52.822,8860.0,8868.859999999999,MAIN,MAIN,2026-09-03 09:12:52.781,,,2026-09-03 09:12:52.781,8860.0,,,False,,2026-09-03 09:12:52.956,8850.0,0.175177,-0.1128668171557562,-0.21265416299274953,0.1128668171557562,180,180.123,8800.0,-0.6772009029345373,-0.7764244784560673,0.33860045146726864,-1.9187358916478554,0.23836208937790473,-2.0167191724753666,COMPLETE
2026-09-03 09:15:55.544,v1.6.9,20260903_067290_PRE_HISTORY_E001_091355513144,PRE_HISTORY,067290,JW신약,2026-09-03 09:13:55.513,3365.0,3368.365,MAIN,MAIN,2026-09-03 09:13:55.415,2026-09-03 09:13:55.415,3365.0,2026-09-03 09:13:55.415,3365.0,0.0,0.0,True,20260903_067290_SHADOW_SCORE_70_74_E001_091154464993,2026-09-03 09:13:55.565,3365.0,0.149974,0.0,-0.09990009990009342,0.0,120,120.032,3430.0,1.9316493313521546,1.8298195118403207,2.080237741456166,-0.44576523031203563,1.9782594819741988,-0.5452200103017275,COMPLETE
2026-09-03 09:15:55.544,v1.6.9,20260903_067290_BASE_E001_091355492217,BASE,067290,JW신약,2026-09-03 09:13:55.492,3365.0,3368.365,MAIN,MAIN,2026-09-03 09:13:55.415,2026-09-03 09:13:55.415,3365.0,2026-09-03 09:13:55.415,3365.0,0.0,0.0,True,20260903_067290_SHADOW_SCORE_70_74_E001_091154464993,2026-09-03 09:13:55.565,3365.0,0.149974,0.0,-0.09990009990009342,0.0,120,120.052,3430.0,1.9316493313521546,1.8298195118403207,2.080237741456166,-0.44576523031203563,1.9782594819741988,-0.5452200103017275,COMPLETE
2026-09-03 09:16:02.976,v1.6.9,20260903_004310_PRE_HISTORY_E001_091355469631,PRE_HISTORY,004310,현대약품,2026-09-03 09:13:55.469,8650.0,8658.65,MAIN,MAIN,2026-09-03 09:13:55.370,2026-09-03 09:09:28.980,8460.0,2026-09-03 09:13:55.370,8650.0,266.390368,2.245862884160754,False,,,,,,,,120,127.507,8650.0,0.0,-0.0999000999000957,0.0,0.0,-0.0999000999000957,-0.0999000999000957,COMPLETE
2026-09-03 09:16:05.245,v1.6.9,20260903_067290_LIVE_FILTER_SHADOW_E001_091405210252,LIVE_FILTER_SHADOW,067290,JW신약,2026-09-03 09:14:05.210,3365.0,3368.365,MAIN,MAIN,2026-09-03 09:13:55.415,2026-09-03 09:13:55.415,3365.0,2026-09-03 09:13:55.415,3365.0,0.0,0.0,True,20260903_067290_SHADOW_SCORE_70_74_E001_091154464993,2026-09-03 09:14:05.268,3355.0,9.853481,-0.2971768202080238,-0.39678004016784946,0.2971768202080238,120,120.035,3425.0,1.7830609212481425,1.6813795417064428,2.080237741456166,-0.44576523031203563,1.9782594819741988,-0.5452200103017275,COMPLETE
2026-09-03 09:16:23.546,v1.6.9,20260903_067290_CONFIRM_E001_091423496090,CONFIRM,067290,JW신약,2026-09-03 09:14:23.496,3370.0,3373.3699999999994,MAIN,MAIN,2026-09-03 09:14:23.475,2026-09-03 09:13:55.415,3365.0,2026-09-03 09:14:23.475,3370.0,28.059865,0.14858841010401136,True,20260903_067290_SHADOW_SCORE_70_74_E001_091154464993,2026-09-03 09:14:23.548,3370.0,0.073405,0.0,-0.09990009990008321,0.0,120,120.051,3450.0,2.3738872403560833,2.271615624731369,2.3738872403560833,-0.2967359050445104,2.271615624731369,-0.3963395654790147,COMPLETE
2026-09-03 09:16:23.644,v1.6.9,20260903_100840_SHADOW_SCORE_70_74_E004_091423532643,SHADOW_SCORE_70_74,100840,SNT에너지,2026-09-03 09:14:23.532,34050.0,34084.049999999996,MAIN,MAIN,2026-09-03 09:14:23.472,,,2026-09-03 09:14:23.472,34050.0,,,False,,2026-09-03 09:14:23.648,34100.0,0.176279,0.14684287812041116,0.0467960820383856,0.14684287812041116,120,120.112,34100.0,0.14684287812041116,0.0467960820383856,0.5873715124816447,-0.4405286343612335,0.4868846278538037,-0.5399886457155052,COMPLETE
2026-09-03 09:16:54.546,v1.6.9,20260903_067290_SHADOW_SCORE_70_74_E001_091154464993,SHADOW_SCORE_70_74,067290,JW신약,2026-09-03 09:11:54.464,3270.0,3273.2699999999995,MAIN,MAIN,2026-09-03 09:11:54.390,,,2026-09-03 09:11:54.390,3270.0,,,False,,2026-09-03 09:11:54.546,3265.0,0.155803,-0.1529051987767584,-0.2526525462305135,0.1529051987767584,300,300.082,3455.0,5.657492354740061,5.551940414325751,5.81039755351682,-0.9174311926605505,5.704692860656178,-1.0164147778826536,COMPLETE
2026-09-03 09:16:55.545,v1.6.9,20260903_004310_PRE_HISTORY_E001_091355469631,PRE_HISTORY,004310,현대약품,2026-09-03 09:13:55.469,8650.0,8658.65,MAIN,MAIN,2026-09-03 09:13:55.370,2026-09-03 09:09:28.980,8460.0,2026-09-03 09:13:55.370,8650.0,266.390368,2.245862884160754,False,,2026-09-03 09:16:13.244,8680.0,137.873442,0.3468208092485549,0.24657423501354558,0.3468208092485549,180,180.076,8630.0,-0.23121387283236997,-0.33088298984252323,1.1560693641618496,-0.3468208092485549,1.055014349812042,-0.446374434813737,COMPLETE
2026-09-03 09:16:55.644,v1.6.9,20260903_067290_PRE_HISTORY_E001_091355513144,PRE_HISTORY,067290,JW신약,2026-09-03 09:13:55.513,3365.0,3368.365,MAIN,MAIN,2026-09-03 09:13:55.415,2026-09-03 09:13:55.415,3365.0,2026-09-03 09:13:55.415,3365.0,0.0,0.0,True,20260903_067290_SHADOW_SCORE_70_74_E001_091154464993,2026-09-03 09:13:55.565,3365.0,0.149974,0.0,-0.09990009990009342,0.0,180,180.132,3460.0,2.823179791976226,2.7204593326435886,2.823179791976226,-0.44576523031203563,2.7204593326435886,-0.5452200103017275,COMPLETE
2026-09-03 09:16:55.644,v1.6.9,20260903_067290_BASE_E001_091355492217,BASE,067290,JW신약,2026-09-03 09:13:55.492,3365.0,3368.365,MAIN,MAIN,2026-09-03 09:13:55.415,2026-09-03 09:13:55.415,3365.0,2026-09-03 09:13:55.415,3365.0,0.0,0.0,True,20260903_067290_SHADOW_SCORE_70_74_E001_091154464993,2026-09-03 09:13:55.565,3365.0,0.149974,0.0,-0.09990009990009342,0.0,180,180.152,3460.0,2.823179791976226,2.7204593326435886,2.823179791976226,-0.44576523031203563,2.7204593326435886,-0.5452200103017275,COMPLETE
2026-09-03 09:17:17.575,v1.6.9,20260903_067290_LIVE_FILTER_SHADOW_E001_091405210252,LIVE_FILTER_SHADOW,067290,JW신약,2026-09-03 09:14:05.210,3365.0,3368.365,MAIN,MAIN,2026-09-03 09:13:55.415,2026-09-03 09:13:55.415,3365.0,2026-09-03 09:13:55.415,3365.0,0.0,0.0,True,20260903_067290_SHADOW_SCORE_70_74_E001_091154464993,2026-09-03 09:14:05.268,3355.0,9.853481,-0.2971768202080238,-0.39678004016784946,0.2971768202080238,180,192.365,3460.0,2.823179791976226,2.7204593326435886,2.823179791976226,-0.44576523031203563,2.7204593326435886,-0.5452200103017275,COMPLETE
2026-09-03 09:17:24.047,v1.6.9,20260903_100840_SHADOW_SCORE_70_74_E004_091423532643,SHADOW_SCORE_70_74,100840,SNT에너지,2026-09-03 09:14:23.532,34050.0,34084.049999999996,MAIN,MAIN,2026-09-03 09:14:23.472,,,2026-09-03 09:14:23.472,34050.0,,,False,,2026-09-03 09:14:23.648,34100.0,0.176279,0.14684287812041116,0.0467960820383856,0.14684287812041116,180,180.515,34050.0,0.0,-0.09990009990008711,0.5873715124816447,-0.5873715124816447,0.4868846278538037,-0.6866848276539779,COMPLETE
2026-09-03 09:17:34.545,v1.6.9,20260903_067290_CONFIRM_E001_091423496090,CONFIRM,067290,JW신약,2026-09-03 09:14:23.496,3370.0,3373.3699999999994,MAIN,MAIN,2026-09-03 09:14:23.475,2026-09-03 09:13:55.415,3365.0,2026-09-03 09:14:23.475,3370.0,28.059865,0.14858841010401136,True,20260903_067290_SHADOW_SCORE_70_74_E001_091154464993,2026-09-03 09:14:23.548,3370.0,0.073405,0.0,-0.09990009990008321,0.0,180,191.049,3460.0,2.6706231454005933,2.5680550903103003,2.6706231454005933,-0.2967359050445104,2.5680550903103003,-0.3963395654790147,COMPLETE
2026-09-03 09:17:52.844,v1.6.9,20260903_441270_SHADOW_SCORE_70_74_E002_091252822592,SHADOW_SCORE_70_74,441270,파인엠텍,2026-09-03 09:12:52.822,8860.0,8868.859999999999,MAIN,MAIN,2026-09-03 09:12:52.781,,,2026-09-03 09:12:52.781,8860.0,,,False,,2026-09-03 09:12:52.956,8850.0,0.175177,-0.1128668171557562,-0.21265416299274953,0.1128668171557562,300,300.022,8750.0,-1.2415349887133182,-1.3401947939193852,0.33860045146726864,-2.4830699774266365,0.23836208937790473,-2.580489487938684,COMPLETE
2026-09-03 09:18:55.542,v1.6.9,20260903_004310_PRE_HISTORY_E001_091355469631,PRE_HISTORY,004310,현대약품,2026-09-03 09:13:55.469,8650.0,8658.65,MAIN,MAIN,2026-09-03 09:13:55.370,2026-09-03 09:09:28.980,8460.0,2026-09-03 09:13:55.370,8650.0,266.390368,2.245862884160754,False,,2026-09-03 09:16:13.244,8680.0,137.873442,0.3468208092485549,0.24657423501354558,0.3468208092485549,300,300.073,8680.0,0.3468208092485549,0.24657423501354558,1.5028901734104045,-0.8092485549132947,1.401488684725683,-0.908340214698592,COMPLETE
2026-09-03 09:19:07.084,v1.6.9,20260903_067290_PRE_HISTORY_E001_091355513144,PRE_HISTORY,067290,JW신약,2026-09-03 09:13:55.513,3365.0,3368.365,MAIN,MAIN,2026-09-03 09:13:55.415,2026-09-03 09:13:55.415,3365.0,2026-09-03 09:13:55.415,3365.0,0.0,0.0,True,20260903_067290_SHADOW_SCORE_70_74_E001_091154464993,2026-09-03 09:13:55.565,3365.0,0.149974,0.0,-0.09990009990009342,0.0,300,311.571,3460.0,2.823179791976226,2.7204593326435886,2.823179791976226,-0.44576523031203563,2.7204593326435886,-0.5452200103017275,COMPLETE
2026-09-03 09:19:07.084,v1.6.9,20260903_067290_BASE_E001_091355492217,BASE,067290,JW신약,2026-09-03 09:13:55.492,3365.0,3368.365,MAIN,MAIN,2026-09-03 09:13:55.415,2026-09-03 09:13:55.415,3365.0,2026-09-03 09:13:55.415,3365.0,0.0,0.0,True,20260903_067290_SHADOW_SCORE_70_74_E001_091154464993,2026-09-03 09:13:55.565,3365.0,0.149974,0.0,-0.09990009990009342,0.0,300,311.592,3460.0,2.823179791976226,2.7204593326435886,2.823179791976226,-0.44576523031203563,2.7204593326435886,-0.5452200103017275,COMPLETE
2026-09-03 09:19:07.084,v1.6.9,20260903_067290_LIVE_FILTER_SHADOW_E001_091405210252,LIVE_FILTER_SHADOW,067290,JW신약,2026-09-03 09:14:05.210,3365.0,3368.365,MAIN,MAIN,2026-09-03 09:13:55.415,2026-09-03 09:13:55.415,3365.0,2026-09-03 09:13:55.415,3365.0,0.0,0.0,True,20260903_067290_SHADOW_SCORE_70_74_E001_091154464993,2026-09-03 09:14:05.268,3355.0,9.853481,-0.2971768202080238,-0.39678004016784946,0.2971768202080238,300,301.874,3460.0,2.823179791976226,2.7204593326435886,2.823179791976226,-0.44576523031203563,2.7204593326435886,-0.5452200103017275,COMPLETE
2026-09-03 09:19:23.542,v1.6.9,20260903_067290_CONFIRM_E001_091423496090,CONFIRM,067290,JW신약,2026-09-03 09:14:23.496,3370.0,3373.3699999999994,MAIN,MAIN,2026-09-03 09:14:23.475,2026-09-03 09:13:55.415,3365.0,2026-09-03 09:14:23.475,3370.0,28.059865,0.14858841010401136,True,20260903_067290_SHADOW_SCORE_70_74_E001_091154464993,2026-09-03 09:14:23.548,3370.0,0.073405,0.0,-0.09990009990008321,0.0,300,300.047,3485.0,3.4124629080118694,3.3091537542576295,3.4124629080118694,-0.2967359050445104,3.3091537542576295,-0.3963395654790147,COMPLETE
2026-09-03 09:19:23.560,v1.6.9,20260903_100840_SHADOW_SCORE_70_74_E004_091423532643,SHADOW_SCORE_70_74,100840,SNT에너지,2026-09-03 09:14:23.532,34050.0,34084.049999999996,MAIN,MAIN,2026-09-03 09:14:23.472,,,2026-09-03 09:14:23.472,34050.0,,,False,,2026-09-03 09:14:23.648,34100.0,0.176279,0.14684287812041116,0.0467960820383856,0.14684287812041116,300,300.028,34350.0,0.881057268722467,0.7802769917307492,1.1747430249632893,-0.5873715124816447,1.0736693556076946,-0.6866848276539779,COMPLETE
2026-09-03 09:20:54.844,v1.6.9,20260903_079650_WIDE_HIGH_GAP_SHADOW_E001_092024646211,WIDE_HIGH_GAP_SHADOW,079650,서산,2026-09-03 09:20:24.646,7120.0,7127.119999999999,MAIN,MAIN,2026-09-03 09:20:24.637,,,2026-09-03 09:20:24.637,7120.0,,,False,,2026-09-03 09:20:24.742,7120.0,0.105223,0.0,-0.09990009990008564,0.0,30,30.198,7150.0,0.42134831460674155,0.3210272873194365,1.1235955056179776,-0.1404494382022472,1.0225729326853066,-0.24020922897325966,COMPLETE
2026-09-03 09:21:10.845,v1.6.9,20260903_441270_WIDE_HIGH_GAP_SHADOW_E003_092040738068,WIDE_HIGH_GAP_SHADOW,441270,파인엠텍,2026-09-03 09:20:40.738,8570.0,8578.57,MAIN,MAIN,2026-09-03 09:20:40.725,,,2026-09-03 09:20:40.725,8570.0,,,False,,2026-09-03 09:20:40.743,8570.0,0.017763,0.0,-0.09990009990009652,0.0,30,30.107,8630.0,0.7001166861143524,0.5995171689454104,0.8168028004667445,0.0,0.7160867137529949,-0.09990009990009652,COMPLETE
2026-09-03 09:21:24.743,v1.6.9,20260903_079650_WIDE_HIGH_GAP_SHADOW_E001_092024646211,WIDE_HIGH_GAP_SHADOW,079650,서산,2026-09-03 09:20:24.646,7120.0,7127.119999999999,MAIN,MAIN,2026-09-03 09:20:24.637,,,2026-09-03 09:20:24.637,7120.0,,,False,,2026-09-03 09:20:24.742,7120.0,0.105223,0.0,-0.09990009990008564,0.0,60,60.097,7240.0,1.6853932584269662,1.583809448978003,2.247191011235955,-0.1404494382022472,2.145045965270699,-0.24020922897325966,COMPLETE
2026-09-03 09:21:38.842,v1.6.9,20260903_004310_WIDE_HIGH_GAP_SHADOW_E001_092108710109,WIDE_HIGH_GAP_SHADOW,004310,현대약품,2026-09-03 09:21:08.710,8510.0,8518.509999999998,MAIN,MAIN,2026-09-03 09:21:08.686,2026-09-03 09:09:28.980,8460.0,2026-09-03 09:21:08.686,8510.0,699.706228,0.5910165484633634,False,,2026-09-03 09:21:08.747,8500.0,0.060488,-0.11750881316098707,-0.21729152163932897,0.11750881316098707,30,30.132,8575.0,0.763807285546416,0.6631441414050299,0.763807285546416,-0.11750881316098707,0.6631441414050299,-0.21729152163932897,COMPLETE
2026-09-03 09:21:38.943,v1.6.9,20260903_100840_SHADOW_SCORE_70_74_E007_092108755007,SHADOW_SCORE_70_74,100840,SNT에너지,2026-09-03 09:21:08.755,35000.0,35034.99999999999,MAIN,MAIN,2026-09-03 09:21:08.716,,,2026-09-03 09:21:08.716,35000.0,,,False,,2026-09-03 09:21:08.909,35000.0,0.192722,0.0,-0.09990009990007914,0.0,30,30.188,35200.0,0.5714285714285714,0.4709576138147775,1.1428571428571428,-0.14285714285714285,1.0418153275296342,-0.24261452832879332,COMPLETE
2026-09-03 09:21:40.744,v1.6.9,20260903_441270_WIDE_HIGH_GAP_SHADOW_E003_092040738068,WIDE_HIGH_GAP_SHADOW,441270,파인엠텍,2026-09-03 09:20:40.738,8570.0,8578.57,MAIN,MAIN,2026-09-03 09:20:40.725,,,2026-09-03 09:20:40.725,8570.0,,,False,,2026-09-03 09:20:40.743,8570.0,0.017763,0.0,-0.09990009990009652,0.0,60,60.006,8690.0,1.4002333722287048,1.2989344377909173,1.4002333722287048,0.0,1.2989344377909173,-0.09990009990009652,COMPLETE
2026-09-03 09:21:56.247,v1.6.9,20260903_100840_BASE_E007_092126237104,BASE,100840,SNT에너지,2026-09-03 09:21:26.237,35250.0,35285.24999999999,MAIN,MAIN,2026-09-03 09:21:26.100,2026-09-03 09:21:26.100,35250.0,2026-09-03 09:21:26.100,35250.0,0.0,0.0,True,20260903_100840_SHADOW_SCORE_70_74_E007_092108755007,2026-09-03 09:21:26.251,35300.0,0.151818,0.14184397163120568,0.04180216946176456,0.14184397163120568,30,30.01,35300.0,0.14184397163120568,0.04180216946176456,0.425531914893617,-0.7092198581560284,0.3252067081854523,-0.8084114467092985,COMPLETE
2026-09-03 09:21:56.345,v1.6.9,20260903_100840_LIVE_FILTER_SHADOW_E007_092126303165,LIVE_FILTER_SHADOW,100840,SNT에너지,2026-09-03 09:21:26.303,35250.0,35285.24999999999,MAIN,MAIN,2026-09-03 09:21:26.100,2026-09-03 09:21:26.100,35250.0,2026-09-03 09:21:26.100,35250.0,0.0,0.0,True,20260903_100840_SHADOW_SCORE_70_74_E007_092108755007,2026-09-03 09:21:26.343,35300.0,0.243079,0.14184397163120568,0.04180216946176456,0.14184397163120568,30,30.042,35250.0,0.0,-0.0999000999000793,0.425531914893617,-0.7092198581560284,0.3252067081854523,-0.8084114467092985,COMPLETE
2026-09-03 09:22:08.873,v1.6.9,20260903_004310_WIDE_HIGH_GAP_SHADOW_E001_092108710109,WIDE_HIGH_GAP_SHADOW,004310,현대약품,2026-09-03 09:21:08.710,8510.0,8518.509999999998,MAIN,MAIN,2026-09-03 09:21:08.686,2026-09-03 09:09:28.980,8460.0,2026-09-03 09:21:08.686,8510.0,699.706228,0.5910165484633634,False,,2026-09-03 09:21:08.747,8500.0,0.060488,-0.11750881316098707,-0.21729152163932897,0.11750881316098707,60,60.164,8590.0,0.9400705052878966,0.8392312740139016,1.2925969447708578,-0.11750881316098707,1.1914055392316452,-0.21729152163932897,COMPLETE
2026-09-03 09:22:08.887,v1.6.9,20260903_100840_SHADOW_SCORE_70_74_E007_092108755007,SHADOW_SCORE_70_74,100840,SNT에너지,2026-09-03 09:21:08.755,35000.0,35034.99999999999,MAIN,MAIN,2026-09-03 09:21:08.716,,,2026-09-03 09:21:08.716,35000.0,,,False,,2026-09-03 09:21:08.909,35000.0,0.192722,0.0,-0.09990009990007914,0.0,60,60.132,35350.0,1.0,0.89910089910092,1.1428571428571428,-0.14285714285714285,1.0418153275296342,-0.24261452832879332,COMPLETE
2026-09-03 09:22:24.742,v1.6.9,20260903_079650_WIDE_HIGH_GAP_SHADOW_E001_092024646211,WIDE_HIGH_GAP_SHADOW,079650,서산,2026-09-03 09:20:24.646,7120.0,7127.119999999999,MAIN,MAIN,2026-09-03 09:20:24.637,,,2026-09-03 09:20:24.637,7120.0,,,False,,2026-09-03 09:20:24.742,7120.0,0.105223,0.0,-0.09990009990008564,0.0,120,120.097,7090.0,-0.42134831460674155,-0.5208274871196078,2.247191011235955,-0.8426966292134831,2.145045965270699,-0.9417548743391297,COMPLETE
2026-09-03 09:22:26.243,v1.6.9,20260903_100840_BASE_E007_092126237104,BASE,100840,SNT에너지,2026-09-03 09:21:26.237,35250.0,35285.24999999999,MAIN,MAIN,2026-09-03 09:21:26.100,2026-09-03 09:21:26.100,35250.0,2026-09-03 09:21:26.100,35250.0,0.0,0.0,True,20260903_100840_SHADOW_SCORE_70_74_E007_092108755007,2026-09-03 09:21:26.251,35300.0,0.151818,0.14184397163120568,0.04180216946176456,0.14184397163120568,60,60.006,35800.0,1.5602836879432624,1.4588248630802032,1.702127659574468,-0.7092198581560284,1.6005271324420471,-0.8084114467092985,COMPLETE
2026-09-03 09:22:26.345,v1.6.9,20260903_100840_LIVE_FILTER_SHADOW_E007_092126303165,LIVE_FILTER_SHADOW,100840,SNT에너지,2026-09-03 09:21:26.303,35250.0,35285.24999999999,MAIN,MAIN,2026-09-03 09:21:26.100,2026-09-03 09:21:26.100,35250.0,2026-09-03 09:21:26.100,35250.0,0.0,0.0,True,20260903_100840_SHADOW_SCORE_70_74_E007_092108755007,2026-09-03 09:21:26.343,35300.0,0.243079,0.14184397163120568,0.04180216946176456,0.14184397163120568,60,60.042,35800.0,1.5602836879432624,1.4588248630802032,1.702127659574468,-0.7092198581560284,1.6005271324420471,-0.8084114467092985,COMPLETE
2026-09-03 09:22:40.742,v1.6.9,20260903_441270_WIDE_HIGH_GAP_SHADOW_E003_092040738068,WIDE_HIGH_GAP_SHADOW,441270,파인엠텍,2026-09-03 09:20:40.738,8570.0,8578.57,MAIN,MAIN,2026-09-03 09:20:40.725,,,2026-09-03 09:20:40.725,8570.0,,,False,,2026-09-03 09:20:40.743,8570.0,0.017763,0.0,-0.09990009990009652,0.0,120,120.005,8710.0,1.633605600933489,1.5320735274060864,1.8669778296382729,0.0,1.7652126170212552,-0.09990009990009652,COMPLETE
2026-09-03 09:23:08.741,v1.6.9,20260903_004310_WIDE_HIGH_GAP_SHADOW_E001_092108710109,WIDE_HIGH_GAP_SHADOW,004310,현대약품,2026-09-03 09:21:08.710,8510.0,8518.509999999998,MAIN,MAIN,2026-09-03 09:21:08.686,2026-09-03 09:09:28.980,8460.0,2026-09-03 09:21:08.686,8510.0,699.706228,0.5910165484633634,False,,2026-09-03 09:21:08.747,8500.0,0.060488,-0.11750881316098707,-0.21729152163932897,0.11750881316098707,120,120.031,8790.0,3.290246768507638,3.187059708798859,3.4077555816686247,-0.11750881316098707,3.304451130538107,-0.21729152163932897,COMPLETE
2026-09-03 09:23:08.755,v1.6.9,20260903_100840_SHADOW_SCORE_70_74_E007_092108755007,SHADOW_SCORE_70_74,100840,SNT에너지,2026-09-03 09:21:08.755,35000.0,35034.99999999999,MAIN,MAIN,2026-09-03 09:21:08.716,,,2026-09-03 09:21:08.716,35000.0,,,False,,2026-09-03 09:21:08.909,35000.0,0.192722,0.0,-0.09990009990007914,0.0,120,120.001,35200.0,0.5714285714285714,0.4709576138147775,2.4285714285714284,-0.14285714285714285,2.3262451833880617,-0.24261452832879332,COMPLETE
2026-09-03 09:23:25.115,v1.6.9,20260903_079650_WIDE_HIGH_GAP_SHADOW_E001_092024646211,WIDE_HIGH_GAP_SHADOW,079650,서산,2026-09-03 09:20:24.646,7120.0,7127.119999999999,MAIN,MAIN,2026-09-03 09:20:24.637,,,2026-09-03 09:20:24.637,7120.0,,,False,,2026-09-03 09:20:24.742,7120.0,0.105223,0.0,-0.09990009990008564,0.0,180,180.47,7210.0,1.2640449438202246,1.1628820617584807,2.247191011235955,-0.8426966292134831,2.145045965270699,-0.9417548743391297,COMPLETE
2026-09-03 09:23:26.243,v1.6.9,20260903_100840_BASE_E007_092126237104,BASE,100840,SNT에너지,2026-09-03 09:21:26.237,35250.0,35285.24999999999,MAIN,MAIN,2026-09-03 09:21:26.100,2026-09-03 09:21:26.100,35250.0,2026-09-03 09:21:26.100,35250.0,0.0,0.0,True,20260903_100840_SHADOW_SCORE_70_74_E007_092108755007,2026-09-03 09:21:26.251,35300.0,0.151818,0.14184397163120568,0.04180216946176456,0.14184397163120568,120,120.006,35000.0,-0.7092198581560284,-0.8084114467092985,1.702127659574468,-0.851063829787234,1.6005271324420471,-0.9501137160711425,COMPLETE
2026-09-03 09:23:26.343,v1.6.9,20260903_100840_LIVE_FILTER_SHADOW_E007_092126303165,LIVE_FILTER_SHADOW,100840,SNT에너지,2026-09-03 09:21:26.303,35250.0,35285.24999999999,MAIN,MAIN,2026-09-03 09:21:26.100,2026-09-03 09:21:26.100,35250.0,2026-09-03 09:21:26.100,35250.0,0.0,0.0,True,20260903_100840_SHADOW_SCORE_70_74_E007_092108755007,2026-09-03 09:21:26.343,35300.0,0.243079,0.14184397163120568,0.04180216946176456,0.14184397163120568,120,120.041,35000.0,-0.7092198581560284,-0.8084114467092985,1.702127659574468,-0.851063829787234,1.6005271324420471,-0.9501137160711425,COMPLETE
2026-09-03 09:23:43.049,v1.6.9,20260903_441270_WIDE_HIGH_GAP_SHADOW_E003_092040738068,WIDE_HIGH_GAP_SHADOW,441270,파인엠텍,2026-09-03 09:20:40.738,8570.0,8578.57,MAIN,MAIN,2026-09-03 09:20:40.725,,,2026-09-03 09:20:40.725,8570.0,,,False,,2026-09-03 09:20:40.743,8570.0,0.017763,0.0,-0.09990009990009652,0.0,180,182.311,8570.0,0.0,-0.09990009990009652,1.8669778296382729,-0.4667444574095682,1.7652126170212552,-0.5661782791304345,COMPLETE
2026-09-03 09:23:46.642,v1.6.9,20260903_067290_WIDE_HIGH_GAP_SHADOW_E001_092316582356,WIDE_HIGH_GAP_SHADOW,067290,JW신약,2026-09-03 09:23:16.582,3595.0,3598.595,MAIN,MAIN,2026-09-03 09:23:16.574,2026-09-03 09:13:55.415,3365.0,2026-09-03 09:23:16.574,3595.0,561.159045,6.835066864784545,True,20260903_067290_SHADOW_SCORE_70_74_E001_091154464993,2026-09-03 09:23:16.657,3595.0,0.082943,0.0,-0.09990009990009435,0.0,30,30.06,3725.0,3.616133518776078,3.5126208978782056,3.7552155771905427,-0.4172461752433936,3.6515640131773703,-0.5167294457975905,COMPLETE
2026-09-03 09:23:46.681,v1.6.9,20260903_004310_PRE_HISTORY_E003_092316612760,PRE_HISTORY,004310,현대약품,2026-09-03 09:23:16.612,8760.0,8768.759999999998,MAIN,MAIN,2026-09-03 09:23:16.570,2026-09-03 09:23:16.570,8760.0,2026-09-03 09:23:16.570,8760.0,0.0,0.0,False,,2026-09-03 09:23:16.657,8780.0,0.086929,0.228310502283105,0.12818231996316018,0.228310502283105,30,30.069,8730.0,-0.3424657534246575,-0.44202372969494436,0.3424657534246575,-1.2557077625570776,0.24222352989478105,-1.3543534091479117,COMPLETE
2026-09-03 09:23:46.681,v1.6.9,20260903_004310_BASE_E003_092316603789,BASE,004310,현대약품,2026-09-03 09:23:16.603,8760.0,8768.759999999998,MAIN,MAIN,2026-09-03 09:23:16.570,2026-09-03 09:23:16.570,8760.0,2026-09-03 09:23:16.570,8760.0,0.0,0.0,False,,2026-09-03 09:23:16.657,8780.0,0.086929,0.228310502283105,0.12818231996316018,0.228310502283105,30,30.078,8730.0,-0.3424657534246575,-0.44202372969494436,0.3424657534246575,-1.2557077625570776,0.24222352989478105,-1.3543534091479117,COMPLETE
2026-09-03 09:23:55.350,v1.6.9,20260903_004310_LIVE_FILTER_SHADOW_E003_092325336630,LIVE_FILTER_SHADOW,004310,현대약품,2026-09-03 09:23:25.336,8760.0,8768.759999999998,MAIN,MAIN,2026-09-03 09:23:16.570,2026-09-03 09:23:16.570,8760.0,2026-09-03 09:23:16.570,8760.0,0.0,0.0,False,,2026-09-03 09:23:25.345,8770.0,8.775107,0.1141552511415525,0.014141110031539247,0.1141552511415525,30,30.014,8740.0,-0.228310502283105,-0.3279825197633235,0.228310502283105,-1.2557077625570776,0.12818231996316018,-1.3543534091479117,COMPLETE
2026-09-03 09:24:03.543,v1.6.9,20260903_441270_WIDE_HIGH_GAP_SHADOW_E004_092333250418,WIDE_HIGH_GAP_SHADOW,441270,파인엠텍,2026-09-03 09:23:33.250,8580.0,8588.58,MAIN,MAIN,2026-09-03 09:23:33.234,,,2026-09-03 09:23:33.234,8580.0,,,False,,2026-09-03 09:23:33.642,8590.0,0.408705,0.11655011655011654,0.016533582967150247,0.11655011655011654,30,30.293,8590.0,0.11655011655011654,0.016533582967150247,0.4662004662004662,-0.5827505827505828,0.36583463156889817,-0.6820685142363456,COMPLETE
2026-09-03 09:24:08.752,v1.6.9,20260903_004310_WIDE_HIGH_GAP_SHADOW_E001_092108710109,WIDE_HIGH_GAP_SHADOW,004310,현대약품,2026-09-03 09:21:08.710,8510.0,8518.509999999998,MAIN,MAIN,2026-09-03 09:21:08.686,2026-09-03 09:09:28.980,8460.0,2026-09-03 09:21:08.686,8510.0,699.706228,0.5910165484633634,False,,2026-09-03 09:21:08.747,8500.0,0.060488,-0.11750881316098707,-0.21729152163932897,0.11750881316098707,180,180.042,8790.0,3.290246768507638,3.187059708798859,3.4077555816686247,-0.11750881316098707,3.304451130538107,-0.21729152163932897,COMPLETE
2026-09-03 09:24:08.844,v1.6.9,20260903_100840_SHADOW_SCORE_70_74_E007_092108755007,SHADOW_SCORE_70_74,100840,SNT에너지,2026-09-03 09:21:08.755,35000.0,35034.99999999999,MAIN,MAIN,2026-09-03 09:21:08.716,,,2026-09-03 09:21:08.716,35000.0,,,False,,2026-09-03 09:21:08.909,35000.0,0.192722,0.0,-0.09990009990007914,0.0,180,180.089,35500.0,1.4285714285714286,1.3272441843870626,2.4285714285714284,-0.5714285714285714,2.3262451833880617,-0.6707578136149359,COMPLETE
2026-09-03 09:24:16.640,v1.6.9,20260903_004310_PRE_HISTORY_E003_092316612760,PRE_HISTORY,004310,현대약품,2026-09-03 09:23:16.612,8760.0,8768.759999999998,MAIN,MAIN,2026-09-03 09:23:16.570,2026-09-03 09:23:16.570,8760.0,2026-09-03 09:23:16.570,8760.0,0.0,0.0,False,,2026-09-03 09:23:16.657,8780.0,0.086929,0.228310502283105,0.12818231996316018,0.228310502283105,60,60.028,8800.0,0.45662100456621,0.356264739826402,0.5707762557077625,-1.2557077625570776,0.47030594975802287,-1.3543534091479117,COMPLETE
2026-09-03 09:24:16.640,v1.6.9,20260903_004310_BASE_E003_092316603789,BASE,004310,현대약품,2026-09-03 09:23:16.603,8760.0,8768.759999999998,MAIN,MAIN,2026-09-03 09:23:16.570,2026-09-03 09:23:16.570,8760.0,2026-09-03 09:23:16.570,8760.0,0.0,0.0,False,,2026-09-03 09:23:16.657,8780.0,0.086929,0.228310502283105,0.12818231996316018,0.228310502283105,60,60.037,8800.0,0.45662100456621,0.356264739826402,0.5707762557077625,-1.2557077625570776,0.47030594975802287,-1.3543534091479117,COMPLETE
2026-09-03 09:24:16.711,v1.6.9,20260903_067290_WIDE_HIGH_GAP_SHADOW_E001_092316582356,WIDE_HIGH_GAP_SHADOW,067290,JW신약,2026-09-03 09:23:16.582,3595.0,3598.595,MAIN,MAIN,2026-09-03 09:23:16.574,2026-09-03 09:13:55.415,3365.0,2026-09-03 09:23:16.574,3595.0,561.159045,6.835066864784545,True,20260903_067290_SHADOW_SCORE_70_74_E001_091154464993,2026-09-03 09:23:16.657,3595.0,0.082943,0.0,-0.09990009990009435,0.0,60,60.129,3775.0,5.006954102920723,4.90205205086986,5.1460361613351875,-0.4172461752433936,5.040995166169025,-0.5167294457975905,COMPLETE
2026-09-03 09:24:25.241,v1.6.9,20260903_067290_PRE_HISTORY_E002_092355192934,PRE_HISTORY,067290,JW신약,2026-09-03 09:23:55.192,3750.0,3753.7499999999995,MAIN,MAIN,2026-09-03 09:23:55.136,2026-09-03 09:23:55.136,3750.0,2026-09-03 09:23:55.136,3750.0,0.0,0.0,False,,2026-09-03 09:23:55.242,3745.0,0.105411,-0.13333333333333333,-0.233100233100221,0.13333333333333333,30,30.049,3795.0,1.2,1.0989010989011112,1.866666666666667,-0.4,1.7649017649017773,-0.49950049950048747,COMPLETE
2026-09-03 09:24:25.241,v1.6.9,20260903_067290_LIVE_FILTER_SHADOW_E002_092355216760,LIVE_FILTER_SHADOW,067290,JW신약,2026-09-03 09:23:55.216,3750.0,3753.7499999999995,MAIN,MAIN,2026-09-03 09:23:55.136,2026-09-03 09:23:55.136,3750.0,2026-09-03 09:23:55.136,3750.0,0.0,0.0,False,,2026-09-03 09:23:55.242,3745.0,0.105411,-0.13333333333333333,-0.233100233100221,0.13333333333333333,30,30.025,3795.0,1.2,1.0989010989011112,1.866666666666667,-0.4,1.7649017649017773,-0.49950049950048747,COMPLETE
2026-09-03 09:24:25.241,v1.6.9,20260903_067290_BASE_E002_092355170896,BASE,067290,JW신약,2026-09-03 09:23:55.170,3750.0,3753.7499999999995,MAIN,MAIN,2026-09-03 09:23:55.136,2026-09-03 09:23:55.136,3750.0,2026-09-03 09:23:55.136,3750.0,0.0,0.0,False,,2026-09-03 09:23:55.242,3745.0,0.105411,-0.13333333333333333,-0.233100233100221,0.13333333333333333,30,30.071,3795.0,1.2,1.0989010989011112,1.866666666666667,-0.4,1.7649017649017773,-0.49950049950048747,COMPLETE
2026-09-03 09:24:25.337,v1.6.9,20260903_004310_LIVE_FILTER_SHADOW_E003_092325336630,LIVE_FILTER_SHADOW,004310,현대약품,2026-09-03 09:23:25.336,8760.0,8768.759999999998,MAIN,MAIN,2026-09-03 09:23:16.570,2026-09-03 09:23:16.570,8760.0,2026-09-03 09:23:16.570,8760.0,0.0,0.0,False,,2026-09-03 09:23:25.345,8770.0,8.775107,0.1141552511415525,0.014141110031539247,0.1141552511415525,60,60.001,8840.0,0.91324200913242,0.8124295795528856,1.2557077625570776,-1.2557077625570776,1.1545532093477484,-1.3543534091479117,COMPLETE
2026-09-03 09:24:26.243,v1.6.9,20260903_100840_BASE_E007_092126237104,BASE,100840,SNT에너지,2026-09-03 09:21:26.237,35250.0,35285.24999999999,MAIN,MAIN,2026-09-03 09:21:26.100,2026-09-03 09:21:26.100,35250.0,2026-09-03 09:21:26.100,35250.0,0.0,0.0,True,20260903_100840_SHADOW_SCORE_70_74_E007_092108755007,2026-09-03 09:21:26.251,35300.0,0.151818,0.14184397163120568,0.04180216946176456,0.14184397163120568,180,180.006,35500.0,0.7092198581560284,0.6086112469091399,1.702127659574468,-1.276595744680851,1.6005271324420471,-1.375220524156674,COMPLETE
2026-09-03 09:24:26.342,v1.6.9,20260903_100840_LIVE_FILTER_SHADOW_E007_092126303165,LIVE_FILTER_SHADOW,100840,SNT에너지,2026-09-03 09:21:26.303,35250.0,35285.24999999999,MAIN,MAIN,2026-09-03 09:21:26.100,2026-09-03 09:21:26.100,35250.0,2026-09-03 09:21:26.100,35250.0,0.0,0.0,True,20260903_100840_SHADOW_SCORE_70_74_E007_092108755007,2026-09-03 09:21:26.343,35300.0,0.243079,0.14184397163120568,0.04180216946176456,0.14184397163120568,180,180.039,35450.0,0.5673758865248227,0.46690897754729616,1.702127659574468,-1.276595744680851,1.6005271324420471,-1.375220524156674,COMPLETE
2026-09-03 09:24:33.342,v1.6.9,20260903_441270_WIDE_HIGH_GAP_SHADOW_E004_092333250418,WIDE_HIGH_GAP_SHADOW,441270,파인엠텍,2026-09-03 09:23:33.250,8580.0,8588.58,MAIN,MAIN,2026-09-03 09:23:33.234,,,2026-09-03 09:23:33.234,8580.0,,,False,,2026-09-03 09:23:33.642,8590.0,0.408705,0.11655011655011654,0.016533582967150247,0.11655011655011654,60,60.093,8740.0,1.8648018648018647,1.7630388259758898,2.331002331002331,-0.5827505827505828,2.228773557444887,-0.6820685142363456,COMPLETE
2026-09-03 09:24:55.241,v1.6.9,20260903_067290_PRE_HISTORY_E002_092355192934,PRE_HISTORY,067290,JW신약,2026-09-03 09:23:55.192,3750.0,3753.7499999999995,MAIN,MAIN,2026-09-03 09:23:55.136,2026-09-03 09:23:55.136,3750.0,2026-09-03 09:23:55.136,3750.0,0.0,0.0,False,,2026-09-03 09:23:55.242,3745.0,0.105411,-0.13333333333333333,-0.233100233100221,0.13333333333333333,60,60.049,3765.0,0.4,0.29970029970031187,1.866666666666667,-0.4,1.7649017649017773,-0.49950049950048747,COMPLETE
2026-09-03 09:24:55.241,v1.6.9,20260903_067290_LIVE_FILTER_SHADOW_E002_092355216760,LIVE_FILTER_SHADOW,067290,JW신약,2026-09-03 09:23:55.216,3750.0,3753.7499999999995,MAIN,MAIN,2026-09-03 09:23:55.136,2026-09-03 09:23:55.136,3750.0,2026-09-03 09:23:55.136,3750.0,0.0,0.0,False,,2026-09-03 09:23:55.242,3745.0,0.105411,-0.13333333333333333,-0.233100233100221,0.13333333333333333,60,60.025,3765.0,0.4,0.29970029970031187,1.866666666666667,-0.4,1.7649017649017773,-0.49950049950048747,COMPLETE
2026-09-03 09:24:55.241,v1.6.9,20260903_067290_BASE_E002_092355170896,BASE,067290,JW신약,2026-09-03 09:23:55.170,3750.0,3753.7499999999995,MAIN,MAIN,2026-09-03 09:23:55.136,2026-09-03 09:23:55.136,3750.0,2026-09-03 09:23:55.136,3750.0,0.0,0.0,False,,2026-09-03 09:23:55.242,3745.0,0.105411,-0.13333333333333333,-0.233100233100221,0.13333333333333333,60,60.071,3765.0,0.4,0.29970029970031187,1.866666666666667,-0.4,1.7649017649017773,-0.49950049950048747,COMPLETE
2026-09-03 09:25:10.740,v1.6.9,20260903_079650_WIDE_HIGH_GAP_SHADOW_E002_092440694483,WIDE_HIGH_GAP_SHADOW,079650,서산,2026-09-03 09:24:40.694,7190.0,7197.19,MAIN,MAIN,2026-09-03 09:24:40.673,,,2026-09-03 09:24:40.673,7190.0,,,False,,2026-09-03 09:24:40.746,7190.0,0.072465,0.0,-0.09990009990009435,0.0,30,30.046,7200.0,0.13908205841446453,0.039043015399071034,0.4172461752433936,-0.6954102920723227,0.3169292459974018,-0.7946156763959213,COMPLETE
2026-09-03 09:25:16.641,v1.6.9,20260903_067290_WIDE_HIGH_GAP_SHADOW_E001_092316582356,WIDE_HIGH_GAP_SHADOW,067290,JW신약,2026-09-03 09:23:16.582,3595.0,3598.595,MAIN,MAIN,2026-09-03 09:23:16.574,2026-09-03 09:13:55.415,3365.0,2026-09-03 09:23:16.574,3595.0,561.159045,6.835066864784545,True,20260903_067290_SHADOW_SCORE_70_74_E001_091154464993,2026-09-03 09:23:16.657,3595.0,0.082943,0.0,-0.09990009990009435,0.0,120,120.059,3790.0,5.4242002781641165,5.318881396767355,6.258692628650904,-0.4172461752433936,6.152540088562348,-0.5167294457975905,COMPLETE
2026-09-03 09:25:16.645,v1.6.9,20260903_004310_PRE_HISTORY_E003_092316612760,PRE_HISTORY,004310,현대약품,2026-09-03 09:23:16.612,8760.0,8768.759999999998,MAIN,MAIN,2026-09-03 09:23:16.570,2026-09-03 09:23:16.570,8760.0,2026-09-03 09:23:16.570,8760.0,0.0,0.0,False,,2026-09-03 09:23:16.657,8780.0,0.086929,0.228310502283105,0.12818231996316018,0.228310502283105,120,120.033,8800.0,0.45662100456621,0.356264739826402,1.2557077625570776,-1.2557077625570776,1.1545532093477484,-1.3543534091479117,COMPLETE
2026-09-03 09:25:16.645,v1.6.9,20260903_004310_BASE_E003_092316603789,BASE,004310,현대약품,2026-09-03 09:23:16.603,8760.0,8768.759999999998,MAIN,MAIN,2026-09-03 09:23:16.570,2026-09-03 09:23:16.570,8760.0,2026-09-03 09:23:16.570,8760.0,0.0,0.0,False,,2026-09-03 09:23:16.657,8780.0,0.086929,0.228310502283105,0.12818231996316018,0.228310502283105,120,120.042,8800.0,0.45662100456621,0.356264739826402,1.2557077625570776,-1.2557077625570776,1.1545532093477484,-1.3543534091479117,COMPLETE
2026-09-03 09:25:24.650,v1.6.9,20260903_079650_WIDE_HIGH_GAP_SHADOW_E001_092024646211,WIDE_HIGH_GAP_SHADOW,079650,서산,2026-09-03 09:20:24.646,7120.0,7127.119999999999,MAIN,MAIN,2026-09-03 09:20:24.637,,,2026-09-03 09:20:24.637,7120.0,,,False,,2026-09-03 09:20:24.742,7120.0,0.105223,0.0,-0.09990009990008564,0.0,300,300.005,7190.0,0.9831460674157303,0.8822638036121327,5.337078651685393,-0.8426966292134831,5.231846804880528,-0.9417548743391297,COMPLETE
2026-09-03 09:25:25.342,v1.6.9,20260903_004310_LIVE_FILTER_SHADOW_E003_092325336630,LIVE_FILTER_SHADOW,004310,현대약품,2026-09-03 09:23:25.336,8760.0,8768.759999999998,MAIN,MAIN,2026-09-03 09:23:16.570,2026-09-03 09:23:16.570,8760.0,2026-09-03 09:23:16.570,8760.0,0.0,0.0,False,,2026-09-03 09:23:25.345,8770.0,8.775107,0.1141552511415525,0.014141110031539247,0.1141552511415525,120,120.006,8840.0,0.91324200913242,0.8124295795528856,1.2557077625570776,-1.2557077625570776,1.1545532093477484,-1.3543534091479117,COMPLETE
2026-09-03 09:25:33.541,v1.6.9,20260903_441270_WIDE_HIGH_GAP_SHADOW_E004_092333250418,WIDE_HIGH_GAP_SHADOW,441270,파인엠텍,2026-09-03 09:23:33.250,8580.0,8588.58,MAIN,MAIN,2026-09-03 09:23:33.234,,,2026-09-03 09:23:33.234,8580.0,,,False,,2026-09-03 09:23:33.642,8590.0,0.408705,0.11655011655011654,0.016533582967150247,0.11655011655011654,120,120.291,8750.0,1.9813519813519813,1.8794725088431392,2.6806526806526807,-0.5827505827505828,2.5780746060466346,-0.6820685142363456,COMPLETE
2026-09-03 09:25:40.745,v1.6.9,20260903_079650_WIDE_HIGH_GAP_SHADOW_E002_092440694483,WIDE_HIGH_GAP_SHADOW,079650,서산,2026-09-03 09:24:40.694,7190.0,7197.19,MAIN,MAIN,2026-09-03 09:24:40.673,,,2026-09-03 09:24:40.673,7190.0,,,False,,2026-09-03 09:24:40.746,7190.0,0.072465,0.0,-0.09990009990009435,0.0,60,60.051,7210.0,0.27816411682892905,0.1779861306982364,0.8344923504867872,-0.6954102920723227,0.7337585918948979,-0.7946156763959213,COMPLETE
2026-09-03 09:25:41.141,v1.6.9,20260903_441270_WIDE_HIGH_GAP_SHADOW_E003_092040738068,WIDE_HIGH_GAP_SHADOW,441270,파인엠텍,2026-09-03 09:20:40.738,8570.0,8578.57,MAIN,MAIN,2026-09-03 09:20:40.725,,,2026-09-03 09:20:40.725,8570.0,,,False,,2026-09-03 09:20:40.743,8570.0,0.017763,0.0,-0.09990009990009652,0.0,300,300.403,8730.0,1.8669778296382729,1.7652126170212552,2.8004667444574096,-0.4667444574095682,2.697768975481931,-0.5661782791304345,COMPLETE
2026-09-03 09:25:55.239,v1.6.9,20260903_067290_PRE_HISTORY_E002_092355192934,PRE_HISTORY,067290,JW신약,2026-09-03 09:23:55.192,3750.0,3753.7499999999995,MAIN,MAIN,2026-09-03 09:23:55.136,2026-09-03 09:23:55.136,3750.0,2026-09-03 09:23:55.136,3750.0,0.0,0.0,False,,2026-09-03 09:23:55.242,3745.0,0.105411,-0.13333333333333333,-0.233100233100221,0.13333333333333333,120,120.047,3775.0,0.6666666666666667,0.5661005661005782,1.866666666666667,-0.4,1.7649017649017773,-0.49950049950048747,COMPLETE
2026-09-03 09:25:55.239,v1.6.9,20260903_067290_LIVE_FILTER_SHADOW_E002_092355216760,LIVE_FILTER_SHADOW,067290,JW신약,2026-09-03 09:23:55.216,3750.0,3753.7499999999995,MAIN,MAIN,2026-09-03 09:23:55.136,2026-09-03 09:23:55.136,3750.0,2026-09-03 09:23:55.136,3750.0,0.0,0.0,False,,2026-09-03 09:23:55.242,3745.0,0.105411,-0.13333333333333333,-0.233100233100221,0.13333333333333333,120,120.023,3775.0,0.6666666666666667,0.5661005661005782,1.866666666666667,-0.4,1.7649017649017773,-0.49950049950048747,COMPLETE
2026-09-03 09:25:55.239,v1.6.9,20260903_067290_BASE_E002_092355170896,BASE,067290,JW신약,2026-09-03 09:23:55.170,3750.0,3753.7499999999995,MAIN,MAIN,2026-09-03 09:23:55.136,2026-09-03 09:23:55.136,3750.0,2026-09-03 09:23:55.136,3750.0,0.0,0.0,False,,2026-09-03 09:23:55.242,3745.0,0.105411,-0.13333333333333333,-0.233100233100221,0.13333333333333333,120,120.069,3775.0,0.6666666666666667,0.5661005661005782,1.866666666666667,-0.4,1.7649017649017773,-0.49950049950048747,COMPLETE
2026-09-03 09:26:08.742,v1.6.9,20260903_004310_WIDE_HIGH_GAP_SHADOW_E001_092108710109,WIDE_HIGH_GAP_SHADOW,004310,현대약품,2026-09-03 09:21:08.710,8510.0,8518.509999999998,MAIN,MAIN,2026-09-03 09:21:08.686,2026-09-03 09:09:28.980,8460.0,2026-09-03 09:21:08.686,8510.0,699.706228,0.5910165484633634,False,,2026-09-03 09:21:08.747,8500.0,0.060488,-0.11750881316098707,-0.21729152163932897,0.11750881316098707,300,300.032,8720.0,2.4676850763807283,2.3653197566241237,4.230317273795535,-0.11750881316098707,4.126191082712841,-0.21729152163932897,COMPLETE
2026-09-03 09:26:08.762,v1.6.9,20260903_100840_SHADOW_SCORE_70_74_E007_092108755007,SHADOW_SCORE_70_74,100840,SNT에너지,2026-09-03 09:21:08.755,35000.0,35034.99999999999,MAIN,MAIN,2026-09-03 09:21:08.716,,,2026-09-03 09:21:08.716,35000.0,,,False,,2026-09-03 09:21:08.909,35000.0,0.192722,0.0,-0.09990009990007914,0.0,300,300.007,35300.0,0.8571428571428572,0.7563864706722059,2.4285714285714284,-0.5714285714285714,2.3262451833880617,-0.6707578136149359,COMPLETE
2026-09-03 09:26:16.639,v1.6.9,20260903_067290_WIDE_HIGH_GAP_SHADOW_E001_092316582356,WIDE_HIGH_GAP_SHADOW,067290,JW신약,2026-09-03 09:23:16.582,3595.0,3598.595,MAIN,MAIN,2026-09-03 09:23:16.574,2026-09-03 09:13:55.415,3365.0,2026-09-03 09:23:16.574,3595.0,561.159045,6.835066864784545,True,20260903_067290_SHADOW_SCORE_70_74_E001_091154464993,2026-09-03 09:23:16.657,3595.0,0.082943,0.0,-0.09990009990009435,0.0,180,180.057,3700.0,2.920723226703755,2.8179053213823786,6.258692628650904,-0.4172461752433936,6.152540088562348,-0.5167294457975905,COMPLETE
2026-09-03 09:26:16.654,v1.6.9,20260903_004310_PRE_HISTORY_E003_092316612760,PRE_HISTORY,004310,현대약품,2026-09-03 09:23:16.612,8760.0,8768.759999999998,MAIN,MAIN,2026-09-03 09:23:16.570,2026-09-03 09:23:16.570,8760.0,2026-09-03 09:23:16.570,8760.0,0.0,0.0,False,,2026-09-03 09:23:16.657,8780.0,0.086929,0.228310502283105,0.12818231996316018,0.228310502283105,180,180.042,8650.0,-1.2557077625570776,-1.3543534091479117,1.2557077625570776,-1.36986301369863,1.1545532093477484,-1.4683946190795325,COMPLETE
2026-09-03 09:26:16.654,v1.6.9,20260903_004310_BASE_E003_092316603789,BASE,004310,현대약품,2026-09-03 09:23:16.603,8760.0,8768.759999999998,MAIN,MAIN,2026-09-03 09:23:16.570,2026-09-03 09:23:16.570,8760.0,2026-09-03 09:23:16.570,8760.0,0.0,0.0,False,,2026-09-03 09:23:16.657,8780.0,0.086929,0.228310502283105,0.12818231996316018,0.228310502283105,180,180.051,8650.0,-1.2557077625570776,-1.3543534091479117,1.2557077625570776,-1.36986301369863,1.1545532093477484,-1.4683946190795325,COMPLETE
2026-09-03 09:26:25.340,v1.6.9,20260903_004310_LIVE_FILTER_SHADOW_E003_092325336630,LIVE_FILTER_SHADOW,004310,현대약품,2026-09-03 09:23:25.336,8760.0,8768.759999999998,MAIN,MAIN,2026-09-03 09:23:16.570,2026-09-03 09:23:16.570,8760.0,2026-09-03 09:23:16.570,8760.0,0.0,0.0,False,,2026-09-03 09:23:25.345,8770.0,8.775107,0.1141552511415525,0.014141110031539247,0.1141552511415525,180,180.004,8640.0,-1.36986301369863,-1.4683946190795325,1.2557077625570776,-1.7123287671232876,1.1545532093477484,-1.8105182488743952,COMPLETE
2026-09-03 09:26:26.242,v1.6.9,20260903_100840_BASE_E007_092126237104,BASE,100840,SNT에너지,2026-09-03 09:21:26.237,35250.0,35285.24999999999,MAIN,MAIN,2026-09-03 09:21:26.100,2026-09-03 09:21:26.100,35250.0,2026-09-03 09:21:26.100,35250.0,0.0,0.0,True,20260903_100840_SHADOW_SCORE_70_74_E007_092108755007,2026-09-03 09:21:26.251,35300.0,0.151818,0.14184397163120568,0.04180216946176456,0.14184397163120568,300,300.006,35500.0,0.7092198581560284,0.6086112469091399,1.702127659574468,-1.276595744680851,1.6005271324420471,-1.375220524156674,COMPLETE
2026-09-03 09:26:26.352,v1.6.9,20260903_100840_LIVE_FILTER_SHADOW_E007_092126303165,LIVE_FILTER_SHADOW,100840,SNT에너지,2026-09-03 09:21:26.303,35250.0,35285.24999999999,MAIN,MAIN,2026-09-03 09:21:26.100,2026-09-03 09:21:26.100,35250.0,2026-09-03 09:21:26.100,35250.0,0.0,0.0,True,20260903_100840_SHADOW_SCORE_70_74_E007_092108755007,2026-09-03 09:21:26.343,35300.0,0.243079,0.14184397163120568,0.04180216946176456,0.14184397163120568,300,300.049,35500.0,0.7092198581560284,0.6086112469091399,1.702127659574468,-1.276595744680851,1.6005271324420471,-1.375220524156674,COMPLETE
2026-09-03 09:26:33.650,v1.6.9,20260903_441270_WIDE_HIGH_GAP_SHADOW_E004_092333250418,WIDE_HIGH_GAP_SHADOW,441270,파인엠텍,2026-09-03 09:23:33.250,8580.0,8588.58,MAIN,MAIN,2026-09-03 09:23:33.234,,,2026-09-03 09:23:33.234,8580.0,,,False,,2026-09-03 09:23:33.642,8590.0,0.408705,0.11655011655011654,0.016533582967150247,0.11655011655011654,180,180.4,8770.0,2.2144522144522143,2.112339874577638,2.6806526806526807,-0.5827505827505828,2.5780746060466346,-0.6820685142363456,COMPLETE
2026-09-03 09:26:40.741,v1.6.9,20260903_079650_WIDE_HIGH_GAP_SHADOW_E002_092440694483,WIDE_HIGH_GAP_SHADOW,079650,서산,2026-09-03 09:24:40.694,7190.0,7197.19,MAIN,MAIN,2026-09-03 09:24:40.673,,,2026-09-03 09:24:40.673,7190.0,,,False,,2026-09-03 09:24:40.746,7190.0,0.072465,0.0,-0.09990009990009435,0.0,120,120.047,7490.0,4.172461752433936,4.068393359074867,5.285118219749652,-0.6954102920723227,5.17993828146819,-0.7946156763959213,COMPLETE
2026-09-03 09:26:55.241,v1.6.9,20260903_067290_PRE_HISTORY_E002_092355192934,PRE_HISTORY,067290,JW신약,2026-09-03 09:23:55.192,3750.0,3753.7499999999995,MAIN,MAIN,2026-09-03 09:23:55.136,2026-09-03 09:23:55.136,3750.0,2026-09-03 09:23:55.136,3750.0,0.0,0.0,False,,2026-09-03 09:23:55.242,3745.0,0.105411,-0.13333333333333333,-0.233100233100221,0.13333333333333333,180,180.049,3692.0,-1.5466666666666666,-1.645021645021633,1.866666666666667,-2.2666666666666666,1.7649017649017773,-2.3643023643023526,COMPLETE
2026-09-03 09:26:55.241,v1.6.9,20260903_067290_LIVE_FILTER_SHADOW_E002_092355216760,LIVE_FILTER_SHADOW,067290,JW신약,2026-09-03 09:23:55.216,3750.0,3753.7499999999995,MAIN,MAIN,2026-09-03 09:23:55.136,2026-09-03 09:23:55.136,3750.0,2026-09-03 09:23:55.136,3750.0,0.0,0.0,False,,2026-09-03 09:23:55.242,3745.0,0.105411,-0.13333333333333333,-0.233100233100221,0.13333333333333333,180,180.025,3692.0,-1.5466666666666666,-1.645021645021633,1.866666666666667,-2.2666666666666666,1.7649017649017773,-2.3643023643023526,COMPLETE
2026-09-03 09:26:55.241,v1.6.9,20260903_067290_BASE_E002_092355170896,BASE,067290,JW신약,2026-09-03 09:23:55.170,3750.0,3753.7499999999995,MAIN,MAIN,2026-09-03 09:23:55.136,2026-09-03 09:23:55.136,3750.0,2026-09-03 09:23:55.136,3750.0,0.0,0.0,False,,2026-09-03 09:23:55.242,3745.0,0.105411,-0.13333333333333333,-0.233100233100221,0.13333333333333333,180,180.071,3692.0,-1.5466666666666666,-1.645021645021633,1.866666666666667,-2.2666666666666666,1.7649017649017773,-2.3643023643023526,COMPLETE
2026-09-03 09:26:58.239,v1.6.9,20260903_067290_WIDE_HIGH_GAP_SHADOW_E002_092628225585,WIDE_HIGH_GAP_SHADOW,067290,JW신약,2026-09-03 09:26:28.225,3705.0,3708.7049999999995,MAIN,MAIN,2026-09-03 09:26:28.214,2026-09-03 09:23:55.136,3750.0,2026-09-03 09:26:28.214,3705.0,153.077137,-1.200000000000001,False,,2026-09-03 09:26:28.248,3700.0,0.034449,-0.1349527665317139,-0.23471804848321648,0.1349527665317139,30,30.014,3705.0,0.0,-0.09990009990008569,0.4048582995951417,-0.4048582995951417,0.30455374584930667,-0.5043539456494781,COMPLETE
2026-09-03 09:27:13.249,v1.6.9,20260903_079650_SHADOW_SCORE_70_74_E003_092643177892,SHADOW_SCORE_70_74,079650,서산,2026-09-03 09:26:43.177,7520.0,7527.5199999999995,MAIN,MAIN,2026-09-03 09:26:43.166,,,2026-09-03 09:26:43.166,7520.0,,,False,,2026-09-03 09:26:43.240,7520.0,0.073745,0.0,-0.09990009990009363,0.0,30,30.071,7610.0,1.196808510638298,1.0957127978404637,2.393617021276596,-0.6648936170212766,2.2913256955810213,-0.7641294875337366,COMPLETE
2026-09-03 09:27:28.251,v1.6.9,20260903_067290_WIDE_HIGH_GAP_SHADOW_E002_092628225585,WIDE_HIGH_GAP_SHADOW,067290,JW신약,2026-09-03 09:26:28.225,3705.0,3708.7049999999995,MAIN,MAIN,2026-09-03 09:26:28.214,2026-09-03 09:23:55.136,3750.0,2026-09-03 09:26:28.214,3705.0,153.077137,-1.200000000000001,False,,2026-09-03 09:26:28.248,3700.0,0.034449,-0.1349527665317139,-0.23471804848321648,0.1349527665317139,60,60.025,3690.0,-0.4048582995951417,-0.5043539456494781,0.8097165991902834,-0.4048582995951417,0.7090075915986991,-0.5043539456494781,COMPLETE
2026-09-03 09:27:29.049,v1.6.9,20260903_067290_BASE_E003_092659044002,BASE,067290,JW신약,2026-09-03 09:26:59.044,3710.0,3713.7099999999996,MAIN,MAIN,2026-09-03 09:26:58.999,2026-09-03 09:26:58.999,3710.0,2026-09-03 09:26:58.999,3710.0,0.0,0.0,False,,2026-09-03 09:26:59.054,3720.0,0.055192,0.2695417789757413,0.16937240656918334,0.2695417789757413,30,30.006,3690.0,-0.5390835579514826,-0.6384451128386326,0.6738544474393532,-0.6738544474393532,0.5732811662730913,-0.7730813660732686,COMPLETE
2026-09-03 09:27:29.072,v1.6.9,20260903_067290_PRE_FAIL_PULLBACK_SHADOW_E003_092659061884,PRE_FAIL_PULLBACK_SHADOW,067290,JW신약,2026-09-03 09:26:59.061,3710.0,3713.7099999999996,MAIN,MAIN,2026-09-03 09:26:58.999,2026-09-03 09:26:58.999,3710.0,2026-09-03 09:26:58.999,3710.0,0.0,0.0,False,,2026-09-03 09:26:59.150,3730.0,0.150697,0.5390835579514826,0.4386449130384554,0.5390835579514826,30,30.011,3685.0,-0.6738544474393532,-0.7730813660732686,0.6738544474393532,-0.6738544474393532,0.5732811662730913,-0.7730813660732686,COMPLETE
2026-09-03 09:27:40.742,v1.6.9,20260903_079650_WIDE_HIGH_GAP_SHADOW_E002_092440694483,WIDE_HIGH_GAP_SHADOW,079650,서산,2026-09-03 09:24:40.694,7190.0,7197.19,MAIN,MAIN,2026-09-03 09:24:40.673,,,2026-09-03 09:24:40.673,7190.0,,,False,,2026-09-03 09:24:40.746,7190.0,0.072465,0.0,-0.09990009990009435,0.0,180,180.048,7700.0,7.093184979137692,6.98619878035734,7.927677329624479,-0.6954102920723227,7.819857472152332,-0.7946156763959213,COMPLETE
2026-09-03 09:27:43.256,v1.6.9,20260903_079650_SHADOW_SCORE_70_74_E003_092643177892,SHADOW_SCORE_70_74,079650,서산,2026-09-03 09:26:43.177,7520.0,7527.5199999999995,MAIN,MAIN,2026-09-03 09:26:43.166,,,2026-09-03 09:26:43.166,7520.0,,,False,,2026-09-03 09:26:43.240,7520.0,0.073745,0.0,-0.09990009990009363,0.0,60,60.078,7690.0,2.2606382978723407,2.1584798180542926,3.1914893617021276,-0.6648936170212766,3.0884009607413927,-0.7641294875337366,COMPLETE
2026-09-03 09:27:59.152,v1.6.9,20260903_067290_PRE_FAIL_PULLBACK_SHADOW_E003_092659061884,PRE_FAIL_PULLBACK_SHADOW,067290,JW신약,2026-09-03 09:26:59.061,3710.0,3713.7099999999996,MAIN,MAIN,2026-09-03 09:26:58.999,2026-09-03 09:26:58.999,3710.0,2026-09-03 09:26:58.999,3710.0,0.0,0.0,False,,2026-09-03 09:26:59.150,3730.0,0.150697,0.5390835579514826,0.4386449130384554,0.5390835579514826,60,60.091,3705.0,-0.13477088948787064,-0.23453635313472465,0.6738544474393532,-1.078167115902965,0.5732811662730913,-1.1769901257771767,COMPLETE
2026-09-03 09:27:59.152,v1.6.9,20260903_067290_BASE_E003_092659044002,BASE,067290,JW신약,2026-09-03 09:26:59.044,3710.0,3713.7099999999996,MAIN,MAIN,2026-09-03 09:26:58.999,2026-09-03 09:26:58.999,3710.0,2026-09-03 09:26:58.999,3710.0,0.0,0.0,False,,2026-09-03 09:26:59.054,3720.0,0.055192,0.2695417789757413,0.16937240656918334,0.2695417789757413,60,60.109,3705.0,-0.13477088948787064,-0.23453635313472465,0.6738544474393532,-1.078167115902965,0.5732811662730913,-1.1769901257771767,COMPLETE
2026-09-03 09:28:00.339,v1.6.9,20260903_067290_WIDE_HIGH_GAP_SHADOW_E003_092730281769,WIDE_HIGH_GAP_SHADOW,067290,JW신약,2026-09-03 09:27:30.281,3685.0,3688.6849999999995,MAIN,MAIN,2026-09-03 09:27:30.260,2026-09-03 09:26:58.999,3710.0,2026-09-03 09:27:30.260,3685.0,31.261268,-0.6738544474393482,False,,2026-09-03 09:27:30.341,3685.0,0.08094,0.0,-0.09990009990008611,0.0,30,30.057,3705.0,0.5427408412483039,0.4422985427056122,0.9497964721845319,-0.40705563093622793,0.8489475246598859,-0.5065490818543598,COMPLETE
2026-09-03 09:28:16.640,v1.6.9,20260903_004310_PRE_HISTORY_E003_092316612760,PRE_HISTORY,004310,현대약품,2026-09-03 09:23:16.612,8760.0,8768.759999999998,MAIN,MAIN,2026-09-03 09:23:16.570,2026-09-03 09:23:16.570,8760.0,2026-09-03 09:23:16.570,8760.0,0.0,0.0,False,,2026-09-03 09:23:16.657,8780.0,0.086929,0.228310502283105,0.12818231996316018,0.228310502283105,300,300.028,8790.0,0.3424657534246575,0.24222352989478105,1.2557077625570776,-2.3972602739726026,1.1545532093477484,-2.4947655084641207,COMPLETE
2026-09-03 09:28:16.640,v1.6.9,20260903_004310_BASE_E003_092316603789,BASE,004310,현대약품,2026-09-03 09:23:16.603,8760.0,8768.759999999998,MAIN,MAIN,2026-09-03 09:23:16.570,2026-09-03 09:23:16.570,8760.0,2026-09-03 09:23:16.570,8760.0,0.0,0.0,False,,2026-09-03 09:23:16.657,8780.0,0.086929,0.228310502283105,0.12818231996316018,0.228310502283105,300,300.037,8790.0,0.3424657534246575,0.24222352989478105,1.2557077625570776,-2.3972602739726026,1.1545532093477484,-2.4947655084641207,COMPLETE
2026-09-03 09:28:16.677,v1.6.9,20260903_067290_WIDE_HIGH_GAP_SHADOW_E001_092316582356,WIDE_HIGH_GAP_SHADOW,067290,JW신약,2026-09-03 09:23:16.582,3595.0,3598.595,MAIN,MAIN,2026-09-03 09:23:16.574,2026-09-03 09:13:55.415,3365.0,2026-09-03 09:23:16.574,3595.0,561.159045,6.835066864784545,True,20260903_067290_SHADOW_SCORE_70_74_E001_091154464993,2026-09-03 09:23:16.657,3595.0,0.082943,0.0,-0.09990009990009435,0.0,300,300.095,3770.0,4.867872044506258,4.763108935570694,6.258692628650904,-0.4172461752433936,6.152540088562348,-0.5167294457975905,COMPLETE
2026-09-03 09:28:17.540,v1.6.9,20260903_004310_WIDE_HIGH_GAP_SHADOW_E002_092747496529,WIDE_HIGH_GAP_SHADOW,004310,현대약품,2026-09-03 09:27:47.496,8570.0,8578.57,MAIN,MAIN,2026-09-03 09:27:47.453,2026-09-03 09:23:16.570,8760.0,2026-09-03 09:27:47.453,8570.0,270.882773,-2.168949771689499,False,,2026-09-03 09:27:47.541,8550.0,0.088566,-0.2333722287047841,-0.3330391895152655,0.2333722287047841,30,30.044,8790.0,2.5670945157526255,2.464629885866762,2.6837806301050176,-0.2333722287047841,2.5811994306743467,-0.3330391895152655,COMPLETE
2026-09-03 09:28:25.340,v1.6.9,20260903_004310_LIVE_FILTER_SHADOW_E003_092325336630,LIVE_FILTER_SHADOW,004310,현대약품,2026-09-03 09:23:25.336,8760.0,8768.759999999998,MAIN,MAIN,2026-09-03 09:23:16.570,2026-09-03 09:23:16.570,8760.0,2026-09-03 09:23:16.570,8760.0,0.0,0.0,False,,2026-09-03 09:23:25.345,8770.0,8.775107,0.1141552511415525,0.014141110031539247,0.1141552511415525,300,300.003,8760.0,0.0,-0.09990009990008167,1.2557077625570776,-2.3972602739726026,1.1545532093477484,-2.4947655084641207,COMPLETE
2026-09-03 09:28:28.242,v1.6.9,20260903_067290_WIDE_HIGH_GAP_SHADOW_E002_092628225585,WIDE_HIGH_GAP_SHADOW,067290,JW신약,2026-09-03 09:26:28.225,3705.0,3708.7049999999995,MAIN,MAIN,2026-09-03 09:26:28.214,2026-09-03 09:23:55.136,3750.0,2026-09-03 09:26:28.214,3705.0,153.077137,-1.200000000000001,False,,2026-09-03 09:26:28.248,3700.0,0.034449,-0.1349527665317139,-0.23471804848321648,0.1349527665317139,120,120.017,3765.0,1.6194331983805668,1.5179152830974838,1.8893387314439947,-0.9446693657219973,1.7875511802637454,-1.043625739982001,COMPLETE
2026-09-03 09:28:30.340,v1.6.9,20260903_067290_WIDE_HIGH_GAP_SHADOW_E003_092730281769,WIDE_HIGH_GAP_SHADOW,067290,JW신약,2026-09-03 09:27:30.281,3685.0,3688.6849999999995,MAIN,MAIN,2026-09-03 09:27:30.260,2026-09-03 09:26:58.999,3710.0,2026-09-03 09:27:30.260,3685.0,31.261268,-0.6738544474393482,False,,2026-09-03 09:27:30.341,3685.0,0.08094,0.0,-0.09990009990008611,0.0,60,60.058,3765.0,2.1709633649932156,2.0688944705227073,2.4423337856173677,-0.40705563093622793,2.3399937918255564,-0.5065490818543598,COMPLETE
2026-09-03 09:28:33.339,v1.6.9,20260903_441270_WIDE_HIGH_GAP_SHADOW_E004_092333250418,WIDE_HIGH_GAP_SHADOW,441270,파인엠텍,2026-09-03 09:23:33.250,8580.0,8588.58,MAIN,MAIN,2026-09-03 09:23:33.234,,,2026-09-03 09:23:33.234,8580.0,,,False,,2026-09-03 09:23:33.642,8590.0,0.408705,0.11655011655011654,0.016533582967150247,0.11655011655011654,300,300.089,8840.0,3.0303030303030303,2.9273756546483827,4.312354312354312,-0.5827505827505828,4.208146166188125,-0.6820685142363456,COMPLETE
2026-09-03 09:28:34.240,v1.6.9,20260903_441270_SHADOW_SCORE_70_74_E005_092803923962,SHADOW_SCORE_70_74,441270,파인엠텍,2026-09-03 09:28:03.923,8910.0,8918.91,MAIN,MAIN,2026-09-03 09:28:03.903,,,2026-09-03 09:28:03.903,8910.0,,,False,,2026-09-03 09:28:03.949,8920.0,0.045541,0.11223344556677892,0.012221224342438096,0.11223344556677892,30,30.317,8830.0,-0.8978675645342313,-0.9968706938403892,0.11223344556677892,-0.8978675645342313,0.012221224342438096,-0.9968706938403892,COMPLETE
2026-09-03 09:28:43.241,v1.6.9,20260903_079650_SHADOW_SCORE_70_74_E003_092643177892,SHADOW_SCORE_70_74,079650,서산,2026-09-03 09:26:43.177,7520.0,7527.5199999999995,MAIN,MAIN,2026-09-03 09:26:43.166,,,2026-09-03 09:26:43.166,7520.0,,,False,,2026-09-03 09:26:43.240,7520.0,0.073745,0.0,-0.09990009990009363,0.0,120,120.064,7710.0,2.5265957446808507,2.4241715731077496,3.1914893617021276,-0.6648936170212766,3.0884009607413927,-0.7641294875337366,COMPLETE
2026-09-03 09:28:47.639,v1.6.9,20260903_004310_WIDE_HIGH_GAP_SHADOW_E002_092747496529,WIDE_HIGH_GAP_SHADOW,004310,현대약품,2026-09-03 09:27:47.496,8570.0,8578.57,MAIN,MAIN,2026-09-03 09:27:47.453,2026-09-03 09:23:16.570,8760.0,2026-09-03 09:27:47.453,8570.0,270.882773,-2.168949771689499,False,,2026-09-03 09:27:47.541,8550.0,0.088566,-0.2333722287047841,-0.3330391895152655,0.2333722287047841,60,60.143,8660.0,1.0501750291715286,0.9492258033681639,2.6837806301050176,-0.2333722287047841,2.5811994306743467,-0.3330391895152655,COMPLETE
2026-09-03 09:28:55.238,v1.6.9,20260903_067290_PRE_HISTORY_E002_092355192934,PRE_HISTORY,067290,JW신약,2026-09-03 09:23:55.192,3750.0,3753.7499999999995,MAIN,MAIN,2026-09-03 09:23:55.136,2026-09-03 09:23:55.136,3750.0,2026-09-03 09:23:55.136,3750.0,0.0,0.0,False,,2026-09-03 09:23:55.242,3745.0,0.105411,-0.13333333333333333,-0.233100233100221,0.13333333333333333,300,300.045,3690.0,-1.6,-1.6983016983016863,1.866666666666667,-2.2666666666666666,1.7649017649017773,-2.3643023643023526,COMPLETE
2026-09-03 09:28:55.238,v1.6.9,20260903_067290_LIVE_FILTER_SHADOW_E002_092355216760,LIVE_FILTER_SHADOW,067290,JW신약,2026-09-03 09:23:55.216,3750.0,3753.7499999999995,MAIN,MAIN,2026-09-03 09:23:55.136,2026-09-03 09:23:55.136,3750.0,2026-09-03 09:23:55.136,3750.0,0.0,0.0,False,,2026-09-03 09:23:55.242,3745.0,0.105411,-0.13333333333333333,-0.233100233100221,0.13333333333333333,300,300.022,3690.0,-1.6,-1.6983016983016863,1.866666666666667,-2.2666666666666666,1.7649017649017773,-2.3643023643023526,COMPLETE
2026-09-03 09:28:55.238,v1.6.9,20260903_067290_BASE_E002_092355170896,BASE,067290,JW신약,2026-09-03 09:23:55.170,3750.0,3753.7499999999995,MAIN,MAIN,2026-09-03 09:23:55.136,2026-09-03 09:23:55.136,3750.0,2026-09-03 09:23:55.136,3750.0,0.0,0.0,False,,2026-09-03 09:23:55.242,3745.0,0.105411,-0.13333333333333333,-0.233100233100221,0.13333333333333333,300,300.067,3690.0,-1.6,-1.6983016983016863,1.866666666666667,-2.2666666666666666,1.7649017649017773,-2.3643023643023526,COMPLETE
2026-09-03 09:28:59.138,v1.6.9,20260903_067290_PRE_FAIL_PULLBACK_SHADOW_E003_092659061884,PRE_FAIL_PULLBACK_SHADOW,067290,JW신약,2026-09-03 09:26:59.061,3710.0,3713.7099999999996,MAIN,MAIN,2026-09-03 09:26:58.999,2026-09-03 09:26:58.999,3710.0,2026-09-03 09:26:58.999,3710.0,0.0,0.0,False,,2026-09-03 09:26:59.150,3730.0,0.150697,0.5390835579514826,0.4386449130384554,0.5390835579514826,120,120.076,3700.0,-0.2695417789757413,-0.36917260636936067,1.7520215633423182,-1.078167115902965,1.6503711921501791,-1.1769901257771767,COMPLETE
2026-09-03 09:28:59.138,v1.6.9,20260903_067290_BASE_E003_092659044002,BASE,067290,JW신약,2026-09-03 09:26:59.044,3710.0,3713.7099999999996,MAIN,MAIN,2026-09-03 09:26:58.999,2026-09-03 09:26:58.999,3710.0,2026-09-03 09:26:58.999,3710.0,0.0,0.0,False,,2026-09-03 09:26:59.054,3720.0,0.055192,0.2695417789757413,0.16937240656918334,0.2695417789757413,120,120.094,3700.0,-0.2695417789757413,-0.36917260636936067,1.7520215633423182,-1.078167115902965,1.6503711921501791,-1.1769901257771767,COMPLETE
2026-09-03 09:29:04.051,v1.6.9,20260903_441270_SHADOW_SCORE_70_74_E005_092803923962,SHADOW_SCORE_70_74,441270,파인엠텍,2026-09-03 09:28:03.923,8910.0,8918.91,MAIN,MAIN,2026-09-03 09:28:03.903,,,2026-09-03 09:28:03.903,8910.0,,,False,,2026-09-03 09:28:03.949,8920.0,0.045541,0.11223344556677892,0.012221224342438096,0.11223344556677892,60,60.128,8850.0,-0.6734006734006733,-0.7726280453553165,0.11223344556677892,-1.0101010101010102,0.012221224342438096,-1.1089920180829256,COMPLETE
2026-09-03 09:29:06.938,v1.6.9,20260903_079650_BASE_E003_092836884872,BASE,079650,서산,2026-09-03 09:28:36.884,7690.0,7697.69,MAIN,MAIN,2026-09-03 09:28:36.832,2026-09-03 09:28:36.832,7690.0,2026-09-03 09:28:36.832,7690.0,0.0,0.0,True,20260903_079650_SHADOW_SCORE_70_74_E003_092643177892,2026-09-03 09:28:36.940,7680.0,0.107151,-0.13003901170351106,-0.22980920250100487,0.13003901170351106,30,30.054,7780.0,1.1703511053315996,1.0692818235080968,1.8205461638491547,-0.13003901170351106,1.7188273365126474,-0.22980920250100487,COMPLETE
2026-09-03 09:29:06.938,v1.6.9,20260903_079650_LIVE_FILTER_SHADOW_E003_092836928106,LIVE_FILTER_SHADOW,079650,서산,2026-09-03 09:28:36.928,7690.0,7697.69,MAIN,MAIN,2026-09-03 09:28:36.832,2026-09-03 09:28:36.832,7690.0,2026-09-03 09:28:36.832,7690.0,0.0,0.0,True,20260903_079650_SHADOW_SCORE_70_74_E003_092643177892,2026-09-03 09:28:36.940,7680.0,0.107151,-0.13003901170351106,-0.22980920250100487,0.13003901170351106,30,30.011,7780.0,1.1703511053315996,1.0692818235080968,1.8205461638491547,-0.13003901170351106,1.7188273365126474,-0.22980920250100487,COMPLETE
2026-09-03 09:29:24.190,v1.6.9,20260903_067290_WIDE_HIGH_GAP_SHADOW_E004_092854098686,WIDE_HIGH_GAP_SHADOW,067290,JW신약,2026-09-03 09:28:54.098,3685.0,3688.6849999999995,MAIN,MAIN,2026-09-03 09:28:54.072,2026-09-03 09:26:58.999,3710.0,2026-09-03 09:28:54.072,3685.0,115.073101,-0.6738544474393482,False,,2026-09-03 09:28:54.208,3695.0,0.135325,0.27137042062415195,0.17119922140276306,0.27137042062415195,30,30.092,3675.0,-0.27137042062415195,-0.3709994212029353,0.40705563093622793,-0.27137042062415195,0.30674888205418765,-0.3709994212029353,COMPLETE
2026-09-03 09:29:24.195,v1.6.9,20260903_079650_CONFIRM_E003_092854128025,CONFIRM,079650,서산,2026-09-03 09:28:54.128,7800.0,7807.799999999999,MAIN,MAIN,2026-09-03 09:28:54.103,2026-09-03 09:28:36.832,7690.0,2026-09-03 09:28:54.103,7800.0,17.270303,1.4304291287386306,True,20260903_079650_SHADOW_SCORE_70_74_E003_092643177892,2026-09-03 09:28:54.210,7770.0,0.107754,-0.38461538461538464,-0.4841312533620133,0.38461538461538464,30,30.068,7790.0,-0.1282051282051282,-0.22797715105406482,0.38461538461538464,-0.8974358974358974,0.28433105356183214,-0.9964394579779103,COMPLETE
2026-09-03 09:29:24.214,v1.6.9,20260903_079650_PRE_HISTORY_E003_092854203853,PRE_HISTORY,079650,서산,2026-09-03 09:28:54.203,7800.0,7807.799999999999,MAIN,MAIN,2026-09-03 09:28:54.103,2026-09-03 09:28:36.832,7690.0,2026-09-03 09:28:54.103,7800.0,17.270303,1.4304291287386306,True,20260903_079650_SHADOW_SCORE_70_74_E003_092643177892,2026-09-03 09:28:54.210,7770.0,0.107754,-0.38461538461538464,-0.4841312533620133,0.38461538461538464,30,30.011,7800.0,0.0,-0.09990009990009059,0.38461538461538464,-0.8974358974358974,0.28433105356183214,-0.9964394579779103,COMPLETE
2026-09-03 09:29:28.248,v1.6.9,20260903_067290_WIDE_HIGH_GAP_SHADOW_E002_092628225585,WIDE_HIGH_GAP_SHADOW,067290,JW신약,2026-09-03 09:26:28.225,3705.0,3708.7049999999995,MAIN,MAIN,2026-09-03 09:26:28.214,2026-09-03 09:23:55.136,3750.0,2026-09-03 09:26:28.214,3705.0,153.077137,-1.200000000000001,False,,2026-09-03 09:26:28.248,3700.0,0.034449,-0.1349527665317139,-0.23471804848321648,0.1349527665317139,180,180.023,3670.0,-0.9446693657219973,-1.043625739982001,1.8893387314439947,-0.9446693657219973,1.7875511802637454,-1.043625739982001,COMPLETE
2026-09-03 09:29:30.338,v1.6.9,20260903_067290_WIDE_HIGH_GAP_SHADOW_E003_092730281769,WIDE_HIGH_GAP_SHADOW,067290,JW신약,2026-09-03 09:27:30.281,3685.0,3688.6849999999995,MAIN,MAIN,2026-09-03 09:27:30.260,2026-09-03 09:26:58.999,3710.0,2026-09-03 09:27:30.260,3685.0,31.261268,-0.6738544474393482,False,,2026-09-03 09:27:30.341,3685.0,0.08094,0.0,-0.09990009990008611,0.0,120,120.057,3670.0,-0.40705563093622793,-0.5065490818543598,2.4423337856173677,-0.40705563093622793,2.3399937918255564,-0.5065490818543598,COMPLETE
2026-09-03 09:29:36.953,v1.6.9,20260903_079650_BASE_E003_092836884872,BASE,079650,서산,2026-09-03 09:28:36.884,7690.0,7697.69,MAIN,MAIN,2026-09-03 09:28:36.832,2026-09-03 09:28:36.832,7690.0,2026-09-03 09:28:36.832,7690.0,0.0,0.0,True,20260903_079650_SHADOW_SCORE_70_74_E003_092643177892,2026-09-03 09:28:36.940,7680.0,0.107151,-0.13003901170351106,-0.22980920250100487,0.13003901170351106,60,60.068,7790.0,1.3003901170351104,1.1991909261090068,1.8205461638491547,-0.13003901170351106,1.7188273365126474,-0.22980920250100487,COMPLETE
2026-09-03 09:29:36.953,v1.6.9,20260903_079650_LIVE_FILTER_SHADOW_E003_092836928106,LIVE_FILTER_SHADOW,079650,서산,2026-09-03 09:28:36.928,7690.0,7697.69,MAIN,MAIN,2026-09-03 09:28:36.832,2026-09-03 09:28:36.832,7690.0,2026-09-03 09:28:36.832,7690.0,0.0,0.0,True,20260903_079650_SHADOW_SCORE_70_74_E003_092643177892,2026-09-03 09:28:36.940,7680.0,0.107151,-0.13003901170351106,-0.22980920250100487,0.13003901170351106,60,60.025,7790.0,1.3003901170351104,1.1991909261090068,1.8205461638491547,-0.13003901170351106,1.7188273365126474,-0.22980920250100487,COMPLETE
2026-09-03 09:29:40.737,v1.6.9,20260903_079650_WIDE_HIGH_GAP_SHADOW_E002_092440694483,WIDE_HIGH_GAP_SHADOW,079650,서산,2026-09-03 09:24:40.694,7190.0,7197.19,MAIN,MAIN,2026-09-03 09:24:40.673,,,2026-09-03 09:24:40.673,7190.0,,,False,,2026-09-03 09:24:40.746,7190.0,0.072465,0.0,-0.09990009990009435,0.0,300,300.043,7790.0,8.344923504867872,8.236686818049828,8.90125173852573,-0.6954102920723227,8.79245927924649,-0.7946156763959213,COMPLETE
2026-09-03 09:29:43.241,v1.6.9,20260903_079650_SHADOW_SCORE_70_74_E003_092643177892,SHADOW_SCORE_70_74,079650,서산,2026-09-03 09:26:43.177,7520.0,7527.5199999999995,MAIN,MAIN,2026-09-03 09:26:43.166,,,2026-09-03 09:26:43.166,7520.0,,,False,,2026-09-03 09:26:43.240,7520.0,0.073745,0.0,-0.09990009990009363,0.0,180,180.063,7800.0,3.723404255319149,3.619784470848307,4.122340425531915,-0.6648936170212766,4.018322103428493,-0.7641294875337366,COMPLETE
2026-09-03 09:29:47.641,v1.6.9,20260903_004310_WIDE_HIGH_GAP_SHADOW_E002_092747496529,WIDE_HIGH_GAP_SHADOW,004310,현대약품,2026-09-03 09:27:47.496,8570.0,8578.57,MAIN,MAIN,2026-09-03 09:27:47.453,2026-09-03 09:23:16.570,8760.0,2026-09-03 09:27:47.453,8570.0,270.882773,-2.168949771689499,False,,2026-09-03 09:27:47.541,8550.0,0.088566,-0.2333722287047841,-0.3330391895152655,0.2333722287047841,120,120.145,8670.0,1.1668611435239207,1.0657953481757485,2.6837806301050176,-0.2333722287047841,2.5811994306743467,-0.3330391895152655,COMPLETE
2026-09-03 09:29:54.144,v1.6.9,20260903_079650_CONFIRM_E003_092854128025,CONFIRM,079650,서산,2026-09-03 09:28:54.128,7800.0,7807.799999999999,MAIN,MAIN,2026-09-03 09:28:54.103,2026-09-03 09:28:36.832,7690.0,2026-09-03 09:28:54.103,7800.0,17.270303,1.4304291287386306,True,20260903_079650_SHADOW_SCORE_70_74_E003_092643177892,2026-09-03 09:28:54.210,7770.0,0.107754,-0.38461538461538464,-0.4841312533620133,0.38461538461538464,60,60.016,7810.0,0.1282051282051282,0.028176951253883652,0.38461538461538464,-0.8974358974358974,0.28433105356183214,-0.9964394579779103,COMPLETE
2026-09-03 09:29:54.168,v1.6.9,20260903_067290_WIDE_HIGH_GAP_SHADOW_E004_092854098686,WIDE_HIGH_GAP_SHADOW,067290,JW신약,2026-09-03 09:28:54.098,3685.0,3688.6849999999995,MAIN,MAIN,2026-09-03 09:28:54.072,2026-09-03 09:26:58.999,3710.0,2026-09-03 09:28:54.072,3685.0,115.073101,-0.6738544474393482,False,,2026-09-03 09:28:54.208,3695.0,0.135325,0.27137042062415195,0.17119922140276306,0.27137042062415195,60,60.07,3695.0,0.27137042062415195,0.17119922140276306,0.40705563093622793,-0.40705563093622793,0.30674888205418765,-0.5065490818543598,COMPLETE
2026-09-03 09:29:54.231,v1.6.9,20260903_079650_PRE_HISTORY_E003_092854203853,PRE_HISTORY,079650,서산,2026-09-03 09:28:54.203,7800.0,7807.799999999999,MAIN,MAIN,2026-09-03 09:28:54.103,2026-09-03 09:28:36.832,7690.0,2026-09-03 09:28:54.103,7800.0,17.270303,1.4304291287386306,True,20260903_079650_SHADOW_SCORE_70_74_E003_092643177892,2026-09-03 09:28:54.210,7770.0,0.107754,-0.38461538461538464,-0.4841312533620133,0.38461538461538464,60,60.028,7790.0,-0.1282051282051282,-0.22797715105406482,0.38461538461538464,-0.8974358974358974,0.28433105356183214,-0.9964394579779103,COMPLETE
2026-09-03 09:29:59.138,v1.6.9,20260903_067290_PRE_FAIL_PULLBACK_SHADOW_E003_092659061884,PRE_FAIL_PULLBACK_SHADOW,067290,JW신약,2026-09-03 09:26:59.061,3710.0,3713.7099999999996,MAIN,MAIN,2026-09-03 09:26:58.999,2026-09-03 09:26:58.999,3710.0,2026-09-03 09:26:58.999,3710.0,0.0,0.0,False,,2026-09-03 09:26:59.150,3730.0,0.150697,0.5390835579514826,0.4386449130384554,0.5390835579514826,180,180.076,3705.0,-0.13477088948787064,-0.23453635313472465,1.7520215633423182,-1.078167115902965,1.6503711921501791,-1.1769901257771767,COMPLETE
2026-09-03 09:29:59.138,v1.6.9,20260903_067290_BASE_E003_092659044002,BASE,067290,JW신약,2026-09-03 09:26:59.044,3710.0,3713.7099999999996,MAIN,MAIN,2026-09-03 09:26:58.999,2026-09-03 09:26:58.999,3710.0,2026-09-03 09:26:58.999,3710.0,0.0,0.0,False,,2026-09-03 09:26:59.054,3720.0,0.055192,0.2695417789757413,0.16937240656918334,0.2695417789757413,180,180.094,3705.0,-0.13477088948787064,-0.23453635313472465,1.7520215633423182,-1.078167115902965,1.6503711921501791,-1.1769901257771767,COMPLETE
2026-09-03 09:30:04.039,v1.6.9,20260903_441270_SHADOW_SCORE_70_74_E005_092803923962,SHADOW_SCORE_70_74,441270,파인엠텍,2026-09-03 09:28:03.923,8910.0,8918.91,MAIN,MAIN,2026-09-03 09:28:03.903,,,2026-09-03 09:28:03.903,8910.0,,,False,,2026-09-03 09:28:03.949,8920.0,0.045541,0.11223344556677892,0.012221224342438096,0.11223344556677892,120,120.115,8800.0,-1.2345679012345678,-1.3332346665679984,0.11223344556677892,-1.6835016835016834,0.012221224342438096,-1.7817199635381438,COMPLETE
2026-09-03 09:30:30.350,v1.6.9,20260903_067290_WIDE_HIGH_GAP_SHADOW_E003_092730281769,WIDE_HIGH_GAP_SHADOW,067290,JW신약,2026-09-03 09:27:30.281,3685.0,3688.6849999999995,MAIN,MAIN,2026-09-03 09:27:30.260,2026-09-03 09:26:58.999,3710.0,2026-09-03 09:27:30.260,3685.0,31.261268,-0.6738544474393482,False,,2026-09-03 09:27:30.341,3685.0,0.08094,0.0,-0.09990009990008611,0.0,180,180.068,3720.0,0.9497964721845319,0.8489475246598859,2.4423337856173677,-0.40705563093622793,2.3399937918255564,-0.5065490818543598,COMPLETE
2026-09-03 09:30:36.947,v1.6.9,20260903_079650_BASE_E003_092836884872,BASE,079650,서산,2026-09-03 09:28:36.884,7690.0,7697.69,MAIN,MAIN,2026-09-03 09:28:36.832,2026-09-03 09:28:36.832,7690.0,2026-09-03 09:28:36.832,7690.0,0.0,0.0,True,20260903_079650_SHADOW_SCORE_70_74_E003_092643177892,2026-09-03 09:28:36.940,7680.0,0.107151,-0.13003901170351106,-0.22980920250100487,0.13003901170351106,120,120.063,7750.0,0.7802340702210664,0.6795545157053662,2.7308192457737324,-0.13003901170351106,2.6281910547190184,-0.22980920250100487,COMPLETE
2026-09-03 09:30:36.947,v1.6.9,20260903_079650_LIVE_FILTER_SHADOW_E003_092836928106,LIVE_FILTER_SHADOW,079650,서산,2026-09-03 09:28:36.928,7690.0,7697.69,MAIN,MAIN,2026-09-03 09:28:36.832,2026-09-03 09:28:36.832,7690.0,2026-09-03 09:28:36.832,7690.0,0.0,0.0,True,20260903_079650_SHADOW_SCORE_70_74_E003_092643177892,2026-09-03 09:28:36.940,7680.0,0.107151,-0.13003901170351106,-0.22980920250100487,0.13003901170351106,120,120.02,7750.0,0.7802340702210664,0.6795545157053662,2.7308192457737324,-0.13003901170351106,2.6281910547190184,-0.22980920250100487,COMPLETE
2026-09-03 09:30:47.650,v1.6.9,20260903_004310_WIDE_HIGH_GAP_SHADOW_E002_092747496529,WIDE_HIGH_GAP_SHADOW,004310,현대약품,2026-09-03 09:27:47.496,8570.0,8578.57,MAIN,MAIN,2026-09-03 09:27:47.453,2026-09-03 09:23:16.570,8760.0,2026-09-03 09:27:47.453,8570.0,270.882773,-2.168949771689499,False,,2026-09-03 09:27:47.541,8550.0,0.088566,-0.2333722287047841,-0.3330391895152655,0.2333722287047841,180,180.154,8730.0,1.8669778296382729,1.7652126170212552,2.6837806301050176,-0.2333722287047841,2.5811994306743467,-0.3330391895152655,COMPLETE
2026-09-03 09:30:54.227,v1.6.9,20260903_067290_WIDE_HIGH_GAP_SHADOW_E004_092854098686,WIDE_HIGH_GAP_SHADOW,067290,JW신약,2026-09-03 09:28:54.098,3685.0,3688.6849999999995,MAIN,MAIN,2026-09-03 09:28:54.072,2026-09-03 09:26:58.999,3710.0,2026-09-03 09:28:54.072,3685.0,115.073101,-0.6738544474393482,False,,2026-09-03 09:28:54.208,3695.0,0.135325,0.27137042062415195,0.17119922140276306,0.27137042062415195,120,120.128,3725.0,1.0854816824966078,0.9844971853113106,1.7639077340569878,-0.40705563093622793,1.6622454885684332,-0.5065490818543598,COMPLETE
2026-09-03 09:30:54.237,v1.6.9,20260903_079650_CONFIRM_E003_092854128025,CONFIRM,079650,서산,2026-09-03 09:28:54.128,7800.0,7807.799999999999,MAIN,MAIN,2026-09-03 09:28:54.103,2026-09-03 09:28:36.832,7690.0,2026-09-03 09:28:54.103,7800.0,17.270303,1.4304291287386306,True,20260903_079650_SHADOW_SCORE_70_74_E003_092643177892,2026-09-03 09:28:54.210,7770.0,0.107754,-0.38461538461538464,-0.4841312533620133,0.38461538461538464,120,120.109,7650.0,-1.9230769230769231,-2.021055867209704,1.282051282051282,-2.051282051282051,1.1808704116396518,-2.1491329183636787,COMPLETE
2026-09-03 09:30:54.237,v1.6.9,20260903_079650_PRE_HISTORY_E003_092854203853,PRE_HISTORY,079650,서산,2026-09-03 09:28:54.203,7800.0,7807.799999999999,MAIN,MAIN,2026-09-03 09:28:54.103,2026-09-03 09:28:36.832,7690.0,2026-09-03 09:28:54.103,7800.0,17.270303,1.4304291287386306,True,20260903_079650_SHADOW_SCORE_70_74_E003_092643177892,2026-09-03 09:28:54.210,7770.0,0.107754,-0.38461538461538464,-0.4841312533620133,0.38461538461538464,120,120.033,7650.0,-1.9230769230769231,-2.021055867209704,1.282051282051282,-2.051282051282051,1.1808704116396518,-2.1491329183636787,COMPLETE
2026-09-03 09:30:57.038,v1.6.9,20260903_100840_WIDE_HIGH_GAP_SHADOW_E001_093026603639,WIDE_HIGH_GAP_SHADOW,100840,SNT에너지,2026-09-03 09:30:26.603,34700.0,34734.7,MAIN,MAIN,2026-09-03 09:30:26.586,,,2026-09-03 09:30:26.586,34700.0,,,False,,2026-09-03 09:30:26.641,34700.0,0.054294,0.0,-0.09990009990009154,0.0,30,30.435,34550.0,-0.43227665706051877,-0.5317449121483621,0.1440922190201729,-1.1527377521613833,0.04404817084933197,-1.2514862658954795,COMPLETE
2026-09-03 09:31:04.038,v1.6.9,20260903_441270_SHADOW_SCORE_70_74_E005_092803923962,SHADOW_SCORE_70_74,441270,파인엠텍,2026-09-03 09:28:03.923,8910.0,8918.91,MAIN,MAIN,2026-09-03 09:28:03.903,,,2026-09-03 09:28:03.903,8910.0,,,False,,2026-09-03 09:28:03.949,8920.0,0.045541,0.11223344556677892,0.012221224342438096,0.11223344556677892,180,180.114,8750.0,-1.7957351290684627,-1.89384128778068,0.11223344556677892,-1.7957351290684627,0.012221224342438096,-1.89384128778068,COMPLETE
2026-09-03 09:31:12.650,v1.6.9,20260903_105560_PRE_HISTORY_E001_093042474668,PRE_HISTORY,105560,KB금융,2026-09-03 09:30:42.474,178700.0,178878.69999999998,MAIN,MAIN,2026-09-03 09:30:42.422,2026-09-03 09:30:42.422,178700.0,2026-09-03 09:30:42.422,178700.0,0.0,0.0,False,,2026-09-03 09:30:42.986,178600.0,0.564922,-0.05595970900951316,-0.155803905104399,0.05595970900951316,30,30.176,178600.0,-0.05595970900951316,-0.155803905104399,0.05595970900951316,-0.16787912702853947,-0.0439962946957813,-0.26761151551301665,COMPLETE
2026-09-03 09:31:12.650,v1.6.9,20260903_105560_BASE_E001_093042464948,BASE,105560,KB금융,2026-09-03 09:30:42.464,178700.0,178878.69999999998,MAIN,MAIN,2026-09-03 09:30:42.422,2026-09-03 09:30:42.422,178700.0,2026-09-03 09:30:42.422,178700.0,0.0,0.0,False,,2026-09-03 09:30:42.986,178600.0,0.564922,-0.05595970900951316,-0.155803905104399,0.05595970900951316,30,30.186,178600.0,-0.05595970900951316,-0.155803905104399,0.05595970900951316,-0.16787912702853947,-0.0439962946957813,-0.26761151551301665,COMPLETE
2026-09-03 09:31:22.640,v1.6.9,20260903_105560_LIVE_FILTER_SHADOW_E001_093052468103,LIVE_FILTER_SHADOW,105560,KB금융,2026-09-03 09:30:52.468,178700.0,178878.69999999998,MAIN,MAIN,2026-09-03 09:30:42.422,2026-09-03 09:30:42.422,178700.0,2026-09-03 09:30:42.422,178700.0,0.0,0.0,False,,2026-09-03 09:30:52.492,178700.0,10.070866,0.0,-0.09990009990009015,0.0,30,30.172,178800.0,0.05595970900951316,-0.0439962946957813,0.05595970900951316,-0.16787912702853947,-0.0439962946957813,-0.26761151551301665,COMPLETE
2026-09-03 09:31:26.742,v1.6.9,20260903_100840_WIDE_HIGH_GAP_SHADOW_E001_093026603639,WIDE_HIGH_GAP_SHADOW,100840,SNT에너지,2026-09-03 09:30:26.603,34700.0,34734.7,MAIN,MAIN,2026-09-03 09:30:26.586,,,2026-09-03 09:30:26.586,34700.0,,,False,,2026-09-03 09:30:26.641,34700.0,0.054294,0.0,-0.09990009990009154,0.0,60,60.138,34600.0,-0.2881844380403458,-0.38779664139893855,0.1440922190201729,-1.440922190201729,0.04404817084933197,-1.5393828073943265,COMPLETE
2026-09-03 09:31:28.351,v1.6.9,20260903_067290_WIDE_HIGH_GAP_SHADOW_E002_092628225585,WIDE_HIGH_GAP_SHADOW,067290,JW신약,2026-09-03 09:26:28.225,3705.0,3708.7049999999995,MAIN,MAIN,2026-09-03 09:26:28.214,2026-09-03 09:23:55.136,3750.0,2026-09-03 09:26:28.214,3705.0,153.077137,-1.200000000000001,False,,2026-09-03 09:26:28.248,3700.0,0.034449,-0.1349527665317139,-0.23471804848321648,0.1349527665317139,300,300.126,3680.0,-0.6747638326585695,-0.7739898428157396,1.8893387314439947,-1.214574898785425,1.7875511802637454,-1.3132616371482628,COMPLETE
2026-09-03 09:31:36.937,v1.6.9,20260903_079650_BASE_E003_092836884872,BASE,079650,서산,2026-09-03 09:28:36.884,7690.0,7697.69,MAIN,MAIN,2026-09-03 09:28:36.832,2026-09-03 09:28:36.832,7690.0,2026-09-03 09:28:36.832,7690.0,0.0,0.0,True,20260903_079650_SHADOW_SCORE_70_74_E003_092643177892,2026-09-03 09:28:36.940,7680.0,0.107151,-0.13003901170351106,-0.22980920250100487,0.13003901170351106,180,180.053,7640.0,-0.6501950585175552,-0.7494456129046455,2.7308192457737324,-1.1703511053315996,2.6281910547190184,-1.269082023308286,COMPLETE
2026-09-03 09:31:36.937,v1.6.9,20260903_079650_LIVE_FILTER_SHADOW_E003_092836928106,LIVE_FILTER_SHADOW,079650,서산,2026-09-03 09:28:36.928,7690.0,7697.69,MAIN,MAIN,2026-09-03 09:28:36.832,2026-09-03 09:28:36.832,7690.0,2026-09-03 09:28:36.832,7690.0,0.0,0.0,True,20260903_079650_SHADOW_SCORE_70_74_E003_092643177892,2026-09-03 09:28:36.940,7680.0,0.107151,-0.13003901170351106,-0.22980920250100487,0.13003901170351106,180,180.009,7640.0,-0.6501950585175552,-0.7494456129046455,2.7308192457737324,-1.1703511053315996,2.6281910547190184,-1.269082023308286,COMPLETE
2026-09-03 09:31:42.549,v1.6.9,20260903_067290_WIDE_HIGH_GAP_SHADOW_E005_093112511553,WIDE_HIGH_GAP_SHADOW,067290,JW신약,2026-09-03 09:31:12.511,3690.0,3693.6899999999996,MAIN,MAIN,2026-09-03 09:31:12.475,,,2026-09-03 09:31:12.475,3690.0,,,False,,2026-09-03 09:31:12.549,3685.0,0.073709,-0.13550135501355012,-0.2352660889246147,0.13550135501355012,30,30.038,3675.0,-0.40650406504065045,-0.505998066973666,0.13550135501355012,-0.8130081300813009,0.035465889124436545,-0.9120960340472429,COMPLETE
2026-09-03 09:31:42.636,v1.6.9,20260903_105560_PRE_HISTORY_E001_093042474668,PRE_HISTORY,105560,KB금융,2026-09-03 09:30:42.474,178700.0,178878.69999999998,MAIN,MAIN,2026-09-03 09:30:42.422,2026-09-03 09:30:42.422,178700.0,2026-09-03 09:30:42.422,178700.0,0.0,0.0,False,,2026-09-03 09:30:42.986,178600.0,0.564922,-0.05595970900951316,-0.155803905104399,0.05595970900951316,60,60.162,178700.0,0.0,-0.09990009990009015,0.16787912702853947,-0.16787912702853947,0.0678113157128364,-0.26761151551301665,COMPLETE
2026-09-03 09:31:42.636,v1.6.9,20260903_105560_BASE_E001_093042464948,BASE,105560,KB금융,2026-09-03 09:30:42.464,178700.0,178878.69999999998,MAIN,MAIN,2026-09-03 09:30:42.422,2026-09-03 09:30:42.422,178700.0,2026-09-03 09:30:42.422,178700.0,0.0,0.0,False,,2026-09-03 09:30:42.986,178600.0,0.564922,-0.05595970900951316,-0.155803905104399,0.05595970900951316,60,60.172,178700.0,0.0,-0.09990009990009015,0.16787912702853947,-0.16787912702853947,0.0678113157128364,-0.26761151551301665,COMPLETE
2026-09-03 09:31:43.702,v1.6.9,20260903_079650_SHADOW_SCORE_70_74_E003_092643177892,SHADOW_SCORE_70_74,079650,서산,2026-09-03 09:26:43.177,7520.0,7527.5199999999995,MAIN,MAIN,2026-09-03 09:26:43.166,,,2026-09-03 09:26:43.166,7520.0,,,False,,2026-09-03 09:26:43.240,7520.0,0.073745,0.0,-0.09990009990009363,0.0,300,300.525,7660.0,1.8617021276595744,1.7599421854741066,5.053191489361701,-0.6648936170212766,4.948243246115593,-0.7641294875337366,COMPLETE
2026-09-03 09:31:52.649,v1.6.9,20260903_105560_LIVE_FILTER_SHADOW_E001_093052468103,LIVE_FILTER_SHADOW,105560,KB금융,2026-09-03 09:30:52.468,178700.0,178878.69999999998,MAIN,MAIN,2026-09-03 09:30:42.422,2026-09-03 09:30:42.422,178700.0,2026-09-03 09:30:42.422,178700.0,0.0,0.0,False,,2026-09-03 09:30:52.492,178700.0,10.070866,0.0,-0.09990009990009015,0.0,60,60.181,178600.0,-0.05595970900951316,-0.155803905104399,0.16787912702853947,-0.16787912702853947,0.0678113157128364,-0.26761151551301665,COMPLETE
2026-09-03 09:31:54.147,v1.6.9,20260903_067290_WIDE_HIGH_GAP_SHADOW_E004_092854098686,WIDE_HIGH_GAP_SHADOW,067290,JW신약,2026-09-03 09:28:54.098,3685.0,3688.6849999999995,MAIN,MAIN,2026-09-03 09:28:54.072,2026-09-03 09:26:58.999,3710.0,2026-09-03 09:28:54.072,3685.0,115.073101,-0.6738544474393482,False,,2026-09-03 09:28:54.208,3695.0,0.135325,0.27137042062415195,0.17119922140276306,0.27137042062415195,180,180.049,3680.0,-0.13568521031207598,-0.23544976055151068,1.7639077340569878,-0.6784260515603799,1.6622454885684332,-0.777648403157209,COMPLETE
2026-09-03 09:31:54.154,v1.6.9,20260903_079650_CONFIRM_E003_092854128025,CONFIRM,079650,서산,2026-09-03 09:28:54.128,7800.0,7807.799999999999,MAIN,MAIN,2026-09-03 09:28:54.103,2026-09-03 09:28:36.832,7690.0,2026-09-03 09:28:54.103,7800.0,17.270303,1.4304291287386306,True,20260903_079650_SHADOW_SCORE_70_74_E003_092643177892,2026-09-03 09:28:54.210,7770.0,0.107754,-0.38461538461538464,-0.4841312533620133,0.38461538461538464,180,180.026,7720.0,-1.0256410256410255,-1.1245165091318845,1.282051282051282,-2.564102564102564,1.1808704116396518,-2.6614411229795754,COMPLETE
2026-09-03 09:31:54.247,v1.6.9,20260903_079650_PRE_HISTORY_E003_092854203853,PRE_HISTORY,079650,서산,2026-09-03 09:28:54.203,7800.0,7807.799999999999,MAIN,MAIN,2026-09-03 09:28:54.103,2026-09-03 09:28:36.832,7690.0,2026-09-03 09:28:54.103,7800.0,17.270303,1.4304291287386306,True,20260903_079650_SHADOW_SCORE_70_74_E003_092643177892,2026-09-03 09:28:54.210,7770.0,0.107754,-0.38461538461538464,-0.4841312533620133,0.38461538461538464,180,180.044,7710.0,-1.153846153846154,-1.2525935602858589,1.282051282051282,-2.564102564102564,1.1808704116396518,-2.6614411229795754,COMPLETE
2026-09-03 09:31:57.448,v1.6.9,20260903_079650_WIDE_HIGH_GAP_SHADOW_E003_093127391328,WIDE_HIGH_GAP_SHADOW,079650,서산,2026-09-03 09:31:27.391,7630.0,7637.629999999999,MAIN,MAIN,2026-09-03 09:31:27.363,2026-09-03 09:28:36.832,7690.0,2026-09-03 09:31:27.363,7630.0,170.530736,-0.7802340702210642,True,20260903_079650_SHADOW_SCORE_70_74_E003_092643177892,2026-09-03 09:31:27.438,7630.0,0.074403,0.0,-0.09990009990008943,0.0,30,30.057,7720.0,1.1795543905635648,1.0784759146489264,1.4416775884665793,-0.39318479685452157,1.3403372512153744,-0.49269210474976144,COMPLETE
2026-09-03 09:31:59.147,v1.6.9,20260903_067290_PRE_FAIL_PULLBACK_SHADOW_E003_092659061884,PRE_FAIL_PULLBACK_SHADOW,067290,JW신약,2026-09-03 09:26:59.061,3710.0,3713.7099999999996,MAIN,MAIN,2026-09-03 09:26:58.999,2026-09-03 09:26:58.999,3710.0,2026-09-03 09:26:58.999,3710.0,0.0,0.0,False,,2026-09-03 09:26:59.150,3730.0,0.150697,0.5390835579514826,0.4386449130384554,0.5390835579514826,300,300.085,3675.0,-0.9433962264150944,-1.0423538725425407,1.7520215633423182,-1.3477088948787064,1.6503711921501791,-1.4462626322464487,COMPLETE
2026-09-03 09:31:59.147,v1.6.9,20260903_067290_BASE_E003_092659044002,BASE,067290,JW신약,2026-09-03 09:26:59.044,3710.0,3713.7099999999996,MAIN,MAIN,2026-09-03 09:26:58.999,2026-09-03 09:26:58.999,3710.0,2026-09-03 09:26:58.999,3710.0,0.0,0.0,False,,2026-09-03 09:26:59.054,3720.0,0.055192,0.2695417789757413,0.16937240656918334,0.2695417789757413,300,300.103,3675.0,-0.9433962264150944,-1.0423538725425407,1.7520215633423182,-1.3477088948787064,1.6503711921501791,-1.4462626322464487,COMPLETE
2026-09-03 09:32:12.547,v1.6.9,20260903_067290_WIDE_HIGH_GAP_SHADOW_E005_093112511553,WIDE_HIGH_GAP_SHADOW,067290,JW신약,2026-09-03 09:31:12.511,3690.0,3693.6899999999996,MAIN,MAIN,2026-09-03 09:31:12.475,,,2026-09-03 09:31:12.475,3690.0,,,False,,2026-09-03 09:31:12.549,3685.0,0.073709,-0.13550135501355012,-0.2352660889246147,0.13550135501355012,60,60.036,3690.0,0.0,-0.09990009990008908,0.40650406504065045,-0.8130081300813009,0.3061978671734878,-0.9120960340472429,COMPLETE
2026-09-03 09:32:17.039,v1.6.9,20260903_004310_WIDE_HIGH_GAP_SHADOW_E003_093146982804,WIDE_HIGH_GAP_SHADOW,004310,현대약품,2026-09-03 09:31:46.982,8530.0,8538.529999999999,MAIN,MAIN,2026-09-03 09:31:46.965,,,2026-09-03 09:31:46.965,8530.0,,,False,,2026-09-03 09:31:47.036,8550.0,0.071773,0.23446658851113714,0.13433225625489592,0.23446658851113714,30,30.056,8540.0,0.11723329425556857,0.01721607817740483,0.23446658851113714,-0.23446658851113714,0.13433225625489592,-0.33413245605506847,COMPLETE
2026-09-03 09:32:26.649,v1.6.9,20260903_100840_WIDE_HIGH_GAP_SHADOW_E001_093026603639,WIDE_HIGH_GAP_SHADOW,100840,SNT에너지,2026-09-03 09:30:26.603,34700.0,34734.7,MAIN,MAIN,2026-09-03 09:30:26.586,,,2026-09-03 09:30:26.586,34700.0,,,False,,2026-09-03 09:30:26.641,34700.0,0.054294,0.0,-0.09990009990009154,0.0,120,120.046,34900.0,0.5763688760806917,0.4758929830976024,1.8731988472622478,-1.440922190201729,1.771427419842414,-1.5393828073943265,COMPLETE
2026-09-03 09:32:27.549,v1.6.9,20260903_079650_WIDE_HIGH_GAP_SHADOW_E003_093127391328,WIDE_HIGH_GAP_SHADOW,079650,서산,2026-09-03 09:31:27.391,7630.0,7637.629999999999,MAIN,MAIN,2026-09-03 09:31:27.363,2026-09-03 09:28:36.832,7690.0,2026-09-03 09:31:27.363,7630.0,170.530736,-0.7802340702210642,True,20260903_079650_SHADOW_SCORE_70_74_E003_092643177892,2026-09-03 09:31:27.438,7630.0,0.074403,0.0,-0.09990009990008943,0.0,60,60.158,7700.0,0.9174311926605505,0.8166145780824785,1.9659239842726082,-0.39318479685452157,1.8640599243482707,-0.49269210474976144,COMPLETE
2026-09-03 09:32:30.350,v1.6.9,20260903_067290_WIDE_HIGH_GAP_SHADOW_E003_092730281769,WIDE_HIGH_GAP_SHADOW,067290,JW신약,2026-09-03 09:27:30.281,3685.0,3688.6849999999995,MAIN,MAIN,2026-09-03 09:27:30.260,2026-09-03 09:26:58.999,3710.0,2026-09-03 09:27:30.260,3685.0,31.261268,-0.6738544474393482,False,,2026-09-03 09:27:30.341,3685.0,0.08094,0.0,-0.09990009990008611,0.0,300,300.068,3685.0,0.0,-0.09990009990008611,2.4423337856173677,-0.6784260515603799,2.3399937918255564,-0.777648403157209,COMPLETE
2026-09-03 09:32:43.050,v1.6.9,20260903_105560_PRE_HISTORY_E001_093042474668,PRE_HISTORY,105560,KB금융,2026-09-03 09:30:42.474,178700.0,178878.69999999998,MAIN,MAIN,2026-09-03 09:30:42.422,2026-09-03 09:30:42.422,178700.0,2026-09-03 09:30:42.422,178700.0,0.0,0.0,False,,2026-09-03 09:30:42.986,178600.0,0.564922,-0.05595970900951316,-0.155803905104399,0.05595970900951316,120,120.575,178400.0,-0.16787912702853947,-0.26761151551301665,0.16787912702853947,-0.391717963066592,0.0678113157128364,-0.49122673633025205,COMPLETE
2026-09-03 09:32:43.050,v1.6.9,20260903_105560_BASE_E001_093042464948,BASE,105560,KB금융,2026-09-03 09:30:42.464,178700.0,178878.69999999998,MAIN,MAIN,2026-09-03 09:30:42.422,2026-09-03 09:30:42.422,178700.0,2026-09-03 09:30:42.422,178700.0,0.0,0.0,False,,2026-09-03 09:30:42.986,178600.0,0.564922,-0.05595970900951316,-0.155803905104399,0.05595970900951316,120,120.585,178400.0,-0.16787912702853947,-0.26761151551301665,0.16787912702853947,-0.391717963066592,0.0678113157128364,-0.49122673633025205,COMPLETE
2026-09-03 09:32:47.049,v1.6.9,20260903_004310_WIDE_HIGH_GAP_SHADOW_E003_093146982804,WIDE_HIGH_GAP_SHADOW,004310,현대약품,2026-09-03 09:31:46.982,8530.0,8538.529999999999,MAIN,MAIN,2026-09-03 09:31:46.965,,,2026-09-03 09:31:46.965,8530.0,,,False,,2026-09-03 09:31:47.036,8550.0,0.071773,0.23446658851113714,0.13433225625489592,0.23446658851113714,60,60.066,8640.0,1.2895662368112544,1.188377858952316,1.875732708089097,-0.23446658851113714,1.7739587493397713,-0.33413245605506847,COMPLETE
2026-09-03 09:32:47.745,v1.6.9,20260903_004310_WIDE_HIGH_GAP_SHADOW_E002_092747496529,WIDE_HIGH_GAP_SHADOW,004310,현대약품,2026-09-03 09:27:47.496,8570.0,8578.57,MAIN,MAIN,2026-09-03 09:27:47.453,2026-09-03 09:23:16.570,8760.0,2026-09-03 09:27:47.453,8570.0,270.882773,-2.168949771689499,False,,2026-09-03 09:27:47.541,8550.0,0.088566,-0.2333722287047841,-0.3330391895152655,0.2333722287047841,300,300.249,8660.0,1.0501750291715286,0.9492258033681639,2.6837806301050176,-0.7001166861143524,2.5811994306743467,-0.7993173687456034,COMPLETE
2026-09-03 09:32:52.650,v1.6.9,20260903_105560_LIVE_FILTER_SHADOW_E001_093052468103,LIVE_FILTER_SHADOW,105560,KB금융,2026-09-03 09:30:52.468,178700.0,178878.69999999998,MAIN,MAIN,2026-09-03 09:30:42.422,2026-09-03 09:30:42.422,178700.0,2026-09-03 09:30:42.422,178700.0,0.0,0.0,False,,2026-09-03 09:30:52.492,178700.0,10.070866,0.0,-0.09990009990009015,0.0,120,120.183,178800.0,0.05595970900951316,-0.0439962946957813,0.16787912702853947,-0.391717963066592,0.0678113157128364,-0.49122673633025205,COMPLETE
2026-09-03 09:33:04.246,v1.6.9,20260903_441270_SHADOW_SCORE_70_74_E005_092803923962,SHADOW_SCORE_70_74,441270,파인엠텍,2026-09-03 09:28:03.923,8910.0,8918.91,MAIN,MAIN,2026-09-03 09:28:03.903,,,2026-09-03 09:28:03.903,8910.0,,,False,,2026-09-03 09:28:03.949,8920.0,0.045541,0.11223344556677892,0.012221224342438096,0.11223344556677892,300,300.323,8820.0,-1.0101010101010102,-1.1089920180829256,0.11223344556677892,-1.9079685746352413,0.012221224342438096,-2.0059626120232164,COMPLETE
2026-09-03 09:33:12.547,v1.6.9,20260903_067290_WIDE_HIGH_GAP_SHADOW_E005_093112511553,WIDE_HIGH_GAP_SHADOW,067290,JW신약,2026-09-03 09:31:12.511,3690.0,3693.6899999999996,MAIN,MAIN,2026-09-03 09:31:12.475,,,2026-09-03 09:31:12.475,3690.0,,,False,,2026-09-03 09:31:12.549,3685.0,0.073709,-0.13550135501355012,-0.2352660889246147,0.13550135501355012,120,120.036,3655.0,-0.9485094850948509,-1.0474620230717684,0.40650406504065045,-0.9485094850948509,0.3061978671734878,-1.0474620230717684,COMPLETE
2026-09-03 09:33:20.271,v1.6.9,20260903_100840_WIDE_HIGH_GAP_SHADOW_E002_093248693844,WIDE_HIGH_GAP_SHADOW,100840,SNT에너지,2026-09-03 09:32:48.693,34700.0,34734.7,MAIN,MAIN,2026-09-03 09:32:48.671,,,2026-09-03 09:32:48.671,34700.0,,,False,,2026-09-03 09:32:48.750,34700.0,0.079095,0.0,-0.09990009990009154,0.0,30,31.578,34550.0,-0.43227665706051877,-0.5317449121483621,0.1440922190201729,-0.5763688760806917,0.04404817084933197,-0.6756931828977855,COMPLETE
2026-09-03 09:33:27.150,v1.6.9,20260903_100840_WIDE_HIGH_GAP_SHADOW_E001_093026603639,WIDE_HIGH_GAP_SHADOW,100840,SNT에너지,2026-09-03 09:30:26.603,34700.0,34734.7,MAIN,MAIN,2026-09-03 09:30:26.586,,,2026-09-03 09:30:26.586,34700.0,,,False,,2026-09-03 09:30:26.641,34700.0,0.054294,0.0,-0.09990009990009154,0.0,180,180.547,34500.0,-0.5763688760806917,-0.6756931828977855,1.8731988472622478,-1.440922190201729,1.771427419842414,-1.5393828073943265,COMPLETE
2026-09-03 09:33:27.683,v1.6.9,20260903_079650_WIDE_HIGH_GAP_SHADOW_E003_093127391328,WIDE_HIGH_GAP_SHADOW,079650,서산,2026-09-03 09:31:27.391,7630.0,7637.629999999999,MAIN,MAIN,2026-09-03 09:31:27.363,2026-09-03 09:28:36.832,7690.0,2026-09-03 09:31:27.363,7630.0,170.530736,-0.7802340702210642,True,20260903_079650_SHADOW_SCORE_70_74_E003_092643177892,2026-09-03 09:31:27.438,7630.0,0.074403,0.0,-0.09990009990008943,0.0,120,120.292,7770.0,1.834862385321101,1.7331292560650464,1.9659239842726082,-0.39318479685452157,1.8640599243482707,-0.49269210474976144,COMPLETE
2026-09-03 09:33:33.550,v1.6.9,20260903_004310_WIDE_HIGH_GAP_SHADOW_E004_093303480830,WIDE_HIGH_GAP_SHADOW,004310,현대약품,2026-09-03 09:33:03.480,8580.0,8588.58,MAIN,MAIN,2026-09-03 09:33:03.460,,,2026-09-03 09:33:03.460,8580.0,,,False,,2026-09-03 09:33:03.536,8570.0,0.075901,-0.11655011655011654,-0.21633378276734835,0.11655011655011654,30,30.07,8400.0,-2.097902097902098,-2.1957063915105866,0.0,-2.2144522144522143,-0.09990009990009906,-2.3121400743778358,COMPLETE
2026-09-03 09:33:36.895,v1.6.9,20260903_079650_BASE_E003_092836884872,BASE,079650,서산,2026-09-03 09:28:36.884,7690.0,7697.69,MAIN,MAIN,2026-09-03 09:28:36.832,2026-09-03 09:28:36.832,7690.0,2026-09-03 09:28:36.832,7690.0,0.0,0.0,True,20260903_079650_SHADOW_SCORE_70_74_E003_092643177892,2026-09-03 09:28:36.940,7680.0,0.107151,-0.13003901170351106,-0.22980920250100487,0.13003901170351106,300,300.011,7890.0,2.600780234070221,2.4982819521181083,2.7308192457737324,-1.1703511053315996,2.6281910547190184,-1.269082023308286,COMPLETE
2026-09-03 09:33:36.956,v1.6.9,20260903_079650_LIVE_FILTER_SHADOW_E003_092836928106,LIVE_FILTER_SHADOW,079650,서산,2026-09-03 09:28:36.928,7690.0,7697.69,MAIN,MAIN,2026-09-03 09:28:36.832,2026-09-03 09:28:36.832,7690.0,2026-09-03 09:28:36.832,7690.0,0.0,0.0,True,20260903_079650_SHADOW_SCORE_70_74_E003_092643177892,2026-09-03 09:28:36.940,7680.0,0.107151,-0.13003901170351106,-0.22980920250100487,0.13003901170351106,300,300.029,7900.0,2.7308192457737324,2.6281910547190184,2.7308192457737324,-1.1703511053315996,2.6281910547190184,-1.269082023308286,COMPLETE
2026-09-03 09:33:42.946,v1.6.9,20260903_105560_PRE_HISTORY_E001_093042474668,PRE_HISTORY,105560,KB금융,2026-09-03 09:30:42.474,178700.0,178878.69999999998,MAIN,MAIN,2026-09-03 09:30:42.422,2026-09-03 09:30:42.422,178700.0,2026-09-03 09:30:42.422,178700.0,0.0,0.0,False,,2026-09-03 09:30:42.986,178600.0,0.564922,-0.05595970900951316,-0.155803905104399,0.05595970900951316,180,180.471,178900.0,0.11191941801902631,0.011907510508527546,0.33575825405707893,-0.391717963066592,0.2355227313257629,-0.49122673633025205,COMPLETE
2026-09-03 09:33:42.946,v1.6.9,20260903_105560_BASE_E001_093042464948,BASE,105560,KB금융,2026-09-03 09:30:42.464,178700.0,178878.69999999998,MAIN,MAIN,2026-09-03 09:30:42.422,2026-09-03 09:30:42.422,178700.0,2026-09-03 09:30:42.422,178700.0,0.0,0.0,False,,2026-09-03 09:30:42.986,178600.0,0.564922,-0.05595970900951316,-0.155803905104399,0.05595970900951316,180,180.481,178900.0,0.11191941801902631,0.011907510508527546,0.33575825405707893,-0.391717963066592,0.2355227313257629,-0.49122673633025205,COMPLETE
2026-09-03 09:33:47.046,v1.6.9,20260903_004310_WIDE_HIGH_GAP_SHADOW_E003_093146982804,WIDE_HIGH_GAP_SHADOW,004310,현대약품,2026-09-03 09:31:46.982,8530.0,8538.529999999999,MAIN,MAIN,2026-09-03 09:31:46.965,,,2026-09-03 09:31:46.965,8530.0,,,False,,2026-09-03 09:31:47.036,8550.0,0.071773,0.23446658851113714,0.13433225625489592,0.23446658851113714,120,120.064,8370.0,-1.875732708089097,-1.9737589491399439,1.875732708089097,-2.1101992966002343,1.7739587493397713,-2.207991305294926,COMPLETE
2026-09-03 09:33:48.850,v1.6.9,20260903_100840_WIDE_HIGH_GAP_SHADOW_E002_093248693844,WIDE_HIGH_GAP_SHADOW,100840,SNT에너지,2026-09-03 09:32:48.693,34700.0,34734.7,MAIN,MAIN,2026-09-03 09:32:48.671,,,2026-09-03 09:32:48.671,34700.0,,,False,,2026-09-03 09:32:48.750,34700.0,0.079095,0.0,-0.09990009990009154,0.0,60,60.156,34750.0,0.1440922190201729,0.04404817084933197,0.1440922190201729,-0.7204610951008645,0.04404817084933197,-0.819641453647209,COMPLETE
2026-09-03 09:33:52.567,v1.6.9,20260903_105560_LIVE_FILTER_SHADOW_E001_093052468103,LIVE_FILTER_SHADOW,105560,KB금융,2026-09-03 09:30:52.468,178700.0,178878.69999999998,MAIN,MAIN,2026-09-03 09:30:42.422,2026-09-03 09:30:42.422,178700.0,2026-09-03 09:30:42.422,178700.0,0.0,0.0,False,,2026-09-03 09:30:52.492,178700.0,10.070866,0.0,-0.09990009990009015,0.0,180,180.099,178700.0,0.0,-0.09990009990009015,0.33575825405707893,-0.391717963066592,0.2355227313257629,-0.49122673633025205,COMPLETE
2026-09-03 09:33:54.146,v1.6.9,20260903_067290_WIDE_HIGH_GAP_SHADOW_E004_092854098686,WIDE_HIGH_GAP_SHADOW,067290,JW신약,2026-09-03 09:28:54.098,3685.0,3688.6849999999995,MAIN,MAIN,2026-09-03 09:28:54.072,2026-09-03 09:26:58.999,3710.0,2026-09-03 09:28:54.072,3685.0,115.073101,-0.6738544474393482,False,,2026-09-03 09:28:54.208,3695.0,0.135325,0.27137042062415195,0.17119922140276306,0.27137042062415195,300,300.047,3590.0,-2.578018995929444,-2.675343652277153,1.7639077340569878,-2.578018995929444,1.6622454885684332,-2.675343652277153,COMPLETE
2026-09-03 09:33:54.171,v1.6.9,20260903_079650_CONFIRM_E003_092854128025,CONFIRM,079650,서산,2026-09-03 09:28:54.128,7800.0,7807.799999999999,MAIN,MAIN,2026-09-03 09:28:54.103,2026-09-03 09:28:36.832,7690.0,2026-09-03 09:28:54.103,7800.0,17.270303,1.4304291287386306,True,20260903_079650_SHADOW_SCORE_70_74_E003_092643177892,2026-09-03 09:28:54.210,7770.0,0.107754,-0.38461538461538464,-0.4841312533620133,0.38461538461538464,300,300.043,7900.0,1.282051282051282,1.1808704116396518,1.282051282051282,-2.564102564102564,1.1808704116396518,-2.6614411229795754,COMPLETE
2026-09-03 09:33:54.247,v1.6.9,20260903_079650_PRE_HISTORY_E003_092854203853,PRE_HISTORY,079650,서산,2026-09-03 09:28:54.203,7800.0,7807.799999999999,MAIN,MAIN,2026-09-03 09:28:54.103,2026-09-03 09:28:36.832,7690.0,2026-09-03 09:28:54.103,7800.0,17.270303,1.4304291287386306,True,20260903_079650_SHADOW_SCORE_70_74_E003_092643177892,2026-09-03 09:28:54.210,7770.0,0.107754,-0.38461538461538464,-0.4841312533620133,0.38461538461538464,300,300.044,7900.0,1.282051282051282,1.1808704116396518,1.282051282051282,-2.564102564102564,1.1808704116396518,-2.6614411229795754,COMPLETE
2026-09-03 09:34:03.545,v1.6.9,20260903_004310_WIDE_HIGH_GAP_SHADOW_E004_093303480830,WIDE_HIGH_GAP_SHADOW,004310,현대약품,2026-09-03 09:33:03.480,8580.0,8588.58,MAIN,MAIN,2026-09-03 09:33:03.460,,,2026-09-03 09:33:03.460,8580.0,,,False,,2026-09-03 09:33:03.536,8570.0,0.075901,-0.11655011655011654,-0.21633378276734835,0.11655011655011654,60,60.065,8400.0,-2.097902097902098,-2.1957063915105866,0.0,-2.797202797202797,-0.09990009990009906,-2.894308488714082,COMPLETE
2026-09-03 09:34:12.545,v1.6.9,20260903_067290_WIDE_HIGH_GAP_SHADOW_E005_093112511553,WIDE_HIGH_GAP_SHADOW,067290,JW신약,2026-09-03 09:31:12.511,3690.0,3693.6899999999996,MAIN,MAIN,2026-09-03 09:31:12.475,,,2026-09-03 09:31:12.475,3690.0,,,False,,2026-09-03 09:31:12.549,3685.0,0.073709,-0.13550135501355012,-0.2352660889246147,0.13550135501355012,180,180.034,3575.0,-3.116531165311653,-3.2133178474641784,0.40650406504065045,-3.2520325203252036,0.3061978671734878,-3.3486838364887044,COMPLETE
2026-09-03 09:34:29.367,v1.6.9,20260903_079650_WIDE_HIGH_GAP_SHADOW_E003_093127391328,WIDE_HIGH_GAP_SHADOW,079650,서산,2026-09-03 09:31:27.391,7630.0,7637.629999999999,MAIN,MAIN,2026-09-03 09:31:27.363,2026-09-03 09:28:36.832,7690.0,2026-09-03 09:31:27.363,7630.0,170.530736,-0.7802340702210642,True,20260903_079650_SHADOW_SCORE_70_74_E003_092643177892,2026-09-03 09:31:27.438,7630.0,0.074403,0.0,-0.09990009990008943,0.0,180,181.976,7900.0,3.5386631716906947,3.4352279437469586,3.5386631716906947,-0.39318479685452157,3.4352279437469586,-0.49269210474976144,COMPLETE
2026-09-03 09:34:47.045,v1.6.9,20260903_004310_WIDE_HIGH_GAP_SHADOW_E003_093146982804,WIDE_HIGH_GAP_SHADOW,004310,현대약품,2026-09-03 09:31:46.982,8530.0,8538.529999999999,MAIN,MAIN,2026-09-03 09:31:46.965,,,2026-09-03 09:31:46.965,8530.0,,,False,,2026-09-03 09:31:47.036,8550.0,0.071773,0.23446658851113714,0.13433225625489592,0.23446658851113714,180,180.062,8290.0,-2.813599062133646,-2.9106883737598728,1.875732708089097,-3.048065650644783,1.7739587493397713,-3.144920729914855,COMPLETE
2026-09-03 09:34:48.761,v1.6.9,20260903_100840_WIDE_HIGH_GAP_SHADOW_E002_093248693844,WIDE_HIGH_GAP_SHADOW,100840,SNT에너지,2026-09-03 09:32:48.693,34700.0,34734.7,MAIN,MAIN,2026-09-03 09:32:48.671,,,2026-09-03 09:32:48.671,34700.0,,,False,,2026-09-03 09:32:48.750,34700.0,0.079095,0.0,-0.09990009990009154,0.0,120,120.068,35300.0,1.729106628242075,1.6274791490929905,1.729106628242075,-0.7204610951008645,1.6274791490929905,-0.819641453647209,COMPLETE
2026-09-03 09:35:03.544,v1.6.9,20260903_004310_WIDE_HIGH_GAP_SHADOW_E004_093303480830,WIDE_HIGH_GAP_SHADOW,004310,현대약품,2026-09-03 09:33:03.480,8580.0,8588.58,MAIN,MAIN,2026-09-03 09:33:03.460,,,2026-09-03 09:33:03.460,8580.0,,,False,,2026-09-03 09:33:03.536,8570.0,0.075901,-0.11655011655011654,-0.21633378276734835,0.11655011655011654,120,120.064,8330.0,-2.9137529137529135,-3.010742171581332,0.0,-3.613053613053613,-0.09990009990009906,-3.7093442687848275,COMPLETE
2026-09-03 09:35:26.644,v1.6.9,20260903_100840_WIDE_HIGH_GAP_SHADOW_E001_093026603639,WIDE_HIGH_GAP_SHADOW,100840,SNT에너지,2026-09-03 09:30:26.603,34700.0,34734.7,MAIN,MAIN,2026-09-03 09:30:26.586,,,2026-09-03 09:30:26.586,34700.0,,,False,,2026-09-03 09:30:26.641,34700.0,0.054294,0.0,-0.09990009990009154,0.0,300,300.041,35200.0,1.440922190201729,1.3395826075941435,1.8731988472622478,-1.440922190201729,1.771427419842414,-1.5393828073943265,COMPLETE
2026-09-03 09:35:42.690,v1.6.9,20260903_105560_PRE_HISTORY_E001_093042474668,PRE_HISTORY,105560,KB금융,2026-09-03 09:30:42.474,178700.0,178878.69999999998,MAIN,MAIN,2026-09-03 09:30:42.422,2026-09-03 09:30:42.422,178700.0,2026-09-03 09:30:42.422,178700.0,0.0,0.0,False,,2026-09-03 09:30:42.986,178600.0,0.564922,-0.05595970900951316,-0.155803905104399,0.05595970900951316,300,300.216,178300.0,-0.22383883603805263,-0.3235153207173255,0.33575825405707893,-0.391717963066592,0.2355227313257629,-0.49122673633025205,COMPLETE
2026-09-03 09:35:42.690,v1.6.9,20260903_105560_BASE_E001_093042464948,BASE,105560,KB금융,2026-09-03 09:30:42.464,178700.0,178878.69999999998,MAIN,MAIN,2026-09-03 09:30:42.422,2026-09-03 09:30:42.422,178700.0,2026-09-03 09:30:42.422,178700.0,0.0,0.0,False,,2026-09-03 09:30:42.986,178600.0,0.564922,-0.05595970900951316,-0.155803905104399,0.05595970900951316,300,300.226,178300.0,-0.22383883603805263,-0.3235153207173255,0.33575825405707893,-0.391717963066592,0.2355227313257629,-0.49122673633025205,COMPLETE
2026-09-03 09:35:48.844,v1.6.9,20260903_100840_WIDE_HIGH_GAP_SHADOW_E002_093248693844,WIDE_HIGH_GAP_SHADOW,100840,SNT에너지,2026-09-03 09:32:48.693,34700.0,34734.7,MAIN,MAIN,2026-09-03 09:32:48.671,,,2026-09-03 09:32:48.671,34700.0,,,False,,2026-09-03 09:32:48.750,34700.0,0.079095,0.0,-0.09990009990009154,0.0,180,180.151,35200.0,1.440922190201729,1.3395826075941435,1.8731988472622478,-0.7204610951008645,1.771427419842414,-0.819641453647209,COMPLETE
2026-09-03 09:35:52.559,v1.6.9,20260903_105560_LIVE_FILTER_SHADOW_E001_093052468103,LIVE_FILTER_SHADOW,105560,KB금융,2026-09-03 09:30:52.468,178700.0,178878.69999999998,MAIN,MAIN,2026-09-03 09:30:42.422,2026-09-03 09:30:42.422,178700.0,2026-09-03 09:30:42.422,178700.0,0.0,0.0,False,,2026-09-03 09:30:52.492,178700.0,10.070866,0.0,-0.09990009990009015,0.0,300,300.091,178400.0,-0.16787912702853947,-0.26761151551301665,0.33575825405707893,-0.391717963066592,0.2355227313257629,-0.49122673633025205,COMPLETE
2026-09-03 09:36:03.911,v1.6.9,20260903_004310_WIDE_HIGH_GAP_SHADOW_E004_093303480830,WIDE_HIGH_GAP_SHADOW,004310,현대약품,2026-09-03 09:33:03.480,8580.0,8588.58,MAIN,MAIN,2026-09-03 09:33:03.460,,,2026-09-03 09:33:03.460,8580.0,,,False,,2026-09-03 09:33:03.536,8570.0,0.075901,-0.11655011655011654,-0.21633378276734835,0.11655011655011654,180,180.431,8340.0,-2.797202797202797,-2.894308488714082,0.0,-3.613053613053613,-0.09990009990009906,-3.7093442687848275,COMPLETE
2026-09-03 09:36:12.844,v1.6.9,20260903_067290_WIDE_HIGH_GAP_SHADOW_E005_093112511553,WIDE_HIGH_GAP_SHADOW,067290,JW신약,2026-09-03 09:31:12.511,3690.0,3693.6899999999996,MAIN,MAIN,2026-09-03 09:31:12.475,,,2026-09-03 09:31:12.475,3690.0,,,False,,2026-09-03 09:31:12.549,3685.0,0.073709,-0.13550135501355012,-0.2352660889246147,0.13550135501355012,300,300.332,3575.0,-3.116531165311653,-3.2133178474641784,0.40650406504065045,-3.7940379403794036,0.3061978671734878,-3.8901477925868067,COMPLETE
2026-09-03 09:36:27.447,v1.6.9,20260903_079650_WIDE_HIGH_GAP_SHADOW_E003_093127391328,WIDE_HIGH_GAP_SHADOW,079650,서산,2026-09-03 09:31:27.391,7630.0,7637.629999999999,MAIN,MAIN,2026-09-03 09:31:27.363,2026-09-03 09:28:36.832,7690.0,2026-09-03 09:31:27.363,7630.0,170.530736,-0.7802340702210642,True,20260903_079650_SHADOW_SCORE_70_74_E003_092643177892,2026-09-03 09:31:27.438,7630.0,0.074403,0.0,-0.09990009990008943,0.0,300,300.056,8080.0,5.897771952817824,5.791979972844991,6.159895150720838,-0.39318479685452157,6.053841309411438,-0.49269210474976144,COMPLETE
2026-09-03 09:36:33.445,v1.6.9,20260903_441270_SHADOW_SCORE_70_74_E006_093603296071,SHADOW_SCORE_70_74,441270,파인엠텍,2026-09-03 09:36:03.296,9000.0,9008.999999999998,MAIN,MAIN,2026-09-03 09:36:03.261,,,2026-09-03 09:36:03.261,9000.0,,,False,,2026-09-03 09:36:03.344,8980.0,0.083442,-0.2222222222222222,-0.32190032190030177,0.2222222222222222,30,30.15,9040.0,0.4444444444444444,0.34410034410036433,0.8888888888888888,-1.1111111111111112,0.7881007881008085,-1.20990120990119,COMPLETE
2026-09-03 09:36:47.045,v1.6.9,20260903_004310_WIDE_HIGH_GAP_SHADOW_E003_093146982804,WIDE_HIGH_GAP_SHADOW,004310,현대약품,2026-09-03 09:31:46.982,8530.0,8538.529999999999,MAIN,MAIN,2026-09-03 09:31:46.965,,,2026-09-03 09:31:46.965,8530.0,,,False,,2026-09-03 09:31:47.036,8550.0,0.071773,0.23446658851113714,0.13433225625489592,0.23446658851113714,300,300.063,8380.0,-1.7584994138335288,-1.856642771062453,1.875732708089097,-3.048065650644783,1.7739587493397713,-3.144920729914855,COMPLETE
2026-09-03 09:37:03.344,v1.6.9,20260903_441270_SHADOW_SCORE_70_74_E006_093603296071,SHADOW_SCORE_70_74,441270,파인엠텍,2026-09-03 09:36:03.296,9000.0,9008.999999999998,MAIN,MAIN,2026-09-03 09:36:03.261,,,2026-09-03 09:36:03.261,9000.0,,,False,,2026-09-03 09:36:03.344,8980.0,0.083442,-0.2222222222222222,-0.32190032190030177,0.2222222222222222,60,60.048,9000.0,0.0,-0.09990009990007974,0.8888888888888888,-1.1111111111111112,0.7881007881008085,-1.20990120990119,COMPLETE
2026-09-03 09:37:21.050,v1.6.9,20260903_079650_BASE_E004_093650971568,BASE,079650,서산,2026-09-03 09:36:50.971,8160.0,8168.159999999999,MAIN,MAIN,2026-09-03 09:36:50.865,2026-09-03 09:36:50.865,8160.0,2026-09-03 09:36:50.865,8160.0,0.0,0.0,False,,2026-09-03 09:36:51.045,8160.0,0.180367,0.0,-0.099900099900087,0.0,30,30.079,8260.0,1.2254901960784315,1.1243658302481963,1.2254901960784315,-0.24509803921568626,1.1243658302481963,-0.34475328592974364,COMPLETE
2026-09-03 09:37:41.215,v1.6.9,20260903_088350_SHADOW_SCORE_70_74_E001_093706022188,SHADOW_SCORE_70_74,088350,한화생명,2026-09-03 09:37:06.022,6390.0,6396.389999999999,MAIN,MAIN,2026-09-03 09:37:05.991,,,2026-09-03 09:37:05.991,6390.0,,,False,,,,,,,,30,35.193,6390.0,0.0,-0.09990009990009081,0.0,0.0,-0.09990009990009081,-0.09990009990009081,COMPLETE
2026-09-03 09:37:48.744,v1.6.9,20260903_100840_WIDE_HIGH_GAP_SHADOW_E002_093248693844,WIDE_HIGH_GAP_SHADOW,100840,SNT에너지,2026-09-03 09:32:48.693,34700.0,34734.7,MAIN,MAIN,2026-09-03 09:32:48.671,,,2026-09-03 09:32:48.671,34700.0,,,False,,2026-09-03 09:32:48.750,34700.0,0.079095,0.0,-0.09990009990009154,0.0,300,300.05,34800.0,0.2881844380403458,0.18799644159875548,1.8731988472622478,-0.7204610951008645,1.771427419842414,-0.819641453647209,COMPLETE
2026-09-03 09:37:50.973,v1.6.9,20260903_079650_BASE_E004_093650971568,BASE,079650,서산,2026-09-03 09:36:50.971,8160.0,8168.159999999999,MAIN,MAIN,2026-09-03 09:36:50.865,2026-09-03 09:36:50.865,8160.0,2026-09-03 09:36:50.865,8160.0,0.0,0.0,False,,2026-09-03 09:36:51.045,8160.0,0.180367,0.0,-0.099900099900087,0.0,60,60.002,8490.0,4.044117647058823,3.9401774695892477,4.166666666666666,-0.24509803921568626,4.062604062604076,-0.34475328592974364,COMPLETE
2026-09-03 09:38:03.303,v1.6.9,20260903_441270_SHADOW_SCORE_70_74_E006_093603296071,SHADOW_SCORE_70_74,441270,파인엠텍,2026-09-03 09:36:03.296,9000.0,9008.999999999998,MAIN,MAIN,2026-09-03 09:36:03.261,,,2026-09-03 09:36:03.261,9000.0,,,False,,2026-09-03 09:36:03.344,8980.0,0.083442,-0.2222222222222222,-0.32190032190030177,0.2222222222222222,120,120.008,8990.0,-0.1111111111111111,-0.21090021090019073,0.8888888888888888,-1.1111111111111112,0.7881007881008085,-1.20990120990119,COMPLETE
2026-09-03 09:38:03.645,v1.6.9,20260903_004310_WIDE_HIGH_GAP_SHADOW_E004_093303480830,WIDE_HIGH_GAP_SHADOW,004310,현대약품,2026-09-03 09:33:03.480,8580.0,8588.58,MAIN,MAIN,2026-09-03 09:33:03.460,,,2026-09-03 09:33:03.460,8580.0,,,False,,2026-09-03 09:33:03.536,8570.0,0.075901,-0.11655011655011654,-0.21633378276734835,0.11655011655011654,300,300.165,8220.0,-4.195804195804196,-4.2915126831210735,0.0,-4.778554778554779,-0.09990009990009906,-4.873681097457321,COMPLETE
2026-09-03 09:38:17.396,v1.6.9,20260903_088350_SHADOW_SCORE_70_74_E001_093706022188,SHADOW_SCORE_70_74,088350,한화생명,2026-09-03 09:37:06.022,6390.0,6396.389999999999,MAIN,MAIN,2026-09-03 09:37:05.991,,,2026-09-03 09:37:05.991,6390.0,,,False,,,,,,,,60,71.374,6390.0,0.0,-0.09990009990009081,0.0,0.0,-0.09990009990009081,-0.09990009990009081,COMPLETE
2026-09-03 09:38:42.870,v1.6.9,20260903_100840_WIDE_HIGH_GAP_SHADOW_E003_093812350369,WIDE_HIGH_GAP_SHADOW,100840,SNT에너지,2026-09-03 09:38:12.350,34750.0,34784.74999999999,MAIN,MAIN,2026-09-03 09:38:12.339,,,2026-09-03 09:38:12.339,34750.0,,,False,,2026-09-03 09:38:12.952,34800.0,0.612862,0.14388489208633093,0.04384105103531657,0.14388489208633093,30,30.52,34750.0,0.0,-0.099900099900079,0.4316546762589928,0.0,0.3313233529061077,-0.099900099900079,COMPLETE
2026-09-03 09:38:51.044,v1.6.9,20260903_079650_BASE_E004_093650971568,BASE,079650,서산,2026-09-03 09:36:50.971,8160.0,8168.159999999999,MAIN,MAIN,2026-09-03 09:36:50.865,2026-09-03 09:36:50.865,8160.0,2026-09-03 09:36:50.865,8160.0,0.0,0.0,False,,2026-09-03 09:36:51.045,8160.0,0.180367,0.0,-0.099900099900087,0.0,120,120.073,8380.0,2.696078431372549,2.5934849464261363,5.392156862745098,-0.24509803921568626,5.286869992752359,-0.34475328592974364,COMPLETE
2026-09-03 09:39:01.542,v1.6.9,20260903_228340_WIDE_HIGH_GAP_SHADOW_E001_093831114457,WIDE_HIGH_GAP_SHADOW,228340,동양파일,2026-09-03 09:38:31.114,4240.0,4244.24,MAIN,MAIN,2026-09-03 09:38:31.101,,,2026-09-03 09:38:31.101,4240.0,,,False,,2026-09-03 09:38:31.143,4250.0,0.042131,0.2358490566037736,0.13571334326051823,0.2358490566037736,30,30.429,4185.0,-1.2971698113207548,-1.3957740372834662,0.3537735849056604,-2.0047169811320753,0.25352006484082473,-2.102614366765305,COMPLETE
2026-09-03 09:39:03.451,v1.6.9,20260903_441270_SHADOW_SCORE_70_74_E006_093603296071,SHADOW_SCORE_70_74,441270,파인엠텍,2026-09-03 09:36:03.296,9000.0,9008.999999999998,MAIN,MAIN,2026-09-03 09:36:03.261,,,2026-09-03 09:36:03.261,9000.0,,,False,,2026-09-03 09:36:03.344,8980.0,0.083442,-0.2222222222222222,-0.32190032190030177,0.2222222222222222,180,180.155,9060.0,0.6666666666666667,0.5661005661005863,1.0,-1.1111111111111112,0.8991008991009195,-1.20990120990119,COMPLETE
2026-09-03 09:39:06.394,v1.6.9,20260903_088350_SHADOW_SCORE_70_74_E001_093706022188,SHADOW_SCORE_70_74,088350,한화생명,2026-09-03 09:37:06.022,6390.0,6396.389999999999,MAIN,MAIN,2026-09-03 09:37:05.991,,,2026-09-03 09:37:05.991,6390.0,,,False,,,,,,,,120,120.372,6390.0,0.0,-0.09990009990009081,0.0,0.0,-0.09990009990009081,-0.09990009990009081,COMPLETE
2026-09-03 09:39:12.443,v1.6.9,20260903_100840_WIDE_HIGH_GAP_SHADOW_E003_093812350369,WIDE_HIGH_GAP_SHADOW,100840,SNT에너지,2026-09-03 09:38:12.350,34750.0,34784.74999999999,MAIN,MAIN,2026-09-03 09:38:12.339,,,2026-09-03 09:38:12.339,34750.0,,,False,,2026-09-03 09:38:12.952,34800.0,0.612862,0.14388489208633093,0.04384105103531657,0.14388489208633093,60,60.093,34650.0,-0.28776978417266186,-0.38738240177087013,0.4316546762589928,-0.4316546762589928,0.3313233529061077,-0.5311235527062658,COMPLETE
2026-09-03 09:39:31.142,v1.6.9,20260903_228340_WIDE_HIGH_GAP_SHADOW_E001_093831114457,WIDE_HIGH_GAP_SHADOW,228340,동양파일,2026-09-03 09:38:31.114,4240.0,4244.24,MAIN,MAIN,2026-09-03 09:38:31.101,,,2026-09-03 09:38:31.101,4240.0,,,False,,2026-09-03 09:38:31.143,4250.0,0.042131,0.2358490566037736,0.13571334326051823,0.2358490566037736,60,60.028,4210.0,-0.7075471698113208,-0.8067404293819337,1.650943396226415,-2.0047169811320753,1.549394002224196,-2.102614366765305,COMPLETE
2026-09-03 09:39:33.452,v1.6.9,20260903_228340_WIDE_HIGH_GAP_SHADOW_E002_093903432016,WIDE_HIGH_GAP_SHADOW,228340,동양파일,2026-09-03 09:39:03.432,4220.0,4224.219999999999,MAIN,MAIN,2026-09-03 09:39:03.410,,,2026-09-03 09:39:03.410,4220.0,,,False,,2026-09-03 09:39:03.451,4220.0,0.040874,0.0,-0.09990009990008442,0.0,30,30.02,4225.0,0.11848341232227488,0.018464947374915486,2.132701421800948,-1.3033175355450237,2.0306707510499136,-1.4019156199250833,COMPLETE
2026-09-03 09:39:51.044,v1.6.9,20260903_079650_BASE_E004_093650971568,BASE,079650,서산,2026-09-03 09:36:50.971,8160.0,8168.159999999999,MAIN,MAIN,2026-09-03 09:36:50.865,2026-09-03 09:36:50.865,8160.0,2026-09-03 09:36:50.865,8160.0,0.0,0.0,False,,2026-09-03 09:36:51.045,8160.0,0.180367,0.0,-0.099900099900087,0.0,180,180.073,8190.0,0.3676470588235294,0.267379679144398,5.392156862745098,-0.24509803921568626,5.286869992752359,-0.34475328592974364,COMPLETE
2026-09-03 09:40:03.443,v1.6.9,20260903_228340_WIDE_HIGH_GAP_SHADOW_E002_093903432016,WIDE_HIGH_GAP_SHADOW,228340,동양파일,2026-09-03 09:39:03.432,4220.0,4224.219999999999,MAIN,MAIN,2026-09-03 09:39:03.410,,,2026-09-03 09:39:03.410,4220.0,,,False,,2026-09-03 09:39:03.451,4220.0,0.040874,0.0,-0.09990009990008442,0.0,60,60.011,4175.0,-1.066350710900474,-1.1651855253750836,2.132701421800948,-2.251184834123223,2.0306707510499136,-2.3488359981250824,COMPLETE
2026-09-03 09:40:06.041,v1.6.9,20260903_088350_SHADOW_SCORE_70_74_E001_093706022188,SHADOW_SCORE_70_74,088350,한화생명,2026-09-03 09:37:06.022,6390.0,6396.389999999999,MAIN,MAIN,2026-09-03 09:37:05.991,,,2026-09-03 09:37:05.991,6390.0,,,False,,2026-09-03 09:39:16.843,6390.0,130.852462,0.0,-0.09990009990009081,0.0,180,180.02,6410.0,0.3129890453834116,0.2127762691143064,0.9389671361502347,-0.4694835680751174,0.8381290071431008,-0.5689146534216866,COMPLETE
2026-09-03 09:40:12.455,v1.6.9,20260903_100840_WIDE_HIGH_GAP_SHADOW_E003_093812350369,WIDE_HIGH_GAP_SHADOW,100840,SNT에너지,2026-09-03 09:38:12.350,34750.0,34784.74999999999,MAIN,MAIN,2026-09-03 09:38:12.339,,,2026-09-03 09:38:12.339,34750.0,,,False,,2026-09-03 09:38:12.952,34800.0,0.612862,0.14388489208633093,0.04384105103531657,0.14388489208633093,120,120.105,34300.0,-1.2949640287769784,-1.3935704583186392,0.4316546762589928,-1.870503597122302,0.3313233529061077,-1.9685350620602213,COMPLETE
2026-09-03 09:40:31.144,v1.6.9,20260903_228340_WIDE_HIGH_GAP_SHADOW_E001_093831114457,WIDE_HIGH_GAP_SHADOW,228340,동양파일,2026-09-03 09:38:31.114,4240.0,4244.24,MAIN,MAIN,2026-09-03 09:38:31.101,,,2026-09-03 09:38:31.101,4240.0,,,False,,2026-09-03 09:38:31.143,4250.0,0.042131,0.2358490566037736,0.13571334326051823,0.2358490566037736,120,120.03,4175.0,-1.5330188679245282,-1.631387480444079,1.650943396226415,-2.7122641509433962,1.549394002224196,-2.809454696247144,COMPLETE
2026-09-03 09:40:54.314,v1.6.9,20260903_088350_BASE_E001_094024161725,BASE,088350,한화생명,2026-09-03 09:40:24.161,6480.0,6486.48,MAIN,MAIN,2026-09-03 09:40:24.096,2026-09-03 09:40:24.096,6480.0,2026-09-03 09:40:24.096,6480.0,0.0,0.0,True,20260903_088350_SHADOW_SCORE_70_74_E001_093706022188,2026-09-03 09:40:24.243,6490.0,0.147365,0.15432098765432098,0.05426672093339433,0.15432098765432098,30,30.153,6470.0,-0.15432098765432098,-0.25406692073358067,0.15432098765432098,-1.0802469135802468,0.05426672093339433,-1.1790678457345058,COMPLETE
2026-09-03 09:41:03.641,v1.6.9,20260903_441270_SHADOW_SCORE_70_74_E006_093603296071,SHADOW_SCORE_70_74,441270,파인엠텍,2026-09-03 09:36:03.296,9000.0,9008.999999999998,MAIN,MAIN,2026-09-03 09:36:03.261,,,2026-09-03 09:36:03.261,9000.0,,,False,,2026-09-03 09:36:03.344,8980.0,0.083442,-0.2222222222222222,-0.32190032190030177,0.2222222222222222,300,300.346,9030.0,0.33333333333333337,0.23310023310025335,1.0,-1.1111111111111112,0.8991008991009195,-1.20990120990119,COMPLETE
2026-09-03 09:41:03.742,v1.6.9,20260903_228340_WIDE_HIGH_GAP_SHADOW_E002_093903432016,WIDE_HIGH_GAP_SHADOW,228340,동양파일,2026-09-03 09:39:03.432,4220.0,4224.219999999999,MAIN,MAIN,2026-09-03 09:39:03.410,,,2026-09-03 09:39:03.410,4220.0,,,False,,2026-09-03 09:39:03.451,4220.0,0.040874,0.0,-0.09990009990008442,0.0,120,120.311,4130.0,-2.132701421800948,-2.2304709508500826,2.132701421800948,-2.251184834123223,2.0306707510499136,-2.3488359981250824,COMPLETE
2026-09-03 09:41:12.356,v1.6.9,20260903_100840_WIDE_HIGH_GAP_SHADOW_E003_093812350369,WIDE_HIGH_GAP_SHADOW,100840,SNT에너지,2026-09-03 09:38:12.350,34750.0,34784.74999999999,MAIN,MAIN,2026-09-03 09:38:12.339,,,2026-09-03 09:38:12.339,34750.0,,,False,,2026-09-03 09:38:12.952,34800.0,0.612862,0.14388489208633093,0.04384105103531657,0.14388489208633093,180,180.006,34050.0,-2.014388489208633,-2.112276212995617,0.4316546762589928,-2.014388489208633,0.3313233529061077,-2.112276212995617,COMPLETE
2026-09-03 09:41:24.242,v1.6.9,20260903_088350_BASE_E001_094024161725,BASE,088350,한화생명,2026-09-03 09:40:24.161,6480.0,6486.48,MAIN,MAIN,2026-09-03 09:40:24.096,2026-09-03 09:40:24.096,6480.0,2026-09-03 09:40:24.096,6480.0,0.0,0.0,True,20260903_088350_SHADOW_SCORE_70_74_E001_093706022188,2026-09-03 09:40:24.243,6490.0,0.147365,0.15432098765432098,0.05426672093339433,0.15432098765432098,60,60.08,6470.0,-0.15432098765432098,-0.25406692073358067,0.15432098765432098,-1.0802469135802468,0.05426672093339433,-1.1790678457345058,COMPLETE
2026-09-03 09:41:32.541,v1.6.9,20260903_228340_WIDE_HIGH_GAP_SHADOW_E001_093831114457,WIDE_HIGH_GAP_SHADOW,228340,동양파일,2026-09-03 09:38:31.114,4240.0,4244.24,MAIN,MAIN,2026-09-03 09:38:31.101,,,2026-09-03 09:38:31.101,4240.0,,,False,,2026-09-03 09:38:31.143,4250.0,0.042131,0.2358490566037736,0.13571334326051823,0.2358490566037736,180,181.427,4170.0,-1.650943396226415,-1.7491942020243856,1.650943396226415,-3.1839622641509435,1.549394002224196,-3.28068158256837,COMPLETE
2026-09-03 09:41:51.041,v1.6.9,20260903_079650_BASE_E004_093650971568,BASE,079650,서산,2026-09-03 09:36:50.971,8160.0,8168.159999999999,MAIN,MAIN,2026-09-03 09:36:50.865,2026-09-03 09:36:50.865,8160.0,2026-09-03 09:36:50.865,8160.0,0.0,0.0,False,,2026-09-03 09:36:51.045,8160.0,0.180367,0.0,-0.099900099900087,0.0,300,300.07,8370.0,2.5735294117647056,2.471058353411308,5.392156862745098,-0.24509803921568626,5.286869992752359,-0.34475328592974364,COMPLETE
2026-09-03 09:42:03.742,v1.6.9,20260903_228340_WIDE_HIGH_GAP_SHADOW_E002_093903432016,WIDE_HIGH_GAP_SHADOW,228340,동양파일,2026-09-03 09:39:03.432,4220.0,4224.219999999999,MAIN,MAIN,2026-09-03 09:39:03.410,,,2026-09-03 09:39:03.410,4220.0,,,False,,2026-09-03 09:39:03.451,4220.0,0.040874,0.0,-0.09990009990008442,0.0,180,180.31,4185.0,-0.8293838862559242,-0.9284554308250836,2.132701421800948,-2.7251184834123223,2.0306707510499136,-2.8222961872250822,COMPLETE
2026-09-03 09:42:06.113,v1.6.9,20260903_088350_SHADOW_SCORE_70_74_E001_093706022188,SHADOW_SCORE_70_74,088350,한화생명,2026-09-03 09:37:06.022,6390.0,6396.389999999999,MAIN,MAIN,2026-09-03 09:37:05.991,,,2026-09-03 09:37:05.991,6390.0,,,False,,2026-09-03 09:39:16.843,6390.0,130.852462,0.0,-0.09990009990009081,0.0,300,300.091,6460.0,1.0954616588419406,0.9944671916502994,1.7214397496087637,-0.4694835680751174,1.6198199296790938,-0.5689146534216866,COMPLETE
2026-09-03 09:42:24.241,v1.6.9,20260903_088350_BASE_E001_094024161725,BASE,088350,한화생명,2026-09-03 09:40:24.161,6480.0,6486.48,MAIN,MAIN,2026-09-03 09:40:24.096,2026-09-03 09:40:24.096,6480.0,2026-09-03 09:40:24.096,6480.0,0.0,0.0,True,20260903_088350_SHADOW_SCORE_70_74_E001_093706022188,2026-09-03 09:40:24.243,6490.0,0.147365,0.15432098765432098,0.05426672093339433,0.15432098765432098,120,120.079,6400.0,-1.2345679012345678,-1.3332346665679933,0.15432098765432098,-1.5432098765432098,0.05426672093339433,-1.6415683082349684,COMPLETE
2026-09-03 09:42:39.241,v1.6.9,20260903_100840_WIDE_HIGH_GAP_SHADOW_E004_094208669610,WIDE_HIGH_GAP_SHADOW,100840,SNT에너지,2026-09-03 09:42:08.669,34250.0,34284.24999999999,MAIN,MAIN,2026-09-03 09:42:08.651,,,2026-09-03 09:42:08.651,34250.0,,,False,,2026-09-03 09:42:09.040,34250.0,0.389127,0.0,-0.0999000999000787,0.0,30,30.572,34150.0,-0.291970802919708,-0.39157922369599085,0.145985401459854,-0.43795620437956206,0.04593946199787739,-0.537418785593947,COMPLETE
2026-09-03 09:42:39.257,v1.6.9,20260903_228340_WIDE_HIGH_GAP_SHADOW_E003_094208731065,WIDE_HIGH_GAP_SHADOW,228340,동양파일,2026-09-03 09:42:08.731,4215.0,4219.214999999999,MAIN,MAIN,2026-09-03 09:42:08.690,,,2026-09-03 09:42:08.690,4215.0,,,False,,2026-09-03 09:42:08.741,4195.0,0.051365,-0.4744958481613286,-0.5739219262350755,0.4744958481613286,30,30.527,4155.0,-1.4234875444839856,-1.5219655789050628,0.0,-1.4234875444839856,-0.09990009990008182,-1.5219655789050628,COMPLETE
2026-09-03 09:43:08.741,v1.6.9,20260903_228340_WIDE_HIGH_GAP_SHADOW_E003_094208731065,WIDE_HIGH_GAP_SHADOW,228340,동양파일,2026-09-03 09:42:08.731,4215.0,4219.214999999999,MAIN,MAIN,2026-09-03 09:42:08.690,,,2026-09-03 09:42:08.690,4215.0,,,False,,2026-09-03 09:42:08.741,4195.0,0.051365,-0.4744958481613286,-0.5739219262350755,0.4744958481613286,60,60.01,4170.0,-1.0676156583629894,-1.1664492091538177,0.0,-1.6607354685646498,-0.09990009990008182,-1.7589764920725597,COMPLETE
2026-09-03 09:43:09.240,v1.6.9,20260903_100840_WIDE_HIGH_GAP_SHADOW_E004_094208669610,WIDE_HIGH_GAP_SHADOW,100840,SNT에너지,2026-09-03 09:42:08.669,34250.0,34284.24999999999,MAIN,MAIN,2026-09-03 09:42:08.651,,,2026-09-03 09:42:08.651,34250.0,,,False,,2026-09-03 09:42:09.040,34250.0,0.389127,0.0,-0.0999000999000787,0.0,60,60.571,34150.0,-0.291970802919708,-0.39157922369599085,0.145985401459854,-0.583941605839416,0.04593946199787739,-0.6832583474919031,COMPLETE
2026-09-03 09:43:14.139,v1.6.9,20260903_100840_WIDE_HIGH_GAP_SHADOW_E003_093812350369,WIDE_HIGH_GAP_SHADOW,100840,SNT에너지,2026-09-03 09:38:12.350,34750.0,34784.74999999999,MAIN,MAIN,2026-09-03 09:38:12.339,,,2026-09-03 09:38:12.339,34750.0,,,False,,2026-09-03 09:38:12.952,34800.0,0.612862,0.14388489208633093,0.04384105103531657,0.14388489208633093,300,301.789,34200.0,-1.5827338129496402,-1.6810527601894303,0.4316546762589928,-2.7338129496402876,0.3313233529061077,-2.830981967672595,COMPLETE
2026-09-03 09:43:24.200,v1.6.9,20260903_088350_BASE_E001_094024161725,BASE,088350,한화생명,2026-09-03 09:40:24.161,6480.0,6486.48,MAIN,MAIN,2026-09-03 09:40:24.096,2026-09-03 09:40:24.096,6480.0,2026-09-03 09:40:24.096,6480.0,0.0,0.0,True,20260903_088350_SHADOW_SCORE_70_74_E001_093706022188,2026-09-03 09:40:24.243,6490.0,0.147365,0.15432098765432098,0.05426672093339433,0.15432098765432098,180,180.039,6500.0,0.30864197530864196,0.20843354176688184,0.30864197530864196,-1.5432098765432098,0.20843354176688184,-1.6415683082349684,COMPLETE
2026-09-03 09:43:31.841,v1.6.9,20260903_228340_WIDE_HIGH_GAP_SHADOW_E001_093831114457,WIDE_HIGH_GAP_SHADOW,228340,동양파일,2026-09-03 09:38:31.114,4240.0,4244.24,MAIN,MAIN,2026-09-03 09:38:31.101,,,2026-09-03 09:38:31.101,4240.0,,,False,,2026-09-03 09:38:31.143,4250.0,0.042131,0.2358490566037736,0.13571334326051823,0.2358490566037736,300,300.727,4115.0,-2.94811320754717,-3.045068139407757,1.650943396226415,-3.1839622641509435,1.549394002224196,-3.28068158256837,COMPLETE
2026-09-03 09:44:03.640,v1.6.9,20260903_228340_WIDE_HIGH_GAP_SHADOW_E002_093903432016,WIDE_HIGH_GAP_SHADOW,228340,동양파일,2026-09-03 09:39:03.432,4220.0,4224.219999999999,MAIN,MAIN,2026-09-03 09:39:03.410,,,2026-09-03 09:39:03.410,4220.0,,,False,,2026-09-03 09:39:03.451,4220.0,0.040874,0.0,-0.09990009990008442,0.0,300,300.209,4120.0,-2.3696682464454977,-2.4672010454000826,2.132701421800948,-2.7251184834123223,2.0306707510499136,-2.8222961872250822,COMPLETE
2026-09-03 09:44:08.740,v1.6.9,20260903_228340_WIDE_HIGH_GAP_SHADOW_E003_094208731065,WIDE_HIGH_GAP_SHADOW,228340,동양파일,2026-09-03 09:42:08.731,4215.0,4219.214999999999,MAIN,MAIN,2026-09-03 09:42:08.690,,,2026-09-03 09:42:08.690,4215.0,,,False,,2026-09-03 09:42:08.741,4195.0,0.051365,-0.4744958481613286,-0.5739219262350755,0.4744958481613286,120,120.01,4115.0,-2.372479240806643,-2.4700092315750504,0.0,-2.491103202846975,-0.09990009990008182,-2.588514688158799,COMPLETE
2026-09-03 09:44:09.240,v1.6.9,20260903_100840_WIDE_HIGH_GAP_SHADOW_E004_094208669610,WIDE_HIGH_GAP_SHADOW,100840,SNT에너지,2026-09-03 09:42:08.669,34250.0,34284.24999999999,MAIN,MAIN,2026-09-03 09:42:08.651,,,2026-09-03 09:42:08.651,34250.0,,,False,,2026-09-03 09:42:09.040,34250.0,0.389127,0.0,-0.0999000999000787,0.0,120,120.57,34400.0,0.43795620437956206,0.33761858579378956,0.583941605839416,-0.583941605839416,0.4834581476917456,-0.6832583474919031,COMPLETE
2026-09-03 09:44:28.140,v1.6.9,20260903_100840_WIDE_HIGH_GAP_SHADOW_E005_094357743337,WIDE_HIGH_GAP_SHADOW,100840,SNT에너지,2026-09-03 09:43:57.743,34300.0,34334.299999999996,MAIN,MAIN,2026-09-03 09:43:57.713,,,2026-09-03 09:43:57.713,34300.0,,,False,,2026-09-03 09:43:58.350,34400.0,0.637129,0.2915451895043732,0.19135383566871722,0.2915451895043732,30,30.397,34300.0,0.0,-0.09990009990008719,0.43731778425655976,-0.2915451895043732,0.3369808034531194,-0.3911540354688916,COMPLETE
2026-09-03 09:44:58.539,v1.6.9,20260903_100840_WIDE_HIGH_GAP_SHADOW_E005_094357743337,WIDE_HIGH_GAP_SHADOW,100840,SNT에너지,2026-09-03 09:43:57.743,34300.0,34334.299999999996,MAIN,MAIN,2026-09-03 09:43:57.713,,,2026-09-03 09:43:57.713,34300.0,,,False,,2026-09-03 09:43:58.350,34400.0,0.637129,0.2915451895043732,0.19135383566871722,0.2915451895043732,60,60.796,34200.0,-0.2915451895043732,-0.3911540354688916,0.43731778425655976,-0.43731778425655976,0.3369808034531194,-0.5367810032532938,COMPLETE
2026-09-03 09:45:08.739,v1.6.9,20260903_228340_WIDE_HIGH_GAP_SHADOW_E003_094208731065,WIDE_HIGH_GAP_SHADOW,228340,동양파일,2026-09-03 09:42:08.731,4215.0,4219.214999999999,MAIN,MAIN,2026-09-03 09:42:08.690,,,2026-09-03 09:42:08.690,4215.0,,,False,,2026-09-03 09:42:08.741,4195.0,0.051365,-0.4744958481613286,-0.5739219262350755,0.4744958481613286,180,180.008,4170.0,-1.0676156583629894,-1.1664492091538177,0.0,-2.491103202846975,-0.09990009990008182,-2.588514688158799,COMPLETE
2026-09-03 09:45:08.939,v1.6.9,20260903_100840_WIDE_HIGH_GAP_SHADOW_E004_094208669610,WIDE_HIGH_GAP_SHADOW,100840,SNT에너지,2026-09-03 09:42:08.669,34250.0,34284.24999999999,MAIN,MAIN,2026-09-03 09:42:08.651,,,2026-09-03 09:42:08.651,34250.0,,,False,,2026-09-03 09:42:09.040,34250.0,0.389127,0.0,-0.0999000999000787,0.0,180,180.27,34150.0,-0.291970802919708,-0.39157922369599085,0.583941605839416,-0.583941605839416,0.4834581476917456,-0.6832583474919031,COMPLETE
2026-09-03 09:45:24.240,v1.6.9,20260903_088350_BASE_E001_094024161725,BASE,088350,한화생명,2026-09-03 09:40:24.161,6480.0,6486.48,MAIN,MAIN,2026-09-03 09:40:24.096,2026-09-03 09:40:24.096,6480.0,2026-09-03 09:40:24.096,6480.0,0.0,0.0,True,20260903_088350_SHADOW_SCORE_70_74_E001_093706022188,2026-09-03 09:40:24.243,6490.0,0.147365,0.15432098765432098,0.05426672093339433,0.15432098765432098,300,300.079,6430.0,-0.7716049382716049,-0.8707342040675307,0.30864197530864196,-1.6975308641975309,0.20843354176688184,-1.795735129068456,COMPLETE
2026-09-03 09:45:58.441,v1.6.9,20260903_100840_WIDE_HIGH_GAP_SHADOW_E005_094357743337,WIDE_HIGH_GAP_SHADOW,100840,SNT에너지,2026-09-03 09:43:57.743,34300.0,34334.299999999996,MAIN,MAIN,2026-09-03 09:43:57.713,,,2026-09-03 09:43:57.713,34300.0,,,False,,2026-09-03 09:43:58.350,34400.0,0.637129,0.2915451895043732,0.19135383566871722,0.2915451895043732,120,120.698,34100.0,-0.5830903790087464,-0.682407971037696,0.43731778425655976,-1.0204081632653061,0.3369808034531194,-1.1192888743909026,COMPLETE
2026-09-03 09:46:33.058,v1.6.9,20260903_008930_SHADOW_SCORE_70_74_E003_094602973490,SHADOW_SCORE_70_74,008930,한미사이언스,2026-09-03 09:46:02.973,53900.0,53953.899999999994,MAIN,MAIN,2026-09-03 09:46:02.932,,,2026-09-03 09:46:02.932,53900.0,,,False,,2026-09-03 09:46:03.138,53800.0,0.206008,-0.1855287569573284,-0.2852435134438737,0.1855287569573284,30,30.085,53800.0,-0.1855287569573284,-0.2852435134438737,0.0,-0.5565862708719851,-0.09990009990008912,-0.6559303405314431,COMPLETE
2026-09-03 09:46:57.838,v1.6.9,20260903_100840_WIDE_HIGH_GAP_SHADOW_E005_094357743337,WIDE_HIGH_GAP_SHADOW,100840,SNT에너지,2026-09-03 09:43:57.743,34300.0,34334.299999999996,MAIN,MAIN,2026-09-03 09:43:57.713,,,2026-09-03 09:43:57.713,34300.0,,,False,,2026-09-03 09:43:58.350,34400.0,0.637129,0.2915451895043732,0.19135383566871722,0.2915451895043732,180,180.095,33950.0,-1.0204081632653061,-1.1192888743909026,0.43731778425655976,-1.0204081632653061,0.3369808034531194,-1.1192888743909026,COMPLETE
2026-09-03 09:47:03.340,v1.6.9,20260903_008930_SHADOW_SCORE_70_74_E003_094602973490,SHADOW_SCORE_70_74,008930,한미사이언스,2026-09-03 09:46:02.973,53900.0,53953.899999999994,MAIN,MAIN,2026-09-03 09:46:02.932,,,2026-09-03 09:46:02.932,53900.0,,,False,,2026-09-03 09:46:03.138,53800.0,0.206008,-0.1855287569573284,-0.2852435134438737,0.1855287569573284,60,60.367,53400.0,-0.927643784786642,-1.0266171676190123,0.0,-1.1131725417439702,-0.09990009990008912,-1.211960581162797,COMPLETE
2026-09-03 09:47:09.440,v1.6.9,20260903_228340_WIDE_HIGH_GAP_SHADOW_E003_094208731065,WIDE_HIGH_GAP_SHADOW,228340,동양파일,2026-09-03 09:42:08.731,4215.0,4219.214999999999,MAIN,MAIN,2026-09-03 09:42:08.690,,,2026-09-03 09:42:08.690,4215.0,,,False,,2026-09-03 09:42:08.741,4195.0,0.051365,-0.4744958481613286,-0.5739219262350755,0.4744958481613286,300,300.709,4110.0,-2.491103202846975,-2.588514688158799,0.0,-2.7283511269276395,-0.09990009990008182,-2.8255256013262957,COMPLETE
2026-09-03 09:47:09.638,v1.6.9,20260903_100840_WIDE_HIGH_GAP_SHADOW_E004_094208669610,WIDE_HIGH_GAP_SHADOW,100840,SNT에너지,2026-09-03 09:42:08.669,34250.0,34284.24999999999,MAIN,MAIN,2026-09-03 09:42:08.651,,,2026-09-03 09:42:08.651,34250.0,,,False,,2026-09-03 09:42:09.040,34250.0,0.389127,0.0,-0.0999000999000787,0.0,300,300.969,34000.0,-0.7299270072992701,-0.8290979093898591,0.583941605839416,-0.8759124087591241,0.4834581476917456,-0.9749374712878153,COMPLETE
2026-09-03 09:48:03.037,v1.6.9,20260903_008930_SHADOW_SCORE_70_74_E003_094602973490,SHADOW_SCORE_70_74,008930,한미사이언스,2026-09-03 09:46:02.973,53900.0,53953.899999999994,MAIN,MAIN,2026-09-03 09:46:02.932,,,2026-09-03 09:46:02.932,53900.0,,,False,,2026-09-03 09:46:03.138,53800.0,0.206008,-0.1855287569573284,-0.2852435134438737,0.1855287569573284,120,120.064,53600.0,-0.5565862708719851,-0.6559303405314431,0.0,-1.4842300556586272,-0.09990009990008912,-1.582647408250366,COMPLETE
2026-09-03 09:48:59.036,v1.6.9,20260903_100840_WIDE_HIGH_GAP_SHADOW_E005_094357743337,WIDE_HIGH_GAP_SHADOW,100840,SNT에너지,2026-09-03 09:43:57.743,34300.0,34334.299999999996,MAIN,MAIN,2026-09-03 09:43:57.713,,,2026-09-03 09:43:57.713,34300.0,,,False,,2026-09-03 09:43:58.350,34400.0,0.637129,0.2915451895043732,0.19135383566871722,0.2915451895043732,300,301.293,33950.0,-1.0204081632653061,-1.1192888743909026,0.43731778425655976,-1.0204081632653061,0.3369808034531194,-1.1192888743909026,COMPLETE
2026-09-03 09:49:03.036,v1.6.9,20260903_008930_SHADOW_SCORE_70_74_E003_094602973490,SHADOW_SCORE_70_74,008930,한미사이언스,2026-09-03 09:46:02.973,53900.0,53953.899999999994,MAIN,MAIN,2026-09-03 09:46:02.932,,,2026-09-03 09:46:02.932,53900.0,,,False,,2026-09-03 09:46:03.138,53800.0,0.206008,-0.1855287569573284,-0.2852435134438737,0.1855287569573284,180,180.063,53000.0,-1.6697588126159555,-1.7679908217941507,0.0,-2.411873840445269,-0.09990009990008912,-2.5093644759692895,COMPLETE
2026-09-03 09:49:38.539,v1.6.9,20260903_090460_BASE_E003_094908531801,BASE,090460,비에이치,2026-09-03 09:49:08.531,21300.0,21321.3,MAIN,MAIN,2026-09-03 09:49:08.486,2026-09-03 09:49:08.486,21300.0,2026-09-03 09:49:08.486,21300.0,0.0,0.0,False,,2026-09-03 09:49:08.736,21300.0,0.250115,0.0,-0.09990009990009649,0.0,30,30.008,21250.0,-0.2347417840375587,-0.3344073766608944,0.2347417840375587,-0.2347417840375587,0.13460717686070142,-0.3344073766608944,COMPLETE
2026-09-03 09:50:08.635,v1.6.9,20260903_090460_BASE_E003_094908531801,BASE,090460,비에이치,2026-09-03 09:49:08.531,21300.0,21321.3,MAIN,MAIN,2026-09-03 09:49:08.486,2026-09-03 09:49:08.486,21300.0,2026-09-03 09:49:08.486,21300.0,0.0,0.0,False,,2026-09-03 09:49:08.736,21300.0,0.250115,0.0,-0.09990009990009649,0.0,60,60.104,21200.0,-0.4694835680751174,-0.5689146534216922,0.2347417840375587,-0.4694835680751174,0.13460717686070142,-0.5689146534216922,COMPLETE
2026-09-03 09:50:12.435,v1.6.9,20260903_100840_WIDE_HIGH_GAP_SHADOW_E006_094942365058,WIDE_HIGH_GAP_SHADOW,100840,SNT에너지,2026-09-03 09:49:42.365,34250.0,34284.24999999999,MAIN,MAIN,2026-09-03 09:49:42.337,,,2026-09-03 09:49:42.337,34250.0,,,False,,2026-09-03 09:49:43.138,34250.0,0.801595,0.0,-0.0999000999000787,0.0,30,30.071,34300.0,0.145985401459854,0.04593946199787739,0.291970802919708,-0.43795620437956206,0.19177902389583348,-0.537418785593947,COMPLETE
2026-09-03 09:50:42.939,v1.6.9,20260903_100840_WIDE_HIGH_GAP_SHADOW_E006_094942365058,WIDE_HIGH_GAP_SHADOW,100840,SNT에너지,2026-09-03 09:49:42.365,34250.0,34284.24999999999,MAIN,MAIN,2026-09-03 09:49:42.337,,,2026-09-03 09:49:42.337,34250.0,,,False,,2026-09-03 09:49:43.138,34250.0,0.801595,0.0,-0.0999000999000787,0.0,60,60.574,34150.0,-0.291970802919708,-0.39157922369599085,0.291970802919708,-0.43795620437956206,0.19177902389583348,-0.537418785593947,COMPLETE
2026-09-03 09:51:04.538,v1.6.9,20260903_008930_SHADOW_SCORE_70_74_E003_094602973490,SHADOW_SCORE_70_74,008930,한미사이언스,2026-09-03 09:46:02.973,53900.0,53953.899999999994,MAIN,MAIN,2026-09-03 09:46:02.932,,,2026-09-03 09:46:02.932,53900.0,,,False,,2026-09-03 09:46:03.138,53800.0,0.206008,-0.1855287569573284,-0.2852435134438737,0.1855287569573284,300,301.565,53000.0,-1.6697588126159555,-1.7679908217941507,0.0,-2.5974025974025974,-0.09990009990008912,-2.694707889513074,COMPLETE
2026-09-03 09:51:09.036,v1.6.9,20260903_090460_BASE_E003_094908531801,BASE,090460,비에이치,2026-09-03 09:49:08.531,21300.0,21321.3,MAIN,MAIN,2026-09-03 09:49:08.486,2026-09-03 09:49:08.486,21300.0,2026-09-03 09:49:08.486,21300.0,0.0,0.0,False,,2026-09-03 09:49:08.736,21300.0,0.250115,0.0,-0.09990009990009649,0.0,120,120.504,21250.0,-0.2347417840375587,-0.3344073766608944,0.2347417840375587,-0.7042253521126761,0.13460717686070142,-0.8034219301824902,COMPLETE
2026-09-03 09:51:33.634,v1.6.9,20260903_067290_WIDE_HIGH_GAP_SHADOW_E006_095103450722,WIDE_HIGH_GAP_SHADOW,067290,JW신약,2026-09-03 09:51:03.450,3665.0,3668.6649999999995,MAIN,MAIN,2026-09-03 09:51:03.419,,,2026-09-03 09:51:03.419,3665.0,,,False,,2026-09-03 09:51:03.546,3665.0,0.127232,0.0,-0.09990009990008653,0.0,30,30.184,3640.0,-0.6821282401091405,-0.7813468932159112,0.1364256480218281,-0.9549795361527967,0.03638925876307843,-1.0539256105422412,COMPLETE
2026-09-03 09:51:43.355,v1.6.9,20260903_100840_WIDE_HIGH_GAP_SHADOW_E006_094942365058,WIDE_HIGH_GAP_SHADOW,100840,SNT에너지,2026-09-03 09:49:42.365,34250.0,34284.24999999999,MAIN,MAIN,2026-09-03 09:49:42.337,,,2026-09-03 09:49:42.337,34250.0,,,False,,2026-09-03 09:49:43.138,34250.0,0.801595,0.0,-0.0999000999000787,0.0,120,120.991,34150.0,-0.291970802919708,-0.39157922369599085,0.291970802919708,-0.8759124087591241,0.19177902389583348,-0.9749374712878153,COMPLETE
2026-09-03 09:51:49.539,v1.6.9,20260903_088350_PRE_HISTORY_E001_095119445343,PRE_HISTORY,088350,한화생명,2026-09-03 09:51:19.445,6510.0,6516.509999999999,MAIN,MAIN,2026-09-03 09:51:19.310,2026-09-03 09:40:24.096,6480.0,2026-09-03 09:51:19.310,6510.0,655.214674,0.4629629629629539,True,20260903_088350_SHADOW_SCORE_70_74_E001_093706022188,2026-09-03 09:51:19.535,6500.0,0.224855,-0.15360983102918588,-0.2533564745546207,0.15360983102918588,30,30.094,6550.0,0.6144393241167435,0.5139253987180361,0.6144393241167435,-0.30721966205837176,0.5139253987180361,-0.406812849209152,COMPLETE
2026-09-03 09:52:03.535,v1.6.9,20260903_067290_WIDE_HIGH_GAP_SHADOW_E006_095103450722,WIDE_HIGH_GAP_SHADOW,067290,JW신약,2026-09-03 09:51:03.450,3665.0,3668.6649999999995,MAIN,MAIN,2026-09-03 09:51:03.419,,,2026-09-03 09:51:03.419,3665.0,,,False,,2026-09-03 09:51:03.546,3665.0,0.127232,0.0,-0.09990009990008653,0.0,60,60.085,3635.0,-0.8185538881309686,-0.9176362518790763,0.1364256480218281,-0.9549795361527967,0.03638925876307843,-1.0539256105422412,COMPLETE
2026-09-03 09:52:08.534,v1.6.9,20260903_090460_BASE_E003_094908531801,BASE,090460,비에이치,2026-09-03 09:49:08.531,21300.0,21321.3,MAIN,MAIN,2026-09-03 09:49:08.486,2026-09-03 09:49:08.486,21300.0,2026-09-03 09:49:08.486,21300.0,0.0,0.0,False,,2026-09-03 09:49:08.736,21300.0,0.250115,0.0,-0.09990009990009649,0.0,180,180.003,21150.0,-0.7042253521126761,-0.8034219301824902,0.2347417840375587,-0.9389671361502347,0.13460717686070142,-1.0379292069432882,COMPLETE
2026-09-03 09:52:19.634,v1.6.9,20260903_088350_PRE_HISTORY_E001_095119445343,PRE_HISTORY,088350,한화생명,2026-09-03 09:51:19.445,6510.0,6516.509999999999,MAIN,MAIN,2026-09-03 09:51:19.310,2026-09-03 09:40:24.096,6480.0,2026-09-03 09:51:19.310,6510.0,655.214674,0.4629629629629539,True,20260903_088350_SHADOW_SCORE_70_74_E001_093706022188,2026-09-03 09:51:19.535,6500.0,0.224855,-0.15360983102918588,-0.2533564745546207,0.15360983102918588,60,60.189,6500.0,-0.15360983102918588,-0.2533564745546207,0.6144393241167435,-0.30721966205837176,0.5139253987180361,-0.406812849209152,COMPLETE
2026-09-03 09:52:43.444,v1.6.9,20260903_100840_WIDE_HIGH_GAP_SHADOW_E006_094942365058,WIDE_HIGH_GAP_SHADOW,100840,SNT에너지,2026-09-03 09:49:42.365,34250.0,34284.24999999999,MAIN,MAIN,2026-09-03 09:49:42.337,,,2026-09-03 09:49:42.337,34250.0,,,False,,2026-09-03 09:49:43.138,34250.0,0.801595,0.0,-0.0999000999000787,0.0,180,181.079,33950.0,-0.8759124087591241,-0.9749374712878153,0.291970802919708,-0.8759124087591241,0.19177902389583348,-0.9749374712878153,COMPLETE
2026-09-03 09:53:03.540,v1.6.9,20260903_067290_WIDE_HIGH_GAP_SHADOW_E006_095103450722,WIDE_HIGH_GAP_SHADOW,067290,JW신약,2026-09-03 09:51:03.450,3665.0,3668.6649999999995,MAIN,MAIN,2026-09-03 09:51:03.419,,,2026-09-03 09:51:03.419,3665.0,,,False,,2026-09-03 09:51:03.546,3665.0,0.127232,0.0,-0.09990009990008653,0.0,120,120.09,3620.0,-1.227830832196453,-1.326504327868571,0.1364256480218281,-2.455661664392906,0.03638925876307843,-2.553108555837056,COMPLETE
2026-09-03 09:53:19.734,v1.6.9,20260903_088350_PRE_HISTORY_E001_095119445343,PRE_HISTORY,088350,한화생명,2026-09-03 09:51:19.445,6510.0,6516.509999999999,MAIN,MAIN,2026-09-03 09:51:19.310,2026-09-03 09:40:24.096,6480.0,2026-09-03 09:51:19.310,6510.0,655.214674,0.4629629629629539,True,20260903_088350_SHADOW_SCORE_70_74_E001_093706022188,2026-09-03 09:51:19.535,6500.0,0.224855,-0.15360983102918588,-0.2533564745546207,0.15360983102918588,120,120.289,6480.0,-0.4608294930875576,-0.5602692238636834,0.6144393241167435,-0.7680491551459293,0.5139253987180361,-0.867181973172746,COMPLETE
2026-09-03 09:54:03.494,v1.6.9,20260903_067290_WIDE_HIGH_GAP_SHADOW_E006_095103450722,WIDE_HIGH_GAP_SHADOW,067290,JW신약,2026-09-03 09:51:03.450,3665.0,3668.6649999999995,MAIN,MAIN,2026-09-03 09:51:03.419,,,2026-09-03 09:51:03.419,3665.0,,,False,,2026-09-03 09:51:03.546,3665.0,0.127232,0.0,-0.09990009990008653,0.0,180,180.044,3615.0,-1.364256480218281,-1.4627936865317361,0.1364256480218281,-2.455661664392906,0.03638925876307843,-2.553108555837056,COMPLETE
2026-09-03 09:54:08.545,v1.6.9,20260903_090460_BASE_E003_094908531801,BASE,090460,비에이치,2026-09-03 09:49:08.531,21300.0,21321.3,MAIN,MAIN,2026-09-03 09:49:08.486,2026-09-03 09:49:08.486,21300.0,2026-09-03 09:49:08.486,21300.0,0.0,0.0,False,,2026-09-03 09:49:08.736,21300.0,0.250115,0.0,-0.09990009990009649,0.0,300,300.013,21050.0,-1.1737089201877933,-1.272436483704086,0.2347417840375587,-1.4084507042253522,0.13460717686070142,-1.5069437604648839,COMPLETE
2026-09-03 09:54:19.543,v1.6.9,20260903_088350_PRE_HISTORY_E001_095119445343,PRE_HISTORY,088350,한화생명,2026-09-03 09:51:19.445,6510.0,6516.509999999999,MAIN,MAIN,2026-09-03 09:51:19.310,2026-09-03 09:40:24.096,6480.0,2026-09-03 09:51:19.310,6510.0,655.214674,0.4629629629629539,True,20260903_088350_SHADOW_SCORE_70_74_E001_093706022188,2026-09-03 09:51:19.535,6500.0,0.224855,-0.15360983102918588,-0.2533564745546207,0.15360983102918588,180,180.098,6460.0,-0.7680491551459293,-0.867181973172746,0.6144393241167435,-1.228878648233487,0.5139253987180361,-1.3275510971363402,COMPLETE
2026-09-03 09:54:43.043,v1.6.9,20260903_100840_WIDE_HIGH_GAP_SHADOW_E006_094942365058,WIDE_HIGH_GAP_SHADOW,100840,SNT에너지,2026-09-03 09:49:42.365,34250.0,34284.24999999999,MAIN,MAIN,2026-09-03 09:49:42.337,,,2026-09-03 09:49:42.337,34250.0,,,False,,2026-09-03 09:49:43.138,34250.0,0.801595,0.0,-0.0999000999000787,0.0,300,300.678,34000.0,-0.7299270072992701,-0.8290979093898591,0.291970802919708,-1.4598540145985401,0.19177902389583348,-1.5582957188796396,COMPLETE
2026-09-03 09:56:03.554,v1.6.9,20260903_067290_WIDE_HIGH_GAP_SHADOW_E006_095103450722,WIDE_HIGH_GAP_SHADOW,067290,JW신약,2026-09-03 09:51:03.450,3665.0,3668.6649999999995,MAIN,MAIN,2026-09-03 09:51:03.419,,,2026-09-03 09:51:03.419,3665.0,,,False,,2026-09-03 09:51:03.546,3665.0,0.127232,0.0,-0.09990009990008653,0.0,300,300.104,3600.0,-1.7735334242837655,-1.871661762521231,0.1364256480218281,-2.455661664392906,0.03638925876307843,-2.553108555837056,COMPLETE
2026-09-03 09:56:19.543,v1.6.9,20260903_088350_PRE_HISTORY_E001_095119445343,PRE_HISTORY,088350,한화생명,2026-09-03 09:51:19.445,6510.0,6516.509999999999,MAIN,MAIN,2026-09-03 09:51:19.310,2026-09-03 09:40:24.096,6480.0,2026-09-03 09:51:19.310,6510.0,655.214674,0.4629629629629539,True,20260903_088350_SHADOW_SCORE_70_74_E001_093706022188,2026-09-03 09:51:19.535,6500.0,0.224855,-0.15360983102918588,-0.2533564745546207,0.15360983102918588,300,300.098,6470.0,-0.6144393241167435,-0.7137255985182147,0.6144393241167435,-1.228878648233487,0.5139253987180361,-1.3275510971363402,COMPLETE
2026-09-03 09:58:23.041,v1.6.9,20260903_067290_WIDE_HIGH_GAP_SHADOW_E007_095753013332,WIDE_HIGH_GAP_SHADOW,067290,JW신약,2026-09-03 09:57:53.013,3665.0,3668.6649999999995,MAIN,MAIN,2026-09-03 09:57:52.993,,,2026-09-03 09:57:52.993,3665.0,,,False,,2026-09-03 09:57:53.042,3660.0,0.049615,-0.1364256480218281,-0.2361894585632515,0.1364256480218281,30,30.028,3655.0,-0.2728512960436562,-0.37247881722641646,0.0,-0.9549795361527967,-0.09990009990008653,-1.0539256105422412,COMPLETE
2026-09-03 09:58:53.040,v1.6.9,20260903_067290_WIDE_HIGH_GAP_SHADOW_E007_095753013332,WIDE_HIGH_GAP_SHADOW,067290,JW신약,2026-09-03 09:57:53.013,3665.0,3668.6649999999995,MAIN,MAIN,2026-09-03 09:57:52.993,,,2026-09-03 09:57:52.993,3665.0,,,False,,2026-09-03 09:57:53.042,3660.0,0.049615,-0.1364256480218281,-0.2361894585632515,0.1364256480218281,60,60.027,3632.0,-0.9004092769440655,-0.9994098670769752,0.0,-1.227830832196453,-0.09990009990008653,-1.326504327868571,COMPLETE
2026-09-03 09:58:55.840,v1.6.9,20260903_008930_WIDE_HIGH_GAP_SHADOW_E001_095825826520,WIDE_HIGH_GAP_SHADOW,008930,한미사이언스,2026-09-03 09:58:25.826,52300.0,52352.299999999996,MAIN,MAIN,2026-09-03 09:58:25.799,,,2026-09-03 09:58:25.799,52300.0,,,False,,2026-09-03 09:58:27.041,52300.0,1.241509,0.0,-0.09990009990009158,0.0,30,30.014,52300.0,0.0,-0.09990009990009158,0.3824091778202677,-0.3824091778202677,0.28212705076950656,-0.4819272505696897,COMPLETE
2026-09-03 09:58:55.867,v1.6.9,20260903_067290_WIDE_HIGH_GAP_SHADOW_E008_095825845558,WIDE_HIGH_GAP_SHADOW,067290,JW신약,2026-09-03 09:58:25.845,3655.0,3658.6549999999997,MAIN,MAIN,2026-09-03 09:58:25.837,,,2026-09-03 09:58:25.837,3655.0,,,False,,2026-09-03 09:58:25.940,3650.0,0.102995,-0.13679890560875513,-0.23656234326548267,0.13679890560875513,30,30.022,3630.0,-0.6839945280437756,-0.7832113167270416,0.0,-0.957592339261286,-0.09990009990009294,-1.0565358034578212,COMPLETE
2026-09-03 09:59:25.946,v1.6.9,20260903_067290_WIDE_HIGH_GAP_SHADOW_E008_095825845558,WIDE_HIGH_GAP_SHADOW,067290,JW신약,2026-09-03 09:58:25.845,3655.0,3658.6549999999997,MAIN,MAIN,2026-09-03 09:58:25.837,,,2026-09-03 09:58:25.837,3655.0,,,False,,2026-09-03 09:58:25.940,3650.0,0.102995,-0.13679890560875513,-0.23656234326548267,0.13679890560875513,60,60.101,3620.0,-0.957592339261286,-1.0565358034578212,0.0,-0.957592339261286,-0.09990009990009294,-1.0565358034578212,COMPLETE
2026-09-03 09:59:26.940,v1.6.9,20260903_008930_WIDE_HIGH_GAP_SHADOW_E001_095825826520,WIDE_HIGH_GAP_SHADOW,008930,한미사이언스,2026-09-03 09:58:25.826,52300.0,52352.299999999996,MAIN,MAIN,2026-09-03 09:58:25.799,,,2026-09-03 09:58:25.799,52300.0,,,False,,2026-09-03 09:58:27.041,52300.0,1.241509,0.0,-0.09990009990009158,0.0,60,61.114,52400.0,0.19120458891013384,0.09111347543470749,0.3824091778202677,-0.3824091778202677,0.28212705076950656,-0.4819272505696897,COMPLETE
2026-09-03 09:59:46.141,v1.6.9,20260903_008930_WIDE_HIGH_GAP_SHADOW_E002_095913810070,WIDE_HIGH_GAP_SHADOW,008930,한미사이언스,2026-09-03 09:59:13.810,52300.0,52352.299999999996,MAIN,MAIN,2026-09-03 09:59:13.790,,,2026-09-03 09:59:13.790,52300.0,,,False,,2026-09-03 09:59:13.839,52300.0,0.049337,0.0,-0.09990009990009158,0.0,30,32.331,52500.0,0.3824091778202677,0.28212705076950656,0.5736137667304015,-0.19120458891013384,0.4731406261043056,-0.29091367523489065,COMPLETE
2026-09-03 09:59:53.053,v1.6.9,20260903_067290_WIDE_HIGH_GAP_SHADOW_E007_095753013332,WIDE_HIGH_GAP_SHADOW,067290,JW신약,2026-09-03 09:57:53.013,3665.0,3668.6649999999995,MAIN,MAIN,2026-09-03 09:57:52.993,,,2026-09-03 09:57:52.993,3665.0,,,False,,2026-09-03 09:57:53.042,3660.0,0.049615,-0.1364256480218281,-0.2361894585632515,0.1364256480218281,120,120.04,3615.0,-1.364256480218281,-1.4627936865317361,0.0,-2.1828103683492497,-0.09990009990008653,-2.2805298385107258,COMPLETE
2026-09-03 10:00:17.639,v1.6.9,20260903_008930_WIDE_HIGH_GAP_SHADOW_E002_095913810070,WIDE_HIGH_GAP_SHADOW,008930,한미사이언스,2026-09-03 09:59:13.810,52300.0,52352.299999999996,MAIN,MAIN,2026-09-03 09:59:13.790,,,2026-09-03 09:59:13.790,52300.0,,,False,,2026-09-03 09:59:13.839,52300.0,0.049337,0.0,-0.09990009990009158,0.0,60,63.83,52450.0,0.28680688336520077,0.18662026310210703,0.7648183556405354,-0.19120458891013384,0.6641542014391046,-0.29091367523489065,COMPLETE
2026-09-03 10:00:25.939,v1.6.9,20260903_067290_WIDE_HIGH_GAP_SHADOW_E008_095825845558,WIDE_HIGH_GAP_SHADOW,067290,JW신약,2026-09-03 09:58:25.845,3655.0,3658.6549999999997,MAIN,MAIN,2026-09-03 09:58:25.837,,,2026-09-03 09:58:25.837,3655.0,,,False,,2026-09-03 09:58:25.940,3650.0,0.102995,-0.13679890560875513,-0.23656234326548267,0.13679890560875513,120,120.094,3600.0,-1.5047879616963065,-1.60318477691938,0.0,-1.915184678522572,-0.09990009990009294,-2.0131715070155494,COMPLETE
2026-09-03 10:00:26.638,v1.6.9,20260903_008930_WIDE_HIGH_GAP_SHADOW_E001_095825826520,WIDE_HIGH_GAP_SHADOW,008930,한미사이언스,2026-09-03 09:58:25.826,52300.0,52352.299999999996,MAIN,MAIN,2026-09-03 09:58:25.799,,,2026-09-03 09:58:25.799,52300.0,,,False,,2026-09-03 09:58:27.041,52300.0,1.241509,0.0,-0.09990009990009158,0.0,120,120.812,52300.0,0.0,-0.09990009990009158,0.7648183556405354,-0.3824091778202677,0.6641542014391046,-0.4819272505696897,COMPLETE
2026-09-03 10:00:53.139,v1.6.9,20260903_067290_WIDE_HIGH_GAP_SHADOW_E007_095753013332,WIDE_HIGH_GAP_SHADOW,067290,JW신약,2026-09-03 09:57:53.013,3665.0,3668.6649999999995,MAIN,MAIN,2026-09-03 09:57:52.993,,,2026-09-03 09:57:52.993,3665.0,,,False,,2026-09-03 09:57:53.042,3660.0,0.049615,-0.1364256480218281,-0.2361894585632515,0.1364256480218281,180,180.126,3595.0,-1.9099590723055935,-2.007951121184396,0.0,-2.1828103683492497,-0.09990009990008653,-2.2805298385107258,COMPLETE
2026-09-03 10:01:04.538,v1.6.9,20260903_008930_WIDE_HIGH_GAP_SHADOW_E003_100034397300,WIDE_HIGH_GAP_SHADOW,008930,한미사이언스,2026-09-03 10:00:34.397,52300.0,52352.299999999996,MAIN,MAIN,2026-09-03 10:00:34.387,,,2026-09-03 10:00:34.387,52300.0,,,False,,2026-09-03 10:00:34.949,52300.0,0.56221,0.0,-0.09990009990009158,0.0,30,30.141,52100.0,-0.3824091778202677,-0.4819272505696897,0.19120458891013384,-0.3824091778202677,0.09111347543470749,-0.4819272505696897,COMPLETE
2026-09-03 10:01:07.440,v1.6.9,20260903_004710_WIDE_HIGH_GAP_SHADOW_E001_100034374512,WIDE_HIGH_GAP_SHADOW,004710,한솔테크닉스,2026-09-03 10:00:34.374,8510.0,8518.509999999998,MAIN,MAIN,2026-09-03 10:00:34.351,,,2026-09-03 10:00:34.351,8510.0,,,False,,2026-09-03 10:00:34.839,8500.0,0.487977,-0.11750881316098707,-0.21729152163932897,0.11750881316098707,30,33.066,8550.0,0.4700352526439483,0.36966558705691027,0.4700352526439483,-0.11750881316098707,0.36966558705691027,-0.21729152163932897,COMPLETE
2026-09-03 10:01:14.638,v1.6.9,20260903_008930_WIDE_HIGH_GAP_SHADOW_E002_095913810070,WIDE_HIGH_GAP_SHADOW,008930,한미사이언스,2026-09-03 09:59:13.810,52300.0,52352.299999999996,MAIN,MAIN,2026-09-03 09:59:13.790,,,2026-09-03 09:59:13.790,52300.0,,,False,,2026-09-03 09:59:13.839,52300.0,0.049337,0.0,-0.09990009990009158,0.0,120,120.829,52100.0,-0.3824091778202677,-0.4819272505696897,0.7648183556405354,-0.3824091778202677,0.6641542014391046,-0.4819272505696897,COMPLETE
2026-09-03 10:01:20.239,v1.6.9,20260903_088350_WIDE_HIGH_GAP_SHADOW_E001_100050066170,WIDE_HIGH_GAP_SHADOW,088350,한화생명,2026-09-03 10:00:50.066,6340.0,6346.339999999999,MAIN,MAIN,2026-09-03 10:00:50.043,2026-09-03 09:40:24.096,6480.0,2026-09-03 10:00:50.043,6340.0,1225.947253,-2.1604938271604923,True,20260903_088350_SHADOW_SCORE_70_74_E001_093706022188,2026-09-03 10:00:50.138,6340.0,0.095166,0.0,-0.09990009990008787,0.0,30,30.173,6360.0,0.31545741324921134,0.2152421710781453,0.31545741324921134,-0.47318611987381703,0.2152421710781453,-0.5726135063674376,COMPLETE
2026-09-03 10:01:25.838,v1.6.9,20260903_008930_WIDE_HIGH_GAP_SHADOW_E001_095825826520,WIDE_HIGH_GAP_SHADOW,008930,한미사이언스,2026-09-03 09:58:25.826,52300.0,52352.299999999996,MAIN,MAIN,2026-09-03 09:58:25.799,,,2026-09-03 09:58:25.799,52300.0,,,False,,2026-09-03 09:58:27.041,52300.0,1.241509,0.0,-0.09990009990009158,0.0,180,180.012,52200.0,-0.19120458891013384,-0.29091367523489065,0.7648183556405354,-0.3824091778202677,0.6641542014391046,-0.4819272505696897,COMPLETE
2026-09-03 10:01:25.856,v1.6.9,20260903_067290_WIDE_HIGH_GAP_SHADOW_E008_095825845558,WIDE_HIGH_GAP_SHADOW,067290,JW신약,2026-09-03 09:58:25.845,3655.0,3658.6549999999997,MAIN,MAIN,2026-09-03 09:58:25.837,,,2026-09-03 09:58:25.837,3655.0,,,False,,2026-09-03 09:58:25.940,3650.0,0.102995,-0.13679890560875513,-0.23656234326548267,0.13679890560875513,180,180.011,3575.0,-2.188782489740082,-2.2864959937463287,0.0,-2.3255813953488373,-0.09990009990009294,-2.4231582371117186,COMPLETE
2026-09-03 10:01:34.842,v1.6.9,20260903_008930_WIDE_HIGH_GAP_SHADOW_E003_100034397300,WIDE_HIGH_GAP_SHADOW,008930,한미사이언스,2026-09-03 10:00:34.397,52300.0,52352.299999999996,MAIN,MAIN,2026-09-03 10:00:34.387,,,2026-09-03 10:00:34.387,52300.0,,,False,,2026-09-03 10:00:34.949,52300.0,0.56221,0.0,-0.09990009990009158,0.0,60,60.445,52600.0,0.5736137667304015,0.4731406261043056,0.9560229445506693,-0.3824091778202677,0.8551677767739038,-0.4819272505696897,COMPLETE
2026-09-03 10:01:35.038,v1.6.9,20260903_004710_WIDE_HIGH_GAP_SHADOW_E001_100034374512,WIDE_HIGH_GAP_SHADOW,004710,한솔테크닉스,2026-09-03 10:00:34.374,8510.0,8518.509999999998,MAIN,MAIN,2026-09-03 10:00:34.351,,,2026-09-03 10:00:34.351,8510.0,,,False,,2026-09-03 10:00:34.839,8500.0,0.487977,-0.11750881316098707,-0.21729152163932897,0.11750881316098707,60,60.664,8630.0,1.410105757931845,1.3087969609708932,1.410105757931845,-0.11750881316098707,1.3087969609708932,-0.21729152163932897,COMPLETE
2026-09-03 10:01:50.138,v1.6.9,20260903_088350_WIDE_HIGH_GAP_SHADOW_E001_100050066170,WIDE_HIGH_GAP_SHADOW,088350,한화생명,2026-09-03 10:00:50.066,6340.0,6346.339999999999,MAIN,MAIN,2026-09-03 10:00:50.043,2026-09-03 09:40:24.096,6480.0,2026-09-03 10:00:50.043,6340.0,1225.947253,-2.1604938271604923,True,20260903_088350_SHADOW_SCORE_70_74_E001_093706022188,2026-09-03 10:00:50.138,6340.0,0.095166,0.0,-0.09990009990008787,0.0,60,60.072,6370.0,0.47318611987381703,0.37281330656726186,0.47318611987381703,-0.47318611987381703,0.37281330656726186,-0.5726135063674376,COMPLETE
2026-09-03 10:01:54.038,v1.6.9,20260903_441270_WIDE_HIGH_GAP_SHADOW_E005_100123850857,WIDE_HIGH_GAP_SHADOW,441270,파인엠텍,2026-09-03 10:01:23.850,9060.0,9069.06,MAIN,MAIN,2026-09-03 10:01:23.821,,,2026-09-03 10:01:23.821,9060.0,,,False,,2026-09-03 10:01:24.039,9040.0,0.21818,-0.22075055187637968,-0.3204301217546195,0.22075055187637968,30,30.187,9090.0,0.33112582781456956,0.2308949328816935,0.5518763796909493,-0.5518763796909493,0.45142495473621863,-0.6512251545364073,COMPLETE
2026-09-03 10:02:14.251,v1.6.9,20260903_008930_WIDE_HIGH_GAP_SHADOW_E002_095913810070,WIDE_HIGH_GAP_SHADOW,008930,한미사이언스,2026-09-03 09:59:13.810,52300.0,52352.299999999996,MAIN,MAIN,2026-09-03 09:59:13.790,,,2026-09-03 09:59:13.790,52300.0,,,False,,2026-09-03 09:59:13.839,52300.0,0.049337,0.0,-0.09990009990009158,0.0,180,180.441,52500.0,0.3824091778202677,0.28212705076950656,0.9560229445506693,-0.3824091778202677,0.8551677767739038,-0.4819272505696897,COMPLETE
2026-09-03 10:02:24.237,v1.6.9,20260903_441270_WIDE_HIGH_GAP_SHADOW_E005_100123850857,WIDE_HIGH_GAP_SHADOW,441270,파인엠텍,2026-09-03 10:01:23.850,9060.0,9069.06,MAIN,MAIN,2026-09-03 10:01:23.821,,,2026-09-03 10:01:23.821,9060.0,,,False,,2026-09-03 10:01:24.039,9040.0,0.21818,-0.22075055187637968,-0.3204301217546195,0.22075055187637968,60,60.387,9060.0,0.0,-0.09990009990009428,0.5518763796909493,-0.5518763796909493,0.45142495473621863,-0.6512251545364073,COMPLETE
2026-09-03 10:02:34.837,v1.6.9,20260903_008930_WIDE_HIGH_GAP_SHADOW_E003_100034397300,WIDE_HIGH_GAP_SHADOW,008930,한미사이언스,2026-09-03 10:00:34.397,52300.0,52352.299999999996,MAIN,MAIN,2026-09-03 10:00:34.387,,,2026-09-03 10:00:34.387,52300.0,,,False,,2026-09-03 10:00:34.949,52300.0,0.56221,0.0,-0.09990009990009158,0.0,120,120.44,52500.0,0.3824091778202677,0.28212705076950656,0.9560229445506693,-0.3824091778202677,0.8551677767739038,-0.4819272505696897,COMPLETE
2026-09-03 10:02:35.550,v1.6.9,20260903_004710_WIDE_HIGH_GAP_SHADOW_E001_100034374512,WIDE_HIGH_GAP_SHADOW,004710,한솔테크닉스,2026-09-03 10:00:34.374,8510.0,8518.509999999998,MAIN,MAIN,2026-09-03 10:00:34.351,,,2026-09-03 10:00:34.351,8510.0,,,False,,2026-09-03 10:00:34.839,8500.0,0.487977,-0.11750881316098707,-0.21729152163932897,0.11750881316098707,120,121.176,8620.0,1.2925969447708578,1.1914055392316452,1.8801410105757932,-0.11750881316098707,1.7783626479278847,-0.21729152163932897,COMPLETE
2026-09-03 10:02:50.239,v1.6.9,20260903_088350_WIDE_HIGH_GAP_SHADOW_E001_100050066170,WIDE_HIGH_GAP_SHADOW,088350,한화생명,2026-09-03 10:00:50.066,6340.0,6346.339999999999,MAIN,MAIN,2026-09-03 10:00:50.043,2026-09-03 09:40:24.096,6480.0,2026-09-03 10:00:50.043,6340.0,1225.947253,-2.1604938271604923,True,20260903_088350_SHADOW_SCORE_70_74_E001_093706022188,2026-09-03 10:00:50.138,6340.0,0.095166,0.0,-0.09990009990008787,0.0,120,120.174,6320.0,-0.31545741324921134,-0.415042370878321,0.47318611987381703,-0.47318611987381703,0.37281330656726186,-0.5726135063674376,COMPLETE
2026-09-03 10:02:53.237,v1.6.9,20260903_067290_WIDE_HIGH_GAP_SHADOW_E007_095753013332,WIDE_HIGH_GAP_SHADOW,067290,JW신약,2026-09-03 09:57:53.013,3665.0,3668.6649999999995,MAIN,MAIN,2026-09-03 09:57:52.993,,,2026-09-03 09:57:52.993,3665.0,,,False,,2026-09-03 09:57:53.042,3660.0,0.049615,-0.1364256480218281,-0.2361894585632515,0.1364256480218281,300,300.224,3580.0,-2.3192360163710775,-2.416819197173891,0.0,-2.8649386084583903,-0.09990009990008653,-2.9619766318265506,COMPLETE
2026-09-03 10:03:01.237,v1.6.9,20260903_088350_WIDE_HIGH_GAP_SHADOW_E002_100231139751,WIDE_HIGH_GAP_SHADOW,088350,한화생명,2026-09-03 10:02:31.139,6340.0,6346.339999999999,MAIN,MAIN,2026-09-03 10:02:31.118,,,2026-09-03 10:02:31.118,6340.0,,,False,,2026-09-03 10:02:31.160,6330.0,0.042378,-0.15772870662460567,-0.25747123538920447,0.15772870662460567,30,30.098,6310.0,-0.47318611987381703,-0.5726135063674376,0.0,-0.6309148264984227,-0.09990009990008787,-0.7301846418565542,COMPLETE
2026-09-03 10:03:18.937,v1.6.9,20260903_008930_WIDE_HIGH_GAP_SHADOW_E004_100248674424,WIDE_HIGH_GAP_SHADOW,008930,한미사이언스,2026-09-03 10:02:48.674,52300.0,52352.299999999996,MAIN,MAIN,2026-09-03 10:02:48.620,,,2026-09-03 10:02:48.620,52300.0,,,False,,2026-09-03 10:02:49.637,52200.0,1.016836,-0.19120458891013384,-0.29091367523489065,0.19120458891013384,30,30.263,52050.0,-0.47801147227533464,-0.5774340382370892,0.0,-0.7648183556405354,-0.09990009990009158,-0.8639544012392877,COMPLETE
2026-09-03 10:03:23.937,v1.6.9,20260903_441270_WIDE_HIGH_GAP_SHADOW_E005_100123850857,WIDE_HIGH_GAP_SHADOW,441270,파인엠텍,2026-09-03 10:01:23.850,9060.0,9069.06,MAIN,MAIN,2026-09-03 10:01:23.821,,,2026-09-03 10:01:23.821,9060.0,,,False,,2026-09-03 10:01:24.039,9040.0,0.21818,-0.22075055187637968,-0.3204301217546195,0.22075055187637968,120,120.086,9140.0,0.8830022075055187,0.7822199875180064,1.545253863134658,-0.5518763796909493,1.4438100530815818,-0.6512251545364073,COMPLETE
2026-09-03 10:03:26.037,v1.6.9,20260903_008930_WIDE_HIGH_GAP_SHADOW_E001_095825826520,WIDE_HIGH_GAP_SHADOW,008930,한미사이언스,2026-09-03 09:58:25.826,52300.0,52352.299999999996,MAIN,MAIN,2026-09-03 09:58:25.799,,,2026-09-03 09:58:25.799,52300.0,,,False,,2026-09-03 09:58:27.041,52300.0,1.241509,0.0,-0.09990009990009158,0.0,300,300.211,52000.0,-0.5736137667304015,-0.6729408259044887,0.9560229445506693,-0.7648183556405354,0.8551677767739038,-0.8639544012392877,COMPLETE
2026-09-03 10:03:26.438,v1.6.9,20260903_067290_WIDE_HIGH_GAP_SHADOW_E008_095825845558,WIDE_HIGH_GAP_SHADOW,067290,JW신약,2026-09-03 09:58:25.845,3655.0,3658.6549999999997,MAIN,MAIN,2026-09-03 09:58:25.837,,,2026-09-03 09:58:25.837,3655.0,,,False,,2026-09-03 09:58:25.940,3650.0,0.102995,-0.13679890560875513,-0.23656234326548267,0.13679890560875513,300,300.593,3570.0,-2.3255813953488373,-2.4231582371117186,0.0,-2.5991792065663475,-0.09990009990009294,-2.696482723842498,COMPLETE
2026-09-03 10:03:31.437,v1.6.9,20260903_088350_WIDE_HIGH_GAP_SHADOW_E002_100231139751,WIDE_HIGH_GAP_SHADOW,088350,한화생명,2026-09-03 10:02:31.139,6340.0,6346.339999999999,MAIN,MAIN,2026-09-03 10:02:31.118,,,2026-09-03 10:02:31.118,6340.0,,,False,,2026-09-03 10:02:31.160,6330.0,0.042378,-0.15772870662460567,-0.25747123538920447,0.15772870662460567,60,60.297,6330.0,-0.15772870662460567,-0.25747123538920447,0.0,-0.9463722397476341,-0.09990009990008787,-1.0453269128347873,COMPLETE
2026-09-03 10:03:34.436,v1.6.9,20260903_004710_WIDE_HIGH_GAP_SHADOW_E001_100034374512,WIDE_HIGH_GAP_SHADOW,004710,한솔테크닉스,2026-09-03 10:00:34.374,8510.0,8518.509999999998,MAIN,MAIN,2026-09-03 10:00:34.351,,,2026-09-03 10:00:34.351,8510.0,,,False,,2026-09-03 10:00:34.839,8500.0,0.487977,-0.11750881316098707,-0.21729152163932897,0.11750881316098707,180,180.062,8700.0,2.2326674500587544,2.130536913145628,2.2326674500587544,-0.11750881316098707,2.130536913145628,-0.21729152163932897,COMPLETE
2026-09-03 10:03:35.352,v1.6.9,20260903_008930_WIDE_HIGH_GAP_SHADOW_E003_100034397300,WIDE_HIGH_GAP_SHADOW,008930,한미사이언스,2026-09-03 10:00:34.397,52300.0,52352.299999999996,MAIN,MAIN,2026-09-03 10:00:34.387,,,2026-09-03 10:00:34.387,52300.0,,,False,,2026-09-03 10:00:34.949,52300.0,0.56221,0.0,-0.09990009990009158,0.0,180,180.956,52000.0,-0.5736137667304015,-0.6729408259044887,0.9560229445506693,-0.7648183556405354,0.8551677767739038,-0.8639544012392877,COMPLETE
2026-09-03 10:03:48.836,v1.6.9,20260903_008930_WIDE_HIGH_GAP_SHADOW_E004_100248674424,WIDE_HIGH_GAP_SHADOW,008930,한미사이언스,2026-09-03 10:02:48.674,52300.0,52352.299999999996,MAIN,MAIN,2026-09-03 10:02:48.620,,,2026-09-03 10:02:48.620,52300.0,,,False,,2026-09-03 10:02:49.637,52200.0,1.016836,-0.19120458891013384,-0.29091367523489065,0.19120458891013384,60,60.162,51900.0,-0.7648183556405354,-0.8639544012392877,0.0,-0.7648183556405354,-0.09990009990009158,-0.8639544012392877,COMPLETE
2026-09-03 10:03:50.537,v1.6.9,20260903_088350_WIDE_HIGH_GAP_SHADOW_E001_100050066170,WIDE_HIGH_GAP_SHADOW,088350,한화생명,2026-09-03 10:00:50.066,6340.0,6346.339999999999,MAIN,MAIN,2026-09-03 10:00:50.043,2026-09-03 09:40:24.096,6480.0,2026-09-03 10:00:50.043,6340.0,1225.947253,-2.1604938271604923,True,20260903_088350_SHADOW_SCORE_70_74_E001_093706022188,2026-09-03 10:00:50.138,6340.0,0.095166,0.0,-0.09990009990008787,0.0,180,180.471,6300.0,-0.6309148264984227,-0.7301846418565542,0.47318611987381703,-0.9463722397476341,0.37281330656726186,-1.0453269128347873,COMPLETE
2026-09-03 10:04:14.640,v1.6.9,20260903_008930_WIDE_HIGH_GAP_SHADOW_E002_095913810070,WIDE_HIGH_GAP_SHADOW,008930,한미사이언스,2026-09-03 09:59:13.810,52300.0,52352.299999999996,MAIN,MAIN,2026-09-03 09:59:13.790,,,2026-09-03 09:59:13.790,52300.0,,,False,,2026-09-03 09:59:13.839,52300.0,0.049337,0.0,-0.09990009990009158,0.0,300,300.83,52300.0,0.0,-0.09990009990009158,0.9560229445506693,-0.9560229445506693,0.8551677767739038,-1.054967976574087,COMPLETE
2026-09-03 10:04:24.036,v1.6.9,20260903_441270_WIDE_HIGH_GAP_SHADOW_E005_100123850857,WIDE_HIGH_GAP_SHADOW,441270,파인엠텍,2026-09-03 10:01:23.850,9060.0,9069.06,MAIN,MAIN,2026-09-03 10:01:23.821,,,2026-09-03 10:01:23.821,9060.0,,,False,,2026-09-03 10:01:24.039,9040.0,0.21818,-0.22075055187637968,-0.3204301217546195,0.22075055187637968,180,180.185,9250.0,2.097130242825607,1.995135107717895,2.5386313465783665,-0.5518763796909493,2.4361951514269453,-0.6512251545364073,COMPLETE
2026-09-03 10:04:31.236,v1.6.9,20260903_088350_WIDE_HIGH_GAP_SHADOW_E002_100231139751,WIDE_HIGH_GAP_SHADOW,088350,한화생명,2026-09-03 10:02:31.139,6340.0,6346.339999999999,MAIN,MAIN,2026-09-03 10:02:31.118,,,2026-09-03 10:02:31.118,6340.0,,,False,,2026-09-03 10:02:31.160,6330.0,0.042378,-0.15772870662460567,-0.25747123538920447,0.15772870662460567,120,120.096,6280.0,-0.9463722397476341,-1.0453269128347873,0.0,-1.1041009463722398,-0.09990009990008787,-1.2028980483239038,COMPLETE
2026-09-03 10:04:49.138,v1.6.9,20260903_008930_WIDE_HIGH_GAP_SHADOW_E004_100248674424,WIDE_HIGH_GAP_SHADOW,008930,한미사이언스,2026-09-03 10:02:48.674,52300.0,52352.299999999996,MAIN,MAIN,2026-09-03 10:02:48.620,,,2026-09-03 10:02:48.620,52300.0,,,False,,2026-09-03 10:02:49.637,52200.0,1.016836,-0.19120458891013384,-0.29091367523489065,0.19120458891013384,120,120.464,52300.0,0.0,-0.09990009990009158,0.19120458891013384,-0.9560229445506693,0.09111347543470749,-1.054967976574087,COMPLETE
2026-09-03 10:05:31.535,v1.6.9,20260903_088350_WIDE_HIGH_GAP_SHADOW_E002_100231139751,WIDE_HIGH_GAP_SHADOW,088350,한화생명,2026-09-03 10:02:31.139,6340.0,6346.339999999999,MAIN,MAIN,2026-09-03 10:02:31.118,,,2026-09-03 10:02:31.118,6340.0,,,False,,2026-09-03 10:02:31.160,6330.0,0.042378,-0.15772870662460567,-0.25747123538920447,0.15772870662460567,180,180.396,6280.0,-0.9463722397476341,-1.0453269128347873,0.0,-1.2618296529968454,-0.09990009990008787,-1.3604691838130205,COMPLETE
2026-09-03 10:05:34.457,v1.6.9,20260903_008930_WIDE_HIGH_GAP_SHADOW_E003_100034397300,WIDE_HIGH_GAP_SHADOW,008930,한미사이언스,2026-09-03 10:00:34.397,52300.0,52352.299999999996,MAIN,MAIN,2026-09-03 10:00:34.387,,,2026-09-03 10:00:34.387,52300.0,,,False,,2026-09-03 10:00:34.949,52300.0,0.56221,0.0,-0.09990009990009158,0.0,300,300.061,52200.0,-0.19120458891013384,-0.29091367523489065,0.9560229445506693,-0.9560229445506693,0.8551677767739038,-1.054967976574087,COMPLETE
2026-09-03 10:05:35.134,v1.6.9,20260903_004710_WIDE_HIGH_GAP_SHADOW_E001_100034374512,WIDE_HIGH_GAP_SHADOW,004710,한솔테크닉스,2026-09-03 10:00:34.374,8510.0,8518.509999999998,MAIN,MAIN,2026-09-03 10:00:34.351,,,2026-09-03 10:00:34.351,8510.0,,,False,,2026-09-03 10:00:34.839,8500.0,0.487977,-0.11750881316098707,-0.21729152163932897,0.11750881316098707,300,300.76,8680.0,1.9976498237367801,1.8957540696671322,3.055229142185664,-0.11750881316098707,2.952276865320363,-0.21729152163932897,COMPLETE
2026-09-03 10:05:48.935,v1.6.9,20260903_008930_WIDE_HIGH_GAP_SHADOW_E004_100248674424,WIDE_HIGH_GAP_SHADOW,008930,한미사이언스,2026-09-03 10:02:48.674,52300.0,52352.299999999996,MAIN,MAIN,2026-09-03 10:02:48.620,,,2026-09-03 10:02:48.620,52300.0,,,False,,2026-09-03 10:02:49.637,52200.0,1.016836,-0.19120458891013384,-0.29091367523489065,0.19120458891013384,180,180.261,52100.0,-0.3824091778202677,-0.4819272505696897,0.19120458891013384,-0.9560229445506693,0.09111347543470749,-1.054967976574087,COMPLETE
2026-09-03 10:05:50.435,v1.6.9,20260903_088350_WIDE_HIGH_GAP_SHADOW_E001_100050066170,WIDE_HIGH_GAP_SHADOW,088350,한화생명,2026-09-03 10:00:50.066,6340.0,6346.339999999999,MAIN,MAIN,2026-09-03 10:00:50.043,2026-09-03 09:40:24.096,6480.0,2026-09-03 10:00:50.043,6340.0,1225.947253,-2.1604938271604923,True,20260903_088350_SHADOW_SCORE_70_74_E001_093706022188,2026-09-03 10:00:50.138,6340.0,0.095166,0.0,-0.09990009990008787,0.0,300,300.369,6250.0,-1.4195583596214512,-1.5180403193021372,0.47318611987381703,-1.7350157728706623,0.37281330656726186,-1.8331825902803702,COMPLETE
2026-09-03 10:06:24.036,v1.6.9,20260903_441270_WIDE_HIGH_GAP_SHADOW_E005_100123850857,WIDE_HIGH_GAP_SHADOW,441270,파인엠텍,2026-09-03 10:01:23.850,9060.0,9069.06,MAIN,MAIN,2026-09-03 10:01:23.821,,,2026-09-03 10:01:23.821,9060.0,,,False,,2026-09-03 10:01:24.039,9040.0,0.21818,-0.22075055187637968,-0.3204301217546195,0.22075055187637968,300,300.186,9280.0,2.4282560706401766,2.3259301404996826,2.6490066225165565,-0.5518763796909493,2.546460162354208,-0.6512251545364073,COMPLETE
2026-09-03 10:07:31.234,v1.6.9,20260903_088350_WIDE_HIGH_GAP_SHADOW_E002_100231139751,WIDE_HIGH_GAP_SHADOW,088350,한화생명,2026-09-03 10:02:31.139,6340.0,6346.339999999999,MAIN,MAIN,2026-09-03 10:02:31.118,,,2026-09-03 10:02:31.118,6340.0,,,False,,2026-09-03 10:02:31.160,6330.0,0.042378,-0.15772870662460567,-0.25747123538920447,0.15772870662460567,300,300.094,6260.0,-1.2618296529968454,-1.3604691838130205,0.0,-1.7350157728706623,-0.09990009990008787,-1.8331825902803702,COMPLETE
2026-09-03 10:07:33.335,v1.6.9,20260903_088350_WIDE_HIGH_GAP_SHADOW_E003_100703129005,WIDE_HIGH_GAP_SHADOW,088350,한화생명,2026-09-03 10:07:03.129,6260.0,6266.259999999999,MAIN,MAIN,2026-09-03 10:07:03.119,,,2026-09-03 10:07:03.119,6260.0,,,False,,2026-09-03 10:07:03.234,6260.0,0.115532,0.0,-0.09990009990008888,0.0,30,30.206,6260.0,0.0,-0.09990009990008888,0.1597444089456869,-0.3194888178913738,0.05968472422147647,-0.41906974814321957,COMPLETE
2026-09-03 10:07:49.235,v1.6.9,20260903_008930_WIDE_HIGH_GAP_SHADOW_E004_100248674424,WIDE_HIGH_GAP_SHADOW,008930,한미사이언스,2026-09-03 10:02:48.674,52300.0,52352.299999999996,MAIN,MAIN,2026-09-03 10:02:48.620,,,2026-09-03 10:02:48.620,52300.0,,,False,,2026-09-03 10:02:49.637,52200.0,1.016836,-0.19120458891013384,-0.29091367523489065,0.19120458891013384,300,300.561,52700.0,0.7648183556405354,0.6641542014391046,1.147227533460803,-0.9560229445506693,1.0461813521087029,-1.054967976574087,COMPLETE
2026-09-03 10:08:03.747,v1.6.9,20260903_088350_WIDE_HIGH_GAP_SHADOW_E003_100703129005,WIDE_HIGH_GAP_SHADOW,088350,한화생명,2026-09-03 10:07:03.129,6260.0,6266.259999999999,MAIN,MAIN,2026-09-03 10:07:03.119,,,2026-09-03 10:07:03.119,6260.0,,,False,,2026-09-03 10:07:03.234,6260.0,0.115532,0.0,-0.09990009990008888,0.0,60,60.619,6250.0,-0.1597444089456869,-0.25948492402165424,0.1597444089456869,-0.3194888178913738,0.05968472422147647,-0.41906974814321957,COMPLETE
2026-09-03 10:08:09.633,v1.6.9,20260903_088350_WIDE_HIGH_GAP_SHADOW_E004_100739451318,WIDE_HIGH_GAP_SHADOW,088350,한화생명,2026-09-03 10:07:39.451,6260.0,6266.259999999999,MAIN,MAIN,2026-09-03 10:07:39.437,,,2026-09-03 10:07:39.437,6260.0,,,False,,2026-09-03 10:07:39.634,6260.0,0.197597,0.0,-0.09990009990008888,0.0,30,30.182,6270.0,0.1597444089456869,0.05968472422147647,0.1597444089456869,-0.1597444089456869,0.05968472422147647,-0.25948492402165424,COMPLETE
2026-09-03 10:08:39.532,v1.6.9,20260903_088350_WIDE_HIGH_GAP_SHADOW_E004_100739451318,WIDE_HIGH_GAP_SHADOW,088350,한화생명,2026-09-03 10:07:39.451,6260.0,6266.259999999999,MAIN,MAIN,2026-09-03 10:07:39.437,,,2026-09-03 10:07:39.437,6260.0,,,False,,2026-09-03 10:07:39.634,6260.0,0.197597,0.0,-0.09990009990008888,0.0,60,60.082,6290.0,0.4792332268370607,0.3788543724646072,0.4792332268370607,-0.1597444089456869,0.3788543724646072,-0.25948492402165424,COMPLETE
2026-09-03 10:08:44.144,v1.6.9,20260903_088350_WIDE_HIGH_GAP_SHADOW_E005_100813972483,WIDE_HIGH_GAP_SHADOW,088350,한화생명,2026-09-03 10:08:13.972,6270.0,6276.2699999999995,MAIN,MAIN,2026-09-03 10:08:13.954,,,2026-09-03 10:08:13.954,6270.0,,,False,,2026-09-03 10:08:14.143,6270.0,0.188619,0.0,-0.09990009990009238,0.0,30,30.172,6290.0,0.3189792663476874,0.21876050584185308,0.4784688995215311,-0.1594896331738437,0.37809080871282585,-0.2592304027710651,COMPLETE
2026-09-03 10:09:03.133,v1.6.9,20260903_088350_WIDE_HIGH_GAP_SHADOW_E003_100703129005,WIDE_HIGH_GAP_SHADOW,088350,한화생명,2026-09-03 10:07:03.129,6260.0,6266.259999999999,MAIN,MAIN,2026-09-03 10:07:03.119,,,2026-09-03 10:07:03.119,6260.0,,,False,,2026-09-03 10:07:03.234,6260.0,0.115532,0.0,-0.09990009990008888,0.0,120,120.004,6290.0,0.4792332268370607,0.3788543724646072,0.6389776357827476,-0.3194888178913738,0.5384391965861726,-0.41906974814321957,COMPLETE
2026-09-03 10:09:14.033,v1.6.9,20260903_088350_WIDE_HIGH_GAP_SHADOW_E005_100813972483,WIDE_HIGH_GAP_SHADOW,088350,한화생명,2026-09-03 10:08:13.972,6270.0,6276.2699999999995,MAIN,MAIN,2026-09-03 10:08:13.954,,,2026-09-03 10:08:13.954,6270.0,,,False,,2026-09-03 10:08:14.143,6270.0,0.188619,0.0,-0.09990009990009238,0.0,60,60.061,6300.0,0.4784688995215311,0.37809080871282585,0.4784688995215311,-0.1594896331738437,0.37809080871282585,-0.2592304027710651,COMPLETE
2026-09-03 10:09:39.534,v1.6.9,20260903_088350_WIDE_HIGH_GAP_SHADOW_E004_100739451318,WIDE_HIGH_GAP_SHADOW,088350,한화생명,2026-09-03 10:07:39.451,6260.0,6266.259999999999,MAIN,MAIN,2026-09-03 10:07:39.437,,,2026-09-03 10:07:39.437,6260.0,,,False,,2026-09-03 10:07:39.634,6260.0,0.197597,0.0,-0.09990009990008888,0.0,120,120.083,6280.0,0.3194888178913738,0.21926954834304183,0.6389776357827476,-0.1597444089456869,0.5384391965861726,-0.25948492402165424,COMPLETE
2026-09-03 10:09:54.932,v1.6.9,20260903_010140_SHADOW_SCORE_70_74_E002_100924885755,SHADOW_SCORE_70_74,010140,삼성중공업,2026-09-03 10:09:24.885,20850.0,20870.85,MAIN,MAIN,2026-09-03 10:09:24.866,,,2026-09-03 10:09:24.866,20850.0,,,False,,2026-09-03 10:09:25.432,20900.0,0.565671,0.2398081534772182,0.13966848499223297,0.2398081534772182,30,30.046,20900.0,0.2398081534772182,0.13966848499223297,0.2398081534772182,0.0,0.13966848499223297,-0.09990009990009294,COMPLETE
2026-09-03 10:10:03.232,v1.6.9,20260903_088350_WIDE_HIGH_GAP_SHADOW_E003_100703129005,WIDE_HIGH_GAP_SHADOW,088350,한화생명,2026-09-03 10:07:03.129,6260.0,6266.259999999999,MAIN,MAIN,2026-09-03 10:07:03.119,,,2026-09-03 10:07:03.119,6260.0,,,False,,2026-09-03 10:07:03.234,6260.0,0.115532,0.0,-0.09990009990008888,0.0,180,180.103,6270.0,0.1597444089456869,0.05968472422147647,0.6389776357827476,-0.3194888178913738,0.5384391965861726,-0.41906974814321957,COMPLETE
2026-09-03 10:10:14.031,v1.6.9,20260903_088350_WIDE_HIGH_GAP_SHADOW_E005_100813972483,WIDE_HIGH_GAP_SHADOW,088350,한화생명,2026-09-03 10:08:13.972,6270.0,6276.2699999999995,MAIN,MAIN,2026-09-03 10:08:13.954,,,2026-09-03 10:08:13.954,6270.0,,,False,,2026-09-03 10:08:14.143,6270.0,0.188619,0.0,-0.09990009990009238,0.0,120,120.059,6280.0,0.1594896331738437,0.059430202970880364,0.4784688995215311,-0.1594896331738437,0.37809080871282585,-0.2592304027710651,COMPLETE
2026-09-03 10:10:25.241,v1.6.9,20260903_010140_SHADOW_SCORE_70_74_E002_100924885755,SHADOW_SCORE_70_74,010140,삼성중공업,2026-09-03 10:09:24.885,20850.0,20870.85,MAIN,MAIN,2026-09-03 10:09:24.866,,,2026-09-03 10:09:24.866,20850.0,,,False,,2026-09-03 10:09:25.432,20900.0,0.565671,0.2398081534772182,0.13966848499223297,0.2398081534772182,60,60.356,20800.0,-0.2398081534772182,-0.3394686847924188,0.2398081534772182,-0.2398081534772182,0.13966848499223297,-0.3394686847924188,COMPLETE
2026-09-03 10:10:39.531,v1.6.9,20260903_088350_WIDE_HIGH_GAP_SHADOW_E004_100739451318,WIDE_HIGH_GAP_SHADOW,088350,한화생명,2026-09-03 10:07:39.451,6260.0,6266.259999999999,MAIN,MAIN,2026-09-03 10:07:39.437,,,2026-09-03 10:07:39.437,6260.0,,,False,,2026-09-03 10:07:39.634,6260.0,0.197597,0.0,-0.09990009990008888,0.0,180,180.08,6280.0,0.3194888178913738,0.21926954834304183,0.6389776357827476,-0.1597444089456869,0.5384391965861726,-0.25948492402165424,COMPLETE
2026-09-03 10:10:52.132,v1.6.9,20260903_004710_WIDE_HIGH_GAP_SHADOW_E002_101021421384,WIDE_HIGH_GAP_SHADOW,004710,한솔테크닉스,2026-09-03 10:10:21.421,8570.0,8578.57,MAIN,MAIN,2026-09-03 10:10:21.407,,,2026-09-03 10:10:21.407,8570.0,,,False,,2026-09-03 10:10:22.132,8590.0,0.725249,0.2333722287047841,0.13323898971507245,0.2333722287047841,30,30.711,8630.0,0.7001166861143524,0.5995171689454104,0.7001166861143524,0.0,0.5995171689454104,-0.09990009990009652,COMPLETE
2026-09-03 10:11:10.634,v1.6.9,20260903_008930_WIDE_HIGH_GAP_SHADOW_E005_101040581190,WIDE_HIGH_GAP_SHADOW,008930,한미사이언스,2026-09-03 10:10:40.581,52350.0,52402.34999999999,MAIN,MAIN,2026-09-03 10:10:40.564,,,2026-09-03 10:10:40.564,52350.0,,,False,,2026-09-03 10:10:41.832,52300.0,1.267486,-0.09551098376313276,-0.1953156680950211,0.09551098376313276,30,30.054,52400.0,0.09551098376313276,-0.004484531705145416,0.09551098376313276,-0.28653295128939826,-0.004484531705145416,-0.38614680448489674,COMPLETE
2026-09-03 10:11:14.033,v1.6.9,20260903_088350_WIDE_HIGH_GAP_SHADOW_E005_100813972483,WIDE_HIGH_GAP_SHADOW,088350,한화생명,2026-09-03 10:08:13.972,6270.0,6276.2699999999995,MAIN,MAIN,2026-09-03 10:08:13.954,,,2026-09-03 10:08:13.954,6270.0,,,False,,2026-09-03 10:08:14.143,6270.0,0.188619,0.0,-0.09990009990009238,0.0,180,180.061,6270.0,0.0,-0.09990009990009238,0.4784688995215311,-0.1594896331738437,0.37809080871282585,-0.2592304027710651,COMPLETE
2026-09-03 10:11:22.831,v1.6.9,20260903_004710_WIDE_HIGH_GAP_SHADOW_E002_101021421384,WIDE_HIGH_GAP_SHADOW,004710,한솔테크닉스,2026-09-03 10:10:21.421,8570.0,8578.57,MAIN,MAIN,2026-09-03 10:10:21.407,,,2026-09-03 10:10:21.407,8570.0,,,False,,2026-09-03 10:10:22.132,8590.0,0.725249,0.2333722287047841,0.13323898971507245,0.2333722287047841,60,61.41,8620.0,0.5834305717619603,0.48294762413782594,0.9334889148191364,0.0,0.8326562585605793,-0.09990009990009652,COMPLETE
2026-09-03 10:11:26.281,v1.6.9,20260903_010140_SHADOW_SCORE_70_74_E002_100924885755,SHADOW_SCORE_70_74,010140,삼성중공업,2026-09-03 10:09:24.885,20850.0,20870.85,MAIN,MAIN,2026-09-03 10:09:24.866,,,2026-09-03 10:09:24.866,20850.0,,,False,,2026-09-03 10:09:25.432,20900.0,0.565671,0.2398081534772182,0.13966848499223297,0.2398081534772182,120,121.396,20800.0,-0.2398081534772182,-0.3394686847924188,0.2398081534772182,-0.4796163069544364,0.13966848499223297,-0.5790372696847448,COMPLETE
2026-09-03 10:11:41.331,v1.6.9,20260903_008930_WIDE_HIGH_GAP_SHADOW_E005_101040581190,WIDE_HIGH_GAP_SHADOW,008930,한미사이언스,2026-09-03 10:10:40.581,52350.0,52402.34999999999,MAIN,MAIN,2026-09-03 10:10:40.564,,,2026-09-03 10:10:40.564,52350.0,,,False,,2026-09-03 10:10:41.832,52300.0,1.267486,-0.09551098376313276,-0.1953156680950211,0.09551098376313276,60,60.75,52300.0,-0.09551098376313276,-0.1953156680950211,0.28653295128939826,-0.4775549188156638,0.18634660468473024,-0.5769779408747724,COMPLETE
2026-09-03 10:12:03.776,v1.6.9,20260903_088350_WIDE_HIGH_GAP_SHADOW_E003_100703129005,WIDE_HIGH_GAP_SHADOW,088350,한화생명,2026-09-03 10:07:03.129,6260.0,6266.259999999999,MAIN,MAIN,2026-09-03 10:07:03.119,,,2026-09-03 10:07:03.119,6260.0,,,False,,2026-09-03 10:07:03.234,6260.0,0.115532,0.0,-0.09990009990008888,0.0,300,300.647,6220.0,-0.6389776357827476,-0.7382393963863503,0.6389776357827476,-0.6389776357827476,0.5384391965861726,-0.7382393963863503,COMPLETE
2026-09-03 10:12:03.780,v1.6.9,20260903_008930_WIDE_HIGH_GAP_SHADOW_E006_101132097561,WIDE_HIGH_GAP_SHADOW,008930,한미사이언스,2026-09-03 10:11:32.097,52300.0,52352.299999999996,MAIN,MAIN,2026-09-03 10:11:32.080,,,2026-09-03 10:11:32.080,52300.0,,,False,,2026-09-03 10:11:32.546,52300.0,0.465257,0.0,-0.09990009990009158,0.0,30,31.683,52300.0,0.0,-0.09990009990009158,0.19120458891013384,-0.3824091778202677,0.09111347543470749,-0.4819272505696897,COMPLETE
2026-09-03 10:12:04.571,v1.6.9,20260903_004710_WIDE_HIGH_GAP_SHADOW_E003_101132075404,WIDE_HIGH_GAP_SHADOW,004710,한솔테크닉스,2026-09-03 10:11:32.075,8580.0,8588.58,MAIN,MAIN,2026-09-03 10:11:32.037,,,2026-09-03 10:11:32.037,8580.0,,,False,,2026-09-03 10:11:32.134,8550.0,0.097173,-0.34965034965034963,-0.44920114850184695,0.34965034965034963,30,32.496,8590.0,0.11655011655011654,0.016533582967150247,0.2331002331002331,-0.5827505827505828,0.13296726583439955,-0.6820685142363456,COMPLETE
2026-09-03 10:12:23.233,v1.6.9,20260903_004710_WIDE_HIGH_GAP_SHADOW_E002_101021421384,WIDE_HIGH_GAP_SHADOW,004710,한솔테크닉스,2026-09-03 10:10:21.421,8570.0,8578.57,MAIN,MAIN,2026-09-03 10:10:21.407,,,2026-09-03 10:10:21.407,8570.0,,,False,,2026-09-03 10:10:22.132,8590.0,0.725249,0.2333722287047841,0.13323898971507245,0.2333722287047841,120,121.812,8600.0,0.3500583430571762,0.24980853452265692,0.9334889148191364,-0.4667444574095682,0.8326562585605793,-0.5661782791304345,COMPLETE
2026-09-03 10:12:25.733,v1.6.9,20260903_010140_SHADOW_SCORE_70_74_E002_100924885755,SHADOW_SCORE_70_74,010140,삼성중공업,2026-09-03 10:09:24.885,20850.0,20870.85,MAIN,MAIN,2026-09-03 10:09:24.866,,,2026-09-03 10:09:24.866,20850.0,,,False,,2026-09-03 10:09:25.432,20900.0,0.565671,0.2398081534772182,0.13966848499223297,0.2398081534772182,180,180.848,20850.0,0.0,-0.09990009990009294,0.2398081534772182,-0.4796163069544364,0.13966848499223297,-0.5790372696847448,COMPLETE
2026-09-03 10:12:32.432,v1.6.9,20260903_004710_WIDE_HIGH_GAP_SHADOW_E003_101132075404,WIDE_HIGH_GAP_SHADOW,004710,한솔테크닉스,2026-09-03 10:11:32.075,8580.0,8588.58,MAIN,MAIN,2026-09-03 10:11:32.037,,,2026-09-03 10:11:32.037,8580.0,,,False,,2026-09-03 10:11:32.134,8550.0,0.097173,-0.34965034965034963,-0.44920114850184695,0.34965034965034963,60,60.357,8580.0,0.0,-0.09990009990009906,0.6993006993006993,-0.5827505827505828,0.5987019973033967,-0.6820685142363456,COMPLETE
2026-09-03 10:12:32.446,v1.6.9,20260903_008930_WIDE_HIGH_GAP_SHADOW_E006_101132097561,WIDE_HIGH_GAP_SHADOW,008930,한미사이언스,2026-09-03 10:11:32.097,52300.0,52352.299999999996,MAIN,MAIN,2026-09-03 10:11:32.080,,,2026-09-03 10:11:32.080,52300.0,,,False,,2026-09-03 10:11:32.546,52300.0,0.465257,0.0,-0.09990009990009158,0.0,60,60.349,52150.0,-0.28680688336520077,-0.38642046290229015,0.19120458891013384,-0.3824091778202677,0.09111347543470749,-0.4819272505696897,COMPLETE
2026-09-03 10:12:39.532,v1.6.9,20260903_088350_WIDE_HIGH_GAP_SHADOW_E004_100739451318,WIDE_HIGH_GAP_SHADOW,088350,한화생명,2026-09-03 10:07:39.451,6260.0,6266.259999999999,MAIN,MAIN,2026-09-03 10:07:39.437,,,2026-09-03 10:07:39.437,6260.0,,,False,,2026-09-03 10:07:39.634,6260.0,0.197597,0.0,-0.09990009990008888,0.0,300,300.081,6220.0,-0.6389776357827476,-0.7382393963863503,0.6389776357827476,-0.9584664536741214,0.5384391965861726,-1.057409044629481,COMPLETE
2026-09-03 10:12:41.031,v1.6.9,20260903_008930_WIDE_HIGH_GAP_SHADOW_E005_101040581190,WIDE_HIGH_GAP_SHADOW,008930,한미사이언스,2026-09-03 10:10:40.581,52350.0,52402.34999999999,MAIN,MAIN,2026-09-03 10:10:40.564,,,2026-09-03 10:10:40.564,52350.0,,,False,,2026-09-03 10:10:41.832,52300.0,1.267486,-0.09551098376313276,-0.1953156680950211,0.09551098376313276,120,120.45,52200.0,-0.28653295128939826,-0.38614680448489674,0.28653295128939826,-0.4775549188156638,0.18634660468473024,-0.5769779408747724,COMPLETE
2026-09-03 10:13:14.341,v1.6.9,20260903_088350_WIDE_HIGH_GAP_SHADOW_E005_100813972483,WIDE_HIGH_GAP_SHADOW,088350,한화생명,2026-09-03 10:08:13.972,6270.0,6276.2699999999995,MAIN,MAIN,2026-09-03 10:08:13.954,,,2026-09-03 10:08:13.954,6270.0,,,False,,2026-09-03 10:08:14.143,6270.0,0.188619,0.0,-0.09990009990009238,0.0,300,300.369,6220.0,-0.7974481658692184,-0.896551614254956,0.4784688995215311,-1.1164274322169059,0.37809080871282585,-1.2152122199969015,COMPLETE
2026-09-03 10:13:21.930,v1.6.9,20260903_004710_WIDE_HIGH_GAP_SHADOW_E002_101021421384,WIDE_HIGH_GAP_SHADOW,004710,한솔테크닉스,2026-09-03 10:10:21.421,8570.0,8578.57,MAIN,MAIN,2026-09-03 10:10:21.407,,,2026-09-03 10:10:21.407,8570.0,,,False,,2026-09-03 10:10:22.132,8590.0,0.725249,0.2333722287047841,0.13323898971507245,0.2333722287047841,180,180.509,8540.0,-0.3500583430571762,-0.44960873432285,0.9334889148191364,-0.4667444574095682,0.8326562585605793,-0.5661782791304345,COMPLETE
2026-09-03 10:13:35.729,v1.6.9,20260903_008930_WIDE_HIGH_GAP_SHADOW_E006_101132097561,WIDE_HIGH_GAP_SHADOW,008930,한미사이언스,2026-09-03 10:11:32.097,52300.0,52352.299999999996,MAIN,MAIN,2026-09-03 10:11:32.080,,,2026-09-03 10:11:32.080,52300.0,,,False,,2026-09-03 10:11:32.546,52300.0,0.465257,0.0,-0.09990009990009158,0.0,120,123.632,52300.0,0.0,-0.09990009990009158,0.19120458891013384,-0.3824091778202677,0.09111347543470749,-0.4819272505696897,COMPLETE
2026-09-03 10:13:42.531,v1.6.9,20260903_008930_WIDE_HIGH_GAP_SHADOW_E005_101040581190,WIDE_HIGH_GAP_SHADOW,008930,한미사이언스,2026-09-03 10:10:40.581,52350.0,52402.34999999999,MAIN,MAIN,2026-09-03 10:10:40.564,,,2026-09-03 10:10:40.564,52350.0,,,False,,2026-09-03 10:10:41.832,52300.0,1.267486,-0.09551098376313276,-0.1953156680950211,0.09551098376313276,180,181.95,52400.0,0.09551098376313276,-0.004484531705145416,0.28653295128939826,-0.4775549188156638,0.18634660468473024,-0.5769779408747724,COMPLETE
2026-09-03 10:13:42.729,v1.6.9,20260903_004710_WIDE_HIGH_GAP_SHADOW_E003_101132075404,WIDE_HIGH_GAP_SHADOW,004710,한솔테크닉스,2026-09-03 10:11:32.075,8580.0,8588.58,MAIN,MAIN,2026-09-03 10:11:32.037,,,2026-09-03 10:11:32.037,8580.0,,,False,,2026-09-03 10:11:32.134,8550.0,0.097173,-0.34965034965034963,-0.44920114850184695,0.34965034965034963,120,130.654,8540.0,-0.4662004662004662,-0.5656348313690962,0.6993006993006993,-0.5827505827505828,0.5987019973033967,-0.6820685142363456,COMPLETE
2026-09-03 10:13:42.729,v1.6.9,20260903_004710_WIDE_HIGH_GAP_SHADOW_E004_101303533615,WIDE_HIGH_GAP_SHADOW,004710,한솔테크닉스,2026-09-03 10:13:03.533,8540.0,8548.539999999999,MAIN,MAIN,2026-09-03 10:13:03.519,,,2026-09-03 10:13:03.519,8540.0,,,False,,2026-09-03 10:13:03.629,8540.0,0.110394,0.0,-0.09990009990008884,0.0,30,39.196,8540.0,0.0,-0.09990009990008884,0.5854800936768151,-0.117096018735363,0.48499509857824785,-0.21687913959575622,COMPLETE
2026-09-03 10:14:04.331,v1.6.9,20260903_004710_WIDE_HIGH_GAP_SHADOW_E004_101303533615,WIDE_HIGH_GAP_SHADOW,004710,한솔테크닉스,2026-09-03 10:13:03.533,8540.0,8548.539999999999,MAIN,MAIN,2026-09-03 10:13:03.519,,,2026-09-03 10:13:03.519,8540.0,,,False,,2026-09-03 10:13:03.629,8540.0,0.110394,0.0,-0.09990009990008884,0.0,60,60.798,8530.0,-0.117096018735363,-0.21687913959575622,0.5854800936768151,-0.117096018735363,0.48499509857824785,-0.21687913959575622,COMPLETE
2026-09-03 10:14:24.929,v1.6.9,20260903_010140_SHADOW_SCORE_70_74_E002_100924885755,SHADOW_SCORE_70_74,010140,삼성중공업,2026-09-03 10:09:24.885,20850.0,20870.85,MAIN,MAIN,2026-09-03 10:09:24.866,,,2026-09-03 10:09:24.866,20850.0,,,False,,2026-09-03 10:09:25.432,20900.0,0.565671,0.2398081534772182,0.13966848499223297,0.2398081534772182,300,300.044,20850.0,0.0,-0.09990009990009294,0.2398081534772182,-0.4796163069544364,0.13966848499223297,-0.5790372696847448,COMPLETE
2026-09-03 10:14:32.230,v1.6.9,20260903_004710_WIDE_HIGH_GAP_SHADOW_E003_101132075404,WIDE_HIGH_GAP_SHADOW,004710,한솔테크닉스,2026-09-03 10:11:32.075,8580.0,8588.58,MAIN,MAIN,2026-09-03 10:11:32.037,,,2026-09-03 10:11:32.037,8580.0,,,False,,2026-09-03 10:11:32.134,8550.0,0.097173,-0.34965034965034963,-0.44920114850184695,0.34965034965034963,180,180.155,8580.0,0.0,-0.09990009990009906,0.6993006993006993,-0.5827505827505828,0.5987019973033967,-0.6820685142363456,COMPLETE
2026-09-03 10:14:33.229,v1.6.9,20260903_008930_WIDE_HIGH_GAP_SHADOW_E006_101132097561,WIDE_HIGH_GAP_SHADOW,008930,한미사이언스,2026-09-03 10:11:32.097,52300.0,52352.299999999996,MAIN,MAIN,2026-09-03 10:11:32.080,,,2026-09-03 10:11:32.080,52300.0,,,False,,2026-09-03 10:11:32.546,52300.0,0.465257,0.0,-0.09990009990009158,0.0,180,181.132,52300.0,0.0,-0.09990009990009158,0.3824091778202677,-0.3824091778202677,0.28212705076950656,-0.4819272505696897,COMPLETE
2026-09-03 10:14:46.938,v1.6.9,20260903_088350_WIDE_HIGH_GAP_SHADOW_E006_101416746296,WIDE_HIGH_GAP_SHADOW,088350,한화생명,2026-09-03 10:14:16.746,6260.0,6266.259999999999,MAIN,MAIN,2026-09-03 10:14:16.721,,,2026-09-03 10:14:16.721,6260.0,,,False,,2026-09-03 10:14:16.929,6270.0,0.207525,0.1597444089456869,0.05968472422147647,0.1597444089456869,30,30.192,6230.0,-0.4792332268370607,-0.5786545722647849,0.1597444089456869,-0.4792332268370607,0.05968472422147647,-0.5786545722647849,COMPLETE
2026-09-03 10:14:47.028,v1.6.9,20260903_008930_WIDE_HIGH_GAP_SHADOW_E007_101416715237,WIDE_HIGH_GAP_SHADOW,008930,한미사이언스,2026-09-03 10:14:16.715,52300.0,52352.299999999996,MAIN,MAIN,2026-09-03 10:14:16.685,,,2026-09-03 10:14:16.685,52300.0,,,False,,2026-09-03 10:14:17.228,52300.0,0.543217,0.0,-0.09990009990009158,0.0,30,30.314,52300.0,0.0,-0.09990009990009158,0.3824091778202677,-0.3824091778202677,0.28212705076950656,-0.4819272505696897,COMPLETE
2026-09-03 10:15:04.529,v1.6.9,20260903_004710_WIDE_HIGH_GAP_SHADOW_E004_101303533615,WIDE_HIGH_GAP_SHADOW,004710,한솔테크닉스,2026-09-03 10:13:03.533,8540.0,8548.539999999999,MAIN,MAIN,2026-09-03 10:13:03.519,,,2026-09-03 10:13:03.519,8540.0,,,False,,2026-09-03 10:13:03.629,8540.0,0.110394,0.0,-0.09990009990008884,0.0,120,120.996,8560.0,0.234192037470726,0.13405797949124584,0.5854800936768151,-0.117096018735363,0.48499509857824785,-0.21687913959575622,COMPLETE
2026-09-03 10:15:16.933,v1.6.9,20260903_008930_WIDE_HIGH_GAP_SHADOW_E007_101416715237,WIDE_HIGH_GAP_SHADOW,008930,한미사이언스,2026-09-03 10:14:16.715,52300.0,52352.299999999996,MAIN,MAIN,2026-09-03 10:14:16.685,,,2026-09-03 10:14:16.685,52300.0,,,False,,2026-09-03 10:14:17.228,52300.0,0.543217,0.0,-0.09990009990009158,0.0,60,60.218,52200.0,-0.19120458891013384,-0.29091367523489065,0.3824091778202677,-0.5736137667304015,0.28212705076950656,-0.6729408259044887,COMPLETE
2026-09-03 10:15:17.840,v1.6.9,20260903_088350_WIDE_HIGH_GAP_SHADOW_E006_101416746296,WIDE_HIGH_GAP_SHADOW,088350,한화생명,2026-09-03 10:14:16.746,6260.0,6266.259999999999,MAIN,MAIN,2026-09-03 10:14:16.721,,,2026-09-03 10:14:16.721,6260.0,,,False,,2026-09-03 10:14:16.929,6270.0,0.207525,0.1597444089456869,0.05968472422147647,0.1597444089456869,60,61.095,6240.0,-0.3194888178913738,-0.41906974814321957,0.1597444089456869,-0.6389776357827476,0.05968472422147647,-0.7382393963863503,COMPLETE
2026-09-03 10:15:22.638,v1.6.9,20260903_004710_WIDE_HIGH_GAP_SHADOW_E002_101021421384,WIDE_HIGH_GAP_SHADOW,004710,한솔테크닉스,2026-09-03 10:10:21.421,8570.0,8578.57,MAIN,MAIN,2026-09-03 10:10:21.407,,,2026-09-03 10:10:21.407,8570.0,,,False,,2026-09-03 10:10:22.132,8590.0,0.725249,0.2333722287047841,0.13323898971507245,0.2333722287047841,300,301.217,8550.0,-0.2333722287047841,-0.3330391895152655,0.9334889148191364,-0.4667444574095682,0.8326562585605793,-0.5661782791304345,COMPLETE
2026-09-03 10:15:24.229,v1.6.9,20260903_008930_WIDE_HIGH_GAP_SHADOW_E008_101452895147,WIDE_HIGH_GAP_SHADOW,008930,한미사이언스,2026-09-03 10:14:52.895,52300.0,52352.299999999996,MAIN,MAIN,2026-09-03 10:14:52.854,,,2026-09-03 10:14:52.854,52300.0,,,False,,2026-09-03 10:14:53.429,52300.0,0.574319,0.0,-0.09990009990009158,0.0,30,31.334,52000.0,-0.5736137667304015,-0.6729408259044887,0.0,-0.5736137667304015,-0.09990009990009158,-0.6729408259044887,COMPLETE
2026-09-03 10:15:41.238,v1.6.9,20260903_008930_WIDE_HIGH_GAP_SHADOW_E005_101040581190,WIDE_HIGH_GAP_SHADOW,008930,한미사이언스,2026-09-03 10:10:40.581,52350.0,52402.34999999999,MAIN,MAIN,2026-09-03 10:10:40.564,,,2026-09-03 10:10:40.564,52350.0,,,False,,2026-09-03 10:10:41.832,52300.0,1.267486,-0.09551098376313276,-0.1953156680950211,0.09551098376313276,300,300.657,52100.0,-0.4775549188156638,-0.5769779408747724,0.28653295128939826,-0.6685768863419294,0.18634660468473024,-0.7678090772646481,COMPLETE
2026-09-03 10:15:53.840,v1.6.9,20260903_008930_WIDE_HIGH_GAP_SHADOW_E008_101452895147,WIDE_HIGH_GAP_SHADOW,008930,한미사이언스,2026-09-03 10:14:52.895,52300.0,52352.299999999996,MAIN,MAIN,2026-09-03 10:14:52.854,,,2026-09-03 10:14:52.854,52300.0,,,False,,2026-09-03 10:14:53.429,52300.0,0.574319,0.0,-0.09990009990009158,0.0,60,60.945,52100.0,-0.3824091778202677,-0.4819272505696897,0.0,-0.5736137667304015,-0.09990009990009158,-0.6729408259044887,COMPLETE
2026-09-03 10:15:58.839,v1.6.9,20260903_042660_SHADOW_SCORE_70_74_E001_101528665375,SHADOW_SCORE_70_74,042660,한화오션,2026-09-03 10:15:28.665,86400.0,86486.4,MAIN,MAIN,2026-09-03 10:15:28.648,,,2026-09-03 10:15:28.648,86400.0,,,False,,2026-09-03 10:15:29.139,86500.0,0.49149,0.11574074074074073,0.015725015725022457,0.11574074074074073,30,30.174,86300.0,-0.11574074074074073,-0.21552521552520879,0.11574074074074073,-0.11574074074074073,0.015725015725022457,-0.21552521552520879,COMPLETE
2026-09-03 10:16:03.850,v1.6.9,20260903_004710_WIDE_HIGH_GAP_SHADOW_E004_101303533615,WIDE_HIGH_GAP_SHADOW,004710,한솔테크닉스,2026-09-03 10:13:03.533,8540.0,8548.539999999999,MAIN,MAIN,2026-09-03 10:13:03.519,,,2026-09-03 10:13:03.519,8540.0,,,False,,2026-09-03 10:13:03.629,8540.0,0.110394,0.0,-0.09990009990008884,0.0,180,180.317,8500.0,-0.468384074941452,-0.5678162586827582,0.5854800936768151,-0.468384074941452,0.48499509857824785,-0.5678162586827582,COMPLETE
2026-09-03 10:16:16.738,v1.6.9,20260903_088350_WIDE_HIGH_GAP_SHADOW_E007_101546208779,WIDE_HIGH_GAP_SHADOW,088350,한화생명,2026-09-03 10:15:46.208,6270.0,6276.2699999999995,MAIN,MAIN,2026-09-03 10:15:46.187,,,2026-09-03 10:15:46.187,6270.0,,,False,,2026-09-03 10:15:46.538,6270.0,0.350576,0.0,-0.09990009990009238,0.0,30,30.529,6270.0,0.0,-0.09990009990009238,0.0,-0.1594896331738437,-0.09990009990009238,-0.2592304027710651,COMPLETE
2026-09-03 10:16:16.765,v1.6.9,20260903_008930_WIDE_HIGH_GAP_SHADOW_E007_101416715237,WIDE_HIGH_GAP_SHADOW,008930,한미사이언스,2026-09-03 10:14:16.715,52300.0,52352.299999999996,MAIN,MAIN,2026-09-03 10:14:16.685,,,2026-09-03 10:14:16.685,52300.0,,,False,,2026-09-03 10:14:17.228,52300.0,0.543217,0.0,-0.09990009990009158,0.0,120,120.05,52200.0,-0.19120458891013384,-0.29091367523489065,0.3824091778202677,-0.5736137667304015,0.28212705076950656,-0.6729408259044887,COMPLETE
2026-09-03 10:16:17.167,v1.6.9,20260903_088350_WIDE_HIGH_GAP_SHADOW_E006_101416746296,WIDE_HIGH_GAP_SHADOW,088350,한화생명,2026-09-03 10:14:16.746,6260.0,6266.259999999999,MAIN,MAIN,2026-09-03 10:14:16.721,,,2026-09-03 10:14:16.721,6260.0,,,False,,2026-09-03 10:14:16.929,6270.0,0.207525,0.1597444089456869,0.05968472422147647,0.1597444089456869,120,120.422,6270.0,0.1597444089456869,0.05968472422147647,0.1597444089456869,-0.6389776357827476,0.05968472422147647,-0.7382393963863503,COMPLETE
2026-09-03 10:16:28.730,v1.6.9,20260903_042660_SHADOW_SCORE_70_74_E001_101528665375,SHADOW_SCORE_70_74,042660,한화오션,2026-09-03 10:15:28.665,86400.0,86486.4,MAIN,MAIN,2026-09-03 10:15:28.648,,,2026-09-03 10:15:28.648,86400.0,,,False,,2026-09-03 10:15:29.139,86500.0,0.49149,0.11574074074074073,0.015725015725022457,0.11574074074074073,60,60.065,86400.0,0.0,-0.09990009990009317,0.11574074074074073,-0.11574074074074073,0.015725015725022457,-0.21552521552520879,COMPLETE
2026-09-03 10:16:32.437,v1.6.9,20260903_008930_WIDE_HIGH_GAP_SHADOW_E006_101132097561,WIDE_HIGH_GAP_SHADOW,008930,한미사이언스,2026-09-03 10:11:32.097,52300.0,52352.299999999996,MAIN,MAIN,2026-09-03 10:11:32.080,,,2026-09-03 10:11:32.080,52300.0,,,False,,2026-09-03 10:11:32.546,52300.0,0.465257,0.0,-0.09990009990009158,0.0,300,300.34,52100.0,-0.3824091778202677,-0.4819272505696897,0.3824091778202677,-0.5736137667304015,0.28212705076950656,-0.6729408259044887,COMPLETE
2026-09-03 10:16:34.739,v1.6.9,20260903_004710_WIDE_HIGH_GAP_SHADOW_E003_101132075404,WIDE_HIGH_GAP_SHADOW,004710,한솔테크닉스,2026-09-03 10:11:32.075,8580.0,8588.58,MAIN,MAIN,2026-09-03 10:11:32.037,,,2026-09-03 10:11:32.037,8580.0,,,False,,2026-09-03 10:11:32.134,8550.0,0.097173,-0.34965034965034963,-0.44920114850184695,0.34965034965034963,300,302.664,8570.0,-0.11655011655011654,-0.21633378276734835,0.6993006993006993,-0.9324009324009324,0.5987019973033967,-1.0313695628380934,COMPLETE
2026-09-03 10:16:46.637,v1.6.9,20260903_088350_WIDE_HIGH_GAP_SHADOW_E007_101546208779,WIDE_HIGH_GAP_SHADOW,088350,한화생명,2026-09-03 10:15:46.208,6270.0,6276.2699999999995,MAIN,MAIN,2026-09-03 10:15:46.187,,,2026-09-03 10:15:46.187,6270.0,,,False,,2026-09-03 10:15:46.538,6270.0,0.350576,0.0,-0.09990009990009238,0.0,60,60.429,6300.0,0.4784688995215311,0.37809080871282585,0.4784688995215311,-0.1594896331738437,0.37809080871282585,-0.2592304027710651,COMPLETE
2026-09-03 10:16:55.948,v1.6.9,20260903_008930_WIDE_HIGH_GAP_SHADOW_E008_101452895147,WIDE_HIGH_GAP_SHADOW,008930,한미사이언스,2026-09-03 10:14:52.895,52300.0,52352.299999999996,MAIN,MAIN,2026-09-03 10:14:52.854,,,2026-09-03 10:14:52.854,52300.0,,,False,,2026-09-03 10:14:53.429,52300.0,0.574319,0.0,-0.09990009990009158,0.0,120,123.053,52200.0,-0.19120458891013384,-0.29091367523489065,0.0,-0.5736137667304015,-0.09990009990009158,-0.6729408259044887,COMPLETE
2026-09-03 10:17:11.637,v1.6.9,20260903_100840_WIDE_HIGH_GAP_SHADOW_E007_101641405214,WIDE_HIGH_GAP_SHADOW,100840,SNT에너지,2026-09-03 10:16:41.405,34300.0,34334.299999999996,MAIN,MAIN,2026-09-03 10:16:41.382,,,2026-09-03 10:16:41.382,34300.0,,,False,,2026-09-03 10:16:42.438,34350.0,1.056494,0.1457725947521866,0.04572686788431501,0.1457725947521866,30,30.232,34200.0,-0.2915451895043732,-0.3911540354688916,0.1457725947521866,-0.43731778425655976,0.04572686788431501,-0.5367810032532938,COMPLETE
2026-09-03 10:17:16.738,v1.6.9,20260903_008930_WIDE_HIGH_GAP_SHADOW_E007_101416715237,WIDE_HIGH_GAP_SHADOW,008930,한미사이언스,2026-09-03 10:14:16.715,52300.0,52352.299999999996,MAIN,MAIN,2026-09-03 10:14:16.685,,,2026-09-03 10:14:16.685,52300.0,,,False,,2026-09-03 10:14:17.228,52300.0,0.543217,0.0,-0.09990009990009158,0.0,180,180.023,52000.0,-0.5736137667304015,-0.6729408259044887,0.3824091778202677,-0.5736137667304015,0.28212705076950656,-0.6729408259044887,COMPLETE
2026-09-03 10:17:16.938,v1.6.9,20260903_088350_WIDE_HIGH_GAP_SHADOW_E006_101416746296,WIDE_HIGH_GAP_SHADOW,088350,한화생명,2026-09-03 10:14:16.746,6260.0,6266.259999999999,MAIN,MAIN,2026-09-03 10:14:16.721,,,2026-09-03 10:14:16.721,6260.0,,,False,,2026-09-03 10:14:16.929,6270.0,0.207525,0.1597444089456869,0.05968472422147647,0.1597444089456869,180,180.192,6290.0,0.4792332268370607,0.3788543724646072,0.6389776357827476,-0.6389776357827476,0.5384391965861726,-0.7382393963863503,COMPLETE
2026-09-03 10:17:28.937,v1.6.9,20260903_042660_SHADOW_SCORE_70_74_E001_101528665375,SHADOW_SCORE_70_74,042660,한화오션,2026-09-03 10:15:28.665,86400.0,86486.4,MAIN,MAIN,2026-09-03 10:15:28.648,,,2026-09-03 10:15:28.648,86400.0,,,False,,2026-09-03 10:15:29.139,86500.0,0.49149,0.11574074074074073,0.015725015725022457,0.11574074074074073,120,120.272,86400.0,0.0,-0.09990009990009317,0.11574074074074073,-0.23148148148148145,0.015725015725022457,-0.33115033115032444,COMPLETE
2026-09-03 10:17:41.539,v1.6.9,20260903_100840_WIDE_HIGH_GAP_SHADOW_E007_101641405214,WIDE_HIGH_GAP_SHADOW,100840,SNT에너지,2026-09-03 10:16:41.405,34300.0,34334.299999999996,MAIN,MAIN,2026-09-03 10:16:41.382,,,2026-09-03 10:16:41.382,34300.0,,,False,,2026-09-03 10:16:42.438,34350.0,1.056494,0.1457725947521866,0.04572686788431501,0.1457725947521866,60,60.134,34250.0,-0.1457725947521866,-0.24552706768448943,0.1457725947521866,-0.43731778425655976,0.04572686788431501,-0.5367810032532938,COMPLETE
2026-09-03 10:17:47.036,v1.6.9,20260903_088350_WIDE_HIGH_GAP_SHADOW_E007_101546208779,WIDE_HIGH_GAP_SHADOW,088350,한화생명,2026-09-03 10:15:46.208,6270.0,6276.2699999999995,MAIN,MAIN,2026-09-03 10:15:46.187,,,2026-09-03 10:15:46.187,6270.0,,,False,,2026-09-03 10:15:46.538,6270.0,0.350576,0.0,-0.09990009990009238,0.0,120,120.828,6285.0,0.23923444976076555,0.13909535440636672,0.4784688995215311,-0.1594896331738437,0.37809080871282585,-0.2592304027710651,COMPLETE
2026-09-03 10:17:53.036,v1.6.9,20260903_008930_WIDE_HIGH_GAP_SHADOW_E008_101452895147,WIDE_HIGH_GAP_SHADOW,008930,한미사이언스,2026-09-03 10:14:52.895,52300.0,52352.299999999996,MAIN,MAIN,2026-09-03 10:14:52.854,,,2026-09-03 10:14:52.854,52300.0,,,False,,2026-09-03 10:14:53.429,52300.0,0.574319,0.0,-0.09990009990009158,0.0,180,180.142,51700.0,-1.147227533460803,-1.245981551908886,0.0,-1.147227533460803,-0.09990009990009158,-1.245981551908886,COMPLETE
2026-09-03 10:18:03.636,v1.6.9,20260903_004710_WIDE_HIGH_GAP_SHADOW_E004_101303533615,WIDE_HIGH_GAP_SHADOW,004710,한솔테크닉스,2026-09-03 10:13:03.533,8540.0,8548.539999999999,MAIN,MAIN,2026-09-03 10:13:03.519,,,2026-09-03 10:13:03.519,8540.0,,,False,,2026-09-03 10:13:03.629,8540.0,0.110394,0.0,-0.09990009990008884,0.0,300,300.103,8630.0,1.053864168618267,0.9529112573609172,1.1709601873536302,-0.468384074941452,1.0698902970565847,-0.5678162586827582,COMPLETE
2026-09-03 10:18:24.040,v1.6.9,20260903_100840_WIDE_HIGH_GAP_SHADOW_E008_101753773375,WIDE_HIGH_GAP_SHADOW,100840,SNT에너지,2026-09-03 10:17:53.773,34250.0,34284.24999999999,MAIN,MAIN,2026-09-03 10:17:53.763,,,2026-09-03 10:17:53.763,34250.0,,,False,,2026-09-03 10:17:56.243,34225.0,2.479731,-0.072992700729927,-0.17281988084905675,0.072992700729927,30,30.267,34150.0,-0.291970802919708,-0.39157922369599085,0.0,-0.7299270072992701,-0.0999000999000787,-0.8290979093898591,COMPLETE
2026-09-03 10:18:29.136,v1.6.9,20260903_042660_SHADOW_SCORE_70_74_E001_101528665375,SHADOW_SCORE_70_74,042660,한화오션,2026-09-03 10:15:28.665,86400.0,86486.4,MAIN,MAIN,2026-09-03 10:15:28.648,,,2026-09-03 10:15:28.648,86400.0,,,False,,2026-09-03 10:15:29.139,86500.0,0.49149,0.11574074074074073,0.015725015725022457,0.11574074074074073,180,180.471,86400.0,0.0,-0.09990009990009317,0.11574074074074073,-0.23148148148148145,0.015725015725022457,-0.33115033115032444,COMPLETE
2026-09-03 10:18:42.837,v1.6.9,20260903_100840_WIDE_HIGH_GAP_SHADOW_E007_101641405214,WIDE_HIGH_GAP_SHADOW,100840,SNT에너지,2026-09-03 10:16:41.405,34300.0,34334.299999999996,MAIN,MAIN,2026-09-03 10:16:41.382,,,2026-09-03 10:16:41.382,34300.0,,,False,,2026-09-03 10:16:42.438,34350.0,1.056494,0.1457725947521866,0.04572686788431501,0.1457725947521866,120,121.432,34050.0,-0.7288629737609329,-0.8280349388220982,0.1457725947521866,-0.8746355685131195,0.04572686788431501,-0.9736619066065004,COMPLETE
2026-09-03 10:18:46.337,v1.6.9,20260903_088350_WIDE_HIGH_GAP_SHADOW_E007_101546208779,WIDE_HIGH_GAP_SHADOW,088350,한화생명,2026-09-03 10:15:46.208,6270.0,6276.2699999999995,MAIN,MAIN,2026-09-03 10:15:46.187,,,2026-09-03 10:15:46.187,6270.0,,,False,,2026-09-03 10:15:46.538,6270.0,0.350576,0.0,-0.09990009990009238,0.0,180,180.129,6300.0,0.4784688995215311,0.37809080871282585,0.4784688995215311,-0.1594896331738437,0.37809080871282585,-0.2592304027710651,COMPLETE
2026-09-03 10:18:54.238,v1.6.9,20260903_100840_WIDE_HIGH_GAP_SHADOW_E008_101753773375,WIDE_HIGH_GAP_SHADOW,100840,SNT에너지,2026-09-03 10:17:53.773,34250.0,34284.24999999999,MAIN,MAIN,2026-09-03 10:17:53.763,,,2026-09-03 10:17:53.763,34250.0,,,False,,2026-09-03 10:17:56.243,34225.0,2.479731,-0.072992700729927,-0.17281988084905675,0.072992700729927,60,60.465,34050.0,-0.583941605839416,-0.6832583474919031,0.0,-0.7299270072992701,-0.0999000999000787,-0.8290979093898591,COMPLETE
2026-09-03 10:19:17.035,v1.6.9,20260903_008930_WIDE_HIGH_GAP_SHADOW_E007_101416715237,WIDE_HIGH_GAP_SHADOW,008930,한미사이언스,2026-09-03 10:14:16.715,52300.0,52352.299999999996,MAIN,MAIN,2026-09-03 10:14:16.685,,,2026-09-03 10:14:16.685,52300.0,,,False,,2026-09-03 10:14:17.228,52300.0,0.543217,0.0,-0.09990009990009158,0.0,300,300.32,51800.0,-0.9560229445506693,-1.054967976574087,0.3824091778202677,-1.147227533460803,0.28212705076950656,-1.245981551908886,COMPLETE
2026-09-03 10:19:17.435,v1.6.9,20260903_088350_WIDE_HIGH_GAP_SHADOW_E006_101416746296,WIDE_HIGH_GAP_SHADOW,088350,한화생명,2026-09-03 10:14:16.746,6260.0,6266.259999999999,MAIN,MAIN,2026-09-03 10:14:16.721,,,2026-09-03 10:14:16.721,6260.0,,,False,,2026-09-03 10:14:16.929,6270.0,0.207525,0.1597444089456869,0.05968472422147647,0.1597444089456869,300,300.689,6280.0,0.3194888178913738,0.21926954834304183,0.6389776357827476,-0.6389776357827476,0.5384391965861726,-0.7382393963863503,COMPLETE
2026-09-03 10:19:38.740,v1.6.9,20260903_100840_WIDE_HIGH_GAP_SHADOW_E009_101906956993,WIDE_HIGH_GAP_SHADOW,100840,SNT에너지,2026-09-03 10:19:06.956,34250.0,34284.24999999999,MAIN,MAIN,2026-09-03 10:19:06.935,,,2026-09-03 10:19:06.935,34250.0,,,False,,2026-09-03 10:19:11.736,34150.0,4.801446,-0.291970802919708,-0.39157922369599085,0.291970802919708,30,31.783,34300.0,0.145985401459854,0.04593946199787739,0.145985401459854,-0.291970802919708,0.04593946199787739,-0.39157922369599085,COMPLETE
2026-09-03 10:19:43.150,v1.6.9,20260903_100840_WIDE_HIGH_GAP_SHADOW_E007_101641405214,WIDE_HIGH_GAP_SHADOW,100840,SNT에너지,2026-09-03 10:16:41.405,34300.0,34334.299999999996,MAIN,MAIN,2026-09-03 10:16:41.382,,,2026-09-03 10:16:41.382,34300.0,,,False,,2026-09-03 10:16:42.438,34350.0,1.056494,0.1457725947521866,0.04572686788431501,0.1457725947521866,180,181.745,34350.0,0.1457725947521866,0.04572686788431501,0.2915451895043732,-0.8746355685131195,0.19135383566871722,-0.9736619066065004,COMPLETE
2026-09-03 10:19:53.039,v1.6.9,20260903_008930_WIDE_HIGH_GAP_SHADOW_E008_101452895147,WIDE_HIGH_GAP_SHADOW,008930,한미사이언스,2026-09-03 10:14:52.895,52300.0,52352.299999999996,MAIN,MAIN,2026-09-03 10:14:52.854,,,2026-09-03 10:14:52.854,52300.0,,,False,,2026-09-03 10:14:53.429,52300.0,0.574319,0.0,-0.09990009990009158,0.0,300,300.144,51800.0,-0.9560229445506693,-1.054967976574087,0.0,-1.147227533460803,-0.09990009990009158,-1.245981551908886,COMPLETE
2026-09-03 10:19:54.235,v1.6.9,20260903_100840_WIDE_HIGH_GAP_SHADOW_E008_101753773375,WIDE_HIGH_GAP_SHADOW,100840,SNT에너지,2026-09-03 10:17:53.773,34250.0,34284.24999999999,MAIN,MAIN,2026-09-03 10:17:53.763,,,2026-09-03 10:17:53.763,34250.0,,,False,,2026-09-03 10:17:56.243,34225.0,2.479731,-0.072992700729927,-0.17281988084905675,0.072992700729927,120,120.462,34400.0,0.43795620437956206,0.33761858579378956,0.43795620437956206,-0.7299270072992701,0.33761858579378956,-0.8290979093898591,COMPLETE
2026-09-03 10:20:07.135,v1.6.9,20260903_100840_WIDE_HIGH_GAP_SHADOW_E009_101906956993,WIDE_HIGH_GAP_SHADOW,100840,SNT에너지,2026-09-03 10:19:06.956,34250.0,34284.24999999999,MAIN,MAIN,2026-09-03 10:19:06.935,,,2026-09-03 10:19:06.935,34250.0,,,False,,2026-09-03 10:19:11.736,34150.0,4.801446,-0.291970802919708,-0.39157922369599085,0.291970802919708,60,60.179,34400.0,0.43795620437956206,0.33761858579378956,0.583941605839416,-0.291970802919708,0.4834581476917456,-0.39157922369599085,COMPLETE
2026-09-03 10:20:14.035,v1.6.9,20260903_100840_WIDE_HIGH_GAP_SHADOW_E010_101943769898,WIDE_HIGH_GAP_SHADOW,100840,SNT에너지,2026-09-03 10:19:43.769,34350.0,34384.35,MAIN,MAIN,2026-09-03 10:19:43.747,,,2026-09-03 10:19:43.747,34350.0,,,False,,2026-09-03 10:19:45.035,34350.0,1.287816,0.0,-0.09990009990009567,0.0,30,30.265,34400.0,0.1455604075691412,0.045514892676468965,0.2911208151382824,0.0,0.19092988525303362,-0.09990009990009567,COMPLETE
2026-09-03 10:20:14.335,v1.6.9,20260903_004710_WIDE_HIGH_GAP_SHADOW_E005_101943742924,WIDE_HIGH_GAP_SHADOW,004710,한솔테크닉스,2026-09-03 10:19:43.742,8580.0,8588.58,MAIN,MAIN,2026-09-03 10:19:43.729,,,2026-09-03 10:19:43.729,8580.0,,,False,,2026-09-03 10:19:44.236,8580.0,0.506954,0.0,-0.09990009990009906,0.0,30,30.592,8570.0,-0.11655011655011654,-0.21633378276734835,0.34965034965034963,-0.2331002331002331,0.24940094870164886,-0.3327674656345977,COMPLETE
2026-09-03 10:20:28.736,v1.6.9,20260903_042660_SHADOW_SCORE_70_74_E001_101528665375,SHADOW_SCORE_70_74,042660,한화오션,2026-09-03 10:15:28.665,86400.0,86486.4,MAIN,MAIN,2026-09-03 10:15:28.648,,,2026-09-03 10:15:28.648,86400.0,,,False,,2026-09-03 10:15:29.139,86500.0,0.49149,0.11574074074074073,0.015725015725022457,0.11574074074074073,300,300.071,86400.0,0.0,-0.09990009990009317,0.23148148148148145,-0.23148148148148145,0.13135013135013807,-0.33115033115032444,COMPLETE
2026-09-03 10:20:44.935,v1.6.9,20260903_100840_WIDE_HIGH_GAP_SHADOW_E010_101943769898,WIDE_HIGH_GAP_SHADOW,100840,SNT에너지,2026-09-03 10:19:43.769,34350.0,34384.35,MAIN,MAIN,2026-09-03 10:19:43.747,,,2026-09-03 10:19:43.747,34350.0,,,False,,2026-09-03 10:19:45.035,34350.0,1.287816,0.0,-0.09990009990009567,0.0,60,61.166,34450.0,0.2911208151382824,0.19092988525303362,0.43668122270742354,0.0,0.3363448778295982,-0.09990009990009567,COMPLETE
2026-09-03 10:20:45.935,v1.6.9,20260903_004710_WIDE_HIGH_GAP_SHADOW_E005_101943742924,WIDE_HIGH_GAP_SHADOW,004710,한솔테크닉스,2026-09-03 10:19:43.742,8580.0,8588.58,MAIN,MAIN,2026-09-03 10:19:43.729,,,2026-09-03 10:19:43.729,8580.0,,,False,,2026-09-03 10:19:44.236,8580.0,0.506954,0.0,-0.09990009990009906,0.0,60,62.192,8580.0,0.0,-0.09990009990009906,0.34965034965034963,-0.2331002331002331,0.24940094870164886,-0.3327674656345977,COMPLETE
2026-09-03 10:20:46.235,v1.6.9,20260903_088350_WIDE_HIGH_GAP_SHADOW_E007_101546208779,WIDE_HIGH_GAP_SHADOW,088350,한화생명,2026-09-03 10:15:46.208,6270.0,6276.2699999999995,MAIN,MAIN,2026-09-03 10:15:46.187,,,2026-09-03 10:15:46.187,6270.0,,,False,,2026-09-03 10:15:46.538,6270.0,0.350576,0.0,-0.09990009990009238,0.0,300,300.026,6270.0,0.0,-0.09990009990009238,0.4784688995215311,-0.1594896331738437,0.37809080871282585,-0.2592304027710651,COMPLETE
2026-09-03 10:20:54.251,v1.6.9,20260903_100840_WIDE_HIGH_GAP_SHADOW_E008_101753773375,WIDE_HIGH_GAP_SHADOW,100840,SNT에너지,2026-09-03 10:17:53.773,34250.0,34284.24999999999,MAIN,MAIN,2026-09-03 10:17:53.763,,,2026-09-03 10:17:53.763,34250.0,,,False,,2026-09-03 10:17:56.243,34225.0,2.479731,-0.072992700729927,-0.17281988084905675,0.072992700729927,180,180.478,34450.0,0.583941605839416,0.4834581476917456,0.7299270072992701,-0.7299270072992701,0.6292977095897018,-0.8290979093898591,COMPLETE
2026-09-03 10:21:07.434,v1.6.9,20260903_100840_WIDE_HIGH_GAP_SHADOW_E009_101906956993,WIDE_HIGH_GAP_SHADOW,100840,SNT에너지,2026-09-03 10:19:06.956,34250.0,34284.24999999999,MAIN,MAIN,2026-09-03 10:19:06.935,,,2026-09-03 10:19:06.935,34250.0,,,False,,2026-09-03 10:19:11.736,34150.0,4.801446,-0.291970802919708,-0.39157922369599085,0.291970802919708,120,120.478,34500.0,0.7299270072992701,0.6292977095897018,0.8759124087591241,-0.291970802919708,0.7751372714876579,-0.39157922369599085,COMPLETE
2026-09-03 10:21:09.435,v1.6.9,20260903_004710_WIDE_HIGH_GAP_SHADOW_E006_102038863925,WIDE_HIGH_GAP_SHADOW,004710,한솔테크닉스,2026-09-03 10:20:38.863,8580.0,8588.58,MAIN,MAIN,2026-09-03 10:20:38.849,,,2026-09-03 10:20:38.849,8580.0,,,False,,2026-09-03 10:20:39.736,8580.0,0.886729,0.0,-0.09990009990009906,0.0,30,30.572,8610.0,0.34965034965034963,0.24940094870164886,0.4662004662004662,0.0,0.36583463156889817,-0.09990009990009906,COMPLETE
2026-09-03 10:21:39.034,v1.6.9,20260903_004710_WIDE_HIGH_GAP_SHADOW_E006_102038863925,WIDE_HIGH_GAP_SHADOW,004710,한솔테크닉스,2026-09-03 10:20:38.863,8580.0,8588.58,MAIN,MAIN,2026-09-03 10:20:38.849,,,2026-09-03 10:20:38.849,8580.0,,,False,,2026-09-03 10:20:39.736,8580.0,0.886729,0.0,-0.09990009990009906,0.0,60,60.17,8610.0,0.34965034965034963,0.24940094870164886,0.5827505827505828,0.0,0.4822683144361474,-0.09990009990009906,COMPLETE
2026-09-03 10:21:41.635,v1.6.9,20260903_100840_WIDE_HIGH_GAP_SHADOW_E007_101641405214,WIDE_HIGH_GAP_SHADOW,100840,SNT에너지,2026-09-03 10:16:41.405,34300.0,34334.299999999996,MAIN,MAIN,2026-09-03 10:16:41.382,,,2026-09-03 10:16:41.382,34300.0,,,False,,2026-09-03 10:16:42.438,34350.0,1.056494,0.1457725947521866,0.04572686788431501,0.1457725947521866,300,300.23,34600.0,0.8746355685131195,0.773861706806326,0.8746355685131195,-0.8746355685131195,0.773861706806326,-0.9736619066065004,COMPLETE
2026-09-03 10:21:44.535,v1.6.9,20260903_100840_WIDE_HIGH_GAP_SHADOW_E010_101943769898,WIDE_HIGH_GAP_SHADOW,100840,SNT에너지,2026-09-03 10:19:43.769,34350.0,34384.35,MAIN,MAIN,2026-09-03 10:19:43.747,,,2026-09-03 10:19:43.747,34350.0,,,False,,2026-09-03 10:19:45.035,34350.0,1.287816,0.0,-0.09990009990009567,0.0,120,120.766,34600.0,0.727802037845706,0.6271748629827275,0.727802037845706,0.0,0.6271748629827275,-0.09990009990009567,COMPLETE
2026-09-03 10:21:44.738,v1.6.9,20260903_004710_WIDE_HIGH_GAP_SHADOW_E005_101943742924,WIDE_HIGH_GAP_SHADOW,004710,한솔테크닉스,2026-09-03 10:19:43.742,8580.0,8588.58,MAIN,MAIN,2026-09-03 10:19:43.729,,,2026-09-03 10:19:43.729,8580.0,,,False,,2026-09-03 10:19:44.236,8580.0,0.506954,0.0,-0.09990009990009906,0.0,120,120.996,8610.0,0.34965034965034963,0.24940094870164886,0.5827505827505828,-0.2331002331002331,0.4822683144361474,-0.3327674656345977,COMPLETE
2026-09-03 10:22:07.934,v1.6.9,20260903_100840_WIDE_HIGH_GAP_SHADOW_E009_101906956993,WIDE_HIGH_GAP_SHADOW,100840,SNT에너지,2026-09-03 10:19:06.956,34250.0,34284.24999999999,MAIN,MAIN,2026-09-03 10:19:06.935,,,2026-09-03 10:19:06.935,34250.0,,,False,,2026-09-03 10:19:11.736,34150.0,4.801446,-0.291970802919708,-0.39157922369599085,0.291970802919708,180,180.978,34650.0,1.167883211678832,1.06681639528357,1.313868613138686,-0.291970802919708,1.212655957181526,-0.39157922369599085,COMPLETE
2026-09-03 10:22:11.287,v1.6.9,20260903_008930_WIDE_HIGH_GAP_SHADOW_E009_102140245394,WIDE_HIGH_GAP_SHADOW,008930,한미사이언스,2026-09-03 10:21:40.245,51700.0,51751.7,MAIN,MAIN,2026-09-03 10:21:40.215,,,2026-09-03 10:21:40.215,51700.0,,,False,,2026-09-03 10:21:41.837,51700.0,1.6213,0.0,-0.09990009990009428,0.0,30,31.042,51600.0,-0.19342359767891684,-0.29313046721169955,0.19342359767891684,-0.5802707930367506,0.09333026741151096,-0.67959120183491,COMPLETE
2026-09-03 10:22:38.933,v1.6.9,20260903_004710_WIDE_HIGH_GAP_SHADOW_E006_102038863925,WIDE_HIGH_GAP_SHADOW,004710,한솔테크닉스,2026-09-03 10:20:38.863,8580.0,8588.58,MAIN,MAIN,2026-09-03 10:20:38.849,,,2026-09-03 10:20:38.849,8580.0,,,False,,2026-09-03 10:20:39.736,8580.0,0.886729,0.0,-0.09990009990009906,0.0,120,120.07,8610.0,0.34965034965034963,0.24940094870164886,0.5827505827505828,0.0,0.4822683144361474,-0.09990009990009906,COMPLETE
2026-09-03 10:22:42.437,v1.6.9,20260903_008930_WIDE_HIGH_GAP_SHADOW_E009_102140245394,WIDE_HIGH_GAP_SHADOW,008930,한미사이언스,2026-09-03 10:21:40.245,51700.0,51751.7,MAIN,MAIN,2026-09-03 10:21:40.215,,,2026-09-03 10:21:40.215,51700.0,,,False,,2026-09-03 10:21:41.837,51700.0,1.6213,0.0,-0.09990009990009428,0.0,60,62.192,51600.0,-0.19342359767891684,-0.29313046721169955,0.19342359767891684,-0.5802707930367506,0.09333026741151096,-0.67959120183491,COMPLETE
2026-09-03 10:22:43.834,v1.6.9,20260903_100840_WIDE_HIGH_GAP_SHADOW_E010_101943769898,WIDE_HIGH_GAP_SHADOW,100840,SNT에너지,2026-09-03 10:19:43.769,34350.0,34384.35,MAIN,MAIN,2026-09-03 10:19:43.747,,,2026-09-03 10:19:43.747,34350.0,,,False,,2026-09-03 10:19:45.035,34350.0,1.287816,0.0,-0.09990009990009567,0.0,180,180.065,35050.0,2.037845705967977,1.9359097961718092,2.037845705967977,0.0,1.9359097961718092,-0.09990009990009567,COMPLETE
2026-09-03 10:22:44.033,v1.6.9,20260903_004710_WIDE_HIGH_GAP_SHADOW_E005_101943742924,WIDE_HIGH_GAP_SHADOW,004710,한솔테크닉스,2026-09-03 10:19:43.742,8580.0,8588.58,MAIN,MAIN,2026-09-03 10:19:43.729,,,2026-09-03 10:19:43.729,8580.0,,,False,,2026-09-03 10:19:44.236,8580.0,0.506954,0.0,-0.09990009990009906,0.0,180,180.29,8610.0,0.34965034965034963,0.24940094870164886,0.5827505827505828,-0.2331002331002331,0.4822683144361474,-0.3327674656345977,COMPLETE
2026-09-03 10:22:53.833,v1.6.9,20260903_100840_WIDE_HIGH_GAP_SHADOW_E008_101753773375,WIDE_HIGH_GAP_SHADOW,100840,SNT에너지,2026-09-03 10:17:53.773,34250.0,34284.24999999999,MAIN,MAIN,2026-09-03 10:17:53.763,,,2026-09-03 10:17:53.763,34250.0,,,False,,2026-09-03 10:17:56.243,34225.0,2.479731,-0.072992700729927,-0.17281988084905675,0.072992700729927,300,300.06,35000.0,2.18978102189781,2.0876933285692627,2.335766423357664,-0.7299270072992701,2.2335328904672185,-0.8290979093898591,COMPLETE
2026-09-03 10:23:10.643,v1.6.9,20260903_010140_BASE_E003_102240181345,BASE,010140,삼성중공업,2026-09-03 10:22:40.181,20950.0,20970.949999999997,MAIN,MAIN,2026-09-03 10:22:40.081,2026-09-03 10:22:40.081,20950.0,2026-09-03 10:22:40.081,20950.0,0.0,0.0,False,,2026-09-03 10:22:40.334,20950.0,0.252772,0.0,-0.09990009990008604,0.0,30,30.462,20950.0,0.0,-0.09990009990008604,0.23866348448687352,-0.23866348448687352,0.13852495952736008,-0.3383251593275321,COMPLETE
2026-09-03 10:23:34.333,v1.6.9,20260903_042660_PRE_FAIL_PULLBACK_SHADOW_E001_102304221780,PRE_FAIL_PULLBACK_SHADOW,042660,한화오션,2026-09-03 10:23:04.221,86900.0,86986.9,MAIN,MAIN,2026-09-03 10:23:04.142,2026-09-03 10:23:04.142,86900.0,2026-09-03 10:23:04.142,86900.0,0.0,0.0,True,20260903_042660_SHADOW_SCORE_70_74_E001_101528665375,2026-09-03 10:23:04.332,86900.0,0.190716,0.0,-0.09990009990009321,0.0,30,30.112,86800.0,-0.11507479861910241,-0.2148599386804153,0.11507479861910241,-0.34522439585730724,0.015059738880228888,-0.4447796162410595,COMPLETE
2026-09-03 10:23:34.333,v1.6.9,20260903_042660_BASE_E001_102304178343,BASE,042660,한화오션,2026-09-03 10:23:04.178,86900.0,86986.9,MAIN,MAIN,2026-09-03 10:23:04.142,2026-09-03 10:23:04.142,86900.0,2026-09-03 10:23:04.142,86900.0,0.0,0.0,True,20260903_042660_SHADOW_SCORE_70_74_E001_101528665375,2026-09-03 10:23:04.332,86900.0,0.190716,0.0,-0.09990009990009321,0.0,30,30.155,86800.0,-0.11507479861910241,-0.2148599386804153,0.11507479861910241,-0.34522439585730724,0.015059738880228888,-0.4447796162410595,COMPLETE
2026-09-03 10:23:39.632,v1.6.9,20260903_004710_WIDE_HIGH_GAP_SHADOW_E006_102038863925,WIDE_HIGH_GAP_SHADOW,004710,한솔테크닉스,2026-09-03 10:20:38.863,8580.0,8588.58,MAIN,MAIN,2026-09-03 10:20:38.849,,,2026-09-03 10:20:38.849,8580.0,,,False,,2026-09-03 10:20:39.736,8580.0,0.886729,0.0,-0.09990009990009906,0.0,180,180.769,8580.0,0.0,-0.09990009990009906,0.5827505827505828,0.0,0.4822683144361474,-0.09990009990009906,COMPLETE
2026-09-03 10:23:40.241,v1.6.9,20260903_010140_BASE_E003_102240181345,BASE,010140,삼성중공업,2026-09-03 10:22:40.181,20950.0,20970.949999999997,MAIN,MAIN,2026-09-03 10:22:40.081,2026-09-03 10:22:40.081,20950.0,2026-09-03 10:22:40.081,20950.0,0.0,0.0,False,,2026-09-03 10:22:40.334,20950.0,0.252772,0.0,-0.09990009990008604,0.0,60,60.06,20950.0,0.0,-0.09990009990008604,0.23866348448687352,-0.23866348448687352,0.13852495952736008,-0.3383251593275321,COMPLETE
2026-09-03 10:23:43.232,v1.6.9,20260903_008930_WIDE_HIGH_GAP_SHADOW_E009_102140245394,WIDE_HIGH_GAP_SHADOW,008930,한미사이언스,2026-09-03 10:21:40.245,51700.0,51751.7,MAIN,MAIN,2026-09-03 10:21:40.215,,,2026-09-03 10:21:40.215,51700.0,,,False,,2026-09-03 10:21:41.837,51700.0,1.6213,0.0,-0.09990009990009428,0.0,120,122.987,51700.0,0.0,-0.09990009990009428,0.19342359767891684,-0.5802707930367506,0.09333026741151096,-0.67959120183491,COMPLETE
2026-09-03 10:24:04.233,v1.6.9,20260903_042660_PRE_FAIL_PULLBACK_SHADOW_E001_102304221780,PRE_FAIL_PULLBACK_SHADOW,042660,한화오션,2026-09-03 10:23:04.221,86900.0,86986.9,MAIN,MAIN,2026-09-03 10:23:04.142,2026-09-03 10:23:04.142,86900.0,2026-09-03 10:23:04.142,86900.0,0.0,0.0,True,20260903_042660_SHADOW_SCORE_70_74_E001_101528665375,2026-09-03 10:23:04.332,86900.0,0.190716,0.0,-0.09990009990009321,0.0,60,60.012,86800.0,-0.11507479861910241,-0.2148599386804153,0.11507479861910241,-0.34522439585730724,0.015059738880228888,-0.4447796162410595,COMPLETE
2026-09-03 10:24:04.233,v1.6.9,20260903_042660_BASE_E001_102304178343,BASE,042660,한화오션,2026-09-03 10:23:04.178,86900.0,86986.9,MAIN,MAIN,2026-09-03 10:23:04.142,2026-09-03 10:23:04.142,86900.0,2026-09-03 10:23:04.142,86900.0,0.0,0.0,True,20260903_042660_SHADOW_SCORE_70_74_E001_101528665375,2026-09-03 10:23:04.332,86900.0,0.190716,0.0,-0.09990009990009321,0.0,60,60.055,86800.0,-0.11507479861910241,-0.2148599386804153,0.11507479861910241,-0.34522439585730724,0.015059738880228888,-0.4447796162410595,COMPLETE
2026-09-03 10:24:07.131,v1.6.9,20260903_100840_WIDE_HIGH_GAP_SHADOW_E009_101906956993,WIDE_HIGH_GAP_SHADOW,100840,SNT에너지,2026-09-03 10:19:06.956,34250.0,34284.24999999999,MAIN,MAIN,2026-09-03 10:19:06.935,,,2026-09-03 10:19:06.935,34250.0,,,False,,2026-09-03 10:19:11.736,34150.0,4.801446,-0.291970802919708,-0.39157922369599085,0.291970802919708,300,300.174,35200.0,2.7737226277372264,2.6710515761610867,2.7737226277372264,-0.291970802919708,2.6710515761610867,-0.39157922369599085,COMPLETE
2026-09-03 10:24:40.331,v1.6.9,20260903_010140_BASE_E003_102240181345,BASE,010140,삼성중공업,2026-09-03 10:22:40.181,20950.0,20970.949999999997,MAIN,MAIN,2026-09-03 10:22:40.081,2026-09-03 10:22:40.081,20950.0,2026-09-03 10:22:40.081,20950.0,0.0,0.0,False,,2026-09-03 10:22:40.334,20950.0,0.252772,0.0,-0.09990009990008604,0.0,120,120.15,21000.0,0.23866348448687352,0.13852495952736008,0.47732696897374705,-0.23866348448687352,0.3769500189548062,-0.3383251593275321,COMPLETE
2026-09-03 10:24:42.234,v1.6.9,20260903_008930_WIDE_HIGH_GAP_SHADOW_E009_102140245394,WIDE_HIGH_GAP_SHADOW,008930,한미사이언스,2026-09-03 10:21:40.245,51700.0,51751.7,MAIN,MAIN,2026-09-03 10:21:40.215,,,2026-09-03 10:21:40.215,51700.0,,,False,,2026-09-03 10:21:41.837,51700.0,1.6213,0.0,-0.09990009990009428,0.0,180,181.989,51600.0,-0.19342359767891684,-0.29313046721169955,0.19342359767891684,-0.5802707930367506,0.09333026741151096,-0.67959120183491,COMPLETE
2026-09-03 10:24:43.832,v1.6.9,20260903_100840_WIDE_HIGH_GAP_SHADOW_E010_101943769898,WIDE_HIGH_GAP_SHADOW,100840,SNT에너지,2026-09-03 10:19:43.769,34350.0,34384.35,MAIN,MAIN,2026-09-03 10:19:43.747,,,2026-09-03 10:19:43.747,34350.0,,,False,,2026-09-03 10:19:45.035,34350.0,1.287816,0.0,-0.09990009990009567,0.0,300,300.063,35000.0,1.8922852983988356,1.7904948035952446,2.4745269286754,0.0,2.3721547739015034,-0.09990009990009567,COMPLETE
2026-09-03 10:24:44.931,v1.6.9,20260903_004710_WIDE_HIGH_GAP_SHADOW_E005_101943742924,WIDE_HIGH_GAP_SHADOW,004710,한솔테크닉스,2026-09-03 10:19:43.742,8580.0,8588.58,MAIN,MAIN,2026-09-03 10:19:43.729,,,2026-09-03 10:19:43.729,8580.0,,,False,,2026-09-03 10:19:44.236,8580.0,0.506954,0.0,-0.09990009990009906,0.0,300,301.189,8540.0,-0.4662004662004662,-0.5656348313690962,0.5827505827505828,-0.4662004662004662,0.4822683144361474,-0.5656348313690962,COMPLETE
2026-09-03 10:25:04.231,v1.6.9,20260903_042660_PRE_FAIL_PULLBACK_SHADOW_E001_102304221780,PRE_FAIL_PULLBACK_SHADOW,042660,한화오션,2026-09-03 10:23:04.221,86900.0,86986.9,MAIN,MAIN,2026-09-03 10:23:04.142,2026-09-03 10:23:04.142,86900.0,2026-09-03 10:23:04.142,86900.0,0.0,0.0,True,20260903_042660_SHADOW_SCORE_70_74_E001_101528665375,2026-09-03 10:23:04.332,86900.0,0.190716,0.0,-0.09990009990009321,0.0,120,120.009,86900.0,0.0,-0.09990009990009321,0.11507479861910241,-0.34522439585730724,0.015059738880228888,-0.4447796162410595,COMPLETE
2026-09-03 10:25:04.231,v1.6.9,20260903_042660_BASE_E001_102304178343,BASE,042660,한화오션,2026-09-03 10:23:04.178,86900.0,86986.9,MAIN,MAIN,2026-09-03 10:23:04.142,2026-09-03 10:23:04.142,86900.0,2026-09-03 10:23:04.142,86900.0,0.0,0.0,True,20260903_042660_SHADOW_SCORE_70_74_E001_101528665375,2026-09-03 10:23:04.332,86900.0,0.190716,0.0,-0.09990009990009321,0.0,120,120.053,86900.0,0.0,-0.09990009990009321,0.11507479861910241,-0.34522439585730724,0.015059738880228888,-0.4447796162410595,COMPLETE
2026-09-03 10:25:20.130,v1.6.9,20260903_004710_WIDE_HIGH_GAP_SHADOW_E007_102447655147,WIDE_HIGH_GAP_SHADOW,004710,한솔테크닉스,2026-09-03 10:24:47.655,8540.0,8548.539999999999,MAIN,MAIN,2026-09-03 10:24:47.626,,,2026-09-03 10:24:47.626,8540.0,,,False,,2026-09-03 10:24:50.131,8540.0,2.504788,0.0,-0.09990009990008884,0.0,30,32.476,8580.0,0.468384074941452,0.36801605888258054,0.468384074941452,0.0,0.36801605888258054,-0.09990009990008884,COMPLETE
2026-09-03 10:25:38.030,v1.6.9,20260903_010140_PRE_HISTORY_E003_102507668188,PRE_HISTORY,010140,삼성중공업,2026-09-03 10:25:07.668,21050.0,21071.05,MAIN,MAIN,2026-09-03 10:25:07.630,2026-09-03 10:22:40.081,20950.0,2026-09-03 10:25:07.630,21050.0,147.548855,0.4773269689737569,False,,2026-09-03 10:25:07.931,21050.0,0.301122,0.0,-0.09990009990009645,0.0,30,30.363,21050.0,0.0,-0.09990009990009645,0.23752969121140144,0.0,0.13739229891249238,-0.09990009990009645,COMPLETE
2026-09-03 10:25:39.930,v1.6.9,20260903_004710_WIDE_HIGH_GAP_SHADOW_E006_102038863925,WIDE_HIGH_GAP_SHADOW,004710,한솔테크닉스,2026-09-03 10:20:38.863,8580.0,8588.58,MAIN,MAIN,2026-09-03 10:20:38.849,,,2026-09-03 10:20:38.849,8580.0,,,False,,2026-09-03 10:20:39.736,8580.0,0.886729,0.0,-0.09990009990009906,0.0,300,301.066,8560.0,-0.2331002331002331,-0.3327674656345977,0.5827505827505828,-0.4662004662004662,0.4822683144361474,-0.5656348313690962,COMPLETE
2026-09-03 10:25:40.231,v1.6.9,20260903_010140_BASE_E003_102240181345,BASE,010140,삼성중공업,2026-09-03 10:22:40.181,20950.0,20970.949999999997,MAIN,MAIN,2026-09-03 10:22:40.081,2026-09-03 10:22:40.081,20950.0,2026-09-03 10:22:40.081,20950.0,0.0,0.0,False,,2026-09-03 10:22:40.334,20950.0,0.252772,0.0,-0.09990009990008604,0.0,180,180.05,21050.0,0.47732696897374705,0.3769500189548062,0.7159904534606205,-0.23866348448687352,0.6153750783822522,-0.3383251593275321,COMPLETE
2026-09-03 10:25:47.832,v1.6.9,20260903_004710_WIDE_HIGH_GAP_SHADOW_E007_102447655147,WIDE_HIGH_GAP_SHADOW,004710,한솔테크닉스,2026-09-03 10:24:47.655,8540.0,8548.539999999999,MAIN,MAIN,2026-09-03 10:24:47.626,,,2026-09-03 10:24:47.626,8540.0,,,False,,2026-09-03 10:24:50.131,8540.0,2.504788,0.0,-0.09990009990008884,0.0,60,60.177,8560.0,0.234192037470726,0.13405797949124584,0.468384074941452,0.0,0.36801605888258054,-0.09990009990008884,COMPLETE
2026-09-03 10:26:04.231,v1.6.9,20260903_042660_PRE_FAIL_PULLBACK_SHADOW_E001_102304221780,PRE_FAIL_PULLBACK_SHADOW,042660,한화오션,2026-09-03 10:23:04.221,86900.0,86986.9,MAIN,MAIN,2026-09-03 10:23:04.142,2026-09-03 10:23:04.142,86900.0,2026-09-03 10:23:04.142,86900.0,0.0,0.0,True,20260903_042660_SHADOW_SCORE_70_74_E001_101528665375,2026-09-03 10:23:04.332,86900.0,0.190716,0.0,-0.09990009990009321,0.0,180,180.01,87000.0,0.11507479861910241,0.015059738880228888,0.11507479861910241,-0.34522439585730724,0.015059738880228888,-0.4447796162410595,COMPLETE
2026-09-03 10:26:04.231,v1.6.9,20260903_042660_BASE_E001_102304178343,BASE,042660,한화오션,2026-09-03 10:23:04.178,86900.0,86986.9,MAIN,MAIN,2026-09-03 10:23:04.142,2026-09-03 10:23:04.142,86900.0,2026-09-03 10:23:04.142,86900.0,0.0,0.0,True,20260903_042660_SHADOW_SCORE_70_74_E001_101528665375,2026-09-03 10:23:04.332,86900.0,0.190716,0.0,-0.09990009990009321,0.0,180,180.053,87000.0,0.11507479861910241,0.015059738880228888,0.11507479861910241,-0.34522439585730724,0.015059738880228888,-0.4447796162410595,COMPLETE
2026-09-03 10:26:07.931,v1.6.9,20260903_010140_PRE_HISTORY_E003_102507668188,PRE_HISTORY,010140,삼성중공업,2026-09-03 10:25:07.668,21050.0,21071.05,MAIN,MAIN,2026-09-03 10:25:07.630,2026-09-03 10:22:40.081,20950.0,2026-09-03 10:25:07.630,21050.0,147.548855,0.4773269689737569,False,,2026-09-03 10:25:07.931,21050.0,0.301122,0.0,-0.09990009990009645,0.0,60,60.264,21000.0,-0.23752969121140144,-0.3371924987126853,0.23752969121140144,-0.23752969121140144,0.13739229891249238,-0.3371924987126853,COMPLETE
2026-09-03 10:26:41.829,v1.6.9,20260903_008930_WIDE_HIGH_GAP_SHADOW_E009_102140245394,WIDE_HIGH_GAP_SHADOW,008930,한미사이언스,2026-09-03 10:21:40.245,51700.0,51751.7,MAIN,MAIN,2026-09-03 10:21:40.215,,,2026-09-03 10:21:40.215,51700.0,,,False,,2026-09-03 10:21:41.837,51700.0,1.6213,0.0,-0.09990009990009428,0.0,300,301.584,51600.0,-0.19342359767891684,-0.29313046721169955,0.19342359767891684,-0.5802707930367506,0.09333026741151096,-0.67959120183491,COMPLETE
2026-09-03 10:26:41.829,v1.6.9,20260903_008930_WIDE_HIGH_GAP_SHADOW_E010_102609113120,WIDE_HIGH_GAP_SHADOW,008930,한미사이언스,2026-09-03 10:26:09.113,51600.0,51651.59999999999,MAIN,MAIN,2026-09-03 10:26:09.095,,,2026-09-03 10:26:09.095,51600.0,,,False,,2026-09-03 10:26:09.630,51700.0,0.534604,0.1937984496124031,0.0937047448675525,0.1937984496124031,30,32.716,51600.0,0.0,-0.09990009990008301,0.1937984496124031,0.0,0.0937047448675525,-0.09990009990008301,COMPLETE
2026-09-03 10:26:48.330,v1.6.9,20260903_004710_WIDE_HIGH_GAP_SHADOW_E007_102447655147,WIDE_HIGH_GAP_SHADOW,004710,한솔테크닉스,2026-09-03 10:24:47.655,8540.0,8548.539999999999,MAIN,MAIN,2026-09-03 10:24:47.626,,,2026-09-03 10:24:47.626,8540.0,,,False,,2026-09-03 10:24:50.131,8540.0,2.504788,0.0,-0.09990009990008884,0.0,120,120.676,8490.0,-0.5854800936768151,-0.6847952983784256,0.468384074941452,-0.702576112412178,0.36801605888258054,-0.8017743380740929,COMPLETE
2026-09-03 10:27:07.929,v1.6.9,20260903_010140_PRE_HISTORY_E003_102507668188,PRE_HISTORY,010140,삼성중공업,2026-09-03 10:25:07.668,21050.0,21071.05,MAIN,MAIN,2026-09-03 10:25:07.630,2026-09-03 10:22:40.081,20950.0,2026-09-03 10:25:07.630,21050.0,147.548855,0.4773269689737569,False,,2026-09-03 10:25:07.931,21050.0,0.301122,0.0,-0.09990009990009645,0.0,120,120.262,21050.0,0.0,-0.09990009990009645,0.23752969121140144,-0.4750593824228029,0.13739229891249238,-0.5744848975252742,COMPLETE
2026-09-03 10:27:09.130,v1.6.9,20260903_008930_WIDE_HIGH_GAP_SHADOW_E010_102609113120,WIDE_HIGH_GAP_SHADOW,008930,한미사이언스,2026-09-03 10:26:09.113,51600.0,51651.59999999999,MAIN,MAIN,2026-09-03 10:26:09.095,,,2026-09-03 10:26:09.095,51600.0,,,False,,2026-09-03 10:26:09.630,51700.0,0.534604,0.1937984496124031,0.0937047448675525,0.1937984496124031,60,60.018,51700.0,0.1937984496124031,0.0937047448675525,0.1937984496124031,0.0,0.0937047448675525,-0.09990009990008301,COMPLETE
2026-09-03 10:27:40.352,v1.6.9,20260903_010140_BASE_E003_102240181345,BASE,010140,삼성중공업,2026-09-03 10:22:40.181,20950.0,20970.949999999997,MAIN,MAIN,2026-09-03 10:22:40.081,2026-09-03 10:22:40.081,20950.0,2026-09-03 10:22:40.081,20950.0,0.0,0.0,False,,2026-09-03 10:22:40.334,20950.0,0.252772,0.0,-0.09990009990008604,0.0,300,300.171,21000.0,0.23866348448687352,0.13852495952736008,0.7159904534606205,-0.23866348448687352,0.6153750783822522,-0.3383251593275321,COMPLETE
2026-09-03 10:27:47.728,v1.6.9,20260903_004710_WIDE_HIGH_GAP_SHADOW_E007_102447655147,WIDE_HIGH_GAP_SHADOW,004710,한솔테크닉스,2026-09-03 10:24:47.655,8540.0,8548.539999999999,MAIN,MAIN,2026-09-03 10:24:47.626,,,2026-09-03 10:24:47.626,8540.0,,,False,,2026-09-03 10:24:50.131,8540.0,2.504788,0.0,-0.09990009990008884,0.0,180,180.074,8500.0,-0.468384074941452,-0.5678162586827582,0.468384074941452,-0.702576112412178,0.36801605888258054,-0.8017743380740929,COMPLETE
2026-09-03 10:28:04.729,v1.6.9,20260903_042660_PRE_FAIL_PULLBACK_SHADOW_E001_102304221780,PRE_FAIL_PULLBACK_SHADOW,042660,한화오션,2026-09-03 10:23:04.221,86900.0,86986.9,MAIN,MAIN,2026-09-03 10:23:04.142,2026-09-03 10:23:04.142,86900.0,2026-09-03 10:23:04.142,86900.0,0.0,0.0,True,20260903_042660_SHADOW_SCORE_70_74_E001_101528665375,2026-09-03 10:23:04.332,86900.0,0.190716,0.0,-0.09990009990009321,0.0,300,300.507,87000.0,0.11507479861910241,0.015059738880228888,0.34522439585730724,-0.46029919447640966,0.2449794164408731,-0.5597394550213816,COMPLETE
2026-09-03 10:28:04.729,v1.6.9,20260903_042660_BASE_E001_102304178343,BASE,042660,한화오션,2026-09-03 10:23:04.178,86900.0,86986.9,MAIN,MAIN,2026-09-03 10:23:04.142,2026-09-03 10:23:04.142,86900.0,2026-09-03 10:23:04.142,86900.0,0.0,0.0,True,20260903_042660_SHADOW_SCORE_70_74_E001_101528665375,2026-09-03 10:23:04.332,86900.0,0.190716,0.0,-0.09990009990009321,0.0,300,300.551,87000.0,0.11507479861910241,0.015059738880228888,0.34522439585730724,-0.46029919447640966,0.2449794164408731,-0.5597394550213816,COMPLETE
2026-09-03 10:28:07.729,v1.6.9,20260903_010140_PRE_HISTORY_E003_102507668188,PRE_HISTORY,010140,삼성중공업,2026-09-03 10:25:07.668,21050.0,21071.05,MAIN,MAIN,2026-09-03 10:25:07.630,2026-09-03 10:22:40.081,20950.0,2026-09-03 10:25:07.630,21050.0,147.548855,0.4773269689737569,False,,2026-09-03 10:25:07.931,21050.0,0.301122,0.0,-0.09990009990009645,0.0,180,180.061,21050.0,0.0,-0.09990009990009645,0.23752969121140144,-0.4750593824228029,0.13739229891249238,-0.5744848975252742,COMPLETE
2026-09-03 10:28:09.329,v1.6.9,20260903_008930_WIDE_HIGH_GAP_SHADOW_E010_102609113120,WIDE_HIGH_GAP_SHADOW,008930,한미사이언스,2026-09-03 10:26:09.113,51600.0,51651.59999999999,MAIN,MAIN,2026-09-03 10:26:09.095,,,2026-09-03 10:26:09.095,51600.0,,,False,,2026-09-03 10:26:09.630,51700.0,0.534604,0.1937984496124031,0.0937047448675525,0.1937984496124031,120,120.216,51300.0,-0.5813953488372093,-0.6807146342029895,0.1937984496124031,-0.5813953488372093,0.0937047448675525,-0.6807146342029895,COMPLETE
2026-09-03 10:29:09.329,v1.6.9,20260903_008930_WIDE_HIGH_GAP_SHADOW_E010_102609113120,WIDE_HIGH_GAP_SHADOW,008930,한미사이언스,2026-09-03 10:26:09.113,51600.0,51651.59999999999,MAIN,MAIN,2026-09-03 10:26:09.095,,,2026-09-03 10:26:09.095,51600.0,,,False,,2026-09-03 10:26:09.630,51700.0,0.534604,0.1937984496124031,0.0937047448675525,0.1937984496124031,180,180.216,51300.0,-0.5813953488372093,-0.6807146342029895,0.1937984496124031,-1.1627906976744187,0.0937047448675525,-1.261529168505896,COMPLETE
2026-09-03 10:29:48.027,v1.6.9,20260903_004710_WIDE_HIGH_GAP_SHADOW_E007_102447655147,WIDE_HIGH_GAP_SHADOW,004710,한솔테크닉스,2026-09-03 10:24:47.655,8540.0,8548.539999999999,MAIN,MAIN,2026-09-03 10:24:47.626,,,2026-09-03 10:24:47.626,8540.0,,,False,,2026-09-03 10:24:50.131,8540.0,2.504788,0.0,-0.09990009990008884,0.0,300,300.373,8490.0,-0.5854800936768151,-0.6847952983784256,0.468384074941452,-0.702576112412178,0.36801605888258054,-0.8017743380740929,COMPLETE
2026-09-03 10:30:07.730,v1.6.9,20260903_010140_PRE_HISTORY_E003_102507668188,PRE_HISTORY,010140,삼성중공업,2026-09-03 10:25:07.668,21050.0,21071.05,MAIN,MAIN,2026-09-03 10:25:07.630,2026-09-03 10:22:40.081,20950.0,2026-09-03 10:25:07.630,21050.0,147.548855,0.4773269689737569,False,,2026-09-03 10:25:07.931,21050.0,0.301122,0.0,-0.09990009990009645,0.0,300,300.062,21100.0,0.23752969121140144,0.13739229891249238,0.23752969121140144,-0.4750593824228029,0.13739229891249238,-0.5744848975252742,COMPLETE
2026-09-03 10:30:19.928,v1.6.9,20260903_100840_WIDE_HIGH_GAP_SHADOW_E011_102948501410,WIDE_HIGH_GAP_SHADOW,100840,SNT에너지,2026-09-03 10:29:48.501,34750.0,34784.74999999999,MAIN,MAIN,2026-09-03 10:29:48.475,,,2026-09-03 10:29:48.475,34750.0,,,False,,2026-09-03 10:29:48.628,34750.0,0.152869,0.0,-0.099900099900079,0.0,30,31.427,34700.0,-0.14388489208633093,-0.24364125083547455,0.14388489208633093,-0.28776978417266186,0.04384105103531657,-0.38738240177087013,COMPLETE
2026-09-03 10:30:50.031,v1.6.9,20260903_100840_WIDE_HIGH_GAP_SHADOW_E011_102948501410,WIDE_HIGH_GAP_SHADOW,100840,SNT에너지,2026-09-03 10:29:48.501,34750.0,34784.74999999999,MAIN,MAIN,2026-09-03 10:29:48.475,,,2026-09-03 10:29:48.475,34750.0,,,False,,2026-09-03 10:29:48.628,34750.0,0.152869,0.0,-0.099900099900079,0.0,60,61.53,34700.0,-0.14388489208633093,-0.24364125083547455,0.14388489208633093,-0.28776978417266186,0.04384105103531657,-0.38738240177087013,COMPLETE
2026-09-03 10:30:57.727,v1.6.9,20260903_100840_WIDE_HIGH_GAP_SHADOW_E012_103026850034,WIDE_HIGH_GAP_SHADOW,100840,SNT에너지,2026-09-03 10:30:26.850,34700.0,34734.7,MAIN,MAIN,2026-09-03 10:30:26.823,,,2026-09-03 10:30:26.823,34700.0,,,False,,2026-09-03 10:30:27.228,34750.0,0.405024,0.1440922190201729,0.04404817084933197,0.1440922190201729,30,30.878,34700.0,0.0,-0.09990009990009154,0.2881844380403458,0.0,0.18799644159875548,-0.09990009990009154,COMPLETE
2026-09-03 10:31:12.135,v1.6.9,20260903_008930_WIDE_HIGH_GAP_SHADOW_E010_102609113120,WIDE_HIGH_GAP_SHADOW,008930,한미사이언스,2026-09-03 10:26:09.113,51600.0,51651.59999999999,MAIN,MAIN,2026-09-03 10:26:09.095,,,2026-09-03 10:26:09.095,51600.0,,,False,,2026-09-03 10:26:09.630,51700.0,0.534604,0.1937984496124031,0.0937047448675525,0.1937984496124031,300,303.022,51500.0,-0.1937984496124031,-0.29350494466771854,0.1937984496124031,-1.1627906976744187,0.0937047448675525,-1.261529168505896,COMPLETE
2026-09-03 10:31:26.926,v1.6.9,20260903_100840_WIDE_HIGH_GAP_SHADOW_E012_103026850034,WIDE_HIGH_GAP_SHADOW,100840,SNT에너지,2026-09-03 10:30:26.850,34700.0,34734.7,MAIN,MAIN,2026-09-03 10:30:26.823,,,2026-09-03 10:30:26.823,34700.0,,,False,,2026-09-03 10:30:27.228,34750.0,0.405024,0.1440922190201729,0.04404817084933197,0.1440922190201729,60,60.076,34600.0,-0.2881844380403458,-0.38779664139893855,0.2881844380403458,-1.0086455331412103,0.18799644159875548,-1.107537995146056,COMPLETE
2026-09-03 10:31:35.626,v1.6.9,20260903_088350_WIDE_HIGH_GAP_SHADOW_E008_103105146143,WIDE_HIGH_GAP_SHADOW,088350,한화생명,2026-09-03 10:31:05.146,6260.0,6266.259999999999,MAIN,MAIN,2026-09-03 10:31:05.132,,,2026-09-03 10:31:05.132,6260.0,,,False,,2026-09-03 10:31:05.331,6270.0,0.199556,0.1597444089456869,0.05968472422147647,0.1597444089456869,30,30.481,6270.0,0.1597444089456869,0.05968472422147647,0.1597444089456869,-0.1597444089456869,0.05968472422147647,-0.25948492402165424,COMPLETE
2026-09-03 10:31:48.528,v1.6.9,20260903_100840_WIDE_HIGH_GAP_SHADOW_E011_102948501410,WIDE_HIGH_GAP_SHADOW,100840,SNT에너지,2026-09-03 10:29:48.501,34750.0,34784.74999999999,MAIN,MAIN,2026-09-03 10:29:48.475,,,2026-09-03 10:29:48.475,34750.0,,,False,,2026-09-03 10:29:48.628,34750.0,0.152869,0.0,-0.099900099900079,0.0,120,120.027,34550.0,-0.5755395683453237,-0.6748647036416613,0.14388489208633093,-1.1510791366906474,0.04384105103531657,-1.2498293073832436,COMPLETE
2026-09-03 10:32:05.426,v1.6.9,20260903_088350_WIDE_HIGH_GAP_SHADOW_E008_103105146143,WIDE_HIGH_GAP_SHADOW,088350,한화생명,2026-09-03 10:31:05.146,6260.0,6266.259999999999,MAIN,MAIN,2026-09-03 10:31:05.132,,,2026-09-03 10:31:05.132,6260.0,,,False,,2026-09-03 10:31:05.331,6270.0,0.199556,0.1597444089456869,0.05968472422147647,0.1597444089456869,60,60.28,6270.0,0.1597444089456869,0.05968472422147647,0.3194888178913738,-0.1597444089456869,0.21926954834304183,-0.25948492402165424,COMPLETE
2026-09-03 10:32:26.926,v1.6.9,20260903_100840_WIDE_HIGH_GAP_SHADOW_E012_103026850034,WIDE_HIGH_GAP_SHADOW,100840,SNT에너지,2026-09-03 10:30:26.850,34700.0,34734.7,MAIN,MAIN,2026-09-03 10:30:26.823,,,2026-09-03 10:30:26.823,34700.0,,,False,,2026-09-03 10:30:27.228,34750.0,0.405024,0.1440922190201729,0.04404817084933197,0.1440922190201729,120,120.076,34500.0,-0.5763688760806917,-0.6756931828977855,0.2881844380403458,-1.0086455331412103,0.18799644159875548,-1.107537995146056,COMPLETE
2026-09-03 10:32:48.727,v1.6.9,20260903_100840_WIDE_HIGH_GAP_SHADOW_E011_102948501410,WIDE_HIGH_GAP_SHADOW,100840,SNT에너지,2026-09-03 10:29:48.501,34750.0,34784.74999999999,MAIN,MAIN,2026-09-03 10:29:48.475,,,2026-09-03 10:29:48.475,34750.0,,,False,,2026-09-03 10:29:48.628,34750.0,0.152869,0.0,-0.099900099900079,0.0,180,180.226,34500.0,-0.7194244604316548,-0.8186058545770569,0.14388489208633093,-1.1510791366906474,0.04384105103531657,-1.2498293073832436,COMPLETE
2026-09-03 10:32:54.725,v1.6.9,20260903_008930_WIDE_HIGH_GAP_SHADOW_E011_103224196702,WIDE_HIGH_GAP_SHADOW,008930,한미사이언스,2026-09-03 10:32:24.196,51600.0,51651.59999999999,MAIN,MAIN,2026-09-03 10:32:24.190,,,2026-09-03 10:32:24.190,51600.0,,,False,,2026-09-03 10:32:24.226,51600.0,0.03583,0.0,-0.09990009990008301,0.0,30,30.529,51500.0,-0.1937984496124031,-0.29350494466771854,0.0,-0.3875968992248062,-0.09990009990008301,-0.48710978943535405,COMPLETE
2026-09-03 10:33:05.826,v1.6.9,20260903_088350_WIDE_HIGH_GAP_SHADOW_E008_103105146143,WIDE_HIGH_GAP_SHADOW,088350,한화생명,2026-09-03 10:31:05.146,6260.0,6266.259999999999,MAIN,MAIN,2026-09-03 10:31:05.132,,,2026-09-03 10:31:05.132,6260.0,,,False,,2026-09-03 10:31:05.331,6270.0,0.199556,0.1597444089456869,0.05968472422147647,0.1597444089456869,120,120.681,6260.0,0.0,-0.09990009990008888,0.3194888178913738,-0.3194888178913738,0.21926954834304183,-0.41906974814321957,COMPLETE
2026-09-03 10:33:27.227,v1.6.9,20260903_100840_WIDE_HIGH_GAP_SHADOW_E012_103026850034,WIDE_HIGH_GAP_SHADOW,100840,SNT에너지,2026-09-03 10:30:26.850,34700.0,34734.7,MAIN,MAIN,2026-09-03 10:30:26.823,,,2026-09-03 10:30:26.823,34700.0,,,False,,2026-09-03 10:30:27.228,34750.0,0.405024,0.1440922190201729,0.04404817084933197,0.1440922190201729,180,180.378,34400.0,-0.8645533141210375,-0.9635897243966326,0.2881844380403458,-1.0086455331412103,0.18799644159875548,-1.107537995146056,COMPLETE
2026-09-03 10:33:27.624,v1.6.9,20260903_008930_WIDE_HIGH_GAP_SHADOW_E011_103224196702,WIDE_HIGH_GAP_SHADOW,008930,한미사이언스,2026-09-03 10:32:24.196,51600.0,51651.59999999999,MAIN,MAIN,2026-09-03 10:32:24.190,,,2026-09-03 10:32:24.190,51600.0,,,False,,2026-09-03 10:32:24.226,51600.0,0.03583,0.0,-0.09990009990008301,0.0,60,63.428,51400.0,-0.3875968992248062,-0.48710978943535405,0.0,-0.3875968992248062,-0.09990009990008301,-0.48710978943535405,COMPLETE
2026-09-03 10:33:53.728,v1.6.9,20260903_088350_WIDE_HIGH_GAP_SHADOW_E009_103322762035,WIDE_HIGH_GAP_SHADOW,088350,한화생명,2026-09-03 10:33:22.762,6260.0,6266.259999999999,MAIN,MAIN,2026-09-03 10:33:22.737,,,2026-09-03 10:33:22.737,6260.0,,,False,,2026-09-03 10:33:22.825,6260.0,0.087523,0.0,-0.09990009990008888,0.0,30,30.966,6250.0,-0.1597444089456869,-0.25948492402165424,0.0,-0.3194888178913738,-0.09990009990008888,-0.41906974814321957,COMPLETE
2026-09-03 10:34:05.424,v1.6.9,20260903_088350_WIDE_HIGH_GAP_SHADOW_E008_103105146143,WIDE_HIGH_GAP_SHADOW,088350,한화생명,2026-09-03 10:31:05.146,6260.0,6266.259999999999,MAIN,MAIN,2026-09-03 10:31:05.132,,,2026-09-03 10:31:05.132,6260.0,,,False,,2026-09-03 10:31:05.331,6270.0,0.199556,0.1597444089456869,0.05968472422147647,0.1597444089456869,180,180.278,6250.0,-0.1597444089456869,-0.25948492402165424,0.3194888178913738,-0.3194888178913738,0.21926954834304183,-0.41906974814321957,COMPLETE
2026-09-03 10:34:22.824,v1.6.9,20260903_088350_WIDE_HIGH_GAP_SHADOW_E009_103322762035,WIDE_HIGH_GAP_SHADOW,088350,한화생명,2026-09-03 10:33:22.762,6260.0,6266.259999999999,MAIN,MAIN,2026-09-03 10:33:22.737,,,2026-09-03 10:33:22.737,6260.0,,,False,,2026-09-03 10:33:22.825,6260.0,0.087523,0.0,-0.09990009990008888,0.0,60,60.063,6240.0,-0.3194888178913738,-0.41906974814321957,0.0,-0.3194888178913738,-0.09990009990008888,-0.41906974814321957,COMPLETE
2026-09-03 10:34:24.726,v1.6.9,20260903_008930_WIDE_HIGH_GAP_SHADOW_E011_103224196702,WIDE_HIGH_GAP_SHADOW,008930,한미사이언스,2026-09-03 10:32:24.196,51600.0,51651.59999999999,MAIN,MAIN,2026-09-03 10:32:24.190,,,2026-09-03 10:32:24.190,51600.0,,,False,,2026-09-03 10:32:24.226,51600.0,0.03583,0.0,-0.09990009990008301,0.0,120,120.53,51100.0,-0.9689922480620154,-1.0679243237382605,0.0,-0.9689922480620154,-0.09990009990008301,-1.0679243237382605,COMPLETE
2026-09-03 10:34:49.124,v1.6.9,20260903_100840_WIDE_HIGH_GAP_SHADOW_E011_102948501410,WIDE_HIGH_GAP_SHADOW,100840,SNT에너지,2026-09-03 10:29:48.501,34750.0,34784.74999999999,MAIN,MAIN,2026-09-03 10:29:48.475,,,2026-09-03 10:29:48.475,34750.0,,,False,,2026-09-03 10:29:48.628,34750.0,0.152869,0.0,-0.099900099900079,0.0,300,300.623,34450.0,-0.8633093525179856,-0.9623470055124526,0.14388489208633093,-1.2949640287769784,0.04384105103531657,-1.3935704583186392,COMPLETE
2026-09-03 10:35:17.326,v1.6.9,20260903_033790_WIDE_HIGH_GAP_SHADOW_E001_103446859267,WIDE_HIGH_GAP_SHADOW,033790,피노,2026-09-03 10:34:46.859,8650.0,8658.65,MAIN,MAIN,2026-09-03 10:34:46.829,,,2026-09-03 10:34:46.829,8650.0,,,False,,2026-09-03 10:34:47.024,8660.0,0.19521,0.11560693641618498,0.01559134507111806,0.11560693641618498,30,30.467,8700.0,0.5780346820809248,0.4775571249559731,0.8092485549132947,-0.46242774566473993,0.7085400148984006,-0.5618658797849507,COMPLETE
2026-09-03 10:35:23.033,v1.6.9,20260903_088350_WIDE_HIGH_GAP_SHADOW_E009_103322762035,WIDE_HIGH_GAP_SHADOW,088350,한화생명,2026-09-03 10:33:22.762,6260.0,6266.259999999999,MAIN,MAIN,2026-09-03 10:33:22.737,,,2026-09-03 10:33:22.737,6260.0,,,False,,2026-09-03 10:33:22.825,6260.0,0.087523,0.0,-0.09990009990008888,0.0,120,120.272,6230.0,-0.4792332268370607,-0.5786545722647849,0.0,-0.9584664536741214,-0.09990009990008888,-1.057409044629481,COMPLETE
2026-09-03 10:35:24.824,v1.6.9,20260903_008930_WIDE_HIGH_GAP_SHADOW_E011_103224196702,WIDE_HIGH_GAP_SHADOW,008930,한미사이언스,2026-09-03 10:32:24.196,51600.0,51651.59999999999,MAIN,MAIN,2026-09-03 10:32:24.190,,,2026-09-03 10:32:24.190,51600.0,,,False,,2026-09-03 10:32:24.226,51600.0,0.03583,0.0,-0.09990009990008301,0.0,180,180.627,51200.0,-0.7751937984496124,-0.8743194789706249,0.0,-1.1627906976744187,-0.09990009990008301,-1.261529168505896,COMPLETE
2026-09-03 10:35:28.834,v1.6.9,20260903_100840_WIDE_HIGH_GAP_SHADOW_E012_103026850034,WIDE_HIGH_GAP_SHADOW,100840,SNT에너지,2026-09-03 10:30:26.850,34700.0,34734.7,MAIN,MAIN,2026-09-03 10:30:26.823,,,2026-09-03 10:30:26.823,34700.0,,,False,,2026-09-03 10:30:27.228,34750.0,0.405024,0.1440922190201729,0.04404817084933197,0.1440922190201729,300,301.985,34500.0,-0.5763688760806917,-0.6756931828977855,0.2881844380403458,-1.1527377521613833,0.18799644159875548,-1.2514862658954795,COMPLETE
2026-09-03 10:35:47.873,v1.6.9,20260903_033790_WIDE_HIGH_GAP_SHADOW_E001_103446859267,WIDE_HIGH_GAP_SHADOW,033790,피노,2026-09-03 10:34:46.859,8650.0,8658.65,MAIN,MAIN,2026-09-03 10:34:46.829,,,2026-09-03 10:34:46.829,8650.0,,,False,,2026-09-03 10:34:47.024,8660.0,0.19521,0.11560693641618498,0.01559134507111806,0.11560693641618498,60,61.014,8670.0,0.23121387283236997,0.13108279004233184,0.8092485549132947,-0.46242774566473993,0.7085400148984006,-0.5618658797849507,COMPLETE
2026-09-03 10:36:05.422,v1.6.9,20260903_088350_WIDE_HIGH_GAP_SHADOW_E008_103105146143,WIDE_HIGH_GAP_SHADOW,088350,한화생명,2026-09-03 10:31:05.146,6260.0,6266.259999999999,MAIN,MAIN,2026-09-03 10:31:05.132,,,2026-09-03 10:31:05.132,6260.0,,,False,,2026-09-03 10:31:05.331,6270.0,0.199556,0.1597444089456869,0.05968472422147647,0.1597444089456869,300,300.276,6230.0,-0.4792332268370607,-0.5786545722647849,0.3194888178913738,-0.9584664536741214,0.21926954834304183,-1.057409044629481,COMPLETE
2026-09-03 10:36:23.832,v1.6.9,20260903_088350_WIDE_HIGH_GAP_SHADOW_E009_103322762035,WIDE_HIGH_GAP_SHADOW,088350,한화생명,2026-09-03 10:33:22.762,6260.0,6266.259999999999,MAIN,MAIN,2026-09-03 10:33:22.737,,,2026-09-03 10:33:22.737,6260.0,,,False,,2026-09-03 10:33:22.825,6260.0,0.087523,0.0,-0.09990009990008888,0.0,180,181.071,6230.0,-0.4792332268370607,-0.5786545722647849,0.0,-0.9584664536741214,-0.09990009990008888,-1.057409044629481,COMPLETE
2026-09-03 10:36:30.122,v1.6.9,20260903_033790_WIDE_HIGH_GAP_SHADOW_E002_103600103340,WIDE_HIGH_GAP_SHADOW,033790,피노,2026-09-03 10:36:00.103,8640.0,8648.64,MAIN,MAIN,2026-09-03 10:36:00.093,,,2026-09-03 10:36:00.093,8640.0,,,False,,2026-09-03 10:36:00.323,8650.0,0.230177,0.11574074074074073,0.015725015725022457,0.11574074074074073,30,30.019,8630.0,-0.11574074074074073,-0.21552521552520879,0.3472222222222222,-0.23148148148148145,0.24697524697525372,-0.33115033115032444,COMPLETE
2026-09-03 10:36:47.031,v1.6.9,20260903_033790_WIDE_HIGH_GAP_SHADOW_E001_103446859267,WIDE_HIGH_GAP_SHADOW,033790,피노,2026-09-03 10:34:46.859,8650.0,8658.65,MAIN,MAIN,2026-09-03 10:34:46.829,,,2026-09-03 10:34:46.829,8650.0,,,False,,2026-09-03 10:34:47.024,8660.0,0.19521,0.11560693641618498,0.01559134507111806,0.11560693641618498,120,120.173,8620.0,-0.3468208092485549,-0.446374434813737,0.8092485549132947,-0.46242774566473993,0.7085400148984006,-0.5618658797849507,COMPLETE
2026-09-03 10:37:00.323,v1.6.9,20260903_033790_WIDE_HIGH_GAP_SHADOW_E002_103600103340,WIDE_HIGH_GAP_SHADOW,033790,피노,2026-09-03 10:36:00.103,8640.0,8648.64,MAIN,MAIN,2026-09-03 10:36:00.093,,,2026-09-03 10:36:00.093,8640.0,,,False,,2026-09-03 10:36:00.323,8650.0,0.230177,0.11574074074074073,0.015725015725022457,0.11574074074074073,60,60.22,8610.0,-0.3472222222222222,-0.4467754467754401,0.3472222222222222,-0.3472222222222222,0.24697524697525372,-0.4467754467754401,COMPLETE
2026-09-03 10:37:26.232,v1.6.9,20260903_008930_WIDE_HIGH_GAP_SHADOW_E011_103224196702,WIDE_HIGH_GAP_SHADOW,008930,한미사이언스,2026-09-03 10:32:24.196,51600.0,51651.59999999999,MAIN,MAIN,2026-09-03 10:32:24.190,,,2026-09-03 10:32:24.190,51600.0,,,False,,2026-09-03 10:32:24.226,51600.0,0.03583,0.0,-0.09990009990008301,0.0,300,302.036,51300.0,-0.5813953488372093,-0.6807146342029895,0.0,-1.1627906976744187,-0.09990009990008301,-1.261529168505896,COMPLETE
2026-09-03 10:37:46.931,v1.6.9,20260903_033790_WIDE_HIGH_GAP_SHADOW_E001_103446859267,WIDE_HIGH_GAP_SHADOW,033790,피노,2026-09-03 10:34:46.859,8650.0,8658.65,MAIN,MAIN,2026-09-03 10:34:46.829,,,2026-09-03 10:34:46.829,8650.0,,,False,,2026-09-03 10:34:47.024,8660.0,0.19521,0.11560693641618498,0.01559134507111806,0.11560693641618498,180,180.073,8540.0,-1.2716763005780347,-1.3703059945834473,0.8092485549132947,-1.3872832369942196,0.7085400148984006,-1.485797439554661,COMPLETE
2026-09-03 10:38:00.431,v1.6.9,20260903_033790_WIDE_HIGH_GAP_SHADOW_E002_103600103340,WIDE_HIGH_GAP_SHADOW,033790,피노,2026-09-03 10:36:00.103,8640.0,8648.64,MAIN,MAIN,2026-09-03 10:36:00.093,,,2026-09-03 10:36:00.093,8640.0,,,False,,2026-09-03 10:36:00.323,8650.0,0.230177,0.11574074074074073,0.015725015725022457,0.11574074074074073,120,120.329,8590.0,-0.5787037037037037,-0.6780256780256714,0.3472222222222222,-1.2731481481481481,0.24697524697525372,-1.3717763717763651,COMPLETE
2026-09-03 10:38:23.332,v1.6.9,20260903_088350_WIDE_HIGH_GAP_SHADOW_E009_103322762035,WIDE_HIGH_GAP_SHADOW,088350,한화생명,2026-09-03 10:33:22.762,6260.0,6266.259999999999,MAIN,MAIN,2026-09-03 10:33:22.737,,,2026-09-03 10:33:22.737,6260.0,,,False,,2026-09-03 10:33:22.825,6260.0,0.087523,0.0,-0.09990009990008888,0.0,300,300.57,6220.0,-0.6389776357827476,-0.7382393963863503,0.0,-0.9584664536741214,-0.09990009990008888,-1.057409044629481,COMPLETE
2026-09-03 10:38:28.944,v1.6.9,20260903_008930_WIDE_HIGH_GAP_SHADOW_E012_103758778330,WIDE_HIGH_GAP_SHADOW,008930,한미사이언스,2026-09-03 10:37:58.778,52000.0,52051.99999999999,MAIN,MAIN,2026-09-03 10:37:58.760,,,2026-09-03 10:37:58.760,52000.0,,,False,,2026-09-03 10:37:58.840,52100.0,0.07952,0.19230769230769232,0.09221547683087544,0.19230769230769232,30,30.166,51900.0,-0.19230769230769232,-0.2920156766310473,0.19230769230769232,-0.19230769230769232,0.09221547683087544,-0.2920156766310473,COMPLETE
2026-09-03 10:38:51.830,v1.6.9,20260903_100840_WIDE_HIGH_GAP_SHADOW_E013_103819136679,WIDE_HIGH_GAP_SHADOW,100840,SNT에너지,2026-09-03 10:38:19.136,34300.0,34334.299999999996,MAIN,MAIN,2026-09-03 10:38:19.109,,,2026-09-03 10:38:19.109,34300.0,,,False,,2026-09-03 10:38:19.334,34300.0,0.225181,0.0,-0.09990009990008719,0.0,30,32.694,34300.0,0.0,-0.09990009990008719,0.1457725947521866,-0.2915451895043732,0.04572686788431501,-0.3911540354688916,COMPLETE
2026-09-03 10:39:00.030,v1.6.9,20260903_008930_WIDE_HIGH_GAP_SHADOW_E012_103758778330,WIDE_HIGH_GAP_SHADOW,008930,한미사이언스,2026-09-03 10:37:58.778,52000.0,52051.99999999999,MAIN,MAIN,2026-09-03 10:37:58.760,,,2026-09-03 10:37:58.760,52000.0,,,False,,2026-09-03 10:37:58.840,52100.0,0.07952,0.19230769230769232,0.09221547683087544,0.19230769230769232,60,61.252,52000.0,0.0,-0.09990009990008594,0.19230769230769232,-0.19230769230769232,0.09221547683087544,-0.2920156766310473,COMPLETE
2026-09-03 10:39:00.630,v1.6.9,20260903_033790_WIDE_HIGH_GAP_SHADOW_E002_103600103340,WIDE_HIGH_GAP_SHADOW,033790,피노,2026-09-03 10:36:00.103,8640.0,8648.64,MAIN,MAIN,2026-09-03 10:36:00.093,,,2026-09-03 10:36:00.093,8640.0,,,False,,2026-09-03 10:36:00.323,8650.0,0.230177,0.11574074074074073,0.015725015725022457,0.11574074074074073,180,180.527,8640.0,0.0,-0.09990009990009317,0.3472222222222222,-1.2731481481481481,0.24697524697525372,-1.3717763717763651,COMPLETE
2026-09-03 10:39:19.841,v1.6.9,20260903_100840_WIDE_HIGH_GAP_SHADOW_E013_103819136679,WIDE_HIGH_GAP_SHADOW,100840,SNT에너지,2026-09-03 10:38:19.136,34300.0,34334.299999999996,MAIN,MAIN,2026-09-03 10:38:19.109,,,2026-09-03 10:38:19.109,34300.0,,,False,,2026-09-03 10:38:19.334,34300.0,0.225181,0.0,-0.09990009990008719,0.0,60,60.704,34250.0,-0.1457725947521866,-0.24552706768448943,0.1457725947521866,-0.2915451895043732,0.04572686788431501,-0.3911540354688916,COMPLETE
2026-09-03 10:39:48.274,v1.6.9,20260903_033790_WIDE_HIGH_GAP_SHADOW_E001_103446859267,WIDE_HIGH_GAP_SHADOW,033790,피노,2026-09-03 10:34:46.859,8650.0,8658.65,MAIN,MAIN,2026-09-03 10:34:46.829,,,2026-09-03 10:34:46.829,8650.0,,,False,,2026-09-03 10:34:47.024,8660.0,0.19521,0.11560693641618498,0.01559134507111806,0.11560693641618498,300,301.416,8670.0,0.23121387283236997,0.13108279004233184,0.8092485549132947,-1.3872832369942196,0.7085400148984006,-1.485797439554661,COMPLETE
2026-09-03 10:39:59.529,v1.6.9,20260903_008930_WIDE_HIGH_GAP_SHADOW_E012_103758778330,WIDE_HIGH_GAP_SHADOW,008930,한미사이언스,2026-09-03 10:37:58.778,52000.0,52051.99999999999,MAIN,MAIN,2026-09-03 10:37:58.760,,,2026-09-03 10:37:58.760,52000.0,,,False,,2026-09-03 10:37:58.840,52100.0,0.07952,0.19230769230769232,0.09221547683087544,0.19230769230769232,120,120.751,52400.0,0.7692307692307693,0.6685622070237596,0.9615384615384616,-0.19230769230769232,0.860677783754721,-0.2920156766310473,COMPLETE
2026-09-03 10:40:19.729,v1.6.9,20260903_100840_WIDE_HIGH_GAP_SHADOW_E013_103819136679,WIDE_HIGH_GAP_SHADOW,100840,SNT에너지,2026-09-03 10:38:19.136,34300.0,34334.299999999996,MAIN,MAIN,2026-09-03 10:38:19.109,,,2026-09-03 10:38:19.109,34300.0,,,False,,2026-09-03 10:38:19.334,34300.0,0.225181,0.0,-0.09990009990008719,0.0,120,120.593,34250.0,-0.1457725947521866,-0.24552706768448943,0.1457725947521866,-0.2915451895043732,0.04572686788431501,-0.3911540354688916,COMPLETE
2026-09-03 10:40:51.029,v1.6.9,20260903_008930_WIDE_HIGH_GAP_SHADOW_E013_104017249548,WIDE_HIGH_GAP_SHADOW,008930,한미사이언스,2026-09-03 10:40:17.249,52200.0,52252.2,MAIN,MAIN,2026-09-03 10:40:17.230,,,2026-09-03 10:40:17.230,52200.0,,,False,,2026-09-03 10:40:18.329,52200.0,1.098969,0.0,-0.09990009990009432,0.0,30,33.78,52000.0,-0.38314176245210724,-0.48265910334875295,0.19157088122605362,-0.5747126436781609,0.09147940182423499,-0.6740386050730823,COMPLETE
2026-09-03 10:40:59.130,v1.6.9,20260903_008930_WIDE_HIGH_GAP_SHADOW_E012_103758778330,WIDE_HIGH_GAP_SHADOW,008930,한미사이언스,2026-09-03 10:37:58.778,52000.0,52051.99999999999,MAIN,MAIN,2026-09-03 10:37:58.760,,,2026-09-03 10:37:58.760,52000.0,,,False,,2026-09-03 10:37:58.840,52100.0,0.07952,0.19230769230769232,0.09221547683087544,0.19230769230769232,180,180.352,52000.0,0.0,-0.09990009990008594,0.9615384615384616,-0.19230769230769232,0.860677783754721,-0.2920156766310473,COMPLETE
2026-09-03 10:41:00.930,v1.6.9,20260903_033790_WIDE_HIGH_GAP_SHADOW_E002_103600103340,WIDE_HIGH_GAP_SHADOW,033790,피노,2026-09-03 10:36:00.103,8640.0,8648.64,MAIN,MAIN,2026-09-03 10:36:00.093,,,2026-09-03 10:36:00.093,8640.0,,,False,,2026-09-03 10:36:00.323,8650.0,0.230177,0.11574074074074073,0.015725015725022457,0.11574074074074073,300,300.827,8635.0,-0.057870370370370364,-0.157712657712651,0.8101851851851851,-1.2731481481481481,0.7094757094757163,-1.3717763717763651,COMPLETE
2026-09-03 10:41:11.729,v1.6.9,20260903_100840_WIDE_HIGH_GAP_SHADOW_E014_104036035876,WIDE_HIGH_GAP_SHADOW,100840,SNT에너지,2026-09-03 10:40:36.035,34250.0,34284.24999999999,MAIN,MAIN,2026-09-03 10:40:35.996,,,2026-09-03 10:40:35.996,34250.0,,,False,,2026-09-03 10:40:36.932,34300.0,0.935627,0.145985401459854,0.04593946199787739,0.145985401459854,30,35.694,34350.0,0.291970802919708,0.19177902389583348,0.291970802919708,0.0,0.19177902389583348,-0.0999000999000787,COMPLETE
2026-09-03 10:41:19.034,v1.6.9,20260903_008930_WIDE_HIGH_GAP_SHADOW_E013_104017249548,WIDE_HIGH_GAP_SHADOW,008930,한미사이언스,2026-09-03 10:40:17.249,52200.0,52252.2,MAIN,MAIN,2026-09-03 10:40:17.230,,,2026-09-03 10:40:17.230,52200.0,,,False,,2026-09-03 10:40:18.329,52200.0,1.098969,0.0,-0.09990009990009432,0.0,60,61.785,52100.0,-0.19157088122605362,-0.2912796016244236,0.19157088122605362,-0.5747126436781609,0.09147940182423499,-0.6740386050730823,COMPLETE
2026-09-03 10:41:20.230,v1.6.9,20260903_100840_WIDE_HIGH_GAP_SHADOW_E013_103819136679,WIDE_HIGH_GAP_SHADOW,100840,SNT에너지,2026-09-03 10:38:19.136,34300.0,34334.299999999996,MAIN,MAIN,2026-09-03 10:38:19.109,,,2026-09-03 10:38:19.109,34300.0,,,False,,2026-09-03 10:38:19.334,34300.0,0.225181,0.0,-0.09990009990008719,0.0,180,181.093,34350.0,0.1457725947521866,0.04572686788431501,0.1457725947521866,-0.2915451895043732,0.04572686788431501,-0.3911540354688916,COMPLETE
2026-09-03 10:41:36.928,v1.6.9,20260903_100840_WIDE_HIGH_GAP_SHADOW_E014_104036035876,WIDE_HIGH_GAP_SHADOW,100840,SNT에너지,2026-09-03 10:40:36.035,34250.0,34284.24999999999,MAIN,MAIN,2026-09-03 10:40:35.996,,,2026-09-03 10:40:35.996,34250.0,,,False,,2026-09-03 10:40:36.932,34300.0,0.935627,0.145985401459854,0.04593946199787739,0.145985401459854,60,60.893,34400.0,0.43795620437956206,0.33761858579378956,0.8759124087591241,0.0,0.7751372714876579,-0.0999000999000787,COMPLETE
2026-09-03 10:42:20.827,v1.6.9,20260903_008930_WIDE_HIGH_GAP_SHADOW_E013_104017249548,WIDE_HIGH_GAP_SHADOW,008930,한미사이언스,2026-09-03 10:40:17.249,52200.0,52252.2,MAIN,MAIN,2026-09-03 10:40:17.230,,,2026-09-03 10:40:17.230,52200.0,,,False,,2026-09-03 10:40:18.329,52200.0,1.098969,0.0,-0.09990009990009432,0.0,120,123.578,52000.0,-0.38314176245210724,-0.48265910334875295,0.19157088122605362,-0.7662835249042145,0.09147940182423499,-0.8654181067974116,COMPLETE
2026-09-03 10:42:36.039,v1.6.9,20260903_100840_WIDE_HIGH_GAP_SHADOW_E014_104036035876,WIDE_HIGH_GAP_SHADOW,100840,SNT에너지,2026-09-03 10:40:36.035,34250.0,34284.24999999999,MAIN,MAIN,2026-09-03 10:40:35.996,,,2026-09-03 10:40:35.996,34250.0,,,False,,2026-09-03 10:40:36.932,34300.0,0.935627,0.145985401459854,0.04593946199787739,0.145985401459854,120,120.004,34150.0,-0.291970802919708,-0.39157922369599085,0.8759124087591241,-0.43795620437956206,0.7751372714876579,-0.537418785593947,COMPLETE
2026-09-03 10:42:40.127,v1.6.9,20260903_033790_WIDE_HIGH_GAP_SHADOW_E003_104210119882,WIDE_HIGH_GAP_SHADOW,033790,피노,2026-09-03 10:42:10.119,8630.0,8638.63,MAIN,MAIN,2026-09-03 10:42:10.075,,,2026-09-03 10:42:10.075,8630.0,,,False,,2026-09-03 10:42:10.338,8620.0,0.262818,-0.11587485515643105,-0.21565919596046135,0.11587485515643105,30,30.007,8610.0,-0.2317497103128621,-0.331418292020832,0.5793742757821553,-0.4634994206257242,0.47889538040176277,-0.5629364841415735,COMPLETE
2026-09-03 10:42:59.227,v1.6.9,20260903_008930_WIDE_HIGH_GAP_SHADOW_E012_103758778330,WIDE_HIGH_GAP_SHADOW,008930,한미사이언스,2026-09-03 10:37:58.778,52000.0,52051.99999999999,MAIN,MAIN,2026-09-03 10:37:58.760,,,2026-09-03 10:37:58.760,52000.0,,,False,,2026-09-03 10:37:58.840,52100.0,0.07952,0.19230769230769232,0.09221547683087544,0.19230769230769232,300,300.449,52300.0,0.576923076923077,0.47644663029279816,0.9615384615384616,-0.38461538461538464,0.860677783754721,-0.4841312533620087,COMPLETE
2026-09-03 10:43:11.227,v1.6.9,20260903_033790_WIDE_HIGH_GAP_SHADOW_E003_104210119882,WIDE_HIGH_GAP_SHADOW,033790,피노,2026-09-03 10:42:10.119,8630.0,8638.63,MAIN,MAIN,2026-09-03 10:42:10.075,,,2026-09-03 10:42:10.075,8630.0,,,False,,2026-09-03 10:42:10.338,8620.0,0.262818,-0.11587485515643105,-0.21565919596046135,0.11587485515643105,60,61.107,8620.0,-0.11587485515643105,-0.21565919596046135,0.5793742757821553,-0.4634994206257242,0.47889538040176277,-0.5629364841415735,COMPLETE
2026-09-03 10:43:17.827,v1.6.9,20260903_008930_WIDE_HIGH_GAP_SHADOW_E013_104017249548,WIDE_HIGH_GAP_SHADOW,008930,한미사이언스,2026-09-03 10:40:17.249,52200.0,52252.2,MAIN,MAIN,2026-09-03 10:40:17.230,,,2026-09-03 10:40:17.230,52200.0,,,False,,2026-09-03 10:40:18.329,52200.0,1.098969,0.0,-0.09990009990009432,0.0,180,180.578,52300.0,0.19157088122605362,0.09147940182423499,0.38314176245210724,-0.7662835249042145,0.2828589035485643,-0.8654181067974116,COMPLETE
2026-09-03 10:43:19.927,v1.6.9,20260903_100840_WIDE_HIGH_GAP_SHADOW_E013_103819136679,WIDE_HIGH_GAP_SHADOW,100840,SNT에너지,2026-09-03 10:38:19.136,34300.0,34334.299999999996,MAIN,MAIN,2026-09-03 10:38:19.109,,,2026-09-03 10:38:19.109,34300.0,,,False,,2026-09-03 10:38:19.334,34300.0,0.225181,0.0,-0.09990009990008719,0.0,300,300.79,34100.0,-0.5830903790087464,-0.682407971037696,0.7288629737609329,-0.7288629737609329,0.6282347390219238,-0.8280349388220982,COMPLETE
2026-09-03 10:43:37.626,v1.6.9,20260903_100840_WIDE_HIGH_GAP_SHADOW_E014_104036035876,WIDE_HIGH_GAP_SHADOW,100840,SNT에너지,2026-09-03 10:40:36.035,34250.0,34284.24999999999,MAIN,MAIN,2026-09-03 10:40:35.996,,,2026-09-03 10:40:35.996,34250.0,,,False,,2026-09-03 10:40:36.932,34300.0,0.935627,0.145985401459854,0.04593946199787739,0.145985401459854,180,181.591,34100.0,-0.43795620437956206,-0.537418785593947,0.8759124087591241,-0.7299270072992701,0.7751372714876579,-0.8290979093898591,COMPLETE
2026-09-03 10:44:10.827,v1.6.9,20260903_033790_WIDE_HIGH_GAP_SHADOW_E003_104210119882,WIDE_HIGH_GAP_SHADOW,033790,피노,2026-09-03 10:42:10.119,8630.0,8638.63,MAIN,MAIN,2026-09-03 10:42:10.075,,,2026-09-03 10:42:10.075,8630.0,,,False,,2026-09-03 10:42:10.338,8620.0,0.262818,-0.11587485515643105,-0.21565919596046135,0.11587485515643105,120,120.708,8675.0,0.5214368482039398,0.42101583237157747,0.5793742757821553,-0.4634994206257242,0.47889538040176277,-0.5629364841415735,COMPLETE
2026-09-03 10:44:54.925,v1.6.9,20260903_100090_SHADOW_SCORE_70_74_E001_104424908927,SHADOW_SCORE_70_74,100090,SK오션플랜트,2026-09-03 10:44:24.908,14120.0,14134.119999999999,MAIN,MAIN,2026-09-03 10:44:24.852,,,2026-09-03 10:44:24.852,14120.0,,,False,,2026-09-03 10:44:25.026,14140.0,0.173967,0.141643059490085,0.04160145803206015,0.141643059490085,30,30.017,14210.0,0.6373937677053824,0.5368569107945951,1.13314447592068,0.0,1.03211236355713,-0.0999000999000927,COMPLETE
2026-09-03 10:45:12.925,v1.6.9,20260903_033790_WIDE_HIGH_GAP_SHADOW_E003_104210119882,WIDE_HIGH_GAP_SHADOW,033790,피노,2026-09-03 10:42:10.119,8630.0,8638.63,MAIN,MAIN,2026-09-03 10:42:10.075,,,2026-09-03 10:42:10.075,8630.0,,,False,,2026-09-03 10:42:10.338,8620.0,0.262818,-0.11587485515643105,-0.21565919596046135,0.11587485515643105,180,182.805,8670.0,0.4634994206257242,0.3631362843413921,0.6952491309385863,-0.4634994206257242,0.5946544764621335,-0.5629364841415735,COMPLETE
2026-09-03 10:45:14.626,v1.6.9,20260903_100090_PRE_HISTORY_E001_104444545904,PRE_HISTORY,100090,SK오션플랜트,2026-09-03 10:44:44.545,14240.0,14254.239999999998,MAIN,MAIN,2026-09-03 10:44:44.463,2026-09-03 10:44:44.463,14240.0,2026-09-03 10:44:44.463,14240.0,0.0,0.0,True,20260903_100090_SHADOW_SCORE_70_74_E001_104424908927,2026-09-03 10:44:44.726,14240.0,0.262391,0.0,-0.09990009990008564,0.0,30,30.08,14120.0,-0.8426966292134831,-0.9417548743391297,0.0702247191011236,-0.9129213483146067,-0.029745535363498606,-1.0119094388757168,COMPLETE
2026-09-03 10:45:14.626,v1.6.9,20260903_100090_BASE_E001_104444537930,BASE,100090,SK오션플랜트,2026-09-03 10:44:44.537,14240.0,14254.239999999998,MAIN,MAIN,2026-09-03 10:44:44.463,2026-09-03 10:44:44.463,14240.0,2026-09-03 10:44:44.463,14240.0,0.0,0.0,True,20260903_100090_SHADOW_SCORE_70_74_E001_104424908927,2026-09-03 10:44:44.726,14240.0,0.262391,0.0,-0.09990009990008564,0.0,30,30.088,14120.0,-0.8426966292134831,-0.9417548743391297,0.0702247191011236,-0.9129213483146067,-0.029745535363498606,-1.0119094388757168,COMPLETE
2026-09-03 10:45:19.928,v1.6.9,20260903_008930_WIDE_HIGH_GAP_SHADOW_E013_104017249548,WIDE_HIGH_GAP_SHADOW,008930,한미사이언스,2026-09-03 10:40:17.249,52200.0,52252.2,MAIN,MAIN,2026-09-03 10:40:17.230,,,2026-09-03 10:40:17.230,52200.0,,,False,,2026-09-03 10:40:18.329,52200.0,1.098969,0.0,-0.09990009990009432,0.0,300,302.679,52500.0,0.5747126436781609,0.4742384052728936,0.7662835249042145,-0.7662835249042145,0.6656179069972229,-0.8654181067974116,COMPLETE
2026-09-03 10:45:24.926,v1.6.9,20260903_100090_SHADOW_SCORE_70_74_E001_104424908927,SHADOW_SCORE_70_74,100090,SK오션플랜트,2026-09-03 10:44:24.908,14120.0,14134.119999999999,MAIN,MAIN,2026-09-03 10:44:24.852,,,2026-09-03 10:44:24.852,14120.0,,,False,,2026-09-03 10:44:25.026,14140.0,0.173967,0.141643059490085,0.04160145803206015,0.141643059490085,60,60.017,14120.0,0.0,-0.0999000999000927,1.13314447592068,-0.141643059490085,1.03211236355713,-0.24140165783224557,COMPLETE
2026-09-03 10:45:37.225,v1.6.9,20260903_100840_WIDE_HIGH_GAP_SHADOW_E014_104036035876,WIDE_HIGH_GAP_SHADOW,100840,SNT에너지,2026-09-03 10:40:36.035,34250.0,34284.24999999999,MAIN,MAIN,2026-09-03 10:40:35.996,,,2026-09-03 10:40:35.996,34250.0,,,False,,2026-09-03 10:40:36.932,34300.0,0.935627,0.145985401459854,0.04593946199787739,0.145985401459854,300,301.19,34050.0,-0.583941605839416,-0.6832583474919031,0.8759124087591241,-0.7299270072992701,0.7751372714876579,-0.8290979093898591,COMPLETE
2026-09-03 10:45:44.627,v1.6.9,20260903_100090_PRE_HISTORY_E001_104444545904,PRE_HISTORY,100090,SK오션플랜트,2026-09-03 10:44:44.545,14240.0,14254.239999999998,MAIN,MAIN,2026-09-03 10:44:44.463,2026-09-03 10:44:44.463,14240.0,2026-09-03 10:44:44.463,14240.0,0.0,0.0,True,20260903_100090_SHADOW_SCORE_70_74_E001_104424908927,2026-09-03 10:44:44.726,14240.0,0.262391,0.0,-0.09990009990008564,0.0,60,60.081,13960.0,-1.9662921348314606,-2.064227906924522,0.0702247191011236,-2.0365168539325844,-0.029745535363498606,-2.134382471461109,COMPLETE
2026-09-03 10:45:44.627,v1.6.9,20260903_100090_BASE_E001_104444537930,BASE,100090,SK오션플랜트,2026-09-03 10:44:44.537,14240.0,14254.239999999998,MAIN,MAIN,2026-09-03 10:44:44.463,2026-09-03 10:44:44.463,14240.0,2026-09-03 10:44:44.463,14240.0,0.0,0.0,True,20260903_100090_SHADOW_SCORE_70_74_E001_104424908927,2026-09-03 10:44:44.726,14240.0,0.262391,0.0,-0.09990009990008564,0.0,60,60.089,13960.0,-1.9662921348314606,-2.064227906924522,0.0702247191011236,-2.0365168539325844,-0.029745535363498606,-2.134382471461109,COMPLETE
2026-09-03 10:46:25.025,v1.6.9,20260903_100090_SHADOW_SCORE_70_74_E001_104424908927,SHADOW_SCORE_70_74,100090,SK오션플랜트,2026-09-03 10:44:24.908,14120.0,14134.119999999999,MAIN,MAIN,2026-09-03 10:44:24.852,,,2026-09-03 10:44:24.852,14120.0,,,False,,2026-09-03 10:44:25.026,14140.0,0.173967,0.141643059490085,0.04160145803206015,0.141643059490085,120,120.117,13970.0,-1.0623229461756374,-1.1611617843912392,1.13314447592068,-1.4872521246458925,1.03211236355713,-1.5856664581876976,COMPLETE
2026-09-03 10:46:39.924,v1.6.9,20260903_004020_WIDE_HIGH_GAP_SHADOW_E001_104607649355,WIDE_HIGH_GAP_SHADOW,004020,현대제철,2026-09-03 10:46:07.649,31550.0,31581.549999999996,MAIN,MAIN,2026-09-03 10:46:07.627,,,2026-09-03 10:46:07.627,31550.0,,,False,,2026-09-03 10:46:09.238,31600.0,1.610937,0.15847860538827258,0.05842018520308335,0.15847860538827258,30,32.275,31550.0,0.0,-0.09990009990008608,0.15847860538827258,0.0,0.05842018520308335,-0.09990009990008608,COMPLETE
2026-09-03 10:46:43.724,v1.6.9,20260903_033790_WIDE_HIGH_GAP_SHADOW_E004_104607682626,WIDE_HIGH_GAP_SHADOW,033790,피노,2026-09-03 10:46:07.682,8640.0,8648.64,MAIN,MAIN,2026-09-03 10:46:07.662,,,2026-09-03 10:46:07.662,8640.0,,,False,,2026-09-03 10:46:07.724,8640.0,0.062154,0.0,-0.09990009990009317,0.0,30,36.042,8650.0,0.11574074074074073,0.015725015725022457,0.23148148148148145,-0.5787037037037037,0.13135013135013807,-0.6780256780256714,COMPLETE
2026-09-03 10:46:44.725,v1.6.9,20260903_100090_PRE_HISTORY_E001_104444545904,PRE_HISTORY,100090,SK오션플랜트,2026-09-03 10:44:44.545,14240.0,14254.239999999998,MAIN,MAIN,2026-09-03 10:44:44.463,2026-09-03 10:44:44.463,14240.0,2026-09-03 10:44:44.463,14240.0,0.0,0.0,True,20260903_100090_SHADOW_SCORE_70_74_E001_104424908927,2026-09-03 10:44:44.726,14240.0,0.262391,0.0,-0.09990009990008564,0.0,120,120.179,13980.0,-1.8258426966292134,-1.923918777851348,0.0702247191011236,-2.317415730337079,-0.029745535363498606,-2.415000729607457,COMPLETE
2026-09-03 10:46:44.725,v1.6.9,20260903_100090_BASE_E001_104444537930,BASE,100090,SK오션플랜트,2026-09-03 10:44:44.537,14240.0,14254.239999999998,MAIN,MAIN,2026-09-03 10:44:44.463,2026-09-03 10:44:44.463,14240.0,2026-09-03 10:44:44.463,14240.0,0.0,0.0,True,20260903_100090_SHADOW_SCORE_70_74_E001_104424908927,2026-09-03 10:44:44.726,14240.0,0.262391,0.0,-0.09990009990008564,0.0,120,120.187,13980.0,-1.8258426966292134,-1.923918777851348,0.0702247191011236,-2.317415730337079,-0.029745535363498606,-2.415000729607457,COMPLETE
2026-09-03 10:47:02.424,v1.6.9,20260903_008930_WIDE_HIGH_GAP_SHADOW_E014_104630652168,WIDE_HIGH_GAP_SHADOW,008930,한미사이언스,2026-09-03 10:46:30.652,52200.0,52252.2,MAIN,MAIN,2026-09-03 10:46:30.622,,,2026-09-03 10:46:30.622,52200.0,,,False,,2026-09-03 10:46:31.925,52300.0,1.303195,0.19157088122605362,0.09147940182423499,0.19157088122605362,30,31.772,52400.0,0.38314176245210724,0.2828589035485643,0.38314176245210724,0.0,0.2828589035485643,-0.09990009990009432,COMPLETE
2026-09-03 10:47:07.825,v1.6.9,20260903_033790_WIDE_HIGH_GAP_SHADOW_E004_104607682626,WIDE_HIGH_GAP_SHADOW,033790,피노,2026-09-03 10:46:07.682,8640.0,8648.64,MAIN,MAIN,2026-09-03 10:46:07.662,,,2026-09-03 10:46:07.662,8640.0,,,False,,2026-09-03 10:46:07.724,8640.0,0.062154,0.0,-0.09990009990009317,0.0,60,60.143,8580.0,-0.6944444444444444,-0.7936507936507871,0.23148148148148145,-0.8101851851851851,0.13135013135013807,-0.9092759092759026,COMPLETE
2026-09-03 10:47:11.161,v1.6.9,20260903_033790_WIDE_HIGH_GAP_SHADOW_E003_104210119882,WIDE_HIGH_GAP_SHADOW,033790,피노,2026-09-03 10:42:10.119,8630.0,8638.63,MAIN,MAIN,2026-09-03 10:42:10.075,,,2026-09-03 10:42:10.075,8630.0,,,False,,2026-09-03 10:42:10.338,8620.0,0.262818,-0.11587485515643105,-0.21565919596046135,0.11587485515643105,300,301.041,8560.0,-0.8111239860950173,-0.9102137723226855,0.6952491309385863,-0.8111239860950173,0.5946544764621335,-0.9102137723226855,COMPLETE
2026-09-03 10:47:11.334,v1.6.9,20260903_004020_WIDE_HIGH_GAP_SHADOW_E001_104607649355,WIDE_HIGH_GAP_SHADOW,004020,현대제철,2026-09-03 10:46:07.649,31550.0,31581.549999999996,MAIN,MAIN,2026-09-03 10:46:07.627,,,2026-09-03 10:46:07.627,31550.0,,,False,,2026-09-03 10:46:09.238,31600.0,1.610937,0.15847860538827258,0.05842018520308335,0.15847860538827258,60,63.685,31500.0,-0.15847860538827258,-0.2582203850032555,0.15847860538827258,-0.15847860538827258,0.05842018520308335,-0.2582203850032555,COMPLETE
2026-09-03 10:47:23.924,v1.6.9,20260903_004020_WIDE_HIGH_GAP_SHADOW_E002_104653000791,WIDE_HIGH_GAP_SHADOW,004020,현대제철,2026-09-03 10:46:53.000,31500.0,31531.499999999996,MAIN,MAIN,2026-09-03 10:46:52.988,,,2026-09-03 10:46:52.988,31500.0,,,False,,2026-09-03 10:46:53.424,31500.0,0.43562,0.0,-0.09990009990008836,0.0,30,30.923,31550.0,0.15873015873015872,0.05867148724292736,0.15873015873015872,0.0,0.05867148724292736,-0.09990009990008836,COMPLETE
2026-09-03 10:47:24.924,v1.6.9,20260903_100090_SHADOW_SCORE_70_74_E001_104424908927,SHADOW_SCORE_70_74,100090,SK오션플랜트,2026-09-03 10:44:24.908,14120.0,14134.119999999999,MAIN,MAIN,2026-09-03 10:44:24.852,,,2026-09-03 10:44:24.852,14120.0,,,False,,2026-09-03 10:44:25.026,14140.0,0.173967,0.141643059490085,0.04160145803206015,0.141643059490085,180,180.015,14150.0,0.2124645892351275,0.11235223699813657,1.13314447592068,-1.4872521246458925,1.03211236355713,-1.5856664581876976,COMPLETE
2026-09-03 10:47:31.446,v1.6.9,20260903_008930_WIDE_HIGH_GAP_SHADOW_E014_104630652168,WIDE_HIGH_GAP_SHADOW,008930,한미사이언스,2026-09-03 10:46:30.652,52200.0,52252.2,MAIN,MAIN,2026-09-03 10:46:30.622,,,2026-09-03 10:46:30.622,52200.0,,,False,,2026-09-03 10:46:31.925,52300.0,1.303195,0.19157088122605362,0.09147940182423499,0.19157088122605362,60,60.794,52300.0,0.19157088122605362,0.09147940182423499,0.38314176245210724,0.0,0.2828589035485643,-0.09990009990009432,COMPLETE
2026-09-03 10:47:44.736,v1.6.9,20260903_100090_PRE_HISTORY_E001_104444545904,PRE_HISTORY,100090,SK오션플랜트,2026-09-03 10:44:44.545,14240.0,14254.239999999998,MAIN,MAIN,2026-09-03 10:44:44.463,2026-09-03 10:44:44.463,14240.0,2026-09-03 10:44:44.463,14240.0,0.0,0.0,True,20260903_100090_SHADOW_SCORE_70_74_E001_104424908927,2026-09-03 10:44:44.726,14240.0,0.262391,0.0,-0.09990009990008564,0.0,180,180.19,14140.0,-0.7022471910112359,-0.8014457452659558,0.0702247191011236,-2.317415730337079,-0.029745535363498606,-2.415000729607457,COMPLETE
2026-09-03 10:47:44.736,v1.6.9,20260903_100090_BASE_E001_104444537930,BASE,100090,SK오션플랜트,2026-09-03 10:44:44.537,14240.0,14254.239999999998,MAIN,MAIN,2026-09-03 10:44:44.463,2026-09-03 10:44:44.463,14240.0,2026-09-03 10:44:44.463,14240.0,0.0,0.0,True,20260903_100090_SHADOW_SCORE_70_74_E001_104424908927,2026-09-03 10:44:44.726,14240.0,0.262391,0.0,-0.09990009990008564,0.0,180,180.198,14140.0,-0.7022471910112359,-0.8014457452659558,0.0702247191011236,-2.317415730337079,-0.029745535363498606,-2.415000729607457,COMPLETE
2026-09-03 10:47:47.923,v1.6.9,20260903_008930_WIDE_HIGH_GAP_SHADOW_E015_104714964217,WIDE_HIGH_GAP_SHADOW,008930,한미사이언스,2026-09-03 10:47:14.964,52300.0,52352.299999999996,MAIN,MAIN,2026-09-03 10:47:14.952,,,2026-09-03 10:47:14.952,52300.0,,,False,,2026-09-03 10:47:15.123,52300.0,0.170969,0.0,-0.09990009990009158,0.0,30,32.96,52200.0,-0.19120458891013384,-0.29091367523489065,0.0,-0.5736137667304015,-0.09990009990009158,-0.6729408259044887,COMPLETE
2026-09-03 10:47:54.723,v1.6.9,20260903_004020_WIDE_HIGH_GAP_SHADOW_E002_104653000791,WIDE_HIGH_GAP_SHADOW,004020,현대제철,2026-09-03 10:46:53.000,31500.0,31531.499999999996,MAIN,MAIN,2026-09-03 10:46:52.988,,,2026-09-03 10:46:52.988,31500.0,,,False,,2026-09-03 10:46:53.424,31500.0,0.43562,0.0,-0.09990009990008836,0.0,60,61.723,31500.0,0.0,-0.09990009990008836,0.15873015873015872,-0.15873015873015872,0.05867148724292736,-0.2584716870431041,COMPLETE
2026-09-03 10:48:07.827,v1.6.9,20260903_033790_WIDE_HIGH_GAP_SHADOW_E004_104607682626,WIDE_HIGH_GAP_SHADOW,033790,피노,2026-09-03 10:46:07.682,8640.0,8648.64,MAIN,MAIN,2026-09-03 10:46:07.662,,,2026-09-03 10:46:07.662,8640.0,,,False,,2026-09-03 10:46:07.724,8640.0,0.062154,0.0,-0.09990009990009317,0.0,120,120.145,8540.0,-1.1574074074074074,-1.2561512561512496,0.23148148148148145,-1.1574074074074074,0.13135013135013807,-1.2561512561512496,COMPLETE
2026-09-03 10:48:08.123,v1.6.9,20260903_004020_WIDE_HIGH_GAP_SHADOW_E001_104607649355,WIDE_HIGH_GAP_SHADOW,004020,현대제철,2026-09-03 10:46:07.649,31550.0,31581.549999999996,MAIN,MAIN,2026-09-03 10:46:07.627,,,2026-09-03 10:46:07.627,31550.0,,,False,,2026-09-03 10:46:09.238,31600.0,1.610937,0.15847860538827258,0.05842018520308335,0.15847860538827258,120,120.474,31450.0,-0.31695721077654515,-0.416540670106425,0.15847860538827258,-0.4754358161648178,0.05842018520308335,-0.5748609552095943,COMPLETE
2026-09-03 10:48:16.629,v1.6.9,20260903_008930_WIDE_HIGH_GAP_SHADOW_E015_104714964217,WIDE_HIGH_GAP_SHADOW,008930,한미사이언스,2026-09-03 10:47:14.964,52300.0,52352.299999999996,MAIN,MAIN,2026-09-03 10:47:14.952,,,2026-09-03 10:47:14.952,52300.0,,,False,,2026-09-03 10:47:15.123,52300.0,0.170969,0.0,-0.09990009990009158,0.0,60,61.665,52200.0,-0.19120458891013384,-0.29091367523489065,0.0,-0.5736137667304015,-0.09990009990009158,-0.6729408259044887,COMPLETE
2026-09-03 10:48:33.423,v1.6.9,20260903_008930_WIDE_HIGH_GAP_SHADOW_E014_104630652168,WIDE_HIGH_GAP_SHADOW,008930,한미사이언스,2026-09-03 10:46:30.652,52200.0,52252.2,MAIN,MAIN,2026-09-03 10:46:30.622,,,2026-09-03 10:46:30.622,52200.0,,,False,,2026-09-03 10:46:31.925,52300.0,1.303195,0.19157088122605362,0.09147940182423499,0.19157088122605362,120,122.772,52200.0,0.0,-0.09990009990009432,0.38314176245210724,-0.38314176245210724,0.2828589035485643,-0.48265910334875295,COMPLETE
2026-09-03 10:48:48.923,v1.6.9,20260903_004020_WIDE_HIGH_GAP_SHADOW_E003_104817737072,WIDE_HIGH_GAP_SHADOW,004020,현대제철,2026-09-03 10:48:17.737,31400.0,31431.399999999998,MAIN,MAIN,2026-09-03 10:48:17.710,,,2026-09-03 10:48:17.710,31400.0,,,False,,2026-09-03 10:48:18.123,31400.0,0.412991,0.0,-0.09990009990009296,0.0,30,31.186,31450.0,0.15923566878980894,0.059176492297518354,0.15923566878980894,0.0,0.059176492297518354,-0.09990009990009296,COMPLETE
2026-09-03 10:48:53.222,v1.6.9,20260903_004020_WIDE_HIGH_GAP_SHADOW_E002_104653000791,WIDE_HIGH_GAP_SHADOW,004020,현대제철,2026-09-03 10:46:53.000,31500.0,31531.499999999996,MAIN,MAIN,2026-09-03 10:46:52.988,,,2026-09-03 10:46:52.988,31500.0,,,False,,2026-09-03 10:46:53.424,31500.0,0.43562,0.0,-0.09990009990008836,0.0,120,120.222,31400.0,-0.31746031746031744,-0.4170432741861198,0.15873015873015872,-0.31746031746031744,0.05867148724292736,-0.4170432741861198,COMPLETE
2026-09-03 10:49:08.123,v1.6.9,20260903_033790_WIDE_HIGH_GAP_SHADOW_E004_104607682626,WIDE_HIGH_GAP_SHADOW,033790,피노,2026-09-03 10:46:07.682,8640.0,8648.64,MAIN,MAIN,2026-09-03 10:46:07.662,,,2026-09-03 10:46:07.662,8640.0,,,False,,2026-09-03 10:46:07.724,8640.0,0.062154,0.0,-0.09990009990009317,0.0,180,180.44,8520.0,-1.3888888888888888,-1.4874014874014807,0.23148148148148145,-1.3888888888888888,0.13135013135013807,-1.4874014874014807,COMPLETE
2026-09-03 10:49:09.224,v1.6.9,20260903_004020_WIDE_HIGH_GAP_SHADOW_E001_104607649355,WIDE_HIGH_GAP_SHADOW,004020,현대제철,2026-09-03 10:46:07.649,31550.0,31581.549999999996,MAIN,MAIN,2026-09-03 10:46:07.627,,,2026-09-03 10:46:07.627,31550.0,,,False,,2026-09-03 10:46:09.238,31600.0,1.610937,0.15847860538827258,0.05842018520308335,0.15847860538827258,180,181.575,31400.0,-0.4754358161648178,-0.5748609552095943,0.15847860538827258,-0.4754358161648178,0.05842018520308335,-0.5748609552095943,COMPLETE
2026-09-03 10:49:15.023,v1.6.9,20260903_008930_WIDE_HIGH_GAP_SHADOW_E015_104714964217,WIDE_HIGH_GAP_SHADOW,008930,한미사이언스,2026-09-03 10:47:14.964,52300.0,52352.299999999996,MAIN,MAIN,2026-09-03 10:47:14.952,,,2026-09-03 10:47:14.952,52300.0,,,False,,2026-09-03 10:47:15.123,52300.0,0.170969,0.0,-0.09990009990009158,0.0,120,120.059,52300.0,0.0,-0.09990009990009158,0.3824091778202677,-0.5736137667304015,0.28212705076950656,-0.6729408259044887,COMPLETE
2026-09-03 10:49:17.822,v1.6.9,20260903_004020_WIDE_HIGH_GAP_SHADOW_E003_104817737072,WIDE_HIGH_GAP_SHADOW,004020,현대제철,2026-09-03 10:48:17.737,31400.0,31431.399999999998,MAIN,MAIN,2026-09-03 10:48:17.710,,,2026-09-03 10:48:17.710,31400.0,,,False,,2026-09-03 10:48:18.123,31400.0,0.412991,0.0,-0.09990009990009296,0.0,60,60.086,31450.0,0.15923566878980894,0.059176492297518354,0.15923566878980894,0.0,0.059176492297518354,-0.09990009990009296,COMPLETE
2026-09-03 10:49:25.021,v1.6.9,20260903_100090_SHADOW_SCORE_70_74_E001_104424908927,SHADOW_SCORE_70_74,100090,SK오션플랜트,2026-09-03 10:44:24.908,14120.0,14134.119999999999,MAIN,MAIN,2026-09-03 10:44:24.852,,,2026-09-03 10:44:24.852,14120.0,,,False,,2026-09-03 10:44:25.026,14140.0,0.173967,0.141643059490085,0.04160145803206015,0.141643059490085,300,300.113,13650.0,-3.3286118980169968,-3.4251867113056846,1.13314447592068,-3.6118980169971673,1.03211236355713,-3.7081898271699902,COMPLETE
2026-09-03 10:49:27.022,v1.6.9,20260903_100090_WIDE_HIGH_GAP_SHADOW_E001_104857009476,WIDE_HIGH_GAP_SHADOW,100090,SK오션플랜트,2026-09-03 10:48:57.009,13820.0,13833.819999999998,MAIN,MAIN,2026-09-03 10:48:56.980,,,2026-09-03 10:48:56.980,13820.0,,,False,,2026-09-03 10:48:57.036,13810.0,0.05587,-0.0723589001447178,-0.1721867134312713,0.0723589001447178,30,30.013,13650.0,-1.2301013024602026,-1.3287725299302573,0.0723589001447178,-1.519536903039074,-0.02761348636889804,-1.617918984055004,COMPLETE
2026-09-03 10:49:31.221,v1.6.9,20260903_008930_WIDE_HIGH_GAP_SHADOW_E014_104630652168,WIDE_HIGH_GAP_SHADOW,008930,한미사이언스,2026-09-03 10:46:30.652,52200.0,52252.2,MAIN,MAIN,2026-09-03 10:46:30.622,,,2026-09-03 10:46:30.622,52200.0,,,False,,2026-09-03 10:46:31.925,52300.0,1.303195,0.19157088122605362,0.09147940182423499,0.19157088122605362,180,180.57,52200.0,0.0,-0.09990009990009432,0.5747126436781609,-0.38314176245210724,0.4742384052728936,-0.48265910334875295,COMPLETE
2026-09-03 10:49:44.721,v1.6.9,20260903_100090_PRE_HISTORY_E001_104444545904,PRE_HISTORY,100090,SK오션플랜트,2026-09-03 10:44:44.545,14240.0,14254.239999999998,MAIN,MAIN,2026-09-03 10:44:44.463,2026-09-03 10:44:44.463,14240.0,2026-09-03 10:44:44.463,14240.0,0.0,0.0,True,20260903_100090_SHADOW_SCORE_70_74_E001_104424908927,2026-09-03 10:44:44.726,14240.0,0.262391,0.0,-0.09990009990008564,0.0,300,300.176,13620.0,-4.353932584269663,-4.449483101168481,0.0702247191011236,-4.424157303370786,-0.029745535363498606,-4.519637665705068,COMPLETE
2026-09-03 10:49:44.721,v1.6.9,20260903_100090_BASE_E001_104444537930,BASE,100090,SK오션플랜트,2026-09-03 10:44:44.537,14240.0,14254.239999999998,MAIN,MAIN,2026-09-03 10:44:44.463,2026-09-03 10:44:44.463,14240.0,2026-09-03 10:44:44.463,14240.0,0.0,0.0,True,20260903_100090_SHADOW_SCORE_70_74_E001_104424908927,2026-09-03 10:44:44.726,14240.0,0.262391,0.0,-0.09990009990008564,0.0,300,300.184,13620.0,-4.353932584269663,-4.449483101168481,0.0702247191011236,-4.424157303370786,-0.029745535363498606,-4.519637665705068,COMPLETE
2026-09-03 10:49:46.022,v1.6.9,20260903_441270_WIDE_HIGH_GAP_SHADOW_E006_104915645169,WIDE_HIGH_GAP_SHADOW,441270,파인엠텍,2026-09-03 10:49:15.645,9360.0,9369.359999999999,MAIN,MAIN,2026-09-03 10:49:15.626,,,2026-09-03 10:49:15.626,9360.0,,,False,,2026-09-03 10:49:15.923,9350.0,0.296985,-0.10683760683760685,-0.20663097586173193,0.10683760683760685,30,30.377,9370.0,0.10683760683760685,0.006830776061558495,0.3205128205128205,-0.2136752136752137,0.2202925279848489,-0.3133618518233771,COMPLETE
2026-09-03 10:49:55.138,v1.6.9,20260903_004020_WIDE_HIGH_GAP_SHADOW_E002_104653000791,WIDE_HIGH_GAP_SHADOW,004020,현대제철,2026-09-03 10:46:53.000,31500.0,31531.499999999996,MAIN,MAIN,2026-09-03 10:46:52.988,,,2026-09-03 10:46:52.988,31500.0,,,False,,2026-09-03 10:46:53.424,31500.0,0.43562,0.0,-0.09990009990008836,0.0,180,182.137,31450.0,-0.15873015873015872,-0.2584716870431041,0.15873015873015872,-0.31746031746031744,0.05867148724292736,-0.4170432741861198,COMPLETE
2026-09-03 10:49:57.021,v1.6.9,20260903_100090_WIDE_HIGH_GAP_SHADOW_E001_104857009476,WIDE_HIGH_GAP_SHADOW,100090,SK오션플랜트,2026-09-03 10:48:57.009,13820.0,13833.819999999998,MAIN,MAIN,2026-09-03 10:48:56.980,,,2026-09-03 10:48:56.980,13820.0,,,False,,2026-09-03 10:48:57.036,13810.0,0.05587,-0.0723589001447178,-0.1721867134312713,0.0723589001447178,60,60.012,13640.0,-1.3024602026049203,-1.401059143461444,0.0723589001447178,-1.5918958031837915,-0.02761348636889804,-1.6902055975861905,COMPLETE
2026-09-03 10:50:16.333,v1.6.9,20260903_008930_WIDE_HIGH_GAP_SHADOW_E015_104714964217,WIDE_HIGH_GAP_SHADOW,008930,한미사이언스,2026-09-03 10:47:14.964,52300.0,52352.299999999996,MAIN,MAIN,2026-09-03 10:47:14.952,,,2026-09-03 10:47:14.952,52300.0,,,False,,2026-09-03 10:47:15.123,52300.0,0.170969,0.0,-0.09990009990009158,0.0,180,181.369,52300.0,0.0,-0.09990009990009158,0.3824091778202677,-0.5736137667304015,0.28212705076950656,-0.6729408259044887,COMPLETE
2026-09-03 10:50:16.722,v1.6.9,20260903_441270_WIDE_HIGH_GAP_SHADOW_E006_104915645169,WIDE_HIGH_GAP_SHADOW,441270,파인엠텍,2026-09-03 10:49:15.645,9360.0,9369.359999999999,MAIN,MAIN,2026-09-03 10:49:15.626,,,2026-09-03 10:49:15.626,9360.0,,,False,,2026-09-03 10:49:15.923,9350.0,0.296985,-0.10683760683760685,-0.20663097586173193,0.10683760683760685,60,61.077,9350.0,-0.10683760683760685,-0.20663097586173193,0.3205128205128205,-0.3205128205128205,0.2202925279848489,-0.4200927277850223,COMPLETE
2026-09-03 10:50:19.521,v1.6.9,20260903_004020_WIDE_HIGH_GAP_SHADOW_E003_104817737072,WIDE_HIGH_GAP_SHADOW,004020,현대제철,2026-09-03 10:48:17.737,31400.0,31431.399999999998,MAIN,MAIN,2026-09-03 10:48:17.710,,,2026-09-03 10:48:17.710,31400.0,,,False,,2026-09-03 10:48:18.123,31400.0,0.412991,0.0,-0.09990009990009296,0.0,120,121.785,31500.0,0.3184713375796179,0.21825308449512967,0.3184713375796179,0.0,0.21825308449512967,-0.09990009990009296,COMPLETE
2026-09-03 10:50:41.722,v1.6.9,20260903_100090_WIDE_HIGH_GAP_SHADOW_E002_105011645894,WIDE_HIGH_GAP_SHADOW,100090,SK오션플랜트,2026-09-03 10:50:11.645,13760.0,13773.759999999998,MAIN,MAIN,2026-09-03 10:50:11.638,,,2026-09-03 10:50:11.638,13760.0,,,False,,2026-09-03 10:50:11.722,13770.0,0.083647,0.07267441860465117,-0.027298283112224982,0.07267441860465117,30,30.077,13680.0,-0.5813953488372093,-0.6807146342029948,0.2180232558139535,-0.7994186046511629,0.11790535046350163,-0.8985200845665847,COMPLETE
2026-09-03 10:50:57.021,v1.6.9,20260903_100090_WIDE_HIGH_GAP_SHADOW_E001_104857009476,WIDE_HIGH_GAP_SHADOW,100090,SK오션플랜트,2026-09-03 10:48:57.009,13820.0,13833.819999999998,MAIN,MAIN,2026-09-03 10:48:56.980,,,2026-09-03 10:48:56.980,13820.0,,,False,,2026-09-03 10:48:57.036,13810.0,0.05587,-0.0723589001447178,-0.1721867134312713,0.0723589001447178,120,120.012,13550.0,-1.9536903039073805,-2.0516386652421237,0.0723589001447178,-2.460202604920405,-0.02761348636889804,-2.5576449599604296,COMPLETE
2026-09-03 10:50:59.721,v1.6.9,20260903_033790_WIDE_HIGH_GAP_SHADOW_E005_105029296049,WIDE_HIGH_GAP_SHADOW,033790,피노,2026-09-03 10:50:29.296,8540.0,8548.539999999999,MAIN,MAIN,2026-09-03 10:50:29.274,,,2026-09-03 10:50:29.274,8540.0,,,False,,2026-09-03 10:50:29.421,8540.0,0.147321,0.0,-0.09990009990008884,0.0,30,30.425,8500.0,-0.468384074941452,-0.5678162586827582,0.0,-0.468384074941452,-0.09990009990008884,-0.5678162586827582,COMPLETE
2026-09-03 10:51:02.935,v1.6.9,20260903_008930_WIDE_HIGH_GAP_SHADOW_E016_105029260894,WIDE_HIGH_GAP_SHADOW,008930,한미사이언스,2026-09-03 10:50:29.260,52100.0,52152.09999999999,MAIN,MAIN,2026-09-03 10:50:29.240,,,2026-09-03 10:50:29.240,52100.0,,,False,,2026-09-03 10:50:29.621,52200.0,0.381274,0.19193857965451055,0.09184673292160572,0.19193857965451055,30,33.675,52200.0,0.19193857965451055,0.09184673292160572,0.19193857965451055,0.0,0.09184673292160572,-0.09990009990008318,COMPLETE
2026-09-03 10:51:07.820,v1.6.9,20260903_033790_WIDE_HIGH_GAP_SHADOW_E004_104607682626,WIDE_HIGH_GAP_SHADOW,033790,피노,2026-09-03 10:46:07.682,8640.0,8648.64,MAIN,MAIN,2026-09-03 10:46:07.662,,,2026-09-03 10:46:07.662,8640.0,,,False,,2026-09-03 10:46:07.724,8640.0,0.062154,0.0,-0.09990009990009317,0.0,300,300.138,8500.0,-1.6203703703703702,-1.7186517186517118,0.23148148148148145,-2.5462962962962963,0.13135013135013807,-2.6436526436526373,COMPLETE
2026-09-03 10:51:09.822,v1.6.9,20260903_004020_WIDE_HIGH_GAP_SHADOW_E001_104607649355,WIDE_HIGH_GAP_SHADOW,004020,현대제철,2026-09-03 10:46:07.649,31550.0,31581.549999999996,MAIN,MAIN,2026-09-03 10:46:07.627,,,2026-09-03 10:46:07.627,31550.0,,,False,,2026-09-03 10:46:09.238,31600.0,1.610937,0.15847860538827258,0.05842018520308335,0.15847860538827258,300,302.173,31450.0,-0.31695721077654515,-0.416540670106425,0.15847860538827258,-0.4754358161648178,0.05842018520308335,-0.5748609552095943,COMPLETE
2026-09-03 10:51:11.733,v1.6.9,20260903_100090_WIDE_HIGH_GAP_SHADOW_E002_105011645894,WIDE_HIGH_GAP_SHADOW,100090,SK오션플랜트,2026-09-03 10:50:11.645,13760.0,13773.759999999998,MAIN,MAIN,2026-09-03 10:50:11.638,,,2026-09-03 10:50:11.638,13760.0,,,False,,2026-09-03 10:50:11.722,13770.0,0.083647,0.07267441860465117,-0.027298283112224982,0.07267441860465117,60,60.088,13540.0,-1.5988372093023258,-1.6971400692330811,0.2180232558139535,-2.0348837209302326,0.11790535046350163,-2.132750969960261,COMPLETE
2026-09-03 10:51:16.921,v1.6.9,20260903_441270_WIDE_HIGH_GAP_SHADOW_E006_104915645169,WIDE_HIGH_GAP_SHADOW,441270,파인엠텍,2026-09-03 10:49:15.645,9360.0,9369.359999999999,MAIN,MAIN,2026-09-03 10:49:15.626,,,2026-09-03 10:49:15.626,9360.0,,,False,,2026-09-03 10:49:15.923,9350.0,0.296985,-0.10683760683760685,-0.20663097586173193,0.10683760683760685,120,121.276,9340.0,-0.2136752136752137,-0.3133618518233771,0.3205128205128205,-0.3205128205128205,0.2202925279848489,-0.4200927277850223,COMPLETE
2026-09-03 10:51:21.021,v1.6.9,20260903_004020_WIDE_HIGH_GAP_SHADOW_E003_104817737072,WIDE_HIGH_GAP_SHADOW,004020,현대제철,2026-09-03 10:48:17.737,31400.0,31431.399999999998,MAIN,MAIN,2026-09-03 10:48:17.710,,,2026-09-03 10:48:17.710,31400.0,,,False,,2026-09-03 10:48:18.123,31400.0,0.412991,0.0,-0.09990009990009296,0.0,180,183.284,31500.0,0.3184713375796179,0.21825308449512967,0.3184713375796179,0.0,0.21825308449512967,-0.09990009990009296,COMPLETE
2026-09-03 10:51:32.022,v1.6.9,20260903_008930_WIDE_HIGH_GAP_SHADOW_E014_104630652168,WIDE_HIGH_GAP_SHADOW,008930,한미사이언스,2026-09-03 10:46:30.652,52200.0,52252.2,MAIN,MAIN,2026-09-03 10:46:30.622,,,2026-09-03 10:46:30.622,52200.0,,,False,,2026-09-03 10:46:31.925,52300.0,1.303195,0.19157088122605362,0.09147940182423499,0.19157088122605362,300,301.37,52200.0,0.0,-0.09990009990009432,0.5747126436781609,-0.38314176245210724,0.4742384052728936,-0.48265910334875295,COMPLETE
2026-09-03 10:51:32.022,v1.6.9,20260903_008930_WIDE_HIGH_GAP_SHADOW_E016_105029260894,WIDE_HIGH_GAP_SHADOW,008930,한미사이언스,2026-09-03 10:50:29.260,52100.0,52152.09999999999,MAIN,MAIN,2026-09-03 10:50:29.240,,,2026-09-03 10:50:29.240,52100.0,,,False,,2026-09-03 10:50:29.621,52200.0,0.381274,0.19193857965451055,0.09184673292160572,0.19193857965451055,60,62.762,52200.0,0.19193857965451055,0.09184673292160572,0.19193857965451055,0.0,0.09184673292160572,-0.09990009990008318,COMPLETE
2026-09-03 10:51:35.020,v1.6.9,20260903_033790_WIDE_HIGH_GAP_SHADOW_E005_105029296049,WIDE_HIGH_GAP_SHADOW,033790,피노,2026-09-03 10:50:29.296,8540.0,8548.539999999999,MAIN,MAIN,2026-09-03 10:50:29.274,,,2026-09-03 10:50:29.274,8540.0,,,False,,2026-09-03 10:50:29.421,8540.0,0.147321,0.0,-0.09990009990008884,0.0,60,65.725,8500.0,-0.468384074941452,-0.5678162586827582,0.0,-0.468384074941452,-0.09990009990008884,-0.5678162586827582,COMPLETE
2026-09-03 10:51:54.126,v1.6.9,20260903_004020_WIDE_HIGH_GAP_SHADOW_E002_104653000791,WIDE_HIGH_GAP_SHADOW,004020,현대제철,2026-09-03 10:46:53.000,31500.0,31531.499999999996,MAIN,MAIN,2026-09-03 10:46:52.988,,,2026-09-03 10:46:52.988,31500.0,,,False,,2026-09-03 10:46:53.424,31500.0,0.43562,0.0,-0.09990009990008836,0.0,300,301.126,31450.0,-0.15873015873015872,-0.2584716870431041,0.15873015873015872,-0.31746031746031744,0.05867148724292736,-0.4170432741861198,COMPLETE
2026-09-03 10:51:57.021,v1.6.9,20260903_100090_WIDE_HIGH_GAP_SHADOW_E001_104857009476,WIDE_HIGH_GAP_SHADOW,100090,SK오션플랜트,2026-09-03 10:48:57.009,13820.0,13833.819999999998,MAIN,MAIN,2026-09-03 10:48:56.980,,,2026-09-03 10:48:56.980,13820.0,,,False,,2026-09-03 10:48:57.036,13810.0,0.05587,-0.0723589001447178,-0.1721867134312713,0.0723589001447178,180,180.012,13390.0,-3.1114327062228653,-3.208224481741109,0.0723589001447178,-3.8350217076700437,-0.02761348636889804,-3.9310906170529756,COMPLETE
2026-09-03 10:52:11.720,v1.6.9,20260903_100090_WIDE_HIGH_GAP_SHADOW_E002_105011645894,WIDE_HIGH_GAP_SHADOW,100090,SK오션플랜트,2026-09-03 10:50:11.645,13760.0,13773.759999999998,MAIN,MAIN,2026-09-03 10:50:11.638,,,2026-09-03 10:50:11.638,13760.0,,,False,,2026-09-03 10:50:11.722,13770.0,0.083647,0.07267441860465117,-0.027298283112224982,0.07267441860465117,120,120.075,13360.0,-2.9069767441860463,-3.0039727714146207,0.2180232558139535,-3.4156976744186043,0.11790535046350163,-3.5121854889296635,COMPLETE
2026-09-03 10:52:16.021,v1.6.9,20260903_441270_WIDE_HIGH_GAP_SHADOW_E006_104915645169,WIDE_HIGH_GAP_SHADOW,441270,파인엠텍,2026-09-03 10:49:15.645,9360.0,9369.359999999999,MAIN,MAIN,2026-09-03 10:49:15.626,,,2026-09-03 10:49:15.626,9360.0,,,False,,2026-09-03 10:49:15.923,9350.0,0.296985,-0.10683760683760685,-0.20663097586173193,0.10683760683760685,180,180.376,9350.0,-0.10683760683760685,-0.20663097586173193,0.4273504273504274,-0.3205128205128205,0.3270234039464941,-0.4200927277850223,COMPLETE
2026-09-03 10:52:16.620,v1.6.9,20260903_008930_WIDE_HIGH_GAP_SHADOW_E015_104714964217,WIDE_HIGH_GAP_SHADOW,008930,한미사이언스,2026-09-03 10:47:14.964,52300.0,52352.299999999996,MAIN,MAIN,2026-09-03 10:47:14.952,,,2026-09-03 10:47:14.952,52300.0,,,False,,2026-09-03 10:47:15.123,52300.0,0.170969,0.0,-0.09990009990009158,0.0,300,301.656,52100.0,-0.3824091778202677,-0.4819272505696897,0.3824091778202677,-0.5736137667304015,0.28212705076950656,-0.6729408259044887,COMPLETE
2026-09-03 10:52:29.719,v1.6.9,20260903_033790_WIDE_HIGH_GAP_SHADOW_E005_105029296049,WIDE_HIGH_GAP_SHADOW,033790,피노,2026-09-03 10:50:29.296,8540.0,8548.539999999999,MAIN,MAIN,2026-09-03 10:50:29.274,,,2026-09-03 10:50:29.274,8540.0,,,False,,2026-09-03 10:50:29.421,8540.0,0.147321,0.0,-0.09990009990008884,0.0,120,120.424,8500.0,-0.468384074941452,-0.5678162586827582,0.0,-0.819672131147541,-0.09990009990008884,-0.9187533777697602,COMPLETE
2026-09-03 10:52:30.320,v1.6.9,20260903_008930_WIDE_HIGH_GAP_SHADOW_E016_105029260894,WIDE_HIGH_GAP_SHADOW,008930,한미사이언스,2026-09-03 10:50:29.260,52100.0,52152.09999999999,MAIN,MAIN,2026-09-03 10:50:29.240,,,2026-09-03 10:50:29.240,52100.0,,,False,,2026-09-03 10:50:29.621,52200.0,0.381274,0.19193857965451055,0.09184673292160572,0.19193857965451055,120,121.059,52200.0,0.19193857965451055,0.09184673292160572,0.19193857965451055,-0.19193857965451055,0.09184673292160572,-0.2916469327217721,COMPLETE
2026-09-03 10:53:11.718,v1.6.9,20260903_100090_WIDE_HIGH_GAP_SHADOW_E002_105011645894,WIDE_HIGH_GAP_SHADOW,100090,SK오션플랜트,2026-09-03 10:50:11.645,13760.0,13773.759999999998,MAIN,MAIN,2026-09-03 10:50:11.638,,,2026-09-03 10:50:11.638,13760.0,,,False,,2026-09-03 10:50:11.722,13770.0,0.083647,0.07267441860465117,-0.027298283112224982,0.07267441860465117,180,180.073,13350.0,-2.979651162790698,-3.076574588202484,0.2180232558139535,-3.9244186046511627,0.11790535046350163,-4.020398206444707,COMPLETE
2026-09-03 10:53:24.620,v1.6.9,20260903_004020_WIDE_HIGH_GAP_SHADOW_E003_104817737072,WIDE_HIGH_GAP_SHADOW,004020,현대제철,2026-09-03 10:48:17.737,31400.0,31431.399999999998,MAIN,MAIN,2026-09-03 10:48:17.710,,,2026-09-03 10:48:17.710,31400.0,,,False,,2026-09-03 10:48:18.123,31400.0,0.412991,0.0,-0.09990009990009296,0.0,300,306.883,31400.0,0.0,-0.09990009990009296,0.3184713375796179,0.0,0.21825308449512967,-0.09990009990009296,COMPLETE
2026-09-03 10:53:30.419,v1.6.9,20260903_033790_WIDE_HIGH_GAP_SHADOW_E005_105029296049,WIDE_HIGH_GAP_SHADOW,033790,피노,2026-09-03 10:50:29.296,8540.0,8548.539999999999,MAIN,MAIN,2026-09-03 10:50:29.274,,,2026-09-03 10:50:29.274,8540.0,,,False,,2026-09-03 10:50:29.421,8540.0,0.147321,0.0,-0.09990009990008884,0.0,180,181.123,8450.0,-1.053864168618267,-1.152711457161095,0.0,-1.2295081967213115,-0.09990009990008884,-1.328180016704596,COMPLETE
2026-09-03 10:53:31.618,v1.6.9,20260903_008930_WIDE_HIGH_GAP_SHADOW_E016_105029260894,WIDE_HIGH_GAP_SHADOW,008930,한미사이언스,2026-09-03 10:50:29.260,52100.0,52152.09999999999,MAIN,MAIN,2026-09-03 10:50:29.240,,,2026-09-03 10:50:29.240,52100.0,,,False,,2026-09-03 10:50:29.621,52200.0,0.381274,0.19193857965451055,0.09184673292160572,0.19193857965451055,180,182.358,52300.0,0.3838771593090211,0.28359356574329464,0.5758157389635317,-0.19193857965451055,0.4753403985649835,-0.2916469327217721,COMPLETE
2026-09-03 10:53:55.222,v1.6.9,20260903_441270_WIDE_HIGH_GAP_SHADOW_E007_105324839187,WIDE_HIGH_GAP_SHADOW,441270,파인엠텍,2026-09-03 10:53:24.839,9350.0,9359.349999999999,MAIN,MAIN,2026-09-03 10:53:24.817,,,2026-09-03 10:53:24.817,9350.0,,,False,,2026-09-03 10:53:25.421,9320.0,0.604661,-0.32085561497326204,-0.42043517979345313,0.32085561497326204,30,30.383,9370.0,0.21390374331550802,0.11378995336216145,0.42780748663101603,-0.32085561497326204,0.32748000662440724,-0.42043517979345313,COMPLETE
2026-09-03 10:53:57.018,v1.6.9,20260903_100090_WIDE_HIGH_GAP_SHADOW_E001_104857009476,WIDE_HIGH_GAP_SHADOW,100090,SK오션플랜트,2026-09-03 10:48:57.009,13820.0,13833.819999999998,MAIN,MAIN,2026-09-03 10:48:56.980,,,2026-09-03 10:48:56.980,13820.0,,,False,,2026-09-03 10:48:57.036,13810.0,0.05587,-0.0723589001447178,-0.1721867134312713,0.0723589001447178,300,300.009,13290.0,-3.8350217076700437,-3.9310906170529756,0.0723589001447178,-4.341534008683068,-0.02761348636889804,-4.437096911771282,COMPLETE
2026-09-03 10:54:16.018,v1.6.9,20260903_441270_WIDE_HIGH_GAP_SHADOW_E006_104915645169,WIDE_HIGH_GAP_SHADOW,441270,파인엠텍,2026-09-03 10:49:15.645,9360.0,9369.359999999999,MAIN,MAIN,2026-09-03 10:49:15.626,,,2026-09-03 10:49:15.626,9360.0,,,False,,2026-09-03 10:49:15.923,9350.0,0.296985,-0.10683760683760685,-0.20663097586173193,0.10683760683760685,300,300.373,9300.0,-0.641025641025641,-0.740285355669958,0.4273504273504274,-1.0683760683760684,0.3270234039464941,-1.1672088595165389,COMPLETE
2026-09-03 10:54:25.418,v1.6.9,20260903_441270_WIDE_HIGH_GAP_SHADOW_E007_105324839187,WIDE_HIGH_GAP_SHADOW,441270,파인엠텍,2026-09-03 10:53:24.839,9350.0,9359.349999999999,MAIN,MAIN,2026-09-03 10:53:24.817,,,2026-09-03 10:53:24.817,9350.0,,,False,,2026-09-03 10:53:25.421,9320.0,0.604661,-0.32085561497326204,-0.42043517979345313,0.32085561497326204,60,60.579,9310.0,-0.42780748663101603,-0.527280206424576,0.42780748663101603,-0.53475935828877,0.32748000662440724,-0.6341252330556989,COMPLETE
2026-09-03 10:55:11.818,v1.6.9,20260903_100090_WIDE_HIGH_GAP_SHADOW_E002_105011645894,WIDE_HIGH_GAP_SHADOW,100090,SK오션플랜트,2026-09-03 10:50:11.645,13760.0,13773.759999999998,MAIN,MAIN,2026-09-03 10:50:11.638,,,2026-09-03 10:50:11.638,13760.0,,,False,,2026-09-03 10:50:11.722,13770.0,0.083647,0.07267441860465117,-0.027298283112224982,0.07267441860465117,300,300.172,13400.0,-2.616279069767442,-2.7135655042631672,0.2180232558139535,-3.9244186046511627,0.11790535046350163,-4.020398206444707,COMPLETE
2026-09-03 10:55:24.917,v1.6.9,20260903_441270_WIDE_HIGH_GAP_SHADOW_E007_105324839187,WIDE_HIGH_GAP_SHADOW,441270,파인엠텍,2026-09-03 10:53:24.839,9350.0,9359.349999999999,MAIN,MAIN,2026-09-03 10:53:24.817,,,2026-09-03 10:53:24.817,9350.0,,,False,,2026-09-03 10:53:25.421,9320.0,0.604661,-0.32085561497326204,-0.42043517979345313,0.32085561497326204,120,120.078,9290.0,-0.6417112299465241,-0.7409702596868217,0.42780748663101603,-0.8556149732620321,0.32748000662440724,-0.9546603129490676,COMPLETE
2026-09-03 10:55:30.517,v1.6.9,20260903_033790_WIDE_HIGH_GAP_SHADOW_E005_105029296049,WIDE_HIGH_GAP_SHADOW,033790,피노,2026-09-03 10:50:29.296,8540.0,8548.539999999999,MAIN,MAIN,2026-09-03 10:50:29.274,,,2026-09-03 10:50:29.274,8540.0,,,False,,2026-09-03 10:50:29.421,8540.0,0.147321,0.0,-0.09990009990008884,0.0,300,301.221,8440.0,-1.1709601873536302,-1.2696904968567622,0.0,-1.288056206088993,-0.09990009990008884,-1.3866695365524297,COMPLETE
2026-09-03 10:55:32.918,v1.6.9,20260903_008930_WIDE_HIGH_GAP_SHADOW_E016_105029260894,WIDE_HIGH_GAP_SHADOW,008930,한미사이언스,2026-09-03 10:50:29.260,52100.0,52152.09999999999,MAIN,MAIN,2026-09-03 10:50:29.240,,,2026-09-03 10:50:29.240,52100.0,,,False,,2026-09-03 10:50:29.621,52200.0,0.381274,0.19193857965451055,0.09184673292160572,0.19193857965451055,300,303.658,52300.0,0.3838771593090211,0.28359356574329464,0.5758157389635317,-0.19193857965451055,0.4753403985649835,-0.2916469327217721,COMPLETE
2026-09-03 10:56:25.017,v1.6.9,20260903_441270_WIDE_HIGH_GAP_SHADOW_E007_105324839187,WIDE_HIGH_GAP_SHADOW,441270,파인엠텍,2026-09-03 10:53:24.839,9350.0,9359.349999999999,MAIN,MAIN,2026-09-03 10:53:24.817,,,2026-09-03 10:53:24.817,9350.0,,,False,,2026-09-03 10:53:25.421,9320.0,0.604661,-0.32085561497326204,-0.42043517979345313,0.32085561497326204,180,180.178,9250.0,-1.06951871657754,-1.1683503662113135,0.42780748663101603,-1.06951871657754,0.32748000662440724,-1.1683503662113135,COMPLETE
2026-09-03 10:58:24.914,v1.6.9,20260903_441270_WIDE_HIGH_GAP_SHADOW_E007_105324839187,WIDE_HIGH_GAP_SHADOW,441270,파인엠텍,2026-09-03 10:53:24.839,9350.0,9359.349999999999,MAIN,MAIN,2026-09-03 10:53:24.817,,,2026-09-03 10:53:24.817,9350.0,,,False,,2026-09-03 10:53:25.421,9320.0,0.604661,-0.32085561497326204,-0.42043517979345313,0.32085561497326204,300,300.075,9170.0,-1.9251336898395723,-2.0231105792602966,0.42780748663101603,-2.2459893048128343,0.32748000662440724,-2.3436456591536654,COMPLETE
2026-09-03 11:01:18.022,v1.6.9,20260903_105560_BASE_E005_110047739443,BASE,105560,KB금융,2026-09-03 11:00:47.739,177600.0,177777.59999999998,MAIN,MAIN,2026-09-03 11:00:47.668,2026-09-03 11:00:47.668,177600.0,2026-09-03 11:00:47.668,177600.0,0.0,0.0,False,,2026-09-03 11:00:49.622,177600.0,1.954348,0.0,-0.09990009990008683,0.0,30,30.283,177600.0,0.0,-0.09990009990008683,0.05630630630630631,-0.05630630630630631,-0.043650043650030564,-0.15615015615014308,COMPLETE
2026-09-03 11:01:50.424,v1.6.9,20260903_105560_BASE_E005_110047739443,BASE,105560,KB금융,2026-09-03 11:00:47.739,177600.0,177777.59999999998,MAIN,MAIN,2026-09-03 11:00:47.668,2026-09-03 11:00:47.668,177600.0,2026-09-03 11:00:47.668,177600.0,0.0,0.0,False,,2026-09-03 11:00:49.622,177600.0,1.954348,0.0,-0.09990009990008683,0.0,60,62.685,177600.0,0.0,-0.09990009990008683,0.05630630630630631,-0.05630630630630631,-0.043650043650030564,-0.15615015615014308,COMPLETE
2026-09-03 11:02:21.921,v1.6.9,20260903_100090_WIDE_HIGH_GAP_SHADOW_E003_110151796358,WIDE_HIGH_GAP_SHADOW,100090,SK오션플랜트,2026-09-03 11:01:51.796,13690.0,13703.689999999999,MAIN,MAIN,2026-09-03 11:01:51.754,,,2026-09-03 11:01:51.754,13690.0,,,False,,2026-09-03 11:01:52.221,13640.0,0.466655,-0.3652300949598247,-0.464765329630185,0.3652300949598247,30,30.125,13880.0,1.3878743608473338,1.2865877730742692,1.460920379839299,-0.3652300949598247,1.3595608190202881,-0.464765329630185,COMPLETE
2026-09-03 11:02:48.021,v1.6.9,20260903_105560_BASE_E005_110047739443,BASE,105560,KB금융,2026-09-03 11:00:47.739,177600.0,177777.59999999998,MAIN,MAIN,2026-09-03 11:00:47.668,2026-09-03 11:00:47.668,177600.0,2026-09-03 11:00:47.668,177600.0,0.0,0.0,False,,2026-09-03 11:00:49.622,177600.0,1.954348,0.0,-0.09990009990008683,0.0,120,120.282,177500.0,-0.05630630630630631,-0.15615015615014308,0.05630630630630631,-0.11261261261261261,-0.043650043650030564,-0.21240021240019935,COMPLETE
2026-09-03 11:02:51.922,v1.6.9,20260903_100090_WIDE_HIGH_GAP_SHADOW_E003_110151796358,WIDE_HIGH_GAP_SHADOW,100090,SK오션플랜트,2026-09-03 11:01:51.796,13690.0,13703.689999999999,MAIN,MAIN,2026-09-03 11:01:51.754,,,2026-09-03 11:01:51.754,13690.0,,,False,,2026-09-03 11:01:52.221,13640.0,0.466655,-0.3652300949598247,-0.464765329630185,0.3652300949598247,60,60.126,13740.0,0.3652300949598247,0.2649651298300043,1.9722425127830532,-0.3652300949598247,1.8703721406424205,-0.464765329630185,COMPLETE
2026-09-03 11:03:26.221,v1.6.9,20260903_100090_WIDE_HIGH_GAP_SHADOW_E004_110256128599,WIDE_HIGH_GAP_SHADOW,100090,SK오션플랜트,2026-09-03 11:02:56.128,13720.0,13733.72,MAIN,MAIN,2026-09-03 11:02:56.075,,,2026-09-03 11:02:56.075,13720.0,,,False,,2026-09-03 11:02:56.228,13770.0,0.152255,0.36443148688046645,0.26416731956091033,0.36443148688046645,30,30.093,13630.0,-0.6559766763848397,-0.755221454929905,0.6559766763848397,-0.7288629737609329,0.5554212551297147,-0.8280349388221061,COMPLETE
2026-09-03 11:03:26.252,v1.6.9,20260903_032940_WIDE_HIGH_GAP_SHADOW_E001_110256242160,WIDE_HIGH_GAP_SHADOW,032940,원익,2026-09-03 11:02:56.242,8120.0,8128.119999999999,MAIN,MAIN,2026-09-03 11:02:56.183,,,2026-09-03 11:02:56.183,8120.0,,,False,,2026-09-03 11:02:56.620,8120.0,0.436571,0.0,-0.09990009990008739,0.0,30,30.01,8220.0,1.2315270935960592,1.1303966968991725,1.8472906403940887,0.0,1.7455450952988025,-0.09990009990008739,COMPLETE
2026-09-03 11:03:48.320,v1.6.9,20260903_105560_BASE_E005_110047739443,BASE,105560,KB금융,2026-09-03 11:00:47.739,177600.0,177777.59999999998,MAIN,MAIN,2026-09-03 11:00:47.668,2026-09-03 11:00:47.668,177600.0,2026-09-03 11:00:47.668,177600.0,0.0,0.0,False,,2026-09-03 11:00:49.622,177600.0,1.954348,0.0,-0.09990009990008683,0.0,180,180.582,177400.0,-0.11261261261261261,-0.21240021240019935,0.05630630630630631,-0.16891891891891891,-0.043650043650030564,-0.2686502686502556,COMPLETE
2026-09-03 11:03:52.123,v1.6.9,20260903_100090_WIDE_HIGH_GAP_SHADOW_E003_110151796358,WIDE_HIGH_GAP_SHADOW,100090,SK오션플랜트,2026-09-03 11:01:51.796,13690.0,13703.689999999999,MAIN,MAIN,2026-09-03 11:01:51.754,,,2026-09-03 11:01:51.754,13690.0,,,False,,2026-09-03 11:01:52.221,13640.0,0.466655,-0.3652300949598247,-0.464765329630185,0.3652300949598247,120,120.327,13530.0,-1.1687363038714391,-1.2674688350363932,1.9722425127830532,-1.1687363038714391,1.8703721406424205,-1.2674688350363932,COMPLETE
2026-09-03 11:03:56.221,v1.6.9,20260903_100090_WIDE_HIGH_GAP_SHADOW_E004_110256128599,WIDE_HIGH_GAP_SHADOW,100090,SK오션플랜트,2026-09-03 11:02:56.128,13720.0,13733.72,MAIN,MAIN,2026-09-03 11:02:56.075,,,2026-09-03 11:02:56.075,13720.0,,,False,,2026-09-03 11:02:56.228,13770.0,0.152255,0.36443148688046645,0.26416731956091033,0.36443148688046645,60,60.093,13540.0,-1.3119533527696794,-1.4105428099597148,0.6559766763848397,-1.530612244897959,0.5554212551297147,-1.6289832616363182,COMPLETE
2026-09-03 11:03:56.421,v1.6.9,20260903_032940_WIDE_HIGH_GAP_SHADOW_E001_110256242160,WIDE_HIGH_GAP_SHADOW,032940,원익,2026-09-03 11:02:56.242,8120.0,8128.119999999999,MAIN,MAIN,2026-09-03 11:02:56.183,,,2026-09-03 11:02:56.183,8120.0,,,False,,2026-09-03 11:02:56.620,8120.0,0.436571,0.0,-0.09990009990008739,0.0,60,60.179,8280.0,1.9704433497536946,1.8685747749787287,2.3399014778325125,0.0,2.237663814018507,-0.09990009990008739,COMPLETE
2026-09-03 11:04:25.520,v1.6.9,20260903_100090_WIDE_HIGH_GAP_SHADOW_E005_110355505923,WIDE_HIGH_GAP_SHADOW,100090,SK오션플랜트,2026-09-03 11:03:55.505,13640.0,13653.639999999998,MAIN,MAIN,2026-09-03 11:03:55.485,,,2026-09-03 11:03:55.485,13640.0,,,False,,2026-09-03 11:03:55.522,13520.0,0.036106,-0.8797653958944283,-0.9787866092851255,0.8797653958944283,30,30.015,13540.0,-0.7331378299120235,-0.8323055243876184,0.0,-1.2463343108504399,-0.09990009990008233,-1.3449893215288937,COMPLETE
2026-09-03 11:04:51.821,v1.6.9,20260903_100090_WIDE_HIGH_GAP_SHADOW_E003_110151796358,WIDE_HIGH_GAP_SHADOW,100090,SK오션플랜트,2026-09-03 11:01:51.796,13690.0,13703.689999999999,MAIN,MAIN,2026-09-03 11:01:51.754,,,2026-09-03 11:01:51.754,13690.0,,,False,,2026-09-03 11:01:52.221,13640.0,0.466655,-0.3652300949598247,-0.464765329630185,0.3652300949598247,180,180.025,13580.0,-0.8035062089116143,-0.9026036053062986,1.9722425127830532,-1.6070124178232286,1.8703721406424205,-1.7053071107125068,COMPLETE
2026-09-03 11:04:56.020,v1.6.9,20260903_100090_WIDE_HIGH_GAP_SHADOW_E005_110355505923,WIDE_HIGH_GAP_SHADOW,100090,SK오션플랜트,2026-09-03 11:03:55.505,13640.0,13653.639999999998,MAIN,MAIN,2026-09-03 11:03:55.485,,,2026-09-03 11:03:55.485,13640.0,,,False,,2026-09-03 11:03:55.522,13520.0,0.036106,-0.8797653958944283,-0.9787866092851255,0.8797653958944283,60,60.514,13570.0,-0.5131964809384164,-0.6125838970413575,0.0,-1.2463343108504399,-0.09990009990008233,-1.3449893215288937,COMPLETE
2026-09-03 11:04:56.220,v1.6.9,20260903_100090_WIDE_HIGH_GAP_SHADOW_E004_110256128599,WIDE_HIGH_GAP_SHADOW,100090,SK오션플랜트,2026-09-03 11:02:56.128,13720.0,13733.72,MAIN,MAIN,2026-09-03 11:02:56.075,,,2026-09-03 11:02:56.075,13720.0,,,False,,2026-09-03 11:02:56.228,13770.0,0.152255,0.36443148688046645,0.26416731956091033,0.36443148688046645,120,120.092,13540.0,-1.3119533527696794,-1.4105428099597148,0.6559766763848397,-1.8221574344023324,0.5554212551297147,-1.9202371972051226,COMPLETE
2026-09-03 11:04:56.620,v1.6.9,20260903_032940_WIDE_HIGH_GAP_SHADOW_E001_110256242160,WIDE_HIGH_GAP_SHADOW,032940,원익,2026-09-03 11:02:56.242,8120.0,8128.119999999999,MAIN,MAIN,2026-09-03 11:02:56.183,,,2026-09-03 11:02:56.183,8120.0,,,False,,2026-09-03 11:02:56.620,8120.0,0.436571,0.0,-0.09990009990008739,0.0,120,120.379,8260.0,1.7241379310344827,1.6225154156188766,2.3399014778325125,0.0,2.237663814018507,-0.09990009990008739,COMPLETE
2026-09-03 11:05:48.119,v1.6.9,20260903_105560_BASE_E005_110047739443,BASE,105560,KB금융,2026-09-03 11:00:47.739,177600.0,177777.59999999998,MAIN,MAIN,2026-09-03 11:00:47.668,2026-09-03 11:00:47.668,177600.0,2026-09-03 11:00:47.668,177600.0,0.0,0.0,False,,2026-09-03 11:00:49.622,177600.0,1.954348,0.0,-0.09990009990008683,0.0,300,300.38,177200.0,-0.22522522522522523,-0.32490032490031184,0.05630630630630631,-0.22522522522522523,-0.043650043650030564,-0.32490032490031184,COMPLETE
2026-09-03 11:05:55.619,v1.6.9,20260903_100090_WIDE_HIGH_GAP_SHADOW_E005_110355505923,WIDE_HIGH_GAP_SHADOW,100090,SK오션플랜트,2026-09-03 11:03:55.505,13640.0,13653.639999999998,MAIN,MAIN,2026-09-03 11:03:55.485,,,2026-09-03 11:03:55.485,13640.0,,,False,,2026-09-03 11:03:55.522,13520.0,0.036106,-0.8797653958944283,-0.9787866092851255,0.8797653958944283,120,120.114,13680.0,0.2932551319648094,0.19306206989493208,0.5865102639296188,-1.2463343108504399,0.48602423968994657,-1.3449893215288937,COMPLETE
2026-09-03 11:05:56.218,v1.6.9,20260903_100090_WIDE_HIGH_GAP_SHADOW_E004_110256128599,WIDE_HIGH_GAP_SHADOW,100090,SK오션플랜트,2026-09-03 11:02:56.128,13720.0,13733.72,MAIN,MAIN,2026-09-03 11:02:56.075,,,2026-09-03 11:02:56.075,13720.0,,,False,,2026-09-03 11:02:56.228,13770.0,0.152255,0.36443148688046645,0.26416731956091033,0.36443148688046645,180,180.09,13710.0,-0.0728862973760933,-0.17271358379229623,0.6559766763848397,-1.8221574344023324,0.5554212551297147,-1.9202371972051226,COMPLETE
2026-09-03 11:05:56.418,v1.6.9,20260903_032940_WIDE_HIGH_GAP_SHADOW_E001_110256242160,WIDE_HIGH_GAP_SHADOW,032940,원익,2026-09-03 11:02:56.242,8120.0,8128.119999999999,MAIN,MAIN,2026-09-03 11:02:56.183,,,2026-09-03 11:02:56.183,8120.0,,,False,,2026-09-03 11:02:56.620,8120.0,0.436571,0.0,-0.09990009990008739,0.0,180,180.177,8210.0,1.1083743842364533,1.0073670172192466,2.3399014778325125,0.0,2.237663814018507,-0.09990009990008739,COMPLETE
2026-09-03 11:06:22.725,v1.6.9,20260903_100090_WIDE_HIGH_GAP_SHADOW_E006_110552610851,WIDE_HIGH_GAP_SHADOW,100090,SK오션플랜트,2026-09-03 11:05:52.610,13640.0,13653.639999999998,MAIN,MAIN,2026-09-03 11:05:52.597,,,2026-09-03 11:05:52.597,13640.0,,,False,,2026-09-03 11:05:52.621,13680.0,0.023649,0.2932551319648094,0.19306206989493208,0.2932551319648094,30,30.114,13610.0,-0.21994134897360706,-0.31962172724634313,0.6598240469208211,-0.36656891495601174,0.5592647821387001,-0.46610281214385035,COMPLETE
2026-09-03 11:06:41.018,v1.6.9,20260903_032940_WIDE_HIGH_GAP_SHADOW_E002_110610854856,WIDE_HIGH_GAP_SHADOW,032940,원익,2026-09-03 11:06:10.854,8100.0,8108.099999999999,MAIN,MAIN,2026-09-03 11:06:10.843,,,2026-09-03 11:06:10.843,8100.0,,,False,,2026-09-03 11:06:11.118,8100.0,0.275052,0.0,-0.09990009990009317,0.0,30,30.164,8060.0,-0.49382716049382713,-0.5932339265672532,0.24691358024691357,-1.1111111111111112,0.14676681343348685,-1.2099012099012032,COMPLETE
2026-09-03 11:06:52.021,v1.6.9,20260903_100090_WIDE_HIGH_GAP_SHADOW_E003_110151796358,WIDE_HIGH_GAP_SHADOW,100090,SK오션플랜트,2026-09-03 11:01:51.796,13690.0,13703.689999999999,MAIN,MAIN,2026-09-03 11:01:51.754,,,2026-09-03 11:01:51.754,13690.0,,,False,,2026-09-03 11:01:52.221,13640.0,0.466655,-0.3652300949598247,-0.464765329630185,0.3652300949598247,300,300.225,13590.0,-0.7304601899196494,-0.8296305593602795,1.9722425127830532,-1.6070124178232286,1.8703721406424205,-1.7053071107125068,COMPLETE
2026-09-03 11:06:52.818,v1.6.9,20260903_100090_WIDE_HIGH_GAP_SHADOW_E006_110552610851,WIDE_HIGH_GAP_SHADOW,100090,SK오션플랜트,2026-09-03 11:05:52.610,13640.0,13653.639999999998,MAIN,MAIN,2026-09-03 11:05:52.597,,,2026-09-03 11:05:52.597,13640.0,,,False,,2026-09-03 11:05:52.621,13680.0,0.023649,0.2932551319648094,0.19306206989493208,0.2932551319648094,60,60.208,13590.0,-0.36656891495601174,-0.46610281214385035,0.6598240469208211,-0.5131964809384164,0.5592647821387001,-0.6125838970413575,COMPLETE
2026-09-03 11:06:55.929,v1.6.9,20260903_100090_WIDE_HIGH_GAP_SHADOW_E005_110355505923,WIDE_HIGH_GAP_SHADOW,100090,SK오션플랜트,2026-09-03 11:03:55.505,13640.0,13653.639999999998,MAIN,MAIN,2026-09-03 11:03:55.485,,,2026-09-03 11:03:55.485,13640.0,,,False,,2026-09-03 11:03:55.522,13520.0,0.036106,-0.8797653958944283,-0.9787866092851255,0.8797653958944283,180,180.424,13600.0,-0.2932551319648094,-0.3928622696950968,0.6598240469208211,-1.2463343108504399,0.5592647821387001,-1.3449893215288937,COMPLETE
2026-09-03 11:07:11.027,v1.6.9,20260903_032940_WIDE_HIGH_GAP_SHADOW_E002_110610854856,WIDE_HIGH_GAP_SHADOW,032940,원익,2026-09-03 11:06:10.854,8100.0,8108.099999999999,MAIN,MAIN,2026-09-03 11:06:10.843,,,2026-09-03 11:06:10.843,8100.0,,,False,,2026-09-03 11:06:11.118,8100.0,0.275052,0.0,-0.09990009990009317,0.0,60,60.172,7990.0,-1.3580246913580247,-1.4565681232347831,0.24691358024691357,-1.3580246913580247,0.14676681343348685,-1.4565681232347831,COMPLETE
2026-09-03 11:07:52.617,v1.6.9,20260903_100090_WIDE_HIGH_GAP_SHADOW_E006_110552610851,WIDE_HIGH_GAP_SHADOW,100090,SK오션플랜트,2026-09-03 11:05:52.610,13640.0,13653.639999999998,MAIN,MAIN,2026-09-03 11:05:52.597,,,2026-09-03 11:05:52.597,13640.0,,,False,,2026-09-03 11:05:52.621,13680.0,0.023649,0.2932551319648094,0.19306206989493208,0.2932551319648094,120,120.006,13730.0,0.6598240469208211,0.5592647821387001,1.1730205278592376,-0.5865102639296188,1.0719485792799754,-0.6858244394901112,COMPLETE
2026-09-03 11:07:55.317,v1.6.9,20260903_032940_WIDE_HIGH_GAP_SHADOW_E003_110725223818,WIDE_HIGH_GAP_SHADOW,032940,원익,2026-09-03 11:07:25.223,8050.0,8058.049999999999,MAIN,MAIN,2026-09-03 11:07:25.215,,,2026-09-03 11:07:25.215,8050.0,,,False,,2026-09-03 11:07:25.234,8030.0,0.01929,-0.2484472049689441,-0.348099105863072,0.2484472049689441,30,30.094,7990.0,-0.7453416149068323,-0.8444971177890344,0.0,-1.1180124223602486,-0.09990009990009088,-1.216795626733506,COMPLETE
2026-09-03 11:07:56.357,v1.6.9,20260903_032940_WIDE_HIGH_GAP_SHADOW_E001_110256242160,WIDE_HIGH_GAP_SHADOW,032940,원익,2026-09-03 11:02:56.242,8120.0,8128.119999999999,MAIN,MAIN,2026-09-03 11:02:56.183,,,2026-09-03 11:02:56.183,8120.0,,,False,,2026-09-03 11:02:56.620,8120.0,0.436571,0.0,-0.09990009990008739,0.0,300,300.115,8000.0,-1.477832512315271,-1.5762562560591993,2.3399014778325125,-1.9704433497536946,2.237663814018507,-2.0683749747789033,COMPLETE
2026-09-03 11:07:56.384,v1.6.9,20260903_100090_WIDE_HIGH_GAP_SHADOW_E004_110256128599,WIDE_HIGH_GAP_SHADOW,100090,SK오션플랜트,2026-09-03 11:02:56.128,13720.0,13733.72,MAIN,MAIN,2026-09-03 11:02:56.075,,,2026-09-03 11:02:56.075,13720.0,,,False,,2026-09-03 11:02:56.228,13770.0,0.152255,0.36443148688046645,0.26416731956091033,0.36443148688046645,300,300.256,13700.0,-0.1457725947521866,-0.2455270676844973,0.6559766763848397,-1.8221574344023324,0.5554212551297147,-1.9202371972051226,COMPLETE
2026-09-03 11:08:11.018,v1.6.9,20260903_032940_WIDE_HIGH_GAP_SHADOW_E002_110610854856,WIDE_HIGH_GAP_SHADOW,032940,원익,2026-09-03 11:06:10.854,8100.0,8108.099999999999,MAIN,MAIN,2026-09-03 11:06:10.843,,,2026-09-03 11:06:10.843,8100.0,,,False,,2026-09-03 11:06:11.118,8100.0,0.275052,0.0,-0.09990009990009317,0.0,120,120.163,8000.0,-1.2345679012345678,-1.3332346665679933,0.24691358024691357,-1.728395061728395,0.14676681343348685,-1.8265684932351534,COMPLETE
2026-09-03 11:08:15.019,v1.6.9,20260903_100090_WIDE_HIGH_GAP_SHADOW_E007_110744978590,WIDE_HIGH_GAP_SHADOW,100090,SK오션플랜트,2026-09-03 11:07:44.978,13670.0,13683.669999999998,MAIN,MAIN,2026-09-03 11:07:44.957,,,2026-09-03 11:07:44.957,13670.0,,,False,,2026-09-03 11:07:45.018,13740.0,0.061043,0.5120702267739575,0.41165856820576463,0.5120702267739575,30,30.041,13720.0,0.36576444769568395,0.26549894874694985,0.6583760058522311,0.0,0.5578181876645794,-0.09990009990008715,COMPLETE
2026-09-03 11:08:25.519,v1.6.9,20260903_032940_WIDE_HIGH_GAP_SHADOW_E003_110725223818,WIDE_HIGH_GAP_SHADOW,032940,원익,2026-09-03 11:07:25.223,8050.0,8058.049999999999,MAIN,MAIN,2026-09-03 11:07:25.215,,,2026-09-03 11:07:25.215,8050.0,,,False,,2026-09-03 11:07:25.234,8030.0,0.01929,-0.2484472049689441,-0.348099105863072,0.2484472049689441,60,60.296,7950.0,-1.2422360248447204,-1.3408951297149967,0.0,-1.4906832298136645,-0.09990009990009088,-1.5890941356779777,COMPLETE
2026-09-03 11:08:45.216,v1.6.9,20260903_100090_WIDE_HIGH_GAP_SHADOW_E007_110744978590,WIDE_HIGH_GAP_SHADOW,100090,SK오션플랜트,2026-09-03 11:07:44.978,13670.0,13683.669999999998,MAIN,MAIN,2026-09-03 11:07:44.957,,,2026-09-03 11:07:44.957,13670.0,,,False,,2026-09-03 11:07:45.018,13740.0,0.061043,0.5120702267739575,0.41165856820576463,0.5120702267739575,60,60.238,13620.0,-0.36576444769568395,-0.4652991485471242,0.6583760058522311,-0.43891733723482074,0.5578181876645794,-0.5383789582765315,COMPLETE
2026-09-03 11:08:54.116,v1.6.9,20260903_100090_WIDE_HIGH_GAP_SHADOW_E006_110552610851,WIDE_HIGH_GAP_SHADOW,100090,SK오션플랜트,2026-09-03 11:05:52.610,13640.0,13653.639999999998,MAIN,MAIN,2026-09-03 11:05:52.597,,,2026-09-03 11:05:52.597,13640.0,,,False,,2026-09-03 11:05:52.621,13680.0,0.023649,0.2932551319648094,0.19306206989493208,0.2932551319648094,180,181.506,13630.0,-0.07331378299120235,-0.17314064234883594,1.1730205278592376,-0.5865102639296188,1.0719485792799754,-0.6858244394901112,COMPLETE
2026-09-03 11:08:57.216,v1.6.9,20260903_100090_WIDE_HIGH_GAP_SHADOW_E005_110355505923,WIDE_HIGH_GAP_SHADOW,100090,SK오션플랜트,2026-09-03 11:03:55.505,13640.0,13653.639999999998,MAIN,MAIN,2026-09-03 11:03:55.485,,,2026-09-03 11:03:55.485,13640.0,,,False,,2026-09-03 11:03:55.522,13520.0,0.036106,-0.8797653958944283,-0.9787866092851255,0.8797653958944283,300,301.711,13640.0,0.0,-0.09990009990008233,1.1730205278592376,-1.2463343108504399,1.0719485792799754,-1.3449893215288937,COMPLETE
2026-09-03 11:09:11.018,v1.6.9,20260903_032940_WIDE_HIGH_GAP_SHADOW_E002_110610854856,WIDE_HIGH_GAP_SHADOW,032940,원익,2026-09-03 11:06:10.854,8100.0,8108.099999999999,MAIN,MAIN,2026-09-03 11:06:10.843,,,2026-09-03 11:06:10.843,8100.0,,,False,,2026-09-03 11:06:11.118,8100.0,0.275052,0.0,-0.09990009990009317,0.0,180,180.164,8040.0,-0.7407407407407408,-0.8399008399008333,0.24691358024691357,-2.0987654320987654,0.14676681343348685,-2.1965688632355236,COMPLETE
2026-09-03 11:09:25.517,v1.6.9,20260903_032940_WIDE_HIGH_GAP_SHADOW_E003_110725223818,WIDE_HIGH_GAP_SHADOW,032940,원익,2026-09-03 11:07:25.223,8050.0,8058.049999999999,MAIN,MAIN,2026-09-03 11:07:25.215,,,2026-09-03 11:07:25.215,8050.0,,,False,,2026-09-03 11:07:25.234,8030.0,0.01929,-0.2484472049689441,-0.348099105863072,0.2484472049689441,120,120.293,8100.0,0.6211180124223602,0.520597415007362,1.1180124223602486,-1.4906832298136645,1.0169954269333243,-1.5890941356779777,COMPLETE
2026-09-03 11:09:46.115,v1.6.9,20260903_100090_WIDE_HIGH_GAP_SHADOW_E007_110744978590,WIDE_HIGH_GAP_SHADOW,100090,SK오션플랜트,2026-09-03 11:07:44.978,13670.0,13683.669999999998,MAIN,MAIN,2026-09-03 11:07:44.957,,,2026-09-03 11:07:44.957,13670.0,,,False,,2026-09-03 11:07:45.018,13740.0,0.061043,0.5120702267739575,0.41165856820576463,0.5120702267739575,120,121.137,13630.0,-0.2926115581565472,-0.39221933881771676,0.6583760058522311,-0.5852231163130944,0.5578181876645794,-0.6845385777353463,COMPLETE
2026-09-03 11:09:50.516,v1.6.9,20260903_100090_WIDE_HIGH_GAP_SHADOW_E008_110920505686,WIDE_HIGH_GAP_SHADOW,100090,SK오션플랜트,2026-09-03 11:09:20.505,13650.0,13663.649999999998,MAIN,MAIN,2026-09-03 11:09:20.486,,,2026-09-03 11:09:20.486,13650.0,,,False,,2026-09-03 11:09:20.534,13650.0,0.047782,0.0,-0.09990009990008394,0.0,30,30.011,13630.0,-0.14652014652014653,-0.24627387264748307,0.0,-0.43956043956043955,-0.09990009990008394,-0.5390214181422813,COMPLETE
2026-09-03 11:09:51.015,v1.6.9,20260903_032940_WIDE_HIGH_GAP_SHADOW_E004_110920547539,WIDE_HIGH_GAP_SHADOW,032940,원익,2026-09-03 11:09:20.547,8120.0,8128.119999999999,MAIN,MAIN,2026-09-03 11:09:20.519,,,2026-09-03 11:09:20.519,8120.0,,,False,,2026-09-03 11:09:20.616,8110.0,0.09702,-0.12315270935960591,-0.2229297795800134,0.12315270935960591,30,30.468,8090.0,-0.3694581280788177,-0.4689891389398654,0.24630541871921183,-0.9852216748768473,0.1461592594597646,-1.0841375373394955,COMPLETE
2026-09-03 11:10:20.614,v1.6.9,20260903_032940_WIDE_HIGH_GAP_SHADOW_E004_110920547539,WIDE_HIGH_GAP_SHADOW,032940,원익,2026-09-03 11:09:20.547,8120.0,8128.119999999999,MAIN,MAIN,2026-09-03 11:09:20.519,,,2026-09-03 11:09:20.519,8120.0,,,False,,2026-09-03 11:09:20.616,8110.0,0.09702,-0.12315270935960591,-0.2229297795800134,0.12315270935960591,60,60.067,8040.0,-0.9852216748768473,-1.0841375373394955,0.24630541871921183,-0.9852216748768473,0.1461592594597646,-1.0841375373394955,COMPLETE
2026-09-03 11:10:20.715,v1.6.9,20260903_100090_WIDE_HIGH_GAP_SHADOW_E008_110920505686,WIDE_HIGH_GAP_SHADOW,100090,SK오션플랜트,2026-09-03 11:09:20.505,13650.0,13663.649999999998,MAIN,MAIN,2026-09-03 11:09:20.486,,,2026-09-03 11:09:20.486,13650.0,,,False,,2026-09-03 11:09:20.534,13650.0,0.047782,0.0,-0.09990009990008394,0.0,60,60.21,13660.0,0.07326007326007326,-0.02671321352638437,0.07326007326007326,-0.43956043956043955,-0.02671321352638437,-0.5390214181422813,COMPLETE
2026-09-03 11:10:25.514,v1.6.9,20260903_032940_WIDE_HIGH_GAP_SHADOW_E003_110725223818,WIDE_HIGH_GAP_SHADOW,032940,원익,2026-09-03 11:07:25.223,8050.0,8058.049999999999,MAIN,MAIN,2026-09-03 11:07:25.215,,,2026-09-03 11:07:25.215,8050.0,,,False,,2026-09-03 11:07:25.234,8030.0,0.01929,-0.2484472049689441,-0.348099105863072,0.2484472049689441,180,180.291,8050.0,0.0,-0.09990009990009088,1.1180124223602486,-1.4906832298136645,1.0169954269333243,-1.5890941356779777,COMPLETE
2026-09-03 11:10:45.115,v1.6.9,20260903_100090_WIDE_HIGH_GAP_SHADOW_E007_110744978590,WIDE_HIGH_GAP_SHADOW,100090,SK오션플랜트,2026-09-03 11:07:44.978,13670.0,13683.669999999998,MAIN,MAIN,2026-09-03 11:07:44.957,,,2026-09-03 11:07:44.957,13670.0,,,False,,2026-09-03 11:07:45.018,13740.0,0.061043,0.5120702267739575,0.41165856820576463,0.5120702267739575,180,180.137,13610.0,-0.43891733723482074,-0.5383789582765315,0.6583760058522311,-0.5852231163130944,0.5578181876645794,-0.6845385777353463,COMPLETE
2026-09-03 11:10:50.114,v1.6.9,20260903_100090_WIDE_HIGH_GAP_SHADOW_E009_111019928956,WIDE_HIGH_GAP_SHADOW,100090,SK오션플랜트,2026-09-03 11:10:19.928,13640.0,13653.639999999998,MAIN,MAIN,2026-09-03 11:10:19.906,,,2026-09-03 11:10:19.906,13640.0,,,False,,2026-09-03 11:10:20.415,13660.0,0.50836,0.1466275659824047,0.04658098499742488,0.1466275659824047,30,30.185,13610.0,-0.21994134897360706,-0.31962172724634313,0.1466275659824047,-0.36656891495601174,0.04658098499742488,-0.46610281214385035,COMPLETE
2026-09-03 11:10:52.915,v1.6.9,20260903_100090_WIDE_HIGH_GAP_SHADOW_E006_110552610851,WIDE_HIGH_GAP_SHADOW,100090,SK오션플랜트,2026-09-03 11:05:52.610,13640.0,13653.639999999998,MAIN,MAIN,2026-09-03 11:05:52.597,,,2026-09-03 11:05:52.597,13640.0,,,False,,2026-09-03 11:05:52.621,13680.0,0.023649,0.2932551319648094,0.19306206989493208,0.2932551319648094,300,300.305,13610.0,-0.21994134897360706,-0.31962172724634313,1.1730205278592376,-0.5865102639296188,1.0719485792799754,-0.6858244394901112,COMPLETE
2026-09-03 11:11:11.016,v1.6.9,20260903_032940_WIDE_HIGH_GAP_SHADOW_E002_110610854856,WIDE_HIGH_GAP_SHADOW,032940,원익,2026-09-03 11:06:10.854,8100.0,8108.099999999999,MAIN,MAIN,2026-09-03 11:06:10.843,,,2026-09-03 11:06:10.843,8100.0,,,False,,2026-09-03 11:06:11.118,8100.0,0.275052,0.0,-0.09990009990009317,0.0,300,300.162,8100.0,0.0,-0.09990009990009317,1.1111111111111112,-2.0987654320987654,1.010101010101017,-2.1965688632355236,COMPLETE
2026-09-03 11:11:20.214,v1.6.9,20260903_100090_WIDE_HIGH_GAP_SHADOW_E009_111019928956,WIDE_HIGH_GAP_SHADOW,100090,SK오션플랜트,2026-09-03 11:10:19.928,13640.0,13653.639999999998,MAIN,MAIN,2026-09-03 11:10:19.906,,,2026-09-03 11:10:19.906,13640.0,,,False,,2026-09-03 11:10:20.415,13660.0,0.50836,0.1466275659824047,0.04658098499742488,0.1466275659824047,60,60.286,13660.0,0.1466275659824047,0.04658098499742488,0.2932551319648094,-0.43988269794721413,0.19306206989493208,-0.539343354592604,COMPLETE
2026-09-03 11:11:21.117,v1.6.9,20260903_032940_WIDE_HIGH_GAP_SHADOW_E004_110920547539,WIDE_HIGH_GAP_SHADOW,032940,원익,2026-09-03 11:09:20.547,8120.0,8128.119999999999,MAIN,MAIN,2026-09-03 11:09:20.519,,,2026-09-03 11:09:20.519,8120.0,,,False,,2026-09-03 11:09:20.616,8110.0,0.09702,-0.12315270935960591,-0.2229297795800134,0.12315270935960591,120,120.57,8080.0,-0.49261083743842365,-0.5920188186197913,0.8620689655172413,-1.1083743842364533,0.7613076578593946,-1.2071672170194214,COMPLETE
2026-09-03 11:11:21.414,v1.6.9,20260903_100090_WIDE_HIGH_GAP_SHADOW_E008_110920505686,WIDE_HIGH_GAP_SHADOW,100090,SK오션플랜트,2026-09-03 11:09:20.505,13650.0,13663.649999999998,MAIN,MAIN,2026-09-03 11:09:20.486,,,2026-09-03 11:09:20.486,13650.0,,,False,,2026-09-03 11:09:20.534,13650.0,0.047782,0.0,-0.09990009990008394,0.0,120,120.909,13670.0,0.14652014652014653,0.046473672847315205,0.21978021978021978,-0.5128205128205128,0.11966055922101478,-0.612208304515981,COMPLETE
2026-09-03 11:11:48.914,v1.6.9,20260903_100090_WIDE_HIGH_GAP_SHADOW_E010_111118779515,WIDE_HIGH_GAP_SHADOW,100090,SK오션플랜트,2026-09-03 11:11:18.779,13670.0,13683.669999999998,MAIN,MAIN,2026-09-03 11:11:18.771,,,2026-09-03 11:11:18.771,13670.0,,,False,,2026-09-03 11:11:18.915,13660.0,0.144191,-0.0731528895391368,-0.17297990962949455,0.0731528895391368,30,30.135,13740.0,0.5120702267739575,0.41165856820576463,0.5852231163130944,-0.0731528895391368,0.48473837793517205,-0.17297990962949455,COMPLETE
2026-09-03 11:12:18.813,v1.6.9,20260903_100090_WIDE_HIGH_GAP_SHADOW_E010_111118779515,WIDE_HIGH_GAP_SHADOW,100090,SK오션플랜트,2026-09-03 11:11:18.779,13670.0,13683.669999999998,MAIN,MAIN,2026-09-03 11:11:18.771,,,2026-09-03 11:11:18.771,13670.0,,,False,,2026-09-03 11:11:18.915,13660.0,0.144191,-0.0731528895391368,-0.17297990962949455,0.0731528895391368,60,60.034,13710.0,0.2926115581565472,0.19241913901754243,0.5852231163130944,-0.21945866861741037,0.48473837793517205,-0.31913952908830934,COMPLETE
2026-09-03 11:12:20.233,v1.6.9,20260903_100090_WIDE_HIGH_GAP_SHADOW_E009_111019928956,WIDE_HIGH_GAP_SHADOW,100090,SK오션플랜트,2026-09-03 11:10:19.928,13640.0,13653.639999999998,MAIN,MAIN,2026-09-03 11:10:19.906,,,2026-09-03 11:10:19.906,13640.0,,,False,,2026-09-03 11:10:20.415,13660.0,0.50836,0.1466275659824047,0.04658098499742488,0.1466275659824047,120,120.304,13710.0,0.5131964809384164,0.4127836972411929,0.8064516129032258,-0.43988269794721413,0.7057458670362073,-0.539343354592604,COMPLETE
2026-09-03 11:12:20.513,v1.6.9,20260903_100090_WIDE_HIGH_GAP_SHADOW_E008_110920505686,WIDE_HIGH_GAP_SHADOW,100090,SK오션플랜트,2026-09-03 11:09:20.505,13650.0,13663.649999999998,MAIN,MAIN,2026-09-03 11:09:20.486,,,2026-09-03 11:09:20.486,13650.0,,,False,,2026-09-03 11:09:20.534,13650.0,0.047782,0.0,-0.09990009990008394,0.0,180,180.008,13710.0,0.43956043956043955,0.3392212183421135,0.7326007326007326,-0.5128205128205128,0.6319687638369118,-0.612208304515981,COMPLETE
2026-09-03 11:12:20.613,v1.6.9,20260903_032940_WIDE_HIGH_GAP_SHADOW_E004_110920547539,WIDE_HIGH_GAP_SHADOW,032940,원익,2026-09-03 11:09:20.547,8120.0,8128.119999999999,MAIN,MAIN,2026-09-03 11:09:20.519,,,2026-09-03 11:09:20.519,8120.0,,,False,,2026-09-03 11:09:20.616,8110.0,0.09702,-0.12315270935960591,-0.2229297795800134,0.12315270935960591,180,180.066,8020.0,-1.2315270935960592,-1.3301968966993474,0.8620689655172413,-1.354679802955665,0.7613076578593946,-1.4532265763792735,COMPLETE
2026-09-03 11:12:25.316,v1.6.9,20260903_032940_WIDE_HIGH_GAP_SHADOW_E003_110725223818,WIDE_HIGH_GAP_SHADOW,032940,원익,2026-09-03 11:07:25.223,8050.0,8058.049999999999,MAIN,MAIN,2026-09-03 11:07:25.215,,,2026-09-03 11:07:25.215,8050.0,,,False,,2026-09-03 11:07:25.234,8030.0,0.01929,-0.2484472049689441,-0.348099105863072,0.2484472049689441,300,300.093,8020.0,-0.37267080745341613,-0.4721986088445626,1.7391304347826086,-1.4906832298136645,1.637492941840777,-1.5890941356779777,COMPLETE
2026-09-03 11:12:28.013,v1.6.9,20260903_008930_WIDE_HIGH_GAP_SHADOW_E017_111156852652,WIDE_HIGH_GAP_SHADOW,008930,한미사이언스,2026-09-03 11:11:56.852,51600.0,51651.59999999999,MAIN,MAIN,2026-09-03 11:11:56.842,,,2026-09-03 11:11:56.842,51600.0,,,False,,2026-09-03 11:12:01.315,51600.0,4.473034,0.0,-0.09990009990008301,0.0,30,31.16,51600.0,0.0,-0.09990009990008301,0.0,-0.1937984496124031,-0.09990009990008301,-0.29350494466771854,COMPLETE
2026-09-03 11:12:28.233,v1.6.9,20260903_004710_WIDE_HIGH_GAP_SHADOW_E008_111156839790,WIDE_HIGH_GAP_SHADOW,004710,한솔테크닉스,2026-09-03 11:11:56.839,8550.0,8558.55,MAIN,MAIN,2026-09-03 11:11:56.830,,,2026-09-03 11:11:56.830,8550.0,,,False,,2026-09-03 11:11:58.714,8570.0,1.883867,0.23391812865497078,0.1337843443106686,0.23391812865497078,30,31.394,8570.0,0.23391812865497078,0.1337843443106686,0.46783625730994155,0.0,0.3674687885214286,-0.0999000999000914,COMPLETE
2026-09-03 11:12:45.012,v1.6.9,20260903_100090_WIDE_HIGH_GAP_SHADOW_E007_110744978590,WIDE_HIGH_GAP_SHADOW,100090,SK오션플랜트,2026-09-03 11:07:44.978,13670.0,13683.669999999998,MAIN,MAIN,2026-09-03 11:07:44.957,,,2026-09-03 11:07:44.957,13670.0,,,False,,2026-09-03 11:07:45.018,13740.0,0.061043,0.5120702267739575,0.41165856820576463,0.5120702267739575,300,300.034,13830.0,1.1704462326261889,1.0693768557704313,1.2435991221653255,-0.6583760058522311,1.1424566654998385,-0.7576183874647537,COMPLETE
2026-09-03 11:12:58.312,v1.6.9,20260903_004710_WIDE_HIGH_GAP_SHADOW_E008_111156839790,WIDE_HIGH_GAP_SHADOW,004710,한솔테크닉스,2026-09-03 11:11:56.839,8550.0,8558.55,MAIN,MAIN,2026-09-03 11:11:56.830,,,2026-09-03 11:11:56.830,8550.0,,,False,,2026-09-03 11:11:58.714,8570.0,1.883867,0.23391812865497078,0.1337843443106686,0.23391812865497078,60,61.473,8590.0,0.46783625730994155,0.3674687885214286,0.46783625730994155,0.0,0.3674687885214286,-0.0999000999000914,COMPLETE
2026-09-03 11:13:01.213,v1.6.9,20260903_008930_WIDE_HIGH_GAP_SHADOW_E017_111156852652,WIDE_HIGH_GAP_SHADOW,008930,한미사이언스,2026-09-03 11:11:56.852,51600.0,51651.59999999999,MAIN,MAIN,2026-09-03 11:11:56.842,,,2026-09-03 11:11:56.842,51600.0,,,False,,2026-09-03 11:12:01.315,51600.0,4.473034,0.0,-0.09990009990008301,0.0,60,64.361,51600.0,0.0,-0.09990009990008301,0.0,-0.1937984496124031,-0.09990009990008301,-0.29350494466771854,COMPLETE
2026-09-03 11:13:18.812,v1.6.9,20260903_100090_WIDE_HIGH_GAP_SHADOW_E010_111118779515,WIDE_HIGH_GAP_SHADOW,100090,SK오션플랜트,2026-09-03 11:11:18.779,13670.0,13683.669999999998,MAIN,MAIN,2026-09-03 11:11:18.771,,,2026-09-03 11:11:18.771,13670.0,,,False,,2026-09-03 11:11:18.915,13660.0,0.144191,-0.0731528895391368,-0.17297990962949455,0.0731528895391368,120,120.033,13890.0,1.6093635698610096,1.5078557141468756,1.6825164594001463,-0.21945866861741037,1.580935523876283,-0.31913952908830934,COMPLETE
2026-09-03 11:13:20.012,v1.6.9,20260903_100090_WIDE_HIGH_GAP_SHADOW_E009_111019928956,WIDE_HIGH_GAP_SHADOW,100090,SK오션플랜트,2026-09-03 11:10:19.928,13640.0,13653.639999999998,MAIN,MAIN,2026-09-03 11:10:19.906,,,2026-09-03 11:10:19.906,13640.0,,,False,,2026-09-03 11:10:20.415,13660.0,0.50836,0.1466275659824047,0.04658098499742488,0.1466275659824047,180,180.084,13890.0,1.8328445747800588,1.731113461318758,1.906158357771261,-0.43988269794721413,1.8043540037675114,-0.539343354592604,COMPLETE
2026-09-03 11:13:52.613,v1.6.9,20260903_004710_WIDE_HIGH_GAP_SHADOW_E009_111320992128,WIDE_HIGH_GAP_SHADOW,004710,한솔테크닉스,2026-09-03 11:13:20.992,8570.0,8578.57,MAIN,MAIN,2026-09-03 11:13:20.953,,,2026-09-03 11:13:20.953,8570.0,,,False,,2026-09-03 11:13:22.913,8600.0,1.959541,0.3500583430571762,0.24980853452265692,0.3500583430571762,30,31.621,8540.0,-0.3500583430571762,-0.44960873432285,0.3500583430571762,-0.4667444574095682,0.24980853452265692,-0.5661782791304345,COMPLETE
2026-09-03 11:13:57.713,v1.6.9,20260903_004710_WIDE_HIGH_GAP_SHADOW_E008_111156839790,WIDE_HIGH_GAP_SHADOW,004710,한솔테크닉스,2026-09-03 11:11:56.839,8550.0,8558.55,MAIN,MAIN,2026-09-03 11:11:56.830,,,2026-09-03 11:11:56.830,8550.0,,,False,,2026-09-03 11:11:58.714,8570.0,1.883867,0.23391812865497078,0.1337843443106686,0.23391812865497078,120,120.874,8520.0,-0.3508771929824561,-0.45042676621623146,0.5847953216374269,-1.1695906432748537,0.48431101062680865,-1.2683223209538914,COMPLETE
2026-09-03 11:13:59.512,v1.6.9,20260903_008930_WIDE_HIGH_GAP_SHADOW_E017_111156852652,WIDE_HIGH_GAP_SHADOW,008930,한미사이언스,2026-09-03 11:11:56.852,51600.0,51651.59999999999,MAIN,MAIN,2026-09-03 11:11:56.842,,,2026-09-03 11:11:56.842,51600.0,,,False,,2026-09-03 11:12:01.315,51600.0,4.473034,0.0,-0.09990009990008301,0.0,120,122.66,51400.0,-0.3875968992248062,-0.48710978943535405,0.0,-0.5813953488372093,-0.09990009990008301,-0.6807146342029895,COMPLETE
2026-09-03 11:14:18.813,v1.6.9,20260903_100090_WIDE_HIGH_GAP_SHADOW_E010_111118779515,WIDE_HIGH_GAP_SHADOW,100090,SK오션플랜트,2026-09-03 11:11:18.779,13670.0,13683.669999999998,MAIN,MAIN,2026-09-03 11:11:18.771,,,2026-09-03 11:11:18.771,13670.0,,,False,,2026-09-03 11:11:18.915,13660.0,0.144191,-0.0731528895391368,-0.17297990962949455,0.0731528895391368,180,180.034,13910.0,1.755669348939283,1.6540153336056902,3.0724213606437454,-0.21945866861741037,2.9694519087350235,-0.31913952908830934,COMPLETE
2026-09-03 11:14:20.864,v1.6.9,20260903_032940_WIDE_HIGH_GAP_SHADOW_E004_110920547539,WIDE_HIGH_GAP_SHADOW,032940,원익,2026-09-03 11:09:20.547,8120.0,8128.119999999999,MAIN,MAIN,2026-09-03 11:09:20.519,,,2026-09-03 11:09:20.519,8120.0,,,False,,2026-09-03 11:09:20.616,8110.0,0.09702,-0.12315270935960591,-0.2229297795800134,0.12315270935960591,300,300.317,8020.0,-1.2315270935960592,-1.3301968966993474,0.8620689655172413,-2.586206896551724,0.7613076578593946,-2.6835233731785335,COMPLETE
2026-09-03 11:14:20.891,v1.6.9,20260903_100090_WIDE_HIGH_GAP_SHADOW_E008_110920505686,WIDE_HIGH_GAP_SHADOW,100090,SK오션플랜트,2026-09-03 11:09:20.505,13650.0,13663.649999999998,MAIN,MAIN,2026-09-03 11:09:20.486,,,2026-09-03 11:09:20.486,13650.0,,,False,,2026-09-03 11:09:20.534,13650.0,0.047782,0.0,-0.09990009990008394,0.0,300,300.386,13930.0,2.051282051282051,1.9493327185635039,3.223443223443224,-0.5128205128205128,3.1203229005426976,-0.612208304515981,COMPLETE
2026-09-03 11:14:21.072,v1.6.9,20260903_004710_WIDE_HIGH_GAP_SHADOW_E009_111320992128,WIDE_HIGH_GAP_SHADOW,004710,한솔테크닉스,2026-09-03 11:13:20.992,8570.0,8578.57,MAIN,MAIN,2026-09-03 11:13:20.953,,,2026-09-03 11:13:20.953,8570.0,,,False,,2026-09-03 11:13:22.913,8600.0,1.959541,0.3500583430571762,0.24980853452265692,0.3500583430571762,60,60.081,8510.0,-0.7001166861143524,-0.7993173687456034,0.3500583430571762,-1.4002333722287048,0.24980853452265692,-1.4987346375911104,COMPLETE
2026-09-03 11:14:35.314,v1.6.9,20260903_004710_WIDE_HIGH_GAP_SHADOW_E010_111404357645,WIDE_HIGH_GAP_SHADOW,004710,한솔테크닉스,2026-09-03 11:14:04.357,8530.0,8538.529999999999,MAIN,MAIN,2026-09-03 11:14:04.336,,,2026-09-03 11:14:04.336,8530.0,,,False,,2026-09-03 11:14:05.912,8540.0,1.575868,0.11723329425556857,0.01721607817740483,0.11723329425556857,30,30.956,8540.0,0.11723329425556857,0.01721607817740483,0.11723329425556857,-0.3516998827667058,0.01721607817740483,-0.45124863413255956,COMPLETE
2026-09-03 11:14:55.731,v1.6.9,20260903_032940_WIDE_HIGH_GAP_SHADOW_E005_111425639604,WIDE_HIGH_GAP_SHADOW,032940,원익,2026-09-03 11:14:25.639,8060.0,8068.0599999999995,MAIN,MAIN,2026-09-03 11:14:25.617,,,2026-09-03 11:14:25.617,8060.0,,,False,,2026-09-03 11:14:25.812,8040.0,0.194522,-0.24813895781637718,-0.34779116664972115,0.24813895781637718,30,30.092,8180.0,1.488833746898263,1.3874463005976718,2.109181141439206,-0.24813895781637718,2.0071739674717404,-0.34779116664972115,COMPLETE
2026-09-03 11:14:57.532,v1.6.9,20260903_008930_WIDE_HIGH_GAP_SHADOW_E017_111156852652,WIDE_HIGH_GAP_SHADOW,008930,한미사이언스,2026-09-03 11:11:56.852,51600.0,51651.59999999999,MAIN,MAIN,2026-09-03 11:11:56.842,,,2026-09-03 11:11:56.842,51600.0,,,False,,2026-09-03 11:12:01.315,51600.0,4.473034,0.0,-0.09990009990008301,0.0,180,180.679,51300.0,-0.5813953488372093,-0.6807146342029895,0.0,-0.7751937984496124,-0.09990009990008301,-0.8743194789706249,COMPLETE
2026-09-03 11:14:59.130,v1.6.9,20260903_004710_WIDE_HIGH_GAP_SHADOW_E008_111156839790,WIDE_HIGH_GAP_SHADOW,004710,한솔테크닉스,2026-09-03 11:11:56.839,8550.0,8558.55,MAIN,MAIN,2026-09-03 11:11:56.830,,,2026-09-03 11:11:56.830,8550.0,,,False,,2026-09-03 11:11:58.714,8570.0,1.883867,0.23391812865497078,0.1337843443106686,0.23391812865497078,180,182.291,8520.0,-0.3508771929824561,-0.45042676621623146,0.5847953216374269,-1.1695906432748537,0.48431101062680865,-1.2683223209538914,COMPLETE
2026-09-03 11:15:06.713,v1.6.9,20260903_004710_WIDE_HIGH_GAP_SHADOW_E010_111404357645,WIDE_HIGH_GAP_SHADOW,004710,한솔테크닉스,2026-09-03 11:14:04.357,8530.0,8538.529999999999,MAIN,MAIN,2026-09-03 11:14:04.336,,,2026-09-03 11:14:04.336,8530.0,,,False,,2026-09-03 11:14:05.912,8540.0,1.575868,0.11723329425556857,0.01721607817740483,0.11723329425556857,60,62.356,8510.0,-0.23446658851113714,-0.33413245605506847,0.4689331770222743,-0.3516998827667058,0.36856461240987815,-0.45124863413255956,COMPLETE
2026-09-03 11:15:20.010,v1.6.9,20260903_100090_WIDE_HIGH_GAP_SHADOW_E009_111019928956,WIDE_HIGH_GAP_SHADOW,100090,SK오션플랜트,2026-09-03 11:10:19.928,13640.0,13653.639999999998,MAIN,MAIN,2026-09-03 11:10:19.906,,,2026-09-03 11:10:19.906,13640.0,,,False,,2026-09-03 11:10:20.415,13660.0,0.50836,0.1466275659824047,0.04658098499742488,0.1466275659824047,300,300.082,13910.0,1.9794721407624634,1.877594546216265,3.2991202346041053,-0.43988269794721413,3.1959243102938304,-0.539343354592604,COMPLETE
2026-09-03 11:15:22.711,v1.6.9,20260903_004710_WIDE_HIGH_GAP_SHADOW_E009_111320992128,WIDE_HIGH_GAP_SHADOW,004710,한솔테크닉스,2026-09-03 11:13:20.992,8570.0,8578.57,MAIN,MAIN,2026-09-03 11:13:20.953,,,2026-09-03 11:13:20.953,8570.0,,,False,,2026-09-03 11:13:22.913,8600.0,1.959541,0.3500583430571762,0.24980853452265692,0.3500583430571762,120,121.72,8530.0,-0.4667444574095682,-0.5661782791304345,0.3500583430571762,-1.4002333722287048,0.24980853452265692,-1.4987346375911104,COMPLETE
2026-09-03 11:15:25.815,v1.6.9,20260903_032940_WIDE_HIGH_GAP_SHADOW_E005_111425639604,WIDE_HIGH_GAP_SHADOW,032940,원익,2026-09-03 11:14:25.639,8060.0,8068.0599999999995,MAIN,MAIN,2026-09-03 11:14:25.617,,,2026-09-03 11:14:25.617,8060.0,,,False,,2026-09-03 11:14:25.812,8040.0,0.194522,-0.24813895781637718,-0.34779116664972115,0.24813895781637718,60,60.176,8190.0,1.6129032258064515,1.5113918339724854,2.357320099255583,-0.24813895781637718,2.2550650342213685,-0.34779116664972115,COMPLETE
2026-09-03 11:15:36.811,v1.6.9,20260903_100090_WIDE_HIGH_GAP_SHADOW_E011_111506788134,WIDE_HIGH_GAP_SHADOW,100090,SK오션플랜트,2026-09-03 11:15:06.788,13850.0,13863.849999999999,MAIN,MAIN,2026-09-03 11:15:06.747,,,2026-09-03 11:15:06.747,13850.0,,,False,,2026-09-03 11:15:06.832,13890.0,0.084155,0.2888086642599278,0.1886200442157226,0.2888086642599278,30,30.023,13900.0,0.36101083032490977,0.2607500802446756,0.8664259927797834,0.0,0.7656603324473465,-0.09990009990008941,COMPLETE
2026-09-03 11:16:04.411,v1.6.9,20260903_004710_WIDE_HIGH_GAP_SHADOW_E010_111404357645,WIDE_HIGH_GAP_SHADOW,004710,한솔테크닉스,2026-09-03 11:14:04.357,8530.0,8538.529999999999,MAIN,MAIN,2026-09-03 11:14:04.336,,,2026-09-03 11:14:04.336,8530.0,,,False,,2026-09-03 11:14:05.912,8540.0,1.575868,0.11723329425556857,0.01721607817740483,0.11723329425556857,120,120.053,8510.0,-0.23446658851113714,-0.33413245605506847,0.4689331770222743,-0.3516998827667058,0.36856461240987815,-0.45124863413255956,COMPLETE
2026-09-03 11:16:06.910,v1.6.9,20260903_100090_WIDE_HIGH_GAP_SHADOW_E011_111506788134,WIDE_HIGH_GAP_SHADOW,100090,SK오션플랜트,2026-09-03 11:15:06.788,13850.0,13863.849999999999,MAIN,MAIN,2026-09-03 11:15:06.747,,,2026-09-03 11:15:06.747,13850.0,,,False,,2026-09-03 11:15:06.832,13890.0,0.084155,0.2888086642599278,0.1886200442157226,0.2888086642599278,60,60.122,13860.0,0.07220216606498195,-0.02777006387113641,0.8664259927797834,0.0,0.7656603324473465,-0.09990009990008941,COMPLETE
2026-09-03 11:16:19.210,v1.6.9,20260903_100090_WIDE_HIGH_GAP_SHADOW_E010_111118779515,WIDE_HIGH_GAP_SHADOW,100090,SK오션플랜트,2026-09-03 11:11:18.779,13670.0,13683.669999999998,MAIN,MAIN,2026-09-03 11:11:18.771,,,2026-09-03 11:11:18.771,13670.0,,,False,,2026-09-03 11:11:18.915,13660.0,0.144191,-0.0731528895391368,-0.17297990962949455,0.0731528895391368,300,300.431,13870.0,1.4630577907827358,1.3616960946880607,3.0724213606437454,-0.21945866861741037,2.9694519087350235,-0.31913952908830934,COMPLETE
2026-09-03 11:16:21.510,v1.6.9,20260903_004710_WIDE_HIGH_GAP_SHADOW_E009_111320992128,WIDE_HIGH_GAP_SHADOW,004710,한솔테크닉스,2026-09-03 11:13:20.992,8570.0,8578.57,MAIN,MAIN,2026-09-03 11:13:20.953,,,2026-09-03 11:13:20.953,8570.0,,,False,,2026-09-03 11:13:22.913,8600.0,1.959541,0.3500583430571762,0.24980853452265692,0.3500583430571762,180,180.518,8500.0,-0.8168028004667445,-0.915886913553188,0.3500583430571762,-1.4002333722287048,0.24980853452265692,-1.4987346375911104,COMPLETE
2026-09-03 11:16:25.713,v1.6.9,20260903_032940_WIDE_HIGH_GAP_SHADOW_E005_111425639604,WIDE_HIGH_GAP_SHADOW,032940,원익,2026-09-03 11:14:25.639,8060.0,8068.0599999999995,MAIN,MAIN,2026-09-03 11:14:25.617,,,2026-09-03 11:14:25.617,8060.0,,,False,,2026-09-03 11:14:25.812,8040.0,0.194522,-0.24813895781637718,-0.34779116664972115,0.24813895781637718,120,120.074,8110.0,0.620347394540943,0.5198275669739753,2.357320099255583,-0.24813895781637718,2.2550650342213685,-0.34779116664972115,COMPLETE
2026-09-03 11:16:41.913,v1.6.9,20260903_032940_WIDE_HIGH_GAP_SHADOW_E006_111610797323,WIDE_HIGH_GAP_SHADOW,032940,원익,2026-09-03 11:16:10.797,8130.0,8138.129999999999,MAIN,MAIN,2026-09-03 11:16:10.771,,,2026-09-03 11:16:10.771,8130.0,,,False,,2026-09-03 11:16:10.810,8140.0,0.039442,0.12300123001230012,0.02297825176054942,0.12300123001230012,30,31.116,8100.0,-0.36900369003690037,-0.4685351548820086,0.12300123001230012,-0.984009840098401,0.02297825176054942,-1.0829269131852062,COMPLETE
2026-09-03 11:16:58.612,v1.6.9,20260903_004710_WIDE_HIGH_GAP_SHADOW_E008_111156839790,WIDE_HIGH_GAP_SHADOW,004710,한솔테크닉스,2026-09-03 11:11:56.839,8550.0,8558.55,MAIN,MAIN,2026-09-03 11:11:56.830,,,2026-09-03 11:11:56.830,8550.0,,,False,,2026-09-03 11:11:58.714,8570.0,1.883867,0.23391812865497078,0.1337843443106686,0.23391812865497078,300,301.772,8520.0,-0.3508771929824561,-0.45042676621623146,0.5847953216374269,-1.1695906432748537,0.48431101062680865,-1.2683223209538914,COMPLETE
2026-09-03 11:17:01.912,v1.6.9,20260903_008930_WIDE_HIGH_GAP_SHADOW_E017_111156852652,WIDE_HIGH_GAP_SHADOW,008930,한미사이언스,2026-09-03 11:11:56.852,51600.0,51651.59999999999,MAIN,MAIN,2026-09-03 11:11:56.842,,,2026-09-03 11:11:56.842,51600.0,,,False,,2026-09-03 11:12:01.315,51600.0,4.473034,0.0,-0.09990009990008301,0.0,300,305.06,51400.0,-0.3875968992248062,-0.48710978943535405,0.0,-0.7751937984496124,-0.09990009990008301,-0.8743194789706249,COMPLETE
2026-09-03 11:17:06.509,v1.6.9,20260903_004710_WIDE_HIGH_GAP_SHADOW_E010_111404357645,WIDE_HIGH_GAP_SHADOW,004710,한솔테크닉스,2026-09-03 11:14:04.357,8530.0,8538.529999999999,MAIN,MAIN,2026-09-03 11:14:04.336,,,2026-09-03 11:14:04.336,8530.0,,,False,,2026-09-03 11:14:05.912,8540.0,1.575868,0.11723329425556857,0.01721607817740483,0.11723329425556857,180,182.152,8520.0,-0.11723329425556857,-0.21701627797757736,0.4689331770222743,-0.3516998827667058,0.36856461240987815,-0.45124863413255956,COMPLETE
2026-09-03 11:17:06.811,v1.6.9,20260903_100090_WIDE_HIGH_GAP_SHADOW_E011_111506788134,WIDE_HIGH_GAP_SHADOW,100090,SK오션플랜트,2026-09-03 11:15:06.788,13850.0,13863.849999999999,MAIN,MAIN,2026-09-03 11:15:06.747,,,2026-09-03 11:15:06.747,13850.0,,,False,,2026-09-03 11:15:06.832,13890.0,0.084155,0.2888086642599278,0.1886200442157226,0.2888086642599278,120,120.023,14050.0,1.444043321299639,1.3427006206789707,1.444043321299639,0.0,1.3427006206789707,-0.09990009990008941,COMPLETE
2026-09-03 11:17:11.710,v1.6.9,20260903_032940_WIDE_HIGH_GAP_SHADOW_E006_111610797323,WIDE_HIGH_GAP_SHADOW,032940,원익,2026-09-03 11:16:10.797,8130.0,8138.129999999999,MAIN,MAIN,2026-09-03 11:16:10.771,,,2026-09-03 11:16:10.771,8130.0,,,False,,2026-09-03 11:16:10.810,8140.0,0.039442,0.12300123001230012,0.02297825176054942,0.12300123001230012,60,60.913,8060.0,-0.8610086100861009,-0.9600485615245666,0.12300123001230012,-2.091020910209102,0.02297825176054942,-2.1888320781309614,COMPLETE
2026-09-03 11:17:30.018,v1.6.9,20260903_032940_WIDE_HIGH_GAP_SHADOW_E005_111425639604,WIDE_HIGH_GAP_SHADOW,032940,원익,2026-09-03 11:14:25.639,8060.0,8068.0599999999995,MAIN,MAIN,2026-09-03 11:14:25.617,,,2026-09-03 11:14:25.617,8060.0,,,False,,2026-09-03 11:14:25.812,8040.0,0.194522,-0.24813895781637718,-0.34779116664972115,0.24813895781637718,180,184.379,8050.0,-0.12406947890818859,-0.22384563327490736,2.357320099255583,-1.240694789081886,2.2550650342213685,-1.3393554336482314,COMPLETE
2026-09-03 11:18:06.808,v1.6.9,20260903_100090_WIDE_HIGH_GAP_SHADOW_E011_111506788134,WIDE_HIGH_GAP_SHADOW,100090,SK오션플랜트,2026-09-03 11:15:06.788,13850.0,13863.849999999999,MAIN,MAIN,2026-09-03 11:15:06.747,,,2026-09-03 11:15:06.747,13850.0,,,False,,2026-09-03 11:15:06.832,13890.0,0.084155,0.2888086642599278,0.1886200442157226,0.2888086642599278,180,180.02,13930.0,0.5776173285198556,0.4771401883315346,1.8772563176895307,0.0,1.7754808368526886,-0.09990009990008941,COMPLETE
2026-09-03 11:18:10.809,v1.6.9,20260903_032940_WIDE_HIGH_GAP_SHADOW_E006_111610797323,WIDE_HIGH_GAP_SHADOW,032940,원익,2026-09-03 11:16:10.797,8130.0,8138.129999999999,MAIN,MAIN,2026-09-03 11:16:10.771,,,2026-09-03 11:16:10.771,8130.0,,,False,,2026-09-03 11:16:10.810,8140.0,0.039442,0.12300123001230012,0.02297825176054942,0.12300123001230012,120,120.012,7970.0,-1.968019680196802,-2.065953726470322,0.12300123001230012,-2.091020910209102,0.02297825176054942,-2.1888320781309614,COMPLETE
2026-09-03 11:18:21.909,v1.6.9,20260903_004710_WIDE_HIGH_GAP_SHADOW_E009_111320992128,WIDE_HIGH_GAP_SHADOW,004710,한솔테크닉스,2026-09-03 11:13:20.992,8570.0,8578.57,MAIN,MAIN,2026-09-03 11:13:20.953,,,2026-09-03 11:13:20.953,8570.0,,,False,,2026-09-03 11:13:22.913,8600.0,1.959541,0.3500583430571762,0.24980853452265692,0.3500583430571762,300,300.917,8500.0,-0.8168028004667445,-0.915886913553188,0.3500583430571762,-1.4002333722287048,0.24980853452265692,-1.4987346375911104,COMPLETE
2026-09-03 11:19:05.517,v1.6.9,20260903_004710_WIDE_HIGH_GAP_SHADOW_E010_111404357645,WIDE_HIGH_GAP_SHADOW,004710,한솔테크닉스,2026-09-03 11:14:04.357,8530.0,8538.529999999999,MAIN,MAIN,2026-09-03 11:14:04.336,,,2026-09-03 11:14:04.336,8530.0,,,False,,2026-09-03 11:14:05.912,8540.0,1.575868,0.11723329425556857,0.01721607817740483,0.11723329425556857,300,301.16,8500.0,-0.3516998827667058,-0.45124863413255956,0.4689331770222743,-0.3516998827667058,0.36856461240987815,-0.45124863413255956,COMPLETE
2026-09-03 11:19:11.207,v1.6.9,20260903_032940_WIDE_HIGH_GAP_SHADOW_E006_111610797323,WIDE_HIGH_GAP_SHADOW,032940,원익,2026-09-03 11:16:10.797,8130.0,8138.129999999999,MAIN,MAIN,2026-09-03 11:16:10.771,,,2026-09-03 11:16:10.771,8130.0,,,False,,2026-09-03 11:16:10.810,8140.0,0.039442,0.12300123001230012,0.02297825176054942,0.12300123001230012,180,180.41,8040.0,-1.107011070110701,-1.2058052648458455,0.12300123001230012,-2.091020910209102,0.02297825176054942,-2.1888320781309614,COMPLETE
2026-09-03 11:19:26.206,v1.6.9,20260903_032940_WIDE_HIGH_GAP_SHADOW_E005_111425639604,WIDE_HIGH_GAP_SHADOW,032940,원익,2026-09-03 11:14:25.639,8060.0,8068.0599999999995,MAIN,MAIN,2026-09-03 11:14:25.617,,,2026-09-03 11:14:25.617,8060.0,,,False,,2026-09-03 11:14:25.812,8040.0,0.194522,-0.24813895781637718,-0.34779116664972115,0.24813895781637718,300,300.567,8070.0,0.12406947890818859,0.024045433474720185,2.357320099255583,-1.240694789081886,2.2550650342213685,-1.3393554336482314,COMPLETE
2026-09-03 11:19:35.510,v1.6.9,20260903_032940_WIDE_HIGH_GAP_SHADOW_E007_111905425744,WIDE_HIGH_GAP_SHADOW,032940,원익,2026-09-03 11:19:05.425,8050.0,8058.049999999999,MAIN,MAIN,2026-09-03 11:19:05.409,,,2026-09-03 11:19:05.409,8050.0,,,False,,2026-09-03 11:19:07.808,8040.0,2.398966,-0.12422360248447205,-0.22399960288158144,0.12422360248447205,30,30.085,8070.0,0.2484472049689441,0.14829890606289026,0.2484472049689441,-0.2484472049689441,0.14829890606289026,-0.348099105863072,COMPLETE
2026-09-03 11:19:35.607,v1.6.9,20260903_336260_SHADOW_SCORE_70_74_E001_111905450944,SHADOW_SCORE_70_74,336260,두산퓨얼셀,2026-09-03 11:19:05.450,40950.0,40990.95,MAIN,MAIN,2026-09-03 11:19:05.402,,,2026-09-03 11:19:05.402,40950.0,,,False,,2026-09-03 11:19:05.525,40950.0,0.123675,0.0,-0.09990009990009281,0.0,30,30.157,40850.0,-0.2442002442002442,-0.34385638781242467,0.0,-0.3663003663003663,-0.09990009990009281,-0.4658345317685907,COMPLETE
2026-09-03 11:20:05.507,v1.6.9,20260903_336260_SHADOW_SCORE_70_74_E001_111905450944,SHADOW_SCORE_70_74,336260,두산퓨얼셀,2026-09-03 11:19:05.450,40950.0,40990.95,MAIN,MAIN,2026-09-03 11:19:05.402,,,2026-09-03 11:19:05.402,40950.0,,,False,,2026-09-03 11:19:05.525,40950.0,0.123675,0.0,-0.09990009990009281,0.0,60,60.057,41050.0,0.2442002442002442,0.14405618801223907,0.4884004884004884,-0.9768009768009768,0.38801247592457094,-1.0757252515494202,COMPLETE
2026-09-03 11:20:05.716,v1.6.9,20260903_032940_WIDE_HIGH_GAP_SHADOW_E007_111905425744,WIDE_HIGH_GAP_SHADOW,032940,원익,2026-09-03 11:19:05.425,8050.0,8058.049999999999,MAIN,MAIN,2026-09-03 11:19:05.409,,,2026-09-03 11:19:05.409,8050.0,,,False,,2026-09-03 11:19:07.808,8040.0,2.398966,-0.12422360248447205,-0.22399960288158144,0.12422360248447205,60,60.291,8100.0,0.6211180124223602,0.520597415007362,1.2422360248447204,-0.2484472049689441,1.141094929914815,-0.348099105863072,COMPLETE
2026-09-03 11:20:06.918,v1.6.9,20260903_100090_WIDE_HIGH_GAP_SHADOW_E011_111506788134,WIDE_HIGH_GAP_SHADOW,100090,SK오션플랜트,2026-09-03 11:15:06.788,13850.0,13863.849999999999,MAIN,MAIN,2026-09-03 11:15:06.747,,,2026-09-03 11:15:06.747,13850.0,,,False,,2026-09-03 11:15:06.832,13890.0,0.084155,0.2888086642599278,0.1886200442157226,0.2888086642599278,300,300.13,14030.0,1.2996389891696751,1.1984405486210647,1.8772563176895307,0.0,1.7754808368526886,-0.09990009990008941,COMPLETE
2026-09-03 11:21:05.718,v1.6.9,20260903_032940_WIDE_HIGH_GAP_SHADOW_E007_111905425744,WIDE_HIGH_GAP_SHADOW,032940,원익,2026-09-03 11:19:05.425,8050.0,8058.049999999999,MAIN,MAIN,2026-09-03 11:19:05.409,,,2026-09-03 11:19:05.409,8050.0,,,False,,2026-09-03 11:19:07.808,8040.0,2.398966,-0.12422360248447205,-0.22399960288158144,0.12422360248447205,120,120.293,8000.0,-0.6211180124223602,-0.7203976148075437,1.2422360248447204,-0.6211180124223602,1.141094929914815,-0.7203976148075437,COMPLETE
2026-09-03 11:21:07.030,v1.6.9,20260903_336260_SHADOW_SCORE_70_74_E001_111905450944,SHADOW_SCORE_70_74,336260,두산퓨얼셀,2026-09-03 11:19:05.450,40950.0,40990.95,MAIN,MAIN,2026-09-03 11:19:05.402,,,2026-09-03 11:19:05.402,40950.0,,,False,,2026-09-03 11:19:05.525,40950.0,0.123675,0.0,-0.09990009990009281,0.0,120,121.58,40950.0,0.0,-0.09990009990009281,0.4884004884004884,-0.9768009768009768,0.38801247592457094,-1.0757252515494202,COMPLETE
2026-09-03 11:21:11.126,v1.6.9,20260903_032940_WIDE_HIGH_GAP_SHADOW_E006_111610797323,WIDE_HIGH_GAP_SHADOW,032940,원익,2026-09-03 11:16:10.797,8130.0,8138.129999999999,MAIN,MAIN,2026-09-03 11:16:10.771,,,2026-09-03 11:16:10.771,8130.0,,,False,,2026-09-03 11:16:10.810,8140.0,0.039442,0.12300123001230012,0.02297825176054942,0.12300123001230012,300,300.329,8020.0,-1.3530135301353015,-1.4515619681671246,0.24600246002460024,-2.091020910209102,0.14585660342118892,-2.1888320781309614,COMPLETE
2026-09-03 11:22:06.015,v1.6.9,20260903_336260_SHADOW_SCORE_70_74_E001_111905450944,SHADOW_SCORE_70_74,336260,두산퓨얼셀,2026-09-03 11:19:05.450,40950.0,40990.95,MAIN,MAIN,2026-09-03 11:19:05.402,,,2026-09-03 11:19:05.402,40950.0,,,False,,2026-09-03 11:19:05.525,40950.0,0.123675,0.0,-0.09990009990009281,0.0,180,180.565,40950.0,0.0,-0.09990009990009281,0.4884004884004884,-0.9768009768009768,0.38801247592457094,-1.0757252515494202,COMPLETE
2026-09-03 11:22:06.115,v1.6.9,20260903_032940_WIDE_HIGH_GAP_SHADOW_E007_111905425744,WIDE_HIGH_GAP_SHADOW,032940,원익,2026-09-03 11:19:05.425,8050.0,8058.049999999999,MAIN,MAIN,2026-09-03 11:19:05.409,,,2026-09-03 11:19:05.409,8050.0,,,False,,2026-09-03 11:19:07.808,8040.0,2.398966,-0.12422360248447205,-0.22399960288158144,0.12422360248447205,180,180.69,8050.0,0.0,-0.09990009990009088,1.2422360248447204,-0.6211180124223602,1.141094929914815,-0.7203976148075437,COMPLETE
2026-09-03 11:22:07.115,v1.6.9,20260903_032940_WIDE_HIGH_GAP_SHADOW_E008_112136880765,WIDE_HIGH_GAP_SHADOW,032940,원익,2026-09-03 11:21:36.880,8090.0,8098.089999999999,MAIN,MAIN,2026-09-03 11:21:36.871,,,2026-09-03 11:21:36.871,8090.0,,,False,,2026-09-03 11:21:36.916,8090.0,0.044347,0.0,-0.09990009990009047,0.0,30,30.235,8070.0,-0.2472187886279357,-0.3468719167112151,0.0,-1.1124845488257107,-0.09990009990009047,-1.2112732755501514,COMPLETE
2026-09-03 11:22:36.916,v1.6.9,20260903_032940_WIDE_HIGH_GAP_SHADOW_E008_112136880765,WIDE_HIGH_GAP_SHADOW,032940,원익,2026-09-03 11:21:36.880,8090.0,8098.089999999999,MAIN,MAIN,2026-09-03 11:21:36.871,,,2026-09-03 11:21:36.871,8090.0,,,False,,2026-09-03 11:21:36.916,8090.0,0.044347,0.0,-0.09990009990009047,0.0,60,60.036,8000.0,-1.1124845488257107,-1.2112732755501514,0.0,-1.1124845488257107,-0.09990009990009047,-1.2112732755501514,COMPLETE
2026-09-03 11:23:37.513,v1.6.9,20260903_032940_WIDE_HIGH_GAP_SHADOW_E008_112136880765,WIDE_HIGH_GAP_SHADOW,032940,원익,2026-09-03 11:21:36.880,8090.0,8098.089999999999,MAIN,MAIN,2026-09-03 11:21:36.871,,,2026-09-03 11:21:36.871,8090.0,,,False,,2026-09-03 11:21:36.916,8090.0,0.044347,0.0,-0.09990009990009047,0.0,120,120.633,8010.0,-0.9888751545117428,-1.087787367144589,0.0,-1.3597033374536465,-0.09990009990009047,-1.458245092361276,COMPLETE
2026-09-03 11:24:05.718,v1.6.9,20260903_336260_SHADOW_SCORE_70_74_E001_111905450944,SHADOW_SCORE_70_74,336260,두산퓨얼셀,2026-09-03 11:19:05.450,40950.0,40990.95,MAIN,MAIN,2026-09-03 11:19:05.402,,,2026-09-03 11:19:05.402,40950.0,,,False,,2026-09-03 11:19:05.525,40950.0,0.123675,0.0,-0.09990009990009281,0.0,300,300.267,40600.0,-0.8547008547008548,-0.9537471075932544,0.4884004884004884,-0.9768009768009768,0.38801247592457094,-1.0757252515494202,COMPLETE
2026-09-03 11:24:05.914,v1.6.9,20260903_032940_WIDE_HIGH_GAP_SHADOW_E007_111905425744,WIDE_HIGH_GAP_SHADOW,032940,원익,2026-09-03 11:19:05.425,8050.0,8058.049999999999,MAIN,MAIN,2026-09-03 11:19:05.409,,,2026-09-03 11:19:05.409,8050.0,,,False,,2026-09-03 11:19:07.808,8040.0,2.398966,-0.12422360248447205,-0.22399960288158144,0.12422360248447205,300,300.489,7990.0,-0.7453416149068323,-0.8444971177890344,1.2422360248447204,-0.8695652173913043,1.141094929914815,-0.968596620770525,COMPLETE
2026-09-03 11:24:37.015,v1.6.9,20260903_032940_WIDE_HIGH_GAP_SHADOW_E008_112136880765,WIDE_HIGH_GAP_SHADOW,032940,원익,2026-09-03 11:21:36.880,8090.0,8098.089999999999,MAIN,MAIN,2026-09-03 11:21:36.871,,,2026-09-03 11:21:36.871,8090.0,,,False,,2026-09-03 11:21:36.916,8090.0,0.044347,0.0,-0.09990009990009047,0.0,180,180.134,7990.0,-1.2360939431396787,-1.3347591839557136,0.0,-1.4833127317676145,-0.09990009990009047,-1.5817310007668381,COMPLETE
2026-09-03 11:26:37.311,v1.6.9,20260903_032940_WIDE_HIGH_GAP_SHADOW_E008_112136880765,WIDE_HIGH_GAP_SHADOW,032940,원익,2026-09-03 11:21:36.880,8090.0,8098.089999999999,MAIN,MAIN,2026-09-03 11:21:36.871,,,2026-09-03 11:21:36.871,8090.0,,,False,,2026-09-03 11:21:36.916,8090.0,0.044347,0.0,-0.09990009990009047,0.0,300,300.431,7970.0,-1.4833127317676145,-1.5817310007668381,0.0,-1.9777503090234856,-0.09990009990009047,-2.0756746343890873,COMPLETE
2026-09-03 11:29:02.809,v1.6.9,20260903_336260_SHADOW_SCORE_70_74_E002_112832108622,SHADOW_SCORE_70_74,336260,두산퓨얼셀,2026-09-03 11:28:32.108,40950.0,40990.95,MAIN,MAIN,2026-09-03 11:28:32.063,,,2026-09-03 11:28:32.063,40950.0,,,False,,2026-09-03 11:28:32.109,40900.0,0.046356,-0.1221001221001221,-0.22187824385625876,0.1221001221001221,30,30.701,40900.0,-0.1221001221001221,-0.22187824385625876,0.0,-0.2442002442002442,-0.09990009990009281,-0.34385638781242467,COMPLETE
2026-09-03 11:29:03.109,v1.6.9,20260903_004710_WIDE_HIGH_GAP_SHADOW_E011_112832053757,WIDE_HIGH_GAP_SHADOW,004710,한솔테크닉스,2026-09-03 11:28:32.053,8460.0,8468.46,MAIN,MAIN,2026-09-03 11:28:32.028,,,2026-09-03 11:28:32.028,8460.0,,,False,,2026-09-03 11:28:35.311,8450.0,3.282791,-0.1182033096926714,-0.2179853243682928,0.1182033096926714,30,31.056,8460.0,0.0,-0.0999000999000896,0.0,-0.2364066193853428,-0.0999000999000896,-0.336070548836496,COMPLETE
2026-09-03 11:29:32.311,v1.6.9,20260903_336260_SHADOW_SCORE_70_74_E002_112832108622,SHADOW_SCORE_70_74,336260,두산퓨얼셀,2026-09-03 11:28:32.108,40950.0,40990.95,MAIN,MAIN,2026-09-03 11:28:32.063,,,2026-09-03 11:28:32.063,40950.0,,,False,,2026-09-03 11:28:32.109,40900.0,0.046356,-0.1221001221001221,-0.22187824385625876,0.1221001221001221,60,60.203,41000.0,0.1221001221001221,0.022078044056073134,0.1221001221001221,-0.2442002442002442,0.022078044056073134,-0.34385638781242467,COMPLETE
2026-09-03 11:29:32.709,v1.6.9,20260903_004710_WIDE_HIGH_GAP_SHADOW_E011_112832053757,WIDE_HIGH_GAP_SHADOW,004710,한솔테크닉스,2026-09-03 11:28:32.053,8460.0,8468.46,MAIN,MAIN,2026-09-03 11:28:32.028,,,2026-09-03 11:28:32.028,8460.0,,,False,,2026-09-03 11:28:35.311,8450.0,3.282791,-0.1182033096926714,-0.2179853243682928,0.1182033096926714,60,60.656,8460.0,0.0,-0.0999000999000896,0.0591016548463357,-0.2364066193853428,-0.040857487665988,-0.336070548836496,COMPLETE
2026-09-03 11:29:45.409,v1.6.9,20260903_004710_WIDE_HIGH_GAP_SHADOW_E012_112914976129,WIDE_HIGH_GAP_SHADOW,004710,한솔테크닉스,2026-09-03 11:29:14.976,8460.0,8468.46,MAIN,MAIN,2026-09-03 11:29:14.949,,,2026-09-03 11:29:14.949,8460.0,,,False,,2026-09-03 11:29:16.110,8450.0,1.161089,-0.1182033096926714,-0.2179853243682928,0.1182033096926714,30,30.433,8450.0,-0.1182033096926714,-0.2179853243682928,0.0,-0.2364066193853428,-0.0999000999000896,-0.336070548836496,COMPLETE
2026-09-03 11:30:15.108,v1.6.9,20260903_004710_WIDE_HIGH_GAP_SHADOW_E012_112914976129,WIDE_HIGH_GAP_SHADOW,004710,한솔테크닉스,2026-09-03 11:29:14.976,8460.0,8468.46,MAIN,MAIN,2026-09-03 11:29:14.949,,,2026-09-03 11:29:14.949,8460.0,,,False,,2026-09-03 11:29:16.110,8450.0,1.161089,-0.1182033096926714,-0.2179853243682928,0.1182033096926714,60,60.132,8430.0,-0.3546099290780142,-0.4541557733046992,0.0,-0.3546099290780142,-0.0999000999000896,-0.4541557733046992,COMPLETE
2026-09-03 11:30:32.409,v1.6.9,20260903_336260_SHADOW_SCORE_70_74_E002_112832108622,SHADOW_SCORE_70_74,336260,두산퓨얼셀,2026-09-03 11:28:32.108,40950.0,40990.95,MAIN,MAIN,2026-09-03 11:28:32.063,,,2026-09-03 11:28:32.063,40950.0,,,False,,2026-09-03 11:28:32.109,40900.0,0.046356,-0.1221001221001221,-0.22187824385625876,0.1221001221001221,120,120.301,40850.0,-0.2442002442002442,-0.34385638781242467,0.1221001221001221,-0.2442002442002442,0.022078044056073134,-0.34385638781242467,COMPLETE
2026-09-03 11:30:32.517,v1.6.9,20260903_004710_WIDE_HIGH_GAP_SHADOW_E011_112832053757,WIDE_HIGH_GAP_SHADOW,004710,한솔테크닉스,2026-09-03 11:28:32.053,8460.0,8468.46,MAIN,MAIN,2026-09-03 11:28:32.028,,,2026-09-03 11:28:32.028,8460.0,,,False,,2026-09-03 11:28:35.311,8450.0,3.282791,-0.1182033096926714,-0.2179853243682928,0.1182033096926714,120,120.464,8430.0,-0.3546099290780142,-0.4541557733046992,0.0591016548463357,-0.3546099290780142,-0.040857487665988,-0.4541557733046992,COMPLETE
2026-09-03 11:31:16.008,v1.6.9,20260903_004710_WIDE_HIGH_GAP_SHADOW_E012_112914976129,WIDE_HIGH_GAP_SHADOW,004710,한솔테크닉스,2026-09-03 11:29:14.976,8460.0,8468.46,MAIN,MAIN,2026-09-03 11:29:14.949,,,2026-09-03 11:29:14.949,8460.0,,,False,,2026-09-03 11:29:16.110,8450.0,1.161089,-0.1182033096926714,-0.2179853243682928,0.1182033096926714,120,121.032,8470.0,0.1182033096926714,0.018185124568113605,0.1182033096926714,-0.3546099290780142,0.018185124568113605,-0.4541557733046992,COMPLETE
2026-09-03 11:31:32.507,v1.6.9,20260903_004710_WIDE_HIGH_GAP_SHADOW_E011_112832053757,WIDE_HIGH_GAP_SHADOW,004710,한솔테크닉스,2026-09-03 11:28:32.053,8460.0,8468.46,MAIN,MAIN,2026-09-03 11:28:32.028,,,2026-09-03 11:28:32.028,8460.0,,,False,,2026-09-03 11:28:35.311,8450.0,3.282791,-0.1182033096926714,-0.2179853243682928,0.1182033096926714,180,180.453,8450.0,-0.1182033096926714,-0.2179853243682928,0.1182033096926714,-0.3546099290780142,0.018185124568113605,-0.4541557733046992,COMPLETE
2026-09-03 11:31:33.108,v1.6.9,20260903_336260_SHADOW_SCORE_70_74_E002_112832108622,SHADOW_SCORE_70_74,336260,두산퓨얼셀,2026-09-03 11:28:32.108,40950.0,40990.95,MAIN,MAIN,2026-09-03 11:28:32.063,,,2026-09-03 11:28:32.063,40950.0,,,False,,2026-09-03 11:28:32.109,40900.0,0.046356,-0.1221001221001221,-0.22187824385625876,0.1221001221001221,180,181.0,40900.0,-0.1221001221001221,-0.22187824385625876,0.1221001221001221,-0.2442002442002442,0.022078044056073134,-0.34385638781242467,COMPLETE
2026-09-03 11:31:58.914,v1.6.9,20260903_004710_WIDE_HIGH_GAP_SHADOW_E013_113128892676,WIDE_HIGH_GAP_SHADOW,004710,한솔테크닉스,2026-09-03 11:31:28.892,8470.0,8478.47,MAIN,MAIN,2026-09-03 11:31:28.866,,,2026-09-03 11:31:28.866,8470.0,,,False,,2026-09-03 11:31:29.509,8460.0,0.643308,-0.11806375442739078,-0.2178459085188642,0.11806375442739078,30,30.022,8470.0,0.0,-0.09990009990009219,0.0,-0.23612750885478156,-0.09990009990009219,-0.3357917171376362,COMPLETE
2026-09-03 11:32:16.016,v1.6.9,20260903_004710_WIDE_HIGH_GAP_SHADOW_E012_112914976129,WIDE_HIGH_GAP_SHADOW,004710,한솔테크닉스,2026-09-03 11:29:14.976,8460.0,8468.46,MAIN,MAIN,2026-09-03 11:29:14.949,,,2026-09-03 11:29:14.949,8460.0,,,False,,2026-09-03 11:29:16.110,8450.0,1.161089,-0.1182033096926714,-0.2179853243682928,0.1182033096926714,180,181.04,8460.0,0.0,-0.0999000999000896,0.2364066193853428,-0.3546099290780142,0.1362703490363168,-0.4541557733046992,COMPLETE
2026-09-03 11:32:30.206,v1.6.9,20260903_004710_WIDE_HIGH_GAP_SHADOW_E013_113128892676,WIDE_HIGH_GAP_SHADOW,004710,한솔테크닉스,2026-09-03 11:31:28.892,8470.0,8478.47,MAIN,MAIN,2026-09-03 11:31:28.866,,,2026-09-03 11:31:28.866,8470.0,,,False,,2026-09-03 11:31:29.509,8460.0,0.643308,-0.11806375442739078,-0.2178459085188642,0.11806375442739078,60,61.314,8470.0,0.0,-0.09990009990009219,0.11806375442739078,-0.23612750885478156,0.018045708718679845,-0.3357917171376362,COMPLETE
2026-09-03 11:32:43.906,v1.6.9,20260903_008930_WIDE_HIGH_GAP_SHADOW_E018_113212535926,WIDE_HIGH_GAP_SHADOW,008930,한미사이언스,2026-09-03 11:32:12.535,51600.0,51651.59999999999,MAIN,MAIN,2026-09-03 11:32:12.526,,,2026-09-03 11:32:12.526,51600.0,,,False,,2026-09-03 11:32:19.507,51600.0,6.981609,0.0,-0.09990009990008301,0.0,30,31.37,51600.0,0.0,-0.09990009990008301,0.0,-0.1937984496124031,-0.09990009990008301,-0.29350494466771854,COMPLETE
2026-09-03 11:32:44.306,v1.6.9,20260903_004710_WIDE_HIGH_GAP_SHADOW_E014_113212522613,WIDE_HIGH_GAP_SHADOW,004710,한솔테크닉스,2026-09-03 11:32:12.522,8470.0,8478.47,MAIN,MAIN,2026-09-03 11:32:12.498,,,2026-09-03 11:32:12.498,8470.0,,,False,,2026-09-03 11:32:13.406,8460.0,0.90878,-0.11806375442739078,-0.2178459085188642,0.11806375442739078,30,31.783,8460.0,-0.11806375442739078,-0.2178459085188642,0.11806375442739078,-0.11806375442739078,0.018045708718679845,-0.2178459085188642,COMPLETE
2026-09-03 11:33:14.905,v1.6.9,20260903_004710_WIDE_HIGH_GAP_SHADOW_E014_113212522613,WIDE_HIGH_GAP_SHADOW,004710,한솔테크닉스,2026-09-03 11:32:12.522,8470.0,8478.47,MAIN,MAIN,2026-09-03 11:32:12.498,,,2026-09-03 11:32:12.498,8470.0,,,False,,2026-09-03 11:32:13.406,8460.0,0.90878,-0.11806375442739078,-0.2178459085188642,0.11806375442739078,60,62.383,8460.0,-0.11806375442739078,-0.2178459085188642,0.11806375442739078,-0.23612750885478156,0.018045708718679845,-0.3357917171376362,COMPLETE
2026-09-03 11:33:18.706,v1.6.9,20260903_008930_WIDE_HIGH_GAP_SHADOW_E018_113212535926,WIDE_HIGH_GAP_SHADOW,008930,한미사이언스,2026-09-03 11:32:12.535,51600.0,51651.59999999999,MAIN,MAIN,2026-09-03 11:32:12.526,,,2026-09-03 11:32:12.526,51600.0,,,False,,2026-09-03 11:32:19.507,51600.0,6.981609,0.0,-0.09990009990008301,0.0,60,66.171,51600.0,0.0,-0.09990009990008301,0.0,-0.1937984496124031,-0.09990009990008301,-0.29350494466771854,COMPLETE
2026-09-03 11:33:30.312,v1.6.9,20260903_004710_WIDE_HIGH_GAP_SHADOW_E013_113128892676,WIDE_HIGH_GAP_SHADOW,004710,한솔테크닉스,2026-09-03 11:31:28.892,8470.0,8478.47,MAIN,MAIN,2026-09-03 11:31:28.866,,,2026-09-03 11:31:28.866,8470.0,,,False,,2026-09-03 11:31:29.509,8460.0,0.643308,-0.11806375442739078,-0.2178459085188642,0.11806375442739078,120,121.42,8470.0,0.0,-0.09990009990009219,0.11806375442739078,-0.23612750885478156,0.018045708718679845,-0.3357917171376362,COMPLETE
2026-09-03 11:33:32.506,v1.6.9,20260903_336260_SHADOW_SCORE_70_74_E002_112832108622,SHADOW_SCORE_70_74,336260,두산퓨얼셀,2026-09-03 11:28:32.108,40950.0,40990.95,MAIN,MAIN,2026-09-03 11:28:32.063,,,2026-09-03 11:28:32.063,40950.0,,,False,,2026-09-03 11:28:32.109,40900.0,0.046356,-0.1221001221001221,-0.22187824385625876,0.1221001221001221,300,300.398,40800.0,-0.3663003663003663,-0.4658345317685907,0.1221001221001221,-0.8547008547008548,0.022078044056073134,-0.9537471075932544,COMPLETE
2026-09-03 11:33:33.303,v1.6.9,20260903_004710_WIDE_HIGH_GAP_SHADOW_E011_112832053757,WIDE_HIGH_GAP_SHADOW,004710,한솔테크닉스,2026-09-03 11:28:32.053,8460.0,8468.46,MAIN,MAIN,2026-09-03 11:28:32.028,,,2026-09-03 11:28:32.028,8460.0,,,False,,2026-09-03 11:28:35.311,8450.0,3.282791,-0.1182033096926714,-0.2179853243682928,0.1182033096926714,300,301.25,8450.0,-0.1182033096926714,-0.2179853243682928,0.2364066193853428,-0.3546099290780142,0.1362703490363168,-0.4541557733046992,COMPLETE
2026-09-03 11:34:12.806,v1.6.9,20260903_004710_WIDE_HIGH_GAP_SHADOW_E014_113212522613,WIDE_HIGH_GAP_SHADOW,004710,한솔테크닉스,2026-09-03 11:32:12.522,8470.0,8478.47,MAIN,MAIN,2026-09-03 11:32:12.498,,,2026-09-03 11:32:12.498,8470.0,,,False,,2026-09-03 11:32:13.406,8460.0,0.90878,-0.11806375442739078,-0.2178459085188642,0.11806375442739078,120,120.284,8450.0,-0.23612750885478156,-0.3357917171376362,0.11806375442739078,-0.3541912632821724,0.018045708718679845,-0.45373752575640824,COMPLETE
2026-09-03 11:34:12.906,v1.6.9,20260903_008930_WIDE_HIGH_GAP_SHADOW_E018_113212535926,WIDE_HIGH_GAP_SHADOW,008930,한미사이언스,2026-09-03 11:32:12.535,51600.0,51651.59999999999,MAIN,MAIN,2026-09-03 11:32:12.526,,,2026-09-03 11:32:12.526,51600.0,,,False,,2026-09-03 11:32:19.507,51600.0,6.981609,0.0,-0.09990009990008301,0.0,120,120.37,51600.0,0.0,-0.09990009990008301,0.0,-0.1937984496124031,-0.09990009990008301,-0.29350494466771854,COMPLETE
2026-09-03 11:34:15.904,v1.6.9,20260903_004710_WIDE_HIGH_GAP_SHADOW_E012_112914976129,WIDE_HIGH_GAP_SHADOW,004710,한솔테크닉스,2026-09-03 11:29:14.976,8460.0,8468.46,MAIN,MAIN,2026-09-03 11:29:14.949,,,2026-09-03 11:29:14.949,8460.0,,,False,,2026-09-03 11:29:16.110,8450.0,1.161089,-0.1182033096926714,-0.2179853243682928,0.1182033096926714,300,300.929,8450.0,-0.1182033096926714,-0.2179853243682928,0.2364066193853428,-0.3546099290780142,0.1362703490363168,-0.4541557733046992,COMPLETE
2026-09-03 11:34:30.005,v1.6.9,20260903_004710_WIDE_HIGH_GAP_SHADOW_E013_113128892676,WIDE_HIGH_GAP_SHADOW,004710,한솔테크닉스,2026-09-03 11:31:28.892,8470.0,8478.47,MAIN,MAIN,2026-09-03 11:31:28.866,,,2026-09-03 11:31:28.866,8470.0,,,False,,2026-09-03 11:31:29.509,8460.0,0.643308,-0.11806375442739078,-0.2178459085188642,0.11806375442739078,180,181.113,8450.0,-0.23612750885478156,-0.3357917171376362,0.11806375442739078,-0.3541912632821724,0.018045708718679845,-0.45373752575640824,COMPLETE
2026-09-03 11:34:52.004,v1.6.9,20260903_032940_WIDE_HIGH_GAP_SHADOW_E009_113421944362,WIDE_HIGH_GAP_SHADOW,032940,원익,2026-09-03 11:34:21.944,8050.0,8058.049999999999,MAIN,MAIN,2026-09-03 11:34:21.920,,,2026-09-03 11:34:21.920,8050.0,,,False,,2026-09-03 11:34:22.107,8050.0,0.187211,0.0,-0.09990009990009088,0.0,30,30.061,8190.0,1.7391304347826086,1.637492941840777,1.8633540372670807,-0.2484472049689441,1.7615924448222675,-0.348099105863072,COMPLETE
2026-09-03 11:35:12.603,v1.6.9,20260903_004710_WIDE_HIGH_GAP_SHADOW_E014_113212522613,WIDE_HIGH_GAP_SHADOW,004710,한솔테크닉스,2026-09-03 11:32:12.522,8470.0,8478.47,MAIN,MAIN,2026-09-03 11:32:12.498,,,2026-09-03 11:32:12.498,8470.0,,,False,,2026-09-03 11:32:13.406,8460.0,0.90878,-0.11806375442739078,-0.2178459085188642,0.11806375442739078,180,180.081,8440.0,-0.3541912632821724,-0.45373752575640824,0.11806375442739078,-0.47225501770956313,0.018045708718679845,-0.5716833343751804,COMPLETE
2026-09-03 11:35:14.305,v1.6.9,20260903_008930_WIDE_HIGH_GAP_SHADOW_E018_113212535926,WIDE_HIGH_GAP_SHADOW,008930,한미사이언스,2026-09-03 11:32:12.535,51600.0,51651.59999999999,MAIN,MAIN,2026-09-03 11:32:12.526,,,2026-09-03 11:32:12.526,51600.0,,,False,,2026-09-03 11:32:19.507,51600.0,6.981609,0.0,-0.09990009990008301,0.0,180,181.77,51500.0,-0.1937984496124031,-0.29350494466771854,0.0,-0.1937984496124031,-0.09990009990008301,-0.29350494466771854,COMPLETE
2026-09-03 11:35:22.203,v1.6.9,20260903_032940_WIDE_HIGH_GAP_SHADOW_E009_113421944362,WIDE_HIGH_GAP_SHADOW,032940,원익,2026-09-03 11:34:21.944,8050.0,8058.049999999999,MAIN,MAIN,2026-09-03 11:34:21.920,,,2026-09-03 11:34:21.920,8050.0,,,False,,2026-09-03 11:34:22.107,8050.0,0.187211,0.0,-0.09990009990009088,0.0,60,60.26,8150.0,1.2422360248447204,1.141094929914815,2.236024844720497,-0.2484472049689441,2.1338909537667394,-0.348099105863072,COMPLETE
2026-09-03 11:36:02.008,v1.6.9,20260903_100090_WIDE_HIGH_GAP_SHADOW_E012_113531940923,WIDE_HIGH_GAP_SHADOW,100090,SK오션플랜트,2026-09-03 11:35:31.940,13850.0,13863.849999999999,MAIN,MAIN,2026-09-03 11:35:31.929,,,2026-09-03 11:35:31.929,13850.0,,,False,,2026-09-03 11:35:32.216,13860.0,0.287441,0.07220216606498195,-0.02777006387113641,0.07220216606498195,30,30.067,13830.0,-0.1444043321299639,-0.24416017195799541,0.2888086642599278,-0.6498194945848376,0.1886200442157226,-0.7490704241606664,COMPLETE
2026-09-03 11:36:22.006,v1.6.9,20260903_032940_WIDE_HIGH_GAP_SHADOW_E009_113421944362,WIDE_HIGH_GAP_SHADOW,032940,원익,2026-09-03 11:34:21.944,8050.0,8058.049999999999,MAIN,MAIN,2026-09-03 11:34:21.920,,,2026-09-03 11:34:21.920,8050.0,,,False,,2026-09-03 11:34:22.107,8050.0,0.187211,0.0,-0.09990009990009088,0.0,120,120.062,8310.0,3.229813664596273,3.1266869776186637,3.7267080745341614,-0.2484472049689441,3.623084989544626,-0.348099105863072,COMPLETE
2026-09-03 11:36:30.103,v1.6.9,20260903_004710_WIDE_HIGH_GAP_SHADOW_E013_113128892676,WIDE_HIGH_GAP_SHADOW,004710,한솔테크닉스,2026-09-03 11:31:28.892,8470.0,8478.47,MAIN,MAIN,2026-09-03 11:31:28.866,,,2026-09-03 11:31:28.866,8470.0,,,False,,2026-09-03 11:31:29.509,8460.0,0.643308,-0.11806375442739078,-0.2178459085188642,0.11806375442739078,300,301.21,8400.0,-0.8264462809917356,-0.9255207602314963,0.11806375442739078,-1.062573789846517,0.018045708718679845,-1.1614123774690404,COMPLETE
2026-09-03 11:36:32.099,v1.6.9,20260903_100090_WIDE_HIGH_GAP_SHADOW_E012_113531940923,WIDE_HIGH_GAP_SHADOW,100090,SK오션플랜트,2026-09-03 11:35:31.940,13850.0,13863.849999999999,MAIN,MAIN,2026-09-03 11:35:31.929,,,2026-09-03 11:35:31.929,13850.0,,,False,,2026-09-03 11:35:32.216,13860.0,0.287441,0.07220216606498195,-0.02777006387113641,0.07220216606498195,60,60.158,13880.0,0.21660649819494585,0.11649000818676959,0.2888086642599278,-0.6498194945848376,0.1886200442157226,-0.7490704241606664,COMPLETE
2026-09-03 11:36:40.904,v1.6.9,20260903_008930_WIDE_HIGH_GAP_SHADOW_E019_113557326226,WIDE_HIGH_GAP_SHADOW,008930,한미사이언스,2026-09-03 11:35:57.326,51600.0,51651.59999999999,MAIN,MAIN,2026-09-03 11:35:57.315,,,2026-09-03 11:35:57.315,51600.0,,,False,,2026-09-03 11:36:09.305,51600.0,11.989745,0.0,-0.09990009990008301,0.0,30,43.579,51600.0,0.0,-0.09990009990008301,0.0,-0.1937984496124031,-0.09990009990008301,-0.29350494466771854,COMPLETE
2026-09-03 11:37:01.613,v1.6.9,20260903_008930_WIDE_HIGH_GAP_SHADOW_E019_113557326226,WIDE_HIGH_GAP_SHADOW,008930,한미사이언스,2026-09-03 11:35:57.326,51600.0,51651.59999999999,MAIN,MAIN,2026-09-03 11:35:57.315,,,2026-09-03 11:35:57.315,51600.0,,,False,,2026-09-03 11:36:09.305,51600.0,11.989745,0.0,-0.09990009990008301,0.0,60,64.287,51600.0,0.0,-0.09990009990008301,0.0,-0.1937984496124031,-0.09990009990008301,-0.29350494466771854,COMPLETE
2026-09-03 11:37:12.602,v1.6.9,20260903_004710_WIDE_HIGH_GAP_SHADOW_E014_113212522613,WIDE_HIGH_GAP_SHADOW,004710,한솔테크닉스,2026-09-03 11:32:12.522,8470.0,8478.47,MAIN,MAIN,2026-09-03 11:32:12.498,,,2026-09-03 11:32:12.498,8470.0,,,False,,2026-09-03 11:32:13.406,8460.0,0.90878,-0.11806375442739078,-0.2178459085188642,0.11806375442739078,300,300.08,8400.0,-0.8264462809917356,-0.9255207602314963,0.11806375442739078,-1.062573789846517,0.018045708718679845,-1.1614123774690404,COMPLETE
2026-09-03 11:37:13.902,v1.6.9,20260903_008930_WIDE_HIGH_GAP_SHADOW_E018_113212535926,WIDE_HIGH_GAP_SHADOW,008930,한미사이언스,2026-09-03 11:32:12.535,51600.0,51651.59999999999,MAIN,MAIN,2026-09-03 11:32:12.526,,,2026-09-03 11:32:12.526,51600.0,,,False,,2026-09-03 11:32:19.507,51600.0,6.981609,0.0,-0.09990009990008301,0.0,300,301.367,51700.0,0.1937984496124031,0.0937047448675525,0.1937984496124031,-0.1937984496124031,0.0937047448675525,-0.29350494466771854,COMPLETE
2026-09-03 11:37:22.005,v1.6.9,20260903_032940_WIDE_HIGH_GAP_SHADOW_E009_113421944362,WIDE_HIGH_GAP_SHADOW,032940,원익,2026-09-03 11:34:21.944,8050.0,8058.049999999999,MAIN,MAIN,2026-09-03 11:34:21.920,,,2026-09-03 11:34:21.920,8050.0,,,False,,2026-09-03 11:34:22.107,8050.0,0.187211,0.0,-0.09990009990009088,0.0,180,180.061,8330.0,3.4782608695652173,3.374885983581645,4.099378881987578,-0.2484472049689441,3.9953834984890984,-0.348099105863072,COMPLETE
2026-09-03 11:37:32.003,v1.6.9,20260903_100090_WIDE_HIGH_GAP_SHADOW_E012_113531940923,WIDE_HIGH_GAP_SHADOW,100090,SK오션플랜트,2026-09-03 11:35:31.940,13850.0,13863.849999999999,MAIN,MAIN,2026-09-03 11:35:31.929,,,2026-09-03 11:35:31.929,13850.0,,,False,,2026-09-03 11:35:32.216,13860.0,0.287441,0.07220216606498195,-0.02777006387113641,0.07220216606498195,120,120.063,13920.0,0.5054151624548736,0.4050101523025816,0.5054151624548736,-0.6498194945848376,0.4050101523025816,-0.7490704241606664,COMPLETE
2026-09-03 11:37:58.903,v1.6.9,20260903_008930_WIDE_HIGH_GAP_SHADOW_E019_113557326226,WIDE_HIGH_GAP_SHADOW,008930,한미사이언스,2026-09-03 11:35:57.326,51600.0,51651.59999999999,MAIN,MAIN,2026-09-03 11:35:57.315,,,2026-09-03 11:35:57.315,51600.0,,,False,,2026-09-03 11:36:09.305,51600.0,11.989745,0.0,-0.09990009990008301,0.0,120,121.577,51600.0,0.0,-0.09990009990008301,0.1937984496124031,-0.1937984496124031,0.0937047448675525,-0.29350494466771854,COMPLETE
2026-09-03 11:38:32.210,v1.6.9,20260903_100090_WIDE_HIGH_GAP_SHADOW_E012_113531940923,WIDE_HIGH_GAP_SHADOW,100090,SK오션플랜트,2026-09-03 11:35:31.940,13850.0,13863.849999999999,MAIN,MAIN,2026-09-03 11:35:31.929,,,2026-09-03 11:35:31.929,13850.0,,,False,,2026-09-03 11:35:32.216,13860.0,0.287441,0.07220216606498195,-0.02777006387113641,0.07220216606498195,180,180.27,13880.0,0.21660649819494585,0.11649000818676959,1.1552346570397112,-0.6498194945848376,1.0541804765631586,-0.7490704241606664,COMPLETE
2026-09-03 11:38:58.701,v1.6.9,20260903_008930_WIDE_HIGH_GAP_SHADOW_E019_113557326226,WIDE_HIGH_GAP_SHADOW,008930,한미사이언스,2026-09-03 11:35:57.326,51600.0,51651.59999999999,MAIN,MAIN,2026-09-03 11:35:57.315,,,2026-09-03 11:35:57.315,51600.0,,,False,,2026-09-03 11:36:09.305,51600.0,11.989745,0.0,-0.09990009990008301,0.0,180,181.375,51700.0,0.1937984496124031,0.0937047448675525,0.3875968992248062,-0.1937984496124031,0.287309589635188,-0.29350494466771854,COMPLETE
2026-09-03 11:38:59.012,v1.6.9,20260903_004710_WIDE_HIGH_GAP_SHADOW_E015_113827921554,WIDE_HIGH_GAP_SHADOW,004710,한솔테크닉스,2026-09-03 11:38:27.921,8460.0,8468.46,MAIN,MAIN,2026-09-03 11:38:27.887,,,2026-09-03 11:38:27.887,8460.0,,,False,,2026-09-03 11:38:29.112,8450.0,1.224351,-0.1182033096926714,-0.2179853243682928,0.1182033096926714,30,31.091,8450.0,-0.1182033096926714,-0.2179853243682928,0.0,-0.2364066193853428,-0.0999000999000896,-0.336070548836496,COMPLETE
2026-09-03 11:39:21.010,v1.6.9,20260903_100090_WIDE_HIGH_GAP_SHADOW_E013_113849707536,WIDE_HIGH_GAP_SHADOW,100090,SK오션플랜트,2026-09-03 11:38:49.707,13850.0,13863.849999999999,MAIN,MAIN,2026-09-03 11:38:49.680,,,2026-09-03 11:38:49.680,13850.0,,,False,,2026-09-03 11:38:50.401,13900.0,0.720829,0.36101083032490977,0.2607500802446756,0.36101083032490977,30,31.303,13865.0,0.10830324909747292,0.008294954143340092,0.36101083032490977,0.0,0.2607500802446756,-0.09990009990008941,COMPLETE
2026-09-03 11:39:22.003,v1.6.9,20260903_032940_WIDE_HIGH_GAP_SHADOW_E009_113421944362,WIDE_HIGH_GAP_SHADOW,032940,원익,2026-09-03 11:34:21.944,8050.0,8058.049999999999,MAIN,MAIN,2026-09-03 11:34:21.920,,,2026-09-03 11:34:21.920,8050.0,,,False,,2026-09-03 11:34:22.107,8050.0,0.187211,0.0,-0.09990009990009088,0.0,300,300.06,8390.0,4.22360248447205,4.119483001470589,4.720496894409938,-0.2484472049689441,4.61588101339655,-0.348099105863072,COMPLETE
2026-09-03 11:39:29.500,v1.6.9,20260903_004710_WIDE_HIGH_GAP_SHADOW_E015_113827921554,WIDE_HIGH_GAP_SHADOW,004710,한솔테크닉스,2026-09-03 11:38:27.921,8460.0,8468.46,MAIN,MAIN,2026-09-03 11:38:27.887,,,2026-09-03 11:38:27.887,8460.0,,,False,,2026-09-03 11:38:29.112,8450.0,1.224351,-0.1182033096926714,-0.2179853243682928,0.1182033096926714,60,61.579,8460.0,0.0,-0.0999000999000896,0.0,-0.2364066193853428,-0.0999000999000896,-0.336070548836496,COMPLETE
2026-09-03 11:39:52.100,v1.6.9,20260903_100090_WIDE_HIGH_GAP_SHADOW_E013_113849707536,WIDE_HIGH_GAP_SHADOW,100090,SK오션플랜트,2026-09-03 11:38:49.707,13850.0,13863.849999999999,MAIN,MAIN,2026-09-03 11:38:49.680,,,2026-09-03 11:38:49.680,13850.0,,,False,,2026-09-03 11:38:50.401,13900.0,0.720829,0.36101083032490977,0.2607500802446756,0.36101083032490977,60,62.393,13870.0,0.1444043321299639,0.0443599721578166,0.36101083032490977,0.0,0.2607500802446756,-0.09990009990008941,COMPLETE
2026-09-03 11:40:28.419,v1.6.9,20260903_004710_WIDE_HIGH_GAP_SHADOW_E015_113827921554,WIDE_HIGH_GAP_SHADOW,004710,한솔테크닉스,2026-09-03 11:38:27.921,8460.0,8468.46,MAIN,MAIN,2026-09-03 11:38:27.887,,,2026-09-03 11:38:27.887,8460.0,,,False,,2026-09-03 11:38:29.112,8450.0,1.224351,-0.1182033096926714,-0.2179853243682928,0.1182033096926714,120,120.498,8460.0,0.0,-0.0999000999000896,0.2364066193853428,-0.3546099290780142,0.1362703490363168,-0.4541557733046992,COMPLETE
2026-09-03 11:40:32.013,v1.6.9,20260903_100090_WIDE_HIGH_GAP_SHADOW_E012_113531940923,WIDE_HIGH_GAP_SHADOW,100090,SK오션플랜트,2026-09-03 11:35:31.940,13850.0,13863.849999999999,MAIN,MAIN,2026-09-03 11:35:31.929,,,2026-09-03 11:35:31.929,13850.0,,,False,,2026-09-03 11:35:32.216,13860.0,0.287441,0.07220216606498195,-0.02777006387113641,0.07220216606498195,300,300.073,13920.0,0.5054151624548736,0.4050101523025816,1.1552346570397112,-0.6498194945848376,1.0541804765631586,-0.7490704241606664,COMPLETE
2026-09-03 11:40:49.900,v1.6.9,20260903_100090_WIDE_HIGH_GAP_SHADOW_E013_113849707536,WIDE_HIGH_GAP_SHADOW,100090,SK오션플랜트,2026-09-03 11:38:49.707,13850.0,13863.849999999999,MAIN,MAIN,2026-09-03 11:38:49.680,,,2026-09-03 11:38:49.680,13850.0,,,False,,2026-09-03 11:38:50.401,13900.0,0.720829,0.36101083032490977,0.2607500802446756,0.36101083032490977,120,120.193,13850.0,0.0,-0.09990009990008941,0.5776173285198556,0.0,0.4771401883315346,-0.09990009990008941,COMPLETE
2026-09-03 11:40:57.402,v1.6.9,20260903_008930_WIDE_HIGH_GAP_SHADOW_E019_113557326226,WIDE_HIGH_GAP_SHADOW,008930,한미사이언스,2026-09-03 11:35:57.326,51600.0,51651.59999999999,MAIN,MAIN,2026-09-03 11:35:57.315,,,2026-09-03 11:35:57.315,51600.0,,,False,,2026-09-03 11:36:09.305,51600.0,11.989745,0.0,-0.09990009990008301,0.0,300,300.077,51800.0,0.3875968992248062,0.287309589635188,0.3875968992248062,-0.1937984496124031,0.287309589635188,-0.29350494466771854,COMPLETE
2026-09-03 11:41:06.413,v1.6.9,20260903_004710_WIDE_HIGH_GAP_SHADOW_E016_114036048226,WIDE_HIGH_GAP_SHADOW,004710,한솔테크닉스,2026-09-03 11:40:36.048,8460.0,8468.46,MAIN,MAIN,2026-09-03 11:40:36.033,,,2026-09-03 11:40:36.033,8460.0,,,False,,2026-09-03 11:40:37.699,8430.0,1.66663,-0.3546099290780142,-0.4541557733046992,0.3546099290780142,30,30.365,8440.0,-0.2364066193853428,-0.336070548836496,0.0,-0.3546099290780142,-0.0999000999000896,-0.4541557733046992,COMPLETE
2026-09-03 11:41:28.299,v1.6.9,20260903_004710_WIDE_HIGH_GAP_SHADOW_E015_113827921554,WIDE_HIGH_GAP_SHADOW,004710,한솔테크닉스,2026-09-03 11:38:27.921,8460.0,8468.46,MAIN,MAIN,2026-09-03 11:38:27.887,,,2026-09-03 11:38:27.887,8460.0,,,False,,2026-09-03 11:38:29.112,8450.0,1.224351,-0.1182033096926714,-0.2179853243682928,0.1182033096926714,180,180.378,8460.0,0.0,-0.0999000999000896,0.2364066193853428,-0.3546099290780142,0.1362703490363168,-0.4541557733046992,COMPLETE
2026-09-03 11:41:29.098,v1.6.9,20260903_100090_WIDE_HIGH_GAP_SHADOW_E014_114057934895,WIDE_HIGH_GAP_SHADOW,100090,SK오션플랜트,2026-09-03 11:40:57.934,13850.0,13863.849999999999,MAIN,MAIN,2026-09-03 11:40:57.906,,,2026-09-03 11:40:57.906,13850.0,,,False,,2026-09-03 11:40:59.100,13870.0,1.193707,0.1444043321299639,0.0443599721578166,0.1444043321299639,30,31.164,13910.0,0.4332129963898917,0.3328801162736286,0.5054151624548736,0.0,0.4050101523025816,-0.09990009990008941,COMPLETE
2026-09-03 11:41:36.500,v1.6.9,20260903_004710_WIDE_HIGH_GAP_SHADOW_E016_114036048226,WIDE_HIGH_GAP_SHADOW,004710,한솔테크닉스,2026-09-03 11:40:36.048,8460.0,8468.46,MAIN,MAIN,2026-09-03 11:40:36.033,,,2026-09-03 11:40:36.033,8460.0,,,False,,2026-09-03 11:40:37.699,8430.0,1.66663,-0.3546099290780142,-0.4541557733046992,0.3546099290780142,60,60.452,8460.0,0.0,-0.0999000999000896,0.2364066193853428,-0.3546099290780142,0.1362703490363168,-0.4541557733046992,COMPLETE
2026-09-03 11:41:50.409,v1.6.9,20260903_100090_WIDE_HIGH_GAP_SHADOW_E013_113849707536,WIDE_HIGH_GAP_SHADOW,100090,SK오션플랜트,2026-09-03 11:38:49.707,13850.0,13863.849999999999,MAIN,MAIN,2026-09-03 11:38:49.680,,,2026-09-03 11:38:49.680,13850.0,,,False,,2026-09-03 11:38:50.401,13900.0,0.720829,0.36101083032490977,0.2607500802446756,0.36101083032490977,180,180.702,13910.0,0.4332129963898917,0.3328801162736286,0.5776173285198556,0.0,0.4771401883315346,-0.09990009990008941,COMPLETE
2026-09-03 11:41:58.309,v1.6.9,20260903_100090_WIDE_HIGH_GAP_SHADOW_E014_114057934895,WIDE_HIGH_GAP_SHADOW,100090,SK오션플랜트,2026-09-03 11:40:57.934,13850.0,13863.849999999999,MAIN,MAIN,2026-09-03 11:40:57.906,,,2026-09-03 11:40:57.906,13850.0,,,False,,2026-09-03 11:40:59.100,13870.0,1.193707,0.1444043321299639,0.0443599721578166,0.1444043321299639,60,60.374,13895.0,0.3249097472924188,0.2246850622301991,0.5054151624548736,0.0,0.4050101523025816,-0.09990009990008941,COMPLETE
2026-09-03 11:42:15.508,v1.6.9,20260903_004710_WIDE_HIGH_GAP_SHADOW_E017_114143651690,WIDE_HIGH_GAP_SHADOW,004710,한솔테크닉스,2026-09-03 11:41:43.651,8470.0,8478.47,MAIN,MAIN,2026-09-03 11:41:43.617,,,2026-09-03 11:41:43.617,8470.0,,,False,,2026-09-03 11:41:44.008,8470.0,0.390846,0.0,-0.09990009990009219,0.0,30,31.857,8460.0,-0.11806375442739078,-0.2178459085188642,0.5903187721369539,-0.11806375442739078,0.4898289431937679,-0.2178459085188642,COMPLETE
2026-09-03 11:42:36.507,v1.6.9,20260903_004710_WIDE_HIGH_GAP_SHADOW_E016_114036048226,WIDE_HIGH_GAP_SHADOW,004710,한솔테크닉스,2026-09-03 11:40:36.048,8460.0,8468.46,MAIN,MAIN,2026-09-03 11:40:36.033,,,2026-09-03 11:40:36.033,8460.0,,,False,,2026-09-03 11:40:37.699,8430.0,1.66663,-0.3546099290780142,-0.4541557733046992,0.3546099290780142,120,120.46,8480.0,0.2364066193853428,0.1362703490363168,0.7092198581560284,-0.3546099290780142,0.6086112469091296,-0.4541557733046992,COMPLETE
2026-09-03 11:42:47.707,v1.6.9,20260903_004710_WIDE_HIGH_GAP_SHADOW_E017_114143651690,WIDE_HIGH_GAP_SHADOW,004710,한솔테크닉스,2026-09-03 11:41:43.651,8470.0,8478.47,MAIN,MAIN,2026-09-03 11:41:43.617,,,2026-09-03 11:41:43.617,8470.0,,,False,,2026-09-03 11:41:44.008,8470.0,0.390846,0.0,-0.09990009990009219,0.0,60,64.056,8490.0,0.23612750885478156,0.13599151733745188,0.5903187721369539,-0.11806375442739078,0.4898289431937679,-0.2178459085188642,COMPLETE
2026-09-03 11:42:58.410,v1.6.9,20260903_100090_WIDE_HIGH_GAP_SHADOW_E014_114057934895,WIDE_HIGH_GAP_SHADOW,100090,SK오션플랜트,2026-09-03 11:40:57.934,13850.0,13863.849999999999,MAIN,MAIN,2026-09-03 11:40:57.906,,,2026-09-03 11:40:57.906,13850.0,,,False,,2026-09-03 11:40:59.100,13870.0,1.193707,0.1444043321299639,0.0443599721578166,0.1444043321299639,120,120.475,13930.0,0.5776173285198556,0.4771401883315346,0.7220216606498195,0.0,0.6214002603894406,-0.09990009990008941,COMPLETE
2026-09-03 11:43:28.406,v1.6.9,20260903_004710_WIDE_HIGH_GAP_SHADOW_E015_113827921554,WIDE_HIGH_GAP_SHADOW,004710,한솔테크닉스,2026-09-03 11:38:27.921,8460.0,8468.46,MAIN,MAIN,2026-09-03 11:38:27.887,,,2026-09-03 11:38:27.887,8460.0,,,False,,2026-09-03 11:38:29.112,8450.0,1.224351,-0.1182033096926714,-0.2179853243682928,0.1182033096926714,300,300.485,8500.0,0.4728132387706856,0.37244079797272317,0.7092198581560284,-0.3546099290780142,0.6086112469091296,-0.4541557733046992,COMPLETE
2026-09-03 11:43:38.307,v1.6.9,20260903_004710_WIDE_HIGH_GAP_SHADOW_E016_114036048226,WIDE_HIGH_GAP_SHADOW,004710,한솔테크닉스,2026-09-03 11:40:36.048,8460.0,8468.46,MAIN,MAIN,2026-09-03 11:40:36.033,,,2026-09-03 11:40:36.033,8460.0,,,False,,2026-09-03 11:40:37.699,8430.0,1.66663,-0.3546099290780142,-0.4541557733046992,0.3546099290780142,180,182.259,8500.0,0.4728132387706856,0.37244079797272317,0.7092198581560284,-0.3546099290780142,0.6086112469091296,-0.4541557733046992,COMPLETE
2026-09-03 11:43:43.706,v1.6.9,20260903_004710_WIDE_HIGH_GAP_SHADOW_E017_114143651690,WIDE_HIGH_GAP_SHADOW,004710,한솔테크닉스,2026-09-03 11:41:43.651,8470.0,8478.47,MAIN,MAIN,2026-09-03 11:41:43.617,,,2026-09-03 11:41:43.617,8470.0,,,False,,2026-09-03 11:41:44.008,8470.0,0.390846,0.0,-0.09990009990009219,0.0,120,120.055,8500.0,0.3541912632821724,0.2539373259562239,0.5903187721369539,-0.11806375442739078,0.4898289431937679,-0.2178459085188642,COMPLETE
2026-09-03 11:43:51.008,v1.6.9,20260903_100090_WIDE_HIGH_GAP_SHADOW_E013_113849707536,WIDE_HIGH_GAP_SHADOW,100090,SK오션플랜트,2026-09-03 11:38:49.707,13850.0,13863.849999999999,MAIN,MAIN,2026-09-03 11:38:49.680,,,2026-09-03 11:38:49.680,13850.0,,,False,,2026-09-03 11:38:50.401,13900.0,0.720829,0.36101083032490977,0.2607500802446756,0.36101083032490977,300,301.301,13870.0,0.1444043321299639,0.0443599721578166,0.7220216606498195,0.0,0.6214002603894406,-0.09990009990008941,COMPLETE
2026-09-03 11:43:58.007,v1.6.9,20260903_100090_WIDE_HIGH_GAP_SHADOW_E014_114057934895,WIDE_HIGH_GAP_SHADOW,100090,SK오션플랜트,2026-09-03 11:40:57.934,13850.0,13863.849999999999,MAIN,MAIN,2026-09-03 11:40:57.906,,,2026-09-03 11:40:57.906,13850.0,,,False,,2026-09-03 11:40:59.100,13870.0,1.193707,0.1444043321299639,0.0443599721578166,0.1444043321299639,180,180.072,13870.0,0.1444043321299639,0.0443599721578166,0.7220216606498195,0.0,0.6214002603894406,-0.09990009990008941,COMPLETE
2026-09-03 11:44:18.309,v1.6.9,20260903_100090_WIDE_HIGH_GAP_SHADOW_E015_114348029680,WIDE_HIGH_GAP_SHADOW,100090,SK오션플랜트,2026-09-03 11:43:48.029,13850.0,13863.849999999999,MAIN,MAIN,2026-09-03 11:43:48.019,,,2026-09-03 11:43:48.019,13850.0,,,False,,2026-09-03 11:43:51.008,13870.0,2.988507,0.1444043321299639,0.0443599721578166,0.1444043321299639,30,30.28,13830.0,-0.1444043321299639,-0.24416017195799541,0.36101083032490977,-0.1444043321299639,0.2607500802446756,-0.24416017195799541,COMPLETE
2026-09-03 11:44:44.294,v1.6.9,20260903_004710_WIDE_HIGH_GAP_SHADOW_E017_114143651690,WIDE_HIGH_GAP_SHADOW,004710,한솔테크닉스,2026-09-03 11:41:43.651,8470.0,8478.47,MAIN,MAIN,2026-09-03 11:41:43.617,,,2026-09-03 11:41:43.617,8470.0,,,False,,2026-09-03 11:41:44.008,8470.0,0.390846,0.0,-0.09990009990009219,0.0,180,180.643,8570.0,1.1806375442739079,1.0795579862876281,1.1806375442739079,-0.11806375442739078,1.0795579862876281,-0.2178459085188642,COMPLETE
2026-09-03 11:44:48.408,v1.6.9,20260903_100090_WIDE_HIGH_GAP_SHADOW_E015_114348029680,WIDE_HIGH_GAP_SHADOW,100090,SK오션플랜트,2026-09-03 11:43:48.029,13850.0,13863.849999999999,MAIN,MAIN,2026-09-03 11:43:48.019,,,2026-09-03 11:43:48.019,13850.0,,,False,,2026-09-03 11:43:51.008,13870.0,2.988507,0.1444043321299639,0.0443599721578166,0.1444043321299639,60,60.379,13750.0,-0.7220216606498195,-0.8212004601896195,0.36101083032490977,-1.083032490974729,0.2607500802446756,-1.1818506403343845,COMPLETE
2026-09-03 11:45:01.709,v1.6.9,20260903_100090_WIDE_HIGH_GAP_SHADOW_E016_114431419505,WIDE_HIGH_GAP_SHADOW,100090,SK오션플랜트,2026-09-03 11:44:31.419,13840.0,13853.839999999998,MAIN,MAIN,2026-09-03 11:44:31.391,,,2026-09-03 11:44:31.391,13840.0,,,False,,2026-09-03 11:44:31.607,13710.0,0.21527,-0.9393063583815029,-1.0382680902911996,0.9393063583815029,30,30.29,13720.0,-0.8670520231213872,-0.966085937184191,0.0,-1.1560693641618496,-0.09990009990008782,-1.2548145496122256,COMPLETE
2026-09-03 11:45:31.503,v1.6.9,20260903_100090_WIDE_HIGH_GAP_SHADOW_E016_114431419505,WIDE_HIGH_GAP_SHADOW,100090,SK오션플랜트,2026-09-03 11:44:31.419,13840.0,13853.839999999998,MAIN,MAIN,2026-09-03 11:44:31.391,,,2026-09-03 11:44:31.391,13840.0,,,False,,2026-09-03 11:44:31.607,13710.0,0.21527,-0.9393063583815029,-1.0382680902911996,0.9393063583815029,60,60.084,13650.0,-1.3728323699421965,-1.4713610089332514,0.0,-1.3728323699421965,-0.09990009990008782,-1.4713610089332514,COMPLETE
2026-09-03 11:45:36.406,v1.6.9,20260903_004710_WIDE_HIGH_GAP_SHADOW_E016_114036048226,WIDE_HIGH_GAP_SHADOW,004710,한솔테크닉스,2026-09-03 11:40:36.048,8460.0,8468.46,MAIN,MAIN,2026-09-03 11:40:36.033,,,2026-09-03 11:40:36.033,8460.0,,,False,,2026-09-03 11:40:37.699,8430.0,1.66663,-0.3546099290780142,-0.4541557733046992,0.3546099290780142,300,300.358,8540.0,0.9456264775413712,0.8447816958455361,1.3002364066193852,-0.3546099290780142,1.1990373692501455,-0.4541557733046992,COMPLETE
2026-09-03 11:45:48.105,v1.6.9,20260903_100090_WIDE_HIGH_GAP_SHADOW_E015_114348029680,WIDE_HIGH_GAP_SHADOW,100090,SK오션플랜트,2026-09-03 11:43:48.029,13850.0,13863.849999999999,MAIN,MAIN,2026-09-03 11:43:48.019,,,2026-09-03 11:43:48.019,13850.0,,,False,,2026-09-03 11:43:51.008,13870.0,2.988507,0.1444043321299639,0.0443599721578166,0.1444043321299639,120,120.076,13700.0,-1.083032490974729,-1.1818506403343845,0.36101083032490977,-1.444043321299639,0.2607500802446756,-1.5425008204791495,COMPLETE
2026-09-03 11:45:58.505,v1.6.9,20260903_100090_WIDE_HIGH_GAP_SHADOW_E014_114057934895,WIDE_HIGH_GAP_SHADOW,100090,SK오션플랜트,2026-09-03 11:40:57.934,13850.0,13863.849999999999,MAIN,MAIN,2026-09-03 11:40:57.906,,,2026-09-03 11:40:57.906,13850.0,,,False,,2026-09-03 11:40:59.100,13870.0,1.193707,0.1444043321299639,0.0443599721578166,0.1444043321299639,300,300.571,13710.0,-1.0108303249097472,-1.1097206043054315,0.7220216606498195,-1.444043321299639,0.6214002603894406,-1.5425008204791495,COMPLETE
2026-09-03 11:46:32.605,v1.6.9,20260903_100090_WIDE_HIGH_GAP_SHADOW_E016_114431419505,WIDE_HIGH_GAP_SHADOW,100090,SK오션플랜트,2026-09-03 11:44:31.419,13840.0,13853.839999999998,MAIN,MAIN,2026-09-03 11:44:31.391,,,2026-09-03 11:44:31.391,13840.0,,,False,,2026-09-03 11:44:31.607,13710.0,0.21527,-0.9393063583815029,-1.0382680902911996,0.9393063583815029,120,121.186,13765.0,-0.541907514450867,-0.6412662482026524,0.36127167630057805,-1.3728323699421965,0.26101066563495523,-1.4713610089332514,COMPLETE
2026-09-03 11:46:44.004,v1.6.9,20260903_004710_WIDE_HIGH_GAP_SHADOW_E017_114143651690,WIDE_HIGH_GAP_SHADOW,004710,한솔테크닉스,2026-09-03 11:41:43.651,8470.0,8478.47,MAIN,MAIN,2026-09-03 11:41:43.617,,,2026-09-03 11:41:43.617,8470.0,,,False,,2026-09-03 11:41:44.008,8470.0,0.390846,0.0,-0.09990009990009219,0.0,300,300.353,8520.0,0.5903187721369539,0.4898289431937679,1.1806375442739079,-0.11806375442739078,1.0795579862876281,-0.2178459085188642,COMPLETE
2026-09-03 11:46:48.206,v1.6.9,20260903_100090_WIDE_HIGH_GAP_SHADOW_E015_114348029680,WIDE_HIGH_GAP_SHADOW,100090,SK오션플랜트,2026-09-03 11:43:48.029,13850.0,13863.849999999999,MAIN,MAIN,2026-09-03 11:43:48.019,,,2026-09-03 11:43:48.019,13850.0,,,False,,2026-09-03 11:43:51.008,13870.0,2.988507,0.1444043321299639,0.0443599721578166,0.1444043321299639,180,180.177,13750.0,-0.7220216606498195,-0.8212004601896195,0.36101083032490977,-1.444043321299639,0.2607500802446756,-1.5425008204791495,COMPLETE
2026-09-03 11:46:55.904,v1.6.9,20260903_032940_WIDE_HIGH_GAP_SHADOW_E010_114625850210,WIDE_HIGH_GAP_SHADOW,032940,원익,2026-09-03 11:46:25.850,8260.0,8268.259999999998,MAIN,MAIN,2026-09-03 11:46:25.835,,,2026-09-03 11:46:25.835,8260.0,,,False,,2026-09-03 11:46:25.905,8260.0,0.069182,0.0,-0.09990009990008056,0.0,30,30.054,8240.0,-0.24213075060532688,-0.3417889616436639,0.24213075060532688,-0.36319612590799033,0.1419887618435028,-0.46273339251545553,COMPLETE
2026-09-03 11:47:26.904,v1.6.9,20260903_032940_WIDE_HIGH_GAP_SHADOW_E010_114625850210,WIDE_HIGH_GAP_SHADOW,032940,원익,2026-09-03 11:46:25.850,8260.0,8268.259999999998,MAIN,MAIN,2026-09-03 11:46:25.835,,,2026-09-03 11:46:25.835,8260.0,,,False,,2026-09-03 11:46:25.905,8260.0,0.069182,0.0,-0.09990009990008056,0.0,60,61.055,8250.0,-0.12106537530266344,-0.22084453077187224,0.24213075060532688,-0.6053268765133172,0.1419887618435028,-0.7046222542590389,COMPLETE
2026-09-03 11:47:31.605,v1.6.9,20260903_100090_WIDE_HIGH_GAP_SHADOW_E016_114431419505,WIDE_HIGH_GAP_SHADOW,100090,SK오션플랜트,2026-09-03 11:44:31.419,13840.0,13853.839999999998,MAIN,MAIN,2026-09-03 11:44:31.391,,,2026-09-03 11:44:31.391,13840.0,,,False,,2026-09-03 11:44:31.607,13710.0,0.21527,-0.9393063583815029,-1.0382680902911996,0.9393063583815029,180,180.186,13630.0,-1.5173410404624277,-1.6157253151472686,0.36127167630057805,-3.251445086705202,0.26101066563495523,-3.3480969897154753,COMPLETE
2026-09-03 11:48:26.003,v1.6.9,20260903_032940_WIDE_HIGH_GAP_SHADOW_E010_114625850210,WIDE_HIGH_GAP_SHADOW,032940,원익,2026-09-03 11:46:25.850,8260.0,8268.259999999998,MAIN,MAIN,2026-09-03 11:46:25.835,,,2026-09-03 11:46:25.835,8260.0,,,False,,2026-09-03 11:46:25.905,8260.0,0.069182,0.0,-0.09990009990008056,0.0,120,120.153,8200.0,-0.7263922518159807,-0.8255666851308305,0.24213075060532688,-1.331719128329298,0.1419887618435028,-1.430288839489789,COMPLETE
2026-09-03 11:48:26.304,v1.6.9,20260903_100090_WIDE_HIGH_GAP_SHADOW_E017_114755906457,WIDE_HIGH_GAP_SHADOW,100090,SK오션플랜트,2026-09-03 11:47:55.906,13710.0,13723.71,MAIN,MAIN,2026-09-03 11:47:55.881,,,2026-09-03 11:47:55.881,13710.0,,,False,,2026-09-03 11:47:56.013,13710.0,0.131707,0.0,-0.09990009990009355,0.0,30,30.398,13720.0,0.07293946024799416,-0.027033506245753715,0.437636761487965,-0.2188183807439825,0.3372994620259454,-0.31849988086311304,COMPLETE
2026-09-03 11:48:48.103,v1.6.9,20260903_100090_WIDE_HIGH_GAP_SHADOW_E015_114348029680,WIDE_HIGH_GAP_SHADOW,100090,SK오션플랜트,2026-09-03 11:43:48.029,13850.0,13863.849999999999,MAIN,MAIN,2026-09-03 11:43:48.019,,,2026-09-03 11:43:48.019,13850.0,,,False,,2026-09-03 11:43:51.008,13870.0,2.988507,0.1444043321299639,0.0443599721578166,0.1444043321299639,300,300.074,13730.0,-0.8664259927797834,-0.9654605322475255,0.36101083032490977,-3.32129963898917,0.2607500802446756,-3.4178817572319273,COMPLETE
2026-09-03 11:48:56.011,v1.6.9,20260903_100090_WIDE_HIGH_GAP_SHADOW_E017_114755906457,WIDE_HIGH_GAP_SHADOW,100090,SK오션플랜트,2026-09-03 11:47:55.906,13710.0,13723.71,MAIN,MAIN,2026-09-03 11:47:55.881,,,2026-09-03 11:47:55.881,13710.0,,,False,,2026-09-03 11:47:56.013,13710.0,0.131707,0.0,-0.09990009990009355,0.0,60,60.105,13690.0,-0.14587892049598833,-0.24563328720877323,0.437636761487965,-0.2188183807439825,0.3372994620259454,-0.31849988086311304,COMPLETE
2026-09-03 11:49:05.302,v1.6.9,20260903_032940_WIDE_HIGH_GAP_SHADOW_E011_114835268262,WIDE_HIGH_GAP_SHADOW,032940,원익,2026-09-03 11:48:35.268,8200.0,8208.199999999999,MAIN,MAIN,2026-09-03 11:48:35.257,,,2026-09-03 11:48:35.257,8200.0,,,False,,2026-09-03 11:48:35.302,8290.0,0.044891,1.097560975609756,0.996564411198571,1.097560975609756,30,30.034,8420.0,2.682926829268293,2.580346482785521,4.024390243902439,0.0,3.9204697741283248,-0.09990009990008661,COMPLETE
2026-09-03 11:49:25.902,v1.6.9,20260903_032940_WIDE_HIGH_GAP_SHADOW_E010_114625850210,WIDE_HIGH_GAP_SHADOW,032940,원익,2026-09-03 11:46:25.850,8260.0,8268.259999999998,MAIN,MAIN,2026-09-03 11:46:25.835,,,2026-09-03 11:46:25.835,8260.0,,,False,,2026-09-03 11:46:25.905,8260.0,0.069182,0.0,-0.09990009990008056,0.0,180,180.052,8560.0,3.631961259079903,3.52843282625367,5.205811138014528,-1.331719128329298,5.100710427586961,-1.430288839489789,COMPLETE
2026-09-03 11:49:31.802,v1.6.9,20260903_100090_WIDE_HIGH_GAP_SHADOW_E016_114431419505,WIDE_HIGH_GAP_SHADOW,100090,SK오션플랜트,2026-09-03 11:44:31.419,13840.0,13853.839999999998,MAIN,MAIN,2026-09-03 11:44:31.391,,,2026-09-03 11:44:31.391,13840.0,,,False,,2026-09-03 11:44:31.607,13710.0,0.21527,-0.9393063583815029,-1.0382680902911996,0.9393063583815029,300,300.383,13780.0,-0.4335260115606936,-0.5329930185421394,0.36127167630057805,-3.251445086705202,0.26101066563495523,-3.3480969897154753,COMPLETE
2026-09-03 11:49:35.305,v1.6.9,20260903_032940_WIDE_HIGH_GAP_SHADOW_E011_114835268262,WIDE_HIGH_GAP_SHADOW,032940,원익,2026-09-03 11:48:35.268,8200.0,8208.199999999999,MAIN,MAIN,2026-09-03 11:48:35.257,,,2026-09-03 11:48:35.257,8200.0,,,False,,2026-09-03 11:48:35.302,8290.0,0.044891,1.097560975609756,0.996564411198571,1.097560975609756,60,60.037,8550.0,4.2682926829268295,4.16412855437247,4.7560975609756095,0.0,4.651446114860763,-0.09990009990008661,COMPLETE
2026-09-03 11:49:56.703,v1.6.9,20260903_100090_WIDE_HIGH_GAP_SHADOW_E017_114755906457,WIDE_HIGH_GAP_SHADOW,100090,SK오션플랜트,2026-09-03 11:47:55.906,13710.0,13723.71,MAIN,MAIN,2026-09-03 11:47:55.881,,,2026-09-03 11:47:55.881,13710.0,,,False,,2026-09-03 11:47:56.013,13710.0,0.131707,0.0,-0.09990009990009355,0.0,120,120.797,13800.0,0.6564551422319475,0.555899242988965,0.6564551422319475,-0.2188183807439825,0.555899242988965,-0.31849988086311304,COMPLETE
2026-09-03 11:50:35.301,v1.6.9,20260903_032940_WIDE_HIGH_GAP_SHADOW_E011_114835268262,WIDE_HIGH_GAP_SHADOW,032940,원익,2026-09-03 11:48:35.268,8200.0,8208.199999999999,MAIN,MAIN,2026-09-03 11:48:35.257,,,2026-09-03 11:48:35.257,8200.0,,,False,,2026-09-03 11:48:35.302,8290.0,0.044891,1.097560975609756,0.996564411198571,1.097560975609756,120,120.033,8690.0,5.975609756097561,5.869740016081494,6.707317073170732,0.0,6.600716356813932,-0.09990009990008661,COMPLETE
2026-09-03 11:50:56.000,v1.6.9,20260903_100090_WIDE_HIGH_GAP_SHADOW_E017_114755906457,WIDE_HIGH_GAP_SHADOW,100090,SK오션플랜트,2026-09-03 11:47:55.906,13710.0,13723.71,MAIN,MAIN,2026-09-03 11:47:55.881,,,2026-09-03 11:47:55.881,13710.0,,,False,,2026-09-03 11:47:56.013,13710.0,0.131707,0.0,-0.09990009990009355,0.0,180,180.094,13790.0,0.5835156819839533,0.48303264933462514,0.7293946024799417,-0.2188183807439825,0.6287658366433048,-0.31849988086311304,COMPLETE
2026-09-03 11:51:44.744,v1.6.9,20260903_032940_WIDE_HIGH_GAP_SHADOW_E011_114835268262,WIDE_HIGH_GAP_SHADOW,032940,원익,2026-09-03 11:48:35.268,8200.0,8208.199999999999,MAIN,MAIN,2026-09-03 11:48:35.257,,,2026-09-03 11:48:35.257,8200.0,,,False,,2026-09-03 11:48:35.302,8290.0,0.044891,1.097560975609756,0.996564411198571,1.097560975609756,180,189.477,8770.0,6.951219512195123,6.844375137058078,6.951219512195123,0.0,6.844375137058078,-0.09990009990008661,COMPLETE
2026-09-03 11:51:44.744,v1.6.9,20260903_032940_WIDE_HIGH_GAP_SHADOW_E010_114625850210,WIDE_HIGH_GAP_SHADOW,032940,원익,2026-09-03 11:46:25.850,8260.0,8268.259999999998,MAIN,MAIN,2026-09-03 11:46:25.835,,,2026-09-03 11:46:25.835,8260.0,,,False,,2026-09-03 11:46:25.905,8260.0,0.069182,0.0,-0.09990009990008056,0.0,300,318.895,8770.0,6.174334140435835,6.068265874561295,6.174334140435835,-1.331719128329298,6.068265874561295,-1.430288839489789,COMPLETE
2026-09-03 11:52:57.599,v1.6.9,20260903_100090_WIDE_HIGH_GAP_SHADOW_E017_114755906457,WIDE_HIGH_GAP_SHADOW,100090,SK오션플랜트,2026-09-03 11:47:55.906,13710.0,13723.71,MAIN,MAIN,2026-09-03 11:47:55.881,,,2026-09-03 11:47:55.881,13710.0,,,False,,2026-09-03 11:47:56.013,13710.0,0.131707,0.0,-0.09990009990009355,0.0,300,301.693,13690.0,-0.14587892049598833,-0.24563328720877323,0.7293946024799417,-0.5835156819839533,0.6287658366433048,-0.6828328491348121,COMPLETE
2026-09-03 11:53:35.299,v1.6.9,20260903_032940_WIDE_HIGH_GAP_SHADOW_E011_114835268262,WIDE_HIGH_GAP_SHADOW,032940,원익,2026-09-03 11:48:35.268,8200.0,8208.199999999999,MAIN,MAIN,2026-09-03 11:48:35.257,,,2026-09-03 11:48:35.257,8200.0,,,False,,2026-09-03 11:48:35.302,8290.0,0.044891,1.097560975609756,0.996564411198571,1.097560975609756,300,300.031,8770.0,6.951219512195123,6.844375137058078,6.951219512195123,0.0,6.844375137058078,-0.09990009990008661,COMPLETE
2026-09-03 11:56:11.499,v1.6.9,20260903_100090_WIDE_HIGH_GAP_SHADOW_E018_115540844594,WIDE_HIGH_GAP_SHADOW,100090,SK오션플랜트,2026-09-03 11:55:40.844,13640.0,13653.639999999998,MAIN,MAIN,2026-09-03 11:55:40.832,,,2026-09-03 11:55:40.832,13640.0,,,False,,2026-09-03 11:55:43.497,13650.0,2.664806,0.07331378299120235,-0.026659557451328725,0.07331378299120235,30,30.654,13670.0,0.21994134897360706,0.11982152744617848,0.21994134897360706,-0.07331378299120235,0.11982152744617848,-0.17314064234883594,COMPLETE
2026-09-03 11:56:41.196,v1.6.9,20260903_100090_WIDE_HIGH_GAP_SHADOW_E018_115540844594,WIDE_HIGH_GAP_SHADOW,100090,SK오션플랜트,2026-09-03 11:55:40.844,13640.0,13653.639999999998,MAIN,MAIN,2026-09-03 11:55:40.832,,,2026-09-03 11:55:40.832,13640.0,,,False,,2026-09-03 11:55:43.497,13650.0,2.664806,0.07331378299120235,-0.026659557451328725,0.07331378299120235,60,60.352,13630.0,-0.07331378299120235,-0.17314064234883594,0.21994134897360706,-0.07331378299120235,0.11982152744617848,-0.17314064234883594,COMPLETE
2026-09-03 11:56:48.405,v1.6.9,20260903_008930_WIDE_HIGH_GAP_SHADOW_E020_115613058651,WIDE_HIGH_GAP_SHADOW,008930,한미사이언스,2026-09-03 11:56:13.058,51600.0,51651.59999999999,MAIN,MAIN,2026-09-03 11:56:13.048,,,2026-09-03 11:56:13.048,51600.0,,,False,,2026-09-03 11:56:13.895,51600.0,0.847539,0.0,-0.09990009990008301,0.0,30,35.347,51700.0,0.1937984496124031,0.0937047448675525,0.1937984496124031,0.0,0.0937047448675525,-0.09990009990008301,COMPLETE
2026-09-03 11:57:19.095,v1.6.9,20260903_008930_WIDE_HIGH_GAP_SHADOW_E020_115613058651,WIDE_HIGH_GAP_SHADOW,008930,한미사이언스,2026-09-03 11:56:13.058,51600.0,51651.59999999999,MAIN,MAIN,2026-09-03 11:56:13.048,,,2026-09-03 11:56:13.048,51600.0,,,False,,2026-09-03 11:56:13.895,51600.0,0.847539,0.0,-0.09990009990008301,0.0,60,66.036,51600.0,0.0,-0.09990009990008301,0.1937984496124031,0.0,0.0937047448675525,-0.09990009990008301,COMPLETE
2026-09-03 11:57:41.198,v1.6.9,20260903_100090_WIDE_HIGH_GAP_SHADOW_E018_115540844594,WIDE_HIGH_GAP_SHADOW,100090,SK오션플랜트,2026-09-03 11:55:40.844,13640.0,13653.639999999998,MAIN,MAIN,2026-09-03 11:55:40.832,,,2026-09-03 11:55:40.832,13640.0,,,False,,2026-09-03 11:55:43.497,13650.0,2.664806,0.07331378299120235,-0.026659557451328725,0.07331378299120235,120,120.353,13750.0,0.8064516129032258,0.7057458670362073,0.8064516129032258,-0.1466275659824047,0.7057458670362073,-0.24638118479758955,COMPLETE
2026-09-03 11:57:47.394,v1.6.9,20260903_100090_WIDE_HIGH_GAP_SHADOW_E019_115716465169,WIDE_HIGH_GAP_SHADOW,100090,SK오션플랜트,2026-09-03 11:57:16.465,13700.0,13713.699999999999,MAIN,MAIN,2026-09-03 11:57:16.452,,,2026-09-03 11:57:16.452,13700.0,,,False,,2026-09-03 11:57:16.497,13670.0,0.044828,-0.21897810218978103,-0.31865944274702607,0.21897810218978103,30,30.93,13750.0,0.36496350364963503,0.26469880484479824,0.43795620437956206,-0.43795620437956206,0.3376185857937763,-0.5374187855939602,COMPLETE
2026-09-03 11:58:16.707,v1.6.9,20260903_100090_WIDE_HIGH_GAP_SHADOW_E019_115716465169,WIDE_HIGH_GAP_SHADOW,100090,SK오션플랜트,2026-09-03 11:57:16.465,13700.0,13713.699999999999,MAIN,MAIN,2026-09-03 11:57:16.452,,,2026-09-03 11:57:16.452,13700.0,,,False,,2026-09-03 11:57:16.497,13670.0,0.044828,-0.21897810218978103,-0.31865944274702607,0.21897810218978103,60,60.242,13770.0,0.5109489051094891,0.4105383667427543,0.5109489051094891,-0.43795620437956206,0.4105383667427543,-0.5374187855939602,COMPLETE
2026-09-03 11:58:17.905,v1.6.9,20260903_008930_WIDE_HIGH_GAP_SHADOW_E020_115613058651,WIDE_HIGH_GAP_SHADOW,008930,한미사이언스,2026-09-03 11:56:13.058,51600.0,51651.59999999999,MAIN,MAIN,2026-09-03 11:56:13.048,,,2026-09-03 11:56:13.048,51600.0,,,False,,2026-09-03 11:56:13.895,51600.0,0.847539,0.0,-0.09990009990008301,0.0,120,124.846,51800.0,0.3875968992248062,0.287309589635188,0.3875968992248062,0.0,0.287309589635188,-0.09990009990008301,COMPLETE
2026-09-03 11:58:41.195,v1.6.9,20260903_100090_WIDE_HIGH_GAP_SHADOW_E018_115540844594,WIDE_HIGH_GAP_SHADOW,100090,SK오션플랜트,2026-09-03 11:55:40.844,13640.0,13653.639999999998,MAIN,MAIN,2026-09-03 11:55:40.832,,,2026-09-03 11:55:40.832,13640.0,,,False,,2026-09-03 11:55:43.497,13650.0,2.664806,0.07331378299120235,-0.026659557451328725,0.07331378299120235,180,180.351,13790.0,1.0997067448680353,0.9987080368312218,1.1730205278592376,-0.1466275659824047,1.0719485792799754,-0.24638118479758955,COMPLETE
2026-09-03 11:59:13.696,v1.6.9,20260903_008930_WIDE_HIGH_GAP_SHADOW_E020_115613058651,WIDE_HIGH_GAP_SHADOW,008930,한미사이언스,2026-09-03 11:56:13.058,51600.0,51651.59999999999,MAIN,MAIN,2026-09-03 11:56:13.048,,,2026-09-03 11:56:13.048,51600.0,,,False,,2026-09-03 11:56:13.895,51600.0,0.847539,0.0,-0.09990009990008301,0.0,180,180.638,51700.0,0.1937984496124031,0.0937047448675525,0.3875968992248062,0.0,0.287309589635188,-0.09990009990008301,COMPLETE
2026-09-03 11:59:17.094,v1.6.9,20260903_100090_WIDE_HIGH_GAP_SHADOW_E019_115716465169,WIDE_HIGH_GAP_SHADOW,100090,SK오션플랜트,2026-09-03 11:57:16.465,13700.0,13713.699999999999,MAIN,MAIN,2026-09-03 11:57:16.452,,,2026-09-03 11:57:16.452,13700.0,,,False,,2026-09-03 11:57:16.497,13670.0,0.044828,-0.21897810218978103,-0.31865944274702607,0.21897810218978103,120,120.629,13760.0,0.43795620437956206,0.3376185857937763,0.7299270072992701,-0.43795620437956206,0.6292977095896884,-0.5374187855939602,COMPLETE
2026-09-03 12:00:17.492,v1.6.9,20260903_100090_WIDE_HIGH_GAP_SHADOW_E019_115716465169,WIDE_HIGH_GAP_SHADOW,100090,SK오션플랜트,2026-09-03 11:57:16.465,13700.0,13713.699999999999,MAIN,MAIN,2026-09-03 11:57:16.452,,,2026-09-03 11:57:16.452,13700.0,,,False,,2026-09-03 11:57:16.497,13670.0,0.044828,-0.21897810218978103,-0.31865944274702607,0.21897810218978103,180,181.027,13760.0,0.43795620437956206,0.3376185857937763,0.7299270072992701,-0.43795620437956206,0.6292977095896884,-0.5374187855939602,COMPLETE
2026-09-03 12:00:40.892,v1.6.9,20260903_100090_WIDE_HIGH_GAP_SHADOW_E018_115540844594,WIDE_HIGH_GAP_SHADOW,100090,SK오션플랜트,2026-09-03 11:55:40.844,13640.0,13653.639999999998,MAIN,MAIN,2026-09-03 11:55:40.832,,,2026-09-03 11:55:40.832,13640.0,,,False,,2026-09-03 11:55:43.497,13650.0,2.664806,0.07331378299120235,-0.026659557451328725,0.07331378299120235,300,300.047,13780.0,1.0263929618768328,0.9254674943824681,1.1730205278592376,-0.1466275659824047,1.0719485792799754,-0.24638118479758955,COMPLETE
2026-09-03 12:01:13.891,v1.6.9,20260903_032940_SHADOW_SCORE_70_74_E007_120043817496,SHADOW_SCORE_70_74,032940,원익,2026-09-03 12:00:43.817,8690.0,8698.689999999999,MAIN,MAIN,2026-09-03 12:00:43.787,,,2026-09-03 12:00:43.787,8690.0,,,False,,2026-09-03 12:00:43.993,8685.0,0.205897,-0.05753739930955121,-0.15738001929024592,0.05753739930955121,30,30.074,8670.0,-0.23014959723820483,-0.3298197774607291,0.0,-0.34522439585730724,-0.09990009990008485,-0.44477961624105117,COMPLETE
2026-09-03 12:01:14.492,v1.6.9,20260903_008930_WIDE_HIGH_GAP_SHADOW_E020_115613058651,WIDE_HIGH_GAP_SHADOW,008930,한미사이언스,2026-09-03 11:56:13.058,51600.0,51651.59999999999,MAIN,MAIN,2026-09-03 11:56:13.048,,,2026-09-03 11:56:13.048,51600.0,,,False,,2026-09-03 11:56:13.895,51600.0,0.847539,0.0,-0.09990009990008301,0.0,300,301.434,51800.0,0.3875968992248062,0.287309589635188,0.3875968992248062,0.0,0.287309589635188,-0.09990009990008301,COMPLETE
2026-09-03 12:01:44.292,v1.6.9,20260903_032940_SHADOW_SCORE_70_74_E007_120043817496,SHADOW_SCORE_70_74,032940,원익,2026-09-03 12:00:43.817,8690.0,8698.689999999999,MAIN,MAIN,2026-09-03 12:00:43.787,,,2026-09-03 12:00:43.787,8690.0,,,False,,2026-09-03 12:00:43.993,8685.0,0.205897,-0.05753739930955121,-0.15738001929024592,0.05753739930955121,60,60.475,8710.0,0.23014959723820483,0.13001957766055938,0.34522439585730724,-0.34522439585730724,0.24497941644088145,-0.44477961624105117,COMPLETE
2026-09-03 12:02:16.600,v1.6.9,20260903_100090_WIDE_HIGH_GAP_SHADOW_E019_115716465169,WIDE_HIGH_GAP_SHADOW,100090,SK오션플랜트,2026-09-03 11:57:16.465,13700.0,13713.699999999999,MAIN,MAIN,2026-09-03 11:57:16.452,,,2026-09-03 11:57:16.452,13700.0,,,False,,2026-09-03 11:57:16.497,13670.0,0.044828,-0.21897810218978103,-0.31865944274702607,0.21897810218978103,300,300.135,13810.0,0.8029197080291971,0.7022174905386664,0.8759124087591241,-0.43795620437956206,0.7751372714876444,-0.5374187855939602,COMPLETE
2026-09-03 12:02:43.930,v1.6.9,20260903_032940_SHADOW_SCORE_70_74_E007_120043817496,SHADOW_SCORE_70_74,032940,원익,2026-09-03 12:00:43.817,8690.0,8698.689999999999,MAIN,MAIN,2026-09-03 12:00:43.787,,,2026-09-03 12:00:43.787,8690.0,,,False,,2026-09-03 12:00:43.993,8685.0,0.205897,-0.05753739930955121,-0.15738001929024592,0.05753739930955121,120,120.113,8820.0,1.4959723820483315,1.3945778042441026,2.6467203682393556,-0.34522439585730724,2.5441761920473236,-0.44477961624105117,COMPLETE
2026-09-03 12:03:43.899,v1.6.9,20260903_032940_SHADOW_SCORE_70_74_E007_120043817496,SHADOW_SCORE_70_74,032940,원익,2026-09-03 12:00:43.817,8690.0,8698.689999999999,MAIN,MAIN,2026-09-03 12:00:43.787,,,2026-09-03 12:00:43.787,8690.0,,,False,,2026-09-03 12:00:43.993,8685.0,0.205897,-0.05753739930955121,-0.15738001929024592,0.05753739930955121,180,180.082,8810.0,1.380897583429229,1.2796179654637805,2.6467203682393556,-0.34522439585730724,2.5441761920473236,-0.44477961624105117,COMPLETE
2026-09-03 12:05:43.997,v1.6.9,20260903_032940_SHADOW_SCORE_70_74_E007_120043817496,SHADOW_SCORE_70_74,032940,원익,2026-09-03 12:00:43.817,8690.0,8698.689999999999,MAIN,MAIN,2026-09-03 12:00:43.787,,,2026-09-03 12:00:43.787,8690.0,,,False,,2026-09-03 12:00:43.993,8685.0,0.205897,-0.05753739930955121,-0.15738001929024592,0.05753739930955121,300,300.18,8750.0,0.6904487917146145,0.5898589327818479,2.6467203682393556,-0.34522439585730724,2.5441761920473236,-0.44477961624105117,COMPLETE
2026-09-03 12:10:36.805,v1.6.9,20260903_100090_WIDE_HIGH_GAP_SHADOW_E020_121006366133,WIDE_HIGH_GAP_SHADOW,100090,SK오션플랜트,2026-09-03 12:10:06.366,13840.0,13853.839999999998,MAIN,MAIN,2026-09-03 12:10:06.330,,,2026-09-03 12:10:06.330,13840.0,,,False,,2026-09-03 12:10:06.405,13840.0,0.074588,0.0,-0.09990009990008782,0.0,30,30.439,13930.0,0.6502890173410405,0.5497392780629896,0.7947976878612716,0.0,0.6941035842770068,-0.09990009990008782,COMPLETE
2026-09-03 12:11:06.493,v1.6.9,20260903_100090_WIDE_HIGH_GAP_SHADOW_E020_121006366133,WIDE_HIGH_GAP_SHADOW,100090,SK오션플랜트,2026-09-03 12:10:06.366,13840.0,13853.839999999998,MAIN,MAIN,2026-09-03 12:10:06.330,,,2026-09-03 12:10:06.330,13840.0,,,False,,2026-09-03 12:10:06.405,13840.0,0.074588,0.0,-0.09990009990008782,0.0,60,60.127,13890.0,0.36127167630057805,0.26101066563495523,0.7947976878612716,0.0,0.6941035842770068,-0.09990009990008782,COMPLETE
2026-09-03 12:11:20.694,v1.6.9,20260903_032940_WIDE_HIGH_GAP_SHADOW_E012_121050252309,WIDE_HIGH_GAP_SHADOW,032940,원익,2026-09-03 12:10:50.252,8590.0,8598.589999999998,MAIN,MAIN,2026-09-03 12:10:50.233,,,2026-09-03 12:10:50.233,8590.0,,,False,,2026-09-03 12:10:50.893,8580.0,0.66021,-0.11641443538998836,-0.21619823715281608,0.11641443538998836,30,30.442,8560.0,-0.3492433061699651,-0.4487945116582874,0.0,-0.46565774155995343,-0.09990009990008045,-0.5650926489110231,COMPLETE
2026-09-03 12:11:50.492,v1.6.9,20260903_032940_WIDE_HIGH_GAP_SHADOW_E012_121050252309,WIDE_HIGH_GAP_SHADOW,032940,원익,2026-09-03 12:10:50.252,8590.0,8598.589999999998,MAIN,MAIN,2026-09-03 12:10:50.233,,,2026-09-03 12:10:50.233,8590.0,,,False,,2026-09-03 12:10:50.893,8580.0,0.66021,-0.11641443538998836,-0.21619823715281608,0.11641443538998836,60,60.241,8610.0,0.23282887077997672,0.13269617460539082,0.3492433061699651,-0.46565774155995343,0.24899431185812648,-0.5650926489110231,COMPLETE
2026-09-03 12:12:06.394,v1.6.9,20260903_100090_WIDE_HIGH_GAP_SHADOW_E020_121006366133,WIDE_HIGH_GAP_SHADOW,100090,SK오션플랜트,2026-09-03 12:10:06.366,13840.0,13853.839999999998,MAIN,MAIN,2026-09-03 12:10:06.330,,,2026-09-03 12:10:06.330,13840.0,,,False,,2026-09-03 12:10:06.405,13840.0,0.074588,0.0,-0.09990009990008782,0.0,120,120.029,13920.0,0.5780346820809248,0.47755712495598107,0.7947976878612716,0.0,0.6941035842770068,-0.09990009990008782,COMPLETE
2026-09-03 12:12:50.600,v1.6.9,20260903_032940_WIDE_HIGH_GAP_SHADOW_E012_121050252309,WIDE_HIGH_GAP_SHADOW,032940,원익,2026-09-03 12:10:50.252,8590.0,8598.589999999998,MAIN,MAIN,2026-09-03 12:10:50.233,,,2026-09-03 12:10:50.233,8590.0,,,False,,2026-09-03 12:10:50.893,8580.0,0.66021,-0.11641443538998836,-0.21619823715281608,0.11641443538998836,120,120.348,8580.0,-0.11641443538998836,-0.21619823715281608,0.5820721769499418,-0.46565774155995343,0.48159058636359775,-0.5650926489110231,COMPLETE
2026-09-03 12:13:06.392,v1.6.9,20260903_100090_WIDE_HIGH_GAP_SHADOW_E020_121006366133,WIDE_HIGH_GAP_SHADOW,100090,SK오션플랜트,2026-09-03 12:10:06.366,13840.0,13853.839999999998,MAIN,MAIN,2026-09-03 12:10:06.330,,,2026-09-03 12:10:06.330,13840.0,,,False,,2026-09-03 12:10:06.405,13840.0,0.074588,0.0,-0.09990009990008782,0.0,180,180.027,13850.0,0.0722543352601156,-0.027717946793079228,0.7947976878612716,-0.0722543352601156,0.6941035842770068,-0.17208225300709645,COMPLETE
2026-09-03 12:13:50.403,v1.6.9,20260903_032940_WIDE_HIGH_GAP_SHADOW_E012_121050252309,WIDE_HIGH_GAP_SHADOW,032940,원익,2026-09-03 12:10:50.252,8590.0,8598.589999999998,MAIN,MAIN,2026-09-03 12:10:50.233,,,2026-09-03 12:10:50.233,8590.0,,,False,,2026-09-03 12:10:50.893,8580.0,0.66021,-0.11641443538998836,-0.21619823715281608,0.11641443538998836,180,180.151,8620.0,0.3492433061699651,0.24899431185812648,0.5820721769499418,-0.46565774155995343,0.48159058636359775,-0.5650926489110231,COMPLETE
2026-09-03 12:13:55.391,v1.6.9,20260903_100090_WIDE_HIGH_GAP_SHADOW_E021_121323347589,WIDE_HIGH_GAP_SHADOW,100090,SK오션플랜트,2026-09-03 12:13:23.347,13830.0,13843.829999999998,MAIN,MAIN,2026-09-03 12:13:23.338,,,2026-09-03 12:13:23.338,13830.0,,,False,,2026-09-03 12:13:23.495,13830.0,0.156953,0.0,-0.09990009990008623,0.0,30,32.044,13820.0,-0.07230657989877079,-0.17213444545330384,0.0,-0.14461315979754158,-0.09990009990008623,-0.24436879100652142,COMPLETE
2026-09-03 12:14:23.793,v1.6.9,20260903_100090_WIDE_HIGH_GAP_SHADOW_E021_121323347589,WIDE_HIGH_GAP_SHADOW,100090,SK오션플랜트,2026-09-03 12:13:23.347,13830.0,13843.829999999998,MAIN,MAIN,2026-09-03 12:13:23.338,,,2026-09-03 12:13:23.338,13830.0,,,False,,2026-09-03 12:13:23.495,13830.0,0.156953,0.0,-0.09990009990008623,0.0,60,60.445,13750.0,-0.5784526391901663,-0.6777748643258269,0.0,-0.8676789587852495,-0.09990009990008623,-0.9667122465386973,COMPLETE
2026-09-03 12:15:06.489,v1.6.9,20260903_100090_WIDE_HIGH_GAP_SHADOW_E020_121006366133,WIDE_HIGH_GAP_SHADOW,100090,SK오션플랜트,2026-09-03 12:10:06.366,13840.0,13853.839999999998,MAIN,MAIN,2026-09-03 12:10:06.330,,,2026-09-03 12:10:06.330,13840.0,,,False,,2026-09-03 12:10:06.405,13840.0,0.074588,0.0,-0.09990009990008782,0.0,300,300.124,13760.0,-0.5780346820809248,-0.6773573247561566,0.7947976878612716,-0.9393063583815029,0.6941035842770068,-1.0382680902911996,COMPLETE
2026-09-03 12:15:24.290,v1.6.9,20260903_100090_WIDE_HIGH_GAP_SHADOW_E021_121323347589,WIDE_HIGH_GAP_SHADOW,100090,SK오션플랜트,2026-09-03 12:13:23.347,13830.0,13843.829999999998,MAIN,MAIN,2026-09-03 12:13:23.338,,,2026-09-03 12:13:23.338,13830.0,,,False,,2026-09-03 12:13:23.495,13830.0,0.156953,0.0,-0.09990009990008623,0.0,120,120.942,13740.0,-0.6507592190889371,-0.7500092098790444,0.0,-0.8676789587852495,-0.09990009990008623,-0.9667122465386973,COMPLETE
2026-09-03 12:15:50.289,v1.6.9,20260903_032940_WIDE_HIGH_GAP_SHADOW_E012_121050252309,WIDE_HIGH_GAP_SHADOW,032940,원익,2026-09-03 12:10:50.252,8590.0,8598.589999999998,MAIN,MAIN,2026-09-03 12:10:50.233,,,2026-09-03 12:10:50.233,8590.0,,,False,,2026-09-03 12:10:50.893,8580.0,0.66021,-0.11641443538998836,-0.21619823715281608,0.11641443538998836,300,300.037,8580.0,-0.11641443538998836,-0.21619823715281608,1.0477299185098952,-0.46565774155995343,0.9467831353745404,-0.5650926489110231,COMPLETE
2026-09-03 12:16:24.309,v1.6.9,20260903_100090_WIDE_HIGH_GAP_SHADOW_E021_121323347589,WIDE_HIGH_GAP_SHADOW,100090,SK오션플랜트,2026-09-03 12:13:23.347,13830.0,13843.829999999998,MAIN,MAIN,2026-09-03 12:13:23.338,,,2026-09-03 12:13:23.338,13830.0,,,False,,2026-09-03 12:13:23.495,13830.0,0.156953,0.0,-0.09990009990008623,0.0,180,180.962,13750.0,-0.5784526391901663,-0.6777748643258269,0.0,-0.8676789587852495,-0.09990009990008623,-0.9667122465386973,COMPLETE
2026-09-03 12:18:26.488,v1.6.9,20260903_100090_WIDE_HIGH_GAP_SHADOW_E021_121323347589,WIDE_HIGH_GAP_SHADOW,100090,SK오션플랜트,2026-09-03 12:13:23.347,13830.0,13843.829999999998,MAIN,MAIN,2026-09-03 12:13:23.338,,,2026-09-03 12:13:23.338,13830.0,,,False,,2026-09-03 12:13:23.495,13830.0,0.156953,0.0,-0.09990009990008623,0.0,300,303.141,13730.0,-0.7230657989877078,-0.8222435554322621,0.0,-0.8676789587852495,-0.09990009990008623,-0.9667122465386973,COMPLETE
2026-09-03 12:21:45.085,v1.6.9,20260903_032940_WIDE_HIGH_GAP_SHADOW_E013_122114527701,WIDE_HIGH_GAP_SHADOW,032940,원익,2026-09-03 12:21:14.527,8630.0,8638.63,MAIN,MAIN,2026-09-03 12:21:14.519,,,2026-09-03 12:21:14.519,8630.0,,,False,,2026-09-03 12:21:14.685,8620.0,0.166288,-0.11587485515643105,-0.21565919596046135,0.11587485515643105,30,30.558,8590.0,-0.4634994206257242,-0.5629364841415735,0.0,-0.6952491309385863,-0.09990009990009065,-0.7944546762623149,COMPLETE
2026-09-03 12:22:08.687,v1.6.9,20260903_336260_BASE_E005_122138229798,BASE,336260,두산퓨얼셀,2026-09-03 12:21:38.229,40650.0,40690.649999999994,MAIN,MAIN,2026-09-03 12:21:38.126,2026-09-03 12:21:38.126,40650.0,2026-09-03 12:21:38.126,40650.0,0.0,0.0,False,,2026-09-03 12:21:38.696,40650.0,0.570463,0.0,-0.09990009990008561,0.0,30,30.457,40650.0,0.0,-0.09990009990008561,0.0,-0.24600246002460024,-0.09990009990008561,-0.3456568032213646,COMPLETE
2026-09-03 12:22:15.097,v1.6.9,20260903_032940_WIDE_HIGH_GAP_SHADOW_E013_122114527701,WIDE_HIGH_GAP_SHADOW,032940,원익,2026-09-03 12:21:14.527,8630.0,8638.63,MAIN,MAIN,2026-09-03 12:21:14.519,,,2026-09-03 12:21:14.519,8630.0,,,False,,2026-09-03 12:21:14.685,8620.0,0.166288,-0.11587485515643105,-0.21565919596046135,0.11587485515643105,60,60.57,8600.0,-0.34762456546929316,-0.4471773880812028,0.0,-0.6952491309385863,-0.09990009990009065,-0.7944546762623149,COMPLETE
2026-09-03 12:22:39.385,v1.6.9,20260903_336260_BASE_E005_122138229798,BASE,336260,두산퓨얼셀,2026-09-03 12:21:38.229,40650.0,40690.649999999994,MAIN,MAIN,2026-09-03 12:21:38.126,2026-09-03 12:21:38.126,40650.0,2026-09-03 12:21:38.126,40650.0,0.0,0.0,False,,2026-09-03 12:21:38.696,40650.0,0.570463,0.0,-0.09990009990008561,0.0,60,61.155,40700.0,0.12300123001230012,0.02297825176055389,0.12300123001230012,-0.24600246002460024,0.02297825176055389,-0.3456568032213646,COMPLETE
2026-09-03 12:23:15.183,v1.6.9,20260903_032940_WIDE_HIGH_GAP_SHADOW_E013_122114527701,WIDE_HIGH_GAP_SHADOW,032940,원익,2026-09-03 12:21:14.527,8630.0,8638.63,MAIN,MAIN,2026-09-03 12:21:14.519,,,2026-09-03 12:21:14.519,8630.0,,,False,,2026-09-03 12:21:14.685,8620.0,0.166288,-0.11587485515643105,-0.21565919596046135,0.11587485515643105,120,120.656,8590.0,-0.4634994206257242,-0.5629364841415735,0.0,-0.8111239860950173,-0.09990009990009065,-0.9102137723226855,COMPLETE
2026-09-03 12:23:38.796,v1.6.9,20260903_336260_BASE_E005_122138229798,BASE,336260,두산퓨얼셀,2026-09-03 12:21:38.229,40650.0,40690.649999999994,MAIN,MAIN,2026-09-03 12:21:38.126,2026-09-03 12:21:38.126,40650.0,2026-09-03 12:21:38.126,40650.0,0.0,0.0,False,,2026-09-03 12:21:38.696,40650.0,0.570463,0.0,-0.09990009990008561,0.0,120,120.566,40675.0,0.06150061500615006,-0.03846092406976586,0.12300123001230012,-0.24600246002460024,0.02297825176055389,-0.3456568032213646,COMPLETE
2026-09-03 12:24:14.981,v1.6.9,20260903_032940_WIDE_HIGH_GAP_SHADOW_E013_122114527701,WIDE_HIGH_GAP_SHADOW,032940,원익,2026-09-03 12:21:14.527,8630.0,8638.63,MAIN,MAIN,2026-09-03 12:21:14.519,,,2026-09-03 12:21:14.519,8630.0,,,False,,2026-09-03 12:21:14.685,8620.0,0.166288,-0.11587485515643105,-0.21565919596046135,0.11587485515643105,180,180.454,8580.0,-0.5793742757821553,-0.6786955802019441,0.0,-0.8111239860950173,-0.09990009990009065,-0.9102137723226855,COMPLETE
2026-09-03 12:24:38.991,v1.6.9,20260903_336260_BASE_E005_122138229798,BASE,336260,두산퓨얼셀,2026-09-03 12:21:38.229,40650.0,40690.649999999994,MAIN,MAIN,2026-09-03 12:21:38.126,2026-09-03 12:21:38.126,40650.0,2026-09-03 12:21:38.126,40650.0,0.0,0.0,False,,2026-09-03 12:21:38.696,40650.0,0.570463,0.0,-0.09990009990008561,0.0,180,180.761,40650.0,0.0,-0.09990009990008561,0.12300123001230012,-0.24600246002460024,0.02297825176055389,-0.3456568032213646,COMPLETE
2026-09-03 12:26:14.590,v1.6.9,20260903_032940_WIDE_HIGH_GAP_SHADOW_E013_122114527701,WIDE_HIGH_GAP_SHADOW,032940,원익,2026-09-03 12:21:14.527,8630.0,8638.63,MAIN,MAIN,2026-09-03 12:21:14.519,,,2026-09-03 12:21:14.519,8630.0,,,False,,2026-09-03 12:21:14.685,8620.0,0.166288,-0.11587485515643105,-0.21565919596046135,0.11587485515643105,300,300.063,8520.0,-1.2746234067207416,-1.3732501565641682,0.0,-1.3904982618771726,-0.09990009990009065,-1.489009252624539,COMPLETE
2026-09-03 12:26:39.184,v1.6.9,20260903_336260_BASE_E005_122138229798,BASE,336260,두산퓨얼셀,2026-09-03 12:21:38.229,40650.0,40690.649999999994,MAIN,MAIN,2026-09-03 12:21:38.126,2026-09-03 12:21:38.126,40650.0,2026-09-03 12:21:38.126,40650.0,0.0,0.0,False,,2026-09-03 12:21:38.696,40650.0,0.570463,0.0,-0.09990009990008561,0.0,300,300.955,40850.0,0.4920049200492005,0.3916133067424724,0.4920049200492005,-0.24600246002460024,0.3916133067424724,-0.3456568032213646,COMPLETE
2026-09-03 12:27:04.590,v1.6.9,20260903_441270_WIDE_HIGH_GAP_SHADOW_E008_122634019491,WIDE_HIGH_GAP_SHADOW,441270,파인엠텍,2026-09-03 12:26:34.019,9360.0,9369.359999999999,MAIN,MAIN,2026-09-03 12:26:33.994,,,2026-09-03 12:26:33.994,9360.0,,,False,,2026-09-03 12:26:34.090,9350.0,0.096543,-0.10683760683760685,-0.20663097586173193,0.10683760683760685,30,30.571,9360.0,0.0,-0.09990009990008672,0.0,-0.3205128205128205,-0.09990009990008672,-0.4200927277850223,COMPLETE
2026-09-03 12:27:34.388,v1.6.9,20260903_441270_WIDE_HIGH_GAP_SHADOW_E008_122634019491,WIDE_HIGH_GAP_SHADOW,441270,파인엠텍,2026-09-03 12:26:34.019,9360.0,9369.359999999999,MAIN,MAIN,2026-09-03 12:26:33.994,,,2026-09-03 12:26:33.994,9360.0,,,False,,2026-09-03 12:26:34.090,9350.0,0.096543,-0.10683760683760685,-0.20663097586173193,0.10683760683760685,60,60.369,9340.0,-0.2136752136752137,-0.3133618518233771,0.0,-0.3205128205128205,-0.09990009990008672,-0.4200927277850223,COMPLETE
2026-09-03 12:27:48.989,v1.6.9,20260903_000720_SHADOW_SCORE_70_74_E002_122718938527,SHADOW_SCORE_70_74,000720,현대건설,2026-09-03 12:27:18.938,119000.0,119118.99999999999,MAIN,MAIN,2026-09-03 12:27:18.916,,,2026-09-03 12:27:18.916,119000.0,,,False,,2026-09-03 12:27:19.090,119000.0,0.174115,0.0,-0.09990009990008769,0.0,30,30.051,118700.0,-0.25210084033613445,-0.3517490912448774,0.0,-0.25210084033613445,-0.09990009990008769,-0.3517490912448774,COMPLETE
2026-09-03 12:28:14.089,v1.6.9,20260903_100090_WIDE_HIGH_GAP_SHADOW_E022_122743958298,WIDE_HIGH_GAP_SHADOW,100090,SK오션플랜트,2026-09-03 12:27:43.958,13830.0,13843.829999999998,MAIN,MAIN,2026-09-03 12:27:43.926,,,2026-09-03 12:27:43.926,13830.0,,,False,,2026-09-03 12:27:44.490,13820.0,0.564085,-0.07230657989877079,-0.17213444545330384,0.07230657989877079,30,30.131,13860.0,0.21691973969631237,0.11680293675956649,0.21691973969631237,-0.07230657989877079,0.11680293675956649,-0.17213444545330384,COMPLETE
2026-09-03 12:28:19.288,v1.6.9,20260903_000720_SHADOW_SCORE_70_74_E002_122718938527,SHADOW_SCORE_70_74,000720,현대건설,2026-09-03 12:27:18.938,119000.0,119118.99999999999,MAIN,MAIN,2026-09-03 12:27:18.916,,,2026-09-03 12:27:18.916,119000.0,,,False,,2026-09-03 12:27:19.090,119000.0,0.174115,0.0,-0.09990009990008769,0.0,60,60.35,118900.0,-0.08403361344537816,-0.18384976368168426,0.0,-0.25210084033613445,-0.09990009990008769,-0.3517490912448774,COMPLETE
2026-09-03 12:28:34.088,v1.6.9,20260903_441270_WIDE_HIGH_GAP_SHADOW_E008_122634019491,WIDE_HIGH_GAP_SHADOW,441270,파인엠텍,2026-09-03 12:26:34.019,9360.0,9369.359999999999,MAIN,MAIN,2026-09-03 12:26:33.994,,,2026-09-03 12:26:33.994,9360.0,,,False,,2026-09-03 12:26:34.090,9350.0,0.096543,-0.10683760683760685,-0.20663097586173193,0.10683760683760685,120,120.069,9370.0,0.10683760683760685,0.006830776061558495,0.2136752136752137,-0.3205128205128205,0.1135616520232037,-0.4200927277850223,COMPLETE
2026-09-03 12:28:37.589,v1.6.9,20260903_033790_WIDE_HIGH_GAP_SHADOW_E006_122806930916,WIDE_HIGH_GAP_SHADOW,033790,피노,2026-09-03 12:28:06.930,8540.0,8548.539999999999,MAIN,MAIN,2026-09-03 12:28:06.915,,,2026-09-03 12:28:06.915,8540.0,,,False,,2026-09-03 12:28:08.490,8550.0,1.574435,0.117096018735363,0.017078939795578497,0.117096018735363,30,30.659,8540.0,0.0,-0.09990009990008884,0.117096018735363,-0.234192037470726,0.017078939795578497,-0.33385817929142353,COMPLETE
2026-09-03 12:28:44.688,v1.6.9,20260903_100090_WIDE_HIGH_GAP_SHADOW_E022_122743958298,WIDE_HIGH_GAP_SHADOW,100090,SK오션플랜트,2026-09-03 12:27:43.958,13830.0,13843.829999999998,MAIN,MAIN,2026-09-03 12:27:43.926,,,2026-09-03 12:27:43.926,13830.0,,,False,,2026-09-03 12:27:44.490,13820.0,0.564085,-0.07230657989877079,-0.17213444545330384,0.07230657989877079,60,60.73,13840.0,0.07230657989877079,-0.02766575434686867,0.21691973969631237,-0.07230657989877079,0.11680293675956649,-0.17213444545330384,COMPLETE
2026-09-03 12:29:09.788,v1.6.9,20260903_033790_WIDE_HIGH_GAP_SHADOW_E006_122806930916,WIDE_HIGH_GAP_SHADOW,033790,피노,2026-09-03 12:28:06.930,8540.0,8548.539999999999,MAIN,MAIN,2026-09-03 12:28:06.915,,,2026-09-03 12:28:06.915,8540.0,,,False,,2026-09-03 12:28:08.490,8550.0,1.574435,0.117096018735363,0.017078939795578497,0.117096018735363,60,62.858,8520.0,-0.234192037470726,-0.33385817929142353,0.117096018735363,-0.351288056206089,0.017078939795578497,-0.4508372189870909,COMPLETE
2026-09-03 12:29:19.387,v1.6.9,20260903_000720_SHADOW_SCORE_70_74_E002_122718938527,SHADOW_SCORE_70_74,000720,현대건설,2026-09-03 12:27:18.938,119000.0,119118.99999999999,MAIN,MAIN,2026-09-03 12:27:18.916,,,2026-09-03 12:27:18.916,119000.0,,,False,,2026-09-03 12:27:19.090,119000.0,0.174115,0.0,-0.09990009990008769,0.0,120,120.449,119000.0,0.0,-0.09990009990008769,0.0,-0.25210084033613445,-0.09990009990008769,-0.3517490912448774,COMPLETE
2026-09-03 12:29:35.087,v1.6.9,20260903_441270_WIDE_HIGH_GAP_SHADOW_E008_122634019491,WIDE_HIGH_GAP_SHADOW,441270,파인엠텍,2026-09-03 12:26:34.019,9360.0,9369.359999999999,MAIN,MAIN,2026-09-03 12:26:33.994,,,2026-09-03 12:26:33.994,9360.0,,,False,,2026-09-03 12:26:34.090,9350.0,0.096543,-0.10683760683760685,-0.20663097586173193,0.10683760683760685,180,181.068,9370.0,0.10683760683760685,0.006830776061558495,0.3205128205128205,-0.3205128205128205,0.2202925279848489,-0.4200927277850223,COMPLETE
2026-09-03 12:29:44.987,v1.6.9,20260903_100090_WIDE_HIGH_GAP_SHADOW_E022_122743958298,WIDE_HIGH_GAP_SHADOW,100090,SK오션플랜트,2026-09-03 12:27:43.958,13830.0,13843.829999999998,MAIN,MAIN,2026-09-03 12:27:43.926,,,2026-09-03 12:27:43.926,13830.0,,,False,,2026-09-03 12:27:44.490,13820.0,0.564085,-0.07230657989877079,-0.17213444545330384,0.07230657989877079,120,121.029,13850.0,0.14461315979754158,0.04456859120634891,0.43383947939262474,-0.07230657989877079,0.3335059734192192,-0.17213444545330384,COMPLETE
2026-09-03 12:30:07.386,v1.6.9,20260903_100090_WIDE_HIGH_GAP_SHADOW_E023_122936218885,WIDE_HIGH_GAP_SHADOW,100090,SK오션플랜트,2026-09-03 12:29:36.218,13850.0,13863.849999999999,MAIN,MAIN,2026-09-03 12:29:36.195,,,2026-09-03 12:29:36.195,13850.0,,,False,,2026-09-03 12:29:38.290,13880.0,2.094701,0.21660649819494585,0.11649000818676959,0.21660649819494585,30,31.168,13870.0,0.1444043321299639,0.0443599721578166,0.2888086642599278,-0.07220216606498195,0.1886200442157226,-0.17203013592904243,COMPLETE
2026-09-03 12:30:18.187,v1.6.9,20260903_033790_WIDE_HIGH_GAP_SHADOW_E006_122806930916,WIDE_HIGH_GAP_SHADOW,033790,피노,2026-09-03 12:28:06.930,8540.0,8548.539999999999,MAIN,MAIN,2026-09-03 12:28:06.915,,,2026-09-03 12:28:06.915,8540.0,,,False,,2026-09-03 12:28:08.490,8550.0,1.574435,0.117096018735363,0.017078939795578497,0.117096018735363,120,131.256,8520.0,-0.234192037470726,-0.33385817929142353,0.117096018735363,-0.702576112412178,0.017078939795578497,-0.8017743380740929,COMPLETE
2026-09-03 12:30:19.086,v1.6.9,20260903_000720_SHADOW_SCORE_70_74_E002_122718938527,SHADOW_SCORE_70_74,000720,현대건설,2026-09-03 12:27:18.938,119000.0,119118.99999999999,MAIN,MAIN,2026-09-03 12:27:18.916,,,2026-09-03 12:27:18.916,119000.0,,,False,,2026-09-03 12:27:19.090,119000.0,0.174115,0.0,-0.09990009990008769,0.0,180,180.148,119300.0,0.25210084033613445,0.151948891444702,0.42016806722689076,-0.25210084033613445,0.3198482190078951,-0.3517490912448774,COMPLETE
2026-09-03 12:30:31.986,v1.6.9,20260903_033790_WIDE_HIGH_GAP_SHADOW_E007_122957951406,WIDE_HIGH_GAP_SHADOW,033790,피노,2026-09-03 12:29:57.951,8530.0,8538.529999999999,MAIN,MAIN,2026-09-03 12:29:57.886,,,2026-09-03 12:29:57.886,8530.0,,,False,,2026-09-03 12:30:18.187,8520.0,20.300589,-0.11723329425556857,-0.21701627797757736,0.11723329425556857,30,34.035,8560.0,0.3516998827667058,0.251448434332387,0.3516998827667058,-0.11723329425556857,0.251448434332387,-0.21701627797757736,COMPLETE
2026-09-03 12:30:36.697,v1.6.9,20260903_100090_WIDE_HIGH_GAP_SHADOW_E023_122936218885,WIDE_HIGH_GAP_SHADOW,100090,SK오션플랜트,2026-09-03 12:29:36.218,13850.0,13863.849999999999,MAIN,MAIN,2026-09-03 12:29:36.195,,,2026-09-03 12:29:36.195,13850.0,,,False,,2026-09-03 12:29:38.290,13880.0,2.094701,0.21660649819494585,0.11649000818676959,0.21660649819494585,60,60.479,13820.0,-0.21660649819494585,-0.3162902079869484,0.2888086642599278,-0.21660649819494585,0.1886200442157226,-0.3162902079869484,COMPLETE
2026-09-03 12:30:45.686,v1.6.9,20260903_100090_WIDE_HIGH_GAP_SHADOW_E022_122743958298,WIDE_HIGH_GAP_SHADOW,100090,SK오션플랜트,2026-09-03 12:27:43.958,13830.0,13843.829999999998,MAIN,MAIN,2026-09-03 12:27:43.926,,,2026-09-03 12:27:43.926,13830.0,,,False,,2026-09-03 12:27:44.490,13820.0,0.564085,-0.07230657989877079,-0.17213444545330384,0.07230657989877079,180,181.728,13830.0,0.0,-0.09990009990008623,0.43383947939262474,-0.07230657989877079,0.3335059734192192,-0.17213444545330384,COMPLETE
2026-09-03 12:30:59.186,v1.6.9,20260903_033790_WIDE_HIGH_GAP_SHADOW_E007_122957951406,WIDE_HIGH_GAP_SHADOW,033790,피노,2026-09-03 12:29:57.951,8530.0,8538.529999999999,MAIN,MAIN,2026-09-03 12:29:57.886,,,2026-09-03 12:29:57.886,8530.0,,,False,,2026-09-03 12:30:18.187,8520.0,20.300589,-0.11723329425556857,-0.21701627797757736,0.11723329425556857,60,61.235,8560.0,0.3516998827667058,0.251448434332387,0.5861664712778429,-0.11723329425556857,0.4856807904873693,-0.21701627797757736,COMPLETE
2026-09-03 12:31:07.686,v1.6.9,20260903_033790_WIDE_HIGH_GAP_SHADOW_E006_122806930916,WIDE_HIGH_GAP_SHADOW,033790,피노,2026-09-03 12:28:06.930,8540.0,8548.539999999999,MAIN,MAIN,2026-09-03 12:28:06.915,,,2026-09-03 12:28:06.915,8540.0,,,False,,2026-09-03 12:28:08.490,8550.0,1.574435,0.117096018735363,0.017078939795578497,0.117096018735363,180,180.756,8580.0,0.468384074941452,0.36801605888258054,0.468384074941452,-0.702576112412178,0.36801605888258054,-0.8017743380740929,COMPLETE
2026-09-03 12:31:34.895,v1.6.9,20260903_441270_WIDE_HIGH_GAP_SHADOW_E008_122634019491,WIDE_HIGH_GAP_SHADOW,441270,파인엠텍,2026-09-03 12:26:34.019,9360.0,9369.359999999999,MAIN,MAIN,2026-09-03 12:26:33.994,,,2026-09-03 12:26:33.994,9360.0,,,False,,2026-09-03 12:26:34.090,9350.0,0.096543,-0.10683760683760685,-0.20663097586173193,0.10683760683760685,300,300.876,9350.0,-0.10683760683760685,-0.20663097586173193,0.3205128205128205,-0.3205128205128205,0.2202925279848489,-0.4200927277850223,COMPLETE
2026-09-03 12:31:36.397,v1.6.9,20260903_100090_WIDE_HIGH_GAP_SHADOW_E023_122936218885,WIDE_HIGH_GAP_SHADOW,100090,SK오션플랜트,2026-09-03 12:29:36.218,13850.0,13863.849999999999,MAIN,MAIN,2026-09-03 12:29:36.195,,,2026-09-03 12:29:36.195,13850.0,,,False,,2026-09-03 12:29:38.290,13880.0,2.094701,0.21660649819494585,0.11649000818676959,0.21660649819494585,120,120.179,13840.0,-0.07220216606498195,-0.17203013592904243,0.2888086642599278,-0.21660649819494585,0.1886200442157226,-0.3162902079869484,COMPLETE
2026-09-03 12:31:36.485,v1.6.9,20260903_034020_SHADOW_SCORE_70_74_E001_123106004368,SHADOW_SCORE_70_74,034020,두산에너빌리티,2026-09-03 12:31:06.004,80500.0,80580.49999999999,MAIN,MAIN,2026-09-03 12:31:05.954,,,2026-09-03 12:31:05.954,80500.0,,,False,,2026-09-03 12:31:06.385,80500.0,0.431494,0.0,-0.09990009990008186,0.0,30,30.481,80500.0,0.0,-0.09990009990008186,0.0,-0.12422360248447205,-0.09990009990008186,-0.22399960288157242,COMPLETE
2026-09-03 12:31:58.485,v1.6.9,20260903_033790_WIDE_HIGH_GAP_SHADOW_E007_122957951406,WIDE_HIGH_GAP_SHADOW,033790,피노,2026-09-03 12:29:57.951,8530.0,8538.529999999999,MAIN,MAIN,2026-09-03 12:29:57.886,,,2026-09-03 12:29:57.886,8530.0,,,False,,2026-09-03 12:30:18.187,8520.0,20.300589,-0.11723329425556857,-0.21701627797757736,0.11723329425556857,120,120.534,8570.0,0.4689331770222743,0.36856461240987815,0.5861664712778429,-0.11723329425556857,0.4856807904873693,-0.21701627797757736,COMPLETE
2026-09-03 12:32:06.398,v1.6.9,20260903_034020_SHADOW_SCORE_70_74_E001_123106004368,SHADOW_SCORE_70_74,034020,두산에너빌리티,2026-09-03 12:31:06.004,80500.0,80580.49999999999,MAIN,MAIN,2026-09-03 12:31:05.954,,,2026-09-03 12:31:05.954,80500.0,,,False,,2026-09-03 12:31:06.385,80500.0,0.431494,0.0,-0.09990009990008186,0.0,60,60.394,80400.0,-0.12422360248447205,-0.22399960288157242,0.0,-0.12422360248447205,-0.09990009990008186,-0.22399960288157242,COMPLETE
2026-09-03 12:32:19.292,v1.6.9,20260903_000720_SHADOW_SCORE_70_74_E002_122718938527,SHADOW_SCORE_70_74,000720,현대건설,2026-09-03 12:27:18.938,119000.0,119118.99999999999,MAIN,MAIN,2026-09-03 12:27:18.916,,,2026-09-03 12:27:18.916,119000.0,,,False,,2026-09-03 12:27:19.090,119000.0,0.174115,0.0,-0.09990009990008769,0.0,300,300.354,119800.0,0.6722689075630253,0.5716972103526848,0.7563025210084033,-0.25210084033613445,0.6556468741342814,-0.3517490912448774,COMPLETE
2026-09-03 12:32:23.184,v1.6.9,20260903_032940_WIDE_HIGH_GAP_SHADOW_E014_123153116203,WIDE_HIGH_GAP_SHADOW,032940,원익,2026-09-03 12:31:53.116,8520.0,8528.519999999999,MAIN,MAIN,2026-09-03 12:31:53.103,,,2026-09-03 12:31:53.103,8520.0,,,False,,2026-09-03 12:31:53.194,8510.0,0.090267,-0.11737089201877934,-0.21715373828048268,0.11737089201877934,30,30.068,8470.0,-0.5868544600938966,-0.6861682918020785,0.0,-0.7042253521126761,-0.09990009990008371,-0.8034219301824775,COMPLETE
2026-09-03 12:32:36.385,v1.6.9,20260903_100090_WIDE_HIGH_GAP_SHADOW_E023_122936218885,WIDE_HIGH_GAP_SHADOW,100090,SK오션플랜트,2026-09-03 12:29:36.218,13850.0,13863.849999999999,MAIN,MAIN,2026-09-03 12:29:36.195,,,2026-09-03 12:29:36.195,13850.0,,,False,,2026-09-03 12:29:38.290,13880.0,2.094701,0.21660649819494585,0.11649000818676959,0.21660649819494585,180,180.166,13770.0,-0.5776173285198556,-0.6769403881317134,0.2888086642599278,-0.7942238267148014,0.1886200442157226,-0.8933304962185725,COMPLETE
2026-09-03 12:32:44.684,v1.6.9,20260903_100090_WIDE_HIGH_GAP_SHADOW_E022_122743958298,WIDE_HIGH_GAP_SHADOW,100090,SK오션플랜트,2026-09-03 12:27:43.958,13830.0,13843.829999999998,MAIN,MAIN,2026-09-03 12:27:43.926,,,2026-09-03 12:27:43.926,13830.0,,,False,,2026-09-03 12:27:44.490,13820.0,0.564085,-0.07230657989877079,-0.17213444545330384,0.07230657989877079,300,300.726,13800.0,-0.21691973969631237,-0.316603136559739,0.43383947939262474,-0.6507592190889371,0.3335059734192192,-0.7500092098790444,COMPLETE
2026-09-03 12:32:53.183,v1.6.9,20260903_032940_WIDE_HIGH_GAP_SHADOW_E014_123153116203,WIDE_HIGH_GAP_SHADOW,032940,원익,2026-09-03 12:31:53.116,8520.0,8528.519999999999,MAIN,MAIN,2026-09-03 12:31:53.103,,,2026-09-03 12:31:53.103,8520.0,,,False,,2026-09-03 12:31:53.194,8510.0,0.090267,-0.11737089201877934,-0.21715373828048268,0.11737089201877934,60,60.068,8460.0,-0.7042253521126761,-0.8034219301824775,0.0,-0.8215962441314555,-0.09990009990008371,-0.9206755685628765,COMPLETE
2026-09-03 12:32:58.684,v1.6.9,20260903_033790_WIDE_HIGH_GAP_SHADOW_E007_122957951406,WIDE_HIGH_GAP_SHADOW,033790,피노,2026-09-03 12:29:57.951,8530.0,8538.529999999999,MAIN,MAIN,2026-09-03 12:29:57.886,,,2026-09-03 12:29:57.886,8530.0,,,False,,2026-09-03 12:30:18.187,8520.0,20.300589,-0.11723329425556857,-0.21701627797757736,0.11723329425556857,180,180.733,8560.0,0.3516998827667058,0.251448434332387,0.5861664712778429,-0.11723329425556857,0.4856807904873693,-0.21701627797757736,COMPLETE
2026-09-03 12:33:06.386,v1.6.9,20260903_034020_SHADOW_SCORE_70_74_E001_123106004368,SHADOW_SCORE_70_74,034020,두산에너빌리티,2026-09-03 12:31:06.004,80500.0,80580.49999999999,MAIN,MAIN,2026-09-03 12:31:05.954,,,2026-09-03 12:31:05.954,80500.0,,,False,,2026-09-03 12:31:06.385,80500.0,0.431494,0.0,-0.09990009990008186,0.0,120,120.382,80600.0,0.12422360248447205,0.02419940308140872,0.2484472049689441,-0.12422360248447205,0.1482989060628993,-0.22399960288157242,COMPLETE
2026-09-03 12:33:09.889,v1.6.9,20260903_033790_WIDE_HIGH_GAP_SHADOW_E006_122806930916,WIDE_HIGH_GAP_SHADOW,033790,피노,2026-09-03 12:28:06.930,8540.0,8548.539999999999,MAIN,MAIN,2026-09-03 12:28:06.915,,,2026-09-03 12:28:06.915,8540.0,,,False,,2026-09-03 12:28:08.490,8550.0,1.574435,0.117096018735363,0.017078939795578497,0.117096018735363,300,302.959,8550.0,0.117096018735363,0.017078939795578497,0.468384074941452,-0.702576112412178,0.36801605888258054,-0.8017743380740929,COMPLETE
2026-09-03 12:33:53.383,v1.6.9,20260903_032940_WIDE_HIGH_GAP_SHADOW_E014_123153116203,WIDE_HIGH_GAP_SHADOW,032940,원익,2026-09-03 12:31:53.116,8520.0,8528.519999999999,MAIN,MAIN,2026-09-03 12:31:53.103,,,2026-09-03 12:31:53.103,8520.0,,,False,,2026-09-03 12:31:53.194,8510.0,0.090267,-0.11737089201877934,-0.21715373828048268,0.11737089201877934,120,120.268,8470.0,-0.5868544600938966,-0.6861682918020785,0.0,-1.1737089201877933,-0.09990009990008371,-1.2724364837040734,COMPLETE
2026-09-03 12:34:06.085,v1.6.9,20260903_034020_SHADOW_SCORE_70_74_E001_123106004368,SHADOW_SCORE_70_74,034020,두산에너빌리티,2026-09-03 12:31:06.004,80500.0,80580.49999999999,MAIN,MAIN,2026-09-03 12:31:05.954,,,2026-09-03 12:31:05.954,80500.0,,,False,,2026-09-03 12:31:06.385,80500.0,0.431494,0.0,-0.09990009990008186,0.0,180,180.081,80700.0,0.2484472049689441,0.1482989060628993,0.3105590062111801,-0.12422360248447205,0.2103486575536446,-0.22399960288157242,COMPLETE
2026-09-03 12:34:36.783,v1.6.9,20260903_100090_WIDE_HIGH_GAP_SHADOW_E023_122936218885,WIDE_HIGH_GAP_SHADOW,100090,SK오션플랜트,2026-09-03 12:29:36.218,13850.0,13863.849999999999,MAIN,MAIN,2026-09-03 12:29:36.195,,,2026-09-03 12:29:36.195,13850.0,,,False,,2026-09-03 12:29:38.290,13880.0,2.094701,0.21660649819494585,0.11649000818676959,0.21660649819494585,300,300.564,13760.0,-0.6498194945848376,-0.7490704241606664,0.2888086642599278,-0.7942238267148014,0.1886200442157226,-0.8933304962185725,COMPLETE
2026-09-03 12:34:53.183,v1.6.9,20260903_032940_WIDE_HIGH_GAP_SHADOW_E014_123153116203,WIDE_HIGH_GAP_SHADOW,032940,원익,2026-09-03 12:31:53.116,8520.0,8528.519999999999,MAIN,MAIN,2026-09-03 12:31:53.103,,,2026-09-03 12:31:53.103,8520.0,,,False,,2026-09-03 12:31:53.194,8510.0,0.090267,-0.11737089201877934,-0.21715373828048268,0.11737089201877934,180,180.067,8510.0,-0.11737089201877934,-0.21715373828048268,0.0,-1.1737089201877933,-0.09990009990008371,-1.2724364837040734,COMPLETE
2026-09-03 12:34:57.984,v1.6.9,20260903_033790_WIDE_HIGH_GAP_SHADOW_E007_122957951406,WIDE_HIGH_GAP_SHADOW,033790,피노,2026-09-03 12:29:57.951,8530.0,8538.529999999999,MAIN,MAIN,2026-09-03 12:29:57.886,,,2026-09-03 12:29:57.886,8530.0,,,False,,2026-09-03 12:30:18.187,8520.0,20.300589,-0.11723329425556857,-0.21701627797757736,0.11723329425556857,300,300.033,8590.0,0.7033997655334115,0.6027969685648603,0.8206330597889802,-0.11723329425556857,0.7199131466423514,-0.21701627797757736,COMPLETE
2026-09-03 12:35:51.581,v1.6.9,20260903_032940_WIDE_HIGH_GAP_SHADOW_E015_123521050331,WIDE_HIGH_GAP_SHADOW,032940,원익,2026-09-03 12:35:21.050,8520.0,8528.519999999999,MAIN,MAIN,2026-09-03 12:35:21.016,,,2026-09-03 12:35:21.016,8520.0,,,False,,2026-09-03 12:35:21.082,8530.0,0.066246,0.11737089201877934,0.017353538480315255,0.11737089201877934,30,30.532,8505.0,-0.17605633802816903,-0.27578055747068214,0.11737089201877934,-0.2347417840375587,0.017353538480315255,-0.3344073766608816,COMPLETE
2026-09-03 12:36:06.181,v1.6.9,20260903_034020_SHADOW_SCORE_70_74_E001_123106004368,SHADOW_SCORE_70_74,034020,두산에너빌리티,2026-09-03 12:31:06.004,80500.0,80580.49999999999,MAIN,MAIN,2026-09-03 12:31:05.954,,,2026-09-03 12:31:05.954,80500.0,,,False,,2026-09-03 12:31:06.385,80500.0,0.431494,0.0,-0.09990009990008186,0.0,300,300.177,80300.0,-0.2484472049689441,-0.34809910586306303,0.3105590062111801,-0.2484472049689441,0.2103486575536446,-0.34809910586306303,COMPLETE
2026-09-03 12:36:21.381,v1.6.9,20260903_032940_WIDE_HIGH_GAP_SHADOW_E015_123521050331,WIDE_HIGH_GAP_SHADOW,032940,원익,2026-09-03 12:35:21.050,8520.0,8528.519999999999,MAIN,MAIN,2026-09-03 12:35:21.016,,,2026-09-03 12:35:21.016,8520.0,,,False,,2026-09-03 12:35:21.082,8530.0,0.066246,0.11737089201877934,0.017353538480315255,0.11737089201877934,60,60.331,8475.0,-0.528169014084507,-0.627541472611879,0.11737089201877934,-0.528169014084507,0.017353538480315255,-0.627541472611879,COMPLETE
2026-09-03 12:36:53.381,v1.6.9,20260903_032940_WIDE_HIGH_GAP_SHADOW_E014_123153116203,WIDE_HIGH_GAP_SHADOW,032940,원익,2026-09-03 12:31:53.116,8520.0,8528.519999999999,MAIN,MAIN,2026-09-03 12:31:53.103,,,2026-09-03 12:31:53.103,8520.0,,,False,,2026-09-03 12:31:53.194,8510.0,0.090267,-0.11737089201877934,-0.21715373828048268,0.11737089201877934,300,300.265,8420.0,-1.1737089201877933,-1.2724364837040734,0.4694835680751174,-1.1737089201877933,0.36911445362151213,-1.2724364837040734,COMPLETE
2026-09-03 12:37:21.081,v1.6.9,20260903_032940_WIDE_HIGH_GAP_SHADOW_E015_123521050331,WIDE_HIGH_GAP_SHADOW,032940,원익,2026-09-03 12:35:21.050,8520.0,8528.519999999999,MAIN,MAIN,2026-09-03 12:35:21.016,,,2026-09-03 12:35:21.016,8520.0,,,False,,2026-09-03 12:35:21.082,8530.0,0.066246,0.11737089201877934,0.017353538480315255,0.11737089201877934,120,120.031,8430.0,-1.056338028169014,-1.1551828453236743,0.11737089201877934,-1.4084507042253522,0.017353538480315255,-1.5069437604648712,COMPLETE
2026-09-03 12:38:09.981,v1.6.9,20260903_033790_WIDE_HIGH_GAP_SHADOW_E008_123738397374,WIDE_HIGH_GAP_SHADOW,033790,피노,2026-09-03 12:37:38.397,8570.0,8578.57,MAIN,MAIN,2026-09-03 12:37:38.387,,,2026-09-03 12:37:38.387,8570.0,,,False,,2026-09-03 12:37:49.184,8570.0,10.796851,0.0,-0.09990009990009652,0.0,30,31.584,8550.0,-0.2333722287047841,-0.3330391895152655,0.0,-0.3500583430571762,-0.09990009990009652,-0.44960873432285,COMPLETE
2026-09-03 12:38:21.081,v1.6.9,20260903_032940_WIDE_HIGH_GAP_SHADOW_E015_123521050331,WIDE_HIGH_GAP_SHADOW,032940,원익,2026-09-03 12:35:21.050,8520.0,8528.519999999999,MAIN,MAIN,2026-09-03 12:35:21.016,,,2026-09-03 12:35:21.016,8520.0,,,False,,2026-09-03 12:35:21.082,8530.0,0.066246,0.11737089201877934,0.017353538480315255,0.11737089201877934,180,180.031,8430.0,-1.056338028169014,-1.1551828453236743,0.11737089201877934,-1.4084507042253522,0.017353538480315255,-1.5069437604648712,COMPLETE
2026-09-03 12:38:40.418,v1.6.9,20260903_033790_WIDE_HIGH_GAP_SHADOW_E008_123738397374,WIDE_HIGH_GAP_SHADOW,033790,피노,2026-09-03 12:37:38.397,8570.0,8578.57,MAIN,MAIN,2026-09-03 12:37:38.387,,,2026-09-03 12:37:38.387,8570.0,,,False,,2026-09-03 12:37:49.184,8570.0,10.796851,0.0,-0.09990009990009652,0.0,60,62.022,8570.0,0.0,-0.09990009990009652,0.0,-0.3500583430571762,-0.09990009990009652,-0.44960873432285,COMPLETE
2026-09-03 12:39:24.679,v1.6.9,20260903_034020_SHADOW_SCORE_70_74_E002_123854288304,SHADOW_SCORE_70_74,034020,두산에너빌리티,2026-09-03 12:38:54.288,80500.0,80580.49999999999,MAIN,MAIN,2026-09-03 12:38:54.250,,,2026-09-03 12:38:54.250,80500.0,,,False,,2026-09-03 12:38:54.479,80500.0,0.228384,0.0,-0.09990009990008186,0.0,30,30.391,80400.0,-0.12422360248447205,-0.22399960288157242,0.0,-0.12422360248447205,-0.09990009990008186,-0.22399960288157242,COMPLETE
2026-09-03 12:39:43.578,v1.6.9,20260903_033790_WIDE_HIGH_GAP_SHADOW_E008_123738397374,WIDE_HIGH_GAP_SHADOW,033790,피노,2026-09-03 12:37:38.397,8570.0,8578.57,MAIN,MAIN,2026-09-03 12:37:38.387,,,2026-09-03 12:37:38.387,8570.0,,,False,,2026-09-03 12:37:49.184,8570.0,10.796851,0.0,-0.09990009990009652,0.0,120,125.181,8530.0,-0.4667444574095682,-0.5661782791304345,0.0,-0.4667444574095682,-0.09990009990009652,-0.5661782791304345,COMPLETE
2026-09-03 12:39:49.878,v1.6.9,20260903_015760_SHADOW_SCORE_70_74_E001_123919586099,SHADOW_SCORE_70_74,015760,한국전력,2026-09-03 12:39:19.586,32850.0,32882.85,MAIN,MAIN,2026-09-03 12:39:19.522,,,2026-09-03 12:39:19.522,32850.0,,,False,,2026-09-03 12:39:19.780,32850.0,0.258168,0.0,-0.09990009990009548,0.0,30,30.292,32875.0,0.076103500761035,-0.023872626612348215,0.15220700152207,0.0,0.052154846675399054,-0.09990009990009548,COMPLETE
2026-09-03 12:39:50.379,v1.6.9,20260903_441270_WIDE_HIGH_GAP_SHADOW_E009_123919538143,WIDE_HIGH_GAP_SHADOW,441270,파인엠텍,2026-09-03 12:39:19.538,9340.0,9349.339999999998,MAIN,MAIN,2026-09-03 12:39:19.527,,,2026-09-03 12:39:19.527,9340.0,,,False,,2026-09-03 12:39:19.580,9340.0,0.052698,0.0,-0.09990009990008202,0.0,30,30.842,9340.0,0.0,-0.09990009990008202,0.21413276231263384,-0.32119914346895073,0.11401874356908269,-0.42077836510382904,COMPLETE
2026-09-03 12:39:54.578,v1.6.9,20260903_034020_SHADOW_SCORE_70_74_E002_123854288304,SHADOW_SCORE_70_74,034020,두산에너빌리티,2026-09-03 12:38:54.288,80500.0,80580.49999999999,MAIN,MAIN,2026-09-03 12:38:54.250,,,2026-09-03 12:38:54.250,80500.0,,,False,,2026-09-03 12:38:54.479,80500.0,0.228384,0.0,-0.09990009990008186,0.0,60,60.29,80500.0,0.0,-0.09990009990008186,0.0,-0.12422360248447205,-0.09990009990008186,-0.22399960288157242,COMPLETE
2026-09-03 12:40:19.689,v1.6.9,20260903_015760_SHADOW_SCORE_70_74_E001_123919586099,SHADOW_SCORE_70_74,015760,한국전력,2026-09-03 12:39:19.586,32850.0,32882.85,MAIN,MAIN,2026-09-03 12:39:19.522,,,2026-09-03 12:39:19.522,32850.0,,,False,,2026-09-03 12:39:19.780,32850.0,0.258168,0.0,-0.09990009990009548,0.0,60,60.103,32850.0,0.0,-0.09990009990009548,0.15220700152207,0.0,0.052154846675399054,-0.09990009990009548,COMPLETE
2026-09-03 12:40:20.989,v1.6.9,20260903_441270_WIDE_HIGH_GAP_SHADOW_E009_123919538143,WIDE_HIGH_GAP_SHADOW,441270,파인엠텍,2026-09-03 12:39:19.538,9340.0,9349.339999999998,MAIN,MAIN,2026-09-03 12:39:19.527,,,2026-09-03 12:39:19.527,9340.0,,,False,,2026-09-03 12:39:19.580,9340.0,0.052698,0.0,-0.09990009990008202,0.0,60,61.451,9350.0,0.10706638115631692,0.0070593218345003355,0.21413276231263384,-0.32119914346895073,0.11401874356908269,-0.42077836510382904,COMPLETE
2026-09-03 12:40:21.079,v1.6.9,20260903_032940_WIDE_HIGH_GAP_SHADOW_E015_123521050331,WIDE_HIGH_GAP_SHADOW,032940,원익,2026-09-03 12:35:21.050,8520.0,8528.519999999999,MAIN,MAIN,2026-09-03 12:35:21.016,,,2026-09-03 12:35:21.016,8520.0,,,False,,2026-09-03 12:35:21.082,8530.0,0.066246,0.11737089201877934,0.017353538480315255,0.11737089201877934,300,300.029,8410.0,-1.2910798122065728,-1.3896901220844722,0.11737089201877934,-1.4084507042253522,0.017353538480315255,-1.5069437604648712,COMPLETE
2026-09-03 12:40:42.878,v1.6.9,20260903_033790_WIDE_HIGH_GAP_SHADOW_E008_123738397374,WIDE_HIGH_GAP_SHADOW,033790,피노,2026-09-03 12:37:38.397,8570.0,8578.57,MAIN,MAIN,2026-09-03 12:37:38.387,,,2026-09-03 12:37:38.387,8570.0,,,False,,2026-09-03 12:37:49.184,8570.0,10.796851,0.0,-0.09990009990009652,0.0,180,184.481,8570.0,0.0,-0.09990009990009652,0.0,-0.5834305717619603,-0.09990009990009652,-0.6827478239380189,COMPLETE
2026-09-03 12:40:54.588,v1.6.9,20260903_034020_SHADOW_SCORE_70_74_E002_123854288304,SHADOW_SCORE_70_74,034020,두산에너빌리티,2026-09-03 12:38:54.288,80500.0,80580.49999999999,MAIN,MAIN,2026-09-03 12:38:54.250,,,2026-09-03 12:38:54.250,80500.0,,,False,,2026-09-03 12:38:54.479,80500.0,0.228384,0.0,-0.09990009990008186,0.0,120,120.3,80600.0,0.12422360248447205,0.02419940308140872,0.2484472049689441,-0.12422360248447205,0.1482989060628993,-0.22399960288157242,COMPLETE
2026-09-03 12:41:19.577,v1.6.9,20260903_441270_WIDE_HIGH_GAP_SHADOW_E009_123919538143,WIDE_HIGH_GAP_SHADOW,441270,파인엠텍,2026-09-03 12:39:19.538,9340.0,9349.339999999998,MAIN,MAIN,2026-09-03 12:39:19.527,,,2026-09-03 12:39:19.527,9340.0,,,False,,2026-09-03 12:39:19.580,9340.0,0.052698,0.0,-0.09990009990008202,0.0,120,120.04,9310.0,-0.32119914346895073,-0.42077836510382904,0.21413276231263384,-0.4282655246252677,0.11401874356908269,-0.5277377868384114,COMPLETE
2026-09-03 12:41:19.777,v1.6.9,20260903_015760_SHADOW_SCORE_70_74_E001_123919586099,SHADOW_SCORE_70_74,015760,한국전력,2026-09-03 12:39:19.586,32850.0,32882.85,MAIN,MAIN,2026-09-03 12:39:19.522,,,2026-09-03 12:39:19.522,32850.0,,,False,,2026-09-03 12:39:19.780,32850.0,0.258168,0.0,-0.09990009990009548,0.0,120,120.192,32875.0,0.076103500761035,-0.023872626612348215,0.15220700152207,0.0,0.052154846675399054,-0.09990009990009548,COMPLETE
2026-09-03 12:41:54.779,v1.6.9,20260903_034020_SHADOW_SCORE_70_74_E002_123854288304,SHADOW_SCORE_70_74,034020,두산에너빌리티,2026-09-03 12:38:54.288,80500.0,80580.49999999999,MAIN,MAIN,2026-09-03 12:38:54.250,,,2026-09-03 12:38:54.250,80500.0,,,False,,2026-09-03 12:38:54.479,80500.0,0.228384,0.0,-0.09990009990008186,0.0,180,180.491,80700.0,0.2484472049689441,0.1482989060628993,0.2484472049689441,-0.12422360248447205,0.1482989060628993,-0.22399960288157242,COMPLETE
2026-09-03 12:42:14.577,v1.6.9,20260903_100090_WIDE_HIGH_GAP_SHADOW_E024_124144239405,WIDE_HIGH_GAP_SHADOW,100090,SK오션플랜트,2026-09-03 12:41:44.239,13650.0,13663.649999999998,MAIN,MAIN,2026-09-03 12:41:44.219,,,2026-09-03 12:41:44.219,13650.0,,,False,,2026-09-03 12:41:45.180,13660.0,0.961017,0.07326007326007326,-0.02671321352638437,0.07326007326007326,30,30.338,13620.0,-0.21978021978021978,-0.31946075902118265,0.14652014652014653,-0.29304029304029305,0.046473672847315205,-0.3926476453948822,COMPLETE
2026-09-03 12:42:20.775,v1.6.9,20260903_441270_WIDE_HIGH_GAP_SHADOW_E009_123919538143,WIDE_HIGH_GAP_SHADOW,441270,파인엠텍,2026-09-03 12:39:19.538,9340.0,9349.339999999998,MAIN,MAIN,2026-09-03 12:39:19.527,,,2026-09-03 12:39:19.527,9340.0,,,False,,2026-09-03 12:39:19.580,9340.0,0.052698,0.0,-0.09990009990008202,0.0,180,181.238,9270.0,-0.7494646680942184,-0.8486160520421585,0.21413276231263384,-0.7494646680942184,0.11401874356908269,-0.8486160520421585,COMPLETE
2026-09-03 12:42:21.677,v1.6.9,20260903_015760_SHADOW_SCORE_70_74_E001_123919586099,SHADOW_SCORE_70_74,015760,한국전력,2026-09-03 12:39:19.586,32850.0,32882.85,MAIN,MAIN,2026-09-03 12:39:19.522,,,2026-09-03 12:39:19.522,32850.0,,,False,,2026-09-03 12:39:19.780,32850.0,0.258168,0.0,-0.09990009990009548,0.0,180,182.092,32800.0,-0.15220700152207,-0.25195504647559,0.15220700152207,-0.15220700152207,0.052154846675399054,-0.25195504647559,COMPLETE
2026-09-03 12:42:39.376,v1.6.9,20260903_033790_WIDE_HIGH_GAP_SHADOW_E008_123738397374,WIDE_HIGH_GAP_SHADOW,033790,피노,2026-09-03 12:37:38.397,8570.0,8578.57,MAIN,MAIN,2026-09-03 12:37:38.387,,,2026-09-03 12:37:38.387,8570.0,,,False,,2026-09-03 12:37:49.184,8570.0,10.796851,0.0,-0.09990009990009652,0.0,300,300.979,8590.0,0.2333722287047841,0.13323898971507245,0.2333722287047841,-0.5834305717619603,0.13323898971507245,-0.6827478239380189,COMPLETE
2026-09-03 12:42:44.577,v1.6.9,20260903_100090_WIDE_HIGH_GAP_SHADOW_E024_124144239405,WIDE_HIGH_GAP_SHADOW,100090,SK오션플랜트,2026-09-03 12:41:44.239,13650.0,13663.649999999998,MAIN,MAIN,2026-09-03 12:41:44.219,,,2026-09-03 12:41:44.219,13650.0,,,False,,2026-09-03 12:41:45.180,13660.0,0.961017,0.07326007326007326,-0.02671321352638437,0.07326007326007326,60,60.338,13660.0,0.07326007326007326,-0.02671321352638437,0.14652014652014653,-0.7326007326007326,0.046473672847315205,-0.8317689636370796,COMPLETE
2026-09-03 12:43:28.375,v1.6.9,20260903_100090_WIDE_HIGH_GAP_SHADOW_E025_124258308444,WIDE_HIGH_GAP_SHADOW,100090,SK오션플랜트,2026-09-03 12:42:58.308,13660.0,13673.659999999998,MAIN,MAIN,2026-09-03 12:42:58.296,,,2026-09-03 12:42:58.296,13660.0,,,False,,2026-09-03 12:42:58.768,13640.0,0.47209,-0.14641288433382138,-0.24616671761619083,0.14641288433382138,30,30.067,13710.0,0.36603221083455345,0.2657664443901777,0.36603221083455345,-0.14641288433382138,0.2657664443901777,-0.24616671761619083,COMPLETE
2026-09-03 12:43:44.375,v1.6.9,20260903_100090_WIDE_HIGH_GAP_SHADOW_E024_124144239405,WIDE_HIGH_GAP_SHADOW,100090,SK오션플랜트,2026-09-03 12:41:44.239,13650.0,13663.649999999998,MAIN,MAIN,2026-09-03 12:41:44.219,,,2026-09-03 12:41:44.219,13650.0,,,False,,2026-09-03 12:41:45.180,13660.0,0.961017,0.07326007326007326,-0.02671321352638437,0.07326007326007326,120,120.136,13730.0,0.5860805860805861,0.48559499108951265,0.6593406593406593,-0.7326007326007326,0.5587818774632122,-0.8317689636370796,COMPLETE
2026-09-03 12:43:54.575,v1.6.9,20260903_034020_SHADOW_SCORE_70_74_E002_123854288304,SHADOW_SCORE_70_74,034020,두산에너빌리티,2026-09-03 12:38:54.288,80500.0,80580.49999999999,MAIN,MAIN,2026-09-03 12:38:54.250,,,2026-09-03 12:38:54.250,80500.0,,,False,,2026-09-03 12:38:54.479,80500.0,0.228384,0.0,-0.09990009990008186,0.0,300,300.287,80500.0,0.0,-0.09990009990008186,0.37267080745341613,-0.12422360248447205,0.2723984090443899,-0.22399960288157242,COMPLETE
2026-09-03 12:43:58.375,v1.6.9,20260903_100090_WIDE_HIGH_GAP_SHADOW_E025_124258308444,WIDE_HIGH_GAP_SHADOW,100090,SK오션플랜트,2026-09-03 12:42:58.308,13660.0,13673.659999999998,MAIN,MAIN,2026-09-03 12:42:58.296,,,2026-09-03 12:42:58.296,13660.0,,,False,,2026-09-03 12:42:58.768,13640.0,0.47209,-0.14641288433382138,-0.24616671761619083,0.14641288433382138,60,60.067,13740.0,0.5856515373352855,0.4851663709643356,0.5856515373352855,-0.14641288433382138,0.4851663709643356,-0.24616671761619083,COMPLETE
2026-09-03 12:44:20.274,v1.6.9,20260903_015760_SHADOW_SCORE_70_74_E001_123919586099,SHADOW_SCORE_70_74,015760,한국전력,2026-09-03 12:39:19.586,32850.0,32882.85,MAIN,MAIN,2026-09-03 12:39:19.522,,,2026-09-03 12:39:19.522,32850.0,,,False,,2026-09-03 12:39:19.780,32850.0,0.258168,0.0,-0.09990009990009548,0.0,300,300.689,32800.0,-0.15220700152207,-0.25195504647559,0.15220700152207,-0.30441400304414,0.052154846675399054,-0.40400999305108454,COMPLETE
2026-09-03 12:44:21.289,v1.6.9,20260903_441270_WIDE_HIGH_GAP_SHADOW_E009_123919538143,WIDE_HIGH_GAP_SHADOW,441270,파인엠텍,2026-09-03 12:39:19.538,9340.0,9349.339999999998,MAIN,MAIN,2026-09-03 12:39:19.527,,,2026-09-03 12:39:19.527,9340.0,,,False,,2026-09-03 12:39:19.580,9340.0,0.052698,0.0,-0.09990009990008202,0.0,300,301.751,9280.0,-0.6423982869379015,-0.7416566303075761,0.21413276231263384,-0.8565310492505354,0.11401874356908269,-0.9555754737767409,COMPLETE
2026-09-03 12:44:43.874,v1.6.9,20260903_015760_SHADOW_SCORE_70_74_E002_124413643208,SHADOW_SCORE_70_74,015760,한국전력,2026-09-03 12:44:13.643,32850.0,32882.85,MAIN,MAIN,2026-09-03 12:44:13.616,,,2026-09-03 12:44:13.616,32850.0,,,False,,2026-09-03 12:44:14.623,32850.0,1.00702,0.0,-0.09990009990009548,0.0,30,30.231,32800.0,-0.15220700152207,-0.25195504647559,0.0,-0.15220700152207,-0.09990009990009548,-0.25195504647559,COMPLETE
2026-09-03 12:44:44.573,v1.6.9,20260903_100090_WIDE_HIGH_GAP_SHADOW_E024_124144239405,WIDE_HIGH_GAP_SHADOW,100090,SK오션플랜트,2026-09-03 12:41:44.239,13650.0,13663.649999999998,MAIN,MAIN,2026-09-03 12:41:44.219,,,2026-09-03 12:41:44.219,13650.0,,,False,,2026-09-03 12:41:45.180,13660.0,0.961017,0.07326007326007326,-0.02671321352638437,0.07326007326007326,180,180.335,13770.0,0.8791208791208791,0.778342536584311,1.098901098901099,-0.7326007326007326,0.9979031957054096,-0.8317689636370796,COMPLETE
2026-09-03 12:44:58.984,v1.6.9,20260903_100090_WIDE_HIGH_GAP_SHADOW_E025_124258308444,WIDE_HIGH_GAP_SHADOW,100090,SK오션플랜트,2026-09-03 12:42:58.308,13660.0,13673.659999999998,MAIN,MAIN,2026-09-03 12:42:58.296,,,2026-09-03 12:42:58.296,13660.0,,,False,,2026-09-03 12:42:58.768,13640.0,0.47209,-0.14641288433382138,-0.24616671761619083,0.14641288433382138,120,120.676,13780.0,0.8784773060029283,0.7776996063965462,1.0248901903367496,-0.14641288433382138,0.9239662241126515,-0.24616671761619083,COMPLETE
2026-09-03 12:45:13.874,v1.6.9,20260903_015760_SHADOW_SCORE_70_74_E002_124413643208,SHADOW_SCORE_70_74,015760,한국전력,2026-09-03 12:44:13.643,32850.0,32882.85,MAIN,MAIN,2026-09-03 12:44:13.616,,,2026-09-03 12:44:13.616,32850.0,,,False,,2026-09-03 12:44:14.623,32850.0,1.00702,0.0,-0.09990009990009548,0.0,60,60.231,32775.0,-0.228310502283105,-0.3279825197633373,0.0,-0.45662100456621,-0.09990009990009548,-0.5560649396265791,COMPLETE
2026-09-03 12:45:58.383,v1.6.9,20260903_033790_WIDE_HIGH_GAP_SHADOW_E009_124527319616,WIDE_HIGH_GAP_SHADOW,033790,피노,2026-09-03 12:45:27.319,8640.0,8648.64,MAIN,MAIN,2026-09-03 12:45:27.307,,,2026-09-03 12:45:27.307,8640.0,,,False,,2026-09-03 12:45:28.885,8640.0,1.577907,0.0,-0.09990009990009317,0.0,30,31.064,8650.0,0.11574074074074073,0.015725015725022457,0.23148148148148145,-0.23148148148148145,0.13135013135013807,-0.33115033115032444,COMPLETE
2026-09-03 12:45:58.683,v1.6.9,20260903_100090_WIDE_HIGH_GAP_SHADOW_E025_124258308444,WIDE_HIGH_GAP_SHADOW,100090,SK오션플랜트,2026-09-03 12:42:58.308,13660.0,13673.659999999998,MAIN,MAIN,2026-09-03 12:42:58.296,,,2026-09-03 12:42:58.296,13660.0,,,False,,2026-09-03 12:42:58.768,13640.0,0.47209,-0.14641288433382138,-0.24616671761619083,0.14641288433382138,180,180.375,13690.0,0.21961932650073207,0.1194998266740724,1.0248901903367496,-0.14641288433382138,0.9239662241126515,-0.24616671761619083,COMPLETE
2026-09-03 12:46:14.588,v1.6.9,20260903_015760_SHADOW_SCORE_70_74_E002_124413643208,SHADOW_SCORE_70_74,015760,한국전력,2026-09-03 12:44:13.643,32850.0,32882.85,MAIN,MAIN,2026-09-03 12:44:13.616,,,2026-09-03 12:44:13.616,32850.0,,,False,,2026-09-03 12:44:14.623,32850.0,1.00702,0.0,-0.09990009990009548,0.0,120,120.945,32800.0,-0.15220700152207,-0.25195504647559,0.0,-0.45662100456621,-0.09990009990009548,-0.5560649396265791,COMPLETE
2026-09-03 12:46:28.383,v1.6.9,20260903_033790_WIDE_HIGH_GAP_SHADOW_E009_124527319616,WIDE_HIGH_GAP_SHADOW,033790,피노,2026-09-03 12:45:27.319,8640.0,8648.64,MAIN,MAIN,2026-09-03 12:45:27.307,,,2026-09-03 12:45:27.307,8640.0,,,False,,2026-09-03 12:45:28.885,8640.0,1.577907,0.0,-0.09990009990009317,0.0,60,61.064,8640.0,0.0,-0.09990009990009317,0.23148148148148145,-0.23148148148148145,0.13135013135013807,-0.33115033115032444,COMPLETE
2026-09-03 12:46:45.483,v1.6.9,20260903_100090_WIDE_HIGH_GAP_SHADOW_E024_124144239405,WIDE_HIGH_GAP_SHADOW,100090,SK오션플랜트,2026-09-03 12:41:44.239,13650.0,13663.649999999998,MAIN,MAIN,2026-09-03 12:41:44.219,,,2026-09-03 12:41:44.219,13650.0,,,False,,2026-09-03 12:41:45.180,13660.0,0.961017,0.07326007326007326,-0.02671321352638437,0.07326007326007326,300,301.244,13680.0,0.21978021978021978,0.11966055922101478,1.098901098901099,-0.7326007326007326,0.9979031957054096,-0.8317689636370796,COMPLETE
2026-09-03 12:47:14.182,v1.6.9,20260903_015760_SHADOW_SCORE_70_74_E002_124413643208,SHADOW_SCORE_70_74,015760,한국전력,2026-09-03 12:44:13.643,32850.0,32882.85,MAIN,MAIN,2026-09-03 12:44:13.616,,,2026-09-03 12:44:13.616,32850.0,,,False,,2026-09-03 12:44:14.623,32850.0,1.00702,0.0,-0.09990009990009548,0.0,180,180.539,32800.0,-0.15220700152207,-0.25195504647559,0.0,-0.45662100456621,-0.09990009990009548,-0.5560649396265791,COMPLETE
2026-09-03 12:47:27.684,v1.6.9,20260903_033790_WIDE_HIGH_GAP_SHADOW_E009_124527319616,WIDE_HIGH_GAP_SHADOW,033790,피노,2026-09-03 12:45:27.319,8640.0,8648.64,MAIN,MAIN,2026-09-03 12:45:27.307,,,2026-09-03 12:45:27.307,8640.0,,,False,,2026-09-03 12:45:28.885,8640.0,1.577907,0.0,-0.09990009990009317,0.0,120,120.365,8650.0,0.11574074074074073,0.015725015725022457,0.3472222222222222,-0.23148148148148145,0.24697524697525372,-0.33115033115032444,COMPLETE
2026-09-03 12:47:59.681,v1.6.9,20260903_100090_WIDE_HIGH_GAP_SHADOW_E025_124258308444,WIDE_HIGH_GAP_SHADOW,100090,SK오션플랜트,2026-09-03 12:42:58.308,13660.0,13673.659999999998,MAIN,MAIN,2026-09-03 12:42:58.296,,,2026-09-03 12:42:58.296,13660.0,,,False,,2026-09-03 12:42:58.768,13640.0,0.47209,-0.14641288433382138,-0.24616671761619083,0.14641288433382138,300,301.374,13650.0,-0.07320644216691069,-0.1730334087581382,1.0248901903367496,-0.29282576866764276,0.9239662241126515,-0.39243333533229613,COMPLETE
2026-09-03 12:48:28.982,v1.6.9,20260903_033790_WIDE_HIGH_GAP_SHADOW_E009_124527319616,WIDE_HIGH_GAP_SHADOW,033790,피노,2026-09-03 12:45:27.319,8640.0,8648.64,MAIN,MAIN,2026-09-03 12:45:27.307,,,2026-09-03 12:45:27.307,8640.0,,,False,,2026-09-03 12:45:28.885,8640.0,1.577907,0.0,-0.09990009990009317,0.0,180,181.663,8670.0,0.3472222222222222,0.24697524697525372,0.5787037037037037,-0.23148148148148145,0.478225478225485,-0.33115033115032444,COMPLETE
2026-09-03 12:49:17.280,v1.6.9,20260903_034020_SHADOW_SCORE_70_74_E003_124847089333,SHADOW_SCORE_70_74,034020,두산에너빌리티,2026-09-03 12:48:47.089,80600.0,80680.59999999999,MAIN,MAIN,2026-09-03 12:48:47.021,,,2026-09-03 12:48:47.021,80600.0,,,False,,2026-09-03 12:48:47.281,80600.0,0.259129,0.0,-0.09990009990008908,0.0,30,30.191,80700.0,0.12406947890818859,0.024045433474724695,0.12406947890818859,0.0,0.024045433474724695,-0.09990009990008908,COMPLETE
2026-09-03 12:49:18.584,v1.6.9,20260903_015760_SHADOW_SCORE_70_74_E003_124847116208,SHADOW_SCORE_70_74,015760,한국전력,2026-09-03 12:48:47.116,32850.0,32882.85,MAIN,MAIN,2026-09-03 12:48:47.027,,,2026-09-03 12:48:47.027,32850.0,,,False,,2026-09-03 12:48:48.391,32850.0,1.364678,0.0,-0.09990009990009548,0.0,30,31.468,32850.0,0.0,-0.09990009990009548,0.0,-0.15220700152207,-0.09990009990009548,-0.25195504647559,COMPLETE
2026-09-03 12:49:18.584,v1.6.9,20260903_015760_SHADOW_SCORE_70_74_E002_124413643208,SHADOW_SCORE_70_74,015760,한국전력,2026-09-03 12:44:13.643,32850.0,32882.85,MAIN,MAIN,2026-09-03 12:44:13.616,,,2026-09-03 12:44:13.616,32850.0,,,False,,2026-09-03 12:44:14.623,32850.0,1.00702,0.0,-0.09990009990009548,0.0,300,304.941,32850.0,0.0,-0.09990009990009548,0.0,-0.45662100456621,-0.09990009990009548,-0.5560649396265791,COMPLETE
2026-09-03 12:49:47.779,v1.6.9,20260903_034020_SHADOW_SCORE_70_74_E003_124847089333,SHADOW_SCORE_70_74,034020,두산에너빌리티,2026-09-03 12:48:47.089,80600.0,80680.59999999999,MAIN,MAIN,2026-09-03 12:48:47.021,,,2026-09-03 12:48:47.021,80600.0,,,False,,2026-09-03 12:48:47.281,80600.0,0.259129,0.0,-0.09990009990008908,0.0,60,60.691,80800.0,0.24813895781637718,0.1479909668495385,0.24813895781637718,0.0,0.1479909668495385,-0.09990009990008908,COMPLETE
2026-09-03 12:49:49.781,v1.6.9,20260903_015760_SHADOW_SCORE_70_74_E003_124847116208,SHADOW_SCORE_70_74,015760,한국전력,2026-09-03 12:48:47.116,32850.0,32882.85,MAIN,MAIN,2026-09-03 12:48:47.027,,,2026-09-03 12:48:47.027,32850.0,,,False,,2026-09-03 12:48:48.391,32850.0,1.364678,0.0,-0.09990009990009548,0.0,60,62.665,32800.0,-0.15220700152207,-0.25195504647559,0.0,-0.15220700152207,-0.09990009990009548,-0.25195504647559,COMPLETE
2026-09-03 12:50:28.578,v1.6.9,20260903_033790_WIDE_HIGH_GAP_SHADOW_E009_124527319616,WIDE_HIGH_GAP_SHADOW,033790,피노,2026-09-03 12:45:27.319,8640.0,8648.64,MAIN,MAIN,2026-09-03 12:45:27.307,,,2026-09-03 12:45:27.307,8640.0,,,False,,2026-09-03 12:45:28.885,8640.0,1.577907,0.0,-0.09990009990009317,0.0,300,301.259,8790.0,1.7361111111111112,1.6344766344766413,1.7361111111111112,-0.23148148148148145,1.6344766344766413,-0.33115033115032444,COMPLETE
2026-09-03 12:50:47.378,v1.6.9,20260903_015760_SHADOW_SCORE_70_74_E003_124847116208,SHADOW_SCORE_70_74,015760,한국전력,2026-09-03 12:48:47.116,32850.0,32882.85,MAIN,MAIN,2026-09-03 12:48:47.027,,,2026-09-03 12:48:47.027,32850.0,,,False,,2026-09-03 12:48:48.391,32850.0,1.364678,0.0,-0.09990009990009548,0.0,120,120.263,32875.0,0.076103500761035,-0.023872626612348215,0.15220700152207,-0.15220700152207,0.052154846675399054,-0.25195504647559,COMPLETE
2026-09-03 12:50:47.579,v1.6.9,20260903_034020_SHADOW_SCORE_70_74_E003_124847089333,SHADOW_SCORE_70_74,034020,두산에너빌리티,2026-09-03 12:48:47.089,80600.0,80680.59999999999,MAIN,MAIN,2026-09-03 12:48:47.021,,,2026-09-03 12:48:47.021,80600.0,,,False,,2026-09-03 12:48:47.281,80600.0,0.259129,0.0,-0.09990009990008908,0.0,120,120.49,80700.0,0.12406947890818859,0.024045433474724695,0.24813895781637718,0.0,0.1479909668495385,-0.09990009990008908,COMPLETE
2026-09-03 12:51:00.981,v1.6.9,20260903_015760_SHADOW_SCORE_70_74_E004_125030740516,SHADOW_SCORE_70_74,015760,한국전력,2026-09-03 12:50:30.740,32875.0,32907.875,MAIN,MAIN,2026-09-03 12:50:30.672,,,2026-09-03 12:50:30.672,32875.0,,,False,,2026-09-03 12:50:31.691,32875.0,1.019048,0.0,-0.0999000999000999,0.0,30,30.241,32900.0,0.07604562737642585,-0.02393044218139275,0.07604562737642585,0.0,-0.02393044218139275,-0.0999000999000999,COMPLETE
2026-09-03 12:51:32.782,v1.6.9,20260903_015760_SHADOW_SCORE_70_74_E004_125030740516,SHADOW_SCORE_70_74,015760,한국전력,2026-09-03 12:50:30.740,32875.0,32907.875,MAIN,MAIN,2026-09-03 12:50:30.672,,,2026-09-03 12:50:30.672,32875.0,,,False,,2026-09-03 12:50:31.691,32875.0,1.019048,0.0,-0.0999000999000999,0.0,60,62.042,32850.0,-0.07604562737642585,-0.17586975761880705,0.07604562737642585,-0.07604562737642585,-0.02393044218139275,-0.17586975761880705,COMPLETE
2026-09-03 12:51:47.191,v1.6.9,20260903_034020_SHADOW_SCORE_70_74_E003_124847089333,SHADOW_SCORE_70_74,034020,두산에너빌리티,2026-09-03 12:48:47.089,80600.0,80680.59999999999,MAIN,MAIN,2026-09-03 12:48:47.021,,,2026-09-03 12:48:47.021,80600.0,,,False,,2026-09-03 12:48:47.281,80600.0,0.259129,0.0,-0.09990009990008908,0.0,180,180.102,80700.0,0.12406947890818859,0.024045433474724695,0.24813895781637718,0.0,0.1479909668495385,-0.09990009990008908,COMPLETE
2026-09-03 12:51:48.890,v1.6.9,20260903_015760_SHADOW_SCORE_70_74_E003_124847116208,SHADOW_SCORE_70_74,015760,한국전력,2026-09-03 12:48:47.116,32850.0,32882.85,MAIN,MAIN,2026-09-03 12:48:47.027,,,2026-09-03 12:48:47.027,32850.0,,,False,,2026-09-03 12:48:48.391,32850.0,1.364678,0.0,-0.09990009990009548,0.0,180,181.775,32850.0,0.0,-0.09990009990009548,0.15220700152207,-0.15220700152207,0.052154846675399054,-0.25195504647559,COMPLETE
2026-09-03 12:52:33.777,v1.6.9,20260903_015760_SHADOW_SCORE_70_74_E004_125030740516,SHADOW_SCORE_70_74,015760,한국전력,2026-09-03 12:50:30.740,32875.0,32907.875,MAIN,MAIN,2026-09-03 12:50:30.672,,,2026-09-03 12:50:30.672,32875.0,,,False,,2026-09-03 12:50:31.691,32875.0,1.019048,0.0,-0.0999000999000999,0.0,120,123.037,32800.0,-0.22813688212927757,-0.32780907305622137,0.07604562737642585,-0.22813688212927757,-0.02393044218139275,-0.32780907305622137,COMPLETE
2026-09-03 12:53:32.276,v1.6.9,20260903_015760_SHADOW_SCORE_70_74_E004_125030740516,SHADOW_SCORE_70_74,015760,한국전력,2026-09-03 12:50:30.740,32875.0,32907.875,MAIN,MAIN,2026-09-03 12:50:30.672,,,2026-09-03 12:50:30.672,32875.0,,,False,,2026-09-03 12:50:31.691,32875.0,1.019048,0.0,-0.0999000999000999,0.0,180,181.536,32900.0,0.07604562737642585,-0.02393044218139275,0.07604562737642585,-0.22813688212927757,-0.02393044218139275,-0.32780907305622137,COMPLETE
2026-09-03 12:53:46.577,v1.6.9,20260903_015760_SHADOW_SCORE_70_74_E005_125316506190,SHADOW_SCORE_70_74,015760,한국전력,2026-09-03 12:53:16.506,32850.0,32882.85,MAIN,MAIN,2026-09-03 12:53:16.480,,,2026-09-03 12:53:16.480,32850.0,,,False,,2026-09-03 12:53:17.477,32900.0,0.997285,0.15220700152207,0.052154846675399054,0.15220700152207,30,30.071,32900.0,0.15220700152207,0.052154846675399054,0.15220700152207,0.0,0.052154846675399054,-0.09990009990009548,COMPLETE
2026-09-03 12:53:47.176,v1.6.9,20260903_034020_SHADOW_SCORE_70_74_E003_124847089333,SHADOW_SCORE_70_74,034020,두산에너빌리티,2026-09-03 12:48:47.089,80600.0,80680.59999999999,MAIN,MAIN,2026-09-03 12:48:47.021,,,2026-09-03 12:48:47.021,80600.0,,,False,,2026-09-03 12:48:47.281,80600.0,0.259129,0.0,-0.09990009990008908,0.0,300,300.087,80800.0,0.24813895781637718,0.1479909668495385,0.37220843672456577,0.0,0.2719365002243523,-0.09990009990008908,COMPLETE
2026-09-03 12:53:48.576,v1.6.9,20260903_015760_SHADOW_SCORE_70_74_E003_124847116208,SHADOW_SCORE_70_74,015760,한국전력,2026-09-03 12:48:47.116,32850.0,32882.85,MAIN,MAIN,2026-09-03 12:48:47.027,,,2026-09-03 12:48:47.027,32850.0,,,False,,2026-09-03 12:48:48.391,32850.0,1.364678,0.0,-0.09990009990009548,0.0,300,301.46,32850.0,0.0,-0.09990009990009548,0.15220700152207,-0.15220700152207,0.052154846675399054,-0.25195504647559,COMPLETE
2026-09-03 12:54:16.675,v1.6.9,20260903_015760_SHADOW_SCORE_70_74_E005_125316506190,SHADOW_SCORE_70_74,015760,한국전력,2026-09-03 12:53:16.506,32850.0,32882.85,MAIN,MAIN,2026-09-03 12:53:16.480,,,2026-09-03 12:53:16.480,32850.0,,,False,,2026-09-03 12:53:17.477,32900.0,0.997285,0.15220700152207,0.052154846675399054,0.15220700152207,60,60.169,32900.0,0.15220700152207,0.052154846675399054,0.15220700152207,0.0,0.052154846675399054,-0.09990009990009548,COMPLETE
2026-09-03 12:55:16.977,v1.6.9,20260903_015760_SHADOW_SCORE_70_74_E005_125316506190,SHADOW_SCORE_70_74,015760,한국전력,2026-09-03 12:53:16.506,32850.0,32882.85,MAIN,MAIN,2026-09-03 12:53:16.480,,,2026-09-03 12:53:16.480,32850.0,,,False,,2026-09-03 12:53:17.477,32900.0,0.997285,0.15220700152207,0.052154846675399054,0.15220700152207,120,120.472,32850.0,0.0,-0.09990009990009548,0.15220700152207,0.0,0.052154846675399054,-0.09990009990009548,COMPLETE
2026-09-03 12:55:31.304,v1.6.9,20260903_015760_SHADOW_SCORE_70_74_E004_125030740516,SHADOW_SCORE_70_74,015760,한국전력,2026-09-03 12:50:30.740,32875.0,32907.875,MAIN,MAIN,2026-09-03 12:50:30.672,,,2026-09-03 12:50:30.672,32875.0,,,False,,2026-09-03 12:50:31.691,32875.0,1.019048,0.0,-0.0999000999000999,0.0,300,300.564,32900.0,0.07604562737642585,-0.02393044218139275,0.07604562737642585,-0.22813688212927757,-0.02393044218139275,-0.32780907305622137,COMPLETE
2026-09-03 12:56:16.576,v1.6.9,20260903_015760_SHADOW_SCORE_70_74_E005_125316506190,SHADOW_SCORE_70_74,015760,한국전력,2026-09-03 12:53:16.506,32850.0,32882.85,MAIN,MAIN,2026-09-03 12:53:16.480,,,2026-09-03 12:53:16.480,32850.0,,,False,,2026-09-03 12:53:17.477,32900.0,0.997285,0.15220700152207,0.052154846675399054,0.15220700152207,180,180.07,32900.0,0.15220700152207,0.052154846675399054,0.15220700152207,0.0,0.052154846675399054,-0.09990009990009548,COMPLETE
2026-09-03 12:56:50.275,v1.6.9,20260903_008930_WIDE_HIGH_GAP_SHADOW_E021_125620043074,WIDE_HIGH_GAP_SHADOW,008930,한미사이언스,2026-09-03 12:56:20.043,52300.0,52352.299999999996,MAIN,MAIN,2026-09-03 12:56:20.023,,,2026-09-03 12:56:20.023,52300.0,,,False,,2026-09-03 12:56:21.375,52300.0,1.351411,0.0,-0.09990009990009158,0.0,30,30.232,52300.0,0.0,-0.09990009990009158,0.3824091778202677,-0.19120458891013384,0.28212705076950656,-0.29091367523489065,COMPLETE
2026-09-03 12:57:18.773,v1.6.9,20260903_028050_SHADOW_SCORE_70_74_E001_125648659625,SHADOW_SCORE_70_74,028050,삼성E&A,2026-09-03 12:56:48.659,46550.0,46596.549999999996,MAIN,MAIN,2026-09-03 12:56:48.547,,,2026-09-03 12:56:48.547,46550.0,,,False,,2026-09-03 12:56:48.976,46500.0,0.429205,-0.10741138560687433,-0.20720418142543953,0.10741138560687433,30,30.114,46550.0,0.0,-0.09990009990009054,0.0,-0.322234156820623,-0.09990009990009054,-0.4218123444761375,COMPLETE
2026-09-03 12:57:18.974,v1.6.9,20260903_388050_WIDE_HIGH_GAP_SHADOW_E001_125648615981,WIDE_HIGH_GAP_SHADOW,388050,지투파워,2026-09-03 12:56:48.615,9980.0,9989.98,MAIN,MAIN,2026-09-03 12:56:48.569,,,2026-09-03 12:56:48.569,9980.0,,,False,,2026-09-03 12:56:48.775,9990.0,0.205825,0.1002004008016032,0.00020020060100657417,0.1002004008016032,30,30.359,10000.0,0.2004008016032064,0.10030050110210868,0.30060120240480964,-0.1002004008016032,0.20040080160321078,-0.20000040040119765,COMPLETE
2026-09-03 12:57:20.873,v1.6.9,20260903_008930_WIDE_HIGH_GAP_SHADOW_E021_125620043074,WIDE_HIGH_GAP_SHADOW,008930,한미사이언스,2026-09-03 12:56:20.043,52300.0,52352.299999999996,MAIN,MAIN,2026-09-03 12:56:20.023,,,2026-09-03 12:56:20.023,52300.0,,,False,,2026-09-03 12:56:21.375,52300.0,1.351411,0.0,-0.09990009990009158,0.0,60,60.831,52200.0,-0.19120458891013384,-0.29091367523489065,0.3824091778202677,-0.3824091778202677,0.28212705076950656,-0.4819272505696897,COMPLETE
2026-09-03 12:57:47.773,v1.6.9,20260903_004710_WIDE_HIGH_GAP_SHADOW_E018_125714539796,WIDE_HIGH_GAP_SHADOW,004710,한솔테크닉스,2026-09-03 12:57:14.539,8580.0,8588.58,MAIN,MAIN,2026-09-03 12:57:14.523,,,2026-09-03 12:57:14.523,8580.0,,,False,,2026-09-03 12:57:15.773,8580.0,1.250384,0.0,-0.09990009990009906,0.0,30,33.234,8600.0,0.2331002331002331,0.13296726583439955,0.2331002331002331,0.0,0.13296726583439955,-0.09990009990009906,COMPLETE
2026-09-03 12:57:48.775,v1.6.9,20260903_388050_WIDE_HIGH_GAP_SHADOW_E001_125648615981,WIDE_HIGH_GAP_SHADOW,388050,지투파워,2026-09-03 12:56:48.615,9980.0,9989.98,MAIN,MAIN,2026-09-03 12:56:48.569,,,2026-09-03 12:56:48.569,9980.0,,,False,,2026-09-03 12:56:48.775,9990.0,0.205825,0.1002004008016032,0.00020020060100657417,0.1002004008016032,60,60.16,9970.0,-0.1002004008016032,-0.20000040040119765,0.30060120240480964,-0.1002004008016032,0.20040080160321078,-0.20000040040119765,COMPLETE
2026-09-03 12:57:48.795,v1.6.9,20260903_028050_SHADOW_SCORE_70_74_E001_125648659625,SHADOW_SCORE_70_74,028050,삼성E&A,2026-09-03 12:56:48.659,46550.0,46596.549999999996,MAIN,MAIN,2026-09-03 12:56:48.547,,,2026-09-03 12:56:48.547,46550.0,,,False,,2026-09-03 12:56:48.976,46500.0,0.429205,-0.10741138560687433,-0.20720418142543953,0.10741138560687433,60,60.136,46550.0,0.0,-0.09990009990009054,0.21482277121374865,-0.322234156820623,0.11470806315060744,-0.4218123444761375,COMPLETE
2026-09-03 12:58:17.072,v1.6.9,20260903_004710_WIDE_HIGH_GAP_SHADOW_E018_125714539796,WIDE_HIGH_GAP_SHADOW,004710,한솔테크닉스,2026-09-03 12:57:14.539,8580.0,8588.58,MAIN,MAIN,2026-09-03 12:57:14.523,,,2026-09-03 12:57:14.523,8580.0,,,False,,2026-09-03 12:57:15.773,8580.0,1.250384,0.0,-0.09990009990009906,0.0,60,62.533,8610.0,0.34965034965034963,0.24940094870164886,0.5827505827505828,0.0,0.4822683144361474,-0.09990009990009906,COMPLETE
2026-09-03 12:58:19.072,v1.6.9,20260903_015760_SHADOW_SCORE_70_74_E005_125316506190,SHADOW_SCORE_70_74,015760,한국전력,2026-09-03 12:53:16.506,32850.0,32882.85,MAIN,MAIN,2026-09-03 12:53:16.480,,,2026-09-03 12:53:16.480,32850.0,,,False,,2026-09-03 12:53:17.477,32900.0,0.997285,0.15220700152207,0.052154846675399054,0.15220700152207,300,302.567,32750.0,-0.30441400304414,-0.40400999305108454,0.15220700152207,-0.30441400304414,0.052154846675399054,-0.40400999305108454,COMPLETE
2026-09-03 12:58:22.472,v1.6.9,20260903_008930_WIDE_HIGH_GAP_SHADOW_E021_125620043074,WIDE_HIGH_GAP_SHADOW,008930,한미사이언스,2026-09-03 12:56:20.043,52300.0,52352.299999999996,MAIN,MAIN,2026-09-03 12:56:20.023,,,2026-09-03 12:56:20.023,52300.0,,,False,,2026-09-03 12:56:21.375,52300.0,1.351411,0.0,-0.09990009990009158,0.0,120,122.429,52400.0,0.19120458891013384,0.09111347543470749,0.3824091778202677,-0.3824091778202677,0.28212705076950656,-0.4819272505696897,COMPLETE
2026-09-03 12:58:48.673,v1.6.9,20260903_028050_SHADOW_SCORE_70_74_E001_125648659625,SHADOW_SCORE_70_74,028050,삼성E&A,2026-09-03 12:56:48.659,46550.0,46596.549999999996,MAIN,MAIN,2026-09-03 12:56:48.547,,,2026-09-03 12:56:48.547,46550.0,,,False,,2026-09-03 12:56:48.976,46500.0,0.429205,-0.10741138560687433,-0.20720418142543953,0.10741138560687433,120,120.014,46600.0,0.10741138560687433,0.007403981625258449,0.4296455424274973,-0.322234156820623,0.3293162262013054,-0.4218123444761375,COMPLETE
2026-09-03 12:58:50.772,v1.6.9,20260903_388050_WIDE_HIGH_GAP_SHADOW_E001_125648615981,WIDE_HIGH_GAP_SHADOW,388050,지투파워,2026-09-03 12:56:48.615,9980.0,9989.98,MAIN,MAIN,2026-09-03 12:56:48.569,,,2026-09-03 12:56:48.569,9980.0,,,False,,2026-09-03 12:56:48.775,9990.0,0.205825,0.1002004008016032,0.00020020060100657417,0.1002004008016032,120,122.156,9930.0,-0.501002004008016,-0.6004016024056061,0.30060120240480964,-0.8016032064128256,0.20040080160321078,-0.9007025039089125,COMPLETE
2026-09-03 12:59:15.274,v1.6.9,20260903_004710_WIDE_HIGH_GAP_SHADOW_E018_125714539796,WIDE_HIGH_GAP_SHADOW,004710,한솔테크닉스,2026-09-03 12:57:14.539,8580.0,8588.58,MAIN,MAIN,2026-09-03 12:57:14.523,,,2026-09-03 12:57:14.523,8580.0,,,False,,2026-09-03 12:57:15.773,8580.0,1.250384,0.0,-0.09990009990009906,0.0,120,120.734,8580.0,0.0,-0.09990009990009906,0.5827505827505828,0.0,0.4822683144361474,-0.09990009990009906,COMPLETE
2026-09-03 12:59:24.771,v1.6.9,20260903_008930_WIDE_HIGH_GAP_SHADOW_E021_125620043074,WIDE_HIGH_GAP_SHADOW,008930,한미사이언스,2026-09-03 12:56:20.043,52300.0,52352.299999999996,MAIN,MAIN,2026-09-03 12:56:20.023,,,2026-09-03 12:56:20.023,52300.0,,,False,,2026-09-03 12:56:21.375,52300.0,1.351411,0.0,-0.09990009990009158,0.0,180,184.729,52200.0,-0.19120458891013384,-0.29091367523489065,0.3824091778202677,-0.3824091778202677,0.28212705076950656,-0.4819272505696897,COMPLETE
2026-09-03 12:59:36.373,v1.6.9,20260903_008930_WIDE_HIGH_GAP_SHADOW_E022_125903349092,WIDE_HIGH_GAP_SHADOW,008930,한미사이언스,2026-09-03 12:59:03.349,52300.0,52352.299999999996,MAIN,MAIN,2026-09-03 12:59:03.333,,,2026-09-03 12:59:03.333,52300.0,,,False,,2026-09-03 12:59:04.972,52300.0,1.639089,0.0,-0.09990009990009158,0.0,30,33.024,52100.0,-0.3824091778202677,-0.4819272505696897,0.19120458891013384,-0.3824091778202677,0.09111347543470749,-0.4819272505696897,COMPLETE
2026-09-03 12:59:48.677,v1.6.9,20260903_028050_SHADOW_SCORE_70_74_E001_125648659625,SHADOW_SCORE_70_74,028050,삼성E&A,2026-09-03 12:56:48.659,46550.0,46596.549999999996,MAIN,MAIN,2026-09-03 12:56:48.547,,,2026-09-03 12:56:48.547,46550.0,,,False,,2026-09-03 12:56:48.976,46500.0,0.429205,-0.10741138560687433,-0.20720418142543953,0.10741138560687433,180,180.018,46600.0,0.10741138560687433,0.007403981625258449,0.4296455424274973,-0.322234156820623,0.3293162262013054,-0.4218123444761375,COMPLETE
2026-09-03 12:59:49.471,v1.6.9,20260903_388050_WIDE_HIGH_GAP_SHADOW_E001_125648615981,WIDE_HIGH_GAP_SHADOW,388050,지투파워,2026-09-03 12:56:48.615,9980.0,9989.98,MAIN,MAIN,2026-09-03 12:56:48.569,,,2026-09-03 12:56:48.569,9980.0,,,False,,2026-09-03 12:56:48.775,9990.0,0.205825,0.1002004008016032,0.00020020060100657417,0.1002004008016032,180,180.855,9840.0,-1.402805611222445,-1.5013043069155252,0.30060120240480964,-1.503006012024048,0.20040080160321078,-1.601404607416627,COMPLETE
2026-09-03 13:00:01.884,v1.6.9,20260903_004710_WIDE_HIGH_GAP_SHADOW_E019_125931037039,WIDE_HIGH_GAP_SHADOW,004710,한솔테크닉스,2026-09-03 12:59:31.037,8580.0,8588.58,MAIN,MAIN,2026-09-03 12:59:31.017,,,2026-09-03 12:59:31.017,8580.0,,,False,,2026-09-03 12:59:31.071,8600.0,0.054518,0.2331002331002331,0.13296726583439955,0.2331002331002331,30,30.848,8580.0,0.0,-0.09990009990009906,0.2331002331002331,0.0,0.13296726583439955,-0.09990009990009906,COMPLETE
2026-09-03 13:00:03.370,v1.6.9,20260903_008930_WIDE_HIGH_GAP_SHADOW_E022_125903349092,WIDE_HIGH_GAP_SHADOW,008930,한미사이언스,2026-09-03 12:59:03.349,52300.0,52352.299999999996,MAIN,MAIN,2026-09-03 12:59:03.333,,,2026-09-03 12:59:03.333,52300.0,,,False,,2026-09-03 12:59:04.972,52300.0,1.639089,0.0,-0.09990009990009158,0.0,60,60.022,52500.0,0.3824091778202677,0.28212705076950656,0.5736137667304015,-0.7648183556405354,0.4731406261043056,-0.8639544012392877,COMPLETE
2026-09-03 13:00:14.771,v1.6.9,20260903_004710_WIDE_HIGH_GAP_SHADOW_E018_125714539796,WIDE_HIGH_GAP_SHADOW,004710,한솔테크닉스,2026-09-03 12:57:14.539,8580.0,8588.58,MAIN,MAIN,2026-09-03 12:57:14.523,,,2026-09-03 12:57:14.523,8580.0,,,False,,2026-09-03 12:57:15.773,8580.0,1.250384,0.0,-0.09990009990009906,0.0,180,180.232,8580.0,0.0,-0.09990009990009906,0.5827505827505828,0.0,0.4822683144361474,-0.09990009990009906,COMPLETE
2026-09-03 13:00:32.470,v1.6.9,20260903_004710_WIDE_HIGH_GAP_SHADOW_E019_125931037039,WIDE_HIGH_GAP_SHADOW,004710,한솔테크닉스,2026-09-03 12:59:31.037,8580.0,8588.58,MAIN,MAIN,2026-09-03 12:59:31.017,,,2026-09-03 12:59:31.017,8580.0,,,False,,2026-09-03 12:59:31.071,8600.0,0.054518,0.2331002331002331,0.13296726583439955,0.2331002331002331,60,61.434,8580.0,0.0,-0.09990009990009906,0.2331002331002331,0.0,0.13296726583439955,-0.09990009990009906,COMPLETE
2026-09-03 13:01:03.480,v1.6.9,20260903_008930_WIDE_HIGH_GAP_SHADOW_E022_125903349092,WIDE_HIGH_GAP_SHADOW,008930,한미사이언스,2026-09-03 12:59:03.349,52300.0,52352.299999999996,MAIN,MAIN,2026-09-03 12:59:03.333,,,2026-09-03 12:59:03.333,52300.0,,,False,,2026-09-03 12:59:04.972,52300.0,1.639089,0.0,-0.09990009990009158,0.0,120,120.131,52400.0,0.19120458891013384,0.09111347543470749,0.5736137667304015,-0.7648183556405354,0.4731406261043056,-0.8639544012392877,COMPLETE
2026-09-03 13:01:18.079,v1.6.9,20260903_004710_WIDE_HIGH_GAP_SHADOW_E020_130046914174,WIDE_HIGH_GAP_SHADOW,004710,한솔테크닉스,2026-09-03 13:00:46.914,8580.0,8588.58,MAIN,MAIN,2026-09-03 13:00:46.888,,,2026-09-03 13:00:46.888,8580.0,,,False,,2026-09-03 13:00:49.549,8580.0,2.661536,0.0,-0.09990009990009906,0.0,30,31.165,8590.0,0.11655011655011654,0.016533582967150247,0.2331002331002331,0.0,0.13296726583439955,-0.09990009990009906,COMPLETE
2026-09-03 13:01:20.970,v1.6.9,20260903_008930_WIDE_HIGH_GAP_SHADOW_E021_125620043074,WIDE_HIGH_GAP_SHADOW,008930,한미사이언스,2026-09-03 12:56:20.043,52300.0,52352.299999999996,MAIN,MAIN,2026-09-03 12:56:20.023,,,2026-09-03 12:56:20.023,52300.0,,,False,,2026-09-03 12:56:21.375,52300.0,1.351411,0.0,-0.09990009990009158,0.0,300,300.927,52500.0,0.3824091778202677,0.28212705076950656,0.5736137667304015,-0.7648183556405354,0.4731406261043056,-0.8639544012392877,COMPLETE
2026-09-03 13:01:36.178,v1.6.9,20260903_004710_WIDE_HIGH_GAP_SHADOW_E019_125931037039,WIDE_HIGH_GAP_SHADOW,004710,한솔테크닉스,2026-09-03 12:59:31.037,8580.0,8588.58,MAIN,MAIN,2026-09-03 12:59:31.017,,,2026-09-03 12:59:31.017,8580.0,,,False,,2026-09-03 12:59:31.071,8600.0,0.054518,0.2331002331002331,0.13296726583439955,0.2331002331002331,120,125.142,8610.0,0.34965034965034963,0.24940094870164886,0.34965034965034963,0.0,0.24940094870164886,-0.09990009990009906,COMPLETE
2026-09-03 13:01:48.870,v1.6.9,20260903_028050_SHADOW_SCORE_70_74_E001_125648659625,SHADOW_SCORE_70_74,028050,삼성E&A,2026-09-03 12:56:48.659,46550.0,46596.549999999996,MAIN,MAIN,2026-09-03 12:56:48.547,,,2026-09-03 12:56:48.547,46550.0,,,False,,2026-09-03 12:56:48.976,46500.0,0.429205,-0.10741138560687433,-0.20720418142543953,0.10741138560687433,300,300.211,46300.0,-0.5370569280343717,-0.6364205075268355,0.4296455424274973,-0.644468313641246,0.3293162262013054,-0.7437245890521845,COMPLETE
2026-09-03 13:01:48.972,v1.6.9,20260903_388050_WIDE_HIGH_GAP_SHADOW_E001_125648615981,WIDE_HIGH_GAP_SHADOW,388050,지투파워,2026-09-03 12:56:48.615,9980.0,9989.98,MAIN,MAIN,2026-09-03 12:56:48.569,,,2026-09-03 12:56:48.569,9980.0,,,False,,2026-09-03 12:56:48.775,9990.0,0.205825,0.1002004008016032,0.00020020060100657417,0.1002004008016032,300,300.357,9890.0,-0.9018036072144289,-1.0008028044100146,0.30060120240480964,-1.7034068136272544,0.20040080160321078,-1.8016052084188314,COMPLETE
2026-09-03 13:01:49.269,v1.6.9,20260903_004710_WIDE_HIGH_GAP_SHADOW_E020_130046914174,WIDE_HIGH_GAP_SHADOW,004710,한솔테크닉스,2026-09-03 13:00:46.914,8580.0,8588.58,MAIN,MAIN,2026-09-03 13:00:46.888,,,2026-09-03 13:00:46.888,8580.0,,,False,,2026-09-03 13:00:49.549,8580.0,2.661536,0.0,-0.09990009990009906,0.0,60,62.355,8610.0,0.34965034965034963,0.24940094870164886,0.4662004662004662,0.0,0.36583463156889817,-0.09990009990009906,COMPLETE
2026-09-03 13:02:06.669,v1.6.9,20260903_008930_WIDE_HIGH_GAP_SHADOW_E022_125903349092,WIDE_HIGH_GAP_SHADOW,008930,한미사이언스,2026-09-03 12:59:03.349,52300.0,52352.299999999996,MAIN,MAIN,2026-09-03 12:59:03.333,,,2026-09-03 12:59:03.333,52300.0,,,False,,2026-09-03 12:59:04.972,52300.0,1.639089,0.0,-0.09990009990009158,0.0,180,183.321,52500.0,0.3824091778202677,0.28212705076950656,0.5736137667304015,-0.7648183556405354,0.4731406261043056,-0.8639544012392877,COMPLETE
2026-09-03 13:02:15.068,v1.6.9,20260903_004710_WIDE_HIGH_GAP_SHADOW_E018_125714539796,WIDE_HIGH_GAP_SHADOW,004710,한솔테크닉스,2026-09-03 12:57:14.539,8580.0,8588.58,MAIN,MAIN,2026-09-03 12:57:14.523,,,2026-09-03 12:57:14.523,8580.0,,,False,,2026-09-03 12:57:15.773,8580.0,1.250384,0.0,-0.09990009990009906,0.0,300,300.529,8630.0,0.5827505827505828,0.4822683144361474,0.8158508158508158,0.0,0.7151356801706461,-0.09990009990009906,COMPLETE
2026-09-03 13:02:32.768,v1.6.9,20260903_004710_WIDE_HIGH_GAP_SHADOW_E019_125931037039,WIDE_HIGH_GAP_SHADOW,004710,한솔테크닉스,2026-09-03 12:59:31.037,8580.0,8588.58,MAIN,MAIN,2026-09-03 12:59:31.017,,,2026-09-03 12:59:31.017,8580.0,,,False,,2026-09-03 12:59:31.071,8600.0,0.054518,0.2331002331002331,0.13296726583439955,0.2331002331002331,180,181.732,8620.0,0.4662004662004662,0.36583463156889817,0.8158508158508158,0.0,0.7151356801706461,-0.09990009990009906,COMPLETE
2026-09-03 13:02:50.773,v1.6.9,20260903_004710_WIDE_HIGH_GAP_SHADOW_E020_130046914174,WIDE_HIGH_GAP_SHADOW,004710,한솔테크닉스,2026-09-03 13:00:46.914,8580.0,8588.58,MAIN,MAIN,2026-09-03 13:00:46.888,,,2026-09-03 13:00:46.888,8580.0,,,False,,2026-09-03 13:00:49.549,8580.0,2.661536,0.0,-0.09990009990009906,0.0,120,123.859,8640.0,0.6993006993006993,0.5987019973033967,0.8158508158508158,0.0,0.7151356801706461,-0.09990009990009906,COMPLETE
2026-09-03 13:03:28.668,v1.6.9,20260903_008930_WIDE_HIGH_GAP_SHADOW_E023_130257209306,WIDE_HIGH_GAP_SHADOW,008930,한미사이언스,2026-09-03 13:02:57.209,52300.0,52352.299999999996,MAIN,MAIN,2026-09-03 13:02:57.188,,,2026-09-03 13:02:57.188,52300.0,,,False,,2026-09-03 13:02:59.069,52300.0,1.881417,0.0,-0.09990009990009158,0.0,30,31.46,52300.0,0.0,-0.09990009990009158,0.0,-0.3824091778202677,-0.09990009990009158,-0.4819272505696897,COMPLETE
2026-09-03 13:03:28.769,v1.6.9,20260903_388050_WIDE_HIGH_GAP_SHADOW_E002_130257291433,WIDE_HIGH_GAP_SHADOW,388050,지투파워,2026-09-03 13:02:57.291,9960.0,9969.96,MAIN,MAIN,2026-09-03 13:02:57.281,,,2026-09-03 13:02:57.281,9960.0,,,False,,2026-09-03 13:02:57.468,9960.0,0.186657,0.0,-0.09990009990009116,0.0,30,31.478,9960.0,0.0,-0.09990009990009116,0.0,-0.2008032128514056,-0.09990009990009116,-0.3005027101412556,COMPLETE
2026-09-03 13:03:48.167,v1.6.9,20260903_004710_WIDE_HIGH_GAP_SHADOW_E020_130046914174,WIDE_HIGH_GAP_SHADOW,004710,한솔테크닉스,2026-09-03 13:00:46.914,8580.0,8588.58,MAIN,MAIN,2026-09-03 13:00:46.888,,,2026-09-03 13:00:46.888,8580.0,,,False,,2026-09-03 13:00:49.549,8580.0,2.661536,0.0,-0.09990009990009906,0.0,180,181.254,8630.0,0.5827505827505828,0.4822683144361474,0.8158508158508158,0.0,0.7151356801706461,-0.09990009990009906,COMPLETE
2026-09-03 13:03:58.668,v1.6.9,20260903_388050_WIDE_HIGH_GAP_SHADOW_E002_130257291433,WIDE_HIGH_GAP_SHADOW,388050,지투파워,2026-09-03 13:02:57.291,9960.0,9969.96,MAIN,MAIN,2026-09-03 13:02:57.281,,,2026-09-03 13:02:57.281,9960.0,,,False,,2026-09-03 13:02:57.468,9960.0,0.186657,0.0,-0.09990009990009116,0.0,60,61.377,9960.0,0.0,-0.09990009990009116,0.0,-0.2008032128514056,-0.09990009990009116,-0.3005027101412556,COMPLETE
2026-09-03 13:04:03.269,v1.6.9,20260903_008930_WIDE_HIGH_GAP_SHADOW_E023_130257209306,WIDE_HIGH_GAP_SHADOW,008930,한미사이언스,2026-09-03 13:02:57.209,52300.0,52352.299999999996,MAIN,MAIN,2026-09-03 13:02:57.188,,,2026-09-03 13:02:57.188,52300.0,,,False,,2026-09-03 13:02:59.069,52300.0,1.881417,0.0,-0.09990009990009158,0.0,60,66.06,52300.0,0.0,-0.09990009990009158,0.19120458891013384,-0.3824091778202677,0.09111347543470749,-0.4819272505696897,COMPLETE
2026-09-03 13:04:03.467,v1.6.9,20260903_008930_WIDE_HIGH_GAP_SHADOW_E022_125903349092,WIDE_HIGH_GAP_SHADOW,008930,한미사이언스,2026-09-03 12:59:03.349,52300.0,52352.299999999996,MAIN,MAIN,2026-09-03 12:59:03.333,,,2026-09-03 12:59:03.333,52300.0,,,False,,2026-09-03 12:59:04.972,52300.0,1.639089,0.0,-0.09990009990009158,0.0,300,300.118,52300.0,0.0,-0.09990009990009158,0.5736137667304015,-0.7648183556405354,0.4731406261043056,-0.8639544012392877,COMPLETE
2026-09-03 13:04:32.667,v1.6.9,20260903_004710_WIDE_HIGH_GAP_SHADOW_E019_125931037039,WIDE_HIGH_GAP_SHADOW,004710,한솔테크닉스,2026-09-03 12:59:31.037,8580.0,8588.58,MAIN,MAIN,2026-09-03 12:59:31.017,,,2026-09-03 12:59:31.017,8580.0,,,False,,2026-09-03 12:59:31.071,8600.0,0.054518,0.2331002331002331,0.13296726583439955,0.2331002331002331,300,301.631,8620.0,0.4662004662004662,0.36583463156889817,0.8158508158508158,0.0,0.7151356801706461,-0.09990009990009906,COMPLETE
2026-09-03 13:04:59.076,v1.6.9,20260903_388050_WIDE_HIGH_GAP_SHADOW_E002_130257291433,WIDE_HIGH_GAP_SHADOW,388050,지투파워,2026-09-03 13:02:57.291,9960.0,9969.96,MAIN,MAIN,2026-09-03 13:02:57.281,,,2026-09-03 13:02:57.281,9960.0,,,False,,2026-09-03 13:02:57.468,9960.0,0.186657,0.0,-0.09990009990009116,0.0,120,121.785,9940.0,-0.2008032128514056,-0.3005027101412556,0.0,-0.2008032128514056,-0.09990009990009116,-0.3005027101412556,COMPLETE
2026-09-03 13:04:59.866,v1.6.9,20260903_008930_WIDE_HIGH_GAP_SHADOW_E023_130257209306,WIDE_HIGH_GAP_SHADOW,008930,한미사이언스,2026-09-03 13:02:57.209,52300.0,52352.299999999996,MAIN,MAIN,2026-09-03 13:02:57.188,,,2026-09-03 13:02:57.188,52300.0,,,False,,2026-09-03 13:02:59.069,52300.0,1.881417,0.0,-0.09990009990009158,0.0,120,122.658,52300.0,0.0,-0.09990009990009158,0.3824091778202677,-0.3824091778202677,0.28212705076950656,-0.4819272505696897,COMPLETE
2026-09-03 13:05:47.666,v1.6.9,20260903_004710_WIDE_HIGH_GAP_SHADOW_E020_130046914174,WIDE_HIGH_GAP_SHADOW,004710,한솔테크닉스,2026-09-03 13:00:46.914,8580.0,8588.58,MAIN,MAIN,2026-09-03 13:00:46.888,,,2026-09-03 13:00:46.888,8580.0,,,False,,2026-09-03 13:00:49.549,8580.0,2.661536,0.0,-0.09990009990009906,0.0,300,300.753,8670.0,1.048951048951049,0.9480030459051446,1.282051282051282,0.0,1.1808704116396431,-0.09990009990009906,COMPLETE
2026-09-03 13:05:57.475,v1.6.9,20260903_388050_WIDE_HIGH_GAP_SHADOW_E002_130257291433,WIDE_HIGH_GAP_SHADOW,388050,지투파워,2026-09-03 13:02:57.291,9960.0,9969.96,MAIN,MAIN,2026-09-03 13:02:57.281,,,2026-09-03 13:02:57.281,9960.0,,,False,,2026-09-03 13:02:57.468,9960.0,0.186657,0.0,-0.09990009990009116,0.0,180,180.184,9920.0,-0.4016064257028112,-0.5011053203824201,0.0,-0.4016064257028112,-0.09990009990009116,-0.5011053203824201,COMPLETE
2026-09-03 13:05:58.467,v1.6.9,20260903_008930_WIDE_HIGH_GAP_SHADOW_E023_130257209306,WIDE_HIGH_GAP_SHADOW,008930,한미사이언스,2026-09-03 13:02:57.209,52300.0,52352.299999999996,MAIN,MAIN,2026-09-03 13:02:57.188,,,2026-09-03 13:02:57.188,52300.0,,,False,,2026-09-03 13:02:59.069,52300.0,1.881417,0.0,-0.09990009990009158,0.0,180,181.258,52300.0,0.0,-0.09990009990009158,0.3824091778202677,-0.3824091778202677,0.28212705076950656,-0.4819272505696897,COMPLETE
2026-09-03 13:06:15.665,v1.6.9,20260903_034020_SHADOW_SCORE_70_74_E004_130545397599,SHADOW_SCORE_70_74,034020,두산에너빌리티,2026-09-03 13:05:45.397,80600.0,80680.59999999999,MAIN,MAIN,2026-09-03 13:05:45.380,,,2026-09-03 13:05:45.380,80600.0,,,False,,2026-09-03 13:05:45.876,80500.0,0.49588,-0.12406947890818859,-0.22384563327490287,0.12406947890818859,30,30.268,80700.0,0.12406947890818859,0.024045433474724695,0.24813895781637718,-0.12406947890818859,0.1479909668495385,-0.22384563327490287,COMPLETE
2026-09-03 13:06:45.765,v1.6.9,20260903_034020_SHADOW_SCORE_70_74_E004_130545397599,SHADOW_SCORE_70_74,034020,두산에너빌리티,2026-09-03 13:05:45.397,80600.0,80680.59999999999,MAIN,MAIN,2026-09-03 13:05:45.380,,,2026-09-03 13:05:45.380,80600.0,,,False,,2026-09-03 13:05:45.876,80500.0,0.49588,-0.12406947890818859,-0.22384563327490287,0.12406947890818859,60,60.368,80700.0,0.12406947890818859,0.024045433474724695,0.24813895781637718,-0.12406947890818859,0.1479909668495385,-0.22384563327490287,COMPLETE
2026-09-03 13:07:11.076,v1.6.9,20260903_388050_WIDE_HIGH_GAP_SHADOW_E003_130641059283,WIDE_HIGH_GAP_SHADOW,388050,지투파워,2026-09-03 13:06:41.059,9910.0,9919.909999999998,MAIN,MAIN,2026-09-03 13:06:41.049,,,2026-09-03 13:06:41.049,9910.0,,,False,,2026-09-03 13:06:41.366,9930.0,0.31677,0.20181634712411706,0.10171463249164525,0.20181634712411706,30,30.017,10200.0,2.9263370332996974,2.8235135197799375,3.128153380423814,0.0,3.025128252171663,-0.09990009990008013,COMPLETE
2026-09-03 13:07:41.175,v1.6.9,20260903_388050_WIDE_HIGH_GAP_SHADOW_E003_130641059283,WIDE_HIGH_GAP_SHADOW,388050,지투파워,2026-09-03 13:06:41.059,9910.0,9919.909999999998,MAIN,MAIN,2026-09-03 13:06:41.049,,,2026-09-03 13:06:41.049,9910.0,,,False,,2026-09-03 13:06:41.366,9930.0,0.31677,0.20181634712411706,0.10171463249164525,0.20181634712411706,60,60.117,10100.0,1.917255297679112,1.815439857821311,3.128153380423814,0.0,3.025128252171663,-0.09990009990008013,COMPLETE
2026-09-03 13:07:41.474,v1.6.9,20260903_008930_WIDE_HIGH_GAP_SHADOW_E024_130710136857,WIDE_HIGH_GAP_SHADOW,008930,한미사이언스,2026-09-03 13:07:10.136,52000.0,52051.99999999999,MAIN,MAIN,2026-09-03 13:07:10.117,,,2026-09-03 13:07:10.117,52000.0,,,False,,2026-09-03 13:07:18.565,52300.0,8.447632,0.576923076923077,0.47644663029279816,0.576923076923077,30,31.337,52100.0,0.19230769230769232,0.09221547683087544,0.7692307692307693,0.0,0.6685622070237596,-0.09990009990008594,COMPLETE
2026-09-03 13:07:45.580,v1.6.9,20260903_034020_SHADOW_SCORE_70_74_E004_130545397599,SHADOW_SCORE_70_74,034020,두산에너빌리티,2026-09-03 13:05:45.397,80600.0,80680.59999999999,MAIN,MAIN,2026-09-03 13:05:45.380,,,2026-09-03 13:05:45.380,80600.0,,,False,,2026-09-03 13:05:45.876,80500.0,0.49588,-0.12406947890818859,-0.22384563327490287,0.12406947890818859,120,120.183,80650.0,0.062034739454094295,-0.0379273332126822,0.24813895781637718,-0.12406947890818859,0.1479909668495385,-0.22384563327490287,COMPLETE
2026-09-03 13:07:57.675,v1.6.9,20260903_388050_WIDE_HIGH_GAP_SHADOW_E002_130257291433,WIDE_HIGH_GAP_SHADOW,388050,지투파워,2026-09-03 13:02:57.291,9960.0,9969.96,MAIN,MAIN,2026-09-03 13:02:57.281,,,2026-09-03 13:02:57.281,9960.0,,,False,,2026-09-03 13:02:57.468,9960.0,0.186657,0.0,-0.09990009990009116,0.0,300,300.384,10130.0,1.706827309236948,1.605222087149807,2.610441767068273,-0.9036144578313252,2.507933833235047,-1.0026118459853313,COMPLETE
2026-09-03 13:08:02.873,v1.6.9,20260903_008930_WIDE_HIGH_GAP_SHADOW_E023_130257209306,WIDE_HIGH_GAP_SHADOW,008930,한미사이언스,2026-09-03 13:02:57.209,52300.0,52352.299999999996,MAIN,MAIN,2026-09-03 13:02:57.188,,,2026-09-03 13:02:57.188,52300.0,,,False,,2026-09-03 13:02:59.069,52300.0,1.881417,0.0,-0.09990009990009158,0.0,300,305.665,52400.0,0.19120458891013384,0.09111347543470749,0.3824091778202677,-0.5736137667304015,0.28212705076950656,-0.6729408259044887,COMPLETE
2026-09-03 13:08:10.163,v1.6.9,20260903_008930_WIDE_HIGH_GAP_SHADOW_E024_130710136857,WIDE_HIGH_GAP_SHADOW,008930,한미사이언스,2026-09-03 13:07:10.136,52000.0,52051.99999999999,MAIN,MAIN,2026-09-03 13:07:10.117,,,2026-09-03 13:07:10.117,52000.0,,,False,,2026-09-03 13:07:18.565,52300.0,8.447632,0.576923076923077,0.47644663029279816,0.576923076923077,60,60.027,52300.0,0.576923076923077,0.47644663029279816,0.7692307692307693,0.0,0.6685622070237596,-0.09990009990008594,COMPLETE
2026-09-03 13:08:41.274,v1.6.9,20260903_388050_WIDE_HIGH_GAP_SHADOW_E003_130641059283,WIDE_HIGH_GAP_SHADOW,388050,지투파워,2026-09-03 13:06:41.059,9910.0,9919.909999999998,MAIN,MAIN,2026-09-03 13:06:41.049,,,2026-09-03 13:06:41.049,9910.0,,,False,,2026-09-03 13:06:41.366,9930.0,0.31677,0.20181634712411706,0.10171463249164525,0.20181634712411706,120,120.215,10150.0,2.4217961654894045,2.3194766888006244,3.128153380423814,0.0,3.025128252171663,-0.09990009990008013,COMPLETE
2026-09-03 13:08:45.973,v1.6.9,20260903_034020_SHADOW_SCORE_70_74_E004_130545397599,SHADOW_SCORE_70_74,034020,두산에너빌리티,2026-09-03 13:05:45.397,80600.0,80680.59999999999,MAIN,MAIN,2026-09-03 13:05:45.380,,,2026-09-03 13:05:45.380,80600.0,,,False,,2026-09-03 13:05:45.876,80500.0,0.49588,-0.12406947890818859,-0.22384563327490287,0.12406947890818859,180,180.576,80600.0,0.0,-0.09990009990008908,0.24813895781637718,-0.12406947890818859,0.1479909668495385,-0.22384563327490287,COMPLETE
2026-09-03 13:09:12.073,v1.6.9,20260903_008930_WIDE_HIGH_GAP_SHADOW_E024_130710136857,WIDE_HIGH_GAP_SHADOW,008930,한미사이언스,2026-09-03 13:07:10.136,52000.0,52051.99999999999,MAIN,MAIN,2026-09-03 13:07:10.117,,,2026-09-03 13:07:10.117,52000.0,,,False,,2026-09-03 13:07:18.565,52300.0,8.447632,0.576923076923077,0.47644663029279816,0.576923076923077,120,121.937,52200.0,0.38461538461538464,0.2843310535618368,0.9615384615384616,0.0,0.860677783754721,-0.09990009990008594,COMPLETE
2026-09-03 13:09:41.125,v1.6.9,20260903_388050_WIDE_HIGH_GAP_SHADOW_E003_130641059283,WIDE_HIGH_GAP_SHADOW,388050,지투파워,2026-09-03 13:06:41.059,9910.0,9919.909999999998,MAIN,MAIN,2026-09-03 13:06:41.049,,,2026-09-03 13:06:41.049,9910.0,,,False,,2026-09-03 13:06:41.366,9930.0,0.31677,0.20181634712411706,0.10171463249164525,0.20181634712411706,180,180.066,10190.0,2.825428859737639,2.722706153584075,3.128153380423814,0.0,3.025128252171663,-0.09990009990008013,COMPLETE
2026-09-03 13:10:11.974,v1.6.9,20260903_008930_WIDE_HIGH_GAP_SHADOW_E024_130710136857,WIDE_HIGH_GAP_SHADOW,008930,한미사이언스,2026-09-03 13:07:10.136,52000.0,52051.99999999999,MAIN,MAIN,2026-09-03 13:07:10.117,,,2026-09-03 13:07:10.117,52000.0,,,False,,2026-09-03 13:07:18.565,52300.0,8.447632,0.576923076923077,0.47644663029279816,0.576923076923077,180,181.838,52300.0,0.576923076923077,0.47644663029279816,0.9615384615384616,0.0,0.860677783754721,-0.09990009990008594,COMPLETE
2026-09-03 13:10:45.591,v1.6.9,20260903_034020_SHADOW_SCORE_70_74_E004_130545397599,SHADOW_SCORE_70_74,034020,두산에너빌리티,2026-09-03 13:05:45.397,80600.0,80680.59999999999,MAIN,MAIN,2026-09-03 13:05:45.380,,,2026-09-03 13:05:45.380,80600.0,,,False,,2026-09-03 13:05:45.876,80500.0,0.49588,-0.12406947890818859,-0.22384563327490287,0.12406947890818859,300,300.194,81200.0,0.7444168734491315,0.6437731003487936,0.7444168734491315,-0.12406947890818859,0.6437731003487936,-0.22384563327490287,COMPLETE
2026-09-03 13:10:49.771,v1.6.9,20260903_100840_WIDE_HIGH_GAP_SHADOW_E015_131019046666,WIDE_HIGH_GAP_SHADOW,100840,SNT에너지,2026-09-03 13:10:19.046,34350.0,34384.35,MAIN,MAIN,2026-09-03 13:10:19.039,,,2026-09-03 13:10:19.039,34350.0,,,False,,2026-09-03 13:10:20.082,34300.0,1.043132,-0.1455604075691412,-0.2453150924766603,0.1455604075691412,30,30.725,34250.0,-0.2911208151382824,-0.39073008505322493,0.0,-0.43668122270742354,-0.09990009990009567,-0.5361450776297896,COMPLETE
2026-09-03 13:11:18.670,v1.6.9,20260903_047040_BASE_E002_131048517351,BASE,047040,대우건설,2026-09-03 13:10:48.517,17140.0,17157.14,MAIN,MAIN,2026-09-03 13:10:48.480,2026-09-03 13:10:48.480,17140.0,2026-09-03 13:10:48.480,17140.0,0.0,0.0,False,,2026-09-03 13:10:48.672,17140.0,0.19269,0.0,-0.09990009990009652,0.0,30,30.154,17180.0,0.2333722287047841,0.13323898971507245,0.2333722287047841,0.0,0.13323898971507245,-0.09990009990009652,COMPLETE
2026-09-03 13:11:19.471,v1.6.9,20260903_100840_WIDE_HIGH_GAP_SHADOW_E015_131019046666,WIDE_HIGH_GAP_SHADOW,100840,SNT에너지,2026-09-03 13:10:19.046,34350.0,34384.35,MAIN,MAIN,2026-09-03 13:10:19.039,,,2026-09-03 13:10:19.039,34350.0,,,False,,2026-09-03 13:10:20.082,34300.0,1.043132,-0.1455604075691412,-0.2453150924766603,0.1455604075691412,60,60.424,34250.0,-0.2911208151382824,-0.39073008505322493,0.0,-0.43668122270742354,-0.09990009990009567,-0.5361450776297896,COMPLETE
2026-09-03 13:11:41.080,v1.6.9,20260903_388050_WIDE_HIGH_GAP_SHADOW_E003_130641059283,WIDE_HIGH_GAP_SHADOW,388050,지투파워,2026-09-03 13:06:41.059,9910.0,9919.909999999998,MAIN,MAIN,2026-09-03 13:06:41.049,,,2026-09-03 13:06:41.049,9910.0,,,False,,2026-09-03 13:06:41.366,9930.0,0.31677,0.20181634712411706,0.10171463249164525,0.20181634712411706,300,300.022,10090.0,1.8163471241170535,1.7146324916254483,3.229061553985873,0.0,3.1259356183675258,-0.09990009990008013,COMPLETE
2026-09-03 13:11:48.573,v1.6.9,20260903_047040_BASE_E002_131048517351,BASE,047040,대우건설,2026-09-03 13:10:48.517,17140.0,17157.14,MAIN,MAIN,2026-09-03 13:10:48.480,2026-09-03 13:10:48.480,17140.0,2026-09-03 13:10:48.480,17140.0,0.0,0.0,False,,2026-09-03 13:10:48.672,17140.0,0.19269,0.0,-0.09990009990009652,0.0,60,60.056,17170.0,0.1750291715285881,0.07495421731128021,0.29171528588098017,0.0,0.19152376211886468,-0.09990009990009652,COMPLETE
2026-09-03 13:11:52.775,v1.6.9,20260903_008930_WIDE_HIGH_GAP_SHADOW_E025_131120888717,WIDE_HIGH_GAP_SHADOW,008930,한미사이언스,2026-09-03 13:11:20.888,52300.0,52352.299999999996,MAIN,MAIN,2026-09-03 13:11:20.880,,,2026-09-03 13:11:20.880,52300.0,,,False,,2026-09-03 13:11:21.370,52100.0,0.490046,-0.3824091778202677,-0.4819272505696897,0.3824091778202677,30,31.886,52100.0,-0.3824091778202677,-0.4819272505696897,0.0,-0.3824091778202677,-0.09990009990009158,-0.4819272505696897,COMPLETE
2026-09-03 13:12:10.170,v1.6.9,20260903_008930_WIDE_HIGH_GAP_SHADOW_E024_130710136857,WIDE_HIGH_GAP_SHADOW,008930,한미사이언스,2026-09-03 13:07:10.136,52000.0,52051.99999999999,MAIN,MAIN,2026-09-03 13:07:10.117,,,2026-09-03 13:07:10.117,52000.0,,,False,,2026-09-03 13:07:18.565,52300.0,8.447632,0.576923076923077,0.47644663029279816,0.576923076923077,300,300.034,52100.0,0.19230769230769232,0.09221547683087544,0.9615384615384616,0.0,0.860677783754721,-0.09990009990008594,COMPLETE
2026-09-03 13:12:19.173,v1.6.9,20260903_100840_WIDE_HIGH_GAP_SHADOW_E015_131019046666,WIDE_HIGH_GAP_SHADOW,100840,SNT에너지,2026-09-03 13:10:19.046,34350.0,34384.35,MAIN,MAIN,2026-09-03 13:10:19.039,,,2026-09-03 13:10:19.039,34350.0,,,False,,2026-09-03 13:10:20.082,34300.0,1.043132,-0.1455604075691412,-0.2453150924766603,0.1455604075691412,120,120.126,34500.0,0.43668122270742354,0.3363448778295982,0.727802037845706,-0.43668122270742354,0.6271748629827275,-0.5361450776297896,COMPLETE
2026-09-03 13:12:27.071,v1.6.9,20260903_008930_WIDE_HIGH_GAP_SHADOW_E025_131120888717,WIDE_HIGH_GAP_SHADOW,008930,한미사이언스,2026-09-03 13:11:20.888,52300.0,52352.299999999996,MAIN,MAIN,2026-09-03 13:11:20.880,,,2026-09-03 13:11:20.880,52300.0,,,False,,2026-09-03 13:11:21.370,52100.0,0.490046,-0.3824091778202677,-0.4819272505696897,0.3824091778202677,60,66.183,52100.0,-0.3824091778202677,-0.4819272505696897,0.0,-0.5736137667304015,-0.09990009990009158,-0.6729408259044887,COMPLETE
2026-09-03 13:12:48.576,v1.6.9,20260903_047040_BASE_E002_131048517351,BASE,047040,대우건설,2026-09-03 13:10:48.517,17140.0,17157.14,MAIN,MAIN,2026-09-03 13:10:48.480,2026-09-03 13:10:48.480,17140.0,2026-09-03 13:10:48.480,17140.0,0.0,0.0,False,,2026-09-03 13:10:48.672,17140.0,0.19269,0.0,-0.09990009990009652,0.0,120,120.059,17160.0,0.11668611435239205,0.016669444907487976,0.29171528588098017,-0.11668611435239205,0.19152376211886468,-0.21646964470768099,COMPLETE
2026-09-03 13:13:20.472,v1.6.9,20260903_100840_WIDE_HIGH_GAP_SHADOW_E015_131019046666,WIDE_HIGH_GAP_SHADOW,100840,SNT에너지,2026-09-03 13:10:19.046,34350.0,34384.35,MAIN,MAIN,2026-09-03 13:10:19.039,,,2026-09-03 13:10:19.039,34350.0,,,False,,2026-09-03 13:10:20.082,34300.0,1.043132,-0.1455604075691412,-0.2453150924766603,0.1455604075691412,180,181.426,34650.0,0.8733624454148471,0.7725898555592922,1.0189228529839884,-0.43668122270742354,0.9180048481358567,-0.5361450776297896,COMPLETE
2026-09-03 13:13:20.869,v1.6.9,20260903_033790_WIDE_HIGH_GAP_SHADOW_E010_131248648282,WIDE_HIGH_GAP_SHADOW,033790,피노,2026-09-03 13:12:48.648,8660.0,8668.66,MAIN,MAIN,2026-09-03 13:12:48.620,,,2026-09-03 13:12:48.620,8660.0,,,False,,2026-09-03 13:12:51.170,8680.0,2.549296,0.23094688221709006,0.1308160661509408,0.23094688221709006,30,32.222,8690.0,0.3464203233256351,0.24617414917646033,0.4618937644341801,0.0,0.3615322322019799,-0.09990009990009822,COMPLETE
2026-09-03 13:13:21.272,v1.6.9,20260903_008930_WIDE_HIGH_GAP_SHADOW_E025_131120888717,WIDE_HIGH_GAP_SHADOW,008930,한미사이언스,2026-09-03 13:11:20.888,52300.0,52352.299999999996,MAIN,MAIN,2026-09-03 13:11:20.880,,,2026-09-03 13:11:20.880,52300.0,,,False,,2026-09-03 13:11:21.370,52100.0,0.490046,-0.3824091778202677,-0.4819272505696897,0.3824091778202677,120,120.384,52000.0,-0.5736137667304015,-0.6729408259044887,0.0,-0.5736137667304015,-0.09990009990009158,-0.6729408259044887,COMPLETE
2026-09-03 13:13:48.571,v1.6.9,20260903_047040_BASE_E002_131048517351,BASE,047040,대우건설,2026-09-03 13:10:48.517,17140.0,17157.14,MAIN,MAIN,2026-09-03 13:10:48.480,2026-09-03 13:10:48.480,17140.0,2026-09-03 13:10:48.480,17140.0,0.0,0.0,False,,2026-09-03 13:10:48.672,17140.0,0.19269,0.0,-0.09990009990009652,0.0,180,180.054,17290.0,0.8751458576429404,0.7743714861567872,1.1085180863477246,-0.11668611435239205,1.0075105757719562,-0.21646964470768099,COMPLETE
2026-09-03 13:13:48.871,v1.6.9,20260903_033790_WIDE_HIGH_GAP_SHADOW_E010_131248648282,WIDE_HIGH_GAP_SHADOW,033790,피노,2026-09-03 13:12:48.648,8660.0,8668.66,MAIN,MAIN,2026-09-03 13:12:48.620,,,2026-09-03 13:12:48.620,8660.0,,,False,,2026-09-03 13:12:51.170,8680.0,2.549296,0.23094688221709006,0.1308160661509408,0.23094688221709006,60,60.223,8690.0,0.3464203233256351,0.24617414917646033,0.4618937644341801,0.0,0.3615322322019799,-0.09990009990009822,COMPLETE
2026-09-03 13:14:22.369,v1.6.9,20260903_008930_WIDE_HIGH_GAP_SHADOW_E025_131120888717,WIDE_HIGH_GAP_SHADOW,008930,한미사이언스,2026-09-03 13:11:20.888,52300.0,52352.299999999996,MAIN,MAIN,2026-09-03 13:11:20.880,,,2026-09-03 13:11:20.880,52300.0,,,False,,2026-09-03 13:11:21.370,52100.0,0.490046,-0.3824091778202677,-0.4819272505696897,0.3824091778202677,180,181.481,52100.0,-0.3824091778202677,-0.4819272505696897,0.0,-0.7648183556405354,-0.09990009990009158,-0.8639544012392877,COMPLETE
2026-09-03 13:14:50.869,v1.6.9,20260903_033790_WIDE_HIGH_GAP_SHADOW_E010_131248648282,WIDE_HIGH_GAP_SHADOW,033790,피노,2026-09-03 13:12:48.648,8660.0,8668.66,MAIN,MAIN,2026-09-03 13:12:48.620,,,2026-09-03 13:12:48.620,8660.0,,,False,,2026-09-03 13:12:51.170,8680.0,2.549296,0.23094688221709006,0.1308160661509408,0.23094688221709006,120,122.221,8720.0,0.6928406466512702,0.5922483982530189,1.0392609699769053,0.0,0.9383226473295774,-0.09990009990009822,COMPLETE
2026-09-03 13:15:13.867,v1.6.9,20260903_388050_WIDE_HIGH_GAP_SHADOW_E004_131442807182,WIDE_HIGH_GAP_SHADOW,388050,지투파워,2026-09-03 13:14:42.807,10010.0,10020.009999999998,MAIN,MAIN,2026-09-03 13:14:42.792,,,2026-09-03 13:14:42.792,10010.0,,,False,,2026-09-03 13:14:42.867,10010.0,0.075193,0.0,-0.09990009990008394,0.0,30,31.061,10020.0,0.0999000999000999,-9.980029958452428e-05,0.3996003996003996,-0.0999000999000999,0.2993010985019137,-0.19970039950058335,COMPLETE
2026-09-03 13:15:21.568,v1.6.9,20260903_100840_WIDE_HIGH_GAP_SHADOW_E015_131019046666,WIDE_HIGH_GAP_SHADOW,100840,SNT에너지,2026-09-03 13:10:19.046,34350.0,34384.35,MAIN,MAIN,2026-09-03 13:10:19.039,,,2026-09-03 13:10:19.039,34350.0,,,False,,2026-09-03 13:10:20.082,34300.0,1.043132,-0.1455604075691412,-0.2453150924766603,0.1455604075691412,300,302.522,34400.0,0.1455604075691412,0.045514892676468965,1.0189228529839884,-0.8733624454148471,0.9180048481358567,-0.9723900553594835,COMPLETE
2026-09-03 13:15:42.867,v1.6.9,20260903_388050_WIDE_HIGH_GAP_SHADOW_E004_131442807182,WIDE_HIGH_GAP_SHADOW,388050,지투파워,2026-09-03 13:14:42.807,10010.0,10020.009999999998,MAIN,MAIN,2026-09-03 13:14:42.792,,,2026-09-03 13:14:42.792,10010.0,,,False,,2026-09-03 13:14:42.867,10010.0,0.075193,0.0,-0.09990009990008394,0.0,60,60.06,10020.0,0.0999000999000999,-9.980029958452428e-05,0.3996003996003996,-0.0999000999000999,0.2993010985019137,-0.19970039950058335,COMPLETE
2026-09-03 13:15:48.572,v1.6.9,20260903_047040_BASE_E002_131048517351,BASE,047040,대우건설,2026-09-03 13:10:48.517,17140.0,17157.14,MAIN,MAIN,2026-09-03 13:10:48.480,2026-09-03 13:10:48.480,17140.0,2026-09-03 13:10:48.480,17140.0,0.0,0.0,False,,2026-09-03 13:10:48.672,17140.0,0.19269,0.0,-0.09990009990009652,0.0,300,300.055,17260.0,0.7001166861143524,0.5995171689454104,1.1085180863477246,-0.11668611435239205,1.0075105757719562,-0.21646964470768099,COMPLETE
2026-09-03 13:15:50.900,v1.6.9,20260903_033790_WIDE_HIGH_GAP_SHADOW_E010_131248648282,WIDE_HIGH_GAP_SHADOW,033790,피노,2026-09-03 13:12:48.648,8660.0,8668.66,MAIN,MAIN,2026-09-03 13:12:48.620,,,2026-09-03 13:12:48.620,8660.0,,,False,,2026-09-03 13:12:51.170,8680.0,2.549296,0.23094688221709006,0.1308160661509408,0.23094688221709006,180,182.252,8750.0,1.0392609699769053,0.9383226473295774,1.2702078521939952,0.0,1.1690388133806164,-0.09990009990009822,COMPLETE
2026-09-03 13:16:09.682,v1.6.9,20260903_015760_SHADOW_SCORE_70_74_E006_131539247658,SHADOW_SCORE_70_74,015760,한국전력,2026-09-03 13:15:39.247,32850.0,32882.85,MAIN,MAIN,2026-09-03 13:15:39.221,,,2026-09-03 13:15:39.221,32850.0,,,False,,2026-09-03 13:15:39.567,32800.0,0.345922,-0.15220700152207,-0.25195504647559,0.15220700152207,30,30.435,32850.0,0.0,-0.09990009990009548,0.0,-0.15220700152207,-0.09990009990009548,-0.25195504647559,COMPLETE
2026-09-03 13:16:21.066,v1.6.9,20260903_008930_WIDE_HIGH_GAP_SHADOW_E025_131120888717,WIDE_HIGH_GAP_SHADOW,008930,한미사이언스,2026-09-03 13:11:20.888,52300.0,52352.299999999996,MAIN,MAIN,2026-09-03 13:11:20.880,,,2026-09-03 13:11:20.880,52300.0,,,False,,2026-09-03 13:11:21.370,52100.0,0.490046,-0.3824091778202677,-0.4819272505696897,0.3824091778202677,300,300.178,51900.0,-0.7648183556405354,-0.8639544012392877,0.0,-1.338432122370937,-0.09990009990009158,-1.436995127243685,COMPLETE
2026-09-03 13:16:40.166,v1.6.9,20260903_015760_SHADOW_SCORE_70_74_E006_131539247658,SHADOW_SCORE_70_74,015760,한국전력,2026-09-03 13:15:39.247,32850.0,32882.85,MAIN,MAIN,2026-09-03 13:15:39.221,,,2026-09-03 13:15:39.221,32850.0,,,False,,2026-09-03 13:15:39.567,32800.0,0.345922,-0.15220700152207,-0.25195504647559,0.15220700152207,60,60.919,32800.0,-0.15220700152207,-0.25195504647559,0.0,-0.30441400304414,-0.09990009990009548,-0.40400999305108454,COMPLETE
2026-09-03 13:16:43.466,v1.6.9,20260903_388050_WIDE_HIGH_GAP_SHADOW_E004_131442807182,WIDE_HIGH_GAP_SHADOW,388050,지투파워,2026-09-03 13:14:42.807,10010.0,10020.009999999998,MAIN,MAIN,2026-09-03 13:14:42.792,,,2026-09-03 13:14:42.792,10010.0,,,False,,2026-09-03 13:14:42.867,10010.0,0.075193,0.0,-0.09990009990008394,0.0,120,120.66,10050.0,0.3996003996003996,0.2993010985019137,0.5994005994005994,-0.0999000999000999,0.4989016977029126,-0.19970039950058335,COMPLETE
2026-09-03 13:17:08.867,v1.6.9,20260903_015760_SHADOW_SCORE_70_74_E007_131637567643,SHADOW_SCORE_70_74,015760,한국전력,2026-09-03 13:16:37.567,32800.0,32832.799999999996,MAIN,MAIN,2026-09-03 13:16:37.512,,,2026-09-03 13:16:37.512,32800.0,,,False,,2026-09-03 13:16:40.166,32800.0,2.654106,0.0,-0.09990009990008661,0.0,30,31.3,32750.0,-0.1524390243902439,-0.25218683755267796,0.0,-0.1524390243902439,-0.09990009990008661,-0.25218683755267796,COMPLETE
2026-09-03 13:17:37.268,v1.6.9,20260903_388050_WIDE_HIGH_GAP_SHADOW_E005_131707124892,WIDE_HIGH_GAP_SHADOW,388050,지투파워,2026-09-03 13:17:07.124,10030.0,10040.029999999999,MAIN,MAIN,2026-09-03 13:17:07.117,,,2026-09-03 13:17:07.117,10030.0,,,False,,2026-09-03 13:17:08.267,10020.0,1.149976,-0.09970089730807577,-0.19950139591215205,0.09970089730807577,30,30.143,10000.0,-0.29910269192422734,-0.3987039879362795,0.0,-0.29910269192422734,-0.09990009990008832,-0.3987039879362795,COMPLETE
2026-09-03 13:17:38.365,v1.6.9,20260903_015760_SHADOW_SCORE_70_74_E007_131637567643,SHADOW_SCORE_70_74,015760,한국전력,2026-09-03 13:16:37.567,32800.0,32832.799999999996,MAIN,MAIN,2026-09-03 13:16:37.512,,,2026-09-03 13:16:37.512,32800.0,,,False,,2026-09-03 13:16:40.166,32800.0,2.654106,0.0,-0.09990009990008661,0.0,60,60.798,32800.0,0.0,-0.09990009990008661,0.0,-0.1524390243902439,-0.09990009990008661,-0.25218683755267796,COMPLETE
2026-09-03 13:17:43.066,v1.6.9,20260903_388050_WIDE_HIGH_GAP_SHADOW_E004_131442807182,WIDE_HIGH_GAP_SHADOW,388050,지투파워,2026-09-03 13:14:42.807,10010.0,10020.009999999998,MAIN,MAIN,2026-09-03 13:14:42.792,,,2026-09-03 13:14:42.792,10010.0,,,False,,2026-09-03 13:14:42.867,10010.0,0.075193,0.0,-0.09990009990008394,0.0,180,180.259,10010.0,0.0,-0.09990009990008394,0.5994005994005994,-0.1998001998001998,0.4989016977029126,-0.2995006991010828,COMPLETE
2026-09-03 13:17:43.668,v1.6.9,20260903_015760_SHADOW_SCORE_70_74_E006_131539247658,SHADOW_SCORE_70_74,015760,한국전력,2026-09-03 13:15:39.247,32850.0,32882.85,MAIN,MAIN,2026-09-03 13:15:39.221,,,2026-09-03 13:15:39.221,32850.0,,,False,,2026-09-03 13:15:39.567,32800.0,0.345922,-0.15220700152207,-0.25195504647559,0.15220700152207,120,124.421,32800.0,-0.15220700152207,-0.25195504647559,0.0,-0.30441400304414,-0.09990009990009548,-0.40400999305108454,COMPLETE
2026-09-03 13:17:55.965,v1.6.9,20260903_033790_WIDE_HIGH_GAP_SHADOW_E010_131248648282,WIDE_HIGH_GAP_SHADOW,033790,피노,2026-09-03 13:12:48.648,8660.0,8668.66,MAIN,MAIN,2026-09-03 13:12:48.620,,,2026-09-03 13:12:48.620,8660.0,,,False,,2026-09-03 13:12:51.170,8680.0,2.549296,0.23094688221709006,0.1308160661509408,0.23094688221709006,300,307.317,8740.0,0.9237875288683602,0.822964564304058,1.2702078521939952,0.0,1.1690388133806164,-0.09990009990009822,COMPLETE
2026-09-03 13:18:05.267,v1.6.9,20260903_079900_SHADOW_SCORE_70_74_E001_131735219725,SHADOW_SCORE_70_74,079900,전진건설로봇,2026-09-03 13:17:35.219,43000.0,43042.99999999999,MAIN,MAIN,2026-09-03 13:17:35.131,,,2026-09-03 13:17:35.131,43000.0,,,False,,2026-09-03 13:17:35.265,43250.0,0.133563,0.5813953488372093,0.4809144344028235,0.5813953488372093,30,30.048,43300.0,0.6976744186046512,0.5970773412634048,1.2790697674418605,0.0,1.1778918755663113,-0.09990009990008301,COMPLETE
2026-09-03 13:18:08.665,v1.6.9,20260903_388050_WIDE_HIGH_GAP_SHADOW_E005_131707124892,WIDE_HIGH_GAP_SHADOW,388050,지투파워,2026-09-03 13:17:07.124,10030.0,10040.029999999999,MAIN,MAIN,2026-09-03 13:17:07.117,,,2026-09-03 13:17:07.117,10030.0,,,False,,2026-09-03 13:17:08.267,10020.0,1.149976,-0.09970089730807577,-0.19950139591215205,0.09970089730807577,60,61.541,9960.0,-0.6979062811565304,-0.7971091719845345,0.0,-0.7976071784646062,-0.09990009990008832,-0.8967104679965981,COMPLETE
2026-09-03 13:18:35.272,v1.6.9,20260903_079900_SHADOW_SCORE_70_74_E001_131735219725,SHADOW_SCORE_70_74,079900,전진건설로봇,2026-09-03 13:17:35.219,43000.0,43042.99999999999,MAIN,MAIN,2026-09-03 13:17:35.131,,,2026-09-03 13:17:35.131,43000.0,,,False,,2026-09-03 13:17:35.265,43250.0,0.133563,0.5813953488372093,0.4809144344028235,0.5813953488372093,60,60.053,43200.0,0.46511627906976744,0.3647515275422422,1.2790697674418605,0.0,1.1778918755663113,-0.09990009990008301,COMPLETE
2026-09-03 13:18:39.065,v1.6.9,20260903_015760_SHADOW_SCORE_70_74_E007_131637567643,SHADOW_SCORE_70_74,015760,한국전력,2026-09-03 13:16:37.567,32800.0,32832.799999999996,MAIN,MAIN,2026-09-03 13:16:37.512,,,2026-09-03 13:16:37.512,32800.0,,,False,,2026-09-03 13:16:40.166,32800.0,2.654106,0.0,-0.09990009990008661,0.0,120,121.498,32750.0,-0.1524390243902439,-0.25218683755267796,0.0,-0.3048780487804878,-0.09990009990008661,-0.4044735752052693,COMPLETE
2026-09-03 13:18:39.665,v1.6.9,20260903_015760_SHADOW_SCORE_70_74_E006_131539247658,SHADOW_SCORE_70_74,015760,한국전력,2026-09-03 13:15:39.247,32850.0,32882.85,MAIN,MAIN,2026-09-03 13:15:39.221,,,2026-09-03 13:15:39.221,32850.0,,,False,,2026-09-03 13:15:39.567,32800.0,0.345922,-0.15220700152207,-0.25195504647559,0.15220700152207,180,180.417,32750.0,-0.30441400304414,-0.40400999305108454,0.0,-0.45662100456621,-0.09990009990009548,-0.5560649396265791,COMPLETE
2026-09-03 13:19:07.465,v1.6.9,20260903_388050_WIDE_HIGH_GAP_SHADOW_E005_131707124892,WIDE_HIGH_GAP_SHADOW,388050,지투파워,2026-09-03 13:17:07.124,10030.0,10040.029999999999,MAIN,MAIN,2026-09-03 13:17:07.117,,,2026-09-03 13:17:07.117,10030.0,,,False,,2026-09-03 13:17:08.267,10020.0,1.149976,-0.09970089730807577,-0.19950139591215205,0.09970089730807577,120,120.341,9950.0,-0.7976071784646062,-0.8967104679965981,0.0,-0.7976071784646062,-0.09990009990008832,-0.8967104679965981,COMPLETE
2026-09-03 13:19:35.363,v1.6.9,20260903_079900_SHADOW_SCORE_70_74_E001_131735219725,SHADOW_SCORE_70_74,079900,전진건설로봇,2026-09-03 13:17:35.219,43000.0,43042.99999999999,MAIN,MAIN,2026-09-03 13:17:35.131,,,2026-09-03 13:17:35.131,43000.0,,,False,,2026-09-03 13:17:35.265,43250.0,0.133563,0.5813953488372093,0.4809144344028235,0.5813953488372093,120,120.144,43150.0,0.3488372093023256,0.24858862068166088,1.2790697674418605,-0.3488372093023256,1.1778918755663113,-0.44838882048182693,COMPLETE
2026-09-03 13:19:38.064,v1.6.9,20260903_015760_SHADOW_SCORE_70_74_E007_131637567643,SHADOW_SCORE_70_74,015760,한국전력,2026-09-03 13:16:37.567,32800.0,32832.799999999996,MAIN,MAIN,2026-09-03 13:16:37.512,,,2026-09-03 13:16:37.512,32800.0,,,False,,2026-09-03 13:16:40.166,32800.0,2.654106,0.0,-0.09990009990008661,0.0,180,180.496,32700.0,-0.3048780487804878,-0.4044735752052693,0.0,-0.3048780487804878,-0.09990009990008661,-0.4044735752052693,COMPLETE
2026-09-03 13:19:44.063,v1.6.9,20260903_388050_WIDE_HIGH_GAP_SHADOW_E004_131442807182,WIDE_HIGH_GAP_SHADOW,388050,지투파워,2026-09-03 13:14:42.807,10010.0,10020.009999999998,MAIN,MAIN,2026-09-03 13:14:42.792,,,2026-09-03 13:14:42.792,10010.0,,,False,,2026-09-03 13:14:42.867,10010.0,0.075193,0.0,-0.09990009990008394,0.0,300,301.257,10000.0,-0.0999000999000999,-0.19970039950058335,0.5994005994005994,-0.5994005994005994,0.4989016977029126,-0.6987018975030804,COMPLETE
2026-09-03 13:20:07.163,v1.6.9,20260903_388050_WIDE_HIGH_GAP_SHADOW_E005_131707124892,WIDE_HIGH_GAP_SHADOW,388050,지투파워,2026-09-03 13:17:07.124,10030.0,10040.029999999999,MAIN,MAIN,2026-09-03 13:17:07.117,,,2026-09-03 13:17:07.117,10030.0,,,False,,2026-09-03 13:17:08.267,10020.0,1.149976,-0.09970089730807577,-0.19950139591215205,0.09970089730807577,180,180.038,9990.0,-0.3988035892323031,-0.4983052839483432,0.0,-0.7976071784646062,-0.09990009990008832,-0.8967104679965981,COMPLETE
2026-09-03 13:20:35.263,v1.6.9,20260903_079900_SHADOW_SCORE_70_74_E001_131735219725,SHADOW_SCORE_70_74,079900,전진건설로봇,2026-09-03 13:17:35.219,43000.0,43042.99999999999,MAIN,MAIN,2026-09-03 13:17:35.131,,,2026-09-03 13:17:35.131,43000.0,,,False,,2026-09-03 13:17:35.265,43250.0,0.133563,0.5813953488372093,0.4809144344028235,0.5813953488372093,180,180.044,43200.0,0.46511627906976744,0.3647515275422422,1.2790697674418605,-0.3488372093023256,1.1778918755663113,-0.44838882048182693,COMPLETE
2026-09-03 13:20:40.067,v1.6.9,20260903_015760_SHADOW_SCORE_70_74_E006_131539247658,SHADOW_SCORE_70_74,015760,한국전력,2026-09-03 13:15:39.247,32850.0,32882.85,MAIN,MAIN,2026-09-03 13:15:39.221,,,2026-09-03 13:15:39.221,32850.0,,,False,,2026-09-03 13:15:39.567,32800.0,0.345922,-0.15220700152207,-0.25195504647559,0.15220700152207,300,300.82,32700.0,-0.45662100456621,-0.5560649396265791,0.0,-0.45662100456621,-0.09990009990009548,-0.5560649396265791,COMPLETE
2026-09-03 13:20:53.362,v1.6.9,20260903_008930_WIDE_HIGH_GAP_SHADOW_E026_132021933505,WIDE_HIGH_GAP_SHADOW,008930,한미사이언스,2026-09-03 13:20:21.933,51600.0,51651.59999999999,MAIN,MAIN,2026-09-03 13:20:21.892,,,2026-09-03 13:20:21.892,51600.0,,,False,,2026-09-03 13:20:26.864,51700.0,4.972761,0.1937984496124031,0.0937047448675525,0.1937984496124031,30,31.429,51500.0,-0.1937984496124031,-0.29350494466771854,0.3875968992248062,-0.1937984496124031,0.287309589635188,-0.29350494466771854,COMPLETE
2026-09-03 13:21:23.067,v1.6.9,20260903_008930_WIDE_HIGH_GAP_SHADOW_E026_132021933505,WIDE_HIGH_GAP_SHADOW,008930,한미사이언스,2026-09-03 13:20:21.933,51600.0,51651.59999999999,MAIN,MAIN,2026-09-03 13:20:21.892,,,2026-09-03 13:20:21.892,51600.0,,,False,,2026-09-03 13:20:26.864,51700.0,4.972761,0.1937984496124031,0.0937047448675525,0.1937984496124031,60,61.134,51700.0,0.1937984496124031,0.0937047448675525,0.5813953488372093,-0.1937984496124031,0.4809144344028235,-0.29350494466771854,COMPLETE
2026-09-03 13:21:39.962,v1.6.9,20260903_015760_SHADOW_SCORE_70_74_E007_131637567643,SHADOW_SCORE_70_74,015760,한국전력,2026-09-03 13:16:37.567,32800.0,32832.799999999996,MAIN,MAIN,2026-09-03 13:16:37.512,,,2026-09-03 13:16:37.512,32800.0,,,False,,2026-09-03 13:16:40.166,32800.0,2.654106,0.0,-0.09990009990008661,0.0,300,302.394,32650.0,-0.45731707317073167,-0.5567603128578607,0.0,-0.45731707317073167,-0.09990009990008661,-0.5567603128578607,COMPLETE
2026-09-03 13:21:53.362,v1.6.9,20260903_008930_WIDE_HIGH_GAP_SHADOW_E027_132121437507,WIDE_HIGH_GAP_SHADOW,008930,한미사이언스,2026-09-03 13:21:21.437,51600.0,51651.59999999999,MAIN,MAIN,2026-09-03 13:21:21.426,,,2026-09-03 13:21:21.426,51600.0,,,False,,2026-09-03 13:21:23.067,51700.0,1.64081,0.1937984496124031,0.0937047448675525,0.1937984496124031,30,31.925,51600.0,0.0,-0.09990009990008301,0.1937984496124031,-0.1937984496124031,0.0937047448675525,-0.29350494466771854,COMPLETE
2026-09-03 13:22:08.864,v1.6.9,20260903_388050_WIDE_HIGH_GAP_SHADOW_E005_131707124892,WIDE_HIGH_GAP_SHADOW,388050,지투파워,2026-09-03 13:17:07.124,10030.0,10040.029999999999,MAIN,MAIN,2026-09-03 13:17:07.117,,,2026-09-03 13:17:07.117,10030.0,,,False,,2026-09-03 13:17:08.267,10020.0,1.149976,-0.09970089730807577,-0.19950139591215205,0.09970089730807577,300,301.739,9980.0,-0.4985044865403789,-0.5979065799604069,0.0,-0.7976071784646062,-0.09990009990008832,-0.8967104679965981,COMPLETE
2026-09-03 13:22:28.563,v1.6.9,20260903_008930_WIDE_HIGH_GAP_SHADOW_E027_132121437507,WIDE_HIGH_GAP_SHADOW,008930,한미사이언스,2026-09-03 13:21:21.437,51600.0,51651.59999999999,MAIN,MAIN,2026-09-03 13:21:21.426,,,2026-09-03 13:21:21.426,51600.0,,,False,,2026-09-03 13:21:23.067,51700.0,1.64081,0.1937984496124031,0.0937047448675525,0.1937984496124031,60,67.126,51600.0,0.0,-0.09990009990008301,0.3875968992248062,-0.1937984496124031,0.287309589635188,-0.29350494466771854,COMPLETE
2026-09-03 13:22:28.563,v1.6.9,20260903_008930_WIDE_HIGH_GAP_SHADOW_E026_132021933505,WIDE_HIGH_GAP_SHADOW,008930,한미사이언스,2026-09-03 13:20:21.933,51600.0,51651.59999999999,MAIN,MAIN,2026-09-03 13:20:21.892,,,2026-09-03 13:20:21.892,51600.0,,,False,,2026-09-03 13:20:26.864,51700.0,4.972761,0.1937984496124031,0.0937047448675525,0.1937984496124031,120,126.63,51600.0,0.0,-0.09990009990008301,0.5813953488372093,-0.1937984496124031,0.4809144344028235,-0.29350494466771854,COMPLETE
2026-09-03 13:22:35.762,v1.6.9,20260903_079900_SHADOW_SCORE_70_74_E001_131735219725,SHADOW_SCORE_70_74,079900,전진건설로봇,2026-09-03 13:17:35.219,43000.0,43042.99999999999,MAIN,MAIN,2026-09-03 13:17:35.131,,,2026-09-03 13:17:35.131,43000.0,,,False,,2026-09-03 13:17:35.265,43250.0,0.133563,0.5813953488372093,0.4809144344028235,0.5813953488372093,300,300.542,42950.0,-0.11627906976744186,-0.2160630067606643,1.2790697674418605,-0.6976744186046512,1.1778918755663113,-0.7968775410635709,COMPLETE
2026-09-03 13:22:51.671,v1.6.9,20260903_100840_WIDE_HIGH_GAP_SHADOW_E016_132221347154,WIDE_HIGH_GAP_SHADOW,100840,SNT에너지,2026-09-03 13:22:21.347,34250.0,34284.24999999999,MAIN,MAIN,2026-09-03 13:22:21.325,,,2026-09-03 13:22:21.325,34250.0,,,False,,2026-09-03 13:22:21.662,34350.0,0.337596,0.291970802919708,0.19177902389583348,0.291970802919708,30,30.324,34400.0,0.43795620437956206,0.33761858579378956,0.43795620437956206,0.0,0.33761858579378956,-0.0999000999000787,COMPLETE
2026-09-03 13:23:21.572,v1.6.9,20260903_100840_WIDE_HIGH_GAP_SHADOW_E016_132221347154,WIDE_HIGH_GAP_SHADOW,100840,SNT에너지,2026-09-03 13:22:21.347,34250.0,34284.24999999999,MAIN,MAIN,2026-09-03 13:22:21.325,,,2026-09-03 13:22:21.325,34250.0,,,False,,2026-09-03 13:22:21.662,34350.0,0.337596,0.291970802919708,0.19177902389583348,0.291970802919708,60,60.225,34350.0,0.291970802919708,0.19177902389583348,0.43795620437956206,0.0,0.33761858579378956,-0.0999000999000787,COMPLETE
2026-09-03 13:23:25.160,v1.6.9,20260903_008930_WIDE_HIGH_GAP_SHADOW_E027_132121437507,WIDE_HIGH_GAP_SHADOW,008930,한미사이언스,2026-09-03 13:21:21.437,51600.0,51651.59999999999,MAIN,MAIN,2026-09-03 13:21:21.426,,,2026-09-03 13:21:21.426,51600.0,,,False,,2026-09-03 13:21:23.067,51700.0,1.64081,0.1937984496124031,0.0937047448675525,0.1937984496124031,120,123.723,51700.0,0.1937984496124031,0.0937047448675525,0.3875968992248062,-0.3875968992248062,0.287309589635188,-0.48710978943535405,COMPLETE
2026-09-03 13:23:25.160,v1.6.9,20260903_008930_WIDE_HIGH_GAP_SHADOW_E028_132249746878,WIDE_HIGH_GAP_SHADOW,008930,한미사이언스,2026-09-03 13:22:49.746,51600.0,51651.59999999999,MAIN,MAIN,2026-09-03 13:22:49.739,,,2026-09-03 13:22:49.739,51600.0,,,False,,2026-09-03 13:22:50.564,51500.0,0.82416,-0.1937984496124031,-0.29350494466771854,0.1937984496124031,30,35.414,51700.0,0.1937984496124031,0.0937047448675525,0.1937984496124031,-0.3875968992248062,0.0937047448675525,-0.48710978943535405,COMPLETE
2026-09-03 13:23:25.160,v1.6.9,20260903_008930_WIDE_HIGH_GAP_SHADOW_E026_132021933505,WIDE_HIGH_GAP_SHADOW,008930,한미사이언스,2026-09-03 13:20:21.933,51600.0,51651.59999999999,MAIN,MAIN,2026-09-03 13:20:21.892,,,2026-09-03 13:20:21.892,51600.0,,,False,,2026-09-03 13:20:26.864,51700.0,4.972761,0.1937984496124031,0.0937047448675525,0.1937984496124031,180,183.227,51700.0,0.1937984496124031,0.0937047448675525,0.5813953488372093,-0.3875968992248062,0.4809144344028235,-0.48710978943535405,COMPLETE
2026-09-03 13:23:51.660,v1.6.9,20260903_008930_WIDE_HIGH_GAP_SHADOW_E028_132249746878,WIDE_HIGH_GAP_SHADOW,008930,한미사이언스,2026-09-03 13:22:49.746,51600.0,51651.59999999999,MAIN,MAIN,2026-09-03 13:22:49.739,,,2026-09-03 13:22:49.739,51600.0,,,False,,2026-09-03 13:22:50.564,51500.0,0.82416,-0.1937984496124031,-0.29350494466771854,0.1937984496124031,60,61.914,51600.0,0.0,-0.09990009990008301,0.1937984496124031,-0.3875968992248062,0.0937047448675525,-0.48710978943535405,COMPLETE
2026-09-03 13:24:21.470,v1.6.9,20260903_008930_WIDE_HIGH_GAP_SHADOW_E027_132121437507,WIDE_HIGH_GAP_SHADOW,008930,한미사이언스,2026-09-03 13:21:21.437,51600.0,51651.59999999999,MAIN,MAIN,2026-09-03 13:21:21.426,,,2026-09-03 13:21:21.426,51600.0,,,False,,2026-09-03 13:21:23.067,51700.0,1.64081,0.1937984496124031,0.0937047448675525,0.1937984496124031,180,180.033,51800.0,0.3875968992248062,0.287309589635188,0.3875968992248062,-0.3875968992248062,0.287309589635188,-0.48710978943535405,COMPLETE
2026-09-03 13:24:22.059,v1.6.9,20260903_100840_WIDE_HIGH_GAP_SHADOW_E016_132221347154,WIDE_HIGH_GAP_SHADOW,100840,SNT에너지,2026-09-03 13:22:21.347,34250.0,34284.24999999999,MAIN,MAIN,2026-09-03 13:22:21.325,,,2026-09-03 13:22:21.325,34250.0,,,False,,2026-09-03 13:22:21.662,34350.0,0.337596,0.291970802919708,0.19177902389583348,0.291970802919708,120,120.713,34350.0,0.291970802919708,0.19177902389583348,0.583941605839416,-0.291970802919708,0.4834581476917456,-0.39157922369599085,COMPLETE
2026-09-03 13:24:50.359,v1.6.9,20260903_008930_WIDE_HIGH_GAP_SHADOW_E028_132249746878,WIDE_HIGH_GAP_SHADOW,008930,한미사이언스,2026-09-03 13:22:49.746,51600.0,51651.59999999999,MAIN,MAIN,2026-09-03 13:22:49.739,,,2026-09-03 13:22:49.739,51600.0,,,False,,2026-09-03 13:22:50.564,51500.0,0.82416,-0.1937984496124031,-0.29350494466771854,0.1937984496124031,120,120.612,51500.0,-0.1937984496124031,-0.29350494466771854,0.3875968992248062,-0.3875968992248062,0.287309589635188,-0.48710978943535405,COMPLETE
2026-09-03 13:25:21.361,v1.6.9,20260903_100840_WIDE_HIGH_GAP_SHADOW_E016_132221347154,WIDE_HIGH_GAP_SHADOW,100840,SNT에너지,2026-09-03 13:22:21.347,34250.0,34284.24999999999,MAIN,MAIN,2026-09-03 13:22:21.325,,,2026-09-03 13:22:21.325,34250.0,,,False,,2026-09-03 13:22:21.662,34350.0,0.337596,0.291970802919708,0.19177902389583348,0.291970802919708,180,180.015,34400.0,0.43795620437956206,0.33761858579378956,0.583941605839416,-0.291970802919708,0.4834581476917456,-0.39157922369599085,COMPLETE
2026-09-03 13:25:22.258,v1.6.9,20260903_008930_WIDE_HIGH_GAP_SHADOW_E026_132021933505,WIDE_HIGH_GAP_SHADOW,008930,한미사이언스,2026-09-03 13:20:21.933,51600.0,51651.59999999999,MAIN,MAIN,2026-09-03 13:20:21.892,,,2026-09-03 13:20:21.892,51600.0,,,False,,2026-09-03 13:20:26.864,51700.0,4.972761,0.1937984496124031,0.0937047448675525,0.1937984496124031,300,300.325,51600.0,0.0,-0.09990009990008301,0.5813953488372093,-0.3875968992248062,0.4809144344028235,-0.48710978943535405,COMPLETE
2026-09-03 13:25:39.125,v1.6.9,20260903_079900_PRE_HISTORY_E003_132509109866,PRE_HISTORY,079900,전진건설로봇,2026-09-03 13:25:09.109,43800.0,43843.799999999996,MAIN,MAIN,2026-09-03 13:25:09.007,2026-09-03 13:25:09.007,43800.0,2026-09-03 13:25:09.007,43800.0,0.0,0.0,False,,2026-09-03 13:25:09.159,43850.0,0.151687,0.1141552511415525,0.014141110031530948,0.1141552511415525,30,30.016,43750.0,-0.1141552511415525,-0.21394130983171086,0.228310502283105,-0.684931506849315,0.12818231996315185,-0.7841473594898153,COMPLETE
2026-09-03 13:25:39.125,v1.6.9,20260903_079900_BASE_E003_132509074737,BASE,079900,전진건설로봇,2026-09-03 13:25:09.074,43800.0,43843.799999999996,MAIN,MAIN,2026-09-03 13:25:09.007,2026-09-03 13:25:09.007,43800.0,2026-09-03 13:25:09.007,43800.0,0.0,0.0,False,,2026-09-03 13:25:09.159,43850.0,0.151687,0.1141552511415525,0.014141110031530948,0.1141552511415525,30,30.051,43750.0,-0.1141552511415525,-0.21394130983171086,0.228310502283105,-0.684931506849315,0.12818231996315185,-0.7841473594898153,COMPLETE
2026-09-03 13:25:57.168,v1.6.9,20260903_008930_WIDE_HIGH_GAP_SHADOW_E028_132249746878,WIDE_HIGH_GAP_SHADOW,008930,한미사이언스,2026-09-03 13:22:49.746,51600.0,51651.59999999999,MAIN,MAIN,2026-09-03 13:22:49.739,,,2026-09-03 13:22:49.739,51600.0,,,False,,2026-09-03 13:22:50.564,51500.0,0.82416,-0.1937984496124031,-0.29350494466771854,0.1937984496124031,180,187.422,51500.0,-0.1937984496124031,-0.29350494466771854,0.3875968992248062,-0.5813953488372093,0.287309589635188,-0.6807146342029895,COMPLETE
2026-09-03 13:26:09.158,v1.6.9,20260903_079900_PRE_HISTORY_E003_132509109866,PRE_HISTORY,079900,전진건설로봇,2026-09-03 13:25:09.109,43800.0,43843.799999999996,MAIN,MAIN,2026-09-03 13:25:09.007,2026-09-03 13:25:09.007,43800.0,2026-09-03 13:25:09.007,43800.0,0.0,0.0,False,,2026-09-03 13:25:09.159,43850.0,0.151687,0.1141552511415525,0.014141110031530948,0.1141552511415525,60,60.048,44200.0,0.91324200913242,0.8124295795528773,0.91324200913242,-0.684931506849315,0.8124295795528773,-0.7841473594898153,COMPLETE
2026-09-03 13:26:09.158,v1.6.9,20260903_079900_BASE_E003_132509074737,BASE,079900,전진건설로봇,2026-09-03 13:25:09.074,43800.0,43843.799999999996,MAIN,MAIN,2026-09-03 13:25:09.007,2026-09-03 13:25:09.007,43800.0,2026-09-03 13:25:09.007,43800.0,0.0,0.0,False,,2026-09-03 13:25:09.159,43850.0,0.151687,0.1141552511415525,0.014141110031530948,0.1141552511415525,60,60.083,44200.0,0.91324200913242,0.8124295795528773,0.91324200913242,-0.684931506849315,0.8124295795528773,-0.7841473594898153,COMPLETE
2026-09-03 13:26:22.668,v1.6.9,20260903_008930_WIDE_HIGH_GAP_SHADOW_E027_132121437507,WIDE_HIGH_GAP_SHADOW,008930,한미사이언스,2026-09-03 13:21:21.437,51600.0,51651.59999999999,MAIN,MAIN,2026-09-03 13:21:21.426,,,2026-09-03 13:21:21.426,51600.0,,,False,,2026-09-03 13:21:23.067,51700.0,1.64081,0.1937984496124031,0.0937047448675525,0.1937984496124031,300,301.231,51600.0,0.0,-0.09990009990008301,0.3875968992248062,-0.5813953488372093,0.287309589635188,-0.6807146342029895,COMPLETE
2026-09-03 13:27:08.157,v1.6.9,20260903_388050_WIDE_HIGH_GAP_SHADOW_E006_132637174087,WIDE_HIGH_GAP_SHADOW,388050,지투파워,2026-09-03 13:26:37.174,9910.0,9919.909999999998,MAIN,MAIN,2026-09-03 13:26:37.166,,,2026-09-03 13:26:37.166,9910.0,,,False,,2026-09-03 13:26:37.359,9900.0,0.193391,-0.10090817356205853,-0.2007074660959428,0.10090817356205853,30,30.984,9910.0,0.0,-0.09990009990008013,0.0,-0.10090817356205853,-0.09990009990008013,-0.2007074660959428,COMPLETE
2026-09-03 13:27:09.157,v1.6.9,20260903_079900_PRE_HISTORY_E003_132509109866,PRE_HISTORY,079900,전진건설로봇,2026-09-03 13:25:09.109,43800.0,43843.799999999996,MAIN,MAIN,2026-09-03 13:25:09.007,2026-09-03 13:25:09.007,43800.0,2026-09-03 13:25:09.007,43800.0,0.0,0.0,False,,2026-09-03 13:25:09.159,43850.0,0.151687,0.1141552511415525,0.014141110031530948,0.1141552511415525,120,120.047,43800.0,0.0,-0.09990009990008995,1.36986301369863,-0.684931506849315,1.2685944192793608,-0.7841473594898153,COMPLETE
2026-09-03 13:27:09.157,v1.6.9,20260903_079900_BASE_E003_132509074737,BASE,079900,전진건설로봇,2026-09-03 13:25:09.074,43800.0,43843.799999999996,MAIN,MAIN,2026-09-03 13:25:09.007,2026-09-03 13:25:09.007,43800.0,2026-09-03 13:25:09.007,43800.0,0.0,0.0,False,,2026-09-03 13:25:09.159,43850.0,0.151687,0.1141552511415525,0.014141110031530948,0.1141552511415525,120,120.083,43800.0,0.0,-0.09990009990008995,1.36986301369863,-0.684931506849315,1.2685944192793608,-0.7841473594898153,COMPLETE
2026-09-03 13:27:10.659,v1.6.9,20260903_008930_WIDE_HIGH_GAP_SHADOW_E029_132637139705,WIDE_HIGH_GAP_SHADOW,008930,한미사이언스,2026-09-03 13:26:37.139,51700.0,51751.7,MAIN,MAIN,2026-09-03 13:26:37.122,,,2026-09-03 13:26:37.122,51700.0,,,False,,2026-09-03 13:26:39.178,51400.0,2.055342,-0.5802707930367506,-0.67959120183491,0.5802707930367506,30,33.519,51500.0,-0.3868471953578337,-0.4863608345233047,0.0,-0.5802707930367506,-0.09990009990009428,-0.67959120183491,COMPLETE
2026-09-03 13:27:21.556,v1.6.9,20260903_100840_WIDE_HIGH_GAP_SHADOW_E016_132221347154,WIDE_HIGH_GAP_SHADOW,100840,SNT에너지,2026-09-03 13:22:21.347,34250.0,34284.24999999999,MAIN,MAIN,2026-09-03 13:22:21.325,,,2026-09-03 13:22:21.325,34250.0,,,False,,2026-09-03 13:22:21.662,34350.0,0.337596,0.291970802919708,0.19177902389583348,0.291970802919708,300,300.21,34350.0,0.291970802919708,0.19177902389583348,0.583941605839416,-0.291970802919708,0.4834581476917456,-0.39157922369599085,COMPLETE
2026-09-03 13:27:37.767,v1.6.9,20260903_388050_WIDE_HIGH_GAP_SHADOW_E006_132637174087,WIDE_HIGH_GAP_SHADOW,388050,지투파워,2026-09-03 13:26:37.174,9910.0,9919.909999999998,MAIN,MAIN,2026-09-03 13:26:37.166,,,2026-09-03 13:26:37.166,9910.0,,,False,,2026-09-03 13:26:37.359,9900.0,0.193391,-0.10090817356205853,-0.2007074660959428,0.10090817356205853,60,60.593,9940.0,0.30272452068617556,0.20252199868750795,0.30272452068617556,-0.20181634712411706,0.20252199868750795,-0.3015148322918055,COMPLETE
2026-09-03 13:27:39.569,v1.6.9,20260903_008930_WIDE_HIGH_GAP_SHADOW_E029_132637139705,WIDE_HIGH_GAP_SHADOW,008930,한미사이언스,2026-09-03 13:26:37.139,51700.0,51751.7,MAIN,MAIN,2026-09-03 13:26:37.122,,,2026-09-03 13:26:37.122,51700.0,,,False,,2026-09-03 13:26:39.178,51400.0,2.055342,-0.5802707930367506,-0.67959120183491,0.5802707930367506,60,62.43,51500.0,-0.3868471953578337,-0.4863608345233047,0.0,-0.5802707930367506,-0.09990009990009428,-0.67959120183491,COMPLETE
2026-09-03 13:27:51.459,v1.6.9,20260903_008930_WIDE_HIGH_GAP_SHADOW_E028_132249746878,WIDE_HIGH_GAP_SHADOW,008930,한미사이언스,2026-09-03 13:22:49.746,51600.0,51651.59999999999,MAIN,MAIN,2026-09-03 13:22:49.739,,,2026-09-03 13:22:49.739,51600.0,,,False,,2026-09-03 13:22:50.564,51500.0,0.82416,-0.1937984496124031,-0.29350494466771854,0.1937984496124031,300,301.713,51400.0,-0.3875968992248062,-0.48710978943535405,0.3875968992248062,-0.5813953488372093,0.287309589635188,-0.6807146342029895,COMPLETE
2026-09-03 13:28:09.279,v1.6.9,20260903_079900_PRE_HISTORY_E003_132509109866,PRE_HISTORY,079900,전진건설로봇,2026-09-03 13:25:09.109,43800.0,43843.799999999996,MAIN,MAIN,2026-09-03 13:25:09.007,2026-09-03 13:25:09.007,43800.0,2026-09-03 13:25:09.007,43800.0,0.0,0.0,False,,2026-09-03 13:25:09.159,43850.0,0.151687,0.1141552511415525,0.014141110031530948,0.1141552511415525,180,180.17,44200.0,0.91324200913242,0.8124295795528773,1.36986301369863,-0.684931506849315,1.2685944192793608,-0.7841473594898153,COMPLETE
2026-09-03 13:28:09.279,v1.6.9,20260903_079900_BASE_E003_132509074737,BASE,079900,전진건설로봇,2026-09-03 13:25:09.074,43800.0,43843.799999999996,MAIN,MAIN,2026-09-03 13:25:09.007,2026-09-03 13:25:09.007,43800.0,2026-09-03 13:25:09.007,43800.0,0.0,0.0,False,,2026-09-03 13:25:09.159,43850.0,0.151687,0.1141552511415525,0.014141110031530948,0.1141552511415525,180,180.205,44200.0,0.91324200913242,0.8124295795528773,1.36986301369863,-0.684931506849315,1.2685944192793608,-0.7841473594898153,COMPLETE
2026-09-03 13:28:37.355,v1.6.9,20260903_388050_WIDE_HIGH_GAP_SHADOW_E006_132637174087,WIDE_HIGH_GAP_SHADOW,388050,지투파워,2026-09-03 13:26:37.174,9910.0,9919.909999999998,MAIN,MAIN,2026-09-03 13:26:37.166,,,2026-09-03 13:26:37.166,9910.0,,,False,,2026-09-03 13:26:37.359,9900.0,0.193391,-0.10090817356205853,-0.2007074660959428,0.10090817356205853,120,120.182,9910.0,0.0,-0.09990009990008013,0.4036326942482341,-0.20181634712411706,0.30332936488337064,-0.3015148322918055,COMPLETE
2026-09-03 13:28:39.467,v1.6.9,20260903_008930_WIDE_HIGH_GAP_SHADOW_E029_132637139705,WIDE_HIGH_GAP_SHADOW,008930,한미사이언스,2026-09-03 13:26:37.139,51700.0,51751.7,MAIN,MAIN,2026-09-03 13:26:37.122,,,2026-09-03 13:26:37.122,51700.0,,,False,,2026-09-03 13:26:39.178,51400.0,2.055342,-0.5802707930367506,-0.67959120183491,0.5802707930367506,120,122.328,51500.0,-0.3868471953578337,-0.4863608345233047,0.0,-0.5802707930367506,-0.09990009990009428,-0.67959120183491,COMPLETE
2026-09-03 13:29:37.565,v1.6.9,20260903_388050_WIDE_HIGH_GAP_SHADOW_E006_132637174087,WIDE_HIGH_GAP_SHADOW,388050,지투파워,2026-09-03 13:26:37.174,9910.0,9919.909999999998,MAIN,MAIN,2026-09-03 13:26:37.166,,,2026-09-03 13:26:37.166,9910.0,,,False,,2026-09-03 13:26:37.359,9900.0,0.193391,-0.10090817356205853,-0.2007074660959428,0.10090817356205853,180,180.391,9930.0,0.20181634712411706,0.10171463249164525,0.4036326942482341,-0.4036326942482341,0.30332936488337064,-0.5031295646835309,COMPLETE
2026-09-03 13:29:39.267,v1.6.9,20260903_008930_WIDE_HIGH_GAP_SHADOW_E029_132637139705,WIDE_HIGH_GAP_SHADOW,008930,한미사이언스,2026-09-03 13:26:37.139,51700.0,51751.7,MAIN,MAIN,2026-09-03 13:26:37.122,,,2026-09-03 13:26:37.122,51700.0,,,False,,2026-09-03 13:26:39.178,51400.0,2.055342,-0.5802707930367506,-0.67959120183491,0.5802707930367506,180,182.128,51400.0,-0.5802707930367506,-0.67959120183491,0.0,-0.5802707930367506,-0.09990009990009428,-0.67959120183491,COMPLETE
2026-09-03 13:30:09.164,v1.6.9,20260903_079900_PRE_HISTORY_E003_132509109866,PRE_HISTORY,079900,전진건설로봇,2026-09-03 13:25:09.109,43800.0,43843.799999999996,MAIN,MAIN,2026-09-03 13:25:09.007,2026-09-03 13:25:09.007,43800.0,2026-09-03 13:25:09.007,43800.0,0.0,0.0,False,,2026-09-03 13:25:09.159,43850.0,0.151687,0.1141552511415525,0.014141110031530948,0.1141552511415525,300,300.055,43600.0,-0.45662100456621,-0.5560649396265736,1.36986301369863,-0.684931506849315,1.2685944192793608,-0.7841473594898153,COMPLETE
2026-09-03 13:30:09.164,v1.6.9,20260903_079900_BASE_E003_132509074737,BASE,079900,전진건설로봇,2026-09-03 13:25:09.074,43800.0,43843.799999999996,MAIN,MAIN,2026-09-03 13:25:09.007,2026-09-03 13:25:09.007,43800.0,2026-09-03 13:25:09.007,43800.0,0.0,0.0,False,,2026-09-03 13:25:09.159,43850.0,0.151687,0.1141552511415525,0.014141110031530948,0.1141552511415525,300,300.09,43600.0,-0.45662100456621,-0.5560649396265736,1.36986301369863,-0.684931506849315,1.2685944192793608,-0.7841473594898153,COMPLETE
2026-09-03 13:30:17.064,v1.6.9,20260903_100840_WIDE_HIGH_GAP_SHADOW_E017_132945780022,WIDE_HIGH_GAP_SHADOW,100840,SNT에너지,2026-09-03 13:29:45.780,34300.0,34334.299999999996,MAIN,MAIN,2026-09-03 13:29:45.767,,,2026-09-03 13:29:45.767,34300.0,,,False,,2026-09-03 13:29:47.165,34200.0,1.397516,-0.2915451895043732,-0.3911540354688916,0.2915451895043732,30,31.285,34150.0,-0.43731778425655976,-0.5367810032532938,0.0,-0.43731778425655976,-0.09990009990008719,-0.5367810032532938,COMPLETE
2026-09-03 13:30:46.664,v1.6.9,20260903_100840_WIDE_HIGH_GAP_SHADOW_E017_132945780022,WIDE_HIGH_GAP_SHADOW,100840,SNT에너지,2026-09-03 13:29:45.780,34300.0,34334.299999999996,MAIN,MAIN,2026-09-03 13:29:45.767,,,2026-09-03 13:29:45.767,34300.0,,,False,,2026-09-03 13:29:47.165,34200.0,1.397516,-0.2915451895043732,-0.3911540354688916,0.2915451895043732,60,60.884,34150.0,-0.43731778425655976,-0.5367810032532938,0.0,-0.5830903790087464,-0.09990009990008719,-0.682407971037696,COMPLETE
2026-09-03 13:31:38.970,v1.6.9,20260903_388050_WIDE_HIGH_GAP_SHADOW_E006_132637174087,WIDE_HIGH_GAP_SHADOW,388050,지투파워,2026-09-03 13:26:37.174,9910.0,9919.909999999998,MAIN,MAIN,2026-09-03 13:26:37.166,,,2026-09-03 13:26:37.166,9910.0,,,False,,2026-09-03 13:26:37.359,9900.0,0.193391,-0.10090817356205853,-0.2007074660959428,0.10090817356205853,300,301.797,9960.0,0.5045408678102926,0.4041367310792333,0.6054490413723511,-0.4036326942482341,0.504944097275096,-0.5031295646835309,COMPLETE
2026-09-03 13:31:40.064,v1.6.9,20260903_100840_WIDE_HIGH_GAP_SHADOW_E018_133109618782,WIDE_HIGH_GAP_SHADOW,100840,SNT에너지,2026-09-03 13:31:09.618,34250.0,34284.24999999999,MAIN,MAIN,2026-09-03 13:31:09.592,,,2026-09-03 13:31:09.592,34250.0,,,False,,2026-09-03 13:31:10.864,34300.0,1.272471,0.145985401459854,0.04593946199787739,0.145985401459854,30,30.446,34350.0,0.291970802919708,0.19177902389583348,0.43795620437956206,0.0,0.33761858579378956,-0.0999000999000787,COMPLETE
2026-09-03 13:31:40.363,v1.6.9,20260903_008930_WIDE_HIGH_GAP_SHADOW_E029_132637139705,WIDE_HIGH_GAP_SHADOW,008930,한미사이언스,2026-09-03 13:26:37.139,51700.0,51751.7,MAIN,MAIN,2026-09-03 13:26:37.122,,,2026-09-03 13:26:37.122,51700.0,,,False,,2026-09-03 13:26:39.178,51400.0,2.055342,-0.5802707930367506,-0.67959120183491,0.5802707930367506,300,303.224,51500.0,-0.3868471953578337,-0.4863608345233047,0.0,-0.7736943907156674,-0.09990009990009428,-0.8728215691465152,COMPLETE
2026-09-03 13:31:48.364,v1.6.9,20260903_100840_WIDE_HIGH_GAP_SHADOW_E017_132945780022,WIDE_HIGH_GAP_SHADOW,100840,SNT에너지,2026-09-03 13:29:45.780,34300.0,34334.299999999996,MAIN,MAIN,2026-09-03 13:29:45.767,,,2026-09-03 13:29:45.767,34300.0,,,False,,2026-09-03 13:29:47.165,34200.0,1.397516,-0.2915451895043732,-0.3911540354688916,0.2915451895043732,120,122.585,34350.0,0.1457725947521866,0.04572686788431501,0.2915451895043732,-0.5830903790087464,0.19135383566871722,-0.682407971037696,COMPLETE
2026-09-03 13:32:06.764,v1.6.9,20260903_079900_WIDE_HIGH_GAP_SHADOW_E001_133136590380,WIDE_HIGH_GAP_SHADOW,079900,전진건설로봇,2026-09-03 13:31:36.590,43050.0,43093.049999999996,MAIN,MAIN,2026-09-03 13:31:36.578,2026-09-03 13:25:09.007,43800.0,2026-09-03 13:31:36.578,43050.0,387.571166,-1.7123287671232834,False,,2026-09-03 13:31:36.763,43050.0,0.184224,0.0,-0.09990009990008977,0.0,30,30.174,43100.0,0.11614401858304298,0.016127890692360754,0.4645760743321719,-0.11614401858304298,0.3642118624697124,-0.21592809049254033,COMPLETE
2026-09-03 13:32:10.384,v1.6.9,20260903_100840_WIDE_HIGH_GAP_SHADOW_E018_133109618782,WIDE_HIGH_GAP_SHADOW,100840,SNT에너지,2026-09-03 13:31:09.618,34250.0,34284.24999999999,MAIN,MAIN,2026-09-03 13:31:09.592,,,2026-09-03 13:31:09.592,34250.0,,,False,,2026-09-03 13:31:10.864,34300.0,1.272471,0.145985401459854,0.04593946199787739,0.145985401459854,60,60.765,34400.0,0.43795620437956206,0.33761858579378956,0.43795620437956206,-0.291970802919708,0.33761858579378956,-0.39157922369599085,COMPLETE
2026-09-03 13:32:37.162,v1.6.9,20260903_079900_WIDE_HIGH_GAP_SHADOW_E001_133136590380,WIDE_HIGH_GAP_SHADOW,079900,전진건설로봇,2026-09-03 13:31:36.590,43050.0,43093.049999999996,MAIN,MAIN,2026-09-03 13:31:36.578,2026-09-03 13:25:09.007,43800.0,2026-09-03 13:31:36.578,43050.0,387.571166,-1.7123287671232834,False,,2026-09-03 13:31:36.763,43050.0,0.184224,0.0,-0.09990009990008977,0.0,60,60.572,43100.0,0.11614401858304298,0.016127890692360754,0.4645760743321719,-0.11614401858304298,0.3642118624697124,-0.21592809049254033,COMPLETE
2026-09-03 13:32:50.562,v1.6.9,20260903_100840_WIDE_HIGH_GAP_SHADOW_E017_132945780022,WIDE_HIGH_GAP_SHADOW,100840,SNT에너지,2026-09-03 13:29:45.780,34300.0,34334.299999999996,MAIN,MAIN,2026-09-03 13:29:45.767,,,2026-09-03 13:29:45.767,34300.0,,,False,,2026-09-03 13:29:47.165,34200.0,1.397516,-0.2915451895043732,-0.3911540354688916,0.2915451895043732,180,184.782,34350.0,0.1457725947521866,0.04572686788431501,0.2915451895043732,-0.5830903790087464,0.19135383566871722,-0.682407971037696,COMPLETE
2026-09-03 13:32:59.567,v1.6.9,20260903_032940_WIDE_HIGH_GAP_SHADOW_E016_133229450214,WIDE_HIGH_GAP_SHADOW,032940,원익,2026-09-03 13:32:29.450,8550.0,8558.55,MAIN,MAIN,2026-09-03 13:32:29.440,,,2026-09-03 13:32:29.440,8550.0,,,False,,2026-09-03 13:32:29.662,8560.0,0.222039,0.11695906432748539,0.016942122205288603,0.11695906432748539,30,30.117,8620.0,0.8187134502923977,0.7179954548375687,0.8187134502923977,-0.46783625730994155,0.7179954548375687,-0.5672689883216114,COMPLETE
2026-09-03 13:33:00.167,v1.6.9,20260903_008930_WIDE_HIGH_GAP_SHADOW_E030_133229418641,WIDE_HIGH_GAP_SHADOW,008930,한미사이언스,2026-09-03 13:32:29.418,51700.0,51751.7,MAIN,MAIN,2026-09-03 13:32:29.384,,,2026-09-03 13:32:29.384,51700.0,,,False,,2026-09-03 13:32:29.662,51500.0,0.278574,-0.3868471953578337,-0.4863608345233047,0.3868471953578337,30,30.748,51500.0,-0.3868471953578337,-0.4863608345233047,0.0,-0.3868471953578337,-0.09990009990009428,-0.4863608345233047,COMPLETE
2026-09-03 13:33:16.462,v1.6.9,20260903_100840_WIDE_HIGH_GAP_SHADOW_E018_133109618782,WIDE_HIGH_GAP_SHADOW,100840,SNT에너지,2026-09-03 13:31:09.618,34250.0,34284.24999999999,MAIN,MAIN,2026-09-03 13:31:09.592,,,2026-09-03 13:31:09.592,34250.0,,,False,,2026-09-03 13:31:10.864,34300.0,1.272471,0.145985401459854,0.04593946199787739,0.145985401459854,120,126.843,34375.0,0.36496350364963503,0.2646988048448115,0.43795620437956206,-0.291970802919708,0.33761858579378956,-0.39157922369599085,COMPLETE
2026-09-03 13:33:28.168,v1.6.9,20260903_079900_WIDE_HIGH_GAP_SHADOW_E002_133258157274,WIDE_HIGH_GAP_SHADOW,079900,전진건설로봇,2026-09-03 13:32:58.157,43000.0,43042.99999999999,MAIN,MAIN,2026-09-03 13:32:58.134,2026-09-03 13:25:09.007,43800.0,2026-09-03 13:32:58.134,43000.0,469.126773,-1.82648401826484,False,,2026-09-03 13:32:58.183,42950.0,0.049041,-0.11627906976744186,-0.2160630067606643,0.11627906976744186,30,30.011,43000.0,0.0,-0.09990009990008301,0.813953488372093,-0.11627906976744186,0.7132402481239861,-0.2160630067606643,COMPLETE
2026-09-03 13:33:29.462,v1.6.9,20260903_032940_WIDE_HIGH_GAP_SHADOW_E016_133229450214,WIDE_HIGH_GAP_SHADOW,032940,원익,2026-09-03 13:32:29.450,8550.0,8558.55,MAIN,MAIN,2026-09-03 13:32:29.440,,,2026-09-03 13:32:29.440,8550.0,,,False,,2026-09-03 13:32:29.662,8560.0,0.222039,0.11695906432748539,0.016942122205288603,0.11695906432748539,60,60.013,8690.0,1.6374269005847955,1.5358910095752287,1.9883040935672516,-0.46783625730994155,1.8864176758913689,-0.5672689883216114,COMPLETE
2026-09-03 13:33:29.961,v1.6.9,20260903_008930_WIDE_HIGH_GAP_SHADOW_E030_133229418641,WIDE_HIGH_GAP_SHADOW,008930,한미사이언스,2026-09-03 13:32:29.418,51700.0,51751.7,MAIN,MAIN,2026-09-03 13:32:29.384,,,2026-09-03 13:32:29.384,51700.0,,,False,,2026-09-03 13:32:29.662,51500.0,0.278574,-0.3868471953578337,-0.4863608345233047,0.3868471953578337,60,60.543,51600.0,-0.19342359767891684,-0.29313046721169955,0.19342359767891684,-0.5802707930367506,0.09333026741151096,-0.67959120183491,COMPLETE
2026-09-03 13:33:36.962,v1.6.9,20260903_079900_WIDE_HIGH_GAP_SHADOW_E001_133136590380,WIDE_HIGH_GAP_SHADOW,079900,전진건설로봇,2026-09-03 13:31:36.590,43050.0,43093.049999999996,MAIN,MAIN,2026-09-03 13:31:36.578,2026-09-03 13:25:09.007,43800.0,2026-09-03 13:31:36.578,43050.0,387.571166,-1.7123287671232834,False,,2026-09-03 13:31:36.763,43050.0,0.184224,0.0,-0.09990009990008977,0.0,120,120.372,42800.0,-0.5807200929152149,-0.6800400528623425,0.6968641114982579,-0.5807200929152149,0.5962678436546134,-0.6800400528623425,COMPLETE
2026-09-03 13:33:58.262,v1.6.9,20260903_079900_WIDE_HIGH_GAP_SHADOW_E002_133258157274,WIDE_HIGH_GAP_SHADOW,079900,전진건설로봇,2026-09-03 13:32:58.157,43000.0,43042.99999999999,MAIN,MAIN,2026-09-03 13:32:58.134,2026-09-03 13:25:09.007,43800.0,2026-09-03 13:32:58.134,43000.0,469.126773,-1.82648401826484,False,,2026-09-03 13:32:58.183,42950.0,0.049041,-0.11627906976744186,-0.2160630067606643,0.11627906976744186,60,60.105,42850.0,-0.3488372093023256,-0.44838882048182693,0.813953488372093,-0.813953488372093,0.7132402481239861,-0.9130404479241522,COMPLETE
2026-09-03 13:34:14.771,v1.6.9,20260903_100840_WIDE_HIGH_GAP_SHADOW_E018_133109618782,WIDE_HIGH_GAP_SHADOW,100840,SNT에너지,2026-09-03 13:31:09.618,34250.0,34284.24999999999,MAIN,MAIN,2026-09-03 13:31:09.592,,,2026-09-03 13:31:09.592,34250.0,,,False,,2026-09-03 13:31:10.864,34300.0,1.272471,0.145985401459854,0.04593946199787739,0.145985401459854,180,185.153,34200.0,-0.145985401459854,-0.2457396617980348,0.43795620437956206,-0.583941605839416,0.33761858579378956,-0.6832583474919031,COMPLETE
2026-09-03 13:34:27.161,v1.6.9,20260903_079900_WIDE_HIGH_GAP_SHADOW_E003_133356899414,WIDE_HIGH_GAP_SHADOW,079900,전진건설로봇,2026-09-03 13:33:56.899,42800.0,42842.799999999996,MAIN,MAIN,2026-09-03 13:33:56.876,2026-09-03 13:25:09.007,43800.0,2026-09-03 13:33:56.876,42800.0,527.868649,-2.2831050228310557,False,,2026-09-03 13:33:56.977,42850.0,0.101283,0.11682242990654204,0.01680562428226999,0.11682242990654204,30,30.262,42850.0,0.11682242990654204,0.01680562428226999,0.46728971962616817,0.0,0.36692279682934914,-0.09990009990008973,COMPLETE
2026-09-03 13:34:29.466,v1.6.9,20260903_032940_WIDE_HIGH_GAP_SHADOW_E016_133229450214,WIDE_HIGH_GAP_SHADOW,032940,원익,2026-09-03 13:32:29.450,8550.0,8558.55,MAIN,MAIN,2026-09-03 13:32:29.440,,,2026-09-03 13:32:29.440,8550.0,,,False,,2026-09-03 13:32:29.662,8560.0,0.222039,0.11695906432748539,0.016942122205288603,0.11695906432748539,120,120.016,8810.0,3.0409356725146197,2.9379976748397887,4.678362573099415,-0.46783625730994155,4.573788784315109,-0.5672689883216114,COMPLETE
2026-09-03 13:34:30.660,v1.6.9,20260903_008930_WIDE_HIGH_GAP_SHADOW_E030_133229418641,WIDE_HIGH_GAP_SHADOW,008930,한미사이언스,2026-09-03 13:32:29.418,51700.0,51751.7,MAIN,MAIN,2026-09-03 13:32:29.384,,,2026-09-03 13:32:29.384,51700.0,,,False,,2026-09-03 13:32:29.662,51500.0,0.278574,-0.3868471953578337,-0.4863608345233047,0.3868471953578337,120,121.242,51800.0,0.19342359767891684,0.09333026741151096,0.3868471953578337,-0.5802707930367506,0.2865606347231162,-0.67959120183491,COMPLETE
2026-09-03 13:34:36.661,v1.6.9,20260903_079900_WIDE_HIGH_GAP_SHADOW_E001_133136590380,WIDE_HIGH_GAP_SHADOW,079900,전진건설로봇,2026-09-03 13:31:36.590,43050.0,43093.049999999996,MAIN,MAIN,2026-09-03 13:31:36.578,2026-09-03 13:25:09.007,43800.0,2026-09-03 13:31:36.578,43050.0,387.571166,-1.7123287671232834,False,,2026-09-03 13:31:36.763,43050.0,0.184224,0.0,-0.09990009990008977,0.0,180,180.071,42800.0,-0.5807200929152149,-0.6800400528623425,0.6968641114982579,-0.9291521486643438,0.5962678436546134,-1.0281240246396939,COMPLETE
2026-09-03 13:34:46.265,v1.6.9,20260903_100840_WIDE_HIGH_GAP_SHADOW_E017_132945780022,WIDE_HIGH_GAP_SHADOW,100840,SNT에너지,2026-09-03 13:29:45.780,34300.0,34334.299999999996,MAIN,MAIN,2026-09-03 13:29:45.767,,,2026-09-03 13:29:45.767,34300.0,,,False,,2026-09-03 13:29:47.165,34200.0,1.397516,-0.2915451895043732,-0.3911540354688916,0.2915451895043732,300,300.485,34150.0,-0.43731778425655976,-0.5367810032532938,0.2915451895043732,-0.8746355685131195,0.19135383566871722,-0.9736619066065004,COMPLETE
2026-09-03 13:34:56.960,v1.6.9,20260903_079900_WIDE_HIGH_GAP_SHADOW_E003_133356899414,WIDE_HIGH_GAP_SHADOW,079900,전진건설로봇,2026-09-03 13:33:56.899,42800.0,42842.799999999996,MAIN,MAIN,2026-09-03 13:33:56.876,2026-09-03 13:25:09.007,43800.0,2026-09-03 13:33:56.876,42800.0,527.868649,-2.2831050228310557,False,,2026-09-03 13:33:56.977,42850.0,0.101283,0.11682242990654204,0.01680562428226999,0.11682242990654204,60,60.061,42750.0,-0.11682242990654204,-0.21660582408244944,0.46728971962616817,-0.23364485981308408,0.36692279682934914,-0.33331154826480913,COMPLETE
2026-09-03 13:34:58.260,v1.6.9,20260903_079900_WIDE_HIGH_GAP_SHADOW_E002_133258157274,WIDE_HIGH_GAP_SHADOW,079900,전진건설로봇,2026-09-03 13:32:58.157,43000.0,43042.99999999999,MAIN,MAIN,2026-09-03 13:32:58.134,2026-09-03 13:25:09.007,43800.0,2026-09-03 13:32:58.134,43000.0,469.126773,-1.82648401826484,False,,2026-09-03 13:32:58.183,42950.0,0.049041,-0.11627906976744186,-0.2160630067606643,0.11627906976744186,120,120.104,42750.0,-0.5813953488372093,-0.6807146342029895,0.813953488372093,-0.813953488372093,0.7132402481239861,-0.9130404479241522,COMPLETE
2026-09-03 13:35:29.473,v1.6.9,20260903_008930_WIDE_HIGH_GAP_SHADOW_E030_133229418641,WIDE_HIGH_GAP_SHADOW,008930,한미사이언스,2026-09-03 13:32:29.418,51700.0,51751.7,MAIN,MAIN,2026-09-03 13:32:29.384,,,2026-09-03 13:32:29.384,51700.0,,,False,,2026-09-03 13:32:29.662,51500.0,0.278574,-0.3868471953578337,-0.4863608345233047,0.3868471953578337,180,180.055,51700.0,0.0,-0.09990009990009428,0.3868471953578337,-0.5802707930367506,0.2865606347231162,-0.67959120183491,COMPLETE
2026-09-03 13:35:29.500,v1.6.9,20260903_032940_WIDE_HIGH_GAP_SHADOW_E016_133229450214,WIDE_HIGH_GAP_SHADOW,032940,원익,2026-09-03 13:32:29.450,8550.0,8558.55,MAIN,MAIN,2026-09-03 13:32:29.440,,,2026-09-03 13:32:29.440,8550.0,,,False,,2026-09-03 13:32:29.662,8560.0,0.222039,0.11695906432748539,0.016942122205288603,0.11695906432748539,180,180.051,8790.0,2.807017543859649,2.7043132306290287,4.678362573099415,-0.46783625730994155,4.573788784315109,-0.5672689883216114,COMPLETE
2026-09-03 13:35:57.158,v1.6.9,20260903_079900_WIDE_HIGH_GAP_SHADOW_E003_133356899414,WIDE_HIGH_GAP_SHADOW,079900,전진건설로봇,2026-09-03 13:33:56.899,42800.0,42842.799999999996,MAIN,MAIN,2026-09-03 13:33:56.876,2026-09-03 13:25:09.007,43800.0,2026-09-03 13:33:56.876,42800.0,527.868649,-2.2831050228310557,False,,2026-09-03 13:33:56.977,42850.0,0.101283,0.11682242990654204,0.01680562428226999,0.11682242990654204,120,120.26,42800.0,0.0,-0.09990009990008973,0.46728971962616817,-0.23364485981308408,0.36692279682934914,-0.33331154826480913,COMPLETE
2026-09-03 13:35:58.261,v1.6.9,20260903_079900_WIDE_HIGH_GAP_SHADOW_E002_133258157274,WIDE_HIGH_GAP_SHADOW,079900,전진건설로봇,2026-09-03 13:32:58.157,43000.0,43042.99999999999,MAIN,MAIN,2026-09-03 13:32:58.134,2026-09-03 13:25:09.007,43800.0,2026-09-03 13:32:58.134,43000.0,469.126773,-1.82648401826484,False,,2026-09-03 13:32:58.183,42950.0,0.049041,-0.11627906976744186,-0.2160630067606643,0.11627906976744186,180,180.104,42800.0,-0.46511627906976744,-0.5645517273424082,0.813953488372093,-0.813953488372093,0.7132402481239861,-0.9130404479241522,COMPLETE
2026-09-03 13:36:13.680,v1.6.9,20260903_100840_WIDE_HIGH_GAP_SHADOW_E018_133109618782,WIDE_HIGH_GAP_SHADOW,100840,SNT에너지,2026-09-03 13:31:09.618,34250.0,34284.24999999999,MAIN,MAIN,2026-09-03 13:31:09.592,,,2026-09-03 13:31:09.592,34250.0,,,False,,2026-09-03 13:31:10.864,34300.0,1.272471,0.145985401459854,0.04593946199787739,0.145985401459854,300,304.061,34100.0,-0.43795620437956206,-0.537418785593947,0.43795620437956206,-0.7299270072992701,0.33761858579378956,-0.8290979093898591,COMPLETE
2026-09-03 13:36:36.960,v1.6.9,20260903_079900_WIDE_HIGH_GAP_SHADOW_E001_133136590380,WIDE_HIGH_GAP_SHADOW,079900,전진건설로봇,2026-09-03 13:31:36.590,43050.0,43093.049999999996,MAIN,MAIN,2026-09-03 13:31:36.578,2026-09-03 13:25:09.007,43800.0,2026-09-03 13:31:36.578,43050.0,387.571166,-1.7123287671232834,False,,2026-09-03 13:31:36.763,43050.0,0.184224,0.0,-0.09990009990008977,0.0,300,300.371,43000.0,-0.11614401858304298,-0.21592809049254033,0.6968641114982579,-0.9291521486643438,0.5962678436546134,-1.0281240246396939,COMPLETE
2026-09-03 13:36:57.059,v1.6.9,20260903_079900_WIDE_HIGH_GAP_SHADOW_E003_133356899414,WIDE_HIGH_GAP_SHADOW,079900,전진건설로봇,2026-09-03 13:33:56.899,42800.0,42842.799999999996,MAIN,MAIN,2026-09-03 13:33:56.876,2026-09-03 13:25:09.007,43800.0,2026-09-03 13:33:56.876,42800.0,527.868649,-2.2831050228310557,False,,2026-09-03 13:33:56.977,42850.0,0.101283,0.11682242990654204,0.01680562428226999,0.11682242990654204,180,180.16,43100.0,0.7009345794392523,0.6003342451940685,0.7009345794392523,-0.23364485981308408,0.6003342451940685,-0.33331154826480913,COMPLETE
2026-09-03 13:37:21.161,v1.6.9,20260903_015760_SHADOW_SCORE_70_74_E008_133648988628,SHADOW_SCORE_70_74,015760,한국전력,2026-09-03 13:36:48.988,32800.0,32832.799999999996,MAIN,MAIN,2026-09-03 13:36:48.936,,,2026-09-03 13:36:48.936,32800.0,,,False,,2026-09-03 13:36:50.169,32850.0,1.233149,0.1524390243902439,0.05238663775250471,0.1524390243902439,30,32.173,32850.0,0.1524390243902439,0.05238663775250471,0.1524390243902439,0.0,0.05238663775250471,-0.09990009990008661,COMPLETE
2026-09-03 13:37:29.558,v1.6.9,20260903_032940_WIDE_HIGH_GAP_SHADOW_E016_133229450214,WIDE_HIGH_GAP_SHADOW,032940,원익,2026-09-03 13:32:29.450,8550.0,8558.55,MAIN,MAIN,2026-09-03 13:32:29.440,,,2026-09-03 13:32:29.440,8550.0,,,False,,2026-09-03 13:32:29.662,8560.0,0.222039,0.11695906432748539,0.016942122205288603,0.11695906432748539,300,300.108,8740.0,2.2222222222222223,2.120102120102129,4.678362573099415,-0.46783625730994155,4.573788784315109,-0.5672689883216114,COMPLETE
2026-09-03 13:37:32.057,v1.6.9,20260903_008930_WIDE_HIGH_GAP_SHADOW_E030_133229418641,WIDE_HIGH_GAP_SHADOW,008930,한미사이언스,2026-09-03 13:32:29.418,51700.0,51751.7,MAIN,MAIN,2026-09-03 13:32:29.384,,,2026-09-03 13:32:29.384,51700.0,,,False,,2026-09-03 13:32:29.662,51500.0,0.278574,-0.3868471953578337,-0.4863608345233047,0.3868471953578337,300,302.639,51550.0,-0.2901353965183753,-0.3897456508675021,0.3868471953578337,-0.5802707930367506,0.2865606347231162,-0.67959120183491,COMPLETE
2026-09-03 13:37:52.158,v1.6.9,20260903_015760_SHADOW_SCORE_70_74_E008_133648988628,SHADOW_SCORE_70_74,015760,한국전력,2026-09-03 13:36:48.988,32800.0,32832.799999999996,MAIN,MAIN,2026-09-03 13:36:48.936,,,2026-09-03 13:36:48.936,32800.0,,,False,,2026-09-03 13:36:50.169,32850.0,1.233149,0.1524390243902439,0.05238663775250471,0.1524390243902439,60,63.17,32850.0,0.1524390243902439,0.05238663775250471,0.1524390243902439,0.0,0.05238663775250471,-0.09990009990008661,COMPLETE
2026-09-03 13:37:58.670,v1.6.9,20260903_079900_WIDE_HIGH_GAP_SHADOW_E002_133258157274,WIDE_HIGH_GAP_SHADOW,079900,전진건설로봇,2026-09-03 13:32:58.157,43000.0,43042.99999999999,MAIN,MAIN,2026-09-03 13:32:58.134,2026-09-03 13:25:09.007,43800.0,2026-09-03 13:32:58.134,43000.0,469.126773,-1.82648401826484,False,,2026-09-03 13:32:58.183,42950.0,0.049041,-0.11627906976744186,-0.2160630067606643,0.11627906976744186,300,300.514,43050.0,0.11627906976744186,0.016262806960498286,0.813953488372093,-0.813953488372093,0.7132402481239861,-0.9130404479241522,COMPLETE
2026-09-03 13:38:19.857,v1.6.9,20260903_015760_SHADOW_SCORE_70_74_E009_133749238960,SHADOW_SCORE_70_74,015760,한국전력,2026-09-03 13:37:49.238,32800.0,32832.799999999996,MAIN,MAIN,2026-09-03 13:37:49.173,,,2026-09-03 13:37:49.173,32800.0,,,False,,2026-09-03 13:37:52.158,32850.0,2.985249,0.1524390243902439,0.05238663775250471,0.1524390243902439,30,30.619,32800.0,0.0,-0.09990009990008661,0.1524390243902439,0.0,0.05238663775250471,-0.09990009990008661,COMPLETE
2026-09-03 13:38:21.158,v1.6.9,20260903_100840_WIDE_HIGH_GAP_SHADOW_E019_133749137695,WIDE_HIGH_GAP_SHADOW,100840,SNT에너지,2026-09-03 13:37:49.137,34250.0,34284.24999999999,MAIN,MAIN,2026-09-03 13:37:49.117,,,2026-09-03 13:37:49.117,34250.0,,,False,,2026-09-03 13:37:50.657,34000.0,1.540154,-0.7299270072992701,-0.8290979093898591,0.7299270072992701,30,32.021,34200.0,-0.145985401459854,-0.2457396617980348,0.0,-0.7299270072992701,-0.0999000999000787,-0.8290979093898591,COMPLETE
2026-09-03 13:38:48.356,v1.6.9,20260903_079900_WIDE_HIGH_GAP_SHADOW_E004_133817482960,WIDE_HIGH_GAP_SHADOW,079900,전진건설로봇,2026-09-03 13:38:17.482,43000.0,43042.99999999999,MAIN,MAIN,2026-09-03 13:38:17.453,2026-09-03 13:25:09.007,43800.0,2026-09-03 13:38:17.453,43000.0,788.445777,-1.82648401826484,False,,2026-09-03 13:38:18.557,42850.0,1.103779,-0.3488372093023256,-0.44838882048182693,0.3488372093023256,30,30.874,42800.0,-0.46511627906976744,-0.5645517273424082,0.0,-0.46511627906976744,-0.09990009990008301,-0.5645517273424082,COMPLETE
2026-09-03 13:38:49.558,v1.6.9,20260903_015760_SHADOW_SCORE_70_74_E008_133648988628,SHADOW_SCORE_70_74,015760,한국전력,2026-09-03 13:36:48.988,32800.0,32832.799999999996,MAIN,MAIN,2026-09-03 13:36:48.936,,,2026-09-03 13:36:48.936,32800.0,,,False,,2026-09-03 13:36:50.169,32850.0,1.233149,0.1524390243902439,0.05238663775250471,0.1524390243902439,120,120.57,32800.0,0.0,-0.09990009990008661,0.1524390243902439,0.0,0.05238663775250471,-0.09990009990008661,COMPLETE
2026-09-03 13:38:49.558,v1.6.9,20260903_015760_SHADOW_SCORE_70_74_E009_133749238960,SHADOW_SCORE_70_74,015760,한국전력,2026-09-03 13:37:49.238,32800.0,32832.799999999996,MAIN,MAIN,2026-09-03 13:37:49.173,,,2026-09-03 13:37:49.173,32800.0,,,False,,2026-09-03 13:37:52.158,32850.0,2.985249,0.1524390243902439,0.05238663775250471,0.1524390243902439,60,60.319,32800.0,0.0,-0.09990009990008661,0.1524390243902439,0.0,0.05238663775250471,-0.09990009990008661,COMPLETE
2026-09-03 13:38:49.856,v1.6.9,20260903_100840_WIDE_HIGH_GAP_SHADOW_E019_133749137695,WIDE_HIGH_GAP_SHADOW,100840,SNT에너지,2026-09-03 13:37:49.137,34250.0,34284.24999999999,MAIN,MAIN,2026-09-03 13:37:49.117,,,2026-09-03 13:37:49.117,34250.0,,,False,,2026-09-03 13:37:50.657,34000.0,1.540154,-0.7299270072992701,-0.8290979093898591,0.7299270072992701,60,60.719,34050.0,-0.583941605839416,-0.6832583474919031,0.0,-0.7299270072992701,-0.0999000999000787,-0.8290979093898591,COMPLETE
2026-09-03 13:38:57.707,v1.6.9,20260903_079900_WIDE_HIGH_GAP_SHADOW_E003_133356899414,WIDE_HIGH_GAP_SHADOW,079900,전진건설로봇,2026-09-03 13:33:56.899,42800.0,42842.799999999996,MAIN,MAIN,2026-09-03 13:33:56.876,2026-09-03 13:25:09.007,43800.0,2026-09-03 13:33:56.876,42800.0,527.868649,-2.2831050228310557,False,,2026-09-03 13:33:56.977,42850.0,0.101283,0.11682242990654204,0.01680562428226999,0.11682242990654204,300,300.808,42800.0,0.0,-0.09990009990008973,0.9345794392523363,-0.23364485981308408,0.833745693558788,-0.33331154826480913,COMPLETE
2026-09-03 13:39:17.656,v1.6.9,20260903_079900_WIDE_HIGH_GAP_SHADOW_E004_133817482960,WIDE_HIGH_GAP_SHADOW,079900,전진건설로봇,2026-09-03 13:38:17.482,43000.0,43042.99999999999,MAIN,MAIN,2026-09-03 13:38:17.453,2026-09-03 13:25:09.007,43800.0,2026-09-03 13:38:17.453,43000.0,788.445777,-1.82648401826484,False,,2026-09-03 13:38:18.557,42850.0,1.103779,-0.3488372093023256,-0.44838882048182693,0.3488372093023256,60,60.174,42750.0,-0.5813953488372093,-0.6807146342029895,0.0,-0.6976744186046512,-0.09990009990008301,-0.7968775410635709,COMPLETE
2026-09-03 13:39:18.258,v1.6.9,20260903_008930_WIDE_HIGH_GAP_SHADOW_E031_133846793866,WIDE_HIGH_GAP_SHADOW,008930,한미사이언스,2026-09-03 13:38:46.793,51600.0,51651.59999999999,MAIN,MAIN,2026-09-03 13:38:46.756,,,2026-09-03 13:38:46.756,51600.0,,,False,,2026-09-03 13:38:52.456,51600.0,5.699987,0.0,-0.09990009990008301,0.0,30,31.464,51500.0,-0.1937984496124031,-0.29350494466771854,0.0,-0.3875968992248062,-0.09990009990008301,-0.48710978943535405,COMPLETE
2026-09-03 13:39:47.356,v1.6.9,20260903_008930_WIDE_HIGH_GAP_SHADOW_E031_133846793866,WIDE_HIGH_GAP_SHADOW,008930,한미사이언스,2026-09-03 13:38:46.793,51600.0,51651.59999999999,MAIN,MAIN,2026-09-03 13:38:46.756,,,2026-09-03 13:38:46.756,51600.0,,,False,,2026-09-03 13:38:52.456,51600.0,5.699987,0.0,-0.09990009990008301,0.0,60,60.562,51400.0,-0.3875968992248062,-0.48710978943535405,0.0,-0.3875968992248062,-0.09990009990008301,-0.48710978943535405,COMPLETE
2026-09-03 13:39:50.756,v1.6.9,20260903_015760_SHADOW_SCORE_70_74_E008_133648988628,SHADOW_SCORE_70_74,015760,한국전력,2026-09-03 13:36:48.988,32800.0,32832.799999999996,MAIN,MAIN,2026-09-03 13:36:48.936,,,2026-09-03 13:36:48.936,32800.0,,,False,,2026-09-03 13:36:50.169,32850.0,1.233149,0.1524390243902439,0.05238663775250471,0.1524390243902439,180,181.768,32800.0,0.0,-0.09990009990008661,0.1524390243902439,-0.1524390243902439,0.05238663775250471,-0.25218683755267796,COMPLETE
2026-09-03 13:39:50.756,v1.6.9,20260903_015760_SHADOW_SCORE_70_74_E010_133916537018,SHADOW_SCORE_70_74,015760,한국전력,2026-09-03 13:39:16.537,32850.0,32882.85,MAIN,MAIN,2026-09-03 13:39:16.497,,,2026-09-03 13:39:16.497,32850.0,,,False,,2026-09-03 13:39:16.756,32750.0,0.259243,-0.30441400304414,-0.40400999305108454,0.30441400304414,30,34.22,32800.0,-0.15220700152207,-0.25195504647559,0.0,-0.30441400304414,-0.09990009990009548,-0.40400999305108454,COMPLETE
2026-09-03 13:39:50.756,v1.6.9,20260903_015760_SHADOW_SCORE_70_74_E009_133749238960,SHADOW_SCORE_70_74,015760,한국전력,2026-09-03 13:37:49.238,32800.0,32832.799999999996,MAIN,MAIN,2026-09-03 13:37:49.173,,,2026-09-03 13:37:49.173,32800.0,,,False,,2026-09-03 13:37:52.158,32850.0,2.985249,0.1524390243902439,0.05238663775250471,0.1524390243902439,120,121.518,32800.0,0.0,-0.09990009990008661,0.1524390243902439,-0.1524390243902439,0.05238663775250471,-0.25218683755267796,COMPLETE
2026-09-03 13:39:54.057,v1.6.9,20260903_100840_WIDE_HIGH_GAP_SHADOW_E019_133749137695,WIDE_HIGH_GAP_SHADOW,100840,SNT에너지,2026-09-03 13:37:49.137,34250.0,34284.24999999999,MAIN,MAIN,2026-09-03 13:37:49.117,,,2026-09-03 13:37:49.117,34250.0,,,False,,2026-09-03 13:37:50.657,34000.0,1.540154,-0.7299270072992701,-0.8290979093898591,0.7299270072992701,120,124.92,34000.0,-0.7299270072992701,-0.8290979093898591,0.0,-0.7299270072992701,-0.0999000999000787,-0.8290979093898591,COMPLETE
2026-09-03 13:40:17.357,v1.6.9,20260903_015760_SHADOW_SCORE_70_74_E010_133916537018,SHADOW_SCORE_70_74,015760,한국전력,2026-09-03 13:39:16.537,32850.0,32882.85,MAIN,MAIN,2026-09-03 13:39:16.497,,,2026-09-03 13:39:16.497,32850.0,,,False,,2026-09-03 13:39:16.756,32750.0,0.259243,-0.30441400304414,-0.40400999305108454,0.30441400304414,60,60.82,32800.0,-0.15220700152207,-0.25195504647559,0.0,-0.30441400304414,-0.09990009990009548,-0.40400999305108454,COMPLETE
2026-09-03 13:40:17.855,v1.6.9,20260903_079900_WIDE_HIGH_GAP_SHADOW_E004_133817482960,WIDE_HIGH_GAP_SHADOW,079900,전진건설로봇,2026-09-03 13:38:17.482,43000.0,43042.99999999999,MAIN,MAIN,2026-09-03 13:38:17.453,2026-09-03 13:25:09.007,43800.0,2026-09-03 13:38:17.453,43000.0,788.445777,-1.82648401826484,False,,2026-09-03 13:38:18.557,42850.0,1.103779,-0.3488372093023256,-0.44838882048182693,0.3488372093023256,120,120.372,42600.0,-0.9302325581395349,-1.0292033547847335,0.0,-1.627906976744186,-0.09990009990008301,-1.7261807959482214,COMPLETE
2026-09-03 13:40:48.856,v1.6.9,20260903_008930_WIDE_HIGH_GAP_SHADOW_E031_133846793866,WIDE_HIGH_GAP_SHADOW,008930,한미사이언스,2026-09-03 13:38:46.793,51600.0,51651.59999999999,MAIN,MAIN,2026-09-03 13:38:46.756,,,2026-09-03 13:38:46.756,51600.0,,,False,,2026-09-03 13:38:52.456,51600.0,5.699987,0.0,-0.09990009990008301,0.0,120,122.063,51600.0,0.0,-0.09990009990008301,0.0,-0.3875968992248062,-0.09990009990008301,-0.48710978943535405,COMPLETE
2026-09-03 13:40:49.555,v1.6.9,20260903_015760_SHADOW_SCORE_70_74_E009_133749238960,SHADOW_SCORE_70_74,015760,한국전력,2026-09-03 13:37:49.238,32800.0,32832.799999999996,MAIN,MAIN,2026-09-03 13:37:49.173,,,2026-09-03 13:37:49.173,32800.0,,,False,,2026-09-03 13:37:52.158,32850.0,2.985249,0.1524390243902439,0.05238663775250471,0.1524390243902439,180,180.316,32800.0,0.0,-0.09990009990008661,0.1524390243902439,-0.1524390243902439,0.05238663775250471,-0.25218683755267796,COMPLETE
2026-09-03 13:40:50.356,v1.6.9,20260903_100840_WIDE_HIGH_GAP_SHADOW_E019_133749137695,WIDE_HIGH_GAP_SHADOW,100840,SNT에너지,2026-09-03 13:37:49.137,34250.0,34284.24999999999,MAIN,MAIN,2026-09-03 13:37:49.117,,,2026-09-03 13:37:49.117,34250.0,,,False,,2026-09-03 13:37:50.657,34000.0,1.540154,-0.7299270072992701,-0.8290979093898591,0.7299270072992701,180,181.219,33950.0,-0.8759124087591241,-0.9749374712878153,0.0,-1.0218978102189782,-0.0999000999000787,-1.1207770331857714,COMPLETE
2026-09-03 13:41:17.493,v1.6.9,20260903_079900_WIDE_HIGH_GAP_SHADOW_E004_133817482960,WIDE_HIGH_GAP_SHADOW,079900,전진건설로봇,2026-09-03 13:38:17.482,43000.0,43042.99999999999,MAIN,MAIN,2026-09-03 13:38:17.453,2026-09-03 13:25:09.007,43800.0,2026-09-03 13:38:17.453,43000.0,788.445777,-1.82648401826484,False,,2026-09-03 13:38:18.557,42850.0,1.103779,-0.3488372093023256,-0.44838882048182693,0.3488372093023256,180,180.011,43450.0,1.0465116279069768,0.9455660618451487,1.1627906976744187,-1.627906976744186,1.06172896870573,-1.7261807959482214,COMPLETE
2026-09-03 13:41:20.255,v1.6.9,20260903_015760_SHADOW_SCORE_70_74_E010_133916537018,SHADOW_SCORE_70_74,015760,한국전력,2026-09-03 13:39:16.537,32850.0,32882.85,MAIN,MAIN,2026-09-03 13:39:16.497,,,2026-09-03 13:39:16.497,32850.0,,,False,,2026-09-03 13:39:16.756,32750.0,0.259243,-0.30441400304414,-0.40400999305108454,0.30441400304414,120,123.719,32800.0,-0.15220700152207,-0.25195504647559,0.0,-0.30441400304414,-0.09990009990009548,-0.40400999305108454,COMPLETE
2026-09-03 13:41:22.154,v1.6.9,20260903_008930_WIDE_HIGH_GAP_SHADOW_E032_134052117548,WIDE_HIGH_GAP_SHADOW,008930,한미사이언스,2026-09-03 13:40:52.117,51600.0,51651.59999999999,MAIN,MAIN,2026-09-03 13:40:52.107,,,2026-09-03 13:40:52.107,51600.0,,,False,,2026-09-03 13:40:54.355,51500.0,2.24836,-0.1937984496124031,-0.29350494466771854,0.1937984496124031,30,30.037,51500.0,-0.1937984496124031,-0.29350494466771854,0.0,-0.1937984496124031,-0.09990009990008301,-0.29350494466771854,COMPLETE
2026-09-03 13:41:46.954,v1.6.9,20260903_008930_WIDE_HIGH_GAP_SHADOW_E031_133846793866,WIDE_HIGH_GAP_SHADOW,008930,한미사이언스,2026-09-03 13:38:46.793,51600.0,51651.59999999999,MAIN,MAIN,2026-09-03 13:38:46.756,,,2026-09-03 13:38:46.756,51600.0,,,False,,2026-09-03 13:38:52.456,51600.0,5.699987,0.0,-0.09990009990008301,0.0,180,180.161,51600.0,0.0,-0.09990009990008301,0.0,-0.3875968992248062,-0.09990009990008301,-0.48710978943535405,COMPLETE
2026-09-03 13:41:51.164,v1.6.9,20260903_015760_SHADOW_SCORE_70_74_E008_133648988628,SHADOW_SCORE_70_74,015760,한국전력,2026-09-03 13:36:48.988,32800.0,32832.799999999996,MAIN,MAIN,2026-09-03 13:36:48.936,,,2026-09-03 13:36:48.936,32800.0,,,False,,2026-09-03 13:36:50.169,32850.0,1.233149,0.1524390243902439,0.05238663775250471,0.1524390243902439,300,302.175,32800.0,0.0,-0.09990009990008661,0.1524390243902439,-0.1524390243902439,0.05238663775250471,-0.25218683755267796,COMPLETE
2026-09-03 13:42:00.054,v1.6.9,20260903_008930_WIDE_HIGH_GAP_SHADOW_E032_134052117548,WIDE_HIGH_GAP_SHADOW,008930,한미사이언스,2026-09-03 13:40:52.117,51600.0,51651.59999999999,MAIN,MAIN,2026-09-03 13:40:52.107,,,2026-09-03 13:40:52.107,51600.0,,,False,,2026-09-03 13:40:54.355,51500.0,2.24836,-0.1937984496124031,-0.29350494466771854,0.1937984496124031,60,67.937,51500.0,-0.1937984496124031,-0.29350494466771854,0.0,-0.1937984496124031,-0.09990009990008301,-0.29350494466771854,COMPLETE
2026-09-03 13:42:19.453,v1.6.9,20260903_015760_SHADOW_SCORE_70_74_E010_133916537018,SHADOW_SCORE_70_74,015760,한국전력,2026-09-03 13:39:16.537,32850.0,32882.85,MAIN,MAIN,2026-09-03 13:39:16.497,,,2026-09-03 13:39:16.497,32850.0,,,False,,2026-09-03 13:39:16.756,32750.0,0.259243,-0.30441400304414,-0.40400999305108454,0.30441400304414,180,182.917,32750.0,-0.30441400304414,-0.40400999305108454,0.0,-0.30441400304414,-0.09990009990009548,-0.40400999305108454,COMPLETE
2026-09-03 13:42:52.972,v1.6.9,20260903_079900_WIDE_HIGH_GAP_SHADOW_E005_134222971411,WIDE_HIGH_GAP_SHADOW,079900,전진건설로봇,2026-09-03 13:42:22.971,42950.0,42992.95,MAIN,MAIN,2026-09-03 13:42:22.961,2026-09-03 13:25:09.007,43800.0,2026-09-03 13:42:22.961,42950.0,1033.953865,-1.9406392694063967,False,,2026-09-03 13:42:23.355,43125.0,0.394032,0.4074505238649592,0.30714338048448153,0.4074505238649592,30,30.001,42850.0,-0.23282887077997672,-0.3324963744055644,0.5820721769499418,-0.3492433061699651,0.481590586363585,-0.44879451165830003,COMPLETE
2026-09-03 13:42:54.256,v1.6.9,20260903_100840_WIDE_HIGH_GAP_SHADOW_E019_133749137695,WIDE_HIGH_GAP_SHADOW,100840,SNT에너지,2026-09-03 13:37:49.137,34250.0,34284.24999999999,MAIN,MAIN,2026-09-03 13:37:49.117,,,2026-09-03 13:37:49.117,34250.0,,,False,,2026-09-03 13:37:50.657,34000.0,1.540154,-0.7299270072992701,-0.8290979093898591,0.7299270072992701,300,305.119,33900.0,-1.0218978102189782,-1.1207770331857714,0.0,-1.313868613138686,-0.0999000999000787,-1.4124561569816836,COMPLETE
2026-09-03 13:42:54.654,v1.6.9,20260903_015760_SHADOW_SCORE_70_74_E009_133749238960,SHADOW_SCORE_70_74,015760,한국전력,2026-09-03 13:37:49.238,32800.0,32832.799999999996,MAIN,MAIN,2026-09-03 13:37:49.173,,,2026-09-03 13:37:49.173,32800.0,,,False,,2026-09-03 13:37:52.158,32850.0,2.985249,0.1524390243902439,0.05238663775250471,0.1524390243902439,300,305.415,32725.0,-0.22865853658536583,-0.32833020637897364,0.1524390243902439,-0.22865853658536583,0.05238663775250471,-0.32833020637897364,COMPLETE
2026-09-03 13:42:59.867,v1.6.9,20260903_008930_WIDE_HIGH_GAP_SHADOW_E032_134052117548,WIDE_HIGH_GAP_SHADOW,008930,한미사이언스,2026-09-03 13:40:52.117,51600.0,51651.59999999999,MAIN,MAIN,2026-09-03 13:40:52.107,,,2026-09-03 13:40:52.107,51600.0,,,False,,2026-09-03 13:40:54.355,51500.0,2.24836,-0.1937984496124031,-0.29350494466771854,0.1937984496124031,120,127.75,51600.0,0.0,-0.09990009990008301,0.0,-0.1937984496124031,-0.09990009990008301,-0.29350494466771854,COMPLETE
2026-09-03 13:43:17.860,v1.6.9,20260903_079900_WIDE_HIGH_GAP_SHADOW_E004_133817482960,WIDE_HIGH_GAP_SHADOW,079900,전진건설로봇,2026-09-03 13:38:17.482,43000.0,43042.99999999999,MAIN,MAIN,2026-09-03 13:38:17.453,2026-09-03 13:25:09.007,43800.0,2026-09-03 13:38:17.453,43000.0,788.445777,-1.82648401826484,False,,2026-09-03 13:38:18.557,42850.0,1.103779,-0.3488372093023256,-0.44838882048182693,0.3488372093023256,300,300.377,42750.0,-0.5813953488372093,-0.6807146342029895,1.2790697674418605,-1.627906976744186,1.1778918755663113,-1.7261807959482214,COMPLETE
2026-09-03 13:43:23.358,v1.6.9,20260903_079900_WIDE_HIGH_GAP_SHADOW_E005_134222971411,WIDE_HIGH_GAP_SHADOW,079900,전진건설로봇,2026-09-03 13:42:22.971,42950.0,42992.95,MAIN,MAIN,2026-09-03 13:42:22.961,2026-09-03 13:25:09.007,43800.0,2026-09-03 13:42:22.961,42950.0,1033.953865,-1.9406392694063967,False,,2026-09-03 13:42:23.355,43125.0,0.394032,0.4074505238649592,0.30714338048448153,0.4074505238649592,60,60.387,42700.0,-0.5820721769499418,-0.6813907861637712,0.5820721769499418,-0.9313154831199069,0.481590586363585,-1.0302851979219783,COMPLETE
2026-09-03 13:43:51.052,v1.6.9,20260903_079900_WIDE_HIGH_GAP_SHADOW_E006_134320550393,WIDE_HIGH_GAP_SHADOW,079900,전진건설로봇,2026-09-03 13:43:20.550,42550.0,42592.549999999996,MAIN,MAIN,2026-09-03 13:43:20.528,2026-09-03 13:25:09.007,43800.0,2026-09-03 13:43:20.528,42550.0,1091.521018,-2.853881278538817,False,,2026-09-03 13:43:20.554,42700.0,0.025562,0.35252643948296125,0.25227416531765384,0.35252643948296125,30,30.502,42550.0,0.0,-0.09990009990008966,0.35252643948296125,-0.23501762632197415,0.25227416531765384,-0.33468294337858534,COMPLETE
2026-09-03 13:43:53.852,v1.6.9,20260903_008930_WIDE_HIGH_GAP_SHADOW_E031_133846793866,WIDE_HIGH_GAP_SHADOW,008930,한미사이언스,2026-09-03 13:38:46.793,51600.0,51651.59999999999,MAIN,MAIN,2026-09-03 13:38:46.756,,,2026-09-03 13:38:46.756,51600.0,,,False,,2026-09-03 13:38:52.456,51600.0,5.699987,0.0,-0.09990009990008301,0.0,300,307.059,51500.0,-0.1937984496124031,-0.29350494466771854,0.0,-0.3875968992248062,-0.09990009990008301,-0.48710978943535405,COMPLETE
2026-09-03 13:43:53.852,v1.6.9,20260903_008930_WIDE_HIGH_GAP_SHADOW_E032_134052117548,WIDE_HIGH_GAP_SHADOW,008930,한미사이언스,2026-09-03 13:40:52.117,51600.0,51651.59999999999,MAIN,MAIN,2026-09-03 13:40:52.107,,,2026-09-03 13:40:52.107,51600.0,,,False,,2026-09-03 13:40:54.355,51500.0,2.24836,-0.1937984496124031,-0.29350494466771854,0.1937984496124031,180,181.735,51500.0,-0.1937984496124031,-0.29350494466771854,0.0,-0.1937984496124031,-0.09990009990008301,-0.29350494466771854,COMPLETE
2026-09-03 13:44:18.352,v1.6.9,20260903_015760_SHADOW_SCORE_70_74_E010_133916537018,SHADOW_SCORE_70_74,015760,한국전력,2026-09-03 13:39:16.537,32850.0,32882.85,MAIN,MAIN,2026-09-03 13:39:16.497,,,2026-09-03 13:39:16.497,32850.0,,,False,,2026-09-03 13:39:16.756,32750.0,0.259243,-0.30441400304414,-0.40400999305108454,0.30441400304414,300,301.816,32750.0,-0.30441400304414,-0.40400999305108454,0.0,-0.45662100456621,-0.09990009990009548,-0.5560649396265791,COMPLETE
2026-09-03 13:44:20.653,v1.6.9,20260903_079900_WIDE_HIGH_GAP_SHADOW_E006_134320550393,WIDE_HIGH_GAP_SHADOW,079900,전진건설로봇,2026-09-03 13:43:20.550,42550.0,42592.549999999996,MAIN,MAIN,2026-09-03 13:43:20.528,2026-09-03 13:25:09.007,43800.0,2026-09-03 13:43:20.528,42550.0,1091.521018,-2.853881278538817,False,,2026-09-03 13:43:20.554,42700.0,0.025562,0.35252643948296125,0.25227416531765384,0.35252643948296125,60,60.103,42600.0,0.11750881316098707,0.017491321839158178,0.35252643948296125,-0.35252643948296125,0.25227416531765384,-0.45207436511783317,COMPLETE
2026-09-03 13:44:23.052,v1.6.9,20260903_079900_WIDE_HIGH_GAP_SHADOW_E005_134222971411,WIDE_HIGH_GAP_SHADOW,079900,전진건설로봇,2026-09-03 13:42:22.971,42950.0,42992.95,MAIN,MAIN,2026-09-03 13:42:22.961,2026-09-03 13:25:09.007,43800.0,2026-09-03 13:42:22.961,42950.0,1033.953865,-1.9406392694063967,False,,2026-09-03 13:42:23.355,43125.0,0.394032,0.4074505238649592,0.30714338048448153,0.4074505238649592,120,120.081,42550.0,-0.9313154831199069,-1.0302851979219783,0.5820721769499418,-1.2805587892898718,0.481590586363585,-1.3791796096801852,COMPLETE
2026-09-03 13:45:16.951,v1.6.9,20260903_079900_WIDE_HIGH_GAP_SHADOW_E007_134446521638,WIDE_HIGH_GAP_SHADOW,079900,전진건설로봇,2026-09-03 13:44:46.521,42600.0,42642.6,MAIN,MAIN,2026-09-03 13:44:46.491,2026-09-03 13:25:09.007,43800.0,2026-09-03 13:44:46.491,42600.0,1177.483662,-2.73972602739726,False,,2026-09-03 13:44:47.151,42750.0,0.660359,0.35211267605633806,0.2518608152411003,0.35211267605633806,30,30.43,42700.0,0.2347417840375587,0.13460717686070142,0.35211267605633806,0.0,0.2518608152411003,-0.09990009990009649,COMPLETE
2026-09-03 13:45:20.551,v1.6.9,20260903_079900_WIDE_HIGH_GAP_SHADOW_E006_134320550393,WIDE_HIGH_GAP_SHADOW,079900,전진건설로봇,2026-09-03 13:43:20.550,42550.0,42592.549999999996,MAIN,MAIN,2026-09-03 13:43:20.528,2026-09-03 13:25:09.007,43800.0,2026-09-03 13:43:20.528,42550.0,1091.521018,-2.853881278538817,False,,2026-09-03 13:43:20.554,42700.0,0.025562,0.35252643948296125,0.25227416531765384,0.35252643948296125,120,120.001,42750.0,0.4700352526439483,0.3696655870569017,0.4700352526439483,-0.35252643948296125,0.3696655870569017,-0.45207436511783317,COMPLETE
2026-09-03 13:45:23.150,v1.6.9,20260903_079900_WIDE_HIGH_GAP_SHADOW_E005_134222971411,WIDE_HIGH_GAP_SHADOW,079900,전진건설로봇,2026-09-03 13:42:22.971,42950.0,42992.95,MAIN,MAIN,2026-09-03 13:42:22.961,2026-09-03 13:25:09.007,43800.0,2026-09-03 13:42:22.961,42950.0,1033.953865,-1.9406392694063967,False,,2026-09-03 13:42:23.355,43125.0,0.394032,0.4074505238649592,0.30714338048448153,0.4074505238649592,180,180.179,42700.0,-0.5820721769499418,-0.6813907861637712,0.5820721769499418,-1.2805587892898718,0.481590586363585,-1.3791796096801852,COMPLETE
2026-09-03 13:45:46.850,v1.6.9,20260903_079900_WIDE_HIGH_GAP_SHADOW_E007_134446521638,WIDE_HIGH_GAP_SHADOW,079900,전진건설로봇,2026-09-03 13:44:46.521,42600.0,42642.6,MAIN,MAIN,2026-09-03 13:44:46.491,2026-09-03 13:25:09.007,43800.0,2026-09-03 13:44:46.491,42600.0,1177.483662,-2.73972602739726,False,,2026-09-03 13:44:47.151,42750.0,0.660359,0.35211267605633806,0.2518608152411003,0.35211267605633806,60,60.329,42700.0,0.2347417840375587,0.13460717686070142,0.35211267605633806,0.0,0.2518608152411003,-0.09990009990009649,COMPLETE
2026-09-03 13:45:53.664,v1.6.9,20260903_008930_WIDE_HIGH_GAP_SHADOW_E032_134052117548,WIDE_HIGH_GAP_SHADOW,008930,한미사이언스,2026-09-03 13:40:52.117,51600.0,51651.59999999999,MAIN,MAIN,2026-09-03 13:40:52.107,,,2026-09-03 13:40:52.107,51600.0,,,False,,2026-09-03 13:40:54.355,51500.0,2.24836,-0.1937984496124031,-0.29350494466771854,0.1937984496124031,300,301.547,51600.0,0.0,-0.09990009990008301,0.3875968992248062,-0.1937984496124031,0.287309589635188,-0.29350494466771854,COMPLETE
2026-09-03 13:46:20.650,v1.6.9,20260903_079900_WIDE_HIGH_GAP_SHADOW_E006_134320550393,WIDE_HIGH_GAP_SHADOW,079900,전진건설로봇,2026-09-03 13:43:20.550,42550.0,42592.549999999996,MAIN,MAIN,2026-09-03 13:43:20.528,2026-09-03 13:25:09.007,43800.0,2026-09-03 13:43:20.528,42550.0,1091.521018,-2.853881278538817,False,,2026-09-03 13:43:20.554,42700.0,0.025562,0.35252643948296125,0.25227416531765384,0.35252643948296125,180,180.1,42600.0,0.11750881316098707,0.017491321839158178,0.8225616921269095,-0.35252643948296125,0.7218398522746452,-0.45207436511783317,COMPLETE
2026-09-03 13:46:46.550,v1.6.9,20260903_079900_WIDE_HIGH_GAP_SHADOW_E007_134446521638,WIDE_HIGH_GAP_SHADOW,079900,전진건설로봇,2026-09-03 13:44:46.521,42600.0,42642.6,MAIN,MAIN,2026-09-03 13:44:46.491,2026-09-03 13:25:09.007,43800.0,2026-09-03 13:44:46.491,42600.0,1177.483662,-2.73972602739726,False,,2026-09-03 13:44:47.151,42750.0,0.660359,0.35211267605633806,0.2518608152411003,0.35211267605633806,120,120.029,42600.0,0.0,-0.09990009990009649,0.7042253521126761,-0.2347417840375587,0.6036217303822972,-0.3344073766608944,COMPLETE
2026-09-03 13:47:23.058,v1.6.9,20260903_079900_WIDE_HIGH_GAP_SHADOW_E005_134222971411,WIDE_HIGH_GAP_SHADOW,079900,전진건설로봇,2026-09-03 13:42:22.971,42950.0,42992.95,MAIN,MAIN,2026-09-03 13:42:22.961,2026-09-03 13:25:09.007,43800.0,2026-09-03 13:42:22.961,42950.0,1033.953865,-1.9406392694063967,False,,2026-09-03 13:42:23.355,43125.0,0.394032,0.4074505238649592,0.30714338048448153,0.4074505238649592,300,300.087,42500.0,-1.0477299185098952,-1.146583335174714,0.5820721769499418,-1.2805587892898718,0.481590586363585,-1.3791796096801852,COMPLETE
2026-09-03 13:47:40.351,v1.6.9,20260903_015760_SHADOW_SCORE_70_74_E011_134709679309,SHADOW_SCORE_70_74,015760,한국전력,2026-09-03 13:47:09.679,32850.0,32882.85,MAIN,MAIN,2026-09-03 13:47:09.630,,,2026-09-03 13:47:09.630,32850.0,,,False,,2026-09-03 13:47:09.849,32900.0,0.218948,0.15220700152207,0.052154846675399054,0.15220700152207,30,30.672,32875.0,0.076103500761035,-0.023872626612348215,0.15220700152207,0.0,0.052154846675399054,-0.09990009990009548,COMPLETE
2026-09-03 13:47:46.649,v1.6.9,20260903_079900_WIDE_HIGH_GAP_SHADOW_E007_134446521638,WIDE_HIGH_GAP_SHADOW,079900,전진건설로봇,2026-09-03 13:44:46.521,42600.0,42642.6,MAIN,MAIN,2026-09-03 13:44:46.491,2026-09-03 13:25:09.007,43800.0,2026-09-03 13:44:46.491,42600.0,1177.483662,-2.73972602739726,False,,2026-09-03 13:44:47.151,42750.0,0.660359,0.35211267605633806,0.2518608152411003,0.35211267605633806,180,180.127,42500.0,-0.2347417840375587,-0.3344073766608944,0.7042253521126761,-0.35211267605633806,0.6036217303822972,-0.45166101504129336,COMPLETE
2026-09-03 13:48:09.949,v1.6.9,20260903_015760_SHADOW_SCORE_70_74_E011_134709679309,SHADOW_SCORE_70_74,015760,한국전력,2026-09-03 13:47:09.679,32850.0,32882.85,MAIN,MAIN,2026-09-03 13:47:09.630,,,2026-09-03 13:47:09.630,32850.0,,,False,,2026-09-03 13:47:09.849,32900.0,0.218948,0.15220700152207,0.052154846675399054,0.15220700152207,60,60.27,32900.0,0.15220700152207,0.052154846675399054,0.15220700152207,0.0,0.052154846675399054,-0.09990009990009548,COMPLETE
2026-09-03 13:48:20.659,v1.6.9,20260903_079900_WIDE_HIGH_GAP_SHADOW_E006_134320550393,WIDE_HIGH_GAP_SHADOW,079900,전진건설로봇,2026-09-03 13:43:20.550,42550.0,42592.549999999996,MAIN,MAIN,2026-09-03 13:43:20.528,2026-09-03 13:25:09.007,43800.0,2026-09-03 13:43:20.528,42550.0,1091.521018,-2.853881278538817,False,,2026-09-03 13:43:20.554,42700.0,0.025562,0.35252643948296125,0.25227416531765384,0.35252643948296125,300,300.109,42350.0,-0.4700352526439483,-0.569465786857081,0.8225616921269095,-0.4700352526439483,0.7218398522746452,-0.569465786857081,COMPLETE
2026-09-03 13:49:11.447,v1.6.9,20260903_015760_SHADOW_SCORE_70_74_E011_134709679309,SHADOW_SCORE_70_74,015760,한국전력,2026-09-03 13:47:09.679,32850.0,32882.85,MAIN,MAIN,2026-09-03 13:47:09.630,,,2026-09-03 13:47:09.630,32850.0,,,False,,2026-09-03 13:47:09.849,32900.0,0.218948,0.15220700152207,0.052154846675399054,0.15220700152207,120,121.769,32900.0,0.15220700152207,0.052154846675399054,0.15220700152207,0.0,0.052154846675399054,-0.09990009990009548,COMPLETE
2026-09-03 13:49:39.447,v1.6.9,20260903_079900_WIDE_HIGH_GAP_SHADOW_E008_134909018527,WIDE_HIGH_GAP_SHADOW,079900,전진건설로봇,2026-09-03 13:49:09.018,42450.0,42492.45,MAIN,MAIN,2026-09-03 13:49:08.999,2026-09-03 13:25:09.007,43800.0,2026-09-03 13:49:08.999,42450.0,1439.991492,-3.082191780821919,False,,2026-09-03 13:49:09.450,42450.0,0.450903,0.0,-0.09990009990009305,0.0,30,30.429,42350.0,-0.23557126030624262,-0.3352360242819538,0.11778563015312131,-0.23557126030624262,0.01776786229083734,-0.3352360242819538,COMPLETE
2026-09-03 13:49:46.847,v1.6.9,20260903_079900_WIDE_HIGH_GAP_SHADOW_E007_134446521638,WIDE_HIGH_GAP_SHADOW,079900,전진건설로봇,2026-09-03 13:44:46.521,42600.0,42642.6,MAIN,MAIN,2026-09-03 13:44:46.491,2026-09-03 13:25:09.007,43800.0,2026-09-03 13:44:46.491,42600.0,1177.483662,-2.73972602739726,False,,2026-09-03 13:44:47.151,42750.0,0.660359,0.35211267605633806,0.2518608152411003,0.35211267605633806,300,300.326,42400.0,-0.4694835680751174,-0.5689146534216922,0.7042253521126761,-0.9389671361502347,0.6036217303822972,-1.0379292069432882,COMPLETE
2026-09-03 13:50:09.060,v1.6.9,20260903_079900_WIDE_HIGH_GAP_SHADOW_E008_134909018527,WIDE_HIGH_GAP_SHADOW,079900,전진건설로봇,2026-09-03 13:49:09.018,42450.0,42492.45,MAIN,MAIN,2026-09-03 13:49:08.999,2026-09-03 13:25:09.007,43800.0,2026-09-03 13:49:08.999,42450.0,1439.991492,-3.082191780821919,False,,2026-09-03 13:49:09.450,42450.0,0.450903,0.0,-0.09990009990009305,0.0,60,60.042,42650.0,0.47114252061248524,0.3707717488636285,0.5889281507656066,-0.23557126030624262,0.48843971105455897,-0.3352360242819538,COMPLETE
2026-09-03 13:50:09.758,v1.6.9,20260903_015760_SHADOW_SCORE_70_74_E011_134709679309,SHADOW_SCORE_70_74,015760,한국전력,2026-09-03 13:47:09.679,32850.0,32882.85,MAIN,MAIN,2026-09-03 13:47:09.630,,,2026-09-03 13:47:09.630,32850.0,,,False,,2026-09-03 13:47:09.849,32900.0,0.218948,0.15220700152207,0.052154846675399054,0.15220700152207,180,180.079,32850.0,0.0,-0.09990009990009548,0.15220700152207,0.0,0.052154846675399054,-0.09990009990009548,COMPLETE
2026-09-03 13:50:46.447,v1.6.9,20260903_008930_WIDE_HIGH_GAP_SHADOW_E033_135009472508,WIDE_HIGH_GAP_SHADOW,008930,한미사이언스,2026-09-03 13:50:09.472,51700.0,51751.7,MAIN,MAIN,2026-09-03 13:50:09.450,,,2026-09-03 13:50:09.450,51700.0,,,False,,2026-09-03 13:50:12.256,51700.0,2.805996,0.0,-0.09990009990009428,0.0,30,36.975,51600.0,-0.19342359767891684,-0.29313046721169955,0.0,-0.3868471953578337,-0.09990009990009428,-0.4863608345233047,COMPLETE
2026-09-03 13:51:09.059,v1.6.9,20260903_079900_WIDE_HIGH_GAP_SHADOW_E008_134909018527,WIDE_HIGH_GAP_SHADOW,079900,전진건설로봇,2026-09-03 13:49:09.018,42450.0,42492.45,MAIN,MAIN,2026-09-03 13:49:08.999,2026-09-03 13:25:09.007,43800.0,2026-09-03 13:49:08.999,42450.0,1439.991492,-3.082191780821919,False,,2026-09-03 13:49:09.450,42450.0,0.450903,0.0,-0.09990009990009305,0.0,120,120.041,42800.0,0.8244994110718492,0.7237756354364198,0.8244994110718492,-0.23557126030624262,0.7237756354364198,-0.3352360242819538,COMPLETE
2026-09-03 13:51:23.357,v1.6.9,20260903_008930_WIDE_HIGH_GAP_SHADOW_E033_135009472508,WIDE_HIGH_GAP_SHADOW,008930,한미사이언스,2026-09-03 13:50:09.472,51700.0,51751.7,MAIN,MAIN,2026-09-03 13:50:09.450,,,2026-09-03 13:50:09.450,51700.0,,,False,,2026-09-03 13:50:12.256,51700.0,2.805996,0.0,-0.09990009990009428,0.0,60,73.885,51500.0,-0.3868471953578337,-0.4863608345233047,0.0,-0.3868471953578337,-0.09990009990009428,-0.4863608345233047,COMPLETE
2026-09-03 13:52:09.555,v1.6.9,20260903_079900_WIDE_HIGH_GAP_SHADOW_E008_134909018527,WIDE_HIGH_GAP_SHADOW,079900,전진건설로봇,2026-09-03 13:49:09.018,42450.0,42492.45,MAIN,MAIN,2026-09-03 13:49:08.999,2026-09-03 13:25:09.007,43800.0,2026-09-03 13:49:08.999,42450.0,1439.991492,-3.082191780821919,False,,2026-09-03 13:49:09.450,42450.0,0.450903,0.0,-0.09990009990009305,0.0,180,180.537,42600.0,0.35335689045936397,0.2531037866726981,1.1778563015312131,-0.23557126030624262,1.076779522009211,-0.3352360242819538,COMPLETE
2026-09-03 13:52:09.855,v1.6.9,20260903_008930_WIDE_HIGH_GAP_SHADOW_E033_135009472508,WIDE_HIGH_GAP_SHADOW,008930,한미사이언스,2026-09-03 13:50:09.472,51700.0,51751.7,MAIN,MAIN,2026-09-03 13:50:09.450,,,2026-09-03 13:50:09.450,51700.0,,,False,,2026-09-03 13:50:12.256,51700.0,2.805996,0.0,-0.09990009990009428,0.0,120,120.383,51700.0,0.0,-0.09990009990009428,0.0,-0.3868471953578337,-0.09990009990009428,-0.4863608345233047,COMPLETE
2026-09-03 13:52:10.255,v1.6.9,20260903_015760_SHADOW_SCORE_70_74_E011_134709679309,SHADOW_SCORE_70_74,015760,한국전력,2026-09-03 13:47:09.679,32850.0,32882.85,MAIN,MAIN,2026-09-03 13:47:09.630,,,2026-09-03 13:47:09.630,32850.0,,,False,,2026-09-03 13:47:09.849,32900.0,0.218948,0.15220700152207,0.052154846675399054,0.15220700152207,300,300.576,32900.0,0.15220700152207,0.052154846675399054,0.30441400304414,0.0,0.20420979325089356,-0.09990009990009548,COMPLETE
2026-09-03 13:53:10.954,v1.6.9,20260903_008930_WIDE_HIGH_GAP_SHADOW_E033_135009472508,WIDE_HIGH_GAP_SHADOW,008930,한미사이언스,2026-09-03 13:50:09.472,51700.0,51751.7,MAIN,MAIN,2026-09-03 13:50:09.450,,,2026-09-03 13:50:09.450,51700.0,,,False,,2026-09-03 13:50:12.256,51700.0,2.805996,0.0,-0.09990009990009428,0.0,180,181.482,51500.0,-0.3868471953578337,-0.4863608345233047,0.0,-0.3868471953578337,-0.09990009990009428,-0.4863608345233047,COMPLETE
2026-09-03 13:53:38.854,v1.6.9,20260903_008930_WIDE_HIGH_GAP_SHADOW_E034_135304943380,WIDE_HIGH_GAP_SHADOW,008930,한미사이언스,2026-09-03 13:53:04.943,51600.0,51651.59999999999,MAIN,MAIN,2026-09-03 13:53:04.936,,,2026-09-03 13:53:04.936,51600.0,,,False,,2026-09-03 13:53:10.954,51500.0,6.01779,-0.1937984496124031,-0.29350494466771854,0.1937984496124031,30,33.911,51600.0,0.0,-0.09990009990008301,0.0,-0.1937984496124031,-0.09990009990008301,-0.29350494466771854,COMPLETE
2026-09-03 13:54:08.053,v1.6.9,20260903_008930_WIDE_HIGH_GAP_SHADOW_E034_135304943380,WIDE_HIGH_GAP_SHADOW,008930,한미사이언스,2026-09-03 13:53:04.943,51600.0,51651.59999999999,MAIN,MAIN,2026-09-03 13:53:04.936,,,2026-09-03 13:53:04.936,51600.0,,,False,,2026-09-03 13:53:10.954,51500.0,6.01779,-0.1937984496124031,-0.29350494466771854,0.1937984496124031,60,63.11,51600.0,0.0,-0.09990009990008301,0.1937984496124031,-0.1937984496124031,0.0937047448675525,-0.29350494466771854,COMPLETE
2026-09-03 13:54:09.054,v1.6.9,20260903_079900_WIDE_HIGH_GAP_SHADOW_E008_134909018527,WIDE_HIGH_GAP_SHADOW,079900,전진건설로봇,2026-09-03 13:49:09.018,42450.0,42492.45,MAIN,MAIN,2026-09-03 13:49:08.999,2026-09-03 13:25:09.007,43800.0,2026-09-03 13:49:08.999,42450.0,1439.991492,-3.082191780821919,False,,2026-09-03 13:49:09.450,42450.0,0.450903,0.0,-0.09990009990009305,0.0,300,300.036,42650.0,0.47114252061248524,0.3707717488636285,1.1778563015312131,-0.23557126030624262,1.076779522009211,-0.3352360242819538,COMPLETE
2026-09-03 13:54:45.853,v1.6.9,20260903_008930_WIDE_HIGH_GAP_SHADOW_E035_135405178669,WIDE_HIGH_GAP_SHADOW,008930,한미사이언스,2026-09-03 13:54:05.178,51600.0,51651.59999999999,MAIN,MAIN,2026-09-03 13:54:05.155,,,2026-09-03 13:54:05.155,51600.0,,,False,,2026-09-03 13:54:08.053,51600.0,2.897901,0.0,-0.09990009990008301,0.0,30,40.674,51600.0,0.0,-0.09990009990008301,0.1937984496124031,-0.1937984496124031,0.0937047448675525,-0.29350494466771854,COMPLETE
2026-09-03 13:55:05.855,v1.6.9,20260903_388050_WIDE_HIGH_GAP_SHADOW_E007_135433301062,WIDE_HIGH_GAP_SHADOW,388050,지투파워,2026-09-03 13:54:33.301,9900.0,9909.9,MAIN,MAIN,2026-09-03 13:54:33.290,,,2026-09-03 13:54:33.290,9900.0,,,False,,2026-09-03 13:54:35.864,9920.0,2.57406,0.20202020202020202,0.10191828373646923,0.20202020202020202,30,32.555,9900.0,0.0,-0.09990009990009624,0.30303030303030304,0.0,0.20282747555475195,-0.09990009990009624,COMPLETE
2026-09-03 13:55:09.054,v1.6.9,20260903_008930_WIDE_HIGH_GAP_SHADOW_E034_135304943380,WIDE_HIGH_GAP_SHADOW,008930,한미사이언스,2026-09-03 13:53:04.943,51600.0,51651.59999999999,MAIN,MAIN,2026-09-03 13:53:04.936,,,2026-09-03 13:53:04.936,51600.0,,,False,,2026-09-03 13:53:10.954,51500.0,6.01779,-0.1937984496124031,-0.29350494466771854,0.1937984496124031,120,124.111,51700.0,0.1937984496124031,0.0937047448675525,0.1937984496124031,-0.1937984496124031,0.0937047448675525,-0.29350494466771854,COMPLETE
2026-09-03 13:55:09.054,v1.6.9,20260903_008930_WIDE_HIGH_GAP_SHADOW_E035_135405178669,WIDE_HIGH_GAP_SHADOW,008930,한미사이언스,2026-09-03 13:54:05.178,51600.0,51651.59999999999,MAIN,MAIN,2026-09-03 13:54:05.155,,,2026-09-03 13:54:05.155,51600.0,,,False,,2026-09-03 13:54:08.053,51600.0,2.897901,0.0,-0.09990009990008301,0.0,60,63.875,51700.0,0.1937984496124031,0.0937047448675525,0.1937984496124031,-0.1937984496124031,0.0937047448675525,-0.29350494466771854,COMPLETE
2026-09-03 13:55:09.653,v1.6.9,20260903_008930_WIDE_HIGH_GAP_SHADOW_E033_135009472508,WIDE_HIGH_GAP_SHADOW,008930,한미사이언스,2026-09-03 13:50:09.472,51700.0,51751.7,MAIN,MAIN,2026-09-03 13:50:09.450,,,2026-09-03 13:50:09.450,51700.0,,,False,,2026-09-03 13:50:12.256,51700.0,2.805996,0.0,-0.09990009990009428,0.0,300,300.181,51700.0,0.0,-0.09990009990009428,0.0,-0.3868471953578337,-0.09990009990009428,-0.4863608345233047,COMPLETE
2026-09-03 13:55:37.252,v1.6.9,20260903_388050_WIDE_HIGH_GAP_SHADOW_E007_135433301062,WIDE_HIGH_GAP_SHADOW,388050,지투파워,2026-09-03 13:54:33.301,9900.0,9909.9,MAIN,MAIN,2026-09-03 13:54:33.290,,,2026-09-03 13:54:33.290,9900.0,,,False,,2026-09-03 13:54:35.864,9920.0,2.57406,0.20202020202020202,0.10191828373646923,0.20202020202020202,60,63.951,9900.0,0.0,-0.09990009990009624,0.30303030303030304,0.0,0.20282747555475195,-0.09990009990009624,COMPLETE
2026-09-03 13:56:06.051,v1.6.9,20260903_008930_WIDE_HIGH_GAP_SHADOW_E034_135304943380,WIDE_HIGH_GAP_SHADOW,008930,한미사이언스,2026-09-03 13:53:04.943,51600.0,51651.59999999999,MAIN,MAIN,2026-09-03 13:53:04.936,,,2026-09-03 13:53:04.936,51600.0,,,False,,2026-09-03 13:53:10.954,51500.0,6.01779,-0.1937984496124031,-0.29350494466771854,0.1937984496124031,180,181.109,51400.0,-0.3875968992248062,-0.48710978943535405,0.3875968992248062,-0.3875968992248062,0.287309589635188,-0.48710978943535405,COMPLETE
2026-09-03 13:56:06.051,v1.6.9,20260903_008930_WIDE_HIGH_GAP_SHADOW_E035_135405178669,WIDE_HIGH_GAP_SHADOW,008930,한미사이언스,2026-09-03 13:54:05.178,51600.0,51651.59999999999,MAIN,MAIN,2026-09-03 13:54:05.155,,,2026-09-03 13:54:05.155,51600.0,,,False,,2026-09-03 13:54:08.053,51600.0,2.897901,0.0,-0.09990009990008301,0.0,120,120.873,51400.0,-0.3875968992248062,-0.48710978943535405,0.3875968992248062,-0.3875968992248062,0.287309589635188,-0.48710978943535405,COMPLETE
2026-09-03 13:56:33.654,v1.6.9,20260903_388050_WIDE_HIGH_GAP_SHADOW_E007_135433301062,WIDE_HIGH_GAP_SHADOW,388050,지투파워,2026-09-03 13:54:33.301,9900.0,9909.9,MAIN,MAIN,2026-09-03 13:54:33.290,,,2026-09-03 13:54:33.290,9900.0,,,False,,2026-09-03 13:54:35.864,9920.0,2.57406,0.20202020202020202,0.10191828373646923,0.20202020202020202,120,120.353,9880.0,-0.20202020202020202,-0.3017184835366617,0.30303030303030304,-0.40404040404040403,0.20282747555475195,-0.5035368671732271,COMPLETE
2026-09-03 13:57:05.870,v1.6.9,20260903_008930_WIDE_HIGH_GAP_SHADOW_E035_135405178669,WIDE_HIGH_GAP_SHADOW,008930,한미사이언스,2026-09-03 13:54:05.178,51600.0,51651.59999999999,MAIN,MAIN,2026-09-03 13:54:05.155,,,2026-09-03 13:54:05.155,51600.0,,,False,,2026-09-03 13:54:08.053,51600.0,2.897901,0.0,-0.09990009990008301,0.0,180,180.692,51400.0,-0.3875968992248062,-0.48710978943535405,0.3875968992248062,-0.3875968992248062,0.287309589635188,-0.48710978943535405,COMPLETE
2026-09-03 13:57:27.450,v1.6.9,20260903_388050_WIDE_HIGH_GAP_SHADOW_E008_135656790605,WIDE_HIGH_GAP_SHADOW,388050,지투파워,2026-09-03 13:56:56.790,9980.0,9989.98,MAIN,MAIN,2026-09-03 13:56:56.782,,,2026-09-03 13:56:56.782,9980.0,,,False,,2026-09-03 13:56:56.858,9990.0,0.075931,0.1002004008016032,0.00020020060100657417,0.1002004008016032,30,30.66,10050.0,0.7014028056112225,0.6008020036076193,0.9018036072144289,0.0,0.8010026046098234,-0.09990009990009555,COMPLETE
2026-09-03 13:57:33.552,v1.6.9,20260903_388050_WIDE_HIGH_GAP_SHADOW_E007_135433301062,WIDE_HIGH_GAP_SHADOW,388050,지투파워,2026-09-03 13:54:33.301,9900.0,9909.9,MAIN,MAIN,2026-09-03 13:54:33.290,,,2026-09-03 13:54:33.290,9900.0,,,False,,2026-09-03 13:54:35.864,9920.0,2.57406,0.20202020202020202,0.10191828373646923,0.20202020202020202,180,180.251,10050.0,1.5151515151515151,1.4137377773741446,1.7171717171717171,-0.5050505050505051,1.6155561610107103,-0.6044460589915099,COMPLETE
2026-09-03 13:57:57.050,v1.6.9,20260903_388050_WIDE_HIGH_GAP_SHADOW_E008_135656790605,WIDE_HIGH_GAP_SHADOW,388050,지투파워,2026-09-03 13:56:56.790,9980.0,9989.98,MAIN,MAIN,2026-09-03 13:56:56.782,,,2026-09-03 13:56:56.782,9980.0,,,False,,2026-09-03 13:56:56.858,9990.0,0.075931,0.1002004008016032,0.00020020060100657417,0.1002004008016032,60,60.259,10040.0,0.6012024048096193,0.5007017031065171,0.9018036072144289,0.0,0.8010026046098234,-0.09990009990009555,COMPLETE
2026-09-03 13:57:57.751,v1.6.9,20260903_008930_WIDE_HIGH_GAP_SHADOW_E036_135726583105,WIDE_HIGH_GAP_SHADOW,008930,한미사이언스,2026-09-03 13:57:26.583,51600.0,51651.59999999999,MAIN,MAIN,2026-09-03 13:57:26.573,,,2026-09-03 13:57:26.573,51600.0,,,False,,2026-09-03 13:57:38.151,51400.0,11.578542,-0.3875968992248062,-0.48710978943535405,0.3875968992248062,30,31.168,51500.0,-0.1937984496124031,-0.29350494466771854,0.0,-0.3875968992248062,-0.09990009990008301,-0.48710978943535405,COMPLETE
2026-09-03 13:58:05.649,v1.6.9,20260903_008930_WIDE_HIGH_GAP_SHADOW_E034_135304943380,WIDE_HIGH_GAP_SHADOW,008930,한미사이언스,2026-09-03 13:53:04.943,51600.0,51651.59999999999,MAIN,MAIN,2026-09-03 13:53:04.936,,,2026-09-03 13:53:04.936,51600.0,,,False,,2026-09-03 13:53:10.954,51500.0,6.01779,-0.1937984496124031,-0.29350494466771854,0.1937984496124031,300,300.707,51400.0,-0.3875968992248062,-0.48710978943535405,0.3875968992248062,-0.5813953488372093,0.287309589635188,-0.6807146342029895,COMPLETE
2026-09-03 13:58:27.650,v1.6.9,20260903_008930_WIDE_HIGH_GAP_SHADOW_E036_135726583105,WIDE_HIGH_GAP_SHADOW,008930,한미사이언스,2026-09-03 13:57:26.583,51600.0,51651.59999999999,MAIN,MAIN,2026-09-03 13:57:26.573,,,2026-09-03 13:57:26.573,51600.0,,,False,,2026-09-03 13:57:38.151,51400.0,11.578542,-0.3875968992248062,-0.48710978943535405,0.3875968992248062,60,61.067,51500.0,-0.1937984496124031,-0.29350494466771854,0.1937984496124031,-0.3875968992248062,0.0937047448675525,-0.48710978943535405,COMPLETE
2026-09-03 13:58:28.850,v1.6.9,20260903_388050_WIDE_HIGH_GAP_SHADOW_E009_135758159356,WIDE_HIGH_GAP_SHADOW,388050,지투파워,2026-09-03 13:57:58.159,10040.0,10050.039999999999,MAIN,MAIN,2026-09-03 13:57:58.142,,,2026-09-03 13:57:58.142,10040.0,,,False,,2026-09-03 13:57:58.251,10050.0,0.109098,0.099601593625498,-0.0003980083661264445,0.099601593625498,30,30.691,10040.0,0.0,-0.0999000999000905,0.099601593625498,0.0,-0.0003980083661264445,-0.0999000999000905,COMPLETE
2026-09-03 13:59:00.062,v1.6.9,20260903_388050_WIDE_HIGH_GAP_SHADOW_E009_135758159356,WIDE_HIGH_GAP_SHADOW,388050,지투파워,2026-09-03 13:57:58.159,10040.0,10050.039999999999,MAIN,MAIN,2026-09-03 13:57:58.142,,,2026-09-03 13:57:58.142,10040.0,,,False,,2026-09-03 13:57:58.251,10050.0,0.109098,0.099601593625498,-0.0003980083661264445,0.099601593625498,60,61.903,10030.0,-0.099601593625498,-0.19940219143405455,0.099601593625498,-0.398406374501992,-0.0003980083661264445,-0.4979084660359467,COMPLETE
2026-09-03 13:59:00.062,v1.6.9,20260903_388050_WIDE_HIGH_GAP_SHADOW_E008_135656790605,WIDE_HIGH_GAP_SHADOW,388050,지투파워,2026-09-03 13:56:56.790,9980.0,9989.98,MAIN,MAIN,2026-09-03 13:56:56.782,,,2026-09-03 13:56:56.782,9980.0,,,False,,2026-09-03 13:56:56.858,9990.0,0.075931,0.1002004008016032,0.00020020060100657417,0.1002004008016032,120,123.272,10030.0,0.501002004008016,0.400601402605415,0.9018036072144289,0.0,0.8010026046098234,-0.09990009990009555,COMPLETE
2026-09-03 13:59:00.354,v1.6.9,20260903_008930_WIDE_HIGH_GAP_SHADOW_E037_135828489737,WIDE_HIGH_GAP_SHADOW,008930,한미사이언스,2026-09-03 13:58:28.489,51700.0,51751.7,MAIN,MAIN,2026-09-03 13:58:28.461,,,2026-09-03 13:58:28.461,51700.0,,,False,,2026-09-03 13:58:31.749,51400.0,3.288106,-0.5802707930367506,-0.67959120183491,0.5802707930367506,30,31.865,51400.0,-0.5802707930367506,-0.67959120183491,0.0,-0.5802707930367506,-0.09990009990009428,-0.67959120183491,COMPLETE
2026-09-03 13:59:06.852,v1.6.9,20260903_008930_WIDE_HIGH_GAP_SHADOW_E035_135405178669,WIDE_HIGH_GAP_SHADOW,008930,한미사이언스,2026-09-03 13:54:05.178,51600.0,51651.59999999999,MAIN,MAIN,2026-09-03 13:54:05.155,,,2026-09-03 13:54:05.155,51600.0,,,False,,2026-09-03 13:54:08.053,51600.0,2.897901,0.0,-0.09990009990008301,0.0,300,301.674,51500.0,-0.1937984496124031,-0.29350494466771854,0.3875968992248062,-0.5813953488372093,0.287309589635188,-0.6807146342029895,COMPLETE
2026-09-03 13:59:28.652,v1.6.9,20260903_008930_WIDE_HIGH_GAP_SHADOW_E037_135828489737,WIDE_HIGH_GAP_SHADOW,008930,한미사이언스,2026-09-03 13:58:28.489,51700.0,51751.7,MAIN,MAIN,2026-09-03 13:58:28.461,,,2026-09-03 13:58:28.461,51700.0,,,False,,2026-09-03 13:58:31.749,51400.0,3.288106,-0.5802707930367506,-0.67959120183491,0.5802707930367506,60,60.162,51500.0,-0.3868471953578337,-0.4863608345233047,0.0,-0.5802707930367506,-0.09990009990009428,-0.67959120183491,COMPLETE
2026-09-03 13:59:28.652,v1.6.9,20260903_008930_WIDE_HIGH_GAP_SHADOW_E036_135726583105,WIDE_HIGH_GAP_SHADOW,008930,한미사이언스,2026-09-03 13:57:26.583,51600.0,51651.59999999999,MAIN,MAIN,2026-09-03 13:57:26.573,,,2026-09-03 13:57:26.573,51600.0,,,False,,2026-09-03 13:57:38.151,51400.0,11.578542,-0.3875968992248062,-0.48710978943535405,0.3875968992248062,120,122.069,51500.0,-0.1937984496124031,-0.29350494466771854,0.1937984496124031,-0.3875968992248062,0.0937047448675525,-0.48710978943535405,COMPLETE
2026-09-03 13:59:33.449,v1.6.9,20260903_388050_WIDE_HIGH_GAP_SHADOW_E007_135433301062,WIDE_HIGH_GAP_SHADOW,388050,지투파워,2026-09-03 13:54:33.301,9900.0,9909.9,MAIN,MAIN,2026-09-03 13:54:33.290,,,2026-09-03 13:54:33.290,9900.0,,,False,,2026-09-03 13:54:35.864,9920.0,2.57406,0.20202020202020202,0.10191828373646923,0.20202020202020202,300,300.149,9990.0,0.9090909090909091,0.8082826264644483,1.7171717171717171,-0.5050505050505051,1.6155561610107103,-0.6044460589915099,COMPLETE
2026-09-03 13:59:57.298,v1.6.9,20260903_388050_WIDE_HIGH_GAP_SHADOW_E008_135656790605,WIDE_HIGH_GAP_SHADOW,388050,지투파워,2026-09-03 13:56:56.790,9980.0,9989.98,MAIN,MAIN,2026-09-03 13:56:56.782,,,2026-09-03 13:56:56.782,9980.0,,,False,,2026-09-03 13:56:56.858,9990.0,0.075931,0.1002004008016032,0.00020020060100657417,0.1002004008016032,180,180.508,10050.0,0.7014028056112225,0.6008020036076193,0.9018036072144289,0.0,0.8010026046098234,-0.09990009990009555,COMPLETE
2026-09-03 13:59:58.347,v1.6.9,20260903_388050_WIDE_HIGH_GAP_SHADOW_E009_135758159356,WIDE_HIGH_GAP_SHADOW,388050,지투파워,2026-09-03 13:57:58.159,10040.0,10050.039999999999,MAIN,MAIN,2026-09-03 13:57:58.142,,,2026-09-03 13:57:58.142,10040.0,,,False,,2026-09-03 13:57:58.251,10050.0,0.109098,0.099601593625498,-0.0003980083661264445,0.099601593625498,120,120.189,10050.0,0.099601593625498,-0.0003980083661264445,0.29880478087649404,-0.5976095617529881,0.19860617470180167,-0.6969126491038747,COMPLETE
2026-09-03 14:00:02.349,v1.6.9,20260903_004710_WIDE_HIGH_GAP_SHADOW_E021_135932187020,WIDE_HIGH_GAP_SHADOW,004710,한솔테크닉스,2026-09-03 13:59:32.187,8570.0,8578.57,MAIN,MAIN,2026-09-03 13:59:32.156,,,2026-09-03 13:59:32.156,8570.0,,,False,,2026-09-03 13:59:33.049,8560.0,0.893391,-0.11668611435239205,-0.21646964470768099,0.11668611435239205,30,30.162,8550.0,-0.2333722287047841,-0.3330391895152655,0.11668611435239205,-0.2333722287047841,0.016669444907487976,-0.3330391895152655,COMPLETE
2026-09-03 14:00:08.448,v1.6.9,20260903_008930_WIDE_HIGH_GAP_SHADOW_E038_135932219575,WIDE_HIGH_GAP_SHADOW,008930,한미사이언스,2026-09-03 13:59:32.219,51700.0,51751.7,MAIN,MAIN,2026-09-03 13:59:32.198,,,2026-09-03 13:59:32.198,51700.0,,,False,,2026-09-03 13:59:35.664,51500.0,3.466171,-0.3868471953578337,-0.4863608345233047,0.3868471953578337,30,36.229,51500.0,-0.3868471953578337,-0.4863608345233047,0.0,-0.5802707930367506,-0.09990009990009428,-0.67959120183491,COMPLETE
2026-09-03 14:00:26.847,v1.6.9,20260903_008930_WIDE_HIGH_GAP_SHADOW_E036_135726583105,WIDE_HIGH_GAP_SHADOW,008930,한미사이언스,2026-09-03 13:57:26.583,51600.0,51651.59999999999,MAIN,MAIN,2026-09-03 13:57:26.573,,,2026-09-03 13:57:26.573,51600.0,,,False,,2026-09-03 13:57:38.151,51400.0,11.578542,-0.3875968992248062,-0.48710978943535405,0.3875968992248062,180,180.265,51500.0,-0.1937984496124031,-0.29350494466771854,0.1937984496124031,-0.3875968992248062,0.0937047448675525,-0.48710978943535405,COMPLETE
2026-09-03 14:00:33.448,v1.6.9,20260903_004710_WIDE_HIGH_GAP_SHADOW_E021_135932187020,WIDE_HIGH_GAP_SHADOW,004710,한솔테크닉스,2026-09-03 13:59:32.187,8570.0,8578.57,MAIN,MAIN,2026-09-03 13:59:32.156,,,2026-09-03 13:59:32.156,8570.0,,,False,,2026-09-03 13:59:33.049,8560.0,0.893391,-0.11668611435239205,-0.21646964470768099,0.11668611435239205,60,61.262,8550.0,-0.2333722287047841,-0.3330391895152655,0.11668611435239205,-0.2333722287047841,0.016669444907487976,-0.3330391895152655,COMPLETE
2026-09-03 14:00:34.848,v1.6.9,20260903_008930_WIDE_HIGH_GAP_SHADOW_E037_135828489737,WIDE_HIGH_GAP_SHADOW,008930,한미사이언스,2026-09-03 13:58:28.489,51700.0,51751.7,MAIN,MAIN,2026-09-03 13:58:28.461,,,2026-09-03 13:58:28.461,51700.0,,,False,,2026-09-03 13:58:31.749,51400.0,3.288106,-0.5802707930367506,-0.67959120183491,0.5802707930367506,120,126.358,51400.0,-0.5802707930367506,-0.67959120183491,0.0,-0.5802707930367506,-0.09990009990009428,-0.67959120183491,COMPLETE
2026-09-03 14:00:34.848,v1.6.9,20260903_008930_WIDE_HIGH_GAP_SHADOW_E038_135932219575,WIDE_HIGH_GAP_SHADOW,008930,한미사이언스,2026-09-03 13:59:32.219,51700.0,51751.7,MAIN,MAIN,2026-09-03 13:59:32.198,,,2026-09-03 13:59:32.198,51700.0,,,False,,2026-09-03 13:59:35.664,51500.0,3.466171,-0.3868471953578337,-0.4863608345233047,0.3868471953578337,60,62.629,51400.0,-0.5802707930367506,-0.67959120183491,0.0,-0.5802707930367506,-0.09990009990009428,-0.67959120183491,COMPLETE
2026-09-03 14:01:00.748,v1.6.9,20260903_003670_SHADOW_SCORE_70_74_E001_140030744066,SHADOW_SCORE_70_74,003670,포스코퓨처엠,2026-09-03 14:00:30.744,186500.0,186686.49999999997,MAIN,MAIN,2026-09-03 14:00:30.682,,,2026-09-03 14:00:30.682,186500.0,,,False,,2026-09-03 14:00:30.854,186400.0,0.171485,-0.05361930294906167,-0.15346583711193412,0.05361930294906167,30,30.005,186500.0,0.0,-0.09990009990008433,0.10723860589812334,-0.05361930294906167,0.007231374523615316,-0.15346583711193412,COMPLETE
2026-09-03 14:01:00.949,v1.6.9,20260903_388050_WIDE_HIGH_GAP_SHADOW_E010_140030710276,WIDE_HIGH_GAP_SHADOW,388050,지투파워,2026-09-03 14:00:30.710,10030.0,10040.029999999999,MAIN,MAIN,2026-09-03 14:00:30.699,,,2026-09-03 14:00:30.699,10030.0,,,False,,2026-09-03 14:00:32.148,10020.0,1.449346,-0.09970089730807577,-0.19950139591215205,0.09970089730807577,30,30.239,9990.0,-0.3988035892323031,-0.4983052839483432,0.0,-0.4985044865403789,-0.09990009990008832,-0.5979065799604069,COMPLETE
2026-09-03 14:01:00.949,v1.6.9,20260903_388050_WIDE_HIGH_GAP_SHADOW_E009_135758159356,WIDE_HIGH_GAP_SHADOW,388050,지투파워,2026-09-03 13:57:58.159,10040.0,10050.039999999999,MAIN,MAIN,2026-09-03 13:57:58.142,,,2026-09-03 13:57:58.142,10040.0,,,False,,2026-09-03 13:57:58.251,10050.0,0.109098,0.099601593625498,-0.0003980083661264445,0.099601593625498,180,182.79,9990.0,-0.49800796812749004,-0.5974105575699108,0.29880478087649404,-0.5976095617529881,0.19860617470180167,-0.6969126491038747,COMPLETE
2026-09-03 14:01:01.150,v1.6.9,20260903_015760_SHADOW_SCORE_70_74_E012_140030778358,SHADOW_SCORE_70_74,015760,한국전력,2026-09-03 14:00:30.778,32850.0,32882.85,MAIN,MAIN,2026-09-03 14:00:30.694,,,2026-09-03 14:00:30.694,32850.0,,,False,,2026-09-03 14:00:30.855,32800.0,0.161376,-0.15220700152207,-0.25195504647559,0.15220700152207,30,30.372,32850.0,0.0,-0.09990009990009548,0.0,-0.15220700152207,-0.09990009990009548,-0.25195504647559,COMPLETE
2026-09-03 14:01:06.447,v1.6.9,20260903_008930_WIDE_HIGH_GAP_SHADOW_E039_140030666334,WIDE_HIGH_GAP_SHADOW,008930,한미사이언스,2026-09-03 14:00:30.666,51600.0,51651.59999999999,MAIN,MAIN,2026-09-03 14:00:30.638,,,2026-09-03 14:00:30.638,51600.0,,,False,,2026-09-03 14:00:34.848,51400.0,4.210103,-0.3875968992248062,-0.48710978943535405,0.3875968992248062,30,35.781,51400.0,-0.3875968992248062,-0.48710978943535405,0.0,-0.3875968992248062,-0.09990009990008301,-0.48710978943535405,COMPLETE
2026-09-03 14:01:30.812,v1.6.9,20260903_003670_SHADOW_SCORE_70_74_E001_140030744066,SHADOW_SCORE_70_74,003670,포스코퓨처엠,2026-09-03 14:00:30.744,186500.0,186686.49999999997,MAIN,MAIN,2026-09-03 14:00:30.682,,,2026-09-03 14:00:30.682,186500.0,,,False,,2026-09-03 14:00:30.854,186400.0,0.171485,-0.05361930294906167,-0.15346583711193412,0.05361930294906167,60,60.068,186600.0,0.05361930294906167,-0.0463343626882345,0.16085790884718498,-0.2680965147453083,0.06079711173546514,-0.36772878595933345,COMPLETE
2026-09-03 14:01:31.747,v1.6.9,20260903_015760_SHADOW_SCORE_70_74_E012_140030778358,SHADOW_SCORE_70_74,015760,한국전력,2026-09-03 14:00:30.778,32850.0,32882.85,MAIN,MAIN,2026-09-03 14:00:30.694,,,2026-09-03 14:00:30.694,32850.0,,,False,,2026-09-03 14:00:30.855,32800.0,0.161376,-0.15220700152207,-0.25195504647559,0.15220700152207,60,60.969,32850.0,0.0,-0.09990009990009548,0.0,-0.15220700152207,-0.09990009990009548,-0.25195504647559,COMPLETE
2026-09-03 14:01:34.164,v1.6.9,20260903_388050_WIDE_HIGH_GAP_SHADOW_E010_140030710276,WIDE_HIGH_GAP_SHADOW,388050,지투파워,2026-09-03 14:00:30.710,10030.0,10040.029999999999,MAIN,MAIN,2026-09-03 14:00:30.699,,,2026-09-03 14:00:30.699,10030.0,,,False,,2026-09-03 14:00:32.148,10020.0,1.449346,-0.09970089730807577,-0.19950139591215205,0.09970089730807577,60,63.454,9990.0,-0.3988035892323031,-0.4983052839483432,0.0,-0.4985044865403789,-0.09990009990008832,-0.5979065799604069,COMPLETE
2026-09-03 14:01:37.347,v1.6.9,20260903_004710_WIDE_HIGH_GAP_SHADOW_E021_135932187020,WIDE_HIGH_GAP_SHADOW,004710,한솔테크닉스,2026-09-03 13:59:32.187,8570.0,8578.57,MAIN,MAIN,2026-09-03 13:59:32.156,,,2026-09-03 13:59:32.156,8570.0,,,False,,2026-09-03 13:59:33.049,8560.0,0.893391,-0.11668611435239205,-0.21646964470768099,0.11668611435239205,120,125.16,8540.0,-0.3500583430571762,-0.44960873432285,0.11668611435239205,-0.3500583430571762,0.016669444907487976,-0.44960873432285,COMPLETE
2026-09-03 14:01:38.147,v1.6.9,20260903_008930_WIDE_HIGH_GAP_SHADOW_E037_135828489737,WIDE_HIGH_GAP_SHADOW,008930,한미사이언스,2026-09-03 13:58:28.489,51700.0,51751.7,MAIN,MAIN,2026-09-03 13:58:28.461,,,2026-09-03 13:58:28.461,51700.0,,,False,,2026-09-03 13:58:31.749,51400.0,3.288106,-0.5802707930367506,-0.67959120183491,0.5802707930367506,180,189.658,51400.0,-0.5802707930367506,-0.67959120183491,0.0,-0.5802707930367506,-0.09990009990009428,-0.67959120183491,COMPLETE
2026-09-03 14:01:38.147,v1.6.9,20260903_008930_WIDE_HIGH_GAP_SHADOW_E039_140030666334,WIDE_HIGH_GAP_SHADOW,008930,한미사이언스,2026-09-03 14:00:30.666,51600.0,51651.59999999999,MAIN,MAIN,2026-09-03 14:00:30.638,,,2026-09-03 14:00:30.638,51600.0,,,False,,2026-09-03 14:00:34.848,51400.0,4.210103,-0.3875968992248062,-0.48710978943535405,0.3875968992248062,60,67.481,51400.0,-0.3875968992248062,-0.48710978943535405,0.0,-0.3875968992248062,-0.09990009990008301,-0.48710978943535405,COMPLETE
2026-09-03 14:01:38.147,v1.6.9,20260903_008930_WIDE_HIGH_GAP_SHADOW_E038_135932219575,WIDE_HIGH_GAP_SHADOW,008930,한미사이언스,2026-09-03 13:59:32.219,51700.0,51751.7,MAIN,MAIN,2026-09-03 13:59:32.198,,,2026-09-03 13:59:32.198,51700.0,,,False,,2026-09-03 13:59:35.664,51500.0,3.466171,-0.3868471953578337,-0.4863608345233047,0.3868471953578337,120,125.928,51400.0,-0.5802707930367506,-0.67959120183491,0.0,-0.5802707930367506,-0.09990009990009428,-0.67959120183491,COMPLETE
2026-09-03 14:01:57.746,v1.6.9,20260903_000720_WIDE_HIGH_GAP_SHADOW_E001_140127539853,WIDE_HIGH_GAP_SHADOW,000720,현대건설,2026-09-03 14:01:27.539,119300.0,119419.29999999999,MAIN,MAIN,2026-09-03 14:01:27.502,,,2026-09-03 14:01:27.502,119300.0,,,False,,2026-09-03 14:01:27.747,119400.0,0.244464,0.08382229673093043,-0.016161541727332484,0.08382229673093043,30,30.206,119300.0,0.0,-0.09990009990009016,0.16764459346186086,-0.08382229673093043,0.0675770164454252,-0.18363865807284782,COMPLETE
2026-09-03 14:01:58.150,v1.6.9,20260903_388050_WIDE_HIGH_GAP_SHADOW_E008_135656790605,WIDE_HIGH_GAP_SHADOW,388050,지투파워,2026-09-03 13:56:56.790,9980.0,9989.98,MAIN,MAIN,2026-09-03 13:56:56.782,,,2026-09-03 13:56:56.782,9980.0,,,False,,2026-09-03 13:56:56.858,9990.0,0.075931,0.1002004008016032,0.00020020060100657417,0.1002004008016032,300,301.36,9960.0,-0.2004008016032064,-0.3001007009022998,0.9018036072144289,-0.2004008016032064,0.8010026046098234,-0.3001007009022998,COMPLETE
2026-09-03 14:02:27.788,v1.6.9,20260903_000720_WIDE_HIGH_GAP_SHADOW_E001_140127539853,WIDE_HIGH_GAP_SHADOW,000720,현대건설,2026-09-03 14:01:27.539,119300.0,119419.29999999999,MAIN,MAIN,2026-09-03 14:01:27.502,,,2026-09-03 14:01:27.502,119300.0,,,False,,2026-09-03 14:01:27.747,119400.0,0.244464,0.08382229673093043,-0.016161541727332484,0.08382229673093043,60,60.248,119300.0,0.0,-0.09990009990009016,0.16764459346186086,-0.08382229673093043,0.0675770164454252,-0.18363865807284782,COMPLETE
2026-09-03 14:02:28.546,v1.6.9,20260903_015760_SHADOW_SCORE_70_74_E013_140158401205,SHADOW_SCORE_70_74,015760,한국전력,2026-09-03 14:01:58.401,32800.0,32832.799999999996,MAIN,MAIN,2026-09-03 14:01:58.345,,,2026-09-03 14:01:58.345,32800.0,,,False,,2026-09-03 14:01:59.652,32850.0,1.307037,0.1524390243902439,0.05238663775250471,0.1524390243902439,30,30.145,32850.0,0.1524390243902439,0.05238663775250471,0.3048780487804878,0.0,0.20467337540509603,-0.09990009990008661,COMPLETE
2026-09-03 14:02:29.747,v1.6.9,20260903_033790_WIDE_HIGH_GAP_SHADOW_E011_140158376914,WIDE_HIGH_GAP_SHADOW,033790,피노,2026-09-03 14:01:58.376,8660.0,8668.66,MAIN,MAIN,2026-09-03 14:01:58.352,,,2026-09-03 14:01:58.352,8660.0,,,False,,2026-09-03 14:01:59.946,8670.0,1.594296,0.11547344110854503,0.015457983125421293,0.11547344110854503,30,31.371,8670.0,0.11547344110854503,0.015457983125421293,0.4618937644341801,0.0,0.3615322322019799,-0.09990009990009822,COMPLETE
2026-09-03 14:02:30.648,v1.6.9,20260903_008930_WIDE_HIGH_GAP_SHADOW_E036_135726583105,WIDE_HIGH_GAP_SHADOW,008930,한미사이언스,2026-09-03 13:57:26.583,51600.0,51651.59999999999,MAIN,MAIN,2026-09-03 13:57:26.573,,,2026-09-03 13:57:26.573,51600.0,,,False,,2026-09-03 13:57:38.151,51400.0,11.578542,-0.3875968992248062,-0.48710978943535405,0.3875968992248062,300,304.066,51500.0,-0.1937984496124031,-0.29350494466771854,0.1937984496124031,-0.3875968992248062,0.0937047448675525,-0.48710978943535405,COMPLETE
2026-09-03 14:02:30.846,v1.6.9,20260903_003670_SHADOW_SCORE_70_74_E001_140030744066,SHADOW_SCORE_70_74,003670,포스코퓨처엠,2026-09-03 14:00:30.744,186500.0,186686.49999999997,MAIN,MAIN,2026-09-03 14:00:30.682,,,2026-09-03 14:00:30.682,186500.0,,,False,,2026-09-03 14:00:30.854,186400.0,0.171485,-0.05361930294906167,-0.15346583711193412,0.05361930294906167,120,120.102,187000.0,0.2680965147453083,0.16792858615916478,0.37533512064343166,-0.2680965147453083,0.2750600605828644,-0.36772878595933345,COMPLETE
2026-09-03 14:02:31.446,v1.6.9,20260903_008930_WIDE_HIGH_GAP_SHADOW_E039_140030666334,WIDE_HIGH_GAP_SHADOW,008930,한미사이언스,2026-09-03 14:00:30.666,51600.0,51651.59999999999,MAIN,MAIN,2026-09-03 14:00:30.638,,,2026-09-03 14:00:30.638,51600.0,,,False,,2026-09-03 14:00:34.848,51400.0,4.210103,-0.3875968992248062,-0.48710978943535405,0.3875968992248062,120,120.78,51500.0,-0.1937984496124031,-0.29350494466771854,0.0,-0.3875968992248062,-0.09990009990008301,-0.48710978943535405,COMPLETE
2026-09-03 14:02:31.459,v1.6.9,20260903_015760_SHADOW_SCORE_70_74_E012_140030778358,SHADOW_SCORE_70_74,015760,한국전력,2026-09-03 14:00:30.778,32850.0,32882.85,MAIN,MAIN,2026-09-03 14:00:30.694,,,2026-09-03 14:00:30.694,32850.0,,,False,,2026-09-03 14:00:30.855,32800.0,0.161376,-0.15220700152207,-0.25195504647559,0.15220700152207,120,120.681,32850.0,0.0,-0.09990009990009548,0.15220700152207,-0.15220700152207,0.052154846675399054,-0.25195504647559,COMPLETE
2026-09-03 14:02:31.948,v1.6.9,20260903_388050_WIDE_HIGH_GAP_SHADOW_E010_140030710276,WIDE_HIGH_GAP_SHADOW,388050,지투파워,2026-09-03 14:00:30.710,10030.0,10040.029999999999,MAIN,MAIN,2026-09-03 14:00:30.699,,,2026-09-03 14:00:30.699,10030.0,,,False,,2026-09-03 14:00:32.148,10020.0,1.449346,-0.09970089730807577,-0.19950139591215205,0.09970089730807577,120,121.238,9960.0,-0.6979062811565304,-0.7971091719845345,0.0,-0.9970089730807578,-0.09990009990008832,-1.0959130600207254,COMPLETE
2026-09-03 14:02:32.345,v1.6.9,20260903_004710_WIDE_HIGH_GAP_SHADOW_E021_135932187020,WIDE_HIGH_GAP_SHADOW,004710,한솔테크닉스,2026-09-03 13:59:32.187,8570.0,8578.57,MAIN,MAIN,2026-09-03 13:59:32.156,,,2026-09-03 13:59:32.156,8570.0,,,False,,2026-09-03 13:59:33.049,8560.0,0.893391,-0.11668611435239205,-0.21646964470768099,0.11668611435239205,180,180.159,8590.0,0.2333722287047841,0.13323898971507245,0.2333722287047841,-0.4667444574095682,0.13323898971507245,-0.5661782791304345,COMPLETE
2026-09-03 14:02:32.447,v1.6.9,20260903_008930_WIDE_HIGH_GAP_SHADOW_E038_135932219575,WIDE_HIGH_GAP_SHADOW,008930,한미사이언스,2026-09-03 13:59:32.219,51700.0,51751.7,MAIN,MAIN,2026-09-03 13:59:32.198,,,2026-09-03 13:59:32.198,51700.0,,,False,,2026-09-03 13:59:35.664,51500.0,3.466171,-0.3868471953578337,-0.4863608345233047,0.3868471953578337,180,180.228,51500.0,-0.3868471953578337,-0.4863608345233047,0.0,-0.5802707930367506,-0.09990009990009428,-0.67959120183491,COMPLETE
2026-09-03 14:02:58.345,v1.6.9,20260903_388050_WIDE_HIGH_GAP_SHADOW_E009_135758159356,WIDE_HIGH_GAP_SHADOW,388050,지투파워,2026-09-03 13:57:58.159,10040.0,10050.039999999999,MAIN,MAIN,2026-09-03 13:57:58.142,,,2026-09-03 13:57:58.142,10040.0,,,False,,2026-09-03 13:57:58.251,10050.0,0.109098,0.099601593625498,-0.0003980083661264445,0.099601593625498,300,300.186,9950.0,-0.8964143426294822,-0.9954189237057669,0.29880478087649404,-1.0956175298804782,0.19860617470180167,-1.194423106773695,COMPLETE
2026-09-03 14:02:58.645,v1.6.9,20260903_015760_SHADOW_SCORE_70_74_E013_140158401205,SHADOW_SCORE_70_74,015760,한국전력,2026-09-03 14:01:58.401,32800.0,32832.799999999996,MAIN,MAIN,2026-09-03 14:01:58.345,,,2026-09-03 14:01:58.345,32800.0,,,False,,2026-09-03 14:01:59.652,32850.0,1.307037,0.1524390243902439,0.05238663775250471,0.1524390243902439,60,60.244,32900.0,0.3048780487804878,0.20467337540509603,0.3048780487804878,0.0,0.20467337540509603,-0.09990009990008661,COMPLETE
2026-09-03 14:02:59.161,v1.6.9,20260903_033790_WIDE_HIGH_GAP_SHADOW_E011_140158376914,WIDE_HIGH_GAP_SHADOW,033790,피노,2026-09-03 14:01:58.376,8660.0,8668.66,MAIN,MAIN,2026-09-03 14:01:58.352,,,2026-09-03 14:01:58.352,8660.0,,,False,,2026-09-03 14:01:59.946,8670.0,1.594296,0.11547344110854503,0.015457983125421293,0.11547344110854503,60,60.785,8680.0,0.23094688221709006,0.1308160661509408,0.4618937644341801,0.0,0.3615322322019799,-0.09990009990009822,COMPLETE
2026-09-03 14:03:27.545,v1.6.9,20260903_000720_WIDE_HIGH_GAP_SHADOW_E001_140127539853,WIDE_HIGH_GAP_SHADOW,000720,현대건설,2026-09-03 14:01:27.539,119300.0,119419.29999999999,MAIN,MAIN,2026-09-03 14:01:27.502,,,2026-09-03 14:01:27.502,119300.0,,,False,,2026-09-03 14:01:27.747,119400.0,0.244464,0.08382229673093043,-0.016161541727332484,0.08382229673093043,120,120.006,119100.0,-0.16764459346186086,-0.2673772162456055,0.16764459346186086,-0.2514668901927913,0.0675770164454252,-0.35111577441836317,COMPLETE
2026-09-03 14:03:30.146,v1.6.9,20260903_008930_WIDE_HIGH_GAP_SHADOW_E037_135828489737,WIDE_HIGH_GAP_SHADOW,008930,한미사이언스,2026-09-03 13:58:28.489,51700.0,51751.7,MAIN,MAIN,2026-09-03 13:58:28.461,,,2026-09-03 13:58:28.461,51700.0,,,False,,2026-09-03 13:58:31.749,51400.0,3.288106,-0.5802707930367506,-0.67959120183491,0.5802707930367506,300,301.657,51400.0,-0.5802707930367506,-0.67959120183491,0.0,-0.5802707930367506,-0.09990009990009428,-0.67959120183491,COMPLETE
2026-09-03 14:03:30.746,v1.6.9,20260903_003670_SHADOW_SCORE_70_74_E001_140030744066,SHADOW_SCORE_70_74,003670,포스코퓨처엠,2026-09-03 14:00:30.744,186500.0,186686.49999999997,MAIN,MAIN,2026-09-03 14:00:30.682,,,2026-09-03 14:00:30.682,186500.0,,,False,,2026-09-03 14:00:30.854,186400.0,0.171485,-0.05361930294906167,-0.15346583711193412,0.05361930294906167,180,180.003,185700.0,-0.42895442359249336,-0.528425997594883,0.37533512064343166,-0.6434316353887399,0.2750600605828644,-0.7426889464422822,COMPLETE
2026-09-03 14:03:30.845,v1.6.9,20260903_008930_WIDE_HIGH_GAP_SHADOW_E039_140030666334,WIDE_HIGH_GAP_SHADOW,008930,한미사이언스,2026-09-03 14:00:30.666,51600.0,51651.59999999999,MAIN,MAIN,2026-09-03 14:00:30.638,,,2026-09-03 14:00:30.638,51600.0,,,False,,2026-09-03 14:00:34.848,51400.0,4.210103,-0.3875968992248062,-0.48710978943535405,0.3875968992248062,180,180.179,51400.0,-0.3875968992248062,-0.48710978943535405,0.0,-0.3875968992248062,-0.09990009990008301,-0.48710978943535405,COMPLETE
2026-09-03 14:03:31.146,v1.6.9,20260903_388050_WIDE_HIGH_GAP_SHADOW_E010_140030710276,WIDE_HIGH_GAP_SHADOW,388050,지투파워,2026-09-03 14:00:30.710,10030.0,10040.029999999999,MAIN,MAIN,2026-09-03 14:00:30.699,,,2026-09-03 14:00:30.699,10030.0,,,False,,2026-09-03 14:00:32.148,10020.0,1.449346,-0.09970089730807577,-0.19950139591215205,0.09970089730807577,180,180.436,9960.0,-0.6979062811565304,-0.7971091719845345,0.0,-0.9970089730807578,-0.09990009990008832,-1.0959130600207254,COMPLETE
2026-09-03 14:03:32.445,v1.6.9,20260903_015760_SHADOW_SCORE_70_74_E012_140030778358,SHADOW_SCORE_70_74,015760,한국전력,2026-09-03 14:00:30.778,32850.0,32882.85,MAIN,MAIN,2026-09-03 14:00:30.694,,,2026-09-03 14:00:30.694,32850.0,,,False,,2026-09-03 14:00:30.855,32800.0,0.161376,-0.15220700152207,-0.25195504647559,0.15220700152207,180,181.667,32900.0,0.15220700152207,0.052154846675399054,0.15220700152207,-0.15220700152207,0.052154846675399054,-0.25195504647559,COMPLETE
2026-09-03 14:03:57.244,v1.6.9,20260903_033790_WIDE_HIGH_GAP_SHADOW_E012_140326392056,WIDE_HIGH_GAP_SHADOW,033790,피노,2026-09-03 14:03:26.392,8610.0,8618.609999999999,MAIN,MAIN,2026-09-03 14:03:26.373,,,2026-09-03 14:03:26.373,8610.0,,,False,,2026-09-03 14:03:26.946,8610.0,0.572904,0.0,-0.09990009990008557,0.0,30,30.852,8610.0,0.0,-0.09990009990008557,0.11614401858304298,-0.11614401858304298,0.016127890692364977,-0.2159280904925361,COMPLETE
2026-09-03 14:03:57.646,v1.6.9,20260903_004710_WIDE_HIGH_GAP_SHADOW_E022_140326322096,WIDE_HIGH_GAP_SHADOW,004710,한솔테크닉스,2026-09-03 14:03:26.322,8550.0,8558.55,MAIN,MAIN,2026-09-03 14:03:26.301,,,2026-09-03 14:03:26.301,8550.0,,,False,,2026-09-03 14:03:27.146,8550.0,0.845275,0.0,-0.0999000999000914,0.0,30,31.324,8560.0,0.11695906432748539,0.016942122205288603,0.11695906432748539,-0.11695906432748539,0.016942122205288603,-0.21674232200547144,COMPLETE
2026-09-03 14:03:58.447,v1.6.9,20260903_015760_SHADOW_SCORE_70_74_E013_140158401205,SHADOW_SCORE_70_74,015760,한국전력,2026-09-03 14:01:58.401,32800.0,32832.799999999996,MAIN,MAIN,2026-09-03 14:01:58.345,,,2026-09-03 14:01:58.345,32800.0,,,False,,2026-09-03 14:01:59.652,32850.0,1.307037,0.1524390243902439,0.05238663775250471,0.1524390243902439,120,120.047,32900.0,0.3048780487804878,0.20467337540509603,0.3048780487804878,0.0,0.20467337540509603,-0.09990009990008661,COMPLETE
2026-09-03 14:04:01.646,v1.6.9,20260903_033790_WIDE_HIGH_GAP_SHADOW_E011_140158376914,WIDE_HIGH_GAP_SHADOW,033790,피노,2026-09-03 14:01:58.376,8660.0,8668.66,MAIN,MAIN,2026-09-03 14:01:58.352,,,2026-09-03 14:01:58.352,8660.0,,,False,,2026-09-03 14:01:59.946,8670.0,1.594296,0.11547344110854503,0.015457983125421293,0.11547344110854503,120,123.269,8620.0,-0.4618937644341801,-0.5613324320021763,0.4618937644341801,-0.6928406466512702,0.3615322322019799,-0.7920485980532154,COMPLETE
2026-09-03 14:04:25.050,v1.6.9,20260903_006360_WIDE_HIGH_GAP_SHADOW_E001_140354546227,WIDE_HIGH_GAP_SHADOW,006360,GS건설,2026-09-03 14:03:54.546,33900.0,33933.899999999994,MAIN,MAIN,2026-09-03 14:03:54.537,,,2026-09-03 14:03:54.537,33900.0,,,False,,2026-09-03 14:03:55.345,33900.0,0.807855,0.0,-0.09990009990008276,0.0,30,30.504,34000.0,0.2949852507374631,0.19479046027720315,0.2949852507374631,-0.14749262536873156,0.19479046027720315,-0.2472453799887257,COMPLETE
2026-09-03 14:04:26.844,v1.6.9,20260903_033790_WIDE_HIGH_GAP_SHADOW_E012_140326392056,WIDE_HIGH_GAP_SHADOW,033790,피노,2026-09-03 14:03:26.392,8610.0,8618.609999999999,MAIN,MAIN,2026-09-03 14:03:26.373,,,2026-09-03 14:03:26.373,8610.0,,,False,,2026-09-03 14:03:26.946,8610.0,0.572904,0.0,-0.09990009990008557,0.0,60,60.452,8650.0,0.4645760743321719,0.3642118624697166,1.0452961672473868,-0.11614401858304298,0.9443518154319692,-0.2159280904925361,COMPLETE
2026-09-03 14:04:28.344,v1.6.9,20260903_000720_WIDE_HIGH_GAP_SHADOW_E001_140127539853,WIDE_HIGH_GAP_SHADOW,000720,현대건설,2026-09-03 14:01:27.539,119300.0,119419.29999999999,MAIN,MAIN,2026-09-03 14:01:27.502,,,2026-09-03 14:01:27.502,119300.0,,,False,,2026-09-03 14:01:27.747,119400.0,0.244464,0.08382229673093043,-0.016161541727332484,0.08382229673093043,180,180.805,119300.0,0.0,-0.09990009990009016,0.16764459346186086,-0.3352891869237217,0.0675770164454252,-0.43485433259112083,COMPLETE
2026-09-03 14:04:29.394,v1.6.9,20260903_004710_WIDE_HIGH_GAP_SHADOW_E022_140326322096,WIDE_HIGH_GAP_SHADOW,004710,한솔테크닉스,2026-09-03 14:03:26.322,8550.0,8558.55,MAIN,MAIN,2026-09-03 14:03:26.301,,,2026-09-03 14:03:26.301,8550.0,,,False,,2026-09-03 14:03:27.146,8550.0,0.845275,0.0,-0.0999000999000914,0.0,60,63.072,8560.0,0.11695906432748539,0.016942122205288603,0.3508771929824561,-0.11695906432748539,0.25062656641604864,-0.21674232200547144,COMPLETE
2026-09-03 14:04:33.144,v1.6.9,20260903_004710_WIDE_HIGH_GAP_SHADOW_E021_135932187020,WIDE_HIGH_GAP_SHADOW,004710,한솔테크닉스,2026-09-03 13:59:32.187,8570.0,8578.57,MAIN,MAIN,2026-09-03 13:59:32.156,,,2026-09-03 13:59:32.156,8570.0,,,False,,2026-09-03 13:59:33.049,8560.0,0.893391,-0.11668611435239205,-0.21646964470768099,0.11668611435239205,300,300.957,8560.0,-0.11668611435239205,-0.21646964470768099,0.2333722287047841,-0.4667444574095682,0.13323898971507245,-0.5661782791304345,COMPLETE
2026-09-03 14:04:40.644,v1.6.9,20260903_008930_WIDE_HIGH_GAP_SHADOW_E038_135932219575,WIDE_HIGH_GAP_SHADOW,008930,한미사이언스,2026-09-03 13:59:32.219,51700.0,51751.7,MAIN,MAIN,2026-09-03 13:59:32.198,,,2026-09-03 13:59:32.198,51700.0,,,False,,2026-09-03 13:59:35.664,51500.0,3.466171,-0.3868471953578337,-0.4863608345233047,0.3868471953578337,300,308.425,51500.0,-0.3868471953578337,-0.4863608345233047,0.0,-0.5802707930367506,-0.09990009990009428,-0.67959120183491,COMPLETE
2026-09-03 14:04:54.765,v1.6.9,20260903_006360_WIDE_HIGH_GAP_SHADOW_E001_140354546227,WIDE_HIGH_GAP_SHADOW,006360,GS건설,2026-09-03 14:03:54.546,33900.0,33933.899999999994,MAIN,MAIN,2026-09-03 14:03:54.537,,,2026-09-03 14:03:54.537,33900.0,,,False,,2026-09-03 14:03:55.345,33900.0,0.807855,0.0,-0.09990009990008276,0.0,60,60.219,33900.0,0.0,-0.09990009990008276,0.2949852507374631,-0.14749262536873156,0.19479046027720315,-0.2472453799887257,COMPLETE
2026-09-03 14:05:00.945,v1.6.9,20260903_015760_SHADOW_SCORE_70_74_E013_140158401205,SHADOW_SCORE_70_74,015760,한국전력,2026-09-03 14:01:58.401,32800.0,32832.799999999996,MAIN,MAIN,2026-09-03 14:01:58.345,,,2026-09-03 14:01:58.345,32800.0,,,False,,2026-09-03 14:01:59.652,32850.0,1.307037,0.1524390243902439,0.05238663775250471,0.1524390243902439,180,182.544,32850.0,0.1524390243902439,0.05238663775250471,0.3048780487804878,0.0,0.20467337540509603,-0.09990009990008661,COMPLETE
2026-09-03 14:05:01.447,v1.6.9,20260903_033790_WIDE_HIGH_GAP_SHADOW_E011_140158376914,WIDE_HIGH_GAP_SHADOW,033790,피노,2026-09-03 14:01:58.376,8660.0,8668.66,MAIN,MAIN,2026-09-03 14:01:58.352,,,2026-09-03 14:01:58.352,8660.0,,,False,,2026-09-03 14:01:59.946,8670.0,1.594296,0.11547344110854503,0.015457983125421293,0.11547344110854503,180,183.071,8670.0,0.11547344110854503,0.015457983125421293,0.5773672055427251,-0.6928406466512702,0.47689031522749936,-0.7920485980532154,COMPLETE
2026-09-03 14:05:22.845,v1.6.9,20260903_006360_WIDE_HIGH_GAP_SHADOW_E002_140452326865,WIDE_HIGH_GAP_SHADOW,006360,GS건설,2026-09-03 14:04:52.326,33900.0,33933.899999999994,MAIN,MAIN,2026-09-03 14:04:52.275,,,2026-09-03 14:04:52.275,33900.0,,,False,,2026-09-03 14:04:52.954,33900.0,0.678994,0.0,-0.09990009990008276,0.0,30,30.518,33900.0,0.0,-0.09990009990008276,0.0,-0.14749262536873156,-0.09990009990008276,-0.2472453799887257,COMPLETE
2026-09-03 14:05:27.444,v1.6.9,20260903_004710_WIDE_HIGH_GAP_SHADOW_E022_140326322096,WIDE_HIGH_GAP_SHADOW,004710,한솔테크닉스,2026-09-03 14:03:26.322,8550.0,8558.55,MAIN,MAIN,2026-09-03 14:03:26.301,,,2026-09-03 14:03:26.301,8550.0,,,False,,2026-09-03 14:03:27.146,8550.0,0.845275,0.0,-0.0999000999000914,0.0,120,121.123,8550.0,0.0,-0.0999000999000914,0.3508771929824561,-0.23391812865497078,0.25062656641604864,-0.3335845441108514,COMPLETE
2026-09-03 14:05:29.045,v1.6.9,20260903_033790_WIDE_HIGH_GAP_SHADOW_E012_140326392056,WIDE_HIGH_GAP_SHADOW,033790,피노,2026-09-03 14:03:26.392,8610.0,8618.609999999999,MAIN,MAIN,2026-09-03 14:03:26.373,,,2026-09-03 14:03:26.373,8610.0,,,False,,2026-09-03 14:03:26.946,8610.0,0.572904,0.0,-0.09990009990008557,0.0,120,122.654,8680.0,0.8130081300813009,0.7122958342470682,1.1614401858304297,-0.11614401858304298,1.0603798060244198,-0.2159280904925361,COMPLETE
2026-09-03 14:05:30.943,v1.6.9,20260903_015760_SHADOW_SCORE_70_74_E012_140030778358,SHADOW_SCORE_70_74,015760,한국전력,2026-09-03 14:00:30.778,32850.0,32882.85,MAIN,MAIN,2026-09-03 14:00:30.694,,,2026-09-03 14:00:30.694,32850.0,,,False,,2026-09-03 14:00:30.855,32800.0,0.161376,-0.15220700152207,-0.25195504647559,0.15220700152207,300,300.165,32850.0,0.0,-0.09990009990009548,0.15220700152207,-0.15220700152207,0.052154846675399054,-0.25195504647559,COMPLETE
2026-09-03 14:05:31.544,v1.6.9,20260903_388050_WIDE_HIGH_GAP_SHADOW_E010_140030710276,WIDE_HIGH_GAP_SHADOW,388050,지투파워,2026-09-03 14:00:30.710,10030.0,10040.029999999999,MAIN,MAIN,2026-09-03 14:00:30.699,,,2026-09-03 14:00:30.699,10030.0,,,False,,2026-09-03 14:00:32.148,10020.0,1.449346,-0.09970089730807577,-0.19950139591215205,0.09970089730807577,300,300.834,9960.0,-0.6979062811565304,-0.7971091719845345,0.0,-0.9970089730807578,-0.09990009990008832,-1.0959130600207254,COMPLETE
2026-09-03 14:05:33.344,v1.6.9,20260903_003670_SHADOW_SCORE_70_74_E001_140030744066,SHADOW_SCORE_70_74,003670,포스코퓨처엠,2026-09-03 14:00:30.744,186500.0,186686.49999999997,MAIN,MAIN,2026-09-03 14:00:30.682,,,2026-09-03 14:00:30.682,186500.0,,,False,,2026-09-03 14:00:30.854,186400.0,0.171485,-0.05361930294906167,-0.15346583711193412,0.05361930294906167,300,302.601,185500.0,-0.5361930294906166,-0.6355574720185825,0.37533512064343166,-0.6434316353887399,0.2750600605828644,-0.7426889464422822,COMPLETE
2026-09-03 14:05:35.743,v1.6.9,20260903_008930_WIDE_HIGH_GAP_SHADOW_E039_140030666334,WIDE_HIGH_GAP_SHADOW,008930,한미사이언스,2026-09-03 14:00:30.666,51600.0,51651.59999999999,MAIN,MAIN,2026-09-03 14:00:30.638,,,2026-09-03 14:00:30.638,51600.0,,,False,,2026-09-03 14:00:34.848,51400.0,4.210103,-0.3875968992248062,-0.48710978943535405,0.3875968992248062,300,305.078,51400.0,-0.3875968992248062,-0.48710978943535405,0.0,-0.5813953488372093,-0.09990009990008301,-0.6807146342029895,COMPLETE
2026-09-03 14:05:52.843,v1.6.9,20260903_006360_WIDE_HIGH_GAP_SHADOW_E002_140452326865,WIDE_HIGH_GAP_SHADOW,006360,GS건설,2026-09-03 14:04:52.326,33900.0,33933.899999999994,MAIN,MAIN,2026-09-03 14:04:52.275,,,2026-09-03 14:04:52.275,33900.0,,,False,,2026-09-03 14:04:52.954,33900.0,0.678994,0.0,-0.09990009990008276,0.0,60,60.517,33900.0,0.0,-0.09990009990008276,0.0,-0.14749262536873156,-0.09990009990008276,-0.2472453799887257,COMPLETE
2026-09-03 14:05:54.943,v1.6.9,20260903_006360_WIDE_HIGH_GAP_SHADOW_E001_140354546227,WIDE_HIGH_GAP_SHADOW,006360,GS건설,2026-09-03 14:03:54.546,33900.0,33933.899999999994,MAIN,MAIN,2026-09-03 14:03:54.537,,,2026-09-03 14:03:54.537,33900.0,,,False,,2026-09-03 14:03:55.345,33900.0,0.807855,0.0,-0.09990009990008276,0.0,120,120.398,33900.0,0.0,-0.09990009990008276,0.2949852507374631,-0.14749262536873156,0.19479046027720315,-0.2472453799887257,COMPLETE
2026-09-03 14:05:55.143,v1.6.9,20260903_033790_WIDE_HIGH_GAP_SHADOW_E013_140520425256,WIDE_HIGH_GAP_SHADOW,033790,피노,2026-09-03 14:05:20.425,8650.0,8658.65,MAIN,MAIN,2026-09-03 14:05:20.418,,,2026-09-03 14:05:20.418,8650.0,,,False,,2026-09-03 14:05:20.944,8660.0,0.525962,0.11560693641618498,0.01559134507111806,0.11560693641618498,30,34.718,8650.0,0.0,-0.0999000999000957,0.5780346820809248,0.0,0.4775571249559731,-0.0999000999000957,COMPLETE
2026-09-03 14:06:22.142,v1.6.9,20260903_033790_WIDE_HIGH_GAP_SHADOW_E013_140520425256,WIDE_HIGH_GAP_SHADOW,033790,피노,2026-09-03 14:05:20.425,8650.0,8658.65,MAIN,MAIN,2026-09-03 14:05:20.418,,,2026-09-03 14:05:20.418,8650.0,,,False,,2026-09-03 14:05:20.944,8660.0,0.525962,0.11560693641618498,0.01559134507111806,0.11560693641618498,60,61.717,8650.0,0.0,-0.0999000999000957,0.5780346820809248,-0.11560693641618498,0.4775571249559731,-0.21539154487130946,COMPLETE
2026-09-03 14:06:26.643,v1.6.9,20260903_004710_WIDE_HIGH_GAP_SHADOW_E022_140326322096,WIDE_HIGH_GAP_SHADOW,004710,한솔테크닉스,2026-09-03 14:03:26.322,8550.0,8558.55,MAIN,MAIN,2026-09-03 14:03:26.301,,,2026-09-03 14:03:26.301,8550.0,,,False,,2026-09-03 14:03:27.146,8550.0,0.845275,0.0,-0.0999000999000914,0.0,180,180.321,8540.0,-0.11695906432748539,-0.21674232200547144,0.3508771929824561,-0.23391812865497078,0.25062656641604864,-0.3335845441108514,COMPLETE
2026-09-03 14:06:28.736,v1.6.9,20260903_000720_WIDE_HIGH_GAP_SHADOW_E001_140127539853,WIDE_HIGH_GAP_SHADOW,000720,현대건설,2026-09-03 14:01:27.539,119300.0,119419.29999999999,MAIN,MAIN,2026-09-03 14:01:27.502,,,2026-09-03 14:01:27.502,119300.0,,,False,,2026-09-03 14:01:27.747,119400.0,0.244464,0.08382229673093043,-0.016161541727332484,0.08382229673093043,300,301.197,119000.0,-0.2514668901927913,-0.35111577441836317,0.16764459346186086,-0.3352891869237217,0.0675770164454252,-0.43485433259112083,COMPLETE
2026-09-03 14:06:32.148,v1.6.9,20260903_033790_WIDE_HIGH_GAP_SHADOW_E012_140326392056,WIDE_HIGH_GAP_SHADOW,033790,피노,2026-09-03 14:03:26.392,8610.0,8618.609999999999,MAIN,MAIN,2026-09-03 14:03:26.373,,,2026-09-03 14:03:26.373,8610.0,,,False,,2026-09-03 14:03:26.946,8610.0,0.572904,0.0,-0.09990009990008557,0.0,180,185.756,8640.0,0.34843205574912894,0.24818387187726604,1.1614401858304297,-0.11614401858304298,1.0603798060244198,-0.2159280904925361,COMPLETE
2026-09-03 14:06:52.842,v1.6.9,20260903_006360_WIDE_HIGH_GAP_SHADOW_E002_140452326865,WIDE_HIGH_GAP_SHADOW,006360,GS건설,2026-09-03 14:04:52.326,33900.0,33933.899999999994,MAIN,MAIN,2026-09-03 14:04:52.275,,,2026-09-03 14:04:52.275,33900.0,,,False,,2026-09-03 14:04:52.954,33900.0,0.678994,0.0,-0.09990009990008276,0.0,120,120.516,33850.0,-0.14749262536873156,-0.2472453799887257,0.0,-0.2949852507374631,-0.09990009990008276,-0.39459066007736865,COMPLETE
2026-09-03 14:06:55.943,v1.6.9,20260903_006360_WIDE_HIGH_GAP_SHADOW_E001_140354546227,WIDE_HIGH_GAP_SHADOW,006360,GS건설,2026-09-03 14:03:54.546,33900.0,33933.899999999994,MAIN,MAIN,2026-09-03 14:03:54.537,,,2026-09-03 14:03:54.537,33900.0,,,False,,2026-09-03 14:03:55.345,33900.0,0.807855,0.0,-0.09990009990008276,0.0,180,181.397,33750.0,-0.4424778761061947,-0.5419359401660117,0.2949852507374631,-0.4424778761061947,0.19479046027720315,-0.5419359401660117,COMPLETE
2026-09-03 14:06:58.542,v1.6.9,20260903_015760_SHADOW_SCORE_70_74_E013_140158401205,SHADOW_SCORE_70_74,015760,한국전력,2026-09-03 14:01:58.401,32800.0,32832.799999999996,MAIN,MAIN,2026-09-03 14:01:58.345,,,2026-09-03 14:01:58.345,32800.0,,,False,,2026-09-03 14:01:59.652,32850.0,1.307037,0.1524390243902439,0.05238663775250471,0.1524390243902439,300,300.141,32800.0,0.0,-0.09990009990008661,0.3048780487804878,0.0,0.20467337540509603,-0.09990009990008661,COMPLETE
2026-09-03 14:06:59.343,v1.6.9,20260903_033790_WIDE_HIGH_GAP_SHADOW_E011_140158376914,WIDE_HIGH_GAP_SHADOW,033790,피노,2026-09-03 14:01:58.376,8660.0,8668.66,MAIN,MAIN,2026-09-03 14:01:58.352,,,2026-09-03 14:01:58.352,8660.0,,,False,,2026-09-03 14:01:59.946,8670.0,1.594296,0.11547344110854503,0.015457983125421293,0.11547344110854503,300,300.967,8680.0,0.23094688221709006,0.1308160661509408,0.5773672055427251,-0.6928406466512702,0.47689031522749936,-0.7920485980532154,COMPLETE
2026-09-03 14:07:15.642,v1.6.9,20260903_015760_SHADOW_SCORE_70_74_E014_140642896640,SHADOW_SCORE_70_74,015760,한국전력,2026-09-03 14:06:42.896,32850.0,32882.85,MAIN,MAIN,2026-09-03 14:06:42.862,,,2026-09-03 14:06:42.862,32850.0,,,False,,2026-09-03 14:06:45.543,32850.0,2.680972,0.0,-0.09990009990009548,0.0,30,32.746,32800.0,-0.15220700152207,-0.25195504647559,0.0,-0.15220700152207,-0.09990009990009548,-0.25195504647559,COMPLETE
2026-09-03 14:07:20.542,v1.6.9,20260903_033790_WIDE_HIGH_GAP_SHADOW_E013_140520425256,WIDE_HIGH_GAP_SHADOW,033790,피노,2026-09-03 14:05:20.425,8650.0,8658.65,MAIN,MAIN,2026-09-03 14:05:20.418,,,2026-09-03 14:05:20.418,8650.0,,,False,,2026-09-03 14:05:20.944,8660.0,0.525962,0.11560693641618498,0.01559134507111806,0.11560693641618498,120,120.118,8670.0,0.23121387283236997,0.13108279004233184,0.6936416184971098,-0.11560693641618498,0.5930485699271869,-0.21539154487130946,COMPLETE
2026-09-03 14:07:41.744,v1.6.9,20260903_033790_WIDE_HIGH_GAP_SHADOW_E014_140711358932,WIDE_HIGH_GAP_SHADOW,033790,피노,2026-09-03 14:07:11.358,8660.0,8668.66,MAIN,MAIN,2026-09-03 14:07:11.344,,,2026-09-03 14:07:11.344,8660.0,,,False,,2026-09-03 14:07:12.041,8660.0,0.697628,0.0,-0.09990009990009822,0.0,30,30.386,8640.0,-0.23094688221709006,-0.33061626595113724,0.3464203233256351,-0.23094688221709006,0.24617414917646033,-0.33061626595113724,COMPLETE
2026-09-03 14:07:42.944,v1.6.9,20260903_015760_SHADOW_SCORE_70_74_E014_140642896640,SHADOW_SCORE_70_74,015760,한국전력,2026-09-03 14:06:42.896,32850.0,32882.85,MAIN,MAIN,2026-09-03 14:06:42.862,,,2026-09-03 14:06:42.862,32850.0,,,False,,2026-09-03 14:06:45.543,32850.0,2.680972,0.0,-0.09990009990009548,0.0,60,60.047,32800.0,-0.15220700152207,-0.25195504647559,0.0,-0.30441400304414,-0.09990009990009548,-0.40400999305108454,COMPLETE
2026-09-03 14:07:52.741,v1.6.9,20260903_006360_WIDE_HIGH_GAP_SHADOW_E002_140452326865,WIDE_HIGH_GAP_SHADOW,006360,GS건설,2026-09-03 14:04:52.326,33900.0,33933.899999999994,MAIN,MAIN,2026-09-03 14:04:52.275,,,2026-09-03 14:04:52.275,33900.0,,,False,,2026-09-03 14:04:52.954,33900.0,0.678994,0.0,-0.09990009990008276,0.0,180,180.414,33700.0,-0.5899705014749262,-0.6892812202546545,0.0,-0.5899705014749262,-0.09990009990008276,-0.6892812202546545,COMPLETE
2026-09-03 14:08:11.946,v1.6.9,20260903_033790_WIDE_HIGH_GAP_SHADOW_E014_140711358932,WIDE_HIGH_GAP_SHADOW,033790,피노,2026-09-03 14:07:11.358,8660.0,8668.66,MAIN,MAIN,2026-09-03 14:07:11.344,,,2026-09-03 14:07:11.344,8660.0,,,False,,2026-09-03 14:07:12.041,8660.0,0.697628,0.0,-0.09990009990009822,0.0,60,60.587,8670.0,0.11547344110854503,0.015457983125421293,0.3464203233256351,-0.23094688221709006,0.24617414917646033,-0.33061626595113724,COMPLETE
2026-09-03 14:08:15.843,v1.6.9,20260903_008930_WIDE_HIGH_GAP_SHADOW_E040_140738493616,WIDE_HIGH_GAP_SHADOW,008930,한미사이언스,2026-09-03 14:07:38.493,51600.0,51651.59999999999,MAIN,MAIN,2026-09-03 14:07:38.476,,,2026-09-03 14:07:38.476,51600.0,,,False,,2026-09-03 14:07:41.545,51400.0,3.069626,-0.3875968992248062,-0.48710978943535405,0.3875968992248062,30,37.35,51500.0,-0.1937984496124031,-0.29350494466771854,0.0,-0.3875968992248062,-0.09990009990008301,-0.48710978943535405,COMPLETE
2026-09-03 14:08:22.642,v1.6.9,20260903_033790_WIDE_HIGH_GAP_SHADOW_E013_140520425256,WIDE_HIGH_GAP_SHADOW,033790,피노,2026-09-03 14:05:20.425,8650.0,8658.65,MAIN,MAIN,2026-09-03 14:05:20.418,,,2026-09-03 14:05:20.418,8650.0,,,False,,2026-09-03 14:05:20.944,8660.0,0.525962,0.11560693641618498,0.01559134507111806,0.11560693641618498,180,182.217,8650.0,0.0,-0.0999000999000957,0.6936416184971098,-0.11560693641618498,0.5930485699271869,-0.21539154487130946,COMPLETE
2026-09-03 14:08:27.340,v1.6.9,20260903_004710_WIDE_HIGH_GAP_SHADOW_E022_140326322096,WIDE_HIGH_GAP_SHADOW,004710,한솔테크닉스,2026-09-03 14:03:26.322,8550.0,8558.55,MAIN,MAIN,2026-09-03 14:03:26.301,,,2026-09-03 14:03:26.301,8550.0,,,False,,2026-09-03 14:03:27.146,8550.0,0.845275,0.0,-0.0999000999000914,0.0,300,301.019,8550.0,0.0,-0.0999000999000914,0.3508771929824561,-0.23391812865497078,0.25062656641604864,-0.3335845441108514,COMPLETE
2026-09-03 14:08:27.541,v1.6.9,20260903_033790_WIDE_HIGH_GAP_SHADOW_E012_140326392056,WIDE_HIGH_GAP_SHADOW,033790,피노,2026-09-03 14:03:26.392,8610.0,8618.609999999999,MAIN,MAIN,2026-09-03 14:03:26.373,,,2026-09-03 14:03:26.373,8610.0,,,False,,2026-09-03 14:03:26.946,8610.0,0.572904,0.0,-0.09990009990008557,0.0,300,301.149,8640.0,0.34843205574912894,0.24818387187726604,1.1614401858304297,-0.11614401858304298,1.0603798060244198,-0.2159280904925361,COMPLETE
2026-09-03 14:08:40.440,v1.6.9,20260903_008930_WIDE_HIGH_GAP_SHADOW_E040_140738493616,WIDE_HIGH_GAP_SHADOW,008930,한미사이언스,2026-09-03 14:07:38.493,51600.0,51651.59999999999,MAIN,MAIN,2026-09-03 14:07:38.476,,,2026-09-03 14:07:38.476,51600.0,,,False,,2026-09-03 14:07:41.545,51400.0,3.069626,-0.3875968992248062,-0.48710978943535405,0.3875968992248062,60,61.947,51400.0,-0.3875968992248062,-0.48710978943535405,0.0,-0.3875968992248062,-0.09990009990008301,-0.48710978943535405,COMPLETE
2026-09-03 14:08:44.742,v1.6.9,20260903_015760_SHADOW_SCORE_70_74_E014_140642896640,SHADOW_SCORE_70_74,015760,한국전력,2026-09-03 14:06:42.896,32850.0,32882.85,MAIN,MAIN,2026-09-03 14:06:42.862,,,2026-09-03 14:06:42.862,32850.0,,,False,,2026-09-03 14:06:45.543,32850.0,2.680972,0.0,-0.09990009990009548,0.0,120,121.846,32800.0,-0.15220700152207,-0.25195504647559,0.0,-0.30441400304414,-0.09990009990009548,-0.40400999305108454,COMPLETE
2026-09-03 14:08:55.640,v1.6.9,20260903_006360_WIDE_HIGH_GAP_SHADOW_E001_140354546227,WIDE_HIGH_GAP_SHADOW,006360,GS건설,2026-09-03 14:03:54.546,33900.0,33933.899999999994,MAIN,MAIN,2026-09-03 14:03:54.537,,,2026-09-03 14:03:54.537,33900.0,,,False,,2026-09-03 14:03:55.345,33900.0,0.807855,0.0,-0.09990009990008276,0.0,300,301.094,33700.0,-0.5899705014749262,-0.6892812202546545,0.2949852507374631,-0.5899705014749262,0.19479046027720315,-0.6892812202546545,COMPLETE
2026-09-03 14:08:59.322,v1.6.9,20260903_033790_WIDE_HIGH_GAP_SHADOW_E015_140829315515,WIDE_HIGH_GAP_SHADOW,033790,피노,2026-09-03 14:08:29.315,8640.0,8648.64,MAIN,MAIN,2026-09-03 14:08:29.298,,,2026-09-03 14:08:29.298,8640.0,,,False,,2026-09-03 14:08:30.341,8640.0,1.042765,0.0,-0.09990009990009317,0.0,30,30.007,8570.0,-0.8101851851851851,-0.9092759092759026,0.0,-0.8101851851851851,-0.09990009990009317,-0.9092759092759026,COMPLETE
2026-09-03 14:09:18.857,v1.6.9,20260903_033790_WIDE_HIGH_GAP_SHADOW_E014_140711358932,WIDE_HIGH_GAP_SHADOW,033790,피노,2026-09-03 14:07:11.358,8660.0,8668.66,MAIN,MAIN,2026-09-03 14:07:11.344,,,2026-09-03 14:07:11.344,8660.0,,,False,,2026-09-03 14:07:12.041,8660.0,0.697628,0.0,-0.09990009990009822,0.0,120,127.498,8570.0,-1.0392609699769053,-1.138122847129774,0.3464203233256351,-1.0392609699769053,0.24617414917646033,-1.138122847129774,COMPLETE
2026-09-03 14:09:29.550,v1.6.9,20260903_033790_WIDE_HIGH_GAP_SHADOW_E015_140829315515,WIDE_HIGH_GAP_SHADOW,033790,피노,2026-09-03 14:08:29.315,8640.0,8648.64,MAIN,MAIN,2026-09-03 14:08:29.298,,,2026-09-03 14:08:29.298,8640.0,,,False,,2026-09-03 14:08:30.341,8640.0,1.042765,0.0,-0.09990009990009317,0.0,60,60.235,8570.0,-0.8101851851851851,-0.9092759092759026,0.0,-0.8101851851851851,-0.09990009990009317,-0.9092759092759026,COMPLETE
2026-09-03 14:09:42.051,v1.6.9,20260903_008930_WIDE_HIGH_GAP_SHADOW_E040_140738493616,WIDE_HIGH_GAP_SHADOW,008930,한미사이언스,2026-09-03 14:07:38.493,51600.0,51651.59999999999,MAIN,MAIN,2026-09-03 14:07:38.476,,,2026-09-03 14:07:38.476,51600.0,,,False,,2026-09-03 14:07:41.545,51400.0,3.069626,-0.3875968992248062,-0.48710978943535405,0.3875968992248062,120,123.558,51400.0,-0.3875968992248062,-0.48710978943535405,0.0,-0.3875968992248062,-0.09990009990008301,-0.48710978943535405,COMPLETE
2026-09-03 14:09:42.940,v1.6.9,20260903_015760_SHADOW_SCORE_70_74_E014_140642896640,SHADOW_SCORE_70_74,015760,한국전력,2026-09-03 14:06:42.896,32850.0,32882.85,MAIN,MAIN,2026-09-03 14:06:42.862,,,2026-09-03 14:06:42.862,32850.0,,,False,,2026-09-03 14:06:45.543,32850.0,2.680972,0.0,-0.09990009990009548,0.0,180,180.043,32750.0,-0.30441400304414,-0.40400999305108454,0.0,-0.45662100456621,-0.09990009990009548,-0.5560649396265791,COMPLETE
2026-09-03 14:09:52.340,v1.6.9,20260903_006360_WIDE_HIGH_GAP_SHADOW_E002_140452326865,WIDE_HIGH_GAP_SHADOW,006360,GS건설,2026-09-03 14:04:52.326,33900.0,33933.899999999994,MAIN,MAIN,2026-09-03 14:04:52.275,,,2026-09-03 14:04:52.275,33900.0,,,False,,2026-09-03 14:04:52.954,33900.0,0.678994,0.0,-0.09990009990008276,0.0,300,300.014,33700.0,-0.5899705014749262,-0.6892812202546545,0.0,-0.5899705014749262,-0.09990009990008276,-0.6892812202546545,COMPLETE
2026-09-03 14:10:11.439,v1.6.9,20260903_033790_WIDE_HIGH_GAP_SHADOW_E014_140711358932,WIDE_HIGH_GAP_SHADOW,033790,피노,2026-09-03 14:07:11.358,8660.0,8668.66,MAIN,MAIN,2026-09-03 14:07:11.344,,,2026-09-03 14:07:11.344,8660.0,,,False,,2026-09-03 14:07:12.041,8660.0,0.697628,0.0,-0.09990009990009822,0.0,180,180.08,8620.0,-0.4618937644341801,-0.5613324320021763,0.3464203233256351,-1.0392609699769053,0.24617414917646033,-1.138122847129774,COMPLETE
2026-09-03 14:10:20.599,v1.6.9,20260903_033790_WIDE_HIGH_GAP_SHADOW_E013_140520425256,WIDE_HIGH_GAP_SHADOW,033790,피노,2026-09-03 14:05:20.425,8650.0,8658.65,MAIN,MAIN,2026-09-03 14:05:20.418,,,2026-09-03 14:05:20.418,8650.0,,,False,,2026-09-03 14:05:20.944,8660.0,0.525962,0.11560693641618498,0.01559134507111806,0.11560693641618498,300,300.174,8600.0,-0.5780346820809248,-0.6773573247561645,0.6936416184971098,-0.9248554913294799,0.5930485699271869,-1.0238316596698058,COMPLETE
2026-09-03 14:10:29.952,v1.6.9,20260903_033790_WIDE_HIGH_GAP_SHADOW_E015_140829315515,WIDE_HIGH_GAP_SHADOW,033790,피노,2026-09-03 14:08:29.315,8640.0,8648.64,MAIN,MAIN,2026-09-03 14:08:29.298,,,2026-09-03 14:08:29.298,8640.0,,,False,,2026-09-03 14:08:30.341,8640.0,1.042765,0.0,-0.09990009990009317,0.0,120,120.637,8600.0,-0.4629629629629629,-0.5624005624005557,0.11574074074074073,-0.9259259259259258,0.015725015725022457,-1.0249010249010182,COMPLETE
2026-09-03 14:10:39.049,v1.6.9,20260903_008930_WIDE_HIGH_GAP_SHADOW_E040_140738493616,WIDE_HIGH_GAP_SHADOW,008930,한미사이언스,2026-09-03 14:07:38.493,51600.0,51651.59999999999,MAIN,MAIN,2026-09-03 14:07:38.476,,,2026-09-03 14:07:38.476,51600.0,,,False,,2026-09-03 14:07:41.545,51400.0,3.069626,-0.3875968992248062,-0.48710978943535405,0.3875968992248062,180,180.556,51400.0,-0.3875968992248062,-0.48710978943535405,0.0,-0.5813953488372093,-0.09990009990008301,-0.6807146342029895,COMPLETE
2026-09-03 14:11:29.450,v1.6.9,20260903_033790_WIDE_HIGH_GAP_SHADOW_E015_140829315515,WIDE_HIGH_GAP_SHADOW,033790,피노,2026-09-03 14:08:29.315,8640.0,8648.64,MAIN,MAIN,2026-09-03 14:08:29.298,,,2026-09-03 14:08:29.298,8640.0,,,False,,2026-09-03 14:08:30.341,8640.0,1.042765,0.0,-0.09990009990009317,0.0,180,180.135,8540.0,-1.1574074074074074,-1.2561512561512496,0.11574074074074073,-1.1574074074074074,0.015725015725022457,-1.2561512561512496,COMPLETE
2026-09-03 14:11:44.142,v1.6.9,20260903_015760_SHADOW_SCORE_70_74_E014_140642896640,SHADOW_SCORE_70_74,015760,한국전력,2026-09-03 14:06:42.896,32850.0,32882.85,MAIN,MAIN,2026-09-03 14:06:42.862,,,2026-09-03 14:06:42.862,32850.0,,,False,,2026-09-03 14:06:45.543,32850.0,2.680972,0.0,-0.09990009990009548,0.0,300,301.246,32600.0,-0.76103500761035,-0.8601748327775681,0.0,-0.76103500761035,-0.09990009990009548,-0.8601748327775681,COMPLETE
2026-09-03 14:12:11.747,v1.6.9,20260903_033790_WIDE_HIGH_GAP_SHADOW_E014_140711358932,WIDE_HIGH_GAP_SHADOW,033790,피노,2026-09-03 14:07:11.358,8660.0,8668.66,MAIN,MAIN,2026-09-03 14:07:11.344,,,2026-09-03 14:07:11.344,8660.0,,,False,,2026-09-03 14:07:12.041,8660.0,0.697628,0.0,-0.09990009990009822,0.0,300,300.389,8540.0,-1.3856812933025404,-1.4841970962063324,0.3464203233256351,-1.5011547344110854,0.24617414917646033,-1.599555179231852,COMPLETE
2026-09-03 14:12:39.358,v1.6.9,20260903_008930_WIDE_HIGH_GAP_SHADOW_E040_140738493616,WIDE_HIGH_GAP_SHADOW,008930,한미사이언스,2026-09-03 14:07:38.493,51600.0,51651.59999999999,MAIN,MAIN,2026-09-03 14:07:38.476,,,2026-09-03 14:07:38.476,51600.0,,,False,,2026-09-03 14:07:41.545,51400.0,3.069626,-0.3875968992248062,-0.48710978943535405,0.3875968992248062,300,300.865,50900.0,-1.3565891472868217,-1.4551340132735315,0.0,-1.937984496124031,-0.09990009990008301,-2.035948547576438,COMPLETE
2026-09-03 14:13:24.548,v1.6.9,20260903_000720_WIDE_HIGH_GAP_SHADOW_E002_141254509505,WIDE_HIGH_GAP_SHADOW,000720,현대건설,2026-09-03 14:12:54.509,118100.0,118218.09999999999,MAIN,MAIN,2026-09-03 14:12:54.491,,,2026-09-03 14:12:54.491,118100.0,,,False,,2026-09-03 14:12:54.647,118000.0,0.156073,-0.0846740050804403,-0.18448951556486806,0.0846740050804403,30,30.039,117500.0,-0.5080440304826418,-0.6074365938887457,0.0,-0.7620660457239627,-0.09990009990009252,-0.8612048408830724,COMPLETE
2026-09-03 14:13:29.547,v1.6.9,20260903_033790_WIDE_HIGH_GAP_SHADOW_E015_140829315515,WIDE_HIGH_GAP_SHADOW,033790,피노,2026-09-03 14:08:29.315,8640.0,8648.64,MAIN,MAIN,2026-09-03 14:08:29.298,,,2026-09-03 14:08:29.298,8640.0,,,False,,2026-09-03 14:08:30.341,8640.0,1.042765,0.0,-0.09990009990009317,0.0,300,300.232,8560.0,-0.9259259259259258,-1.0249010249010182,0.11574074074074073,-1.2731481481481481,0.015725015725022457,-1.3717763717763651,COMPLETE
2026-09-03 14:13:47.762,v1.6.9,20260903_267270_WIDE_HIGH_GAP_SHADOW_E001_141316548957,WIDE_HIGH_GAP_SHADOW,267270,HD건설기계,2026-09-03 14:13:16.548,135000.0,135134.99999999997,MAIN,MAIN,2026-09-03 14:13:16.508,,,2026-09-03 14:13:16.508,135000.0,,,False,,2026-09-03 14:13:16.953,135100.0,0.444857,0.07407407407407407,-0.02590002590000437,0.07407407407407407,30,31.213,135200.0,0.14814814814814814,0.048100048100069646,0.2222222222222222,-0.3703703703703704,0.12210012210014365,-0.4699004699004485,COMPLETE
2026-09-03 14:13:54.746,v1.6.9,20260903_000720_WIDE_HIGH_GAP_SHADOW_E002_141254509505,WIDE_HIGH_GAP_SHADOW,000720,현대건설,2026-09-03 14:12:54.509,118100.0,118218.09999999999,MAIN,MAIN,2026-09-03 14:12:54.491,,,2026-09-03 14:12:54.491,118100.0,,,False,,2026-09-03 14:12:54.647,118000.0,0.156073,-0.0846740050804403,-0.18448951556486806,0.0846740050804403,60,60.237,118000.0,-0.0846740050804403,-0.18448951556486806,0.0,-0.8467400508044031,-0.09990009990009252,-0.9457942565478479,COMPLETE
2026-09-03 14:14:19.747,v1.6.9,20260903_267270_WIDE_HIGH_GAP_SHADOW_E001_141316548957,WIDE_HIGH_GAP_SHADOW,267270,HD건설기계,2026-09-03 14:13:16.548,135000.0,135134.99999999997,MAIN,MAIN,2026-09-03 14:13:16.508,,,2026-09-03 14:13:16.508,135000.0,,,False,,2026-09-03 14:13:16.953,135100.0,0.444857,0.07407407407407407,-0.02590002590000437,0.07407407407407407,60,63.198,135400.0,0.2962962962962963,0.19610019610021767,0.3703703703703704,-0.3703703703703704,0.2701002701002917,-0.4699004699004485,COMPLETE
2026-09-03 14:14:54.544,v1.6.9,20260903_000720_WIDE_HIGH_GAP_SHADOW_E002_141254509505,WIDE_HIGH_GAP_SHADOW,000720,현대건설,2026-09-03 14:12:54.509,118100.0,118218.09999999999,MAIN,MAIN,2026-09-03 14:12:54.491,,,2026-09-03 14:12:54.491,118100.0,,,False,,2026-09-03 14:12:54.647,118000.0,0.156073,-0.0846740050804403,-0.18448951556486806,0.0846740050804403,120,120.035,118000.0,-0.0846740050804403,-0.18448951556486806,0.0,-0.8467400508044031,-0.09990009990009252,-0.9457942565478479,COMPLETE
2026-09-03 14:15:18.148,v1.6.9,20260903_267270_WIDE_HIGH_GAP_SHADOW_E001_141316548957,WIDE_HIGH_GAP_SHADOW,267270,HD건설기계,2026-09-03 14:13:16.548,135000.0,135134.99999999997,MAIN,MAIN,2026-09-03 14:13:16.508,,,2026-09-03 14:13:16.508,135000.0,,,False,,2026-09-03 14:13:16.953,135100.0,0.444857,0.07407407407407407,-0.02590002590000437,0.07407407407407407,120,121.6,135300.0,0.2222222222222222,0.12210012210014365,0.3703703703703704,-0.3703703703703704,0.2701002701002917,-0.4699004699004485,COMPLETE
2026-09-03 14:15:20.045,v1.6.9,20260903_267270_WIDE_HIGH_GAP_SHADOW_E002_141449442131,WIDE_HIGH_GAP_SHADOW,267270,HD건설기계,2026-09-03 14:14:49.442,134800.0,134934.8,MAIN,MAIN,2026-09-03 14:14:49.403,,,2026-09-03 14:14:49.403,134800.0,,,False,,2026-09-03 14:14:49.547,135150.0,0.143639,0.25964391691394656,0.15948443248147376,0.25964391691394656,30,30.603,135300.0,0.370919881305638,0.27064923207357305,0.370919881305638,0.0,0.27064923207357305,-0.09990009990009129,COMPLETE
2026-09-03 14:15:23.446,v1.6.9,20260903_004020_WIDE_HIGH_GAP_SHADOW_E004_141449472027,WIDE_HIGH_GAP_SHADOW,004020,현대제철,2026-09-03 14:14:49.472,31550.0,31581.549999999996,MAIN,MAIN,2026-09-03 14:14:49.461,,,2026-09-03 14:14:49.461,31550.0,,,False,,2026-09-03 14:14:50.245,31550.0,0.784429,0.0,-0.09990009990008608,0.0,30,33.975,31550.0,0.0,-0.09990009990008608,0.15847860538827258,-0.15847860538827258,0.05842018520308335,-0.2582203850032555,COMPLETE
2026-09-03 14:15:50.245,v1.6.9,20260903_004020_WIDE_HIGH_GAP_SHADOW_E004_141449472027,WIDE_HIGH_GAP_SHADOW,004020,현대제철,2026-09-03 14:14:49.472,31550.0,31581.549999999996,MAIN,MAIN,2026-09-03 14:14:49.461,,,2026-09-03 14:14:49.461,31550.0,,,False,,2026-09-03 14:14:50.245,31550.0,0.784429,0.0,-0.09990009990008608,0.0,60,60.773,31550.0,0.0,-0.09990009990008608,0.15847860538827258,-0.15847860538827258,0.05842018520308335,-0.2582203850032555,COMPLETE
2026-09-03 14:15:50.647,v1.6.9,20260903_267270_WIDE_HIGH_GAP_SHADOW_E002_141449442131,WIDE_HIGH_GAP_SHADOW,267270,HD건설기계,2026-09-03 14:14:49.442,134800.0,134934.8,MAIN,MAIN,2026-09-03 14:14:49.403,,,2026-09-03 14:14:49.403,134800.0,,,False,,2026-09-03 14:14:49.547,135150.0,0.143639,0.25964391691394656,0.15948443248147376,0.25964391691394656,60,61.205,135400.0,0.44510385756676557,0.34475909846830594,0.44510385756676557,0.0,0.34475909846830594,-0.09990009990009129,COMPLETE
2026-09-03 14:15:54.844,v1.6.9,20260903_000720_WIDE_HIGH_GAP_SHADOW_E002_141254509505,WIDE_HIGH_GAP_SHADOW,000720,현대건설,2026-09-03 14:12:54.509,118100.0,118218.09999999999,MAIN,MAIN,2026-09-03 14:12:54.491,,,2026-09-03 14:12:54.491,118100.0,,,False,,2026-09-03 14:12:54.647,118000.0,0.156073,-0.0846740050804403,-0.18448951556486806,0.0846740050804403,180,180.335,117800.0,-0.2540220152413209,-0.3536683468944191,0.0,-0.8467400508044031,-0.09990009990009252,-0.9457942565478479,COMPLETE
2026-09-03 14:16:09.145,v1.6.9,20260903_004020_WIDE_HIGH_GAP_SHADOW_E005_141537027812,WIDE_HIGH_GAP_SHADOW,004020,현대제철,2026-09-03 14:15:37.027,31500.0,31531.499999999996,MAIN,MAIN,2026-09-03 14:15:36.972,,,2026-09-03 14:15:36.972,31500.0,,,False,,2026-09-03 14:15:37.847,31500.0,0.874698,0.0,-0.09990009990008836,0.0,30,32.117,31550.0,0.15873015873015872,0.05867148724292736,0.31746031746031744,0.0,0.2172430743859431,-0.09990009990008836,COMPLETE
2026-09-03 14:16:16.645,v1.6.9,20260903_267270_WIDE_HIGH_GAP_SHADOW_E001_141316548957,WIDE_HIGH_GAP_SHADOW,267270,HD건설기계,2026-09-03 14:13:16.548,135000.0,135134.99999999997,MAIN,MAIN,2026-09-03 14:13:16.508,,,2026-09-03 14:13:16.508,135000.0,,,False,,2026-09-03 14:13:16.953,135100.0,0.444857,0.07407407407407407,-0.02590002590000437,0.07407407407407407,180,180.097,135150.0,0.1111111111111111,0.011100011100032638,0.4444444444444444,-0.3703703703703704,0.3441003441003657,-0.4699004699004485,COMPLETE
2026-09-03 14:16:37.459,v1.6.9,20260903_004020_WIDE_HIGH_GAP_SHADOW_E005_141537027812,WIDE_HIGH_GAP_SHADOW,004020,현대제철,2026-09-03 14:15:37.027,31500.0,31531.499999999996,MAIN,MAIN,2026-09-03 14:15:36.972,,,2026-09-03 14:15:36.972,31500.0,,,False,,2026-09-03 14:15:37.847,31500.0,0.874698,0.0,-0.09990009990008836,0.0,60,60.432,31450.0,-0.15873015873015872,-0.2584716870431041,0.31746031746031744,-0.15873015873015872,0.2172430743859431,-0.2584716870431041,COMPLETE
2026-09-03 14:16:49.645,v1.6.9,20260903_267270_WIDE_HIGH_GAP_SHADOW_E002_141449442131,WIDE_HIGH_GAP_SHADOW,267270,HD건설기계,2026-09-03 14:14:49.442,134800.0,134934.8,MAIN,MAIN,2026-09-03 14:14:49.403,,,2026-09-03 14:14:49.403,134800.0,,,False,,2026-09-03 14:14:49.547,135150.0,0.143639,0.25964391691394656,0.15948443248147376,0.25964391691394656,120,120.203,134600.0,-0.1483679525222552,-0.248119832689557,0.5934718100890208,-0.22255192878338279,0.49297883125777164,-0.3222296990842899,COMPLETE
2026-09-03 14:16:49.943,v1.6.9,20260903_004020_WIDE_HIGH_GAP_SHADOW_E004_141449472027,WIDE_HIGH_GAP_SHADOW,004020,현대제철,2026-09-03 14:14:49.472,31550.0,31581.549999999996,MAIN,MAIN,2026-09-03 14:14:49.461,,,2026-09-03 14:14:49.461,31550.0,,,False,,2026-09-03 14:14:50.245,31550.0,0.784429,0.0,-0.09990009990008608,0.0,120,120.472,31400.0,-0.4754358161648178,-0.5748609552095943,0.15847860538827258,-0.9508716323296356,0.05842018520308335,-1.0498218105191028,COMPLETE
2026-09-03 14:16:56.731,v1.6.9,20260903_267270_WIDE_HIGH_GAP_SHADOW_E003_141626668111,WIDE_HIGH_GAP_SHADOW,267270,HD건설기계,2026-09-03 14:16:26.668,135150.0,135285.15,MAIN,MAIN,2026-09-03 14:16:26.638,,,2026-09-03 14:16:26.638,135150.0,,,False,,2026-09-03 14:16:27.744,134800.0,1.105237,-0.25897151313355526,-0.3586129002333177,0.25897151313355526,30,30.063,134500.0,-0.4809470958194599,-0.5803667290903652,0.0,-0.5549389567147613,-0.0999000999000956,-0.6542846720427143,COMPLETE
2026-09-03 14:17:26.945,v1.6.9,20260903_267270_WIDE_HIGH_GAP_SHADOW_E003_141626668111,WIDE_HIGH_GAP_SHADOW,267270,HD건설기계,2026-09-03 14:16:26.668,135150.0,135285.15,MAIN,MAIN,2026-09-03 14:16:26.638,,,2026-09-03 14:16:26.638,135150.0,,,False,,2026-09-03 14:16:27.744,134800.0,1.105237,-0.25897151313355526,-0.3586129002333177,0.25897151313355526,60,60.277,134600.0,-0.4069552349241583,-0.506448786138016,0.0,-0.776914539400666,-0.0999000999000956,-0.876038500899762,COMPLETE
2026-09-03 14:17:37.243,v1.6.9,20260903_004020_WIDE_HIGH_GAP_SHADOW_E005_141537027812,WIDE_HIGH_GAP_SHADOW,004020,현대제철,2026-09-03 14:15:37.027,31500.0,31531.499999999996,MAIN,MAIN,2026-09-03 14:15:36.972,,,2026-09-03 14:15:36.972,31500.0,,,False,,2026-09-03 14:15:37.847,31500.0,0.874698,0.0,-0.09990009990008836,0.0,120,120.215,31400.0,-0.31746031746031744,-0.4170432741861198,0.31746031746031744,-0.7936507936507936,0.2172430743859431,-0.892758035615167,COMPLETE
2026-09-03 14:17:47.846,v1.6.9,20260903_033790_WIDE_HIGH_GAP_SHADOW_E016_141715831276,WIDE_HIGH_GAP_SHADOW,033790,피노,2026-09-03 14:17:15.830,8530.0,8538.529999999999,MAIN,MAIN,2026-09-03 14:17:15.819,,,2026-09-03 14:17:15.819,8530.0,,,False,,2026-09-03 14:17:17.445,8520.0,1.625743,-0.11723329425556857,-0.21701627797757736,0.11723329425556857,30,32.017,8520.0,-0.11723329425556857,-0.21701627797757736,0.23446658851113714,-0.23446658851113714,0.13433225625489592,-0.33413245605506847,COMPLETE
2026-09-03 14:17:49.543,v1.6.9,20260903_267270_WIDE_HIGH_GAP_SHADOW_E002_141449442131,WIDE_HIGH_GAP_SHADOW,267270,HD건설기계,2026-09-03 14:14:49.442,134800.0,134934.8,MAIN,MAIN,2026-09-03 14:14:49.403,,,2026-09-03 14:14:49.403,134800.0,,,False,,2026-09-03 14:14:49.547,135150.0,0.143639,0.25964391691394656,0.15948443248147376,0.25964391691394656,180,180.101,134700.0,-0.0741839762611276,-0.17400996629482415,0.5934718100890208,-0.5192878338278931,0.49297883125777164,-0.6186691646632213,COMPLETE
2026-09-03 14:17:50.657,v1.6.9,20260903_004020_WIDE_HIGH_GAP_SHADOW_E004_141449472027,WIDE_HIGH_GAP_SHADOW,004020,현대제철,2026-09-03 14:14:49.472,31550.0,31581.549999999996,MAIN,MAIN,2026-09-03 14:14:49.461,,,2026-09-03 14:14:49.461,31550.0,,,False,,2026-09-03 14:14:50.245,31550.0,0.784429,0.0,-0.09990009990008608,0.0,180,181.186,31400.0,-0.4754358161648178,-0.5748609552095943,0.15847860538827258,-0.9508716323296356,0.05842018520308335,-1.0498218105191028,COMPLETE
2026-09-03 14:17:54.943,v1.6.9,20260903_000720_WIDE_HIGH_GAP_SHADOW_E002_141254509505,WIDE_HIGH_GAP_SHADOW,000720,현대건설,2026-09-03 14:12:54.509,118100.0,118218.09999999999,MAIN,MAIN,2026-09-03 14:12:54.491,,,2026-09-03 14:12:54.491,118100.0,,,False,,2026-09-03 14:12:54.647,118000.0,0.156073,-0.0846740050804403,-0.18448951556486806,0.0846740050804403,300,300.434,117100.0,-0.8467400508044031,-0.9457942565478479,0.0,-1.0160880609652836,-0.09990009990009252,-1.114973087877399,COMPLETE
2026-09-03 14:18:16.344,v1.6.9,20260903_033790_WIDE_HIGH_GAP_SHADOW_E016_141715831276,WIDE_HIGH_GAP_SHADOW,033790,피노,2026-09-03 14:17:15.830,8530.0,8538.529999999999,MAIN,MAIN,2026-09-03 14:17:15.819,,,2026-09-03 14:17:15.819,8530.0,,,False,,2026-09-03 14:17:17.445,8520.0,1.625743,-0.11723329425556857,-0.21701627797757736,0.11723329425556857,60,60.514,8550.0,0.23446658851113714,0.13433225625489592,0.4689331770222743,-0.23446658851113714,0.36856461240987815,-0.33413245605506847,COMPLETE
2026-09-03 14:18:17.642,v1.6.9,20260903_267270_WIDE_HIGH_GAP_SHADOW_E001_141316548957,WIDE_HIGH_GAP_SHADOW,267270,HD건설기계,2026-09-03 14:13:16.548,135000.0,135134.99999999997,MAIN,MAIN,2026-09-03 14:13:16.508,,,2026-09-03 14:13:16.508,135000.0,,,False,,2026-09-03 14:13:16.953,135100.0,0.444857,0.07407407407407407,-0.02590002590000437,0.07407407407407407,300,301.094,134500.0,-0.3703703703703704,-0.4699004699004485,0.4444444444444444,-0.6666666666666667,0.3441003441003657,-0.7659007659007445,COMPLETE
2026-09-03 14:18:27.242,v1.6.9,20260903_267270_WIDE_HIGH_GAP_SHADOW_E003_141626668111,WIDE_HIGH_GAP_SHADOW,267270,HD건설기계,2026-09-03 14:16:26.668,135150.0,135285.15,MAIN,MAIN,2026-09-03 14:16:26.638,,,2026-09-03 14:16:26.638,135150.0,,,False,,2026-09-03 14:16:27.744,134800.0,1.105237,-0.25897151313355526,-0.3586129002333177,0.25897151313355526,120,120.574,134900.0,-0.1849796522382538,-0.2846949572809685,0.0,-0.776914539400666,-0.0999000999000956,-0.876038500899762,COMPLETE
2026-09-03 14:18:41.041,v1.6.9,20260903_004020_WIDE_HIGH_GAP_SHADOW_E005_141537027812,WIDE_HIGH_GAP_SHADOW,004020,현대제철,2026-09-03 14:15:37.027,31500.0,31531.499999999996,MAIN,MAIN,2026-09-03 14:15:36.972,,,2026-09-03 14:15:36.972,31500.0,,,False,,2026-09-03 14:15:37.847,31500.0,0.874698,0.0,-0.09990009990008836,0.0,180,184.013,31450.0,-0.15873015873015872,-0.2584716870431041,0.31746031746031744,-0.7936507936507936,0.2172430743859431,-0.892758035615167,COMPLETE
2026-09-03 14:19:16.506,v1.6.9,20260903_033790_WIDE_HIGH_GAP_SHADOW_E016_141715831276,WIDE_HIGH_GAP_SHADOW,033790,피노,2026-09-03 14:17:15.830,8530.0,8538.529999999999,MAIN,MAIN,2026-09-03 14:17:15.819,,,2026-09-03 14:17:15.819,8530.0,,,False,,2026-09-03 14:17:17.445,8520.0,1.625743,-0.11723329425556857,-0.21701627797757736,0.11723329425556857,120,120.676,8500.0,-0.3516998827667058,-0.45124863413255956,0.4689331770222743,-0.3516998827667058,0.36856461240987815,-0.45124863413255956,COMPLETE
2026-09-03 14:19:26.842,v1.6.9,20260903_267270_WIDE_HIGH_GAP_SHADOW_E003_141626668111,WIDE_HIGH_GAP_SHADOW,267270,HD건설기계,2026-09-03 14:16:26.668,135150.0,135285.15,MAIN,MAIN,2026-09-03 14:16:26.638,,,2026-09-03 14:16:26.638,135150.0,,,False,,2026-09-03 14:16:27.744,134800.0,1.105237,-0.25897151313355526,-0.3586129002333177,0.25897151313355526,180,180.174,134200.0,-0.7029226785053644,-0.8021205579474127,0.0,-0.776914539400666,-0.0999000999000956,-0.876038500899762,COMPLETE
2026-09-03 14:19:52.276,v1.6.9,20260903_267270_WIDE_HIGH_GAP_SHADOW_E002_141449442131,WIDE_HIGH_GAP_SHADOW,267270,HD건설기계,2026-09-03 14:14:49.442,134800.0,134934.8,MAIN,MAIN,2026-09-03 14:14:49.403,,,2026-09-03 14:14:49.403,134800.0,,,False,,2026-09-03 14:14:49.547,135150.0,0.143639,0.25964391691394656,0.15948443248147376,0.25964391691394656,300,302.834,134200.0,-0.44510385756676557,-0.5445592982684885,0.5934718100890208,-0.741839762611276,0.49297883125777164,-0.84099876384742,COMPLETE
2026-09-03 14:19:52.339,v1.6.9,20260903_004020_WIDE_HIGH_GAP_SHADOW_E004_141449472027,WIDE_HIGH_GAP_SHADOW,004020,현대제철,2026-09-03 14:14:49.472,31550.0,31581.549999999996,MAIN,MAIN,2026-09-03 14:14:49.461,,,2026-09-03 14:14:49.461,31550.0,,,False,,2026-09-03 14:14:50.245,31550.0,0.784429,0.0,-0.09990009990008608,0.0,300,302.868,31250.0,-0.9508716323296356,-1.0498218105191028,0.15847860538827258,-1.109350237717908,0.05842018520308335,-1.2081420956222721,COMPLETE
2026-09-03 14:20:16.342,v1.6.9,20260903_033790_WIDE_HIGH_GAP_SHADOW_E016_141715831276,WIDE_HIGH_GAP_SHADOW,033790,피노,2026-09-03 14:17:15.830,8530.0,8538.529999999999,MAIN,MAIN,2026-09-03 14:17:15.819,,,2026-09-03 14:17:15.819,8530.0,,,False,,2026-09-03 14:17:17.445,8520.0,1.625743,-0.11723329425556857,-0.21701627797757736,0.11723329425556857,180,180.512,8510.0,-0.23446658851113714,-0.33413245605506847,0.4689331770222743,-0.4689331770222743,0.36856461240987815,-0.5683648122100508,COMPLETE
2026-09-03 14:20:31.772,v1.6.9,20260903_465770_SHADOW_SCORE_70_74_E001_141942159110,SHADOW_SCORE_70_74,465770,STX그린로지스,2026-09-03 14:19:42.159,4450.0,4454.45,MAIN,MAIN,2026-09-03 14:19:42.024,,,2026-09-03 14:19:42.024,4450.0,,,False,,,,,,,,30,49.613,4450.0,0.0,-0.09990009990009582,0.0,0.0,-0.09990009990009582,-0.09990009990009582,COMPLETE
2026-09-03 14:20:37.340,v1.6.9,20260903_004020_WIDE_HIGH_GAP_SHADOW_E005_141537027812,WIDE_HIGH_GAP_SHADOW,004020,현대제철,2026-09-03 14:15:37.027,31500.0,31531.499999999996,MAIN,MAIN,2026-09-03 14:15:36.972,,,2026-09-03 14:15:36.972,31500.0,,,False,,2026-09-03 14:15:37.847,31500.0,0.874698,0.0,-0.09990009990008836,0.0,300,300.313,31250.0,-0.7936507936507936,-0.892758035615167,0.31746031746031744,-0.9523809523809524,0.2172430743859431,-1.0513296227581828,COMPLETE
2026-09-03 14:20:52.972,v1.6.9,20260903_465770_SHADOW_SCORE_70_74_E001_141942159110,SHADOW_SCORE_70_74,465770,STX그린로지스,2026-09-03 14:19:42.159,4450.0,4454.45,MAIN,MAIN,2026-09-03 14:19:42.024,,,2026-09-03 14:19:42.024,4450.0,,,False,,,,,,,,60,70.814,4450.0,0.0,-0.09990009990009582,0.0,0.0,-0.09990009990009582,-0.09990009990009582,COMPLETE
2026-09-03 14:21:20.483,v1.6.9,20260903_010140_WIDE_HIGH_GAP_SHADOW_E001_142049965352,WIDE_HIGH_GAP_SHADOW,010140,삼성중공업,2026-09-03 14:20:49.965,21175.0,21196.175,MAIN,MAIN,2026-09-03 14:20:49.938,,,2026-09-03 14:20:49.938,21175.0,,,False,,2026-09-03 14:20:50.239,21200.0,0.300766,0.11806375442739078,0.018045708718675554,0.11806375442739078,30,30.519,21200.0,0.11806375442739078,0.018045708718675554,0.5903187721369539,-0.11806375442739078,0.4898289431937637,-0.21784590851886848,COMPLETE
2026-09-03 14:21:26.739,v1.6.9,20260903_267270_WIDE_HIGH_GAP_SHADOW_E003_141626668111,WIDE_HIGH_GAP_SHADOW,267270,HD건설기계,2026-09-03 14:16:26.668,135150.0,135285.15,MAIN,MAIN,2026-09-03 14:16:26.638,,,2026-09-03 14:16:26.638,135150.0,,,False,,2026-09-03 14:16:27.744,134800.0,1.105237,-0.25897151313355526,-0.3586129002333177,0.25897151313355526,300,300.071,134300.0,-0.628930817610063,-0.7282026149950636,0.0,-0.9988901220865706,-0.0999000999000956,-1.0977923297568093,COMPLETE
2026-09-03 14:21:42.239,v1.6.9,20260903_465770_SHADOW_SCORE_70_74_E001_141942159110,SHADOW_SCORE_70_74,465770,STX그린로지스,2026-09-03 14:19:42.159,4450.0,4454.45,MAIN,MAIN,2026-09-03 14:19:42.024,,,2026-09-03 14:19:42.024,4450.0,,,False,,2026-09-03 14:21:30.240,4515.0,108.216217,1.4606741573033708,1.359314842460914,1.4606741573033708,120,120.081,4505.0,1.2359550561797752,1.1348202359438355,2.247191011235955,0.0,2.145045965270689,-0.09990009990009582,COMPLETE
2026-09-03 14:21:50.039,v1.6.9,20260903_010140_WIDE_HIGH_GAP_SHADOW_E001_142049965352,WIDE_HIGH_GAP_SHADOW,010140,삼성중공업,2026-09-03 14:20:49.965,21175.0,21196.175,MAIN,MAIN,2026-09-03 14:20:49.938,,,2026-09-03 14:20:49.938,21175.0,,,False,,2026-09-03 14:20:50.239,21200.0,0.300766,0.11806375442739078,0.018045708718675554,0.11806375442739078,60,60.074,21300.0,0.5903187721369539,0.4898289431937637,0.5903187721369539,-0.11806375442739078,0.4898289431937637,-0.21784590851886848,COMPLETE
2026-09-03 14:22:03.140,v1.6.9,20260903_010140_WIDE_HIGH_GAP_SHADOW_E002_142133030802,WIDE_HIGH_GAP_SHADOW,010140,삼성중공업,2026-09-03 14:21:33.030,21200.0,21221.199999999997,MAIN,MAIN,2026-09-03 14:21:33.023,,,2026-09-03 14:21:33.023,21200.0,,,False,,2026-09-03 14:21:33.342,21250.0,0.318724,0.2358490566037736,0.1357133432605268,0.2358490566037736,30,30.11,21300.0,0.4716981132075472,0.3713267864211398,0.4716981132075472,0.0,0.3713267864211398,-0.09990009990008619,COMPLETE
2026-09-03 14:22:16.342,v1.6.9,20260903_033790_WIDE_HIGH_GAP_SHADOW_E016_141715831276,WIDE_HIGH_GAP_SHADOW,033790,피노,2026-09-03 14:17:15.830,8530.0,8538.529999999999,MAIN,MAIN,2026-09-03 14:17:15.819,,,2026-09-03 14:17:15.819,8530.0,,,False,,2026-09-03 14:17:17.445,8520.0,1.625743,-0.11723329425556857,-0.21701627797757736,0.11723329425556857,300,300.512,8510.0,-0.23446658851113714,-0.33413245605506847,0.4689331770222743,-0.4689331770222743,0.36856461240987815,-0.5683648122100508,COMPLETE
2026-09-03 14:22:33.042,v1.6.9,20260903_010140_WIDE_HIGH_GAP_SHADOW_E002_142133030802,WIDE_HIGH_GAP_SHADOW,010140,삼성중공업,2026-09-03 14:21:33.030,21200.0,21221.199999999997,MAIN,MAIN,2026-09-03 14:21:33.023,,,2026-09-03 14:21:33.023,21200.0,,,False,,2026-09-03 14:21:33.342,21250.0,0.318724,0.2358490566037736,0.1357133432605268,0.2358490566037736,60,60.011,21350.0,0.7075471698113208,0.6069402295817529,0.7075471698113208,0.0,0.6069402295817529,-0.09990009990008619,COMPLETE
2026-09-03 14:22:42.174,v1.6.9,20260903_465770_SHADOW_SCORE_70_74_E001_141942159110,SHADOW_SCORE_70_74,465770,STX그린로지스,2026-09-03 14:19:42.159,4450.0,4454.45,MAIN,MAIN,2026-09-03 14:19:42.024,,,2026-09-03 14:19:42.024,4450.0,,,False,,2026-09-03 14:21:30.240,4515.0,108.216217,1.4606741573033708,1.359314842460914,1.4606741573033708,180,180.015,4450.0,0.0,-0.09990009990009582,2.247191011235955,-3.033707865168539,2.145045965270689,-3.1305772878806546,COMPLETE
2026-09-03 14:22:44.738,v1.6.9,20260903_465770_WIDE_HIGH_GAP_SHADOW_E001_142214687055,WIDE_HIGH_GAP_SHADOW,465770,STX그린로지스,2026-09-03 14:22:14.687,4390.0,4394.389999999999,MAIN,MAIN,2026-09-03 14:22:14.669,,,2026-09-03 14:22:14.669,4390.0,,,False,,2026-09-03 14:22:14.743,4385.0,0.073623,-0.11389521640091116,-0.21368153486603192,0.11389521640091116,30,30.052,4470.0,1.8223234624145785,1.7206028595550371,1.8223234624145785,-1.7084282460136675,1.7206028595550371,-1.8066216243892652,COMPLETE
2026-09-03 14:22:50.546,v1.6.9,20260903_010140_WIDE_HIGH_GAP_SHADOW_E001_142049965352,WIDE_HIGH_GAP_SHADOW,010140,삼성중공업,2026-09-03 14:20:49.965,21175.0,21196.175,MAIN,MAIN,2026-09-03 14:20:49.938,,,2026-09-03 14:20:49.938,21175.0,,,False,,2026-09-03 14:20:50.239,21200.0,0.300766,0.11806375442739078,0.018045708718675554,0.11806375442739078,120,120.581,21300.0,0.5903187721369539,0.4898289431937637,0.8264462809917356,-0.11806375442739078,0.7257205604313077,-0.21784590851886848,COMPLETE
2026-09-03 14:23:14.742,v1.6.9,20260903_465770_WIDE_HIGH_GAP_SHADOW_E001_142214687055,WIDE_HIGH_GAP_SHADOW,465770,STX그린로지스,2026-09-03 14:22:14.687,4390.0,4394.389999999999,MAIN,MAIN,2026-09-03 14:22:14.669,,,2026-09-03 14:22:14.669,4390.0,,,False,,2026-09-03 14:22:14.743,4385.0,0.073623,-0.11389521640091116,-0.21368153486603192,0.11389521640091116,60,60.056,4610.0,5.0113895216400905,4.906483038601504,6.83371298405467,-1.7084282460136675,6.726985998056627,-1.8066216243892652,COMPLETE
2026-09-03 14:23:30.699,v1.6.9,20260903_033790_WIDE_HIGH_GAP_SHADOW_E017_142258309555,WIDE_HIGH_GAP_SHADOW,033790,피노,2026-09-03 14:22:58.309,8560.0,8568.56,MAIN,MAIN,2026-09-03 14:22:58.297,,,2026-09-03 14:22:58.297,8560.0,,,False,,2026-09-03 14:23:01.941,8540.0,3.644218,-0.23364485981308408,-0.33331154826481335,0.23364485981308408,30,32.39,8510.0,-0.5841121495327103,-0.6834287208118924,0.0,-0.5841121495327103,-0.09990009990009396,-0.6834287208118924,COMPLETE
2026-09-03 14:23:33.037,v1.6.9,20260903_010140_WIDE_HIGH_GAP_SHADOW_E002_142133030802,WIDE_HIGH_GAP_SHADOW,010140,삼성중공업,2026-09-03 14:21:33.030,21200.0,21221.199999999997,MAIN,MAIN,2026-09-03 14:21:33.023,,,2026-09-03 14:21:33.023,21200.0,,,False,,2026-09-03 14:21:33.342,21250.0,0.318724,0.2358490566037736,0.1357133432605268,0.2358490566037736,120,120.007,21250.0,0.2358490566037736,0.1357133432605268,0.7075471698113208,0.0,0.6069402295817529,-0.09990009990008619,COMPLETE
2026-09-03 14:23:50.041,v1.6.9,20260903_010140_WIDE_HIGH_GAP_SHADOW_E001_142049965352,WIDE_HIGH_GAP_SHADOW,010140,삼성중공업,2026-09-03 14:20:49.965,21175.0,21196.175,MAIN,MAIN,2026-09-03 14:20:49.938,,,2026-09-03 14:20:49.938,21175.0,,,False,,2026-09-03 14:20:50.239,21200.0,0.300766,0.11806375442739078,0.018045708718675554,0.11806375442739078,180,180.077,21200.0,0.11806375442739078,0.018045708718675554,0.8264462809917356,-0.11806375442739078,0.7257205604313077,-0.21784590851886848,COMPLETE
2026-09-03 14:23:58.547,v1.6.9,20260903_033790_WIDE_HIGH_GAP_SHADOW_E017_142258309555,WIDE_HIGH_GAP_SHADOW,033790,피노,2026-09-03 14:22:58.309,8560.0,8568.56,MAIN,MAIN,2026-09-03 14:22:58.297,,,2026-09-03 14:22:58.297,8560.0,,,False,,2026-09-03 14:23:01.941,8540.0,3.644218,-0.23364485981308408,-0.33331154826481335,0.23364485981308408,60,60.238,8500.0,-0.7009345794392523,-0.8001344449942521,0.0,-0.7009345794392523,-0.09990009990009396,-0.8001344449942521,COMPLETE
2026-09-03 14:24:14.740,v1.6.9,20260903_465770_WIDE_HIGH_GAP_SHADOW_E001_142214687055,WIDE_HIGH_GAP_SHADOW,465770,STX그린로지스,2026-09-03 14:22:14.687,4390.0,4394.389999999999,MAIN,MAIN,2026-09-03 14:22:14.669,,,2026-09-03 14:22:14.669,4390.0,,,False,,2026-09-03 14:22:14.743,4385.0,0.073623,-0.11389521640091116,-0.21368153486603192,0.11389521640091116,120,120.054,4620.0,5.239179954441914,5.134045908533394,8.200455580865604,-1.7084282460136675,8.09236321764797,-1.8066216243892652,COMPLETE
2026-09-03 14:24:33.240,v1.6.9,20260903_010140_WIDE_HIGH_GAP_SHADOW_E002_142133030802,WIDE_HIGH_GAP_SHADOW,010140,삼성중공업,2026-09-03 14:21:33.030,21200.0,21221.199999999997,MAIN,MAIN,2026-09-03 14:21:33.023,,,2026-09-03 14:21:33.023,21200.0,,,False,,2026-09-03 14:21:33.342,21250.0,0.318724,0.2358490566037736,0.1357133432605268,0.2358490566037736,180,180.209,21250.0,0.2358490566037736,0.1357133432605268,0.7075471698113208,0.0,0.6069402295817529,-0.09990009990008619,COMPLETE
2026-09-03 14:24:42.236,v1.6.9,20260903_465770_SHADOW_SCORE_70_74_E001_141942159110,SHADOW_SCORE_70_74,465770,STX그린로지스,2026-09-03 14:19:42.159,4450.0,4454.45,MAIN,MAIN,2026-09-03 14:19:42.024,,,2026-09-03 14:19:42.024,4450.0,,,False,,2026-09-03 14:21:30.240,4515.0,108.216217,1.4606741573033708,1.359314842460914,1.4606741573033708,300,300.078,4625.0,3.932584269662921,3.8287555141487766,6.741573033707865,-3.033707865168539,6.634938095612257,-3.1305772878806546,COMPLETE
2026-09-03 14:25:00.492,v1.6.9,20260903_033790_WIDE_HIGH_GAP_SHADOW_E017_142258309555,WIDE_HIGH_GAP_SHADOW,033790,피노,2026-09-03 14:22:58.309,8560.0,8568.56,MAIN,MAIN,2026-09-03 14:22:58.297,,,2026-09-03 14:22:58.297,8560.0,,,False,,2026-09-03 14:23:01.941,8540.0,3.644218,-0.23364485981308408,-0.33331154826481335,0.23364485981308408,120,122.183,8540.0,-0.23364485981308408,-0.33331154826481335,0.0,-0.8177570093457943,-0.09990009990009396,-0.9168401691766119,COMPLETE
2026-09-03 14:25:10.737,v1.6.9,20260903_465770_WIDE_HIGH_GAP_SHADOW_E002_142440710769,WIDE_HIGH_GAP_SHADOW,465770,STX그린로지스,2026-09-03 14:24:40.710,4570.0,4574.57,MAIN,MAIN,2026-09-03 14:24:40.673,,,2026-09-03 14:24:40.673,4570.0,,,False,,2026-09-03 14:24:40.753,4605.0,0.080727,0.7658643326039387,0.6651991334704747,0.7658643326039387,30,30.027,4560.0,-0.2188183807439825,-0.31849988086311304,1.9693654266958425,-0.3282275711159737,1.8674979287670819,-0.42779977134462277,COMPLETE
2026-09-03 14:25:10.938,v1.6.9,20260903_010140_WIDE_HIGH_GAP_SHADOW_E003_142440760536,WIDE_HIGH_GAP_SHADOW,010140,삼성중공업,2026-09-03 14:24:40.760,21200.0,21221.199999999997,MAIN,MAIN,2026-09-03 14:24:40.739,,,2026-09-03 14:24:40.739,21200.0,,,False,,2026-09-03 14:24:40.937,21250.0,0.197688,0.2358490566037736,0.1357133432605268,0.2358490566037736,30,30.177,21250.0,0.2358490566037736,0.1357133432605268,0.4716981132075472,0.0,0.3713267864211398,-0.09990009990008619,COMPLETE
2026-09-03 14:25:14.747,v1.6.9,20260903_465770_WIDE_HIGH_GAP_SHADOW_E001_142214687055,WIDE_HIGH_GAP_SHADOW,465770,STX그린로지스,2026-09-03 14:22:14.687,4390.0,4394.389999999999,MAIN,MAIN,2026-09-03 14:22:14.669,,,2026-09-03 14:22:14.669,4390.0,,,False,,2026-09-03 14:22:14.743,4385.0,0.073623,-0.11389521640091116,-0.21368153486603192,0.11389521640091116,180,180.061,4520.0,2.9612756264236904,2.8584172092144895,8.200455580865604,-1.7084282460136675,8.09236321764797,-1.8066216243892652,COMPLETE
2026-09-03 14:25:30.188,v1.6.9,20260903_033790_WIDE_HIGH_GAP_SHADOW_E018_142500179520,WIDE_HIGH_GAP_SHADOW,033790,피노,2026-09-03 14:25:00.179,8540.0,8548.539999999999,MAIN,MAIN,2026-09-03 14:25:00.141,,,2026-09-03 14:25:00.141,8540.0,,,False,,2026-09-03 14:25:00.492,8540.0,0.351521,0.0,-0.09990009990008884,0.0,30,30.009,8510.0,-0.351288056206089,-0.4508372189870909,0.351288056206089,-0.351288056206089,0.2510370191869132,-0.4508372189870909,COMPLETE
2026-09-03 14:25:40.740,v1.6.9,20260903_465770_WIDE_HIGH_GAP_SHADOW_E002_142440710769,WIDE_HIGH_GAP_SHADOW,465770,STX그린로지스,2026-09-03 14:24:40.710,4570.0,4574.57,MAIN,MAIN,2026-09-03 14:24:40.673,,,2026-09-03 14:24:40.673,4570.0,,,False,,2026-09-03 14:24:40.753,4605.0,0.080727,0.7658643326039387,0.6651991334704747,0.7658643326039387,60,60.029,4645.0,1.6411378555798686,1.5395982573225526,1.9693654266958425,-1.75054704595186,1.8674979287670819,-1.8486983476042496,COMPLETE
2026-09-03 14:25:41.338,v1.6.9,20260903_010140_WIDE_HIGH_GAP_SHADOW_E003_142440760536,WIDE_HIGH_GAP_SHADOW,010140,삼성중공업,2026-09-03 14:24:40.760,21200.0,21221.199999999997,MAIN,MAIN,2026-09-03 14:24:40.739,,,2026-09-03 14:24:40.739,21200.0,,,False,,2026-09-03 14:24:40.937,21250.0,0.197688,0.2358490566037736,0.1357133432605268,0.2358490566037736,60,60.578,21250.0,0.2358490566037736,0.1357133432605268,0.4716981132075472,0.0,0.3713267864211398,-0.09990009990008619,COMPLETE
2026-09-03 14:25:50.438,v1.6.9,20260903_010140_WIDE_HIGH_GAP_SHADOW_E001_142049965352,WIDE_HIGH_GAP_SHADOW,010140,삼성중공업,2026-09-03 14:20:49.965,21175.0,21196.175,MAIN,MAIN,2026-09-03 14:20:49.938,,,2026-09-03 14:20:49.938,21175.0,,,False,,2026-09-03 14:20:50.239,21200.0,0.300766,0.11806375442739078,0.018045708718675554,0.11806375442739078,300,300.474,21300.0,0.5903187721369539,0.4898289431937637,0.8264462809917356,-0.11806375442739078,0.7257205604313077,-0.21784590851886848,COMPLETE
2026-09-03 14:25:51.136,v1.6.9,20260903_465770_WIDE_HIGH_GAP_SHADOW_E003_142521049005,WIDE_HIGH_GAP_SHADOW,465770,STX그린로지스,2026-09-03 14:25:21.049,4555.0,4559.554999999999,MAIN,MAIN,2026-09-03 14:25:21.020,,,2026-09-03 14:25:21.020,4555.0,,,False,,2026-09-03 14:25:21.136,4500.0,0.115637,-1.2074643249176729,-1.3061581667509086,1.2074643249176729,30,30.087,4615.0,1.3172338090010975,1.2160177912099015,2.0856201975850714,-1.3172338090010975,1.983636561024061,-1.4158179910100743,COMPLETE
2026-09-03 14:26:04.639,v1.6.9,20260903_033790_WIDE_HIGH_GAP_SHADOW_E017_142258309555,WIDE_HIGH_GAP_SHADOW,033790,피노,2026-09-03 14:22:58.309,8560.0,8568.56,MAIN,MAIN,2026-09-03 14:22:58.297,,,2026-09-03 14:22:58.297,8560.0,,,False,,2026-09-03 14:23:01.941,8540.0,3.644218,-0.23364485981308408,-0.33331154826481335,0.23364485981308408,180,186.33,8520.0,-0.46728971962616817,-0.5667229966295327,0.23364485981308408,-0.8177570093457943,0.13351134846462545,-0.9168401691766119,COMPLETE
2026-09-03 14:26:04.639,v1.6.9,20260903_033790_WIDE_HIGH_GAP_SHADOW_E018_142500179520,WIDE_HIGH_GAP_SHADOW,033790,피노,2026-09-03 14:25:00.179,8540.0,8548.539999999999,MAIN,MAIN,2026-09-03 14:25:00.141,,,2026-09-03 14:25:00.141,8540.0,,,False,,2026-09-03 14:25:00.492,8540.0,0.351521,0.0,-0.09990009990008884,0.0,60,64.46,8520.0,-0.234192037470726,-0.33385817929142353,0.468384074941452,-0.351288056206089,0.36801605888258054,-0.4508372189870909,COMPLETE
2026-09-03 14:26:13.035,v1.6.9,20260903_033790_WIDE_HIGH_GAP_SHADOW_E019_142541616762,WIDE_HIGH_GAP_SHADOW,033790,피노,2026-09-03 14:25:41.616,8540.0,8548.539999999999,MAIN,MAIN,2026-09-03 14:25:41.593,,,2026-09-03 14:25:41.593,8540.0,,,False,,2026-09-03 14:25:46.137,8530.0,4.543529,-0.117096018735363,-0.21687913959575622,0.117096018735363,30,31.419,8550.0,0.117096018735363,0.017078939795578497,0.468384074941452,-0.5854800936768151,0.36801605888258054,-0.6847952983784256,COMPLETE
2026-09-03 14:26:21.137,v1.6.9,20260903_465770_WIDE_HIGH_GAP_SHADOW_E003_142521049005,WIDE_HIGH_GAP_SHADOW,465770,STX그린로지스,2026-09-03 14:25:21.049,4555.0,4559.554999999999,MAIN,MAIN,2026-09-03 14:25:21.020,,,2026-09-03 14:25:21.020,4555.0,,,False,,2026-09-03 14:25:21.136,4500.0,0.115637,-1.2074643249176729,-1.3061581667509086,1.2074643249176729,60,60.088,4695.0,3.0735455543358947,2.970574979356552,3.512623490669594,-1.3172338090010975,3.4092142763932145,-1.4158179910100743,COMPLETE
2026-09-03 14:26:33.036,v1.6.9,20260903_010140_WIDE_HIGH_GAP_SHADOW_E002_142133030802,WIDE_HIGH_GAP_SHADOW,010140,삼성중공업,2026-09-03 14:21:33.030,21200.0,21221.199999999997,MAIN,MAIN,2026-09-03 14:21:33.023,,,2026-09-03 14:21:33.023,21200.0,,,False,,2026-09-03 14:21:33.342,21250.0,0.318724,0.2358490566037736,0.1357133432605268,0.2358490566037736,300,300.006,21250.0,0.2358490566037736,0.1357133432605268,0.7075471698113208,0.0,0.6069402295817529,-0.09990009990008619,COMPLETE
2026-09-03 14:26:40.737,v1.6.9,20260903_465770_WIDE_HIGH_GAP_SHADOW_E002_142440710769,WIDE_HIGH_GAP_SHADOW,465770,STX그린로지스,2026-09-03 14:24:40.710,4570.0,4574.57,MAIN,MAIN,2026-09-03 14:24:40.673,,,2026-09-03 14:24:40.673,4570.0,,,False,,2026-09-03 14:24:40.753,4605.0,0.080727,0.7658643326039387,0.6651991334704747,0.7658643326039387,120,120.026,4700.0,2.8446389496717726,2.74189705261916,3.938730853391685,-1.75054704595186,3.8348959574342576,-1.8486983476042496,COMPLETE
2026-09-03 14:26:40.835,v1.6.9,20260903_010140_WIDE_HIGH_GAP_SHADOW_E003_142440760536,WIDE_HIGH_GAP_SHADOW,010140,삼성중공업,2026-09-03 14:24:40.760,21200.0,21221.199999999997,MAIN,MAIN,2026-09-03 14:24:40.739,,,2026-09-03 14:24:40.739,21200.0,,,False,,2026-09-03 14:24:40.937,21250.0,0.197688,0.2358490566037736,0.1357133432605268,0.2358490566037736,120,120.075,21250.0,0.2358490566037736,0.1357133432605268,0.4716981132075472,0.0,0.3713267864211398,-0.09990009990008619,COMPLETE
2026-09-03 14:26:55.234,v1.6.9,20260903_033790_WIDE_HIGH_GAP_SHADOW_E019_142541616762,WIDE_HIGH_GAP_SHADOW,033790,피노,2026-09-03 14:25:41.616,8540.0,8548.539999999999,MAIN,MAIN,2026-09-03 14:25:41.593,,,2026-09-03 14:25:41.593,8540.0,,,False,,2026-09-03 14:25:46.137,8530.0,4.543529,-0.117096018735363,-0.21687913959575622,0.117096018735363,60,73.618,8530.0,-0.117096018735363,-0.21687913959575622,0.468384074941452,-0.5854800936768151,0.36801605888258054,-0.6847952983784256,COMPLETE
2026-09-03 14:27:03.534,v1.6.9,20260903_033790_WIDE_HIGH_GAP_SHADOW_E018_142500179520,WIDE_HIGH_GAP_SHADOW,033790,피노,2026-09-03 14:25:00.179,8540.0,8548.539999999999,MAIN,MAIN,2026-09-03 14:25:00.141,,,2026-09-03 14:25:00.141,8540.0,,,False,,2026-09-03 14:25:00.492,8540.0,0.351521,0.0,-0.09990009990008884,0.0,120,123.355,8520.0,-0.234192037470726,-0.33385817929142353,0.468384074941452,-0.5854800936768151,0.36801605888258054,-0.6847952983784256,COMPLETE
2026-09-03 14:27:12.970,v1.6.9,20260903_024060_BASE_E002_142623756147,BASE,024060,흥구석유,2026-09-03 14:26:23.756,12330.0,12342.329999999998,MAIN,MAIN,2026-09-03 14:26:23.728,2026-09-03 14:26:23.728,12330.0,2026-09-03 14:26:23.728,12330.0,0.0,0.0,False,,,,,,,,30,49.214,12330.0,0.0,-0.0999000999000846,0.0,0.0,-0.0999000999000846,-0.0999000999000846,COMPLETE
2026-09-03 14:27:14.836,v1.6.9,20260903_465770_WIDE_HIGH_GAP_SHADOW_E001_142214687055,WIDE_HIGH_GAP_SHADOW,465770,STX그린로지스,2026-09-03 14:22:14.687,4390.0,4394.389999999999,MAIN,MAIN,2026-09-03 14:22:14.669,,,2026-09-03 14:22:14.669,4390.0,,,False,,2026-09-03 14:22:14.743,4385.0,0.073623,-0.11389521640091116,-0.21368153486603192,0.11389521640091116,300,300.15,4685.0,6.719817767653759,6.613204563090681,8.200455580865604,-1.7084282460136675,8.09236321764797,-1.8066216243892652,COMPLETE
2026-09-03 14:27:21.265,v1.6.9,20260903_465770_WIDE_HIGH_GAP_SHADOW_E003_142521049005,WIDE_HIGH_GAP_SHADOW,465770,STX그린로지스,2026-09-03 14:25:21.049,4555.0,4559.554999999999,MAIN,MAIN,2026-09-03 14:25:21.020,,,2026-09-03 14:25:21.020,4555.0,,,False,,2026-09-03 14:25:21.136,4500.0,0.115637,-1.2074643249176729,-1.3061581667509086,1.2074643249176729,120,120.216,4635.0,1.756311745334797,1.6546570882465643,4.281009879253568,-1.3172338090010975,4.176833046207374,-1.4158179910100743,COMPLETE
2026-09-03 14:27:34.866,v1.6.9,20260903_024060_BASE_E002_142623756147,BASE,024060,흥구석유,2026-09-03 14:26:23.756,12330.0,12342.329999999998,MAIN,MAIN,2026-09-03 14:26:23.728,2026-09-03 14:26:23.728,12330.0,2026-09-03 14:26:23.728,12330.0,0.0,0.0,False,,,,,,,,60,71.11,12330.0,0.0,-0.0999000999000846,0.0,0.0,-0.0999000999000846,-0.0999000999000846,COMPLETE
2026-09-03 14:27:40.433,v1.6.9,20260903_033790_WIDE_HIGH_GAP_SHADOW_E020_142709904679,WIDE_HIGH_GAP_SHADOW,033790,피노,2026-09-03 14:27:09.904,8530.0,8538.529999999999,MAIN,MAIN,2026-09-03 14:27:09.895,,,2026-09-03 14:27:09.895,8530.0,,,False,,2026-09-03 14:27:10.751,8520.0,0.85613,-0.11723329425556857,-0.21701627797757736,0.11723329425556857,30,30.529,8490.0,-0.4689331770222743,-0.5683648122100508,0.0,-0.4689331770222743,-0.09990009990008628,-0.5683648122100508,COMPLETE
2026-09-03 14:27:40.736,v1.6.9,20260903_465770_WIDE_HIGH_GAP_SHADOW_E002_142440710769,WIDE_HIGH_GAP_SHADOW,465770,STX그린로지스,2026-09-03 14:24:40.710,4570.0,4574.57,MAIN,MAIN,2026-09-03 14:24:40.673,,,2026-09-03 14:24:40.673,4570.0,,,False,,2026-09-03 14:24:40.753,4605.0,0.080727,0.7658643326039387,0.6651991334704747,0.7658643326039387,180,180.026,4605.0,0.7658643326039387,0.6651991334704747,3.938730853391685,-1.75054704595186,3.8348959574342576,-1.8486983476042496,COMPLETE
2026-09-03 14:27:41.733,v1.6.9,20260903_010140_WIDE_HIGH_GAP_SHADOW_E003_142440760536,WIDE_HIGH_GAP_SHADOW,010140,삼성중공업,2026-09-03 14:24:40.760,21200.0,21221.199999999997,MAIN,MAIN,2026-09-03 14:24:40.739,,,2026-09-03 14:24:40.739,21200.0,,,False,,2026-09-03 14:24:40.937,21250.0,0.197688,0.2358490566037736,0.1357133432605268,0.2358490566037736,180,180.973,21200.0,0.0,-0.09990009990008619,0.4716981132075472,-0.2358490566037736,0.3713267864211398,-0.3355135430606992,COMPLETE
2026-09-03 14:27:45.134,v1.6.9,20260903_033790_WIDE_HIGH_GAP_SHADOW_E019_142541616762,WIDE_HIGH_GAP_SHADOW,033790,피노,2026-09-03 14:25:41.616,8540.0,8548.539999999999,MAIN,MAIN,2026-09-03 14:25:41.593,,,2026-09-03 14:25:41.593,8540.0,,,False,,2026-09-03 14:25:46.137,8530.0,4.543529,-0.117096018735363,-0.21687913959575622,0.117096018735363,120,123.518,8500.0,-0.468384074941452,-0.5678162586827582,0.468384074941452,-0.5854800936768151,0.36801605888258054,-0.6847952983784256,COMPLETE
2026-09-03 14:27:59.540,v1.6.9,20260903_033790_WIDE_HIGH_GAP_SHADOW_E017_142258309555,WIDE_HIGH_GAP_SHADOW,033790,피노,2026-09-03 14:22:58.309,8560.0,8568.56,MAIN,MAIN,2026-09-03 14:22:58.297,,,2026-09-03 14:22:58.297,8560.0,,,False,,2026-09-03 14:23:01.941,8540.0,3.644218,-0.23364485981308408,-0.33331154826481335,0.23364485981308408,300,301.23,8500.0,-0.7009345794392523,-0.8001344449942521,0.23364485981308408,-0.8177570093457943,0.13351134846462545,-0.9168401691766119,COMPLETE
2026-09-03 14:28:02.333,v1.6.9,20260903_010140_WIDE_HIGH_GAP_SHADOW_E004_142732314140,WIDE_HIGH_GAP_SHADOW,010140,삼성중공업,2026-09-03 14:27:32.314,21200.0,21221.199999999997,MAIN,MAIN,2026-09-03 14:27:32.303,,,2026-09-03 14:27:32.303,21200.0,,,False,,2026-09-03 14:27:32.734,21150.0,0.430683,-0.2358490566037736,-0.3355135430606992,0.2358490566037736,30,30.02,21150.0,-0.2358490566037736,-0.3355135430606992,0.0,-0.2358490566037736,-0.09990009990008619,-0.3355135430606992,COMPLETE
2026-09-03 14:28:02.735,v1.6.9,20260903_033790_WIDE_HIGH_GAP_SHADOW_E018_142500179520,WIDE_HIGH_GAP_SHADOW,033790,피노,2026-09-03 14:25:00.179,8540.0,8548.539999999999,MAIN,MAIN,2026-09-03 14:25:00.141,,,2026-09-03 14:25:00.141,8540.0,,,False,,2026-09-03 14:25:00.492,8540.0,0.351521,0.0,-0.09990009990008884,0.0,180,182.556,8490.0,-0.5854800936768151,-0.6847952983784256,0.468384074941452,-0.5854800936768151,0.36801605888258054,-0.6847952983784256,COMPLETE
2026-09-03 14:28:10.233,v1.6.9,20260903_033790_WIDE_HIGH_GAP_SHADOW_E020_142709904679,WIDE_HIGH_GAP_SHADOW,033790,피노,2026-09-03 14:27:09.904,8530.0,8538.529999999999,MAIN,MAIN,2026-09-03 14:27:09.895,,,2026-09-03 14:27:09.895,8530.0,,,False,,2026-09-03 14:27:10.751,8520.0,0.85613,-0.11723329425556857,-0.21701627797757736,0.11723329425556857,60,60.329,8500.0,-0.3516998827667058,-0.45124863413255956,0.0,-0.4689331770222743,-0.09990009990008628,-0.5683648122100508,COMPLETE
2026-09-03 14:28:21.137,v1.6.9,20260903_465770_WIDE_HIGH_GAP_SHADOW_E003_142521049005,WIDE_HIGH_GAP_SHADOW,465770,STX그린로지스,2026-09-03 14:25:21.049,4555.0,4559.554999999999,MAIN,MAIN,2026-09-03 14:25:21.020,,,2026-09-03 14:25:21.020,4555.0,,,False,,2026-09-03 14:25:21.136,4500.0,0.115637,-1.2074643249176729,-1.3061581667509086,1.2074643249176729,180,180.089,4650.0,2.0856201975850714,1.983636561024061,4.281009879253568,-1.3172338090010975,4.176833046207374,-1.4158179910100743,COMPLETE
2026-09-03 14:28:24.534,v1.6.9,20260903_465770_WIDE_HIGH_GAP_SHADOW_E004_142754362957,WIDE_HIGH_GAP_SHADOW,465770,STX그린로지스,2026-09-03 14:27:54.362,4595.0,4599.594999999999,MAIN,MAIN,2026-09-03 14:27:54.341,,,2026-09-03 14:27:54.341,4595.0,,,False,,2026-09-03 14:27:54.637,4640.0,0.296424,0.9793253536452665,0.8784469067385425,0.9793253536452665,30,30.171,4650.0,1.1969532100108813,1.0958573526582376,1.3057671381936888,0.0,1.204562575618085,-0.09990009990008568,COMPLETE
2026-09-03 14:28:30.647,v1.6.9,20260903_024060_BASE_E002_142623756147,BASE,024060,흥구석유,2026-09-03 14:26:23.756,12330.0,12342.329999999998,MAIN,MAIN,2026-09-03 14:26:23.728,2026-09-03 14:26:23.728,12330.0,2026-09-03 14:26:23.728,12330.0,0.0,0.0,False,,2026-09-03 14:28:30.647,12220.0,126.918498,-0.8921330089213302,-0.9911418670542606,0.8921330089213302,120,126.891,12220.0,-0.8921330089213302,-0.9911418670542606,0.0,-0.8921330089213302,-0.0999000999000846,-0.9911418670542606,COMPLETE
2026-09-03 14:28:32.839,v1.6.9,20260903_010140_WIDE_HIGH_GAP_SHADOW_E004_142732314140,WIDE_HIGH_GAP_SHADOW,010140,삼성중공업,2026-09-03 14:27:32.314,21200.0,21221.199999999997,MAIN,MAIN,2026-09-03 14:27:32.303,,,2026-09-03 14:27:32.303,21200.0,,,False,,2026-09-03 14:27:32.734,21150.0,0.430683,-0.2358490566037736,-0.3355135430606992,0.2358490566037736,60,60.525,21150.0,-0.2358490566037736,-0.3355135430606992,0.2358490566037736,-0.3537735849056604,0.1357133432605268,-0.4533202646410057,COMPLETE
2026-09-03 14:28:42.545,v1.6.9,20260903_033790_WIDE_HIGH_GAP_SHADOW_E019_142541616762,WIDE_HIGH_GAP_SHADOW,033790,피노,2026-09-03 14:25:41.616,8540.0,8548.539999999999,MAIN,MAIN,2026-09-03 14:25:41.593,,,2026-09-03 14:25:41.593,8540.0,,,False,,2026-09-03 14:25:46.137,8530.0,4.543529,-0.117096018735363,-0.21687913959575622,0.117096018735363,180,180.928,8520.0,-0.234192037470726,-0.33385817929142353,0.468384074941452,-0.5854800936768151,0.36801605888258054,-0.6847952983784256,COMPLETE
2026-09-03 14:28:54.433,v1.6.9,20260903_465770_WIDE_HIGH_GAP_SHADOW_E004_142754362957,WIDE_HIGH_GAP_SHADOW,465770,STX그린로지스,2026-09-03 14:27:54.362,4595.0,4599.594999999999,MAIN,MAIN,2026-09-03 14:27:54.341,,,2026-09-03 14:27:54.341,4595.0,,,False,,2026-09-03 14:27:54.637,4640.0,0.296424,0.9793253536452665,0.8784469067385425,0.9793253536452665,60,60.07,4470.0,-2.720348204570185,-2.817530673896275,1.3057671381936888,-3.917301414581066,1.204562575618085,-4.013288126454598,COMPLETE
2026-09-03 14:29:08.838,v1.6.9,20260903_033790_WIDE_HIGH_GAP_SHADOW_E021_142838249017,WIDE_HIGH_GAP_SHADOW,033790,피노,2026-09-03 14:28:38.249,8560.0,8568.56,MAIN,MAIN,2026-09-03 14:28:38.241,,,2026-09-03 14:28:38.241,8560.0,,,False,,2026-09-03 14:28:40.333,8550.0,2.092602,-0.11682242990654204,-0.21660582408245369,0.11682242990654204,30,30.59,8500.0,-0.7009345794392523,-0.8001344449942521,0.0,-0.8177570093457943,-0.09990009990009396,-0.9168401691766119,COMPLETE
2026-09-03 14:29:11.632,v1.6.9,20260903_033790_WIDE_HIGH_GAP_SHADOW_E020_142709904679,WIDE_HIGH_GAP_SHADOW,033790,피노,2026-09-03 14:27:09.904,8530.0,8538.529999999999,MAIN,MAIN,2026-09-03 14:27:09.895,,,2026-09-03 14:27:09.895,8530.0,,,False,,2026-09-03 14:27:10.751,8520.0,0.85613,-0.11723329425556857,-0.21701627797757736,0.11723329425556857,120,121.728,8540.0,0.11723329425556857,0.01721607817740483,0.3516998827667058,-0.4689331770222743,0.251448434332387,-0.5683648122100508,COMPLETE
2026-09-03 14:29:23.934,v1.6.9,20260903_024060_BASE_E002_142623756147,BASE,024060,흥구석유,2026-09-03 14:26:23.756,12330.0,12342.329999999998,MAIN,MAIN,2026-09-03 14:26:23.728,2026-09-03 14:26:23.728,12330.0,2026-09-03 14:26:23.728,12330.0,0.0,0.0,False,,2026-09-03 14:28:30.647,12220.0,126.918498,-0.8921330089213302,-0.9911418670542606,0.8921330089213302,180,180.179,11910.0,-3.40632603406326,-3.502823210852393,0.0,-4.0551500405515,-0.0999000999000846,-4.150999041509976,COMPLETE
2026-09-03 14:29:25.832,v1.6.9,20260903_267270_WIDE_HIGH_GAP_SHADOW_E004_142855679481,WIDE_HIGH_GAP_SHADOW,267270,HD건설기계,2026-09-03 14:28:55.679,133800.0,133933.8,MAIN,MAIN,2026-09-03 14:28:55.664,,,2026-09-03 14:28:55.664,133800.0,,,False,,2026-09-03 14:28:55.734,134000.0,0.070324,0.14947683109118087,0.049427403687502064,0.14947683109118087,30,30.153,134400.0,0.4484304932735426,0.34808241086268865,0.4484304932735426,0.0,0.34808241086268865,-0.09990009990009123,COMPLETE
2026-09-03 14:29:32.334,v1.6.9,20260903_010140_WIDE_HIGH_GAP_SHADOW_E004_142732314140,WIDE_HIGH_GAP_SHADOW,010140,삼성중공업,2026-09-03 14:27:32.314,21200.0,21221.199999999997,MAIN,MAIN,2026-09-03 14:27:32.303,,,2026-09-03 14:27:32.303,21200.0,,,False,,2026-09-03 14:27:32.734,21150.0,0.430683,-0.2358490566037736,-0.3355135430606992,0.2358490566037736,120,120.02,21250.0,0.2358490566037736,0.1357133432605268,0.4716981132075472,-0.3537735849056604,0.3713267864211398,-0.4533202646410057,COMPLETE
2026-09-03 14:29:40.732,v1.6.9,20260903_033790_WIDE_HIGH_GAP_SHADOW_E021_142838249017,WIDE_HIGH_GAP_SHADOW,033790,피노,2026-09-03 14:28:38.249,8560.0,8568.56,MAIN,MAIN,2026-09-03 14:28:38.241,,,2026-09-03 14:28:38.241,8560.0,,,False,,2026-09-03 14:28:40.333,8550.0,2.092602,-0.11682242990654204,-0.21660582408245369,0.11682242990654204,60,62.483,8560.0,0.0,-0.09990009990009396,0.23364485981308408,-0.8177570093457943,0.13351134846462545,-0.9168401691766119,COMPLETE
2026-09-03 14:29:40.833,v1.6.9,20260903_465770_WIDE_HIGH_GAP_SHADOW_E002_142440710769,WIDE_HIGH_GAP_SHADOW,465770,STX그린로지스,2026-09-03 14:24:40.710,4570.0,4574.57,MAIN,MAIN,2026-09-03 14:24:40.673,,,2026-09-03 14:24:40.673,4570.0,,,False,,2026-09-03 14:24:40.753,4605.0,0.080727,0.7658643326039387,0.6651991334704747,0.7658643326039387,300,300.123,4530.0,-0.87527352297593,-0.9742992237521715,3.938730853391685,-3.391684901531729,3.8348959574342576,-3.488196704826896,COMPLETE
2026-09-03 14:29:41.033,v1.6.9,20260903_010140_WIDE_HIGH_GAP_SHADOW_E003_142440760536,WIDE_HIGH_GAP_SHADOW,010140,삼성중공업,2026-09-03 14:24:40.760,21200.0,21221.199999999997,MAIN,MAIN,2026-09-03 14:24:40.739,,,2026-09-03 14:24:40.739,21200.0,,,False,,2026-09-03 14:24:40.937,21250.0,0.197688,0.2358490566037736,0.1357133432605268,0.2358490566037736,300,300.273,21350.0,0.7075471698113208,0.6069402295817529,0.7075471698113208,-0.3537735849056604,0.6069402295817529,-0.4533202646410057,COMPLETE
2026-09-03 14:29:54.434,v1.6.9,20260903_465770_WIDE_HIGH_GAP_SHADOW_E004_142754362957,WIDE_HIGH_GAP_SHADOW,465770,STX그린로지스,2026-09-03 14:27:54.362,4595.0,4599.594999999999,MAIN,MAIN,2026-09-03 14:27:54.341,,,2026-09-03 14:27:54.341,4595.0,,,False,,2026-09-03 14:27:54.637,4640.0,0.296424,0.9793253536452665,0.8784469067385425,0.9793253536452665,120,120.071,4500.0,-2.067464635473341,-2.1652993361371893,1.3057671381936888,-3.917301414581066,1.204562575618085,-4.013288126454598,COMPLETE
2026-09-03 14:29:56.143,v1.6.9,20260903_267270_WIDE_HIGH_GAP_SHADOW_E004_142855679481,WIDE_HIGH_GAP_SHADOW,267270,HD건설기계,2026-09-03 14:28:55.679,133800.0,133933.8,MAIN,MAIN,2026-09-03 14:28:55.664,,,2026-09-03 14:28:55.664,133800.0,,,False,,2026-09-03 14:28:55.734,134000.0,0.070324,0.14947683109118087,0.049427403687502064,0.14947683109118087,60,60.464,134600.0,0.5979073243647235,0.49740991445028193,0.672645739910314,0.0,0.5720736662440786,-0.09990009990009123,COMPLETE
2026-09-03 14:30:01.631,v1.6.9,20260903_033790_WIDE_HIGH_GAP_SHADOW_E018_142500179520,WIDE_HIGH_GAP_SHADOW,033790,피노,2026-09-03 14:25:00.179,8540.0,8548.539999999999,MAIN,MAIN,2026-09-03 14:25:00.141,,,2026-09-03 14:25:00.141,8540.0,,,False,,2026-09-03 14:25:00.492,8540.0,0.351521,0.0,-0.09990009990008884,0.0,300,301.452,8580.0,0.468384074941452,0.36801605888258054,0.468384074941452,-0.5854800936768151,0.36801605888258054,-0.6847952983784256,COMPLETE
2026-09-03 14:30:07.833,v1.6.9,20260903_033790_WIDE_HIGH_GAP_SHADOW_E022_142935795245,WIDE_HIGH_GAP_SHADOW,033790,피노,2026-09-03 14:29:35.795,8560.0,8568.56,MAIN,MAIN,2026-09-03 14:29:35.766,,,2026-09-03 14:29:35.766,8560.0,,,False,,2026-09-03 14:29:36.338,8540.0,0.571945,-0.23364485981308408,-0.33331154826481335,0.23364485981308408,30,32.038,8550.0,-0.11682242990654204,-0.21660582408245369,0.23364485981308408,-0.23364485981308408,0.13351134846462545,-0.33331154826481335,COMPLETE
2026-09-03 14:30:12.932,v1.6.9,20260903_033790_WIDE_HIGH_GAP_SHADOW_E020_142709904679,WIDE_HIGH_GAP_SHADOW,033790,피노,2026-09-03 14:27:09.904,8530.0,8538.529999999999,MAIN,MAIN,2026-09-03 14:27:09.895,,,2026-09-03 14:27:09.895,8530.0,,,False,,2026-09-03 14:27:10.751,8520.0,0.85613,-0.11723329425556857,-0.21701627797757736,0.11723329425556857,180,183.028,8560.0,0.3516998827667058,0.251448434332387,0.5861664712778429,-0.4689331770222743,0.4856807904873693,-0.5683648122100508,COMPLETE
2026-09-03 14:30:21.139,v1.6.9,20260903_465770_WIDE_HIGH_GAP_SHADOW_E003_142521049005,WIDE_HIGH_GAP_SHADOW,465770,STX그린로지스,2026-09-03 14:25:21.049,4555.0,4559.554999999999,MAIN,MAIN,2026-09-03 14:25:21.020,,,2026-09-03 14:25:21.020,4555.0,,,False,,2026-09-03 14:25:21.136,4500.0,0.115637,-1.2074643249176729,-1.3061581667509086,1.2074643249176729,300,300.091,4480.0,-1.646542261251372,-1.7447974637875712,4.281009879253568,-3.0735455543358947,4.176833046207374,-3.1703751791567245,COMPLETE
2026-09-03 14:30:32.531,v1.6.9,20260903_010140_WIDE_HIGH_GAP_SHADOW_E004_142732314140,WIDE_HIGH_GAP_SHADOW,010140,삼성중공업,2026-09-03 14:27:32.314,21200.0,21221.199999999997,MAIN,MAIN,2026-09-03 14:27:32.303,,,2026-09-03 14:27:32.303,21200.0,,,False,,2026-09-03 14:27:32.734,21150.0,0.430683,-0.2358490566037736,-0.3355135430606992,0.2358490566037736,180,180.217,21350.0,0.7075471698113208,0.6069402295817529,0.9433962264150944,-0.3537735849056604,0.8425536727423658,-0.4533202646410057,COMPLETE
2026-09-03 14:30:37.433,v1.6.9,20260903_033790_WIDE_HIGH_GAP_SHADOW_E022_142935795245,WIDE_HIGH_GAP_SHADOW,033790,피노,2026-09-03 14:29:35.795,8560.0,8568.56,MAIN,MAIN,2026-09-03 14:29:35.766,,,2026-09-03 14:29:35.766,8560.0,,,False,,2026-09-03 14:29:36.338,8540.0,0.571945,-0.23364485981308408,-0.33331154826481335,0.23364485981308408,60,61.638,8580.0,0.23364485981308408,0.13351134846462545,0.35046728971962615,-0.23364485981308408,0.2502170726469852,-0.33331154826481335,COMPLETE
2026-09-03 14:30:39.032,v1.6.9,20260903_033790_WIDE_HIGH_GAP_SHADOW_E021_142838249017,WIDE_HIGH_GAP_SHADOW,033790,피노,2026-09-03 14:28:38.249,8560.0,8568.56,MAIN,MAIN,2026-09-03 14:28:38.241,,,2026-09-03 14:28:38.241,8560.0,,,False,,2026-09-03 14:28:40.333,8550.0,2.092602,-0.11682242990654204,-0.21660582408245369,0.11682242990654204,120,120.783,8580.0,0.23364485981308408,0.13351134846462545,0.35046728971962615,-0.8177570093457943,0.2502170726469852,-0.9168401691766119,COMPLETE
2026-09-03 14:30:45.133,v1.6.9,20260903_033790_WIDE_HIGH_GAP_SHADOW_E019_142541616762,WIDE_HIGH_GAP_SHADOW,033790,피노,2026-09-03 14:25:41.616,8540.0,8548.539999999999,MAIN,MAIN,2026-09-03 14:25:41.593,,,2026-09-03 14:25:41.593,8540.0,,,False,,2026-09-03 14:25:46.137,8530.0,4.543529,-0.117096018735363,-0.21687913959575622,0.117096018735363,300,303.517,8570.0,0.351288056206089,0.2510370191869132,0.5854800936768151,-0.5854800936768151,0.48499509857824785,-0.6847952983784256,COMPLETE
2026-09-03 14:30:54.533,v1.6.9,20260903_465770_WIDE_HIGH_GAP_SHADOW_E004_142754362957,WIDE_HIGH_GAP_SHADOW,465770,STX그린로지스,2026-09-03 14:27:54.362,4595.0,4599.594999999999,MAIN,MAIN,2026-09-03 14:27:54.341,,,2026-09-03 14:27:54.341,4595.0,,,False,,2026-09-03 14:27:54.637,4640.0,0.296424,0.9793253536452665,0.8784469067385425,0.9793253536452665,180,180.171,4380.0,-4.6789989118607185,-4.774224687173531,1.3057671381936888,-4.787812840043525,1.204562575618085,-4.882929910133379,COMPLETE
2026-09-03 14:30:55.934,v1.6.9,20260903_267270_WIDE_HIGH_GAP_SHADOW_E004_142855679481,WIDE_HIGH_GAP_SHADOW,267270,HD건설기계,2026-09-03 14:28:55.679,133800.0,133933.8,MAIN,MAIN,2026-09-03 14:28:55.664,,,2026-09-03 14:28:55.664,133800.0,,,False,,2026-09-03 14:28:55.734,134000.0,0.070324,0.14947683109118087,0.049427403687502064,0.14947683109118087,120,120.255,135000.0,0.8968609865470852,0.7960649216254685,0.8968609865470852,0.0,0.7960649216254685,-0.09990009990009123,COMPLETE
2026-09-03 14:31:13.233,v1.6.9,20260903_059120_WIDE_HIGH_GAP_SHADOW_E001_143043199880,WIDE_HIGH_GAP_SHADOW,059120,아진엑스텍,2026-09-03 14:30:43.199,7120.0,7127.119999999999,MAIN,MAIN,2026-09-03 14:30:43.186,,,2026-09-03 14:30:43.186,7120.0,,,False,,2026-09-03 14:30:43.231,7120.0,0.044753,0.0,-0.09990009990008564,0.0,30,30.034,7120.0,0.0,-0.09990009990008564,0.5617977528089888,-0.5617977528089888,0.4613364163926105,-0.6611366161927817,COMPLETE
2026-09-03 14:31:13.332,v1.6.9,20260903_004020_WIDE_HIGH_GAP_SHADOW_E006_143043184487,WIDE_HIGH_GAP_SHADOW,004020,현대제철,2026-09-03 14:30:43.184,31400.0,31431.399999999998,MAIN,MAIN,2026-09-03 14:30:43.162,,,2026-09-03 14:30:43.162,31400.0,,,False,,2026-09-03 14:30:44.341,31350.0,1.179036,-0.15923566878980894,-0.2589766920977043,0.15923566878980894,30,30.148,31350.0,-0.15923566878980894,-0.2589766920977043,0.0,-0.3184713375796179,-0.09990009990009296,-0.4180532842953156,COMPLETE
2026-09-03 14:31:23.835,v1.6.9,20260903_024060_BASE_E002_142623756147,BASE,024060,흥구석유,2026-09-03 14:26:23.756,12330.0,12342.329999999998,MAIN,MAIN,2026-09-03 14:26:23.728,2026-09-03 14:26:23.728,12330.0,2026-09-03 14:26:23.728,12330.0,0.0,0.0,False,,2026-09-03 14:28:30.647,12220.0,126.918498,-0.8921330089213302,-0.9911418670542606,0.8921330089213302,300,300.079,11590.0,-6.001622060016221,-6.095526533482723,0.0,-7.542579075425791,-0.0999000999000846,-7.634944131294483,COMPLETE
2026-09-03 14:31:36.231,v1.6.9,20260903_033790_WIDE_HIGH_GAP_SHADOW_E022_142935795245,WIDE_HIGH_GAP_SHADOW,033790,피노,2026-09-03 14:29:35.795,8560.0,8568.56,MAIN,MAIN,2026-09-03 14:29:35.766,,,2026-09-03 14:29:35.766,8560.0,,,False,,2026-09-03 14:29:36.338,8540.0,0.571945,-0.23364485981308408,-0.33331154826481335,0.23364485981308408,120,120.436,8570.0,0.11682242990654204,0.01680562428226574,0.35046728971962615,-0.23364485981308408,0.2502170726469852,-0.33331154826481335,COMPLETE
2026-09-03 14:31:36.532,v1.6.9,20260903_004710_WIDE_HIGH_GAP_SHADOW_E023_143105880965,WIDE_HIGH_GAP_SHADOW,004710,한솔테크닉스,2026-09-03 14:31:05.880,8580.0,8588.58,MAIN,MAIN,2026-09-03 14:31:05.870,,,2026-09-03 14:31:05.870,8580.0,,,False,,2026-09-03 14:31:06.132,8580.0,0.261473,0.0,-0.09990009990009906,0.0,30,30.651,8600.0,0.2331002331002331,0.13296726583439955,0.34965034965034963,0.0,0.24940094870164886,-0.09990009990009906,COMPLETE
2026-09-03 14:31:40.934,v1.6.9,20260903_033790_WIDE_HIGH_GAP_SHADOW_E021_142838249017,WIDE_HIGH_GAP_SHADOW,033790,피노,2026-09-03 14:28:38.249,8560.0,8568.56,MAIN,MAIN,2026-09-03 14:28:38.241,,,2026-09-03 14:28:38.241,8560.0,,,False,,2026-09-03 14:28:40.333,8550.0,2.092602,-0.11682242990654204,-0.21660582408245369,0.11682242990654204,180,182.685,8560.0,0.0,-0.09990009990009396,0.35046728971962615,-0.8177570093457943,0.2502170726469852,-0.9168401691766119,COMPLETE
2026-09-03 14:31:43.231,v1.6.9,20260903_059120_WIDE_HIGH_GAP_SHADOW_E001_143043199880,WIDE_HIGH_GAP_SHADOW,059120,아진엑스텍,2026-09-03 14:30:43.199,7120.0,7127.119999999999,MAIN,MAIN,2026-09-03 14:30:43.186,,,2026-09-03 14:30:43.186,7120.0,,,False,,2026-09-03 14:30:43.231,7120.0,0.044753,0.0,-0.09990009990008564,0.0,60,60.032,7240.0,1.6853932584269662,1.583809448978003,2.106741573033708,-0.5617977528089888,2.004736836197525,-0.6611366161927817,COMPLETE
2026-09-03 14:31:44.430,v1.6.9,20260903_004020_WIDE_HIGH_GAP_SHADOW_E006_143043184487,WIDE_HIGH_GAP_SHADOW,004020,현대제철,2026-09-03 14:30:43.184,31400.0,31431.399999999998,MAIN,MAIN,2026-09-03 14:30:43.162,,,2026-09-03 14:30:43.162,31400.0,,,False,,2026-09-03 14:30:44.341,31350.0,1.179036,-0.15923566878980894,-0.2589766920977043,0.15923566878980894,60,61.246,31350.0,-0.15923566878980894,-0.2589766920977043,0.0,-0.3184713375796179,-0.09990009990009296,-0.4180532842953156,COMPLETE
2026-09-03 14:31:55.832,v1.6.9,20260903_267270_WIDE_HIGH_GAP_SHADOW_E004_142855679481,WIDE_HIGH_GAP_SHADOW,267270,HD건설기계,2026-09-03 14:28:55.679,133800.0,133933.8,MAIN,MAIN,2026-09-03 14:28:55.664,,,2026-09-03 14:28:55.664,133800.0,,,False,,2026-09-03 14:28:55.734,134000.0,0.070324,0.14947683109118087,0.049427403687502064,0.14947683109118087,180,180.153,134500.0,0.523168908819133,0.4227461626564853,0.8968609865470852,0.0,0.7960649216254685,-0.09990009990009123,COMPLETE
2026-09-03 14:32:06.932,v1.6.9,20260903_004710_WIDE_HIGH_GAP_SHADOW_E023_143105880965,WIDE_HIGH_GAP_SHADOW,004710,한솔테크닉스,2026-09-03 14:31:05.880,8580.0,8588.58,MAIN,MAIN,2026-09-03 14:31:05.870,,,2026-09-03 14:31:05.870,8580.0,,,False,,2026-09-03 14:31:06.132,8580.0,0.261473,0.0,-0.09990009990009906,0.0,60,61.051,8580.0,0.0,-0.09990009990009906,0.34965034965034963,-0.11655011655011654,0.24940094870164886,-0.21633378276734835,COMPLETE
2026-09-03 14:32:10.066,v1.6.9,20260903_033790_WIDE_HIGH_GAP_SHADOW_E020_142709904679,WIDE_HIGH_GAP_SHADOW,033790,피노,2026-09-03 14:27:09.904,8530.0,8538.529999999999,MAIN,MAIN,2026-09-03 14:27:09.895,,,2026-09-03 14:27:09.895,8530.0,,,False,,2026-09-03 14:27:10.751,8520.0,0.85613,-0.11723329425556857,-0.21701627797757736,0.11723329425556857,300,300.161,8530.0,0.0,-0.09990009990008628,0.7033997655334115,-0.4689331770222743,0.6027969685648603,-0.5683648122100508,COMPLETE
2026-09-03 14:32:24.830,v1.6.9,20260903_004020_WIDE_HIGH_GAP_SHADOW_E007_143154754190,WIDE_HIGH_GAP_SHADOW,004020,현대제철,2026-09-03 14:31:54.754,31300.0,31331.299999999996,MAIN,MAIN,2026-09-03 14:31:54.730,,,2026-09-03 14:31:54.730,31300.0,,,False,,2026-09-03 14:31:57.640,31350.0,2.909724,0.1597444089456869,0.05968472422147938,0.1597444089456869,30,30.076,31300.0,0.0,-0.09990009990008598,0.3194888178913738,-0.1597444089456869,0.21926954834304474,-0.25948492402165135,COMPLETE
2026-09-03 14:32:32.332,v1.6.9,20260903_010140_WIDE_HIGH_GAP_SHADOW_E004_142732314140,WIDE_HIGH_GAP_SHADOW,010140,삼성중공업,2026-09-03 14:27:32.314,21200.0,21221.199999999997,MAIN,MAIN,2026-09-03 14:27:32.303,,,2026-09-03 14:27:32.303,21200.0,,,False,,2026-09-03 14:27:32.734,21150.0,0.430683,-0.2358490566037736,-0.3355135430606992,0.2358490566037736,300,300.018,21250.0,0.2358490566037736,0.1357133432605268,0.9433962264150944,-0.3537735849056604,0.8425536727423658,-0.4533202646410057,COMPLETE
2026-09-03 14:32:36.833,v1.6.9,20260903_033790_WIDE_HIGH_GAP_SHADOW_E022_142935795245,WIDE_HIGH_GAP_SHADOW,033790,피노,2026-09-03 14:29:35.795,8560.0,8568.56,MAIN,MAIN,2026-09-03 14:29:35.766,,,2026-09-03 14:29:35.766,8560.0,,,False,,2026-09-03 14:29:36.338,8540.0,0.571945,-0.23364485981308408,-0.33331154826481335,0.23364485981308408,180,181.039,8550.0,-0.11682242990654204,-0.21660582408245369,0.35046728971962615,-0.35046728971962615,0.2502170726469852,-0.4500172724471731,COMPLETE
2026-09-03 14:32:43.244,v1.6.9,20260903_059120_WIDE_HIGH_GAP_SHADOW_E001_143043199880,WIDE_HIGH_GAP_SHADOW,059120,아진엑스텍,2026-09-03 14:30:43.199,7120.0,7127.119999999999,MAIN,MAIN,2026-09-03 14:30:43.186,,,2026-09-03 14:30:43.186,7120.0,,,False,,2026-09-03 14:30:43.231,7120.0,0.044753,0.0,-0.09990009990008564,0.0,120,120.045,7290.0,2.387640449438202,2.285355094343873,2.528089887640449,-0.5617977528089888,2.425664223417047,-0.6611366161927817,COMPLETE
2026-09-03 14:32:48.633,v1.6.9,20260903_059120_WIDE_HIGH_GAP_SHADOW_E002_143218498181,WIDE_HIGH_GAP_SHADOW,059120,아진엑스텍,2026-09-03 14:32:18.498,7170.0,7177.169999999999,MAIN,MAIN,2026-09-03 14:32:18.473,,,2026-09-03 14:32:18.473,7170.0,,,False,,2026-09-03 14:32:18.529,7130.0,0.055969,-0.5578800557880056,-0.657222832955039,0.5578800557880056,30,30.135,7280.0,1.5341701534170153,1.4327374160010262,1.813110181311018,-0.5578800557880056,1.7113987825285015,-0.657222832955039,COMPLETE
2026-09-03 14:32:48.750,v1.6.9,20260903_004020_WIDE_HIGH_GAP_SHADOW_E006_143043184487,WIDE_HIGH_GAP_SHADOW,004020,현대제철,2026-09-03 14:30:43.184,31400.0,31431.399999999998,MAIN,MAIN,2026-09-03 14:30:43.162,,,2026-09-03 14:30:43.162,31400.0,,,False,,2026-09-03 14:30:44.341,31350.0,1.179036,-0.15923566878980894,-0.2589766920977043,0.15923566878980894,120,125.566,31350.0,-0.15923566878980894,-0.2589766920977043,0.0,-0.47770700636942676,-0.09990009990009296,-0.5771298764929269,COMPLETE
2026-09-03 14:32:50.940,v1.6.9,20260903_004710_WIDE_HIGH_GAP_SHADOW_E024_143218455014,WIDE_HIGH_GAP_SHADOW,004710,한솔테크닉스,2026-09-03 14:32:18.455,8580.0,8588.58,MAIN,MAIN,2026-09-03 14:32:18.418,,,2026-09-03 14:32:18.418,8580.0,,,False,,2026-09-03 14:32:20.840,8570.0,2.421587,-0.11655011655011654,-0.21633378276734835,0.11655011655011654,30,32.486,8550.0,-0.34965034965034963,-0.44920114850184695,0.0,-0.4662004662004662,-0.09990009990009906,-0.5656348313690962,COMPLETE
2026-09-03 14:32:54.829,v1.6.9,20260903_465770_WIDE_HIGH_GAP_SHADOW_E004_142754362957,WIDE_HIGH_GAP_SHADOW,465770,STX그린로지스,2026-09-03 14:27:54.362,4595.0,4599.594999999999,MAIN,MAIN,2026-09-03 14:27:54.341,,,2026-09-03 14:27:54.341,4595.0,,,False,,2026-09-03 14:27:54.637,4640.0,0.296424,0.9793253536452665,0.8784469067385425,0.9793253536452665,300,300.467,4295.0,-6.528835690968444,-6.6222134774909405,1.3057671381936888,-8.487486398258977,1.204562575618085,-8.578907490768197,COMPLETE
2026-09-03 14:32:57.429,v1.6.9,20260903_004020_WIDE_HIGH_GAP_SHADOW_E007_143154754190,WIDE_HIGH_GAP_SHADOW,004020,현대제철,2026-09-03 14:31:54.754,31300.0,31331.299999999996,MAIN,MAIN,2026-09-03 14:31:54.730,,,2026-09-03 14:31:54.730,31300.0,,,False,,2026-09-03 14:31:57.640,31350.0,2.909724,0.1597444089456869,0.05968472422147938,0.1597444089456869,60,62.676,31300.0,0.0,-0.09990009990008598,0.3194888178913738,-0.1597444089456869,0.21926954834304474,-0.25948492402165135,COMPLETE
2026-09-03 14:33:06.929,v1.6.9,20260903_004710_WIDE_HIGH_GAP_SHADOW_E023_143105880965,WIDE_HIGH_GAP_SHADOW,004710,한솔테크닉스,2026-09-03 14:31:05.880,8580.0,8588.58,MAIN,MAIN,2026-09-03 14:31:05.870,,,2026-09-03 14:31:05.870,8580.0,,,False,,2026-09-03 14:31:06.132,8580.0,0.261473,0.0,-0.09990009990009906,0.0,120,121.049,8550.0,-0.34965034965034963,-0.44920114850184695,0.34965034965034963,-0.4662004662004662,0.24940094870164886,-0.5656348313690962,COMPLETE
2026-09-03 14:33:18.541,v1.6.9,20260903_059120_WIDE_HIGH_GAP_SHADOW_E002_143218498181,WIDE_HIGH_GAP_SHADOW,059120,아진엑스텍,2026-09-03 14:32:18.498,7170.0,7177.169999999999,MAIN,MAIN,2026-09-03 14:32:18.473,,,2026-09-03 14:32:18.473,7170.0,,,False,,2026-09-03 14:32:18.529,7130.0,0.055969,-0.5578800557880056,-0.657222832955039,0.5578800557880056,60,60.044,7270.0,1.394700139470014,1.2934067327372885,1.813110181311018,-0.5578800557880056,1.7113987825285015,-0.657222832955039,COMPLETE
2026-09-03 14:33:18.546,v1.6.9,20260903_004710_WIDE_HIGH_GAP_SHADOW_E024_143218455014,WIDE_HIGH_GAP_SHADOW,004710,한솔테크닉스,2026-09-03 14:32:18.455,8580.0,8588.58,MAIN,MAIN,2026-09-03 14:32:18.418,,,2026-09-03 14:32:18.418,8580.0,,,False,,2026-09-03 14:32:20.840,8570.0,2.421587,-0.11655011655011654,-0.21633378276734835,0.11655011655011654,60,60.092,8540.0,-0.4662004662004662,-0.5656348313690962,0.0,-0.4662004662004662,-0.09990009990009906,-0.5656348313690962,COMPLETE
2026-09-03 14:33:38.530,v1.6.9,20260903_033790_WIDE_HIGH_GAP_SHADOW_E021_142838249017,WIDE_HIGH_GAP_SHADOW,033790,피노,2026-09-03 14:28:38.249,8560.0,8568.56,MAIN,MAIN,2026-09-03 14:28:38.241,,,2026-09-03 14:28:38.241,8560.0,,,False,,2026-09-03 14:28:40.333,8550.0,2.092602,-0.11682242990654204,-0.21660582408245369,0.11682242990654204,300,300.281,8560.0,0.0,-0.09990009990009396,0.35046728971962615,-0.8177570093457943,0.2502170726469852,-0.9168401691766119,COMPLETE
2026-09-03 14:33:43.541,v1.6.9,20260903_059120_WIDE_HIGH_GAP_SHADOW_E001_143043199880,WIDE_HIGH_GAP_SHADOW,059120,아진엑스텍,2026-09-03 14:30:43.199,7120.0,7127.119999999999,MAIN,MAIN,2026-09-03 14:30:43.186,,,2026-09-03 14:30:43.186,7120.0,,,False,,2026-09-03 14:30:43.231,7120.0,0.044753,0.0,-0.09990009990008564,0.0,180,180.342,7250.0,1.8258426966292134,1.724118578051177,2.528089887640449,-0.5617977528089888,2.425664223417047,-0.6611366161927817,COMPLETE
2026-09-03 14:33:43.689,v1.6.9,20260903_004020_WIDE_HIGH_GAP_SHADOW_E006_143043184487,WIDE_HIGH_GAP_SHADOW,004020,현대제철,2026-09-03 14:30:43.184,31400.0,31431.399999999998,MAIN,MAIN,2026-09-03 14:30:43.162,,,2026-09-03 14:30:43.162,31400.0,,,False,,2026-09-03 14:30:44.341,31350.0,1.179036,-0.15923566878980894,-0.2589766920977043,0.15923566878980894,180,180.505,31400.0,0.0,-0.09990009990009296,0.15923566878980894,-0.47770700636942676,0.059176492297518354,-0.5771298764929269,COMPLETE
2026-09-03 14:33:55.539,v1.6.9,20260903_004020_WIDE_HIGH_GAP_SHADOW_E007_143154754190,WIDE_HIGH_GAP_SHADOW,004020,현대제철,2026-09-03 14:31:54.754,31300.0,31331.299999999996,MAIN,MAIN,2026-09-03 14:31:54.730,,,2026-09-03 14:31:54.730,31300.0,,,False,,2026-09-03 14:31:57.640,31350.0,2.909724,0.1597444089456869,0.05968472422147938,0.1597444089456869,120,120.786,31400.0,0.3194888178913738,0.21926954834304474,0.4792332268370607,-0.1597444089456869,0.3788543724646101,-0.25948492402165135,COMPLETE
2026-09-03 14:33:56.538,v1.6.9,20260903_267270_WIDE_HIGH_GAP_SHADOW_E004_142855679481,WIDE_HIGH_GAP_SHADOW,267270,HD건설기계,2026-09-03 14:28:55.679,133800.0,133933.8,MAIN,MAIN,2026-09-03 14:28:55.664,,,2026-09-03 14:28:55.664,133800.0,,,False,,2026-09-03 14:28:55.734,134000.0,0.070324,0.14947683109118087,0.049427403687502064,0.14947683109118087,300,300.859,134700.0,0.672645739910314,0.5720736662440786,0.8968609865470852,-0.523168908819133,0.7960649216254685,-0.6225463624566677,COMPLETE
2026-09-03 14:34:06.629,v1.6.9,20260903_004710_WIDE_HIGH_GAP_SHADOW_E023_143105880965,WIDE_HIGH_GAP_SHADOW,004710,한솔테크닉스,2026-09-03 14:31:05.880,8580.0,8588.58,MAIN,MAIN,2026-09-03 14:31:05.870,,,2026-09-03 14:31:05.870,8580.0,,,False,,2026-09-03 14:31:06.132,8580.0,0.261473,0.0,-0.09990009990009906,0.0,180,180.748,8540.0,-0.4662004662004662,-0.5656348313690962,0.34965034965034963,-0.4662004662004662,0.24940094870164886,-0.5656348313690962,COMPLETE
2026-09-03 14:34:19.138,v1.6.9,20260903_059120_WIDE_HIGH_GAP_SHADOW_E002_143218498181,WIDE_HIGH_GAP_SHADOW,059120,아진엑스텍,2026-09-03 14:32:18.498,7170.0,7177.169999999999,MAIN,MAIN,2026-09-03 14:32:18.473,,,2026-09-03 14:32:18.473,7170.0,,,False,,2026-09-03 14:32:18.529,7130.0,0.055969,-0.5578800557880056,-0.657222832955039,0.5578800557880056,120,120.64,7190.0,0.2789400278940028,0.1787612666273871,1.813110181311018,-0.5578800557880056,1.7113987825285015,-0.657222832955039,COMPLETE
2026-09-03 14:34:23.429,v1.6.9,20260903_004710_WIDE_HIGH_GAP_SHADOW_E024_143218455014,WIDE_HIGH_GAP_SHADOW,004710,한솔테크닉스,2026-09-03 14:32:18.455,8580.0,8588.58,MAIN,MAIN,2026-09-03 14:32:18.418,,,2026-09-03 14:32:18.418,8580.0,,,False,,2026-09-03 14:32:20.840,8570.0,2.421587,-0.11655011655011654,-0.21633378276734835,0.11655011655011654,120,124.974,8560.0,-0.2331002331002331,-0.3327674656345977,0.0,-0.4662004662004662,-0.09990009990009906,-0.5656348313690962,COMPLETE
2026-09-03 14:34:36.538,v1.6.9,20260903_033790_WIDE_HIGH_GAP_SHADOW_E022_142935795245,WIDE_HIGH_GAP_SHADOW,033790,피노,2026-09-03 14:29:35.795,8560.0,8568.56,MAIN,MAIN,2026-09-03 14:29:35.766,,,2026-09-03 14:29:35.766,8560.0,,,False,,2026-09-03 14:29:36.338,8540.0,0.571945,-0.23364485981308408,-0.33331154826481335,0.23364485981308408,300,300.743,8590.0,0.35046728971962615,0.2502170726469852,0.35046728971962615,-0.46728971962616817,0.2502170726469852,-0.5667229966295327,COMPLETE
2026-09-03 14:34:42.437,v1.6.9,20260903_051910_WIDE_HIGH_GAP_SHADOW_E001_143411467514,WIDE_HIGH_GAP_SHADOW,051910,LG화학,2026-09-03 14:34:11.467,285500.0,285785.49999999994,MAIN,MAIN,2026-09-03 14:34:11.433,,,2026-09-03 14:34:11.433,285500.0,,,False,,2026-09-03 14:34:12.842,285000.0,1.408739,-0.17513134851138354,-0.27485649201934387,0.17513134851138354,30,30.97,285000.0,-0.17513134851138354,-0.27485649201934387,0.0,-0.3502626970227671,-0.09990009990007956,-0.4498128841386082,COMPLETE
2026-09-03 14:34:42.940,v1.6.9,20260903_004020_WIDE_HIGH_GAP_SHADOW_E008_143411513884,WIDE_HIGH_GAP_SHADOW,004020,현대제철,2026-09-03 14:34:11.513,31450.0,31481.449999999997,MAIN,MAIN,2026-09-03 14:34:11.482,,,2026-09-03 14:34:11.482,31450.0,,,False,,2026-09-03 14:34:13.038,31400.0,1.55593,-0.1589825119236884,-0.25872378813554364,0.1589825119236884,30,31.427,31550.0,0.3179650238473768,0.21774727657081525,0.3179650238473768,-0.1589825119236884,0.21774727657081525,-0.25872378813554364,COMPLETE
2026-09-03 14:34:55.137,v1.6.9,20260903_004020_WIDE_HIGH_GAP_SHADOW_E007_143154754190,WIDE_HIGH_GAP_SHADOW,004020,현대제철,2026-09-03 14:31:54.754,31300.0,31331.299999999996,MAIN,MAIN,2026-09-03 14:31:54.730,,,2026-09-03 14:31:54.730,31300.0,,,False,,2026-09-03 14:31:57.640,31350.0,2.909724,0.1597444089456869,0.05968472422147938,0.1597444089456869,180,180.383,31500.0,0.6389776357827476,0.5384391965861755,0.9584664536741214,-0.1597444089456869,0.8576088448293061,-0.25948492402165135,COMPLETE
2026-09-03 14:35:06.742,v1.6.9,20260903_059120_WIDE_HIGH_GAP_SHADOW_E003_143436715794,WIDE_HIGH_GAP_SHADOW,059120,아진엑스텍,2026-09-03 14:34:36.715,7120.0,7127.119999999999,MAIN,MAIN,2026-09-03 14:34:36.681,,,2026-09-03 14:34:36.681,7120.0,,,False,,2026-09-03 14:34:37.138,7150.0,0.457013,0.42134831460674155,0.3210272873194365,0.42134831460674155,30,30.026,7120.0,0.0,-0.09990009990008564,0.8426966292134831,-0.1404494382022472,0.7419546745389586,-0.24020922897325966,COMPLETE
2026-09-03 14:35:11.943,v1.6.9,20260903_051910_WIDE_HIGH_GAP_SHADOW_E001_143411467514,WIDE_HIGH_GAP_SHADOW,051910,LG화학,2026-09-03 14:34:11.467,285500.0,285785.49999999994,MAIN,MAIN,2026-09-03 14:34:11.433,,,2026-09-03 14:34:11.433,285500.0,,,False,,2026-09-03 14:34:12.842,285000.0,1.408739,-0.17513134851138354,-0.27485649201934387,0.17513134851138354,60,60.476,285000.0,-0.17513134851138354,-0.27485649201934387,0.0,-0.3502626970227671,-0.09990009990007956,-0.4498128841386082,COMPLETE
2026-09-03 14:35:12.437,v1.6.9,20260903_004020_WIDE_HIGH_GAP_SHADOW_E008_143411513884,WIDE_HIGH_GAP_SHADOW,004020,현대제철,2026-09-03 14:34:11.513,31450.0,31481.449999999997,MAIN,MAIN,2026-09-03 14:34:11.482,,,2026-09-03 14:34:11.482,31450.0,,,False,,2026-09-03 14:34:13.038,31400.0,1.55593,-0.1589825119236884,-0.25872378813554364,0.1589825119236884,60,60.924,31450.0,0.0,-0.09990009990009066,0.47694753577106513,-0.1589825119236884,0.37657096480626817,-0.25872378813554364,COMPLETE
2026-09-03 14:35:19.437,v1.6.9,20260903_059120_WIDE_HIGH_GAP_SHADOW_E002_143218498181,WIDE_HIGH_GAP_SHADOW,059120,아진엑스텍,2026-09-03 14:32:18.498,7170.0,7177.169999999999,MAIN,MAIN,2026-09-03 14:32:18.473,,,2026-09-03 14:32:18.473,7170.0,,,False,,2026-09-03 14:32:18.529,7130.0,0.055969,-0.5578800557880056,-0.657222832955039,0.5578800557880056,180,180.939,7110.0,-0.8368200836820083,-0.9358841994825142,1.813110181311018,-0.8368200836820083,1.7113987825285015,-0.9358841994825142,COMPLETE
2026-09-03 14:35:23.039,v1.6.9,20260903_004710_WIDE_HIGH_GAP_SHADOW_E024_143218455014,WIDE_HIGH_GAP_SHADOW,004710,한솔테크닉스,2026-09-03 14:32:18.455,8580.0,8588.58,MAIN,MAIN,2026-09-03 14:32:18.418,,,2026-09-03 14:32:18.418,8580.0,,,False,,2026-09-03 14:32:20.840,8570.0,2.421587,-0.11655011655011654,-0.21633378276734835,0.11655011655011654,180,184.585,8540.0,-0.4662004662004662,-0.5656348313690962,0.0,-0.5827505827505828,-0.09990009990009906,-0.6820685142363456,COMPLETE
2026-09-03 14:35:37.039,v1.6.9,20260903_059120_WIDE_HIGH_GAP_SHADOW_E003_143436715794,WIDE_HIGH_GAP_SHADOW,059120,아진엑스텍,2026-09-03 14:34:36.715,7120.0,7127.119999999999,MAIN,MAIN,2026-09-03 14:34:36.681,,,2026-09-03 14:34:36.681,7120.0,,,False,,2026-09-03 14:34:37.138,7150.0,0.457013,0.42134831460674155,0.3210272873194365,0.42134831460674155,60,60.324,7120.0,0.0,-0.09990009990008564,0.8426966292134831,-0.2808988764044944,0.7419546745389586,-0.3805183580464337,COMPLETE
2026-09-03 14:35:43.237,v1.6.9,20260903_059120_WIDE_HIGH_GAP_SHADOW_E001_143043199880,WIDE_HIGH_GAP_SHADOW,059120,아진엑스텍,2026-09-03 14:30:43.199,7120.0,7127.119999999999,MAIN,MAIN,2026-09-03 14:30:43.186,,,2026-09-03 14:30:43.186,7120.0,,,False,,2026-09-03 14:30:43.231,7120.0,0.044753,0.0,-0.09990009990008564,0.0,300,300.037,7130.0,0.1404494382022472,0.04040902917308842,2.528089887640449,-0.5617977528089888,2.425664223417047,-0.6611366161927817,COMPLETE
2026-09-03 14:35:45.036,v1.6.9,20260903_004020_WIDE_HIGH_GAP_SHADOW_E006_143043184487,WIDE_HIGH_GAP_SHADOW,004020,현대제철,2026-09-03 14:30:43.184,31400.0,31431.399999999998,MAIN,MAIN,2026-09-03 14:30:43.162,,,2026-09-03 14:30:43.162,31400.0,,,False,,2026-09-03 14:30:44.341,31350.0,1.179036,-0.15923566878980894,-0.2589766920977043,0.15923566878980894,300,301.852,31500.0,0.3184713375796179,0.21825308449512967,0.6369426751592357,-0.47770700636942676,0.5364062688903523,-0.5771298764929269,COMPLETE
2026-09-03 14:36:06.137,v1.6.9,20260903_004710_WIDE_HIGH_GAP_SHADOW_E023_143105880965,WIDE_HIGH_GAP_SHADOW,004710,한솔테크닉스,2026-09-03 14:31:05.880,8580.0,8588.58,MAIN,MAIN,2026-09-03 14:31:05.870,,,2026-09-03 14:31:05.870,8580.0,,,False,,2026-09-03 14:31:06.132,8580.0,0.261473,0.0,-0.09990009990009906,0.0,300,300.257,8540.0,-0.4662004662004662,-0.5656348313690962,0.34965034965034963,-0.5827505827505828,0.24940094870164886,-0.6820685142363456,COMPLETE
2026-09-03 14:36:11.899,v1.6.9,20260903_004020_WIDE_HIGH_GAP_SHADOW_E008_143411513884,WIDE_HIGH_GAP_SHADOW,004020,현대제철,2026-09-03 14:34:11.513,31450.0,31481.449999999997,MAIN,MAIN,2026-09-03 14:34:11.482,,,2026-09-03 14:34:11.482,31450.0,,,False,,2026-09-03 14:34:13.038,31400.0,1.55593,-0.1589825119236884,-0.25872378813554364,0.1589825119236884,120,120.385,31450.0,0.0,-0.09990009990009066,0.47694753577106513,-0.1589825119236884,0.37657096480626817,-0.25872378813554364,COMPLETE
2026-09-03 14:36:11.932,v1.6.9,20260903_051910_WIDE_HIGH_GAP_SHADOW_E001_143411467514,WIDE_HIGH_GAP_SHADOW,051910,LG화학,2026-09-03 14:34:11.467,285500.0,285785.49999999994,MAIN,MAIN,2026-09-03 14:34:11.433,,,2026-09-03 14:34:11.433,285500.0,,,False,,2026-09-03 14:34:12.842,285000.0,1.408739,-0.17513134851138354,-0.27485649201934387,0.17513134851138354,120,120.465,284000.0,-0.5253940455341506,-0.6247692762578725,0.0,-0.7005253940455342,-0.09990009990007956,-0.7997256683771368,COMPLETE
2026-09-03 14:36:36.936,v1.6.9,20260903_059120_WIDE_HIGH_GAP_SHADOW_E003_143436715794,WIDE_HIGH_GAP_SHADOW,059120,아진엑스텍,2026-09-03 14:34:36.715,7120.0,7127.119999999999,MAIN,MAIN,2026-09-03 14:34:36.681,,,2026-09-03 14:34:36.681,7120.0,,,False,,2026-09-03 14:34:37.138,7150.0,0.457013,0.42134831460674155,0.3210272873194365,0.42134831460674155,120,120.221,7260.0,1.9662921348314606,1.864427707124351,2.6685393258426964,-0.2808988764044944,2.565973352490221,-0.3805183580464337,COMPLETE
2026-09-03 14:36:55.036,v1.6.9,20260903_004020_WIDE_HIGH_GAP_SHADOW_E007_143154754190,WIDE_HIGH_GAP_SHADOW,004020,현대제철,2026-09-03 14:31:54.754,31300.0,31331.299999999996,MAIN,MAIN,2026-09-03 14:31:54.730,,,2026-09-03 14:31:54.730,31300.0,,,False,,2026-09-03 14:31:57.640,31350.0,2.909724,0.1597444089456869,0.05968472422147938,0.1597444089456869,300,300.282,31400.0,0.3194888178913738,0.21926954834304474,0.9584664536741214,-0.1597444089456869,0.8576088448293061,-0.25948492402165135,COMPLETE
2026-09-03 14:37:11.936,v1.6.9,20260903_051910_WIDE_HIGH_GAP_SHADOW_E001_143411467514,WIDE_HIGH_GAP_SHADOW,051910,LG화학,2026-09-03 14:34:11.467,285500.0,285785.49999999994,MAIN,MAIN,2026-09-03 14:34:11.433,,,2026-09-03 14:34:11.433,285500.0,,,False,,2026-09-03 14:34:12.842,285000.0,1.408739,-0.17513134851138354,-0.27485649201934387,0.17513134851138354,180,180.469,283500.0,-0.7005253940455342,-0.7997256683771368,0.0,-0.7005253940455342,-0.09990009990007956,-0.7997256683771368,COMPLETE
2026-09-03 14:37:13.039,v1.6.9,20260903_004020_WIDE_HIGH_GAP_SHADOW_E008_143411513884,WIDE_HIGH_GAP_SHADOW,004020,현대제철,2026-09-03 14:34:11.513,31450.0,31481.449999999997,MAIN,MAIN,2026-09-03 14:34:11.482,,,2026-09-03 14:34:11.482,31450.0,,,False,,2026-09-03 14:34:13.038,31400.0,1.55593,-0.1589825119236884,-0.25872378813554364,0.1589825119236884,180,181.525,31450.0,0.0,-0.09990009990009066,0.47694753577106513,-0.3179650238473768,0.37657096480626817,-0.4175474763709966,COMPLETE
2026-09-03 14:37:18.540,v1.6.9,20260903_004710_WIDE_HIGH_GAP_SHADOW_E024_143218455014,WIDE_HIGH_GAP_SHADOW,004710,한솔테크닉스,2026-09-03 14:32:18.455,8580.0,8588.58,MAIN,MAIN,2026-09-03 14:32:18.418,,,2026-09-03 14:32:18.418,8580.0,,,False,,2026-09-03 14:32:20.840,8570.0,2.421587,-0.11655011655011654,-0.21633378276734835,0.11655011655011654,300,300.085,8530.0,-0.5827505827505828,-0.6820685142363456,0.0,-0.6993006993006993,-0.09990009990009906,-0.7985021971035948,COMPLETE
2026-09-03 14:37:19.336,v1.6.9,20260903_059120_WIDE_HIGH_GAP_SHADOW_E002_143218498181,WIDE_HIGH_GAP_SHADOW,059120,아진엑스텍,2026-09-03 14:32:18.498,7170.0,7177.169999999999,MAIN,MAIN,2026-09-03 14:32:18.473,,,2026-09-03 14:32:18.473,7170.0,,,False,,2026-09-03 14:32:18.529,7130.0,0.055969,-0.5578800557880056,-0.657222832955039,0.5578800557880056,300,300.838,7230.0,0.8368200836820083,0.7360839996823378,1.9525801952580195,-0.9762900976290098,1.850729465792239,-1.075214882746252,COMPLETE
2026-09-03 14:37:36.837,v1.6.9,20260903_059120_WIDE_HIGH_GAP_SHADOW_E003_143436715794,WIDE_HIGH_GAP_SHADOW,059120,아진엑스텍,2026-09-03 14:34:36.715,7120.0,7127.119999999999,MAIN,MAIN,2026-09-03 14:34:36.681,,,2026-09-03 14:34:36.681,7120.0,,,False,,2026-09-03 14:34:37.138,7150.0,0.457013,0.42134831460674155,0.3210272873194365,0.42134831460674155,180,180.122,7290.0,2.387640449438202,2.285355094343873,2.8089887640449436,-0.2808988764044944,2.7062824815633952,-0.3805183580464337,COMPLETE
2026-09-03 14:37:52.040,v1.6.9,20260903_030530_BASE_E001_143721981683,BASE,030530,원익홀딩스,2026-09-03 14:37:21.981,18140.0,18158.14,MAIN,MAIN,2026-09-03 14:37:21.950,2026-09-03 14:37:21.950,18140.0,2026-09-03 14:37:21.950,18140.0,0.0,0.0,False,,2026-09-03 14:37:22.237,18140.0,0.286571,0.0,-0.09990009990009668,0.0,30,30.059,18150.0,0.05512679162072767,-0.04482837999926985,0.3858875413450937,-0.3858875413450937,0.28560193940569123,-0.48540213920588465,COMPLETE
2026-09-03 14:38:22.336,v1.6.9,20260903_030530_BASE_E001_143721981683,BASE,030530,원익홀딩스,2026-09-03 14:37:21.981,18140.0,18158.14,MAIN,MAIN,2026-09-03 14:37:21.950,2026-09-03 14:37:21.950,18140.0,2026-09-03 14:37:21.950,18140.0,0.0,0.0,False,,2026-09-03 14:37:22.237,18140.0,0.286571,0.0,-0.09990009990009668,0.0,60,60.355,17900.0,-1.3230429988974641,-1.421621377519941,0.3858875413450937,-1.4332965821389196,0.28560193940569123,-1.5317648173215948,COMPLETE
2026-09-03 14:39:11.938,v1.6.9,20260903_051910_WIDE_HIGH_GAP_SHADOW_E001_143411467514,WIDE_HIGH_GAP_SHADOW,051910,LG화학,2026-09-03 14:34:11.467,285500.0,285785.49999999994,MAIN,MAIN,2026-09-03 14:34:11.433,,,2026-09-03 14:34:11.433,285500.0,,,False,,2026-09-03 14:34:12.842,285000.0,1.408739,-0.17513134851138354,-0.27485649201934387,0.17513134851138354,300,300.471,286000.0,0.17513134851138354,0.07505629221918476,0.17513134851138354,-0.7005253940455342,0.07505629221918476,-0.7997256683771368,COMPLETE
2026-09-03 14:39:12.135,v1.6.9,20260903_004020_WIDE_HIGH_GAP_SHADOW_E008_143411513884,WIDE_HIGH_GAP_SHADOW,004020,현대제철,2026-09-03 14:34:11.513,31450.0,31481.449999999997,MAIN,MAIN,2026-09-03 14:34:11.482,,,2026-09-03 14:34:11.482,31450.0,,,False,,2026-09-03 14:34:13.038,31400.0,1.55593,-0.1589825119236884,-0.25872378813554364,0.1589825119236884,300,300.622,31600.0,0.47694753577106513,0.37657096480626817,0.47694753577106513,-0.3179650238473768,0.37657096480626817,-0.4175474763709966,COMPLETE
2026-09-03 14:39:16.433,v1.6.9,20260903_000720_WIDE_HIGH_GAP_SHADOW_E003_143846242047,WIDE_HIGH_GAP_SHADOW,000720,현대건설,2026-09-03 14:38:46.242,118400.0,118518.4,MAIN,MAIN,2026-09-03 14:38:46.220,,,2026-09-03 14:38:46.220,118400.0,,,False,,2026-09-03 14:38:46.738,118400.0,0.518052,0.0,-0.099900099900095,0.0,30,30.192,118650.0,0.21114864864864866,0.11103761103761596,0.2533783783783784,-0.08445945945945946,0.15322515322515814,-0.1842751842751794,COMPLETE
2026-09-03 14:39:22.233,v1.6.9,20260903_030530_BASE_E001_143721981683,BASE,030530,원익홀딩스,2026-09-03 14:37:21.981,18140.0,18158.14,MAIN,MAIN,2026-09-03 14:37:21.950,2026-09-03 14:37:21.950,18140.0,2026-09-03 14:37:21.950,18140.0,0.0,0.0,False,,2026-09-03 14:37:22.237,18140.0,0.286571,0.0,-0.09990009990009668,0.0,120,120.252,17570.0,-3.1422271223814775,-3.2389881342472266,0.3858875413450937,-3.693495038588754,0.28560193940569123,-3.7897053332554957,COMPLETE
2026-09-03 14:39:46.333,v1.6.9,20260903_000720_WIDE_HIGH_GAP_SHADOW_E003_143846242047,WIDE_HIGH_GAP_SHADOW,000720,현대건설,2026-09-03 14:38:46.242,118400.0,118518.4,MAIN,MAIN,2026-09-03 14:38:46.220,,,2026-09-03 14:38:46.220,118400.0,,,False,,2026-09-03 14:38:46.738,118400.0,0.518052,0.0,-0.099900099900095,0.0,60,60.092,118800.0,0.33783783783783783,0.23760023760024251,0.5912162162162162,-0.08445945945945946,0.49072549072549565,-0.1842751842751794,COMPLETE
2026-09-03 14:39:48.237,v1.6.9,20260903_059120_WIDE_HIGH_GAP_SHADOW_E003_143436715794,WIDE_HIGH_GAP_SHADOW,059120,아진엑스텍,2026-09-03 14:34:36.715,7120.0,7127.119999999999,MAIN,MAIN,2026-09-03 14:34:36.681,,,2026-09-03 14:34:36.681,7120.0,,,False,,2026-09-03 14:34:37.138,7150.0,0.457013,0.42134831460674155,0.3210272873194365,0.42134831460674155,300,311.521,7330.0,2.9494382022471908,2.846591610636569,2.9494382022471908,-0.2808988764044944,2.846591610636569,-0.3805183580464337,COMPLETE
2026-09-03 14:40:22.635,v1.6.9,20260903_030530_BASE_E001_143721981683,BASE,030530,원익홀딩스,2026-09-03 14:37:21.981,18140.0,18158.14,MAIN,MAIN,2026-09-03 14:37:21.950,2026-09-03 14:37:21.950,18140.0,2026-09-03 14:37:21.950,18140.0,0.0,0.0,False,,2026-09-03 14:37:22.237,18140.0,0.286571,0.0,-0.09990009990009668,0.0,180,180.654,17500.0,-3.528114663726571,-3.624490173553015,0.3858875413450937,-3.693495038588754,0.28560193940569123,-3.7897053332554957,COMPLETE
2026-09-03 14:40:46.634,v1.6.9,20260903_000720_WIDE_HIGH_GAP_SHADOW_E003_143846242047,WIDE_HIGH_GAP_SHADOW,000720,현대건설,2026-09-03 14:38:46.242,118400.0,118518.4,MAIN,MAIN,2026-09-03 14:38:46.220,,,2026-09-03 14:38:46.220,118400.0,,,False,,2026-09-03 14:38:46.738,118400.0,0.518052,0.0,-0.099900099900095,0.0,120,120.393,118400.0,0.0,-0.099900099900095,0.5912162162162162,-0.33783783783783783,0.49072549072549565,-0.4374004374004325,COMPLETE
2026-09-03 14:40:46.638,v1.6.9,20260903_004020_WIDE_HIGH_GAP_SHADOW_E009_144015993231,WIDE_HIGH_GAP_SHADOW,004020,현대제철,2026-09-03 14:40:15.993,31550.0,31581.549999999996,MAIN,MAIN,2026-09-03 14:40:15.981,,,2026-09-03 14:40:15.981,31550.0,,,False,,2026-09-03 14:40:17.384,31550.0,1.403466,0.0,-0.09990009990008608,0.0,30,30.646,31550.0,0.0,-0.09990009990008608,0.15847860538827258,-0.15847860538827258,0.05842018520308335,-0.2582203850032555,COMPLETE
2026-09-03 14:40:46.933,v1.6.9,20260903_138040_SHADOW_SCORE_70_74_E005_144016033226,SHADOW_SCORE_70_74,138040,메리츠금융지주,2026-09-03 14:40:16.033,136100.0,136236.09999999998,MAIN,MAIN,2026-09-03 14:40:16.000,,,2026-09-03 14:40:16.000,136100.0,,,False,,2026-09-03 14:40:16.534,136000.0,0.534131,-0.07347538574577515,-0.17330208366209598,0.07347538574577515,30,30.9,136100.0,0.0,-0.09990009990008283,0.0,-0.1469507714915503,-0.09990009990008283,-0.24670406742410916,COMPLETE
2026-09-03 14:40:47.432,v1.6.9,20260903_004710_WIDE_HIGH_GAP_SHADOW_E025_144015967204,WIDE_HIGH_GAP_SHADOW,004710,한솔테크닉스,2026-09-03 14:40:15.967,8580.0,8588.58,MAIN,MAIN,2026-09-03 14:40:15.946,,,2026-09-03 14:40:15.946,8580.0,,,False,,2026-09-03 14:40:17.386,8580.0,1.440141,0.0,-0.09990009990009906,0.0,30,31.465,8580.0,0.0,-0.09990009990009906,0.11655011655011654,0.0,0.016533582967150247,-0.09990009990009906,COMPLETE
2026-09-03 14:41:16.133,v1.6.9,20260903_004710_WIDE_HIGH_GAP_SHADOW_E025_144015967204,WIDE_HIGH_GAP_SHADOW,004710,한솔테크닉스,2026-09-03 14:40:15.967,8580.0,8588.58,MAIN,MAIN,2026-09-03 14:40:15.946,,,2026-09-03 14:40:15.946,8580.0,,,False,,2026-09-03 14:40:17.386,8580.0,1.440141,0.0,-0.09990009990009906,0.0,60,60.166,8580.0,0.0,-0.09990009990009906,0.11655011655011654,-0.11655011655011654,0.016533582967150247,-0.21633378276734835,COMPLETE
2026-09-03 14:41:18.433,v1.6.9,20260903_138040_SHADOW_SCORE_70_74_E005_144016033226,SHADOW_SCORE_70_74,138040,메리츠금융지주,2026-09-03 14:40:16.033,136100.0,136236.09999999998,MAIN,MAIN,2026-09-03 14:40:16.000,,,2026-09-03 14:40:16.000,136100.0,,,False,,2026-09-03 14:40:16.534,136000.0,0.534131,-0.07347538574577515,-0.17330208366209598,0.07347538574577515,60,62.4,135900.0,-0.1469507714915503,-0.24670406742410916,0.0,-0.2204261572373255,-0.09990009990008283,-0.3201060511861223,COMPLETE
2026-09-03 14:41:21.033,v1.6.9,20260903_004020_WIDE_HIGH_GAP_SHADOW_E009_144015993231,WIDE_HIGH_GAP_SHADOW,004020,현대제철,2026-09-03 14:40:15.993,31550.0,31581.549999999996,MAIN,MAIN,2026-09-03 14:40:15.981,,,2026-09-03 14:40:15.981,31550.0,,,False,,2026-09-03 14:40:17.384,31550.0,1.403466,0.0,-0.09990009990008608,0.0,60,65.04,31550.0,0.0,-0.09990009990008608,0.15847860538827258,-0.15847860538827258,0.05842018520308335,-0.2582203850032555,COMPLETE
2026-09-03 14:41:40.633,v1.6.9,20260903_267270_WIDE_HIGH_GAP_SHADOW_E005_144110598094,WIDE_HIGH_GAP_SHADOW,267270,HD건설기계,2026-09-03 14:41:10.598,135100.0,135235.09999999998,MAIN,MAIN,2026-09-03 14:41:10.563,,,2026-09-03 14:41:10.563,135100.0,,,False,,2026-09-03 14:41:12.233,135200.0,1.670302,0.07401924500370095,-0.02595480019608572,0.07401924500370095,30,30.035,135100.0,0.0,-0.09990009990008271,0.07401924500370095,-0.07401924500370095,-0.02595480019608572,-0.1738453996040797,COMPLETE
2026-09-03 14:41:40.732,v1.6.9,20260903_000720_WIDE_HIGH_GAP_SHADOW_E004_144110690108,WIDE_HIGH_GAP_SHADOW,000720,현대건설,2026-09-03 14:41:10.690,118400.0,118518.4,MAIN,MAIN,2026-09-03 14:41:10.644,,,2026-09-03 14:41:10.644,118400.0,,,False,,2026-09-03 14:41:10.932,118500.0,0.287973,0.08445945945945946,-0.015525015525010614,0.08445945945945946,30,30.042,118600.0,0.16891891891891891,0.06885006885007376,0.16891891891891891,0.0,0.06885006885007376,-0.099900099900095,COMPLETE
2026-09-03 14:41:46.333,v1.6.9,20260903_000720_WIDE_HIGH_GAP_SHADOW_E003_143846242047,WIDE_HIGH_GAP_SHADOW,000720,현대건설,2026-09-03 14:38:46.242,118400.0,118518.4,MAIN,MAIN,2026-09-03 14:38:46.220,,,2026-09-03 14:38:46.220,118400.0,,,False,,2026-09-03 14:38:46.738,118400.0,0.518052,0.0,-0.099900099900095,0.0,180,180.092,118700.0,0.2533783783783784,0.15322515322515814,0.5912162162162162,-0.33783783783783783,0.49072549072549565,-0.4374004374004325,COMPLETE
2026-09-03 14:42:10.731,v1.6.9,20260903_267270_WIDE_HIGH_GAP_SHADOW_E005_144110598094,WIDE_HIGH_GAP_SHADOW,267270,HD건설기계,2026-09-03 14:41:10.598,135100.0,135235.09999999998,MAIN,MAIN,2026-09-03 14:41:10.563,,,2026-09-03 14:41:10.563,135100.0,,,False,,2026-09-03 14:41:12.233,135200.0,1.670302,0.07401924500370095,-0.02595480019608572,0.07401924500370095,60,60.133,135200.0,0.07401924500370095,-0.02595480019608572,0.07401924500370095,-0.07401924500370095,-0.02595480019608572,-0.1738453996040797,COMPLETE
2026-09-03 14:42:10.750,v1.6.9,20260903_000720_WIDE_HIGH_GAP_SHADOW_E004_144110690108,WIDE_HIGH_GAP_SHADOW,000720,현대건설,2026-09-03 14:41:10.690,118400.0,118518.4,MAIN,MAIN,2026-09-03 14:41:10.644,,,2026-09-03 14:41:10.644,118400.0,,,False,,2026-09-03 14:41:10.932,118500.0,0.287973,0.08445945945945946,-0.015525015525010614,0.08445945945945946,60,60.06,118700.0,0.2533783783783784,0.15322515322515814,0.33783783783783783,0.0,0.23760023760024251,-0.099900099900095,COMPLETE
2026-09-03 14:42:16.431,v1.6.9,20260903_004020_WIDE_HIGH_GAP_SHADOW_E009_144015993231,WIDE_HIGH_GAP_SHADOW,004020,현대제철,2026-09-03 14:40:15.993,31550.0,31581.549999999996,MAIN,MAIN,2026-09-03 14:40:15.981,,,2026-09-03 14:40:15.981,31550.0,,,False,,2026-09-03 14:40:17.384,31550.0,1.403466,0.0,-0.09990009990008608,0.0,120,120.438,31450.0,-0.31695721077654515,-0.416540670106425,0.15847860538827258,-0.31695721077654515,0.05842018520308335,-0.416540670106425,COMPLETE
2026-09-03 14:42:16.630,v1.6.9,20260903_004710_WIDE_HIGH_GAP_SHADOW_E025_144015967204,WIDE_HIGH_GAP_SHADOW,004710,한솔테크닉스,2026-09-03 14:40:15.967,8580.0,8588.58,MAIN,MAIN,2026-09-03 14:40:15.946,,,2026-09-03 14:40:15.946,8580.0,,,False,,2026-09-03 14:40:17.386,8580.0,1.440141,0.0,-0.09990009990009906,0.0,120,120.664,8570.0,-0.11655011655011654,-0.21633378276734835,0.11655011655011654,-0.11655011655011654,0.016533582967150247,-0.21633378276734835,COMPLETE
2026-09-03 14:42:17.932,v1.6.9,20260903_138040_SHADOW_SCORE_70_74_E005_144016033226,SHADOW_SCORE_70_74,138040,메리츠금융지주,2026-09-03 14:40:16.033,136100.0,136236.09999999998,MAIN,MAIN,2026-09-03 14:40:16.000,,,2026-09-03 14:40:16.000,136100.0,,,False,,2026-09-03 14:40:16.534,136000.0,0.534131,-0.07347538574577515,-0.17330208366209598,0.07347538574577515,120,121.899,136000.0,-0.07347538574577515,-0.17330208366209598,0.0,-0.2204261572373255,-0.09990009990008283,-0.3201060511861223,COMPLETE
2026-09-03 14:42:25.632,v1.6.9,20260903_030530_BASE_E001_143721981683,BASE,030530,원익홀딩스,2026-09-03 14:37:21.981,18140.0,18158.14,MAIN,MAIN,2026-09-03 14:37:21.950,2026-09-03 14:37:21.950,18140.0,2026-09-03 14:37:21.950,18140.0,0.0,0.0,False,,2026-09-03 14:37:22.237,18140.0,0.286571,0.0,-0.09990009990009668,0.0,300,303.651,17540.0,-3.307607497243661,-3.4042032939497076,0.3858875413450937,-3.7486218302094816,0.28560193940569123,-3.844777053156322,COMPLETE
2026-09-03 14:43:10.631,v1.6.9,20260903_267270_WIDE_HIGH_GAP_SHADOW_E005_144110598094,WIDE_HIGH_GAP_SHADOW,267270,HD건설기계,2026-09-03 14:41:10.598,135100.0,135235.09999999998,MAIN,MAIN,2026-09-03 14:41:10.563,,,2026-09-03 14:41:10.563,135100.0,,,False,,2026-09-03 14:41:12.233,135200.0,1.670302,0.07401924500370095,-0.02595480019608572,0.07401924500370095,120,120.033,135200.0,0.07401924500370095,-0.02595480019608572,0.07401924500370095,-0.7401924500370096,-0.02595480019608572,-0.8393530969400524,COMPLETE
2026-09-03 14:43:11.934,v1.6.9,20260903_000720_WIDE_HIGH_GAP_SHADOW_E004_144110690108,WIDE_HIGH_GAP_SHADOW,000720,현대건설,2026-09-03 14:41:10.690,118400.0,118518.4,MAIN,MAIN,2026-09-03 14:41:10.644,,,2026-09-03 14:41:10.644,118400.0,,,False,,2026-09-03 14:41:10.932,118500.0,0.287973,0.08445945945945946,-0.015525015525010614,0.08445945945945946,120,121.244,118400.0,0.0,-0.099900099900095,0.33783783783783783,-0.2533783783783784,0.23760023760024251,-0.35302535302534815,COMPLETE
2026-09-03 14:43:16.130,v1.6.9,20260903_004710_WIDE_HIGH_GAP_SHADOW_E025_144015967204,WIDE_HIGH_GAP_SHADOW,004710,한솔테크닉스,2026-09-03 14:40:15.967,8580.0,8588.58,MAIN,MAIN,2026-09-03 14:40:15.946,,,2026-09-03 14:40:15.946,8580.0,,,False,,2026-09-03 14:40:17.386,8580.0,1.440141,0.0,-0.09990009990009906,0.0,180,180.163,8550.0,-0.34965034965034963,-0.44920114850184695,0.11655011655011654,-0.34965034965034963,0.016533582967150247,-0.44920114850184695,COMPLETE
2026-09-03 14:43:17.831,v1.6.9,20260903_004020_WIDE_HIGH_GAP_SHADOW_E009_144015993231,WIDE_HIGH_GAP_SHADOW,004020,현대제철,2026-09-03 14:40:15.993,31550.0,31581.549999999996,MAIN,MAIN,2026-09-03 14:40:15.981,,,2026-09-03 14:40:15.981,31550.0,,,False,,2026-09-03 14:40:17.384,31550.0,1.403466,0.0,-0.09990009990008608,0.0,180,181.839,31550.0,0.0,-0.09990009990008608,0.15847860538827258,-0.4754358161648178,0.05842018520308335,-0.5748609552095943,COMPLETE
2026-09-03 14:43:20.631,v1.6.9,20260903_138040_SHADOW_SCORE_70_74_E005_144016033226,SHADOW_SCORE_70_74,138040,메리츠금융지주,2026-09-03 14:40:16.033,136100.0,136236.09999999998,MAIN,MAIN,2026-09-03 14:40:16.000,,,2026-09-03 14:40:16.000,136100.0,,,False,,2026-09-03 14:40:16.534,136000.0,0.534131,-0.07347538574577515,-0.17330208366209598,0.07347538574577515,180,184.598,135900.0,-0.1469507714915503,-0.24670406742410916,0.0,-0.2204261572373255,-0.09990009990008283,-0.3201060511861223,COMPLETE
2026-09-03 14:43:31.131,v1.6.9,20260903_033790_WIDE_HIGH_GAP_SHADOW_E023_144300328253,WIDE_HIGH_GAP_SHADOW,033790,피노,2026-09-03 14:43:00.328,8660.0,8668.66,MAIN,MAIN,2026-09-03 14:43:00.317,,,2026-09-03 14:43:00.317,8660.0,,,False,,2026-09-03 14:43:01.230,8650.0,0.912887,-0.11547344110854503,-0.21525818292561774,0.11547344110854503,30,30.803,8680.0,0.23094688221709006,0.1308160661509408,0.3464203233256351,-0.11547344110854503,0.24617414917646033,-0.21525818292561774,COMPLETE
2026-09-03 14:43:46.934,v1.6.9,20260903_000720_WIDE_HIGH_GAP_SHADOW_E003_143846242047,WIDE_HIGH_GAP_SHADOW,000720,현대건설,2026-09-03 14:38:46.242,118400.0,118518.4,MAIN,MAIN,2026-09-03 14:38:46.220,,,2026-09-03 14:38:46.220,118400.0,,,False,,2026-09-03 14:38:46.738,118400.0,0.518052,0.0,-0.099900099900095,0.0,300,300.692,118500.0,0.08445945945945946,-0.015525015525010614,0.5912162162162162,-0.33783783783783783,0.49072549072549565,-0.4374004374004325,COMPLETE
2026-09-03 14:44:02.330,v1.6.9,20260903_033790_WIDE_HIGH_GAP_SHADOW_E023_144300328253,WIDE_HIGH_GAP_SHADOW,033790,피노,2026-09-03 14:43:00.328,8660.0,8668.66,MAIN,MAIN,2026-09-03 14:43:00.317,,,2026-09-03 14:43:00.317,8660.0,,,False,,2026-09-03 14:43:01.230,8650.0,0.912887,-0.11547344110854503,-0.21525818292561774,0.11547344110854503,60,62.002,8670.0,0.11547344110854503,0.015457983125421293,0.3464203233256351,-0.11547344110854503,0.24617414917646033,-0.21525818292561774,COMPLETE
2026-09-03 14:44:10.930,v1.6.9,20260903_000720_WIDE_HIGH_GAP_SHADOW_E004_144110690108,WIDE_HIGH_GAP_SHADOW,000720,현대건설,2026-09-03 14:41:10.690,118400.0,118518.4,MAIN,MAIN,2026-09-03 14:41:10.644,,,2026-09-03 14:41:10.644,118400.0,,,False,,2026-09-03 14:41:10.932,118500.0,0.287973,0.08445945945945946,-0.015525015525010614,0.08445945945945946,180,180.24,118500.0,0.08445945945945946,-0.015525015525010614,0.33783783783783783,-0.2533783783783784,0.23760023760024251,-0.35302535302534815,COMPLETE
2026-09-03 14:44:12.131,v1.6.9,20260903_267270_WIDE_HIGH_GAP_SHADOW_E005_144110598094,WIDE_HIGH_GAP_SHADOW,267270,HD건설기계,2026-09-03 14:41:10.598,135100.0,135235.09999999998,MAIN,MAIN,2026-09-03 14:41:10.563,,,2026-09-03 14:41:10.563,135100.0,,,False,,2026-09-03 14:41:12.233,135200.0,1.670302,0.07401924500370095,-0.02595480019608572,0.07401924500370095,180,181.534,135200.0,0.07401924500370095,-0.02595480019608572,0.22205773501110287,-0.7401924500370096,0.12193579921190824,-0.8393530969400524,COMPLETE
2026-09-03 14:44:21.132,v1.6.9,20260903_267270_WIDE_HIGH_GAP_SHADOW_E006_144350485580,WIDE_HIGH_GAP_SHADOW,267270,HD건설기계,2026-09-03 14:43:50.485,135200.0,135335.19999999998,MAIN,MAIN,2026-09-03 14:43:50.467,,,2026-09-03 14:43:50.467,135200.0,,,False,,2026-09-03 14:43:50.930,135300.0,0.462571,0.07396449704142012,-0.02600949346510187,0.07396449704142012,30,30.647,135100.0,-0.07396449704142012,-0.17379070633507215,0.14792899408284024,-0.14792899408284024,0.047881112969883274,-0.24768131277005728,COMPLETE
2026-09-03 14:44:49.129,v1.6.9,20260903_033790_WIDE_HIGH_GAP_SHADOW_E024_144416535142,WIDE_HIGH_GAP_SHADOW,033790,피노,2026-09-03 14:44:16.535,8660.0,8668.66,MAIN,MAIN,2026-09-03 14:44:16.524,,,2026-09-03 14:44:16.524,8660.0,,,False,,2026-09-03 14:44:21.329,8660.0,4.804364,0.0,-0.09990009990009822,0.0,30,32.594,8630.0,-0.3464203233256351,-0.4459743489766568,0.11547344110854503,-0.6928406466512702,0.015457983125421293,-0.7920485980532154,COMPLETE
2026-09-03 14:44:52.130,v1.6.9,20260903_267270_WIDE_HIGH_GAP_SHADOW_E006_144350485580,WIDE_HIGH_GAP_SHADOW,267270,HD건설기계,2026-09-03 14:43:50.485,135200.0,135335.19999999998,MAIN,MAIN,2026-09-03 14:43:50.467,,,2026-09-03 14:43:50.467,135200.0,,,False,,2026-09-03 14:43:50.930,135300.0,0.462571,0.07396449704142012,-0.02600949346510187,0.07396449704142012,60,61.645,135100.0,-0.07396449704142012,-0.17379070633507215,0.14792899408284024,-0.14792899408284024,0.047881112969883274,-0.24768131277005728,COMPLETE
2026-09-03 14:45:03.636,v1.6.9,20260903_033790_WIDE_HIGH_GAP_SHADOW_E023_144300328253,WIDE_HIGH_GAP_SHADOW,033790,피노,2026-09-03 14:43:00.328,8660.0,8668.66,MAIN,MAIN,2026-09-03 14:43:00.317,,,2026-09-03 14:43:00.317,8660.0,,,False,,2026-09-03 14:43:01.230,8650.0,0.912887,-0.11547344110854503,-0.21525818292561774,0.11547344110854503,120,123.308,8660.0,0.0,-0.09990009990009822,0.3464203233256351,-0.6928406466512702,0.24617414917646033,-0.7920485980532154,COMPLETE
2026-09-03 14:45:16.532,v1.6.9,20260903_138040_SHADOW_SCORE_70_74_E005_144016033226,SHADOW_SCORE_70_74,138040,메리츠금융지주,2026-09-03 14:40:16.033,136100.0,136236.09999999998,MAIN,MAIN,2026-09-03 14:40:16.000,,,2026-09-03 14:40:16.000,136100.0,,,False,,2026-09-03 14:40:16.534,136000.0,0.534131,-0.07347538574577515,-0.17330208366209598,0.07347538574577515,300,300.5,136000.0,-0.07347538574577515,-0.17330208366209598,0.0,-0.2204261572373255,-0.09990009990008283,-0.3201060511861223,COMPLETE
2026-09-03 14:45:17.031,v1.6.9,20260903_004020_WIDE_HIGH_GAP_SHADOW_E009_144015993231,WIDE_HIGH_GAP_SHADOW,004020,현대제철,2026-09-03 14:40:15.993,31550.0,31581.549999999996,MAIN,MAIN,2026-09-03 14:40:15.981,,,2026-09-03 14:40:15.981,31550.0,,,False,,2026-09-03 14:40:17.384,31550.0,1.403466,0.0,-0.09990009990008608,0.0,300,301.038,31550.0,0.0,-0.09990009990008608,0.15847860538827258,-0.4754358161648178,0.05842018520308335,-0.5748609552095943,COMPLETE
2026-09-03 14:45:18.028,v1.6.9,20260903_004710_WIDE_HIGH_GAP_SHADOW_E025_144015967204,WIDE_HIGH_GAP_SHADOW,004710,한솔테크닉스,2026-09-03 14:40:15.967,8580.0,8588.58,MAIN,MAIN,2026-09-03 14:40:15.946,,,2026-09-03 14:40:15.946,8580.0,,,False,,2026-09-03 14:40:17.386,8580.0,1.440141,0.0,-0.09990009990009906,0.0,300,302.061,8550.0,-0.34965034965034963,-0.44920114850184695,0.11655011655011654,-0.5827505827505828,0.016533582967150247,-0.6820685142363456,COMPLETE
2026-09-03 14:45:21.231,v1.6.9,20260903_033790_WIDE_HIGH_GAP_SHADOW_E024_144416535142,WIDE_HIGH_GAP_SHADOW,033790,피노,2026-09-03 14:44:16.535,8660.0,8668.66,MAIN,MAIN,2026-09-03 14:44:16.524,,,2026-09-03 14:44:16.524,8660.0,,,False,,2026-09-03 14:44:21.329,8660.0,4.804364,0.0,-0.09990009990009822,0.0,60,64.696,8640.0,-0.23094688221709006,-0.33061626595113724,0.11547344110854503,-0.6928406466512702,0.015457983125421293,-0.7920485980532154,COMPLETE
2026-09-03 14:45:37.429,v1.6.9,20260903_004020_WIDE_HIGH_GAP_SHADOW_E010_144506873719,WIDE_HIGH_GAP_SHADOW,004020,현대제철,2026-09-03 14:45:06.873,31550.0,31581.549999999996,MAIN,MAIN,2026-09-03 14:45:06.858,,,2026-09-03 14:45:06.858,31550.0,,,False,,2026-09-03 14:45:07.830,31550.0,0.972624,0.0,-0.09990009990008608,0.0,30,30.555,31500.0,-0.15847860538827258,-0.2582203850032555,0.0,-0.15847860538827258,-0.09990009990008608,-0.2582203850032555,COMPLETE
2026-09-03 14:45:50.673,v1.6.9,20260903_267270_WIDE_HIGH_GAP_SHADOW_E006_144350485580,WIDE_HIGH_GAP_SHADOW,267270,HD건설기계,2026-09-03 14:43:50.485,135200.0,135335.19999999998,MAIN,MAIN,2026-09-03 14:43:50.467,,,2026-09-03 14:43:50.467,135200.0,,,False,,2026-09-03 14:43:50.930,135300.0,0.462571,0.07396449704142012,-0.02600949346510187,0.07396449704142012,120,120.188,134700.0,-0.3698224852071006,-0.46935313207501267,0.14792899408284024,-0.6656804733727811,0.047881112969883274,-0.7649155578149534,COMPLETE
2026-09-03 14:46:00.431,v1.6.9,20260903_033790_WIDE_HIGH_GAP_SHADOW_E023_144300328253,WIDE_HIGH_GAP_SHADOW,033790,피노,2026-09-03 14:43:00.328,8660.0,8668.66,MAIN,MAIN,2026-09-03 14:43:00.317,,,2026-09-03 14:43:00.317,8660.0,,,False,,2026-09-03 14:43:01.230,8650.0,0.912887,-0.11547344110854503,-0.21525818292561774,0.11547344110854503,180,180.104,8640.0,-0.23094688221709006,-0.33061626595113724,0.3464203233256351,-0.6928406466512702,0.24617414917646033,-0.7920485980532154,COMPLETE
2026-09-03 14:46:07.031,v1.6.9,20260903_004020_WIDE_HIGH_GAP_SHADOW_E010_144506873719,WIDE_HIGH_GAP_SHADOW,004020,현대제철,2026-09-03 14:45:06.873,31550.0,31581.549999999996,MAIN,MAIN,2026-09-03 14:45:06.858,,,2026-09-03 14:45:06.858,31550.0,,,False,,2026-09-03 14:45:07.830,31550.0,0.972624,0.0,-0.09990009990008608,0.0,60,60.158,31500.0,-0.15847860538827258,-0.2582203850032555,0.0,-0.4754358161648178,-0.09990009990008608,-0.5748609552095943,COMPLETE
2026-09-03 14:46:11.031,v1.6.9,20260903_267270_WIDE_HIGH_GAP_SHADOW_E005_144110598094,WIDE_HIGH_GAP_SHADOW,267270,HD건설기계,2026-09-03 14:41:10.598,135100.0,135235.09999999998,MAIN,MAIN,2026-09-03 14:41:10.563,,,2026-09-03 14:41:10.563,135100.0,,,False,,2026-09-03 14:41:12.233,135200.0,1.670302,0.07401924500370095,-0.02595480019608572,0.07401924500370095,300,300.433,134900.0,-0.1480384900074019,-0.24779069930807668,0.22205773501110287,-0.7401924500370096,0.12193579921190824,-0.8393530969400524,COMPLETE
2026-09-03 14:46:11.127,v1.6.9,20260903_000720_WIDE_HIGH_GAP_SHADOW_E004_144110690108,WIDE_HIGH_GAP_SHADOW,000720,현대건설,2026-09-03 14:41:10.690,118400.0,118518.4,MAIN,MAIN,2026-09-03 14:41:10.644,,,2026-09-03 14:41:10.644,118400.0,,,False,,2026-09-03 14:41:10.932,118500.0,0.287973,0.08445945945945946,-0.015525015525010614,0.08445945945945946,300,300.437,117600.0,-0.6756756756756757,-0.77490077490077,0.33783783783783783,-0.6756756756756757,0.23760023760024251,-0.77490077490077,COMPLETE
2026-09-03 14:46:18.829,v1.6.9,20260903_033790_WIDE_HIGH_GAP_SHADOW_E024_144416535142,WIDE_HIGH_GAP_SHADOW,033790,피노,2026-09-03 14:44:16.535,8660.0,8668.66,MAIN,MAIN,2026-09-03 14:44:16.524,,,2026-09-03 14:44:16.524,8660.0,,,False,,2026-09-03 14:44:21.329,8660.0,4.804364,0.0,-0.09990009990009822,0.0,120,122.295,8630.0,-0.3464203233256351,-0.4459743489766568,0.11547344110854503,-0.6928406466512702,0.015457983125421293,-0.7920485980532154,COMPLETE
2026-09-03 14:46:51.529,v1.6.9,20260903_267270_WIDE_HIGH_GAP_SHADOW_E006_144350485580,WIDE_HIGH_GAP_SHADOW,267270,HD건설기계,2026-09-03 14:43:50.485,135200.0,135335.19999999998,MAIN,MAIN,2026-09-03 14:43:50.467,,,2026-09-03 14:43:50.467,135200.0,,,False,,2026-09-03 14:43:50.930,135300.0,0.462571,0.07396449704142012,-0.02600949346510187,0.07396449704142012,180,181.044,134600.0,-0.4437869822485207,-0.5432437385099979,0.14792899408284024,-0.6656804733727811,0.047881112969883274,-0.7649155578149534,COMPLETE
2026-09-03 14:47:07.033,v1.6.9,20260903_004020_WIDE_HIGH_GAP_SHADOW_E010_144506873719,WIDE_HIGH_GAP_SHADOW,004020,현대제철,2026-09-03 14:45:06.873,31550.0,31581.549999999996,MAIN,MAIN,2026-09-03 14:45:06.858,,,2026-09-03 14:45:06.858,31550.0,,,False,,2026-09-03 14:45:07.830,31550.0,0.972624,0.0,-0.09990009990008608,0.0,120,120.16,31500.0,-0.15847860538827258,-0.2582203850032555,0.0,-0.4754358161648178,-0.09990009990008608,-0.5748609552095943,COMPLETE
2026-09-03 14:47:17.336,v1.6.9,20260903_033790_WIDE_HIGH_GAP_SHADOW_E024_144416535142,WIDE_HIGH_GAP_SHADOW,033790,피노,2026-09-03 14:44:16.535,8660.0,8668.66,MAIN,MAIN,2026-09-03 14:44:16.524,,,2026-09-03 14:44:16.524,8660.0,,,False,,2026-09-03 14:44:21.329,8660.0,4.804364,0.0,-0.09990009990009822,0.0,180,180.802,8630.0,-0.3464203233256351,-0.4459743489766568,0.11547344110854503,-0.6928406466512702,0.015457983125421293,-0.7920485980532154,COMPLETE
2026-09-03 14:48:01.512,v1.6.9,20260903_033790_WIDE_HIGH_GAP_SHADOW_E023_144300328253,WIDE_HIGH_GAP_SHADOW,033790,피노,2026-09-03 14:43:00.328,8660.0,8668.66,MAIN,MAIN,2026-09-03 14:43:00.317,,,2026-09-03 14:43:00.317,8660.0,,,False,,2026-09-03 14:43:01.230,8650.0,0.912887,-0.11547344110854503,-0.21525818292561774,0.11547344110854503,300,301.184,8640.0,-0.23094688221709006,-0.33061626595113724,0.3464203233256351,-0.6928406466512702,0.24617414917646033,-0.7920485980532154,COMPLETE
2026-09-03 14:48:07.626,v1.6.9,20260903_004020_WIDE_HIGH_GAP_SHADOW_E010_144506873719,WIDE_HIGH_GAP_SHADOW,004020,현대제철,2026-09-03 14:45:06.873,31550.0,31581.549999999996,MAIN,MAIN,2026-09-03 14:45:06.858,,,2026-09-03 14:45:06.858,31550.0,,,False,,2026-09-03 14:45:07.830,31550.0,0.972624,0.0,-0.09990009990008608,0.0,180,180.753,31650.0,0.31695721077654515,0.2167404703062528,0.31695721077654515,-0.4754358161648178,0.2167404703062528,-0.5748609552095943,COMPLETE
2026-09-03 14:48:09.827,v1.6.9,20260903_465770_WIDE_HIGH_GAP_SHADOW_E005_144739358543,WIDE_HIGH_GAP_SHADOW,465770,STX그린로지스,2026-09-03 14:47:39.358,4540.0,4544.539999999999,MAIN,MAIN,2026-09-03 14:47:39.340,,,2026-09-03 14:47:39.340,4540.0,,,False,,2026-09-03 14:47:39.527,4510.0,0.187406,-0.6607929515418502,-0.7600329186232063,0.6607929515418502,30,30.469,4470.0,-1.5418502202643172,-1.6402100102540427,0.0,-1.9823788546255507,-0.0999000999000791,-2.0802985560694607,COMPLETE
2026-09-03 14:48:39.728,v1.6.9,20260903_465770_WIDE_HIGH_GAP_SHADOW_E005_144739358543,WIDE_HIGH_GAP_SHADOW,465770,STX그린로지스,2026-09-03 14:47:39.358,4540.0,4544.539999999999,MAIN,MAIN,2026-09-03 14:47:39.340,,,2026-09-03 14:47:39.340,4540.0,,,False,,2026-09-03 14:47:39.527,4510.0,0.187406,-0.6607929515418502,-0.7600329186232063,0.6607929515418502,60,60.37,4495.0,-0.9911894273127754,-1.09009932798477,0.0,-1.9823788546255507,-0.0999000999000791,-2.0802985560694607,COMPLETE
2026-09-03 14:48:50.825,v1.6.9,20260903_267270_WIDE_HIGH_GAP_SHADOW_E006_144350485580,WIDE_HIGH_GAP_SHADOW,267270,HD건설기계,2026-09-03 14:43:50.485,135200.0,135335.19999999998,MAIN,MAIN,2026-09-03 14:43:50.467,,,2026-09-03 14:43:50.467,135200.0,,,False,,2026-09-03 14:43:50.930,135300.0,0.462571,0.07396449704142012,-0.02600949346510187,0.07396449704142012,300,300.34,135000.0,-0.14792899408284024,-0.24768131277005728,0.14792899408284024,-0.8136094674556213,0.047881112969883274,-0.9126967706849235,COMPLETE
2026-09-03 14:49:04.925,v1.6.9,20260903_000720_WIDE_HIGH_GAP_SHADOW_E005_144834766552,WIDE_HIGH_GAP_SHADOW,000720,현대건설,2026-09-03 14:48:34.766,118500.0,118618.49999999999,MAIN,MAIN,2026-09-03 14:48:34.733,,,2026-09-03 14:48:34.733,118500.0,,,False,,2026-09-03 14:48:35.229,118550.0,0.496124,0.04219409282700422,-0.05774815901396954,0.04219409282700422,30,30.159,118700.0,0.16877637130801687,0.06870766364438478,0.16877637130801687,0.0,0.06870766364438478,-0.09990009990008765,COMPLETE
2026-09-03 14:49:05.927,v1.6.9,20260903_373220_BASE_E004_144834856910,BASE,373220,LG에너지솔루션,2026-09-03 14:48:34.856,365000.0,365364.99999999994,MAIN,MAIN,2026-09-03 14:48:34.773,2026-09-03 14:48:34.773,365000.0,2026-09-03 14:48:34.773,365000.0,0.0,0.0,False,,2026-09-03 14:48:34.925,365250.0,0.151955,0.0684931506849315,-0.03147537394111144,0.0684931506849315,30,31.07,366000.0,0.273972602739726,0.17379880393580618,0.273972602739726,-0.136986301369863,0.17379880393580618,-0.23674955181802906,COMPLETE
2026-09-03 14:49:20.631,v1.6.9,20260903_033790_WIDE_HIGH_GAP_SHADOW_E024_144416535142,WIDE_HIGH_GAP_SHADOW,033790,피노,2026-09-03 14:44:16.535,8660.0,8668.66,MAIN,MAIN,2026-09-03 14:44:16.524,,,2026-09-03 14:44:16.524,8660.0,,,False,,2026-09-03 14:44:21.329,8660.0,4.804364,0.0,-0.09990009990009822,0.0,300,304.097,8690.0,0.3464203233256351,0.24617414917646033,0.3464203233256351,-0.6928406466512702,0.24617414917646033,-0.7920485980532154,COMPLETE
2026-09-03 14:49:34.826,v1.6.9,20260903_000720_WIDE_HIGH_GAP_SHADOW_E005_144834766552,WIDE_HIGH_GAP_SHADOW,000720,현대건설,2026-09-03 14:48:34.766,118500.0,118618.49999999999,MAIN,MAIN,2026-09-03 14:48:34.733,,,2026-09-03 14:48:34.733,118500.0,,,False,,2026-09-03 14:48:35.229,118550.0,0.496124,0.04219409282700422,-0.05774815901396954,0.04219409282700422,60,60.06,118900.0,0.33755274261603374,0.2373154271888572,0.37974683544303794,0.0,0.2794673680749753,-0.09990009990008765,COMPLETE
2026-09-03 14:49:35.728,v1.6.9,20260903_373220_BASE_E004_144834856910,BASE,373220,LG에너지솔루션,2026-09-03 14:48:34.856,365000.0,365364.99999999994,MAIN,MAIN,2026-09-03 14:48:34.773,2026-09-03 14:48:34.773,365000.0,2026-09-03 14:48:34.773,365000.0,0.0,0.0,False,,2026-09-03 14:48:34.925,365250.0,0.151955,0.0684931506849315,-0.03147537394111144,0.0684931506849315,60,60.872,366000.0,0.273972602739726,0.17379880393580618,0.273972602739726,-0.136986301369863,0.17379880393580618,-0.23674955181802906,COMPLETE
2026-09-03 14:49:39.625,v1.6.9,20260903_465770_WIDE_HIGH_GAP_SHADOW_E005_144739358543,WIDE_HIGH_GAP_SHADOW,465770,STX그린로지스,2026-09-03 14:47:39.358,4540.0,4544.539999999999,MAIN,MAIN,2026-09-03 14:47:39.340,,,2026-09-03 14:47:39.340,4540.0,,,False,,2026-09-03 14:47:39.527,4510.0,0.187406,-0.6607929515418502,-0.7600329186232063,0.6607929515418502,120,120.267,4395.0,-3.1938325991189425,-3.2905420570618604,0.0,-3.634361233480176,-0.0999000999000791,-3.730630602877279,COMPLETE
2026-09-03 14:50:04.724,v1.6.9,20260903_003670_BASE_E002_144934607293,BASE,003670,포스코퓨처엠,2026-09-03 14:49:34.607,185300.0,185485.3,MAIN,MAIN,2026-09-03 14:49:34.563,2026-09-03 14:49:34.563,185300.0,2026-09-03 14:49:34.563,185300.0,0.0,0.0,False,,2026-09-03 14:49:35.027,185100.0,0.464202,-0.10793308148947653,-0.20772535613333692,0.10793308148947653,30,30.117,184900.0,-0.21586616297895306,-0.3155506123665802,0.0,-0.32379924446842956,-0.09990009990009363,-0.42337586859982346,COMPLETE
2026-09-03 14:50:07.225,v1.6.9,20260903_004020_WIDE_HIGH_GAP_SHADOW_E010_144506873719,WIDE_HIGH_GAP_SHADOW,004020,현대제철,2026-09-03 14:45:06.873,31550.0,31581.549999999996,MAIN,MAIN,2026-09-03 14:45:06.858,,,2026-09-03 14:45:06.858,31550.0,,,False,,2026-09-03 14:45:07.830,31550.0,0.972624,0.0,-0.09990009990008608,0.0,300,300.352,31750.0,0.6339144215530903,0.5333810405125917,0.7923930269413629,-0.4754358161648178,0.6917013256157611,-0.5748609552095943,COMPLETE
2026-09-03 14:50:34.724,v1.6.9,20260903_003670_BASE_E002_144934607293,BASE,003670,포스코퓨처엠,2026-09-03 14:49:34.607,185300.0,185485.3,MAIN,MAIN,2026-09-03 14:49:34.563,2026-09-03 14:49:34.563,185300.0,2026-09-03 14:49:34.563,185300.0,0.0,0.0,False,,2026-09-03 14:49:35.027,185100.0,0.464202,-0.10793308148947653,-0.20772535613333692,0.10793308148947653,60,60.117,185000.0,-0.16189962223421478,-0.26163798424995854,0.0,-0.32379924446842956,-0.09990009990009363,-0.42337586859982346,COMPLETE
2026-09-03 14:50:35.125,v1.6.9,20260903_000720_WIDE_HIGH_GAP_SHADOW_E005_144834766552,WIDE_HIGH_GAP_SHADOW,000720,현대건설,2026-09-03 14:48:34.766,118500.0,118618.49999999999,MAIN,MAIN,2026-09-03 14:48:34.733,,,2026-09-03 14:48:34.733,118500.0,,,False,,2026-09-03 14:48:35.229,118550.0,0.496124,0.04219409282700422,-0.05774815901396954,0.04219409282700422,120,120.359,119000.0,0.42194092827004215,0.3216193089610934,0.5063291139240507,0.0,0.4059231907333296,-0.09990009990008765,COMPLETE
2026-09-03 14:50:36.827,v1.6.9,20260903_373220_BASE_E004_144834856910,BASE,373220,LG에너지솔루션,2026-09-03 14:48:34.856,365000.0,365364.99999999994,MAIN,MAIN,2026-09-03 14:48:34.773,2026-09-03 14:48:34.773,365000.0,2026-09-03 14:48:34.773,365000.0,0.0,0.0,False,,2026-09-03 14:48:34.925,365250.0,0.151955,0.0684931506849315,-0.03147537394111144,0.0684931506849315,120,121.971,367000.0,0.547945205479452,0.4474977077716964,0.547945205479452,-0.136986301369863,0.4474977077716964,-0.23674955181802906,COMPLETE
2026-09-03 14:50:39.425,v1.6.9,20260903_465770_WIDE_HIGH_GAP_SHADOW_E005_144739358543,WIDE_HIGH_GAP_SHADOW,465770,STX그린로지스,2026-09-03 14:47:39.358,4540.0,4544.539999999999,MAIN,MAIN,2026-09-03 14:47:39.340,,,2026-09-03 14:47:39.340,4540.0,,,False,,2026-09-03 14:47:39.527,4510.0,0.187406,-0.6607929515418502,-0.7600329186232063,0.6607929515418502,180,180.067,4210.0,-7.268722466960352,-7.361361105854479,0.0,-8.590308370044053,-0.0999000999000791,-8.681626743300733,COMPLETE
2026-09-03 14:51:34.726,v1.6.9,20260903_006360_WIDE_HIGH_GAP_SHADOW_E003_145104597723,WIDE_HIGH_GAP_SHADOW,006360,GS건설,2026-09-03 14:51:04.597,33900.0,33933.899999999994,MAIN,MAIN,2026-09-03 14:51:04.576,,,2026-09-03 14:51:04.576,33900.0,,,False,,2026-09-03 14:51:05.426,33900.0,0.849428,0.0,-0.09990009990008276,0.0,30,30.128,33850.0,-0.14749262536873156,-0.2472453799887257,0.0,-0.4424778761061947,-0.09990009990008276,-0.5419359401660117,COMPLETE
2026-09-03 14:51:35.423,v1.6.9,20260903_003670_BASE_E002_144934607293,BASE,003670,포스코퓨처엠,2026-09-03 14:49:34.607,185300.0,185485.3,MAIN,MAIN,2026-09-03 14:49:34.563,2026-09-03 14:49:34.563,185300.0,2026-09-03 14:49:34.563,185300.0,0.0,0.0,False,,2026-09-03 14:49:35.027,185100.0,0.464202,-0.10793308148947653,-0.20772535613333692,0.10793308148947653,120,120.816,184800.0,-0.26983270372369134,-0.36946324048320184,0.0,-0.4317323259579061,-0.09990009990009363,-0.5312011248330668,COMPLETE
2026-09-03 14:51:35.823,v1.6.9,20260903_000720_WIDE_HIGH_GAP_SHADOW_E005_144834766552,WIDE_HIGH_GAP_SHADOW,000720,현대건설,2026-09-03 14:48:34.766,118500.0,118618.49999999999,MAIN,MAIN,2026-09-03 14:48:34.733,,,2026-09-03 14:48:34.733,118500.0,,,False,,2026-09-03 14:48:35.229,118550.0,0.496124,0.04219409282700422,-0.05774815901396954,0.04219409282700422,180,181.057,119000.0,0.42194092827004215,0.3216193089610934,0.5063291139240507,0.0,0.4059231907333296,-0.09990009990008765,COMPLETE
2026-09-03 14:51:36.025,v1.6.9,20260903_373220_BASE_E004_144834856910,BASE,373220,LG에너지솔루션,2026-09-03 14:48:34.856,365000.0,365364.99999999994,MAIN,MAIN,2026-09-03 14:48:34.773,2026-09-03 14:48:34.773,365000.0,2026-09-03 14:48:34.773,365000.0,0.0,0.0,False,,2026-09-03 14:48:34.925,365250.0,0.151955,0.0684931506849315,-0.03147537394111144,0.0684931506849315,180,181.169,366000.0,0.273972602739726,0.17379880393580618,0.547945205479452,-0.136986301369863,0.4474977077716964,-0.23674955181802906,COMPLETE
2026-09-03 14:52:01.925,v1.6.9,20260903_267270_WIDE_HIGH_GAP_SHADOW_E007_145131868361,WIDE_HIGH_GAP_SHADOW,267270,HD건설기계,2026-09-03 14:51:31.868,134600.0,134734.59999999998,MAIN,MAIN,2026-09-03 14:51:31.859,,,2026-09-03 14:51:31.859,134600.0,,,False,,2026-09-03 14:51:32.526,135200.0,0.666929,0.44576523031203563,0.34541981050155146,0.44576523031203563,30,30.057,135200.0,0.44576523031203563,0.34541981050155146,0.5943536404160475,0.0,0.4938597806354295,-0.09990009990008264,COMPLETE
2026-09-03 14:52:02.024,v1.6.9,20260903_004710_WIDE_HIGH_GAP_SHADOW_E026_145131856140,WIDE_HIGH_GAP_SHADOW,004710,한솔테크닉스,2026-09-03 14:51:31.856,8580.0,8588.58,MAIN,MAIN,2026-09-03 14:51:31.830,,,2026-09-03 14:51:31.830,8580.0,,,False,,2026-09-03 14:51:40.125,8580.0,8.29436,0.0,-0.09990009990009906,0.0,30,30.169,8580.0,0.0,-0.09990009990009906,0.0,0.0,-0.09990009990009906,-0.09990009990009906,COMPLETE
2026-09-03 14:52:05.422,v1.6.9,20260903_006360_WIDE_HIGH_GAP_SHADOW_E003_145104597723,WIDE_HIGH_GAP_SHADOW,006360,GS건설,2026-09-03 14:51:04.597,33900.0,33933.899999999994,MAIN,MAIN,2026-09-03 14:51:04.576,,,2026-09-03 14:51:04.576,33900.0,,,False,,2026-09-03 14:51:05.426,33900.0,0.849428,0.0,-0.09990009990008276,0.0,60,60.825,33850.0,-0.14749262536873156,-0.2472453799887257,0.0,-0.4424778761061947,-0.09990009990008276,-0.5419359401660117,COMPLETE
2026-09-03 14:52:32.425,v1.6.9,20260903_267270_WIDE_HIGH_GAP_SHADOW_E007_145131868361,WIDE_HIGH_GAP_SHADOW,267270,HD건설기계,2026-09-03 14:51:31.868,134600.0,134734.59999999998,MAIN,MAIN,2026-09-03 14:51:31.859,,,2026-09-03 14:51:31.859,134600.0,,,False,,2026-09-03 14:51:32.526,135200.0,0.666929,0.44576523031203563,0.34541981050155146,0.44576523031203563,60,60.557,135100.0,0.3714710252600297,0.27119982543461246,0.5943536404160475,0.0,0.4938597806354295,-0.09990009990008264,COMPLETE
2026-09-03 14:52:34.422,v1.6.9,20260903_004710_WIDE_HIGH_GAP_SHADOW_E026_145131856140,WIDE_HIGH_GAP_SHADOW,004710,한솔테크닉스,2026-09-03 14:51:31.856,8580.0,8588.58,MAIN,MAIN,2026-09-03 14:51:31.830,,,2026-09-03 14:51:31.830,8580.0,,,False,,2026-09-03 14:51:40.125,8580.0,8.29436,0.0,-0.09990009990009906,0.0,60,62.567,8580.0,0.0,-0.09990009990009906,0.0,-0.11655011655011654,-0.09990009990009906,-0.21633378276734835,COMPLETE
2026-09-03 14:52:34.922,v1.6.9,20260903_003670_BASE_E002_144934607293,BASE,003670,포스코퓨처엠,2026-09-03 14:49:34.607,185300.0,185485.3,MAIN,MAIN,2026-09-03 14:49:34.563,2026-09-03 14:49:34.563,185300.0,2026-09-03 14:49:34.563,185300.0,0.0,0.0,False,,2026-09-03 14:49:35.027,185100.0,0.464202,-0.10793308148947653,-0.20772535613333692,0.10793308148947653,180,180.315,184600.0,-0.37776578521316784,-0.4772884967164452,0.0,-0.4317323259579061,-0.09990009990009363,-0.5312011248330668,COMPLETE
2026-09-03 14:52:59.889,v1.6.9,20260903_465770_WIDE_HIGH_GAP_SHADOW_E005_144739358543,WIDE_HIGH_GAP_SHADOW,465770,STX그린로지스,2026-09-03 14:47:39.358,4540.0,4544.539999999999,MAIN,MAIN,2026-09-03 14:47:39.340,,,2026-09-03 14:47:39.340,4540.0,,,False,,2026-09-03 14:47:39.527,4510.0,0.187406,-0.6607929515418502,-0.7600329186232063,0.6607929515418502,300,320.531,4065.0,-10.462555066079295,-10.55200306301626,0.0,-10.462555066079295,-0.0999000999000791,-10.55200306301626,COMPLETE
2026-09-03 14:53:04.732,v1.6.9,20260903_006360_WIDE_HIGH_GAP_SHADOW_E003_145104597723,WIDE_HIGH_GAP_SHADOW,006360,GS건설,2026-09-03 14:51:04.597,33900.0,33933.899999999994,MAIN,MAIN,2026-09-03 14:51:04.576,,,2026-09-03 14:51:04.576,33900.0,,,False,,2026-09-03 14:51:05.426,33900.0,0.849428,0.0,-0.09990009990008276,0.0,120,120.135,33850.0,-0.14749262536873156,-0.2472453799887257,0.0,-0.4424778761061947,-0.09990009990008276,-0.5419359401660117,COMPLETE
2026-09-03 14:53:32.221,v1.6.9,20260903_267270_WIDE_HIGH_GAP_SHADOW_E007_145131868361,WIDE_HIGH_GAP_SHADOW,267270,HD건설기계,2026-09-03 14:51:31.868,134600.0,134734.59999999998,MAIN,MAIN,2026-09-03 14:51:31.859,,,2026-09-03 14:51:31.859,134600.0,,,False,,2026-09-03 14:51:32.526,135200.0,0.666929,0.44576523031203563,0.34541981050155146,0.44576523031203563,120,120.353,134900.0,0.22288261515601782,0.12275985530073442,0.6686478454680534,0.0,0.5680797657023685,-0.09990009990008264,COMPLETE
2026-09-03 14:53:32.725,v1.6.9,20260903_004710_WIDE_HIGH_GAP_SHADOW_E026_145131856140,WIDE_HIGH_GAP_SHADOW,004710,한솔테크닉스,2026-09-03 14:51:31.856,8580.0,8588.58,MAIN,MAIN,2026-09-03 14:51:31.830,,,2026-09-03 14:51:31.830,8580.0,,,False,,2026-09-03 14:51:40.125,8580.0,8.29436,0.0,-0.09990009990009906,0.0,120,120.869,8560.0,-0.2331002331002331,-0.3327674656345977,0.0,-0.2331002331002331,-0.09990009990009906,-0.3327674656345977,COMPLETE
2026-09-03 14:53:34.922,v1.6.9,20260903_000720_WIDE_HIGH_GAP_SHADOW_E005_144834766552,WIDE_HIGH_GAP_SHADOW,000720,현대건설,2026-09-03 14:48:34.766,118500.0,118618.49999999999,MAIN,MAIN,2026-09-03 14:48:34.733,,,2026-09-03 14:48:34.733,118500.0,,,False,,2026-09-03 14:48:35.229,118550.0,0.496124,0.04219409282700422,-0.05774815901396954,0.04219409282700422,300,300.156,119300.0,0.6751054852320675,0.5745309542778021,0.6751054852320675,0.0,0.5745309542778021,-0.09990009990008765,COMPLETE
2026-09-03 14:53:34.957,v1.6.9,20260903_373220_BASE_E004_144834856910,BASE,373220,LG에너지솔루션,2026-09-03 14:48:34.856,365000.0,365364.99999999994,MAIN,MAIN,2026-09-03 14:48:34.773,2026-09-03 14:48:34.773,365000.0,2026-09-03 14:48:34.773,365000.0,0.0,0.0,False,,2026-09-03 14:48:34.925,365250.0,0.151955,0.0684931506849315,-0.03147537394111144,0.0684931506849315,300,300.101,366500.0,0.410958904109589,0.3106482558537513,0.547945205479452,-0.136986301369863,0.4474977077716964,-0.23674955181802906,COMPLETE
2026-09-03 14:53:52.224,v1.6.9,20260903_267270_WIDE_HIGH_GAP_SHADOW_E008_145322036933,WIDE_HIGH_GAP_SHADOW,267270,HD건설기계,2026-09-03 14:53:22.036,135200.0,135335.19999999998,MAIN,MAIN,2026-09-03 14:53:22.030,,,2026-09-03 14:53:22.030,135200.0,,,False,,2026-09-03 14:53:24.222,135000.0,2.191692,-0.14792899408284024,-0.24768131277005728,0.14792899408284024,30,30.188,135000.0,-0.14792899408284024,-0.24768131277005728,0.14792899408284024,-0.2958579881656805,0.047881112969883274,-0.3954625256400276,COMPLETE
2026-09-03 14:54:06.421,v1.6.9,20260903_006360_WIDE_HIGH_GAP_SHADOW_E003_145104597723,WIDE_HIGH_GAP_SHADOW,006360,GS건설,2026-09-03 14:51:04.597,33900.0,33933.899999999994,MAIN,MAIN,2026-09-03 14:51:04.576,,,2026-09-03 14:51:04.576,33900.0,,,False,,2026-09-03 14:51:05.426,33900.0,0.849428,0.0,-0.09990009990008276,0.0,180,181.824,33800.0,-0.2949852507374631,-0.39459066007736865,0.0,-0.4424778761061947,-0.09990009990008276,-0.5419359401660117,COMPLETE
2026-09-03 14:54:21.722,v1.6.9,20260903_008930_WIDE_HIGH_GAP_SHADOW_E041_145351219758,WIDE_HIGH_GAP_SHADOW,008930,한미사이언스,2026-09-03 14:53:51.219,51700.0,51751.7,MAIN,MAIN,2026-09-03 14:53:51.211,,,2026-09-03 14:53:51.211,51700.0,,,False,,2026-09-03 14:53:54.822,51600.0,3.610461,-0.19342359767891684,-0.29313046721169955,0.19342359767891684,30,30.503,51600.0,-0.19342359767891684,-0.29313046721169955,0.0,-0.19342359767891684,-0.09990009990009428,-0.29313046721169955,COMPLETE
2026-09-03 14:54:22.122,v1.6.9,20260903_267270_WIDE_HIGH_GAP_SHADOW_E008_145322036933,WIDE_HIGH_GAP_SHADOW,267270,HD건설기계,2026-09-03 14:53:22.036,135200.0,135335.19999999998,MAIN,MAIN,2026-09-03 14:53:22.030,,,2026-09-03 14:53:22.030,135200.0,,,False,,2026-09-03 14:53:24.222,135000.0,2.191692,-0.14792899408284024,-0.24768131277005728,0.14792899408284024,60,60.085,134900.0,-0.22189349112426035,-0.3215719192050424,0.14792899408284024,-0.3698224852071006,0.047881112969883274,-0.46935313207501267,COMPLETE
2026-09-03 14:54:32.932,v1.6.9,20260903_267270_WIDE_HIGH_GAP_SHADOW_E007_145131868361,WIDE_HIGH_GAP_SHADOW,267270,HD건설기계,2026-09-03 14:51:31.868,134600.0,134734.59999999998,MAIN,MAIN,2026-09-03 14:51:31.859,,,2026-09-03 14:51:31.859,134600.0,,,False,,2026-09-03 14:51:32.526,135200.0,0.666929,0.44576523031203563,0.34541981050155146,0.44576523031203563,180,181.064,135000.0,0.2971768202080238,0.19697984036767344,0.6686478454680534,0.0,0.5680797657023685,-0.09990009990008264,COMPLETE
2026-09-03 14:54:34.723,v1.6.9,20260903_003670_BASE_E002_144934607293,BASE,003670,포스코퓨처엠,2026-09-03 14:49:34.607,185300.0,185485.3,MAIN,MAIN,2026-09-03 14:49:34.563,2026-09-03 14:49:34.563,185300.0,2026-09-03 14:49:34.563,185300.0,0.0,0.0,False,,2026-09-03 14:49:35.027,185100.0,0.464202,-0.10793308148947653,-0.20772535613333692,0.10793308148947653,300,300.116,185400.0,0.053966540744738264,-0.045987471783471984,0.32379924446842956,-0.5396654074473827,0.22357566879963622,-0.6390263810663102,COMPLETE
2026-09-03 14:54:34.822,v1.6.9,20260903_004710_WIDE_HIGH_GAP_SHADOW_E026_145131856140,WIDE_HIGH_GAP_SHADOW,004710,한솔테크닉스,2026-09-03 14:51:31.856,8580.0,8588.58,MAIN,MAIN,2026-09-03 14:51:31.830,,,2026-09-03 14:51:31.830,8580.0,,,False,,2026-09-03 14:51:40.125,8580.0,8.29436,0.0,-0.09990009990009906,0.0,180,182.966,8550.0,-0.34965034965034963,-0.44920114850184695,0.0,-0.34965034965034963,-0.09990009990009906,-0.44920114850184695,COMPLETE
2026-09-03 14:54:54.830,v1.6.9,20260903_008930_WIDE_HIGH_GAP_SHADOW_E041_145351219758,WIDE_HIGH_GAP_SHADOW,008930,한미사이언스,2026-09-03 14:53:51.219,51700.0,51751.7,MAIN,MAIN,2026-09-03 14:53:51.211,,,2026-09-03 14:53:51.211,51700.0,,,False,,2026-09-03 14:53:54.822,51600.0,3.610461,-0.19342359767891684,-0.29313046721169955,0.19342359767891684,60,63.611,51700.0,0.0,-0.09990009990009428,0.19342359767891684,-0.19342359767891684,0.09333026741151096,-0.29313046721169955,COMPLETE
2026-09-03 14:55:22.933,v1.6.9,20260903_267270_WIDE_HIGH_GAP_SHADOW_E008_145322036933,WIDE_HIGH_GAP_SHADOW,267270,HD건설기계,2026-09-03 14:53:22.036,135200.0,135335.19999999998,MAIN,MAIN,2026-09-03 14:53:22.030,,,2026-09-03 14:53:22.030,135200.0,,,False,,2026-09-03 14:53:24.222,135000.0,2.191692,-0.14792899408284024,-0.24768131277005728,0.14792899408284024,120,120.897,135000.0,-0.14792899408284024,-0.24768131277005728,0.14792899408284024,-0.3698224852071006,0.047881112969883274,-0.46935313207501267,COMPLETE
2026-09-03 14:55:51.921,v1.6.9,20260903_008930_WIDE_HIGH_GAP_SHADOW_E041_145351219758,WIDE_HIGH_GAP_SHADOW,008930,한미사이언스,2026-09-03 14:53:51.219,51700.0,51751.7,MAIN,MAIN,2026-09-03 14:53:51.211,,,2026-09-03 14:53:51.211,51700.0,,,False,,2026-09-03 14:53:54.822,51600.0,3.610461,-0.19342359767891684,-0.29313046721169955,0.19342359767891684,120,120.701,51600.0,-0.19342359767891684,-0.29313046721169955,0.19342359767891684,-0.3868471953578337,0.09333026741151096,-0.4863608345233047,COMPLETE
2026-09-03 14:56:04.630,v1.6.9,20260903_006360_WIDE_HIGH_GAP_SHADOW_E003_145104597723,WIDE_HIGH_GAP_SHADOW,006360,GS건설,2026-09-03 14:51:04.597,33900.0,33933.899999999994,MAIN,MAIN,2026-09-03 14:51:04.576,,,2026-09-03 14:51:04.576,33900.0,,,False,,2026-09-03 14:51:05.426,33900.0,0.849428,0.0,-0.09990009990008276,0.0,300,300.033,33750.0,-0.4424778761061947,-0.5419359401660117,0.0,-0.7374631268436578,-0.09990009990008276,-0.8366265003432976,COMPLETE
2026-09-03 14:56:24.518,v1.6.9,20260903_267270_WIDE_HIGH_GAP_SHADOW_E008_145322036933,WIDE_HIGH_GAP_SHADOW,267270,HD건설기계,2026-09-03 14:53:22.036,135200.0,135335.19999999998,MAIN,MAIN,2026-09-03 14:53:22.030,,,2026-09-03 14:53:22.030,135200.0,,,False,,2026-09-03 14:53:24.222,135000.0,2.191692,-0.14792899408284024,-0.24768131277005728,0.14792899408284024,180,182.482,134800.0,-0.2958579881656805,-0.3954625256400276,0.14792899408284024,-0.4437869822485207,0.047881112969883274,-0.5432437385099979,COMPLETE
2026-09-03 14:56:32.530,v1.6.9,20260903_267270_WIDE_HIGH_GAP_SHADOW_E007_145131868361,WIDE_HIGH_GAP_SHADOW,267270,HD건설기계,2026-09-03 14:51:31.868,134600.0,134734.59999999998,MAIN,MAIN,2026-09-03 14:51:31.859,,,2026-09-03 14:51:31.859,134600.0,,,False,,2026-09-03 14:51:32.526,135200.0,0.666929,0.44576523031203563,0.34541981050155146,0.44576523031203563,300,300.662,134800.0,0.1485884101040119,0.0485398702337954,0.6686478454680534,0.0,0.5680797657023685,-0.09990009990008264,COMPLETE
2026-09-03 14:56:33.069,v1.6.9,20260903_004710_WIDE_HIGH_GAP_SHADOW_E026_145131856140,WIDE_HIGH_GAP_SHADOW,004710,한솔테크닉스,2026-09-03 14:51:31.856,8580.0,8588.58,MAIN,MAIN,2026-09-03 14:51:31.830,,,2026-09-03 14:51:31.830,8580.0,,,False,,2026-09-03 14:51:40.125,8580.0,8.29436,0.0,-0.09990009990009906,0.0,300,301.214,8550.0,-0.34965034965034963,-0.44920114850184695,0.0,-0.6993006993006993,-0.09990009990009906,-0.7985021971035948,COMPLETE
2026-09-03 14:56:51.631,v1.6.9,20260903_008930_WIDE_HIGH_GAP_SHADOW_E041_145351219758,WIDE_HIGH_GAP_SHADOW,008930,한미사이언스,2026-09-03 14:53:51.219,51700.0,51751.7,MAIN,MAIN,2026-09-03 14:53:51.211,,,2026-09-03 14:53:51.211,51700.0,,,False,,2026-09-03 14:53:54.822,51600.0,3.610461,-0.19342359767891684,-0.29313046721169955,0.19342359767891684,180,180.412,51700.0,0.0,-0.09990009990009428,0.19342359767891684,-0.3868471953578337,0.09333026741151096,-0.4863608345233047,COMPLETE
2026-09-03 14:57:14.730,v1.6.9,20260903_033790_WIDE_HIGH_GAP_SHADOW_E025_145643778323,WIDE_HIGH_GAP_SHADOW,033790,피노,2026-09-03 14:56:43.778,8660.0,8668.66,MAIN,MAIN,2026-09-03 14:56:43.721,,,2026-09-03 14:56:43.721,8660.0,,,False,,2026-09-03 14:56:46.931,8670.0,3.209394,0.11547344110854503,0.015457983125421293,0.11547344110854503,30,30.952,8690.0,0.3464203233256351,0.24617414917646033,0.3464203233256351,0.0,0.24617414917646033,-0.09990009990009822,COMPLETE
2026-09-03 14:57:44.527,v1.6.9,20260903_033790_WIDE_HIGH_GAP_SHADOW_E025_145643778323,WIDE_HIGH_GAP_SHADOW,033790,피노,2026-09-03 14:56:43.778,8660.0,8668.66,MAIN,MAIN,2026-09-03 14:56:43.721,,,2026-09-03 14:56:43.721,8660.0,,,False,,2026-09-03 14:56:46.931,8670.0,3.209394,0.11547344110854503,0.015457983125421293,0.11547344110854503,60,60.75,8700.0,0.4618937644341801,0.3615322322019799,0.4618937644341801,0.0,0.3615322322019799,-0.09990009990009822,COMPLETE
2026-09-03 14:58:17.527,v1.6.9,20260903_105560_BASE_E012_145746739395,BASE,105560,KB금융,2026-09-03 14:57:46.739,177900.0,178077.9,MAIN,MAIN,2026-09-03 14:57:46.684,2026-09-03 14:57:46.684,177900.0,2026-09-03 14:57:46.684,177900.0,0.0,0.0,False,,2026-09-03 14:57:47.227,178100.0,0.542907,0.11242270938729623,0.012410299088211294,0.11242270938729623,30,30.788,178000.0,0.056211354693648116,-0.04374490040594267,0.16863406408094433,0.0,0.06856549858236526,-0.09990009990009663,COMPLETE
2026-09-03 14:58:22.932,v1.6.9,20260903_267270_WIDE_HIGH_GAP_SHADOW_E008_145322036933,WIDE_HIGH_GAP_SHADOW,267270,HD건설기계,2026-09-03 14:53:22.036,135200.0,135335.19999999998,MAIN,MAIN,2026-09-03 14:53:22.030,,,2026-09-03 14:53:22.030,135200.0,,,False,,2026-09-03 14:53:24.222,135000.0,2.191692,-0.14792899408284024,-0.24768131277005728,0.14792899408284024,300,300.896,135100.0,-0.07396449704142012,-0.17379070633507215,0.14792899408284024,-0.4437869822485207,0.047881112969883274,-0.5432437385099979,COMPLETE
2026-09-03 14:58:44.326,v1.6.9,20260903_033790_WIDE_HIGH_GAP_SHADOW_E025_145643778323,WIDE_HIGH_GAP_SHADOW,033790,피노,2026-09-03 14:56:43.778,8660.0,8668.66,MAIN,MAIN,2026-09-03 14:56:43.721,,,2026-09-03 14:56:43.721,8660.0,,,False,,2026-09-03 14:56:46.931,8670.0,3.209394,0.11547344110854503,0.015457983125421293,0.11547344110854503,120,120.548,8700.0,0.4618937644341801,0.3615322322019799,1.0392609699769053,0.0,0.9383226473295774,-0.09990009990009822,COMPLETE
2026-09-03 14:58:47.926,v1.6.9,20260903_105560_BASE_E012_145746739395,BASE,105560,KB금융,2026-09-03 14:57:46.739,177900.0,178077.9,MAIN,MAIN,2026-09-03 14:57:46.684,2026-09-03 14:57:46.684,177900.0,2026-09-03 14:57:46.684,177900.0,0.0,0.0,False,,2026-09-03 14:57:47.227,178100.0,0.542907,0.11242270938729623,0.012410299088211294,0.11242270938729623,60,61.187,178000.0,0.056211354693648116,-0.04374490040594267,0.16863406408094433,0.0,0.06856549858236526,-0.09990009990009663,COMPLETE
2026-09-03 14:58:52.728,v1.6.9,20260903_008930_WIDE_HIGH_GAP_SHADOW_E041_145351219758,WIDE_HIGH_GAP_SHADOW,008930,한미사이언스,2026-09-03 14:53:51.219,51700.0,51751.7,MAIN,MAIN,2026-09-03 14:53:51.211,,,2026-09-03 14:53:51.211,51700.0,,,False,,2026-09-03 14:53:54.822,51600.0,3.610461,-0.19342359767891684,-0.29313046721169955,0.19342359767891684,300,301.509,51700.0,0.0,-0.09990009990009428,0.19342359767891684,-0.3868471953578337,0.09333026741151096,-0.4863608345233047,COMPLETE
2026-09-03 14:59:21.526,v1.6.9,20260903_006360_WIDE_HIGH_GAP_SHADOW_E004_145851033635,WIDE_HIGH_GAP_SHADOW,006360,GS건설,2026-09-03 14:58:51.033,33900.0,33933.899999999994,MAIN,MAIN,2026-09-03 14:58:51.013,,,2026-09-03 14:58:51.013,33900.0,,,False,,2026-09-03 14:58:51.726,33850.0,0.713437,-0.14749262536873156,-0.2472453799887257,0.14749262536873156,30,30.493,33850.0,-0.14749262536873156,-0.2472453799887257,0.0,-0.2949852507374631,-0.09990009990008276,-0.39459066007736865,COMPLETE
2026-09-03 14:59:44.328,v1.6.9,20260903_033790_WIDE_HIGH_GAP_SHADOW_E025_145643778323,WIDE_HIGH_GAP_SHADOW,033790,피노,2026-09-03 14:56:43.778,8660.0,8668.66,MAIN,MAIN,2026-09-03 14:56:43.721,,,2026-09-03 14:56:43.721,8660.0,,,False,,2026-09-03 14:56:46.931,8670.0,3.209394,0.11547344110854503,0.015457983125421293,0.11547344110854503,180,180.55,8740.0,0.9237875288683602,0.822964564304058,1.0392609699769053,0.0,0.9383226473295774,-0.09990009990009822,COMPLETE
2026-09-03 14:59:48.025,v1.6.9,20260903_105560_BASE_E012_145746739395,BASE,105560,KB금융,2026-09-03 14:57:46.739,177900.0,178077.9,MAIN,MAIN,2026-09-03 14:57:46.684,2026-09-03 14:57:46.684,177900.0,2026-09-03 14:57:46.684,177900.0,0.0,0.0,False,,2026-09-03 14:57:47.227,178100.0,0.542907,0.11242270938729623,0.012410299088211294,0.11242270938729623,120,121.286,178200.0,0.16863406408094433,0.06856549858236526,0.22484541877459246,0.0,0.12472069807651923,-0.09990009990009663,COMPLETE
2026-09-03 14:59:51.626,v1.6.9,20260903_006360_WIDE_HIGH_GAP_SHADOW_E004_145851033635,WIDE_HIGH_GAP_SHADOW,006360,GS건설,2026-09-03 14:58:51.033,33900.0,33933.899999999994,MAIN,MAIN,2026-09-03 14:58:51.013,,,2026-09-03 14:58:51.013,33900.0,,,False,,2026-09-03 14:58:51.726,33850.0,0.713437,-0.14749262536873156,-0.2472453799887257,0.14749262536873156,60,60.592,33900.0,0.0,-0.09990009990008276,0.14749262536873156,-0.2949852507374631,0.047445180188560185,-0.39459066007736865,COMPLETE
2026-09-03 15:00:26.526,v1.6.9,20260903_004710_WIDE_HIGH_GAP_SHADOW_E027_145949877617,WIDE_HIGH_GAP_SHADOW,004710,한솔테크닉스,2026-09-03 14:59:49.877,8570.0,8578.57,MAIN,MAIN,2026-09-03 14:59:49.822,,,2026-09-03 14:59:49.822,8570.0,,,False,,2026-09-03 14:59:50.926,8550.0,1.103722,-0.2333722287047841,-0.3330391895152655,0.2333722287047841,30,36.649,8560.0,-0.11668611435239205,-0.21646964470768099,0.0,-0.2333722287047841,-0.09990009990009652,-0.3330391895152655,COMPLETE
2026-09-03 15:00:47.526,v1.6.9,20260903_105560_BASE_E012_145746739395,BASE,105560,KB금융,2026-09-03 14:57:46.739,177900.0,178077.9,MAIN,MAIN,2026-09-03 14:57:46.684,2026-09-03 14:57:46.684,177900.0,2026-09-03 14:57:46.684,177900.0,0.0,0.0,False,,2026-09-03 14:57:47.227,178100.0,0.542907,0.11242270938729623,0.012410299088211294,0.11242270938729623,180,180.787,178100.0,0.11242270938729623,0.012410299088211294,0.22484541877459246,0.0,0.12472069807651923,-0.09990009990009663,COMPLETE
2026-09-03 15:00:52.726,v1.6.9,20260903_004710_WIDE_HIGH_GAP_SHADOW_E027_145949877617,WIDE_HIGH_GAP_SHADOW,004710,한솔테크닉스,2026-09-03 14:59:49.877,8570.0,8578.57,MAIN,MAIN,2026-09-03 14:59:49.822,,,2026-09-03 14:59:49.822,8570.0,,,False,,2026-09-03 14:59:50.926,8550.0,1.103722,-0.2333722287047841,-0.3330391895152655,0.2333722287047841,60,62.849,8570.0,0.0,-0.09990009990009652,0.0,-0.2333722287047841,-0.09990009990009652,-0.3330391895152655,COMPLETE
2026-09-03 15:00:52.826,v1.6.9,20260903_006360_WIDE_HIGH_GAP_SHADOW_E004_145851033635,WIDE_HIGH_GAP_SHADOW,006360,GS건설,2026-09-03 14:58:51.033,33900.0,33933.899999999994,MAIN,MAIN,2026-09-03 14:58:51.013,,,2026-09-03 14:58:51.013,33900.0,,,False,,2026-09-03 14:58:51.726,33850.0,0.713437,-0.14749262536873156,-0.2472453799887257,0.14749262536873156,120,121.793,33900.0,0.0,-0.09990009990008276,0.14749262536873156,-0.2949852507374631,0.047445180188560185,-0.39459066007736865,COMPLETE
2026-09-03 15:00:52.826,v1.6.9,20260903_006360_WIDE_HIGH_GAP_SHADOW_E005_150020972760,WIDE_HIGH_GAP_SHADOW,006360,GS건설,2026-09-03 15:00:20.972,33900.0,33933.899999999994,MAIN,MAIN,2026-09-03 15:00:20.953,,,2026-09-03 15:00:20.953,33900.0,,,False,,2026-09-03 15:00:22.329,33850.0,1.376261,-0.14749262536873156,-0.2472453799887257,0.14749262536873156,30,31.854,33900.0,0.0,-0.09990009990008276,0.0,-0.14749262536873156,-0.09990009990008276,-0.2472453799887257,COMPLETE
2026-09-03 15:00:53.228,v1.6.9,20260903_388050_WIDE_HIGH_GAP_SHADOW_E011_150020990915,WIDE_HIGH_GAP_SHADOW,388050,지투파워,2026-09-03 15:00:20.990,9910.0,9919.909999999998,MAIN,MAIN,2026-09-03 15:00:20.983,,,2026-09-03 15:00:20.983,9910.0,,,False,,2026-09-03 15:00:21.027,9900.0,0.044087,-0.10090817356205853,-0.2007074660959428,0.10090817356205853,30,32.237,9920.0,0.10090817356205853,0.0009072662957825678,0.30272452068617556,-0.10090817356205853,0.20252199868750795,-0.2007074660959428,COMPLETE
2026-09-03 15:01:21.024,v1.6.9,20260903_006360_WIDE_HIGH_GAP_SHADOW_E005_150020972760,WIDE_HIGH_GAP_SHADOW,006360,GS건설,2026-09-03 15:00:20.972,33900.0,33933.899999999994,MAIN,MAIN,2026-09-03 15:00:20.953,,,2026-09-03 15:00:20.953,33900.0,,,False,,2026-09-03 15:00:22.329,33850.0,1.376261,-0.14749262536873156,-0.2472453799887257,0.14749262536873156,60,60.052,33850.0,-0.14749262536873156,-0.2472453799887257,0.0,-0.14749262536873156,-0.09990009990008276,-0.2472453799887257,COMPLETE
2026-09-03 15:01:21.126,v1.6.9,20260903_388050_WIDE_HIGH_GAP_SHADOW_E011_150020990915,WIDE_HIGH_GAP_SHADOW,388050,지투파워,2026-09-03 15:00:20.990,9910.0,9919.909999999998,MAIN,MAIN,2026-09-03 15:00:20.983,,,2026-09-03 15:00:20.983,9910.0,,,False,,2026-09-03 15:00:21.027,9900.0,0.044087,-0.10090817356205853,-0.2007074660959428,0.10090817356205853,60,60.136,9900.0,-0.10090817356205853,-0.2007074660959428,0.30272452068617556,-0.10090817356205853,0.20252199868750795,-0.2007074660959428,COMPLETE
2026-09-03 15:01:44.952,v1.6.9,20260903_033790_WIDE_HIGH_GAP_SHADOW_E025_145643778323,WIDE_HIGH_GAP_SHADOW,033790,피노,2026-09-03 14:56:43.778,8660.0,8668.66,MAIN,MAIN,2026-09-03 14:56:43.721,,,2026-09-03 14:56:43.721,8660.0,,,False,,2026-09-03 14:56:46.931,8670.0,3.209394,0.11547344110854503,0.015457983125421293,0.11547344110854503,300,301.174,8730.0,0.8083140877598153,0.7076064812785384,1.1547344110854503,0.0,1.053680730355097,-0.09990009990009822,COMPLETE
2026-09-03 15:01:51.845,v1.6.9,20260903_006360_WIDE_HIGH_GAP_SHADOW_E004_145851033635,WIDE_HIGH_GAP_SHADOW,006360,GS건설,2026-09-03 14:58:51.033,33900.0,33933.899999999994,MAIN,MAIN,2026-09-03 14:58:51.013,,,2026-09-03 14:58:51.013,33900.0,,,False,,2026-09-03 14:58:51.726,33850.0,0.713437,-0.14749262536873156,-0.2472453799887257,0.14749262536873156,180,180.811,33850.0,-0.14749262536873156,-0.2472453799887257,0.14749262536873156,-0.2949852507374631,0.047445180188560185,-0.39459066007736865,COMPLETE
2026-09-03 15:01:52.326,v1.6.9,20260903_004710_WIDE_HIGH_GAP_SHADOW_E027_145949877617,WIDE_HIGH_GAP_SHADOW,004710,한솔테크닉스,2026-09-03 14:59:49.877,8570.0,8578.57,MAIN,MAIN,2026-09-03 14:59:49.822,,,2026-09-03 14:59:49.822,8570.0,,,False,,2026-09-03 14:59:50.926,8550.0,1.103722,-0.2333722287047841,-0.3330391895152655,0.2333722287047841,120,122.449,8530.0,-0.4667444574095682,-0.5661782791304345,0.0,-0.4667444574095682,-0.09990009990009652,-0.5661782791304345,COMPLETE
2026-09-03 15:02:21.925,v1.6.9,20260903_006360_WIDE_HIGH_GAP_SHADOW_E005_150020972760,WIDE_HIGH_GAP_SHADOW,006360,GS건설,2026-09-03 15:00:20.972,33900.0,33933.899999999994,MAIN,MAIN,2026-09-03 15:00:20.953,,,2026-09-03 15:00:20.953,33900.0,,,False,,2026-09-03 15:00:22.329,33850.0,1.376261,-0.14749262536873156,-0.2472453799887257,0.14749262536873156,120,120.952,33900.0,0.0,-0.09990009990008276,0.0,-0.14749262536873156,-0.09990009990008276,-0.2472453799887257,COMPLETE
2026-09-03 15:02:22.723,v1.6.9,20260903_388050_WIDE_HIGH_GAP_SHADOW_E011_150020990915,WIDE_HIGH_GAP_SHADOW,388050,지투파워,2026-09-03 15:00:20.990,9910.0,9919.909999999998,MAIN,MAIN,2026-09-03 15:00:20.983,,,2026-09-03 15:00:20.983,9910.0,,,False,,2026-09-03 15:00:21.027,9900.0,0.044087,-0.10090817356205853,-0.2007074660959428,0.10090817356205853,120,121.733,9880.0,-0.30272452068617556,-0.40232219848766815,0.30272452068617556,-0.4036326942482341,0.20252199868750795,-0.5031295646835309,COMPLETE
2026-09-03 15:02:47.823,v1.6.9,20260903_105560_BASE_E012_145746739395,BASE,105560,KB금융,2026-09-03 14:57:46.739,177900.0,178077.9,MAIN,MAIN,2026-09-03 14:57:46.684,2026-09-03 14:57:46.684,177900.0,2026-09-03 14:57:46.684,177900.0,0.0,0.0,False,,2026-09-03 14:57:47.227,178100.0,0.542907,0.11242270938729623,0.012410299088211294,0.11242270938729623,300,301.084,178200.0,0.16863406408094433,0.06856549858236526,0.22484541877459246,0.0,0.12472069807651923,-0.09990009990009663,COMPLETE
2026-09-03 15:02:49.924,v1.6.9,20260903_004710_WIDE_HIGH_GAP_SHADOW_E027_145949877617,WIDE_HIGH_GAP_SHADOW,004710,한솔테크닉스,2026-09-03 14:59:49.877,8570.0,8578.57,MAIN,MAIN,2026-09-03 14:59:49.822,,,2026-09-03 14:59:49.822,8570.0,,,False,,2026-09-03 14:59:50.926,8550.0,1.103722,-0.2333722287047841,-0.3330391895152655,0.2333722287047841,180,180.047,8510.0,-0.7001166861143524,-0.7993173687456034,0.0,-0.7001166861143524,-0.09990009990009652,-0.7993173687456034,COMPLETE
2026-09-03 15:03:21.622,v1.6.9,20260903_388050_WIDE_HIGH_GAP_SHADOW_E011_150020990915,WIDE_HIGH_GAP_SHADOW,388050,지투파워,2026-09-03 15:00:20.990,9910.0,9919.909999999998,MAIN,MAIN,2026-09-03 15:00:20.983,,,2026-09-03 15:00:20.983,9910.0,,,False,,2026-09-03 15:00:21.027,9900.0,0.044087,-0.10090817356205853,-0.2007074660959428,0.10090817356205853,180,180.632,9870.0,-0.4036326942482341,-0.5031295646835309,0.30272452068617556,-0.4036326942482341,0.20252199868750795,-0.5031295646835309,COMPLETE
2026-09-03 15:03:22.023,v1.6.9,20260903_006360_WIDE_HIGH_GAP_SHADOW_E005_150020972760,WIDE_HIGH_GAP_SHADOW,006360,GS건설,2026-09-03 15:00:20.972,33900.0,33933.899999999994,MAIN,MAIN,2026-09-03 15:00:20.953,,,2026-09-03 15:00:20.953,33900.0,,,False,,2026-09-03 15:00:22.329,33850.0,1.376261,-0.14749262536873156,-0.2472453799887257,0.14749262536873156,180,181.051,33800.0,-0.2949852507374631,-0.39459066007736865,0.0,-0.4424778761061947,-0.09990009990008276,-0.5419359401660117,COMPLETE
2026-09-03 15:03:51.050,v1.6.9,20260903_006360_WIDE_HIGH_GAP_SHADOW_E004_145851033635,WIDE_HIGH_GAP_SHADOW,006360,GS건설,2026-09-03 14:58:51.033,33900.0,33933.899999999994,MAIN,MAIN,2026-09-03 14:58:51.013,,,2026-09-03 14:58:51.013,33900.0,,,False,,2026-09-03 14:58:51.726,33850.0,0.713437,-0.14749262536873156,-0.2472453799887257,0.14749262536873156,300,300.017,33800.0,-0.2949852507374631,-0.39459066007736865,0.14749262536873156,-0.4424778761061947,0.047445180188560185,-0.5419359401660117,COMPLETE
2026-09-03 15:03:55.522,v1.6.9,20260903_006360_WIDE_HIGH_GAP_SHADOW_E006_150324306447,WIDE_HIGH_GAP_SHADOW,006360,GS건설,2026-09-03 15:03:24.306,33750.0,33783.74999999999,MAIN,MAIN,2026-09-03 15:03:24.298,,,2026-09-03 15:03:24.298,33750.0,,,False,,2026-09-03 15:03:24.822,33750.0,0.52379,0.0,-0.09990009990007839,0.0,30,31.216,33800.0,0.14814814814814814,0.048100048100069646,0.14814814814814814,0.0,0.048100048100069646,-0.09990009990007839,COMPLETE
2026-09-03 15:04:25.522,v1.6.9,20260903_006360_WIDE_HIGH_GAP_SHADOW_E006_150324306447,WIDE_HIGH_GAP_SHADOW,006360,GS건설,2026-09-03 15:03:24.306,33750.0,33783.74999999999,MAIN,MAIN,2026-09-03 15:03:24.298,,,2026-09-03 15:03:24.298,33750.0,,,False,,2026-09-03 15:03:24.822,33750.0,0.52379,0.0,-0.09990009990007839,0.0,60,61.216,33900.0,0.4444444444444444,0.3441003441003657,0.4444444444444444,0.0,0.3441003441003657,-0.09990009990007839,COMPLETE
2026-09-03 15:04:50.721,v1.6.9,20260903_004710_WIDE_HIGH_GAP_SHADOW_E027_145949877617,WIDE_HIGH_GAP_SHADOW,004710,한솔테크닉스,2026-09-03 14:59:49.877,8570.0,8578.57,MAIN,MAIN,2026-09-03 14:59:49.822,,,2026-09-03 14:59:49.822,8570.0,,,False,,2026-09-03 14:59:50.926,8550.0,1.103722,-0.2333722287047841,-0.3330391895152655,0.2333722287047841,300,300.844,8560.0,-0.11668611435239205,-0.21646964470768099,0.0,-0.7001166861143524,-0.09990009990009652,-0.7993173687456034,COMPLETE
2026-09-03 15:05:21.621,v1.6.9,20260903_006360_WIDE_HIGH_GAP_SHADOW_E005_150020972760,WIDE_HIGH_GAP_SHADOW,006360,GS건설,2026-09-03 15:00:20.972,33900.0,33933.899999999994,MAIN,MAIN,2026-09-03 15:00:20.953,,,2026-09-03 15:00:20.953,33900.0,,,False,,2026-09-03 15:00:22.329,33850.0,1.376261,-0.14749262536873156,-0.2472453799887257,0.14749262536873156,300,300.648,33800.0,-0.2949852507374631,-0.39459066007736865,0.14749262536873156,-0.4424778761061947,0.047445180188560185,-0.5419359401660117,COMPLETE
2026-09-03 15:05:23.722,v1.6.9,20260903_388050_WIDE_HIGH_GAP_SHADOW_E011_150020990915,WIDE_HIGH_GAP_SHADOW,388050,지투파워,2026-09-03 15:00:20.990,9910.0,9919.909999999998,MAIN,MAIN,2026-09-03 15:00:20.983,,,2026-09-03 15:00:20.983,9910.0,,,False,,2026-09-03 15:00:21.027,9900.0,0.044087,-0.10090817356205853,-0.2007074660959428,0.10090817356205853,300,302.731,9860.0,-0.5045408678102926,-0.6039369308793935,0.30272452068617556,-0.5045408678102926,0.20252199868750795,-0.6039369308793935,COMPLETE
2026-09-03 15:05:24.322,v1.6.9,20260903_006360_WIDE_HIGH_GAP_SHADOW_E006_150324306447,WIDE_HIGH_GAP_SHADOW,006360,GS건설,2026-09-03 15:03:24.306,33750.0,33783.74999999999,MAIN,MAIN,2026-09-03 15:03:24.298,,,2026-09-03 15:03:24.298,33750.0,,,False,,2026-09-03 15:03:24.822,33750.0,0.52379,0.0,-0.09990009990007839,0.0,120,120.016,33800.0,0.14814814814814814,0.048100048100069646,0.5925925925925926,0.0,0.4921004921005137,-0.09990009990007839,COMPLETE
2026-09-03 15:05:31.222,v1.6.9,20260903_006360_WIDE_HIGH_GAP_SHADOW_E007_150459609299,WIDE_HIGH_GAP_SHADOW,006360,GS건설,2026-09-03 15:04:59.609,33850.0,33883.85,MAIN,MAIN,2026-09-03 15:04:59.578,,,2026-09-03 15:04:59.578,33850.0,,,False,,2026-09-03 15:05:00.722,33850.0,1.143949,0.0,-0.0999000999000956,0.0,30,31.613,33800.0,-0.14771048744460857,-0.24746302442018409,0.0,-0.14771048744460857,-0.0999000999000956,-0.24746302442018409,COMPLETE
2026-09-03 15:06:02.323,v1.6.9,20260903_006360_WIDE_HIGH_GAP_SHADOW_E007_150459609299,WIDE_HIGH_GAP_SHADOW,006360,GS건설,2026-09-03 15:04:59.609,33850.0,33883.85,MAIN,MAIN,2026-09-03 15:04:59.578,,,2026-09-03 15:04:59.578,33850.0,,,False,,2026-09-03 15:05:00.722,33850.0,1.143949,0.0,-0.0999000999000956,0.0,60,62.714,33750.0,-0.29542097488921715,-0.3950259489402726,0.0,-0.29542097488921715,-0.0999000999000956,-0.3950259489402726,COMPLETE
2026-09-03 15:06:24.520,v1.6.9,20260903_006360_WIDE_HIGH_GAP_SHADOW_E006_150324306447,WIDE_HIGH_GAP_SHADOW,006360,GS건설,2026-09-03 15:03:24.306,33750.0,33783.74999999999,MAIN,MAIN,2026-09-03 15:03:24.298,,,2026-09-03 15:03:24.298,33750.0,,,False,,2026-09-03 15:03:24.822,33750.0,0.52379,0.0,-0.09990009990007839,0.0,180,180.214,33750.0,0.0,-0.09990009990007839,0.5925925925925926,0.0,0.4921004921005137,-0.09990009990007839,COMPLETE
2026-09-03 15:06:59.720,v1.6.9,20260903_006360_WIDE_HIGH_GAP_SHADOW_E007_150459609299,WIDE_HIGH_GAP_SHADOW,006360,GS건설,2026-09-03 15:04:59.609,33850.0,33883.85,MAIN,MAIN,2026-09-03 15:04:59.578,,,2026-09-03 15:04:59.578,33850.0,,,False,,2026-09-03 15:05:00.722,33850.0,1.143949,0.0,-0.0999000999000956,0.0,120,120.111,33800.0,-0.14771048744460857,-0.24746302442018409,0.0,-0.4431314623338257,-0.0999000999000956,-0.5425888734603611,COMPLETE
2026-09-03 15:08:00.420,v1.6.9,20260903_006360_WIDE_HIGH_GAP_SHADOW_E007_150459609299,WIDE_HIGH_GAP_SHADOW,006360,GS건설,2026-09-03 15:04:59.609,33850.0,33883.85,MAIN,MAIN,2026-09-03 15:04:59.578,,,2026-09-03 15:04:59.578,33850.0,,,False,,2026-09-03 15:05:00.722,33850.0,1.143949,0.0,-0.0999000999000956,0.0,180,180.811,33750.0,-0.29542097488921715,-0.3950259489402726,0.0,-0.4431314623338257,-0.0999000999000956,-0.5425888734603611,COMPLETE
2026-09-03 15:08:24.418,v1.6.9,20260903_006360_WIDE_HIGH_GAP_SHADOW_E006_150324306447,WIDE_HIGH_GAP_SHADOW,006360,GS건설,2026-09-03 15:03:24.306,33750.0,33783.74999999999,MAIN,MAIN,2026-09-03 15:03:24.298,,,2026-09-03 15:03:24.298,33750.0,,,False,,2026-09-03 15:03:24.822,33750.0,0.52379,0.0,-0.09990009990007839,0.0,300,300.112,33750.0,0.0,-0.09990009990007839,0.5925925925925926,-0.14814814814814814,0.4921004921005137,-0.2479002479002264,COMPLETE
2026-09-03 15:10:00.229,v1.6.9,20260903_006360_WIDE_HIGH_GAP_SHADOW_E007_150459609299,WIDE_HIGH_GAP_SHADOW,006360,GS건설,2026-09-03 15:04:59.609,33850.0,33883.85,MAIN,MAIN,2026-09-03 15:04:59.578,,,2026-09-03 15:04:59.578,33850.0,,,False,,2026-09-03 15:05:00.722,33850.0,1.143949,0.0,-0.0999000999000956,0.0,300,300.621,33800.0,-0.14771048744460857,-0.24746302442018409,0.0,-0.4431314623338257,-0.0999000999000956,-0.5425888734603611,COMPLETE
2026-09-03 15:12:36.316,v1.6.9,20260903_000720_WIDE_HIGH_GAP_SHADOW_E006_151205750827,WIDE_HIGH_GAP_SHADOW,000720,현대건설,2026-09-03 15:12:05.750,119300.0,119419.29999999999,MAIN,MAIN,2026-09-03 15:12:05.718,,,2026-09-03 15:12:05.718,119300.0,,,False,,2026-09-03 15:12:06.216,119500.0,0.497995,0.16764459346186086,0.0675770164454252,0.16764459346186086,30,30.565,119600.0,0.2514668901927913,0.15131557461818287,0.3352891869237217,0.0,0.23505413279094056,-0.09990009990009016,COMPLETE
2026-09-03 15:13:06.416,v1.6.9,20260903_000720_WIDE_HIGH_GAP_SHADOW_E006_151205750827,WIDE_HIGH_GAP_SHADOW,000720,현대건설,2026-09-03 15:12:05.750,119300.0,119419.29999999999,MAIN,MAIN,2026-09-03 15:12:05.718,,,2026-09-03 15:12:05.718,119300.0,,,False,,2026-09-03 15:12:06.216,119500.0,0.497995,0.16764459346186086,0.0675770164454252,0.16764459346186086,60,60.666,119700.0,0.3352891869237217,0.23505413279094056,0.4191114836546521,0.0,0.3187926909636982,-0.09990009990009016,COMPLETE
2026-09-03 15:13:35.317,v1.6.9,20260903_031980_WIDE_HIGH_GAP_SHADOW_E001_151304690676,WIDE_HIGH_GAP_SHADOW,031980,피에스케이홀딩스,2026-09-03 15:13:04.690,129900.0,130029.89999999998,MAIN,MAIN,2026-09-03 15:13:04.668,,,2026-09-03 15:13:04.668,129900.0,,,False,,2026-09-03 15:13:05.515,129900.0,0.847366,0.0,-0.09990009990008425,0.0,30,30.627,129900.0,0.0,-0.09990009990008425,0.07698229407236336,-0.23094688221709006,-0.02299471121640456,-0.3306162659511233,COMPLETE
2026-09-03 15:14:04.916,v1.6.9,20260903_031980_WIDE_HIGH_GAP_SHADOW_E001_151304690676,WIDE_HIGH_GAP_SHADOW,031980,피에스케이홀딩스,2026-09-03 15:13:04.690,129900.0,130029.89999999998,MAIN,MAIN,2026-09-03 15:13:04.668,,,2026-09-03 15:13:04.668,129900.0,,,False,,2026-09-03 15:13:05.515,129900.0,0.847366,0.0,-0.09990009990008425,0.0,60,60.225,129500.0,-0.30792917628945343,-0.407521654634803,0.07698229407236336,-0.30792917628945343,-0.02299471121640456,-0.407521654634803,COMPLETE
2026-09-03 15:14:06.115,v1.6.9,20260903_000720_WIDE_HIGH_GAP_SHADOW_E006_151205750827,WIDE_HIGH_GAP_SHADOW,000720,현대건설,2026-09-03 15:12:05.750,119300.0,119419.29999999999,MAIN,MAIN,2026-09-03 15:12:05.718,,,2026-09-03 15:12:05.718,119300.0,,,False,,2026-09-03 15:12:06.216,119500.0,0.497995,0.16764459346186086,0.0675770164454252,0.16764459346186086,120,120.364,119600.0,0.2514668901927913,0.15131557461818287,0.4191114836546521,0.0,0.3187926909636982,-0.09990009990009016,COMPLETE
2026-09-03 15:14:38.316,v1.6.9,20260903_082920_WIDE_HIGH_GAP_SHADOW_E001_151407518576,WIDE_HIGH_GAP_SHADOW,082920,비츠로셀,2026-09-03 15:14:07.518,28300.0,28328.299999999996,MAIN,MAIN,2026-09-03 15:14:07.485,,,2026-09-03 15:14:07.485,28300.0,,,False,,2026-09-03 15:14:08.014,28300.0,0.529198,0.0,-0.0999000999000845,0.0,30,30.798,28450.0,0.5300353356890459,0.42960572995910234,0.7067137809187279,-0.17667844522968199,0.606107673245498,-0.2764020431864801,COMPLETE
2026-09-03 15:15:05.420,v1.6.9,20260903_031980_WIDE_HIGH_GAP_SHADOW_E001_151304690676,WIDE_HIGH_GAP_SHADOW,031980,피에스케이홀딩스,2026-09-03 15:13:04.690,129900.0,130029.89999999998,MAIN,MAIN,2026-09-03 15:13:04.668,,,2026-09-03 15:13:04.668,129900.0,,,False,,2026-09-03 15:13:05.515,129900.0,0.847366,0.0,-0.09990009990008425,0.0,120,120.729,129900.0,0.0,-0.09990009990008425,0.07698229407236336,-0.4618937644341801,-0.02299471121640456,-0.5613324320021624,COMPLETE
2026-09-03 15:15:05.923,v1.6.9,20260903_000720_WIDE_HIGH_GAP_SHADOW_E006_151205750827,WIDE_HIGH_GAP_SHADOW,000720,현대건설,2026-09-03 15:12:05.750,119300.0,119419.29999999999,MAIN,MAIN,2026-09-03 15:12:05.718,,,2026-09-03 15:12:05.718,119300.0,,,False,,2026-09-03 15:12:06.216,119500.0,0.497995,0.16764459346186086,0.0675770164454252,0.16764459346186086,180,180.173,119500.0,0.16764459346186086,0.0675770164454252,0.4191114836546521,0.0,0.3187926909636982,-0.09990009990009016,COMPLETE
2026-09-03 15:15:07.961,v1.6.9,20260903_082920_WIDE_HIGH_GAP_SHADOW_E001_151407518576,WIDE_HIGH_GAP_SHADOW,082920,비츠로셀,2026-09-03 15:14:07.518,28300.0,28328.299999999996,MAIN,MAIN,2026-09-03 15:14:07.485,,,2026-09-03 15:14:07.485,28300.0,,,False,,2026-09-03 15:14:08.014,28300.0,0.529198,0.0,-0.0999000999000845,0.0,60,60.443,28350.0,0.17667844522968199,0.07660184338631111,0.88339222614841,-0.17667844522968199,0.7826096165318935,-0.2764020431864801,COMPLETE
2026-09-03 15:15:38.012,v1.6.9,20260903_000720_WIDE_HIGH_GAP_SHADOW_E007_151507864582,WIDE_HIGH_GAP_SHADOW,000720,현대건설,2026-09-03 15:15:07.864,119500.0,119619.49999999999,MAIN,MAIN,2026-09-03 15:15:07.842,,,2026-09-03 15:15:07.842,119500.0,,,False,,2026-09-03 15:15:07.960,119600.0,0.117014,0.08368200836820083,-0.016301689941845145,0.08368200836820083,30,30.148,119500.0,0.0,-0.09990009990008776,0.16736401673640167,-0.08368200836820083,0.06729672001639746,-0.18349850985833036,COMPLETE
2026-09-03 15:16:06.614,v1.6.9,20260903_031980_WIDE_HIGH_GAP_SHADOW_E001_151304690676,WIDE_HIGH_GAP_SHADOW,031980,피에스케이홀딩스,2026-09-03 15:13:04.690,129900.0,130029.89999999998,MAIN,MAIN,2026-09-03 15:13:04.668,,,2026-09-03 15:13:04.668,129900.0,,,False,,2026-09-03 15:13:05.515,129900.0,0.847366,0.0,-0.09990009990008425,0.0,180,181.924,129800.0,-0.07698229407236336,-0.17680548858376394,0.07698229407236336,-0.4618937644341801,-0.02299471121640456,-0.5613324320021624,COMPLETE
2026-09-03 15:16:08.015,v1.6.9,20260903_000720_WIDE_HIGH_GAP_SHADOW_E007_151507864582,WIDE_HIGH_GAP_SHADOW,000720,현대건설,2026-09-03 15:15:07.864,119500.0,119619.49999999999,MAIN,MAIN,2026-09-03 15:15:07.842,,,2026-09-03 15:15:07.842,119500.0,,,False,,2026-09-03 15:15:07.960,119600.0,0.117014,0.08368200836820083,-0.016301689941845145,0.08368200836820083,60,60.151,119700.0,0.16736401673640167,0.06729672001639746,0.16736401673640167,-0.08368200836820083,0.06729672001639746,-0.18349850985833036,COMPLETE
2026-09-03 15:16:08.937,v1.6.9,20260903_082920_WIDE_HIGH_GAP_SHADOW_E001_151407518576,WIDE_HIGH_GAP_SHADOW,082920,비츠로셀,2026-09-03 15:14:07.518,28300.0,28328.299999999996,MAIN,MAIN,2026-09-03 15:14:07.485,,,2026-09-03 15:14:07.485,28300.0,,,False,,2026-09-03 15:14:08.014,28300.0,0.529198,0.0,-0.0999000999000845,0.0,120,121.419,28400.0,0.35335689045936397,0.2531037866727067,0.88339222614841,-0.17667844522968199,0.7826096165318935,-0.2764020431864801,COMPLETE
2026-09-03 15:17:07.433,v1.6.9,20260903_000720_WIDE_HIGH_GAP_SHADOW_E006_151205750827,WIDE_HIGH_GAP_SHADOW,000720,현대건설,2026-09-03 15:12:05.750,119300.0,119419.29999999999,MAIN,MAIN,2026-09-03 15:12:05.718,,,2026-09-03 15:12:05.718,119300.0,,,False,,2026-09-03 15:12:06.216,119500.0,0.497995,0.16764459346186086,0.0675770164454252,0.16764459346186086,300,301.683,119500.0,0.16764459346186086,0.0675770164454252,0.4191114836546521,0.0,0.3187926909636982,-0.09990009990009016,COMPLETE
2026-09-03 15:17:08.011,v1.6.9,20260903_000720_WIDE_HIGH_GAP_SHADOW_E007_151507864582,WIDE_HIGH_GAP_SHADOW,000720,현대건설,2026-09-03 15:15:07.864,119500.0,119619.49999999999,MAIN,MAIN,2026-09-03 15:15:07.842,,,2026-09-03 15:15:07.842,119500.0,,,False,,2026-09-03 15:15:07.960,119600.0,0.117014,0.08368200836820083,-0.016301689941845145,0.08368200836820083,120,120.147,119500.0,0.0,-0.09990009990008776,0.16736401673640167,-0.08368200836820083,0.06729672001639746,-0.18349850985833036,COMPLETE
2026-09-03 15:17:08.921,v1.6.9,20260903_082920_WIDE_HIGH_GAP_SHADOW_E001_151407518576,WIDE_HIGH_GAP_SHADOW,082920,비츠로셀,2026-09-03 15:14:07.518,28300.0,28328.299999999996,MAIN,MAIN,2026-09-03 15:14:07.485,,,2026-09-03 15:14:07.485,28300.0,,,False,,2026-09-03 15:14:08.014,28300.0,0.529198,0.0,-0.0999000999000845,0.0,180,181.403,28450.0,0.5300353356890459,0.42960572995910234,0.88339222614841,-0.17667844522968199,0.7826096165318935,-0.2764020431864801,COMPLETE
2026-09-03 15:17:12.213,v1.6.9,20260903_000720_WIDE_HIGH_GAP_SHADOW_E008_151641370351,WIDE_HIGH_GAP_SHADOW,000720,현대건설,2026-09-03 15:16:41.370,119500.0,119619.49999999999,MAIN,MAIN,2026-09-03 15:16:41.352,,,2026-09-03 15:16:41.352,119500.0,,,False,,2026-09-03 15:16:43.023,119500.0,1.670539,0.0,-0.09990009990008776,0.0,30,30.843,119500.0,0.0,-0.09990009990008776,0.16736401673640167,0.0,0.06729672001639746,-0.09990009990008776,COMPLETE
2026-09-03 15:17:42.920,v1.6.9,20260903_000720_WIDE_HIGH_GAP_SHADOW_E008_151641370351,WIDE_HIGH_GAP_SHADOW,000720,현대건설,2026-09-03 15:16:41.370,119500.0,119619.49999999999,MAIN,MAIN,2026-09-03 15:16:41.352,,,2026-09-03 15:16:41.352,119500.0,,,False,,2026-09-03 15:16:43.023,119500.0,1.670539,0.0,-0.09990009990008776,0.0,60,61.55,119500.0,0.0,-0.09990009990008776,0.16736401673640167,-0.08368200836820083,0.06729672001639746,-0.18349850985833036,COMPLETE
2026-09-03 15:18:05.320,v1.6.9,20260903_031980_WIDE_HIGH_GAP_SHADOW_E001_151304690676,WIDE_HIGH_GAP_SHADOW,031980,피에스케이홀딩스,2026-09-03 15:13:04.690,129900.0,130029.89999999998,MAIN,MAIN,2026-09-03 15:13:04.668,,,2026-09-03 15:13:04.668,129900.0,,,False,,2026-09-03 15:13:05.515,129900.0,0.847366,0.0,-0.09990009990008425,0.0,300,300.63,130400.0,0.3849114703618168,0.2846268435183142,0.5388760585065435,-0.4618937644341801,0.43843762088567356,-0.5613324320021624,COMPLETE
2026-09-03 15:18:10.810,v1.6.9,20260903_000720_WIDE_HIGH_GAP_SHADOW_E007_151507864582,WIDE_HIGH_GAP_SHADOW,000720,현대건설,2026-09-03 15:15:07.864,119500.0,119619.49999999999,MAIN,MAIN,2026-09-03 15:15:07.842,,,2026-09-03 15:15:07.842,119500.0,,,False,,2026-09-03 15:15:07.960,119600.0,0.117014,0.08368200836820083,-0.016301689941845145,0.08368200836820083,180,182.945,119500.0,0.0,-0.09990009990008776,0.16736401673640167,-0.08368200836820083,0.06729672001639746,-0.18349850985833036,COMPLETE
2026-09-03 15:18:14.610,v1.6.9,20260903_082920_WIDE_HIGH_GAP_SHADOW_E002_151743833760,WIDE_HIGH_GAP_SHADOW,082920,비츠로셀,2026-09-03 15:17:43.833,28300.0,28328.299999999996,MAIN,MAIN,2026-09-03 15:17:43.807,,,2026-09-03 15:17:43.807,28300.0,,,False,,2026-09-03 15:17:44.212,28300.0,0.404882,0.0,-0.0999000999000845,0.0,30,30.777,28300.0,0.0,-0.0999000999000845,0.0,-0.35335689045936397,-0.0999000999000845,-0.4529039864728758,COMPLETE
2026-09-03 15:18:43.320,v1.6.9,20260903_000720_WIDE_HIGH_GAP_SHADOW_E008_151641370351,WIDE_HIGH_GAP_SHADOW,000720,현대건설,2026-09-03 15:16:41.370,119500.0,119619.49999999999,MAIN,MAIN,2026-09-03 15:16:41.352,,,2026-09-03 15:16:41.352,119500.0,,,False,,2026-09-03 15:16:43.023,119500.0,1.670539,0.0,-0.09990009990008776,0.0,120,121.95,119400.0,-0.08368200836820083,-0.18349850985833036,0.16736401673640167,-0.08368200836820083,0.06729672001639746,-0.18349850985833036,COMPLETE
2026-09-03 15:18:44.909,v1.6.9,20260903_000720_WIDE_HIGH_GAP_SHADOW_E009_151814771401,WIDE_HIGH_GAP_SHADOW,000720,현대건설,2026-09-03 15:18:14.771,119500.0,119619.49999999999,MAIN,MAIN,2026-09-03 15:18:14.740,,,2026-09-03 15:18:14.740,119500.0,,,False,,2026-09-03 15:18:15.959,119400.0,1.218933,-0.08368200836820083,-0.18349850985833036,0.08368200836820083,30,30.138,119500.0,0.0,-0.09990009990008776,0.0,-0.08368200836820083,-0.09990009990008776,-0.18349850985833036,COMPLETE
2026-09-03 15:18:45.823,v1.6.9,20260903_082920_WIDE_HIGH_GAP_SHADOW_E002_151743833760,WIDE_HIGH_GAP_SHADOW,082920,비츠로셀,2026-09-03 15:17:43.833,28300.0,28328.299999999996,MAIN,MAIN,2026-09-03 15:17:43.807,,,2026-09-03 15:17:43.807,28300.0,,,False,,2026-09-03 15:17:44.212,28300.0,0.404882,0.0,-0.0999000999000845,0.0,60,61.99,28350.0,0.17667844522968199,0.07660184338631111,0.17667844522968199,-0.35335689045936397,0.07660184338631111,-0.4529039864728758,COMPLETE
2026-09-03 15:19:07.610,v1.6.9,20260903_082920_WIDE_HIGH_GAP_SHADOW_E001_151407518576,WIDE_HIGH_GAP_SHADOW,082920,비츠로셀,2026-09-03 15:14:07.518,28300.0,28328.299999999996,MAIN,MAIN,2026-09-03 15:14:07.485,,,2026-09-03 15:14:07.485,28300.0,,,False,,2026-09-03 15:14:08.014,28300.0,0.529198,0.0,-0.0999000999000845,0.0,300,300.092,28400.0,0.35335689045936397,0.2531037866727067,0.88339222614841,-0.35335689045936397,0.7826096165318935,-0.4529039864728758,COMPLETE
2026-09-03 15:19:14.918,v1.6.9,20260903_000720_WIDE_HIGH_GAP_SHADOW_E009_151814771401,WIDE_HIGH_GAP_SHADOW,000720,현대건설,2026-09-03 15:18:14.771,119500.0,119619.49999999999,MAIN,MAIN,2026-09-03 15:18:14.740,,,2026-09-03 15:18:14.740,119500.0,,,False,,2026-09-03 15:18:15.959,119400.0,1.218933,-0.08368200836820083,-0.18349850985833036,0.08368200836820083,60,60.147,119500.0,0.0,-0.09990009990008776,0.08368200836820083,-0.16736401673640167,-0.016301689941845145,-0.26709691981657296,COMPLETE
2026-09-03 15:19:16.620,v1.6.9,20260903_031980_WIDE_HIGH_GAP_SHADOW_E002_151845788133,WIDE_HIGH_GAP_SHADOW,031980,피에스케이홀딩스,2026-09-03 15:18:45.788,129900.0,130029.89999999998,MAIN,MAIN,2026-09-03 15:18:45.768,,,2026-09-03 15:18:45.768,129900.0,,,False,,2026-09-03 15:18:45.820,129900.0,0.052156,0.0,-0.09990009990008425,0.0,30,30.832,130300.0,0.30792917628945343,0.2077214548346345,0.30792917628945343,-0.07698229407236336,0.2077214548346345,-0.17680548858376394,COMPLETE
2026-09-03 15:19:17.323,v1.6.9,20260903_008930_WIDE_HIGH_GAP_SHADOW_E042_151845732276,WIDE_HIGH_GAP_SHADOW,008930,한미사이언스,2026-09-03 15:18:45.732,51600.0,51651.59999999999,MAIN,MAIN,2026-09-03 15:18:45.720,,,2026-09-03 15:18:45.720,51600.0,,,False,,2026-09-03 15:18:49.031,51550.0,3.311185,-0.09689922480620156,-0.19670252228390075,0.09689922480620156,30,31.591,51500.0,-0.1937984496124031,-0.29350494466771854,0.0,-0.5813953488372093,-0.09990009990008301,-0.6807146342029895,COMPLETE
2026-09-03 15:19:42.418,v1.6.9,20260903_000720_WIDE_HIGH_GAP_SHADOW_E008_151641370351,WIDE_HIGH_GAP_SHADOW,000720,현대건설,2026-09-03 15:16:41.370,119500.0,119619.49999999999,MAIN,MAIN,2026-09-03 15:16:41.352,,,2026-09-03 15:16:41.352,119500.0,,,False,,2026-09-03 15:16:43.023,119500.0,1.670539,0.0,-0.09990009990008776,0.0,180,181.048,119500.0,0.0,-0.09990009990008776,0.16736401673640167,-0.16736401673640167,0.06729672001639746,-0.26709691981657296,COMPLETE
2026-09-03 15:19:44.020,v1.6.9,20260903_082920_WIDE_HIGH_GAP_SHADOW_E002_151743833760,WIDE_HIGH_GAP_SHADOW,082920,비츠로셀,2026-09-03 15:17:43.833,28300.0,28328.299999999996,MAIN,MAIN,2026-09-03 15:17:43.807,,,2026-09-03 15:17:43.807,28300.0,,,False,,2026-09-03 15:17:44.212,28300.0,0.404882,0.0,-0.0999000999000845,0.0,120,120.187,28500.0,0.7067137809187279,0.606107673245498,0.88339222614841,-0.35335689045936397,0.7826096165318935,-0.4529039864728758,COMPLETE
2026-09-03 15:19:45.923,v1.6.9,20260903_008930_WIDE_HIGH_GAP_SHADOW_E042_151845732276,WIDE_HIGH_GAP_SHADOW,008930,한미사이언스,2026-09-03 15:18:45.732,51600.0,51651.59999999999,MAIN,MAIN,2026-09-03 15:18:45.720,,,2026-09-03 15:18:45.720,51600.0,,,False,,2026-09-03 15:18:49.031,51550.0,3.311185,-0.09689922480620156,-0.19670252228390075,0.09689922480620156,60,60.192,51400.0,-0.3875968992248062,-0.48710978943535405,0.0,-0.5813953488372093,-0.09990009990008301,-0.6807146342029895,COMPLETE
2026-09-03 15:19:46.819,v1.6.9,20260903_031980_WIDE_HIGH_GAP_SHADOW_E002_151845788133,WIDE_HIGH_GAP_SHADOW,031980,피에스케이홀딩스,2026-09-03 15:18:45.788,129900.0,130029.89999999998,MAIN,MAIN,2026-09-03 15:18:45.768,,,2026-09-03 15:18:45.768,129900.0,,,False,,2026-09-03 15:18:45.820,129900.0,0.052156,0.0,-0.09990009990008425,0.0,60,61.032,129900.0,0.0,-0.09990009990008425,0.6158583525789069,-0.07698229407236336,0.5153430095693533,-0.17680548858376394,COMPLETE
2026-09-03 15:19:51.219,v1.6.9,20260903_004710_WIDE_HIGH_GAP_SHADOW_E028_151918377442,WIDE_HIGH_GAP_SHADOW,004710,한솔테크닉스,2026-09-03 15:19:18.377,8460.0,8468.46,MAIN,MAIN,2026-09-03 15:19:18.358,,,2026-09-03 15:19:18.358,8460.0,,,False,,2026-09-03 15:19:19.310,8450.0,0.95131,-0.1182033096926714,-0.2179853243682928,0.1182033096926714,30,32.842,8480.0,0.2364066193853428,0.1362703490363168,0.3546099290780142,-0.1182033096926714,0.25435557350452,-0.2179853243682928,COMPLETE
2026-09-03 15:20:23.966,v1.6.9,20260903_000720_WIDE_HIGH_GAP_SHADOW_E007_151507864582,WIDE_HIGH_GAP_SHADOW,000720,현대건설,2026-09-03 15:15:07.864,119500.0,119619.49999999999,MAIN,MAIN,2026-09-03 15:15:07.842,,,2026-09-03 15:15:07.842,119500.0,,,False,,2026-09-03 15:15:07.960,119600.0,0.117014,0.08368200836820083,-0.016301689941845145,0.08368200836820083,300,316.102,119500.0,0.0,-0.09990009990008776,0.16736401673640167,-0.16736401673640167,0.06729672001639746,-0.26709691981657296,COMPLETE
2026-09-03 15:20:23.966,v1.6.9,20260903_000720_WIDE_HIGH_GAP_SHADOW_E009_151814771401,WIDE_HIGH_GAP_SHADOW,000720,현대건설,2026-09-03 15:18:14.771,119500.0,119619.49999999999,MAIN,MAIN,2026-09-03 15:18:14.740,,,2026-09-03 15:18:14.740,119500.0,,,False,,2026-09-03 15:18:15.959,119400.0,1.218933,-0.08368200836820083,-0.18349850985833036,0.08368200836820083,120,129.195,119500.0,0.0,-0.09990009990008776,0.08368200836820083,-0.16736401673640167,-0.016301689941845145,-0.26709691981657296,COMPLETE
2026-09-03 15:20:39.161,v1.6.9,20260903_004710_WIDE_HIGH_GAP_SHADOW_E028_151918377442,WIDE_HIGH_GAP_SHADOW,004710,한솔테크닉스,2026-09-03 15:19:18.377,8460.0,8468.46,MAIN,MAIN,2026-09-03 15:19:18.358,,,2026-09-03 15:19:18.358,8460.0,,,False,,2026-09-03 15:19:19.310,8450.0,0.95131,-0.1182033096926714,-0.2179853243682928,0.1182033096926714,60,80.784,8490.0,0.3546099290780142,0.25435557350452,0.4728132387706856,-0.1182033096926714,0.37244079797272317,-0.2179853243682928,COMPLETE
2026-09-03 15:21:20.769,v1.6.9,20260903_000720_WIDE_HIGH_GAP_SHADOW_E009_151814771401,WIDE_HIGH_GAP_SHADOW,000720,현대건설,2026-09-03 15:18:14.771,119500.0,119619.49999999999,MAIN,MAIN,2026-09-03 15:18:14.740,,,2026-09-03 15:18:14.740,119500.0,,,False,,2026-09-03 15:18:15.959,119400.0,1.218933,-0.08368200836820083,-0.18349850985833036,0.08368200836820083,180,185.999,119500.0,0.0,-0.09990009990008776,0.08368200836820083,-0.16736401673640167,-0.016301689941845145,-0.26709691981657296,COMPLETE
2026-09-03 15:21:23.880,v1.6.9,20260903_031980_WIDE_HIGH_GAP_SHADOW_E002_151845788133,WIDE_HIGH_GAP_SHADOW,031980,피에스케이홀딩스,2026-09-03 15:18:45.788,129900.0,130029.89999999998,MAIN,MAIN,2026-09-03 15:18:45.768,,,2026-09-03 15:18:45.768,129900.0,,,False,,2026-09-03 15:18:45.820,129900.0,0.052156,0.0,-0.09990009990008425,0.0,120,158.093,130700.0,0.6158583525789069,0.5153430095693533,0.6158583525789069,-0.07698229407236336,0.5153430095693533,-0.17680548858376394,COMPLETE
2026-09-03 15:21:25.508,v1.6.9,20260903_082920_WIDE_HIGH_GAP_SHADOW_E002_151743833760,WIDE_HIGH_GAP_SHADOW,082920,비츠로셀,2026-09-03 15:17:43.833,28300.0,28328.299999999996,MAIN,MAIN,2026-09-03 15:17:43.807,,,2026-09-03 15:17:43.807,28300.0,,,False,,2026-09-03 15:17:44.212,28300.0,0.404882,0.0,-0.0999000999000845,0.0,180,221.675,28450.0,0.5300353356890459,0.42960572995910234,0.88339222614841,-0.35335689045936397,0.7826096165318935,-0.4529039864728758,COMPLETE
2026-09-03 15:21:34.919,v1.6.9,20260903_008930_WIDE_HIGH_GAP_SHADOW_E042_151845732276,WIDE_HIGH_GAP_SHADOW,008930,한미사이언스,2026-09-03 15:18:45.732,51600.0,51651.59999999999,MAIN,MAIN,2026-09-03 15:18:45.720,,,2026-09-03 15:18:45.720,51600.0,,,False,,2026-09-03 15:18:49.031,51550.0,3.311185,-0.09689922480620156,-0.19670252228390075,0.09689922480620156,120,169.187,51500.0,-0.1937984496124031,-0.29350494466771854,0.0,-0.5813953488372093,-0.09990009990008301,-0.6807146342029895,COMPLETE
2026-09-03 15:21:36.499,v1.6.9,20260903_004710_WIDE_HIGH_GAP_SHADOW_E028_151918377442,WIDE_HIGH_GAP_SHADOW,004710,한솔테크닉스,2026-09-03 15:19:18.377,8460.0,8468.46,MAIN,MAIN,2026-09-03 15:19:18.358,,,2026-09-03 15:19:18.358,8460.0,,,False,,2026-09-03 15:19:19.310,8450.0,0.95131,-0.1182033096926714,-0.2179853243682928,0.1182033096926714,120,138.122,8490.0,0.3546099290780142,0.25435557350452,0.4728132387706856,-0.1182033096926714,0.37244079797272317,-0.2179853243682928,COMPLETE
2026-09-03 15:22:18.107,v1.6.9,20260903_000720_WIDE_HIGH_GAP_SHADOW_E008_151641370351,WIDE_HIGH_GAP_SHADOW,000720,현대건설,2026-09-03 15:16:41.370,119500.0,119619.49999999999,MAIN,MAIN,2026-09-03 15:16:41.352,,,2026-09-03 15:16:41.352,119500.0,,,False,,2026-09-03 15:16:43.023,119500.0,1.670539,0.0,-0.09990009990008776,0.0,300,336.737,119500.0,0.0,-0.09990009990008776,0.16736401673640167,-0.16736401673640167,0.06729672001639746,-0.26709691981657296,COMPLETE
2026-09-03 15:22:21.328,v1.6.9,20260903_031980_WIDE_HIGH_GAP_SHADOW_E002_151845788133,WIDE_HIGH_GAP_SHADOW,031980,피에스케이홀딩스,2026-09-03 15:18:45.788,129900.0,130029.89999999998,MAIN,MAIN,2026-09-03 15:18:45.768,,,2026-09-03 15:18:45.768,129900.0,,,False,,2026-09-03 15:18:45.820,129900.0,0.052156,0.0,-0.09990009990008425,0.0,180,215.54,130700.0,0.6158583525789069,0.5153430095693533,0.6158583525789069,-0.07698229407236336,0.5153430095693533,-0.17680548858376394,COMPLETE
2026-09-03 15:22:32.148,v1.6.9,20260903_008930_WIDE_HIGH_GAP_SHADOW_E042_151845732276,WIDE_HIGH_GAP_SHADOW,008930,한미사이언스,2026-09-03 15:18:45.732,51600.0,51651.59999999999,MAIN,MAIN,2026-09-03 15:18:45.720,,,2026-09-03 15:18:45.720,51600.0,,,False,,2026-09-03 15:18:49.031,51550.0,3.311185,-0.09689922480620156,-0.19670252228390075,0.09689922480620156,180,226.417,51500.0,-0.1937984496124031,-0.29350494466771854,0.0,-0.5813953488372093,-0.09990009990008301,-0.6807146342029895,COMPLETE
2026-09-03 15:22:33.804,v1.6.9,20260903_004710_WIDE_HIGH_GAP_SHADOW_E028_151918377442,WIDE_HIGH_GAP_SHADOW,004710,한솔테크닉스,2026-09-03 15:19:18.377,8460.0,8468.46,MAIN,MAIN,2026-09-03 15:19:18.358,,,2026-09-03 15:19:18.358,8460.0,,,False,,2026-09-03 15:19:19.310,8450.0,0.95131,-0.1182033096926714,-0.2179853243682928,0.1182033096926714,180,195.427,8490.0,0.3546099290780142,0.25435557350452,0.4728132387706856,-0.1182033096926714,0.37244079797272317,-0.2179853243682928,COMPLETE
2026-09-03 15:23:17.081,v1.6.9,20260903_000720_WIDE_HIGH_GAP_SHADOW_E009_151814771401,WIDE_HIGH_GAP_SHADOW,000720,현대건설,2026-09-03 15:18:14.771,119500.0,119619.49999999999,MAIN,MAIN,2026-09-03 15:18:14.740,,,2026-09-03 15:18:14.740,119500.0,,,False,,2026-09-03 15:18:15.959,119400.0,1.218933,-0.08368200836820083,-0.18349850985833036,0.08368200836820083,300,302.31,119500.0,0.0,-0.09990009990008776,0.08368200836820083,-0.16736401673640167,-0.016301689941845145,-0.26709691981657296,COMPLETE
2026-09-03 15:23:22.659,v1.6.9,20260903_082920_WIDE_HIGH_GAP_SHADOW_E002_151743833760,WIDE_HIGH_GAP_SHADOW,082920,비츠로셀,2026-09-03 15:17:43.833,28300.0,28328.299999999996,MAIN,MAIN,2026-09-03 15:17:43.807,,,2026-09-03 15:17:43.807,28300.0,,,False,,2026-09-03 15:17:44.212,28300.0,0.404882,0.0,-0.0999000999000845,0.0,300,338.825,28450.0,0.5300353356890459,0.42960572995910234,0.88339222614841,-0.35335689045936397,0.7826096165318935,-0.4529039864728758,COMPLETE
2026-09-03 15:24:23.266,v1.6.9,20260903_031980_WIDE_HIGH_GAP_SHADOW_E002_151845788133,WIDE_HIGH_GAP_SHADOW,031980,피에스케이홀딩스,2026-09-03 15:18:45.788,129900.0,130029.89999999998,MAIN,MAIN,2026-09-03 15:18:45.768,,,2026-09-03 15:18:45.768,129900.0,,,False,,2026-09-03 15:18:45.820,129900.0,0.052156,0.0,-0.09990009990008425,0.0,300,337.478,130700.0,0.6158583525789069,0.5153430095693533,0.6158583525789069,-0.07698229407236336,0.5153430095693533,-0.17680548858376394,COMPLETE
2026-09-03 15:24:34.970,v1.6.9,20260903_008930_WIDE_HIGH_GAP_SHADOW_E042_151845732276,WIDE_HIGH_GAP_SHADOW,008930,한미사이언스,2026-09-03 15:18:45.732,51600.0,51651.59999999999,MAIN,MAIN,2026-09-03 15:18:45.720,,,2026-09-03 15:18:45.720,51600.0,,,False,,2026-09-03 15:18:49.031,51550.0,3.311185,-0.09689922480620156,-0.19670252228390075,0.09689922480620156,300,349.238,51500.0,-0.1937984496124031,-0.29350494466771854,0.0,-0.5813953488372093,-0.09990009990008301,-0.6807146342029895,COMPLETE
2026-09-03 15:24:36.269,v1.6.9,20260903_004710_WIDE_HIGH_GAP_SHADOW_E028_151918377442,WIDE_HIGH_GAP_SHADOW,004710,한솔테크닉스,2026-09-03 15:19:18.377,8460.0,8468.46,MAIN,MAIN,2026-09-03 15:19:18.358,,,2026-09-03 15:19:18.358,8460.0,,,False,,2026-09-03 15:19:19.310,8450.0,0.95131,-0.1182033096926714,-0.2179853243682928,0.1182033096926714,300,317.892,8490.0,0.3546099290780142,0.25435557350452,0.4728132387706856,-0.1182033096926714,0.37244079797272317,-0.2179853243682928,COMPLETE
2026-09-03 15:40:59.811,v1.6.9,20260903_082920_WIDE_HIGH_GAP_SHADOW_E003_154029497033,WIDE_HIGH_GAP_SHADOW,082920,비츠로셀,2026-09-03 15:40:29.497,28250.0,28278.249999999996,NXT_AFTER,NXT_AFTER,2026-09-03 15:40:29.486,,,2026-09-03 15:40:29.486,28250.0,,,False,,2026-09-03 15:40:29.910,28750.0,0.423516,1.7699115044247788,1.6682432611636284,1.7699115044247788,30,30.314,28450.0,0.7079646017699115,0.6073572445253991,1.9469026548672566,0.0,1.8450575972699996,-0.09990009990008704,COMPLETE
2026-09-03 15:41:01.500,v1.6.9,20260903_105560_BASE_E013_154029570727,BASE,105560,KB금융,2026-09-03 15:40:29.570,177900.0,178077.9,NXT_AFTER,NXT_AFTER,2026-09-03 15:40:29.476,2026-09-03 15:40:29.476,177900.0,2026-09-03 15:40:29.476,177900.0,0.0,0.0,False,,2026-09-03 15:40:34.212,177800.0,4.735964,-0.056211354693648116,-0.15605529939425059,0.056211354693648116,30,31.93,177900.0,0.0,-0.09990009990009663,0.0,-0.056211354693648116,-0.09990009990009663,-0.15605529939425059,COMPLETE
2026-09-03 15:41:12.709,v1.6.9,20260903_031980_WIDE_HIGH_GAP_SHADOW_E003_154029483808,WIDE_HIGH_GAP_SHADOW,031980,피에스케이홀딩스,2026-09-03 15:40:29.483,129500.0,129629.49999999999,NXT_AFTER,NXT_AFTER,2026-09-03 15:40:29.477,,,2026-09-03 15:40:29.477,129500.0,,,False,,2026-09-03 15:40:40.101,129400.0,10.62343,-0.07722007722007722,-0.1770430341858801,0.07722007722007722,30,43.226,129400.0,-0.07722007722007722,-0.1770430341858801,0.0,-0.07722007722007722,-0.09990009990008869,-0.1770430341858801,COMPLETE
2026-09-03 15:41:17.872,v1.6.9,20260903_051910_SHADOW_SCORE_70_74_E001_154029522260,SHADOW_SCORE_70_74,051910,LG화학,2026-09-03 15:40:29.522,287000.0,287286.99999999994,NXT_AFTER,NXT_AFTER,2026-09-03 15:40:29.472,,,2026-09-03 15:40:29.472,287000.0,,,False,,2026-09-03 15:40:38.000,287000.0,8.527756,0.0,-0.09990009990007967,0.0,30,48.35,287000.0,0.0,-0.09990009990007967,0.0,0.0,-0.09990009990007967,-0.09990009990007967,COMPLETE
2026-09-03 15:41:29.601,v1.6.9,20260903_082920_WIDE_HIGH_GAP_SHADOW_E003_154029497033,WIDE_HIGH_GAP_SHADOW,082920,비츠로셀,2026-09-03 15:40:29.497,28250.0,28278.249999999996,NXT_AFTER,NXT_AFTER,2026-09-03 15:40:29.486,,,2026-09-03 15:40:29.486,28250.0,,,False,,2026-09-03 15:40:29.910,28750.0,0.423516,1.7699115044247788,1.6682432611636284,1.7699115044247788,60,60.105,28400.0,0.5309734513274336,0.4305429084190275,1.9469026548672566,0.0,1.8450575972699996,-0.09990009990008704,COMPLETE
2026-09-03 15:41:38.712,v1.6.9,20260903_031980_WIDE_HIGH_GAP_SHADOW_E003_154029483808,WIDE_HIGH_GAP_SHADOW,031980,피에스케이홀딩스,2026-09-03 15:40:29.483,129500.0,129629.49999999999,NXT_AFTER,NXT_AFTER,2026-09-03 15:40:29.477,,,2026-09-03 15:40:29.477,129500.0,,,False,,2026-09-03 15:40:40.101,129400.0,10.62343,-0.07722007722007722,-0.1770430341858801,0.07722007722007722,60,69.229,129500.0,0.0,-0.09990009990008869,0.15444015444015444,-0.07722007722007722,0.05438576867149419,-0.1770430341858801,COMPLETE
2026-09-03 15:41:39.001,v1.6.9,20260903_051910_SHADOW_SCORE_70_74_E001_154029522260,SHADOW_SCORE_70_74,051910,LG화학,2026-09-03 15:40:29.522,287000.0,287286.99999999994,NXT_AFTER,NXT_AFTER,2026-09-03 15:40:29.472,,,2026-09-03 15:40:29.472,287000.0,,,False,,2026-09-03 15:40:38.000,287000.0,8.527756,0.0,-0.09990009990007967,0.0,60,69.479,287000.0,0.0,-0.09990009990007967,0.0,0.0,-0.09990009990007967,-0.09990009990007967,COMPLETE
2026-09-03 15:41:47.609,v1.6.9,20260903_105560_BASE_E013_154029570727,BASE,105560,KB금융,2026-09-03 15:40:29.570,177900.0,178077.9,NXT_AFTER,NXT_AFTER,2026-09-03 15:40:29.476,2026-09-03 15:40:29.476,177900.0,2026-09-03 15:40:29.476,177900.0,0.0,0.0,False,,2026-09-03 15:40:34.212,177800.0,4.735964,-0.056211354693648116,-0.15605529939425059,0.056211354693648116,60,78.039,177800.0,-0.056211354693648116,-0.15605529939425059,0.0,-0.056211354693648116,-0.09990009990009663,-0.15605529939425059,COMPLETE
2026-09-03 15:42:29.509,v1.6.9,20260903_082920_WIDE_HIGH_GAP_SHADOW_E003_154029497033,WIDE_HIGH_GAP_SHADOW,082920,비츠로셀,2026-09-03 15:40:29.497,28250.0,28278.249999999996,NXT_AFTER,NXT_AFTER,2026-09-03 15:40:29.486,,,2026-09-03 15:40:29.486,28250.0,,,False,,2026-09-03 15:40:29.910,28750.0,0.423516,1.7699115044247788,1.6682432611636284,1.7699115044247788,120,120.013,28650.0,1.415929203539823,1.3146145889508851,1.9469026548672566,0.0,1.8450575972699996,-0.09990009990008704,COMPLETE
2026-09-03 15:42:30.008,v1.6.9,20260903_031980_WIDE_HIGH_GAP_SHADOW_E003_154029483808,WIDE_HIGH_GAP_SHADOW,031980,피에스케이홀딩스,2026-09-03 15:40:29.483,129500.0,129629.49999999999,NXT_AFTER,NXT_AFTER,2026-09-03 15:40:29.477,,,2026-09-03 15:40:29.477,129500.0,,,False,,2026-09-03 15:40:40.101,129400.0,10.62343,-0.07722007722007722,-0.1770430341858801,0.07722007722007722,120,120.525,129300.0,-0.15444015444015444,-0.2541859684716716,0.15444015444015444,-0.15444015444015444,0.05438576867149419,-0.2541859684716716,COMPLETE
2026-09-03 15:42:30.060,v1.6.9,20260903_051910_SHADOW_SCORE_70_74_E001_154029522260,SHADOW_SCORE_70_74,051910,LG화학,2026-09-03 15:40:29.522,287000.0,287286.99999999994,NXT_AFTER,NXT_AFTER,2026-09-03 15:40:29.472,,,2026-09-03 15:40:29.472,287000.0,,,False,,2026-09-03 15:40:38.000,287000.0,8.527756,0.0,-0.09990009990007967,0.0,120,120.538,286500.0,-0.17421602787456447,-0.27394208578875545,0.0,-0.17421602787456447,-0.09990009990007967,-0.27394208578875545,COMPLETE
2026-09-03 15:42:48.008,v1.6.9,20260903_105560_BASE_E013_154029570727,BASE,105560,KB금융,2026-09-03 15:40:29.570,177900.0,178077.9,NXT_AFTER,NXT_AFTER,2026-09-03 15:40:29.476,2026-09-03 15:40:29.476,177900.0,2026-09-03 15:40:29.476,177900.0,0.0,0.0,False,,2026-09-03 15:40:34.212,177800.0,4.735964,-0.056211354693648116,-0.15605529939425059,0.056211354693648116,120,138.438,177800.0,-0.056211354693648116,-0.15605529939425059,0.0,-0.11242270938729623,-0.09990009990009663,-0.21221049888840454,COMPLETE
2026-09-03 15:43:31.107,v1.6.9,20260903_031980_WIDE_HIGH_GAP_SHADOW_E003_154029483808,WIDE_HIGH_GAP_SHADOW,031980,피에스케이홀딩스,2026-09-03 15:40:29.483,129500.0,129629.49999999999,NXT_AFTER,NXT_AFTER,2026-09-03 15:40:29.477,,,2026-09-03 15:40:29.477,129500.0,,,False,,2026-09-03 15:40:40.101,129400.0,10.62343,-0.07722007722007722,-0.1770430341858801,0.07722007722007722,180,181.624,129000.0,-0.3861003861003861,-0.48561477132904585,0.15444015444015444,-0.3861003861003861,0.05438576867149419,-0.48561477132904585,COMPLETE
2026-09-03 15:43:32.509,v1.6.9,20260903_051910_SHADOW_SCORE_70_74_E001_154029522260,SHADOW_SCORE_70_74,051910,LG화학,2026-09-03 15:40:29.522,287000.0,287286.99999999994,NXT_AFTER,NXT_AFTER,2026-09-03 15:40:29.472,,,2026-09-03 15:40:29.472,287000.0,,,False,,2026-09-03 15:40:38.000,287000.0,8.527756,0.0,-0.09990009990007967,0.0,180,182.987,286500.0,-0.17421602787456447,-0.27394208578875545,0.0,-0.17421602787456447,-0.09990009990007967,-0.27394208578875545,COMPLETE
2026-09-03 15:43:36.008,v1.6.9,20260903_105560_BASE_E013_154029570727,BASE,105560,KB금융,2026-09-03 15:40:29.570,177900.0,178077.9,NXT_AFTER,NXT_AFTER,2026-09-03 15:40:29.476,2026-09-03 15:40:29.476,177900.0,2026-09-03 15:40:29.476,177900.0,0.0,0.0,False,,2026-09-03 15:40:34.212,177800.0,4.735964,-0.056211354693648116,-0.15605529939425059,0.056211354693648116,180,186.437,177900.0,0.0,-0.09990009990009663,0.0,-0.11242270938729623,-0.09990009990009663,-0.21221049888840454,COMPLETE
2026-09-03 15:43:36.308,v1.6.9,20260903_082920_WIDE_HIGH_GAP_SHADOW_E003_154029497033,WIDE_HIGH_GAP_SHADOW,082920,비츠로셀,2026-09-03 15:40:29.497,28250.0,28278.249999999996,NXT_AFTER,NXT_AFTER,2026-09-03 15:40:29.486,,,2026-09-03 15:40:29.486,28250.0,,,False,,2026-09-03 15:40:29.910,28750.0,0.423516,1.7699115044247788,1.6682432611636284,1.7699115044247788,180,186.811,28250.0,0.0,-0.09990009990008704,1.9469026548672566,0.0,1.8450575972699996,-0.09990009990008704,COMPLETE
2026-09-03 15:45:31.105,v1.6.9,20260903_082920_WIDE_HIGH_GAP_SHADOW_E003_154029497033,WIDE_HIGH_GAP_SHADOW,082920,비츠로셀,2026-09-03 15:40:29.497,28250.0,28278.249999999996,NXT_AFTER,NXT_AFTER,2026-09-03 15:40:29.486,,,2026-09-03 15:40:29.486,28250.0,,,False,,2026-09-03 15:40:29.910,28750.0,0.423516,1.7699115044247788,1.6682432611636284,1.7699115044247788,300,301.609,28200.0,-0.17699115044247787,-0.27671443600645856,1.9469026548672566,-0.5309734513274336,1.8450575972699996,-0.6303431082192016,COMPLETE
2026-09-03 15:45:34.107,v1.6.9,20260903_031980_WIDE_HIGH_GAP_SHADOW_E003_154029483808,WIDE_HIGH_GAP_SHADOW,031980,피에스케이홀딩스,2026-09-03 15:40:29.483,129500.0,129629.49999999999,NXT_AFTER,NXT_AFTER,2026-09-03 15:40:29.477,,,2026-09-03 15:40:29.477,129500.0,,,False,,2026-09-03 15:40:40.101,129400.0,10.62343,-0.07722007722007722,-0.1770430341858801,0.07722007722007722,300,304.624,129100.0,-0.3088803088803089,-0.4084718370432544,0.15444015444015444,-0.3861003861003861,0.05438576867149419,-0.48561477132904585,COMPLETE
2026-09-03 15:45:35.606,v1.6.9,20260903_051910_SHADOW_SCORE_70_74_E001_154029522260,SHADOW_SCORE_70_74,051910,LG화학,2026-09-03 15:40:29.522,287000.0,287286.99999999994,NXT_AFTER,NXT_AFTER,2026-09-03 15:40:29.472,,,2026-09-03 15:40:29.472,287000.0,,,False,,2026-09-03 15:40:38.000,287000.0,8.527756,0.0,-0.09990009990007967,0.0,300,306.084,286500.0,-0.17421602787456447,-0.27394208578875545,0.0,-0.17421602787456447,-0.09990009990007967,-0.27394208578875545,COMPLETE
2026-09-03 15:45:48.747,v1.6.9,20260903_105560_BASE_E013_154029570727,BASE,105560,KB금융,2026-09-03 15:40:29.570,177900.0,178077.9,NXT_AFTER,NXT_AFTER,2026-09-03 15:40:29.476,2026-09-03 15:40:29.476,177900.0,2026-09-03 15:40:29.476,177900.0,0.0,0.0,False,,2026-09-03 15:40:34.212,177800.0,4.735964,-0.056211354693648116,-0.15605529939425059,0.056211354693648116,300,319.177,177900.0,0.0,-0.09990009990009663,0.0,-0.11242270938729623,-0.09990009990009663,-0.21221049888840454,COMPLETE
2026-09-03 15:46:59.305,v1.6.9,20260903_000720_WIDE_HIGH_GAP_SHADOW_E010_154624502137,WIDE_HIGH_GAP_SHADOW,000720,현대건설,2026-09-03 15:46:24.502,119500.0,119619.49999999999,NXT_AFTER,NXT_AFTER,2026-09-03 15:46:24.466,,,2026-09-03 15:46:24.466,119500.0,,,False,,2026-09-03 15:46:26.005,118200.0,1.539237,-1.0878661087866108,-1.1866794293572416,1.0878661087866108,30,34.803,118300.0,-1.00418410041841,-1.1030810193989988,0.0,-1.0878661087866108,-0.09990009990008776,-1.1866794293572416,COMPLETE
2026-09-03 15:47:32.304,v1.6.9,20260903_000720_WIDE_HIGH_GAP_SHADOW_E010_154624502137,WIDE_HIGH_GAP_SHADOW,000720,현대건설,2026-09-03 15:46:24.502,119500.0,119619.49999999999,NXT_AFTER,NXT_AFTER,2026-09-03 15:46:24.466,,,2026-09-03 15:46:24.466,119500.0,,,False,,2026-09-03 15:46:26.005,118200.0,1.539237,-1.0878661087866108,-1.1866794293572416,1.0878661087866108,60,67.803,118200.0,-1.0878661087866108,-1.1866794293572416,0.0,-1.0878661087866108,-0.09990009990008776,-1.1866794293572416,COMPLETE
2026-09-03 15:48:26.700,v1.6.9,20260903_000720_WIDE_HIGH_GAP_SHADOW_E010_154624502137,WIDE_HIGH_GAP_SHADOW,000720,현대건설,2026-09-03 15:46:24.502,119500.0,119619.49999999999,NXT_AFTER,NXT_AFTER,2026-09-03 15:46:24.466,,,2026-09-03 15:46:24.466,119500.0,,,False,,2026-09-03 15:46:26.005,118200.0,1.539237,-1.0878661087866108,-1.1866794293572416,1.0878661087866108,120,122.198,118000.0,-1.2552301255230125,-1.3538762492737269,0.0,-1.2552301255230125,-0.09990009990008776,-1.3538762492737269,COMPLETE
2026-09-03 15:49:26.002,v1.6.9,20260903_000720_WIDE_HIGH_GAP_SHADOW_E010_154624502137,WIDE_HIGH_GAP_SHADOW,000720,현대건설,2026-09-03 15:46:24.502,119500.0,119619.49999999999,NXT_AFTER,NXT_AFTER,2026-09-03 15:46:24.466,,,2026-09-03 15:46:24.466,119500.0,,,False,,2026-09-03 15:46:26.005,118200.0,1.539237,-1.0878661087866108,-1.1866794293572416,1.0878661087866108,180,181.501,118000.0,-1.2552301255230125,-1.3538762492737269,0.0,-1.2552301255230125,-0.09990009990008776,-1.3538762492737269,COMPLETE
2026-09-03 15:51:19.503,v1.6.9,20260903_000720_WIDE_HIGH_GAP_SHADOW_E011_155047906156,WIDE_HIGH_GAP_SHADOW,000720,현대건설,2026-09-03 15:50:47.906,119500.0,119619.49999999999,NXT_AFTER,NXT_AFTER,2026-09-03 15:50:47.898,,,2026-09-03 15:50:47.898,119500.0,,,False,,2026-09-03 15:50:51.804,118600.0,3.90554,-0.7531380753138075,-0.8522857895242711,0.7531380753138075,30,31.598,118400.0,-0.9205020920502093,-1.0194826094407563,0.0,-1.00418410041841,-0.09990009990008776,-1.1030810193989988,COMPLETE
2026-09-03 15:51:34.503,v1.6.9,20260903_000720_WIDE_HIGH_GAP_SHADOW_E010_154624502137,WIDE_HIGH_GAP_SHADOW,000720,현대건설,2026-09-03 15:46:24.502,119500.0,119619.49999999999,NXT_AFTER,NXT_AFTER,2026-09-03 15:46:24.466,,,2026-09-03 15:46:24.466,119500.0,,,False,,2026-09-03 15:46:26.005,118200.0,1.539237,-1.0878661087866108,-1.1866794293572416,1.0878661087866108,300,310.001,118400.0,-0.9205020920502093,-1.0194826094407563,0.0,-1.2552301255230125,-0.09990009990008776,-1.3538762492737269,COMPLETE
2026-09-03 15:51:48.301,v1.6.9,20260903_000720_WIDE_HIGH_GAP_SHADOW_E011_155047906156,WIDE_HIGH_GAP_SHADOW,000720,현대건설,2026-09-03 15:50:47.906,119500.0,119619.49999999999,NXT_AFTER,NXT_AFTER,2026-09-03 15:50:47.898,,,2026-09-03 15:50:47.898,119500.0,,,False,,2026-09-03 15:50:51.804,118600.0,3.90554,-0.7531380753138075,-0.8522857895242711,0.7531380753138075,60,60.395,118400.0,-0.9205020920502093,-1.0194826094407563,0.0,-1.00418410041841,-0.09990009990008776,-1.1030810193989988,COMPLETE
2026-09-03 15:52:58.400,v1.6.9,20260903_000720_WIDE_HIGH_GAP_SHADOW_E011_155047906156,WIDE_HIGH_GAP_SHADOW,000720,현대건설,2026-09-03 15:50:47.906,119500.0,119619.49999999999,NXT_AFTER,NXT_AFTER,2026-09-03 15:50:47.898,,,2026-09-03 15:50:47.898,119500.0,,,False,,2026-09-03 15:50:51.804,118600.0,3.90554,-0.7531380753138075,-0.8522857895242711,0.7531380753138075,120,130.494,118600.0,-0.7531380753138075,-0.8522857895242711,0.0,-1.00418410041841,-0.09990009990008776,-1.1030810193989988,COMPLETE
2026-09-03 15:53:50.999,v1.6.9,20260903_000720_WIDE_HIGH_GAP_SHADOW_E011_155047906156,WIDE_HIGH_GAP_SHADOW,000720,현대건설,2026-09-03 15:50:47.906,119500.0,119619.49999999999,NXT_AFTER,NXT_AFTER,2026-09-03 15:50:47.898,,,2026-09-03 15:50:47.898,119500.0,,,False,,2026-09-03 15:50:51.804,118600.0,3.90554,-0.7531380753138075,-0.8522857895242711,0.7531380753138075,180,183.093,118500.0,-0.8368200836820083,-0.9358841994825139,0.0,-1.00418410041841,-0.09990009990008776,-1.1030810193989988,COMPLETE
2026-09-03 15:55:50.497,v1.6.9,20260903_000720_WIDE_HIGH_GAP_SHADOW_E011_155047906156,WIDE_HIGH_GAP_SHADOW,000720,현대건설,2026-09-03 15:50:47.906,119500.0,119619.49999999999,NXT_AFTER,NXT_AFTER,2026-09-03 15:50:47.898,,,2026-09-03 15:50:47.898,119500.0,,,False,,2026-09-03 15:50:51.804,118600.0,3.90554,-0.7531380753138075,-0.8522857895242711,0.7531380753138075,300,302.591,118600.0,-0.7531380753138075,-0.8522857895242711,0.0,-1.00418410041841,-0.09990009990008776,-1.1030810193989988,COMPLETE
2026-09-03 15:55:51.798,v1.6.9,20260903_082920_WIDE_HIGH_GAP_SHADOW_E004_155520528274,WIDE_HIGH_GAP_SHADOW,082920,비츠로셀,2026-09-03 15:55:20.528,28250.0,28278.249999999996,NXT_AFTER,NXT_AFTER,2026-09-03 15:55:20.500,,,2026-09-03 15:55:20.500,28250.0,,,False,,2026-09-03 15:55:23.696,28250.0,3.19676,0.0,-0.09990009990008704,0.0,30,31.271,28200.0,-0.17699115044247787,-0.27671443600645856,0.0,-0.17699115044247787,-0.09990009990008704,-0.27671443600645856,COMPLETE
2026-09-03 15:56:34.696,v1.6.9,20260903_082920_WIDE_HIGH_GAP_SHADOW_E004_155520528274,WIDE_HIGH_GAP_SHADOW,082920,비츠로셀,2026-09-03 15:55:20.528,28250.0,28278.249999999996,NXT_AFTER,NXT_AFTER,2026-09-03 15:55:20.500,,,2026-09-03 15:55:20.500,28250.0,,,False,,2026-09-03 15:55:23.696,28250.0,3.19676,0.0,-0.09990009990008704,0.0,60,74.169,28300.0,0.17699115044247787,0.07691423620628447,0.17699115044247787,-0.17699115044247787,0.07691423620628447,-0.27671443600645856,COMPLETE
2026-09-03 15:57:21.496,v1.6.9,20260903_082920_WIDE_HIGH_GAP_SHADOW_E004_155520528274,WIDE_HIGH_GAP_SHADOW,082920,비츠로셀,2026-09-03 15:55:20.528,28250.0,28278.249999999996,NXT_AFTER,NXT_AFTER,2026-09-03 15:55:20.500,,,2026-09-03 15:55:20.500,28250.0,,,False,,2026-09-03 15:55:23.696,28250.0,3.19676,0.0,-0.09990009990008704,0.0,120,120.968,28350.0,0.35398230088495575,0.253728572312656,0.35398230088495575,-0.17699115044247787,0.253728572312656,-0.27671443600645856,COMPLETE
2026-09-03 15:58:28.195,v1.6.9,20260903_082920_WIDE_HIGH_GAP_SHADOW_E004_155520528274,WIDE_HIGH_GAP_SHADOW,082920,비츠로셀,2026-09-03 15:55:20.528,28250.0,28278.249999999996,NXT_AFTER,NXT_AFTER,2026-09-03 15:55:20.500,,,2026-09-03 15:55:20.500,28250.0,,,False,,2026-09-03 15:55:23.696,28250.0,3.19676,0.0,-0.09990009990008704,0.0,180,187.667,28350.0,0.35398230088495575,0.253728572312656,0.5309734513274336,-0.17699115044247787,0.4305429084190275,-0.27671443600645856,COMPLETE
2026-09-03 16:00:24.993,v1.6.9,20260903_082920_WIDE_HIGH_GAP_SHADOW_E004_155520528274,WIDE_HIGH_GAP_SHADOW,082920,비츠로셀,2026-09-03 15:55:20.528,28250.0,28278.249999999996,NXT_AFTER,NXT_AFTER,2026-09-03 15:55:20.500,,,2026-09-03 15:55:20.500,28250.0,,,False,,2026-09-03 15:55:23.696,28250.0,3.19676,0.0,-0.09990009990008704,0.0,300,304.465,28250.0,0.0,-0.09990009990008704,0.5309734513274336,-0.17699115044247787,0.4305429084190275,-0.27671443600645856,COMPLETE
2026-09-03 16:02:39.467,v1.6.9,20260903_031980_WIDE_HIGH_GAP_SHADOW_E004_160157230367,WIDE_HIGH_GAP_SHADOW,031980,피에스케이홀딩스,2026-09-03 16:01:57.230,129500.0,129629.49999999999,NXT_AFTER,NXT_AFTER,2026-09-03 16:01:57.215,,,2026-09-03 16:01:57.215,129500.0,,,False,,,,,,,,30,42.237,129500.0,0.0,-0.09990009990008869,0.0,0.0,-0.09990009990008869,-0.09990009990008869,COMPLETE
2026-09-03 16:03:23.323,v1.6.9,20260903_031980_WIDE_HIGH_GAP_SHADOW_E004_160157230367,WIDE_HIGH_GAP_SHADOW,031980,피에스케이홀딩스,2026-09-03 16:01:57.230,129500.0,129629.49999999999,NXT_AFTER,NXT_AFTER,2026-09-03 16:01:57.215,,,2026-09-03 16:01:57.215,129500.0,,,False,,,,,,,,60,86.093,129500.0,0.0,-0.09990009990008869,0.0,0.0,-0.09990009990008869,-0.09990009990008869,COMPLETE
2026-09-03 16:04:30.602,v1.6.9,20260903_000720_WIDE_HIGH_GAP_SHADOW_E012_160400346141,WIDE_HIGH_GAP_SHADOW,000720,현대건설,2026-09-03 16:04:00.346,119500.0,119619.49999999999,NXT_AFTER,NXT_AFTER,2026-09-03 16:04:00.323,,,2026-09-03 16:04:00.323,119500.0,,,False,,2026-09-03 16:04:02.100,118600.0,1.776676,-0.7531380753138075,-0.8522857895242711,0.7531380753138075,30,30.256,118700.0,-0.6694560669456067,-0.7686873795660286,0.0,-0.8368200836820083,-0.09990009990008776,-0.9358841994825139,COMPLETE
2026-09-03 16:04:36.800,v1.6.9,20260903_082920_WIDE_HIGH_GAP_SHADOW_E005_160400359090,WIDE_HIGH_GAP_SHADOW,082920,비츠로셀,2026-09-03 16:04:00.359,28250.0,28278.249999999996,NXT_AFTER,NXT_AFTER,2026-09-03 16:04:00.351,,,2026-09-03 16:04:00.351,28250.0,,,False,,2026-09-03 16:04:12.699,28200.0,12.347915,-0.17699115044247787,-0.27671443600645856,0.17699115044247787,30,36.442,28150.0,-0.35398230088495575,-0.4535287721128301,0.0,-0.35398230088495575,-0.09990009990008704,-0.4535287721128301,COMPLETE
2026-09-03 16:04:43.677,v1.6.9,20260903_031980_WIDE_HIGH_GAP_SHADOW_E004_160157230367,WIDE_HIGH_GAP_SHADOW,031980,피에스케이홀딩스,2026-09-03 16:01:57.230,129500.0,129629.49999999999,NXT_AFTER,NXT_AFTER,2026-09-03 16:01:57.215,,,2026-09-03 16:01:57.215,129500.0,,,False,,2026-09-03 16:03:37.301,128300.0,100.085646,-0.9266409266409266,-1.0256153113295858,0.9266409266409266,120,166.447,129500.0,0.0,-0.09990009990008869,0.0,-0.9266409266409266,-0.09990009990008869,-1.0256153113295858,COMPLETE
2026-09-03 16:05:11.399,v1.6.9,20260903_000720_WIDE_HIGH_GAP_SHADOW_E012_160400346141,WIDE_HIGH_GAP_SHADOW,000720,현대건설,2026-09-03 16:04:00.346,119500.0,119619.49999999999,NXT_AFTER,NXT_AFTER,2026-09-03 16:04:00.323,,,2026-09-03 16:04:00.323,119500.0,,,False,,2026-09-03 16:04:02.100,118600.0,1.776676,-0.7531380753138075,-0.8522857895242711,0.7531380753138075,60,71.054,118700.0,-0.6694560669456067,-0.7686873795660286,0.0,-0.8368200836820083,-0.09990009990008776,-0.9358841994825139,COMPLETE
2026-09-03 16:05:11.798,v1.6.9,20260903_082920_WIDE_HIGH_GAP_SHADOW_E005_160400359090,WIDE_HIGH_GAP_SHADOW,082920,비츠로셀,2026-09-03 16:04:00.359,28250.0,28278.249999999996,NXT_AFTER,NXT_AFTER,2026-09-03 16:04:00.351,,,2026-09-03 16:04:00.351,28250.0,,,False,,2026-09-03 16:04:12.699,28200.0,12.347915,-0.17699115044247787,-0.27671443600645856,0.17699115044247787,60,71.44,28150.0,-0.35398230088495575,-0.4535287721128301,0.0,-0.35398230088495575,-0.09990009990008704,-0.4535287721128301,COMPLETE
2026-09-03 16:05:22.715,v1.6.9,20260903_031980_WIDE_HIGH_GAP_SHADOW_E004_160157230367,WIDE_HIGH_GAP_SHADOW,031980,피에스케이홀딩스,2026-09-03 16:01:57.230,129500.0,129629.49999999999,NXT_AFTER,NXT_AFTER,2026-09-03 16:01:57.215,,,2026-09-03 16:01:57.215,129500.0,,,False,,2026-09-03 16:03:37.301,128300.0,100.085646,-0.9266409266409266,-1.0256153113295858,0.9266409266409266,180,205.485,129500.0,0.0,-0.09990009990008869,0.0,-0.9266409266409266,-0.09990009990008869,-1.0256153113295858,COMPLETE
2026-09-03 16:06:06.510,v1.6.9,20260903_082920_WIDE_HIGH_GAP_SHADOW_E005_160400359090,WIDE_HIGH_GAP_SHADOW,082920,비츠로셀,2026-09-03 16:04:00.359,28250.0,28278.249999999996,NXT_AFTER,NXT_AFTER,2026-09-03 16:04:00.351,,,2026-09-03 16:04:00.351,28250.0,,,False,,2026-09-03 16:04:12.699,28200.0,12.347915,-0.17699115044247787,-0.27671443600645856,0.17699115044247787,120,126.151,28250.0,0.0,-0.09990009990008704,0.0,-0.35398230088495575,-0.09990009990008704,-0.4535287721128301,COMPLETE
2026-09-03 16:06:12.698,v1.6.9,20260903_000720_WIDE_HIGH_GAP_SHADOW_E012_160400346141,WIDE_HIGH_GAP_SHADOW,000720,현대건설,2026-09-03 16:04:00.346,119500.0,119619.49999999999,NXT_AFTER,NXT_AFTER,2026-09-03 16:04:00.323,,,2026-09-03 16:04:00.323,119500.0,,,False,,2026-09-03 16:04:02.100,118600.0,1.776676,-0.7531380753138075,-0.8522857895242711,0.7531380753138075,120,132.353,118800.0,-0.5857740585774058,-0.685088969607786,0.0,-0.8368200836820083,-0.09990009990008776,-0.9358841994825139,COMPLETE
2026-09-03 16:07:00.397,v1.6.9,20260903_000720_WIDE_HIGH_GAP_SHADOW_E012_160400346141,WIDE_HIGH_GAP_SHADOW,000720,현대건설,2026-09-03 16:04:00.346,119500.0,119619.49999999999,NXT_AFTER,NXT_AFTER,2026-09-03 16:04:00.323,,,2026-09-03 16:04:00.323,119500.0,,,False,,2026-09-03 16:04:02.100,118600.0,1.776676,-0.7531380753138075,-0.8522857895242711,0.7531380753138075,180,180.052,118900.0,-0.502092050209205,-0.6014905596495433,0.0,-0.8368200836820083,-0.09990009990008776,-0.9358841994825139,COMPLETE
2026-09-03 16:07:05.298,v1.6.9,20260903_082920_WIDE_HIGH_GAP_SHADOW_E005_160400359090,WIDE_HIGH_GAP_SHADOW,082920,비츠로셀,2026-09-03 16:04:00.359,28250.0,28278.249999999996,NXT_AFTER,NXT_AFTER,2026-09-03 16:04:00.351,,,2026-09-03 16:04:00.351,28250.0,,,False,,2026-09-03 16:04:12.699,28200.0,12.347915,-0.17699115044247787,-0.27671443600645856,0.17699115044247787,180,184.94,28100.0,-0.5309734513274336,-0.6303431082192016,0.0,-0.7079646017699115,-0.09990009990008704,-0.8071574443255732,COMPLETE
2026-09-03 16:07:05.597,v1.6.9,20260903_031980_WIDE_HIGH_GAP_SHADOW_E004_160157230367,WIDE_HIGH_GAP_SHADOW,031980,피에스케이홀딩스,2026-09-03 16:01:57.230,129500.0,129629.49999999999,NXT_AFTER,NXT_AFTER,2026-09-03 16:01:57.215,,,2026-09-03 16:01:57.215,129500.0,,,False,,2026-09-03 16:03:37.301,128300.0,100.085646,-0.9266409266409266,-1.0256153113295858,0.9266409266409266,300,308.367,129000.0,-0.3861003861003861,-0.48561477132904585,0.0,-0.9266409266409266,-0.09990009990008869,-1.0256153113295858,COMPLETE
2026-09-03 16:08:32.996,v1.6.9,20260903_082920_WIDE_HIGH_GAP_SHADOW_E006_160802186654,WIDE_HIGH_GAP_SHADOW,082920,비츠로셀,2026-09-03 16:08:02.186,28250.0,28278.249999999996,NXT_AFTER,NXT_AFTER,2026-09-03 16:08:02.162,,,2026-09-03 16:08:02.162,28250.0,,,False,,2026-09-03 16:08:03.397,28150.0,1.234391,-0.35398230088495575,-0.4535287721128301,0.35398230088495575,30,30.81,28050.0,-0.7079646017699115,-0.8071574443255732,0.0,-0.7079646017699115,-0.09990009990008704,-0.8071574443255732,COMPLETE
2026-09-03 16:09:01.995,v1.6.9,20260903_082920_WIDE_HIGH_GAP_SHADOW_E005_160400359090,WIDE_HIGH_GAP_SHADOW,082920,비츠로셀,2026-09-03 16:04:00.359,28250.0,28278.249999999996,NXT_AFTER,NXT_AFTER,2026-09-03 16:04:00.351,,,2026-09-03 16:04:00.351,28250.0,,,False,,2026-09-03 16:04:12.699,28200.0,12.347915,-0.17699115044247787,-0.27671443600645856,0.17699115044247787,300,301.637,28050.0,-0.7079646017699115,-0.8071574443255732,0.0,-0.7079646017699115,-0.09990009990008704,-0.8071574443255732,COMPLETE
2026-09-03 16:09:02.396,v1.6.9,20260903_082920_WIDE_HIGH_GAP_SHADOW_E006_160802186654,WIDE_HIGH_GAP_SHADOW,082920,비츠로셀,2026-09-03 16:08:02.186,28250.0,28278.249999999996,NXT_AFTER,NXT_AFTER,2026-09-03 16:08:02.162,,,2026-09-03 16:08:02.162,28250.0,,,False,,2026-09-03 16:08:03.397,28150.0,1.234391,-0.35398230088495575,-0.4535287721128301,0.35398230088495575,60,60.209,28100.0,-0.5309734513274336,-0.6303431082192016,0.0,-0.7079646017699115,-0.09990009990008704,-0.8071574443255732,COMPLETE
2026-09-03 16:09:03.497,v1.6.9,20260903_000720_WIDE_HIGH_GAP_SHADOW_E012_160400346141,WIDE_HIGH_GAP_SHADOW,000720,현대건설,2026-09-03 16:04:00.346,119500.0,119619.49999999999,NXT_AFTER,NXT_AFTER,2026-09-03 16:04:00.323,,,2026-09-03 16:04:00.323,119500.0,,,False,,2026-09-03 16:04:02.100,118600.0,1.776676,-0.7531380753138075,-0.8522857895242711,0.7531380753138075,300,303.151,119000.0,-0.41841004184100417,-0.5178921496913008,0.0,-0.8368200836820083,-0.09990009990008776,-0.9358841994825139,COMPLETE
2026-09-03 16:10:12.995,v1.6.9,20260903_082920_WIDE_HIGH_GAP_SHADOW_E006_160802186654,WIDE_HIGH_GAP_SHADOW,082920,비츠로셀,2026-09-03 16:08:02.186,28250.0,28278.249999999996,NXT_AFTER,NXT_AFTER,2026-09-03 16:08:02.162,,,2026-09-03 16:08:02.162,28250.0,,,False,,2026-09-03 16:08:03.397,28150.0,1.234391,-0.35398230088495575,-0.4535287721128301,0.35398230088495575,120,130.809,28150.0,-0.35398230088495575,-0.4535287721128301,0.0,-0.7079646017699115,-0.09990009990008704,-0.8071574443255732,COMPLETE
2026-09-03 16:11:07.595,v1.6.9,20260903_082920_WIDE_HIGH_GAP_SHADOW_E006_160802186654,WIDE_HIGH_GAP_SHADOW,082920,비츠로셀,2026-09-03 16:08:02.186,28250.0,28278.249999999996,NXT_AFTER,NXT_AFTER,2026-09-03 16:08:02.162,,,2026-09-03 16:08:02.162,28250.0,,,False,,2026-09-03 16:08:03.397,28150.0,1.234391,-0.35398230088495575,-0.4535287721128301,0.35398230088495575,180,185.409,28100.0,-0.5309734513274336,-0.6303431082192016,0.0,-0.7079646017699115,-0.09990009990008704,-0.8071574443255732,COMPLETE
2026-09-03 16:13:03.091,v1.6.9,20260903_082920_WIDE_HIGH_GAP_SHADOW_E006_160802186654,WIDE_HIGH_GAP_SHADOW,082920,비츠로셀,2026-09-03 16:08:02.186,28250.0,28278.249999999996,NXT_AFTER,NXT_AFTER,2026-09-03 16:08:02.162,,,2026-09-03 16:08:02.162,28250.0,,,False,,2026-09-03 16:08:03.397,28150.0,1.234391,-0.35398230088495575,-0.4535287721128301,0.35398230088495575,300,300.905,28100.0,-0.5309734513274336,-0.6303431082192016,0.0,-0.7079646017699115,-0.09990009990008704,-0.8071574443255732,COMPLETE
2026-09-03 16:15:30.492,v1.6.9,20260903_082920_WIDE_HIGH_GAP_SHADOW_E007_161446483469,WIDE_HIGH_GAP_SHADOW,082920,비츠로셀,2026-09-03 16:14:46.483,28250.0,28278.249999999996,NXT_AFTER,NXT_AFTER,2026-09-03 16:14:46.471,,,2026-09-03 16:14:46.471,28250.0,,,False,,2026-09-03 16:14:48.591,28200.0,2.119737,-0.17699115044247787,-0.27671443600645856,0.17699115044247787,30,44.009,28200.0,-0.17699115044247787,-0.27671443600645856,0.0,-0.17699115044247787,-0.09990009990008704,-0.27671443600645856,COMPLETE
2026-09-03 16:16:02.294,v1.6.9,20260903_082920_WIDE_HIGH_GAP_SHADOW_E007_161446483469,WIDE_HIGH_GAP_SHADOW,082920,비츠로셀,2026-09-03 16:14:46.483,28250.0,28278.249999999996,NXT_AFTER,NXT_AFTER,2026-09-03 16:14:46.471,,,2026-09-03 16:14:46.471,28250.0,,,False,,2026-09-03 16:14:48.591,28200.0,2.119737,-0.17699115044247787,-0.27671443600645856,0.17699115044247787,60,75.811,28200.0,-0.17699115044247787,-0.27671443600645856,0.0,-0.17699115044247787,-0.09990009990008704,-0.27671443600645856,COMPLETE
2026-09-03 16:16:48.796,v1.6.9,20260903_082920_WIDE_HIGH_GAP_SHADOW_E007_161446483469,WIDE_HIGH_GAP_SHADOW,082920,비츠로셀,2026-09-03 16:14:46.483,28250.0,28278.249999999996,NXT_AFTER,NXT_AFTER,2026-09-03 16:14:46.471,,,2026-09-03 16:14:46.471,28250.0,,,False,,2026-09-03 16:14:48.591,28200.0,2.119737,-0.17699115044247787,-0.27671443600645856,0.17699115044247787,120,122.313,28250.0,0.0,-0.09990009990008704,0.17699115044247787,-0.17699115044247787,0.07691423620628447,-0.27671443600645856,COMPLETE
2026-09-03 16:17:29.698,v1.6.9,20260903_484120_WIDE_HIGH_GAP_SHADOW_E001_161655969428,WIDE_HIGH_GAP_SHADOW,484120,도우인시스,2026-09-03 16:16:55.969,20950.0,20970.949999999997,NXT_AFTER,NXT_AFTER,2026-09-03 16:16:55.959,,,2026-09-03 16:16:55.959,20950.0,,,False,,2026-09-03 16:17:02.297,21250.0,6.338381,1.431980906921241,1.3306502566645906,1.431980906921241,30,33.729,21350.0,1.9093078758949882,1.8075003755194825,1.9093078758949882,0.0,1.8075003755194825,-0.09990009990008604,COMPLETE
2026-09-03 16:17:58.201,v1.6.9,20260903_082920_WIDE_HIGH_GAP_SHADOW_E007_161446483469,WIDE_HIGH_GAP_SHADOW,082920,비츠로셀,2026-09-03 16:14:46.483,28250.0,28278.249999999996,NXT_AFTER,NXT_AFTER,2026-09-03 16:14:46.471,,,2026-09-03 16:14:46.471,28250.0,,,False,,2026-09-03 16:14:48.591,28200.0,2.119737,-0.17699115044247787,-0.27671443600645856,0.17699115044247787,180,191.718,28300.0,0.17699115044247787,0.07691423620628447,0.35398230088495575,-0.17699115044247787,0.253728572312656,-0.27671443600645856,COMPLETE
2026-09-03 16:18:00.815,v1.6.9,20260903_484120_WIDE_HIGH_GAP_SHADOW_E001_161655969428,WIDE_HIGH_GAP_SHADOW,484120,도우인시스,2026-09-03 16:16:55.969,20950.0,20970.949999999997,NXT_AFTER,NXT_AFTER,2026-09-03 16:16:55.959,,,2026-09-03 16:16:55.959,20950.0,,,False,,2026-09-03 16:17:02.297,21250.0,6.338381,1.431980906921241,1.3306502566645906,1.431980906921241,60,64.846,21350.0,1.9093078758949882,1.8075003755194825,1.9093078758949882,0.0,1.8075003755194825,-0.09990009990008604,COMPLETE
2026-09-03 16:18:57.002,v1.6.9,20260903_484120_WIDE_HIGH_GAP_SHADOW_E001_161655969428,WIDE_HIGH_GAP_SHADOW,484120,도우인시스,2026-09-03 16:16:55.969,20950.0,20970.949999999997,NXT_AFTER,NXT_AFTER,2026-09-03 16:16:55.959,,,2026-09-03 16:16:55.959,20950.0,,,False,,2026-09-03 16:17:02.297,21250.0,6.338381,1.431980906921241,1.3306502566645906,1.431980906921241,120,121.033,21350.0,1.9093078758949882,1.8075003755194825,1.9093078758949882,0.0,1.8075003755194825,-0.09990009990008604,COMPLETE
2026-09-03 16:19:57.805,v1.6.9,20260903_484120_WIDE_HIGH_GAP_SHADOW_E001_161655969428,WIDE_HIGH_GAP_SHADOW,484120,도우인시스,2026-09-03 16:16:55.969,20950.0,20970.949999999997,NXT_AFTER,NXT_AFTER,2026-09-03 16:16:55.959,,,2026-09-03 16:16:55.959,20950.0,,,False,,2026-09-03 16:17:02.297,21250.0,6.338381,1.431980906921241,1.3306502566645906,1.431980906921241,180,181.836,21250.0,1.431980906921241,1.3306502566645906,1.9093078758949882,0.0,1.8075003755194825,-0.09990009990008604,COMPLETE
2026-09-03 16:20:17.708,v1.6.9,20260903_082920_WIDE_HIGH_GAP_SHADOW_E007_161446483469,WIDE_HIGH_GAP_SHADOW,082920,비츠로셀,2026-09-03 16:14:46.483,28250.0,28278.249999999996,NXT_AFTER,NXT_AFTER,2026-09-03 16:14:46.471,,,2026-09-03 16:14:46.471,28250.0,,,False,,2026-09-03 16:14:48.591,28200.0,2.119737,-0.17699115044247787,-0.27671443600645856,0.17699115044247787,300,331.225,28300.0,0.17699115044247787,0.07691423620628447,0.35398230088495575,-0.17699115044247787,0.253728572312656,-0.27671443600645856,COMPLETE
2026-09-03 16:21:56.112,v1.6.9,20260903_484120_WIDE_HIGH_GAP_SHADOW_E001_161655969428,WIDE_HIGH_GAP_SHADOW,484120,도우인시스,2026-09-03 16:16:55.969,20950.0,20970.949999999997,NXT_AFTER,NXT_AFTER,2026-09-03 16:16:55.959,,,2026-09-03 16:16:55.959,20950.0,,,False,,2026-09-03 16:17:02.297,21250.0,6.338381,1.431980906921241,1.3306502566645906,1.431980906921241,300,300.143,21300.0,1.6706443914081146,1.5690753160920365,1.9093078758949882,0.0,1.8075003755194825,-0.09990009990008604,COMPLETE
2026-09-03 16:27:38.941,v1.6.9,20260903_082920_WIDE_HIGH_GAP_SHADOW_E008_162652158745,WIDE_HIGH_GAP_SHADOW,082920,비츠로셀,2026-09-03 16:26:52.158,28250.0,28278.249999999996,NXT_AFTER,NXT_AFTER,2026-09-03 16:26:52.146,,,2026-09-03 16:26:52.146,28250.0,,,False,,2026-09-03 16:26:55.637,28200.0,3.490791,-0.17699115044247787,-0.27671443600645856,0.17699115044247787,30,46.783,28200.0,-0.17699115044247787,-0.27671443600645856,0.0,-0.17699115044247787,-0.09990009990008704,-0.27671443600645856,COMPLETE
2026-09-03 16:28:03.941,v1.6.9,20260903_082920_WIDE_HIGH_GAP_SHADOW_E008_162652158745,WIDE_HIGH_GAP_SHADOW,082920,비츠로셀,2026-09-03 16:26:52.158,28250.0,28278.249999999996,NXT_AFTER,NXT_AFTER,2026-09-03 16:26:52.146,,,2026-09-03 16:26:52.146,28250.0,,,False,,2026-09-03 16:26:55.637,28200.0,3.490791,-0.17699115044247787,-0.27671443600645856,0.17699115044247787,60,71.783,28250.0,0.0,-0.09990009990008704,0.0,-0.17699115044247787,-0.09990009990008704,-0.27671443600645856,COMPLETE
2026-09-03 16:28:56.043,v1.6.9,20260903_082920_WIDE_HIGH_GAP_SHADOW_E008_162652158745,WIDE_HIGH_GAP_SHADOW,082920,비츠로셀,2026-09-03 16:26:52.158,28250.0,28278.249999999996,NXT_AFTER,NXT_AFTER,2026-09-03 16:26:52.146,,,2026-09-03 16:26:52.146,28250.0,,,False,,2026-09-03 16:26:55.637,28200.0,3.490791,-0.17699115044247787,-0.27671443600645856,0.17699115044247787,120,123.885,28200.0,-0.17699115044247787,-0.27671443600645856,0.0,-0.17699115044247787,-0.09990009990008704,-0.27671443600645856,COMPLETE
2026-09-03 16:29:58.475,v1.6.9,20260903_082920_WIDE_HIGH_GAP_SHADOW_E008_162652158745,WIDE_HIGH_GAP_SHADOW,082920,비츠로셀,2026-09-03 16:26:52.158,28250.0,28278.249999999996,NXT_AFTER,NXT_AFTER,2026-09-03 16:26:52.146,,,2026-09-03 16:26:52.146,28250.0,,,False,,2026-09-03 16:26:55.637,28200.0,3.490791,-0.17699115044247787,-0.27671443600645856,0.17699115044247787,180,186.317,28250.0,0.0,-0.09990009990008704,0.0,-0.17699115044247787,-0.09990009990008704,-0.27671443600645856,COMPLETE
2026-09-03 16:32:09.154,v1.6.9,20260903_082920_WIDE_HIGH_GAP_SHADOW_E008_162652158745,WIDE_HIGH_GAP_SHADOW,082920,비츠로셀,2026-09-03 16:26:52.158,28250.0,28278.249999999996,NXT_AFTER,NXT_AFTER,2026-09-03 16:26:52.146,,,2026-09-03 16:26:52.146,28250.0,,,False,,2026-09-03 16:26:55.637,28200.0,3.490791,-0.17699115044247787,-0.27671443600645856,0.17699115044247787,300,316.996,28200.0,-0.17699115044247787,-0.27671443600645856,0.0,-0.17699115044247787,-0.09990009990008704,-0.27671443600645856,COMPLETE
2026-09-03 16:46:18.190,v1.6.9,20260903_082920_WIDE_HIGH_GAP_SHADOW_E009_164546399211,WIDE_HIGH_GAP_SHADOW,082920,비츠로셀,2026-09-03 16:45:46.399,28250.0,28278.249999999996,NXT_AFTER,NXT_AFTER,2026-09-03 16:45:46.392,,,2026-09-03 16:45:46.392,28250.0,,,False,,2026-09-03 16:46:18.190,28150.0,31.798887,-0.35398230088495575,-0.4535287721128301,0.35398230088495575,30,31.792,28150.0,-0.35398230088495575,-0.4535287721128301,0.0,-0.35398230088495575,-0.09990009990008704,-0.4535287721128301,COMPLETE
2026-09-03 16:46:48.292,v1.6.9,20260903_082920_WIDE_HIGH_GAP_SHADOW_E009_164546399211,WIDE_HIGH_GAP_SHADOW,082920,비츠로셀,2026-09-03 16:45:46.399,28250.0,28278.249999999996,NXT_AFTER,NXT_AFTER,2026-09-03 16:45:46.392,,,2026-09-03 16:45:46.392,28250.0,,,False,,2026-09-03 16:46:18.190,28150.0,31.798887,-0.35398230088495575,-0.4535287721128301,0.35398230088495575,60,61.893,28150.0,-0.35398230088495575,-0.4535287721128301,0.0,-0.5309734513274336,-0.09990009990008704,-0.6303431082192016,COMPLETE
2026-09-03 16:47:56.393,v1.6.9,20260903_082920_WIDE_HIGH_GAP_SHADOW_E009_164546399211,WIDE_HIGH_GAP_SHADOW,082920,비츠로셀,2026-09-03 16:45:46.399,28250.0,28278.249999999996,NXT_AFTER,NXT_AFTER,2026-09-03 16:45:46.392,,,2026-09-03 16:45:46.392,28250.0,,,False,,2026-09-03 16:46:18.190,28150.0,31.798887,-0.35398230088495575,-0.4535287721128301,0.35398230088495575,120,129.994,28150.0,-0.35398230088495575,-0.4535287721128301,0.0,-0.5309734513274336,-0.09990009990008704,-0.6303431082192016,COMPLETE
2026-09-03 16:48:47.395,v1.6.9,20260903_082920_WIDE_HIGH_GAP_SHADOW_E009_164546399211,WIDE_HIGH_GAP_SHADOW,082920,비츠로셀,2026-09-03 16:45:46.399,28250.0,28278.249999999996,NXT_AFTER,NXT_AFTER,2026-09-03 16:45:46.392,,,2026-09-03 16:45:46.392,28250.0,,,False,,2026-09-03 16:46:18.190,28150.0,31.798887,-0.35398230088495575,-0.4535287721128301,0.35398230088495575,180,180.997,28100.0,-0.5309734513274336,-0.6303431082192016,0.0,-0.5309734513274336,-0.09990009990008704,-0.6303431082192016,COMPLETE
2026-09-03 16:50:57.298,v1.6.9,20260903_082920_WIDE_HIGH_GAP_SHADOW_E009_164546399211,WIDE_HIGH_GAP_SHADOW,082920,비츠로셀,2026-09-03 16:45:46.399,28250.0,28278.249999999996,NXT_AFTER,NXT_AFTER,2026-09-03 16:45:46.392,,,2026-09-03 16:45:46.392,28250.0,,,False,,2026-09-03 16:46:18.190,28150.0,31.798887,-0.35398230088495575,-0.4535287721128301,0.35398230088495575,300,310.9,28100.0,-0.5309734513274336,-0.6303431082192016,0.0,-0.5309734513274336,-0.09990009990008704,-0.6303431082192016,COMPLETE
2026-09-03 16:53:49.603,v1.6.9,20260903_082920_WIDE_HIGH_GAP_SHADOW_E010_165308163859,WIDE_HIGH_GAP_SHADOW,082920,비츠로셀,2026-09-03 16:53:08.163,28250.0,28278.249999999996,NXT_AFTER,NXT_AFTER,2026-09-03 16:53:08.156,,,2026-09-03 16:53:08.156,28250.0,,,False,,2026-09-03 16:53:15.703,28150.0,7.546286,-0.35398230088495575,-0.4535287721128301,0.35398230088495575,30,41.439,28150.0,-0.35398230088495575,-0.4535287721128301,0.0,-0.35398230088495575,-0.09990009990008704,-0.4535287721128301,COMPLETE
2026-09-03 16:54:15.407,v1.6.9,20260903_082920_WIDE_HIGH_GAP_SHADOW_E010_165308163859,WIDE_HIGH_GAP_SHADOW,082920,비츠로셀,2026-09-03 16:53:08.163,28250.0,28278.249999999996,NXT_AFTER,NXT_AFTER,2026-09-03 16:53:08.156,,,2026-09-03 16:53:08.156,28250.0,,,False,,2026-09-03 16:53:15.703,28150.0,7.546286,-0.35398230088495575,-0.4535287721128301,0.35398230088495575,60,67.244,28150.0,-0.35398230088495575,-0.4535287721128301,0.0,-0.35398230088495575,-0.09990009990008704,-0.4535287721128301,COMPLETE
2026-09-03 16:55:33.111,v1.6.9,20260903_082920_WIDE_HIGH_GAP_SHADOW_E010_165308163859,WIDE_HIGH_GAP_SHADOW,082920,비츠로셀,2026-09-03 16:53:08.163,28250.0,28278.249999999996,NXT_AFTER,NXT_AFTER,2026-09-03 16:53:08.156,,,2026-09-03 16:53:08.156,28250.0,,,False,,2026-09-03 16:53:15.703,28150.0,7.546286,-0.35398230088495575,-0.4535287721128301,0.35398230088495575,120,144.948,28150.0,-0.35398230088495575,-0.4535287721128301,0.0,-0.35398230088495575,-0.09990009990008704,-0.4535287721128301,COMPLETE
2026-09-03 16:56:11.805,v1.6.9,20260903_082920_WIDE_HIGH_GAP_SHADOW_E010_165308163859,WIDE_HIGH_GAP_SHADOW,082920,비츠로셀,2026-09-03 16:53:08.163,28250.0,28278.249999999996,NXT_AFTER,NXT_AFTER,2026-09-03 16:53:08.156,,,2026-09-03 16:53:08.156,28250.0,,,False,,2026-09-03 16:53:15.703,28150.0,7.546286,-0.35398230088495575,-0.4535287721128301,0.35398230088495575,180,183.642,28150.0,-0.35398230088495575,-0.4535287721128301,0.0,-0.35398230088495575,-0.09990009990008704,-0.4535287721128301,COMPLETE
2026-09-03 16:58:10.106,v1.6.9,20260903_082920_WIDE_HIGH_GAP_SHADOW_E010_165308163859,WIDE_HIGH_GAP_SHADOW,082920,비츠로셀,2026-09-03 16:53:08.163,28250.0,28278.249999999996,NXT_AFTER,NXT_AFTER,2026-09-03 16:53:08.156,,,2026-09-03 16:53:08.156,28250.0,,,False,,2026-09-03 16:53:15.703,28150.0,7.546286,-0.35398230088495575,-0.4535287721128301,0.35398230088495575,300,301.942,28150.0,-0.35398230088495575,-0.4535287721128301,0.0,-0.35398230088495575,-0.09990009990008704,-0.4535287721128301,COMPLETE
2026-09-03 17:03:36.712,v1.6.9,20260903_082920_WIDE_HIGH_GAP_SHADOW_E011_170303866600,WIDE_HIGH_GAP_SHADOW,082920,비츠로셀,2026-09-03 17:03:03.866,28250.0,28278.249999999996,NXT_AFTER,NXT_AFTER,2026-09-03 17:03:03.848,,,2026-09-03 17:03:03.848,28250.0,,,False,,2026-09-03 17:03:36.712,28100.0,32.863665,-0.5309734513274336,-0.6303431082192016,0.5309734513274336,30,32.846,28100.0,-0.5309734513274336,-0.6303431082192016,0.0,-0.5309734513274336,-0.09990009990008704,-0.6303431082192016,COMPLETE
2026-09-03 17:04:15.113,v1.6.9,20260903_082920_WIDE_HIGH_GAP_SHADOW_E011_170303866600,WIDE_HIGH_GAP_SHADOW,082920,비츠로셀,2026-09-03 17:03:03.866,28250.0,28278.249999999996,NXT_AFTER,NXT_AFTER,2026-09-03 17:03:03.848,,,2026-09-03 17:03:03.848,28250.0,,,False,,2026-09-03 17:03:36.712,28100.0,32.863665,-0.5309734513274336,-0.6303431082192016,0.5309734513274336,60,71.247,28100.0,-0.5309734513274336,-0.6303431082192016,0.0,-0.8849557522123894,-0.09990009990008704,-0.9839717804319448,COMPLETE
2026-09-03 17:05:15.314,v1.6.9,20260903_082920_WIDE_HIGH_GAP_SHADOW_E011_170303866600,WIDE_HIGH_GAP_SHADOW,082920,비츠로셀,2026-09-03 17:03:03.866,28250.0,28278.249999999996,NXT_AFTER,NXT_AFTER,2026-09-03 17:03:03.848,,,2026-09-03 17:03:03.848,28250.0,,,False,,2026-09-03 17:03:36.712,28100.0,32.863665,-0.5309734513274336,-0.6303431082192016,0.5309734513274336,120,131.448,28050.0,-0.7079646017699115,-0.8071574443255732,0.0,-0.8849557522123894,-0.09990009990008704,-0.9839717804319448,COMPLETE
2026-09-03 17:06:04.816,v1.6.9,20260903_082920_WIDE_HIGH_GAP_SHADOW_E011_170303866600,WIDE_HIGH_GAP_SHADOW,082920,비츠로셀,2026-09-03 17:03:03.866,28250.0,28278.249999999996,NXT_AFTER,NXT_AFTER,2026-09-03 17:03:03.848,,,2026-09-03 17:03:03.848,28250.0,,,False,,2026-09-03 17:03:36.712,28100.0,32.863665,-0.5309734513274336,-0.6303431082192016,0.5309734513274336,180,180.949,28050.0,-0.7079646017699115,-0.8071574443255732,0.0,-0.8849557522123894,-0.09990009990008704,-0.9839717804319448,COMPLETE
2026-09-03 17:08:06.026,v1.6.9,20260903_082920_WIDE_HIGH_GAP_SHADOW_E011_170303866600,WIDE_HIGH_GAP_SHADOW,082920,비츠로셀,2026-09-03 17:03:03.866,28250.0,28278.249999999996,NXT_AFTER,NXT_AFTER,2026-09-03 17:03:03.848,,,2026-09-03 17:03:03.848,28250.0,,,False,,2026-09-03 17:03:36.712,28100.0,32.863665,-0.5309734513274336,-0.6303431082192016,0.5309734513274336,300,302.16,28000.0,-0.8849557522123894,-0.9839717804319448,0.0,-1.0619469026548671,-0.09990009990008704,-1.1607861165383162,COMPLETE
2026-09-03 17:34:30.549,v1.6.9,20260903_082920_WIDE_HIGH_GAP_SHADOW_E012_173357959596,WIDE_HIGH_GAP_SHADOW,082920,비츠로셀,2026-09-03 17:33:57.959,28250.0,28278.249999999996,NXT_AFTER,NXT_AFTER,2026-09-03 17:33:57.946,,,2026-09-03 17:33:57.946,28250.0,,,False,,2026-09-03 17:33:59.249,28200.0,1.302551,-0.17699115044247787,-0.27671443600645856,0.17699115044247787,30,32.59,28150.0,-0.35398230088495575,-0.4535287721128301,0.0,-0.35398230088495575,-0.09990009990008704,-0.4535287721128301,COMPLETE
2026-09-03 17:35:26.149,v1.6.9,20260903_082920_WIDE_HIGH_GAP_SHADOW_E012_173357959596,WIDE_HIGH_GAP_SHADOW,082920,비츠로셀,2026-09-03 17:33:57.959,28250.0,28278.249999999996,NXT_AFTER,NXT_AFTER,2026-09-03 17:33:57.946,,,2026-09-03 17:33:57.946,28250.0,,,False,,2026-09-03 17:33:59.249,28200.0,1.302551,-0.17699115044247787,-0.27671443600645856,0.17699115044247787,60,88.19,28150.0,-0.35398230088495575,-0.4535287721128301,0.0,-0.35398230088495575,-0.09990009990008704,-0.4535287721128301,COMPLETE
2026-09-03 17:36:00.349,v1.6.9,20260903_082920_WIDE_HIGH_GAP_SHADOW_E012_173357959596,WIDE_HIGH_GAP_SHADOW,082920,비츠로셀,2026-09-03 17:33:57.959,28250.0,28278.249999999996,NXT_AFTER,NXT_AFTER,2026-09-03 17:33:57.946,,,2026-09-03 17:33:57.946,28250.0,,,False,,2026-09-03 17:33:59.249,28200.0,1.302551,-0.17699115044247787,-0.27671443600645856,0.17699115044247787,120,122.39,28150.0,-0.35398230088495575,-0.4535287721128301,0.0,-0.35398230088495575,-0.09990009990008704,-0.4535287721128301,COMPLETE
2026-09-03 17:37:02.851,v1.6.9,20260903_082920_WIDE_HIGH_GAP_SHADOW_E012_173357959596,WIDE_HIGH_GAP_SHADOW,082920,비츠로셀,2026-09-03 17:33:57.959,28250.0,28278.249999999996,NXT_AFTER,NXT_AFTER,2026-09-03 17:33:57.946,,,2026-09-03 17:33:57.946,28250.0,,,False,,2026-09-03 17:33:59.249,28200.0,1.302551,-0.17699115044247787,-0.27671443600645856,0.17699115044247787,180,184.892,28250.0,0.0,-0.09990009990008704,0.0,-0.8849557522123894,-0.09990009990008704,-0.9839717804319448,COMPLETE
2026-09-03 17:38:46.961,v1.6.9,20260903_082920_WIDE_HIGH_GAP_SHADOW_E013_173751172817,WIDE_HIGH_GAP_SHADOW,082920,비츠로셀,2026-09-03 17:37:51.172,28250.0,28278.249999999996,NXT_AFTER,NXT_AFTER,2026-09-03 17:37:51.133,,,2026-09-03 17:37:51.133,28250.0,,,False,,,,,,,,30,55.789,28250.0,0.0,-0.09990009990008704,0.0,0.0,-0.09990009990008704,-0.09990009990008704,COMPLETE
2026-09-03 17:39:12.249,v1.6.9,20260903_082920_WIDE_HIGH_GAP_SHADOW_E013_173751172817,WIDE_HIGH_GAP_SHADOW,082920,비츠로셀,2026-09-03 17:37:51.172,28250.0,28278.249999999996,NXT_AFTER,NXT_AFTER,2026-09-03 17:37:51.133,,,2026-09-03 17:37:51.133,28250.0,,,False,,2026-09-03 17:38:47.849,28150.0,56.716123,-0.35398230088495575,-0.4535287721128301,0.35398230088495575,60,81.077,28100.0,-0.5309734513274336,-0.6303431082192016,0.0,-0.5309734513274336,-0.09990009990008704,-0.6303431082192016,COMPLETE
2026-09-03 17:39:12.249,v1.6.9,20260903_082920_WIDE_HIGH_GAP_SHADOW_E012_173357959596,WIDE_HIGH_GAP_SHADOW,082920,비츠로셀,2026-09-03 17:33:57.959,28250.0,28278.249999999996,NXT_AFTER,NXT_AFTER,2026-09-03 17:33:57.946,,,2026-09-03 17:33:57.946,28250.0,,,False,,2026-09-03 17:33:59.249,28200.0,1.302551,-0.17699115044247787,-0.27671443600645856,0.17699115044247787,300,314.29,28100.0,-0.5309734513274336,-0.6303431082192016,0.0,-0.8849557522123894,-0.09990009990008704,-0.9839717804319448,COMPLETE
2026-09-03 17:40:01.550,v1.6.9,20260903_082920_WIDE_HIGH_GAP_SHADOW_E013_173751172817,WIDE_HIGH_GAP_SHADOW,082920,비츠로셀,2026-09-03 17:37:51.172,28250.0,28278.249999999996,NXT_AFTER,NXT_AFTER,2026-09-03 17:37:51.133,,,2026-09-03 17:37:51.133,28250.0,,,False,,2026-09-03 17:38:47.849,28150.0,56.716123,-0.35398230088495575,-0.4535287721128301,0.35398230088495575,120,130.378,28100.0,-0.5309734513274336,-0.6303431082192016,0.0,-0.5309734513274336,-0.09990009990008704,-0.6303431082192016,COMPLETE
2026-09-03 17:40:54.150,v1.6.9,20260903_082920_WIDE_HIGH_GAP_SHADOW_E013_173751172817,WIDE_HIGH_GAP_SHADOW,082920,비츠로셀,2026-09-03 17:37:51.172,28250.0,28278.249999999996,NXT_AFTER,NXT_AFTER,2026-09-03 17:37:51.133,,,2026-09-03 17:37:51.133,28250.0,,,False,,2026-09-03 17:38:47.849,28150.0,56.716123,-0.35398230088495575,-0.4535287721128301,0.35398230088495575,180,182.977,28100.0,-0.5309734513274336,-0.6303431082192016,0.0,-0.5309734513274336,-0.09990009990008704,-0.6303431082192016,COMPLETE
2026-09-03 17:43:00.249,v1.6.9,20260903_082920_WIDE_HIGH_GAP_SHADOW_E013_173751172817,WIDE_HIGH_GAP_SHADOW,082920,비츠로셀,2026-09-03 17:37:51.172,28250.0,28278.249999999996,NXT_AFTER,NXT_AFTER,2026-09-03 17:37:51.133,,,2026-09-03 17:37:51.133,28250.0,,,False,,2026-09-03 17:38:47.849,28150.0,56.716123,-0.35398230088495575,-0.4535287721128301,0.35398230088495575,300,309.077,28150.0,-0.35398230088495575,-0.4535287721128301,0.0,-0.5309734513274336,-0.09990009990008704,-0.6303431082192016,COMPLETE
2026-09-03 17:43:59.021,v1.6.9,20260903_082920_WIDE_HIGH_GAP_SHADOW_E014_174307796139,WIDE_HIGH_GAP_SHADOW,082920,비츠로셀,2026-09-03 17:43:07.796,28250.0,28278.249999999996,NXT_AFTER,NXT_AFTER,2026-09-03 17:43:07.787,,,2026-09-03 17:43:07.787,28250.0,,,False,,,,,,,,30,51.226,28250.0,0.0,-0.09990009990008704,0.0,0.0,-0.09990009990008704,-0.09990009990008704,COMPLETE
2026-09-03 17:44:36.749,v1.6.9,20260903_082920_WIDE_HIGH_GAP_SHADOW_E014_174307796139,WIDE_HIGH_GAP_SHADOW,082920,비츠로셀,2026-09-03 17:43:07.796,28250.0,28278.249999999996,NXT_AFTER,NXT_AFTER,2026-09-03 17:43:07.787,,,2026-09-03 17:43:07.787,28250.0,,,False,,2026-09-03 17:44:06.350,28200.0,58.562799,-0.17699115044247787,-0.27671443600645856,0.17699115044247787,60,88.954,28150.0,-0.35398230088495575,-0.4535287721128301,0.0,-0.35398230088495575,-0.09990009990008704,-0.4535287721128301,COMPLETE
2026-09-03 17:45:24.749,v1.6.9,20260903_082920_WIDE_HIGH_GAP_SHADOW_E014_174307796139,WIDE_HIGH_GAP_SHADOW,082920,비츠로셀,2026-09-03 17:43:07.796,28250.0,28278.249999999996,NXT_AFTER,NXT_AFTER,2026-09-03 17:43:07.787,,,2026-09-03 17:43:07.787,28250.0,,,False,,2026-09-03 17:44:06.350,28200.0,58.562799,-0.17699115044247787,-0.27671443600645856,0.17699115044247787,120,136.954,28150.0,-0.35398230088495575,-0.4535287721128301,0.0,-0.35398230088495575,-0.09990009990008704,-0.4535287721128301,COMPLETE
2026-09-03 17:46:14.349,v1.6.9,20260903_082920_WIDE_HIGH_GAP_SHADOW_E014_174307796139,WIDE_HIGH_GAP_SHADOW,082920,비츠로셀,2026-09-03 17:43:07.796,28250.0,28278.249999999996,NXT_AFTER,NXT_AFTER,2026-09-03 17:43:07.787,,,2026-09-03 17:43:07.787,28250.0,,,False,,2026-09-03 17:44:06.350,28200.0,58.562799,-0.17699115044247787,-0.27671443600645856,0.17699115044247787,180,186.553,28150.0,-0.35398230088495575,-0.4535287721128301,0.0,-0.35398230088495575,-0.09990009990008704,-0.4535287721128301,COMPLETE
2026-09-03 17:48:16.749,v1.6.9,20260903_082920_WIDE_HIGH_GAP_SHADOW_E014_174307796139,WIDE_HIGH_GAP_SHADOW,082920,비츠로셀,2026-09-03 17:43:07.796,28250.0,28278.249999999996,NXT_AFTER,NXT_AFTER,2026-09-03 17:43:07.787,,,2026-09-03 17:43:07.787,28250.0,,,False,,2026-09-03 17:44:06.350,28200.0,58.562799,-0.17699115044247787,-0.27671443600645856,0.17699115044247787,300,308.953,28150.0,-0.35398230088495575,-0.4535287721128301,0.0,-0.35398230088495575,-0.09990009990008704,-0.4535287721128301,COMPLETE
2026-09-03 17:53:50.159,v1.6.9,20260903_082920_WIDE_HIGH_GAP_SHADOW_E015_175316070973,WIDE_HIGH_GAP_SHADOW,082920,비츠로셀,2026-09-03 17:53:16.070,28250.0,28278.249999999996,NXT_AFTER,NXT_AFTER,2026-09-03 17:53:16.046,,,2026-09-03 17:53:16.046,28250.0,,,False,,2026-09-03 17:53:32.359,28150.0,16.312896,-0.35398230088495575,-0.4535287721128301,0.35398230088495575,30,34.088,28150.0,-0.35398230088495575,-0.4535287721128301,0.0,-0.35398230088495575,-0.09990009990008704,-0.4535287721128301,COMPLETE
2026-09-03 17:54:21.259,v1.6.9,20260903_082920_WIDE_HIGH_GAP_SHADOW_E015_175316070973,WIDE_HIGH_GAP_SHADOW,082920,비츠로셀,2026-09-03 17:53:16.070,28250.0,28278.249999999996,NXT_AFTER,NXT_AFTER,2026-09-03 17:53:16.046,,,2026-09-03 17:53:16.046,28250.0,,,False,,2026-09-03 17:53:32.359,28150.0,16.312896,-0.35398230088495575,-0.4535287721128301,0.35398230088495575,60,65.189,28150.0,-0.35398230088495575,-0.4535287721128301,0.0,-0.35398230088495575,-0.09990009990008704,-0.4535287721128301,COMPLETE
2026-09-03 17:55:18.361,v1.6.9,20260903_082920_WIDE_HIGH_GAP_SHADOW_E015_175316070973,WIDE_HIGH_GAP_SHADOW,082920,비츠로셀,2026-09-03 17:53:16.070,28250.0,28278.249999999996,NXT_AFTER,NXT_AFTER,2026-09-03 17:53:16.046,,,2026-09-03 17:53:16.046,28250.0,,,False,,2026-09-03 17:53:32.359,28150.0,16.312896,-0.35398230088495575,-0.4535287721128301,0.35398230088495575,120,122.291,28150.0,-0.35398230088495575,-0.4535287721128301,0.0,-0.35398230088495575,-0.09990009990008704,-0.4535287721128301,COMPLETE
2026-09-03 17:56:20.160,v1.6.9,20260903_082920_WIDE_HIGH_GAP_SHADOW_E015_175316070973,WIDE_HIGH_GAP_SHADOW,082920,비츠로셀,2026-09-03 17:53:16.070,28250.0,28278.249999999996,NXT_AFTER,NXT_AFTER,2026-09-03 17:53:16.046,,,2026-09-03 17:53:16.046,28250.0,,,False,,2026-09-03 17:53:32.359,28150.0,16.312896,-0.35398230088495575,-0.4535287721128301,0.35398230088495575,180,184.089,28150.0,-0.35398230088495575,-0.4535287721128301,0.0,-0.35398230088495575,-0.09990009990008704,-0.4535287721128301,COMPLETE
2026-09-03 17:58:37.959,v1.6.9,20260903_082920_WIDE_HIGH_GAP_SHADOW_E015_175316070973,WIDE_HIGH_GAP_SHADOW,082920,비츠로셀,2026-09-03 17:53:16.070,28250.0,28278.249999999996,NXT_AFTER,NXT_AFTER,2026-09-03 17:53:16.046,,,2026-09-03 17:53:16.046,28250.0,,,False,,2026-09-03 17:53:32.359,28150.0,16.312896,-0.35398230088495575,-0.4535287721128301,0.35398230088495575,300,321.888,28200.0,-0.17699115044247787,-0.27671443600645856,0.0,-0.35398230088495575,-0.09990009990008704,-0.4535287721128301,COMPLETE
2026-09-03 18:15:15.064,v1.6.9,20260903_082920_WIDE_HIGH_GAP_SHADOW_E016_181442039391,WIDE_HIGH_GAP_SHADOW,082920,비츠로셀,2026-09-03 18:14:42.039,28250.0,28278.249999999996,NXT_AFTER,NXT_AFTER,2026-09-03 18:14:42.012,,,2026-09-03 18:14:42.012,28250.0,,,False,,2026-09-03 18:14:55.965,28150.0,13.952901,-0.35398230088495575,-0.4535287721128301,0.35398230088495575,30,33.025,28150.0,-0.35398230088495575,-0.4535287721128301,0.0,-0.35398230088495575,-0.09990009990008704,-0.4535287721128301,COMPLETE
2026-09-03 18:15:52.373,v1.6.9,20260903_082920_WIDE_HIGH_GAP_SHADOW_E016_181442039391,WIDE_HIGH_GAP_SHADOW,082920,비츠로셀,2026-09-03 18:14:42.039,28250.0,28278.249999999996,NXT_AFTER,NXT_AFTER,2026-09-03 18:14:42.012,,,2026-09-03 18:14:42.012,28250.0,,,False,,2026-09-03 18:14:55.965,28150.0,13.952901,-0.35398230088495575,-0.4535287721128301,0.35398230088495575,60,70.335,28150.0,-0.35398230088495575,-0.4535287721128301,0.0,-0.35398230088495575,-0.09990009990008704,-0.4535287721128301,COMPLETE
2026-09-03 18:17:01.636,v1.6.9,20260903_082920_WIDE_HIGH_GAP_SHADOW_E016_181442039391,WIDE_HIGH_GAP_SHADOW,082920,비츠로셀,2026-09-03 18:14:42.039,28250.0,28278.249999999996,NXT_AFTER,NXT_AFTER,2026-09-03 18:14:42.012,,,2026-09-03 18:14:42.012,28250.0,,,False,,2026-09-03 18:14:55.965,28150.0,13.952901,-0.35398230088495575,-0.4535287721128301,0.35398230088495575,120,139.597,28250.0,0.0,-0.09990009990008704,0.0,-0.5309734513274336,-0.09990009990008704,-0.6303431082192016,COMPLETE
2026-09-03 18:17:57.966,v1.6.9,20260903_082920_WIDE_HIGH_GAP_SHADOW_E016_181442039391,WIDE_HIGH_GAP_SHADOW,082920,비츠로셀,2026-09-03 18:14:42.039,28250.0,28278.249999999996,NXT_AFTER,NXT_AFTER,2026-09-03 18:14:42.012,,,2026-09-03 18:14:42.012,28250.0,,,False,,2026-09-03 18:14:55.965,28150.0,13.952901,-0.35398230088495575,-0.4535287721128301,0.35398230088495575,180,195.927,28150.0,-0.35398230088495575,-0.4535287721128301,0.0,-0.5309734513274336,-0.09990009990008704,-0.6303431082192016,COMPLETE
2026-09-03 18:18:19.065,v1.6.9,20260903_082920_WIDE_HIGH_GAP_SHADOW_E017_181742104297,WIDE_HIGH_GAP_SHADOW,082920,비츠로셀,2026-09-03 18:17:42.104,28250.0,28278.249999999996,NXT_AFTER,NXT_AFTER,2026-09-03 18:17:42.095,,,2026-09-03 18:17:42.095,28250.0,,,False,,2026-09-03 18:17:57.966,28150.0,15.870963,-0.35398230088495575,-0.4535287721128301,0.35398230088495575,30,36.961,28150.0,-0.35398230088495575,-0.4535287721128301,0.0,-0.35398230088495575,-0.09990009990008704,-0.4535287721128301,COMPLETE
2026-09-03 18:18:59.962,v1.6.9,20260903_082920_WIDE_HIGH_GAP_SHADOW_E017_181742104297,WIDE_HIGH_GAP_SHADOW,082920,비츠로셀,2026-09-03 18:17:42.104,28250.0,28278.249999999996,NXT_AFTER,NXT_AFTER,2026-09-03 18:17:42.095,,,2026-09-03 18:17:42.095,28250.0,,,False,,2026-09-03 18:17:57.966,28150.0,15.870963,-0.35398230088495575,-0.4535287721128301,0.35398230088495575,60,77.858,28150.0,-0.35398230088495575,-0.4535287721128301,0.0,-0.35398230088495575,-0.09990009990008704,-0.4535287721128301,COMPLETE
2026-09-03 18:20:04.462,v1.6.9,20260903_082920_WIDE_HIGH_GAP_SHADOW_E017_181742104297,WIDE_HIGH_GAP_SHADOW,082920,비츠로셀,2026-09-03 18:17:42.104,28250.0,28278.249999999996,NXT_AFTER,NXT_AFTER,2026-09-03 18:17:42.095,,,2026-09-03 18:17:42.095,28250.0,,,False,,2026-09-03 18:17:57.966,28150.0,15.870963,-0.35398230088495575,-0.4535287721128301,0.35398230088495575,120,142.358,28100.0,-0.5309734513274336,-0.6303431082192016,0.0,-0.5309734513274336,-0.09990009990008704,-0.6303431082192016,COMPLETE
2026-09-03 18:20:04.462,v1.6.9,20260903_082920_WIDE_HIGH_GAP_SHADOW_E016_181442039391,WIDE_HIGH_GAP_SHADOW,082920,비츠로셀,2026-09-03 18:14:42.039,28250.0,28278.249999999996,NXT_AFTER,NXT_AFTER,2026-09-03 18:14:42.012,,,2026-09-03 18:14:42.012,28250.0,,,False,,2026-09-03 18:14:55.965,28150.0,13.952901,-0.35398230088495575,-0.4535287721128301,0.35398230088495575,300,322.423,28100.0,-0.5309734513274336,-0.6303431082192016,0.0,-0.5309734513274336,-0.09990009990008704,-0.6303431082192016,COMPLETE
2026-09-03 18:20:56.604,v1.6.9,20260903_082920_WIDE_HIGH_GAP_SHADOW_E017_181742104297,WIDE_HIGH_GAP_SHADOW,082920,비츠로셀,2026-09-03 18:17:42.104,28250.0,28278.249999999996,NXT_AFTER,NXT_AFTER,2026-09-03 18:17:42.095,,,2026-09-03 18:17:42.095,28250.0,,,False,,2026-09-03 18:17:57.966,28150.0,15.870963,-0.35398230088495575,-0.4535287721128301,0.35398230088495575,180,194.5,28250.0,0.0,-0.09990009990008704,0.0,-0.5309734513274336,-0.09990009990008704,-0.6303431082192016,COMPLETE
2026-09-03 18:23:02.795,v1.6.9,20260903_082920_WIDE_HIGH_GAP_SHADOW_E017_181742104297,WIDE_HIGH_GAP_SHADOW,082920,비츠로셀,2026-09-03 18:17:42.104,28250.0,28278.249999999996,NXT_AFTER,NXT_AFTER,2026-09-03 18:17:42.095,,,2026-09-03 18:17:42.095,28250.0,,,False,,2026-09-03 18:17:57.966,28150.0,15.870963,-0.35398230088495575,-0.4535287721128301,0.35398230088495575,300,320.691,28250.0,0.0,-0.09990009990008704,0.0,-0.5309734513274336,-0.09990009990008704,-0.6303431082192016,COMPLETE
2026-09-03 18:23:02.795,v1.6.9,20260903_082920_WIDE_HIGH_GAP_SHADOW_E018_182213009281,WIDE_HIGH_GAP_SHADOW,082920,비츠로셀,2026-09-03 18:22:13.009,28250.0,28278.249999999996,NXT_AFTER,NXT_AFTER,2026-09-03 18:22:12.995,,,2026-09-03 18:22:12.995,28250.0,,,False,,2026-09-03 18:22:15.661,28150.0,2.666502,-0.35398230088495575,-0.4535287721128301,0.35398230088495575,30,49.786,28250.0,0.0,-0.09990009990008704,0.0,-0.35398230088495575,-0.09990009990008704,-0.4535287721128301,COMPLETE
2026-09-03 18:23:14.461,v1.6.9,20260903_082920_WIDE_HIGH_GAP_SHADOW_E018_182213009281,WIDE_HIGH_GAP_SHADOW,082920,비츠로셀,2026-09-03 18:22:13.009,28250.0,28278.249999999996,NXT_AFTER,NXT_AFTER,2026-09-03 18:22:12.995,,,2026-09-03 18:22:12.995,28250.0,,,False,,2026-09-03 18:22:15.661,28150.0,2.666502,-0.35398230088495575,-0.4535287721128301,0.35398230088495575,60,61.452,28100.0,-0.5309734513274336,-0.6303431082192016,0.0,-0.5309734513274336,-0.09990009990008704,-0.6303431082192016,COMPLETE
2026-09-03 18:24:33.993,v1.6.9,20260903_082920_WIDE_HIGH_GAP_SHADOW_E018_182213009281,WIDE_HIGH_GAP_SHADOW,082920,비츠로셀,2026-09-03 18:22:13.009,28250.0,28278.249999999996,NXT_AFTER,NXT_AFTER,2026-09-03 18:22:12.995,,,2026-09-03 18:22:12.995,28250.0,,,False,,2026-09-03 18:22:15.661,28150.0,2.666502,-0.35398230088495575,-0.4535287721128301,0.35398230088495575,120,140.984,28250.0,0.0,-0.09990009990008704,0.0,-0.5309734513274336,-0.09990009990008704,-0.6303431082192016,COMPLETE
2026-09-03 18:25:21.082,v1.6.9,20260903_082920_WIDE_HIGH_GAP_SHADOW_E019_182429029663,WIDE_HIGH_GAP_SHADOW,082920,비츠로셀,2026-09-03 18:24:29.029,28250.0,28278.249999999996,NXT_AFTER,NXT_AFTER,2026-09-03 18:24:28.999,,,2026-09-03 18:24:28.999,28250.0,,,False,,,,,,,,30,52.052,28250.0,0.0,-0.09990009990008704,0.0,0.0,-0.09990009990008704,-0.09990009990008704,COMPLETE
2026-09-03 18:25:21.082,v1.6.9,20260903_082920_WIDE_HIGH_GAP_SHADOW_E018_182213009281,WIDE_HIGH_GAP_SHADOW,082920,비츠로셀,2026-09-03 18:22:13.009,28250.0,28278.249999999996,NXT_AFTER,NXT_AFTER,2026-09-03 18:22:12.995,,,2026-09-03 18:22:12.995,28250.0,,,False,,2026-09-03 18:22:15.661,28150.0,2.666502,-0.35398230088495575,-0.4535287721128301,0.35398230088495575,180,188.073,28250.0,0.0,-0.09990009990008704,0.0,-0.5309734513274336,-0.09990009990008704,-0.6303431082192016,COMPLETE
2026-09-03 18:26:06.360,v1.6.9,20260903_082920_WIDE_HIGH_GAP_SHADOW_E019_182429029663,WIDE_HIGH_GAP_SHADOW,082920,비츠로셀,2026-09-03 18:24:29.029,28250.0,28278.249999999996,NXT_AFTER,NXT_AFTER,2026-09-03 18:24:28.999,,,2026-09-03 18:24:28.999,28250.0,,,False,,2026-09-03 18:26:06.360,28100.0,97.360924,-0.5309734513274336,-0.6303431082192016,0.5309734513274336,60,97.331,28100.0,-0.5309734513274336,-0.6303431082192016,0.0,-0.5309734513274336,-0.09990009990008704,-0.6303431082192016,COMPLETE
2026-09-03 18:26:32.560,v1.6.9,20260903_082920_WIDE_HIGH_GAP_SHADOW_E019_182429029663,WIDE_HIGH_GAP_SHADOW,082920,비츠로셀,2026-09-03 18:24:29.029,28250.0,28278.249999999996,NXT_AFTER,NXT_AFTER,2026-09-03 18:24:28.999,,,2026-09-03 18:24:28.999,28250.0,,,False,,2026-09-03 18:26:06.360,28100.0,97.360924,-0.5309734513274336,-0.6303431082192016,0.5309734513274336,120,123.53,28100.0,-0.5309734513274336,-0.6303431082192016,0.0,-0.5309734513274336,-0.09990009990008704,-0.6303431082192016,COMPLETE
2026-09-03 18:27:41.494,v1.6.9,20260903_082920_WIDE_HIGH_GAP_SHADOW_E019_182429029663,WIDE_HIGH_GAP_SHADOW,082920,비츠로셀,2026-09-03 18:24:29.029,28250.0,28278.249999999996,NXT_AFTER,NXT_AFTER,2026-09-03 18:24:28.999,,,2026-09-03 18:24:28.999,28250.0,,,False,,2026-09-03 18:26:06.360,28100.0,97.360924,-0.5309734513274336,-0.6303431082192016,0.5309734513274336,180,192.465,28250.0,0.0,-0.09990009990008704,0.0,-0.7079646017699115,-0.09990009990008704,-0.8071574443255732,COMPLETE
2026-09-03 18:27:41.494,v1.6.9,20260903_082920_WIDE_HIGH_GAP_SHADOW_E018_182213009281,WIDE_HIGH_GAP_SHADOW,082920,비츠로셀,2026-09-03 18:22:13.009,28250.0,28278.249999999996,NXT_AFTER,NXT_AFTER,2026-09-03 18:22:12.995,,,2026-09-03 18:22:12.995,28250.0,,,False,,2026-09-03 18:22:15.661,28150.0,2.666502,-0.35398230088495575,-0.4535287721128301,0.35398230088495575,300,328.486,28250.0,0.0,-0.09990009990008704,0.0,-0.7079646017699115,-0.09990009990008704,-0.8071574443255732,COMPLETE
2026-09-03 18:29:56.971,v1.6.9,20260903_082920_WIDE_HIGH_GAP_SHADOW_E019_182429029663,WIDE_HIGH_GAP_SHADOW,082920,비츠로셀,2026-09-03 18:24:29.029,28250.0,28278.249999999996,NXT_AFTER,NXT_AFTER,2026-09-03 18:24:28.999,,,2026-09-03 18:24:28.999,28250.0,,,False,,2026-09-03 18:26:06.360,28100.0,97.360924,-0.5309734513274336,-0.6303431082192016,0.5309734513274336,300,327.941,28250.0,0.0,-0.09990009990008704,0.0,-0.7079646017699115,-0.09990009990008704,-0.8071574443255732,COMPLETE
2026-09-03 18:29:56.971,v1.6.9,20260903_082920_WIDE_HIGH_GAP_SHADOW_E020_182904092185,WIDE_HIGH_GAP_SHADOW,082920,비츠로셀,2026-09-03 18:29:04.092,28250.0,28278.249999999996,NXT_AFTER,NXT_AFTER,2026-09-03 18:29:04.075,,,2026-09-03 18:29:04.075,28250.0,,,False,,,,,,,,30,52.879,28250.0,0.0,-0.09990009990008704,0.0,0.0,-0.09990009990008704,-0.09990009990008704,COMPLETE
2026-09-03 18:30:49.414,v1.6.9,20260903_082920_WIDE_HIGH_GAP_SHADOW_E020_182904092185,WIDE_HIGH_GAP_SHADOW,082920,비츠로셀,2026-09-03 18:29:04.092,28250.0,28278.249999999996,NXT_AFTER,NXT_AFTER,2026-09-03 18:29:04.075,,,2026-09-03 18:29:04.075,28250.0,,,False,,,,,,,,60,105.322,28250.0,0.0,-0.09990009990008704,0.0,0.0,-0.09990009990008704,-0.09990009990008704,COMPLETE
2026-09-03 18:31:11.457,v1.6.9,20260903_047050_PRE_FAIL_PULLBACK_SHADOW_E002_183040666775,PRE_FAIL_PULLBACK_SHADOW,047050,포스코인터내셔널,2026-09-03 18:30:40.666,55500.0,55555.49999999999,NXT_AFTER,NXT_AFTER,2026-09-03 18:30:40.546,2026-09-03 18:30:40.546,55500.0,2026-09-03 18:30:40.546,55500.0,0.0,0.0,False,,2026-09-03 18:30:41.058,56200.0,0.512522,1.2612612612612613,1.1601011601011733,1.2612612612612613,30,30.791,56300.0,1.4414414414414414,1.3401013401013533,1.4414414414414414,0.0,1.3401013401013533,-0.09990009990008683,COMPLETE
2026-09-03 18:31:11.457,v1.6.9,20260903_047050_BASE_E002_183040631875,BASE,047050,포스코인터내셔널,2026-09-03 18:30:40.631,55500.0,55555.49999999999,NXT_AFTER,NXT_AFTER,2026-09-03 18:30:40.546,2026-09-03 18:30:40.546,55500.0,2026-09-03 18:30:40.546,55500.0,0.0,0.0,False,,2026-09-03 18:30:41.058,56200.0,0.512522,1.2612612612612613,1.1601011601011733,1.2612612612612613,30,30.826,56300.0,1.4414414414414414,1.3401013401013533,1.4414414414414414,0.0,1.3401013401013533,-0.09990009990008683,COMPLETE
2026-09-03 18:31:13.184,v1.6.9,20260903_082920_WIDE_HIGH_GAP_SHADOW_E020_182904092185,WIDE_HIGH_GAP_SHADOW,082920,비츠로셀,2026-09-03 18:29:04.092,28250.0,28278.249999999996,NXT_AFTER,NXT_AFTER,2026-09-03 18:29:04.075,,,2026-09-03 18:29:04.075,28250.0,,,False,,2026-09-03 18:30:53.958,28050.0,109.883625,-0.7079646017699115,-0.8071574443255732,0.7079646017699115,120,129.092,28050.0,-0.7079646017699115,-0.8071574443255732,0.0,-0.7079646017699115,-0.09990009990008704,-0.8071574443255732,COMPLETE
2026-09-03 18:31:41.857,v1.6.9,20260903_047050_PRE_FAIL_PULLBACK_SHADOW_E002_183040666775,PRE_FAIL_PULLBACK_SHADOW,047050,포스코인터내셔널,2026-09-03 18:30:40.666,55500.0,55555.49999999999,NXT_AFTER,NXT_AFTER,2026-09-03 18:30:40.546,2026-09-03 18:30:40.546,55500.0,2026-09-03 18:30:40.546,55500.0,0.0,0.0,False,,2026-09-03 18:30:41.058,56200.0,0.512522,1.2612612612612613,1.1601011601011733,1.2612612612612613,60,61.191,56500.0,1.8018018018018018,1.7001017001017134,1.8018018018018018,0.0,1.7001017001017134,-0.09990009990008683,COMPLETE
2026-09-03 18:31:41.857,v1.6.9,20260903_047050_BASE_E002_183040631875,BASE,047050,포스코인터내셔널,2026-09-03 18:30:40.631,55500.0,55555.49999999999,NXT_AFTER,NXT_AFTER,2026-09-03 18:30:40.546,2026-09-03 18:30:40.546,55500.0,2026-09-03 18:30:40.546,55500.0,0.0,0.0,False,,2026-09-03 18:30:41.058,56200.0,0.512522,1.2612612612612613,1.1601011601011733,1.2612612612612613,60,61.226,56500.0,1.8018018018018018,1.7001017001017134,1.8018018018018018,0.0,1.7001017001017134,-0.09990009990008683,COMPLETE
2026-09-03 18:32:14.458,v1.6.9,20260903_082920_WIDE_HIGH_GAP_SHADOW_E020_182904092185,WIDE_HIGH_GAP_SHADOW,082920,비츠로셀,2026-09-03 18:29:04.092,28250.0,28278.249999999996,NXT_AFTER,NXT_AFTER,2026-09-03 18:29:04.075,,,2026-09-03 18:29:04.075,28250.0,,,False,,2026-09-03 18:30:53.958,28050.0,109.883625,-0.7079646017699115,-0.8071574443255732,0.7079646017699115,180,190.367,28050.0,-0.7079646017699115,-0.8071574443255732,0.0,-0.7079646017699115,-0.09990009990008704,-0.8071574443255732,COMPLETE
2026-09-03 18:32:40.759,v1.6.9,20260903_047050_PRE_FAIL_PULLBACK_SHADOW_E002_183040666775,PRE_FAIL_PULLBACK_SHADOW,047050,포스코인터내셔널,2026-09-03 18:30:40.666,55500.0,55555.49999999999,NXT_AFTER,NXT_AFTER,2026-09-03 18:30:40.546,2026-09-03 18:30:40.546,55500.0,2026-09-03 18:30:40.546,55500.0,0.0,0.0,False,,2026-09-03 18:30:41.058,56200.0,0.512522,1.2612612612612613,1.1601011601011733,1.2612612612612613,120,120.092,56700.0,2.1621621621621623,2.0601020601020736,2.7027027027027026,0.0,2.6001026001026135,-0.09990009990008683,COMPLETE
2026-09-03 18:32:40.759,v1.6.9,20260903_047050_BASE_E002_183040631875,BASE,047050,포스코인터내셔널,2026-09-03 18:30:40.631,55500.0,55555.49999999999,NXT_AFTER,NXT_AFTER,2026-09-03 18:30:40.546,2026-09-03 18:30:40.546,55500.0,2026-09-03 18:30:40.546,55500.0,0.0,0.0,False,,2026-09-03 18:30:41.058,56200.0,0.512522,1.2612612612612613,1.1601011601011733,1.2612612612612613,120,120.127,56700.0,2.1621621621621623,2.0601020601020736,2.7027027027027026,0.0,2.6001026001026135,-0.09990009990008683,COMPLETE
2026-09-03 18:33:40.767,v1.6.9,20260903_047050_PRE_FAIL_PULLBACK_SHADOW_E002_183040666775,PRE_FAIL_PULLBACK_SHADOW,047050,포스코인터내셔널,2026-09-03 18:30:40.666,55500.0,55555.49999999999,NXT_AFTER,NXT_AFTER,2026-09-03 18:30:40.546,2026-09-03 18:30:40.546,55500.0,2026-09-03 18:30:40.546,55500.0,0.0,0.0,False,,2026-09-03 18:30:41.058,56200.0,0.512522,1.2612612612612613,1.1601011601011733,1.2612612612612613,180,180.1,56500.0,1.8018018018018018,1.7001017001017134,2.7027027027027026,0.0,2.6001026001026135,-0.09990009990008683,COMPLETE
2026-09-03 18:33:40.767,v1.6.9,20260903_047050_BASE_E002_183040631875,BASE,047050,포스코인터내셔널,2026-09-03 18:30:40.631,55500.0,55555.49999999999,NXT_AFTER,NXT_AFTER,2026-09-03 18:30:40.546,2026-09-03 18:30:40.546,55500.0,2026-09-03 18:30:40.546,55500.0,0.0,0.0,False,,2026-09-03 18:30:41.058,56200.0,0.512522,1.2612612612612613,1.1601011601011733,1.2612612612612613,180,180.135,56500.0,1.8018018018018018,1.7001017001017134,2.7027027027027026,0.0,2.6001026001026135,-0.09990009990008683,COMPLETE
2026-09-03 18:34:04.467,v1.6.9,20260903_082920_WIDE_HIGH_GAP_SHADOW_E020_182904092185,WIDE_HIGH_GAP_SHADOW,082920,비츠로셀,2026-09-03 18:29:04.092,28250.0,28278.249999999996,NXT_AFTER,NXT_AFTER,2026-09-03 18:29:04.075,,,2026-09-03 18:29:04.075,28250.0,,,False,,2026-09-03 18:30:53.958,28050.0,109.883625,-0.7079646017699115,-0.8071574443255732,0.7079646017699115,300,300.375,28000.0,-0.8849557522123894,-0.9839717804319448,0.0,-0.8849557522123894,-0.09990009990008704,-0.9839717804319448,COMPLETE
2026-09-03 18:35:40.766,v1.6.9,20260903_047050_PRE_FAIL_PULLBACK_SHADOW_E002_183040666775,PRE_FAIL_PULLBACK_SHADOW,047050,포스코인터내셔널,2026-09-03 18:30:40.666,55500.0,55555.49999999999,NXT_AFTER,NXT_AFTER,2026-09-03 18:30:40.546,2026-09-03 18:30:40.546,55500.0,2026-09-03 18:30:40.546,55500.0,0.0,0.0,False,,2026-09-03 18:30:41.058,56200.0,0.512522,1.2612612612612613,1.1601011601011733,1.2612612612612613,300,300.1,57300.0,3.2432432432432434,3.140103140103154,3.6036036036036037,0.0,3.500103500103514,-0.09990009990008683,COMPLETE
2026-09-03 18:35:40.766,v1.6.9,20260903_047050_BASE_E002_183040631875,BASE,047050,포스코인터내셔널,2026-09-03 18:30:40.631,55500.0,55555.49999999999,NXT_AFTER,NXT_AFTER,2026-09-03 18:30:40.546,2026-09-03 18:30:40.546,55500.0,2026-09-03 18:30:40.546,55500.0,0.0,0.0,False,,2026-09-03 18:30:41.058,56200.0,0.512522,1.2612612612612613,1.1601011601011733,1.2612612612612613,300,300.135,57300.0,3.2432432432432434,3.140103140103154,3.6036036036036037,0.0,3.500103500103514,-0.09990009990008683,COMPLETE
2026-09-03 18:35:59.666,v1.6.9,20260903_000720_WIDE_HIGH_GAP_SHADOW_E013_183522096603,WIDE_HIGH_GAP_SHADOW,000720,현대건설,2026-09-03 18:35:22.096,119500.0,119619.49999999999,NXT_AFTER,NXT_AFTER,2026-09-03 18:35:22.079,,,2026-09-03 18:35:22.079,119500.0,,,False,,2026-09-03 18:35:42.265,118200.0,20.186371,-1.0878661087866108,-1.1866794293572416,1.0878661087866108,30,37.569,118200.0,-1.0878661087866108,-1.1866794293572416,0.0,-1.0878661087866108,-0.09990009990008776,-1.1866794293572416,COMPLETE
2026-09-03 18:36:23.265,v1.6.9,20260903_000720_WIDE_HIGH_GAP_SHADOW_E013_183522096603,WIDE_HIGH_GAP_SHADOW,000720,현대건설,2026-09-03 18:35:22.096,119500.0,119619.49999999999,NXT_AFTER,NXT_AFTER,2026-09-03 18:35:22.079,,,2026-09-03 18:35:22.079,119500.0,,,False,,2026-09-03 18:35:42.265,118200.0,20.186371,-1.0878661087866108,-1.1866794293572416,1.0878661087866108,60,61.169,118200.0,-1.0878661087866108,-1.1866794293572416,0.0,-1.0878661087866108,-0.09990009990008776,-1.1866794293572416,COMPLETE
2026-09-03 18:37:22.264,v1.6.9,20260903_000720_WIDE_HIGH_GAP_SHADOW_E013_183522096603,WIDE_HIGH_GAP_SHADOW,000720,현대건설,2026-09-03 18:35:22.096,119500.0,119619.49999999999,NXT_AFTER,NXT_AFTER,2026-09-03 18:35:22.079,,,2026-09-03 18:35:22.079,119500.0,,,False,,2026-09-03 18:35:42.265,118200.0,20.186371,-1.0878661087866108,-1.1866794293572416,1.0878661087866108,120,120.168,118200.0,-1.0878661087866108,-1.1866794293572416,0.0,-1.0878661087866108,-0.09990009990008776,-1.1866794293572416,COMPLETE
2026-09-03 18:38:28.264,v1.6.9,20260903_000720_WIDE_HIGH_GAP_SHADOW_E013_183522096603,WIDE_HIGH_GAP_SHADOW,000720,현대건설,2026-09-03 18:35:22.096,119500.0,119619.49999999999,NXT_AFTER,NXT_AFTER,2026-09-03 18:35:22.079,,,2026-09-03 18:35:22.079,119500.0,,,False,,2026-09-03 18:35:42.265,118200.0,20.186371,-1.0878661087866108,-1.1866794293572416,1.0878661087866108,180,186.168,118300.0,-1.00418410041841,-1.1030810193989988,0.0,-1.0878661087866108,-0.09990009990008776,-1.1866794293572416,COMPLETE
2026-09-03 18:39:06.066,v1.6.9,20260903_000720_WIDE_HIGH_GAP_SHADOW_E014_183817846847,WIDE_HIGH_GAP_SHADOW,000720,현대건설,2026-09-03 18:38:17.846,119500.0,119619.49999999999,NXT_AFTER,NXT_AFTER,2026-09-03 18:38:17.837,,,2026-09-03 18:38:17.837,119500.0,,,False,,2026-09-03 18:38:28.264,118300.0,10.426593,-1.00418410041841,-1.1030810193989988,1.00418410041841,30,48.219,118300.0,-1.00418410041841,-1.1030810193989988,0.0,-1.0878661087866108,-0.09990009990008776,-1.1866794293572416,COMPLETE
2026-09-03 18:39:21.564,v1.6.9,20260903_000720_WIDE_HIGH_GAP_SHADOW_E014_183817846847,WIDE_HIGH_GAP_SHADOW,000720,현대건설,2026-09-03 18:38:17.846,119500.0,119619.49999999999,NXT_AFTER,NXT_AFTER,2026-09-03 18:38:17.837,,,2026-09-03 18:38:17.837,119500.0,,,False,,2026-09-03 18:38:28.264,118300.0,10.426593,-1.00418410041841,-1.1030810193989988,1.00418410041841,60,63.718,118300.0,-1.00418410041841,-1.1030810193989988,0.0,-1.0878661087866108,-0.09990009990008776,-1.1866794293572416,COMPLETE
2026-09-03 18:40:32.063,v1.6.9,20260903_031980_WIDE_HIGH_GAP_SHADOW_E005_183952081437,WIDE_HIGH_GAP_SHADOW,031980,피에스케이홀딩스,2026-09-03 18:39:52.081,129500.0,129629.49999999999,NXT_AFTER,NXT_AFTER,2026-09-03 18:39:52.008,,,2026-09-03 18:39:52.008,129500.0,,,False,,2026-09-03 18:39:56.164,128100.0,4.156132,-1.0810810810810811,-1.1799011799011687,1.0810810810810811,30,39.982,128100.0,-1.0810810810810811,-1.1799011799011687,0.0,-1.0810810810810811,-0.09990009990008869,-1.1799011799011687,COMPLETE
2026-09-03 18:40:34.466,v1.6.9,20260903_000720_WIDE_HIGH_GAP_SHADOW_E014_183817846847,WIDE_HIGH_GAP_SHADOW,000720,현대건설,2026-09-03 18:38:17.846,119500.0,119619.49999999999,NXT_AFTER,NXT_AFTER,2026-09-03 18:38:17.837,,,2026-09-03 18:38:17.837,119500.0,,,False,,2026-09-03 18:38:28.264,118300.0,10.426593,-1.00418410041841,-1.1030810193989988,1.00418410041841,120,136.619,118200.0,-1.0878661087866108,-1.1866794293572416,0.0,-1.0878661087866108,-0.09990009990008776,-1.1866794293572416,COMPLETE
2026-09-03 18:40:34.466,v1.6.9,20260903_000720_WIDE_HIGH_GAP_SHADOW_E013_183522096603,WIDE_HIGH_GAP_SHADOW,000720,현대건설,2026-09-03 18:35:22.096,119500.0,119619.49999999999,NXT_AFTER,NXT_AFTER,2026-09-03 18:35:22.079,,,2026-09-03 18:35:22.079,119500.0,,,False,,2026-09-03 18:35:42.265,118200.0,20.186371,-1.0878661087866108,-1.1866794293572416,1.0878661087866108,300,312.369,118200.0,-1.0878661087866108,-1.1866794293572416,0.0,-1.0878661087866108,-0.09990009990008776,-1.1866794293572416,COMPLETE
2026-09-03 18:41:27.842,v1.6.9,20260903_031980_WIDE_HIGH_GAP_SHADOW_E005_183952081437,WIDE_HIGH_GAP_SHADOW,031980,피에스케이홀딩스,2026-09-03 18:39:52.081,129500.0,129629.49999999999,NXT_AFTER,NXT_AFTER,2026-09-03 18:39:52.008,,,2026-09-03 18:39:52.008,129500.0,,,False,,2026-09-03 18:39:56.164,128100.0,4.156132,-1.0810810810810811,-1.1799011799011687,1.0810810810810811,60,95.761,129500.0,0.0,-0.09990009990008869,0.0,-1.0810810810810811,-0.09990009990008869,-1.1799011799011687,COMPLETE
2026-09-03 18:41:58.962,v1.6.9,20260903_000720_WIDE_HIGH_GAP_SHADOW_E014_183817846847,WIDE_HIGH_GAP_SHADOW,000720,현대건설,2026-09-03 18:38:17.846,119500.0,119619.49999999999,NXT_AFTER,NXT_AFTER,2026-09-03 18:38:17.837,,,2026-09-03 18:38:17.837,119500.0,,,False,,2026-09-03 18:38:28.264,118300.0,10.426593,-1.00418410041841,-1.1030810193989988,1.00418410041841,180,221.116,118100.0,-1.1715481171548117,-1.270277839315484,0.0,-1.1715481171548117,-0.09990009990008776,-1.270277839315484,COMPLETE
2026-09-03 18:42:16.504,v1.6.9,20260903_031980_WIDE_HIGH_GAP_SHADOW_E005_183952081437,WIDE_HIGH_GAP_SHADOW,031980,피에스케이홀딩스,2026-09-03 18:39:52.081,129500.0,129629.49999999999,NXT_AFTER,NXT_AFTER,2026-09-03 18:39:52.008,,,2026-09-03 18:39:52.008,129500.0,,,False,,2026-09-03 18:39:56.164,128100.0,4.156132,-1.0810810810810811,-1.1799011799011687,1.0810810810810811,120,144.423,129500.0,0.0,-0.09990009990008869,0.0,-1.0810810810810811,-0.09990009990008869,-1.1799011799011687,COMPLETE
2026-09-03 18:42:47.862,v1.6.9,20260903_082920_WIDE_HIGH_GAP_SHADOW_E021_184211764573,WIDE_HIGH_GAP_SHADOW,082920,비츠로셀,2026-09-03 18:42:11.764,28250.0,28278.249999999996,NXT_AFTER,NXT_AFTER,2026-09-03 18:42:11.746,,,2026-09-03 18:42:11.746,28250.0,,,False,,2026-09-03 18:42:25.362,28050.0,13.615898,-0.7079646017699115,-0.8071574443255732,0.7079646017699115,30,36.098,28050.0,-0.7079646017699115,-0.8071574443255732,0.0,-0.7079646017699115,-0.09990009990008704,-0.8071574443255732,COMPLETE
2026-09-03 18:42:59.256,v1.6.9,20260903_031980_WIDE_HIGH_GAP_SHADOW_E005_183952081437,WIDE_HIGH_GAP_SHADOW,031980,피에스케이홀딩스,2026-09-03 18:39:52.081,129500.0,129629.49999999999,NXT_AFTER,NXT_AFTER,2026-09-03 18:39:52.008,,,2026-09-03 18:39:52.008,129500.0,,,False,,2026-09-03 18:39:56.164,128100.0,4.156132,-1.0810810810810811,-1.1799011799011687,1.0810810810810811,180,187.175,129500.0,0.0,-0.09990009990008869,0.0,-1.0810810810810811,-0.09990009990008869,-1.1799011799011687,COMPLETE
2026-09-03 18:43:14.262,v1.6.9,20260903_082920_WIDE_HIGH_GAP_SHADOW_E021_184211764573,WIDE_HIGH_GAP_SHADOW,082920,비츠로셀,2026-09-03 18:42:11.764,28250.0,28278.249999999996,NXT_AFTER,NXT_AFTER,2026-09-03 18:42:11.746,,,2026-09-03 18:42:11.746,28250.0,,,False,,2026-09-03 18:42:25.362,28050.0,13.615898,-0.7079646017699115,-0.8071574443255732,0.7079646017699115,60,62.498,28050.0,-0.7079646017699115,-0.8071574443255732,0.0,-0.7079646017699115,-0.09990009990008704,-0.8071574443255732,COMPLETE
2026-09-03 18:43:28.364,v1.6.9,20260903_000720_WIDE_HIGH_GAP_SHADOW_E014_183817846847,WIDE_HIGH_GAP_SHADOW,000720,현대건설,2026-09-03 18:38:17.846,119500.0,119619.49999999999,NXT_AFTER,NXT_AFTER,2026-09-03 18:38:17.837,,,2026-09-03 18:38:17.837,119500.0,,,False,,2026-09-03 18:38:28.264,118300.0,10.426593,-1.00418410041841,-1.1030810193989988,1.00418410041841,300,310.518,118100.0,-1.1715481171548117,-1.270277839315484,0.0,-1.1715481171548117,-0.09990009990008776,-1.270277839315484,COMPLETE
2026-09-03 18:44:33.303,v1.6.9,20260903_082920_WIDE_HIGH_GAP_SHADOW_E021_184211764573,WIDE_HIGH_GAP_SHADOW,082920,비츠로셀,2026-09-03 18:42:11.764,28250.0,28278.249999999996,NXT_AFTER,NXT_AFTER,2026-09-03 18:42:11.746,,,2026-09-03 18:42:11.746,28250.0,,,False,,2026-09-03 18:42:25.362,28050.0,13.615898,-0.7079646017699115,-0.8071574443255732,0.7079646017699115,120,141.539,28250.0,0.0,-0.09990009990008704,0.0,-0.7079646017699115,-0.09990009990008704,-0.8071574443255732,COMPLETE
2026-09-03 18:45:13.161,v1.6.9,20260903_031980_WIDE_HIGH_GAP_SHADOW_E005_183952081437,WIDE_HIGH_GAP_SHADOW,031980,피에스케이홀딩스,2026-09-03 18:39:52.081,129500.0,129629.49999999999,NXT_AFTER,NXT_AFTER,2026-09-03 18:39:52.008,,,2026-09-03 18:39:52.008,129500.0,,,False,,2026-09-03 18:39:56.164,128100.0,4.156132,-1.0810810810810811,-1.1799011799011687,1.0810810810810811,300,321.08,128000.0,-1.1583011583011582,-1.2570441141869604,0.0,-1.1583011583011582,-0.09990009990008869,-1.2570441141869604,COMPLETE
2026-09-03 18:45:17.853,v1.6.9,20260903_082920_WIDE_HIGH_GAP_SHADOW_E021_184211764573,WIDE_HIGH_GAP_SHADOW,082920,비츠로셀,2026-09-03 18:42:11.764,28250.0,28278.249999999996,NXT_AFTER,NXT_AFTER,2026-09-03 18:42:11.746,,,2026-09-03 18:42:11.746,28250.0,,,False,,2026-09-03 18:42:25.362,28050.0,13.615898,-0.7079646017699115,-0.8071574443255732,0.7079646017699115,180,186.089,28250.0,0.0,-0.09990009990008704,0.0,-0.7079646017699115,-0.09990009990008704,-0.8071574443255732,COMPLETE
2026-09-03 18:47:28.362,v1.6.9,20260903_082920_WIDE_HIGH_GAP_SHADOW_E021_184211764573,WIDE_HIGH_GAP_SHADOW,082920,비츠로셀,2026-09-03 18:42:11.764,28250.0,28278.249999999996,NXT_AFTER,NXT_AFTER,2026-09-03 18:42:11.746,,,2026-09-03 18:42:11.746,28250.0,,,False,,2026-09-03 18:42:25.362,28050.0,13.615898,-0.7079646017699115,-0.8071574443255732,0.7079646017699115,300,316.598,28050.0,-0.7079646017699115,-0.8071574443255732,0.0,-0.8849557522123894,-0.09990009990008704,-0.9839717804319448,COMPLETE
2026-09-03 18:49:03.059,v1.6.9,20260903_031980_WIDE_HIGH_GAP_SHADOW_E006_184819167347,WIDE_HIGH_GAP_SHADOW,031980,피에스케이홀딩스,2026-09-03 18:48:19.167,129500.0,129629.49999999999,NXT_AFTER,NXT_AFTER,2026-09-03 18:48:19.157,,,2026-09-03 18:48:19.157,129500.0,,,False,,2026-09-03 18:48:44.561,128100.0,25.404744,-1.0810810810810811,-1.1799011799011687,1.0810810810810811,30,43.892,128100.0,-1.0810810810810811,-1.1799011799011687,0.0,-1.0810810810810811,-0.09990009990008869,-1.1799011799011687,COMPLETE
2026-09-03 18:49:53.510,v1.6.9,20260903_031980_WIDE_HIGH_GAP_SHADOW_E006_184819167347,WIDE_HIGH_GAP_SHADOW,031980,피에스케이홀딩스,2026-09-03 18:48:19.167,129500.0,129629.49999999999,NXT_AFTER,NXT_AFTER,2026-09-03 18:48:19.157,,,2026-09-03 18:48:19.157,129500.0,,,False,,2026-09-03 18:48:44.561,128100.0,25.404744,-1.0810810810810811,-1.1799011799011687,1.0810810810810811,60,94.344,129500.0,0.0,-0.09990009990008869,0.0,-1.1583011583011582,-0.09990009990008869,-1.2570441141869604,COMPLETE
2026-09-03 18:50:20.458,v1.6.9,20260903_031980_WIDE_HIGH_GAP_SHADOW_E006_184819167347,WIDE_HIGH_GAP_SHADOW,031980,피에스케이홀딩스,2026-09-03 18:48:19.167,129500.0,129629.49999999999,NXT_AFTER,NXT_AFTER,2026-09-03 18:48:19.157,,,2026-09-03 18:48:19.157,129500.0,,,False,,2026-09-03 18:48:44.561,128100.0,25.404744,-1.0810810810810811,-1.1799011799011687,1.0810810810810811,120,121.291,128100.0,-1.0810810810810811,-1.1799011799011687,0.0,-1.1583011583011582,-0.09990009990008869,-1.2570441141869604,COMPLETE
2026-09-03 18:52:08.026,v1.6.9,20260903_031980_WIDE_HIGH_GAP_SHADOW_E006_184819167347,WIDE_HIGH_GAP_SHADOW,031980,피에스케이홀딩스,2026-09-03 18:48:19.167,129500.0,129629.49999999999,NXT_AFTER,NXT_AFTER,2026-09-03 18:48:19.157,,,2026-09-03 18:48:19.157,129500.0,,,False,,2026-09-03 18:48:44.561,128100.0,25.404744,-1.0810810810810811,-1.1799011799011687,1.0810810810810811,180,228.859,129500.0,0.0,-0.09990009990008869,0.0,-1.1583011583011582,-0.09990009990008869,-1.2570441141869604,COMPLETE
2026-09-03 18:52:08.026,v1.6.9,20260903_031980_WIDE_HIGH_GAP_SHADOW_E007_185121721392,WIDE_HIGH_GAP_SHADOW,031980,피에스케이홀딩스,2026-09-03 18:51:21.721,129500.0,129629.49999999999,NXT_AFTER,NXT_AFTER,2026-09-03 18:51:21.689,,,2026-09-03 18:51:21.689,129500.0,,,False,,,,,,,,30,46.305,129500.0,0.0,-0.09990009990008869,0.0,0.0,-0.09990009990008869,-0.09990009990008869,COMPLETE
2026-09-03 18:52:51.919,v1.6.9,20260903_031980_WIDE_HIGH_GAP_SHADOW_E007_185121721392,WIDE_HIGH_GAP_SHADOW,031980,피에스케이홀딩스,2026-09-03 18:51:21.721,129500.0,129629.49999999999,NXT_AFTER,NXT_AFTER,2026-09-03 18:51:21.689,,,2026-09-03 18:51:21.689,129500.0,,,False,,,,,,,,60,90.198,129500.0,0.0,-0.09990009990008869,0.0,0.0,-0.09990009990008869,-0.09990009990008869,COMPLETE
2026-09-03 18:53:37.865,v1.6.9,20260903_031980_WIDE_HIGH_GAP_SHADOW_E006_184819167347,WIDE_HIGH_GAP_SHADOW,031980,피에스케이홀딩스,2026-09-03 18:48:19.167,129500.0,129629.49999999999,NXT_AFTER,NXT_AFTER,2026-09-03 18:48:19.157,,,2026-09-03 18:48:19.157,129500.0,,,False,,2026-09-03 18:48:44.561,128100.0,25.404744,-1.0810810810810811,-1.1799011799011687,1.0810810810810811,300,318.699,129500.0,0.0,-0.09990009990008869,0.0,-1.1583011583011582,-0.09990009990008869,-1.2570441141869604,COMPLETE
2026-09-03 18:53:37.865,v1.6.9,20260903_031980_WIDE_HIGH_GAP_SHADOW_E007_185121721392,WIDE_HIGH_GAP_SHADOW,031980,피에스케이홀딩스,2026-09-03 18:51:21.721,129500.0,129629.49999999999,NXT_AFTER,NXT_AFTER,2026-09-03 18:51:21.689,,,2026-09-03 18:51:21.689,129500.0,,,False,,2026-09-03 18:53:12.556,128000.0,110.866897,-1.1583011583011582,-1.2570441141869604,1.1583011583011582,120,136.145,129500.0,0.0,-0.09990009990008869,0.0,-1.1583011583011582,-0.09990009990008869,-1.2570441141869604,COMPLETE
2026-09-03 18:54:28.458,v1.6.9,20260903_031980_WIDE_HIGH_GAP_SHADOW_E007_185121721392,WIDE_HIGH_GAP_SHADOW,031980,피에스케이홀딩스,2026-09-03 18:51:21.721,129500.0,129629.49999999999,NXT_AFTER,NXT_AFTER,2026-09-03 18:51:21.689,,,2026-09-03 18:51:21.689,129500.0,,,False,,2026-09-03 18:53:12.556,128000.0,110.866897,-1.1583011583011582,-1.2570441141869604,1.1583011583011582,180,186.737,129500.0,0.0,-0.09990009990008869,0.0,-1.1583011583011582,-0.09990009990008869,-1.2570441141869604,COMPLETE
2026-09-03 18:56:30.666,v1.6.9,20260903_031980_WIDE_HIGH_GAP_SHADOW_E007_185121721392,WIDE_HIGH_GAP_SHADOW,031980,피에스케이홀딩스,2026-09-03 18:51:21.721,129500.0,129629.49999999999,NXT_AFTER,NXT_AFTER,2026-09-03 18:51:21.689,,,2026-09-03 18:51:21.689,129500.0,,,False,,2026-09-03 18:53:12.556,128000.0,110.866897,-1.1583011583011582,-1.2570441141869604,1.1583011583011582,300,308.945,128100.0,-1.0810810810810811,-1.1799011799011687,0.0,-1.1583011583011582,-0.09990009990008869,-1.2570441141869604,COMPLETE
2026-09-03 18:58:00.216,v1.6.9,20260903_031980_WIDE_HIGH_GAP_SHADOW_E008_185714439059,WIDE_HIGH_GAP_SHADOW,031980,피에스케이홀딩스,2026-09-03 18:57:14.439,129500.0,129629.49999999999,NXT_AFTER,NXT_AFTER,2026-09-03 18:57:14.428,,,2026-09-03 18:57:14.428,129500.0,,,False,,2026-09-03 18:57:38.964,128200.0,24.535548,-1.0038610038610039,-1.1027582456153773,1.0038610038610039,30,45.778,129500.0,0.0,-0.09990009990008869,0.0,-1.0038610038610039,-0.09990009990008869,-1.1027582456153773,COMPLETE
2026-09-03 18:58:41.850,v1.6.9,20260903_031980_WIDE_HIGH_GAP_SHADOW_E008_185714439059,WIDE_HIGH_GAP_SHADOW,031980,피에스케이홀딩스,2026-09-03 18:57:14.439,129500.0,129629.49999999999,NXT_AFTER,NXT_AFTER,2026-09-03 18:57:14.428,,,2026-09-03 18:57:14.428,129500.0,,,False,,2026-09-03 18:57:38.964,128200.0,24.535548,-1.0038610038610039,-1.1027582456153773,1.0038610038610039,60,87.412,129500.0,0.0,-0.09990009990008869,0.0,-1.0038610038610039,-0.09990009990008869,-1.1027582456153773,COMPLETE
2026-09-03 18:59:29.434,v1.6.9,20260903_031980_WIDE_HIGH_GAP_SHADOW_E008_185714439059,WIDE_HIGH_GAP_SHADOW,031980,피에스케이홀딩스,2026-09-03 18:57:14.439,129500.0,129629.49999999999,NXT_AFTER,NXT_AFTER,2026-09-03 18:57:14.428,,,2026-09-03 18:57:14.428,129500.0,,,False,,2026-09-03 18:57:38.964,128200.0,24.535548,-1.0038610038610039,-1.1027582456153773,1.0038610038610039,120,134.996,129500.0,0.0,-0.09990009990008869,0.0,-1.0038610038610039,-0.09990009990008869,-1.1027582456153773,COMPLETE
2026-09-03 19:00:21.162,v1.6.9,20260903_031980_WIDE_HIGH_GAP_SHADOW_E008_185714439059,WIDE_HIGH_GAP_SHADOW,031980,피에스케이홀딩스,2026-09-03 18:57:14.439,129500.0,129629.49999999999,NXT_AFTER,NXT_AFTER,2026-09-03 18:57:14.428,,,2026-09-03 18:57:14.428,129500.0,,,False,,2026-09-03 18:57:38.964,128200.0,24.535548,-1.0038610038610039,-1.1027582456153773,1.0038610038610039,180,186.724,128500.0,-0.7722007722007722,-0.8713294427580031,0.0,-1.0038610038610039,-0.09990009990008869,-1.1027582456153773,COMPLETE
2026-09-03 19:02:32.474,v1.6.9,20260903_031980_WIDE_HIGH_GAP_SHADOW_E008_185714439059,WIDE_HIGH_GAP_SHADOW,031980,피에스케이홀딩스,2026-09-03 18:57:14.439,129500.0,129629.49999999999,NXT_AFTER,NXT_AFTER,2026-09-03 18:57:14.428,,,2026-09-03 18:57:14.428,129500.0,,,False,,2026-09-03 18:57:38.964,128200.0,24.535548,-1.0038610038610039,-1.1027582456153773,1.0038610038610039,300,318.035,129500.0,0.0,-0.09990009990008869,0.0,-1.0038610038610039,-0.09990009990008869,-1.1027582456153773,COMPLETE
2026-09-03 19:33:39.752,v1.6.9,20260903_484120_WIDE_HIGH_GAP_SHADOW_E002_193304611622,WIDE_HIGH_GAP_SHADOW,484120,도우인시스,2026-09-03 19:33:04.611,20950.0,20970.949999999997,NXT_AFTER,NXT_AFTER,2026-09-03 19:33:04.603,,,2026-09-03 19:33:04.603,20950.0,,,False,,2026-09-03 19:33:07.252,21050.0,2.648907,0.47732696897374705,0.3769500189548062,0.47732696897374705,30,35.141,21100.0,0.7159904534606205,0.6153750783822522,0.7159904534606205,0.0,0.6153750783822522,-0.09990009990008604,COMPLETE
2026-09-03 19:34:09.749,v1.6.9,20260903_484120_WIDE_HIGH_GAP_SHADOW_E002_193304611622,WIDE_HIGH_GAP_SHADOW,484120,도우인시스,2026-09-03 19:33:04.611,20950.0,20970.949999999997,NXT_AFTER,NXT_AFTER,2026-09-03 19:33:04.603,,,2026-09-03 19:33:04.603,20950.0,,,False,,2026-09-03 19:33:07.252,21050.0,2.648907,0.47732696897374705,0.3769500189548062,0.47732696897374705,60,65.138,21100.0,0.7159904534606205,0.6153750783822522,0.7159904534606205,0.0,0.6153750783822522,-0.09990009990008604,COMPLETE
2026-09-03 19:35:15.248,v1.6.9,20260903_484120_WIDE_HIGH_GAP_SHADOW_E002_193304611622,WIDE_HIGH_GAP_SHADOW,484120,도우인시스,2026-09-03 19:33:04.611,20950.0,20970.949999999997,NXT_AFTER,NXT_AFTER,2026-09-03 19:33:04.603,,,2026-09-03 19:33:04.603,20950.0,,,False,,2026-09-03 19:33:07.252,21050.0,2.648907,0.47732696897374705,0.3769500189548062,0.47732696897374705,120,130.637,21100.0,0.7159904534606205,0.6153750783822522,0.7159904534606205,0.0,0.6153750783822522,-0.09990009990008604,COMPLETE
2026-09-03 19:35:50.510,v1.6.9,20260903_031980_WIDE_HIGH_GAP_SHADOW_E009_193507954981,WIDE_HIGH_GAP_SHADOW,031980,피에스케이홀딩스,2026-09-03 19:35:07.954,129500.0,129629.49999999999,NXT_AFTER,NXT_AFTER,2026-09-03 19:35:07.935,,,2026-09-03 19:35:07.935,129500.0,,,False,,,,,,,,30,42.556,129500.0,0.0,-0.09990009990008869,0.0,0.0,-0.09990009990008869,-0.09990009990008869,COMPLETE
2026-09-03 19:36:06.549,v1.6.9,20260903_484120_WIDE_HIGH_GAP_SHADOW_E002_193304611622,WIDE_HIGH_GAP_SHADOW,484120,도우인시스,2026-09-03 19:33:04.611,20950.0,20970.949999999997,NXT_AFTER,NXT_AFTER,2026-09-03 19:33:04.603,,,2026-09-03 19:33:04.603,20950.0,,,False,,2026-09-03 19:33:07.252,21050.0,2.648907,0.47732696897374705,0.3769500189548062,0.47732696897374705,180,181.938,21050.0,0.47732696897374705,0.3769500189548062,0.7159904534606205,0.0,0.6153750783822522,-0.09990009990008604,COMPLETE
2026-09-03 19:36:16.550,v1.6.9,20260903_031980_WIDE_HIGH_GAP_SHADOW_E009_193507954981,WIDE_HIGH_GAP_SHADOW,031980,피에스케이홀딩스,2026-09-03 19:35:07.954,129500.0,129629.49999999999,NXT_AFTER,NXT_AFTER,2026-09-03 19:35:07.935,,,2026-09-03 19:35:07.935,129500.0,,,False,,2026-09-03 19:36:16.550,128500.0,68.614778,-0.7722007722007722,-0.8713294427580031,0.7722007722007722,60,68.595,128500.0,-0.7722007722007722,-0.8713294427580031,0.0,-0.7722007722007722,-0.09990009990008869,-0.8713294427580031,COMPLETE
2026-09-03 19:37:48.848,v1.6.9,20260903_031980_WIDE_HIGH_GAP_SHADOW_E009_193507954981,WIDE_HIGH_GAP_SHADOW,031980,피에스케이홀딩스,2026-09-03 19:35:07.954,129500.0,129629.49999999999,NXT_AFTER,NXT_AFTER,2026-09-03 19:35:07.935,,,2026-09-03 19:35:07.935,129500.0,,,False,,2026-09-03 19:36:16.550,128500.0,68.614778,-0.7722007722007722,-0.8713294427580031,0.7722007722007722,120,160.893,128400.0,-0.8494208494208495,-0.9484723770437945,0.0,-0.8494208494208495,-0.09990009990008869,-0.9484723770437945,COMPLETE
2026-09-03 19:38:08.748,v1.6.9,20260903_484120_WIDE_HIGH_GAP_SHADOW_E002_193304611622,WIDE_HIGH_GAP_SHADOW,484120,도우인시스,2026-09-03 19:33:04.611,20950.0,20970.949999999997,NXT_AFTER,NXT_AFTER,2026-09-03 19:33:04.603,,,2026-09-03 19:33:04.603,20950.0,,,False,,2026-09-03 19:33:07.252,21050.0,2.648907,0.47732696897374705,0.3769500189548062,0.47732696897374705,300,304.137,21000.0,0.23866348448687352,0.13852495952736008,0.7159904534606205,0.0,0.6153750783822522,-0.09990009990008604,COMPLETE
2026-09-03 19:38:16.948,v1.6.9,20260903_031980_WIDE_HIGH_GAP_SHADOW_E009_193507954981,WIDE_HIGH_GAP_SHADOW,031980,피에스케이홀딩스,2026-09-03 19:35:07.954,129500.0,129629.49999999999,NXT_AFTER,NXT_AFTER,2026-09-03 19:35:07.935,,,2026-09-03 19:35:07.935,129500.0,,,False,,2026-09-03 19:36:16.550,128500.0,68.614778,-0.7722007722007722,-0.8713294427580031,0.7722007722007722,180,188.994,128400.0,-0.8494208494208495,-0.9484723770437945,0.0,-0.8494208494208495,-0.09990009990008869,-0.9484723770437945,COMPLETE
2026-09-03 19:40:09.451,v1.6.9,20260903_031980_WIDE_HIGH_GAP_SHADOW_E009_193507954981,WIDE_HIGH_GAP_SHADOW,031980,피에스케이홀딩스,2026-09-03 19:35:07.954,129500.0,129629.49999999999,NXT_AFTER,NXT_AFTER,2026-09-03 19:35:07.935,,,2026-09-03 19:35:07.935,129500.0,,,False,,2026-09-03 19:36:16.550,128500.0,68.614778,-0.7722007722007722,-0.8713294427580031,0.7722007722007722,300,301.496,128300.0,-0.9266409266409266,-1.0256153113295858,0.0,-0.9266409266409266,-0.09990009990008869,-1.0256153113295858,COMPLETE
2026-09-03 19:46:08.648,v1.6.9,20260903_031980_WIDE_HIGH_GAP_SHADOW_E010_194526995073,WIDE_HIGH_GAP_SHADOW,031980,피에스케이홀딩스,2026-09-03 19:45:26.995,129500.0,129629.49999999999,NXT_AFTER,NXT_AFTER,2026-09-03 19:45:26.976,,,2026-09-03 19:45:26.976,129500.0,,,False,,2026-09-03 19:45:31.747,128000.0,4.771107,-1.1583011583011582,-1.2570441141869604,1.1583011583011582,30,41.654,128000.0,-1.1583011583011582,-1.2570441141869604,0.0,-1.1583011583011582,-0.09990009990008869,-1.2570441141869604,COMPLETE
2026-09-03 19:46:49.012,v1.6.9,20260903_031980_WIDE_HIGH_GAP_SHADOW_E010_194526995073,WIDE_HIGH_GAP_SHADOW,031980,피에스케이홀딩스,2026-09-03 19:45:26.995,129500.0,129629.49999999999,NXT_AFTER,NXT_AFTER,2026-09-03 19:45:26.976,,,2026-09-03 19:45:26.976,129500.0,,,False,,2026-09-03 19:45:31.747,128000.0,4.771107,-1.1583011583011582,-1.2570441141869604,1.1583011583011582,60,82.017,129500.0,0.0,-0.09990009990008869,0.0,-1.1583011583011582,-0.09990009990008869,-1.2570441141869604,COMPLETE
2026-09-03 19:47:41.147,v1.6.9,20260903_031980_WIDE_HIGH_GAP_SHADOW_E010_194526995073,WIDE_HIGH_GAP_SHADOW,031980,피에스케이홀딩스,2026-09-03 19:45:26.995,129500.0,129629.49999999999,NXT_AFTER,NXT_AFTER,2026-09-03 19:45:26.976,,,2026-09-03 19:45:26.976,129500.0,,,False,,2026-09-03 19:45:31.747,128000.0,4.771107,-1.1583011583011582,-1.2570441141869604,1.1583011583011582,120,134.152,128000.0,-1.1583011583011582,-1.2570441141869604,0.0,-1.1583011583011582,-0.09990009990008869,-1.2570441141869604,COMPLETE
2026-09-03 19:48:17.536,v1.6.9,20260903_031980_WIDE_HIGH_GAP_SHADOW_E011_194724471399,WIDE_HIGH_GAP_SHADOW,031980,피에스케이홀딩스,2026-09-03 19:47:24.471,129500.0,129629.49999999999,NXT_AFTER,NXT_AFTER,2026-09-03 19:47:24.451,,,2026-09-03 19:47:24.451,129500.0,,,False,,2026-09-03 19:47:41.147,128000.0,16.696204,-1.1583011583011582,-1.2570441141869604,1.1583011583011582,30,53.065,129500.0,0.0,-0.09990009990008869,0.0,-1.1583011583011582,-0.09990009990008869,-1.2570441141869604,COMPLETE
2026-09-03 19:48:57.899,v1.6.9,20260903_031980_WIDE_HIGH_GAP_SHADOW_E011_194724471399,WIDE_HIGH_GAP_SHADOW,031980,피에스케이홀딩스,2026-09-03 19:47:24.471,129500.0,129629.49999999999,NXT_AFTER,NXT_AFTER,2026-09-03 19:47:24.451,,,2026-09-03 19:47:24.451,129500.0,,,False,,2026-09-03 19:47:41.147,128000.0,16.696204,-1.1583011583011582,-1.2570441141869604,1.1583011583011582,60,93.428,129500.0,0.0,-0.09990009990008869,0.0,-1.1583011583011582,-0.09990009990008869,-1.2570441141869604,COMPLETE
2026-09-03 19:48:57.899,v1.6.9,20260903_031980_WIDE_HIGH_GAP_SHADOW_E010_194526995073,WIDE_HIGH_GAP_SHADOW,031980,피에스케이홀딩스,2026-09-03 19:45:26.995,129500.0,129629.49999999999,NXT_AFTER,NXT_AFTER,2026-09-03 19:45:26.976,,,2026-09-03 19:45:26.976,129500.0,,,False,,2026-09-03 19:45:31.747,128000.0,4.771107,-1.1583011583011582,-1.2570441141869604,1.1583011583011582,180,210.904,129500.0,0.0,-0.09990009990008869,0.0,-1.1583011583011582,-0.09990009990008869,-1.2570441141869604,COMPLETE
2026-09-03 19:49:38.134,v1.6.9,20260903_031980_WIDE_HIGH_GAP_SHADOW_E011_194724471399,WIDE_HIGH_GAP_SHADOW,031980,피에스케이홀딩스,2026-09-03 19:47:24.471,129500.0,129629.49999999999,NXT_AFTER,NXT_AFTER,2026-09-03 19:47:24.451,,,2026-09-03 19:47:24.451,129500.0,,,False,,2026-09-03 19:47:41.147,128000.0,16.696204,-1.1583011583011582,-1.2570441141869604,1.1583011583011582,120,133.663,129500.0,0.0,-0.09990009990008869,0.0,-1.1583011583011582,-0.09990009990008869,-1.2570441141869604,COMPLETE
2026-09-03 19:50:29.547,v1.6.9,20260903_031980_WIDE_HIGH_GAP_SHADOW_E011_194724471399,WIDE_HIGH_GAP_SHADOW,031980,피에스케이홀딩스,2026-09-03 19:47:24.471,129500.0,129629.49999999999,NXT_AFTER,NXT_AFTER,2026-09-03 19:47:24.451,,,2026-09-03 19:47:24.451,129500.0,,,False,,2026-09-03 19:47:41.147,128000.0,16.696204,-1.1583011583011582,-1.2570441141869604,1.1583011583011582,180,185.076,127900.0,-1.2355212355212355,-1.3341870484727518,0.0,-1.2355212355212355,-0.09990009990008869,-1.3341870484727518,COMPLETE
2026-09-03 19:50:29.547,v1.6.9,20260903_031980_WIDE_HIGH_GAP_SHADOW_E010_194526995073,WIDE_HIGH_GAP_SHADOW,031980,피에스케이홀딩스,2026-09-03 19:45:26.995,129500.0,129629.49999999999,NXT_AFTER,NXT_AFTER,2026-09-03 19:45:26.976,,,2026-09-03 19:45:26.976,129500.0,,,False,,2026-09-03 19:45:31.747,128000.0,4.771107,-1.1583011583011582,-1.2570441141869604,1.1583011583011582,300,302.552,127900.0,-1.2355212355212355,-1.3341870484727518,0.0,-1.2355212355212355,-0.09990009990008869,-1.3341870484727518,COMPLETE
2026-09-03 19:50:47.745,v1.6.9,20260903_294570_WIDE_HIGH_GAP_SHADOW_E001_195016659140,WIDE_HIGH_GAP_SHADOW,294570,쿠콘,2026-09-03 19:50:16.659,26750.0,26776.749999999996,NXT_AFTER,NXT_AFTER,2026-09-03 19:50:16.629,,,2026-09-03 19:50:16.629,26750.0,,,False,,2026-09-03 19:50:18.450,29200.0,1.820832,9.158878504672897,9.049828675996915,9.158878504672897,30,31.087,29150.0,8.97196261682243,8.86309951730514,9.158878504672897,0.0,9.049828675996915,-0.09990009990008633,COMPLETE
2026-09-03 19:51:02.047,v1.6.9,20260903_082920_WIDE_HIGH_GAP_SHADOW_E022_195016673599,WIDE_HIGH_GAP_SHADOW,082920,비츠로셀,2026-09-03 19:50:16.673,28250.0,28278.249999999996,NXT_AFTER,NXT_AFTER,2026-09-03 19:50:16.661,,,2026-09-03 19:50:16.661,28250.0,,,False,,2026-09-03 19:50:18.663,28150.0,2.002461,-0.35398230088495575,-0.4535287721128301,0.35398230088495575,30,45.374,28200.0,-0.17699115044247787,-0.27671443600645856,0.0,-0.5309734513274336,-0.09990009990008704,-0.6303431082192016,COMPLETE
2026-09-03 19:51:16.847,v1.6.9,20260903_294570_WIDE_HIGH_GAP_SHADOW_E001_195016659140,WIDE_HIGH_GAP_SHADOW,294570,쿠콘,2026-09-03 19:50:16.659,26750.0,26776.749999999996,NXT_AFTER,NXT_AFTER,2026-09-03 19:50:16.629,,,2026-09-03 19:50:16.629,26750.0,,,False,,2026-09-03 19:50:18.450,29200.0,1.820832,9.158878504672897,9.049828675996915,9.158878504672897,60,60.188,29150.0,8.97196261682243,8.86309951730514,9.158878504672897,0.0,9.049828675996915,-0.09990009990008633,COMPLETE
2026-09-03 19:51:36.828,v1.6.9,20260903_082920_WIDE_HIGH_GAP_SHADOW_E022_195016673599,WIDE_HIGH_GAP_SHADOW,082920,비츠로셀,2026-09-03 19:50:16.673,28250.0,28278.249999999996,NXT_AFTER,NXT_AFTER,2026-09-03 19:50:16.661,,,2026-09-03 19:50:16.661,28250.0,,,False,,2026-09-03 19:50:18.663,28150.0,2.002461,-0.35398230088495575,-0.4535287721128301,0.35398230088495575,60,80.155,28250.0,0.0,-0.09990009990008704,0.0,-0.5309734513274336,-0.09990009990008704,-0.6303431082192016,COMPLETE
2026-09-03 19:52:18.049,v1.6.9,20260903_294570_WIDE_HIGH_GAP_SHADOW_E001_195016659140,WIDE_HIGH_GAP_SHADOW,294570,쿠콘,2026-09-03 19:50:16.659,26750.0,26776.749999999996,NXT_AFTER,NXT_AFTER,2026-09-03 19:50:16.629,,,2026-09-03 19:50:16.629,26750.0,,,False,,2026-09-03 19:50:18.450,29200.0,1.820832,9.158878504672897,9.049828675996915,9.158878504672897,120,121.39,29150.0,8.97196261682243,8.86309951730514,9.158878504672897,0.0,9.049828675996915,-0.09990009990008633,COMPLETE
2026-09-03 19:52:25.850,v1.6.9,20260903_082920_WIDE_HIGH_GAP_SHADOW_E022_195016673599,WIDE_HIGH_GAP_SHADOW,082920,비츠로셀,2026-09-03 19:50:16.673,28250.0,28278.249999999996,NXT_AFTER,NXT_AFTER,2026-09-03 19:50:16.661,,,2026-09-03 19:50:16.661,28250.0,,,False,,2026-09-03 19:50:18.663,28150.0,2.002461,-0.35398230088495575,-0.4535287721128301,0.35398230088495575,120,129.177,28150.0,-0.35398230088495575,-0.4535287721128301,0.0,-0.5309734513274336,-0.09990009990008704,-0.6303431082192016,COMPLETE
2026-09-03 19:52:37.047,v1.6.9,20260903_031980_WIDE_HIGH_GAP_SHADOW_E011_194724471399,WIDE_HIGH_GAP_SHADOW,031980,피에스케이홀딩스,2026-09-03 19:47:24.471,129500.0,129629.49999999999,NXT_AFTER,NXT_AFTER,2026-09-03 19:47:24.451,,,2026-09-03 19:47:24.451,129500.0,,,False,,2026-09-03 19:47:41.147,128000.0,16.696204,-1.1583011583011582,-1.2570441141869604,1.1583011583011582,300,312.576,128000.0,-1.1583011583011582,-1.2570441141869604,0.0,-1.3127413127413128,-0.09990009990008869,-1.4113299827585433,COMPLETE
2026-09-03 19:53:16.946,v1.6.9,20260903_294570_WIDE_HIGH_GAP_SHADOW_E001_195016659140,WIDE_HIGH_GAP_SHADOW,294570,쿠콘,2026-09-03 19:50:16.659,26750.0,26776.749999999996,NXT_AFTER,NXT_AFTER,2026-09-03 19:50:16.629,,,2026-09-03 19:50:16.629,26750.0,,,False,,2026-09-03 19:50:18.450,29200.0,1.820832,9.158878504672897,9.049828675996915,9.158878504672897,180,180.287,29150.0,8.97196261682243,8.86309951730514,9.158878504672897,0.0,9.049828675996915,-0.09990009990008633,COMPLETE
2026-09-03 19:53:18.946,v1.6.9,20260903_082920_WIDE_HIGH_GAP_SHADOW_E022_195016673599,WIDE_HIGH_GAP_SHADOW,082920,비츠로셀,2026-09-03 19:50:16.673,28250.0,28278.249999999996,NXT_AFTER,NXT_AFTER,2026-09-03 19:50:16.661,,,2026-09-03 19:50:16.661,28250.0,,,False,,2026-09-03 19:50:18.663,28150.0,2.002461,-0.35398230088495575,-0.4535287721128301,0.35398230088495575,180,182.273,28100.0,-0.5309734513274336,-0.6303431082192016,0.0,-0.5309734513274336,-0.09990009990008704,-0.6303431082192016,COMPLETE
2026-09-03 19:55:17.246,v1.6.9,20260903_294570_WIDE_HIGH_GAP_SHADOW_E001_195016659140,WIDE_HIGH_GAP_SHADOW,294570,쿠콘,2026-09-03 19:50:16.659,26750.0,26776.749999999996,NXT_AFTER,NXT_AFTER,2026-09-03 19:50:16.629,,,2026-09-03 19:50:16.629,26750.0,,,False,,2026-09-03 19:50:18.450,29200.0,1.820832,9.158878504672897,9.049828675996915,9.158878504672897,300,300.587,29300.0,9.532710280373832,9.423286993380465,9.719626168224298,0.0,9.610016152072241,-0.09990009990008633,COMPLETE
2026-09-03 19:55:22.045,v1.6.9,20260903_082920_WIDE_HIGH_GAP_SHADOW_E022_195016673599,WIDE_HIGH_GAP_SHADOW,082920,비츠로셀,2026-09-03 19:50:16.673,28250.0,28278.249999999996,NXT_AFTER,NXT_AFTER,2026-09-03 19:50:16.661,,,2026-09-03 19:50:16.661,28250.0,,,False,,2026-09-03 19:50:18.663,28150.0,2.002461,-0.35398230088495575,-0.4535287721128301,0.35398230088495575,300,305.372,28100.0,-0.5309734513274336,-0.6303431082192016,0.0,-0.5309734513274336,-0.09990009990008704,-0.6303431082192016,COMPLETE
2026-09-03 19:55:49.197,v1.6.9,20260903_082920_WIDE_HIGH_GAP_SHADOW_E023_195507931777,WIDE_HIGH_GAP_SHADOW,082920,비츠로셀,2026-09-03 19:55:07.931,28250.0,28278.249999999996,NXT_AFTER,NXT_AFTER,2026-09-03 19:55:07.903,,,2026-09-03 19:55:07.903,28250.0,,,False,,2026-09-03 19:55:13.849,28100.0,5.946066,-0.5309734513274336,-0.6303431082192016,0.5309734513274336,30,41.266,28250.0,0.0,-0.09990009990008704,0.0,-0.5309734513274336,-0.09990009990008704,-0.6303431082192016,COMPLETE
2026-09-03 19:56:09.546,v1.6.9,20260903_082920_WIDE_HIGH_GAP_SHADOW_E023_195507931777,WIDE_HIGH_GAP_SHADOW,082920,비츠로셀,2026-09-03 19:55:07.931,28250.0,28278.249999999996,NXT_AFTER,NXT_AFTER,2026-09-03 19:55:07.903,,,2026-09-03 19:55:07.903,28250.0,,,False,,2026-09-03 19:55:13.849,28100.0,5.946066,-0.5309734513274336,-0.6303431082192016,0.5309734513274336,60,61.615,28050.0,-0.7079646017699115,-0.8071574443255732,0.0,-0.7079646017699115,-0.09990009990008704,-0.8071574443255732,COMPLETE
2026-09-03 19:57:11.845,v1.6.9,20260903_082920_WIDE_HIGH_GAP_SHADOW_E023_195507931777,WIDE_HIGH_GAP_SHADOW,082920,비츠로셀,2026-09-03 19:55:07.931,28250.0,28278.249999999996,NXT_AFTER,NXT_AFTER,2026-09-03 19:55:07.903,,,2026-09-03 19:55:07.903,28250.0,,,False,,2026-09-03 19:55:13.849,28100.0,5.946066,-0.5309734513274336,-0.6303431082192016,0.5309734513274336,120,123.914,28050.0,-0.7079646017699115,-0.8071574443255732,0.0,-0.7079646017699115,-0.09990009990008704,-0.8071574443255732,COMPLETE
2026-09-03 19:58:14.545,v1.6.9,20260903_082920_WIDE_HIGH_GAP_SHADOW_E023_195507931777,WIDE_HIGH_GAP_SHADOW,082920,비츠로셀,2026-09-03 19:55:07.931,28250.0,28278.249999999996,NXT_AFTER,NXT_AFTER,2026-09-03 19:55:07.903,,,2026-09-03 19:55:07.903,28250.0,,,False,,2026-09-03 19:55:13.849,28100.0,5.946066,-0.5309734513274336,-0.6303431082192016,0.5309734513274336,180,186.614,28050.0,-0.7079646017699115,-0.8071574443255732,0.0,-0.7079646017699115,-0.09990009990008704,-0.8071574443255732,COMPLETE
2026-09-03 19:59:59.845,v1.6.9,20260903_082920_WIDE_HIGH_GAP_SHADOW_E023_195507931777,WIDE_HIGH_GAP_SHADOW,082920,비츠로셀,2026-09-03 19:55:07.931,28250.0,28278.249999999996,NXT_AFTER,NXT_AFTER,2026-09-03 19:55:07.903,,,2026-09-03 19:55:07.903,28250.0,,,False,,2026-09-03 19:55:13.849,28100.0,5.946066,-0.5309734513274336,-0.6303431082192016,0.5309734513274336,300,291.914,28050.0,-0.7079646017699115,-0.8071574443255732,0.0,-1.0619469026548671,-0.09990009990008704,-1.1607861165383162,PARTIAL_PROGRAM_END
