datetime,version,stock_code,stock_name,entry_mode,decision,reason,score,score_trading_value,score_high_position,score_value_growth,score_volume_growth,current_price,high_gap,scan_session,decision_session,decision_time,session_valid_at_decision,history_available_sec,history_sample_count,price_change_15s,price_change_15s_actual_sec,price_change_30s,price_change_30s_actual_sec,price_change_60s,price_change_60s_actual_sec,price_change_120s,price_change_120s_actual_sec,price_change_180s,price_change_180s_actual_sec,price_change_300s,price_change_300s_actual_sec,high_gap_change_30s,high_gap_change_30s_actual_sec,high_gap_change_60s,high_gap_change_60s_actual_sec,high_gap_change_120s,high_gap_change_120s_actual_sec,high_gap_change_180s,high_gap_change_180s_actual_sec,high_gap_change_300s,high_gap_change_300s_actual_sec,price_30s_positive,price_60s_positive,first75_price_30s_positive,watch_start_time,watch_start_price,watch_start_score,watch_to_signal_sec,watch_episode_id,watch_episode_start_time,watch_episode_start_price,watch_episode_start_score,watch_episode_to_signal_sec,scan_start_time,first_75_time,first_75_price,first_75_score,first_75_pre_result,first_75_pre_status,first_75_pre_reason,entry_decision_time,entry_signal_price,entry_delay_from_first75_sec,entry_vs_first75_pct,pre_status,pre_entry_type,later_pass_origin,first_75_to_pre_entry_sec,pre_history_rule,first_signal_time,first_signal_price,confirm_delay_sec,confirm_rise_pct,confirm_observation_status,confirm_observation_reason,had_prior_shadow_70_74,prior_shadow_trade_id,prior_shadow_time,prior_shadow_price,prior_shadow_score,prior_shadow_to_first75_sec,prior_shadow_to_first75_pct,stock_entry_seq_today,mode_entry_seq_today,is_reentry,previous_same_mode_result,previous_same_mode_trade_id,shadow_group,pre_fail_reason,medium_trend_positive_count,medium_trend_all_positive,wide_high_gap_lower_bound,wide_high_gap_upper_bound
2026-09-03 09:02:26.551,v1.6.9,090460,비에이치,BASE,ENTER,75_SCORE,78,29,25,20,4,21450.0,0.0,MAIN,MAIN,2026-09-03 09:02:26.472,True,138.7118365764618,10,2.142857142857143,15.034653186798096,2.386634844868735,30.41628122329712,2.386634844868735,61.74042081832886,1.179245283018868,123.4113655090332,,,,,,,,,,,,,,,True,True,True,2026-09-03 09:02:19.600,21450.0,78.0,6.871594,20260903_090460_E001,2026-09-03 09:02:19.600,21450.0,78.0,6.871594,2026-09-03 09:02:19.600,2026-09-03 09:02:26.472,21450.0,78.0,FAIL,DATA_UNAVAILABLE,NO_60S_HIGH_GAP,2026-09-03 09:02:26.472,21450.0,0.0,0.0,,,,,,,,,,,,False,,,,,,,1,1,False,,,,,,,,
2026-09-03 09:02:26.563,v1.6.9,090460,비에이치,PRE_HISTORY,SKIP,NO_60S_HIGH_GAP,78,29,25,20,4,21450.0,0.0,MAIN,MAIN,2026-09-03 09:02:26.472,True,138.7118365764618,10,2.142857142857143,15.034653186798096,2.386634844868735,30.41628122329712,2.386634844868735,61.74042081832886,1.179245283018868,123.4113655090332,,,,,,,,,,,,,,,True,True,True,2026-09-03 09:02:19.600,21450.0,78.0,6.871594,20260903_090460_E001,2026-09-03 09:02:19.600,21450.0,78.0,6.871594,2026-09-03 09:02:19.600,2026-09-03 09:02:26.472,21450.0,78.0,FAIL,DATA_UNAVAILABLE,NO_60S_HIGH_GAP,2026-09-03 09:02:26.472,21450.0,0.0,0.0,DATA_UNAVAILABLE,,,,NO_60S_HIGH_GAP,,,,,,,False,,,,,,,,,,,,,,,,,
2026-09-03 09:02:26.568,v1.6.9,090460,비에이치,CONFIRM,PENDING,FIRST_75_SIGNAL,78,29,25,20,4,21450.0,0.0,MAIN,MAIN,2026-09-03 09:02:26.472,True,138.7118365764618,10,2.142857142857143,15.034653186798096,2.386634844868735,30.41628122329712,2.386634844868735,61.74042081832886,1.179245283018868,123.4113655090332,,,,,,,,,,,,,,,True,True,True,2026-09-03 09:02:19.600,21450.0,78.0,6.871594,20260903_090460_E001,2026-09-03 09:02:19.600,21450.0,78.0,6.871594,2026-09-03 09:02:19.600,2026-09-03 09:02:26.472,21450.0,78.0,FAIL,DATA_UNAVAILABLE,NO_60S_HIGH_GAP,2026-09-03 09:02:26.472,21450.0,0.0,0.0,,,,,,2026-09-03 09:02:26.472,21450.0,,,PENDING,FIRST_75_SIGNAL,False,,,,,,,,,,,,,,,,,
2026-09-03 09:02:41.573,v1.6.9,090460,비에이치,CONFIRM,SKIP,SCORE_BELOW_75,63,29,25,5,4,21500.0,0.0,MAIN,MAIN,2026-09-03 09:02:41.569,True,153.79861879348755,11,0.2331002331002331,15.086782217025757,2.380952380952381,30.121435403823853,2.6252983293556085,60.96309208869934,1.8957345971563981,122.78532886505127,,,,,0.0,15.086782217025757,,,,,,,,,True,True,True,2026-09-03 09:02:19.600,21450.0,78.0,6.871594,20260903_090460_E001,2026-09-03 09:02:19.600,21450.0,78.0,6.871594,2026-09-03 09:02:19.600,2026-09-03 09:02:26.472,21450.0,78.0,FAIL,DATA_UNAVAILABLE,NO_60S_HIGH_GAP,2026-09-03 09:02:41.569,21500.0,15.097322,0.2331002331002363,,,,,,2026-09-03 09:02:26.472,21450.0,15.097322,0.2331002331002331,EVALUABLE,SCORED,False,,,,,,,,,,,,,,,,,
2026-09-03 09:09:28.986,v1.6.9,441270,파인엠텍,WIDE_HIGH_GAP_SHADOW,ENTER,HIGH_GAP_3P0_TO_4P5,33,24,0,5,4,8510.0,3.733031674208145,MAIN,MAIN,2026-09-03 09:09:28.984,True,560.0679965019226,37,1.1890606420927468,15.085400581359863,1.1890606420927468,30.647279262542725,-0.11737089201877934,62.49061608314514,-0.11737089201877934,125.51155757904053,-1.6184971098265895,186.98851943016052,-2.2962112514351323,295.1254584789276,-1.131221719457014,30.647279262542725,,,,,,,,,True,False,,,,,,20260903_441270_WIDE_E001,2026-09-03 09:09:28.984,8510.0,33.0,0.0,2026-09-03 09:09:20.956,,,,,,,2026-09-03 09:09:28.984,8510.0,,,,,,,,,,,,,,,,,,,,,1,1,False,,,WIDE_HIGH_GAP_SHADOW,,,,3.0,4.5
2026-09-03 09:09:28.998,v1.6.9,004310,현대약품,BASE,ENTER,75_SCORE,77,24,25,16,12,8460.0,0.11806375442739078,MAIN,MAIN,2026-09-03 09:09:28.980,True,529.0547065734863,35,1.0752688172043012,15.085400581359863,0.9546539379474941,30.647279262542725,0.0,62.49061608314514,4.573547589616811,125.51155757904053,3.296703296703297,186.98851943016052,4.444444444444445,295.1254584789276,-0.9445100354191263,30.647279262542725,0.0,62.49061608314514,,,,,,,True,False,True,2026-09-03 09:09:20.956,8460.0,77.0,8.023752,20260903_004310_E001,2026-09-03 09:09:20.956,8460.0,77.0,8.023752,2026-09-03 09:09:20.956,2026-09-03 09:09:28.980,8460.0,77.0,FAIL,FAIL,PRICE_60S_NOT_POSITIVE,2026-09-03 09:09:28.980,8460.0,0.0,0.0,,,,,,,,,,,,False,,,,,,,1,1,False,,,,,,,,
2026-09-03 09:09:29.023,v1.6.9,004310,현대약품,PRE_HISTORY,SKIP,PRICE_60S_NOT_POSITIVE,77,24,25,16,12,8460.0,0.11806375442739078,MAIN,MAIN,2026-09-03 09:09:28.980,True,529.0547065734863,35,1.0752688172043012,15.085400581359863,0.9546539379474941,30.647279262542725,0.0,62.49061608314514,4.573547589616811,125.51155757904053,3.296703296703297,186.98851943016052,4.444444444444445,295.1254584789276,-0.9445100354191263,30.647279262542725,0.0,62.49061608314514,,,,,,,True,False,True,2026-09-03 09:09:20.956,8460.0,77.0,8.023752,20260903_004310_E001,2026-09-03 09:09:20.956,8460.0,77.0,8.023752,2026-09-03 09:09:20.956,2026-09-03 09:09:28.980,8460.0,77.0,FAIL,FAIL,PRICE_60S_NOT_POSITIVE,2026-09-03 09:09:28.980,8460.0,0.0,0.0,FAIL,,,,PRICE_60S_NOT_POSITIVE,,,,,,,False,,,,,,,,,,,,,,,,,
2026-09-03 09:09:29.032,v1.6.9,004310,현대약품,PRE_FAIL_PULLBACK_SHADOW,ENTER,PRICE_60S_NOT_POSITIVE,77,24,25,16,12,8460.0,0.11806375442739078,MAIN,MAIN,2026-09-03 09:09:28.980,True,529.0547065734863,35,1.0752688172043012,15.085400581359863,0.9546539379474941,30.647279262542725,0.0,62.49061608314514,4.573547589616811,125.51155757904053,3.296703296703297,186.98851943016052,4.444444444444445,295.1254584789276,-0.9445100354191263,30.647279262542725,0.0,62.49061608314514,,,,,,,True,False,True,2026-09-03 09:09:20.956,8460.0,77.0,8.023752,20260903_004310_E001,2026-09-03 09:09:20.956,8460.0,77.0,8.023752,2026-09-03 09:09:20.956,2026-09-03 09:09:28.980,8460.0,77.0,FAIL,FAIL,PRICE_60S_NOT_POSITIVE,2026-09-03 09:09:28.980,8460.0,0.0,0.0,FAIL,,,,PRICE_60S_NOT_POSITIVE,,,,,,,False,,,,,,,2,1,False,,,PRE_FAIL_PULLBACK_SHADOW,PRICE_60S_NOT_POSITIVE,3,True,,
2026-09-03 09:09:29.046,v1.6.9,004310,현대약품,LIVE_FILTER_SHADOW,ENTER,PASS,77,24,25,16,12,8460.0,0.11806375442739078,MAIN,MAIN,2026-09-03 09:09:28.980,True,529.0547065734863,35,1.0752688172043012,15.085400581359863,0.9546539379474941,30.647279262542725,0.0,62.49061608314514,4.573547589616811,125.51155757904053,3.296703296703297,186.98851943016052,4.444444444444445,295.1254584789276,-0.9445100354191263,30.647279262542725,0.0,62.49061608314514,,,,,,,True,False,True,2026-09-03 09:09:20.956,8460.0,77.0,8.023752,20260903_004310_E001,2026-09-03 09:09:20.956,8460.0,77.0,8.023752,2026-09-03 09:09:20.956,2026-09-03 09:09:28.980,8460.0,77.0,FAIL,FAIL,PRICE_60S_NOT_POSITIVE,2026-09-03 09:09:28.980,8460.0,0.0,0.0,,,,,,,,,,,,False,,,,,,,3,1,False,,,,,,,,
2026-09-03 09:09:29.059,v1.6.9,004310,현대약품,CONFIRM,PENDING,FIRST_75_SIGNAL,77,24,25,16,12,8460.0,0.11806375442739078,MAIN,MAIN,2026-09-03 09:09:28.980,True,529.0547065734863,35,1.0752688172043012,15.085400581359863,0.9546539379474941,30.647279262542725,0.0,62.49061608314514,4.573547589616811,125.51155757904053,3.296703296703297,186.98851943016052,4.444444444444445,295.1254584789276,-0.9445100354191263,30.647279262542725,0.0,62.49061608314514,,,,,,,True,False,True,2026-09-03 09:09:20.956,8460.0,77.0,8.023752,20260903_004310_E001,2026-09-03 09:09:20.956,8460.0,77.0,8.023752,2026-09-03 09:09:20.956,2026-09-03 09:09:28.980,8460.0,77.0,FAIL,FAIL,PRICE_60S_NOT_POSITIVE,2026-09-03 09:09:28.980,8460.0,0.0,0.0,,,,,,2026-09-03 09:09:28.980,8460.0,,,PENDING,FIRST_75_SIGNAL,False,,,,,,,,,,,,,,,,,
2026-09-03 09:09:44.307,v1.6.9,004310,현대약품,CONFIRM,SKIP,SCORE_BELOW_75,69,24,25,11,9,8440.0,0.3541912632821724,MAIN,MAIN,2026-09-03 09:09:44.301,True,544.7331295013428,36,-0.2364066193853428,15.678422927856445,0.8363201911589008,30.76382350921631,0.0,61.6172251701355,2.9268292682926833,125.34666848182678,3.3047735618115053,186.92114424705505,3.6855036855036856,295.53518438339233,-0.8264462809917354,30.76382350921631,0.0,61.6172251701355,,,,,,,True,False,True,2026-09-03 09:09:20.956,8460.0,77.0,8.023752,20260903_004310_E001,2026-09-03 09:09:20.956,8460.0,77.0,8.023752,2026-09-03 09:09:20.956,2026-09-03 09:09:28.980,8460.0,77.0,FAIL,FAIL,PRICE_60S_NOT_POSITIVE,2026-09-03 09:09:44.301,8440.0,15.321342,-0.23640661938534313,,,,,,2026-09-03 09:09:28.980,8460.0,15.321342,-0.2364066193853428,EVALUABLE,SCORED,False,,,,,,,,,,,,,,,,,
2026-09-03 09:10:29.686,v1.6.9,441270,파인엠텍,WIDE_HIGH_GAP_SHADOW,ENTER,HIGH_GAP_3P0_TO_4P5,38,24,0,5,9,8570.0,3.0542986425339365,MAIN,MAIN,2026-09-03 09:10:29.684,True,591.1033778190613,39,-0.11655011655011654,15.100857257843018,-0.11655011655011654,30.663365840911865,0.7050528789659225,62.04867124557495,0.5868544600938966,124.53928732872009,0.5868544600938966,187.56022882461548,-1.4942528735632183,295.1042935848236,0.1131221719457014,30.663365840911865,-0.6787330316742084,62.04867124557495,,,,,,,False,True,,,,,,20260903_441270_WIDE_E002,2026-09-03 09:10:29.684,8570.0,38.0,0.0,2026-09-03 09:10:23.005,,,,,,,2026-09-03 09:10:29.684,8570.0,,,,,,,,,,,,,,,,,,,,,2,2,True,OPEN,20260903_441270_WIDE_HIGH_GAP_SHADOW_E001_090928990500,WIDE_HIGH_GAP_SHADOW,,,,3.0,4.5
2026-09-03 09:11:38.836,v1.6.9,004310,현대약품,PRE_HISTORY,SKIP,PRICE_30S_NOT_POSITIVE,76,29,22,16,9,8480.0,0.9345794392523363,MAIN,MAIN,2026-09-03 09:11:38.774,True,591.4194538593292,39,-0.4694835680751174,15.991667747497559,-0.35252643948296125,31.306352138519287,0.2364066193853428,62.13831281661987,0.2364066193853428,124.18698406219482,0.2364066193853428,186.67760014533997,3.7943696450428397,295.42970538139343,0.35046728971962604,31.306352138519287,0.5812225487929723,62.13831281661987,0.8165156848249455,124.18698406219482,0.8165156848249455,186.67760014533997,,,False,True,True,2026-09-03 09:09:20.956,8460.0,77.0,137.8176,20260903_004310_E001,2026-09-03 09:09:20.956,8460.0,77.0,137.8176,2026-09-03 09:09:20.956,2026-09-03 09:09:28.980,8460.0,77.0,FAIL,FAIL,PRICE_60S_NOT_POSITIVE,2026-09-03 09:11:38.774,8480.0,129.793848,0.23640661938533203,FAIL,,,,PRICE_30S_NOT_POSITIVE,,,,,,,False,,,,,,,,,,,,,,,,,
2026-09-03 09:11:54.431,v1.6.9,067290,JW신약,SHADOW_SCORE_70_74,ENTER,SCORE_70_74_BEFORE_FIRST75,71,24,19,16,12,3270.0,1.6541353383458646,MAIN,MAIN,2026-09-03 09:11:54.390,True,514.3448328971863,30,-1.3574660633484164,15.720668077468872,-1.2084592145015105,31.71233582496643,-0.45662100456621,62.13122749328613,0.7704160246533128,124.22922921180725,1.5527950310559007,185.84645438194275,3.6450079239302693,311.1503734588623,1.3529305190687562,31.71233582496643,1.3506452017753032,62.13122749328613,,,,,,,False,False,,2026-09-03 09:11:40.864,3270.0,71.0,13.526327,20260903_067290_E001,2026-09-03 09:11:40.864,3270.0,71.0,13.526327,2026-09-03 09:11:40.864,,,,,,,2026-09-03 09:11:54.390,3270.0,,,,,,,,,,,,,,False,,,,,,,1,1,False,,,,,,,,
2026-09-03 09:12:52.800,v1.6.9,441270,파인엠텍,SHADOW_SCORE_70_74,ENTER,SCORE_70_74_BEFORE_FIRST75,72,24,25,11,12,8860.0,0.0,MAIN,MAIN,2026-09-03 09:12:52.781,True,592.7287845611572,39,0.9111617312072893,15.205711603164673,0.11299435028248588,30.873815536499023,0.9111617312072893,62.48299598693848,4.358068315665489,124.61422348022461,3.9906103286384975,186.71222519874573,4.481132075471698,296.195618391037,0.0,30.873815536499023,-0.6787330316742082,62.48299598693848,-3.959276018099547,124.61422348022461,-3.619909502262444,186.71222519874573,,,True,True,,2026-09-03 09:11:40.864,8780.0,60.0,71.917063,20260903_441270_E002,2026-09-03 09:12:12.473,8850.0,63.0,40.307883,2026-09-03 09:12:43.347,,,,,,,2026-09-03 09:12:52.781,8860.0,,,,,,,,,,,,,,False,,,,,,,3,1,False,,,,,,,,
2026-09-03 09:13:55.440,v1.6.9,004310,현대약품,PRE_HISTORY,ENTER,OK,79,29,25,16,9,8650.0,0.0,MAIN,MAIN,2026-09-03 09:13:55.370,True,591.4437503814697,39,0.11574074074074073,15.553395509719849,0.2317497103128621,31.157058715820312,2.125147579693034,62.35812973976135,2.366863905325444,124.84112572669983,2.0047169811320753,186.97235321998596,3.221957040572793,295.39605712890625,-0.23121387283236997,31.157058715820312,-1.0514018691588785,62.35812973976135,-1.2850467289719625,124.84112572669983,-0.11778563015312131,186.97235321998596,-1.062573789846517,295.39605712890625,True,True,True,2026-09-03 09:09:20.956,8460.0,77.0,274.41412,20260903_004310_E001,2026-09-03 09:09:20.956,8460.0,77.0,274.41412,2026-09-03 09:09:20.956,2026-09-03 09:09:28.980,8460.0,77.0,FAIL,FAIL,PRICE_60S_NOT_POSITIVE,2026-09-03 09:13:55.370,8650.0,266.390368,2.245862884160754,PASS,LATER_PASS,AFTER_CONDITION_FAIL,266.390368,OK,,,,,,,False,,,,,,,4,1,False,,,,,,,,
2026-09-03 09:13:55.478,v1.6.9,067290,JW신약,BASE,ENTER,75_SCORE,79,29,25,16,9,3365.0,0.0,MAIN,MAIN,2026-09-03 09:13:55.415,True,591.4437503814697,35,0.1488095238095238,15.553395509719849,0.5979073243647235,31.157058715820312,1.5082956259426847,62.35812973976135,2.90519877675841,124.84112572669983,2.43531202435312,186.97235321998596,4.8286604361370715,295.39605712890625,0.0,31.157058715820312,-0.30075187969924816,62.35812973976135,-1.6541353383458646,124.84112572669983,-0.30349013657056145,186.97235321998596,,,True,True,True,2026-09-03 09:11:40.864,3270.0,71.0,134.550994,20260903_067290_E001,2026-09-03 09:11:40.864,3270.0,71.0,134.550994,2026-09-03 09:13:45.705,2026-09-03 09:13:55.415,3365.0,79.0,PASS,PASS,OK,2026-09-03 09:13:55.415,3365.0,0.0,0.0,,,,,,,,,,,,True,20260903_067290_SHADOW_SCORE_70_74_E001_091154464993,2026-09-03 09:11:54.390,3270.0,71.0,121.024667,2.905198776758411,2,1,False,,,,,,,,
2026-09-03 09:13:55.496,v1.6.9,067290,JW신약,PRE_HISTORY,ENTER,OK,79,29,25,16,9,3365.0,0.0,MAIN,MAIN,2026-09-03 09:13:55.415,True,591.4437503814697,35,0.1488095238095238,15.553395509719849,0.5979073243647235,31.157058715820312,1.5082956259426847,62.35812973976135,2.90519877675841,124.84112572669983,2.43531202435312,186.97235321998596,4.8286604361370715,295.39605712890625,0.0,31.157058715820312,-0.30075187969924816,62.35812973976135,-1.6541353383458646,124.84112572669983,-0.30349013657056145,186.97235321998596,,,True,True,True,2026-09-03 09:11:40.864,3270.0,71.0,134.550994,20260903_067290_E001,2026-09-03 09:11:40.864,3270.0,71.0,134.550994,2026-09-03 09:13:45.705,2026-09-03 09:13:55.415,3365.0,79.0,PASS,PASS,OK,2026-09-03 09:13:55.415,3365.0,0.0,0.0,PASS,FIRST_75_PASS,,0.0,OK,,,,,,,True,20260903_067290_SHADOW_SCORE_70_74_E001_091154464993,2026-09-03 09:11:54.390,3270.0,71.0,121.024667,2.905198776758411,3,1,False,,,,,,,,
2026-09-03 09:14:05.176,v1.6.9,067290,JW신약,LIVE_FILTER_SHADOW,ENTER,PASS,79,29,25,16,9,3365.0,0.0,MAIN,MAIN,2026-09-03 09:13:55.415,True,591.4437503814697,35,0.1488095238095238,15.553395509719849,0.5979073243647235,31.157058715820312,1.5082956259426847,62.35812973976135,2.90519877675841,124.84112572669983,2.43531202435312,186.97235321998596,4.8286604361370715,295.39605712890625,0.0,31.157058715820312,-0.30075187969924816,62.35812973976135,-1.6541353383458646,124.84112572669983,-0.30349013657056145,186.97235321998596,,,True,True,True,2026-09-03 09:11:40.864,3270.0,71.0,134.550994,20260903_067290_E001,2026-09-03 09:11:40.864,3270.0,71.0,134.550994,2026-09-03 09:13:45.705,2026-09-03 09:13:55.415,3365.0,79.0,PASS,PASS,OK,2026-09-03 09:13:55.415,3365.0,0.0,0.0,,,,,,,,,,,,True,20260903_067290_SHADOW_SCORE_70_74_E001_091154464993,2026-09-03 09:11:54.390,3270.0,71.0,121.024667,2.905198776758411,4,1,False,,,,,,,,
2026-09-03 09:14:05.221,v1.6.9,067290,JW신약,CONFIRM,PENDING,FIRST_75_SIGNAL,79,29,25,16,9,3365.0,0.0,MAIN,MAIN,2026-09-03 09:13:55.415,True,591.4437503814697,35,0.1488095238095238,15.553395509719849,0.5979073243647235,31.157058715820312,1.5082956259426847,62.35812973976135,2.90519877675841,124.84112572669983,2.43531202435312,186.97235321998596,4.8286604361370715,295.39605712890625,0.0,31.157058715820312,-0.30075187969924816,62.35812973976135,-1.6541353383458646,124.84112572669983,-0.30349013657056145,186.97235321998596,,,True,True,True,2026-09-03 09:11:40.864,3270.0,71.0,134.550994,20260903_067290_E001,2026-09-03 09:11:40.864,3270.0,71.0,134.550994,2026-09-03 09:13:45.705,2026-09-03 09:13:55.415,3365.0,79.0,PASS,PASS,OK,2026-09-03 09:13:55.415,3365.0,0.0,0.0,,,,,,2026-09-03 09:13:55.415,3365.0,,,PENDING,FIRST_75_SIGNAL,True,20260903_067290_SHADOW_SCORE_70_74_E001_091154464993,2026-09-03 09:11:54.390,3270.0,71.0,121.024667,2.905198776758411,,,,,,,,,,,
2026-09-03 09:14:23.478,v1.6.9,067290,JW신약,CONFIRM,ENTER,PASS,82,29,25,16,12,3370.0,0.2958579881656805,MAIN,MAIN,2026-09-03 09:14:23.475,True,587.256356716156,34,0.1485884101040119,27.382120370864868,0.1485884101040119,27.382120370864868,0.7473841554559043,58.53917908668518,3.058103975535168,120.61406564712524,1.812688821752266,183.93558192253113,5.808477237048666,307.21629881858826,0.2958579881656805,27.382120370864868,0.2958579881656805,58.53917908668518,-1.3582773501801841,120.61406564712524,-0.005346831111427974,183.93558192253113,,,True,True,True,2026-09-03 09:11:40.864,3270.0,71.0,134.550994,20260903_067290_E001,2026-09-03 09:11:40.864,3270.0,71.0,134.550994,2026-09-03 09:13:45.705,2026-09-03 09:13:55.415,3365.0,79.0,PASS,PASS,OK,2026-09-03 09:14:23.475,3370.0,28.059865,0.14858841010401136,,,,,,2026-09-03 09:13:55.415,3365.0,28.059865,0.1485884101040119,EVALUABLE,SCORED,True,20260903_067290_SHADOW_SCORE_70_74_E001_091154464993,2026-09-03 09:11:54.390,3270.0,71.0,121.024667,2.905198776758411,5,1,False,,,,,,,,
2026-09-03 09:14:23.512,v1.6.9,100840,SNT에너지,SHADOW_SCORE_70_74,ENTER,SCORE_70_74_BEFORE_FIRST75,72,24,25,11,12,34050.0,0.1466275659824047,MAIN,MAIN,2026-09-03 09:14:23.472,True,587.256356716156,38,0.5908419497784343,27.382120370864868,0.5908419497784343,27.382120370864868,1.4903129657228018,58.53917908668518,1.6417910447761193,120.61406564712524,1.4903129657228018,183.93558192253113,1.0385756676557862,307.21629881858826,-0.14792324403232285,27.382120370864868,-0.7396353586852468,58.53917908668518,-0.8873458461298552,120.61406564712524,-0.7396353586852468,183.93558192253113,-0.29650389635142105,307.21629881858826,True,True,,2026-09-03 09:06:13.968,33600.0,63.0,489.504032,20260903_100840_E004,2026-09-03 09:13:30.152,33950.0,63.0,53.32013,2026-09-03 09:14:13.087,,,,,,,2026-09-03 09:14:23.472,34050.0,,,,,,,,,,,,,,False,,,,,,,1,1,False,,,,,,,,
2026-09-03 09:20:24.639,v1.6.9,079650,서산,WIDE_HIGH_GAP_SHADOW,ENTER,HIGH_GAP_3P0_TO_4P5,49,29,0,11,9,7120.0,3.1292517006802725,MAIN,MAIN,2026-09-03 09:20:24.637,True,558.8296766281128,32,-1.248266296809986,15.336359977722168,-1.5214384508990317,30.38451313972473,-1.1111111111111112,61.42183804512024,1.5691868758915835,124.60221576690674,0.9929078014184398,186.61475157737732,0.28169014084507044,297.3594992160797,1.4965986394557826,30.38451313972473,1.0884353741496602,61.42183804512024,,,,,,,False,False,,,,,,20260903_079650_WIDE_E001,2026-09-03 09:20:24.637,7120.0,49.0,0.0,2026-09-03 09:20:12.666,,,,,,,2026-09-03 09:20:24.637,7120.0,,,,,,,,,,,,,,,,,,,,,1,1,False,,,WIDE_HIGH_GAP_SHADOW,,,,3.0,4.5
2026-09-03 09:20:40.727,v1.6.9,441270,파인엠텍,WIDE_HIGH_GAP_SHADOW,ENTER,HIGH_GAP_3P0_TO_4P5,33,24,0,5,4,8570.0,3.59955005624297,MAIN,MAIN,2026-09-03 09:20:40.725,True,588.9760468006134,38,-0.8101851851851851,15.042162895202637,-0.6952491309385863,30.378522872924805,-1.4942528735632183,61.06387448310852,-2.8344671201814062,124.15134787559509,-2.502844141069397,186.1032211780548,-2.944507361268403,296.97613644599915,0.674915635545557,30.378522872924805,1.4623172103487065,61.06387448310852,2.8121484814398205,124.15134787559509,2.474690663667042,186.1032211780548,2.924634420697413,296.97613644599915,False,False,,,,,,20260903_441270_WIDE_E003,2026-09-03 09:20:40.725,8570.0,33.0,0.0,2026-09-03 09:20:27.709,,,,,,,2026-09-03 09:20:40.725,8570.0,,,,,,,,,,,,,,,,,,,,,4,3,True,TAKE_PROFIT,20260903_441270_WIDE_HIGH_GAP_SHADOW_E002_091029694869,WIDE_HIGH_GAP_SHADOW,,,,3.0,4.5
2026-09-03 09:21:08.692,v1.6.9,004310,현대약품,WIDE_HIGH_GAP_SHADOW,ENTER,HIGH_GAP_3P0_TO_4P5,42,33,0,5,4,8510.0,3.0751708428246016,MAIN,MAIN,2026-09-03 09:21:08.686,True,588.9397077560425,38,-0.8158508158508158,15.314210414886475,-1.0465116279069768,30.38255262374878,-1.0465116279069768,60.761075496673584,-2.408256880733945,122.82948184013367,-2.2962112514351323,185.34378242492676,-1.6184971098265895,295.0877802371979,1.0250569476082005,30.38255262374878,1.0250569476082005,60.761075496673584,2.3917995444191344,122.82948184013367,2.3910203297117167,185.34378242492676,3.0751708428246016,295.0877802371979,False,False,,,,,,20260903_004310_WIDE_E001,2026-09-03 09:21:08.686,8510.0,42.0,0.0,2026-09-03 09:20:58.091,,,,,,,2026-09-03 09:21:08.686,8510.0,,,,,,,,,,,,,,,,,,,,,5,1,False,,,WIDE_HIGH_GAP_SHADOW,,,,3.0,4.5
2026-09-03 09:21:08.737,v1.6.9,100840,SNT에너지,SHADOW_SCORE_70_74,ENTER,SCORE_70_74_BEFORE_FIRST75,74,29,25,11,9,35000.0,0.14265335235378032,MAIN,MAIN,2026-09-03 09:21:08.716,True,588.9397077560425,38,0.14306151645207438,15.314210414886475,1.5965166908563133,30.38255262374878,2.0408163265306123,60.761075496673584,2.0408163265306123,122.82948184013367,3.2448377581120944,185.34378242492676,2.941176470588235,295.0877802371979,0.14265335235378032,30.38255262374878,-0.29276029060703246,60.761075496673584,-0.29276029060703246,122.82948184013367,-0.8792444578651979,185.34378242492676,-0.5872736549454898,295.0877802371979,True,True,,2026-09-03 09:06:13.968,33600.0,63.0,894.748383,20260903_100840_E007,2026-09-03 09:18:39.311,34350.0,63.0,149.405473,2026-09-03 09:20:58.091,,,,,,,2026-09-03 09:21:08.716,35000.0,,,,,,,,,,,,,,False,,,,,,,2,2,True,TAKE_PROFIT,20260903_100840_SHADOW_SCORE_70_74_E004_091423532643,,,,,,
2026-09-03 09:21:26.222,v1.6.9,100840,SNT에너지,BASE,ENTER,75_SCORE,77,29,25,11,12,35250.0,0.423728813559322,MAIN,MAIN,2026-09-03 09:21:26.100,True,588.6452629566193,38,0.7142857142857143,15.69722294807434,0.8583690987124464,31.011433362960815,2.6200873362445414,61.12193846702576,2.6200873362445414,122.543776512146,3.070175438596491,185.7241542339325,3.3724340175953076,295.0724403858185,0.28087167070217917,31.011433362960815,0.13345305158544685,61.12193846702576,0.13345305158544685,122.543776512146,0.277743412099468,185.7241542339325,-0.014227390820240049,295.0724403858185,True,True,True,2026-09-03 09:06:13.968,33600.0,63.0,912.131903,20260903_100840_E007,2026-09-03 09:18:39.311,34350.0,63.0,166.788993,2026-09-03 09:21:13.788,2026-09-03 09:21:26.100,35250.0,77.0,FAIL,FAIL,HIGH_GAP_60S_NOT_DECREASING,2026-09-03 09:21:26.100,35250.0,0.0,0.0,,,,,,,,,,,,True,20260903_100840_SHADOW_SCORE_70_74_E007_092108755007,2026-09-03 09:21:08.716,35000.0,74.0,17.38352,0.7142857142857117,3,1,False,,,,,,,,
2026-09-03 09:21:26.241,v1.6.9,100840,SNT에너지,PRE_HISTORY,SKIP,HIGH_GAP_60S_NOT_DECREASING,77,29,25,11,12,35250.0,0.423728813559322,MAIN,MAIN,2026-09-03 09:21:26.100,True,588.6452629566193,38,0.7142857142857143,15.69722294807434,0.8583690987124464,31.011433362960815,2.6200873362445414,61.12193846702576,2.6200873362445414,122.543776512146,3.070175438596491,185.7241542339325,3.3724340175953076,295.0724403858185,0.28087167070217917,31.011433362960815,0.13345305158544685,61.12193846702576,0.13345305158544685,122.543776512146,0.277743412099468,185.7241542339325,-0.014227390820240049,295.0724403858185,True,True,True,2026-09-03 09:06:13.968,33600.0,63.0,912.131903,20260903_100840_E007,2026-09-03 09:18:39.311,34350.0,63.0,166.788993,2026-09-03 09:21:13.788,2026-09-03 09:21:26.100,35250.0,77.0,FAIL,FAIL,HIGH_GAP_60S_NOT_DECREASING,2026-09-03 09:21:26.100,35250.0,0.0,0.0,FAIL,,,,HIGH_GAP_60S_NOT_DECREASING,,,,,,,True,20260903_100840_SHADOW_SCORE_70_74_E007_092108755007,2026-09-03 09:21:08.716,35000.0,74.0,17.38352,0.7142857142857117,,,,,,,,,,,
2026-09-03 09:21:26.272,v1.6.9,100840,SNT에너지,LIVE_FILTER_SHADOW,ENTER,PASS,77,29,25,11,12,35250.0,0.423728813559322,MAIN,MAIN,2026-09-03 09:21:26.100,True,588.6452629566193,38,0.7142857142857143,15.69722294807434,0.8583690987124464,31.011433362960815,2.6200873362445414,61.12193846702576,2.6200873362445414,122.543776512146,3.070175438596491,185.7241542339325,3.3724340175953076,295.0724403858185,0.28087167070217917,31.011433362960815,0.13345305158544685,61.12193846702576,0.13345305158544685,122.543776512146,0.277743412099468,185.7241542339325,-0.014227390820240049,295.0724403858185,True,True,True,2026-09-03 09:06:13.968,33600.0,63.0,912.131903,20260903_100840_E007,2026-09-03 09:18:39.311,34350.0,63.0,166.788993,2026-09-03 09:21:13.788,2026-09-03 09:21:26.100,35250.0,77.0,FAIL,FAIL,HIGH_GAP_60S_NOT_DECREASING,2026-09-03 09:21:26.100,35250.0,0.0,0.0,,,,,,,,,,,,True,20260903_100840_SHADOW_SCORE_70_74_E007_092108755007,2026-09-03 09:21:08.716,35000.0,74.0,17.38352,0.7142857142857117,4,1,False,,,,,,,,
2026-09-03 09:21:26.315,v1.6.9,100840,SNT에너지,CONFIRM,PENDING,FIRST_75_SIGNAL,77,29,25,11,12,35250.0,0.423728813559322,MAIN,MAIN,2026-09-03 09:21:26.100,True,588.6452629566193,38,0.7142857142857143,15.69722294807434,0.8583690987124464,31.011433362960815,2.6200873362445414,61.12193846702576,2.6200873362445414,122.543776512146,3.070175438596491,185.7241542339325,3.3724340175953076,295.0724403858185,0.28087167070217917,31.011433362960815,0.13345305158544685,61.12193846702576,0.13345305158544685,122.543776512146,0.277743412099468,185.7241542339325,-0.014227390820240049,295.0724403858185,True,True,True,2026-09-03 09:06:13.968,33600.0,63.0,912.131903,20260903_100840_E007,2026-09-03 09:18:39.311,34350.0,63.0,166.788993,2026-09-03 09:21:13.788,2026-09-03 09:21:26.100,35250.0,77.0,FAIL,FAIL,HIGH_GAP_60S_NOT_DECREASING,2026-09-03 09:21:26.100,35250.0,0.0,0.0,,,,,,2026-09-03 09:21:26.100,35250.0,,,PENDING,FIRST_75_SIGNAL,True,20260903_100840_SHADOW_SCORE_70_74_E007_092108755007,2026-09-03 09:21:08.716,35000.0,74.0,17.38352,0.7142857142857117,,,,,,,,,,,
2026-09-03 09:21:44.586,v1.6.9,100840,SNT에너지,CONFIRM,SKIP,SCORE_BELOW_75,74,29,22,11,12,35200.0,0.5649717514124294,MAIN,MAIN,2026-09-03 09:21:44.571,True,591.1229815483093,38,-0.14184397163120568,18.198386669158936,0.5714285714285714,33.895609617233276,2.1770682148040637,64.27816224098206,2.4745269286754,125.34203672409058,2.4745269286754,172.67624354362488,3.5294117647058822,297.38264870643616,0.4223183990586491,33.895609617233276,0.5649717514124294,64.27816224098206,0.2746959894385542,125.34203672409058,0.41962291420312703,172.67624354362488,-0.16495525588684068,297.38264870643616,True,True,True,2026-09-03 09:06:13.968,33600.0,63.0,912.131903,20260903_100840_E007,2026-09-03 09:18:39.311,34350.0,63.0,166.788993,2026-09-03 09:21:13.788,2026-09-03 09:21:26.100,35250.0,77.0,FAIL,FAIL,HIGH_GAP_60S_NOT_DECREASING,2026-09-03 09:21:44.571,35200.0,18.471065,-0.14184397163120588,,,,,,2026-09-03 09:21:26.100,35250.0,18.471065,-0.14184397163120568,EVALUABLE,SCORED,True,20260903_100840_SHADOW_SCORE_70_74_E007_092108755007,2026-09-03 09:21:08.716,35000.0,74.0,17.38352,0.7142857142857117,,,,,,,,,,,
2026-09-03 09:21:59.971,v1.6.9,100840,SNT에너지,PRE_HISTORY,SKIP,PRICE_30S_NOT_POSITIVE,77,29,25,11,12,35250.0,0.423728813559322,MAIN,MAIN,2026-09-03 09:21:59.909,True,591.1443967819214,38,0.14204545454545456,15.663088321685791,0.0,33.86147499084473,0.8583690987124464,64.87290835380554,2.7696793002915454,125.36792659759521,2.7696793002915454,172.38817977905273,4.13589364844904,297.5932688713074,0.0,33.86147499084473,0.28087167070217917,64.87290835380554,-0.011684829401490737,125.36792659759521,-0.011684829401490737,172.38817977905273,-0.74415439811951,297.5932688713074,False,True,True,2026-09-03 09:06:13.968,33600.0,63.0,945.940883,20260903_100840_E007,2026-09-03 09:18:39.311,34350.0,63.0,200.597973,2026-09-03 09:21:13.788,2026-09-03 09:21:26.100,35250.0,77.0,FAIL,FAIL,HIGH_GAP_60S_NOT_DECREASING,2026-09-03 09:21:59.909,35250.0,33.80898,0.0,FAIL,,,,PRICE_30S_NOT_POSITIVE,,,,,,,True,20260903_100840_SHADOW_SCORE_70_74_E007_092108755007,2026-09-03 09:21:08.716,35000.0,74.0,17.38352,0.7142857142857117,,,,,,,,,,,
2026-09-03 09:23:16.575,v1.6.9,067290,JW신약,WIDE_HIGH_GAP_SHADOW,ENTER,HIGH_GAP_3P0_TO_4P5,57,37,0,11,9,3595.0,3.0997304582210243,MAIN,MAIN,2026-09-03 09:23:16.574,True,589.6544647216797,38,-0.9641873278236914,15.013411521911621,-0.6906077348066298,30.476747512817383,-2.5745257452574526,61.04833507537842,0.1392757660167131,126.11115980148315,3.1563845050215207,186.87223529815674,3.901734104046243,296.1380910873413,0.6738544474393531,30.476747512817383,3.0997304582210243,61.04833507537842,1.7261040845946507,126.11115980148315,0.8556911875337874,186.87223529815674,3.0997304582210243,296.1380910873413,False,False,,,,,,20260903_067290_WIDE_E001,2026-09-03 09:23:16.574,3595.0,57.0,0.0,2026-09-03 09:23:04.202,,,,,,,2026-09-03 09:23:16.574,3595.0,,,,,,,,,,,,,,,,,,,,,6,1,False,,,WIDE_HIGH_GAP_SHADOW,,,,3.0,4.5
2026-09-03 09:23:16.596,v1.6.9,004310,현대약품,BASE,ENTER,75_SCORE,78,33,25,11,9,8760.0,0.45454545454545453,MAIN,MAIN,2026-09-03 09:23:16.570,True,589.6544647216797,38,0.805523590333717,15.013411521911621,1.0380622837370241,30.476747512817383,1.8604651162790697,61.04833507537842,2.937720329024677,126.11115980148315,1.8604651162790697,186.87223529815674,0.6896551724137931,296.1380910873413,-0.798301925864568,30.476747512817383,-1.5955684406709465,61.04833507537842,-2.620625388279147,126.11115980148315,-1.5955684406709465,186.87223529815674,-0.45661627666183474,296.1380910873413,True,True,True,2026-09-03 09:09:20.956,8460.0,77.0,835.613705,20260903_004310_E003,2026-09-03 09:22:18.321,8670.0,61.0,58.248496,2026-09-03 09:23:04.202,2026-09-03 09:23:16.570,8760.0,78.0,PASS,PASS,OK,2026-09-03 09:23:16.570,8760.0,0.0,0.0,,,,,,,,,,,,False,,,,,,,6,2,True,TAKE_PROFIT,20260903_004310_BASE_E001_090929020164,,,,,,
2026-09-03 09:23:16.604,v1.6.9,004310,현대약품,PRE_HISTORY,ENTER,OK,78,33,25,11,9,8760.0,0.45454545454545453,MAIN,MAIN,2026-09-03 09:23:16.570,True,589.6544647216797,38,0.805523590333717,15.013411521911621,1.0380622837370241,30.476747512817383,1.8604651162790697,61.04833507537842,2.937720329024677,126.11115980148315,1.8604651162790697,186.87223529815674,0.6896551724137931,296.1380910873413,-0.798301925864568,30.476747512817383,-1.5955684406709465,61.04833507537842,-2.620625388279147,126.11115980148315,-1.5955684406709465,186.87223529815674,-0.45661627666183474,296.1380910873413,True,True,True,2026-09-03 09:09:20.956,8460.0,77.0,835.613705,20260903_004310_E003,2026-09-03 09:22:18.321,8670.0,61.0,58.248496,2026-09-03 09:23:04.202,2026-09-03 09:23:16.570,8760.0,78.0,PASS,PASS,OK,2026-09-03 09:23:16.570,8760.0,0.0,0.0,PASS,FIRST_75_PASS,,0.0,OK,,,,,,,False,,,,,,,7,1,False,,,,,,,,
2026-09-03 09:23:25.223,v1.6.9,004310,현대약품,LIVE_FILTER_SHADOW,ENTER,PASS,78,33,25,11,9,8760.0,0.45454545454545453,MAIN,MAIN,2026-09-03 09:23:16.570,True,589.6544647216797,38,0.805523590333717,15.013411521911621,1.0380622837370241,30.476747512817383,1.8604651162790697,61.04833507537842,2.937720329024677,126.11115980148315,1.8604651162790697,186.87223529815674,0.6896551724137931,296.1380910873413,-0.798301925864568,30.476747512817383,-1.5955684406709465,61.04833507537842,-2.620625388279147,126.11115980148315,-1.5955684406709465,186.87223529815674,-0.45661627666183474,296.1380910873413,True,True,True,2026-09-03 09:09:20.956,8460.0,77.0,835.613705,20260903_004310_E003,2026-09-03 09:22:18.321,8670.0,61.0,58.248496,2026-09-03 09:23:04.202,2026-09-03 09:23:16.570,8760.0,78.0,PASS,PASS,OK,2026-09-03 09:23:16.570,8760.0,0.0,0.0,,,,,,,,,,,,False,,,,,,,8,2,True,TAKE_PROFIT,20260903_004310_LIVE_FILTER_SHADOW_E001_090929057731,,,,,,
2026-09-03 09:23:25.359,v1.6.9,004310,현대약품,CONFIRM,PENDING,FIRST_75_SIGNAL,78,33,25,11,9,8760.0,0.45454545454545453,MAIN,MAIN,2026-09-03 09:23:16.570,True,589.6544647216797,38,0.805523590333717,15.013411521911621,1.0380622837370241,30.476747512817383,1.8604651162790697,61.04833507537842,2.937720329024677,126.11115980148315,1.8604651162790697,186.87223529815674,0.6896551724137931,296.1380910873413,-0.798301925864568,30.476747512817383,-1.5955684406709465,61.04833507537842,-2.620625388279147,126.11115980148315,-1.5955684406709465,186.87223529815674,-0.45661627666183474,296.1380910873413,True,True,True,2026-09-03 09:09:20.956,8460.0,77.0,835.613705,20260903_004310_E003,2026-09-03 09:22:18.321,8670.0,61.0,58.248496,2026-09-03 09:23:04.202,2026-09-03 09:23:16.570,8760.0,78.0,PASS,PASS,OK,2026-09-03 09:23:16.570,8760.0,0.0,0.0,,,,,,2026-09-03 09:23:16.570,8760.0,,,PENDING,FIRST_75_SIGNAL,False,,,,,,,,,,,,,,,,,
2026-09-03 09:23:33.236,v1.6.9,441270,파인엠텍,WIDE_HIGH_GAP_SHADOW,ENTER,HIGH_GAP_3P0_TO_4P5,33,24,0,5,4,8580.0,3.487064116985377,MAIN,MAIN,2026-09-03 09:23:33.234,True,596.2434816360474,38,-0.9237875288683602,22.19268012046814,-1.1520737327188941,37.20609164237976,-1.4925373134328357,52.66942763328552,-1.1520737327188941,114.40823030471802,0.11668611435239205,178.68639254570007,-2.7210884353741496,302.83774042129517,1.1248593925759285,37.20609164237976,1.4623172103487065,52.66942763328552,1.1248593925759285,114.40823030471802,-0.11248593925759298,178.68639254570007,2.6996625421822276,302.83774042129517,False,False,,,,,,20260903_441270_WIDE_E004,2026-09-03 09:23:33.234,8580.0,33.0,0.0,2026-09-03 09:23:26.395,,,,,,,2026-09-03 09:23:33.234,8580.0,,,,,,,,,,,,,,,,,,,,,5,4,True,OPEN,20260903_441270_WIDE_HIGH_GAP_SHADOW_E003_092040738068,WIDE_HIGH_GAP_SHADOW,,,,3.0,4.5
2026-09-03 09:23:33.256,v1.6.9,004310,현대약품,CONFIRM,SKIP,RISE_BELOW_CONFIRM,76,37,19,11,9,8690.0,1.25,MAIN,MAIN,2026-09-03 09:23:33.227,True,596.2434816360474,38,-0.7990867579908676,22.19268012046814,0.0,37.20609164237976,0.2306805074971165,52.66942763328552,0.9291521486643438,114.40823030471802,1.0465116279069768,178.68639254570007,-0.2296211251435132,302.83774042129517,0.22494305239179946,37.20609164237976,-0.0028473804100226374,52.66942763328552,-0.6862186788154898,114.40823030471802,-0.8001138952164011,178.68639254570007,0.4527334851936218,302.83774042129517,False,True,True,2026-09-03 09:09:20.956,8460.0,77.0,835.613705,20260903_004310_E003,2026-09-03 09:22:18.321,8670.0,61.0,58.248496,2026-09-03 09:23:04.202,2026-09-03 09:23:16.570,8760.0,78.0,PASS,PASS,OK,2026-09-03 09:23:33.227,8690.0,16.656745,-0.7990867579908634,,,,,,2026-09-03 09:23:16.570,8760.0,16.656745,-0.7990867579908676,EVALUABLE,SCORED,False,,,,,,,,,,,,,,,,,
2026-09-03 09:23:55.161,v1.6.9,067290,JW신약,BASE,ENTER,75_SCORE,82,37,25,11,9,3750.0,0.0,MAIN,MAIN,2026-09-03 09:23:55.136,True,596.5950977802277,38,3.3057851239669422,15.905011653900146,4.3115438108484,38.097691774368286,3.3057851239669422,53.11110329627991,1.7639077340569878,114.65015363693237,3.3057851239669422,179.52306199073792,8.38150289017341,302.98948550224304,-3.0997304582210243,38.097691774368286,-2.15633423180593,53.11110329627991,0.0,114.65015363693237,-0.1375515818431912,179.52306199073792,0.0,302.98948550224304,True,True,True,2026-09-03 09:11:40.864,3270.0,71.0,734.272635,20260903_067290_E002,2026-09-03 09:23:26.395,3630.0,71.0,28.741423,2026-09-03 09:23:42.300,2026-09-03 09:23:55.136,3750.0,82.0,PASS,PASS,OK,2026-09-03 09:23:55.136,3750.0,0.0,0.0,,,,,,,,,,,,False,,,,,,,7,2,True,TAKE_PROFIT,20260903_067290_BASE_E001_091355492217,,,,,,
2026-09-03 09:23:55.177,v1.6.9,067290,JW신약,PRE_HISTORY,ENTER,OK,82,37,25,11,9,3750.0,0.0,MAIN,MAIN,2026-09-03 09:23:55.136,True,596.5950977802277,38,3.3057851239669422,15.905011653900146,4.3115438108484,38.097691774368286,3.3057851239669422,53.11110329627991,1.7639077340569878,114.65015363693237,3.3057851239669422,179.52306199073792,8.38150289017341,302.98948550224304,-3.0997304582210243,38.097691774368286,-2.15633423180593,53.11110329627991,0.0,114.65015363693237,-0.1375515818431912,179.52306199073792,0.0,302.98948550224304,True,True,True,2026-09-03 09:11:40.864,3270.0,71.0,734.272635,20260903_067290_E002,2026-09-03 09:23:26.395,3630.0,71.0,28.741423,2026-09-03 09:23:42.300,2026-09-03 09:23:55.136,3750.0,82.0,PASS,PASS,OK,2026-09-03 09:23:55.136,3750.0,0.0,0.0,PASS,FIRST_75_PASS,,0.0,OK,,,,,,,False,,,,,,,8,2,True,TAKE_PROFIT,20260903_067290_PRE_HISTORY_E001_091355513144,,,,,,
2026-09-03 09:23:55.199,v1.6.9,067290,JW신약,LIVE_FILTER_SHADOW,ENTER,PASS,82,37,25,11,9,3750.0,0.0,MAIN,MAIN,2026-09-03 09:23:55.136,True,596.5950977802277,38,3.3057851239669422,15.905011653900146,4.3115438108484,38.097691774368286,3.3057851239669422,53.11110329627991,1.7639077340569878,114.65015363693237,3.3057851239669422,179.52306199073792,8.38150289017341,302.98948550224304,-3.0997304582210243,38.097691774368286,-2.15633423180593,53.11110329627991,0.0,114.65015363693237,-0.1375515818431912,179.52306199073792,0.0,302.98948550224304,True,True,True,2026-09-03 09:11:40.864,3270.0,71.0,734.272635,20260903_067290_E002,2026-09-03 09:23:26.395,3630.0,71.0,28.741423,2026-09-03 09:23:42.300,2026-09-03 09:23:55.136,3750.0,82.0,PASS,PASS,OK,2026-09-03 09:23:55.136,3750.0,0.0,0.0,,,,,,,,,,,,False,,,,,,,9,2,True,TAKE_PROFIT,20260903_067290_LIVE_FILTER_SHADOW_E001_091405210252,,,,,,
2026-09-03 09:23:55.220,v1.6.9,067290,JW신약,CONFIRM,PENDING,FIRST_75_SIGNAL,82,37,25,11,9,3750.0,0.0,MAIN,MAIN,2026-09-03 09:23:55.136,True,596.5950977802277,38,3.3057851239669422,15.905011653900146,4.3115438108484,38.097691774368286,3.3057851239669422,53.11110329627991,1.7639077340569878,114.65015363693237,3.3057851239669422,179.52306199073792,8.38150289017341,302.98948550224304,-3.0997304582210243,38.097691774368286,-2.15633423180593,53.11110329627991,0.0,114.65015363693237,-0.1375515818431912,179.52306199073792,0.0,302.98948550224304,True,True,True,2026-09-03 09:11:40.864,3270.0,71.0,734.272635,20260903_067290_E002,2026-09-03 09:23:26.395,3630.0,71.0,28.741423,2026-09-03 09:23:42.300,2026-09-03 09:23:55.136,3750.0,82.0,PASS,PASS,OK,2026-09-03 09:23:55.136,3750.0,0.0,0.0,,,,,,2026-09-03 09:23:55.136,3750.0,,,PENDING,FIRST_75_SIGNAL,False,,,,,,,,,,,,,,,,,
2026-09-03 09:24:07.995,v1.6.9,067290,JW신약,CONFIRM,SKIP,PRE_FILTER_EXIT,,,,,,3760.0,,MAIN,MAIN,2026-09-03 09:24:07.995,True,,,,,,,,,,,,,,,,,,,,,,,,,,,True,2026-09-03 09:11:40.864,3270.0,71.0,734.272635,,,,,,2026-09-03 09:23:42.300,2026-09-03 09:23:55.136,3750.0,82.0,PASS,PASS,OK,2026-09-03 09:24:07.995,3760.0,12.85815,0.2666666666666595,,,,,,2026-09-03 09:23:55.136,3750.0,12.85815,,FILTER_EXIT,PRE_FILTER_EXIT,False,,,,,,,,,,,,,,,,,
2026-09-03 09:24:40.677,v1.6.9,079650,서산,WIDE_HIGH_GAP_SHADOW,ENTER,HIGH_GAP_3P0_TO_4P5,49,29,0,11,9,7190.0,4.133333333333333,MAIN,MAIN,2026-09-03 09:24:40.673,True,585.1905212402344,38,0.9831460674157303,15.073402643203735,-1.5068493150684932,30.96477246284485,-2.1768707482993195,62.84264898300171,1.5536723163841808,115.51207661628723,-0.41551246537396125,177.25087928771973,-0.1388888888888889,302.5929160118103,1.466666666666666,30.96477246284485,4.133333333333333,62.84264898300171,1.548299319727891,100.04874062538147,2.3646258503401354,177.25087928771973,2.0925170068027206,302.5929160118103,False,False,,,,,,20260903_079650_WIDE_E002,2026-09-03 09:24:40.673,7190.0,49.0,0.0,2026-09-03 09:24:29.238,,,,,,,2026-09-03 09:24:40.673,7190.0,,,,,,,,,,,,,,,,,,,,,2,2,True,TAKE_PROFIT,20260903_079650_WIDE_HIGH_GAP_SHADOW_E001_092024646211,WIDE_HIGH_GAP_SHADOW,,,,3.0,4.5
2026-09-03 09:26:28.216,v1.6.9,067290,JW신약,WIDE_HIGH_GAP_SHADOW,ENTER,HIGH_GAP_3P0_TO_4P5,65,37,0,16,12,3705.0,3.0104712041884816,MAIN,MAIN,2026-09-03 09:26:28.214,True,598.1947922706604,39,-1.2,15.720918655395508,-1.3315579227696404,30.98330593109131,-2.242744063324538,61.71662163734436,-1.9062748212867358,122.74648857116699,2.066115702479339,170.51573491096497,2.206896551724138,303.1223518848419,,,,,,,0.8541369723825514,170.51573491096497,2.5983832921005696,303.1223518848419,False,False,,,,,,20260903_067290_WIDE_E002,2026-09-03 09:26:28.214,3705.0,65.0,0.0,2026-09-03 09:26:16.911,,,,,,,2026-09-03 09:26:28.214,3705.0,,,,,,,,,,,,,,,,,,,,,10,2,True,TAKE_PROFIT,20260903_067290_WIDE_HIGH_GAP_SHADOW_E001_092316582356,WIDE_HIGH_GAP_SHADOW,,,,3.0,4.5
2026-09-03 09:26:43.173,v1.6.9,079650,서산,SHADOW_SCORE_70_74,ENTER,SCORE_70_74_BEFORE_FIRST75,71,29,22,11,9,7520.0,0.6605019815059445,MAIN,MAIN,2026-09-03 09:26:43.166,True,597.6654200553894,39,-0.3973509933774834,15.358806133270264,1.8970189701897018,31.07972478866577,4.1551246537396125,61.978187799453735,4.58970792767733,123.03189206123352,2.312925170068027,185.87454104423523,4.1551246537396125,300.28277134895325,-0.9394980184940556,31.07972478866577,-3.0728313518273893,61.978187799453735,-3.4728313518273883,123.03189206123352,0.6605019815059445,185.87454104423523,-1.108205501487253,300.28277134895325,True,True,,2026-09-03 09:20:27.709,7150.0,63.0,375.457455,20260903_079650_E003,2026-09-03 09:26:16.911,7550.0,63.0,26.255327,2026-09-03 09:26:32.270,,,,,,,2026-09-03 09:26:43.166,7520.0,,,,,,,,,,,,,,False,,,,,,,3,1,False,,,,,,,,
2026-09-03 09:26:59.036,v1.6.9,067290,JW신약,BASE,ENTER,75_SCORE,79,37,14,16,12,3710.0,2.8795811518324608,MAIN,MAIN,2026-09-03 09:26:58.999,True,598.154153585434,39,0.40595399188092013,15.94120168685913,0.1349527665317139,31.300007820129395,-1.1984021304926764,62.2833137512207,-1.8518518518518516,123.48216414451599,-1.0666666666666667,185.9107310771942,0.6784260515603799,300.5608847141266,-0.1308900523560208,31.300007820129395,,,,,2.8795811518324608,185.9107310771942,2.8795811518324608,300.5608847141266,True,False,True,2026-09-03 09:11:40.864,3270.0,71.0,918.135355,20260903_067290_E003,2026-09-03 09:26:48.211,3710.0,79.0,10.7884,2026-09-03 09:26:48.211,2026-09-03 09:26:58.999,3710.0,79.0,FAIL,FAIL,PRICE_60S_NOT_POSITIVE,2026-09-03 09:26:58.999,3710.0,0.0,0.0,,,,,,,,,,,,False,,,,,,,11,3,True,STOP_LOSS,20260903_067290_BASE_E002_092355170896,,,,,,
2026-09-03 09:26:59.046,v1.6.9,067290,JW신약,PRE_HISTORY,SKIP,PRICE_60S_NOT_POSITIVE,79,37,14,16,12,3710.0,2.8795811518324608,MAIN,MAIN,2026-09-03 09:26:58.999,True,598.154153585434,39,0.40595399188092013,15.94120168685913,0.1349527665317139,31.300007820129395,-1.1984021304926764,62.2833137512207,-1.8518518518518516,123.48216414451599,-1.0666666666666667,185.9107310771942,0.6784260515603799,300.5608847141266,-0.1308900523560208,31.300007820129395,,,,,2.8795811518324608,185.9107310771942,2.8795811518324608,300.5608847141266,True,False,True,2026-09-03 09:11:40.864,3270.0,71.0,918.135355,20260903_067290_E003,2026-09-03 09:26:48.211,3710.0,79.0,10.7884,2026-09-03 09:26:48.211,2026-09-03 09:26:58.999,3710.0,79.0,FAIL,FAIL,PRICE_60S_NOT_POSITIVE,2026-09-03 09:26:58.999,3710.0,0.0,0.0,FAIL,,,,PRICE_60S_NOT_POSITIVE,,,,,,,False,,,,,,,,,,,,,,,,,
2026-09-03 09:26:59.055,v1.6.9,067290,JW신약,PRE_FAIL_PULLBACK_SHADOW,ENTER,PRICE_60S_NOT_POSITIVE,79,37,14,16,12,3710.0,2.8795811518324608,MAIN,MAIN,2026-09-03 09:26:58.999,True,598.154153585434,39,0.40595399188092013,15.94120168685913,0.1349527665317139,31.300007820129395,-1.1984021304926764,62.2833137512207,-1.8518518518518516,123.48216414451599,-1.0666666666666667,185.9107310771942,0.6784260515603799,300.5608847141266,-0.1308900523560208,31.300007820129395,,,,,2.8795811518324608,185.9107310771942,2.8795811518324608,300.5608847141266,True,False,True,2026-09-03 09:11:40.864,3270.0,71.0,918.135355,20260903_067290_E003,2026-09-03 09:26:48.211,3710.0,79.0,10.7884,2026-09-03 09:26:48.211,2026-09-03 09:26:58.999,3710.0,79.0,FAIL,FAIL,PRICE_60S_NOT_POSITIVE,2026-09-03 09:26:58.999,3710.0,0.0,0.0,FAIL,,,,PRICE_60S_NOT_POSITIVE,,,,,,,False,,,,,,,12,1,False,,,PRE_FAIL_PULLBACK_SHADOW,PRICE_60S_NOT_POSITIVE,1,False,,
2026-09-03 09:26:59.066,v1.6.9,067290,JW신약,CONFIRM,PENDING,FIRST_75_SIGNAL,79,37,14,16,12,3710.0,2.8795811518324608,MAIN,MAIN,2026-09-03 09:26:58.999,True,598.154153585434,39,0.40595399188092013,15.94120168685913,0.1349527665317139,31.300007820129395,-1.1984021304926764,62.2833137512207,-1.8518518518518516,123.48216414451599,-1.0666666666666667,185.9107310771942,0.6784260515603799,300.5608847141266,-0.1308900523560208,31.300007820129395,,,,,2.8795811518324608,185.9107310771942,2.8795811518324608,300.5608847141266,True,False,True,2026-09-03 09:11:40.864,3270.0,71.0,918.135355,20260903_067290_E003,2026-09-03 09:26:48.211,3710.0,79.0,10.7884,2026-09-03 09:26:48.211,2026-09-03 09:26:58.999,3710.0,79.0,FAIL,FAIL,PRICE_60S_NOT_POSITIVE,2026-09-03 09:26:58.999,3710.0,0.0,0.0,,,,,,2026-09-03 09:26:58.999,3710.0,,,PENDING,FIRST_75_SIGNAL,False,,,,,,,,,,,,,,,,,
2026-09-03 09:27:14.318,v1.6.9,067290,JW신약,CONFIRM,SKIP,PRE_FILTER_EXIT,,,,,,3725.0,,MAIN,MAIN,2026-09-03 09:27:14.317,True,,,,,,,,,,,,,,,,,,,,,,,,,,,True,2026-09-03 09:11:40.864,3270.0,71.0,918.135355,,,,,,2026-09-03 09:26:48.211,2026-09-03 09:26:58.999,3710.0,79.0,FAIL,FAIL,PRICE_60S_NOT_POSITIVE,2026-09-03 09:27:14.317,3725.0,15.317511,0.40431266846361336,,,,,,2026-09-03 09:26:58.999,3710.0,15.317511,,FILTER_EXIT,PRE_FILTER_EXIT,False,,,,,,,,,,,,,,,,,
2026-09-03 09:27:30.265,v1.6.9,067290,JW신약,WIDE_HIGH_GAP_SHADOW,ENTER,HIGH_GAP_3P0_TO_4P5,46,37,0,5,4,3685.0,3.5340314136125657,MAIN,MAIN,2026-09-03 09:27:30.260,True,597.7777273654938,39,-1.0738255033557047,15.232685089111328,-0.6738544474393532,31.17237091064453,-0.5398110661268556,62.472378730773926,-2.7704485488126647,124.18900036811829,-2.4357956049774954,185.21886730194092,-0.40540540540540543,301.0617685317993,0.6544502617801049,31.17237091064453,0.5235602094240841,62.472378730773926,,,,,3.264489634636824,301.0617685317993,False,False,,,,,,20260903_067290_WIDE_E003,2026-09-03 09:27:30.260,3685.0,46.0,0.0,2026-09-03 09:27:19.383,,,,,,,2026-09-03 09:27:30.260,3685.0,,,,,,,,,,,,,,,,,,,,,13,3,True,OPEN,20260903_067290_WIDE_HIGH_GAP_SHADOW_E002_092628225585,WIDE_HIGH_GAP_SHADOW,,,,3.0,4.5
2026-09-03 09:27:47.461,v1.6.9,004310,현대약품,WIDE_HIGH_GAP_SHADOW,ENTER,HIGH_GAP_3P0_TO_4P5,46,37,0,5,4,8570.0,3.3821871476888385,MAIN,MAIN,2026-09-03 09:27:47.453,True,597.7613372802734,39,-0.8101851851851851,15.938222885131836,-1.2672811059907834,31.170907974243164,-1.380897583429229,63.0517954826355,-2.8344671201814062,125.02998328208923,-2.44735344336938,186.08368754386902,-1.1534025374855825,301.59576416015625,1.2401352874859075,31.170907974243164,1.3528748590755355,63.0517954826355,2.8184892897406986,125.02998328208923,2.423900789177001,186.08368754386902,2.129339767278816,301.59576416015625,False,False,,,,,,20260903_004310_WIDE_E002,2026-09-03 09:27:47.453,8570.0,46.0,0.0,2026-09-03 09:27:35.321,,,,,,,2026-09-03 09:27:47.453,8570.0,,,,,,,,,,,,,,,,,,,,,9,2,True,TAKE_PROFIT,20260903_004310_WIDE_HIGH_GAP_SHADOW_E001_092108710109,WIDE_HIGH_GAP_SHADOW,,,,3.0,4.5
2026-09-03 09:28:03.914,v1.6.9,441270,파인엠텍,SHADOW_SCORE_70_74,ENTER,SCORE_70_74_BEFORE_FIRST75,74,29,25,11,9,8910.0,0.44692737430167595,MAIN,MAIN,2026-09-03 09:28:03.903,True,597.7995991706848,39,-0.33557046979865773,15.225640296936035,1.1350737797956867,31.16386318206787,0.6779661016949152,62.3362340927124,1.7123287671232876,124.6195478439331,1.596351197263398,185.8183982372284,2.6497695852534564,301.3580684661865,-0.45296013975906657,31.16386318206787,-0.0030163827286953104,62.3362340927124,-1.0153898360470306,124.6195478439331,-0.9029038967894376,185.8183982372284,-1.9152773501077727,301.3580684661865,True,True,,2026-09-03 09:11:40.864,8780.0,60.0,983.039382,20260903_441270_E005,2026-09-03 09:26:32.270,8820.0,60.0,91.633629,2026-09-03 09:27:50.547,,,,,,,2026-09-03 09:28:03.903,8910.0,,,,,,,,,,,,,,False,,,,,,,6,2,True,STOP_LOSS,20260903_441270_SHADOW_SCORE_70_74_E002_091252822592,,,,,,
2026-09-03 09:28:36.863,v1.6.9,079650,서산,BASE,ENTER,75_SCORE,75,33,22,11,9,7690.0,0.902061855670103,MAIN,MAIN,2026-09-03 09:28:36.832,True,598.1607661247253,39,-0.25940337224383914,15.766311407089233,0.2607561929595828,31.171048879623413,0.6544502617801047,62.334912061691284,1.8543046357615895,124.80729079246521,7.103064066852367,186.52391242980957,4.625850340136054,295.3230257034302,-0.2577319587628868,31.171048879623413,0.12284107644932374,62.334912061691284,0.902061855670103,124.80729079246521,-3.3646048109965636,186.52391242980957,0.902061855670103,295.3230257034302,True,True,True,2026-09-03 09:20:27.709,7150.0,63.0,489.123777,20260903_079650_E003,2026-09-03 09:26:16.911,7550.0,63.0,139.921649,2026-09-03 09:28:21.718,2026-09-03 09:28:36.832,7690.0,75.0,FAIL,FAIL,HIGH_GAP_60S_NOT_DECREASING,2026-09-03 09:28:36.832,7690.0,0.0,0.0,,,,,,,,,,,,True,20260903_079650_SHADOW_SCORE_70_74_E003_092643177892,2026-09-03 09:26:43.166,7520.0,71.0,113.666322,2.2606382978723305,4,1,False,,,,,,,,
2026-09-03 09:28:36.885,v1.6.9,079650,서산,PRE_HISTORY,SKIP,HIGH_GAP_60S_NOT_DECREASING,75,33,22,11,9,7690.0,0.902061855670103,MAIN,MAIN,2026-09-03 09:28:36.832,True,598.1607661247253,39,-0.25940337224383914,15.766311407089233,0.2607561929595828,31.171048879623413,0.6544502617801047,62.334912061691284,1.8543046357615895,124.80729079246521,7.103064066852367,186.52391242980957,4.625850340136054,295.3230257034302,-0.2577319587628868,31.171048879623413,0.12284107644932374,62.334912061691284,0.902061855670103,124.80729079246521,-3.3646048109965636,186.52391242980957,0.902061855670103,295.3230257034302,True,True,True,2026-09-03 09:20:27.709,7150.0,63.0,489.123777,20260903_079650_E003,2026-09-03 09:26:16.911,7550.0,63.0,139.921649,2026-09-03 09:28:21.718,2026-09-03 09:28:36.832,7690.0,75.0,FAIL,FAIL,HIGH_GAP_60S_NOT_DECREASING,2026-09-03 09:28:36.832,7690.0,0.0,0.0,FAIL,,,,HIGH_GAP_60S_NOT_DECREASING,,,,,,,True,20260903_079650_SHADOW_SCORE_70_74_E003_092643177892,2026-09-03 09:26:43.166,7520.0,71.0,113.666322,2.2606382978723305,,,,,,,,,,,
2026-09-03 09:28:36.908,v1.6.9,079650,서산,LIVE_FILTER_SHADOW,ENTER,PASS,75,33,22,11,9,7690.0,0.902061855670103,MAIN,MAIN,2026-09-03 09:28:36.832,True,598.1607661247253,39,-0.25940337224383914,15.766311407089233,0.2607561929595828,31.171048879623413,0.6544502617801047,62.334912061691284,1.8543046357615895,124.80729079246521,7.103064066852367,186.52391242980957,4.625850340136054,295.3230257034302,-0.2577319587628868,31.171048879623413,0.12284107644932374,62.334912061691284,0.902061855670103,124.80729079246521,-3.3646048109965636,186.52391242980957,0.902061855670103,295.3230257034302,True,True,True,2026-09-03 09:20:27.709,7150.0,63.0,489.123777,20260903_079650_E003,2026-09-03 09:26:16.911,7550.0,63.0,139.921649,2026-09-03 09:28:21.718,2026-09-03 09:28:36.832,7690.0,75.0,FAIL,FAIL,HIGH_GAP_60S_NOT_DECREASING,2026-09-03 09:28:36.832,7690.0,0.0,0.0,,,,,,,,,,,,True,20260903_079650_SHADOW_SCORE_70_74_E003_092643177892,2026-09-03 09:26:43.166,7520.0,71.0,113.666322,2.2606382978723305,5,1,False,,,,,,,,
2026-09-03 09:28:36.929,v1.6.9,079650,서산,CONFIRM,PENDING,FIRST_75_SIGNAL,75,33,22,11,9,7690.0,0.902061855670103,MAIN,MAIN,2026-09-03 09:28:36.832,True,598.1607661247253,39,-0.25940337224383914,15.766311407089233,0.2607561929595828,31.171048879623413,0.6544502617801047,62.334912061691284,1.8543046357615895,124.80729079246521,7.103064066852367,186.52391242980957,4.625850340136054,295.3230257034302,-0.2577319587628868,31.171048879623413,0.12284107644932374,62.334912061691284,0.902061855670103,124.80729079246521,-3.3646048109965636,186.52391242980957,0.902061855670103,295.3230257034302,True,True,True,2026-09-03 09:20:27.709,7150.0,63.0,489.123777,20260903_079650_E003,2026-09-03 09:26:16.911,7550.0,63.0,139.921649,2026-09-03 09:28:21.718,2026-09-03 09:28:36.832,7690.0,75.0,FAIL,FAIL,HIGH_GAP_60S_NOT_DECREASING,2026-09-03 09:28:36.832,7690.0,0.0,0.0,,,,,,2026-09-03 09:28:36.832,7690.0,,,PENDING,FIRST_75_SIGNAL,True,20260903_079650_SHADOW_SCORE_70_74_E003_092643177892,2026-09-03 09:26:43.166,7520.0,71.0,113.666322,2.2606382978723305,,,,,,,,,,,
2026-09-03 09:28:54.076,v1.6.9,067290,JW신약,WIDE_HIGH_GAP_SHADOW,ENTER,HIGH_GAP_3P0_TO_4P5,49,40,0,5,4,3685.0,3.5340314136125657,MAIN,MAIN,2026-09-03 09:28:54.072,True,587.0174672603607,38,-2.2546419098143233,20.56111979484558,-1.2064343163538873,36.327431201934814,-0.13550135501355012,66.95780897140503,-0.6738544474393532,114.0684027671814,-1.8641810918774968,176.3517165184021,-1.7333333333333332,299.9791338443756,0.26178010471204205,51.732168674468994,0.13089005235602125,66.95780897140503,0.6544502617801049,114.0684027671814,,,3.5340314136125657,299.9791338443756,False,False,,,,,,20260903_067290_WIDE_E004,2026-09-03 09:28:54.072,3685.0,49.0,0.0,2026-09-03 09:28:42.279,,,,,,,2026-09-03 09:28:54.072,3685.0,,,,,,,,,,,,,,,,,,,,,14,4,True,TAKE_PROFIT,20260903_067290_WIDE_HIGH_GAP_SHADOW_E003_092730281769,WIDE_HIGH_GAP_SHADOW,,,,3.0,4.5
2026-09-03 09:28:54.112,v1.6.9,079650,서산,CONFIRM,ENTER,PASS,78,33,25,11,9,7800.0,0.0,MAIN,MAIN,2026-09-03 09:28:54.103,True,587.0174672603607,38,1.4304291287386215,20.56111979484558,1.1673151750972763,36.327431201934814,1.8276762402088773,66.95780897140503,3.861517976031957,114.0684027671814,7.512060647829083,176.3517165184021,5.263157894736842,299.9791338443756,-0.6443298969072164,36.327431201934814,-1.2886597938144329,66.95780897140503,-0.7926023778071334,114.0684027671814,-3.266666666666666,176.3517165184021,-1.2,299.9791338443756,True,True,True,2026-09-03 09:20:27.709,7150.0,63.0,489.123777,20260903_079650_E003,2026-09-03 09:26:16.911,7550.0,63.0,139.921649,2026-09-03 09:28:21.718,2026-09-03 09:28:36.832,7690.0,75.0,FAIL,FAIL,HIGH_GAP_60S_NOT_DECREASING,2026-09-03 09:28:54.103,7800.0,17.270303,1.4304291287386306,,,,,,2026-09-03 09:28:36.832,7690.0,17.270303,1.4304291287386215,EVALUABLE,SCORED,True,20260903_079650_SHADOW_SCORE_70_74_E003_092643177892,2026-09-03 09:26:43.166,7520.0,71.0,113.666322,2.2606382978723305,6,1,False,,,,,,,,
2026-09-03 09:28:54.183,v1.6.9,079650,서산,PRE_HISTORY,ENTER,OK,78,33,25,11,9,7800.0,0.0,MAIN,MAIN,2026-09-03 09:28:54.103,True,587.0174672603607,38,1.4304291287386215,20.56111979484558,1.1673151750972763,36.327431201934814,1.8276762402088773,66.95780897140503,3.861517976031957,114.0684027671814,7.512060647829083,176.3517165184021,5.263157894736842,299.9791338443756,-0.6443298969072164,36.327431201934814,-1.2886597938144329,66.95780897140503,-0.7926023778071334,114.0684027671814,-3.266666666666666,176.3517165184021,-1.2,299.9791338443756,True,True,True,2026-09-03 09:20:27.709,7150.0,63.0,506.39408,20260903_079650_E003,2026-09-03 09:26:16.911,7550.0,63.0,157.191952,2026-09-03 09:28:21.718,2026-09-03 09:28:36.832,7690.0,75.0,FAIL,FAIL,HIGH_GAP_60S_NOT_DECREASING,2026-09-03 09:28:54.103,7800.0,17.270303,1.4304291287386306,PASS,LATER_PASS,AFTER_CONDITION_FAIL,17.270303,OK,,,,,,,True,20260903_079650_SHADOW_SCORE_70_74_E003_092643177892,2026-09-03 09:26:43.166,7520.0,71.0,113.666322,2.2606382978723305,7,1,False,,,,,,,,
2026-09-03 09:30:26.588,v1.6.9,100840,SNT에너지,WIDE_HIGH_GAP_SHADOW,ENTER,HIGH_GAP_3P0_TO_4P5,38,29,0,5,4,34700.0,3.2078103207810322,MAIN,MAIN,2026-09-03 09:30:26.586,True,587.5121612548828,38,-0.28735632183908044,15.405883073806763,-0.430416068866571,31.3473539352417,-0.5730659025787965,61.6312050819397,-1.4204545454545454,113.50274300575256,-1.69971671388102,175.83765506744385,-1.977401129943503,300.02665543556213,0.41841004184100417,31.3473539352417,0.5578800557880057,61.6312050819397,1.3947001394700143,113.50274300575256,1.6736401673640169,175.83765506744385,1.9525801952580197,300.02665543556213,False,False,,,,,,20260903_100840_WIDE_E001,2026-09-03 09:30:26.586,34700.0,38.0,0.0,2026-09-03 09:30:15.221,,,,,,,2026-09-03 09:30:26.586,34700.0,,,,,,,,,,,,,,,,,,,,,5,1,False,,,WIDE_HIGH_GAP_SHADOW,,,,3.0,4.5
2026-09-03 09:30:42.456,v1.6.9,105560,KB금융,BASE,ENTER,75_SCORE,78,33,25,11,9,178700.0,0.05592841163310962,MAIN,MAIN,2026-09-03 09:30:42.422,True,587.8808999061584,38,0.2243409983174425,15.43708086013794,0.11204481792717086,30.842963933944702,0.6193693693693694,61.852580547332764,1.189127972819932,128.9398238658905,0.676056338028169,175.33651304244995,1.246458923512748,300.3664963245392,0.05592841163310962,30.842963933944702,-0.0565575276244832,61.852580547332764,,,,,,,True,True,True,2026-09-03 09:29:28.805,177600.0,67.0,73.616236,20260903_105560_E001,2026-09-03 09:29:28.805,177600.0,67.0,73.616236,2026-09-03 09:30:30.658,2026-09-03 09:30:42.422,178700.0,78.0,PASS,PASS,OK,2026-09-03 09:30:42.422,178700.0,0.0,0.0,,,,,,,,,,,,False,,,,,,,1,1,False,,,,,,,,
2026-09-03 09:30:42.467,v1.6.9,105560,KB금융,PRE_HISTORY,ENTER,OK,78,33,25,11,9,178700.0,0.05592841163310962,MAIN,MAIN,2026-09-03 09:30:42.422,True,587.8808999061584,38,0.2243409983174425,15.43708086013794,0.11204481792717086,30.842963933944702,0.6193693693693694,61.852580547332764,1.189127972819932,128.9398238658905,0.676056338028169,175.33651304244995,1.246458923512748,300.3664963245392,0.05592841163310962,30.842963933944702,-0.0565575276244832,61.852580547332764,,,,,,,True,True,True,2026-09-03 09:29:28.805,177600.0,67.0,73.616236,20260903_105560_E001,2026-09-03 09:29:28.805,177600.0,67.0,73.616236,2026-09-03 09:30:30.658,2026-09-03 09:30:42.422,178700.0,78.0,PASS,PASS,OK,2026-09-03 09:30:42.422,178700.0,0.0,0.0,PASS,FIRST_75_PASS,,0.0,OK,,,,,,,False,,,,,,,2,1,False,,,,,,,,
2026-09-03 09:30:52.451,v1.6.9,105560,KB금융,LIVE_FILTER_SHADOW,ENTER,PASS,78,33,25,11,9,178700.0,0.05592841163310962,MAIN,MAIN,2026-09-03 09:30:42.422,True,587.8808999061584,38,0.2243409983174425,15.43708086013794,0.11204481792717086,30.842963933944702,0.6193693693693694,61.852580547332764,1.189127972819932,128.9398238658905,0.676056338028169,175.33651304244995,1.246458923512748,300.3664963245392,0.05592841163310962,30.842963933944702,-0.0565575276244832,61.852580547332764,,,,,,,True,True,True,2026-09-03 09:29:28.805,177600.0,67.0,73.616236,20260903_105560_E001,2026-09-03 09:29:28.805,177600.0,67.0,73.616236,2026-09-03 09:30:30.658,2026-09-03 09:30:42.422,178700.0,78.0,PASS,PASS,OK,2026-09-03 09:30:42.422,178700.0,0.0,0.0,,,,,,,,,,,,False,,,,,,,3,1,False,,,,,,,,
2026-09-03 09:30:52.470,v1.6.9,105560,KB금융,CONFIRM,PENDING,FIRST_75_SIGNAL,78,33,25,11,9,178700.0,0.05592841163310962,MAIN,MAIN,2026-09-03 09:30:42.422,True,587.8808999061584,38,0.2243409983174425,15.43708086013794,0.11204481792717086,30.842963933944702,0.6193693693693694,61.852580547332764,1.189127972819932,128.9398238658905,0.676056338028169,175.33651304244995,1.246458923512748,300.3664963245392,0.05592841163310962,30.842963933944702,-0.0565575276244832,61.852580547332764,,,,,,,True,True,True,2026-09-03 09:29:28.805,177600.0,67.0,73.616236,20260903_105560_E001,2026-09-03 09:29:28.805,177600.0,67.0,73.616236,2026-09-03 09:30:30.658,2026-09-03 09:30:42.422,178700.0,78.0,PASS,PASS,OK,2026-09-03 09:30:42.422,178700.0,0.0,0.0,,,,,,2026-09-03 09:30:42.422,178700.0,,,PENDING,FIRST_75_SIGNAL,False,,,,,,,,,,,,,,,,,
2026-09-03 09:31:12.484,v1.6.9,067290,JW신약,WIDE_HIGH_GAP_SHADOW,ENTER,HIGH_GAP_3P0_TO_4P5,49,40,0,5,4,3690.0,3.4031413612565444,MAIN,MAIN,2026-09-03 09:31:12.475,True,584.6065793037415,37,-0.9395973154362416,27.737112760543823,-0.9395973154362416,27.737112760543823,-0.8064516129032258,58.580076694488525,0.13568521031207598,120.15609812736511,-1.0723860589812333,172.44324803352356,-1.6,297.20514607429504,,,0.7853403141361257,58.580076694488525,-0.13089005235602125,120.15609812736511,0.1308900523560208,187.84798550605774,0.39267015706806285,281.48422741889954,False,False,,,,,,20260903_067290_WIDE_E005,2026-09-03 09:31:12.475,3690.0,49.0,0.0,2026-09-03 09:30:58.395,,,,,,,2026-09-03 09:31:12.475,3690.0,,,,,,,,,,,,,,,,,,,,,15,5,True,OPEN,20260903_067290_WIDE_HIGH_GAP_SHADOW_E004_092854098686,WIDE_HIGH_GAP_SHADOW,,,,3.0,4.5
2026-09-03 09:31:12.526,v1.6.9,105560,KB금융,CONFIRM,SKIP,SCORE_BELOW_75,67,33,25,5,4,178500.0,0.16778523489932887,MAIN,MAIN,2026-09-03 09:31:12.468,True,584.6065793037415,37,-0.11191941801902631,27.737112760543823,-0.11191941801902631,27.737112760543823,0.0,58.580076694488525,0.5633802816901409,120.15609812736511,0.676818950930626,172.44324803352356,1.0186757215619695,297.20514607429504,0.11185682326621925,27.737112760543823,0.16778523489932887,58.580076694488525,,,,,,,False,False,True,2026-09-03 09:29:28.805,177600.0,67.0,73.616236,20260903_105560_E001,2026-09-03 09:29:28.805,177600.0,67.0,73.616236,2026-09-03 09:30:30.658,2026-09-03 09:30:42.422,178700.0,78.0,PASS,PASS,OK,2026-09-03 09:31:12.468,178500.0,30.04652,-0.11191941801902416,,,,,,2026-09-03 09:30:42.422,178700.0,30.04652,-0.11191941801902631,EVALUABLE,SCORED,False,,,,,,,,,,,,,,,,,
2026-09-03 09:31:27.373,v1.6.9,079650,서산,WIDE_HIGH_GAP_SHADOW,ENTER,HIGH_GAP_3P0_TO_4P5,42,33,0,5,4,7630.0,3.4177215189873418,MAIN,MAIN,2026-09-03 09:31:27.363,True,599.7851328849792,38,-1.9280205655526992,15.178553581237793,-1.421188630490956,42.915666341781616,-2.926208651399491,58.352747201919556,-2.053915275994865,119.98395228385925,-1.0376134889753565,187.62180161476135,1.0596026490066226,296.66278100013733,1.3924050632911391,42.915666341781616,2.911392405063291,58.352747201919556,2.9068658357178654,119.98395228385925,2.7733916220801254,187.62180161476135,3.4177215189873418,296.66278100013733,False,False,,,,,,20260903_079650_WIDE_E003,2026-09-03 09:31:27.363,7630.0,42.0,0.0,2026-09-03 09:31:13.574,,,,,,,2026-09-03 09:31:27.363,7630.0,,,,,,,,,,,,,,,,,,,,,8,3,True,TAKE_PROFIT,20260903_079650_WIDE_HIGH_GAP_SHADOW_E002_092440694483,WIDE_HIGH_GAP_SHADOW,,,,3.0,4.5
2026-09-03 09:31:46.970,v1.6.9,004310,현대약품,WIDE_HIGH_GAP_SHADOW,ENTER,HIGH_GAP_3P0_TO_4P5,46,37,0,5,4,8530.0,3.8331454340473505,MAIN,MAIN,2026-09-03 09:31:46.965,True,597.4601967334747,38,-1.3872832369942196,15.873450517654419,-2.1788990825688073,31.052004098892212,-2.010338885697875,58.789116859436035,-1.7281105990783412,120.6416974067688,-1.7281105990783412,187.72894072532654,-1.8411967779056386,297.1774253845215,2.1420518602029315,31.052004098892212,1.972942502818489,58.789116859436035,1.6910935738444195,120.6416974067688,1.6910935738444195,187.72894072532654,1.8038331454340475,297.1774253845215,False,False,,,,,,20260903_004310_WIDE_E003,2026-09-03 09:31:46.965,8530.0,46.0,0.0,2026-09-03 09:31:29.447,,,,,,,2026-09-03 09:31:46.965,8530.0,,,,,,,,,,,,,,,,,,,,,10,3,True,TAKE_PROFIT,20260903_004310_WIDE_HIGH_GAP_SHADOW_E002_092747496529,WIDE_HIGH_GAP_SHADOW,,,,3.0,4.5
2026-09-03 09:32:48.675,v1.6.9,100840,SNT에너지,WIDE_HIGH_GAP_SHADOW,ENTER,HIGH_GAP_3P0_TO_4P5,38,29,0,5,4,34700.0,3.2078103207810322,MAIN,MAIN,2026-09-03 09:32:48.671,True,586.0958685874939,37,-0.28735632183908044,16.379812717437744,-1.4204545454545454,32.119526624679565,0.0,65.83781051635742,0.5797101449275363,124.62692737579346,-0.8571428571428572,186.47950792312622,-1.5602836879432624,299.9634404182434,1.3947001394700143,32.119526624679565,0.0,65.83781051635742,-0.5578800557880057,124.62692737579346,0.8368200836820088,186.47950792312622,1.5341701534170156,299.9634404182434,False,False,,,,,,20260903_100840_WIDE_E002,2026-09-03 09:32:48.671,34700.0,38.0,0.0,2026-09-03 09:32:35.285,,,,,,,2026-09-03 09:32:48.671,34700.0,,,,,,,,,,,,,,,,,,,,,6,2,True,STOP_LOSS,20260903_100840_WIDE_HIGH_GAP_SHADOW_E001_093026603639,WIDE_HIGH_GAP_SHADOW,,,,3.0,4.5
2026-09-03 09:33:03.466,v1.6.9,004310,현대약품,WIDE_HIGH_GAP_SHADOW,ENTER,HIGH_GAP_3P0_TO_4P5,46,37,0,5,4,8580.0,3.269447576099211,MAIN,MAIN,2026-09-03 09:33:03.460,True,586.5408368110657,37,-0.6944444444444444,15.458379745483398,-0.23255813953488372,31.838192462921143,0.468384074941452,62.71842885017395,-1.6055045871559634,112.34819436073303,-1.2658227848101267,186.8697419166565,-0.46403712296983757,300.19617986679077,0.22547914317925644,31.838192462921143,-0.450958286358512,62.71842885017395,1.5783540022547917,112.34819436073303,1.240135287485908,186.8697419166565,0.450958286358512,300.19617986679077,False,True,,,,,,20260903_004310_WIDE_E004,2026-09-03 09:33:03.460,8580.0,46.0,0.0,2026-09-03 09:32:50.743,,,,,,,2026-09-03 09:33:03.460,8580.0,,,,,,,,,,,,,,,,,,,,,11,4,True,OPEN,20260903_004310_WIDE_HIGH_GAP_SHADOW_E003_093146982804,WIDE_HIGH_GAP_SHADOW,,,,3.0,4.5
2026-09-03 09:36:03.279,v1.6.9,441270,파인엠텍,SHADOW_SCORE_70_74,ENTER,SCORE_70_74_BEFORE_FIRST75,71,29,22,11,9,9000.0,0.5524861878453038,MAIN,MAIN,2026-09-03 09:36:03.261,True,587.7864155769348,37,-0.33222591362126247,17.139694452285767,1.580135440180587,32.33669590950012,2.272727272727273,64.14677786827087,1.809954751131222,112.99231028556824,2.0408163265306123,178.23307514190674,2.857142857142857,290.58126950263977,-0.4531004043334672,32.33669590950012,-1.1234914657859811,64.14677786827087,-0.676564091484305,112.99231028556824,-0.9000277786351432,178.23307514190674,-1.682150683663076,290.58126950263977,True,True,,2026-09-03 09:11:40.864,8780.0,60.0,1462.396798,20260903_441270_E006,2026-09-03 09:35:31.837,9030.0,68.0,31.424049,2026-09-03 09:35:48.976,,,,,,,2026-09-03 09:36:03.261,9000.0,,,,,,,,,,,,,,False,,,,,,,7,3,True,STOP_LOSS,20260903_441270_SHADOW_SCORE_70_74_E005_092803923962,,,,,,
2026-09-03 09:36:50.956,v1.6.9,079650,서산,BASE,ENTER,75_SCORE,78,33,25,11,9,8160.0,0.12239902080783352,MAIN,MAIN,2026-09-03 09:36:50.865,True,588.5900342464447,37,0.865265760197775,16.596933126449585,1.4925373134328357,32.492345094680786,3.2911392405063293,64.96423959732056,3.2911392405063293,127.41279745101929,3.4220532319391634,176.7377107143402,6.527415143603134,307.35381054878235,-0.0018245816766385287,32.492345094680786,0.12239902080783352,64.96423959732056,0.12239902080783352,127.41279745101929,-0.004183257673179147,176.7377107143402,-2.91557566273647,307.35381054878235,True,True,True,2026-09-03 09:20:27.709,7150.0,63.0,983.156294,20260903_079650_E004,2026-09-03 09:33:06.607,7750.0,61.0,224.258174,2026-09-03 09:36:36.801,2026-09-03 09:36:50.865,8160.0,78.0,FAIL,FAIL,HIGH_GAP_60S_NOT_DECREASING,2026-09-03 09:36:50.865,8160.0,0.0,0.0,,,,,,,,,,,,False,,,,,,,9,2,True,TAKE_PROFIT,20260903_079650_BASE_E003_092836884872,,,,,,
2026-09-03 09:36:50.973,v1.6.9,079650,서산,PRE_HISTORY,SKIP,HIGH_GAP_60S_NOT_DECREASING,78,33,25,11,9,8160.0,0.12239902080783352,MAIN,MAIN,2026-09-03 09:36:50.865,True,588.5900342464447,37,0.865265760197775,16.596933126449585,1.4925373134328357,32.492345094680786,3.2911392405063293,64.96423959732056,3.2911392405063293,127.41279745101929,3.4220532319391634,176.7377107143402,6.527415143603134,307.35381054878235,-0.0018245816766385287,32.492345094680786,0.12239902080783352,64.96423959732056,0.12239902080783352,127.41279745101929,-0.004183257673179147,176.7377107143402,-2.91557566273647,307.35381054878235,True,True,True,2026-09-03 09:20:27.709,7150.0,63.0,983.156294,20260903_079650_E004,2026-09-03 09:33:06.607,7750.0,61.0,224.258174,2026-09-03 09:36:36.801,2026-09-03 09:36:50.865,8160.0,78.0,FAIL,FAIL,HIGH_GAP_60S_NOT_DECREASING,2026-09-03 09:36:50.865,8160.0,0.0,0.0,FAIL,,,,HIGH_GAP_60S_NOT_DECREASING,,,,,,,False,,,,,,,,,,,,,,,,,
2026-09-03 09:36:50.978,v1.6.9,079650,서산,CONFIRM,PENDING,FIRST_75_SIGNAL,78,33,25,11,9,8160.0,0.12239902080783352,MAIN,MAIN,2026-09-03 09:36:50.865,True,588.5900342464447,37,0.865265760197775,16.596933126449585,1.4925373134328357,32.492345094680786,3.2911392405063293,64.96423959732056,3.2911392405063293,127.41279745101929,3.4220532319391634,176.7377107143402,6.527415143603134,307.35381054878235,-0.0018245816766385287,32.492345094680786,0.12239902080783352,64.96423959732056,0.12239902080783352,127.41279745101929,-0.004183257673179147,176.7377107143402,-2.91557566273647,307.35381054878235,True,True,True,2026-09-03 09:20:27.709,7150.0,63.0,983.156294,20260903_079650_E004,2026-09-03 09:33:06.607,7750.0,61.0,224.258174,2026-09-03 09:36:36.801,2026-09-03 09:36:50.865,8160.0,78.0,FAIL,FAIL,HIGH_GAP_60S_NOT_DECREASING,2026-09-03 09:36:50.865,8160.0,0.0,0.0,,,,,,2026-09-03 09:36:50.865,8160.0,,,PENDING,FIRST_75_SIGNAL,False,,,,,,,,,,,,,,,,,
2026-09-03 09:37:06.004,v1.6.9,079650,서산,CONFIRM,SKIP,PRE_FILTER_EXIT,,,,,,8170.0,,MAIN,MAIN,2026-09-03 09:37:06.004,True,,,,,,,,,,,,,,,,,,,,,,,,,,,True,2026-09-03 09:20:27.709,7150.0,63.0,983.156294,,,,,,2026-09-03 09:36:36.801,2026-09-03 09:36:50.865,8160.0,78.0,FAIL,FAIL,HIGH_GAP_60S_NOT_DECREASING,2026-09-03 09:37:06.004,8170.0,15.139216,0.1225490196078427,,,,,,2026-09-03 09:36:50.865,8160.0,15.139216,,FILTER_EXIT,PRE_FILTER_EXIT,False,,,,,,,,,,,,,,,,,
2026-09-03 09:37:06.014,v1.6.9,088350,한화생명,SHADOW_SCORE_70_74,ENTER,SCORE_70_74_BEFORE_FIRST75,74,29,25,11,9,6390.0,0.0,MAIN,MAIN,2026-09-03 09:37:05.991,True,587.8412635326385,37,0.0,15.19091510772705,0.9478672985781991,31.787848234176636,2.07667731629393,63.01546025276184,1.7515923566878981,127.16223812103271,2.403846153846154,176.00777053833008,4.241435562805873,303.96696424484253,0.0,31.787848234176636,-0.6349206349206349,63.01546025276184,-0.1589825119236884,127.16223812103271,0.0,176.00777053833008,,,True,True,,2026-09-03 09:34:12.818,6280.0,69.0,173.172947,20260903_088350_E001,2026-09-03 09:34:12.818,6280.0,69.0,173.172947,2026-09-03 09:36:51.992,,,,,,,2026-09-03 09:37:05.991,6390.0,,,,,,,,,,,,,,False,,,,,,,1,1,False,,,,,,,,
2026-09-03 09:38:12.341,v1.6.9,100840,SNT에너지,WIDE_HIGH_GAP_SHADOW,ENTER,HIGH_GAP_3P0_TO_4P5,38,29,0,5,4,34750.0,3.0683403068340307,MAIN,MAIN,2026-09-03 09:38:12.339,True,591.8951439857483,37,-0.14367816091954022,16.624627351760864,-0.2869440459110474,33.80181050300598,-0.7142857142857143,65.85516619682312,-1.4184397163120568,113.53842639923096,-1.4184397163120568,177.83765649795532,0.2886002886002886,307.1037015914917,0.27894002789400263,33.80181050300598,0.6973500697350072,65.85516619682312,1.394700139470014,113.53842639923096,1.394700139470014,177.83765649795532,-0.27894002789400263,307.1037015914917,False,False,,,,,,20260903_100840_WIDE_E003,2026-09-03 09:38:12.339,34750.0,38.0,0.0,2026-09-03 09:37:57.847,,,,,,,2026-09-03 09:38:12.339,34750.0,,,,,,,,,,,,,,,,,,,,,7,3,True,OPEN,20260903_100840_WIDE_HIGH_GAP_SHADOW_E002_093248693844,WIDE_HIGH_GAP_SHADOW,,,,3.0,4.5
2026-09-03 09:38:31.107,v1.6.9,228340,동양파일,WIDE_HIGH_GAP_SHADOW,ENTER,HIGH_GAP_3P0_TO_4P5,44,24,0,11,9,4240.0,3.6363636363636362,MAIN,MAIN,2026-09-03 09:38:31.101,True,595.6850516796112,37,1.3142174432497014,19.55621910095215,1.9230769230769231,36.18084645271301,2.4154589371980677,53.35802960395813,5.341614906832298,117.1992335319519,4.176904176904177,180.76354146003723,4.9504950495049505,292.6792960166931,-1.818181818181818,36.18084645271301,-2.272727272727273,53.35802960395813,,,-3.8636363636363638,197.39387559890747,,,True,True,,,,,,20260903_228340_WIDE_E001,2026-09-03 09:38:31.101,4240.0,44.0,0.0,2026-09-03 09:38:17.403,,,,,,,2026-09-03 09:38:31.101,4240.0,,,,,,,,,,,,,,,,,,,,,1,1,False,,,WIDE_HIGH_GAP_SHADOW,,,,3.0,4.5
2026-09-03 09:39:03.414,v1.6.9,228340,동양파일,WIDE_HIGH_GAP_SHADOW,ENTER,HIGH_GAP_3P0_TO_4P5,44,24,0,11,9,4220.0,4.090909090909091,MAIN,MAIN,2026-09-03 09:39:03.410,True,591.4304456710815,37,0.7159904534606205,15.444827795028687,-0.4716981132075472,32.26623249053955,0.8363201911589008,51.8224515914917,3.8130381303813037,117.67761778831482,4.197530864197531,180.69307804107666,3.431372549019608,293.6853883266449,0.4545454545454546,32.26623249053955,-0.7954545454545459,51.8224515914917,,,,,-3.1818181818181817,293.6853883266449,False,True,,,,,,20260903_228340_WIDE_E002,2026-09-03 09:39:03.410,4220.0,44.0,0.0,2026-09-03 09:38:49.669,,,,,,,2026-09-03 09:39:03.410,4220.0,,,,,,,,,,,,,,,,,,,,,2,2,True,STOP_LOSS,20260903_228340_WIDE_HIGH_GAP_SHADOW_E001_093831114457,WIDE_HIGH_GAP_SHADOW,,,,3.0,4.5
2026-09-03 09:40:24.153,v1.6.9,088350,한화생명,BASE,ENTER,75_SCORE,79,29,25,16,9,6480.0,0.3076923076923077,MAIN,MAIN,2026-09-03 09:40:24.096,True,594.2939274311066,37,1.0920436817472698,15.279937028884888,0.6993006993006993,31.607661724090576,1.0920436817472698,63.11093282699585,1.4084507042253522,112.11161875724792,1.4084507042253522,180.97804880142212,3.0206677265500796,292.87516021728516,0.07513416815742399,31.607661724090576,0.3076923076923077,63.11093282699585,0.3076923076923077,112.11161875724792,0.3076923076923077,180.97804880142212,0.3076923076923077,292.87516021728516,True,True,True,2026-09-03 09:34:12.818,6280.0,69.0,371.278181,20260903_088350_E001,2026-09-03 09:34:12.818,6280.0,69.0,371.278181,2026-09-03 09:40:09.515,2026-09-03 09:40:24.096,6480.0,79.0,FAIL,FAIL,HIGH_GAP_60S_NOT_DECREASING,2026-09-03 09:40:24.096,6480.0,0.0,0.0,,,,,,,,,,,,True,20260903_088350_SHADOW_SCORE_70_74_E001_093706022188,2026-09-03 09:37:05.991,6390.0,74.0,198.105234,1.4084507042253502,2,1,False,,,,,,,,
2026-09-03 09:40:24.163,v1.6.9,088350,한화생명,PRE_HISTORY,SKIP,HIGH_GAP_60S_NOT_DECREASING,79,29,25,16,9,6480.0,0.3076923076923077,MAIN,MAIN,2026-09-03 09:40:24.096,True,594.2939274311066,37,1.0920436817472698,15.279937028884888,0.6993006993006993,31.607661724090576,1.0920436817472698,63.11093282699585,1.4084507042253522,112.11161875724792,1.4084507042253522,180.97804880142212,3.0206677265500796,292.87516021728516,0.07513416815742399,31.607661724090576,0.3076923076923077,63.11093282699585,0.3076923076923077,112.11161875724792,0.3076923076923077,180.97804880142212,0.3076923076923077,292.87516021728516,True,True,True,2026-09-03 09:34:12.818,6280.0,69.0,371.278181,20260903_088350_E001,2026-09-03 09:34:12.818,6280.0,69.0,371.278181,2026-09-03 09:40:09.515,2026-09-03 09:40:24.096,6480.0,79.0,FAIL,FAIL,HIGH_GAP_60S_NOT_DECREASING,2026-09-03 09:40:24.096,6480.0,0.0,0.0,FAIL,,,,HIGH_GAP_60S_NOT_DECREASING,,,,,,,True,20260903_088350_SHADOW_SCORE_70_74_E001_093706022188,2026-09-03 09:37:05.991,6390.0,74.0,198.105234,1.4084507042253502,,,,,,,,,,,
2026-09-03 09:40:24.169,v1.6.9,088350,한화생명,CONFIRM,PENDING,FIRST_75_SIGNAL,79,29,25,16,9,6480.0,0.3076923076923077,MAIN,MAIN,2026-09-03 09:40:24.096,True,594.2939274311066,37,1.0920436817472698,15.279937028884888,0.6993006993006993,31.607661724090576,1.0920436817472698,63.11093282699585,1.4084507042253522,112.11161875724792,1.4084507042253522,180.97804880142212,3.0206677265500796,292.87516021728516,0.07513416815742399,31.607661724090576,0.3076923076923077,63.11093282699585,0.3076923076923077,112.11161875724792,0.3076923076923077,180.97804880142212,0.3076923076923077,292.87516021728516,True,True,True,2026-09-03 09:34:12.818,6280.0,69.0,371.278181,20260903_088350_E001,2026-09-03 09:34:12.818,6280.0,69.0,371.278181,2026-09-03 09:40:09.515,2026-09-03 09:40:24.096,6480.0,79.0,FAIL,FAIL,HIGH_GAP_60S_NOT_DECREASING,2026-09-03 09:40:24.096,6480.0,0.0,0.0,,,,,,2026-09-03 09:40:24.096,6480.0,,,PENDING,FIRST_75_SIGNAL,True,20260903_088350_SHADOW_SCORE_70_74_E001_093706022188,2026-09-03 09:37:05.991,6390.0,74.0,198.105234,1.4084507042253502,,,,,,,,,,,
2026-09-03 09:40:44.662,v1.6.9,088350,한화생명,CONFIRM,SKIP,SCORE_BELOW_75,68,29,19,11,9,6420.0,1.2307692307692308,MAIN,MAIN,2026-09-03 09:40:44.650,True,598.8865463733673,37,-0.9259259259259258,20.02969980239868,0.15600624024961,35.30963683128357,-0.3105590062111801,67.32768869400024,0.4694835680751174,115.31991386413574,0.4694835680751174,185.49934816360474,2.3923444976076556,297.7078585624695,0.6106141920095409,35.30963683128357,1.0757304710793083,67.32768869400024,1.2307692307692308,115.31991386413574,1.2307692307692308,185.49934816360474,0.7545787545787546,297.7078585624695,True,False,True,2026-09-03 09:34:12.818,6280.0,69.0,371.278181,20260903_088350_E001,2026-09-03 09:34:12.818,6280.0,69.0,371.278181,2026-09-03 09:40:09.515,2026-09-03 09:40:24.096,6480.0,79.0,FAIL,FAIL,HIGH_GAP_60S_NOT_DECREASING,2026-09-03 09:40:44.650,6420.0,20.554543,-0.92592592592593,,,,,,2026-09-03 09:40:24.096,6480.0,20.554543,-0.9259259259259258,EVALUABLE,SCORED,True,20260903_088350_SHADOW_SCORE_70_74_E001_093706022188,2026-09-03 09:37:05.991,6390.0,74.0,198.105234,1.4084507042253502,,,,,,,,,,,
2026-09-03 09:42:08.657,v1.6.9,100840,SNT에너지,WIDE_HIGH_GAP_SHADOW,ENTER,HIGH_GAP_3P0_TO_4P5,42,33,0,5,4,34250.0,4.463040446304045,MAIN,MAIN,2026-09-03 09:42:08.651,True,589.396312713623,37,0.5873715124816447,16.070789098739624,0.5873715124816447,33.471368074417114,0.29282576866764276,66.87874341011047,0.0,118.3268039226532,-1.4388489208633095,182.89225316047668,-2.142857142857143,300.5698709487915,-0.5578800557880053,33.471368074417114,-0.2789400278940022,66.87874341011047,0.0,118.3268039226532,1.394700139470014,182.89225316047668,2.0920502092050213,300.5698709487915,True,True,,,,,,20260903_100840_WIDE_E004,2026-09-03 09:42:08.651,34250.0,42.0,0.0,2026-09-03 09:41:52.562,,,,,,,2026-09-03 09:42:08.651,34250.0,,,,,,,,,,,,,,,,,,,,,8,4,True,STOP_LOSS,20260903_100840_WIDE_HIGH_GAP_SHADOW_E003_093812350369,WIDE_HIGH_GAP_SHADOW,,,,3.0,4.5
2026-09-03 09:42:08.698,v1.6.9,228340,동양파일,WIDE_HIGH_GAP_SHADOW,ENTER,HIGH_GAP_3P0_TO_4P5,33,24,0,5,4,4215.0,4.204545454545454,MAIN,MAIN,2026-09-03 09:42:08.690,True,589.396312713623,37,0.5966587112171837,16.070789098739624,1.2004801920768309,33.471368074417114,2.181818181818182,66.87874341011047,0.9580838323353293,118.3268039226532,-0.11848341232227488,182.89225316047668,3.6900369003690034,300.5698709487915,-1.1363636363636367,33.471368074417114,-2.045454545454546,66.87874341011047,-0.9090909090909101,118.3268039226532,0.11363636363636331,182.89225316047668,,,True,True,,,,,,20260903_228340_WIDE_E003,2026-09-03 09:42:08.690,4215.0,33.0,0.0,2026-09-03 09:41:52.562,,,,,,,2026-09-03 09:42:08.690,4215.0,,,,,,,,,,,,,,,,,,,,,3,3,True,TAKE_PROFIT,20260903_228340_WIDE_HIGH_GAP_SHADOW_E002_093903432016,WIDE_HIGH_GAP_SHADOW,,,,3.0,4.5
2026-09-03 09:43:57.723,v1.6.9,100840,SNT에너지,WIDE_HIGH_GAP_SHADOW,ENTER,HIGH_GAP_3P0_TO_4P5,42,33,0,5,4,34300.0,4.323570432357044,MAIN,MAIN,2026-09-03 09:43:57.713,True,588.4139485359192,37,0.29239766081871343,15.554445028305054,0.29239766081871343,31.09692668914795,0.29239766081871343,62.369669675827026,0.7342143906020557,127.90709614753723,0.43923865300146414,178.71505045890808,-1.2949640287769784,294.7285602092743,-0.2789400278940022,31.09692668914795,-0.2789400278940022,62.369669675827026,-0.6973500697350064,127.90709614753723,-0.4184100418410033,178.71505045890808,1.255230125523013,294.7285602092743,True,True,,,,,,20260903_100840_WIDE_E005,2026-09-03 09:43:57.713,34300.0,42.0,0.0,2026-09-03 09:43:44.398,,,,,,,2026-09-03 09:43:57.713,34300.0,,,,,,,,,,,,,,,,,,,,,9,5,True,OPEN,20260903_100840_WIDE_HIGH_GAP_SHADOW_E004_094208669610,WIDE_HIGH_GAP_SHADOW,,,,3.0,4.5
2026-09-03 09:46:02.955,v1.6.9,008930,한미사이언스,SHADOW_SCORE_70_74,ENTER,SCORE_70_74_BEFORE_FIRST75,74,29,25,11,9,53900.0,0.1851851851851852,MAIN,MAIN,2026-09-03 09:46:02.932,True,585.5843296051025,35,0.18587360594795538,15.345596075057983,0.9363295880149813,31.242802381515503,1.3157894736842104,49.56064987182617,1.125703564727955,125.49489140510559,1.6981132075471699,187.86456108093262,0.5597014925373134,304.2099418640137,-0.7424585996014568,31.242802381515503,-1.1135161135161136,49.56064987182617,-0.927987356558785,125.49489140510559,-1.4845736274307704,187.86456108093262,-0.37140108568679986,304.2099418640137,True,True,,2026-09-03 09:36:36.801,52800.0,66.0,566.131568,20260903_008930_E003,2026-09-03 09:45:34.547,53800.0,68.0,28.38518,2026-09-03 09:45:49.893,,,,,,,2026-09-03 09:46:02.932,53900.0,,,,,,,,,,,,,,False,,,,,,,1,1,False,,,,,,,,
2026-09-03 09:49:08.515,v1.6.9,090460,비에이치,BASE,ENTER,75_SCORE,90,33,22,20,15,21300.0,0.9302325581395349,MAIN,MAIN,2026-09-03 09:49:08.486,True,588.6787605285645,36,0.4716981132075472,15.885262489318848,0.4716981132075472,30.925048112869263,0.2352941176470588,61.85122013092041,0.4716981132075472,123.98785400390625,0.7092198581560284,185.1897623538971,1.6706443914081146,295.30989265441895,,,,,,,,,,,True,True,True,2026-09-03 09:02:19.600,21450.0,78.0,2808.88633,20260903_090460_E003,2026-09-03 09:48:55.083,21300.0,90.0,13.403782,2026-09-03 09:48:55.083,2026-09-03 09:49:08.486,21300.0,90.0,FAIL,DATA_UNAVAILABLE,NO_60S_HIGH_GAP,2026-09-03 09:49:08.486,21300.0,0.0,0.0,,,,,,,,,,,,False,,,,,,,2,2,True,STOP_LOSS,20260903_090460_BASE_E001_090226561215,,,,,,
2026-09-03 09:49:08.533,v1.6.9,090460,비에이치,PRE_HISTORY,SKIP,NO_60S_HIGH_GAP,90,33,22,20,15,21300.0,0.9302325581395349,MAIN,MAIN,2026-09-03 09:49:08.486,True,588.6787605285645,36,0.4716981132075472,15.885262489318848,0.4716981132075472,30.925048112869263,0.2352941176470588,61.85122013092041,0.4716981132075472,123.98785400390625,0.7092198581560284,185.1897623538971,1.6706443914081146,295.30989265441895,,,,,,,,,,,True,True,True,2026-09-03 09:02:19.600,21450.0,78.0,2808.88633,20260903_090460_E003,2026-09-03 09:48:55.083,21300.0,90.0,13.403782,2026-09-03 09:48:55.083,2026-09-03 09:49:08.486,21300.0,90.0,FAIL,DATA_UNAVAILABLE,NO_60S_HIGH_GAP,2026-09-03 09:49:08.486,21300.0,0.0,0.0,DATA_UNAVAILABLE,,,,NO_60S_HIGH_GAP,,,,,,,False,,,,,,,,,,,,,,,,,
2026-09-03 09:49:08.555,v1.6.9,090460,비에이치,CONFIRM,PENDING,FIRST_75_SIGNAL,90,33,22,20,15,21300.0,0.9302325581395349,MAIN,MAIN,2026-09-03 09:49:08.486,True,588.6787605285645,36,0.4716981132075472,15.885262489318848,0.4716981132075472,30.925048112869263,0.2352941176470588,61.85122013092041,0.4716981132075472,123.98785400390625,0.7092198581560284,185.1897623538971,1.6706443914081146,295.30989265441895,,,,,,,,,,,True,True,True,2026-09-03 09:02:19.600,21450.0,78.0,2808.88633,20260903_090460_E003,2026-09-03 09:48:55.083,21300.0,90.0,13.403782,2026-09-03 09:48:55.083,2026-09-03 09:49:08.486,21300.0,90.0,FAIL,DATA_UNAVAILABLE,NO_60S_HIGH_GAP,2026-09-03 09:49:08.486,21300.0,0.0,0.0,,,,,,2026-09-03 09:49:08.486,21300.0,,,PENDING,FIRST_75_SIGNAL,False,,,,,,,,,,,,,,,,,
2026-09-03 09:49:27.576,v1.6.9,090460,비에이치,CONFIRM,SKIP,SCORE_BELOW_75,61,33,19,5,4,21250.0,1.1627906976744187,MAIN,MAIN,2026-09-03 09:49:27.571,True,589.8487410545349,36,-0.2347417840375587,16.982924461364746,0.2358490566037736,32.868186950683594,0.4728132387706856,63.24442744255066,0.7109004739336493,125.55165767669678,0.2358490566037736,187.0688600540161,1.431980906921241,297.15884232521057,0.2325581395348838,16.982924461364746,,,,,,,,,True,True,True,2026-09-03 09:02:19.600,21450.0,78.0,2808.88633,20260903_090460_E003,2026-09-03 09:48:55.083,21300.0,90.0,13.403782,2026-09-03 09:48:55.083,2026-09-03 09:49:08.486,21300.0,90.0,FAIL,DATA_UNAVAILABLE,NO_60S_HIGH_GAP,2026-09-03 09:49:27.571,21250.0,19.084553,-0.23474178403756207,,,,,,2026-09-03 09:49:08.486,21300.0,19.084553,-0.2347417840375587,EVALUABLE,SCORED,False,,,,,,,,,,,,,,,,,
2026-09-03 09:49:42.343,v1.6.9,100840,SNT에너지,WIDE_HIGH_GAP_SHADOW,ENTER,HIGH_GAP_3P0_TO_4P5,42,33,0,5,4,34250.0,4.463040446304045,MAIN,MAIN,2026-09-03 09:49:42.337,True,590.6831457614899,36,0.29282576866764276,16.524731874465942,0.5873715124816447,33.50765633583069,0.7352941176470588,64.43270444869995,0.5873715124816447,125.99799489974976,0.7352941176470588,173.3091344833374,-0.1457725947521866,313.6835741996765,-0.5578800557880053,33.50765633583069,-0.6973500697350072,64.43270444869995,-0.5578800557880053,125.99799489974976,-0.6973500697350072,173.3091344833374,,,True,True,,,,,,20260903_100840_WIDE_E006,2026-09-03 09:49:42.337,34250.0,42.0,0.0,2026-09-03 09:49:28.590,,,,,,,2026-09-03 09:49:42.337,34250.0,,,,,,,,,,,,,,,,,,,,,10,6,True,OPEN,20260903_100840_WIDE_HIGH_GAP_SHADOW_E005_094357743337,WIDE_HIGH_GAP_SHADOW,,,,3.0,4.5
2026-09-03 09:51:03.422,v1.6.9,067290,JW신약,WIDE_HIGH_GAP_SHADOW,ENTER,HIGH_GAP_3P0_TO_4P5,49,40,0,5,4,3665.0,4.057591623036649,MAIN,MAIN,2026-09-03 09:51:03.419,True,584.7924520969391,36,0.9641873278236914,15.173736095428467,1.8055555555555554,30.922128438949585,0.9641873278236914,63.0312066078186,0.8253094910591471,112.35209584236145,2.3743016759776534,174.20331597328186,4.119318181818182,297.54185819625854,-1.7015706806282722,30.922128438949585,-0.9162303664921465,63.0312066078186,-0.7853403141361257,112.35209584236145,-2.2251308900523554,174.20331597328186,-3.795811518324607,297.54185819625854,True,True,,,,,,20260903_067290_WIDE_E006,2026-09-03 09:51:03.419,3665.0,49.0,0.0,2026-09-03 09:50:47.435,,,,,,,2026-09-03 09:51:03.419,3665.0,,,,,,,,,,,,,,,,,,,,,16,6,True,STOP_LOSS,20260903_067290_WIDE_HIGH_GAP_SHADOW_E005_093112511553,WIDE_HIGH_GAP_SHADOW,,,,3.0,4.5
2026-09-03 09:51:03.480,v1.6.9,088350,한화생명,PRE_HISTORY,SKIP,HIGH_GAP_60S_NOT_DECREASING,75,33,22,11,9,6490.0,0.6125574272588056,MAIN,MAIN,2026-09-03 09:51:03.400,True,584.7924520969391,36,0.15432098765432098,15.173736095428467,0.46439628482972134,30.922128438949585,0.15432098765432098,63.0312066078186,1.24804992199688,112.35209584236145,1.0903426791277258,174.20331597328186,1.7241379310344827,297.54185819625854,-0.002827188125809843,30.922128438949585,0.30486511956649787,63.0312066078186,-0.772057957356579,112.35209584236145,-0.6182118035104253,174.20331597328186,-1.2335964188950408,297.54185819625854,True,True,True,2026-09-03 09:34:12.818,6280.0,69.0,1010.582409,20260903_088350_E001,2026-09-03 09:34:12.818,6280.0,69.0,1010.582409,2026-09-03 09:40:09.515,2026-09-03 09:40:24.096,6480.0,79.0,FAIL,FAIL,HIGH_GAP_60S_NOT_DECREASING,2026-09-03 09:51:03.400,6490.0,639.304228,0.15432098765431057,FAIL,,,,HIGH_GAP_60S_NOT_DECREASING,,,,,,,True,20260903_088350_SHADOW_SCORE_70_74_E001_093706022188,2026-09-03 09:37:05.991,6390.0,74.0,198.105234,1.4084507042253502,,,,,,,,,,,
2026-09-03 09:51:19.408,v1.6.9,088350,한화생명,PRE_HISTORY,ENTER,OK,78,33,25,11,9,6510.0,0.3062787136294028,MAIN,MAIN,2026-09-03 09:51:19.310,True,585.4255805015564,36,0.30816640986132515,17.08115577697754,0.4629629629629629,32.254891872406006,1.0869565217391304,63.8388135433197,0.9302325581395349,112.45032715797424,1.8779342723004695,175.6947546005249,1.8779342723004695,299.51918721199036,-0.0014135940629049215,32.254891872406006,-0.6167982094475204,63.8388135433197,-0.4629520556013665,112.45032715797424,-1.3860289786782896,175.6947546005249,-1.3860289786782896,299.51918721199036,True,True,True,2026-09-03 09:34:12.818,6280.0,69.0,1026.492855,20260903_088350_E001,2026-09-03 09:34:12.818,6280.0,69.0,1026.492855,2026-09-03 09:40:09.515,2026-09-03 09:40:24.096,6480.0,79.0,FAIL,FAIL,HIGH_GAP_60S_NOT_DECREASING,2026-09-03 09:51:19.310,6510.0,655.214674,0.4629629629629539,PASS,LATER_PASS,AFTER_CONDITION_FAIL,655.214674,OK,,,,,,,True,20260903_088350_SHADOW_SCORE_70_74_E001_093706022188,2026-09-03 09:37:05.991,6390.0,74.0,198.105234,1.4084507042253502,3,1,False,,,,,,,,
2026-09-03 09:57:52.995,v1.6.9,067290,JW신약,WIDE_HIGH_GAP_SHADOW,ENTER,HIGH_GAP_3P0_TO_4P5,49,40,0,5,4,3665.0,4.057591623036649,MAIN,MAIN,2026-09-03 09:57:52.993,True,585.2902185916901,38,1.103448275862069,15.120742321014404,1.5235457063711912,30.41118025779724,1.103448275862069,61.03521919250488,1.9471488178025034,122.26807284355164,2.5174825174825175,183.88512086868286,2.2315202231520224,295.0072407722473,-1.4397905759162306,30.41118025779724,-1.0471204188481673,61.03521919250488,-1.832460732984293,122.26807284355164,-2.356020942408377,183.88512086868286,-2.0942408376963355,295.0072407722473,True,True,,,,,,20260903_067290_WIDE_E007,2026-09-03 09:57:52.993,3665.0,49.0,0.0,2026-09-03 09:57:38.522,,,,,,,2026-09-03 09:57:52.993,3665.0,,,,,,,,,,,,,,,,,,,,,17,7,True,STOP_LOSS,20260903_067290_WIDE_HIGH_GAP_SHADOW_E006_095103450722,WIDE_HIGH_GAP_SHADOW,,,,3.0,4.5
2026-09-03 09:58:25.809,v1.6.9,008930,한미사이언스,WIDE_HIGH_GAP_SHADOW,ENTER,HIGH_GAP_3P0_TO_4P5,38,29,0,5,4,52300.0,3.148148148148148,MAIN,MAIN,2026-09-03 09:58:25.799,True,585.7812075614929,38,-0.38095238095238093,15.916089296340942,-0.5703422053231939,31.417160987854004,-0.5703422053231939,61.828341245651245,-0.7590132827324478,123.1544098854065,-1.1342155009451798,183.93049931526184,-2.425373134328358,294.5303943157196,0.5555555555555554,31.417160987854004,0.5555555555555554,61.828341245651245,0.7407407407407405,123.1544098854065,1.1111111111111107,183.93049931526184,2.407407407407407,294.5303943157196,False,False,,,,,,20260903_008930_WIDE_E001,2026-09-03 09:58:25.799,52300.0,38.0,0.0,2026-09-03 09:58:09.939,,,,,,,2026-09-03 09:58:25.799,52300.0,,,,,,,,,,,,,,,,,,,,,2,1,False,,,WIDE_HIGH_GAP_SHADOW,,,,3.0,4.5
2026-09-03 09:58:25.839,v1.6.9,067290,JW신약,WIDE_HIGH_GAP_SHADOW,ENTER,HIGH_GAP_3P0_TO_4P5,49,40,0,5,4,3655.0,4.319371727748691,MAIN,MAIN,2026-09-03 09:58:25.837,True,585.7812075614929,38,0.2743484224965706,15.916089296340942,-0.2728512960436562,31.417160987854004,1.2465373961218837,61.828341245651245,1.5277777777777777,123.1544098854065,1.6689847009735743,183.93049931526184,1.3869625520110958,294.5303943157196,0.2617801047120416,31.417160987854004,-1.178010471204189,61.828341245651245,-1.4397905759162306,123.1544098854065,-1.5706806282722514,183.93049931526184,-1.308900523560209,294.5303943157196,False,True,,,,,,20260903_067290_WIDE_E008,2026-09-03 09:58:25.837,3655.0,49.0,0.0,2026-09-03 09:58:09.939,,,,,,,2026-09-03 09:58:25.837,3655.0,,,,,,,,,,,,,,,,,,,,,18,8,True,OPEN,20260903_067290_WIDE_HIGH_GAP_SHADOW_E007_095753013332,WIDE_HIGH_GAP_SHADOW,,,,3.0,4.5
2026-09-03 09:59:13.795,v1.6.9,008930,한미사이언스,WIDE_HIGH_GAP_SHADOW,ENTER,HIGH_GAP_3P0_TO_4P5,38,29,0,5,4,52300.0,3.148148148148148,MAIN,MAIN,2026-09-03 09:59:13.790,True,587.4867446422577,38,-0.38095238095238093,16.958526611328125,-0.19083969465648853,32.697858810424805,-0.38095238095238093,65.52959895133972,-0.38095238095238093,126.90851831436157,-0.7590132827324478,172.76791954040527,-1.6917293233082706,296.7693486213684,0.18518518518518468,32.697858810424805,0.37037037037037024,65.52959895133972,0.37037037037037024,126.90851831436157,0.7407407407407405,172.76791954040527,1.6666666666666663,296.7693486213684,False,False,,,,,,20260903_008930_WIDE_E002,2026-09-03 09:59:13.790,52300.0,38.0,0.0,2026-09-03 09:58:59.552,,,,,,,2026-09-03 09:59:13.790,52300.0,,,,,,,,,,,,,,,,,,,,,3,2,True,OPEN,20260903_008930_WIDE_HIGH_GAP_SHADOW_E001_095825826520,WIDE_HIGH_GAP_SHADOW,,,,3.0,4.5
2026-09-03 10:00:34.357,v1.6.9,004710,한솔테크닉스,WIDE_HIGH_GAP_SHADOW,ENTER,HIGH_GAP_3P0_TO_4P5,33,24,0,5,4,8510.0,3.84180790960452,MAIN,MAIN,2026-09-03 10:00:34.351,True,587.2942078113556,38,0.5910165484633569,15.756419658660889,0.23557126030624262,31.4261736869812,0.3537735849056604,64.71220016479492,0.1176470588235294,112.70075726509094,-0.5841121495327103,176.15431141853333,-1.5046296296296295,298.4903779029846,,,,,,,,,,,True,True,,,,,,20260903_004710_WIDE_E001,2026-09-03 10:00:34.351,8510.0,33.0,0.0,2026-09-03 10:00:19.555,,,,,,,2026-09-03 10:00:34.351,8510.0,,,,,,,,,,,,,,,,,,,,,1,1,False,,,WIDE_HIGH_GAP_SHADOW,,,,3.0,4.5
2026-09-03 10:00:34.390,v1.6.9,008930,한미사이언스,WIDE_HIGH_GAP_SHADOW,ENTER,HIGH_GAP_3P0_TO_4P5,38,29,0,5,4,52300.0,3.148148148148148,MAIN,MAIN,2026-09-03 10:00:34.387,True,587.2942078113556,38,-0.38095238095238093,15.756419658660889,-0.38095238095238093,31.4261736869812,-0.38095238095238093,64.71220016479492,-0.19083969465648853,112.70075726509094,-0.7590132827324478,176.15431141853333,-0.946969696969697,298.4903779029846,0.37037037037037024,31.4261736869812,0.37037037037037024,64.71220016479492,0.18518518518518468,112.70075726509094,0.7407407407407405,176.15431141853333,0.9259259259259256,298.4903779029846,False,False,,,,,,20260903_008930_WIDE_E003,2026-09-03 10:00:34.387,52300.0,38.0,0.0,2026-09-03 10:00:19.555,,,,,,,2026-09-03 10:00:34.387,52300.0,,,,,,,,,,,,,,,,,,,,,4,3,True,OPEN,20260903_008930_WIDE_HIGH_GAP_SHADOW_E002_095913810070,WIDE_HIGH_GAP_SHADOW,,,,3.0,4.5
2026-09-03 10:00:50.045,v1.6.9,088350,한화생명,WIDE_HIGH_GAP_SHADOW,ENTER,HIGH_GAP_3P0_TO_4P5,46,37,0,5,4,6340.0,3.2061068702290076,MAIN,MAIN,2026-09-03 10:00:50.043,True,587.9744987487793,38,-0.47095761381475665,15.854027032852173,-0.9375,31.61044669151306,-0.47095761381475665,63.877331018447876,-1.0920436817472698,112.81545209884644,-1.2461059190031152,176.8875961303711,-2.4615384615384617,299.15566897392273,0.9160305343511452,31.61044669151306,0.4580152671755724,63.877331018447876,1.0687022900763359,112.81545209884644,1.2213740458015268,176.8875961303711,2.4427480916030535,299.15566897392273,False,False,,,,,,20260903_088350_WIDE_E001,2026-09-03 10:00:50.043,6340.0,46.0,0.0,2026-09-03 10:00:35.409,,,,,,,2026-09-03 10:00:50.043,6340.0,,,,,,,,,,,,,,,,,,,,,4,1,False,,,WIDE_HIGH_GAP_SHADOW,,,,3.0,4.5
2026-09-03 10:01:23.823,v1.6.9,441270,파인엠텍,WIDE_HIGH_GAP_SHADOW,ENTER,HIGH_GAP_3P0_TO_4P5,42,33,0,5,4,9060.0,3.3084311632870866,MAIN,MAIN,2026-09-03 10:01:23.821,True,587.9281530380249,38,-0.43956043956043955,17.298922300338745,-0.5488474204171241,32.97660708427429,-0.5488474204171241,64.58705377578735,-1.4145810663764962,113.54283428192139,-1.3071895424836601,178.44704222679138,-2.054054054054054,301.6014521121979,0.5336179295624337,32.97660708427429,0.5336179295624337,64.58705377578735,1.3874066168623267,113.54283428192139,1.2806830309498403,178.44704222679138,2.027748132337247,301.6014521121979,False,False,,,,,,20260903_441270_WIDE_E005,2026-09-03 10:01:23.821,9060.0,42.0,0.0,2026-09-03 10:01:08.386,,,,,,,2026-09-03 10:01:23.821,9060.0,,,,,,,,,,,,,,,,,,,,,8,5,True,TAKE_PROFIT,20260903_441270_WIDE_HIGH_GAP_SHADOW_E004_092333250418,WIDE_HIGH_GAP_SHADOW,,,,3.0,4.5
2026-09-03 10:02:31.120,v1.6.9,088350,한화생명,WIDE_HIGH_GAP_SHADOW,ENTER,HIGH_GAP_3P0_TO_4P5,46,37,0,5,4,6340.0,3.2061068702290076,MAIN,MAIN,2026-09-03 10:02:31.118,True,589.5274860858917,38,-0.3144654088050315,17.31990957260132,-0.47095761381475665,33.48910355567932,-0.3144654088050315,67.37968420982361,-0.47095761381475665,116.21031832695007,-0.6269592476489028,180.922518491745,-1.3996889580093312,292.3646297454834,0.4580152671755724,33.48910355567932,0.30534351145038174,67.37968420982361,0.4580152671755724,116.21031832695007,0.6106870229007635,180.922518491745,1.3740458015267174,292.3646297454834,False,False,,,,,,20260903_088350_WIDE_E002,2026-09-03 10:02:31.118,6340.0,46.0,0.0,2026-09-03 10:02:15.765,,,,,,,2026-09-03 10:02:31.118,6340.0,,,,,,,,,,,,,,,,,,,,,5,2,True,OPEN,20260903_088350_WIDE_HIGH_GAP_SHADOW_E001_100050066170,WIDE_HIGH_GAP_SHADOW,,,,3.0,4.5
2026-09-03 10:02:48.624,v1.6.9,008930,한미사이언스,WIDE_HIGH_GAP_SHADOW,ENTER,HIGH_GAP_3P0_TO_4P5,38,29,0,5,4,52300.0,3.148148148148148,MAIN,MAIN,2026-09-03 10:02:48.620,True,588.6702194213867,38,-0.19083969465648853,16.41909122467041,-0.19083969465648853,33.73900079727173,-0.5703422053231939,67.3088264465332,0.19157088122605362,116.77538251876831,-0.38095238095238093,180.6527135372162,-0.5703422053231939,293.6629786491394,0.18518518518518468,33.73900079727173,0.5555555555555554,67.3088264465332,-0.18518518518518556,116.77538251876831,0.37037037037037024,180.6527135372162,0.5555555555555554,293.6629786491394,False,False,,,,,,20260903_008930_WIDE_E004,2026-09-03 10:02:48.620,52300.0,38.0,0.0,2026-09-03 10:02:32.185,,,,,,,2026-09-03 10:02:48.620,52300.0,,,,,,,,,,,,,,,,,,,,,5,4,True,OPEN,20260903_008930_WIDE_HIGH_GAP_SHADOW_E003_100034397300,WIDE_HIGH_GAP_SHADOW,,,,3.0,4.5
2026-09-03 10:07:03.120,v1.6.9,088350,한화생명,WIDE_HIGH_GAP_SHADOW,ENTER,HIGH_GAP_3P0_TO_4P5,46,37,0,5,4,6260.0,4.427480916030534,MAIN,MAIN,2026-09-03 10:07:03.119,True,593.3239026069641,37,0.16,18.3352632522583,0.3205128205128205,35.04868173599243,0.3205128205128205,53.47161316871643,-0.1594896331738437,120.57542705535889,-0.7923930269413629,185.6476333141327,-1.726844583987441,303.69127106666565,-0.3053435114503822,35.04868173599243,-0.3053435114503822,53.47161316871643,0.15267175572519065,120.57542705535889,0.7633587786259537,185.6476333141327,1.679389312977099,303.69127106666565,True,True,,,,,,20260903_088350_WIDE_E003,2026-09-03 10:07:03.119,6260.0,46.0,0.0,2026-09-03 10:06:45.968,,,,,,,2026-09-03 10:07:03.119,6260.0,,,,,,,,,,,,,,,,,,,,,6,3,True,STOP_LOSS,20260903_088350_WIDE_HIGH_GAP_SHADOW_E002_100231139751,WIDE_HIGH_GAP_SHADOW,,,,3.0,4.5
2026-09-03 10:07:39.439,v1.6.9,088350,한화생명,WIDE_HIGH_GAP_SHADOW,ENTER,HIGH_GAP_3P0_TO_4P5,46,37,0,5,4,6260.0,4.427480916030534,MAIN,MAIN,2026-09-03 10:07:39.437,True,599.2794425487518,37,0.16,18.50671625137329,0.0,36.712645292282104,0.16,55.047908544540405,-0.1594896331738437,125.18033337593079,-0.1594896331738437,172.84334707260132,-1.2618296529968454,306.91481280326843,0.0,36.712645292282104,-0.15267175572519065,55.047908544540405,0.15267175572519065,125.18033337593079,0.15267175572519065,172.84334707260132,1.2213740458015265,306.91481280326843,False,True,,,,,,20260903_088350_WIDE_E004,2026-09-03 10:07:39.437,6260.0,46.0,0.0,2026-09-03 10:07:22.680,,,,,,,2026-09-03 10:07:39.437,6260.0,,,,,,,,,,,,,,,,,,,,,7,4,True,OPEN,20260903_088350_WIDE_HIGH_GAP_SHADOW_E003_100703129005,WIDE_HIGH_GAP_SHADOW,,,,3.0,4.5
2026-09-03 10:08:13.959,v1.6.9,088350,한화생명,WIDE_HIGH_GAP_SHADOW,ENTER,HIGH_GAP_3P0_TO_4P5,46,37,0,5,4,6270.0,4.2748091603053435,MAIN,MAIN,2026-09-03 10:08:13.954,True,588.6197576522827,36,0.32,18.072049379348755,0.1597444089456869,35.87821841239929,0.32,54.38493466377258,0.4807692307692308,126.06247687339783,-0.15923566878980894,177.19268321990967,-0.4761904761904762,292.53694677352905,-0.15267175572519065,35.87821841239929,-0.3053435114503813,54.38493466377258,-0.45801526717557284,126.06247687339783,0.15267175572519065,177.19268321990967,0.4580152671755724,292.53694677352905,True,True,,,,,,20260903_088350_WIDE_E005,2026-09-03 10:08:13.954,6270.0,46.0,0.0,2026-09-03 10:07:58.558,,,,,,,2026-09-03 10:08:13.954,6270.0,,,,,,,,,,,,,,,,,,,,,8,5,True,OPEN,20260903_088350_WIDE_HIGH_GAP_SHADOW_E004_100739451318,WIDE_HIGH_GAP_SHADOW,,,,3.0,4.5
2026-09-03 10:09:24.878,v1.6.9,010140,삼성중공업,SHADOW_SCORE_70_74,ENTER,SCORE_70_74_BEFORE_FIRST75,74,29,25,11,9,20850.0,0.47732696897374705,MAIN,MAIN,2026-09-03 10:09:24.866,True,589.3015828132629,35,0.2403846153846154,23.730457067489624,0.2403846153846154,23.730457067489624,0.2403846153846154,65.58603310585022,0.0,119.9709677696228,0.0,173.22557854652405,0.48192771084337355,306.648948431015,,,,,,,,,,,True,True,,2026-09-03 10:05:17.500,20900.0,63.0,247.366476,20260903_010140_E002,2026-09-03 10:09:04.145,20850.0,74.0,20.721891,2026-09-03 10:09:04.145,,,,,,,2026-09-03 10:09:24.866,20850.0,,,,,,,,,,,,,,False,,,,,,,1,1,False,,,,,,,,
2026-09-03 10:10:21.410,v1.6.9,004710,한솔테크닉스,WIDE_HIGH_GAP_SHADOW,ENTER,HIGH_GAP_3P0_TO_4P5,33,24,0,5,4,8570.0,3.1638418079096042,MAIN,MAIN,2026-09-03 10:10:21.407,True,586.1497180461884,34,-0.4645760743321719,18.519939422607422,-0.23282887077997672,37.3462917804718,-0.3488372093023256,61.56033539772034,-1.0392609699769053,127.14636850357056,-1.9450800915331807,181.53130316734314,-1.8327605956471937,304.3390517234802,0.22598870056497145,37.3462917804718,0.33898305084745717,61.56033539772034,1.0169491525423728,127.14636850357056,1.9209039548022595,181.53130316734314,1.8079096045197738,304.3390517234802,False,False,,,,,,20260903_004710_WIDE_E002,2026-09-03 10:10:21.407,8570.0,33.0,0.0,2026-09-03 10:10:05.705,,,,,,,2026-09-03 10:10:21.407,8570.0,,,,,,,,,,,,,,,,,,,,,2,2,True,TAKE_PROFIT,20260903_004710_WIDE_HIGH_GAP_SHADOW_E001_100034374512,WIDE_HIGH_GAP_SHADOW,,,,3.0,4.5
2026-09-03 10:10:40.566,v1.6.9,008930,한미사이언스,WIDE_HIGH_GAP_SHADOW,ENTER,HIGH_GAP_3P0_TO_4P5,38,29,0,5,4,52350.0,3.0555555555555554,MAIN,MAIN,2026-09-03 10:10:40.564,True,588.7952148914337,34,-0.2857142857142857,18.499523878097534,-0.6641366223908919,37.019463300704956,-0.6641366223908919,55.845815658569336,-0.9460737937559129,129.21016430854797,-0.8522727272727272,181.52411079406738,0.28735632183908044,306.70444416999817,0.6481481481481479,37.019463300704956,0.6481481481481479,55.845815658569336,0.9259259259259256,129.21016430854797,0.833333333333333,181.52411079406738,-0.2777777777777781,306.70444416999817,False,False,,,,,,20260903_008930_WIDE_E005,2026-09-03 10:10:40.564,52350.0,38.0,0.0,2026-09-03 10:10:24.204,,,,,,,2026-09-03 10:10:40.564,52350.0,,,,,,,,,,,,,,,,,,,,,6,5,True,OPEN,20260903_008930_WIDE_HIGH_GAP_SHADOW_E004_100248674424,WIDE_HIGH_GAP_SHADOW,,,,3.0,4.5
2026-09-03 10:11:32.046,v1.6.9,004710,한솔테크닉스,WIDE_HIGH_GAP_SHADOW,ENTER,HIGH_GAP_3P0_TO_4P5,33,24,0,5,4,8580.0,3.050847457627119,MAIN,MAIN,2026-09-03 10:11:32.037,True,592.0835053920746,34,-0.23255813953488372,17.71967363357544,-0.46403712296983757,34.235690116882324,-0.11641443538998836,52.75484657287598,-0.11641443538998836,108.60066223144531,-0.8092485549132947,181.96501088142395,-2.1664766248574687,306.0402843952179,0.4519774011299438,34.235690116882324,0.11299435028248617,52.75484657287598,0.11299435028248617,108.60066223144531,0.7909604519774014,181.96501088142395,2.146892655367232,306.0402843952179,False,False,,,,,,20260903_004710_WIDE_E003,2026-09-03 10:11:32.037,8580.0,33.0,0.0,2026-09-03 10:11:16.959,,,,,,,2026-09-03 10:11:32.037,8580.0,,,,,,,,,,,,,,,,,,,,,3,3,True,OPEN,20260903_004710_WIDE_HIGH_GAP_SHADOW_E002_101021421384,WIDE_HIGH_GAP_SHADOW,,,,3.0,4.5
2026-09-03 10:11:32.083,v1.6.9,008930,한미사이언스,WIDE_HIGH_GAP_SHADOW,ENTER,HIGH_GAP_3P0_TO_4P5,38,29,0,5,4,52300.0,3.148148148148148,MAIN,MAIN,2026-09-03 10:11:32.080,True,592.0835053920746,34,-0.38095238095238093,17.71967363357544,0.0,34.235690116882324,-0.09551098376313276,52.75484657287598,-0.7590132827324478,108.60066223144531,-1.0406811731315044,181.96501088142395,-0.19083969465648853,306.0402843952179,0.0,34.235690116882324,0.09259259259259256,52.75484657287598,0.7407407407407405,108.60066223144531,1.0185185185185182,181.96501088142395,0.18518518518518468,306.0402843952179,False,False,,,,,,20260903_008930_WIDE_E006,2026-09-03 10:11:32.080,52300.0,38.0,0.0,2026-09-03 10:11:16.959,,,,,,,2026-09-03 10:11:32.080,52300.0,,,,,,,,,,,,,,,,,,,,,7,6,True,OPEN,20260903_008930_WIDE_HIGH_GAP_SHADOW_E005_101040581190,WIDE_HIGH_GAP_SHADOW,,,,3.0,4.5
2026-09-03 10:13:03.521,v1.6.9,004710,한솔테크닉스,WIDE_HIGH_GAP_SHADOW,ENTER,HIGH_GAP_3P0_TO_4P5,33,24,0,5,4,8540.0,3.5028248587570623,MAIN,MAIN,2026-09-03 10:13:03.519,True,596.3594174385071,34,-0.6976744186046512,17.716301202774048,-0.6976744186046512,36.295591831207275,-0.6976744186046512,53.681246519088745,-0.9280742459396751,123.33663773536682,-0.8130081300813009,178.87525749206543,-1.839080459770115,305.5737359523773,0.6779661016949152,36.295591831207275,0.6779661016949152,53.681246519088745,0.9039548022598871,123.33663773536682,0.7909604519774014,178.87525749206543,1.8079096045197742,305.5737359523773,False,False,,,,,,20260903_004710_WIDE_E004,2026-09-03 10:13:03.519,8540.0,33.0,0.0,2026-09-03 10:12:46.060,,,,,,,2026-09-03 10:13:03.519,8540.0,,,,,,,,,,,,,,,,,,,,,4,4,True,OPEN,20260903_004710_WIDE_HIGH_GAP_SHADOW_E003_101132075404,WIDE_HIGH_GAP_SHADOW,,,,3.0,4.5
2026-09-03 10:14:16.697,v1.6.9,008930,한미사이언스,WIDE_HIGH_GAP_SHADOW,ENTER,HIGH_GAP_3P0_TO_4P5,38,29,0,5,4,52300.0,3.148148148148148,MAIN,MAIN,2026-09-03 10:14:16.685,True,585.3871607780457,33,-0.19083969465648853,17.951300621032715,0.0,36.647531032562256,0.0,53.89355516433716,0.0,126.07870697975159,-0.38095238095238093,179.21808171272278,-0.7590132827324478,294.3131139278412,0.0,36.647531032562256,0.0,53.89355516433716,0.0,126.07870697975159,0.37037037037037024,179.21808171272278,0.7407407407407405,294.3131139278412,False,False,,,,,,20260903_008930_WIDE_E007,2026-09-03 10:14:16.685,52300.0,38.0,0.0,2026-09-03 10:13:58.458,,,,,,,2026-09-03 10:14:16.685,52300.0,,,,,,,,,,,,,,,,,,,,,8,7,True,OPEN,20260903_008930_WIDE_HIGH_GAP_SHADOW_E006_101132097561,WIDE_HIGH_GAP_SHADOW,,,,3.0,4.5
2026-09-03 10:14:16.728,v1.6.9,088350,한화생명,WIDE_HIGH_GAP_SHADOW,ENTER,HIGH_GAP_3P0_TO_4P5,46,37,0,5,4,6260.0,4.427480916030534,MAIN,MAIN,2026-09-03 10:14:16.721,True,585.3871607780457,33,0.16,17.951300621032715,0.16,36.647531032562256,0.6430868167202572,53.89355516433716,0.6430868167202572,126.07870697975159,-0.1594896331738437,179.21808171272278,-0.3184713375796179,294.3131139278412,-0.15267175572519065,36.647531032562256,-0.6106870229007635,53.89355516433716,-0.6106870229007635,126.07870697975159,0.15267175572519065,179.21808171272278,0.3053435114503813,294.3131139278412,True,True,,,,,,20260903_088350_WIDE_E006,2026-09-03 10:14:16.721,6260.0,46.0,0.0,2026-09-03 10:13:58.458,,,,,,,2026-09-03 10:14:16.721,6260.0,,,,,,,,,,,,,,,,,,,,,9,6,True,OPEN,20260903_088350_WIDE_HIGH_GAP_SHADOW_E005_100813972483,WIDE_HIGH_GAP_SHADOW,,,,3.0,4.5
2026-09-03 10:14:52.868,v1.6.9,008930,한미사이언스,WIDE_HIGH_GAP_SHADOW,ENTER,HIGH_GAP_3P0_TO_4P5,38,29,0,5,4,52300.0,3.148148148148148,MAIN,MAIN,2026-09-03 10:14:52.854,True,589.7419953346252,33,-0.19083969465648853,17.366430521011353,0.0,36.676557540893555,-0.19083969465648853,54.62785816192627,0.19157088122605362,126.79031920433044,0.19157088122605362,182.0162229537964,-0.7590132827324478,306.7756278514862,0.0,36.676557540893555,0.18518518518518468,54.62785816192627,-0.18518518518518556,126.79031920433044,-0.18518518518518556,182.0162229537964,0.7407407407407405,306.7756278514862,False,False,,,,,,20260903_008930_WIDE_E008,2026-09-03 10:14:52.854,52300.0,38.0,0.0,2026-09-03 10:14:35.134,,,,,,,2026-09-03 10:14:52.854,52300.0,,,,,,,,,,,,,,,,,,,,,9,8,True,OPEN,20260903_008930_WIDE_HIGH_GAP_SHADOW_E007_101416715237,WIDE_HIGH_GAP_SHADOW,,,,3.0,4.5
2026-09-03 10:15:28.660,v1.6.9,042660,한화오션,SHADOW_SCORE_70_74,ENTER,SCORE_70_74_BEFORE_FIRST75,74,29,25,11,9,86400.0,0.23094688221709006,MAIN,MAIN,2026-09-03 10:15:28.648,True,593.3753883838654,33,-0.11560693641618498,16.95090961456299,-0.11560693641618498,35.74113202095032,0.11587485515643105,53.10756254196167,1.1709601873536302,126.31124472618103,1.1709601873536302,181.110741853714,1.4084507042253522,305.1704680919647,0.11547344110854503,35.74113202095032,0.11520614147634933,53.10756254196167,,,,,,,False,True,,2026-09-03 10:13:58.458,86300.0,63.0,90.190009,20260903_042660_E001,2026-09-03 10:13:58.458,86300.0,63.0,90.190009,2026-09-03 10:15:10.875,,,,,,,2026-09-03 10:15:28.648,86400.0,,,,,,,,,,,,,,False,,,,,,,1,1,False,,,,,,,,
2026-09-03 10:15:46.189,v1.6.9,088350,한화생명,WIDE_HIGH_GAP_SHADOW,ENTER,HIGH_GAP_3P0_TO_4P5,46,37,0,5,4,6270.0,4.2748091603053435,MAIN,MAIN,2026-09-03 10:15:46.187,True,594.1094470024109,33,0.4807692307692308,18.807406425476074,0.6420545746388443,35.75831604003906,0.6420545746388443,54.54853844642639,0.32,127.8726270198822,0.966183574879227,181.33885765075684,-0.15923566878980894,305.47835063934326,-0.6106870229007635,35.75831604003906,-0.6106870229007635,54.54853844642639,-0.3053435114503813,127.8726270198822,-0.9160305343511448,181.33885765075684,0.15267175572519065,305.47835063934326,True,True,,,,,,20260903_088350_WIDE_E007,2026-09-03 10:15:46.187,6270.0,46.0,0.0,2026-09-03 10:15:29.683,,,,,,,2026-09-03 10:15:46.187,6270.0,,,,,,,,,,,,,,,,,,,,,10,7,True,OPEN,20260903_088350_WIDE_HIGH_GAP_SHADOW_E006_101416746296,WIDE_HIGH_GAP_SHADOW,,,,3.0,4.5
2026-09-03 10:16:41.384,v1.6.9,100840,SNT에너지,WIDE_HIGH_GAP_SHADOW,ENTER,HIGH_GAP_3P0_TO_4P5,42,33,0,5,4,34300.0,4.323570432357044,MAIN,MAIN,2026-09-03 10:16:41.382,True,595.4292380809784,33,0.29239766081871343,17.45594024658203,0.43923865300146414,35.82717275619507,0.43923865300146414,53.378868103027344,1.1799410029498525,125.29383707046509,1.329394387001477,181.25149512290955,1.6296296296296295,306.10237216949463,-0.4184100418410033,35.82717275619507,-0.4184100418410033,53.378868103027344,-1.1157601115760114,125.29383707046509,-1.2552301255230125,181.25149512290955,-1.5341701534170147,306.10237216949463,True,True,,,,,,20260903_100840_WIDE_E007,2026-09-03 10:16:41.382,34300.0,42.0,0.0,2026-09-03 10:16:23.062,,,,,,,2026-09-03 10:16:41.382,34300.0,,,,,,,,,,,,,,,,,,,,,11,7,True,STOP_LOSS,20260903_100840_WIDE_HIGH_GAP_SHADOW_E006_094942365058,WIDE_HIGH_GAP_SHADOW,,,,3.0,4.5
2026-09-03 10:17:53.765,v1.6.9,100840,SNT에너지,WIDE_HIGH_GAP_SHADOW,ENTER,HIGH_GAP_3P0_TO_4P5,42,33,0,5,4,34250.0,4.463040446304045,MAIN,MAIN,2026-09-03 10:17:53.763,True,595.5246977806091,33,0.14619883040935672,17.290998220443726,0.14619883040935672,35.69987893104553,0.0,53.5811665058136,0.29282576866764276,126.32840538024902,1.0324483775811208,180.87694382667542,1.3313609467455623,307.66726303100586,-0.1394700139470011,35.69987893104553,0.0,53.5811665058136,-0.2789400278940022,126.32840538024902,-0.9762900976290103,180.87694382667542,-1.2552301255230125,307.66726303100586,True,False,,,,,,20260903_100840_WIDE_E008,2026-09-03 10:17:53.763,34250.0,42.0,0.0,2026-09-03 10:17:36.011,,,,,,,2026-09-03 10:17:53.763,34250.0,,,,,,,,,,,,,,,,,,,,,12,8,True,OPEN,20260903_100840_WIDE_HIGH_GAP_SHADOW_E007_101641405214,WIDE_HIGH_GAP_SHADOW,,,,3.0,4.5
2026-09-03 10:19:06.939,v1.6.9,100840,SNT에너지,WIDE_HIGH_GAP_SHADOW,ENTER,HIGH_GAP_3P0_TO_4P5,42,33,0,5,4,34250.0,4.463040446304045,MAIN,MAIN,2026-09-03 10:19:06.935,True,584.7894251346588,33,0.7352941176470588,17.61330509185791,0.29282576866764276,36.53229761123657,0.43988269794721413,54.1407253742218,0.0,126.50397634506226,0.29282576866764276,181.6995198726654,0.8836524300441826,308.42761182785034,-0.2789400278940022,36.53229761123657,-0.41841004184100417,54.1407253742218,0.0,126.50397634506226,-0.2789400278940022,181.6995198726654,-0.8368200836820083,308.42761182785034,True,True,,,,,,20260903_100840_WIDE_E009,2026-09-03 10:19:06.935,34250.0,42.0,0.0,2026-09-03 10:18:48.934,,,,,,,2026-09-03 10:19:06.935,34250.0,,,,,,,,,,,,,,,,,,,,,13,9,True,OPEN,20260903_100840_WIDE_HIGH_GAP_SHADOW_E008_101753773375,WIDE_HIGH_GAP_SHADOW,,,,3.0,4.5
2026-09-03 10:19:43.731,v1.6.9,004710,한솔테크닉스,WIDE_HIGH_GAP_SHADOW,ENTER,HIGH_GAP_3P0_TO_4P5,33,24,0,5,4,8580.0,3.050847457627119,MAIN,MAIN,2026-09-03 10:19:43.729,True,597.378360748291,34,-0.5793742757821553,17.755255222320557,-0.34843205574912894,36.80297923088074,-0.5793742757821553,54.41628432273865,-0.34843205574912894,127.01678729057312,0.11668611435239205,182.67532634735107,0.0,307.96916341781616,0.33898305084745806,36.80297923088074,0.5649717514124295,54.41628432273865,0.33898305084745806,127.01678729057312,-0.11299435028248528,182.67532634735107,0.0,307.96916341781616,False,False,,,,,,20260903_004710_WIDE_E005,2026-09-03 10:19:43.729,8580.0,33.0,0.0,2026-09-03 10:19:25.737,,,,,,,2026-09-03 10:19:43.729,8580.0,,,,,,,,,,,,,,,,,,,,,5,5,True,OPEN,20260903_004710_WIDE_HIGH_GAP_SHADOW_E004_101303533615,WIDE_HIGH_GAP_SHADOW,,,,3.0,4.5
2026-09-03 10:19:43.753,v1.6.9,100840,SNT에너지,WIDE_HIGH_GAP_SHADOW,ENTER,HIGH_GAP_3P0_TO_4P5,42,33,0,5,4,34350.0,4.184100418410042,MAIN,MAIN,2026-09-03 10:19:43.747,True,597.378360748291,34,0.5856515373352855,17.755255222320557,0.291970802919708,36.80297923088074,1.0294117647058822,54.41628432273865,0.43859649122807015,127.01678729057312,0.1457725947521866,182.67532634735107,1.3274336283185841,307.96916341781616,-0.2789400278940031,36.80297923088074,-0.9762900976290103,54.41628432273865,-0.41841004184100417,127.01678729057312,-0.13947001394700198,182.67532634735107,-1.2552301255230134,307.96916341781616,True,True,,,,,,20260903_100840_WIDE_E010,2026-09-03 10:19:43.747,34350.0,42.0,0.0,2026-09-03 10:19:25.737,,,,,,,2026-09-03 10:19:43.747,34350.0,,,,,,,,,,,,,,,,,,,,,14,10,True,OPEN,20260903_100840_WIDE_HIGH_GAP_SHADOW_E009_101906956993,WIDE_HIGH_GAP_SHADOW,,,,3.0,4.5
2026-09-03 10:20:38.853,v1.6.9,004710,한솔테크닉스,WIDE_HIGH_GAP_SHADOW,ENTER,HIGH_GAP_3P0_TO_4P5,33,24,0,5,4,8580.0,3.050847457627119,MAIN,MAIN,2026-09-03 10:20:38.849,True,596.3230965137482,34,-0.34843205574912894,18.249638080596924,0.0,35.698570728302,0.0,54.79055142402649,-0.34843205574912894,128.1258282661438,-0.34843205574912894,181.8073387145996,0.8225616921269095,290.8447458744049,0.0,35.698570728302,0.0,54.79055142402649,0.33898305084745806,128.1258282661438,0.33898305084745806,181.8073387145996,-0.790960451977401,290.8447458744049,False,False,,,,,,20260903_004710_WIDE_E006,2026-09-03 10:20:38.849,8580.0,33.0,0.0,2026-09-03 10:20:20.527,,,,,,,2026-09-03 10:20:38.849,8580.0,,,,,,,,,,,,,,,,,,,,,6,6,True,OPEN,20260903_004710_WIDE_HIGH_GAP_SHADOW_E005_101943742924,WIDE_HIGH_GAP_SHADOW,,,,3.0,4.5
2026-09-03 10:21:40.224,v1.6.9,008930,한미사이언스,WIDE_HIGH_GAP_SHADOW,ENTER,HIGH_GAP_3P0_TO_4P5,38,29,0,5,4,51700.0,4.2592592592592595,MAIN,MAIN,2026-09-03 10:21:40.215,True,586.8153266906738,33,0.7797270955165692,20.0327045917511,0.7797270955165692,20.0327045917511,0.0,59.40581941604614,-0.19305019305019305,114.19637084007263,-0.3853564547206166,187.53164768218994,-0.576923076923077,296.8716971874237,-0.7407407407407405,20.0327045917511,0.0,59.40581941604614,0.18518518518518512,114.19637084007263,0.3703703703703707,187.53164768218994,0.5555555555555562,296.8716971874237,True,False,,,,,,20260903_008930_WIDE_E009,2026-09-03 10:21:40.215,51700.0,38.0,0.0,2026-09-03 10:21:19.933,,,,,,,2026-09-03 10:21:40.215,51700.0,,,,,,,,,,,,,,,,,,,,,10,9,True,STOP_LOSS,20260903_008930_WIDE_HIGH_GAP_SHADOW_E008_101452895147,WIDE_HIGH_GAP_SHADOW,,,,3.0,4.5
2026-09-03 10:22:40.128,v1.6.9,010140,삼성중공업,BASE,ENTER,75_SCORE,81,33,25,11,12,20950.0,0.2380952380952381,MAIN,MAIN,2026-09-03 10:22:40.081,True,593.1505177021027,33,0.23923444976076555,20.824660301208496,0.23923444976076555,20.824660301208496,0.23923444976076555,61.561094760894775,0.4796163069544364,120.96691417694092,0.4796163069544364,175.7574656009674,0.4796163069544364,302.7742528915405,,,,,,,,,,,True,True,True,2026-09-03 10:05:17.500,20900.0,63.0,1042.580797,20260903_010140_E003,2026-09-03 10:22:21.494,20950.0,81.0,18.586342,2026-09-03 10:22:21.494,2026-09-03 10:22:40.081,20950.0,81.0,FAIL,DATA_UNAVAILABLE,NO_60S_HIGH_GAP,2026-09-03 10:22:40.081,20950.0,0.0,0.0,,,,,,,,,,,,False,,,,,,,2,1,False,,,,,,,,
2026-09-03 10:22:40.189,v1.6.9,010140,삼성중공업,PRE_HISTORY,SKIP,NO_60S_HIGH_GAP,81,33,25,11,12,20950.0,0.2380952380952381,MAIN,MAIN,2026-09-03 10:22:40.081,True,593.1505177021027,33,0.23923444976076555,20.824660301208496,0.23923444976076555,20.824660301208496,0.23923444976076555,61.561094760894775,0.4796163069544364,120.96691417694092,0.4796163069544364,175.7574656009674,0.4796163069544364,302.7742528915405,,,,,,,,,,,True,True,True,2026-09-03 10:05:17.500,20900.0,63.0,1042.580797,20260903_010140_E003,2026-09-03 10:22:21.494,20950.0,81.0,18.586342,2026-09-03 10:22:21.494,2026-09-03 10:22:40.081,20950.0,81.0,FAIL,DATA_UNAVAILABLE,NO_60S_HIGH_GAP,2026-09-03 10:22:40.081,20950.0,0.0,0.0,DATA_UNAVAILABLE,,,,NO_60S_HIGH_GAP,,,,,,,False,,,,,,,,,,,,,,,,,
2026-09-03 10:22:40.218,v1.6.9,010140,삼성중공업,CONFIRM,PENDING,FIRST_75_SIGNAL,81,33,25,11,12,20950.0,0.2380952380952381,MAIN,MAIN,2026-09-03 10:22:40.081,True,593.1505177021027,33,0.23923444976076555,20.824660301208496,0.23923444976076555,20.824660301208496,0.23923444976076555,61.561094760894775,0.4796163069544364,120.96691417694092,0.4796163069544364,175.7574656009674,0.4796163069544364,302.7742528915405,,,,,,,,,,,True,True,True,2026-09-03 10:05:17.500,20900.0,63.0,1042.580797,20260903_010140_E003,2026-09-03 10:22:21.494,20950.0,81.0,18.586342,2026-09-03 10:22:21.494,2026-09-03 10:22:40.081,20950.0,81.0,FAIL,DATA_UNAVAILABLE,NO_60S_HIGH_GAP,2026-09-03 10:22:40.081,20950.0,0.0,0.0,,,,,,2026-09-03 10:22:40.081,20950.0,,,PENDING,FIRST_75_SIGNAL,False,,,,,,,,,,,,,,,,,
2026-09-03 10:23:04.156,v1.6.9,010140,삼성중공업,CONFIRM,SKIP,SCORE_BELOW_75,67,33,25,5,4,20950.0,0.2380952380952381,MAIN,MAIN,2026-09-03 10:23:04.153,True,599.0000340938568,33,0.0,23.5658175945282,0.0,23.5658175945282,0.4796163069544364,63.79199981689453,0.23923444976076555,125.13129901885986,0.4796163069544364,180.23130249977112,0.4796163069544364,309.049072265625,0.0,23.5658175945282,,,,,,,,,False,True,True,2026-09-03 10:05:17.500,20900.0,63.0,1042.580797,20260903_010140_E003,2026-09-03 10:22:21.494,20950.0,81.0,18.586342,2026-09-03 10:22:21.494,2026-09-03 10:22:40.081,20950.0,81.0,FAIL,DATA_UNAVAILABLE,NO_60S_HIGH_GAP,2026-09-03 10:23:04.153,20950.0,24.072283,0.0,,,,,,2026-09-03 10:22:40.081,20950.0,24.072283,0.0,EVALUABLE,SCORED,False,,,,,,,,,,,,,,,,,
2026-09-03 10:23:04.172,v1.6.9,042660,한화오션,BASE,ENTER,75_SCORE,78,33,25,11,9,86900.0,0.11494252873563218,MAIN,MAIN,2026-09-03 10:23:04.142,True,599.0000340938568,33,-0.11494252873563218,23.5658175945282,-0.11494252873563218,23.5658175945282,0.46242774566473993,63.79199981689453,0.46242774566473993,125.13129901885986,0.46242774566473993,180.23130249977112,0.6952491309385863,309.049072265625,0.11494252873563218,23.5658175945282,-0.0005309123729128479,63.79199981689453,-0.0005309123729128479,125.13129901885986,-0.0005309123729128479,180.23130249977112,-0.23147779459000292,309.049072265625,False,True,False,2026-09-03 10:13:58.458,86300.0,63.0,545.683954,20260903_042660_E001,2026-09-03 10:13:58.458,86300.0,63.0,545.683954,2026-09-03 10:22:45.060,2026-09-03 10:23:04.142,86900.0,78.0,FAIL,FAIL,PRICE_30S_NOT_POSITIVE,2026-09-03 10:23:04.142,86900.0,0.0,0.0,,,,,,,,,,,,True,20260903_042660_SHADOW_SCORE_70_74_E001_101528665375,2026-09-03 10:15:28.648,86400.0,74.0,455.493945,0.578703703703698,2,1,False,,,,,,,,
2026-09-03 10:23:04.181,v1.6.9,042660,한화오션,PRE_HISTORY,SKIP,PRICE_30S_NOT_POSITIVE,78,33,25,11,9,86900.0,0.11494252873563218,MAIN,MAIN,2026-09-03 10:23:04.142,True,599.0000340938568,33,-0.11494252873563218,23.5658175945282,-0.11494252873563218,23.5658175945282,0.46242774566473993,63.79199981689453,0.46242774566473993,125.13129901885986,0.46242774566473993,180.23130249977112,0.6952491309385863,309.049072265625,0.11494252873563218,23.5658175945282,-0.0005309123729128479,63.79199981689453,-0.0005309123729128479,125.13129901885986,-0.0005309123729128479,180.23130249977112,-0.23147779459000292,309.049072265625,False,True,False,2026-09-03 10:13:58.458,86300.0,63.0,545.683954,20260903_042660_E001,2026-09-03 10:13:58.458,86300.0,63.0,545.683954,2026-09-03 10:22:45.060,2026-09-03 10:23:04.142,86900.0,78.0,FAIL,FAIL,PRICE_30S_NOT_POSITIVE,2026-09-03 10:23:04.142,86900.0,0.0,0.0,FAIL,,,,PRICE_30S_NOT_POSITIVE,,,,,,,True,20260903_042660_SHADOW_SCORE_70_74_E001_101528665375,2026-09-03 10:15:28.648,86400.0,74.0,455.493945,0.578703703703698,,,,,,,,,,,
2026-09-03 10:23:04.203,v1.6.9,042660,한화오션,PRE_FAIL_PULLBACK_SHADOW,ENTER,PRICE_30S_NOT_POSITIVE,78,33,25,11,9,86900.0,0.11494252873563218,MAIN,MAIN,2026-09-03 10:23:04.142,True,599.0000340938568,33,-0.11494252873563218,23.5658175945282,-0.11494252873563218,23.5658175945282,0.46242774566473993,63.79199981689453,0.46242774566473993,125.13129901885986,0.46242774566473993,180.23130249977112,0.6952491309385863,309.049072265625,0.11494252873563218,23.5658175945282,-0.0005309123729128479,63.79199981689453,-0.0005309123729128479,125.13129901885986,-0.0005309123729128479,180.23130249977112,-0.23147779459000292,309.049072265625,False,True,False,2026-09-03 10:13:58.458,86300.0,63.0,545.683954,20260903_042660_E001,2026-09-03 10:13:58.458,86300.0,63.0,545.683954,2026-09-03 10:22:45.060,2026-09-03 10:23:04.142,86900.0,78.0,FAIL,FAIL,PRICE_30S_NOT_POSITIVE,2026-09-03 10:23:04.142,86900.0,0.0,0.0,FAIL,,,,PRICE_30S_NOT_POSITIVE,,,,,,,True,20260903_042660_SHADOW_SCORE_70_74_E001_101528665375,2026-09-03 10:15:28.648,86400.0,74.0,455.493945,0.578703703703698,3,1,False,,,PRE_FAIL_PULLBACK_SHADOW,PRICE_30S_NOT_POSITIVE,3,True,,
2026-09-03 10:23:04.223,v1.6.9,042660,한화오션,CONFIRM,PENDING,FIRST_75_SIGNAL,78,33,25,11,9,86900.0,0.11494252873563218,MAIN,MAIN,2026-09-03 10:23:04.142,True,599.0000340938568,33,-0.11494252873563218,23.5658175945282,-0.11494252873563218,23.5658175945282,0.46242774566473993,63.79199981689453,0.46242774566473993,125.13129901885986,0.46242774566473993,180.23130249977112,0.6952491309385863,309.049072265625,0.11494252873563218,23.5658175945282,-0.0005309123729128479,63.79199981689453,-0.0005309123729128479,125.13129901885986,-0.0005309123729128479,180.23130249977112,-0.23147779459000292,309.049072265625,False,True,False,2026-09-03 10:13:58.458,86300.0,63.0,545.683954,20260903_042660_E001,2026-09-03 10:13:58.458,86300.0,63.0,545.683954,2026-09-03 10:22:45.060,2026-09-03 10:23:04.142,86900.0,78.0,FAIL,FAIL,PRICE_30S_NOT_POSITIVE,2026-09-03 10:23:04.142,86900.0,0.0,0.0,,,,,,2026-09-03 10:23:04.142,86900.0,,,PENDING,FIRST_75_SIGNAL,True,20260903_042660_SHADOW_SCORE_70_74_E001_101528665375,2026-09-03 10:15:28.648,86400.0,74.0,455.493945,0.578703703703698,,,,,,,,,,,
2026-09-03 10:24:07.940,v1.6.9,042660,한화오션,CONFIRM,SKIP,TIMEOUT,67,33,25,5,4,86800.0,0.22988505747126436,MAIN,MAIN,2026-09-03 10:24:07.924,True,592.4757580757141,32,-0.11507479861910241,29.225653409957886,-0.11507479861910241,29.225653409957886,-0.22988505747126436,52.791471004486084,0.3468208092485549,114.35256576538086,0.4629629629629629,173.758385181427,0.4629629629629629,301.8842134475708,0.11494252873563218,29.225653409957886,0.22988505747126436,52.791471004486084,0.11441161636271933,114.35256576538086,-0.0010618247458256957,173.758385181427,-0.0010618247458256957,301.8842134475708,False,False,False,2026-09-03 10:13:58.458,86300.0,63.0,545.683954,20260903_042660_E001,2026-09-03 10:13:58.458,86300.0,63.0,545.683954,2026-09-03 10:22:45.060,2026-09-03 10:23:04.142,86900.0,78.0,FAIL,FAIL,PRICE_30S_NOT_POSITIVE,2026-09-03 10:24:07.924,86800.0,63.782113,-0.11507479861909697,,,,,,2026-09-03 10:23:04.142,86900.0,63.782113,-0.11507479861910241,EVALUABLE,SCORED,True,20260903_042660_SHADOW_SCORE_70_74_E001_101528665375,2026-09-03 10:15:28.648,86400.0,74.0,455.493945,0.578703703703698,,,,,,,,,,,
2026-09-03 10:24:47.634,v1.6.9,004710,한솔테크닉스,WIDE_HIGH_GAP_SHADOW,ENTER,HIGH_GAP_3P0_TO_4P5,33,24,0,5,4,8540.0,3.5028248587570623,MAIN,MAIN,2026-09-03 10:24:47.626,True,594.6938397884369,30,-0.5820721769499418,20.854755401611328,-0.5820721769499418,20.854755401611328,-0.9280742459396751,75.54217028617859,-0.9280742459396751,128.33364129066467,-0.8130081300813009,189.89473605155945,-0.4662004662004662,304.0911068916321,0.5649717514124295,20.854755401611328,,,0.9039548022598871,128.33364129066467,0.7909604519774014,189.89473605155945,0.45197740112994333,304.0911068916321,False,False,,,,,,20260903_004710_WIDE_E007,2026-09-03 10:24:47.626,8540.0,33.0,0.0,2026-09-03 10:24:29.828,,,,,,,2026-09-03 10:24:47.626,8540.0,,,,,,,,,,,,,,,,,,,,,7,7,True,OPEN,20260903_004710_WIDE_HIGH_GAP_SHADOW_E006_102038863925,WIDE_HIGH_GAP_SHADOW,,,,3.0,4.5
2026-09-03 10:24:47.714,v1.6.9,010140,삼성중공업,PRE_HISTORY,SKIP,HIGH_GAP_60S_NOT_DECREASING,78,33,25,11,9,21025.0,0.11876484560570072,MAIN,MAIN,2026-09-03 10:24:47.671,True,594.6938397884369,30,0.11904761904761905,20.854755401611328,0.11904761904761905,20.854755401611328,0.11904761904761905,75.54217028617859,0.35799522673031026,128.33364129066467,0.5980861244019139,189.89473605155945,0.8393285371702638,304.0911068916321,-0.11876484560570072,20.854755401611328,0.11876484560570072,75.54217028617859,-0.11933039248953739,128.33364129066467,,,,,True,True,True,2026-09-03 10:05:17.500,20900.0,63.0,1170.171361,20260903_010140_E003,2026-09-03 10:22:21.494,20950.0,81.0,146.176906,2026-09-03 10:22:21.494,2026-09-03 10:22:40.081,20950.0,81.0,FAIL,DATA_UNAVAILABLE,NO_60S_HIGH_GAP,2026-09-03 10:24:47.671,21025.0,127.590564,0.35799522673030104,FAIL,,,,HIGH_GAP_60S_NOT_DECREASING,,,,,,,False,,,,,,,,,,,,,,,,,
2026-09-03 10:25:07.662,v1.6.9,010140,삼성중공업,PRE_HISTORY,ENTER,OK,78,33,25,11,9,21050.0,0.23696682464454977,MAIN,MAIN,2026-09-03 10:25:07.630,True,594.8215906620026,30,0.11890606420927466,18.917973279953003,0.2380952380952381,39.77272868156433,0.2380952380952381,39.77272868156433,0.47732696897374705,123.68579697608948,0.9592326139088728,187.477796792984,0.9592326139088728,303.9170994758606,-0.0005628665668516719,39.77272868156433,-0.0005628665668516719,39.77272868156433,-0.0011284134506883425,123.68579697608948,,,,,True,True,True,2026-09-03 10:05:17.500,20900.0,63.0,1190.129652,20260903_010140_E003,2026-09-03 10:22:21.494,20950.0,81.0,166.135197,2026-09-03 10:22:21.494,2026-09-03 10:22:40.081,20950.0,81.0,FAIL,DATA_UNAVAILABLE,NO_60S_HIGH_GAP,2026-09-03 10:25:07.630,21050.0,147.548855,0.4773269689737569,PASS,LATER_PASS,AFTER_DATA_UNAVAILABLE,147.548855,OK,,,,,,,False,,,,,,,3,1,False,,,,,,,,
2026-09-03 10:26:09.099,v1.6.9,008930,한미사이언스,WIDE_HIGH_GAP_SHADOW,ENTER,HIGH_GAP_3P0_TO_4P5,38,29,0,5,4,51600.0,4.444444444444445,MAIN,MAIN,2026-09-03 10:26:09.095,True,584.1678018569946,29,0.1941747572815534,21.305423498153687,0.1941747572815534,21.305423498153687,0.0,61.02745509147644,-0.19342359767891684,100.80018377304077,-0.19342359767891684,184.71325206756592,0.1941747572815534,309.8445510864258,-0.18518518518518512,21.305423498153687,0.0,61.02745509147644,0.18518518518518512,100.80018377304077,0.18518518518518512,184.71325206756592,-0.18518518518518512,309.8445510864258,True,False,,,,,,20260903_008930_WIDE_E010,2026-09-03 10:26:09.095,51600.0,38.0,0.0,2026-09-03 10:25:49.773,,,,,,,2026-09-03 10:26:09.095,51600.0,,,,,,,,,,,,,,,,,,,,,11,10,True,OPEN,20260903_008930_WIDE_HIGH_GAP_SHADOW_E009_102140245394,WIDE_HIGH_GAP_SHADOW,,,,3.0,4.5
2026-09-03 10:29:48.482,v1.6.9,100840,SNT에너지,WIDE_HIGH_GAP_SHADOW,ENTER,HIGH_GAP_3P0_TO_4P5,42,33,0,5,4,34750.0,3.0683403068340307,MAIN,MAIN,2026-09-03 10:29:48.475,True,584.3626720905304,28,-0.14367816091954022,18.324892044067383,-0.14367816091954022,38.467844009399414,-0.5722460658082975,57.25721454620361,-0.2869440459110474,117.26866245269775,-0.42979942693409745,177.5389049053192,-0.8559201141226819,299.3635458946228,0.13947001394700154,38.467844009399414,0.5578800557880057,57.25721454620361,0.27894002789400263,117.26866245269775,0.41841004184100417,177.5389049053192,0.8368200836820083,299.3635458946228,False,False,,,,,,20260903_100840_WIDE_E011,2026-09-03 10:29:48.475,34750.0,42.0,0.0,2026-09-03 10:29:29.192,,,,,,,2026-09-03 10:29:48.475,34750.0,,,,,,,,,,,,,,,,,,,,,15,11,True,TAKE_PROFIT,20260903_100840_WIDE_HIGH_GAP_SHADOW_E010_101943769898,WIDE_HIGH_GAP_SHADOW,,,,3.0,4.5
2026-09-03 10:30:26.828,v1.6.9,100840,SNT에너지,WIDE_HIGH_GAP_SHADOW,ENTER,HIGH_GAP_3P0_TO_4P5,42,33,0,5,4,34700.0,3.2078103207810322,MAIN,MAIN,2026-09-03 10:30:26.823,True,587.5747239589691,28,-0.28735632183908044,18.562037706375122,-0.14388489208633093,38.91062259674072,-0.28735632183908044,57.235514640808105,-1.1396011396011396,116.81773114204407,-0.430416068866571,176.27130150794983,-1.5602836879432624,299.42701959609985,0.13947001394700154,38.91062259674072,0.2789400278940031,57.235514640808105,1.1157601115760114,116.81773114204407,0.41841004184100417,176.27130150794983,1.5341701534170156,299.42701959609985,False,False,,,,,,20260903_100840_WIDE_E012,2026-09-03 10:30:26.823,34700.0,42.0,0.0,2026-09-03 10:30:08.102,,,,,,,2026-09-03 10:30:26.823,34700.0,,,,,,,,,,,,,,,,,,,,,16,12,True,OPEN,20260903_100840_WIDE_HIGH_GAP_SHADOW_E011_102948501410,WIDE_HIGH_GAP_SHADOW,,,,3.0,4.5
2026-09-03 10:31:05.141,v1.6.9,088350,한화생명,WIDE_HIGH_GAP_SHADOW,ENTER,HIGH_GAP_3P0_TO_4P5,46,37,0,5,4,6260.0,4.427480916030534,MAIN,MAIN,2026-09-03 10:31:05.132,True,586.2499170303345,28,0.16,18.277935028076172,0.4815409309791332,38.0483078956604,0.6430868167202572,56.61034560203552,0.8051529790660225,115.42677450180054,0.6430868167202572,173.56844234466553,1.1308562197092082,296.3770480155945,-0.45801526717557284,38.0483078956604,-0.6106870229007635,56.61034560203552,-0.7633587786259541,115.42677450180054,-0.6106870229007635,173.56844234466553,-1.0687022900763363,296.3770480155945,True,True,,,,,,20260903_088350_WIDE_E008,2026-09-03 10:31:05.132,6260.0,46.0,0.0,2026-09-03 10:30:46.151,,,,,,,2026-09-03 10:31:05.132,6260.0,,,,,,,,,,,,,,,,,,,,,11,8,True,STOP_LOSS,20260903_088350_WIDE_HIGH_GAP_SHADOW_E007_101546208779,WIDE_HIGH_GAP_SHADOW,,,,3.0,4.5
2026-09-03 10:32:24.192,v1.6.9,008930,한미사이언스,WIDE_HIGH_GAP_SHADOW,ENTER,HIGH_GAP_3P0_TO_4P5,38,29,0,5,4,51600.0,4.444444444444445,MAIN,MAIN,2026-09-03 10:32:24.190,True,583.3629672527313,28,0.38910505836575876,18.976645946502686,0.38910505836575876,39.87017893791199,0.38910505836575876,58.692484855651855,0.38910505836575876,116.75515747070312,0.5847953216374269,173.99067211151123,0.38910505836575876,293.02645897865295,-0.37037037037037024,39.87017893791199,-0.37037037037037024,58.692484855651855,-0.37037037037037024,116.75515747070312,-0.5555555555555554,173.99067211151123,-0.37037037037037024,293.02645897865295,True,True,,,,,,20260903_008930_WIDE_E011,2026-09-03 10:32:24.190,51600.0,38.0,0.0,2026-09-03 10:32:04.857,,,,,,,2026-09-03 10:32:24.190,51600.0,,,,,,,,,,,,,,,,,,,,,12,11,True,OPEN,20260903_008930_WIDE_HIGH_GAP_SHADOW_E010_102609113120,WIDE_HIGH_GAP_SHADOW,,,,3.0,4.5
2026-09-03 10:33:22.739,v1.6.9,088350,한화생명,WIDE_HIGH_GAP_SHADOW,ENTER,HIGH_GAP_3P0_TO_4P5,46,37,0,5,4,6260.0,4.427480916030534,MAIN,MAIN,2026-09-03 10:33:22.737,True,590.1565594673157,29,0.3205128205128205,20.427704572677612,0.0,39.22443914413452,-0.1594896331738437,59.585063219070435,0.0,118.27754807472229,0.4815409309791332,176.34022068977356,0.4815409309791332,293.1579518318176,0.0,39.22443914413452,0.15267175572519065,59.585063219070435,0.0,118.27754807472229,-0.45801526717557284,176.34022068977356,-0.45801526717557284,293.1579518318176,False,False,,,,,,20260903_088350_WIDE_E009,2026-09-03 10:33:22.737,6260.0,46.0,0.0,2026-09-03 10:33:04.442,,,,,,,2026-09-03 10:33:22.737,6260.0,,,,,,,,,,,,,,,,,,,,,12,9,True,OPEN,20260903_088350_WIDE_HIGH_GAP_SHADOW_E008_103105146143,WIDE_HIGH_GAP_SHADOW,,,,3.0,4.5
2026-09-03 10:34:46.834,v1.6.9,033790,피노,WIDE_HIGH_GAP_SHADOW,ENTER,HIGH_GAP_3P0_TO_4P5,33,24,0,5,4,8650.0,3.135498320268757,MAIN,MAIN,2026-09-03 10:34:46.829,True,597.417375087738,31,-1.0297482837528604,21.624754428863525,-1.0297482837528604,21.624754428863525,-1.1428571428571428,63.44794678688049,-1.2557077625570776,122.02742505073547,-1.1428571428571428,182.25822806358337,-0.9163802978235969,298.05382919311523,1.007838745800672,21.624754428863525,1.1198208286674132,63.44794678688049,1.2318029115341544,122.02742505073547,1.1198208286674132,182.25822806358337,0.8958566629339306,298.05382919311523,False,False,,,,,,20260903_033790_WIDE_E001,2026-09-03 10:34:46.829,8650.0,33.0,0.0,2026-09-03 10:34:27.245,,,,,,,2026-09-03 10:34:46.829,8650.0,,,,,,,,,,,,,,,,,,,,,1,1,False,,,WIDE_HIGH_GAP_SHADOW,,,,3.0,4.5
2026-09-03 10:36:00.095,v1.6.9,033790,피노,WIDE_HIGH_GAP_SHADOW,ENTER,HIGH_GAP_3P0_TO_4P5,33,24,0,5,4,8640.0,3.2474804031354982,MAIN,MAIN,2026-09-03 10:36:00.093,True,599.7527287006378,31,-0.34602076124567477,19.86695885658264,-0.6896551724137931,39.958295583724976,-0.6896551724137931,61.63257050514221,-1.4823261117445838,124.16194486618042,-1.1441647597254003,185.5114724636078,-1.36986301369863,303.37568068504333,0.6718924972004481,39.958295583724976,0.6718924972004481,61.63257050514221,1.455767077267637,124.16194486618042,1.1198208286674132,185.5114724636078,1.3437849944008957,303.37568068504333,False,False,,,,,,20260903_033790_WIDE_E002,2026-09-03 10:36:00.093,8640.0,33.0,0.0,2026-09-03 10:35:49.526,,,,,,,2026-09-03 10:36:00.093,8640.0,,,,,,,,,,,,,,,,,,,,,2,2,True,OPEN,20260903_033790_WIDE_HIGH_GAP_SHADOW_E001_103446859267,WIDE_HIGH_GAP_SHADOW,,,,3.0,4.5
2026-09-03 10:37:58.763,v1.6.9,008930,한미사이언스,WIDE_HIGH_GAP_SHADOW,ENTER,HIGH_GAP_3P0_TO_4P5,38,29,0,5,4,52000.0,3.7037037037037033,MAIN,MAIN,2026-09-03 10:37:58.760,True,588.3960220813751,31,1.364522417153996,20.841822862625122,1.364522417153996,20.841822862625122,1.9607843137254901,60.425110816955566,1.5625,111.45189905166626,1.5625,173.08446955680847,0.9708737864077669,296.96337151527405,-1.2962962962962967,20.841822862625122,-1.851851851851852,60.425110816955566,-1.4814814814814818,111.45189905166626,-1.4814814814814818,173.08446955680847,-0.9259259259259265,296.96337151527405,True,True,,,,,,20260903_008930_WIDE_E012,2026-09-03 10:37:58.760,52000.0,38.0,0.0,2026-09-03 10:37:40.978,,,,,,,2026-09-03 10:37:58.760,52000.0,,,,,,,,,,,,,,,,,,,,,13,12,True,OPEN,20260903_008930_WIDE_HIGH_GAP_SHADOW_E011_103224196702,WIDE_HIGH_GAP_SHADOW,,,,3.0,4.5
2026-09-03 10:38:19.116,v1.6.9,100840,SNT에너지,WIDE_HIGH_GAP_SHADOW,ENTER,HIGH_GAP_3P0_TO_4P5,42,33,0,5,4,34300.0,4.323570432357044,MAIN,MAIN,2026-09-03 10:38:19.109,True,588.5335912704468,31,0.29239766081871343,18.839972496032715,-0.1455604075691412,39.68179535865784,-0.43541364296081275,58.95995616912842,-0.723589001447178,114.70177435874939,-0.5797101449275363,170.25016713142395,-0.5797101449275363,295.37563943862915,0.13947001394700198,39.68179535865784,0.4184100418410046,58.95995616912842,0.6973500697350077,114.70177435874939,0.5578800557880057,170.25016713142395,0.5578800557880057,295.37563943862915,False,False,,,,,,20260903_100840_WIDE_E013,2026-09-03 10:38:19.109,34300.0,42.0,0.0,2026-09-03 10:37:59.818,,,,,,,2026-09-03 10:38:19.109,34300.0,,,,,,,,,,,,,,,,,,,,,17,13,True,STOP_LOSS,20260903_100840_WIDE_HIGH_GAP_SHADOW_E012_103026850034,WIDE_HIGH_GAP_SHADOW,,,,3.0,4.5
2026-09-03 10:40:17.232,v1.6.9,008930,한미사이언스,WIDE_HIGH_GAP_SHADOW,ENTER,HIGH_GAP_3P0_TO_4P5,38,29,0,5,4,52200.0,3.3333333333333335,MAIN,MAIN,2026-09-03 10:40:17.230,True,589.8731915950775,31,-0.38167938931297707,19.21466588973999,0.38461538461538464,39.5652871131897,0.5780346820809248,58.70005702972412,0.5780346820809248,118.1573314666748,1.556420233463035,177.11728763580322,1.953125,310.081773519516,-0.3703703703703698,39.5652871131897,-0.5555555555555554,58.70005702972412,-0.5555555555555554,118.1573314666748,-1.4814814814814814,177.11728763580322,-1.8518518518518516,310.081773519516,True,True,,,,,,20260903_008930_WIDE_E013,2026-09-03 10:40:17.230,52200.0,38.0,0.0,2026-09-03 10:39:57.975,,,,,,,2026-09-03 10:40:17.230,52200.0,,,,,,,,,,,,,,,,,,,,,14,13,True,OPEN,20260903_008930_WIDE_HIGH_GAP_SHADOW_E012_103758778330,WIDE_HIGH_GAP_SHADOW,,,,3.0,4.5
2026-09-03 10:40:36.003,v1.6.9,100840,SNT에너지,WIDE_HIGH_GAP_SHADOW,ENTER,HIGH_GAP_3P0_TO_4P5,42,33,0,5,4,34250.0,4.463040446304045,MAIN,MAIN,2026-09-03 10:40:35.996,True,590.402284860611,31,0.14619883040935672,20.299466133117676,-0.1457725947521866,39.514132022857666,0.0,59.86475324630737,-0.2911208151382824,118.11150932312012,-0.2911208151382824,178.13859295845032,-0.7246376811594203,308.70696473121643,0.1394700139470011,39.514132022857666,0.0,59.86475324630737,0.2789400278940031,118.11150932312012,0.2789400278940031,178.13859295845032,0.6973500697350068,308.70696473121643,False,False,,,,,,20260903_100840_WIDE_E014,2026-09-03 10:40:35.996,34250.0,42.0,0.0,2026-09-03 10:40:18.275,,,,,,,2026-09-03 10:40:35.996,34250.0,,,,,,,,,,,,,,,,,,,,,18,14,True,OPEN,20260903_100840_WIDE_HIGH_GAP_SHADOW_E013_103819136679,WIDE_HIGH_GAP_SHADOW,,,,3.0,4.5
2026-09-03 10:42:10.086,v1.6.9,033790,피노,WIDE_HIGH_GAP_SHADOW,ENTER,HIGH_GAP_3P0_TO_4P5,33,24,0,5,4,8630.0,3.3594624860022395,MAIN,MAIN,2026-09-03 10:42:10.075,True,586.6056475639343,31,-0.461361014994233,19.41552996635437,-0.11574074074074073,38.005109548568726,0.0,57.09045124053955,0.23228803716608595,113.48761343955994,-0.3464203233256351,172.18767046928406,0.5827505827505828,290.60490107536316,0.11198208286674127,38.005109548568726,0.0,57.09045124053955,-0.223964165733483,113.48761343955994,0.3359462486002238,172.18767046928406,-0.5599104143337068,290.60490107536316,False,False,,,,,,20260903_033790_WIDE_E003,2026-09-03 10:42:10.075,8630.0,33.0,0.0,2026-09-03 10:41:51.463,,,,,,,2026-09-03 10:42:10.075,8630.0,,,,,,,,,,,,,,,,,,,,,3,3,True,OPEN,20260903_033790_WIDE_HIGH_GAP_SHADOW_E002_103600103340,WIDE_HIGH_GAP_SHADOW,,,,3.0,4.5
2026-09-03 10:44:24.888,v1.6.9,100090,SK오션플랜트,SHADOW_SCORE_70_74,ENTER,SCORE_70_74_BEFORE_FIRST75,74,24,25,16,9,14120.0,0.07077140835102619,MAIN,MAIN,2026-09-03 10:44:24.852,True,579.9848926067352,31,0.9292351679771265,20.364568948745728,1.146131805157593,39.608505725860596,1.875901875901876,59.46078538894653,1.291248206599713,116.07394576072693,3.216374269005848,173.77240371704102,4.592592592592593,307.95496463775635,-0.5697979866667675,39.608505725860596,-1.2815417589087603,59.46078538894653,,,,,,,True,True,,2026-09-03 10:44:07.230,14120.0,74.0,17.621343,20260903_100090_E001,2026-09-03 10:44:07.230,14120.0,74.0,17.621343,2026-09-03 10:44:07.230,,,,,,,2026-09-03 10:44:24.852,14120.0,,,,,,,,,,,,,,False,,,,,,,1,1,False,,,,,,,,
2026-09-03 10:44:44.532,v1.6.9,100090,SK오션플랜트,BASE,ENTER,75_SCORE,77,24,25,16,12,14240.0,0.2801120448179272,MAIN,MAIN,2026-09-03 10:44:44.463,True,598.7030425071716,32,0.84985835694051,18.7181499004364,1.7869907076483202,39.08271884918213,2.005730659025788,58.326655626297,1.641684511063526,116.46954011917114,4.017531044558072,173.90097403526306,6.110283159463488,307.5383446216583,-0.14693421852726857,39.08271884918213,-0.36045735019986647,58.326655626297,-0.14693421852726857,96.90628099441528,,,,,True,True,True,2026-09-03 10:44:07.230,14120.0,74.0,37.232976,20260903_100090_E001,2026-09-03 10:44:07.230,14120.0,74.0,37.232976,2026-09-03 10:44:25.948,2026-09-03 10:44:44.463,14240.0,77.0,PASS,PASS,OK,2026-09-03 10:44:44.463,14240.0,0.0,0.0,,,,,,,,,,,,True,20260903_100090_SHADOW_SCORE_70_74_E001_104424908927,2026-09-03 10:44:24.852,14120.0,74.0,19.611633,0.8498583569405138,2,1,False,,,,,,,,
2026-09-03 10:44:44.539,v1.6.9,100090,SK오션플랜트,PRE_HISTORY,ENTER,OK,77,24,25,16,12,14240.0,0.2801120448179272,MAIN,MAIN,2026-09-03 10:44:44.463,True,598.7030425071716,32,0.84985835694051,18.7181499004364,1.7869907076483202,39.08271884918213,2.005730659025788,58.326655626297,1.641684511063526,116.46954011917114,4.017531044558072,173.90097403526306,6.110283159463488,307.5383446216583,-0.14693421852726857,39.08271884918213,-0.36045735019986647,58.326655626297,-0.14693421852726857,96.90628099441528,,,,,True,True,True,2026-09-03 10:44:07.230,14120.0,74.0,37.232976,20260903_100090_E001,2026-09-03 10:44:07.230,14120.0,74.0,37.232976,2026-09-03 10:44:25.948,2026-09-03 10:44:44.463,14240.0,77.0,PASS,PASS,OK,2026-09-03 10:44:44.463,14240.0,0.0,0.0,PASS,FIRST_75_PASS,,0.0,OK,,,,,,,True,20260903_100090_SHADOW_SCORE_70_74_E001_104424908927,2026-09-03 10:44:24.852,14120.0,74.0,19.611633,0.8498583569405138,3,1,False,,,,,,,,
2026-09-03 10:44:44.551,v1.6.9,100090,SK오션플랜트,CONFIRM,PENDING,FIRST_75_SIGNAL,77,24,25,16,12,14240.0,0.2801120448179272,MAIN,MAIN,2026-09-03 10:44:44.463,True,598.7030425071716,32,0.84985835694051,18.7181499004364,1.7869907076483202,39.08271884918213,2.005730659025788,58.326655626297,1.641684511063526,116.46954011917114,4.017531044558072,173.90097403526306,6.110283159463488,307.5383446216583,-0.14693421852726857,39.08271884918213,-0.36045735019986647,58.326655626297,-0.14693421852726857,96.90628099441528,,,,,True,True,True,2026-09-03 10:44:07.230,14120.0,74.0,37.232976,20260903_100090_E001,2026-09-03 10:44:07.230,14120.0,74.0,37.232976,2026-09-03 10:44:25.948,2026-09-03 10:44:44.463,14240.0,77.0,PASS,PASS,OK,2026-09-03 10:44:44.463,14240.0,0.0,0.0,,,,,,2026-09-03 10:44:44.463,14240.0,,,PENDING,FIRST_75_SIGNAL,True,20260903_100090_SHADOW_SCORE_70_74_E001_104424908927,2026-09-03 10:44:24.852,14120.0,74.0,19.611633,0.8498583569405138,,,,,,,,,,,
2026-09-03 10:45:07.282,v1.6.9,100090,SK오션플랜트,CONFIRM,SKIP,SCORE_BELOW_75,74,24,25,16,9,14230.0,0.350140056022409,MAIN,MAIN,2026-09-03 10:45:07.238,True,579.7879197597504,31,-0.0702247191011236,23.407363653182983,-0.0702247191011236,23.407363653182983,1.7155110793423873,62.49008250236511,1.7155110793423873,120.31364464759827,3.8686131386861313,177.89280772209167,6.751687921980495,291.3804211616516,0.07002801120448182,23.407363653182983,-0.07690620732278675,62.49008250236511,-0.07690620732278675,120.31364464759827,,,,,False,True,True,2026-09-03 10:44:07.230,14120.0,74.0,37.232976,20260903_100090_E001,2026-09-03 10:44:07.230,14120.0,74.0,37.232976,2026-09-03 10:44:25.948,2026-09-03 10:44:44.463,14240.0,77.0,PASS,PASS,OK,2026-09-03 10:45:07.238,14230.0,22.774746,-0.0702247191011196,,,,,,2026-09-03 10:44:44.463,14240.0,22.774746,-0.0702247191011236,EVALUABLE,SCORED,True,20260903_100090_SHADOW_SCORE_70_74_E001_104424908927,2026-09-03 10:44:24.852,14120.0,74.0,19.611633,0.8498583569405138,,,,,,,,,,,
2026-09-03 10:46:07.629,v1.6.9,004020,현대제철,WIDE_HIGH_GAP_SHADOW,ENTER,HIGH_GAP_3P0_TO_4P5,33,24,0,5,4,31550.0,3.0721966205837172,MAIN,MAIN,2026-09-03 10:46:07.627,True,598.2425017356873,32,-0.15822784810126583,19.689614057540894,-0.15822784810126583,39.43972039222717,-0.15822784810126583,58.412877559661865,-0.6299212598425197,120.90296006202698,-0.47318611987381703,178.72652220726013,-0.7861635220125787,293.3961365222931,0.1536098310291858,39.43972039222717,0.1536098310291858,58.412877559661865,0.6144393241167432,120.90296006202698,0.4608294930875574,178.72652220726013,0.768049155145929,293.3961365222931,False,False,,,,,,20260903_004020_WIDE_E001,2026-09-03 10:46:07.627,31550.0,33.0,0.0,2026-09-03 10:45:47.769,,,,,,,2026-09-03 10:46:07.627,31550.0,,,,,,,,,,,,,,,,,,,,,1,1,False,,,WIDE_HIGH_GAP_SHADOW,,,,3.0,4.5
2026-09-03 10:46:07.667,v1.6.9,033790,피노,WIDE_HIGH_GAP_SHADOW,ENTER,HIGH_GAP_3P0_TO_4P5,33,24,0,5,4,8640.0,3.2474804031354982,MAIN,MAIN,2026-09-03 10:46:07.662,True,598.2425017356873,32,-0.4608294930875576,19.689614057540894,-0.34602076124567477,39.43972039222717,-0.34602076124567477,58.412877559661865,-0.4608294930875576,120.90296006202698,0.5820721769499418,178.72652220726013,0.11587485515643105,293.3961365222931,0.3359462486002238,39.43972039222717,0.3359462486002238,58.412877559661865,0.4479283314669651,120.90296006202698,-0.5599104143337068,178.72652220726013,-0.11198208286674127,293.3961365222931,False,False,,,,,,20260903_033790_WIDE_E004,2026-09-03 10:46:07.662,8640.0,33.0,0.0,2026-09-03 10:45:47.769,,,,,,,2026-09-03 10:46:07.662,8640.0,,,,,,,,,,,,,,,,,,,,,4,4,True,OPEN,20260903_033790_WIDE_HIGH_GAP_SHADOW_E003_104210119882,WIDE_HIGH_GAP_SHADOW,,,,3.0,4.5
2026-09-03 10:46:30.639,v1.6.9,008930,한미사이언스,WIDE_HIGH_GAP_SHADOW,ENTER,HIGH_GAP_3P0_TO_4P5,38,29,0,5,4,52200.0,3.3333333333333335,MAIN,MAIN,2026-09-03 10:46:30.622,True,589.1903307437897,31,-0.5714285714285714,22.86040210723877,-0.5714285714285714,22.86040210723877,-0.38167938931297707,62.30012249946594,-0.38167938931297707,123.39879322052002,-0.19120458891013384,182.85957860946655,0.19193857965451055,297.17119693756104,0.5555555555555558,22.86040210723877,0.37037037037037024,62.30012249946594,0.37037037037037024,123.39879322052002,0.18518518518518556,182.85957860946655,-0.18518518518518512,297.17119693756104,False,False,,,,,,20260903_008930_WIDE_E014,2026-09-03 10:46:30.622,52200.0,38.0,0.0,2026-09-03 10:46:10.629,,,,,,,2026-09-03 10:46:30.622,52200.0,,,,,,,,,,,,,,,,,,,,,15,14,True,OPEN,20260903_008930_WIDE_HIGH_GAP_SHADOW_E013_104017249548,WIDE_HIGH_GAP_SHADOW,,,,3.0,4.5
2026-09-03 10:46:52.992,v1.6.9,004020,현대제철,WIDE_HIGH_GAP_SHADOW,ENTER,HIGH_GAP_3P0_TO_4P5,33,24,0,5,4,31500.0,3.225806451612903,MAIN,MAIN,2026-09-03 10:46:52.988,True,591.1501095294952,31,-0.23752969121140144,21.073993921279907,-0.23752969121140144,21.073993921279907,-0.31645569620253167,63.62401008605957,-0.6309148264984227,125.75463724136353,-0.9433962264150944,184.08129286766052,-0.6309148264984227,299.6556112766266,0.23041474654377891,21.073993921279907,0.3072196620583716,63.62401008605957,0.6144393241167432,125.75463724136353,0.9216589861751148,184.08129286766052,0.6144393241167432,299.6556112766266,False,False,,,,,,20260903_004020_WIDE_E002,2026-09-03 10:46:52.988,31500.0,33.0,0.0,2026-09-03 10:46:31.703,,,,,,,2026-09-03 10:46:52.988,31500.0,,,,,,,,,,,,,,,,,,,,,2,2,True,OPEN,20260903_004020_WIDE_HIGH_GAP_SHADOW_E001_104607649355,WIDE_HIGH_GAP_SHADOW,,,,3.0,4.5
2026-09-03 10:47:14.954,v1.6.9,008930,한미사이언스,WIDE_HIGH_GAP_SHADOW,ENTER,HIGH_GAP_3P0_TO_4P5,38,29,0,5,4,52300.0,3.148148148148148,MAIN,MAIN,2026-09-03 10:47:14.952,True,593.172572851181,31,-0.19083969465648853,22.327590465545654,-0.19083969465648853,22.327590465545654,-0.38095238095238093,66.26198649406433,-0.38095238095238093,124.6748640537262,-0.5703422053231939,187.1649465560913,0.576923076923077,302.56767177581787,0.18518518518518468,22.327590465545654,0.37037037037037024,66.26198649406433,0.37037037037037024,124.6748640537262,0.5555555555555554,187.1649465560913,-0.5555555555555554,302.56767177581787,False,False,,,,,,20260903_008930_WIDE_E015,2026-09-03 10:47:14.952,52300.0,38.0,0.0,2026-09-03 10:46:54.031,,,,,,,2026-09-03 10:47:14.952,52300.0,,,,,,,,,,,,,,,,,,,,,16,15,True,OPEN,20260903_008930_WIDE_HIGH_GAP_SHADOW_E014_104630652168,WIDE_HIGH_GAP_SHADOW,,,,3.0,4.5
2026-09-03 10:48:17.716,v1.6.9,004020,현대제철,WIDE_HIGH_GAP_SHADOW,ENTER,HIGH_GAP_3P0_TO_4P5,33,24,0,5,4,31400.0,3.5330261136712746,MAIN,MAIN,2026-09-03 10:48:17.710,True,597.6998300552368,31,-0.4754358161648178,20.10582184791565,-0.4754358161648178,20.10582184791565,-0.3965107057890563,63.487213373184204,-0.4754358161648178,129.74919986724854,-0.6329113924050633,188.1620774269104,-0.9463722397476341,308.47572207450867,0.4608294930875574,41.51033139228821,0.3840245775729647,63.487213373184204,0.4608294930875574,129.74919986724854,0.6144393241167432,188.1620774269104,0.9216589861751148,308.47572207450867,False,False,,,,,,20260903_004020_WIDE_E003,2026-09-03 10:48:17.710,31400.0,33.0,0.0,2026-09-03 10:47:57.518,,,,,,,2026-09-03 10:48:17.710,31400.0,,,,,,,,,,,,,,,,,,,,,3,3,True,OPEN,20260903_004020_WIDE_HIGH_GAP_SHADOW_E002_104653000791,WIDE_HIGH_GAP_SHADOW,,,,3.0,4.5
2026-09-03 10:48:56.988,v1.6.9,100090,SK오션플랜트,WIDE_HIGH_GAP_SHADOW,ENTER,HIGH_GAP_3P0_TO_4P5,43,29,0,5,9,13820.0,3.221288515406162,MAIN,MAIN,2026-09-03 10:48:56.980,True,598.2882897853851,31,-0.7896625987078248,18.673056840896606,-1.2151536812008579,39.919883251190186,-2.263083451202263,60.025705099105835,-1.144492131616595,125.73468708992004,-1.8465909090909092,189.35869717597961,-1.2151536812008579,290.5720431804657,1.1904761904761902,39.919883251190186,2.240896358543417,60.025705099105835,1.1204481792717083,125.73468708992004,1.8207282913165261,189.35869717597961,2.7942422520609664,290.5720431804657,False,False,,,,,,20260903_100090_WIDE_E001,2026-09-03 10:48:56.980,13820.0,43.0,0.0,2026-09-03 10:48:37.438,,,,,,,2026-09-03 10:48:56.980,13820.0,,,,,,,,,,,,,,,,,,,,,4,1,False,,,WIDE_HIGH_GAP_SHADOW,,,,3.0,4.5
2026-09-03 10:49:15.631,v1.6.9,441270,파인엠텍,WIDE_HIGH_GAP_SHADOW,ENTER,HIGH_GAP_3P0_TO_4P5,46,37,0,5,4,9360.0,4.1965199590583415,MAIN,MAIN,2026-09-03 10:49:15.626,True,598.7805118560791,31,1.079913606911447,20.618072986602783,1.2987012987012987,39.29112982749939,0.8620689655172413,60.53795623779297,0.4291845493562232,124.02516961097717,0.8620689655172413,190.2871561050415,0.4291845493562232,290.82554721832275,-1.2282497441146365,39.29112982749939,-0.8188331627430916,60.53795623779297,-0.4094165813715458,124.02516961097717,-0.8188331627430916,190.2871561050415,-0.4094165813715458,290.82554721832275,True,True,,,,,,20260903_441270_WIDE_E006,2026-09-03 10:49:15.626,9360.0,46.0,0.0,2026-09-03 10:48:58.056,,,,,,,2026-09-03 10:49:15.626,9360.0,,,,,,,,,,,,,,,,,,,,,9,6,True,TAKE_PROFIT,20260903_441270_WIDE_HIGH_GAP_SHADOW_E005_100123850857,WIDE_HIGH_GAP_SHADOW,,,,3.0,4.5
2026-09-03 10:50:11.639,v1.6.9,100090,SK오션플랜트,WIDE_HIGH_GAP_SHADOW,ENTER,HIGH_GAP_3P0_TO_4P5,49,29,0,11,9,13760.0,3.6414565826330536,MAIN,MAIN,2026-09-03 10:50:11.638,True,595.586591720581,31,1.0279001468428781,17.868097066879272,0.8797653958944283,36.90379023551941,0.7320644216691069,55.506136894226074,-1.6440314510364546,116.04409313201904,-2.272727272727273,179.53130650520325,-3.302881236823612,304.20617055892944,-0.8403361344537812,36.90379023551941,-0.7002801120448172,55.506136894226074,1.6106442577030817,116.04409313201904,2.2408963585434174,179.53130650520325,3.2913165266106446,304.20617055892944,True,True,,,,,,20260903_100090_WIDE_E002,2026-09-03 10:50:11.638,13760.0,49.0,0.0,2026-09-03 10:49:53.562,,,,,,,2026-09-03 10:50:11.638,13760.0,,,,,,,,,,,,,,,,,,,,,5,2,True,STOP_LOSS,20260903_100090_WIDE_HIGH_GAP_SHADOW_E001_104857009476,WIDE_HIGH_GAP_SHADOW,,,,3.0,4.5
2026-09-03 10:50:29.244,v1.6.9,008930,한미사이언스,WIDE_HIGH_GAP_SHADOW,ENTER,HIGH_GAP_3P0_TO_4P5,42,33,0,5,4,52100.0,3.5185185185185186,MAIN,MAIN,2026-09-03 10:50:29.240,True,594.3935980796814,31,-0.5725190839694656,19.106472492218018,-0.5725190839694656,36.97456955909729,-0.19157088122605362,56.01026272773743,-0.19157088122605362,113.90373921394348,-0.19157088122605362,176.66089701652527,-0.5725190839694656,304.33948588371277,0.5555555555555554,36.97456955909729,0.18518518518518512,56.01026272773743,0.18518518518518512,113.90373921394348,0.18518518518518512,176.66089701652527,0.5555555555555554,304.33948588371277,False,False,,,,,,20260903_008930_WIDE_E016,2026-09-03 10:50:29.240,52100.0,42.0,0.0,2026-09-03 10:50:12.668,,,,,,,2026-09-03 10:50:29.240,52100.0,,,,,,,,,,,,,,,,,,,,,17,16,True,OPEN,20260903_008930_WIDE_HIGH_GAP_SHADOW_E015_104714964217,WIDE_HIGH_GAP_SHADOW,,,,3.0,4.5
2026-09-03 10:50:29.278,v1.6.9,033790,피노,WIDE_HIGH_GAP_SHADOW,ENTER,HIGH_GAP_3P0_TO_4P5,33,24,0,5,4,8540.0,4.367301231802911,MAIN,MAIN,2026-09-03 10:50:29.274,True,594.3935980796814,31,0.4705882352941176,19.106472492218018,0.4705882352941176,36.97456955909729,0.2347417840375587,56.01026272773743,0.0,113.90373921394348,-0.11695906432748539,176.66089701652527,-1.4994232987312572,304.33948588371277,-0.4479283314669651,36.97456955909729,-0.22396416573348255,56.01026272773743,0.0,113.90373921394348,0.11198208286674127,176.66089701652527,1.455767077267637,304.33948588371277,True,True,,,,,,20260903_033790_WIDE_E005,2026-09-03 10:50:29.274,8540.0,33.0,0.0,2026-09-03 10:50:12.668,,,,,,,2026-09-03 10:50:29.274,8540.0,,,,,,,,,,,,,,,,,,,,,5,5,True,STOP_LOSS,20260903_033790_WIDE_HIGH_GAP_SHADOW_E004_104607682626,WIDE_HIGH_GAP_SHADOW,,,,3.0,4.5
2026-09-03 10:53:24.820,v1.6.9,441270,파인엠텍,WIDE_HIGH_GAP_SHADOW,ENTER,HIGH_GAP_3P0_TO_4P5,46,37,0,5,4,9350.0,4.298874104401229,MAIN,MAIN,2026-09-03 10:53:24.817,True,597.0757772922516,31,0.10706638115631692,18.617615699768066,-0.10683760683760685,38.582695722579956,-0.31982942430703626,57.32326316833496,0.10706638115631692,116.17654800415039,0.0,172.1768352985382,0.7543103448275862,307.32740092277527,,,,,,,,,-0.7164790174002045,307.32740092277527,False,False,,,,,,20260903_441270_WIDE_E007,2026-09-03 10:53:24.817,9350.0,46.0,0.0,2026-09-03 10:53:04.845,,,,,,,2026-09-03 10:53:24.817,9350.0,,,,,,,,,,,,,,,,,,,,,10,7,True,OPEN,20260903_441270_WIDE_HIGH_GAP_SHADOW_E006_104915645169,WIDE_HIGH_GAP_SHADOW,,,,3.0,4.5
2026-09-03 11:00:47.707,v1.6.9,105560,KB금융,BASE,ENTER,75_SCORE,82,40,22,11,9,177600.0,0.9481316229782488,MAIN,MAIN,2026-09-03 11:00:47.668,True,598.1837458610535,32,0.11273957158962795,19.93050456047058,0.11273957158962795,38.43004655838013,0.11273957158962795,58.91899824142456,0.2257336343115124,115.84544014930725,0.282326369282891,172.51719069480896,0.3389830508474576,307.4192245006561,,,,,,,,,,,True,True,True,2026-09-03 09:29:28.805,177600.0,67.0,5478.862613,20260903_105560_E005,2026-09-03 11:00:28.490,177600.0,82.0,19.177863,2026-09-03 11:00:28.490,2026-09-03 11:00:47.668,177600.0,82.0,FAIL,DATA_UNAVAILABLE,NO_60S_HIGH_GAP,2026-09-03 11:00:47.668,177600.0,0.0,0.0,,,,,,,,,,,,False,,,,,,,4,2,True,OPEN,20260903_105560_BASE_E001_093042464948,,,,,,
2026-09-03 11:00:47.743,v1.6.9,105560,KB금융,PRE_HISTORY,SKIP,NO_60S_HIGH_GAP,82,40,22,11,9,177600.0,0.9481316229782488,MAIN,MAIN,2026-09-03 11:00:47.668,True,598.1837458610535,32,0.11273957158962795,19.93050456047058,0.11273957158962795,38.43004655838013,0.11273957158962795,58.91899824142456,0.2257336343115124,115.84544014930725,0.282326369282891,172.51719069480896,0.3389830508474576,307.4192245006561,,,,,,,,,,,True,True,True,2026-09-03 09:29:28.805,177600.0,67.0,5478.862613,20260903_105560_E005,2026-09-03 11:00:28.490,177600.0,82.0,19.177863,2026-09-03 11:00:28.490,2026-09-03 11:00:47.668,177600.0,82.0,FAIL,DATA_UNAVAILABLE,NO_60S_HIGH_GAP,2026-09-03 11:00:47.668,177600.0,0.0,0.0,DATA_UNAVAILABLE,,,,NO_60S_HIGH_GAP,,,,,,,False,,,,,,,,,,,,,,,,,
2026-09-03 11:00:47.763,v1.6.9,105560,KB금융,CONFIRM,PENDING,FIRST_75_SIGNAL,82,40,22,11,9,177600.0,0.9481316229782488,MAIN,MAIN,2026-09-03 11:00:47.668,True,598.1837458610535,32,0.11273957158962795,19.93050456047058,0.11273957158962795,38.43004655838013,0.11273957158962795,58.91899824142456,0.2257336343115124,115.84544014930725,0.282326369282891,172.51719069480896,0.3389830508474576,307.4192245006561,,,,,,,,,,,True,True,True,2026-09-03 09:29:28.805,177600.0,67.0,5478.862613,20260903_105560_E005,2026-09-03 11:00:28.490,177600.0,82.0,19.177863,2026-09-03 11:00:28.490,2026-09-03 11:00:47.668,177600.0,82.0,FAIL,DATA_UNAVAILABLE,NO_60S_HIGH_GAP,2026-09-03 11:00:47.668,177600.0,0.0,0.0,,,,,,2026-09-03 11:00:47.668,177600.0,,,PENDING,FIRST_75_SIGNAL,False,,,,,,,,,,,,,,,,,
2026-09-03 11:01:12.339,v1.6.9,105560,KB금융,CONFIRM,SKIP,SCORE_BELOW_75,71,40,22,5,4,177600.0,0.9481316229782488,MAIN,MAIN,2026-09-03 11:01:12.335,True,582.4100277423859,31,0.0,22.58870530128479,0.0,22.58870530128479,0.11273957158962795,61.01875185966492,0.2257336343115124,119.99683356285095,0.2257336343115124,175.23494338989258,0.4524886877828055,289.49551701545715,0.0,22.58870530128479,,,,,,,,,False,True,True,2026-09-03 09:29:28.805,177600.0,67.0,5478.862613,20260903_105560_E005,2026-09-03 11:00:28.490,177600.0,82.0,19.177863,2026-09-03 11:00:28.490,2026-09-03 11:00:47.668,177600.0,82.0,FAIL,DATA_UNAVAILABLE,NO_60S_HIGH_GAP,2026-09-03 11:01:12.335,177600.0,24.667192,0.0,,,,,,2026-09-03 11:00:47.668,177600.0,24.667192,0.0,EVALUABLE,SCORED,False,,,,,,,,,,,,,,,,,
2026-09-03 11:01:51.759,v1.6.9,100090,SK오션플랜트,WIDE_HIGH_GAP_SHADOW,ENTER,HIGH_GAP_3P0_TO_4P5,38,29,0,5,4,13690.0,4.131652661064425,MAIN,MAIN,2026-09-03 11:01:51.754,True,586.9126427173615,31,1.1078286558345642,21.24289631843567,1.1078286558345642,21.24289631843567,0.9587020648967551,66.12584519386292,1.4074074074074074,125.04484343528748,1.4825796886582654,181.97128534317017,2.623688155922039,295.0673563480377,-1.0504201680672276,21.24289631843567,-0.9103641456582636,66.12584519386292,-1.3305322128851547,125.04484343528748,-1.4005602240896362,181.97128534317017,-2.450980392156864,295.0673563480377,True,True,,,,,,20260903_100090_WIDE_E003,2026-09-03 11:01:51.754,13690.0,38.0,0.0,2026-09-03 11:01:34.616,,,,,,,2026-09-03 11:01:51.754,13690.0,,,,,,,,,,,,,,,,,,,,,6,3,True,STOP_LOSS,20260903_100090_WIDE_HIGH_GAP_SHADOW_E002_105011645894,WIDE_HIGH_GAP_SHADOW,,,,3.0,4.5
2026-09-03 11:02:56.093,v1.6.9,100090,SK오션플랜트,WIDE_HIGH_GAP_SHADOW,ENTER,HIGH_GAP_3P0_TO_4P5,38,29,0,5,4,13720.0,3.9215686274509802,MAIN,MAIN,2026-09-03 11:02:56.075,True,591.6236970424652,31,-1.3659237958303379,22.46594762802124,-1.3659237958303379,22.46594762802124,0.2191380569758948,63.235461711883545,1.1799410029498525,129.36130690574646,1.6296296296296295,188.28030514717102,2.4645257654966395,301.8784976005554,1.3305322128851538,22.46594762802124,-0.21008403361344508,63.235461711883545,-1.1204481792717087,129.36130690574646,-1.5406162464985997,188.28030514717102,-2.3109243697478994,301.8784976005554,False,True,,,,,,20260903_100090_WIDE_E004,2026-09-03 11:02:56.075,13720.0,38.0,0.0,2026-09-03 11:02:37.851,,,,,,,2026-09-03 11:02:56.075,13720.0,,,,,,,,,,,,,,,,,,,,,7,4,True,OPEN,20260903_100090_WIDE_HIGH_GAP_SHADOW_E003_110151796358,WIDE_HIGH_GAP_SHADOW,,,,3.0,4.5
2026-09-03 11:02:56.188,v1.6.9,032940,원익,WIDE_HIGH_GAP_SHADOW,ENTER,HIGH_GAP_3P0_TO_4P5,33,24,0,5,4,8120.0,3.3333333333333335,MAIN,MAIN,2026-09-03 11:02:56.183,True,591.6236970424652,31,-0.6119951040391677,22.46594762802124,-0.6119951040391677,22.46594762802124,-1.694915254237288,63.235461711883545,-2.986857825567503,129.36130690574646,0.24691358024691357,188.28030514717102,0.0,301.8784976005554,0.5952380952380953,22.46594762802124,,,,,,,,,False,False,,,,,,20260903_032940_WIDE_E001,2026-09-03 11:02:56.183,8120.0,33.0,0.0,2026-09-03 11:02:37.851,,,,,,,2026-09-03 11:02:56.183,8120.0,,,,,,,,,,,,,,,,,,,,,1,1,False,,,WIDE_HIGH_GAP_SHADOW,,,,3.0,4.5
2026-09-03 11:03:55.491,v1.6.9,100090,SK오션플랜트,WIDE_HIGH_GAP_SHADOW,ENTER,HIGH_GAP_3P0_TO_4P5,38,29,0,5,4,13640.0,4.481792717086835,MAIN,MAIN,2026-09-03 11:03:55.485,True,590.4098472595215,31,0.07336757153338225,18.37888789176941,-0.43795620437956206,38.25303816795349,-0.5830903790087464,57.67278003692627,-0.3652300949598247,120.90824174880981,0.5899705014749262,187.03408694267273,1.1119347664936992,302.87952709198,0.42016806722689104,38.25303816795349,0.5602240896358546,57.67278003692627,0.3501400560224095,120.90824174880981,-0.5602240896358541,187.03408694267273,-1.0504201680672267,302.87952709198,False,False,,,,,,20260903_100090_WIDE_E005,2026-09-03 11:03:55.485,13640.0,38.0,0.0,2026-09-03 11:03:35.524,,,,,,,2026-09-03 11:03:55.485,13640.0,,,,,,,,,,,,,,,,,,,,,8,5,True,STOP_LOSS,20260903_100090_WIDE_HIGH_GAP_SHADOW_E004_110256128599,WIDE_HIGH_GAP_SHADOW,,,,3.0,4.5
2026-09-03 11:05:52.604,v1.6.9,100090,SK오션플랜트,WIDE_HIGH_GAP_SHADOW,ENTER,HIGH_GAP_3P0_TO_4P5,38,29,0,5,4,13640.0,4.481792717086835,MAIN,MAIN,2026-09-03 11:05:52.597,True,593.167343378067,31,0.5158437730287398,17.45786190032959,0.8130081300813009,37.372493267059326,0.36791758646063283,56.67473125457764,0.0,117.9379153251648,-0.5830903790087464,175.61069536209106,0.5899705014749262,304.9720022678375,-0.7703081232492996,37.372493267059326,-0.3501400560224095,56.67473125457764,0.0,117.9379153251648,0.5602240896358546,175.61069536209106,-0.5602240896358541,304.9720022678375,True,True,,,,,,20260903_100090_WIDE_E006,2026-09-03 11:05:52.597,13640.0,38.0,0.0,2026-09-03 11:05:33.462,,,,,,,2026-09-03 11:05:52.597,13640.0,,,,,,,,,,,,,,,,,,,,,9,6,True,OPEN,20260903_100090_WIDE_HIGH_GAP_SHADOW_E005_110355505923,WIDE_HIGH_GAP_SHADOW,,,,3.0,4.5
2026-09-03 11:06:10.848,v1.6.9,032940,원익,WIDE_HIGH_GAP_SHADOW,ENTER,HIGH_GAP_3P0_TO_4P5,33,24,0,5,4,8100.0,3.571428571428571,MAIN,MAIN,2026-09-03 11:06:10.843,True,592.0454709529877,31,-1.3398294762484775,20.166656970977783,-1.5795868772782502,37.62451887130737,-1.3398294762484775,57.53915023803711,-1.4598540145985401,117.09743165969849,-1.2195121951219512,176.35761046409607,-2.7611044417767108,302.5499539375305,1.5476190476190474,37.62451887130737,1.3095238095238093,57.53915023803711,1.4285714285714284,117.09743165969849,1.1904761904761902,176.35761046409607,,,False,False,,,,,,20260903_032940_WIDE_E002,2026-09-03 11:06:10.843,8100.0,33.0,0.0,2026-09-03 11:05:53.629,,,,,,,2026-09-03 11:06:10.843,8100.0,,,,,,,,,,,,,,,,,,,,,2,2,True,TAKE_PROFIT,20260903_032940_WIDE_HIGH_GAP_SHADOW_E001_110256242160,WIDE_HIGH_GAP_SHADOW,,,,3.0,4.5
2026-09-03 11:07:25.216,v1.6.9,032940,원익,WIDE_HIGH_GAP_SHADOW,ENTER,HIGH_GAP_3P0_TO_4P5,33,24,0,5,4,8050.0,4.166666666666666,MAIN,MAIN,2026-09-03 11:07:25.215,True,590.3260366916656,31,0.4993757802746567,19.187135696411133,-0.12406947890818859,36.97766733169556,0.24906600249066002,56.482080698013306,-2.187120291616039,112.34009432792664,-1.5892420537897312,172.14717173576355,-1.4687882496940026,292.95887541770935,0.11904761904761862,36.97766733169556,-0.23809523809523903,56.482080698013306,2.1428571428571423,112.34009432792664,1.547619047619047,172.14717173576355,1.428571428571428,292.95887541770935,False,True,,,,,,20260903_032940_WIDE_E003,2026-09-03 11:07:25.215,8050.0,33.0,0.0,2026-09-03 11:07:08.344,,,,,,,2026-09-03 11:07:25.215,8050.0,,,,,,,,,,,,,,,,,,,,,3,3,True,OPEN,20260903_032940_WIDE_HIGH_GAP_SHADOW_E002_110610854856,WIDE_HIGH_GAP_SHADOW,,,,3.0,4.5
2026-09-03 11:07:44.962,v1.6.9,100090,SK오션플랜트,WIDE_HIGH_GAP_SHADOW,ENTER,HIGH_GAP_3P0_TO_4P5,38,29,0,5,4,13670.0,4.271708683473389,MAIN,MAIN,2026-09-03 11:07:44.957,True,590.2671644687653,31,0.6627393225331369,17.89573907852173,0.36710719530102787,37.08287477493286,0.5886681383370125,54.873406410217285,0.21994134897360706,112.77797150611877,0.6627393225331369,190.04291081428528,-1.7253774263120056,310.8546144962311,-0.3501400560224095,37.08287477493286,-0.560224089635855,54.873406410217285,-0.21008403361344552,112.77797150611877,-0.6302521008403366,190.04291081428528,1.6806722689075628,310.8546144962311,True,True,,,,,,20260903_100090_WIDE_E007,2026-09-03 11:07:44.957,13670.0,38.0,0.0,2026-09-03 11:07:26.240,,,,,,,2026-09-03 11:07:44.957,13670.0,,,,,,,,,,,,,,,,,,,,,10,7,True,OPEN,20260903_100090_WIDE_HIGH_GAP_SHADOW_E006_110552610851,WIDE_HIGH_GAP_SHADOW,,,,3.0,4.5
2026-09-03 11:09:20.491,v1.6.9,100090,SK오션플랜트,WIDE_HIGH_GAP_SHADOW,ENTER,HIGH_GAP_3P0_TO_4P5,38,29,0,5,4,13650.0,4.411764705882353,MAIN,MAIN,2026-09-03 11:09:20.486,True,592.3720877170563,31,0.1467351430667645,19.76211953163147,0.0,38.608859062194824,-0.36496350364963503,58.338913679122925,0.5154639175257731,114.74943733215332,0.3676470588235294,171.23151803016663,1.3363028953229399,306.56244444847107,0.0,38.608859062194824,0.3501400560224095,58.338913679122925,-0.4901960784313726,114.74943733215332,-0.3501400560224086,171.23151803016663,-1.2605042016806722,306.56244444847107,False,False,,,,,,20260903_100090_WIDE_E008,2026-09-03 11:09:20.486,13650.0,38.0,0.0,2026-09-03 11:09:03.094,,,,,,,2026-09-03 11:09:20.486,13650.0,,,,,,,,,,,,,,,,,,,,,11,8,True,OPEN,20260903_100090_WIDE_HIGH_GAP_SHADOW_E007_110744978590,WIDE_HIGH_GAP_SHADOW,,,,3.0,4.5
2026-09-03 11:09:20.525,v1.6.9,032940,원익,WIDE_HIGH_GAP_SHADOW,ENTER,HIGH_GAP_3P0_TO_4P5,33,24,0,5,4,8120.0,3.3333333333333335,MAIN,MAIN,2026-09-03 11:09:20.519,True,592.3720877170563,31,2.0100502512562812,19.76211953163147,1.7543859649122806,38.608859062194824,2.138364779874214,58.338913679122925,0.8695652173913043,114.74943733215332,1.1207970112079702,171.23151803016663,-1.2165450121654502,306.56244444847107,-1.6666666666666665,38.608859062194824,-2.0238095238095233,58.338913679122925,-0.8333333333333326,114.74943733215332,-1.0714285714285716,171.23151803016663,1.1904761904761907,306.56244444847107,True,True,,,,,,20260903_032940_WIDE_E004,2026-09-03 11:09:20.519,8120.0,33.0,0.0,2026-09-03 11:09:03.094,,,,,,,2026-09-03 11:09:20.519,8120.0,,,,,,,,,,,,,,,,,,,,,4,4,True,STOP_LOSS,20260903_032940_WIDE_HIGH_GAP_SHADOW_E003_110725223818,WIDE_HIGH_GAP_SHADOW,,,,3.0,4.5
2026-09-03 11:10:19.911,v1.6.9,100090,SK오션플랜트,WIDE_HIGH_GAP_SHADOW,ENTER,HIGH_GAP_3P0_TO_4P5,38,29,0,5,4,13640.0,4.481792717086835,MAIN,MAIN,2026-09-03 11:10:19.906,True,592.2755169868469,31,0.07336757153338225,18.317001819610596,0.29411764705882354,39.26707696914673,-0.07326007326007326,57.74134039878845,-0.43795620437956206,116.08025407791138,0.4418262150220913,172.49077773094177,0.8130081300813009,304.74550342559814,-0.28011204481792706,39.26707696914673,0.07002801120448154,57.74134039878845,0.42016806722689104,116.08025407791138,-0.42016806722689104,172.49077773094177,-0.7703081232492996,304.74550342559814,True,False,,,,,,20260903_100090_WIDE_E009,2026-09-03 11:10:19.906,13640.0,38.0,0.0,2026-09-03 11:10:00.835,,,,,,,2026-09-03 11:10:19.906,13640.0,,,,,,,,,,,,,,,,,,,,,12,9,True,OPEN,20260903_100090_WIDE_HIGH_GAP_SHADOW_E008_110920505686,WIDE_HIGH_GAP_SHADOW,,,,3.0,4.5
2026-09-03 11:11:18.773,v1.6.9,100090,SK오션플랜트,WIDE_HIGH_GAP_SHADOW,ENTER,HIGH_GAP_3P0_TO_4P5,38,29,0,5,4,13670.0,4.271708683473389,MAIN,MAIN,2026-09-03 11:11:18.771,True,587.0989151000977,31,0.440852314474651,20.646560430526733,0.440852314474651,20.646560430526733,0.21994134897360706,59.63685154914856,0.14652014652014653,117.37819194793701,-0.21897810218978103,175.71710562705994,0.0,306.8432047367096,-0.42016806722689104,20.646560430526733,-0.21008403361344552,59.63685154914856,-0.14005602240896398,117.37819194793701,0.21008403361344552,175.71710562705994,0.0,306.8432047367096,True,True,,,,,,20260903_100090_WIDE_E010,2026-09-03 11:11:18.771,13670.0,38.0,0.0,2026-09-03 11:11:00.472,,,,,,,2026-09-03 11:11:18.771,13670.0,,,,,,,,,,,,,,,,,,,,,13,10,True,OPEN,20260903_100090_WIDE_HIGH_GAP_SHADOW_E009_111019928956,WIDE_HIGH_GAP_SHADOW,,,,3.0,4.5
2026-09-03 11:11:56.832,v1.6.9,004710,한솔테크닉스,WIDE_HIGH_GAP_SHADOW,ENTER,HIGH_GAP_3P0_TO_4P5,33,24,0,5,4,8550.0,3.389830508474576,MAIN,MAIN,2026-09-03 11:11:56.830,True,587.3096780776978,31,-0.8120649651972157,20.37459921836853,-0.8120649651972157,20.37459921836853,-0.8120649651972157,60.35501003265381,-0.9269988412514484,117.66230297088623,-1.1560693641618496,176.84876108169556,-1.0416666666666665,308.81374621391296,0.790960451977401,20.37459921836853,0.790960451977401,60.35501003265381,0.9039548022598867,117.66230297088623,1.1299435028248586,176.84876108169556,1.0169491525423728,308.81374621391296,False,False,,,,,,20260903_004710_WIDE_E008,2026-09-03 11:11:56.830,8550.0,33.0,0.0,2026-09-03 11:11:40.180,,,,,,,2026-09-03 11:11:56.830,8550.0,,,,,,,,,,,,,,,,,,,,,8,8,True,TAKE_PROFIT,20260903_004710_WIDE_HIGH_GAP_SHADOW_E007_102447655147,WIDE_HIGH_GAP_SHADOW,,,,3.0,4.5
2026-09-03 11:11:56.845,v1.6.9,008930,한미사이언스,WIDE_HIGH_GAP_SHADOW,ENTER,HIGH_GAP_3P0_TO_4P5,42,33,0,5,4,51600.0,4.444444444444445,MAIN,MAIN,2026-09-03 11:11:56.842,True,587.3096780776978,31,0.1941747572815534,20.37459921836853,0.1941747572815534,20.37459921836853,0.1941747572815534,60.35501003265381,0.0,117.66230297088623,-0.3861003861003861,176.84876108169556,-0.5780346820809248,308.81374621391296,-0.18518518518518512,20.37459921836853,-0.18518518518518512,60.35501003265381,0.0,117.66230297088623,0.37037037037037024,176.84876108169556,0.5555555555555558,308.81374621391296,True,True,,,,,,20260903_008930_WIDE_E017,2026-09-03 11:11:56.842,51600.0,42.0,0.0,2026-09-03 11:11:40.180,,,,,,,2026-09-03 11:11:56.842,51600.0,,,,,,,,,,,,,,,,,,,,,18,17,True,STOP_LOSS,20260903_008930_WIDE_HIGH_GAP_SHADOW_E016_105029260894,WIDE_HIGH_GAP_SHADOW,,,,3.0,4.5
2026-09-03 11:13:20.967,v1.6.9,004710,한솔테크닉스,WIDE_HIGH_GAP_SHADOW,ENTER,HIGH_GAP_3P0_TO_4P5,33,24,0,5,4,8570.0,3.1638418079096042,MAIN,MAIN,2026-09-03 11:13:20.953,True,584.7927303314209,31,-0.23282887077997672,22.954362630844116,-0.23282887077997672,22.954362630844116,0.11682242990654204,64.0719621181488,-0.580046403712297,121.46606540679932,-0.6952491309385863,181.10291695594788,-1.0392609699769053,297.18317103385925,0.22598870056497145,22.954362630844116,-0.11299435028248617,64.0719621181488,0.5649717514124291,121.46606540679932,0.6779661016949148,181.10291695594788,1.0169491525423728,297.18317103385925,False,True,,,,,,20260903_004710_WIDE_E009,2026-09-03 11:13:20.953,8570.0,33.0,0.0,2026-09-03 11:13:01.938,,,,,,,2026-09-03 11:13:20.953,8570.0,,,,,,,,,,,,,,,,,,,,,9,9,True,OPEN,20260903_004710_WIDE_HIGH_GAP_SHADOW_E008_111156839790,WIDE_HIGH_GAP_SHADOW,,,,3.0,4.5
2026-09-03 11:14:04.338,v1.6.9,004710,한솔테크닉스,WIDE_HIGH_GAP_SHADOW,ENTER,HIGH_GAP_3P0_TO_4P5,33,24,0,5,4,8530.0,3.615819209039548,MAIN,MAIN,2026-09-03 11:14:04.336,True,588.2357382774353,31,-0.6984866123399301,22.73809814453125,-0.6984866123399301,22.73809814453125,-0.6984866123399301,65.78339910507202,-0.23391812865497078,124.58665227890015,-1.0440835266821344,184.94166231155396,-1.3872832369942196,301.4354133605957,0.6779661016949152,22.73809814453125,0.6779661016949152,65.78339910507202,0.2259887005649719,124.58665227890015,1.0169491525423728,184.94166231155396,1.3559322033898304,301.4354133605957,False,False,,,,,,20260903_004710_WIDE_E010,2026-09-03 11:14:04.336,8530.0,33.0,0.0,2026-09-03 11:13:44.767,,,,,,,2026-09-03 11:14:04.336,8530.0,,,,,,,,,,,,,,,,,,,,,10,10,True,OPEN,20260903_004710_WIDE_HIGH_GAP_SHADOW_E009_111320992128,WIDE_HIGH_GAP_SHADOW,,,,3.0,4.5
2026-09-03 11:14:25.625,v1.6.9,032940,원익,WIDE_HIGH_GAP_SHADOW,ENTER,HIGH_GAP_3P0_TO_4P5,33,24,0,5,4,8060.0,4.0476190476190474,MAIN,MAIN,2026-09-03 11:14:25.617,True,589.1879308223724,31,1.5113350125944585,20.618027925491333,1.5113350125944585,20.618027925491333,1.0025062656641603,63.44706439971924,0.37359900373599003,127.51902651786804,0.0,184.91312980651855,-0.7389162561576355,302.29132175445557,-1.4285714285714288,20.618027925491333,-0.9523809523809526,63.44706439971924,-0.35714285714285765,127.51902651786804,0.0,184.91312980651855,0.714285714285714,302.29132175445557,True,True,,,,,,20260903_032940_WIDE_E005,2026-09-03 11:14:25.617,8060.0,33.0,0.0,2026-09-03 11:14:05.385,,,,,,,2026-09-03 11:14:25.617,8060.0,,,,,,,,,,,,,,,,,,,,,5,5,True,STOP_LOSS,20260903_032940_WIDE_HIGH_GAP_SHADOW_E004_110920547539,WIDE_HIGH_GAP_SHADOW,,,,3.0,4.5
2026-09-03 11:15:06.753,v1.6.9,100090,SK오션플랜트,WIDE_HIGH_GAP_SHADOW,ENTER,HIGH_GAP_3P0_TO_4P5,42,33,0,5,4,13850.0,3.011204481792717,MAIN,MAIN,2026-09-03 11:15:06.747,True,590.482593536377,31,-0.14419610670511895,19.921722888946533,-0.14419610670511895,19.921722888946533,-1.4935988620199145,61.80513668060303,0.0722543352601156,127.58853578567505,0.8739985433357611,186.39178895950317,1.6140865737344092,304.0540919303894,0.14005602240896353,19.921722888946533,1.4705882352941175,61.80513668060303,-0.07002801120448199,127.58853578567505,-0.8403361344537816,186.39178895950317,-1.5406162464985993,304.0540919303894,False,False,,,,,,20260903_100090_WIDE_E011,2026-09-03 11:15:06.747,13850.0,42.0,0.0,2026-09-03 11:14:46.572,,,,,,,2026-09-03 11:15:06.747,13850.0,,,,,,,,,,,,,,,,,,,,,14,11,True,TAKE_PROFIT,20260903_100090_WIDE_HIGH_GAP_SHADOW_E010_111118779515,WIDE_HIGH_GAP_SHADOW,,,,3.0,4.5
2026-09-03 11:16:10.775,v1.6.9,032940,원익,WIDE_HIGH_GAP_SHADOW,ENTER,HIGH_GAP_3P0_TO_4P5,33,24,0,5,4,8130.0,3.214285714285714,MAIN,MAIN,2026-09-03 11:16:10.771,True,597.2874166965485,31,-0.853658536585366,22.551196336746216,-0.853658536585366,22.551196336746216,-0.4895960832313341,64.34397339820862,2.392947103274559,126.14911007881165,1.8796992481203008,168.97814655303955,0.8684863523573202,290.44421195983887,0.833333333333333,22.551196336746216,0.47619047619047583,64.34397339820862,-2.2619047619047623,126.14911007881165,-1.785714285714286,168.97814655303955,-0.8333333333333335,290.44421195983887,False,False,,,,,,20260903_032940_WIDE_E006,2026-09-03 11:16:10.771,8130.0,33.0,0.0,2026-09-03 11:15:50.916,,,,,,,2026-09-03 11:16:10.771,8130.0,,,,,,,,,,,,,,,,,,,,,6,6,True,TAKE_PROFIT,20260903_032940_WIDE_HIGH_GAP_SHADOW_E005_111425639604,WIDE_HIGH_GAP_SHADOW,,,,3.0,4.5
2026-09-03 11:19:05.413,v1.6.9,032940,원익,WIDE_HIGH_GAP_SHADOW,ENTER,HIGH_GAP_3P0_TO_4P5,33,24,0,5,4,8050.0,4.166666666666666,MAIN,MAIN,2026-09-03 11:19:05.409,True,586.7807683944702,29,0.625,29.480363368988037,0.625,29.480363368988037,-0.24783147459727387,53.21963095664978,-0.6172839506172839,119.44489693641663,-1.7094017094017095,183.41015768051147,0.8771929824561403,309.32765197753906,-0.5952380952380958,29.480363368988037,0.2380952380952377,53.21963095664978,0.5952380952380949,119.44489693641663,1.666666666666666,183.41015768051147,-0.8333333333333339,309.32765197753906,True,False,,,,,,20260903_032940_WIDE_E007,2026-09-03 11:19:05.409,8050.0,33.0,0.0,2026-09-03 11:18:11.266,,,,,,,2026-09-03 11:19:05.409,8050.0,,,,,,,,,,,,,,,,,,,,,7,7,True,STOP_LOSS,20260903_032940_WIDE_HIGH_GAP_SHADOW_E006_111610797323,WIDE_HIGH_GAP_SHADOW,,,,3.0,4.5
2026-09-03 11:19:05.437,v1.6.9,336260,두산퓨얼셀,SHADOW_SCORE_70_74,ENTER,SCORE_70_74_BEFORE_FIRST75,71,37,25,5,4,40950.0,0.48602673147023084,MAIN,MAIN,2026-09-03 11:19:05.402,True,586.7807683944702,29,0.24479804161566704,29.480363368988037,0.24479804161566704,29.480363368988037,-0.12195121951219512,53.21963095664978,0.6142506142506142,119.44489693641663,0.6142506142506142,183.41015768051147,1.6129032258064515,309.32765197753906,-0.12224577461249425,29.480363368988037,0.2427177290371408,53.21963095664978,-0.002970823541994072,119.44489693641663,0.36332734496716335,183.41015768051147,,,True,False,,2026-09-03 11:15:07.855,40700.0,67.0,237.54626,20260903_336260_E001,2026-09-03 11:15:07.855,40700.0,67.0,237.54626,2026-09-03 11:18:11.266,,,,,,,2026-09-03 11:19:05.402,40950.0,,,,,,,,,,,,,,False,,,,,,,1,1,False,,,,,,,,
2026-09-03 11:21:36.874,v1.6.9,032940,원익,WIDE_HIGH_GAP_SHADOW,ENTER,HIGH_GAP_3P0_TO_4P5,33,24,0,5,4,8090.0,3.6904761904761907,MAIN,MAIN,2026-09-03 11:21:36.871,True,596.7598693370819,27,0.8728179551122194,20.450801610946655,0.8728179551122194,20.450801610946655,-0.12345679012345678,64.27222037315369,0.24783147459727387,130.09905004501343,0.4968944099378882,185.30000233650208,-0.12345679012345678,304.7448992729187,-0.833333333333333,20.450801610946655,0.11904761904761951,64.27222037315369,-0.2380952380952377,130.09905004501343,-0.4761904761904754,185.30000233650208,0.11904761904761951,304.7448992729187,True,False,,,,,,20260903_032940_WIDE_E008,2026-09-03 11:21:36.871,8090.0,33.0,0.0,2026-09-03 11:21:16.566,,,,,,,2026-09-03 11:21:36.871,8090.0,,,,,,,,,,,,,,,,,,,,,8,8,True,OPEN,20260903_032940_WIDE_HIGH_GAP_SHADOW_E007_111905425744,WIDE_HIGH_GAP_SHADOW,,,,3.0,4.5
2026-09-03 11:28:32.036,v1.6.9,004710,한솔테크닉스,WIDE_HIGH_GAP_SHADOW,ENTER,HIGH_GAP_3P0_TO_4P5,33,24,0,5,4,8460.0,4.406779661016949,MAIN,MAIN,2026-09-03 11:28:32.028,True,545.7801070213318,27,0.1183431952662722,21.34610891342163,0.1183431952662722,21.34610891342163,0.0,62.90689516067505,-0.11806375442739078,124.9806547164917,0.0,185.76634621620178,-0.8206330597889802,309.9397130012512,-0.11299435028248617,21.34610891342163,0.0,62.90689516067505,0.11299435028248617,124.9806547164917,0.0,185.76634621620178,0.790960451977401,309.9397130012512,True,False,,,,,,20260903_004710_WIDE_E011,2026-09-03 11:28:32.028,8460.0,33.0,0.0,2026-09-03 11:28:12.247,,,,,,,2026-09-03 11:28:32.028,8460.0,,,,,,,,,,,,,,,,,,,,,11,11,True,OPEN,20260903_004710_WIDE_HIGH_GAP_SHADOW_E010_111404357645,WIDE_HIGH_GAP_SHADOW,,,,3.0,4.5
2026-09-03 11:28:32.087,v1.6.9,336260,두산퓨얼셀,SHADOW_SCORE_70_74,ENTER,SCORE_70_74_BEFORE_FIRST75,71,37,25,5,4,40950.0,0.48602673147023084,MAIN,MAIN,2026-09-03 11:28:32.063,True,545.7801070213318,27,0.12224938875305623,21.34610891342163,0.12224938875305623,21.34610891342163,0.3676470588235294,62.90689516067505,0.9864364981504316,124.9806547164917,0.9864364981504316,185.76634621620178,0.49079754601227,309.9397130012512,-0.12150668286755778,21.34610891342163,-0.3645200486026731,62.90689516067505,,,,,-0.48602673147023084,309.9397130012512,True,True,,2026-09-03 11:15:07.855,40700.0,67.0,804.207364,20260903_336260_E002,2026-09-03 11:26:48.166,40750.0,68.0,103.896792,2026-09-03 11:28:12.247,,,,,,,2026-09-03 11:28:32.063,40950.0,,,,,,,,,,,,,,False,,,,,,,2,2,True,OPEN,20260903_336260_SHADOW_SCORE_70_74_E001_111905450944,,,,,,
2026-09-03 11:29:14.950,v1.6.9,004710,한솔테크닉스,WIDE_HIGH_GAP_SHADOW,ENTER,HIGH_GAP_3P0_TO_4P5,33,24,0,5,4,8460.0,4.406779661016949,MAIN,MAIN,2026-09-03 11:29:14.949,True,587.7174763679504,29,0.23696682464454977,21.06527090072632,0.23696682464454977,21.06527090072632,0.1183431952662722,63.28347826004028,-0.11806375442739078,126.01801443099976,-0.11806375442739078,186.55079889297485,-0.11806375442739078,309.45644211769104,-0.22598870056497233,21.06527090072632,-0.11299435028248617,63.28347826004028,0.11299435028248617,126.01801443099976,0.11299435028248617,186.55079889297485,0.11299435028248617,309.45644211769104,True,True,,,,,,20260903_004710_WIDE_E012,2026-09-03 11:29:14.949,8460.0,33.0,0.0,2026-09-03 11:28:54.184,,,,,,,2026-09-03 11:29:14.949,8460.0,,,,,,,,,,,,,,,,,,,,,12,12,True,OPEN,20260903_004710_WIDE_HIGH_GAP_SHADOW_E011_112832053757,WIDE_HIGH_GAP_SHADOW,,,,3.0,4.5
2026-09-03 11:31:28.873,v1.6.9,004710,한솔테크닉스,WIDE_HIGH_GAP_SHADOW,ENTER,HIGH_GAP_3P0_TO_4P5,33,24,0,5,4,8470.0,4.293785310734463,MAIN,MAIN,2026-09-03 11:31:28.866,True,590.2234482765198,29,0.2366863905325444,21.808017015457153,0.2366863905325444,21.808017015457153,0.4744958481613286,67.30411672592163,0.1182033096926714,110.76437544822693,0.1182033096926714,174.54239130020142,0.0,299.5230460166931,-0.22598870056497233,21.808017015457153,-0.4519774011299438,67.30411672592163,-0.11299435028248617,110.76437544822693,-0.11299435028248617,174.54239130020142,0.0,299.5230460166931,True,True,,,,,,20260903_004710_WIDE_E013,2026-09-03 11:31:28.866,8470.0,33.0,0.0,2026-09-03 11:31:06.789,,,,,,,2026-09-03 11:31:28.866,8470.0,,,,,,,,,,,,,,,,,,,,,13,13,True,OPEN,20260903_004710_WIDE_HIGH_GAP_SHADOW_E012_112914976129,WIDE_HIGH_GAP_SHADOW,,,,3.0,4.5
2026-09-03 11:32:12.500,v1.6.9,004710,한솔테크닉스,WIDE_HIGH_GAP_SHADOW,ENTER,HIGH_GAP_3P0_TO_4P5,33,24,0,5,4,8470.0,4.293785310734463,MAIN,MAIN,2026-09-03 11:32:12.498,True,592.8738121986389,29,0.2366863905325444,21.23951482772827,0.2366863905325444,21.23951482772827,0.2366863905325444,66.18282198905945,0.4744958481613286,111.67892169952393,0.1182033096926714,176.97982692718506,0.0,302.9978413581848,-0.22598870056497233,21.23951482772827,-0.22598870056497233,66.18282198905945,-0.4519774011299438,111.67892169952393,-0.11299435028248617,176.97982692718506,0.0,302.9978413581848,True,True,,,,,,20260903_004710_WIDE_E014,2026-09-03 11:32:12.498,8470.0,33.0,0.0,2026-09-03 11:31:51.164,,,,,,,2026-09-03 11:32:12.498,8470.0,,,,,,,,,,,,,,,,,,,,,14,14,True,OPEN,20260903_004710_WIDE_HIGH_GAP_SHADOW_E013_113128892676,WIDE_HIGH_GAP_SHADOW,,,,3.0,4.5
2026-09-03 11:32:12.528,v1.6.9,008930,한미사이언스,WIDE_HIGH_GAP_SHADOW,ENTER,HIGH_GAP_3P0_TO_4P5,42,33,0,5,4,51600.0,4.444444444444445,MAIN,MAIN,2026-09-03 11:32:12.526,True,592.8738121986389,29,0.1941747572815534,21.23951482772827,0.1941747572815534,21.23951482772827,0.1941747572815534,66.18282198905945,0.1941747572815534,111.67892169952393,0.5847953216374269,176.97982692718506,0.78125,302.9978413581848,-0.18518518518518512,21.23951482772827,-0.18518518518518512,66.18282198905945,-0.18518518518518512,111.67892169952393,-0.5555555555555554,176.97982692718506,-0.7407407407407405,302.9978413581848,True,True,,,,,,20260903_008930_WIDE_E018,2026-09-03 11:32:12.526,51600.0,42.0,0.0,2026-09-03 11:31:51.164,,,,,,,2026-09-03 11:32:12.526,51600.0,,,,,,,,,,,,,,,,,,,,,19,18,True,OPEN,20260903_008930_WIDE_HIGH_GAP_SHADOW_E017_111156852652,WIDE_HIGH_GAP_SHADOW,,,,3.0,4.5
2026-09-03 11:34:21.929,v1.6.9,032940,원익,WIDE_HIGH_GAP_SHADOW,ENTER,HIGH_GAP_3P0_TO_4P5,33,24,0,5,4,8050.0,4.166666666666666,MAIN,MAIN,2026-09-03 11:34:21.920,True,595.2025802135468,28,2.4173027989821882,22.27638053894043,2.4173027989821882,22.27638053894043,2.941176470588235,46.48357176780701,2.027883396704689,128.2892997264862,1.7699115044247788,172.6641047000885,1.257861635220126,305.26912665367126,-2.261904761904762,22.27638053894043,-2.738095238095239,46.48357176780701,-1.904761904761905,128.2892997264862,-1.666666666666667,172.6641047000885,-1.1904761904761907,305.26912665367126,True,True,,,,,,20260903_032940_WIDE_E009,2026-09-03 11:34:21.920,8050.0,33.0,0.0,2026-09-03 11:33:59.453,,,,,,,2026-09-03 11:34:21.920,8050.0,,,,,,,,,,,,,,,,,,,,,9,9,True,STOP_LOSS,20260903_032940_WIDE_HIGH_GAP_SHADOW_E008_112136880765,WIDE_HIGH_GAP_SHADOW,,,,3.0,4.5
2026-09-03 11:35:31.932,v1.6.9,100090,SK오션플랜트,WIDE_HIGH_GAP_SHADOW,ENTER,HIGH_GAP_3P0_TO_4P5,42,33,0,5,4,13850.0,3.011204481792717,MAIN,MAIN,2026-09-03 11:35:31.929,True,583.9566075801849,27,-0.3597122302158274,23.911004066467285,-0.3597122302158274,23.911004066467285,-0.8589835361488906,70.79584169387817,-0.7168458781362007,117.27941346168518,-0.7168458781362007,176.68857216835022,-1.0007147962830594,310.7640631198883,0.35014005602240905,23.911004066467285,0.8403361344537816,70.79584169387817,0.7002801120448177,117.27941346168518,0.7002801120448177,176.68857216835022,0.9803921568627452,310.7640631198883,False,False,,,,,,20260903_100090_WIDE_E012,2026-09-03 11:35:31.929,13850.0,42.0,0.0,2026-09-03 11:35:10.249,,,,,,,2026-09-03 11:35:31.929,13850.0,,,,,,,,,,,,,,,,,,,,,15,12,True,TAKE_PROFIT,20260903_100090_WIDE_HIGH_GAP_SHADOW_E011_111506788134,WIDE_HIGH_GAP_SHADOW,,,,3.0,4.5
2026-09-03 11:35:57.316,v1.6.9,008930,한미사이언스,WIDE_HIGH_GAP_SHADOW,ENTER,HIGH_GAP_3P0_TO_4P5,42,33,0,5,4,51600.0,4.444444444444445,MAIN,MAIN,2026-09-03 11:35:57.315,True,587.3246455192566,27,0.1941747572815534,24.7088782787323,0.1941747572815534,24.7088782787323,0.0,48.619882345199585,0.0,117.7811005115509,0.0,175.82292985916138,0.1941747572815534,289.9768416881561,-0.18518518518518512,24.7088782787323,0.0,48.619882345199585,0.0,117.7811005115509,0.0,175.82292985916138,-0.18518518518518512,289.9768416881561,True,False,,,,,,20260903_008930_WIDE_E019,2026-09-03 11:35:57.315,51600.0,42.0,0.0,2026-09-03 11:35:34.958,,,,,,,2026-09-03 11:35:57.315,51600.0,,,,,,,,,,,,,,,,,,,,,20,19,True,OPEN,20260903_008930_WIDE_HIGH_GAP_SHADOW_E018_113212535926,WIDE_HIGH_GAP_SHADOW,,,,3.0,4.5
2026-09-03 11:38:27.895,v1.6.9,004710,한솔테크닉스,WIDE_HIGH_GAP_SHADOW,ENTER,HIGH_GAP_3P0_TO_4P5,33,24,0,5,4,8460.0,4.406779661016949,MAIN,MAIN,2026-09-03 11:38:27.887,True,594.9643959999084,27,0.1183431952662722,21.59147310256958,0.1183431952662722,21.59147310256958,0.5945303210463734,64.3780779838562,0.834326579261025,128.85829997062683,0.4750593824228029,176.96205830574036,0.1183431952662722,294.24147176742554,-0.11299435028248617,21.59147310256958,-0.56497175141243,64.3780779838562,-0.7909604519774014,128.85829997062683,-0.4519774011299438,176.96205830574036,-0.11299435028248617,294.24147176742554,True,True,,,,,,20260903_004710_WIDE_E015,2026-09-03 11:38:27.887,8460.0,33.0,0.0,2026-09-03 11:38:07.211,,,,,,,2026-09-03 11:38:27.887,8460.0,,,,,,,,,,,,,,,,,,,,,15,15,True,OPEN,20260903_004710_WIDE_HIGH_GAP_SHADOW_E014_113212522613,WIDE_HIGH_GAP_SHADOW,,,,3.0,4.5
2026-09-03 11:38:49.685,v1.6.9,100090,SK오션플랜트,WIDE_HIGH_GAP_SHADOW,ENTER,HIGH_GAP_3P0_TO_4P5,46,37,0,5,4,13850.0,3.011204481792717,MAIN,MAIN,2026-09-03 11:38:49.680,True,595.8530080318451,27,-0.7168458781362007,21.76071047782898,-0.7168458781362007,21.76071047782898,-0.574300071787509,64.6530978679657,-0.21613832853025938,129.79860496520996,0.21707670043415342,174.01389050483704,-0.14419610670511895,291.79499101638794,0.7002801120448177,21.76071047782898,0.5602240896358541,64.6530978679657,0.21008403361344508,129.79860496520996,-0.21008403361344508,174.01389050483704,0.14005602240896353,291.79499101638794,False,False,,,,,,20260903_100090_WIDE_E013,2026-09-03 11:38:49.680,13850.0,46.0,0.0,2026-09-03 11:38:28.972,,,,,,,2026-09-03 11:38:49.680,13850.0,,,,,,,,,,,,,,,,,,,,,16,13,True,OPEN,20260903_100090_WIDE_HIGH_GAP_SHADOW_E012_113531940923,WIDE_HIGH_GAP_SHADOW,,,,3.0,4.5
2026-09-03 11:40:36.040,v1.6.9,004710,한솔테크닉스,WIDE_HIGH_GAP_SHADOW,ENTER,HIGH_GAP_3P0_TO_4P5,33,24,0,5,4,8460.0,4.406779661016949,MAIN,MAIN,2026-09-03 11:40:36.033,True,594.2590835094452,27,0.23696682464454977,22.137355089187622,0.23696682464454977,22.137355089187622,0.1183431952662722,64.75424838066101,0.0,128.83681988716125,0.1183431952662722,171.72920727729797,0.4750593824228029,305.7988781929016,-0.22598870056497233,22.137355089187622,-0.11299435028248617,64.75424838066101,0.0,128.83681988716125,-0.11299435028248617,171.72920727729797,-0.4519774011299438,305.7988781929016,True,True,,,,,,20260903_004710_WIDE_E016,2026-09-03 11:40:36.033,8460.0,33.0,0.0,2026-09-03 11:40:16.048,,,,,,,2026-09-03 11:40:36.033,8460.0,,,,,,,,,,,,,,,,,,,,,16,16,True,OPEN,20260903_004710_WIDE_HIGH_GAP_SHADOW_E015_113827921554,WIDE_HIGH_GAP_SHADOW,,,,3.0,4.5
2026-09-03 11:40:57.911,v1.6.9,100090,SK오션플랜트,WIDE_HIGH_GAP_SHADOW,ENTER,HIGH_GAP_3P0_TO_4P5,46,37,0,5,4,13850.0,3.011204481792717,MAIN,MAIN,2026-09-03 11:40:57.906,True,592.0976722240448,27,-0.574300071787509,21.03083062171936,-0.574300071787509,21.03083062171936,-0.14419610670511895,64.02624607086182,0.0,128.10694003105164,-0.7168458781362007,171.4591236114502,0.21707670043415342,302.1208305358887,0.5602240896358541,21.03083062171936,0.14005602240896353,64.02624607086182,0.0,128.10694003105164,0.7002801120448177,171.4591236114502,-0.21008403361344508,302.1208305358887,False,False,,,,,,20260903_100090_WIDE_E014,2026-09-03 11:40:57.906,13850.0,46.0,0.0,2026-09-03 11:40:37.079,,,,,,,2026-09-03 11:40:57.906,13850.0,,,,,,,,,,,,,,,,,,,,,17,14,True,OPEN,20260903_100090_WIDE_HIGH_GAP_SHADOW_E013_113849707536,WIDE_HIGH_GAP_SHADOW,,,,3.0,4.5
2026-09-03 11:41:43.623,v1.6.9,004710,한솔테크닉스,WIDE_HIGH_GAP_SHADOW,ENTER,HIGH_GAP_3P0_TO_4P5,33,24,0,5,4,8470.0,4.293785310734463,MAIN,MAIN,2026-09-03 11:41:43.617,True,589.8109219074249,27,0.35545023696682465,20.74333667755127,0.35545023696682465,20.74333667755127,0.1182033096926714,63.687387466430664,0.2366863905325444,128.44163584709167,0.2366863905325444,170.76349687576294,0.4744958481613286,300.5621018409729,-0.3389830508474585,20.74333667755127,-0.11299435028248617,63.687387466430664,-0.22598870056497233,128.44163584709167,-0.22598870056497233,170.76349687576294,-0.4519774011299438,300.5621018409729,True,True,,,,,,20260903_004710_WIDE_E017,2026-09-03 11:41:43.617,8470.0,33.0,0.0,2026-09-03 11:41:19.735,,,,,,,2026-09-03 11:41:43.617,8470.0,,,,,,,,,,,,,,,,,,,,,17,17,True,OPEN,20260903_004710_WIDE_HIGH_GAP_SHADOW_E016_114036048226,WIDE_HIGH_GAP_SHADOW,,,,3.0,4.5
2026-09-03 11:43:48.021,v1.6.9,100090,SK오션플랜트,WIDE_HIGH_GAP_SHADOW,ENTER,HIGH_GAP_3P0_TO_4P5,46,37,0,5,4,13850.0,3.011204481792717,MAIN,MAIN,2026-09-03 11:43:48.019,True,589.4377591609955,28,-0.5028735632183908,20.646031856536865,-0.574300071787509,38.71401238441467,-0.4313443565780014,59.35992121696472,-0.5028735632183908,126.8792712688446,0.0,169.5358281135559,0.0,297.64276814460754,0.5602240896358541,38.71401238441467,0.4201680672268906,59.35992121696472,0.4901960784313726,126.8792712688446,0.0,169.5358281135559,0.0,297.64276814460754,False,False,,,,,,20260903_100090_WIDE_E015,2026-09-03 11:43:48.019,13850.0,46.0,0.0,2026-09-03 11:43:26.615,,,,,,,2026-09-03 11:43:48.019,13850.0,,,,,,,,,,,,,,,,,,,,,18,15,True,OPEN,20260903_100090_WIDE_HIGH_GAP_SHADOW_E014_114057934895,WIDE_HIGH_GAP_SHADOW,,,,3.0,4.5
2026-09-03 11:44:31.397,v1.6.9,100090,SK오션플랜트,WIDE_HIGH_GAP_SHADOW,ENTER,HIGH_GAP_3P0_TO_4P5,46,37,0,5,4,13840.0,3.081232492997199,MAIN,MAIN,2026-09-03 11:44:31.391,True,586.4726662635803,28,-0.21629416005767843,20.361236572265625,-0.21629416005767843,20.361236572265625,-0.5747126436781609,63.46527624130249,-0.6460875807609476,124.16093754768372,-0.5747126436781609,169.69851565361023,-0.18031013342949875,298.1401515007019,0.21008403361344552,20.361236572265625,0.5602240896358546,63.46527624130249,0.6302521008403361,124.16093754768372,0.5602240896358546,169.69851565361023,0.17507002801120475,298.1401515007019,False,False,,,,,,20260903_100090_WIDE_E016,2026-09-03 11:44:31.391,13840.0,46.0,0.0,2026-09-03 11:44:09.434,,,,,,,2026-09-03 11:44:31.391,13840.0,,,,,,,,,,,,,,,,,,,,,19,16,True,OPEN,20260903_100090_WIDE_HIGH_GAP_SHADOW_E015_114348029680,WIDE_HIGH_GAP_SHADOW,,,,3.0,4.5
2026-09-03 11:46:25.841,v1.6.9,032940,원익,WIDE_HIGH_GAP_SHADOW,ENTER,HIGH_GAP_3P0_TO_4P5,38,29,0,5,4,8260.0,3.6172695449241536,MAIN,MAIN,2026-09-03 11:46:25.835,True,585.538423538208,28,-0.7211538461538461,23.131227254867554,-0.7211538461538461,23.131227254867554,-0.8403361344537815,69.949049949646,-1.5494636471990464,115.27780604362488,-2.823529411764706,178.74308228492737,-2.2485207100591715,305.7196583747864,0.700116686114352,23.131227254867554,0.816802800466744,69.949049949646,1.5169194865810964,115.27780604362488,2.800466744457409,178.74308228492737,2.4476789016493,305.7196583747864,False,False,,,,,,20260903_032940_WIDE_E010,2026-09-03 11:46:25.835,8260.0,38.0,0.0,2026-09-03 11:46:04.712,,,,,,,2026-09-03 11:46:25.835,8260.0,,,,,,,,,,,,,,,,,,,,,10,10,True,TAKE_PROFIT,20260903_032940_WIDE_HIGH_GAP_SHADOW_E009_113421944362,WIDE_HIGH_GAP_SHADOW,,,,3.0,4.5
2026-09-03 11:47:55.883,v1.6.9,100090,SK오션플랜트,WIDE_HIGH_GAP_SHADOW,ENTER,HIGH_GAP_3P0_TO_4P5,46,37,0,5,4,13710.0,3.9915966386554618,MAIN,MAIN,2026-09-03 11:47:55.881,True,591.2687456607819,28,1.255539143279173,23.953262329101562,1.255539143279173,23.953262329101562,-0.3633720930232558,70.01642847061157,0.0,115.30797076225281,-0.3633720930232558,183.1006588935852,-1.4378145219266714,309.6337151527405,-1.1904761904761911,23.953262329101562,0.35014005602240816,70.01642847061157,0.0,115.30797076225281,0.35014005602240816,183.1006588935852,1.4005602240896353,309.6337151527405,True,False,,,,,,20260903_100090_WIDE_E017,2026-09-03 11:47:55.881,13710.0,46.0,0.0,2026-09-03 11:47:36.888,,,,,,,2026-09-03 11:47:55.881,13710.0,,,,,,,,,,,,,,,,,,,,,20,17,True,STOP_LOSS,20260903_100090_WIDE_HIGH_GAP_SHADOW_E016_114431419505,WIDE_HIGH_GAP_SHADOW,,,,3.0,4.5
2026-09-03 11:48:35.262,v1.6.9,032940,원익,WIDE_HIGH_GAP_SHADOW,ENTER,HIGH_GAP_3P0_TO_4P5,38,29,0,5,4,8200.0,4.3173862310385065,MAIN,MAIN,2026-09-03 11:48:35.257,True,587.0680208206177,28,0.24449877750611246,19.08853578567505,-0.48543689320388345,39.151458740234375,-0.48543689320388345,63.10472106933594,-0.8464328899637243,109.16788721084595,-1.6786570743405276,176.47301077842712,-3.5294117647058822,310.071284532547,0.4667444574095678,39.151458740234375,0.4667444574095678,63.10472106933594,0.8168028004667449,109.16788721084595,1.633605600933489,176.47301077842712,3.500583430571762,310.071284532547,False,False,,,,,,20260903_032940_WIDE_E011,2026-09-03 11:48:35.257,8200.0,38.0,0.0,2026-09-03 11:48:16.040,,,,,,,2026-09-03 11:48:35.257,8200.0,,,,,,,,,,,,,,,,,,,,,11,11,True,TAKE_PROFIT,20260903_032940_WIDE_HIGH_GAP_SHADOW_E010_114625850210,WIDE_HIGH_GAP_SHADOW,,,,3.0,4.5
2026-09-03 11:55:40.835,v1.6.9,100090,SK오션플랜트,WIDE_HIGH_GAP_SHADOW,ENTER,HIGH_GAP_3P0_TO_4P5,46,37,0,5,4,13640.0,4.481792717086835,MAIN,MAIN,2026-09-03 11:55:40.832,True,583.6997694969177,29,0.07336757153338225,15.37852430343628,0.29411764705882354,32.04335427284241,0.2204261572373255,65.60550355911255,-0.29239766081871343,128.37056374549866,-0.43795620437956206,175.17458653450012,-1.0877447425670776,304.69542598724365,-0.28011204481792706,32.04335427284241,-0.21008403361344552,65.60550355911255,0.28011204481792706,128.37056374549866,0.42016806722689104,175.17458653450012,1.0504201680672267,304.69542598724365,True,True,,,,,,20260903_100090_WIDE_E018,2026-09-03 11:55:40.832,13640.0,46.0,0.0,2026-09-03 11:55:25.280,,,,,,,2026-09-03 11:55:40.832,13640.0,,,,,,,,,,,,,,,,,,,,,21,18,True,OPEN,20260903_100090_WIDE_HIGH_GAP_SHADOW_E017_114755906457,WIDE_HIGH_GAP_SHADOW,,,,3.0,4.5
2026-09-03 11:56:13.049,v1.6.9,008930,한미사이언스,WIDE_HIGH_GAP_SHADOW,ENTER,HIGH_GAP_3P0_TO_4P5,42,33,0,5,4,51600.0,4.444444444444445,MAIN,MAIN,2026-09-03 11:56:13.048,True,592.6796970367432,30,0.1941747572815534,15.52756404876709,0.1941747572815534,32.11115479469299,-0.19342359767891684,64.1545090675354,-0.19342359767891684,118.61446046829224,-0.19342359767891684,184.6102375984192,0.0,296.28463554382324,-0.18518518518518512,32.11115479469299,0.18518518518518512,64.1545090675354,0.18518518518518512,118.61446046829224,0.18518518518518512,184.6102375984192,0.0,296.28463554382324,True,False,,,,,,20260903_008930_WIDE_E020,2026-09-03 11:56:13.048,51600.0,42.0,0.0,2026-09-03 11:55:57.391,,,,,,,2026-09-03 11:56:13.048,51600.0,,,,,,,,,,,,,,,,,,,,,21,20,True,OPEN,20260903_008930_WIDE_HIGH_GAP_SHADOW_E019_113557326226,WIDE_HIGH_GAP_SHADOW,,,,3.0,4.5
2026-09-03 11:57:16.458,v1.6.9,100090,SK오션플랜트,WIDE_HIGH_GAP_SHADOW,ENTER,HIGH_GAP_3P0_TO_4P5,46,37,0,5,4,13700.0,4.061624649859944,MAIN,MAIN,2026-09-03 11:57:16.452,True,588.0660037994385,31,0.5135730007336757,15.293868064880371,0.5135730007336757,31.448277950286865,0.3663003663003663,63.609787940979004,0.7352941176470588,127.7642970085144,0.43988269794721413,182.22424840927124,0.0,293.6396484375,-0.4901960784313726,31.448277950286865,-0.3501400560224095,63.609787940979004,-0.7002801120448181,127.7642970085144,-0.42016806722689104,182.22424840927124,0.0,293.6396484375,True,True,,,,,,20260903_100090_WIDE_E019,2026-09-03 11:57:16.452,13700.0,46.0,0.0,2026-09-03 11:57:01.001,,,,,,,2026-09-03 11:57:16.452,13700.0,,,,,,,,,,,,,,,,,,,,,22,19,True,OPEN,20260903_100090_WIDE_HIGH_GAP_SHADOW_E018_115540844594,WIDE_HIGH_GAP_SHADOW,,,,3.0,4.5
2026-09-03 12:00:43.804,v1.6.9,032940,원익,SHADOW_SCORE_70_74,ENTER,SCORE_70_74_BEFORE_FIRST75,71,29,14,16,12,8690.0,2.029312288613303,MAIN,MAIN,2026-09-03 12:00:43.787,True,582.4088008403778,31,-0.7990867579908676,20.218565464019775,-0.7990867579908676,20.218565464019775,-0.11494252873563218,61.15929365158081,-0.6857142857142857,123.53136563301086,0.1152073732718894,184.94440698623657,-1.362088535754824,297.1569793224335,,,,,,,,,,,False,False,,2026-09-03 11:36:19.173,8340.0,60.0,1464.613391,20260903_032940_E007,2026-09-03 12:00:22.437,8690.0,71.0,21.349446,2026-09-03 12:00:22.437,,,,,,,2026-09-03 12:00:43.787,8690.0,,,,,,,,,,,,,,False,,,,,,,12,1,False,,,,,,,,
2026-09-03 12:10:06.338,v1.6.9,100090,SK오션플랜트,WIDE_HIGH_GAP_SHADOW,ENTER,HIGH_GAP_3P0_TO_4P5,46,37,0,5,4,13840.0,3.081232492997199,MAIN,MAIN,2026-09-03 12:10:06.330,True,583.9758696556091,29,-0.1443001443001443,21.647676944732666,-0.1443001443001443,21.647676944732666,-0.503235082674335,61.067152976989746,-1.0721944245889923,121.44263505935669,-0.7885304659498209,183.54223918914795,-0.3599712023038157,310.1080310344696,0.14005602240896398,21.647676944732666,0.4901960784313726,61.067152976989746,1.0504201680672272,121.44263505935669,0.7703081232492996,183.54223918914795,0.35014005602240905,310.1080310344696,False,False,,,,,,20260903_100090_WIDE_E020,2026-09-03 12:10:06.330,13840.0,46.0,0.0,2026-09-03 12:09:46.194,,,,,,,2026-09-03 12:10:06.330,13840.0,,,,,,,,,,,,,,,,,,,,,23,20,True,TAKE_PROFIT,20260903_100090_WIDE_HIGH_GAP_SHADOW_E019_115716465169,WIDE_HIGH_GAP_SHADOW,,,,3.0,4.5
2026-09-03 12:10:50.236,v1.6.9,032940,원익,WIDE_HIGH_GAP_SHADOW,ENTER,HIGH_GAP_3P0_TO_4P5,53,33,0,11,9,8590.0,3.6995515695067267,MAIN,MAIN,2026-09-03 12:10:50.233,True,584.8607430458069,29,-0.922722029988466,22.24191975593567,-0.922722029988466,22.24191975593567,-1.0368663594470047,65.135906457901,-1.8285714285714287,124.74074673652649,-1.4908256880733946,186.48891019821167,-1.7162471395881007,308.1720144748688,,,,,,,,,,,False,False,,,,,,20260903_032940_WIDE_E012,2026-09-03 12:10:50.233,8590.0,53.0,0.0,2026-09-03 12:10:29.683,,,,,,,2026-09-03 12:10:50.233,8590.0,,,,,,,,,,,,,,,,,,,,,13,12,True,TAKE_PROFIT,20260903_032940_WIDE_HIGH_GAP_SHADOW_E011_114835268262,WIDE_HIGH_GAP_SHADOW,,,,3.0,4.5
2026-09-03 12:13:23.340,v1.6.9,100090,SK오션플랜트,WIDE_HIGH_GAP_SHADOW,ENTER,HIGH_GAP_3P0_TO_4P5,46,37,0,5,4,13830.0,3.1512605042016806,MAIN,MAIN,2026-09-03 12:13:23.338,True,592.8045432567596,29,-0.5035971223021583,21.200867891311646,-0.5035971223021583,21.200867891311646,-0.5035971223021583,63.856730937957764,-0.39611091105509544,130.56794571876526,-0.1444043321299639,174.43991255760193,-0.8602150537634409,297.8359785079956,0.4901960784313726,21.200867891311646,0.4901960784313726,63.856730937957764,0.3851540616246498,130.56794571876526,0.14005602240896353,174.43991255760193,0.8403361344537812,297.8359785079956,False,False,,,,,,20260903_100090_WIDE_E021,2026-09-03 12:13:23.338,13830.0,46.0,0.0,2026-09-03 12:13:01.881,,,,,,,2026-09-03 12:13:23.338,13830.0,,,,,,,,,,,,,,,,,,,,,24,21,True,OPEN,20260903_100090_WIDE_HIGH_GAP_SHADOW_E020_121006366133,WIDE_HIGH_GAP_SHADOW,,,,3.0,4.5
2026-09-03 12:21:14.520,v1.6.9,032940,원익,WIDE_HIGH_GAP_SHADOW,ENTER,HIGH_GAP_3P0_TO_4P5,42,33,0,5,4,8630.0,3.2511210762331837,MAIN,MAIN,2026-09-03 12:21:14.519,True,577.6765773296356,28,-0.5760368663594471,21.37299871444702,-0.5760368663594471,21.37299871444702,-1.3714285714285714,65.07660841941833,-1.3714285714285714,109.36057114601135,-1.7084282460136675,175.16638612747192,0.46565774155995343,296.6027555465698,,,,,,,,,-0.448430493273543,296.6027555465698,False,False,,,,,,20260903_032940_WIDE_E013,2026-09-03 12:21:14.519,8630.0,42.0,0.0,2026-09-03 12:20:51.415,,,,,,,2026-09-03 12:21:14.519,8630.0,,,,,,,,,,,,,,,,,,,,,14,13,True,TAKE_PROFIT,20260903_032940_WIDE_HIGH_GAP_SHADOW_E012_121050252309,WIDE_HIGH_GAP_SHADOW,,,,3.0,4.5
2026-09-03 12:21:38.188,v1.6.9,336260,두산퓨얼셀,BASE,ENTER,75_SCORE,76,37,19,11,9,40650.0,1.2150668286755772,MAIN,MAIN,2026-09-03 12:21:38.126,True,580.0807893276215,28,0.2466091245376079,24.1336452960968,0.2466091245376079,24.1336452960968,0.2466091245376079,67.63013100624084,0.12315270935960591,112.89884734153748,0.3703703703703704,177.93446040153503,0.3703703703703704,298.9959168434143,,,,,,,,,,,True,True,True,2026-09-03 11:15:07.855,40700.0,67.0,3990.27012,20260903_336260_E005,2026-09-03 12:21:15.549,40650.0,76.0,22.577034,2026-09-03 12:21:15.549,2026-09-03 12:21:38.126,40650.0,76.0,FAIL,DATA_UNAVAILABLE,NO_60S_HIGH_GAP,2026-09-03 12:21:38.126,40650.0,0.0,0.0,,,,,,,,,,,,False,,,,,,,3,1,False,,,,,,,,
2026-09-03 12:21:38.233,v1.6.9,336260,두산퓨얼셀,PRE_HISTORY,SKIP,NO_60S_HIGH_GAP,76,37,19,11,9,40650.0,1.2150668286755772,MAIN,MAIN,2026-09-03 12:21:38.126,True,580.0807893276215,28,0.2466091245376079,24.1336452960968,0.2466091245376079,24.1336452960968,0.2466091245376079,67.63013100624084,0.12315270935960591,112.89884734153748,0.3703703703703704,177.93446040153503,0.3703703703703704,298.9959168434143,,,,,,,,,,,True,True,True,2026-09-03 11:15:07.855,40700.0,67.0,3990.27012,20260903_336260_E005,2026-09-03 12:21:15.549,40650.0,76.0,22.577034,2026-09-03 12:21:15.549,2026-09-03 12:21:38.126,40650.0,76.0,FAIL,DATA_UNAVAILABLE,NO_60S_HIGH_GAP,2026-09-03 12:21:38.126,40650.0,0.0,0.0,DATA_UNAVAILABLE,,,,NO_60S_HIGH_GAP,,,,,,,False,,,,,,,,,,,,,,,,,
2026-09-03 12:21:38.267,v1.6.9,336260,두산퓨얼셀,CONFIRM,PENDING,FIRST_75_SIGNAL,76,37,19,11,9,40650.0,1.2150668286755772,MAIN,MAIN,2026-09-03 12:21:38.126,True,580.0807893276215,28,0.2466091245376079,24.1336452960968,0.2466091245376079,24.1336452960968,0.2466091245376079,67.63013100624084,0.12315270935960591,112.89884734153748,0.3703703703703704,177.93446040153503,0.3703703703703704,298.9959168434143,,,,,,,,,,,True,True,True,2026-09-03 11:15:07.855,40700.0,67.0,3990.27012,20260903_336260_E005,2026-09-03 12:21:15.549,40650.0,76.0,22.577034,2026-09-03 12:21:15.549,2026-09-03 12:21:38.126,40650.0,76.0,FAIL,DATA_UNAVAILABLE,NO_60S_HIGH_GAP,2026-09-03 12:21:38.126,40650.0,0.0,0.0,,,,,,2026-09-03 12:21:38.126,40650.0,,,PENDING,FIRST_75_SIGNAL,False,,,,,,,,,,,,,,,,,
2026-09-03 12:22:03.738,v1.6.9,336260,두산퓨얼셀,CONFIRM,SKIP,PRE_FILTER_EXIT,,,,,,40600.0,,MAIN,MAIN,2026-09-03 12:22:03.738,True,,,,,,,,,,,,,,,,,,,,,,,,,,,True,2026-09-03 11:15:07.855,40700.0,67.0,3990.27012,,,,,,2026-09-03 12:21:15.549,2026-09-03 12:21:38.126,40650.0,76.0,FAIL,DATA_UNAVAILABLE,NO_60S_HIGH_GAP,2026-09-03 12:22:03.738,40600.0,25.612049,-0.12300123001229846,,,,,,2026-09-03 12:21:38.126,40650.0,25.612049,,FILTER_EXIT,PRE_FILTER_EXIT,False,,,,,,,,,,,,,,,,,
2026-09-03 12:26:33.995,v1.6.9,441270,파인엠텍,WIDE_HIGH_GAP_SHADOW,ENTER,HIGH_GAP_3P0_TO_4P5,49,40,0,5,4,9360.0,4.1965199590583415,MAIN,MAIN,2026-09-03 12:26:33.994,True,594.6245834827423,28,0.6451612903225806,22.289199829101562,0.6451612903225806,22.289199829101562,0.7534983853606028,68.23386096954346,1.079913606911447,111.67375922203064,0.8620689655172413,177.5147156715393,0.8620689655172413,295.628666639328,-0.6141248720573191,22.289199829101562,-0.7164790174002045,68.23386096954346,-1.023541453428864,111.67375922203064,-0.8188331627430916,177.5147156715393,-0.8188331627430916,295.628666639328,True,True,,,,,,20260903_441270_WIDE_E008,2026-09-03 12:26:33.994,9360.0,49.0,0.0,2026-09-03 12:26:11.177,,,,,,,2026-09-03 12:26:33.994,9360.0,,,,,,,,,,,,,,,,,,,,,11,8,True,STOP_LOSS,20260903_441270_WIDE_HIGH_GAP_SHADOW_E007_105324839187,WIDE_HIGH_GAP_SHADOW,,,,3.0,4.5
2026-09-03 12:27:18.932,v1.6.9,000720,현대건설,SHADOW_SCORE_70_74,ENTER,SCORE_70_74_BEFORE_FIRST75,71,37,25,5,4,119000.0,0.0,MAIN,MAIN,2026-09-03 12:27:18.916,True,598.4783930778503,28,0.04203446826397646,21.401639699935913,0.04203446826397646,21.401639699935913,0.2527379949452401,67.55720806121826,0.42194092827004215,113.50186920166016,0.676818950930626,178.39911651611328,0.5067567567567568,291.6751308441162,-0.04201680672268908,21.401639699935913,-0.08417508417508417,67.55720806121826,-0.08431703204047217,113.50186920166016,,,-0.08438818565400844,291.6751308441162,True,True,,2026-09-03 12:22:04.770,118400.0,67.0,314.145409,20260903_000720_E002,2026-09-03 12:25:02.943,118500.0,67.0,135.972147,2026-09-03 12:26:56.445,,,,,,,2026-09-03 12:27:18.916,119000.0,,,,,,,,,,,,,,False,,,,,,,1,1,False,,,,,,,,
2026-09-03 12:27:43.932,v1.6.9,100090,SK오션플랜트,WIDE_HIGH_GAP_SHADOW,ENTER,HIGH_GAP_3P0_TO_4P5,46,37,0,5,4,13830.0,3.1512605042016806,MAIN,MAIN,2026-09-03 12:27:43.926,True,582.443521976471,27,-0.21645021645021645,26.265186071395874,-0.21645021645021645,26.265186071395874,-0.5035971223021583,71.53319430351257,-0.36023054755043227,118.29932618141174,-0.4319654427645789,183.2069535255432,-0.36023054755043227,295.06238865852356,0.21008403361344552,26.265186071395874,0.4901960784313726,71.53319430351257,0.3501400560224086,118.29932618141174,0.4201680672268906,183.2069535255432,0.3501400560224086,295.06238865852356,False,False,,,,,,20260903_100090_WIDE_E022,2026-09-03 12:27:43.926,13830.0,46.0,0.0,2026-09-03 12:27:22.710,,,,,,,2026-09-03 12:27:43.926,13830.0,,,,,,,,,,,,,,,,,,,,,25,22,True,OPEN,20260903_100090_WIDE_HIGH_GAP_SHADOW_E021_121323347589,WIDE_HIGH_GAP_SHADOW,,,,3.0,4.5
2026-09-03 12:28:06.919,v1.6.9,033790,피노,WIDE_HIGH_GAP_SHADOW,ENTER,HIGH_GAP_3P0_TO_4P5,33,24,0,5,4,8540.0,4.367301231802911,MAIN,MAIN,2026-09-03 12:28:06.915,True,588.7693040370941,27,0.2347417840375587,22.307411670684814,0.2347417840375587,22.307411670684814,0.8264462809917356,69.9742374420166,0.9456264775413712,116.12980580329895,0.7075471698113208,184.41462206840515,0.8264462809917356,293.9782192707062,-0.22396416573348255,22.307411670684814,-0.7838745800671889,69.9742374420166,-0.8958566629339302,116.12980580329895,-0.6718924972004476,184.41462206840515,-0.7838745800671889,293.9782192707062,True,True,,,,,,20260903_033790_WIDE_E006,2026-09-03 12:28:06.915,8540.0,33.0,0.0,2026-09-03 12:27:45.018,,,,,,,2026-09-03 12:28:06.915,8540.0,,,,,,,,,,,,,,,,,,,,,6,6,True,STOP_LOSS,20260903_033790_WIDE_HIGH_GAP_SHADOW_E005_105029296049,WIDE_HIGH_GAP_SHADOW,,,,3.0,4.5
2026-09-03 12:29:36.203,v1.6.9,100090,SK오션플랜트,WIDE_HIGH_GAP_SHADOW,ENTER,HIGH_GAP_3P0_TO_4P5,46,37,0,5,4,13850.0,3.011204481792717,MAIN,MAIN,2026-09-03 12:29:36.195,True,591.0126521587372,27,-0.21613832853025938,21.53609013557434,-0.21613832853025938,21.53609013557434,0.14461315979754158,65.70178532600403,0.14461315979754158,110.95194387435913,-0.3597122302158274,182.4851381778717,-0.28797696184305255,294.15889739990234,0.21008403361344508,21.53609013557434,-0.14005602240896353,65.70178532600403,-0.14005602240896353,110.95194387435913,0.35014005602240905,182.4851381778717,0.28011204481792706,294.15889739990234,False,True,,,,,,20260903_100090_WIDE_E023,2026-09-03 12:29:36.195,13850.0,46.0,0.0,2026-09-03 12:29:13.662,,,,,,,2026-09-03 12:29:36.195,13850.0,,,,,,,,,,,,,,,,,,,,,26,23,True,OPEN,20260903_100090_WIDE_HIGH_GAP_SHADOW_E022_122743958298,WIDE_HIGH_GAP_SHADOW,,,,3.0,4.5
2026-09-03 12:29:57.897,v1.6.9,033790,피노,WIDE_HIGH_GAP_SHADOW,ENTER,HIGH_GAP_3P0_TO_4P5,33,24,0,5,4,8530.0,4.479283314669653,MAIN,MAIN,2026-09-03 12:29:57.886,True,590.941488981247,27,0.11737089201877934,23.617430448532104,0.11737089201877934,23.617430448532104,0.0,68.39991998672485,-0.117096018735363,112.26196265220642,0.7083825265643447,182.23620009422302,0.589622641509434,296.6765847206116,-0.11198208286674127,23.617430448532104,0.0,68.39991998672485,0.11198208286674127,112.26196265220642,-0.6718924972004476,182.23620009422302,-0.5599104143337064,296.6765847206116,True,False,,,,,,20260903_033790_WIDE_E007,2026-09-03 12:29:57.886,8530.0,33.0,0.0,2026-09-03 12:29:37.280,,,,,,,2026-09-03 12:29:57.886,8530.0,,,,,,,,,,,,,,,,,,,,,7,7,True,OPEN,20260903_033790_WIDE_HIGH_GAP_SHADOW_E006_122806930916,WIDE_HIGH_GAP_SHADOW,,,,3.0,4.5
2026-09-03 12:31:05.984,v1.6.9,034020,두산에너빌리티,SHADOW_SCORE_70_74,ENTER,SCORE_70_74_BEFORE_FIRST75,74,40,25,5,4,80500.0,0.0,MAIN,MAIN,2026-09-03 12:31:05.954,True,592.0332713127136,27,0.24906600249066002,21.89471936225891,0.24906600249066002,21.89471936225891,0.4993757802746567,66.16839075088501,0.12437810945273632,111.32191133499146,0.24906600249066002,178.43035340309143,0.3740648379052369,294.5601592063904,,,,,,,,,,,True,True,,2026-09-03 12:30:43.448,80500.0,74.0,22.505763,20260903_034020_E001,2026-09-03 12:30:43.448,80500.0,74.0,22.505763,2026-09-03 12:30:43.448,,,,,,,2026-09-03 12:31:05.954,80500.0,,,,,,,,,,,,,,False,,,,,,,1,1,False,,,,,,,,
2026-09-03 12:31:53.105,v1.6.9,032940,원익,WIDE_HIGH_GAP_SHADOW,ENTER,HIGH_GAP_3P0_TO_4P5,42,33,0,5,4,8520.0,4.484304932735426,MAIN,MAIN,2026-09-03 12:31:53.103,True,586.2980532646179,27,0.5903187721369539,22.441241025924683,0.5903187721369539,22.441241025924683,0.7092198581560284,67.90539932250977,0.7092198581560284,112.17907071113586,-0.3508771929824561,180.57899069786072,-0.6993006993006993,294.4152708053589,-0.5605381165919283,22.441241025924683,-0.6726457399103145,67.90539932250977,-0.6726457399103145,112.17907071113586,0.3363228699551568,180.57899069786072,0.6726457399103136,294.4152708053589,True,True,,,,,,20260903_032940_WIDE_E014,2026-09-03 12:31:53.103,8520.0,42.0,0.0,2026-09-03 12:31:29.459,,,,,,,2026-09-03 12:31:53.103,8520.0,,,,,,,,,,,,,,,,,,,,,15,14,True,STOP_LOSS,20260903_032940_WIDE_HIGH_GAP_SHADOW_E013_122114527701,WIDE_HIGH_GAP_SHADOW,,,,3.0,4.5
2026-09-03 12:35:21.024,v1.6.9,032940,원익,WIDE_HIGH_GAP_SHADOW,ENTER,HIGH_GAP_3P0_TO_4P5,42,33,0,5,4,8520.0,4.484304932735426,MAIN,MAIN,2026-09-03 12:35:21.016,True,596.0210967063904,27,0.2352941176470588,21.751274585723877,0.2352941176470588,21.751274585723877,0.2352941176470588,68.17916059494019,1.187648456057007,115.27358627319336,0.5903187721369539,184.81656408309937,0.4716981132075472,299.9556999206543,-0.2242152466367715,21.751274585723877,-0.2242152466367715,68.17916059494019,-1.1210762331838575,115.27358627319336,-0.5605381165919283,184.81656408309937,-0.448430493273543,299.9556999206543,True,True,,,,,,20260903_032940_WIDE_E015,2026-09-03 12:35:21.016,8520.0,42.0,0.0,2026-09-03 12:34:58.964,,,,,,,2026-09-03 12:35:21.016,8520.0,,,,,,,,,,,,,,,,,,,,,16,15,True,OPEN,20260903_032940_WIDE_HIGH_GAP_SHADOW_E014_123153116203,WIDE_HIGH_GAP_SHADOW,,,,3.0,4.5
2026-09-03 12:37:38.389,v1.6.9,033790,피노,WIDE_HIGH_GAP_SHADOW,ENTER,HIGH_GAP_3P0_TO_4P5,33,24,0,5,4,8570.0,4.031354983202688,MAIN,MAIN,2026-09-03 12:37:38.387,True,595.1547040939331,27,0.5868544600938966,22.709545850753784,0.5868544600938966,22.709545850753784,0.823529411764706,69.04871273040771,0.5868544600938966,115.79559659957886,-0.3488372093023256,183.1754868030548,0.11682242990654204,301.18366718292236,-0.5599104143337064,22.709545850753784,-0.7838745800671889,69.04871273040771,-0.5599104143337064,115.79559659957886,0.3359462486002238,183.1754868030548,-0.11198208286674127,301.18366718292236,True,True,,,,,,20260903_033790_WIDE_E008,2026-09-03 12:37:38.387,8570.0,33.0,0.0,2026-09-03 12:37:17.865,,,,,,,2026-09-03 12:37:38.387,8570.0,,,,,,,,,,,,,,,,,,,,,8,8,True,OPEN,20260903_033790_WIDE_HIGH_GAP_SHADOW_E007_122957951406,WIDE_HIGH_GAP_SHADOW,,,,3.0,4.5
2026-09-03 12:38:54.271,v1.6.9,034020,두산에너빌리티,SHADOW_SCORE_70_74,ENTER,SCORE_70_74_BEFORE_FIRST75,74,40,25,5,4,80500.0,0.30959752321981426,MAIN,MAIN,2026-09-03 12:38:54.250,True,580.5441870689392,27,0.12437810945273632,22.228569507598877,0.12437810945273632,37.4025022983551,0.12437810945273632,53.25953435897827,0.12437810945273632,119.95665860176086,0.18668326073428748,190.60093331336975,-0.24783147459727387,304.77037501335144,,,,,,,,,0.30959752321981426,304.77037501335144,True,True,,2026-09-03 12:30:43.448,80500.0,74.0,490.802044,20260903_034020_E002,2026-09-03 12:38:32.670,80500.0,74.0,21.579768,2026-09-03 12:38:32.670,,,,,,,2026-09-03 12:38:54.250,80500.0,,,,,,,,,,,,,,False,,,,,,,2,2,True,OPEN,20260903_034020_SHADOW_SCORE_70_74_E001_123106004368,,,,,,
2026-09-03 12:39:19.528,v1.6.9,441270,파인엠텍,WIDE_HIGH_GAP_SHADOW,ENTER,HIGH_GAP_3P0_TO_4P5,49,40,0,5,4,9340.0,4.401228249744114,MAIN,MAIN,2026-09-03 12:39:19.527,True,581.6512360572815,27,0.2145922746781116,22.643139123916626,0.2145922746781116,22.643139123916626,0.2145922746781116,60.04564142227173,-0.42643923240938164,120.1580216884613,-0.10695187165775401,189.2983546257019,-0.5324813631522897,304.52829909324646,,,,,,,,,,,True,True,,,,,,20260903_441270_WIDE_E009,2026-09-03 12:39:19.527,9340.0,49.0,0.0,2026-09-03 12:38:55.314,,,,,,,2026-09-03 12:39:19.527,9340.0,,,,,,,,,,,,,,,,,,,,,12,9,True,OPEN,20260903_441270_WIDE_HIGH_GAP_SHADOW_E008_122634019491,WIDE_HIGH_GAP_SHADOW,,,,3.0,4.5
2026-09-03 12:39:19.559,v1.6.9,015760,한국전력,SHADOW_SCORE_70_74,ENTER,SCORE_70_74_BEFORE_FIRST75,71,37,25,5,4,32850.0,0.1519756838905775,MAIN,MAIN,2026-09-03 12:39:19.522,True,581.6512360572815,27,0.1524390243902439,22.643139123916626,0.1524390243902439,22.643139123916626,0.3053435114503817,60.04564142227173,0.45871559633027525,120.1580216884613,0.45871559633027525,189.2983546257019,0.45871559633027525,304.52829909324646,,,,,,,,,,,True,True,,2026-09-03 12:38:55.314,32850.0,71.0,24.20843,20260903_015760_E001,2026-09-03 12:38:55.314,32850.0,71.0,24.20843,2026-09-03 12:38:55.314,,,,,,,2026-09-03 12:39:19.522,32850.0,,,,,,,,,,,,,,False,,,,,,,1,1,False,,,,,,,,
2026-09-03 12:41:44.222,v1.6.9,100090,SK오션플랜트,WIDE_HIGH_GAP_SHADOW,ENTER,HIGH_GAP_3P0_TO_4P5,46,37,0,5,4,13650.0,4.411764705882353,MAIN,MAIN,2026-09-03 12:41:44.219,True,590.5073807239532,27,0.22026431718061676,23.014079332351685,0.22026431718061676,23.014079332351685,0.0,71.05304551124573,-0.07320644216691069,119.37129712104797,-0.5102040816326531,189.52435445785522,-0.5102040816326531,311.14983439445496,-0.21008403361344552,23.014079332351685,0.0,71.05304551124573,0.07002801120448243,119.37129712104797,0.49019607843137303,189.52435445785522,0.49019607843137303,311.14983439445496,True,False,,,,,,20260903_100090_WIDE_E024,2026-09-03 12:41:44.219,13650.0,46.0,0.0,2026-09-03 12:41:19.966,,,,,,,2026-09-03 12:41:44.219,13650.0,,,,,,,,,,,,,,,,,,,,,27,24,True,STOP_LOSS,20260903_100090_WIDE_HIGH_GAP_SHADOW_E023_122936218885,WIDE_HIGH_GAP_SHADOW,,,,3.0,4.5
2026-09-03 12:42:58.297,v1.6.9,100090,SK오션플랜트,WIDE_HIGH_GAP_SHADOW,ENTER,HIGH_GAP_3P0_TO_4P5,46,37,0,5,4,13660.0,4.341736694677871,MAIN,MAIN,2026-09-03 12:42:58.296,True,594.9779889583588,27,0.2936857562408223,25.663609266281128,0.2936857562408223,25.663609266281128,0.0,50.5515558719635,0.1466275659824047,123.4649965763092,0.07326007326007326,171.4469883441925,-0.291970802919708,296.4423384666443,-0.28011204481792795,25.663609266281128,0.0,50.5515558719635,-0.14005602240896398,123.4649965763092,-0.07002801120448243,171.4469883441925,0.28011204481792706,296.4423384666443,True,False,,,,,,20260903_100090_WIDE_E025,2026-09-03 12:42:58.296,13660.0,46.0,0.0,2026-09-03 12:42:35.853,,,,,,,2026-09-03 12:42:58.296,13660.0,,,,,,,,,,,,,,,,,,,,,28,25,True,OPEN,20260903_100090_WIDE_HIGH_GAP_SHADOW_E024_124144239405,WIDE_HIGH_GAP_SHADOW,,,,3.0,4.5
2026-09-03 12:44:13.634,v1.6.9,015760,한국전력,SHADOW_SCORE_70_74,ENTER,SCORE_70_74_BEFORE_FIRST75,71,37,25,5,4,32850.0,0.1519756838905775,MAIN,MAIN,2026-09-03 12:44:13.616,True,598.3590452671051,27,0.1524390243902439,24.811607360839844,0.1524390243902439,24.811607360839844,0.1524390243902439,49.74279022216797,0.0,123.84263706207275,0.0,172.1921796798706,0.0,293.83074617385864,,,,,0.0,123.84263706207275,0.0,172.1921796798706,0.0,293.83074617385864,True,True,,2026-09-03 12:38:55.314,32850.0,71.0,318.301876,20260903_015760_E002,2026-09-03 12:43:49.144,32850.0,71.0,24.47113,2026-09-03 12:43:49.144,,,,,,,2026-09-03 12:44:13.616,32850.0,,,,,,,,,,,,,,False,,,,,,,2,2,True,OPEN,20260903_015760_SHADOW_SCORE_70_74_E001_123919586099,,,,,,
2026-09-03 12:45:27.310,v1.6.9,033790,피노,WIDE_HIGH_GAP_SHADOW,ENTER,HIGH_GAP_3P0_TO_4P5,33,24,0,5,4,8640.0,3.2474804031354982,MAIN,MAIN,2026-09-03 12:45:27.307,True,582.991242647171,26,-0.4608294930875576,25.367910861968994,-0.4608294930875576,25.367910861968994,-0.23094688221709006,50.41235280036926,0.46511627906976744,125.65921425819397,0.5820721769499418,174.87111449241638,1.0526315789473684,296.14756989479065,0.4479283314669651,25.367910861968994,0.22396416573348255,50.41235280036926,-0.44792833146696553,125.65921425819397,-0.5599104143337068,174.87111449241638,-1.007838745800672,296.14756989479065,False,False,,,,,,20260903_033790_WIDE_E009,2026-09-03 12:45:27.307,8640.0,33.0,0.0,2026-09-03 12:45:05.061,,,,,,,2026-09-03 12:45:27.307,8640.0,,,,,,,,,,,,,,,,,,,,,9,9,True,OPEN,20260903_033790_WIDE_HIGH_GAP_SHADOW_E008_123738397374,WIDE_HIGH_GAP_SHADOW,,,,3.0,4.5
2026-09-03 12:48:47.061,v1.6.9,034020,두산에너빌리티,SHADOW_SCORE_70_74,ENTER,SCORE_70_74_BEFORE_FIRST75,74,40,25,5,4,80600.0,0.24752475247524752,MAIN,MAIN,2026-09-03 12:48:47.021,True,589.517420053482,25,0.24875621890547264,26.428325414657593,0.24875621890547264,26.428325414657593,0.24875621890547264,50.39263033866882,0.0,125.58881044387817,0.0,173.8271074295044,0.0,297.85514211654663,,,-0.12376237623762376,75.74374198913574,0.0,125.58881044387817,0.0,173.8271074295044,0.0,297.85514211654663,True,True,,2026-09-03 12:30:43.448,80500.0,74.0,1083.573245,20260903_034020_E003,2026-09-03 12:48:22.188,80600.0,74.0,24.833549,2026-09-03 12:48:22.188,,,,,,,2026-09-03 12:48:47.021,80600.0,,,,,,,,,,,,,,False,,,,,,,3,3,True,OPEN,20260903_034020_SHADOW_SCORE_70_74_E002_123854288304,,,,,,
2026-09-03 12:48:47.101,v1.6.9,015760,한국전력,SHADOW_SCORE_70_74,ENTER,SCORE_70_74_BEFORE_FIRST75,71,37,25,5,4,32850.0,0.1519756838905775,MAIN,MAIN,2026-09-03 12:48:47.027,True,589.517420053482,25,0.1524390243902439,26.428325414657593,0.1524390243902439,26.428325414657593,0.3053435114503817,50.39263033866882,0.3053435114503817,125.58881044387817,0.3053435114503817,173.8271074295044,0.1524390243902439,297.85514211654663,,,,,,,,,,,True,True,,2026-09-03 12:38:55.314,32850.0,71.0,591.713122,20260903_015760_E003,2026-09-03 12:48:22.188,32850.0,71.0,24.838841,2026-09-03 12:48:22.188,,,,,,,2026-09-03 12:48:47.027,32850.0,,,,,,,,,,,,,,False,,,,,,,3,3,True,OPEN,20260903_015760_SHADOW_SCORE_70_74_E002_124413643208,,,,,,
2026-09-03 12:50:30.718,v1.6.9,015760,한국전력,SHADOW_SCORE_70_74,ENTER,SCORE_70_74_BEFORE_FIRST75,71,37,25,5,4,32875.0,0.07598784194528875,MAIN,MAIN,2026-09-03 12:50:30.672,True,599.6650586128235,25,0.22865853658536583,26.603487730026245,0.22865853658536583,26.603487730026245,0.22865853658536583,53.15434694290161,0.22865853658536583,132.81870341300964,0.30511060259344014,182.1341199874878,0.38167938931297707,303.51748871803284,-0.22796352583586627,53.15434694290161,-0.22796352583586627,53.15434694290161,-0.07598784194528875,106.39037799835205,,,,,True,True,,2026-09-03 12:38:55.314,32850.0,71.0,695.358419,20260903_015760_E004,2026-09-03 12:50:08.578,32875.0,71.0,22.09376,2026-09-03 12:50:08.578,,,,,,,2026-09-03 12:50:30.672,32875.0,,,,,,,,,,,,,,False,,,,,,,4,4,True,OPEN,20260903_015760_SHADOW_SCORE_70_74_E003_124847116208,,,,,,
2026-09-03 12:53:16.499,v1.6.9,015760,한국전력,SHADOW_SCORE_70_74,ENTER,SCORE_70_74_BEFORE_FIRST75,71,37,25,5,4,32850.0,0.1519756838905775,MAIN,MAIN,2026-09-03 12:53:16.480,True,592.4805161952972,25,0.1524390243902439,24.76764941215515,0.1524390243902439,24.76764941215515,0.1524390243902439,51.18306350708008,-0.1519756838905775,111.04075956344604,0.1524390243902439,189.90730094909668,0.1524390243902439,296.1225166320801,-0.1519756838905775,51.18306350708008,-0.1519756838905775,51.18306350708008,0.1519756838905775,111.04075956344604,0.07598784194528875,163.30381321907043,,,True,True,,2026-09-03 12:38:55.314,32850.0,71.0,861.166256,20260903_015760_E005,2026-09-03 12:52:51.882,32850.0,71.0,24.597784,2026-09-03 12:52:51.882,,,,,,,2026-09-03 12:53:16.480,32850.0,,,,,,,,,,,,,,False,,,,,,,5,5,True,OPEN,20260903_015760_SHADOW_SCORE_70_74_E004_125030740516,,,,,,
2026-09-03 12:56:20.025,v1.6.9,008930,한미사이언스,WIDE_HIGH_GAP_SHADOW,ENTER,HIGH_GAP_3P0_TO_4P5,42,33,0,5,4,52300.0,3.148148148148148,MAIN,MAIN,2026-09-03 12:56:20.023,True,578.8867936134338,24,-0.38095238095238093,26.91729736328125,-0.38095238095238093,26.91729736328125,-0.19083969465648853,52.388044357299805,-0.38095238095238093,131.88262009620667,-0.19083969465648853,183.60379195213318,-0.38095238095238093,294.6445515155792,0.37037037037037024,26.91729736328125,0.18518518518518468,52.388044357299805,0.37037037037037024,131.88262009620667,0.18518518518518468,183.60379195213318,0.37037037037037024,294.6445515155792,False,False,,,,,,20260903_008930_WIDE_E021,2026-09-03 12:56:20.023,52300.0,42.0,0.0,2026-09-03 12:55:55.486,,,,,,,2026-09-03 12:56:20.023,52300.0,,,,,,,,,,,,,,,,,,,,,22,21,True,TAKE_PROFIT,20260903_008930_WIDE_HIGH_GAP_SHADOW_E020_115613058651,WIDE_HIGH_GAP_SHADOW,,,,3.0,4.5
2026-09-03 12:56:48.570,v1.6.9,388050,지투파워,WIDE_HIGH_GAP_SHADOW,ENTER,HIGH_GAP_3P0_TO_4P5,33,24,0,5,4,9980.0,3.667953667953668,MAIN,MAIN,2026-09-03 12:56:48.569,True,578.5321960449219,24,0.4024144869215292,25.652446269989014,0.4024144869215292,25.652446269989014,0.2008032128514056,52.569743633270264,0.3015075376884422,131.0137128829956,0.3015075376884422,183.62429666519165,-0.39920159680638717,301.48131465911865,,,,,,,,,,,True,True,,,,,,20260903_388050_WIDE_E001,2026-09-03 12:56:48.569,9980.0,33.0,0.0,2026-09-03 12:56:21.138,,,,,,,2026-09-03 12:56:48.569,9980.0,,,,,,,,,,,,,,,,,,,,,1,1,False,,,WIDE_HIGH_GAP_SHADOW,,,,3.0,4.5
2026-09-03 12:56:48.627,v1.6.9,028050,삼성E&A,SHADOW_SCORE_70_74,ENTER,SCORE_70_74_BEFORE_FIRST75,74,29,25,11,9,46550.0,0.1072961373390558,MAIN,MAIN,2026-09-03 12:56:48.547,True,578.5321960449219,24,0.2152852529601722,25.652446269989014,0.2152852529601722,25.652446269989014,0.5399568034557235,52.569743633270264,0.6486486486486486,131.0137128829956,0.8667388949079089,183.62429666519165,1.6375545851528384,301.48131465911865,0.1072961373390558,25.652446269989014,-0.21563174210120256,52.569743633270264,-0.3232743685812886,131.0137128829956,-0.538559621541461,183.62429666519165,,,True,True,,2026-09-03 12:55:55.486,46450.0,63.0,53.061075,20260903_028050_E001,2026-09-03 12:55:55.486,46450.0,63.0,53.061075,2026-09-03 12:56:21.138,,,,,,,2026-09-03 12:56:48.547,46550.0,,,,,,,,,,,,,,False,,,,,,,1,1,False,,,,,,,,
2026-09-03 12:57:14.528,v1.6.9,004710,한솔테크닉스,WIDE_HIGH_GAP_SHADOW,ENTER,HIGH_GAP_3P0_TO_4P5,33,24,0,5,4,8580.0,3.050847457627119,MAIN,MAIN,2026-09-03 12:57:14.523,True,583.2811534404755,24,-0.8092485549132947,28.586982011795044,-0.8092485549132947,28.586982011795044,-1.0380622837370241,54.23942828178406,-0.6944444444444444,106.62747263908386,-0.6944444444444444,186.12204837799072,-1.0380622837370241,289.0262837409973,0.7909604519774014,28.586982011795044,1.0169491525423733,54.23942828178406,0.6779661016949157,106.62747263908386,0.6779661016949157,186.12204837799072,1.0169491525423733,289.0262837409973,False,False,,,,,,20260903_004710_WIDE_E018,2026-09-03 12:57:14.523,8580.0,33.0,0.0,2026-09-03 12:56:49.725,,,,,,,2026-09-03 12:57:14.523,8580.0,,,,,,,,,,,,,,,,,,,,,18,18,True,TAKE_PROFIT,20260903_004710_WIDE_HIGH_GAP_SHADOW_E017_114143651690,WIDE_HIGH_GAP_SHADOW,,,,3.0,4.5
2026-09-03 12:59:03.337,v1.6.9,008930,한미사이언스,WIDE_HIGH_GAP_SHADOW,ENTER,HIGH_GAP_3P0_TO_4P5,42,33,0,5,4,52300.0,3.148148148148148,MAIN,MAIN,2026-09-03 12:59:03.333,True,590.7313351631165,24,-0.19083969465648853,27.624282598495483,-0.19083969465648853,27.624282598495483,-0.19083969465648853,54.27963638305664,0.0,109.13619542121887,-0.38095238095238093,190.29292106628418,-0.38095238095238093,295.2582437992096,0.18518518518518468,27.624282598495483,0.18518518518518468,54.27963638305664,0.0,109.13619542121887,0.37037037037037024,190.29292106628418,0.37037037037037024,295.2582437992096,False,False,,,,,,20260903_008930_WIDE_E022,2026-09-03 12:59:03.333,52300.0,42.0,0.0,2026-09-03 12:58:38.862,,,,,,,2026-09-03 12:59:03.333,52300.0,,,,,,,,,,,,,,,,,,,,,23,22,True,OPEN,20260903_008930_WIDE_HIGH_GAP_SHADOW_E021_125620043074,WIDE_HIGH_GAP_SHADOW,,,,3.0,4.5
2026-09-03 12:59:31.022,v1.6.9,004710,한솔테크닉스,WIDE_HIGH_GAP_SHADOW,ENTER,HIGH_GAP_3P0_TO_4P5,33,24,0,5,4,8580.0,3.050847457627119,MAIN,MAIN,2026-09-03 12:59:31.017,True,588.9803082942963,24,-0.34843205574912894,25.54273247718811,-0.34843205574912894,25.54273247718811,-0.34843205574912894,53.167015075683594,-0.23255813953488372,108.80121612548828,-1.0380622837370241,188.91835618019104,-0.6944444444444444,294.27962279319763,0.33898305084745806,25.54273247718811,0.33898305084745806,53.167015075683594,0.2259887005649719,108.80121612548828,1.0169491525423733,188.91835618019104,0.6779661016949157,294.27962279319763,False,False,,,,,,20260903_004710_WIDE_E019,2026-09-03 12:59:31.017,8580.0,33.0,0.0,2026-09-03 12:59:04.404,,,,,,,2026-09-03 12:59:31.017,8580.0,,,,,,,,,,,,,,,,,,,,,19,19,True,OPEN,20260903_004710_WIDE_HIGH_GAP_SHADOW_E018_125714539796,WIDE_HIGH_GAP_SHADOW,,,,3.0,4.5
2026-09-03 13:00:46.892,v1.6.9,004710,한솔테크닉스,WIDE_HIGH_GAP_SHADOW,ENTER,HIGH_GAP_3P0_TO_4P5,33,24,0,5,4,8580.0,3.050847457627119,MAIN,MAIN,2026-09-03 13:00:46.888,True,593.7725448608398,24,-0.11641443538998836,27.086905479431152,-0.11641443538998836,27.086905479431152,-0.11641443538998836,53.441575050354004,-0.34843205574912894,106.66590642929077,-0.23255813953488372,189.92439007759094,-0.9237875288683602,296.95882749557495,0.11299435028248617,27.086905479431152,0.11299435028248617,53.441575050354004,0.33898305084745806,106.66590642929077,0.2259887005649719,189.92439007759094,0.9039548022598876,296.95882749557495,False,False,,,,,,20260903_004710_WIDE_E020,2026-09-03 13:00:46.888,8580.0,33.0,0.0,2026-09-03 13:00:25.527,,,,,,,2026-09-03 13:00:46.888,8580.0,,,,,,,,,,,,,,,,,,,,,20,20,True,OPEN,20260903_004710_WIDE_HIGH_GAP_SHADOW_E019_125931037039,WIDE_HIGH_GAP_SHADOW,,,,3.0,4.5
2026-09-03 13:02:57.189,v1.6.9,008930,한미사이언스,WIDE_HIGH_GAP_SHADOW,ENTER,HIGH_GAP_3P0_TO_4P5,42,33,0,5,4,52300.0,3.148148148148148,MAIN,MAIN,2026-09-03 13:02:57.188,True,579.6626925468445,23,-0.5703422053231939,25.59411311149597,-0.5703422053231939,25.59411311149597,-0.19083969465648853,51.85771155357361,-0.38095238095238093,126.0173704624176,0.3838771593090211,179.4589455127716,-0.19083969465648853,286.962913274765,0.5555555555555554,25.59411311149597,0.18518518518518468,51.85771155357361,0.37037037037037024,126.0173704624176,-0.3703703703703707,179.4589455127716,0.18518518518518468,286.962913274765,False,False,,,,,,20260903_008930_WIDE_E023,2026-09-03 13:02:57.188,52300.0,42.0,0.0,2026-09-03 13:02:31.545,,,,,,,2026-09-03 13:02:57.188,52300.0,,,,,,,,,,,,,,,,,,,,,24,23,True,OPEN,20260903_008930_WIDE_HIGH_GAP_SHADOW_E022_125903349092,WIDE_HIGH_GAP_SHADOW,,,,3.0,4.5
2026-09-03 13:02:57.284,v1.6.9,388050,지투파워,WIDE_HIGH_GAP_SHADOW,ENTER,HIGH_GAP_3P0_TO_4P5,33,24,0,5,4,9960.0,3.861003861003861,MAIN,MAIN,2026-09-03 13:02:57.281,True,579.6626925468445,23,0.8097165991902834,25.59411311149597,0.8097165991902834,25.59411311149597,0.7077856420626896,51.85771155357361,1.0141987829614605,126.0173704624176,1.0141987829614605,179.4589455127716,0.6060606060606061,286.962913274765,-0.772200772200772,25.59411311149597,-0.6756756756756759,51.85771155357361,-0.9652509652509651,126.0173704624176,-0.9652509652509651,179.4589455127716,-0.5791505791505798,286.962913274765,True,True,,,,,,20260903_388050_WIDE_E002,2026-09-03 13:02:57.281,9960.0,33.0,0.0,2026-09-03 13:02:31.545,,,,,,,2026-09-03 13:02:57.281,9960.0,,,,,,,,,,,,,,,,,,,,,2,2,True,STOP_LOSS,20260903_388050_WIDE_HIGH_GAP_SHADOW_E001_125648615981,WIDE_HIGH_GAP_SHADOW,,,,3.0,4.5
2026-09-03 13:05:45.391,v1.6.9,034020,두산에너빌리티,SHADOW_SCORE_70_74,ENTER,SCORE_70_74_BEFORE_FIRST75,74,40,25,5,4,80600.0,0.3708281829419036,MAIN,MAIN,2026-09-03 13:05:45.380,True,590.3370893001556,23,0.24875621890547264,25.150818586349487,0.24875621890547264,25.150818586349487,0.12422360248447205,53.35209822654724,-0.12391573729863693,112.19166159629822,-0.12391573729863693,167.3608913421631,0.0,293.3782618045807,-0.12360939431396778,53.35209822654724,-0.12360939431396778,53.35209822654724,0.12360939431396792,112.19166159629822,0.12360939431396792,167.3608913421631,0.0,293.3782618045807,True,True,,2026-09-03 12:30:43.448,80500.0,74.0,2101.931646,20260903_034020_E004,2026-09-03 13:05:18.906,80600.0,74.0,26.474175,2026-09-03 13:05:18.906,,,,,,,2026-09-03 13:05:45.380,80600.0,,,,,,,,,,,,,,False,,,,,,,4,4,True,OPEN,20260903_034020_SHADOW_SCORE_70_74_E003_124847089333,,,,,,
2026-09-03 13:06:41.050,v1.6.9,388050,지투파워,WIDE_HIGH_GAP_SHADOW,ENTER,HIGH_GAP_3P0_TO_4P5,33,24,0,5,4,9910.0,4.343629343629344,MAIN,MAIN,2026-09-03 13:06:41.049,True,593.9673323631287,23,0.4052684903748734,28.696316480636597,0.4052684903748734,28.696316480636597,-0.2014098690835851,56.199986696243286,-0.4020100502512563,109.55208492279053,-0.4020100502512563,168.3916482925415,0.20222446916076847,301.1921195983887,-0.3861003861003862,28.696316480636597,0.1930501930501931,56.199986696243286,0.3861003861003862,109.55208492279053,0.3861003861003862,168.3916482925415,-0.1930501930501931,301.1921195983887,True,False,,,,,,20260903_388050_WIDE_E003,2026-09-03 13:06:41.049,9910.0,33.0,0.0,2026-09-03 13:06:15.106,,,,,,,2026-09-03 13:06:41.049,9910.0,,,,,,,,,,,,,,,,,,,,,3,3,True,OPEN,20260903_388050_WIDE_HIGH_GAP_SHADOW_E002_130257291433,WIDE_HIGH_GAP_SHADOW,,,,3.0,4.5
2026-09-03 13:07:10.118,v1.6.9,008930,한미사이언스,WIDE_HIGH_GAP_SHADOW,ENTER,HIGH_GAP_3P0_TO_4P5,42,33,0,5,4,52000.0,3.7037037037037033,MAIN,MAIN,2026-09-03 13:07:10.117,True,592.3507533073425,23,-0.7633587786259541,26.97040295600891,-0.7633587786259541,26.97040295600891,-0.5736137667304015,55.66671943664551,-0.5736137667304015,108.32120823860168,-0.5736137667304015,164.90966892242432,-0.7633587786259541,302.3889925479889,0.74074074074074,26.97040295600891,0.5555555555555554,55.66671943664551,0.5555555555555554,108.32120823860168,0.5555555555555554,164.90966892242432,0.74074074074074,302.3889925479889,False,False,,,,,,20260903_008930_WIDE_E024,2026-09-03 13:07:10.117,52000.0,42.0,0.0,2026-09-03 13:06:42.076,,,,,,,2026-09-03 13:07:10.117,52000.0,,,,,,,,,,,,,,,,,,,,,25,24,True,OPEN,20260903_008930_WIDE_HIGH_GAP_SHADOW_E023_130257209306,WIDE_HIGH_GAP_SHADOW,,,,3.0,4.5
2026-09-03 13:10:19.042,v1.6.9,100840,SNT에너지,WIDE_HIGH_GAP_SHADOW,ENTER,HIGH_GAP_3P0_TO_4P5,46,37,0,5,4,34350.0,4.184100418410042,MAIN,MAIN,2026-09-03 13:10:19.039,True,589.3071465492249,22,0.43859649122807015,36.01390266418457,0.43859649122807015,36.01390266418457,0.7331378299120235,78.11472964286804,0.881057268722467,129.14439034461975,1.1782032400589102,185.67158961296082,1.4771048744460855,293.9927978515625,-0.41841004184100417,36.01390266418457,-0.6973500697350072,78.11472964286804,-0.8368200836820083,129.14439034461975,-1.1157601115760114,185.67158961296082,-1.3947001394700145,293.9927978515625,True,True,,,,,,20260903_100840_WIDE_E015,2026-09-03 13:10:19.039,34350.0,46.0,0.0,2026-09-03 13:09:47.748,,,,,,,2026-09-03 13:10:19.039,34350.0,,,,,,,,,,,,,,,,,,,,,19,15,True,STOP_LOSS,20260903_100840_WIDE_HIGH_GAP_SHADOW_E014_104036035876,WIDE_HIGH_GAP_SHADOW,,,,3.0,4.5
2026-09-03 13:10:48.510,v1.6.9,047040,대우건설,BASE,ENTER,75_SCORE,78,33,25,11,9,17140.0,0.05830903790087463,MAIN,MAIN,2026-09-03 13:10:48.480,True,594.5766518115997,22,0.3806734992679356,32.35641074180603,0.3806734992679356,32.35641074180603,0.4100761570005858,68.3703134059906,0.5868544600938966,110.47114038467407,0.7642563198118754,188.92007184028625,1.2404016538688718,301.19839000701904,,,,,,,,,,,True,True,True,2026-09-03 12:59:04.404,17100.0,67.0,704.075418,20260903_047040_E002,2026-09-03 13:10:20.104,17140.0,78.0,28.375593,2026-09-03 13:10:20.104,2026-09-03 13:10:48.480,17140.0,78.0,FAIL,DATA_UNAVAILABLE,NO_60S_HIGH_GAP,2026-09-03 13:10:48.480,17140.0,0.0,0.0,,,,,,,,,,,,False,,,,,,,1,1,False,,,,,,,,
2026-09-03 13:10:48.521,v1.6.9,047040,대우건설,PRE_HISTORY,SKIP,NO_60S_HIGH_GAP,78,33,25,11,9,17140.0,0.05830903790087463,MAIN,MAIN,2026-09-03 13:10:48.480,True,594.5766518115997,22,0.3806734992679356,32.35641074180603,0.3806734992679356,32.35641074180603,0.4100761570005858,68.3703134059906,0.5868544600938966,110.47114038467407,0.7642563198118754,188.92007184028625,1.2404016538688718,301.19839000701904,,,,,,,,,,,True,True,True,2026-09-03 12:59:04.404,17100.0,67.0,704.075418,20260903_047040_E002,2026-09-03 13:10:20.104,17140.0,78.0,28.375593,2026-09-03 13:10:20.104,2026-09-03 13:10:48.480,17140.0,78.0,FAIL,DATA_UNAVAILABLE,NO_60S_HIGH_GAP,2026-09-03 13:10:48.480,17140.0,0.0,0.0,DATA_UNAVAILABLE,,,,NO_60S_HIGH_GAP,,,,,,,False,,,,,,,,,,,,,,,,,
2026-09-03 13:10:48.531,v1.6.9,047040,대우건설,CONFIRM,PENDING,FIRST_75_SIGNAL,78,33,25,11,9,17140.0,0.05830903790087463,MAIN,MAIN,2026-09-03 13:10:48.480,True,594.5766518115997,22,0.3806734992679356,32.35641074180603,0.3806734992679356,32.35641074180603,0.4100761570005858,68.3703134059906,0.5868544600938966,110.47114038467407,0.7642563198118754,188.92007184028625,1.2404016538688718,301.19839000701904,,,,,,,,,,,True,True,True,2026-09-03 12:59:04.404,17100.0,67.0,704.075418,20260903_047040_E002,2026-09-03 13:10:20.104,17140.0,78.0,28.375593,2026-09-03 13:10:20.104,2026-09-03 13:10:48.480,17140.0,78.0,FAIL,DATA_UNAVAILABLE,NO_60S_HIGH_GAP,2026-09-03 13:10:48.480,17140.0,0.0,0.0,,,,,,2026-09-03 13:10:48.480,17140.0,,,PENDING,FIRST_75_SIGNAL,False,,,,,,,,,,,,,,,,,
2026-09-03 13:11:20.881,v1.6.9,008930,한미사이언스,WIDE_HIGH_GAP_SHADOW,ENTER,HIGH_GAP_3P0_TO_4P5,42,33,0,5,4,52300.0,3.148148148148148,MAIN,MAIN,2026-09-03 13:11:20.880,True,579.2066314220428,21,-0.19083969465648853,33.01610851287842,-0.19083969465648853,33.01610851287842,0.0,65.37251925468445,0.0,101.38642191886902,0.0,165.6854009628296,0.0,306.71082830429077,0.18518518518518468,33.01610851287842,0.0,65.37251925468445,0.0,101.38642191886902,0.0,165.6854009628296,0.0,306.71082830429077,False,False,,,,,,20260903_008930_WIDE_E025,2026-09-03 13:11:20.880,52300.0,42.0,0.0,2026-09-03 13:10:53.120,,,,,,,2026-09-03 13:11:20.880,52300.0,,,,,,,,,,,,,,,,,,,,,26,25,True,OPEN,20260903_008930_WIDE_HIGH_GAP_SHADOW_E024_130710136857,WIDE_HIGH_GAP_SHADOW,,,,3.0,4.5
2026-09-03 13:11:20.934,v1.6.9,047040,대우건설,CONFIRM,SKIP,SCORE_BELOW_75,71,37,25,5,4,17180.0,0.0,MAIN,MAIN,2026-09-03 13:11:20.917,True,579.2066314220428,21,0.2333722287047841,33.01610851287842,0.2333722287047841,33.01610851287842,0.6149341142020498,65.37251925468445,0.6444053895723492,101.38642191886902,1.1183048852266038,165.6854009628296,0.9994121105232217,306.71082830429077,-0.05830903790087463,33.01610851287842,,,,,,,,,True,True,True,2026-09-03 12:59:04.404,17100.0,67.0,704.075418,20260903_047040_E002,2026-09-03 13:10:20.104,17140.0,78.0,28.375593,2026-09-03 13:10:20.104,2026-09-03 13:10:48.480,17140.0,78.0,FAIL,DATA_UNAVAILABLE,NO_60S_HIGH_GAP,2026-09-03 13:11:20.917,17180.0,32.437561,0.2333722287047868,,,,,,2026-09-03 13:10:48.480,17140.0,32.437561,0.2333722287047841,EVALUABLE,SCORED,False,,,,,,,,,,,,,,,,,
2026-09-03 13:12:48.623,v1.6.9,033790,피노,WIDE_HIGH_GAP_SHADOW,ENTER,HIGH_GAP_3P0_TO_4P5,38,29,0,5,4,8660.0,3.0235162374020157,MAIN,MAIN,2026-09-03 13:12:48.620,True,589.5261330604553,21,-0.34522439585730724,29.593525409698486,-0.34522439585730724,29.593525409698486,-0.45977011494252873,59.06825137138367,-0.9153318077803204,120.9668517112732,-0.9153318077803204,189.3371651172638,-1.366742596810934,309.88692355155945,0.33594624860022426,29.593525409698486,0.44792833146696553,59.06825137138367,0.8958566629339306,120.9668517112732,0.8958566629339306,189.3371651172638,1.343784994400896,309.88692355155945,False,False,,,,,,20260903_033790_WIDE_E010,2026-09-03 13:12:48.620,8660.0,38.0,0.0,2026-09-03 13:12:21.071,,,,,,,2026-09-03 13:12:48.620,8660.0,,,,,,,,,,,,,,,,,,,,,10,10,True,TAKE_PROFIT,20260903_033790_WIDE_HIGH_GAP_SHADOW_E009_124527319616,WIDE_HIGH_GAP_SHADOW,,,,3.0,4.5
2026-09-03 13:14:42.794,v1.6.9,388050,지투파워,WIDE_HIGH_GAP_SHADOW,ENTER,HIGH_GAP_3P0_TO_4P5,33,24,0,5,4,10010.0,3.3783783783783785,MAIN,MAIN,2026-09-03 13:14:42.792,True,590.9243609905243,21,-0.5958291956305859,29.08845019340515,-0.5958291956305859,29.08845019340515,-0.4970178926441352,57.432039976119995,-1.282051282051282,115.40702104568481,-1.282051282051282,174.47527241706848,-1.8627450980392157,304.7441861629486,0.5791505791505793,29.08845019340515,0.48262548262548277,57.432039976119995,1.2548262548262552,115.40702104568481,1.2548262548262552,174.47527241706848,1.833976833976834,304.7441861629486,False,False,,,,,,20260903_388050_WIDE_E004,2026-09-03 13:14:42.792,10010.0,33.0,0.0,2026-09-03 13:14:16.478,,,,,,,2026-09-03 13:14:42.792,10010.0,,,,,,,,,,,,,,,,,,,,,4,4,True,TAKE_PROFIT,20260903_388050_WIDE_HIGH_GAP_SHADOW_E003_130641059283,WIDE_HIGH_GAP_SHADOW,,,,3.0,4.5
2026-09-03 13:15:39.239,v1.6.9,015760,한국전력,SHADOW_SCORE_70_74,ENTER,SCORE_70_74_BEFORE_FIRST75,71,37,25,5,4,32850.0,0.1519756838905775,MAIN,MAIN,2026-09-03 13:15:39.221,True,593.3542623519897,21,0.1524390243902439,28.417839765548706,0.1524390243902439,28.417839765548706,0.1524390243902439,55.781999588012695,0.3053435114503817,113.21403956413269,0.3053435114503817,171.1890206336975,0.3053435114503817,292.1558723449707,,,,,,,,,,,True,True,,2026-09-03 12:38:55.314,32850.0,71.0,2203.907234,20260903_015760_E006,2026-09-03 13:15:12.260,32850.0,71.0,26.960915,2026-09-03 13:15:12.260,,,,,,,2026-09-03 13:15:39.221,32850.0,,,,,,,,,,,,,,False,,,,,,,6,6,True,OPEN,20260903_015760_SHADOW_SCORE_70_74_E005_125316506190,,,,,,
2026-09-03 13:16:37.546,v1.6.9,015760,한국전력,SHADOW_SCORE_70_74,ENTER,SCORE_70_74_BEFORE_FIRST75,71,37,25,5,4,32800.0,0.303951367781155,MAIN,MAIN,2026-09-03 13:16:37.512,True,594.3611571788788,21,0.0,29.2023606300354,0.0,29.2023606300354,-0.15220700152207,57.206881523132324,0.0,112.98888111114502,0.15267175572519084,170.42092108726501,0.0,287.4641535282135,,,0.1519756838905775,57.206881523132324,,,,,,,False,False,,2026-09-03 12:38:55.314,32850.0,71.0,2262.198544,20260903_015760_E007,2026-09-03 13:16:09.467,32800.0,71.0,28.045344,2026-09-03 13:16:09.467,,,,,,,2026-09-03 13:16:37.512,32800.0,,,,,,,,,,,,,,False,,,,,,,7,7,True,OPEN,20260903_015760_SHADOW_SCORE_70_74_E006_131539247658,,,,,,
2026-09-03 13:17:07.118,v1.6.9,388050,지투파워,WIDE_HIGH_GAP_SHADOW,ENTER,HIGH_GAP_3P0_TO_4P5,33,24,0,5,4,10030.0,3.1853281853281854,MAIN,MAIN,2026-09-03 13:17:07.117,True,596.50705909729,21,-0.1990049751243781,29.116304874420166,-0.1990049751243781,29.116304874420166,-0.1990049751243781,58.318665504455566,0.09980039920159679,114.7410261631012,-0.3972194637537239,171.19363617897034,-1.279527559055118,287.1057324409485,0.1930501930501931,29.116304874420166,0.1930501930501931,58.318665504455566,-0.09652509652509611,114.7410261631012,0.3861003861003862,171.19363617897034,1.254826254826255,287.1057324409485,False,False,,,,,,20260903_388050_WIDE_E005,2026-09-03 13:17:07.117,10030.0,33.0,0.0,2026-09-03 13:16:38.583,,,,,,,2026-09-03 13:17:07.117,10030.0,,,,,,,,,,,,,,,,,,,,,5,5,True,OPEN,20260903_388050_WIDE_HIGH_GAP_SHADOW_E004_131442807182,WIDE_HIGH_GAP_SHADOW,,,,3.0,4.5
2026-09-03 13:17:35.215,v1.6.9,079900,전진건설로봇,SHADOW_SCORE_70_74,ENTER,SCORE_70_74_BEFORE_FIRST75,74,29,25,11,9,43000.0,0.11614401858304298,MAIN,MAIN,2026-09-03 13:17:35.131,True,597.0106325149536,21,0.3500583430571762,29.611501932144165,0.3500583430571762,29.611501932144165,0.46728971962616817,58.72780680656433,1.6548463356973995,115.93468832969666,2.0166073546856467,171.71668791770935,3.489771359807461,287.12370896339417,-0.34843205574912894,29.611501932144165,-0.11695621451719011,58.72780680656433,,,,,,,True,True,,2026-09-03 13:15:40.264,42750.0,63.0,114.866898,20260903_079900_E001,2026-09-03 13:15:40.264,42750.0,63.0,114.866898,2026-09-03 13:17:08.195,,,,,,,2026-09-03 13:17:35.131,43000.0,,,,,,,,,,,,,,False,,,,,,,1,1,False,,,,,,,,
2026-09-03 13:20:21.897,v1.6.9,008930,한미사이언스,WIDE_HIGH_GAP_SHADOW,ENTER,HIGH_GAP_3P0_TO_4P5,42,33,0,5,4,51600.0,4.444444444444445,MAIN,MAIN,2026-09-03 13:20:21.892,True,575.0013642311096,21,0.1941747572815534,28.75631618499756,0.1941747572815534,28.75631618499756,-0.19342359767891684,56.16289019584656,-0.3861003861003861,112.9428870677948,0.0,166.91080355644226,-0.5780346820809248,311.2633316516876,-0.18518518518518512,28.75631618499756,0.18518518518518512,56.16289019584656,0.37037037037037024,112.9428870677948,0.0,166.91080355644226,0.5555555555555558,311.2633316516876,True,False,,,,,,20260903_008930_WIDE_E026,2026-09-03 13:20:21.892,51600.0,42.0,0.0,2026-09-03 13:19:55.105,,,,,,,2026-09-03 13:20:21.892,51600.0,,,,,,,,,,,,,,,,,,,,,27,26,True,STOP_LOSS,20260903_008930_WIDE_HIGH_GAP_SHADOW_E025_131120888717,WIDE_HIGH_GAP_SHADOW,,,,3.0,4.5
2026-09-03 13:21:21.428,v1.6.9,008930,한미사이언스,WIDE_HIGH_GAP_SHADOW,ENTER,HIGH_GAP_3P0_TO_4P5,42,33,0,5,4,51600.0,4.444444444444445,MAIN,MAIN,2026-09-03 13:21:21.426,True,599.8209874629974,22,0.1941747572815534,29.915887117385864,0.1941747572815534,29.915887117385864,0.0,57.835731744766235,-0.19342359767891684,113.9986219406128,-0.3861003861003861,170.77861881256104,-0.19342359767891684,312.6767027378082,-0.18518518518518512,29.915887117385864,0.0,57.835731744766235,0.18518518518518512,113.9986219406128,0.37037037037037024,170.77861881256104,0.18518518518518512,312.6767027378082,True,False,,,,,,20260903_008930_WIDE_E027,2026-09-03 13:21:21.426,51600.0,42.0,0.0,2026-09-03 13:20:52.941,,,,,,,2026-09-03 13:21:21.426,51600.0,,,,,,,,,,,,,,,,,,,,,28,27,True,OPEN,20260903_008930_WIDE_HIGH_GAP_SHADOW_E026_132021933505,WIDE_HIGH_GAP_SHADOW,,,,3.0,4.5
2026-09-03 13:22:21.329,v1.6.9,100840,SNT에너지,WIDE_HIGH_GAP_SHADOW,ENTER,HIGH_GAP_3P0_TO_4P5,46,37,0,5,4,34250.0,4.463040446304045,MAIN,MAIN,2026-09-03 13:22:21.325,True,572.2751462459564,21,0.14619883040935672,30.816893815994263,0.14619883040935672,30.816893815994263,0.29282576866764276,60.40490198135376,0.07304601899196494,118.24063372612,-0.1457725947521866,174.40352392196655,-0.436046511627907,314.7629392147064,-0.1394700139470011,30.816893815994263,-0.2789400278940022,60.40490198135376,-0.06973500697350055,118.24063372612,0.1394700139470011,174.40352392196655,0.41841004184100417,314.7629392147064,True,True,,,,,,20260903_100840_WIDE_E016,2026-09-03 13:22:21.325,34250.0,46.0,0.0,2026-09-03 13:21:53.346,,,,,,,2026-09-03 13:22:21.325,34250.0,,,,,,,,,,,,,,,,,,,,,20,16,True,OPEN,20260903_100840_WIDE_HIGH_GAP_SHADOW_E015_131019046666,WIDE_HIGH_GAP_SHADOW,,,,3.0,4.5
2026-09-03 13:22:49.740,v1.6.9,008930,한미사이언스,WIDE_HIGH_GAP_SHADOW,ENTER,HIGH_GAP_3P0_TO_4P5,42,33,0,5,4,51600.0,4.444444444444445,MAIN,MAIN,2026-09-03 13:22:49.739,True,572.7234938144684,21,0.1941747572815534,29.063847064971924,0.1941747572815534,29.063847064971924,0.0,59.88074088096619,0.1941747572815534,119.38463616371155,0.1941747572815534,176.06079697608948,-0.3861003861003861,286.1347873210907,-0.18518518518518512,29.063847064971924,0.0,59.88074088096619,-0.18518518518518512,119.38463616371155,-0.18518518518518512,176.06079697608948,0.37037037037037024,286.1347873210907,True,False,,,,,,20260903_008930_WIDE_E028,2026-09-03 13:22:49.739,51600.0,42.0,0.0,2026-09-03 13:22:22.410,,,,,,,2026-09-03 13:22:49.739,51600.0,,,,,,,,,,,,,,,,,,,,,29,28,True,OPEN,20260903_008930_WIDE_HIGH_GAP_SHADOW_E027_132121437507,WIDE_HIGH_GAP_SHADOW,,,,3.0,4.5
2026-09-03 13:25:09.065,v1.6.9,079900,전진건설로봇,BASE,ENTER,75_SCORE,78,33,25,11,9,43800.0,0.45454545454545453,MAIN,MAIN,2026-09-03 13:25:09.007,True,597.7258999347687,22,0.5740528128587831,27.635576725006104,0.5740528128587831,27.635576725006104,1.6241299303944314,56.032673358917236,2.097902097902098,110.76537036895752,2.336448598130841,168.22193455696106,1.8604651162790697,286.46256828308105,0.45454545454545453,27.635576725006104,-0.578749608600355,56.032673358917236,-1.037991858887381,110.76537036895752,-1.2676129840308943,168.22193455696106,-0.8083707337438679,286.46256828308105,True,True,True,2026-09-03 13:15:40.264,42750.0,63.0,568.742673,20260903_079900_E003,2026-09-03 13:24:13.932,43550.0,63.0,55.074711,2026-09-03 13:24:41.568,2026-09-03 13:25:09.007,43800.0,78.0,PASS,PASS,OK,2026-09-03 13:25:09.007,43800.0,0.0,0.0,,,,,,,,,,,,False,,,,,,,2,1,False,,,,,,,,
2026-09-03 13:25:09.078,v1.6.9,079900,전진건설로봇,PRE_HISTORY,ENTER,OK,78,33,25,11,9,43800.0,0.45454545454545453,MAIN,MAIN,2026-09-03 13:25:09.007,True,597.7258999347687,22,0.5740528128587831,27.635576725006104,0.5740528128587831,27.635576725006104,1.6241299303944314,56.032673358917236,2.097902097902098,110.76537036895752,2.336448598130841,168.22193455696106,1.8604651162790697,286.46256828308105,0.45454545454545453,27.635576725006104,-0.578749608600355,56.032673358917236,-1.037991858887381,110.76537036895752,-1.2676129840308943,168.22193455696106,-0.8083707337438679,286.46256828308105,True,True,True,2026-09-03 13:15:40.264,42750.0,63.0,568.742673,20260903_079900_E003,2026-09-03 13:24:13.932,43550.0,63.0,55.074711,2026-09-03 13:24:41.568,2026-09-03 13:25:09.007,43800.0,78.0,PASS,PASS,OK,2026-09-03 13:25:09.007,43800.0,0.0,0.0,PASS,FIRST_75_PASS,,0.0,OK,,,,,,,False,,,,,,,3,1,False,,,,,,,,
2026-09-03 13:25:09.117,v1.6.9,079900,전진건설로봇,CONFIRM,PENDING,FIRST_75_SIGNAL,78,33,25,11,9,43800.0,0.45454545454545453,MAIN,MAIN,2026-09-03 13:25:09.007,True,597.7258999347687,22,0.5740528128587831,27.635576725006104,0.5740528128587831,27.635576725006104,1.6241299303944314,56.032673358917236,2.097902097902098,110.76537036895752,2.336448598130841,168.22193455696106,1.8604651162790697,286.46256828308105,0.45454545454545453,27.635576725006104,-0.578749608600355,56.032673358917236,-1.037991858887381,110.76537036895752,-1.2676129840308943,168.22193455696106,-0.8083707337438679,286.46256828308105,True,True,True,2026-09-03 13:15:40.264,42750.0,63.0,568.742673,20260903_079900_E003,2026-09-03 13:24:13.932,43550.0,63.0,55.074711,2026-09-03 13:24:41.568,2026-09-03 13:25:09.007,43800.0,78.0,PASS,PASS,OK,2026-09-03 13:25:09.007,43800.0,0.0,0.0,,,,,,2026-09-03 13:25:09.007,43800.0,,,PENDING,FIRST_75_SIGNAL,False,,,,,,,,,,,,,,,,,
2026-09-03 13:25:41.960,v1.6.9,079900,전진건설로봇,CONFIRM,SKIP,RISE_BELOW_CONFIRM,75,33,22,11,9,43650.0,0.7954545454545454,MAIN,MAIN,2026-09-03 13:25:41.913,True,573.9231085777283,21,-0.3424657534246575,32.619569301605225,-0.3424657534246575,32.619569301605225,0.2296211251435132,60.25514602661133,2.464788732394366,115.25226378440857,1.629802095459837,171.77765679359436,1.0416666666666665,291.1622929573059,0.3409090909090909,32.619569301605225,0.7954545454545454,60.25514602661133,-1.3859461434088298,115.25226378440857,-0.5822722054065337,171.77765679359436,-0.008219392547750837,291.1622929573059,False,True,True,2026-09-03 13:15:40.264,42750.0,63.0,568.742673,20260903_079900_E003,2026-09-03 13:24:13.932,43550.0,63.0,55.074711,2026-09-03 13:24:41.568,2026-09-03 13:25:09.007,43800.0,78.0,PASS,PASS,OK,2026-09-03 13:25:41.913,43650.0,32.906332,-0.3424657534246589,,,,,,2026-09-03 13:25:09.007,43800.0,32.906332,-0.3424657534246575,EVALUABLE,SCORED,False,,,,,,,,,,,,,,,,,
2026-09-03 13:26:37.123,v1.6.9,008930,한미사이언스,WIDE_HIGH_GAP_SHADOW,ENTER,HIGH_GAP_3P0_TO_4P5,42,33,0,5,4,51700.0,4.2592592592592595,MAIN,MAIN,2026-09-03 13:26:37.122,True,571.3453772068024,21,0.3883495145631068,26.93346881866455,0.3883495145631068,26.93346881866455,0.3883495145631068,55.74093413352966,0.1937984496124031,115.99608016014099,0.1937984496124031,170.99319791793823,0.1937984496124031,287.3993318080902,-0.37037037037037024,26.93346881866455,-0.37037037037037024,55.74093413352966,-0.18518518518518512,115.99608016014099,-0.18518518518518512,170.99319791793823,-0.18518518518518512,287.3993318080902,True,True,,,,,,20260903_008930_WIDE_E029,2026-09-03 13:26:37.122,51700.0,42.0,0.0,2026-09-03 13:26:09.929,,,,,,,2026-09-03 13:26:37.122,51700.0,,,,,,,,,,,,,,,,,,,,,30,29,True,OPEN,20260903_008930_WIDE_HIGH_GAP_SHADOW_E028_132249746878,WIDE_HIGH_GAP_SHADOW,,,,3.0,4.5
2026-09-03 13:26:37.166,v1.6.9,388050,지투파워,WIDE_HIGH_GAP_SHADOW,ENTER,HIGH_GAP_3P0_TO_4P5,33,24,0,5,4,9910.0,4.343629343629344,MAIN,MAIN,2026-09-03 13:26:37.166,True,571.3453772068024,21,0.6091370558375634,26.93346881866455,0.6091370558375634,26.93346881866455,1.019367991845056,55.74093413352966,0.0,115.99608016014099,-0.2014098690835851,170.99319791793823,-0.8999999999999999,287.3993318080902,-0.5791505791505793,26.93346881866455,-0.9652509652509647,55.74093413352966,0.0,115.99608016014099,0.1930501930501931,170.99319791793823,0.8687258687258685,287.3993318080902,True,True,,,,,,20260903_388050_WIDE_E006,2026-09-03 13:26:37.166,9910.0,33.0,0.0,2026-09-03 13:26:09.929,,,,,,,2026-09-03 13:26:37.166,9910.0,,,,,,,,,,,,,,,,,,,,,6,6,True,STOP_LOSS,20260903_388050_WIDE_HIGH_GAP_SHADOW_E005_131707124892,WIDE_HIGH_GAP_SHADOW,,,,3.0,4.5
2026-09-03 13:29:45.769,v1.6.9,100840,SNT에너지,WIDE_HIGH_GAP_SHADOW,ENTER,HIGH_GAP_3P0_TO_4P5,46,37,0,5,4,34300.0,4.323570432357044,MAIN,MAIN,2026-09-03 13:29:45.767,True,592.8034794330597,22,0.43923865300146414,26.482701778411865,0.43923865300146414,26.482701778411865,0.29239766081871343,52.3264377117157,0.0,107.56491899490356,-0.1455604075691412,189.2240915298462,-0.1455604075691412,305.2201716899872,-0.4184100418410033,26.482701778411865,-0.2789400278940022,52.3264377117157,0.0,107.56491899490356,0.13947001394700198,189.2240915298462,0.13947001394700198,305.2201716899872,True,True,,,,,,20260903_100840_WIDE_E017,2026-09-03 13:29:45.767,34300.0,46.0,0.0,2026-09-03 13:29:19.153,,,,,,,2026-09-03 13:29:45.767,34300.0,,,,,,,,,,,,,,,,,,,,,21,17,True,OPEN,20260903_100840_WIDE_HIGH_GAP_SHADOW_E016_132221347154,WIDE_HIGH_GAP_SHADOW,,,,3.0,4.5
2026-09-03 13:31:09.595,v1.6.9,100840,SNT에너지,WIDE_HIGH_GAP_SHADOW,ENTER,HIGH_GAP_3P0_TO_4P5,46,37,0,5,4,34250.0,4.463040446304045,MAIN,MAIN,2026-09-03 13:31:09.592,True,588.8917043209076,22,0.29282576866764276,26.750096559524536,0.29282576866764276,26.750096559524536,0.29282576866764276,54.91985321044922,0.29282576866764276,109.16297459602356,-0.1457725947521866,190.24519181251526,-0.436046511627907,298.83783316612244,-0.2789400278940022,26.750096559524536,-0.2789400278940022,54.91985321044922,-0.2789400278940022,109.16297459602356,0.1394700139470011,190.24519181251526,0.41841004184100417,298.83783316612244,True,True,,,,,,20260903_100840_WIDE_E018,2026-09-03 13:31:09.592,34250.0,46.0,0.0,2026-09-03 13:30:41.833,,,,,,,2026-09-03 13:31:09.592,34250.0,,,,,,,,,,,,,,,,,,,,,22,18,True,OPEN,20260903_100840_WIDE_HIGH_GAP_SHADOW_E017_132945780022,WIDE_HIGH_GAP_SHADOW,,,,3.0,4.5
2026-09-03 13:31:36.581,v1.6.9,079900,전진건설로봇,WIDE_HIGH_GAP_SHADOW,ENTER,HIGH_GAP_3P0_TO_4P5,42,33,0,5,4,43050.0,3.040540540540541,MAIN,MAIN,2026-09-03 13:31:36.578,True,588.1368758678436,22,-0.3472222222222222,28.833179712295532,-0.3472222222222222,28.833179712295532,-0.4048582995951417,55.58327627182007,-1.3745704467353952,111.51345252990723,-2.6018099547511313,191.77128386497498,-2.380952380952381,300.7375440597534,0.33783783783783816,28.833179712295532,0.39414414414414445,55.58327627182007,1.3513513513513515,111.51345252990723,2.5900900900900905,191.77128386497498,2.814296196649138,300.7375440597534,False,False,,,,,,20260903_079900_WIDE_E001,2026-09-03 13:31:36.578,43050.0,42.0,0.0,2026-09-03 13:31:10.666,,,,,,,2026-09-03 13:31:36.578,43050.0,,,,,,,,,,,,,,,,,,,,,4,1,False,,,WIDE_HIGH_GAP_SHADOW,,,,3.0,4.5
2026-09-03 13:32:29.385,v1.6.9,008930,한미사이언스,WIDE_HIGH_GAP_SHADOW,ENTER,HIGH_GAP_3P0_TO_4P5,42,33,0,5,4,51700.0,4.2592592592592595,MAIN,MAIN,2026-09-03 13:32:29.384,True,580.1628432273865,22,0.3883495145631068,24.89659881591797,0.3883495145631068,24.89659881591797,0.3883495145631068,51.90670824050903,0.4859086491739553,107.4899845123291,0.3883495145631068,189.90286254882812,0.5836575875486382,298.403945684433,-0.37037037037037024,24.89659881591797,-0.37037037037037024,51.90670824050903,-0.4629629629629628,107.4899845123291,-0.37037037037037024,189.90286254882812,-0.5555555555555554,298.403945684433,True,True,,,,,,20260903_008930_WIDE_E030,2026-09-03 13:32:29.384,51700.0,42.0,0.0,2026-09-03 13:32:02.573,,,,,,,2026-09-03 13:32:29.384,51700.0,,,,,,,,,,,,,,,,,,,,,31,30,True,OPEN,20260903_008930_WIDE_HIGH_GAP_SHADOW_E029_132637139705,WIDE_HIGH_GAP_SHADOW,,,,3.0,4.5
2026-09-03 13:32:29.442,v1.6.9,032940,원익,WIDE_HIGH_GAP_SHADOW,ENTER,HIGH_GAP_3P0_TO_4P5,42,33,0,5,4,8550.0,4.147982062780269,MAIN,MAIN,2026-09-03 13:32:29.440,True,580.1628432273865,22,0.9445100354191263,24.89659881591797,0.9445100354191263,24.89659881591797,1.5439429928741093,51.90670824050903,1.7857142857142856,107.4899845123291,3.0120481927710845,189.90286254882812,4.779411764705882,298.403945684433,-0.8968609865470851,24.89659881591797,-1.4573991031390143,51.90670824050903,-1.681614349775785,107.4899845123291,-2.8026905829596425,189.90286254882812,-4.372197309417039,298.403945684433,True,True,,,,,,20260903_032940_WIDE_E016,2026-09-03 13:32:29.440,8550.0,42.0,0.0,2026-09-03 13:32:02.573,,,,,,,2026-09-03 13:32:29.440,8550.0,,,,,,,,,,,,,,,,,,,,,17,16,True,STOP_LOSS,20260903_032940_WIDE_HIGH_GAP_SHADOW_E015_123521050331,WIDE_HIGH_GAP_SHADOW,,,,3.0,4.5
2026-09-03 13:32:58.136,v1.6.9,079900,전진건설로봇,WIDE_HIGH_GAP_SHADOW,ENTER,HIGH_GAP_3P0_TO_4P5,42,33,0,5,4,43000.0,3.153153153153153,MAIN,MAIN,2026-09-03 13:32:58.134,True,579.6913294792175,22,-0.23201856148491878,27.92120337486267,-0.23201856148491878,27.92120337486267,-0.23201856148491878,52.81780219078064,-0.4629629629629629,108.66109132766724,-1.4891179839633446,191.34136414527893,-2.494331065759637,298.9062831401825,0.22522522522522515,27.92120337486267,0.22522522522522515,52.81780219078064,0.4504504504504503,108.66109132766724,1.4639639639639637,191.34136414527893,2.4774774774774775,298.9062831401825,False,False,,,,,,20260903_079900_WIDE_E002,2026-09-03 13:32:58.134,43000.0,42.0,0.0,2026-09-03 13:32:30.494,,,,,,,2026-09-03 13:32:58.134,43000.0,,,,,,,,,,,,,,,,,,,,,5,2,True,OPEN,20260903_079900_WIDE_HIGH_GAP_SHADOW_E001_133136590380,WIDE_HIGH_GAP_SHADOW,,,,3.0,4.5
2026-09-03 13:33:56.882,v1.6.9,079900,전진건설로봇,WIDE_HIGH_GAP_SHADOW,ENTER,HIGH_GAP_3P0_TO_4P5,42,33,0,5,4,42800.0,3.6036036036036037,MAIN,MAIN,2026-09-03 13:33:56.876,True,582.3692843914032,22,-1.0404624277456647,28.586732864379883,-1.0404624277456647,28.586732864379883,-0.46511627906976744,57.41065192222595,-0.6960556844547563,110.22845411300659,-0.9832272990167726,192.82183980941772,-2.947845804988662,301.0784537792206,1.0135135135135136,28.586732864379883,0.45045045045045073,57.41065192222595,0.6756756756756759,110.22845411300659,0.9572072072072073,192.82183980941772,2.9279279279279278,301.0784537792206,False,False,,,,,,20260903_079900_WIDE_E003,2026-09-03 13:33:56.876,42800.0,42.0,0.0,2026-09-03 13:33:27.905,,,,,,,2026-09-03 13:33:56.876,42800.0,,,,,,,,,,,,,,,,,,,,,6,3,True,OPEN,20260903_079900_WIDE_HIGH_GAP_SHADOW_E002_133258157274,WIDE_HIGH_GAP_SHADOW,,,,3.0,4.5
2026-09-03 13:36:48.966,v1.6.9,015760,한국전력,SHADOW_SCORE_70_74,ENTER,SCORE_70_74_BEFORE_FIRST75,71,37,25,5,4,32800.0,0.303951367781155,MAIN,MAIN,2026-09-03 13:36:48.936,True,583.8532724380493,22,0.0,29.613269567489624,0.0,29.613269567489624,0.0,57.66324996948242,0.0,115.52796030044556,0.07627765064836003,174.16017889976501,0.0,311.39874243736267,,,,,,,,,,,False,False,,2026-09-03 12:38:55.314,32850.0,71.0,3473.621976,20260903_015760_E008,2026-09-03 13:36:22.065,32800.0,71.0,26.870807,2026-09-03 13:36:22.065,,,,,,,2026-09-03 13:36:48.936,32800.0,,,,,,,,,,,,,,False,,,,,,,8,8,True,OPEN,20260903_015760_SHADOW_SCORE_70_74_E007_131637567643,,,,,,
2026-09-03 13:37:49.119,v1.6.9,100840,SNT에너지,WIDE_HIGH_GAP_SHADOW,ENTER,HIGH_GAP_3P0_TO_4P5,46,37,0,5,4,34250.0,4.463040446304045,MAIN,MAIN,2026-09-03 13:37:49.117,True,588.7513742446899,22,0.14619883040935672,30.33937168121338,0.14619883040935672,30.33937168121338,0.14619883040935672,58.27426028251648,0.14619883040935672,115.9375102519989,0.29282576866764276,173.80222058296204,-0.436046511627907,289.84509110450745,-0.1394700139470011,30.33937168121338,-0.1394700139470011,58.27426028251648,-0.1394700139470011,115.9375102519989,-0.2789400278940022,173.80222058296204,0.41841004184100417,289.84509110450745,True,True,,,,,,20260903_100840_WIDE_E019,2026-09-03 13:37:49.117,34250.0,46.0,0.0,2026-09-03 13:37:20.339,,,,,,,2026-09-03 13:37:49.117,34250.0,,,,,,,,,,,,,,,,,,,,,23,19,True,OPEN,20260903_100840_WIDE_HIGH_GAP_SHADOW_E018_133109618782,WIDE_HIGH_GAP_SHADOW,,,,3.0,4.5
2026-09-03 13:37:49.210,v1.6.9,015760,한국전력,SHADOW_SCORE_70_74,ENTER,SCORE_70_74_BEFORE_FIRST75,71,37,25,5,4,32800.0,0.303951367781155,MAIN,MAIN,2026-09-03 13:37:49.173,True,588.7513742446899,22,0.0,30.33937168121338,0.0,30.33937168121338,0.0,58.27426028251648,0.0,115.9375102519989,0.0,173.80222058296204,0.15267175572519084,289.84509110450745,,,0.0,58.27426028251648,,,,,,,False,False,,2026-09-03 12:38:55.314,32850.0,71.0,3533.858932,20260903_015760_E009,2026-09-03 13:37:20.339,32800.0,71.0,28.833503,2026-09-03 13:37:20.339,,,,,,,2026-09-03 13:37:49.173,32800.0,,,,,,,,,,,,,,False,,,,,,,9,9,True,OPEN,20260903_015760_SHADOW_SCORE_70_74_E008_133648988628,,,,,,
2026-09-03 13:38:17.454,v1.6.9,079900,전진건설로봇,WIDE_HIGH_GAP_SHADOW,ENTER,HIGH_GAP_3P0_TO_4P5,42,33,0,5,4,43000.0,3.153153153153153,MAIN,MAIN,2026-09-03 13:38:17.453,True,591.3604521751404,22,-0.23201856148491878,29.916165590286255,-0.23201856148491878,29.916165590286255,-0.34762456546929316,60.255537271499634,0.3500583430571762,117.80369544029236,0.702576112412178,174.30428957939148,-0.5780346820809248,290.93733763694763,0.22522522522522515,29.916165590286255,0.3378378378378377,60.255537271499634,-0.3378378378378377,117.80369544029236,-0.6756756756756754,174.30428957939148,0.5630630630630629,290.93733763694763,False,False,,,,,,20260903_079900_WIDE_E004,2026-09-03 13:38:17.453,43000.0,42.0,0.0,2026-09-03 13:37:50.255,,,,,,,2026-09-03 13:38:17.453,43000.0,,,,,,,,,,,,,,,,,,,,,7,4,True,OPEN,20260903_079900_WIDE_HIGH_GAP_SHADOW_E003_133356899414,WIDE_HIGH_GAP_SHADOW,,,,3.0,4.5
2026-09-03 13:38:46.758,v1.6.9,008930,한미사이언스,WIDE_HIGH_GAP_SHADOW,ENTER,HIGH_GAP_3P0_TO_4P5,42,33,0,5,4,51600.0,4.444444444444445,MAIN,MAIN,2026-09-03 13:38:46.756,True,591.7259428501129,22,0.38910505836575876,28.296884298324585,0.38910505836575876,28.296884298324585,0.1941747572815534,58.21304988861084,-0.19342359767891684,116.48731017112732,0.0,174.15056014060974,-0.19342359767891684,290.64748907089233,-0.37037037037037024,28.296884298324585,-0.18518518518518512,58.21304988861084,0.18518518518518512,116.48731017112732,0.0,174.15056014060974,0.18518518518518512,290.64748907089233,True,True,,,,,,20260903_008930_WIDE_E031,2026-09-03 13:38:46.756,51600.0,42.0,0.0,2026-09-03 13:38:18.552,,,,,,,2026-09-03 13:38:46.756,51600.0,,,,,,,,,,,,,,,,,,,,,32,31,True,OPEN,20260903_008930_WIDE_HIGH_GAP_SHADOW_E030_133229418641,WIDE_HIGH_GAP_SHADOW,,,,3.0,4.5
2026-09-03 13:39:16.516,v1.6.9,015760,한국전력,SHADOW_SCORE_70_74,ENTER,SCORE_70_74_BEFORE_FIRST75,71,37,25,5,4,32850.0,0.1519756838905775,MAIN,MAIN,2026-09-03 13:39:16.497,True,595.1820096969604,22,0.1524390243902439,29.299802780151367,0.1524390243902439,29.299802780151367,0.1524390243902439,57.59668707847595,0.1524390243902439,117.85222434997559,0.1524390243902439,175.4003825187683,0.2288329519450801,289.9033513069153,,,-0.1519756838905775,57.59668707847595,-0.1519756838905775,145.7871129512787,,,,,True,True,,2026-09-03 12:38:55.314,32850.0,71.0,3621.183471,20260903_015760_E010,2026-09-03 13:38:47.852,32850.0,71.0,28.645189,2026-09-03 13:38:47.852,,,,,,,2026-09-03 13:39:16.497,32850.0,,,,,,,,,,,,,,False,,,,,,,10,10,True,OPEN,20260903_015760_SHADOW_SCORE_70_74_E009_133749238960,,,,,,
2026-09-03 13:40:52.110,v1.6.9,008930,한미사이언스,WIDE_HIGH_GAP_SHADOW,ENTER,HIGH_GAP_3P0_TO_4P5,42,33,0,5,4,51600.0,4.444444444444445,MAIN,MAIN,2026-09-03 13:40:52.107,True,581.3549728393555,21,0.1941747572815534,34.61676478385925,0.1941747572815534,34.61676478385925,0.1941747572815534,65.62334775924683,0.0,124.63574051856995,0.1941747572815534,182.8487904071808,0.0,298.7863006591797,-0.18518518518518512,34.61676478385925,-0.18518518518518512,65.62334775924683,0.0,124.63574051856995,-0.18518518518518512,182.8487904071808,0.0,298.7863006591797,True,True,,,,,,20260903_008930_WIDE_E032,2026-09-03 13:40:52.107,51600.0,42.0,0.0,2026-09-03 13:40:23.188,,,,,,,2026-09-03 13:40:52.107,51600.0,,,,,,,,,,,,,,,,,,,,,33,32,True,OPEN,20260903_008930_WIDE_HIGH_GAP_SHADOW_E031_133846793866,WIDE_HIGH_GAP_SHADOW,,,,3.0,4.5
2026-09-03 13:42:22.965,v1.6.9,079900,전진건설로봇,WIDE_HIGH_GAP_SHADOW,ENTER,HIGH_GAP_3P0_TO_4P5,42,33,0,5,4,42950.0,3.2657657657657655,MAIN,MAIN,2026-09-03 13:42:22.961,True,595.1632106304169,21,-1.1507479861910241,30.57978057861328,-1.1507479861910241,30.57978057861328,-0.4634994206257242,62.26944351196289,1.1778563015312131,129.16489052772522,0.35046728971962615,189.88406348228455,-0.4634994206257242,307.73628783226013,1.1261261261261257,30.57978057861328,0.4504504504504503,62.26944351196289,-1.1261261261261266,129.16489052772522,-0.33783783783783816,189.88406348228455,0.4504504504504503,307.73628783226013,False,False,,,,,,20260903_079900_WIDE_E005,2026-09-03 13:42:22.961,42950.0,42.0,0.0,2026-09-03 13:41:57.736,,,,,,,2026-09-03 13:42:22.961,42950.0,,,,,,,,,,,,,,,,,,,,,8,5,True,STOP_LOSS,20260903_079900_WIDE_HIGH_GAP_SHADOW_E004_133817482960,WIDE_HIGH_GAP_SHADOW,,,,3.0,4.5
2026-09-03 13:43:20.536,v1.6.9,079900,전진건설로봇,WIDE_HIGH_GAP_SHADOW,ENTER,HIGH_GAP_3P0_TO_4P5,42,33,0,5,4,42550.0,4.166666666666666,MAIN,MAIN,2026-09-03 13:43:20.528,True,592.7460286617279,21,-1.2761020881670533,28.024115085601807,-1.2761020881670533,28.024115085601807,-0.9313154831199069,54.327940464019775,-1.3904982618771726,116.59738397598267,0.23557126030624262,183.492830991745,-1.0465116279069768,301.8086910247803,1.2387387387387383,28.024115085601807,0.9009009009009006,54.327940464019775,1.3513513513513509,116.59738397598267,-0.22522522522522603,183.492830991745,1.0135135135135132,301.8086910247803,False,False,,,,,,20260903_079900_WIDE_E006,2026-09-03 13:43:20.528,42550.0,42.0,0.0,2026-09-03 13:42:52.064,,,,,,,2026-09-03 13:43:20.528,42550.0,,,,,,,,,,,,,,,,,,,,,9,6,True,OPEN,20260903_079900_WIDE_HIGH_GAP_SHADOW_E005_134222971411,WIDE_HIGH_GAP_SHADOW,,,,3.0,4.5
2026-09-03 13:44:46.492,v1.6.9,079900,전진건설로봇,WIDE_HIGH_GAP_SHADOW,ENTER,HIGH_GAP_3P0_TO_4P5,42,33,0,5,4,42600.0,4.054054054054054,MAIN,MAIN,2026-09-03 13:44:46.491,True,592.4983279705048,21,0.4716981132075472,29.263293743133545,0.4716981132075472,29.263293743133545,0.2352941176470588,57.385658502578735,-1.160092807424594,114.995365858078,-1.9562715765247412,171.87897181510925,-0.3508771929824561,301.47066473960876,-0.4504504504504503,29.263293743133545,-0.22522522522522515,57.385658502578735,1.1261261261261266,114.995365858078,1.9144144144144146,171.87897181510925,0.33783783783783816,301.47066473960876,True,True,,,,,,20260903_079900_WIDE_E007,2026-09-03 13:44:46.491,42600.0,42.0,0.0,2026-09-03 13:44:19.035,,,,,,,2026-09-03 13:44:46.491,42600.0,,,,,,,,,,,,,,,,,,,,,10,7,True,OPEN,20260903_079900_WIDE_HIGH_GAP_SHADOW_E006_134320550393,WIDE_HIGH_GAP_SHADOW,,,,3.0,4.5
2026-09-03 13:47:09.655,v1.6.9,015760,한국전력,SHADOW_SCORE_70_74,ENTER,SCORE_70_74_BEFORE_FIRST75,71,37,25,5,4,32850.0,0.1519756838905775,MAIN,MAIN,2026-09-03 13:47:09.630,True,589.5679893493652,21,0.1524390243902439,28.82186007499695,0.1524390243902439,28.82186007499695,0.1524390243902439,58.385509967803955,0.45871559633027525,111.97169947624207,0.1524390243902439,169.79580402374268,0.3053435114503817,312.4114820957184,,,,,,,,,,,True,True,,2026-09-03 12:38:55.314,32850.0,71.0,4094.315979,20260903_015760_E011,2026-09-03 13:46:39.568,32850.0,71.0,30.061932,2026-09-03 13:46:39.568,,,,,,,2026-09-03 13:47:09.630,32850.0,,,,,,,,,,,,,,False,,,,,,,11,11,True,OPEN,20260903_015760_SHADOW_SCORE_70_74_E010_133916537018,,,,,,
2026-09-03 13:49:09.001,v1.6.9,079900,전진건설로봇,WIDE_HIGH_GAP_SHADOW,ENTER,HIGH_GAP_3P0_TO_4P5,46,37,0,5,4,42450.0,4.391891891891892,MAIN,MAIN,2026-09-03 13:49:08.999,True,591.4240703582764,21,0.23612750885478156,30.92215847969055,0.23612750885478156,30.92215847969055,-0.1176470588235294,59.766185998916626,-0.35211267605633806,119.70830535888672,-0.9334889148191364,178.09381532669067,0.1179245283018868,289.5041093826294,-0.22522522522522515,30.92215847969055,0.11261261261261257,59.766185998916626,0.3378378378378377,119.70830535888672,0.9009009009009015,178.09381532669067,-0.11261261261261257,289.5041093826294,True,False,,,,,,20260903_079900_WIDE_E008,2026-09-03 13:49:08.999,42450.0,46.0,0.0,2026-09-03 13:48:39.276,,,,,,,2026-09-03 13:49:08.999,42450.0,,,,,,,,,,,,,,,,,,,,,11,8,True,OPEN,20260903_079900_WIDE_HIGH_GAP_SHADOW_E007_134446521638,WIDE_HIGH_GAP_SHADOW,,,,3.0,4.5
2026-09-03 13:50:09.456,v1.6.9,008930,한미사이언스,WIDE_HIGH_GAP_SHADOW,ENTER,HIGH_GAP_3P0_TO_4P5,42,33,0,5,4,51700.0,4.2592592592592595,MAIN,MAIN,2026-09-03 13:50:09.450,True,591.5626766681671,21,0.3883495145631068,30.054712057113647,0.3883495145631068,30.054712057113647,0.5836575875486382,60.85777926445007,0.5836575875486382,120.6239652633667,0.1937984496124031,180.5660846233368,0.0,292.53778409957886,-0.37037037037037024,30.054712057113647,-0.5555555555555554,60.85777926445007,-0.5555555555555554,120.6239652633667,-0.18518518518518512,180.5660846233368,0.0,292.53778409957886,True,True,,,,,,20260903_008930_WIDE_E033,2026-09-03 13:50:09.450,51700.0,42.0,0.0,2026-09-03 13:49:40.134,,,,,,,2026-09-03 13:50:09.450,51700.0,,,,,,,,,,,,,,,,,,,,,34,33,True,OPEN,20260903_008930_WIDE_HIGH_GAP_SHADOW_E032_134052117548,WIDE_HIGH_GAP_SHADOW,,,,3.0,4.5
2026-09-03 13:53:04.938,v1.6.9,008930,한미사이언스,WIDE_HIGH_GAP_SHADOW,ENTER,HIGH_GAP_3P0_TO_4P5,42,33,0,5,4,51600.0,4.444444444444445,MAIN,MAIN,2026-09-03 13:53:04.936,True,583.8356802463531,21,0.1941747572815534,26.67033863067627,0.1941747572815534,26.67033863067627,0.0,56.468276262283325,0.0,115.48442363739014,-0.19342359767891684,175.76583456993103,0.38910505836575876,296.38979983329773,-0.18518518518518512,26.67033863067627,0.0,56.468276262283325,0.0,115.48442363739014,0.18518518518518512,175.76583456993103,-0.37037037037037024,296.38979983329773,True,False,,,,,,20260903_008930_WIDE_E034,2026-09-03 13:53:04.936,51600.0,42.0,0.0,2026-09-03 13:52:35.900,,,,,,,2026-09-03 13:53:04.936,51600.0,,,,,,,,,,,,,,,,,,,,,35,34,True,OPEN,20260903_008930_WIDE_HIGH_GAP_SHADOW_E033_135009472508,WIDE_HIGH_GAP_SHADOW,,,,3.0,4.5
2026-09-03 13:54:05.158,v1.6.9,008930,한미사이언스,WIDE_HIGH_GAP_SHADOW,ENTER,HIGH_GAP_3P0_TO_4P5,42,33,0,5,4,51600.0,4.444444444444445,MAIN,MAIN,2026-09-03 13:54:05.155,True,586.6334402561188,21,0.1941747572815534,30.3807852268219,0.1941747572815534,30.3807852268219,0.0,60.505717039108276,0.0,116.9739933013916,0.0,175.9901406764984,0.38910505836575876,297.1293308734894,-0.18518518518518512,30.3807852268219,0.0,60.505717039108276,0.0,116.9739933013916,0.0,175.9901406764984,-0.37037037037037024,297.1293308734894,True,False,,,,,,20260903_008930_WIDE_E035,2026-09-03 13:54:05.155,51600.0,42.0,0.0,2026-09-03 13:53:36.405,,,,,,,2026-09-03 13:54:05.155,51600.0,,,,,,,,,,,,,,,,,,,,,36,35,True,OPEN,20260903_008930_WIDE_HIGH_GAP_SHADOW_E034_135304943380,WIDE_HIGH_GAP_SHADOW,,,,3.0,4.5
2026-09-03 13:54:33.292,v1.6.9,388050,지투파워,WIDE_HIGH_GAP_SHADOW,ENTER,HIGH_GAP_3P0_TO_4P5,33,24,0,5,4,9900.0,4.440154440154441,MAIN,MAIN,2026-09-03 13:54:33.290,True,587.1932334899902,21,0.10111223458038424,29.823086977005005,0.10111223458038424,29.823086977005005,0.0,60.203872203826904,-0.10090817356205853,116.99914264678955,-0.10090817356205853,176.98075437545776,-0.10090817356205853,296.14935064315796,-0.09652509652509611,29.823086977005005,0.0,60.203872203826904,0.096525096525097,116.99914264678955,0.096525096525097,176.98075437545776,0.096525096525097,296.14935064315796,True,False,,,,,,20260903_388050_WIDE_E007,2026-09-03 13:54:33.290,9900.0,33.0,0.0,2026-09-03 13:54:06.228,,,,,,,2026-09-03 13:54:33.290,9900.0,,,,,,,,,,,,,,,,,,,,,7,7,True,OPEN,20260903_388050_WIDE_HIGH_GAP_SHADOW_E006_132637174087,WIDE_HIGH_GAP_SHADOW,,,,3.0,4.5
2026-09-03 13:56:56.784,v1.6.9,388050,지투파워,WIDE_HIGH_GAP_SHADOW,ENTER,HIGH_GAP_3P0_TO_4P5,33,24,0,5,4,9980.0,3.667953667953668,MAIN,MAIN,2026-09-03 13:56:56.782,True,589.0694556236267,21,1.2170385395537524,28.081650733947754,1.2170385395537524,28.081650733947754,1.0121457489878543,57.19835138320923,0.7063572149344097,114.31564402580261,0.910010111223458,172.2318193912506,0.7063572149344097,289.2058126926422,-1.1583011583011578,28.081650733947754,-0.9652509652509647,57.19835138320923,-0.6756756756756754,114.31564402580261,-0.8687258687258685,172.2318193912506,-0.6756756756756754,289.2058126926422,True,True,,,,,,20260903_388050_WIDE_E008,2026-09-03 13:56:56.782,9980.0,33.0,0.0,2026-09-03 13:56:28.637,,,,,,,2026-09-03 13:56:56.782,9980.0,,,,,,,,,,,,,,,,,,,,,8,8,True,OPEN,20260903_388050_WIDE_HIGH_GAP_SHADOW_E007_135433301062,WIDE_HIGH_GAP_SHADOW,,,,3.0,4.5
2026-09-03 13:57:26.575,v1.6.9,008930,한미사이언스,WIDE_HIGH_GAP_SHADOW,ENTER,HIGH_GAP_3P0_TO_4P5,42,33,0,5,4,51600.0,4.444444444444445,MAIN,MAIN,2026-09-03 13:57:26.573,True,587.1073136329651,21,0.1941747572815534,29.164705991744995,0.1941747572815534,29.164705991744995,-0.19342359767891684,57.24635672569275,0.0,114.00128436088562,-0.19342359767891684,171.5734384059906,0.1941747572815534,288.57258105278015,-0.18518518518518512,29.164705991744995,0.18518518518518512,57.24635672569275,0.0,114.00128436088562,0.18518518518518512,171.5734384059906,-0.18518518518518512,288.57258105278015,True,False,,,,,,20260903_008930_WIDE_E036,2026-09-03 13:57:26.573,51600.0,42.0,0.0,2026-09-03 13:56:57.802,,,,,,,2026-09-03 13:57:26.573,51600.0,,,,,,,,,,,,,,,,,,,,,37,36,True,OPEN,20260903_008930_WIDE_HIGH_GAP_SHADOW_E035_135405178669,WIDE_HIGH_GAP_SHADOW,,,,3.0,4.5
2026-09-03 13:57:58.143,v1.6.9,388050,지투파워,WIDE_HIGH_GAP_SHADOW,ENTER,HIGH_GAP_3P0_TO_4P5,33,24,0,5,4,10040.0,3.088803088803089,MAIN,MAIN,2026-09-03 13:57:58.142,True,588.1719844341278,21,-0.09950248756218905,29.879942178726196,-0.09950248756218905,29.879942178726196,0.6012024048096193,59.04464817047119,1.6194331983805668,116.24299955368042,1.3118062563067607,173.3602921962738,1.3118062563067607,291.7821846008301,0.09652509652509655,29.879942178726196,-0.5791505791505793,59.04464817047119,-1.544401544401544,116.24299955368042,-1.2548262548262548,173.3602921962738,-1.2548262548262548,291.7821846008301,False,True,,,,,,20260903_388050_WIDE_E009,2026-09-03 13:57:58.142,10040.0,33.0,0.0,2026-09-03 13:57:27.682,,,,,,,2026-09-03 13:57:58.142,10040.0,,,,,,,,,,,,,,,,,,,,,9,9,True,OPEN,20260903_388050_WIDE_HIGH_GAP_SHADOW_E008_135656790605,WIDE_HIGH_GAP_SHADOW,,,,3.0,4.5
2026-09-03 13:58:28.468,v1.6.9,008930,한미사이언스,WIDE_HIGH_GAP_SHADOW,ENTER,HIGH_GAP_3P0_TO_4P5,42,33,0,5,4,51700.0,4.2592592592592595,MAIN,MAIN,2026-09-03 13:58:28.461,True,590.8178327083588,21,0.5836575875486382,31.48987579345703,0.5836575875486382,31.48987579345703,0.1937984496124031,61.36981797218323,0.0,118.61617469787598,0.1937984496124031,175.37110233306885,0.3883495145631068,293.14712858200073,-0.5555555555555554,31.48987579345703,-0.18518518518518512,61.36981797218323,0.0,118.61617469787598,-0.18518518518518512,175.37110233306885,-0.37037037037037024,293.14712858200073,True,True,,,,,,20260903_008930_WIDE_E037,2026-09-03 13:58:28.461,51700.0,42.0,0.0,2026-09-03 13:57:59.172,,,,,,,2026-09-03 13:58:28.461,51700.0,,,,,,,,,,,,,,,,,,,,,38,37,True,OPEN,20260903_008930_WIDE_HIGH_GAP_SHADOW_E036_135726583105,WIDE_HIGH_GAP_SHADOW,,,,3.0,4.5
2026-09-03 13:59:32.167,v1.6.9,004710,한솔테크닉스,WIDE_HIGH_GAP_SHADOW,ENTER,HIGH_GAP_3P0_TO_4P5,38,29,0,5,4,8570.0,3.1638418079096042,MAIN,MAIN,2026-09-03 13:59:32.156,True,591.6923053264618,21,-0.3488372093023256,32.23372769355774,-0.3488372093023256,32.23372769355774,-0.3488372093023256,62.599698305130005,-0.3488372093023256,123.96951627731323,-0.580046403712297,181.21587300300598,-0.580046403712297,295.54295468330383,0.33898305084745717,32.23372769355774,0.33898305084745717,62.599698305130005,0.33898305084745717,123.96951627731323,0.5649717514124291,181.21587300300598,0.5649717514124291,295.54295468330383,False,False,,,,,,20260903_004710_WIDE_E021,2026-09-03 13:59:32.156,8570.0,38.0,0.0,2026-09-03 13:59:01.771,,,,,,,2026-09-03 13:59:32.156,8570.0,,,,,,,,,,,,,,,,,,,,,21,21,True,OPEN,20260903_004710_WIDE_HIGH_GAP_SHADOW_E020_130046914174,WIDE_HIGH_GAP_SHADOW,,,,3.0,4.5
2026-09-03 13:59:32.201,v1.6.9,008930,한미사이언스,WIDE_HIGH_GAP_SHADOW,ENTER,HIGH_GAP_3P0_TO_4P5,42,33,0,5,4,51700.0,4.2592592592592595,MAIN,MAIN,2026-09-03 13:59:32.198,True,591.6923053264618,21,0.3883495145631068,32.23372769355774,0.3883495145631068,32.23372769355774,0.0,62.599698305130005,0.1937984496124031,123.96951627731323,0.0,181.21587300300598,0.0,295.54295468330383,-0.37037037037037024,32.23372769355774,0.0,62.599698305130005,-0.18518518518518512,123.96951627731323,0.0,181.21587300300598,0.0,295.54295468330383,True,False,,,,,,20260903_008930_WIDE_E038,2026-09-03 13:59:32.198,51700.0,42.0,0.0,2026-09-03 13:59:01.771,,,,,,,2026-09-03 13:59:32.198,51700.0,,,,,,,,,,,,,,,,,,,,,39,38,True,OPEN,20260903_008930_WIDE_HIGH_GAP_SHADOW_E037_135828489737,WIDE_HIGH_GAP_SHADOW,,,,3.0,4.5
2026-09-03 14:00:30.641,v1.6.9,008930,한미사이언스,WIDE_HIGH_GAP_SHADOW,ENTER,HIGH_GAP_3P0_TO_4P5,42,33,0,5,4,51600.0,4.444444444444445,MAIN,MAIN,2026-09-03 14:00:30.638,True,592.2771139144897,21,0.1941747572815534,29.507214784622192,0.1941747572815534,29.507214784622192,-0.19342359767891684,61.03718638420105,-0.19342359767891684,123.63688468933105,0.0,185.00670266151428,0.0,299.0079870223999,-0.18518518518518512,29.507214784622192,0.18518518518518512,61.03718638420105,0.18518518518518512,123.63688468933105,0.0,185.00670266151428,0.0,299.0079870223999,True,False,,,,,,20260903_008930_WIDE_E039,2026-09-03 14:00:30.638,51600.0,42.0,0.0,2026-09-03 14:00:02.809,,,,,,,2026-09-03 14:00:30.638,51600.0,,,,,,,,,,,,,,,,,,,,,40,39,True,OPEN,20260903_008930_WIDE_HIGH_GAP_SHADOW_E038_135932219575,WIDE_HIGH_GAP_SHADOW,,,,3.0,4.5
2026-09-03 14:00:30.700,v1.6.9,388050,지투파워,WIDE_HIGH_GAP_SHADOW,ENTER,HIGH_GAP_3P0_TO_4P5,33,24,0,5,4,10030.0,3.1853281853281854,MAIN,MAIN,2026-09-03 14:00:30.699,True,592.2771139144897,21,-0.1990049751243781,29.507214784622192,-0.1990049751243781,29.507214784622192,0.40040040040040037,61.03718638420105,-0.099601593625498,123.63688468933105,-0.1990049751243781,185.00670266151428,1.2108980827447022,299.0079870223999,0.1930501930501931,29.507214784622192,-0.3861003861003858,61.03718638420105,0.09652509652509655,123.63688468933105,0.1930501930501931,185.00670266151428,-1.1583011583011582,299.0079870223999,False,True,,,,,,20260903_388050_WIDE_E010,2026-09-03 14:00:30.699,10030.0,33.0,0.0,2026-09-03 14:00:02.809,,,,,,,2026-09-03 14:00:30.699,10030.0,,,,,,,,,,,,,,,,,,,,,10,10,True,OPEN,20260903_388050_WIDE_HIGH_GAP_SHADOW_E009_135758159356,WIDE_HIGH_GAP_SHADOW,,,,3.0,4.5
2026-09-03 14:00:30.726,v1.6.9,003670,포스코퓨처엠,SHADOW_SCORE_70_74,ENTER,SCORE_70_74_BEFORE_FIRST75,71,37,25,5,4,186500.0,0.05359056806002144,MAIN,MAIN,2026-09-03 14:00:30.682,True,592.2771139144897,21,0.7563479200432199,29.507214784622192,0.7563479200432199,29.507214784622192,0.7563479200432199,61.03718638420105,1.248642779587405,123.63688468933105,1.358695652173913,185.00670266151428,1.4138118542686242,299.0079870223999,-0.0004051122855509223,29.507214784622192,-0.0004051122855509223,61.03718638420105,,,,,,,True,True,,2026-09-03 13:58:29.538,185000.0,67.0,121.144452,20260903_003670_E001,2026-09-03 13:58:29.538,185000.0,67.0,121.144452,2026-09-03 14:00:02.809,,,,,,,2026-09-03 14:00:30.682,186500.0,,,,,,,,,,,,,,False,,,,,,,1,1,False,,,,,,,,
2026-09-03 14:00:30.754,v1.6.9,015760,한국전력,SHADOW_SCORE_70_74,ENTER,SCORE_70_74_BEFORE_FIRST75,71,37,25,5,4,32850.0,0.30349013657056145,MAIN,MAIN,2026-09-03 14:00:30.694,True,592.2771139144897,21,0.1524390243902439,29.507214784622192,0.1524390243902439,29.507214784622192,0.1524390243902439,61.03718638420105,0.1524390243902439,123.63688468933105,0.0,185.00670266151428,0.0,299.0079870223999,,,-0.15174506828528073,61.03718638420105,-0.15174506828528073,123.63688468933105,0.0,185.00670266151428,0.0,299.0079870223999,True,True,,2026-09-03 12:38:55.314,32850.0,71.0,4895.379932,20260903_015760_E012,2026-09-03 14:00:02.809,32850.0,71.0,27.885021,2026-09-03 14:00:02.809,,,,,,,2026-09-03 14:00:30.694,32850.0,,,,,,,,,,,,,,False,,,,,,,12,12,True,OPEN,20260903_015760_SHADOW_SCORE_70_74_E011_134709679309,,,,,,
2026-09-03 14:01:27.508,v1.6.9,000720,현대건설,WIDE_HIGH_GAP_SHADOW,ENTER,HIGH_GAP_3P0_TO_4P5,49,40,0,5,4,119300.0,3.1655844155844153,MAIN,MAIN,2026-09-03 14:01:27.502,True,591.3693206310272,21,-0.41736227045075125,28.821616172790527,-0.41736227045075125,28.821616172790527,-0.41736227045075125,57.808425188064575,-0.5004170141784821,118.84561157226562,-0.5833333333333334,181.44530987739563,-0.9958506224066389,300.0614845752716,0.40584415584415545,28.821616172790527,0.40584415584415545,57.808425188064575,0.4870129870129869,118.84561157226562,0.5681818181818179,181.44530987739563,0.9740259740259738,300.0614845752716,False,False,,,,,,20260903_000720_WIDE_E001,2026-09-03 14:01:27.502,119300.0,49.0,0.0,2026-09-03 14:01:00.617,,,,,,,2026-09-03 14:01:27.502,119300.0,,,,,,,,,,,,,,,,,,,,,2,1,False,,,WIDE_HIGH_GAP_SHADOW,,,,3.0,4.5
2026-09-03 14:01:58.357,v1.6.9,033790,피노,WIDE_HIGH_GAP_SHADOW,ENTER,HIGH_GAP_3P0_TO_4P5,38,29,0,5,4,8660.0,3.0235162374020157,MAIN,MAIN,2026-09-03 14:01:58.352,True,589.2264821529388,21,-0.11534025374855825,28.04083561897278,-0.11534025374855825,28.04083561897278,-0.5740528128587831,56.862451791763306,-0.34522439585730724,115.35647559165955,-0.6880733944954129,179.12017488479614,-0.11534025374855825,300.02066946029663,0.11198208286674127,28.04083561897278,0.5599104143337068,56.862451791763306,0.33594624860022426,115.35647559165955,0.6718924972004481,179.12017488479614,0.11198208286674127,300.02066946029663,False,False,,,,,,20260903_033790_WIDE_E011,2026-09-03 14:01:58.352,8660.0,38.0,0.0,2026-09-03 14:01:28.658,,,,,,,2026-09-03 14:01:58.352,8660.0,,,,,,,,,,,,,,,,,,,,,11,11,True,OPEN,20260903_033790_WIDE_HIGH_GAP_SHADOW_E010_131248648282,WIDE_HIGH_GAP_SHADOW,,,,3.0,4.5
2026-09-03 14:01:58.397,v1.6.9,015760,한국전력,SHADOW_SCORE_70_74,ENTER,SCORE_70_74_BEFORE_FIRST75,71,37,25,5,4,32800.0,0.4552352048558422,MAIN,MAIN,2026-09-03 14:01:58.345,True,589.2264821529388,21,0.0,28.04083561897278,0.0,28.04083561897278,0.0,56.862451791763306,0.0,115.35647559165955,-0.15220700152207,179.12017488479614,-0.15220700152207,300.02066946029663,,,0.15174506828528073,85.84926080703735,,,0.15174506828528073,179.12017488479614,0.15174506828528073,300.02066946029663,False,False,,2026-09-03 12:38:55.314,32850.0,71.0,4983.031384,20260903_015760_E013,2026-09-03 14:01:28.658,32800.0,71.0,29.687212,2026-09-03 14:01:28.658,,,,,,,2026-09-03 14:01:58.345,32800.0,,,,,,,,,,,,,,False,,,,,,,13,13,True,OPEN,20260903_015760_SHADOW_SCORE_70_74_E012_140030778358,,,,,,
2026-09-03 14:03:26.302,v1.6.9,004710,한솔테크닉스,WIDE_HIGH_GAP_SHADOW,ENTER,HIGH_GAP_3P0_TO_4P5,38,29,0,5,4,8550.0,3.389830508474576,MAIN,MAIN,2026-09-03 14:03:26.301,True,592.3710935115814,21,-0.46565774155995343,27.797037839889526,-0.46565774155995343,27.797037839889526,0.23446658851113714,58.986560344696045,0.0,117.77865505218506,-0.11682242990654204,175.58708024024963,-0.5813953488372093,299.2239649295807,0.45197740112994333,27.797037839889526,-0.2259887005649719,58.986560344696045,0.0,117.77865505218506,0.11299435028248572,175.58708024024963,0.5649717514124291,299.2239649295807,False,True,,,,,,20260903_004710_WIDE_E022,2026-09-03 14:03:26.301,8550.0,38.0,0.0,2026-09-03 14:02:58.396,,,,,,,2026-09-03 14:03:26.301,8550.0,,,,,,,,,,,,,,,,,,,,,22,22,True,OPEN,20260903_004710_WIDE_HIGH_GAP_SHADOW_E021_135932187020,WIDE_HIGH_GAP_SHADOW,,,,3.0,4.5
2026-09-03 14:03:26.375,v1.6.9,033790,피노,WIDE_HIGH_GAP_SHADOW,ENTER,HIGH_GAP_3P0_TO_4P5,38,29,0,5,4,8610.0,3.5834266517357225,MAIN,MAIN,2026-09-03 14:03:26.373,True,592.3710935115814,21,-0.6920415224913495,27.797037839889526,-0.6920415224913495,27.797037839889526,-1.0344827586206897,58.986560344696045,-0.6920415224913495,117.77865505218506,-0.6920415224913495,175.58708024024963,-0.9205983889528193,299.2239649295807,0.6718924972004481,27.797037839889526,1.0078387458006723,58.986560344696045,0.6718924972004481,117.77865505218506,0.6718924972004481,175.58708024024963,0.8958566629339311,299.2239649295807,False,False,,,,,,20260903_033790_WIDE_E012,2026-09-03 14:03:26.373,8610.0,38.0,0.0,2026-09-03 14:02:58.396,,,,,,,2026-09-03 14:03:26.373,8610.0,,,,,,,,,,,,,,,,,,,,,12,12,True,OPEN,20260903_033790_WIDE_HIGH_GAP_SHADOW_E011_140158376914,WIDE_HIGH_GAP_SHADOW,,,,3.0,4.5
2026-09-03 14:03:54.538,v1.6.9,006360,GS건설,WIDE_HIGH_GAP_SHADOW,ENTER,HIGH_GAP_3P0_TO_4P5,42,33,0,5,4,33900.0,3.1428571428571432,MAIN,MAIN,2026-09-03 14:03:54.537,True,591.016761302948,21,-0.14727540500736377,29.026453018188477,-0.14727540500736377,29.026453018188477,-0.14727540500736377,56.823490858078,-0.29411764705882354,118.76427245140076,-0.4405286343612335,175.62672424316406,-0.29411764705882354,297.8844473361969,0.14285714285714324,29.026453018188477,0.14285714285714324,56.823490858078,0.28571428571428603,118.76427245140076,0.4285714285714288,175.62672424316406,0.28571428571428603,297.8844473361969,False,False,,,,,,20260903_006360_WIDE_E001,2026-09-03 14:03:54.537,33900.0,42.0,0.0,2026-09-03 14:03:27.422,,,,,,,2026-09-03 14:03:54.537,33900.0,,,,,,,,,,,,,,,,,,,,,1,1,False,,,WIDE_HIGH_GAP_SHADOW,,,,3.0,4.5
2026-09-03 14:04:52.284,v1.6.9,006360,GS건설,WIDE_HIGH_GAP_SHADOW,ENTER,HIGH_GAP_3P0_TO_4P5,42,33,0,5,4,33900.0,3.1428571428571432,MAIN,MAIN,2026-09-03 14:04:52.275,True,590.7122783660889,21,-0.14727540500736377,29.4397189617157,-0.14727540500736377,29.4397189617157,0.0,57.61169242858887,-0.14727540500736377,114.43518328666687,-0.29411764705882354,176.37596487998962,-0.29411764705882354,291.73244047164917,0.14285714285714324,29.4397189617157,0.0,57.61169242858887,0.14285714285714324,114.43518328666687,0.28571428571428603,176.37596487998962,0.28571428571428603,291.73244047164917,False,False,,,,,,20260903_006360_WIDE_E002,2026-09-03 14:04:52.275,33900.0,42.0,0.0,2026-09-03 14:04:25.034,,,,,,,2026-09-03 14:04:52.275,33900.0,,,,,,,,,,,,,,,,,,,,,2,2,True,OPEN,20260903_006360_WIDE_HIGH_GAP_SHADOW_E001_140354546227,WIDE_HIGH_GAP_SHADOW,,,,3.0,4.5
2026-09-03 14:05:20.419,v1.6.9,033790,피노,WIDE_HIGH_GAP_SHADOW,ENTER,HIGH_GAP_3P0_TO_4P5,38,29,0,5,4,8650.0,3.135498320268757,MAIN,MAIN,2026-09-03 14:05:20.418,True,589.5735449790955,21,-0.46029919447640966,28.34033226966858,-0.46029919447640966,28.34033226966858,0.0,57.78005123138428,0.4645760743321719,114.97847771644592,-0.5747126436781609,173.96503806114197,-0.2306805074971165,290.56555795669556,0.44792833146696553,28.34033226966858,0.0,57.78005123138428,-0.44792833146696553,114.97847771644592,0.5599104143337068,173.96503806114197,0.22396416573348255,290.56555795669556,False,False,,,,,,20260903_033790_WIDE_E013,2026-09-03 14:05:20.418,8650.0,38.0,0.0,2026-09-03 14:04:53.374,,,,,,,2026-09-03 14:05:20.418,8650.0,,,,,,,,,,,,,,,,,,,,,13,13,True,OPEN,20260903_033790_WIDE_HIGH_GAP_SHADOW_E012_140326392056,WIDE_HIGH_GAP_SHADOW,,,,3.0,4.5
2026-09-03 14:06:42.881,v1.6.9,015760,한국전력,SHADOW_SCORE_70_74,ENTER,SCORE_70_74_BEFORE_FIRST75,71,37,25,5,4,32850.0,0.30349013657056145,MAIN,MAIN,2026-09-03 14:06:42.862,True,588.3034009933472,21,0.1524390243902439,26.794467449188232,0.1524390243902439,26.794467449188232,0.0,55.50194072723389,-0.1519756838905775,111.90676665306091,-0.1519756838905775,169.51845908164978,0.1524390243902439,288.28273153305054,0.0,55.50194072723389,0.0,55.50194072723389,0.15174506828528073,111.90676665306091,0.15174506828528073,169.51845908164978,-0.15174506828528073,288.28273153305054,True,False,,2026-09-03 12:38:55.314,32850.0,71.0,5267.548021,20260903_015760_E014,2026-09-03 14:06:16.941,32850.0,71.0,25.921118,2026-09-03 14:06:16.941,,,,,,,2026-09-03 14:06:42.862,32850.0,,,,,,,,,,,,,,False,,,,,,,14,14,True,OPEN,20260903_015760_SHADOW_SCORE_70_74_E013_140158401205,,,,,,
2026-09-03 14:07:11.348,v1.6.9,033790,피노,WIDE_HIGH_GAP_SHADOW,ENTER,HIGH_GAP_3P0_TO_4P5,38,29,0,5,4,8660.0,3.0235162374020157,MAIN,MAIN,2026-09-03 14:07:11.344,True,586.1152355670929,21,-0.45977011494252873,26.976540565490723,-0.45977011494252873,26.976540565490723,0.23148148148148145,53.771008014678955,0.11560693641618498,110.54297494888306,0.11560693641618498,168.32302618026733,0.0,315.25927209854126,0.44792833146696553,26.976540565490723,-0.22396416573348255,53.771008014678955,-0.11198208286674127,110.54297494888306,-0.11198208286674127,168.32302618026733,0.0,315.25927209854126,False,True,,,,,,20260903_033790_WIDE_E014,2026-09-03 14:07:11.344,8660.0,38.0,0.0,2026-09-03 14:06:43.917,,,,,,,2026-09-03 14:07:11.344,8660.0,,,,,,,,,,,,,,,,,,,,,14,14,True,OPEN,20260903_033790_WIDE_HIGH_GAP_SHADOW_E013_140520425256,WIDE_HIGH_GAP_SHADOW,,,,3.0,4.5
2026-09-03 14:07:38.479,v1.6.9,008930,한미사이언스,WIDE_HIGH_GAP_SHADOW,ENTER,HIGH_GAP_3P0_TO_4P5,42,33,0,5,4,51600.0,4.444444444444445,MAIN,MAIN,2026-09-03 14:07:38.476,True,584.6914944648743,21,0.38910505836575876,28.45620107650757,0.38910505836575876,28.45620107650757,0.38910505836575876,55.43274164199829,0.38910505836575876,110.93468236923218,0.1941747572815534,167.3395082950592,0.2915451895043732,312.9642140865326,-0.37037037037037024,28.45620107650757,-0.37037037037037024,55.43274164199829,-0.37037037037037024,110.93468236923218,-0.18518518518518512,167.3395082950592,-0.2777777777777777,312.9642140865326,True,True,,,,,,20260903_008930_WIDE_E040,2026-09-03 14:07:38.476,51600.0,42.0,0.0,2026-09-03 14:07:12.373,,,,,,,2026-09-03 14:07:38.476,51600.0,,,,,,,,,,,,,,,,,,,,,41,40,True,OPEN,20260903_008930_WIDE_HIGH_GAP_SHADOW_E039_140030666334,WIDE_HIGH_GAP_SHADOW,,,,3.0,4.5
2026-09-03 14:08:29.300,v1.6.9,033790,피노,WIDE_HIGH_GAP_SHADOW,ENTER,HIGH_GAP_3P0_TO_4P5,38,29,0,5,4,8640.0,3.2474804031354982,MAIN,MAIN,2026-09-03 14:08:29.298,True,576.0375978946686,21,-0.34602076124567477,26.04213547706604,-0.34602076124567477,26.04213547706604,-0.34602076124567477,53.20194983482361,-0.6896551724137931,108.6346914768219,-0.11560693641618498,192.20112586021423,0.34843205574912894,307.17960357666016,0.3359462486002238,26.04213547706604,0.3359462486002238,53.20194983482361,0.6718924972004481,108.6346914768219,0.11198208286674127,192.20112586021423,-0.33594624860022426,307.17960357666016,False,False,,,,,,20260903_033790_WIDE_E015,2026-09-03 14:08:29.298,8640.0,38.0,0.0,2026-09-03 14:08:05.575,,,,,,,2026-09-03 14:08:29.298,8640.0,,,,,,,,,,,,,,,,,,,,,15,15,True,OPEN,20260903_033790_WIDE_HIGH_GAP_SHADOW_E014_140711358932,WIDE_HIGH_GAP_SHADOW,,,,3.0,4.5
2026-09-03 14:12:54.492,v1.6.9,000720,현대건설,WIDE_HIGH_GAP_SHADOW,ENTER,HIGH_GAP_3P0_TO_4P5,49,40,0,5,4,118100.0,4.1396103896103895,MAIN,MAIN,2026-09-03 14:12:54.491,True,572.9265806674957,23,0.0,23.08833932876587,0.0,23.08833932876587,0.0,71.15496563911438,-0.16906170752324598,119.62212324142456,-0.2533783783783784,167.70394039154053,-0.6728343145500421,291.7891125679016,,,,,0.16233766233766245,119.62212324142456,0.24350649350649345,167.70394039154053,0.6493506493506493,291.7891125679016,False,False,,,,,,20260903_000720_WIDE_E002,2026-09-03 14:12:54.491,118100.0,49.0,0.0,2026-09-03 14:12:31.322,,,,,,,2026-09-03 14:12:54.491,118100.0,,,,,,,,,,,,,,,,,,,,,3,2,True,OPEN,20260903_000720_WIDE_HIGH_GAP_SHADOW_E001_140127539853,WIDE_HIGH_GAP_SHADOW,,,,3.0,4.5
2026-09-03 14:13:16.511,v1.6.9,267270,HD건설기계,WIDE_HIGH_GAP_SHADOW,ENTER,HIGH_GAP_3P0_TO_4P5,38,29,0,5,4,135000.0,3.1563845050215207,MAIN,MAIN,2026-09-03 14:13:16.508,True,597.1312944889069,24,-0.22172949002217296,24.204713821411133,-0.22172949002217296,24.204713821411133,-0.29542097488921715,71.25389504432678,-0.7717750826901874,120.83218359947205,-0.8082292432035268,168.39049553871155,-1.2435991221653255,289.9516909122467,0.21520803443328562,24.204713821411133,0.28694404591104705,71.25389504432678,0.753228120516499,120.83218359947205,0.7890961262553802,168.39049553871155,1.2195121951219512,289.9516909122467,False,False,,,,,,20260903_267270_WIDE_E001,2026-09-03 14:13:16.508,135000.0,38.0,0.0,2026-09-03 14:12:55.527,,,,,,,2026-09-03 14:13:16.508,135000.0,,,,,,,,,,,,,,,,,,,,,1,1,False,,,WIDE_HIGH_GAP_SHADOW,,,,3.0,4.5
2026-09-03 14:14:49.416,v1.6.9,267270,HD건설기계,WIDE_HIGH_GAP_SHADOW,ENTER,HIGH_GAP_3P0_TO_4P5,38,29,0,5,4,134800.0,3.2998565279770444,MAIN,MAIN,2026-09-03 14:14:49.403,True,575.1450955867767,24,-0.36954915003695493,23.665964365005493,-0.36954915003695493,23.665964365005493,0.0,70.94029831886292,-0.36954915003695493,117.19699263572693,-0.5166051660516605,188.3519582748413,-1.0279001468428781,309.65785098075867,0.35868005738880937,23.665964365005493,0.0,70.94029831886292,0.35868005738880937,117.19699263572693,0.5021520803443327,188.3519582748413,1.0043041606886653,309.65785098075867,False,False,,,,,,20260903_267270_WIDE_E002,2026-09-03 14:14:49.403,134800.0,38.0,0.0,2026-09-03 14:14:28.519,,,,,,,2026-09-03 14:14:49.403,134800.0,,,,,,,,,,,,,,,,,,,,,2,2,True,OPEN,20260903_267270_WIDE_HIGH_GAP_SHADOW_E001_141316548957,WIDE_HIGH_GAP_SHADOW,,,,3.0,4.5
2026-09-03 14:14:49.462,v1.6.9,004020,현대제철,WIDE_HIGH_GAP_SHADOW,ENTER,HIGH_GAP_3P0_TO_4P5,33,24,0,5,4,31550.0,3.0721966205837172,MAIN,MAIN,2026-09-03 14:14:49.461,True,575.1450955867767,24,-0.47318611987381703,23.665964365005493,-0.47318611987381703,23.665964365005493,-0.15822784810126583,70.94029831886292,-0.315955766192733,117.19699263572693,-0.315955766192733,188.3519582748413,-0.7861635220125787,309.65785098075867,0.4608294930875574,23.665964365005493,0.1536098310291858,70.94029831886292,0.3072196620583716,117.19699263572693,0.3072196620583716,188.3519582748413,0.768049155145929,309.65785098075867,False,False,,,,,,20260903_004020_WIDE_E004,2026-09-03 14:14:49.461,31550.0,33.0,0.0,2026-09-03 14:14:28.519,,,,,,,2026-09-03 14:14:49.461,31550.0,,,,,,,,,,,,,,,,,,,,,4,4,True,TAKE_PROFIT,20260903_004020_WIDE_HIGH_GAP_SHADOW_E003_104817737072,WIDE_HIGH_GAP_SHADOW,,,,3.0,4.5
2026-09-03 14:15:36.974,v1.6.9,004020,현대제철,WIDE_HIGH_GAP_SHADOW,ENTER,HIGH_GAP_3P0_TO_4P5,33,24,0,5,4,31500.0,3.225806451612903,MAIN,MAIN,2026-09-03 14:15:36.972,True,593.5114960670471,25,-0.31645569620253167,24.441568851470947,-0.31645569620253167,24.441568851470947,-0.6309148264984227,70.09685850143433,-0.31645569620253167,117.37119245529175,-0.47393364928909953,186.71622610092163,-0.7874015748031495,307.8136684894562,0.3072196620583716,24.441568851470947,0.6144393241167432,70.09685850143433,0.3072196620583716,117.37119245529175,0.4608294930875574,186.71622610092163,0.768049155145929,307.8136684894562,False,False,,,,,,20260903_004020_WIDE_E005,2026-09-03 14:15:36.972,31500.0,33.0,0.0,2026-09-03 14:15:14.950,,,,,,,2026-09-03 14:15:36.972,31500.0,,,,,,,,,,,,,,,,,,,,,5,5,True,OPEN,20260903_004020_WIDE_HIGH_GAP_SHADOW_E004_141449472027,WIDE_HIGH_GAP_SHADOW,,,,3.0,4.5
2026-09-03 14:16:26.643,v1.6.9,267270,HD건설기계,WIDE_HIGH_GAP_SHADOW,ENTER,HIGH_GAP_3P0_TO_4P5,38,29,0,5,4,135150.0,3.048780487804878,MAIN,MAIN,2026-09-03 14:16:26.638,True,586.9475679397583,25,-0.1846381093057607,25.80504822731018,-0.1846381093057607,25.80504822731018,-0.11086474501108648,48.93801259994507,-0.11086474501108648,119.0348711013794,0.1111111111111111,188.3611855506897,-0.6615214994487321,309.19336915016174,0.17934002869440446,25.80504822731018,0.10760401721664303,48.93801259994507,0.10760401721664303,119.0348711013794,-0.10760401721664259,188.3611855506897,0.6456241032998564,309.19336915016174,False,False,,,,,,20260903_267270_WIDE_E003,2026-09-03 14:16:26.638,135150.0,38.0,0.0,2026-09-03 14:16:03.888,,,,,,,2026-09-03 14:16:26.638,135150.0,,,,,,,,,,,,,,,,,,,,,3,3,True,OPEN,20260903_267270_WIDE_HIGH_GAP_SHADOW_E002_141449442131,WIDE_HIGH_GAP_SHADOW,,,,3.0,4.5
2026-09-03 14:17:15.821,v1.6.9,033790,피노,WIDE_HIGH_GAP_SHADOW,ENTER,HIGH_GAP_3P0_TO_4P5,38,29,0,5,4,8530.0,4.479283314669653,MAIN,MAIN,2026-09-03 14:17:15.819,True,581.9065134525299,25,0.23501762632197415,26.571845531463623,0.23501762632197415,26.571845531463623,-0.5827505827505828,50.3916871547699,-0.4667444574095682,123.77126860618591,-0.6984866123399301,169.4265582561493,-0.23391812865497078,310.0067677497864,-0.22396416573348255,26.571845531463623,0.5599104143337064,50.3916871547699,0.4479283314669651,123.77126860618591,0.6718924972004476,169.4265582561493,0.22396416573348255,310.0067677497864,True,False,,,,,,20260903_033790_WIDE_E016,2026-09-03 14:17:15.819,8530.0,38.0,0.0,2026-09-03 14:16:54.280,,,,,,,2026-09-03 14:17:15.819,8530.0,,,,,,,,,,,,,,,,,,,,,16,16,True,STOP_LOSS,20260903_033790_WIDE_HIGH_GAP_SHADOW_E015_140829315515,WIDE_HIGH_GAP_SHADOW,,,,3.0,4.5
2026-09-03 14:19:42.110,v1.6.9,465770,STX그린로지스,SHADOW_SCORE_70_74,ENTER,SCORE_70_74_BEFORE_FIRST75,74,24,25,16,9,4450.0,0.0,MAIN,MAIN,2026-09-03 14:19:42.024,True,123.31474471092224,7,3.488372093023256,19.96426773071289,3.488372093023256,19.96426773071289,8.27250608272506,60.90736365318298,9.202453987730062,123.31474471092224,,,,,-2.9345372460496613,19.96426773071289,-2.2573363431151243,41.437912464141846,,,,,,,True,True,,2026-09-03 14:19:20.186,4450.0,74.0,21.838546,20260903_465770_E001,2026-09-03 14:19:20.186,4450.0,74.0,21.838546,2026-09-03 14:19:20.186,,,,,,,2026-09-03 14:19:42.024,4450.0,,,,,,,,,,,,,,False,,,,,,,1,1,False,,,,,,,,
2026-09-03 14:20:49.943,v1.6.9,010140,삼성중공업,WIDE_HIGH_GAP_SHADOW,ENTER,HIGH_GAP_3P0_TO_4P5,49,40,0,5,4,21175.0,3.3105022831050226,MAIN,MAIN,2026-09-03 14:20:49.938,True,577.0892453193665,26,-0.35294117647058826,20.938843250274658,-0.35294117647058826,20.938843250274658,-0.35294117647058826,71.59827065467834,-0.819672131147541,113.03618311882019,-1.0514018691588785,173.7145962715149,-1.0514018691588785,293.7009243965149,0.34246575342465757,20.938843250274658,0.34246575342465757,71.59827065467834,0.7990867579908674,113.03618311882019,1.0273972602739727,173.7145962715149,1.0273972602739727,293.7009243965149,False,False,,,,,,20260903_010140_WIDE_E001,2026-09-03 14:20:49.938,21175.0,49.0,0.0,2026-09-03 14:20:31.784,,,,,,,2026-09-03 14:20:49.938,21175.0,,,,,,,,,,,,,,,,,,,,,4,1,False,,,WIDE_HIGH_GAP_SHADOW,,,,3.0,4.5
2026-09-03 14:21:33.024,v1.6.9,010140,삼성중공업,WIDE_HIGH_GAP_SHADOW,ENTER,HIGH_GAP_3P0_TO_4P5,49,40,0,5,4,21200.0,3.1963470319634704,MAIN,MAIN,2026-09-03 14:21:33.023,True,594.3042738437653,27,-0.2352941176470588,21.483041048049927,-0.2352941176470588,21.483041048049927,-0.2352941176470588,63.626375913619995,-0.2352941176470588,114.28580331802368,-0.4694835680751174,175.19316697120667,-0.9345794392523363,310.58340883255005,0.22831050228310534,21.483041048049927,0.22831050228310534,63.626375913619995,0.22831050228310534,114.28580331802368,0.45662100456621024,175.19316697120667,0.9132420091324205,310.58340883255005,False,False,,,,,,20260903_010140_WIDE_E002,2026-09-03 14:21:33.023,21200.0,49.0,0.0,2026-09-03 14:21:14.472,,,,,,,2026-09-03 14:21:33.023,21200.0,,,,,,,,,,,,,,,,,,,,,5,2,True,OPEN,20260903_010140_WIDE_HIGH_GAP_SHADOW_E001_142049965352,WIDE_HIGH_GAP_SHADOW,,,,3.0,4.5
2026-09-03 14:22:14.670,v1.6.9,465770,STX그린로지스,WIDE_HIGH_GAP_SHADOW,ENTER,HIGH_GAP_3P0_TO_4P5,38,24,0,5,9,4390.0,3.5164835164835164,MAIN,MAIN,2026-09-03 14:22:14.669,True,277.7099132537842,14,-1.348314606741573,20.53288745880127,-1.348314606741573,20.53288745880127,-1.348314606741573,61.592406272888184,-1.348314606741573,129.29787731170654,2.0930232558139537,174.35943627357483,,,1.3186813186813184,20.53288745880127,3.5164835164835164,61.592406272888184,3.5164835164835164,129.29787731170654,0.5819462704338552,174.35943627357483,,,False,False,,,,,,20260903_465770_WIDE_E001,2026-09-03 14:22:14.669,4390.0,38.0,0.0,2026-09-03 14:21:54.581,,,,,,,2026-09-03 14:22:14.669,4390.0,,,,,,,,,,,,,,,,,,,,,2,1,False,,,WIDE_HIGH_GAP_SHADOW,,,,3.0,4.5
2026-09-03 14:22:58.300,v1.6.9,033790,피노,WIDE_HIGH_GAP_SHADOW,ENTER,HIGH_GAP_3P0_TO_4P5,38,29,0,5,4,8560.0,4.143337066069429,MAIN,MAIN,2026-09-03 14:22:58.297,True,582.0790078639984,27,0.5875440658049353,21.890225648880005,0.5875440658049353,21.890225648880005,0.7058823529411765,63.55793571472168,0.8244994110718492,125.821946144104,0.7058823529411765,172.32292556762695,0.234192037470726,299.5365424156189,-0.5599104143337064,21.890225648880005,-0.6718924972004476,63.55793571472168,-0.7838745800671889,125.821946144104,-0.6718924972004476,172.32292556762695,-0.22396416573348255,299.5365424156189,True,True,,,,,,20260903_033790_WIDE_E017,2026-09-03 14:22:58.297,8560.0,38.0,0.0,2026-09-03 14:22:37.606,,,,,,,2026-09-03 14:22:58.297,8560.0,,,,,,,,,,,,,,,,,,,,,17,17,True,OPEN,20260903_033790_WIDE_HIGH_GAP_SHADOW_E016_141715831276,WIDE_HIGH_GAP_SHADOW,,,,3.0,4.5
2026-09-03 14:24:40.681,v1.6.9,465770,STX그린로지스,WIDE_HIGH_GAP_SHADOW,ENTER,HIGH_GAP_3P0_TO_4P5,49,29,0,11,9,4570.0,3.7894736842105265,MAIN,MAIN,2026-09-03 14:24:40.673,True,424.7241988182068,21,-1.8259935553168638,20.225162982940674,-1.8259935553168638,20.225162982940674,-3.1779661016949152,59.8616898059845,3.0439684329199546,125.8794629573822,2.696629213483146,187.12365078926086,2.696629213483146,301.40945410728455,1.7894736842105265,20.225162982940674,1.473684210526316,40.97856259346008,1.2620011567379992,125.8794629573822,3.7894736842105265,187.12365078926086,3.7894736842105265,301.40945410728455,False,False,,,,,,20260903_465770_WIDE_E002,2026-09-03 14:24:40.673,4570.0,49.0,0.0,2026-09-03 14:24:21.595,,,,,,,2026-09-03 14:24:40.673,4570.0,,,,,,,,,,,,,,,,,,,,,3,2,True,STOP_LOSS,20260903_465770_WIDE_HIGH_GAP_SHADOW_E001_142214687055,WIDE_HIGH_GAP_SHADOW,,,,3.0,4.5
2026-09-03 14:24:40.747,v1.6.9,010140,삼성중공업,WIDE_HIGH_GAP_SHADOW,ENTER,HIGH_GAP_3P0_TO_4P5,49,40,0,5,4,21200.0,3.1963470319634704,MAIN,MAIN,2026-09-03 14:24:40.739,True,593.0759663581848,28,-0.2352941176470588,20.225162982940674,-0.2352941176470588,20.225162982940674,-0.2352941176470588,59.8616898059845,-0.5861664712778429,125.8794629573822,0.0,187.12365078926086,-0.2352941176470588,301.40945410728455,0.22831050228310534,20.225162982940674,0.22831050228310534,59.8616898059845,0.5707762557077629,125.8794629573822,0.0,187.12365078926086,0.22831050228310534,301.40945410728455,False,False,,,,,,20260903_010140_WIDE_E003,2026-09-03 14:24:40.739,21200.0,49.0,0.0,2026-09-03 14:24:21.595,,,,,,,2026-09-03 14:24:40.739,21200.0,,,,,,,,,,,,,,,,,,,,,6,3,True,OPEN,20260903_010140_WIDE_HIGH_GAP_SHADOW_E002_142133030802,WIDE_HIGH_GAP_SHADOW,,,,3.0,4.5
2026-09-03 14:25:00.146,v1.6.9,033790,피노,WIDE_HIGH_GAP_SHADOW,ENTER,HIGH_GAP_3P0_TO_4P5,38,29,0,5,4,8540.0,4.367301231802911,MAIN,MAIN,2026-09-03 14:25:00.141,True,591.2689681053162,28,0.4705882352941176,20.182327032089233,0.4705882352941176,20.182327032089233,0.4705882352941176,61.160889625549316,-0.23364485981308408,124.17156434059143,0.4705882352941176,187.7295000553131,0.4705882352941176,296.4944899082184,-0.4479283314669651,20.182327032089233,-0.4479283314669651,61.160889625549316,0.22396416573348255,124.17156434059143,-0.4479283314669651,187.7295000553131,-0.4479283314669651,296.4944899082184,True,True,,,,,,20260903_033790_WIDE_E018,2026-09-03 14:25:00.141,8540.0,38.0,0.0,2026-09-03 14:24:41.777,,,,,,,2026-09-03 14:25:00.141,8540.0,,,,,,,,,,,,,,,,,,,,,18,18,True,OPEN,20260903_033790_WIDE_HIGH_GAP_SHADOW_E017_142258309555,WIDE_HIGH_GAP_SHADOW,,,,3.0,4.5
2026-09-03 14:25:21.027,v1.6.9,465770,STX그린로지스,WIDE_HIGH_GAP_SHADOW,ENTER,HIGH_GAP_3P0_TO_4P5,38,29,0,5,4,4555.0,4.105263157894737,MAIN,MAIN,2026-09-03 14:25:21.020,True,464.35579538345337,23,-1.193058568329718,19.44926953315735,-0.3282275711159737,39.63159656524658,-2.1482277121374866,59.856759548187256,-0.7625272331154684,121.9060492515564,3.758542141230068,186.6458821296692,2.359550561797753,290.38162326812744,0.3157894736842106,39.63159656524658,2.105263157894737,59.856759548187256,1.9730669958478289,121.9060492515564,0.5887796414112207,186.6458821296692,4.105263157894737,290.38162326812744,False,False,,,,,,20260903_465770_WIDE_E003,2026-09-03 14:25:21.020,4555.0,38.0,0.0,2026-09-03 14:25:01.227,,,,,,,2026-09-03 14:25:21.020,4555.0,,,,,,,,,,,,,,,,,,,,,4,3,True,STOP_LOSS,20260903_465770_WIDE_HIGH_GAP_SHADOW_E002_142440710769,WIDE_HIGH_GAP_SHADOW,,,,3.0,4.5
2026-09-03 14:25:41.599,v1.6.9,033790,피노,WIDE_HIGH_GAP_SHADOW,ENTER,HIGH_GAP_3P0_TO_4P5,38,29,0,5,4,8540.0,4.367301231802911,MAIN,MAIN,2026-09-03 14:25:41.593,True,583.9822313785553,28,0.35252643948296125,20.838526964187622,0.35252643948296125,20.838526964187622,0.4705882352941176,60.470123529434204,0.35252643948296125,120.3318133354187,0.35252643948296125,186.3495864868164,0.5889281507656066,290.2813069820404,-0.3359462486002238,20.838526964187622,-0.4479283314669651,60.470123529434204,-0.3359462486002238,120.3318133354187,-0.3359462486002238,186.3495864868164,-0.5599104143337064,290.2813069820404,True,True,,,,,,20260903_033790_WIDE_E019,2026-09-03 14:25:41.593,8540.0,38.0,0.0,2026-09-03 14:25:22.065,,,,,,,2026-09-03 14:25:41.593,8540.0,,,,,,,,,,,,,,,,,,,,,19,19,True,OPEN,20260903_033790_WIDE_HIGH_GAP_SHADOW_E018_142500179520,WIDE_HIGH_GAP_SHADOW,,,,3.0,4.5
2026-09-03 14:26:23.751,v1.6.9,024060,흥구석유,BASE,ENTER,75_SCORE,79,29,25,16,9,12330.0,0.0,MAIN,MAIN,2026-09-03 14:26:23.728,True,378.7848536968231,18,3.1799163179916317,21.43175172805786,3.1799163179916317,21.43175172805786,3.4395973154362416,62.84109425544739,2.408637873754153,122.69785380363464,2.323651452282158,184.74714350700378,4.846938775510204,289.59634160995483,,,,,-0.9053497942386831,122.69785380363464,,,,,True,True,True,2026-09-03 14:24:01.370,12040.0,60.0,142.358394,20260903_024060_E002,2026-09-03 14:26:04.068,12330.0,79.0,19.66054,2026-09-03 14:26:04.068,2026-09-03 14:26:23.728,12330.0,79.0,FAIL,DATA_UNAVAILABLE,NO_60S_HIGH_GAP,2026-09-03 14:26:23.728,12330.0,0.0,0.0,,,,,,,,,,,,False,,,,,,,1,1,False,,,,,,,,
2026-09-03 14:26:23.758,v1.6.9,024060,흥구석유,PRE_HISTORY,SKIP,NO_60S_HIGH_GAP,79,29,25,16,9,12330.0,0.0,MAIN,MAIN,2026-09-03 14:26:23.728,True,378.7848536968231,18,3.1799163179916317,21.43175172805786,3.1799163179916317,21.43175172805786,3.4395973154362416,62.84109425544739,2.408637873754153,122.69785380363464,2.323651452282158,184.74714350700378,4.846938775510204,289.59634160995483,,,,,-0.9053497942386831,122.69785380363464,,,,,True,True,True,2026-09-03 14:24:01.370,12040.0,60.0,142.358394,20260903_024060_E002,2026-09-03 14:26:04.068,12330.0,79.0,19.66054,2026-09-03 14:26:04.068,2026-09-03 14:26:23.728,12330.0,79.0,FAIL,DATA_UNAVAILABLE,NO_60S_HIGH_GAP,2026-09-03 14:26:23.728,12330.0,0.0,0.0,DATA_UNAVAILABLE,,,,NO_60S_HIGH_GAP,,,,,,,False,,,,,,,,,,,,,,,,,
2026-09-03 14:26:23.769,v1.6.9,024060,흥구석유,CONFIRM,PENDING,FIRST_75_SIGNAL,79,29,25,16,9,12330.0,0.0,MAIN,MAIN,2026-09-03 14:26:23.728,True,378.7848536968231,18,3.1799163179916317,21.43175172805786,3.1799163179916317,21.43175172805786,3.4395973154362416,62.84109425544739,2.408637873754153,122.69785380363464,2.323651452282158,184.74714350700378,4.846938775510204,289.59634160995483,,,,,-0.9053497942386831,122.69785380363464,,,,,True,True,True,2026-09-03 14:24:01.370,12040.0,60.0,142.358394,20260903_024060_E002,2026-09-03 14:26:04.068,12330.0,79.0,19.66054,2026-09-03 14:26:04.068,2026-09-03 14:26:23.728,12330.0,79.0,FAIL,DATA_UNAVAILABLE,NO_60S_HIGH_GAP,2026-09-03 14:26:23.728,12330.0,0.0,0.0,,,,,,2026-09-03 14:26:23.728,12330.0,,,PENDING,FIRST_75_SIGNAL,False,,,,,,,,,,,,,,,,,
2026-09-03 14:26:48.789,v1.6.9,024060,흥구석유,CONFIRM,SKIP,RISE_BELOW_CONFIRM,79,29,25,16,9,12330.0,0.0,MAIN,MAIN,2026-09-03 14:26:48.783,True,404.9538586139679,19,0.0,26.169004917144775,0.0,26.169004917144775,3.8753159224936815,68.17157220840454,2.493765586034913,128.64169573783875,1.6488046166529264,188.50338554382324,4.22654268808115,296.1888687610626,0.0,26.169004917144775,,,,,,,,,False,True,True,2026-09-03 14:24:01.370,12040.0,60.0,142.358394,20260903_024060_E002,2026-09-03 14:26:04.068,12330.0,79.0,19.66054,2026-09-03 14:26:04.068,2026-09-03 14:26:23.728,12330.0,79.0,FAIL,DATA_UNAVAILABLE,NO_60S_HIGH_GAP,2026-09-03 14:26:48.783,12330.0,25.054197,0.0,,,,,,2026-09-03 14:26:23.728,12330.0,25.054197,0.0,EVALUABLE,SCORED,False,,,,,,,,,,,,,,,,,
2026-09-03 14:26:48.820,v1.6.9,024060,흥구석유,PRE_HISTORY,SKIP,PRICE_30S_NOT_POSITIVE,79,29,25,16,9,12330.0,0.0,MAIN,MAIN,2026-09-03 14:26:48.783,True,404.9538586139679,19,0.0,26.169004917144775,0.0,26.169004917144775,3.8753159224936815,68.17157220840454,2.493765586034913,128.64169573783875,1.6488046166529264,188.50338554382324,4.22654268808115,296.1888687610626,0.0,26.169004917144775,,,,,,,,,False,True,True,2026-09-03 14:24:01.370,12040.0,60.0,167.412591,20260903_024060_E002,2026-09-03 14:26:04.068,12330.0,79.0,44.714737,2026-09-03 14:26:04.068,2026-09-03 14:26:23.728,12330.0,79.0,FAIL,DATA_UNAVAILABLE,NO_60S_HIGH_GAP,2026-09-03 14:26:48.783,12330.0,25.054197,0.0,FAIL,,,,PRICE_30S_NOT_POSITIVE,,,,,,,False,,,,,,,,,,,,,,,,,
2026-09-03 14:27:09.898,v1.6.9,033790,피노,WIDE_HIGH_GAP_SHADOW,ENTER,HIGH_GAP_3P0_TO_4P5,38,29,0,5,4,8530.0,4.479283314669653,MAIN,MAIN,2026-09-03 14:27:09.895,True,596.9479060173035,29,0.11737089201877934,20.990837812423706,0.11737089201877934,20.990837812423706,-0.117096018735363,68.59159445762634,-0.117096018735363,129.45020651817322,0.23501762632197415,169.85769653320312,0.35294117647058826,296.64681911468506,-0.11198208286674127,20.990837812423706,0.11198208286674127,68.59159445762634,0.11198208286674127,129.45020651817322,-0.22396416573348255,169.85769653320312,-0.3359462486002238,296.64681911468506,True,False,,,,,,20260903_033790_WIDE_E020,2026-09-03 14:27:09.895,8530.0,38.0,0.0,2026-09-03 14:26:51.228,,,,,,,2026-09-03 14:27:09.895,8530.0,,,,,,,,,,,,,,,,,,,,,20,20,True,OPEN,20260903_033790_WIDE_HIGH_GAP_SHADOW_E019_142541616762,WIDE_HIGH_GAP_SHADOW,,,,3.0,4.5
2026-09-03 14:27:09.924,v1.6.9,024060,흥구석유,PRE_HISTORY,SKIP,PRICE_30S_NOT_POSITIVE,79,29,25,16,9,12330.0,0.0,MAIN,MAIN,2026-09-03 14:27:09.906,True,425.9446964263916,20,0.0,20.990837812423706,0.0,20.990837812423706,3.1799163179916317,68.59159445762634,3.352891869237217,129.45020651817322,2.408637873754153,169.85769653320312,3.4395973154362416,296.64681911468506,0.0,20.990837812423706,0.0,47.15984272956848,,,-0.9053497942386831,169.85769653320312,,,False,True,True,2026-09-03 14:24:01.370,12040.0,60.0,188.536216,20260903_024060_E002,2026-09-03 14:26:04.068,12330.0,79.0,65.838362,2026-09-03 14:26:04.068,2026-09-03 14:26:23.728,12330.0,79.0,FAIL,DATA_UNAVAILABLE,NO_60S_HIGH_GAP,2026-09-03 14:27:09.906,12330.0,46.177822,0.0,FAIL,,,,PRICE_30S_NOT_POSITIVE,,,,,,,False,,,,,,,,,,,,,,,,,
2026-09-03 14:27:32.307,v1.6.9,010140,삼성중공업,WIDE_HIGH_GAP_SHADOW,ENTER,HIGH_GAP_3P0_TO_4P5,49,40,0,5,4,21200.0,3.1963470319634704,MAIN,MAIN,2026-09-03 14:27:32.303,True,596.1202046871185,29,-0.2352941176470588,21.763472318649292,-0.2352941176470588,21.763472318649292,-0.2352941176470588,68.92331504821777,-0.4694835680751174,110.92588233947754,0.0,171.39600586891174,-0.5861664712778429,297.27546882629395,0.22831050228310534,21.763472318649292,0.22831050228310534,68.92331504821777,0.45662100456621024,110.92588233947754,0.0,171.39600586891174,0.5707762557077629,297.27546882629395,False,False,,,,,,20260903_010140_WIDE_E004,2026-09-03 14:27:32.303,21200.0,49.0,0.0,2026-09-03 14:27:12.991,,,,,,,2026-09-03 14:27:32.303,21200.0,,,,,,,,,,,,,,,,,,,,,7,4,True,OPEN,20260903_010140_WIDE_HIGH_GAP_SHADOW_E003_142440760536,WIDE_HIGH_GAP_SHADOW,,,,3.0,4.5
2026-09-03 14:27:54.348,v1.6.9,465770,STX그린로지스,WIDE_HIGH_GAP_SHADOW,ENTER,HIGH_GAP_3P0_TO_4P5,38,29,0,5,4,4595.0,3.263157894736842,MAIN,MAIN,2026-09-03 14:27:54.341,True,596.8125128746033,29,-1.0764262648008611,21.890727281570435,-1.0764262648008611,21.890727281570435,-2.545068928950159,64.64503741264343,-0.755939524838013,112.24579405784607,-0.32537960954446854,173.10440611839294,-0.10869565217391304,297.2759704589844,1.0526315789473686,21.890727281570435,1.473684210526316,43.65419960021973,0.736842105263158,112.24579405784607,0.3157894736842106,173.10440611839294,3.263157894736842,297.2759704589844,False,False,,,,,,20260903_465770_WIDE_E004,2026-09-03 14:27:54.341,4595.0,38.0,0.0,2026-09-03 14:27:34.882,,,,,,,2026-09-03 14:27:54.341,4595.0,,,,,,,,,,,,,,,,,,,,,5,4,True,TAKE_PROFIT,20260903_465770_WIDE_HIGH_GAP_SHADOW_E003_142521049005,WIDE_HIGH_GAP_SHADOW,,,,3.0,4.5
2026-09-03 14:28:38.243,v1.6.9,033790,피노,WIDE_HIGH_GAP_SHADOW,ENTER,HIGH_GAP_3P0_TO_4P5,38,29,0,5,4,8560.0,4.143337066069429,MAIN,MAIN,2026-09-03 14:28:38.241,True,599.9875836372375,29,0.5875440658049353,21.960277318954468,0.5875440658049353,21.960277318954468,0.5875440658049353,66.27476000785828,0.4694835680751174,109.02907013893127,0.234192037470726,177.20064234733582,0.5875440658049353,297.5324556827545,-0.5599104143337064,21.960277318954468,-0.5599104143337064,66.27476000785828,-0.4479283314669651,109.02907013893127,-0.22396416573348255,177.20064234733582,-0.5599104143337064,297.5324556827545,True,True,,,,,,20260903_033790_WIDE_E021,2026-09-03 14:28:38.241,8560.0,38.0,0.0,2026-09-03 14:28:19.266,,,,,,,2026-09-03 14:28:38.241,8560.0,,,,,,,,,,,,,,,,,,,,,21,21,True,OPEN,20260903_033790_WIDE_HIGH_GAP_SHADOW_E020_142709904679,WIDE_HIGH_GAP_SHADOW,,,,3.0,4.5
2026-09-03 14:28:55.667,v1.6.9,267270,HD건설기계,WIDE_HIGH_GAP_SHADOW,ENTER,HIGH_GAP_3P0_TO_4P5,38,29,0,5,4,133800.0,4.017216642754662,MAIN,MAIN,2026-09-03 14:28:55.664,True,579.0428495407104,28,0.6015037593984963,19.998361825942993,0.6015037593984963,19.998361825942993,0.29985007496251875,64.38239455223083,-0.07468259895444362,129.02743196487427,-0.22371364653243847,176.6281886100769,0.22471910112359553,298.6476902961731,-0.5738880918220959,19.998361825942993,-0.2869440459110484,64.38239455223083,0.07173601147776143,129.02743196487427,0.21520803443328518,176.6281886100769,-0.21520803443328607,298.6476902961731,True,True,,,,,,20260903_267270_WIDE_E004,2026-09-03 14:28:55.664,133800.0,38.0,0.0,2026-09-03 14:28:39.264,,,,,,,2026-09-03 14:28:55.664,133800.0,,,,,,,,,,,,,,,,,,,,,4,4,True,STOP_LOSS,20260903_267270_WIDE_HIGH_GAP_SHADOW_E003_141626668111,WIDE_HIGH_GAP_SHADOW,,,,3.0,4.5
2026-09-03 14:29:35.773,v1.6.9,033790,피노,WIDE_HIGH_GAP_SHADOW,ENTER,HIGH_GAP_3P0_TO_4P5,38,29,0,5,4,8560.0,4.143337066069429,MAIN,MAIN,2026-09-03 14:29:35.766,True,595.5501425266266,29,0.5875440658049353,19.03378701210022,0.8244994110718492,36.47156071662903,0.0,56.46992254257202,0.5875440658049353,122.7446825504303,0.7058823529411765,191.66799759864807,0.7058823529411765,294.14068841934204,-0.7838745800671889,36.47156071662903,0.0,56.46992254257202,-0.5599104143337064,122.7446825504303,-0.6718924972004476,191.66799759864807,-0.6718924972004476,294.14068841934204,True,False,,,,,,20260903_033790_WIDE_E022,2026-09-03 14:29:35.766,8560.0,38.0,0.0,2026-09-03 14:29:15.736,,,,,,,2026-09-03 14:29:35.766,8560.0,,,,,,,,,,,,,,,,,,,,,22,22,True,OPEN,20260903_033790_WIDE_HIGH_GAP_SHADOW_E021_142838249017,WIDE_HIGH_GAP_SHADOW,,,,3.0,4.5
2026-09-03 14:30:43.164,v1.6.9,004020,현대제철,WIDE_HIGH_GAP_SHADOW,ENTER,HIGH_GAP_3P0_TO_4P5,44,24,0,11,9,31400.0,3.5330261136712746,MAIN,MAIN,2026-09-03 14:30:43.162,True,589.1091969013214,29,0.1594896331738437,22.965182542800903,0.1594896331738437,22.965182542800903,0.48,65.15732502937317,0.641025641025641,121.62724757194519,0.641025641025641,187.90200757980347,0.1594896331738437,298.827889919281,,,,,,,,,,,True,True,,,,,,20260903_004020_WIDE_E006,2026-09-03 14:30:43.162,31400.0,44.0,0.0,2026-09-03 14:30:20.893,,,,,,,2026-09-03 14:30:43.162,31400.0,,,,,,,,,,,,,,,,,,,,,6,6,True,OPEN,20260903_004020_WIDE_HIGH_GAP_SHADOW_E005_141537027812,WIDE_HIGH_GAP_SHADOW,,,,3.0,4.5
2026-09-03 14:30:43.187,v1.6.9,059120,아진엑스텍,WIDE_HIGH_GAP_SHADOW,ENTER,HIGH_GAP_3P0_TO_4P5,33,24,0,5,4,7120.0,3.913630229419703,MAIN,MAIN,2026-09-03 14:30:43.186,True,589.1091969013214,29,1.4245014245014245,22.965182542800903,1.4245014245014245,22.965182542800903,4.398826979472141,65.15732502937317,4.552129221732746,121.62724757194519,5.794947994056463,187.90200757980347,6.746626686656672,298.827889919281,-1.3495276653171384,22.965182542800903,,,,,,,,,True,True,,,,,,20260903_059120_WIDE_E001,2026-09-03 14:30:43.186,7120.0,33.0,0.0,2026-09-03 14:30:20.893,,,,,,,2026-09-03 14:30:43.186,7120.0,,,,,,,,,,,,,,,,,,,,,1,1,False,,,WIDE_HIGH_GAP_SHADOW,,,,3.0,4.5
2026-09-03 14:31:05.871,v1.6.9,004710,한솔테크닉스,WIDE_HIGH_GAP_SHADOW,ENTER,HIGH_GAP_3P0_TO_4P5,38,29,0,5,4,8580.0,3.050847457627119,MAIN,MAIN,2026-09-03 14:31:05.870,True,591.2672283649445,29,-0.11641443538998836,23.362523078918457,-0.11641443538998836,23.362523078918457,0.23364485981308408,67.44414353370667,0.9411764705882352,124.99140882492065,0.9411764705882352,189.3738033771515,0.3508771929824561,301.61959743499756,0.11299435028248617,23.362523078918457,-0.22598870056497145,67.44414353370667,-0.9039548022598871,124.99140882492065,-0.9039548022598871,189.3738033771515,-0.33898305084745717,301.61959743499756,False,True,,,,,,20260903_004710_WIDE_E023,2026-09-03 14:31:05.870,8580.0,38.0,0.0,2026-09-03 14:30:44.256,,,,,,,2026-09-03 14:31:05.870,8580.0,,,,,,,,,,,,,,,,,,,,,23,23,True,OPEN,20260903_004710_WIDE_HIGH_GAP_SHADOW_E022_140326322096,WIDE_HIGH_GAP_SHADOW,,,,3.0,4.5
2026-09-03 14:31:54.735,v1.6.9,004020,현대제철,WIDE_HIGH_GAP_SHADOW,ENTER,HIGH_GAP_3P0_TO_4P5,33,24,0,5,4,31300.0,3.840245775729647,MAIN,MAIN,2026-09-03 14:31:54.730,True,596.2820236682892,29,-0.1594896331738437,23.36854124069214,-0.1594896331738437,23.36854124069214,-0.3184713375796179,69.4368371963501,-0.1594896331738437,113.5184576511383,0.3205128205128205,171.0657229423523,0.0,300.09315490722656,0.3072196620583725,46.07431411743164,0.3072196620583725,69.4368371963501,,,,,,,False,False,,,,,,20260903_004020_WIDE_E007,2026-09-03 14:31:54.730,31300.0,33.0,0.0,2026-09-03 14:31:30.330,,,,,,,2026-09-03 14:31:54.730,31300.0,,,,,,,,,,,,,,,,,,,,,7,7,True,OPEN,20260903_004020_WIDE_HIGH_GAP_SHADOW_E006_143043184487,WIDE_HIGH_GAP_SHADOW,,,,3.0,4.5
2026-09-03 14:32:18.425,v1.6.9,004710,한솔테크닉스,WIDE_HIGH_GAP_SHADOW,ENTER,HIGH_GAP_3P0_TO_4P5,38,29,0,5,4,8580.0,3.050847457627119,MAIN,MAIN,2026-09-03 14:32:18.418,True,580.0538556575775,28,-0.11641443538998836,25.439542055130005,-0.11641443538998836,25.439542055130005,0.0,48.808083295822144,0.11668611435239205,117.841561794281,0.468384074941452,179.0674912929535,0.7042253521126761,304.54185914993286,0.11299435028248617,25.439542055130005,0.0,48.808083295822144,-0.11299435028248528,117.841561794281,-0.45197740112994333,179.0674912929535,-0.6779661016949152,304.54185914993286,False,False,,,,,,20260903_004710_WIDE_E024,2026-09-03 14:32:18.418,8580.0,38.0,0.0,2026-09-03 14:31:55.770,,,,,,,2026-09-03 14:32:18.418,8580.0,,,,,,,,,,,,,,,,,,,,,24,24,True,OPEN,20260903_004710_WIDE_HIGH_GAP_SHADOW_E023_143105880965,WIDE_HIGH_GAP_SHADOW,,,,3.0,4.5
2026-09-03 14:32:18.478,v1.6.9,059120,아진엑스텍,WIDE_HIGH_GAP_SHADOW,ENTER,HIGH_GAP_3P0_TO_4P5,39,24,0,11,4,7170.0,3.2388663967611335,MAIN,MAIN,2026-09-03 14:32:18.473,True,580.0538556575775,28,-0.6925207756232686,25.439542055130005,-0.6925207756232686,25.439542055130005,-1.103448275862069,48.808083295822144,2.1367521367521367,117.841561794281,5.596465390279824,179.0674912929535,7.496251874062969,304.54185914993286,0.6747638326585697,25.439542055130005,1.0796221322537112,48.808083295822144,-2.024291497975708,117.841561794281,,,,,False,False,,,,,,20260903_059120_WIDE_E002,2026-09-03 14:32:18.473,7170.0,39.0,0.0,2026-09-03 14:31:55.770,,,,,,,2026-09-03 14:32:18.473,7170.0,,,,,,,,,,,,,,,,,,,,,2,2,True,TAKE_PROFIT,20260903_059120_WIDE_HIGH_GAP_SHADOW_E001_143043199880,WIDE_HIGH_GAP_SHADOW,,,,3.0,4.5
2026-09-03 14:34:11.434,v1.6.9,051910,LG화학,WIDE_HIGH_GAP_SHADOW,ENTER,HIGH_GAP_3P0_TO_4P5,46,37,0,5,4,285500.0,3.3840947546531304,MAIN,MAIN,2026-09-03 14:34:11.433,True,590.02388215065,28,0.17543859649122806,23.02829122543335,0.17543859649122806,23.02829122543335,0.17543859649122806,68.74532198905945,0.528169014084507,115.62432646751404,0.35149384885764495,187.13818264007568,0.88339222614841,294.69181776046753,,,,,,,,,,,True,True,,,,,,20260903_051910_WIDE_E001,2026-09-03 14:34:11.433,285500.0,46.0,0.0,2026-09-03 14:33:51.394,,,,,,,2026-09-03 14:34:11.433,285500.0,,,,,,,,,,,,,,,,,,,,,1,1,False,,,WIDE_HIGH_GAP_SHADOW,,,,3.0,4.5
2026-09-03 14:34:11.493,v1.6.9,004020,현대제철,WIDE_HIGH_GAP_SHADOW,ENTER,HIGH_GAP_3P0_TO_4P5,33,24,0,5,4,31450.0,3.3794162826420893,MAIN,MAIN,2026-09-03 14:34:11.482,True,590.02388215065,28,0.3189792663476874,23.02829122543335,0.3189792663476874,23.02829122543335,0.3189792663476874,68.74532198905945,0.3189792663476874,115.62432646751404,0.15923566878980894,187.13818264007568,0.8012820512820512,294.69181776046753,,,,,-0.46082949308755783,141.06386852264404,-0.15360983102918535,187.13818264007568,,,True,True,,,,,,20260903_004020_WIDE_E008,2026-09-03 14:34:11.482,31450.0,33.0,0.0,2026-09-03 14:33:51.394,,,,,,,2026-09-03 14:34:11.482,31450.0,,,,,,,,,,,,,,,,,,,,,8,8,True,OPEN,20260903_004020_WIDE_HIGH_GAP_SHADOW_E007_143154754190,WIDE_HIGH_GAP_SHADOW,,,,3.0,4.5
2026-09-03 14:34:36.686,v1.6.9,059120,아진엑스텍,WIDE_HIGH_GAP_SHADOW,ENTER,HIGH_GAP_3P0_TO_4P5,33,24,0,5,4,7120.0,3.913630229419703,MAIN,MAIN,2026-09-03 14:34:36.681,True,592.2146220207214,28,-1.1111111111111112,22.415902853012085,-1.1111111111111112,22.415902853012085,-2.063273727647868,68.77231764793396,-1.9283746556473829,114.29859590530396,-1.7931034482758619,186.84831261634827,4.398826979472141,298.0739336013794,1.0796221322537112,22.415902853012085,2.0242914979757085,68.77231764793396,1.8893387314439947,114.29859590530396,1.7543859649122808,186.84831261634827,,,False,False,,,,,,20260903_059120_WIDE_E003,2026-09-03 14:34:36.681,7120.0,33.0,0.0,2026-09-03 14:34:13.810,,,,,,,2026-09-03 14:34:36.681,7120.0,,,,,,,,,,,,,,,,,,,,,3,3,True,OPEN,20260903_059120_WIDE_HIGH_GAP_SHADOW_E002_143218498181,WIDE_HIGH_GAP_SHADOW,,,,3.0,4.5
2026-09-03 14:37:21.974,v1.6.9,030530,원익홀딩스,BASE,ENTER,75_SCORE,78,29,14,20,15,18140.0,2.1046950890447924,MAIN,MAIN,2026-09-03 14:37:21.950,True,209.11721014976501,9,0.8337965536409117,24.99874234199524,0.8337965536409117,24.99874234199524,0.6100942872989462,48.7174654006958,1.8528916339135317,115.04356527328491,2.4858757062146895,186.08891892433167,,,,,,,,,,,,,True,True,True,2026-09-03 14:36:57.483,18140.0,78.0,24.467486,20260903_030530_E001,2026-09-03 14:36:57.483,18140.0,78.0,24.467486,2026-09-03 14:36:57.483,2026-09-03 14:37:21.950,18140.0,78.0,FAIL,DATA_UNAVAILABLE,NO_60S_HIGH_GAP,2026-09-03 14:37:21.950,18140.0,0.0,0.0,,,,,,,,,,,,False,,,,,,,1,1,False,,,,,,,,
2026-09-03 14:37:21.984,v1.6.9,030530,원익홀딩스,PRE_HISTORY,SKIP,NO_60S_HIGH_GAP,78,29,14,20,15,18140.0,2.1046950890447924,MAIN,MAIN,2026-09-03 14:37:21.950,True,209.11721014976501,9,0.8337965536409117,24.99874234199524,0.8337965536409117,24.99874234199524,0.6100942872989462,48.7174654006958,1.8528916339135317,115.04356527328491,2.4858757062146895,186.08891892433167,,,,,,,,,,,,,True,True,True,2026-09-03 14:36:57.483,18140.0,78.0,24.467486,20260903_030530_E001,2026-09-03 14:36:57.483,18140.0,78.0,24.467486,2026-09-03 14:36:57.483,2026-09-03 14:37:21.950,18140.0,78.0,FAIL,DATA_UNAVAILABLE,NO_60S_HIGH_GAP,2026-09-03 14:37:21.950,18140.0,0.0,0.0,DATA_UNAVAILABLE,,,,NO_60S_HIGH_GAP,,,,,,,False,,,,,,,,,,,,,,,,,
2026-09-03 14:37:21.998,v1.6.9,030530,원익홀딩스,CONFIRM,PENDING,FIRST_75_SIGNAL,78,29,14,20,15,18140.0,2.1046950890447924,MAIN,MAIN,2026-09-03 14:37:21.950,True,209.11721014976501,9,0.8337965536409117,24.99874234199524,0.8337965536409117,24.99874234199524,0.6100942872989462,48.7174654006958,1.8528916339135317,115.04356527328491,2.4858757062146895,186.08891892433167,,,,,,,,,,,,,True,True,True,2026-09-03 14:36:57.483,18140.0,78.0,24.467486,20260903_030530_E001,2026-09-03 14:36:57.483,18140.0,78.0,24.467486,2026-09-03 14:36:57.483,2026-09-03 14:37:21.950,18140.0,78.0,FAIL,DATA_UNAVAILABLE,NO_60S_HIGH_GAP,2026-09-03 14:37:21.950,18140.0,0.0,0.0,,,,,,2026-09-03 14:37:21.950,18140.0,,,PENDING,FIRST_75_SIGNAL,False,,,,,,,,,,,,,,,,,
2026-09-03 14:37:52.302,v1.6.9,030530,원익홀딩스,CONFIRM,SKIP,PRE_FILTER_EXIT,,,,,,18160.0,,MAIN,MAIN,2026-09-03 14:37:52.302,True,,,,,,,,,,,,,,,,,,,,,,,,,,,True,2026-09-03 14:36:57.483,18140.0,78.0,24.467486,,,,,,2026-09-03 14:36:57.483,2026-09-03 14:37:21.950,18140.0,78.0,FAIL,DATA_UNAVAILABLE,NO_60S_HIGH_GAP,2026-09-03 14:37:52.302,18160.0,30.351371,0.11025358324145973,,,,,,2026-09-03 14:37:21.950,18140.0,30.351371,,FILTER_EXIT,PRE_FILTER_EXIT,False,,,,,,,,,,,,,,,,,
2026-09-03 14:38:46.223,v1.6.9,000720,현대건설,WIDE_HIGH_GAP_SHADOW,ENTER,HIGH_GAP_3P0_TO_4P5,68,40,0,16,12,118400.0,3.896103896103896,MAIN,MAIN,2026-09-03 14:38:46.220,True,581.243360042572,25,0.3389830508474576,27.15922784805298,0.3389830508474576,27.15922784805298,0.7659574468085106,53.42520713806152,1.1965811965811968,131.74231505393982,0.5947323704333051,198.06841492652893,0.7659574468085106,292.14205980300903,,,,,,,,,,,True,True,,,,,,20260903_000720_WIDE_E003,2026-09-03 14:38:46.220,118400.0,68.0,0.0,2026-09-03 14:38:20.508,,,,,,,2026-09-03 14:38:46.220,118400.0,,,,,,,,,,,,,,,,,,,,,4,3,True,STOP_LOSS,20260903_000720_WIDE_HIGH_GAP_SHADOW_E002_141254509505,WIDE_HIGH_GAP_SHADOW,,,,3.0,4.5
2026-09-03 14:40:15.951,v1.6.9,004710,한솔테크닉스,WIDE_HIGH_GAP_SHADOW,ENTER,HIGH_GAP_3P0_TO_4P5,38,29,0,5,4,8580.0,3.050847457627119,MAIN,MAIN,2026-09-03 14:40:15.946,True,592.2478213310242,24,-0.34843205574912894,32.769869804382324,-0.34843205574912894,32.769869804382324,0.468384074941452,61.46945643424988,0.23364485981308408,116.82739233970642,0.468384074941452,172.69301414489746,0.5861664712778429,287.7365794181824,0.33898305084745806,32.769869804382324,-0.45197740112994333,61.46945643424988,-0.22598870056497145,116.82739233970642,-0.45197740112994333,172.69301414489746,-0.5649717514124291,312.4219169616699,False,True,,,,,,20260903_004710_WIDE_E025,2026-09-03 14:40:15.946,8580.0,38.0,0.0,2026-09-03 14:39:50.176,,,,,,,2026-09-03 14:40:15.946,8580.0,,,,,,,,,,,,,,,,,,,,,25,25,True,OPEN,20260903_004710_WIDE_HIGH_GAP_SHADOW_E024_143218455014,WIDE_HIGH_GAP_SHADOW,,,,3.0,4.5
2026-09-03 14:40:15.985,v1.6.9,004020,현대제철,WIDE_HIGH_GAP_SHADOW,ENTER,HIGH_GAP_3P0_TO_4P5,33,24,0,5,4,31550.0,3.0721966205837172,MAIN,MAIN,2026-09-03 14:40:15.981,True,592.2478213310242,24,-0.15822784810126583,32.769869804382324,-0.15822784810126583,32.769869804382324,0.0,61.46945643424988,0.0,116.82739233970642,0.15873015873015872,172.69301414489746,0.15873015873015872,287.7365794181824,0.1536098310291858,32.769869804382324,0.0,61.46945643424988,0.0,116.82739233970642,-0.1536098310291858,172.69301414489746,-0.1536098310291858,287.7365794181824,False,False,,,,,,20260903_004020_WIDE_E009,2026-09-03 14:40:15.981,31550.0,33.0,0.0,2026-09-03 14:39:50.176,,,,,,,2026-09-03 14:40:15.981,31550.0,,,,,,,,,,,,,,,,,,,,,9,9,True,OPEN,20260903_004020_WIDE_HIGH_GAP_SHADOW_E008_143411513884,WIDE_HIGH_GAP_SHADOW,,,,3.0,4.5
2026-09-03 14:40:16.013,v1.6.9,138040,메리츠금융지주,SHADOW_SCORE_70_74,ENTER,SCORE_70_74_BEFORE_FIRST75,71,37,14,11,9,136100.0,2.156721782890007,MAIN,MAIN,2026-09-03 14:40:16.000,True,592.2478213310242,24,0.0,32.769869804382324,0.0,32.769869804382324,0.22091310751104565,61.46945643424988,0.22091310751104565,116.82739233970642,0.3687315634218289,172.69301414489746,0.5912786400591279,287.7365794181824,,,,,,,,,,,False,True,,2026-09-03 12:18:17.614,137400.0,61.0,8518.385735,20260903_138040_E005,2026-09-03 14:39:50.176,136100.0,71.0,25.824051,2026-09-03 14:39:50.176,,,,,,,2026-09-03 14:40:16.000,136100.0,,,,,,,,,,,,,,False,,,,,,,1,1,False,,,,,,,,
2026-09-03 14:41:10.571,v1.6.9,267270,HD건설기계,WIDE_HIGH_GAP_SHADOW,ENTER,HIGH_GAP_3P0_TO_4P5,38,29,0,5,4,135100.0,3.084648493543759,MAIN,MAIN,2026-09-03 14:41:10.563,True,579.8727073669434,23,-0.22156573116691286,27.769890069961548,-0.22156573116691286,27.769890069961548,-0.14781966001478197,56.65836453437805,0.07407407407407407,118.12782096862793,0.2969561989606533,173.48575687408447,0.3714710252600297,303.3598277568817,0.21520803443328518,27.769890069961548,0.14347202295552375,56.65836453437805,-0.07173601147776187,118.12782096862793,-0.2869440459110475,173.48575687408447,-0.35868005738880937,303.3598277568817,False,False,,,,,,20260903_267270_WIDE_E005,2026-09-03 14:41:10.563,135100.0,38.0,0.0,2026-09-03 14:40:46.834,,,,,,,2026-09-03 14:41:10.563,135100.0,,,,,,,,,,,,,,,,,,,,,5,5,True,OPEN,20260903_267270_WIDE_HIGH_GAP_SHADOW_E004_142855679481,WIDE_HIGH_GAP_SHADOW,,,,3.0,4.5
2026-09-03 14:41:10.655,v1.6.9,000720,현대건설,WIDE_HIGH_GAP_SHADOW,ENTER,HIGH_GAP_3P0_TO_4P5,49,40,0,5,4,118400.0,3.896103896103896,MAIN,MAIN,2026-09-03 14:41:10.644,True,579.8727073669434,23,0.2540220152413209,27.769890069961548,0.2540220152413209,27.769890069961548,0.2540220152413209,56.65836453437805,-0.2527379949452401,118.12782096862793,0.3389830508474576,173.48575687408447,0.5947323704333051,303.3598277568817,,,-0.24350649350649345,56.65836453437805,0.24350649350649345,118.12782096862793,,,,,True,True,,,,,,20260903_000720_WIDE_E004,2026-09-03 14:41:10.644,118400.0,49.0,0.0,2026-09-03 14:40:46.834,,,,,,,2026-09-03 14:41:10.644,118400.0,,,,,,,,,,,,,,,,,,,,,5,4,True,OPEN,20260903_000720_WIDE_HIGH_GAP_SHADOW_E003_143846242047,WIDE_HIGH_GAP_SHADOW,,,,3.0,4.5
2026-09-03 14:43:00.319,v1.6.9,033790,피노,WIDE_HIGH_GAP_SHADOW,ENTER,HIGH_GAP_3P0_TO_4P5,38,29,0,5,4,8660.0,3.0235162374020157,MAIN,MAIN,2026-09-03 14:43:00.317,True,593.6950013637543,23,-0.34522439585730724,27.210763454437256,-0.34522439585730724,27.210763454437256,-0.11534025374855825,54.069512367248535,-0.11534025374855825,109.50938177108765,-0.9153318077803204,166.1677463054657,0.8149010477299184,309.26111793518066,0.33594624860022426,27.210763454437256,0.11198208286674127,54.069512367248535,0.11198208286674127,109.50938177108765,0.8958566629339306,166.1677463054657,-0.7838745800671894,309.26111793518066,False,False,,,,,,20260903_033790_WIDE_E023,2026-09-03 14:43:00.317,8660.0,38.0,0.0,2026-09-03 14:42:36.344,,,,,,,2026-09-03 14:43:00.317,8660.0,,,,,,,,,,,,,,,,,,,,,23,23,True,TAKE_PROFIT,20260903_033790_WIDE_HIGH_GAP_SHADOW_E022_142935795245,WIDE_HIGH_GAP_SHADOW,,,,3.0,4.5
2026-09-03 14:43:50.468,v1.6.9,267270,HD건설기계,WIDE_HIGH_GAP_SHADOW,ENTER,HIGH_GAP_3P0_TO_4P5,38,29,0,5,4,135200.0,3.012912482065997,MAIN,MAIN,2026-09-03 14:43:50.467,True,599.1372559070587,23,-0.07390983000739099,26.157698392868042,-0.07390983000739099,26.157698392868042,0.2967359050445104,51.15928530693054,0.07401924500370095,131.84780406951904,-0.14771048744460857,188.43855714797974,0.3711952487008166,306.9951961040497,0.07173601147776187,26.157698392868042,-0.2869440459110475,51.15928530693054,-0.07173601147776187,131.84780406951904,0.1434720229555233,188.43855714797974,-0.35868005738880937,306.9951961040497,False,True,,,,,,20260903_267270_WIDE_E006,2026-09-03 14:43:50.467,135200.0,38.0,0.0,2026-09-03 14:43:27.503,,,,,,,2026-09-03 14:43:50.467,135200.0,,,,,,,,,,,,,,,,,,,,,6,6,True,OPEN,20260903_267270_WIDE_HIGH_GAP_SHADOW_E005_144110598094,WIDE_HIGH_GAP_SHADOW,,,,3.0,4.5
2026-09-03 14:44:16.527,v1.6.9,033790,피노,WIDE_HIGH_GAP_SHADOW,ENTER,HIGH_GAP_3P0_TO_4P5,38,29,0,5,4,8660.0,3.0235162374020157,MAIN,MAIN,2026-09-03 14:44:16.524,True,577.7289216518402,22,-0.11534025374855825,24.03585982322693,-0.11534025374855825,24.03585982322693,-0.34522439585730724,50.19355821609497,-0.11534025374855825,129.264657497406,-0.11534025374855825,184.70452690124512,0.46403712296983757,302.83234786987305,0.11198208286674127,24.03585982322693,0.33594624860022426,50.19355821609497,0.11198208286674127,129.264657497406,0.11198208286674127,184.70452690124512,-0.44792833146696553,302.83234786987305,False,False,,,,,,20260903_033790_WIDE_E024,2026-09-03 14:44:16.524,8660.0,38.0,0.0,2026-09-03 14:43:51.539,,,,,,,2026-09-03 14:44:16.524,8660.0,,,,,,,,,,,,,,,,,,,,,24,24,True,OPEN,20260903_033790_WIDE_HIGH_GAP_SHADOW_E023_144300328253,WIDE_HIGH_GAP_SHADOW,,,,3.0,4.5
2026-09-03 14:45:06.861,v1.6.9,004020,현대제철,WIDE_HIGH_GAP_SHADOW,ENTER,HIGH_GAP_3P0_TO_4P5,33,24,0,5,4,31550.0,3.0721966205837172,MAIN,MAIN,2026-09-03 14:45:06.858,True,579.8406081199646,22,-0.15822784810126583,24.732640027999878,-0.15822784810126583,24.732640027999878,0.0,50.74113726615906,0.15873015873015872,125.93628239631653,0.15873015873015872,180.00579476356506,0.0,292.1040287017822,0.1536098310291858,24.732640027999878,0.0,50.74113726615906,-0.1536098310291858,125.93628239631653,-0.1536098310291858,180.00579476356506,0.0,292.1040287017822,False,False,,,,,,20260903_004020_WIDE_E010,2026-09-03 14:45:06.858,31550.0,33.0,0.0,2026-09-03 14:44:42.280,,,,,,,2026-09-03 14:45:06.858,31550.0,,,,,,,,,,,,,,,,,,,,,10,10,True,OPEN,20260903_004020_WIDE_HIGH_GAP_SHADOW_E009_144015993231,WIDE_HIGH_GAP_SHADOW,,,,3.0,4.5
2026-09-03 14:47:39.341,v1.6.9,465770,STX그린로지스,WIDE_HIGH_GAP_SHADOW,ENTER,HIGH_GAP_3P0_TO_4P5,38,29,0,5,4,4540.0,4.421052631578947,MAIN,MAIN,2026-09-03 14:47:39.340,True,586.0319113731384,23,1.5659955257270695,25.20184826850891,1.5659955257270695,25.20184826850891,0.3314917127071823,50.6413631439209,3.064699205448354,125.21913361549377,4.6082949308755765,175.5671510696411,4.487917146144994,303.981556892395,-1.473684210526316,25.20184826850891,-0.3157894736842115,50.6413631439209,-2.8421052631578956,125.21913361549377,-4.210526315789474,175.5671510696411,-4.105263157894738,303.981556892395,True,True,,,,,,20260903_465770_WIDE_E005,2026-09-03 14:47:39.340,4540.0,38.0,0.0,2026-09-03 14:47:13.114,,,,,,,2026-09-03 14:47:39.340,4540.0,,,,,,,,,,,,,,,,,,,,,6,5,True,STOP_LOSS,20260903_465770_WIDE_HIGH_GAP_SHADOW_E004_142754362957,WIDE_HIGH_GAP_SHADOW,,,,3.0,4.5
2026-09-03 14:48:34.743,v1.6.9,000720,현대건설,WIDE_HIGH_GAP_SHADOW,ENTER,HIGH_GAP_3P0_TO_4P5,49,40,0,5,4,118500.0,3.8149350649350646,MAIN,MAIN,2026-09-03 14:48:34.733,True,585.6007306575775,23,0.423728813559322,25.693233489990234,0.423728813559322,25.693233489990234,0.5942275042444821,52.99402642250061,0.6796941376380629,128.3676393032074,0.3386960203217612,178.21316003799438,0.08445945945945946,304.7632329463959,,,,,,,,,-0.08116883116883145,304.7632329463959,True,True,,,,,,20260903_000720_WIDE_E005,2026-09-03 14:48:34.733,118500.0,49.0,0.0,2026-09-03 14:48:06.108,,,,,,,2026-09-03 14:48:34.733,118500.0,,,,,,,,,,,,,,,,,,,,,6,5,True,OPEN,20260903_000720_WIDE_HIGH_GAP_SHADOW_E004_144110690108,WIDE_HIGH_GAP_SHADOW,,,,3.0,4.5
2026-09-03 14:48:34.822,v1.6.9,373220,LG에너지솔루션,BASE,ENTER,75_SCORE,87,40,19,16,12,365000.0,1.7496635262449527,MAIN,MAIN,2026-09-03 14:48:34.773,True,585.6007306575775,23,0.27472527472527475,25.693233489990234,0.27472527472527475,25.693233489990234,0.27472527472527475,52.99402642250061,0.5509641873278237,128.3676393032074,0.5509641873278237,178.21316003799438,0.6896551724137931,304.7632329463959,,,,,,,,,,,True,True,True,2026-09-03 13:32:02.573,365000.0,68.0,4592.200594,20260903_373220_E004,2026-09-03 14:48:06.108,365000.0,87.0,28.66498,2026-09-03 14:48:06.108,2026-09-03 14:48:34.773,365000.0,87.0,FAIL,DATA_UNAVAILABLE,NO_60S_HIGH_GAP,2026-09-03 14:48:34.773,365000.0,0.0,0.0,,,,,,,,,,,,False,,,,,,,1,1,False,,,,,,,,
2026-09-03 14:48:34.860,v1.6.9,373220,LG에너지솔루션,PRE_HISTORY,SKIP,NO_60S_HIGH_GAP,87,40,19,16,12,365000.0,1.7496635262449527,MAIN,MAIN,2026-09-03 14:48:34.773,True,585.6007306575775,23,0.27472527472527475,25.693233489990234,0.27472527472527475,25.693233489990234,0.27472527472527475,52.99402642250061,0.5509641873278237,128.3676393032074,0.5509641873278237,178.21316003799438,0.6896551724137931,304.7632329463959,,,,,,,,,,,True,True,True,2026-09-03 13:32:02.573,365000.0,68.0,4592.200594,20260903_373220_E004,2026-09-03 14:48:06.108,365000.0,87.0,28.66498,2026-09-03 14:48:06.108,2026-09-03 14:48:34.773,365000.0,87.0,FAIL,DATA_UNAVAILABLE,NO_60S_HIGH_GAP,2026-09-03 14:48:34.773,365000.0,0.0,0.0,DATA_UNAVAILABLE,,,,NO_60S_HIGH_GAP,,,,,,,False,,,,,,,,,,,,,,,,,
2026-09-03 14:48:34.905,v1.6.9,373220,LG에너지솔루션,CONFIRM,PENDING,FIRST_75_SIGNAL,87,40,19,16,12,365000.0,1.7496635262449527,MAIN,MAIN,2026-09-03 14:48:34.773,True,585.6007306575775,23,0.27472527472527475,25.693233489990234,0.27472527472527475,25.693233489990234,0.27472527472527475,52.99402642250061,0.5509641873278237,128.3676393032074,0.5509641873278237,178.21316003799438,0.6896551724137931,304.7632329463959,,,,,,,,,,,True,True,True,2026-09-03 13:32:02.573,365000.0,68.0,4592.200594,20260903_373220_E004,2026-09-03 14:48:06.108,365000.0,87.0,28.66498,2026-09-03 14:48:06.108,2026-09-03 14:48:34.773,365000.0,87.0,FAIL,DATA_UNAVAILABLE,NO_60S_HIGH_GAP,2026-09-03 14:48:34.773,365000.0,0.0,0.0,,,,,,2026-09-03 14:48:34.773,365000.0,,,PENDING,FIRST_75_SIGNAL,False,,,,,,,,,,,,,,,,,
2026-09-03 14:49:07.749,v1.6.9,373220,LG에너지솔루션,CONFIRM,SKIP,SCORE_BELOW_75,68,40,19,5,4,366000.0,1.4804845222072678,MAIN,MAIN,2026-09-03 14:49:07.727,True,590.9416036605835,23,0.273972602739726,33.539581060409546,0.273972602739726,33.539581060409546,0.5494505494505495,59.23281455039978,0.5494505494505495,111.73545575141907,0.8264462809917356,187.80160880088806,0.6877579092159559,288.10925579071045,-0.2691790040376849,33.539581060409546,,,,,,,,,True,True,True,2026-09-03 13:32:02.573,365000.0,68.0,4592.200594,20260903_373220_E004,2026-09-03 14:48:06.108,365000.0,87.0,28.66498,2026-09-03 14:48:06.108,2026-09-03 14:48:34.773,365000.0,87.0,FAIL,DATA_UNAVAILABLE,NO_60S_HIGH_GAP,2026-09-03 14:49:07.727,366000.0,32.953522,0.273972602739736,,,,,,2026-09-03 14:48:34.773,365000.0,32.953522,0.273972602739726,EVALUABLE,SCORED,False,,,,,,,,,,,,,,,,,
2026-09-03 14:49:34.598,v1.6.9,003670,포스코퓨처엠,BASE,ENTER,75_SCORE,87,37,19,16,15,185300.0,1.014957264957265,MAIN,MAIN,2026-09-03 14:49:34.563,True,591.3629570007324,23,0.5425935973955507,29.12093997001648,0.5425935973955507,29.12093997001648,0.7065217391304348,62.660521030426025,1.146288209606987,115.65454745292664,1.3676148796498906,191.02816033363342,1.3121924548933843,291.22169852256775,,,,,,,,,,,True,True,True,2026-09-03 13:58:29.538,185000.0,67.0,3065.025385,20260903_003670_E002,2026-09-03 14:49:08.769,185300.0,87.0,25.794112,2026-09-03 14:49:08.769,2026-09-03 14:49:34.563,185300.0,87.0,FAIL,DATA_UNAVAILABLE,NO_60S_HIGH_GAP,2026-09-03 14:49:34.563,185300.0,0.0,0.0,,,,,,,,,,,,False,,,,,,,2,1,False,,,,,,,,
2026-09-03 14:49:34.611,v1.6.9,003670,포스코퓨처엠,PRE_HISTORY,SKIP,NO_60S_HIGH_GAP,87,37,19,16,15,185300.0,1.014957264957265,MAIN,MAIN,2026-09-03 14:49:34.563,True,591.3629570007324,23,0.5425935973955507,29.12093997001648,0.5425935973955507,29.12093997001648,0.7065217391304348,62.660521030426025,1.146288209606987,115.65454745292664,1.3676148796498906,191.02816033363342,1.3121924548933843,291.22169852256775,,,,,,,,,,,True,True,True,2026-09-03 13:58:29.538,185000.0,67.0,3065.025385,20260903_003670_E002,2026-09-03 14:49:08.769,185300.0,87.0,25.794112,2026-09-03 14:49:08.769,2026-09-03 14:49:34.563,185300.0,87.0,FAIL,DATA_UNAVAILABLE,NO_60S_HIGH_GAP,2026-09-03 14:49:34.563,185300.0,0.0,0.0,DATA_UNAVAILABLE,,,,NO_60S_HIGH_GAP,,,,,,,False,,,,,,,,,,,,,,,,,
2026-09-03 14:49:34.621,v1.6.9,003670,포스코퓨처엠,CONFIRM,PENDING,FIRST_75_SIGNAL,87,37,19,16,15,185300.0,1.014957264957265,MAIN,MAIN,2026-09-03 14:49:34.563,True,591.3629570007324,23,0.5425935973955507,29.12093997001648,0.5425935973955507,29.12093997001648,0.7065217391304348,62.660521030426025,1.146288209606987,115.65454745292664,1.3676148796498906,191.02816033363342,1.3121924548933843,291.22169852256775,,,,,,,,,,,True,True,True,2026-09-03 13:58:29.538,185000.0,67.0,3065.025385,20260903_003670_E002,2026-09-03 14:49:08.769,185300.0,87.0,25.794112,2026-09-03 14:49:08.769,2026-09-03 14:49:34.563,185300.0,87.0,FAIL,DATA_UNAVAILABLE,NO_60S_HIGH_GAP,2026-09-03 14:49:34.563,185300.0,0.0,0.0,,,,,,2026-09-03 14:49:34.563,185300.0,,,PENDING,FIRST_75_SIGNAL,False,,,,,,,,,,,,,,,,,
2026-09-03 14:50:06.981,v1.6.9,003670,포스코퓨처엠,CONFIRM,SKIP,PRE_FILTER_EXIT,,,,,,184700.0,,MAIN,MAIN,2026-09-03 14:50:06.981,True,,,,,,,,,,,,,,,,,,,,,,,,,,,True,2026-09-03 13:58:29.538,185000.0,67.0,3065.025385,,,,,,2026-09-03 14:49:08.769,2026-09-03 14:49:34.563,185300.0,87.0,FAIL,DATA_UNAVAILABLE,NO_60S_HIGH_GAP,2026-09-03 14:50:06.981,184700.0,32.417793,-0.3237992444684257,,,,,,2026-09-03 14:49:34.563,185300.0,32.417793,,FILTER_EXIT,PRE_FILTER_EXIT,False,,,,,,,,,,,,,,,,,
2026-09-03 14:51:04.577,v1.6.9,006360,GS건설,WIDE_HIGH_GAP_SHADOW,ENTER,HIGH_GAP_3P0_TO_4P5,61,33,0,16,12,33900.0,3.1428571428571432,MAIN,MAIN,2026-09-03 14:51:04.576,True,588.9081687927246,23,0.14771048744460857,27.729685306549072,0.14771048744460857,27.729685306549072,0.14771048744460857,56.26324439048767,0.2958579881656805,116.09438610076904,0.5934718100890208,175.32720065116882,0.5934718100890208,303.8959949016571,,,,,,,,,,,True,True,,,,,,20260903_006360_WIDE_E003,2026-09-03 14:51:04.576,33900.0,61.0,0.0,2026-09-03 14:50:35.742,,,,,,,2026-09-03 14:51:04.576,33900.0,,,,,,,,,,,,,,,,,,,,,3,3,True,STOP_LOSS,20260903_006360_WIDE_HIGH_GAP_SHADOW_E002_140452326865,WIDE_HIGH_GAP_SHADOW,,,,3.0,4.5
2026-09-03 14:51:31.835,v1.6.9,004710,한솔테크닉스,WIDE_HIGH_GAP_SHADOW,ENTER,HIGH_GAP_3P0_TO_4P5,38,29,0,5,4,8580.0,3.050847457627119,MAIN,MAIN,2026-09-03 14:51:31.830,True,589.9608545303345,23,-0.11641443538998836,29.87354874610901,-0.11641443538998836,29.87354874610901,-0.11641443538998836,57.60323405265808,0.23364485981308408,116.84699487686157,0.3508771929824561,179.5075159072876,0.5861664712778429,307.875155210495,0.11299435028248617,29.87354874610901,0.11299435028248617,57.60323405265808,-0.22598870056497145,116.84699487686157,-0.33898305084745717,179.5075159072876,-0.5649717514124291,307.875155210495,False,False,,,,,,20260903_004710_WIDE_E026,2026-09-03 14:51:31.830,8580.0,38.0,0.0,2026-09-03 14:51:05.616,,,,,,,2026-09-03 14:51:31.830,8580.0,,,,,,,,,,,,,,,,,,,,,26,26,True,OPEN,20260903_004710_WIDE_HIGH_GAP_SHADOW_E025_144015967204,WIDE_HIGH_GAP_SHADOW,,,,3.0,4.5
2026-09-03 14:51:31.861,v1.6.9,267270,HD건설기계,WIDE_HIGH_GAP_SHADOW,ENTER,HIGH_GAP_3P0_TO_4P5,38,29,0,5,4,134600.0,3.443328550932568,MAIN,MAIN,2026-09-03 14:51:31.859,True,589.9608545303345,23,-0.8106116433308769,29.87354874610901,-0.8106116433308769,29.87354874610901,-0.5908419497784343,57.60323405265808,-0.3700962250185048,116.84699487686157,-0.3700962250185048,179.5075159072876,-0.2223869532987398,307.875155210495,0.7890961262553802,29.87354874610901,0.5738880918220945,57.60323405265808,0.35868005738880937,116.84699487686157,0.35868005738880937,179.5075159072876,0.21520803443328562,307.875155210495,False,False,,,,,,20260903_267270_WIDE_E007,2026-09-03 14:51:31.859,134600.0,38.0,0.0,2026-09-03 14:51:05.616,,,,,,,2026-09-03 14:51:31.859,134600.0,,,,,,,,,,,,,,,,,,,,,7,7,True,OPEN,20260903_267270_WIDE_HIGH_GAP_SHADOW_E006_144350485580,WIDE_HIGH_GAP_SHADOW,,,,3.0,4.5
2026-09-03 14:53:22.031,v1.6.9,267270,HD건설기계,WIDE_HIGH_GAP_SHADOW,ENTER,HIGH_GAP_3P0_TO_4P5,38,29,0,5,4,135200.0,3.012912482065997,MAIN,MAIN,2026-09-03 14:53:22.030,True,598.5736145973206,23,-0.07390983000739099,28.70428705215454,-0.07390983000739099,28.70428705215454,0.2967359050445104,57.52002549171448,0.44576523031203563,114.30286574363708,-0.14771048744460857,171.90609979629517,0.07401924500370095,293.8103816509247,0.07173601147776187,28.70428705215454,-0.2869440459110475,57.52002549171448,-0.43041606886657124,114.30286574363708,0.1434720229555233,171.90609979629517,-0.07173601147776187,293.8103816509247,False,True,,,,,,20260903_267270_WIDE_E008,2026-09-03 14:53:22.030,135200.0,38.0,0.0,2026-09-03 14:52:59.919,,,,,,,2026-09-03 14:53:22.030,135200.0,,,,,,,,,,,,,,,,,,,,,8,8,True,OPEN,20260903_267270_WIDE_HIGH_GAP_SHADOW_E007_145131868361,WIDE_HIGH_GAP_SHADOW,,,,3.0,4.5
2026-09-03 14:53:51.213,v1.6.9,008930,한미사이언스,WIDE_HIGH_GAP_SHADOW,ENTER,HIGH_GAP_3P0_TO_4P5,42,33,0,5,4,51700.0,4.2592592592592595,MAIN,MAIN,2026-09-03 14:53:51.211,True,596.415693283081,23,0.7797270955165692,23.99977707862854,0.7797270955165692,23.99977707862854,0.9765625,52.70406413078308,0.9765625,111.01017308235168,0.9765625,168.17619156837463,1.1741682974559686,284.2705776691437,-0.7407407407407405,23.99977707862854,-0.9259259259259256,52.70406413078308,-0.9259259259259256,111.01017308235168,-0.9259259259259256,168.17619156837463,-1.1111111111111107,284.2705776691437,True,True,,,,,,20260903_008930_WIDE_E041,2026-09-03 14:53:51.211,51700.0,42.0,0.0,2026-09-03 14:53:23.919,,,,,,,2026-09-03 14:53:51.211,51700.0,,,,,,,,,,,,,,,,,,,,,42,41,True,STOP_LOSS,20260903_008930_WIDE_HIGH_GAP_SHADOW_E040_140738493616,WIDE_HIGH_GAP_SHADOW,,,,3.0,4.5
2026-09-03 14:56:43.722,v1.6.9,033790,피노,WIDE_HIGH_GAP_SHADOW,ENTER,HIGH_GAP_3P0_TO_4P5,38,29,0,5,4,8660.0,3.0235162374020157,MAIN,MAIN,2026-09-03 14:56:43.721,True,591.6948971748352,22,-0.2304147465437788,28.27884078025818,-0.2304147465437788,28.27884078025818,-0.34522439585730724,57.755484104156494,-0.34522439585730724,112.92685675621033,-0.8018327605956471,170.24934887886047,-0.6880733944954129,308.5519917011261,0.22396416573348255,28.27884078025818,0.33594624860022426,57.755484104156494,0.33594624860022426,112.92685675621033,0.7838745800671894,170.24934887886047,0.6718924972004481,308.5519917011261,False,False,,,,,,20260903_033790_WIDE_E025,2026-09-03 14:56:43.721,8660.0,38.0,0.0,2026-09-03 14:56:14.168,,,,,,,2026-09-03 14:56:43.721,8660.0,,,,,,,,,,,,,,,,,,,,,25,25,True,OPEN,20260903_033790_WIDE_HIGH_GAP_SHADOW_E024_144416535142,WIDE_HIGH_GAP_SHADOW,,,,3.0,4.5
2026-09-03 14:57:46.718,v1.6.9,105560,KB금융,BASE,ENTER,75_SCORE,87,40,19,16,12,177900.0,1.549529607083564,MAIN,MAIN,2026-09-03 14:57:46.684,True,575.12109375,21,0.22535211267605634,30.659666776657104,0.22535211267605634,30.659666776657104,0.2818489289740699,61.36835265159607,0.39503386004514673,119.12383675575256,0.338409475465313,174.2952094078064,0.39503386004514673,313.13750410079956,,,,,,,,,,,True,True,True,2026-09-03 09:29:28.805,177600.0,67.0,19697.879025,20260903_105560_E012,2026-09-03 14:57:15.536,177900.0,87.0,31.148114,2026-09-03 14:57:15.536,2026-09-03 14:57:46.684,177900.0,87.0,FAIL,DATA_UNAVAILABLE,NO_60S_HIGH_GAP,2026-09-03 14:57:46.684,177900.0,0.0,0.0,,,,,,,,,,,,False,,,,,,,5,3,True,STOP_LOSS,20260903_105560_BASE_E005_110047739443,,,,,,
2026-09-03 14:57:46.748,v1.6.9,105560,KB금융,PRE_HISTORY,SKIP,NO_60S_HIGH_GAP,87,40,19,16,12,177900.0,1.549529607083564,MAIN,MAIN,2026-09-03 14:57:46.684,True,575.12109375,21,0.22535211267605634,30.659666776657104,0.22535211267605634,30.659666776657104,0.2818489289740699,61.36835265159607,0.39503386004514673,119.12383675575256,0.338409475465313,174.2952094078064,0.39503386004514673,313.13750410079956,,,,,,,,,,,True,True,True,2026-09-03 09:29:28.805,177600.0,67.0,19697.879025,20260903_105560_E012,2026-09-03 14:57:15.536,177900.0,87.0,31.148114,2026-09-03 14:57:15.536,2026-09-03 14:57:46.684,177900.0,87.0,FAIL,DATA_UNAVAILABLE,NO_60S_HIGH_GAP,2026-09-03 14:57:46.684,177900.0,0.0,0.0,DATA_UNAVAILABLE,,,,NO_60S_HIGH_GAP,,,,,,,False,,,,,,,,,,,,,,,,,
2026-09-03 14:57:46.761,v1.6.9,105560,KB금융,CONFIRM,PENDING,FIRST_75_SIGNAL,87,40,19,16,12,177900.0,1.549529607083564,MAIN,MAIN,2026-09-03 14:57:46.684,True,575.12109375,21,0.22535211267605634,30.659666776657104,0.22535211267605634,30.659666776657104,0.2818489289740699,61.36835265159607,0.39503386004514673,119.12383675575256,0.338409475465313,174.2952094078064,0.39503386004514673,313.13750410079956,,,,,,,,,,,True,True,True,2026-09-03 09:29:28.805,177600.0,67.0,19697.879025,20260903_105560_E012,2026-09-03 14:57:15.536,177900.0,87.0,31.148114,2026-09-03 14:57:15.536,2026-09-03 14:57:46.684,177900.0,87.0,FAIL,DATA_UNAVAILABLE,NO_60S_HIGH_GAP,2026-09-03 14:57:46.684,177900.0,0.0,0.0,,,,,,2026-09-03 14:57:46.684,177900.0,,,PENDING,FIRST_75_SIGNAL,False,,,,,,,,,,,,,,,,,
2026-09-03 14:58:19.514,v1.6.9,105560,KB금융,CONFIRM,SKIP,SCORE_BELOW_75,68,40,19,5,4,178100.0,1.4388489208633095,MAIN,MAIN,2026-09-03 14:58:19.500,True,583.9769222736359,21,0.11242270938729623,34.5490620136261,0.11242270938729623,34.5490620136261,0.3380281690140845,65.2087287902832,0.3945885005636978,124.19625544548035,0.5079006772009029,181.28441309928894,0.564652738565782,290.1665406227112,-0.11068068622025451,34.5490620136261,-0.11068068622025451,34.5490620136261,,,,,,,True,True,True,2026-09-03 09:29:28.805,177600.0,67.0,19697.879025,20260903_105560_E012,2026-09-03 14:57:15.536,177900.0,87.0,31.148114,2026-09-03 14:57:15.536,2026-09-03 14:57:46.684,177900.0,87.0,FAIL,DATA_UNAVAILABLE,NO_60S_HIGH_GAP,2026-09-03 14:58:19.500,178100.0,32.816037,0.11242270938729426,,,,,,2026-09-03 14:57:46.684,177900.0,32.816037,0.11242270938729623,EVALUABLE,SCORED,False,,,,,,,,,,,,,,,,,
2026-09-03 14:58:51.014,v1.6.9,006360,GS건설,WIDE_HIGH_GAP_SHADOW,ENTER,HIGH_GAP_3P0_TO_4P5,42,33,0,5,4,33900.0,3.1428571428571432,MAIN,MAIN,2026-09-03 14:58:51.013,True,580.8987016677856,21,0.14771048744460857,30.461360454559326,0.14771048744460857,30.461360454559326,0.2958579881656805,65.01042246818542,0.4444444444444444,126.3787751197815,0.4444444444444444,184.134259223938,0.2958579881656805,296.62812399864197,,,,,,,,,,,True,True,,,,,,20260903_006360_WIDE_E004,2026-09-03 14:58:51.013,33900.0,42.0,0.0,2026-09-03 14:58:20.547,,,,,,,2026-09-03 14:58:51.013,33900.0,,,,,,,,,,,,,,,,,,,,,4,4,True,OPEN,20260903_006360_WIDE_HIGH_GAP_SHADOW_E003_145104597723,WIDE_HIGH_GAP_SHADOW,,,,3.0,4.5
2026-09-03 14:59:49.826,v1.6.9,004710,한솔테크닉스,WIDE_HIGH_GAP_SHADOW,ENTER,HIGH_GAP_3P0_TO_4P5,38,29,0,5,4,8570.0,3.1638418079096042,MAIN,MAIN,2026-09-03 14:59:49.822,True,582.4244272708893,21,-0.23282887077997672,29.825239896774292,-0.23282887077997672,29.825239896774292,-0.23282887077997672,61.35686731338501,-0.11655011655011654,126.36728978157043,0.23391812865497078,187.7356424331665,0.23391812865497078,300.66249918937683,0.22598870056497145,29.825239896774292,0.22598870056497145,61.35686731338501,0.11299435028248528,126.36728978157043,-0.2259887005649719,187.7356424331665,-0.2259887005649719,300.66249918937683,False,False,,,,,,20260903_004710_WIDE_E027,2026-09-03 14:59:49.822,8570.0,38.0,0.0,2026-09-03 14:59:21.904,,,,,,,2026-09-03 14:59:49.822,8570.0,,,,,,,,,,,,,,,,,,,,,27,27,True,OPEN,20260903_004710_WIDE_HIGH_GAP_SHADOW_E026_145131856140,WIDE_HIGH_GAP_SHADOW,,,,3.0,4.5
2026-09-03 15:00:20.954,v1.6.9,006360,GS건설,WIDE_HIGH_GAP_SHADOW,ENTER,HIGH_GAP_3P0_TO_4P5,42,33,0,5,4,33900.0,3.1428571428571432,MAIN,MAIN,2026-09-03 15:00:20.953,True,582.9900164604187,21,0.14771048744460857,29.099148273468018,0.14771048744460857,29.099148273468018,0.2958579881656805,58.92438817024231,0.14771048744460857,120.91737604141235,0.4444444444444444,186.12610483169556,0.14771048744460857,302.2017891407013,,,,,,,,,,,True,True,,,,,,20260903_006360_WIDE_E005,2026-09-03 15:00:20.953,33900.0,42.0,0.0,2026-09-03 14:59:51.003,,,,,,,2026-09-03 15:00:20.953,33900.0,,,,,,,,,,,,,,,,,,,,,5,5,True,OPEN,20260903_006360_WIDE_HIGH_GAP_SHADOW_E004_145851033635,WIDE_HIGH_GAP_SHADOW,,,,3.0,4.5
2026-09-03 15:00:20.986,v1.6.9,388050,지투파워,WIDE_HIGH_GAP_SHADOW,ENTER,HIGH_GAP_3P0_TO_4P5,38,29,0,5,4,9910.0,4.343629343629344,MAIN,MAIN,2026-09-03 15:00:20.983,True,582.9900164604187,21,0.30364372469635625,29.099148273468018,0.30364372469635625,29.099148273468018,0.20222446916076847,58.92438817024231,0.6091370558375634,120.91737604141235,0.5070993914807302,186.12610483169556,0.4052684903748734,302.2017891407013,-0.2895752895752892,29.099148273468018,-0.1930501930501931,58.92438817024231,-0.5791505791505793,120.91737604141235,-0.4826254826254823,186.12610483169556,-0.3861003861003862,302.2017891407013,True,True,,,,,,20260903_388050_WIDE_E011,2026-09-03 15:00:20.983,9910.0,38.0,0.0,2026-09-03 14:59:51.003,,,,,,,2026-09-03 15:00:20.983,9910.0,,,,,,,,,,,,,,,,,,,,,11,11,True,STOP_LOSS,20260903_388050_WIDE_HIGH_GAP_SHADOW_E010_140030710276,WIDE_HIGH_GAP_SHADOW,,,,3.0,4.5
2026-09-03 15:03:24.299,v1.6.9,006360,GS건설,WIDE_HIGH_GAP_SHADOW,ENTER,HIGH_GAP_3P0_TO_4P5,42,33,0,5,4,33750.0,3.571428571428571,MAIN,MAIN,2026-09-03 15:03:24.298,True,594.4235608577728,21,-0.29542097488921715,30.642019271850586,-0.29542097488921715,30.642019271850586,-0.29542097488921715,61.08262062072754,-0.29542097488921715,121.72896432876587,-0.4424778761061947,183.3396441936493,-0.29542097488921715,304.25702023506165,,,,,,,0.42857142857142794,183.3396441936493,0.42857142857142794,273.7956597805023,False,False,,,,,,20260903_006360_WIDE_E006,2026-09-03 15:03:24.298,33750.0,42.0,0.0,2026-09-03 15:02:54.342,,,,,,,2026-09-03 15:03:24.298,33750.0,,,,,,,,,,,,,,,,,,,,,6,6,True,OPEN,20260903_006360_WIDE_HIGH_GAP_SHADOW_E005_150020972760,WIDE_HIGH_GAP_SHADOW,,,,3.0,4.5
2026-09-03 15:04:59.582,v1.6.9,006360,GS건설,WIDE_HIGH_GAP_SHADOW,ENTER,HIGH_GAP_3P0_TO_4P5,42,33,0,5,4,33850.0,3.2857142857142856,MAIN,MAIN,2026-09-03 15:04:59.578,True,578.9946794509888,20,0.14792899408284024,31.082559823989868,0.14792899408284024,31.082559823989868,0.2962962962962963,62.459575176239014,0.0,124.09526538848877,0.0,185.1491904258728,0.0,305.8920385837555,,,,,,,,,0.14285714285714235,276.7928903102875,True,True,,,,,,20260903_006360_WIDE_E007,2026-09-03 15:04:59.578,33850.0,42.0,0.0,2026-09-03 15:04:27.796,,,,,,,2026-09-03 15:04:59.578,33850.0,,,,,,,,,,,,,,,,,,,,,7,7,True,OPEN,20260903_006360_WIDE_HIGH_GAP_SHADOW_E006_150324306447,WIDE_HIGH_GAP_SHADOW,,,,3.0,4.5
2026-09-03 15:12:05.719,v1.6.9,000720,현대건설,WIDE_HIGH_GAP_SHADOW,ENTER,HIGH_GAP_3P0_TO_4P5,49,40,0,5,4,119300.0,3.1655844155844153,MAIN,MAIN,2026-09-03 15:12:05.718,True,581.4771893024445,19,-0.2508361204013378,32.51796841621399,-0.2508361204013378,32.51796841621399,-0.3341687552213868,65.12215256690979,-0.5833333333333334,129.36137914657593,-0.5833333333333334,194.9061737060547,-0.6661115736885929,293.4053966999054,0.24350649350649345,32.51796841621399,0.32467532467532445,65.12215256690979,0.5681818181818179,129.36137914657593,0.5681818181818179,194.9061737060547,0.6493506493506489,293.4053966999054,False,False,,,,,,20260903_000720_WIDE_E006,2026-09-03 15:12:05.718,119300.0,49.0,0.0,2026-09-03 15:11:34.737,,,,,,,2026-09-03 15:12:05.718,119300.0,,,,,,,,,,,,,,,,,,,,,7,6,True,OPEN,20260903_000720_WIDE_HIGH_GAP_SHADOW_E005_144834766552,WIDE_HIGH_GAP_SHADOW,,,,3.0,4.5
2026-09-03 15:13:04.671,v1.6.9,031980,피에스케이홀딩스,WIDE_HIGH_GAP_SHADOW,ENTER,HIGH_GAP_3P0_TO_4P5,38,29,0,5,4,129900.0,3.276247207743857,MAIN,MAIN,2026-09-03 15:13:04.668,True,581.7757134437561,19,-0.3069838833461243,29.30152130126953,-0.3069838833461243,29.30152130126953,-0.45977011494252873,61.381144762039185,-0.612088752869166,126.50329732894897,-0.3834355828220859,190.7425239086151,-0.612088752869166,288.85110902786255,0.29784065524944126,29.30152130126953,0.4467609828741623,61.381144762039185,0.595681310498883,126.50329732894897,0.37230081906180157,190.7425239086151,0.595681310498883,288.85110902786255,False,False,,,,,,20260903_031980_WIDE_E001,2026-09-03 15:13:04.668,129900.0,38.0,0.0,2026-09-03 15:12:36.118,,,,,,,2026-09-03 15:13:04.668,129900.0,,,,,,,,,,,,,,,,,,,,,1,1,False,,,WIDE_HIGH_GAP_SHADOW,,,,3.0,4.5
2026-09-03 15:14:07.487,v1.6.9,082920,비츠로셀,WIDE_HIGH_GAP_SHADOW,ENTER,HIGH_GAP_3P0_TO_4P5,33,24,0,5,4,28300.0,3.0821917808219177,MAIN,MAIN,2026-09-03 15:14:07.485,True,580.0704543590546,19,-0.1763668430335097,31.076919078826904,-0.1763668430335097,31.076919078826904,-1.048951048951049,60.66542720794678,-0.7017543859649122,122.04657196998596,-1.2216404886561953,187.16872453689575,-1.048951048951049,284.1850152015686,0.17123287671232879,31.076919078826904,1.0273972602739727,60.66542720794678,0.6849315068493151,122.04657196998596,1.1986301369863013,187.16872453689575,1.0273972602739727,284.1850152015686,False,False,,,,,,20260903_082920_WIDE_E001,2026-09-03 15:14:07.485,28300.0,33.0,0.0,2026-09-03 15:13:36.783,,,,,,,2026-09-03 15:14:07.485,28300.0,,,,,,,,,,,,,,,,,,,,,1,1,False,,,WIDE_HIGH_GAP_SHADOW,,,,3.0,4.5
2026-09-03 15:15:07.845,v1.6.9,000720,현대건설,WIDE_HIGH_GAP_SHADOW,ENTER,HIGH_GAP_3P0_TO_4P5,49,40,0,5,4,119500.0,3.0032467532467533,MAIN,MAIN,2026-09-03 15:15:07.842,True,578.2607047557831,19,-0.08361204013377926,30.359552145004272,-0.08361204013377926,30.359552145004272,-0.08361204013377926,62.11295795440674,-0.1670843776106934,122.77838516235352,0.16764459346186086,184.1595299243927,-0.4166666666666667,313.5209090709686,0.08116883116883145,30.359552145004272,0.08116883116883145,62.11295795440674,0.16233766233766245,122.77838516235352,-0.162337662337662,184.1595299243927,0.4058441558441559,313.5209090709686,False,False,,,,,,20260903_000720_WIDE_E007,2026-09-03 15:15:07.842,119500.0,49.0,0.0,2026-09-03 15:14:38.896,,,,,,,2026-09-03 15:15:07.842,119500.0,,,,,,,,,,,,,,,,,,,,,8,7,True,OPEN,20260903_000720_WIDE_HIGH_GAP_SHADOW_E006_151205750827,WIDE_HIGH_GAP_SHADOW,,,,3.0,4.5
2026-09-03 15:16:41.353,v1.6.9,000720,현대건설,WIDE_HIGH_GAP_SHADOW,ENTER,HIGH_GAP_3P0_TO_4P5,49,40,0,5,4,119500.0,3.0032467532467533,MAIN,MAIN,2026-09-03 15:16:41.352,True,569.2271459102631,19,-0.1670843776106934,30.620257139205933,-0.1670843776106934,30.620257139205933,0.08375209380234507,61.63673496246338,-0.08361204013377926,122.02177143096924,-0.25041736227045075,184.8520963191986,-0.08361204013377926,308.33971762657166,0.16233766233766245,30.620257139205933,-0.081168831168831,61.63673496246338,0.08116883116883145,122.02177143096924,0.24350649350649345,184.8520963191986,0.08116883116883145,308.33971762657166,False,True,,,,,,20260903_000720_WIDE_E008,2026-09-03 15:16:41.352,119500.0,49.0,0.0,2026-09-03 15:16:10.559,,,,,,,2026-09-03 15:16:41.352,119500.0,,,,,,,,,,,,,,,,,,,,,9,8,True,OPEN,20260903_000720_WIDE_HIGH_GAP_SHADOW_E007_151507864582,WIDE_HIGH_GAP_SHADOW,,,,3.0,4.5
2026-09-03 15:17:43.812,v1.6.9,082920,비츠로셀,WIDE_HIGH_GAP_SHADOW,ENTER,HIGH_GAP_3P0_TO_4P5,38,29,0,5,4,28300.0,3.0821917808219177,MAIN,MAIN,2026-09-03 15:17:43.807,True,598.5536992549896,20,-0.5272407732864675,30.91953420639038,-0.5272407732864675,30.91953420639038,-0.43975373790677225,62.76599073410034,-0.1763668430335097,124.40272569656372,-0.5272407732864675,184.78776216506958,-0.35211267605633806,306.50811648368835,0.5136986301369864,30.91953420639038,0.42808219178082174,62.76599073410034,0.17123287671232879,124.40272569656372,0.5136986301369864,184.78776216506958,0.34246575342465757,306.50811648368835,False,False,,,,,,20260903_082920_WIDE_E002,2026-09-03 15:17:43.807,28300.0,38.0,0.0,2026-09-03 15:17:13.325,,,,,,,2026-09-03 15:17:43.807,28300.0,,,,,,,,,,,,,,,,,,,,,2,2,True,OPEN,20260903_082920_WIDE_HIGH_GAP_SHADOW_E001_151407518576,WIDE_HIGH_GAP_SHADOW,,,,3.0,4.5
2026-09-03 15:18:14.741,v1.6.9,000720,현대건설,WIDE_HIGH_GAP_SHADOW,ENTER,HIGH_GAP_3P0_TO_4P5,49,40,0,5,4,119500.0,3.0032467532467533,MAIN,MAIN,2026-09-03 15:18:14.740,True,597.5931024551392,20,-0.08361204013377926,31.535398244857788,-0.08361204013377926,31.535398244857788,-0.08361204013377926,62.45493245124817,-0.1670843776106934,124.92164611816406,0.0,185.9636082649231,-0.1670843776106934,308.7419934272766,0.08116883116883145,31.535398244857788,0.08116883116883145,62.45493245124817,0.16233766233766245,124.92164611816406,0.0,185.9636082649231,0.16233766233766245,308.7419934272766,False,False,,,,,,20260903_000720_WIDE_E009,2026-09-03 15:18:14.740,119500.0,49.0,0.0,2026-09-03 15:17:44.860,,,,,,,2026-09-03 15:18:14.740,119500.0,,,,,,,,,,,,,,,,,,,,,10,9,True,OPEN,20260903_000720_WIDE_HIGH_GAP_SHADOW_E008_151641370351,WIDE_HIGH_GAP_SHADOW,,,,3.0,4.5
2026-09-03 15:18:45.721,v1.6.9,008930,한미사이언스,WIDE_HIGH_GAP_SHADOW,ENTER,HIGH_GAP_3P0_TO_4P5,42,33,0,5,4,51600.0,4.444444444444445,MAIN,MAIN,2026-09-03 15:18:45.720,True,595.965193271637,20,0.1941747572815534,30.93588137626648,0.1941747572815534,30.93588137626648,0.1941747572815534,62.47127962112427,0.1941747572815534,125.23727035522461,0.78125,186.874005317688,0.0,310.0893666744232,-0.18518518518518512,30.93588137626648,-0.18518518518518512,62.47127962112427,-0.18518518518518512,125.23727035522461,-0.7407407407407405,186.874005317688,0.0,310.0893666744232,True,True,,,,,,20260903_008930_WIDE_E042,2026-09-03 15:18:45.720,51600.0,42.0,0.0,2026-09-03 15:18:15.796,,,,,,,2026-09-03 15:18:45.720,51600.0,,,,,,,,,,,,,,,,,,,,,43,42,True,OPEN,20260903_008930_WIDE_HIGH_GAP_SHADOW_E041_145351219758,WIDE_HIGH_GAP_SHADOW,,,,3.0,4.5
2026-09-03 15:18:45.769,v1.6.9,031980,피에스케이홀딩스,WIDE_HIGH_GAP_SHADOW,ENTER,HIGH_GAP_3P0_TO_4P5,38,29,0,5,4,129900.0,3.276247207743857,MAIN,MAIN,2026-09-03 15:18:45.768,True,595.965193271637,20,-0.612088752869166,30.93588137626648,-0.612088752869166,30.93588137626648,0.0,62.47127962112427,-0.07692307692307693,125.23727035522461,0.3088803088803089,186.874005317688,0.0,310.0893666744232,0.595681310498883,30.93588137626648,0.0,62.47127962112427,0.07446016381236076,125.23727035522461,-0.2978406552494417,186.874005317688,0.0,310.0893666744232,False,False,,,,,,20260903_031980_WIDE_E002,2026-09-03 15:18:45.768,129900.0,38.0,0.0,2026-09-03 15:18:15.796,,,,,,,2026-09-03 15:18:45.768,129900.0,,,,,,,,,,,,,,,,,,,,,2,2,True,OPEN,20260903_031980_WIDE_HIGH_GAP_SHADOW_E001_151304690676,WIDE_HIGH_GAP_SHADOW,,,,3.0,4.5
2026-09-03 15:19:18.364,v1.6.9,004710,한솔테크닉스,WIDE_HIGH_GAP_SHADOW,ENTER,HIGH_GAP_3P0_TO_4P5,38,29,0,5,4,8460.0,4.406779661016949,MAIN,MAIN,2026-09-03 15:19:18.358,True,594.2425487041473,20,0.23696682464454977,31.045085906982422,0.23696682464454977,31.045085906982422,0.4750593824228029,61.9809672832489,0.23696682464454977,124.43589973449707,0.1183431952662722,186.90261340141296,-0.11806375442739078,310.05753350257874,-0.22598870056497233,31.045085906982422,-0.4519774011299438,61.9809672832489,-0.22598870056497233,124.43589973449707,-0.11299435028248617,186.90261340141296,0.11299435028248617,310.05753350257874,True,True,,,,,,20260903_004710_WIDE_E028,2026-09-03 15:19:18.358,8460.0,38.0,0.0,2026-09-03 15:18:46.841,,,,,,,2026-09-03 15:19:18.358,8460.0,,,,,,,,,,,,,,,,,,,,,28,28,True,STOP_LOSS,20260903_004710_WIDE_HIGH_GAP_SHADOW_E027_145949877617,WIDE_HIGH_GAP_SHADOW,,,,3.0,4.5
2026-09-03 15:40:29.477,v1.6.9,031980,피에스케이홀딩스,WIDE_HIGH_GAP_SHADOW,ENTER,HIGH_GAP_3P0_TO_4P5,38,29,0,5,4,129500.0,3.5740878629932986,NXT_AFTER,NXT_AFTER,2026-09-03 15:40:29.477,True,0.0,1,,,,,,,,,,,,,,,,,,,,,,,,,,,,,,20260903_031980_WIDE_E003,2026-09-03 15:40:29.477,129500.0,38.0,0.0,2026-09-03 15:40:00.547,,,,,,,2026-09-03 15:40:29.477,129500.0,,,,,,,,,,,,,,,,,,,,,3,3,True,OPEN,20260903_031980_WIDE_HIGH_GAP_SHADOW_E002_151845788133,WIDE_HIGH_GAP_SHADOW,,,,3.0,4.5
2026-09-03 15:40:29.486,v1.6.9,082920,비츠로셀,WIDE_HIGH_GAP_SHADOW,ENTER,HIGH_GAP_3P0_TO_4P5,38,29,0,5,4,28250.0,3.2534246575342465,NXT_AFTER,NXT_AFTER,2026-09-03 15:40:29.486,True,0.0,1,,,,,,,,,,,,,,,,,,,,,,,,,,,,,,20260903_082920_WIDE_E003,2026-09-03 15:40:29.486,28250.0,38.0,0.0,2026-09-03 15:40:00.547,,,,,,,2026-09-03 15:40:29.486,28250.0,,,,,,,,,,,,,,,,,,,,,3,3,True,OPEN,20260903_082920_WIDE_HIGH_GAP_SHADOW_E002_151743833760,WIDE_HIGH_GAP_SHADOW,,,,3.0,4.5
2026-09-03 15:40:29.503,v1.6.9,051910,LG화학,SHADOW_SCORE_70_74,ENTER,SCORE_70_74_BEFORE_FIRST75,74,40,14,11,9,287000.0,2.8764805414551606,NXT_AFTER,NXT_AFTER,2026-09-03 15:40:29.472,True,0.0,1,,,,,,,,,,,,,,,,,,,,,,,,,,2026-09-03 14:47:13.114,287000.0,60.0,3196.357792,20260903_051910_E001,2026-09-03 14:47:13.114,287000.0,60.0,3196.357792,2026-09-03 15:40:00.547,,,,,,,2026-09-03 15:40:29.472,287000.0,,,,,,,,,,,,,,False,,,,,,,2,1,False,,,,,,,,
2026-09-03 15:40:29.552,v1.6.9,105560,KB금융,BASE,ENTER,75_SCORE,79,40,19,11,9,177900.0,1.549529607083564,NXT_AFTER,NXT_AFTER,2026-09-03 15:40:29.476,True,0.0,1,,,,,,,,,,,,,,,,,,,,,,,,,,2026-09-03 09:29:28.805,177600.0,67.0,22260.670906,20260903_105560_E013,2026-09-03 15:18:46.841,177800.0,68.0,1302.635239,2026-09-03 15:40:00.547,2026-09-03 15:40:29.476,177900.0,79.0,FAIL,DATA_UNAVAILABLE,INSUFFICIENT_HISTORY,2026-09-03 15:40:29.476,177900.0,0.0,0.0,,,,,,,,,,,,False,,,,,,,6,4,True,OPEN,20260903_105560_BASE_E012_145746739395,,,,,,
2026-09-03 15:40:29.576,v1.6.9,105560,KB금융,PRE_HISTORY,SKIP,INSUFFICIENT_HISTORY,79,40,19,11,9,177900.0,1.549529607083564,NXT_AFTER,NXT_AFTER,2026-09-03 15:40:29.476,True,0.0,1,,,,,,,,,,,,,,,,,,,,,,,,,,2026-09-03 09:29:28.805,177600.0,67.0,22260.670906,20260903_105560_E013,2026-09-03 15:18:46.841,177800.0,68.0,1302.635239,2026-09-03 15:40:00.547,2026-09-03 15:40:29.476,177900.0,79.0,FAIL,DATA_UNAVAILABLE,INSUFFICIENT_HISTORY,2026-09-03 15:40:29.476,177900.0,0.0,0.0,DATA_UNAVAILABLE,,,,INSUFFICIENT_HISTORY,,,,,,,False,,,,,,,,,,,,,,,,,
2026-09-03 15:40:29.595,v1.6.9,105560,KB금융,CONFIRM,PENDING,FIRST_75_SIGNAL,79,40,19,11,9,177900.0,1.549529607083564,NXT_AFTER,NXT_AFTER,2026-09-03 15:40:29.476,True,0.0,1,,,,,,,,,,,,,,,,,,,,,,,,,,2026-09-03 09:29:28.805,177600.0,67.0,22260.670906,20260903_105560_E013,2026-09-03 15:18:46.841,177800.0,68.0,1302.635239,2026-09-03 15:40:00.547,2026-09-03 15:40:29.476,177900.0,79.0,FAIL,DATA_UNAVAILABLE,INSUFFICIENT_HISTORY,2026-09-03 15:40:29.476,177900.0,0.0,0.0,,,,,,2026-09-03 15:40:29.476,177900.0,,,PENDING,FIRST_75_SIGNAL,False,,,,,,,,,,,,,,,,,
2026-09-03 15:41:12.590,v1.6.9,105560,KB금융,CONFIRM,SKIP,SCORE_BELOW_75,68,40,19,5,4,177900.0,1.549529607083564,NXT_AFTER,NXT_AFTER,2026-09-03 15:41:12.578,True,43.40117573738098,2,,,0.0,43.40117573738098,,,,,,,,,0.0,43.40117573738098,0.0,43.40117573738098,,,,,,,False,,,2026-09-03 09:29:28.805,177600.0,67.0,22260.670906,20260903_105560_E013,2026-09-03 15:18:46.841,177800.0,68.0,1302.635239,2026-09-03 15:40:00.547,2026-09-03 15:40:29.476,177900.0,79.0,FAIL,DATA_UNAVAILABLE,INSUFFICIENT_HISTORY,2026-09-03 15:41:12.578,177900.0,43.102093,0.0,,,,,,2026-09-03 15:40:29.476,177900.0,43.102093,0.0,EVALUABLE,SCORED,False,,,,,,,,,,,,,,,,,
2026-09-03 15:46:24.467,v1.6.9,000720,현대건설,WIDE_HIGH_GAP_SHADOW,ENTER,HIGH_GAP_3P0_TO_4P5,49,40,0,5,4,119500.0,3.0032467532467533,NXT_AFTER,NXT_AFTER,2026-09-03 15:46:24.466,True,355.2716951370239,10,1.1854360711261642,39.79708814620972,1.1854360711261642,39.79708814620972,0.0,79.89598083496094,0.0,115.73075294494629,0.0,194.3573033809662,0.0,311.87051939964294,,,0.0,79.89598083496094,0.0,115.73075294494629,0.0,194.3573033809662,0.0,311.87051939964294,True,False,,,,,,20260903_000720_WIDE_E010,2026-09-03 15:46:24.466,119500.0,49.0,0.0,2026-09-03 15:45:55.818,,,,,,,2026-09-03 15:46:24.466,119500.0,,,,,,,,,,,,,,,,,,,,,11,10,True,OPEN,20260903_000720_WIDE_HIGH_GAP_SHADOW_E009_151814771401,WIDE_HIGH_GAP_SHADOW,,,,3.0,4.5
2026-09-03 15:50:47.899,v1.6.9,000720,현대건설,WIDE_HIGH_GAP_SHADOW,ENTER,HIGH_GAP_3P0_TO_4P5,49,40,0,5,4,119500.0,3.0032467532467533,NXT_AFTER,NXT_AFTER,2026-09-03 15:50:47.898,True,576.9672536849976,16,1.1854360711261642,37.579099893569946,1.1854360711261642,37.579099893569946,1.1854360711261642,77.36969518661499,1.2711864406779663,115.58139181137085,1.0998307952622675,189.97688841819763,1.1854360711261642,304.89382243156433,,,,,,,,,,,True,True,,,,,,20260903_000720_WIDE_E011,2026-09-03 15:50:47.898,119500.0,49.0,0.0,2026-09-03 15:50:20.915,,,,,,,2026-09-03 15:50:47.898,119500.0,,,,,,,,,,,,,,,,,,,,,12,11,True,OPEN,20260903_000720_WIDE_HIGH_GAP_SHADOW_E010_154624502137,WIDE_HIGH_GAP_SHADOW,,,,3.0,4.5
2026-09-03 15:55:20.503,v1.6.9,082920,비츠로셀,WIDE_HIGH_GAP_SHADOW,ENTER,HIGH_GAP_3P0_TO_4P5,38,29,0,5,4,28250.0,3.2534246575342465,NXT_AFTER,NXT_AFTER,2026-09-03 15:55:20.500,True,575.790447473526,16,,,0.5338078291814947,41.610559940338135,0.5338078291814947,41.610559940338135,0.5338078291814947,116.73021101951599,0.5338078291814947,197.059100151062,0.0,308.4757249355316,,,,,,,,,0.0,308.4757249355316,True,True,,,,,,20260903_082920_WIDE_E004,2026-09-03 15:55:20.500,28250.0,38.0,0.0,2026-09-03 15:54:51.812,,,,,,,2026-09-03 15:55:20.500,28250.0,,,,,,,,,,,,,,,,,,,,,4,4,True,OPEN,20260903_082920_WIDE_HIGH_GAP_SHADOW_E003_154029497033,WIDE_HIGH_GAP_SHADOW,,,,3.0,4.5
2026-09-03 16:01:57.216,v1.6.9,031980,피에스케이홀딩스,WIDE_HIGH_GAP_SHADOW,ENTER,HIGH_GAP_3P0_TO_4P5,38,29,0,5,4,129500.0,3.5740878629932986,NXT_AFTER,NXT_AFTER,2026-09-03 16:01:57.215,True,594.2718963623047,16,1.2509773260359656,39.3797390460968,1.2509773260359656,39.3797390460968,1.171875,76.62143611907959,1.171875,115.90792155265808,1.171875,192.57261323928833,0.0,318.0157334804535,,,,,,,,,0.0,318.0157334804535,True,True,,,,,,20260903_031980_WIDE_E004,2026-09-03 16:01:57.215,129500.0,38.0,0.0,2026-09-03 16:01:29.024,,,,,,,2026-09-03 16:01:57.215,129500.0,,,,,,,,,,,,,,,,,,,,,4,4,True,OPEN,20260903_031980_WIDE_HIGH_GAP_SHADOW_E003_154029483808,WIDE_HIGH_GAP_SHADOW,,,,3.0,4.5
2026-09-03 16:04:00.329,v1.6.9,000720,현대건설,WIDE_HIGH_GAP_SHADOW,ENTER,HIGH_GAP_3P0_TO_4P5,49,40,0,5,4,119500.0,3.0032467532467533,NXT_AFTER,NXT_AFTER,2026-09-03 16:04:00.323,True,561.3727700710297,15,1.0998307952622675,40.20019507408142,1.0998307952622675,40.20019507408142,1.0998307952622675,40.20019507408142,1.0998307952622675,122.54941391944885,1.0998307952622675,161.92915296554565,0.0,315.1220271587372,,,,,,,0.0,199.17085003852844,0.0,315.1220271587372,True,True,,,,,,20260903_000720_WIDE_E012,2026-09-03 16:04:00.323,119500.0,49.0,0.0,2026-09-03 16:03:31.574,,,,,,,2026-09-03 16:04:00.323,119500.0,,,,,,,,,,,,,,,,,,,,,13,12,True,OPEN,20260903_000720_WIDE_HIGH_GAP_SHADOW_E011_155047906156,WIDE_HIGH_GAP_SHADOW,,,,3.0,4.5
2026-09-03 16:04:00.354,v1.6.9,082920,비츠로셀,WIDE_HIGH_GAP_SHADOW,ENTER,HIGH_GAP_3P0_TO_4P5,38,29,0,5,4,28250.0,3.2534246575342465,NXT_AFTER,NXT_AFTER,2026-09-03 16:04:00.351,True,561.3727700710297,15,0.5338078291814947,40.20019507408142,0.5338078291814947,40.20019507408142,0.5338078291814947,40.20019507408142,0.0,122.54941391944885,0.0,161.92915296554565,0.0,315.1220271587372,,,,,0.0,122.54941391944885,0.0,161.92915296554565,0.0,315.1220271587372,True,True,,,,,,20260903_082920_WIDE_E005,2026-09-03 16:04:00.351,28250.0,38.0,0.0,2026-09-03 16:03:31.574,,,,,,,2026-09-03 16:04:00.351,28250.0,,,,,,,,,,,,,,,,,,,,,5,5,True,OPEN,20260903_082920_WIDE_HIGH_GAP_SHADOW_E004_155520528274,WIDE_HIGH_GAP_SHADOW,,,,3.0,4.5
2026-09-03 16:08:02.177,v1.6.9,082920,비츠로셀,WIDE_HIGH_GAP_SHADOW,ENTER,HIGH_GAP_3P0_TO_4P5,38,29,0,5,4,28250.0,3.2534246575342465,NXT_AFTER,NXT_AFTER,2026-09-03 16:08:02.162,True,598.6001603603363,16,0.5338078291814947,35.438318729400635,0.5338078291814947,35.438318729400635,0.0,77.09839916229248,0.0,120.31715226173401,0.0,161.8172504901886,0.5338078291814947,281.9149808883667,,,0.0,77.09839916229248,0.0,120.31715226173401,0.0,161.8172504901886,,,True,False,,,,,,20260903_082920_WIDE_E006,2026-09-03 16:08:02.162,28250.0,38.0,0.0,2026-09-03 16:07:33.289,,,,,,,2026-09-03 16:08:02.162,28250.0,,,,,,,,,,,,,,,,,,,,,6,6,True,OPEN,20260903_082920_WIDE_HIGH_GAP_SHADOW_E005_160400359090,WIDE_HIGH_GAP_SHADOW,,,,3.0,4.5
2026-09-03 16:14:46.473,v1.6.9,082920,비츠로셀,WIDE_HIGH_GAP_SHADOW,ENTER,HIGH_GAP_3P0_TO_4P5,38,29,0,5,4,28250.0,3.2534246575342465,NXT_AFTER,NXT_AFTER,2026-09-03 16:14:46.471,True,566.0560717582703,14,0.7130124777183601,41.13248348236084,0.7130124777183601,41.13248348236084,0.7130124777183601,41.13248348236084,0.5338078291814947,127.73270988464355,0.5338078291814947,170.02214884757996,0.0,310.32179021835327,,,,,,,,,0.0,310.32179021835327,True,True,,,,,,20260903_082920_WIDE_E007,2026-09-03 16:14:46.471,28250.0,38.0,0.0,2026-09-03 16:14:17.527,,,,,,,2026-09-03 16:14:46.471,28250.0,,,,,,,,,,,,,,,,,,,,,7,7,True,OPEN,20260903_082920_WIDE_HIGH_GAP_SHADOW_E006_160802186654,WIDE_HIGH_GAP_SHADOW,,,,3.0,4.5
2026-09-03 16:16:55.959,v1.6.9,484120,도우인시스,WIDE_HIGH_GAP_SHADOW,ENTER,HIGH_GAP_3P0_TO_4P5,33,24,0,5,4,20950.0,3.4562211981566824,NXT_AFTER,NXT_AFTER,2026-09-03 16:16:55.959,True,568.4880051612854,14,-1.873536299765808,40.2594780921936,-1.873536299765808,40.2594780921936,-1.873536299765808,40.2594780921936,-2.102803738317757,128.8108651638031,-1.643192488262911,169.94334864616394,-2.102803738317757,298.83301401138306,,,,,,,,,,,False,False,,,,,,20260903_484120_WIDE_E001,2026-09-03 16:16:55.959,20950.0,33.0,0.0,2026-09-03 16:16:26.338,,,,,,,2026-09-03 16:16:55.959,20950.0,,,,,,,,,,,,,,,,,,,,,1,1,False,,,WIDE_HIGH_GAP_SHADOW,,,,3.0,4.5
2026-09-03 16:26:52.147,v1.6.9,082920,비츠로셀,WIDE_HIGH_GAP_SHADOW,ENTER,HIGH_GAP_3P0_TO_4P5,38,29,0,5,4,28250.0,3.2534246575342465,NXT_AFTER,NXT_AFTER,2026-09-03 16:26:52.146,True,595.7307214736938,15,,,0.5338078291814947,44.652892112731934,0.5338078291814947,44.652892112731934,0.5338078291814947,130.90796566009521,0.0,169.49933552742004,0.0,298.35637640953064,,,,,,,0.0,169.49933552742004,0.0,298.35637640953064,True,True,,,,,,20260903_082920_WIDE_E008,2026-09-03 16:26:52.146,28250.0,38.0,0.0,2026-09-03 16:26:22.069,,,,,,,2026-09-03 16:26:52.146,28250.0,,,,,,,,,,,,,,,,,,,,,8,8,True,OPEN,20260903_082920_WIDE_HIGH_GAP_SHADOW_E007_161446483469,WIDE_HIGH_GAP_SHADOW,,,,3.0,4.5
2026-09-03 16:45:46.392,v1.6.9,082920,비츠로셀,WIDE_HIGH_GAP_SHADOW,ENTER,HIGH_GAP_3P0_TO_4P5,38,29,0,5,4,28250.0,3.2534246575342465,NXT_AFTER,NXT_AFTER,2026-09-03 16:45:46.392,True,591.2393662929535,14,,,0.5338078291814947,44.98803210258484,0.5338078291814947,44.98803210258484,0.7130124777183601,126.17408990859985,0.5338078291814947,171.65626049041748,0.5338078291814947,319.068959236145,,,,,,,,,,,True,True,,,,,,20260903_082920_WIDE_E009,2026-09-03 16:45:46.392,28250.0,38.0,0.0,2026-09-03 16:45:18.171,,,,,,,2026-09-03 16:45:46.392,28250.0,,,,,,,,,,,,,,,,,,,,,9,9,True,OPEN,20260903_082920_WIDE_HIGH_GAP_SHADOW_E008_162652158745,WIDE_HIGH_GAP_SHADOW,,,,3.0,4.5
2026-09-03 16:53:08.157,v1.6.9,082920,비츠로셀,WIDE_HIGH_GAP_SHADOW,ENTER,HIGH_GAP_3P0_TO_4P5,38,29,0,5,4,28250.0,3.2534246575342465,NXT_AFTER,NXT_AFTER,2026-09-03 16:53:08.156,True,566.6756491661072,14,,,0.5338078291814947,42.701058864593506,0.5338078291814947,42.701058864593506,0.5338078291814947,129.47076416015625,0.0,169.67336344718933,0.0,305.13737201690674,,,,,,,0.0,169.67336344718933,0.0,305.13737201690674,True,True,,,,,,20260903_082920_WIDE_E010,2026-09-03 16:53:08.156,28250.0,38.0,0.0,2026-09-03 16:52:38.672,,,,,,,2026-09-03 16:53:08.156,28250.0,,,,,,,,,,,,,,,,,,,,,10,10,True,OPEN,20260903_082920_WIDE_HIGH_GAP_SHADOW_E009_164546399211,WIDE_HIGH_GAP_SHADOW,,,,3.0,4.5
2026-09-03 17:03:03.851,v1.6.9,082920,비츠로셀,WIDE_HIGH_GAP_SHADOW,ENTER,HIGH_GAP_3P0_TO_4P5,38,29,0,5,4,28250.0,3.2534246575342465,NXT_AFTER,NXT_AFTER,2026-09-03 17:03:03.848,True,596.0442011356354,14,,,0.5338078291814947,47.02288603782654,0.5338078291814947,47.02288603782654,0.5338078291814947,138.6706964969635,0.5338078291814947,179.6363697052002,0.0,316.73933267593384,,,,,,,,,0.0,316.73933267593384,True,True,,,,,,20260903_082920_WIDE_E011,2026-09-03 17:03:03.848,28250.0,38.0,0.0,2026-09-03 17:02:34.717,,,,,,,2026-09-03 17:03:03.848,28250.0,,,,,,,,,,,,,,,,,,,,,11,11,True,OPEN,20260903_082920_WIDE_HIGH_GAP_SHADOW_E010_165308163859,WIDE_HIGH_GAP_SHADOW,,,,3.0,4.5
2026-09-03 17:33:57.947,v1.6.9,082920,비츠로셀,WIDE_HIGH_GAP_SHADOW,ENTER,HIGH_GAP_3P0_TO_4P5,38,29,0,5,4,28250.0,3.2534246575342465,NXT_AFTER,NXT_AFTER,2026-09-03 17:33:57.946,True,560.2679591178894,14,,,0.7130124777183601,46.510021448135376,0.7130124777183601,46.510021448135376,0.8928571428571428,128.98040509223938,1.073345259391771,169.43272137641907,0.7130124777183601,306.78124499320984,,,,,,,,,,,True,True,,,,,,20260903_082920_WIDE_E012,2026-09-03 17:33:57.946,28250.0,38.0,0.0,2026-09-03 17:33:28.111,,,,,,,2026-09-03 17:33:57.946,28250.0,,,,,,,,,,,,,,,,,,,,,12,12,True,STOP_LOSS,20260903_082920_WIDE_HIGH_GAP_SHADOW_E011_170303866600,WIDE_HIGH_GAP_SHADOW,,,,3.0,4.5
2026-09-03 17:37:51.134,v1.6.9,082920,비츠로셀,WIDE_HIGH_GAP_SHADOW,ENTER,HIGH_GAP_3P0_TO_4P5,38,29,0,5,4,28250.0,3.2534246575342465,NXT_AFTER,NXT_AFTER,2026-09-03 17:37:51.133,True,579.4937682151794,14,,,0.8928571428571428,53.06583619117737,0.8928571428571428,53.06583619117737,0.0,98.35491251945496,0.0,185.70612239837646,0.8928571428571428,314.28560757637024,,,,,0.0,98.35491251945496,0.0,185.70612239837646,,,True,True,,,,,,20260903_082920_WIDE_E013,2026-09-03 17:37:51.133,28250.0,38.0,0.0,2026-09-03 17:37:18.477,,,,,,,2026-09-03 17:37:51.133,28250.0,,,,,,,,,,,,,,,,,,,,,13,13,True,OPEN,20260903_082920_WIDE_HIGH_GAP_SHADOW_E012_173357959596,WIDE_HIGH_GAP_SHADOW,,,,3.0,4.5
2026-09-03 17:43:07.788,v1.6.9,082920,비츠로셀,WIDE_HIGH_GAP_SHADOW,ENTER,HIGH_GAP_3P0_TO_4P5,38,29,0,5,4,28250.0,3.2534246575342465,NXT_AFTER,NXT_AFTER,2026-09-03 17:43:07.787,True,595.8603689670563,14,,,0.5338078291814947,44.58811926841736,0.5338078291814947,44.58811926841736,0.5338078291814947,136.85910320281982,0.0,179.31853795051575,0.0,318.98445868492126,,,,,,,0.0,179.31853795051575,0.0,318.98445868492126,True,True,,,,,,20260903_082920_WIDE_E014,2026-09-03 17:43:07.787,28250.0,38.0,0.0,2026-09-03 17:42:37.461,,,,,,,2026-09-03 17:43:07.787,28250.0,,,,,,,,,,,,,,,,,,,,,14,14,True,OPEN,20260903_082920_WIDE_HIGH_GAP_SHADOW_E013_173751172817,WIDE_HIGH_GAP_SHADOW,,,,3.0,4.5
2026-09-03 17:53:16.052,v1.6.9,082920,비츠로셀,WIDE_HIGH_GAP_SHADOW,ENTER,HIGH_GAP_3P0_TO_4P5,38,29,0,5,4,28250.0,3.2534246575342465,NXT_AFTER,NXT_AFTER,2026-09-03 17:53:16.046,True,561.5941858291626,13,,,0.5338078291814947,46.50411081314087,0.5338078291814947,46.50411081314087,0.5338078291814947,141.067852973938,0.0,186.607976436615,0.0,279.1473288536072,,,,,,,0.0,186.607976436615,0.0,279.1473288536072,True,True,,,,,,20260903_082920_WIDE_E015,2026-09-03 17:53:16.046,28250.0,38.0,0.0,2026-09-03 17:52:45.619,,,,,,,2026-09-03 17:53:16.046,28250.0,,,,,,,,,,,,,,,,,,,,,15,15,True,OPEN,20260903_082920_WIDE_HIGH_GAP_SHADOW_E014_174307796139,WIDE_HIGH_GAP_SHADOW,,,,3.0,4.5
2026-09-03 18:14:42.015,v1.6.9,082920,비츠로셀,WIDE_HIGH_GAP_SHADOW,ENTER,HIGH_GAP_3P0_TO_4P5,38,29,0,5,4,28250.0,3.2534246575342465,NXT_AFTER,NXT_AFTER,2026-09-03 18:14:42.012,True,557.4695410728455,13,,,0.5338078291814947,47.020057678222656,0.5338078291814947,47.020057678222656,0.5338078291814947,138.62902092933655,0.7130124777183601,185.75029349327087,0.7130124777183601,277.33690094947815,,,,,,,,,,,True,True,,,,,,20260903_082920_WIDE_E016,2026-09-03 18:14:42.012,28250.0,38.0,0.0,2026-09-03 18:14:14.028,,,,,,,2026-09-03 18:14:42.012,28250.0,,,,,,,,,,,,,,,,,,,,,16,16,True,OPEN,20260903_082920_WIDE_HIGH_GAP_SHADOW_E015_175316070973,WIDE_HIGH_GAP_SHADOW,,,,3.0,4.5
2026-09-03 18:17:42.096,v1.6.9,082920,비츠로셀,WIDE_HIGH_GAP_SHADOW,ENTER,HIGH_GAP_3P0_TO_4P5,38,29,0,5,4,28250.0,3.2534246575342465,NXT_AFTER,NXT_AFTER,2026-09-03 18:17:42.095,True,599.0482125282288,14,,,0.5338078291814947,43.65718150138855,0.5338078291814947,43.65718150138855,0.0,133.46040272712708,0.0,178.80837297439575,0.5338078291814947,317.4373939037323,,,,,0.0,133.46040272712708,0.0,178.80837297439575,,,True,True,,,,,,20260903_082920_WIDE_E017,2026-09-03 18:17:42.095,28250.0,38.0,0.0,2026-09-03 18:17:12.836,,,,,,,2026-09-03 18:17:42.095,28250.0,,,,,,,,,,,,,,,,,,,,,17,17,True,OPEN,20260903_082920_WIDE_HIGH_GAP_SHADOW_E016_181442039391,WIDE_HIGH_GAP_SHADOW,,,,3.0,4.5
2026-09-03 18:22:12.996,v1.6.9,082920,비츠로셀,WIDE_HIGH_GAP_SHADOW,ENTER,HIGH_GAP_3P0_TO_4P5,38,29,0,5,4,28250.0,3.2534246575342465,NXT_AFTER,NXT_AFTER,2026-09-03 18:22:12.995,True,589.0664291381836,14,0.5338078291814947,38.839542627334595,0.5338078291814947,38.839542627334595,0.5338078291814947,38.839542627334595,0.0,127.69118738174438,0.0,178.24943089485168,0.5338078291814947,315.28621673583984,,,,,0.0,127.69118738174438,0.0,178.24943089485168,,,True,True,,,,,,20260903_082920_WIDE_E018,2026-09-03 18:22:12.995,28250.0,38.0,0.0,2026-09-03 18:21:44.465,,,,,,,2026-09-03 18:22:12.995,28250.0,,,,,,,,,,,,,,,,,,,,,18,18,True,OPEN,20260903_082920_WIDE_HIGH_GAP_SHADOW_E017_181742104297,WIDE_HIGH_GAP_SHADOW,,,,3.0,4.5
2026-09-03 18:24:29.000,v1.6.9,082920,비츠로셀,WIDE_HIGH_GAP_SHADOW,ENTER,HIGH_GAP_3P0_TO_4P5,38,29,0,5,4,28250.0,3.2534246575342465,NXT_AFTER,NXT_AFTER,2026-09-03 18:24:28.999,True,585.6386351585388,14,,,0.5338078291814947,46.733845472335815,0.5338078291814947,46.733845472335815,0.0,135.20122694969177,0.5338078291814947,174.04076957702637,0.0,313.45065784454346,,,,,0.0,135.20122694969177,,,0.0,313.45065784454346,True,True,,,,,,20260903_082920_WIDE_E019,2026-09-03 18:24:28.999,28250.0,38.0,0.0,2026-09-03 18:23:59.667,,,,,,,2026-09-03 18:24:28.999,28250.0,,,,,,,,,,,,,,,,,,,,,19,19,True,OPEN,20260903_082920_WIDE_HIGH_GAP_SHADOW_E018_182213009281,WIDE_HIGH_GAP_SHADOW,,,,3.0,4.5
2026-09-03 18:29:04.077,v1.6.9,082920,비츠로셀,WIDE_HIGH_GAP_SHADOW,ENTER,HIGH_GAP_3P0_TO_4P5,38,29,0,5,4,28250.0,3.2534246575342465,NXT_AFTER,NXT_AFTER,2026-09-03 18:29:04.075,True,588.7660486698151,14,0.7130124777183601,39.73139834403992,0.7130124777183601,39.73139834403992,0.7130124777183601,39.73139834403992,0.5338078291814947,133.91031002998352,0.0,179.66842246055603,0.5338078291814947,322.0492362976074,,,,,,,0.0,179.66842246055603,0.0,275.3153908252716,True,True,,,,,,20260903_082920_WIDE_E020,2026-09-03 18:29:04.075,28250.0,38.0,0.0,2026-09-03 18:28:34.982,,,,,,,2026-09-03 18:29:04.075,28250.0,,,,,,,,,,,,,,,,,,,,,20,20,True,OPEN,20260903_082920_WIDE_HIGH_GAP_SHADOW_E019_182429029663,WIDE_HIGH_GAP_SHADOW,,,,3.0,4.5
2026-09-03 18:30:40.607,v1.6.9,047050,포스코인터내셔널,BASE,ENTER,75_SCORE,79,40,19,5,15,55500.0,1.4209591474245116,NXT_AFTER,NXT_AFTER,2026-09-03 18:30:40.546,True,587.056259393692,14,,,-0.3590664272890485,46.028648376464844,-0.3590664272890485,46.028648376464844,-0.1798561151079137,134.9397964477539,-0.3590664272890485,183.31749892234802,-0.1798561151079137,274.87682056427,,,,,,,,,,,False,False,False,2026-09-03 13:48:08.354,55700.0,63.0,16952.191999,20260903_047050_E002,2026-09-03 18:30:10.190,55500.0,79.0,30.355451,2026-09-03 18:30:10.190,2026-09-03 18:30:40.546,55500.0,79.0,FAIL,FAIL,PRICE_30S_NOT_POSITIVE,2026-09-03 18:30:40.546,55500.0,0.0,0.0,,,,,,,,,,,,False,,,,,,,1,1,False,,,,,,,,
2026-09-03 18:30:40.639,v1.6.9,047050,포스코인터내셔널,PRE_HISTORY,SKIP,PRICE_30S_NOT_POSITIVE,79,40,19,5,15,55500.0,1.4209591474245116,NXT_AFTER,NXT_AFTER,2026-09-03 18:30:40.546,True,587.056259393692,14,,,-0.3590664272890485,46.028648376464844,-0.3590664272890485,46.028648376464844,-0.1798561151079137,134.9397964477539,-0.3590664272890485,183.31749892234802,-0.1798561151079137,274.87682056427,,,,,,,,,,,False,False,False,2026-09-03 13:48:08.354,55700.0,63.0,16952.191999,20260903_047050_E002,2026-09-03 18:30:10.190,55500.0,79.0,30.355451,2026-09-03 18:30:10.190,2026-09-03 18:30:40.546,55500.0,79.0,FAIL,FAIL,PRICE_30S_NOT_POSITIVE,2026-09-03 18:30:40.546,55500.0,0.0,0.0,FAIL,,,,PRICE_30S_NOT_POSITIVE,,,,,,,False,,,,,,,,,,,,,,,,,
2026-09-03 18:30:40.658,v1.6.9,047050,포스코인터내셔널,PRE_FAIL_PULLBACK_SHADOW,ENTER,PRICE_30S_NOT_POSITIVE,79,40,19,5,15,55500.0,1.4209591474245116,NXT_AFTER,NXT_AFTER,2026-09-03 18:30:40.546,True,587.056259393692,14,,,-0.3590664272890485,46.028648376464844,-0.3590664272890485,46.028648376464844,-0.1798561151079137,134.9397964477539,-0.3590664272890485,183.31749892234802,-0.1798561151079137,274.87682056427,,,,,,,,,,,False,False,False,2026-09-03 13:48:08.354,55700.0,63.0,16952.191999,20260903_047050_E002,2026-09-03 18:30:10.190,55500.0,79.0,30.355451,2026-09-03 18:30:10.190,2026-09-03 18:30:40.546,55500.0,79.0,FAIL,FAIL,PRICE_30S_NOT_POSITIVE,2026-09-03 18:30:40.546,55500.0,0.0,0.0,FAIL,,,,PRICE_30S_NOT_POSITIVE,,,,,,,False,,,,,,,2,1,False,,,PRE_FAIL_PULLBACK_SHADOW,PRICE_30S_NOT_POSITIVE,0,False,,
2026-09-03 18:30:40.668,v1.6.9,047050,포스코인터내셔널,CONFIRM,PENDING,FIRST_75_SIGNAL,79,40,19,5,15,55500.0,1.4209591474245116,NXT_AFTER,NXT_AFTER,2026-09-03 18:30:40.546,True,587.056259393692,14,,,-0.3590664272890485,46.028648376464844,-0.3590664272890485,46.028648376464844,-0.1798561151079137,134.9397964477539,-0.3590664272890485,183.31749892234802,-0.1798561151079137,274.87682056427,,,,,,,,,,,False,False,False,2026-09-03 13:48:08.354,55700.0,63.0,16952.191999,20260903_047050_E002,2026-09-03 18:30:10.190,55500.0,79.0,30.355451,2026-09-03 18:30:10.190,2026-09-03 18:30:40.546,55500.0,79.0,FAIL,FAIL,PRICE_30S_NOT_POSITIVE,2026-09-03 18:30:40.546,55500.0,0.0,0.0,,,,,,2026-09-03 18:30:40.546,55500.0,,,PENDING,FIRST_75_SIGNAL,False,,,,,,,,,,,,,,,,,
2026-09-03 18:31:31.306,v1.6.9,047050,포스코인터내셔널,CONFIRM,SKIP,TIMEOUT,68,40,19,5,4,55500.0,1.4209591474245116,NXT_AFTER,NXT_AFTER,2026-09-03 18:31:31.288,True,595.7149140834808,14,,,0.0,51.15035557746887,0.0,51.15035557746887,-0.3590664272890485,97.17900395393372,-0.1798561151079137,186.09015202522278,-0.3590664272890485,280.2690637111664,0.0,51.15035557746887,0.0,51.15035557746887,,,,,,,False,False,False,2026-09-03 13:48:08.354,55700.0,63.0,16952.191999,20260903_047050_E002,2026-09-03 18:30:10.190,55500.0,79.0,30.355451,2026-09-03 18:30:10.190,2026-09-03 18:30:40.546,55500.0,79.0,FAIL,FAIL,PRICE_30S_NOT_POSITIVE,2026-09-03 18:31:31.288,55500.0,50.741862,0.0,,,,,,2026-09-03 18:30:40.546,55500.0,50.741862,0.0,EVALUABLE,SCORED,False,,,,,,,,,,,,,,,,,
2026-09-03 18:35:22.082,v1.6.9,000720,현대건설,WIDE_HIGH_GAP_SHADOW,ENTER,HIGH_GAP_3P0_TO_4P5,49,40,0,5,4,119500.0,3.0032467532467533,NXT_AFTER,NXT_AFTER,2026-09-03 18:35:22.079,True,557.2062101364136,13,,,1.0998307952622675,42.23037934303284,1.0998307952622675,42.23037934303284,0.0,136.5817370414734,0.0,185.6934506893158,0.0,282.32938957214355,,,,,0.0,136.5817370414734,0.0,185.6934506893158,0.0,282.32938957214355,True,True,,,,,,20260903_000720_WIDE_E013,2026-09-03 18:35:22.079,119500.0,49.0,0.0,2026-09-03 18:34:52.520,,,,,,,2026-09-03 18:35:22.079,119500.0,,,,,,,,,,,,,,,,,,,,,14,13,True,OPEN,20260903_000720_WIDE_HIGH_GAP_SHADOW_E012_160400346141,WIDE_HIGH_GAP_SHADOW,,,,3.0,4.5
2026-09-03 18:38:17.838,v1.6.9,000720,현대건설,WIDE_HIGH_GAP_SHADOW,ENTER,HIGH_GAP_3P0_TO_4P5,49,40,0,5,4,119500.0,3.0032467532467533,NXT_AFTER,NXT_AFTER,2026-09-03 18:38:17.837,True,592.105331659317,14,1.0998307952622675,38.23797631263733,1.0998307952622675,38.23797631263733,1.0998307952622675,79.75276780128479,0.0,129.17144918441772,0.0,174.83614563941956,0.0,311.41788268089294,,,,,0.0,129.17144918441772,0.0,174.83614563941956,0.0,311.41788268089294,True,True,,,,,,20260903_000720_WIDE_E014,2026-09-03 18:38:17.837,119500.0,49.0,0.0,2026-09-03 18:37:47.356,,,,,,,2026-09-03 18:38:17.837,119500.0,,,,,,,,,,,,,,,,,,,,,15,14,True,OPEN,20260903_000720_WIDE_HIGH_GAP_SHADOW_E013_183522096603,WIDE_HIGH_GAP_SHADOW,,,,3.0,4.5
2026-09-03 18:39:52.009,v1.6.9,031980,피에스케이홀딩스,WIDE_HIGH_GAP_SHADOW,ENTER,HIGH_GAP_3P0_TO_4P5,38,29,0,5,4,129500.0,3.5740878629932986,NXT_AFTER,NXT_AFTER,2026-09-03 18:39:52.008,True,596.6483225822449,14,,,1.171875,46.78398609161377,1.171875,46.78398609161377,1.171875,131.69211530685425,1.171875,173.2069067955017,0.0,310.5206639766693,,,,,,,,,0.0,310.5206639766693,True,True,,,,,,20260903_031980_WIDE_E005,2026-09-03 18:39:52.008,129500.0,38.0,0.0,2026-09-03 18:39:20.810,,,,,,,2026-09-03 18:39:52.008,129500.0,,,,,,,,,,,,,,,,,,,,,5,5,True,OPEN,20260903_031980_WIDE_HIGH_GAP_SHADOW_E004_160157230367,WIDE_HIGH_GAP_SHADOW,,,,3.0,4.5
2026-09-03 18:42:11.748,v1.6.9,082920,비츠로셀,WIDE_HIGH_GAP_SHADOW,ENTER,HIGH_GAP_3P0_TO_4P5,38,29,0,5,4,28250.0,3.2534246575342465,NXT_AFTER,NXT_AFTER,2026-09-03 18:42:11.746,True,594.2406363487244,14,,,0.5338078291814947,46.821167945861816,0.5338078291814947,46.821167945861816,0.7130124777183601,140.2569010257721,1.073345259391771,187.04088711738586,1.073345259391771,313.4638078212738,,,,,,,,,,,True,True,,,,,,20260903_082920_WIDE_E021,2026-09-03 18:42:11.746,28250.0,38.0,0.0,2026-09-03 18:41:41.067,,,,,,,2026-09-03 18:42:11.746,28250.0,,,,,,,,,,,,,,,,,,,,,21,21,True,OPEN,20260903_082920_WIDE_HIGH_GAP_SHADOW_E020_182904092185,WIDE_HIGH_GAP_SHADOW,,,,3.0,4.5
2026-09-03 18:48:19.159,v1.6.9,031980,피에스케이홀딩스,WIDE_HIGH_GAP_SHADOW,ENTER,HIGH_GAP_3P0_TO_4P5,38,29,0,5,4,129500.0,3.5740878629932986,NXT_AFTER,NXT_AFTER,2026-09-03 18:48:19.157,True,555.4708030223846,13,,,1.171875,50.98972153663635,1.171875,50.98972153663635,1.171875,98.64439654350281,0.0,183.45281052589417,0.0,321.83200573921204,,,,,,,0.0,183.45281052589417,0.0,321.83200573921204,True,True,,,,,,20260903_031980_WIDE_E006,2026-09-03 18:48:19.157,129500.0,38.0,0.0,2026-09-03 18:47:49.497,,,,,,,2026-09-03 18:48:19.157,129500.0,,,,,,,,,,,,,,,,,,,,,6,6,True,OPEN,20260903_031980_WIDE_HIGH_GAP_SHADOW_E005_183952081437,WIDE_HIGH_GAP_SHADOW,,,,3.0,4.5
2026-09-03 18:51:21.695,v1.6.9,031980,피에스케이홀딩스,WIDE_HIGH_GAP_SHADOW,ENTER,HIGH_GAP_3P0_TO_4P5,38,29,0,5,4,129500.0,3.5740878629932986,NXT_AFTER,NXT_AFTER,2026-09-03 18:51:21.689,True,599.9047598838806,14,,,1.171875,46.06986713409424,1.171875,46.06986713409424,0.0,136.048011302948,0.0,184.65367603302002,1.171875,283.2980725765228,,,,,0.0,136.048011302948,0.0,184.65367603302002,,,True,True,,,,,,20260903_031980_WIDE_E007,2026-09-03 18:51:21.689,129500.0,38.0,0.0,2026-09-03 18:50:54.151,,,,,,,2026-09-03 18:51:21.689,129500.0,,,,,,,,,,,,,,,,,,,,,7,7,True,OPEN,20260903_031980_WIDE_HIGH_GAP_SHADOW_E006_184819167347,WIDE_HIGH_GAP_SHADOW,,,,3.0,4.5
2026-09-03 18:57:14.428,v1.6.9,031980,피에스케이홀딩스,WIDE_HIGH_GAP_SHADOW,ENTER,HIGH_GAP_3P0_TO_4P5,38,29,0,5,4,129500.0,3.5740878629932986,NXT_AFTER,NXT_AFTER,2026-09-03 18:57:14.428,True,586.609922170639,14,1.171875,40.259822607040405,1.171875,40.259822607040405,1.171875,40.259822607040405,1.171875,129.2884714603424,1.171875,170.35696172714233,1.171875,309.6173231601715,,,,,,,,,,,True,True,,,,,,20260903_031980_WIDE_E008,2026-09-03 18:57:14.428,129500.0,38.0,0.0,2026-09-03 18:56:45.117,,,,,,,2026-09-03 18:57:14.428,129500.0,,,,,,,,,,,,,,,,,,,,,8,8,True,OPEN,20260903_031980_WIDE_HIGH_GAP_SHADOW_E007_185121721392,WIDE_HIGH_GAP_SHADOW,,,,3.0,4.5
2026-09-03 19:33:04.604,v1.6.9,484120,도우인시스,WIDE_HIGH_GAP_SHADOW,ENTER,HIGH_GAP_3P0_TO_4P5,33,24,0,5,4,20950.0,3.4562211981566824,NXT_AFTER,NXT_AFTER,2026-09-03 19:33:04.603,True,591.3784430027008,12,,,,,,,0.0,143.7258677482605,0.0,197.6252157688141,0.0,308.1543688774109,,,,,0.0,143.7258677482605,0.0,197.6252157688141,0.0,308.1543688774109,,,,,,,,20260903_484120_WIDE_E002,2026-09-03 19:33:04.603,20950.0,33.0,0.0,2026-09-03 19:32:32.345,,,,,,,2026-09-03 19:33:04.603,20950.0,,,,,,,,,,,,,,,,,,,,,2,2,True,TAKE_PROFIT,20260903_484120_WIDE_HIGH_GAP_SHADOW_E001_161655969428,WIDE_HIGH_GAP_SHADOW,,,,3.0,4.5
2026-09-03 19:35:07.936,v1.6.9,031980,피에스케이홀딩스,WIDE_HIGH_GAP_SHADOW,ENTER,HIGH_GAP_3P0_TO_4P5,38,29,0,5,4,129500.0,3.5740878629932986,NXT_AFTER,NXT_AFTER,2026-09-03 19:35:07.935,True,566.851175069809,12,1.171875,41.12620711326599,1.171875,41.12620711326599,1.171875,41.12620711326599,1.171875,126.14398884773254,,,1.171875,323.76920461654663,,,,,,,,,,,True,True,,,,,,20260903_031980_WIDE_E009,2026-09-03 19:35:07.935,129500.0,38.0,0.0,2026-09-03 19:34:38.489,,,,,,,2026-09-03 19:35:07.935,129500.0,,,,,,,,,,,,,,,,,,,,,9,9,True,OPEN,20260903_031980_WIDE_HIGH_GAP_SHADOW_E008_185714439059,WIDE_HIGH_GAP_SHADOW,,,,3.0,4.5
2026-09-03 19:45:26.977,v1.6.9,031980,피에스케이홀딩스,WIDE_HIGH_GAP_SHADOW,ENTER,HIGH_GAP_3P0_TO_4P5,38,29,0,5,4,129500.0,3.5740878629932986,NXT_AFTER,NXT_AFTER,2026-09-03 19:45:26.976,True,579.3899807929993,17,1.171875,38.77823305130005,1.171875,38.77823305130005,1.171875,79.02045178413391,1.171875,122.7196364402771,1.171875,186.19501852989197,0.0,311.23267245292664,,,,,,,,,0.0,311.23267245292664,True,True,,,,,,20260903_031980_WIDE_E010,2026-09-03 19:45:26.976,129500.0,38.0,0.0,2026-09-03 19:44:57.583,,,,,,,2026-09-03 19:45:26.976,129500.0,,,,,,,,,,,,,,,,,,,,,10,10,True,OPEN,20260903_031980_WIDE_HIGH_GAP_SHADOW_E009_193507954981,WIDE_HIGH_GAP_SHADOW,,,,3.0,4.5
2026-09-03 19:47:24.452,v1.6.9,031980,피에스케이홀딩스,WIDE_HIGH_GAP_SHADOW,ENTER,HIGH_GAP_3P0_TO_4P5,38,29,0,5,4,129500.0,3.5740878629932986,NXT_AFTER,NXT_AFTER,2026-09-03 19:47:24.451,True,575.763260602951,17,1.171875,37.43867063522339,1.171875,37.43867063522339,1.171875,78.05452132225037,0.0,117.69460391998291,1.171875,196.71505570411682,1.171875,303.8896224498749,,,,,0.0,117.69460391998291,,,,,True,True,,,,,,20260903_031980_WIDE_E011,2026-09-03 19:47:24.451,129500.0,38.0,0.0,2026-09-03 19:46:55.277,,,,,,,2026-09-03 19:47:24.451,129500.0,,,,,,,,,,,,,,,,,,,,,11,11,True,OPEN,20260903_031980_WIDE_HIGH_GAP_SHADOW_E010_194526995073,WIDE_HIGH_GAP_SHADOW,,,,3.0,4.5
2026-09-03 19:50:16.630,v1.6.9,294570,쿠콘,WIDE_HIGH_GAP_SHADOW,ENTER,HIGH_GAP_3P0_TO_4P5,33,24,0,5,4,26750.0,3.0797101449275366,NXT_AFTER,NXT_AFTER,2026-09-03 19:50:16.629,True,571.8522562980652,16,,,-8.547008547008547,42.8763210773468,-8.547008547008547,42.8763210773468,-8.39041095890411,129.15068340301514,-8.233276157804461,173.90394616127014,-8.075601374570446,291.59855008125305,,,,,,,,,,,False,False,,,,,,20260903_294570_WIDE_E001,2026-09-03 19:50:16.629,26750.0,33.0,0.0,2026-09-03 19:49:49.181,,,,,,,2026-09-03 19:50:16.629,26750.0,,,,,,,,,,,,,,,,,,,,,1,1,False,,,WIDE_HIGH_GAP_SHADOW,,,,3.0,4.5
2026-09-03 19:50:16.662,v1.6.9,082920,비츠로셀,WIDE_HIGH_GAP_SHADOW,ENTER,HIGH_GAP_3P0_TO_4P5,38,29,0,5,4,28250.0,3.2534246575342465,NXT_AFTER,NXT_AFTER,2026-09-03 19:50:16.661,True,571.8522562980652,16,,,0.5338078291814947,42.8763210773468,0.5338078291814947,42.8763210773468,0.7130124777183601,129.15068340301514,0.8928571428571428,173.90394616127014,1.073345259391771,291.59855008125305,,,,,,,,,,,True,True,,,,,,20260903_082920_WIDE_E022,2026-09-03 19:50:16.661,28250.0,38.0,0.0,2026-09-03 19:49:49.181,,,,,,,2026-09-03 19:50:16.661,28250.0,,,,,,,,,,,,,,,,,,,,,22,22,True,STOP_LOSS,20260903_082920_WIDE_HIGH_GAP_SHADOW_E021_184211764573,WIDE_HIGH_GAP_SHADOW,,,,3.0,4.5
2026-09-03 19:55:07.908,v1.6.9,082920,비츠로셀,WIDE_HIGH_GAP_SHADOW,ENTER,HIGH_GAP_3P0_TO_4P5,38,29,0,5,4,28250.0,3.2534246575342465,NXT_AFTER,NXT_AFTER,2026-09-03 19:55:07.903,True,579.8881514072418,15,,,0.5338078291814947,43.20126914978027,0.5338078291814947,43.20126914978027,0.0,131.95003199577332,0.0,174.33993792533875,0.0,288.28960132598877,,,,,0.0,131.95003199577332,0.0,174.33993792533875,0.0,288.28960132598877,True,True,,,,,,20260903_082920_WIDE_E023,2026-09-03 19:55:07.903,28250.0,38.0,0.0,2026-09-03 19:54:37.471,,,,,,,2026-09-03 19:55:07.903,28250.0,,,,,,,,,,,,,,,,,,,,,23,23,True,OPEN,20260903_082920_WIDE_HIGH_GAP_SHADOW_E022_195016673599,WIDE_HIGH_GAP_SHADOW,,,,3.0,4.5
2026-09-03 20:00:12.668,v1.6.9,004710,한솔테크닉스,WIDE_HIGH_GAP_SHADOW,SKIP,SESSION_CLOSED_AT_DECISION,38,29,0,5,4,8490.0,4.067796610169491,NXT_AFTER,WAIT,2026-09-03 20:00:12.663,False,593.7721815109253,16,0.0,38.22671294212341,0.0,38.22671294212341,0.0,75.55861806869507,0.0,111.98214983940125,0.0,188.2189450263977,0.0,305.4825801849365,0.0,38.22671294212341,0.0,75.55861806869507,0.0,111.98214983940125,0.0,188.2189450263977,0.0,305.4825801849365,False,False,,,,,,,,,,,2026-09-03 19:59:42.953,,,,,,,,,,,,,,,,,,,,,,,,,,,,,,,,,,WIDE_HIGH_GAP_SHADOW,,,,,
2026-09-03 20:00:12.700,v1.6.9,484120,도우인시스,WIDE_HIGH_GAP_SHADOW,SKIP,SESSION_CLOSED_AT_DECISION,33,24,0,5,4,20950.0,3.4562211981566824,NXT_AFTER,WAIT,2026-09-03 20:00:12.699,False,593.7721815109253,16,0.0,38.22671294212341,0.0,38.22671294212341,0.0,75.55861806869507,0.0,111.98214983940125,0.0,188.2189450263977,0.0,305.4825801849365,0.0,38.22671294212341,0.0,75.55861806869507,0.0,111.98214983940125,0.0,188.2189450263977,0.0,305.4825801849365,False,False,,,,,,,,,,,2026-09-03 19:59:42.953,,,,,,,,,,,,,,,,,,,,,,,,,,,,,,,,,,WIDE_HIGH_GAP_SHADOW,,,,,
2026-09-03 20:00:12.711,v1.6.9,294570,쿠콘,WIDE_HIGH_GAP_SHADOW,SKIP,SESSION_CLOSED_AT_DECISION,33,24,0,5,4,26750.0,3.0797101449275366,NXT_AFTER,WAIT,2026-09-03 20:00:12.709,False,593.7721815109253,16,0.0,38.22671294212341,0.0,38.22671294212341,0.0,75.55861806869507,0.0,111.98214983940125,0.0,188.2189450263977,0.0,305.4825801849365,0.0,38.22671294212341,0.0,75.55861806869507,0.0,111.98214983940125,0.0,188.2189450263977,0.0,305.4825801849365,False,False,,,,,,,,,,,2026-09-03 19:59:42.953,,,,,,,,,,,,,,,,,,,,,,,,,,,,,,,,,,WIDE_HIGH_GAP_SHADOW,,,,,
