datetime,version,trade_id,entry_mode,stock_code,stock_name,entry_time,signal_price,entry_price,scan_session,decision_session,decision_time,first_75_time,first_75_price,entry_decision_time,entry_signal_price,entry_delay_from_first75_sec,entry_vs_first75_pct,had_prior_shadow_70_74,prior_shadow_trade_id,first_ws_time,first_ws_price,first_ws_delay_sec,first_ws_vs_signal_pct,first_ws_vs_entry_pct,first_ws_gap_abs_pct,horizon_sec,actual_elapsed_sec,price,return_from_signal,return_from_entry,mfe_from_signal,mae_from_signal,mfe_from_entry,mae_from_entry,tracking_status,strategy_family,strategy_name,strategy_status,rule_version,opening_leader_episode_id,shared_entry_group_id,grid_family,cost_model_version
2026-10-01 09:01:51.934,v2.3.3,20261001_002710_BASE_E001_090121909287,BASE,002710,TCC스틸,2026-10-01 09:01:21.909,15750.0,15765.749999999998,MAIN,MAIN,2026-10-01 09:01:21.903,2026-10-01 09:01:21.903,15750.0,2026-10-01 09:01:21.903,15750.0,0.0,0.0,False,,2026-10-01 09:01:22.034,15760.0,0.131519,0.06349206349206349,-0.03647146504288208,0.06349206349206349,30,30.025,15770.0,0.12698412698412698,0.026957169814324215,0.5079365079365079,0.0,0.40752897895756196,-0.09990009990008836,COMPLETE,,BASE,,,,,,
2026-10-01 09:01:52.042,v2.3.3,20261001_002710_PRE_HISTORY_E001_090121974871,PRE_HISTORY,002710,TCC스틸,2026-10-01 09:01:21.974,15750.0,15765.749999999998,MAIN,MAIN,2026-10-01 09:01:21.903,2026-10-01 09:01:21.903,15750.0,2026-10-01 09:01:21.903,15750.0,0.0,0.0,False,,2026-10-01 09:01:22.034,15760.0,0.131519,0.06349206349206349,-0.03647146504288208,0.06349206349206349,30,30.067,15790.0,0.25396825396825395,0.1538144395287368,0.5079365079365079,0.0,0.40752897895756196,-0.09990009990008836,COMPLETE,,PRE_HISTORY,,,,,,
2026-10-01 09:02:21.936,v2.3.3,20261001_002710_BASE_E001_090121909287,BASE,002710,TCC스틸,2026-10-01 09:01:21.909,15750.0,15765.749999999998,MAIN,MAIN,2026-10-01 09:01:21.903,2026-10-01 09:01:21.903,15750.0,2026-10-01 09:01:21.903,15750.0,0.0,0.0,False,,2026-10-01 09:01:22.034,15760.0,0.131519,0.06349206349206349,-0.03647146504288208,0.06349206349206349,60,60.028,15530.0,-1.3968253968253967,-1.495330066758627,0.5079365079365079,-2.920634920634921,0.40752897895756196,-3.0176173033315776,COMPLETE,,BASE,,,,,,
2026-10-01 09:02:22.032,v2.3.3,20261001_002710_PRE_HISTORY_E001_090121974871,PRE_HISTORY,002710,TCC스틸,2026-10-01 09:01:21.974,15750.0,15765.749999999998,MAIN,MAIN,2026-10-01 09:01:21.903,2026-10-01 09:01:21.903,15750.0,2026-10-01 09:01:21.903,15750.0,0.0,0.0,False,,2026-10-01 09:01:22.034,15760.0,0.131519,0.06349206349206349,-0.03647146504288208,0.06349206349206349,60,60.058,15530.0,-1.3968253968253967,-1.495330066758627,0.5079365079365079,-2.920634920634921,0.40752897895756196,-3.0176173033315776,COMPLETE,,PRE_HISTORY,,,,,,
2026-10-01 09:03:21.934,v2.3.3,20261001_002710_BASE_E001_090121909287,BASE,002710,TCC스틸,2026-10-01 09:01:21.909,15750.0,15765.749999999998,MAIN,MAIN,2026-10-01 09:01:21.903,2026-10-01 09:01:21.903,15750.0,2026-10-01 09:01:21.903,15750.0,0.0,0.0,False,,2026-10-01 09:01:22.034,15760.0,0.131519,0.06349206349206349,-0.03647146504288208,0.06349206349206349,120,120.025,15350.0,-2.5396825396825395,-2.63704549418834,0.5079365079365079,-2.920634920634921,0.40752897895756196,-3.0176173033315776,COMPLETE,,BASE,,,,,,
2026-10-01 09:03:22.034,v2.3.3,20261001_002710_PRE_HISTORY_E001_090121974871,PRE_HISTORY,002710,TCC스틸,2026-10-01 09:01:21.974,15750.0,15765.749999999998,MAIN,MAIN,2026-10-01 09:01:21.903,2026-10-01 09:01:21.903,15750.0,2026-10-01 09:01:21.903,15750.0,0.0,0.0,False,,2026-10-01 09:01:22.034,15760.0,0.131519,0.06349206349206349,-0.03647146504288208,0.06349206349206349,120,120.06,15350.0,-2.5396825396825395,-2.63704549418834,0.5079365079365079,-2.920634920634921,0.40752897895756196,-3.0176173033315776,COMPLETE,,PRE_HISTORY,,,,,,
2026-10-01 09:04:22.039,v2.3.3,20261001_002710_BASE_E001_090121909287,BASE,002710,TCC스틸,2026-10-01 09:01:21.909,15750.0,15765.749999999998,MAIN,MAIN,2026-10-01 09:01:21.903,2026-10-01 09:01:21.903,15750.0,2026-10-01 09:01:21.903,15750.0,0.0,0.0,False,,2026-10-01 09:01:22.034,15760.0,0.131519,0.06349206349206349,-0.03647146504288208,0.06349206349206349,180,180.13,15080.0,-4.253968253968254,-4.34961863533291,0.5079365079365079,-5.2063492063492065,0.40752897895756196,-5.301048158191005,COMPLETE,,BASE,,,,,,
2026-10-01 09:04:22.039,v2.3.3,20261001_002710_PRE_HISTORY_E001_090121974871,PRE_HISTORY,002710,TCC스틸,2026-10-01 09:01:21.974,15750.0,15765.749999999998,MAIN,MAIN,2026-10-01 09:01:21.903,2026-10-01 09:01:21.903,15750.0,2026-10-01 09:01:21.903,15750.0,0.0,0.0,False,,2026-10-01 09:01:22.034,15760.0,0.131519,0.06349206349206349,-0.03647146504288208,0.06349206349206349,180,180.065,15080.0,-4.253968253968254,-4.34961863533291,0.5079365079365079,-5.2063492063492065,0.40752897895756196,-5.301048158191005,COMPLETE,,PRE_HISTORY,,,,,,
2026-10-01 09:06:21.943,v2.3.3,20261001_002710_BASE_E001_090121909287,BASE,002710,TCC스틸,2026-10-01 09:01:21.909,15750.0,15765.749999999998,MAIN,MAIN,2026-10-01 09:01:21.903,2026-10-01 09:01:21.903,15750.0,2026-10-01 09:01:21.903,15750.0,0.0,0.0,False,,2026-10-01 09:01:22.034,15760.0,0.131519,0.06349206349206349,-0.03647146504288208,0.06349206349206349,300,300.034,15090.0,-4.190476190476191,-4.286190000475703,0.5079365079365079,-5.2063492063492065,0.40752897895756196,-5.301048158191005,COMPLETE,,BASE,,,,,,
2026-10-01 09:06:22.316,v2.3.3,20261001_002710_PRE_HISTORY_E001_090121974871,PRE_HISTORY,002710,TCC스틸,2026-10-01 09:01:21.974,15750.0,15765.749999999998,MAIN,MAIN,2026-10-01 09:01:21.903,2026-10-01 09:01:21.903,15750.0,2026-10-01 09:01:21.903,15750.0,0.0,0.0,False,,2026-10-01 09:01:22.034,15760.0,0.131519,0.06349206349206349,-0.03647146504288208,0.06349206349206349,300,300.341,15090.0,-4.190476190476191,-4.286190000475703,0.5079365079365079,-5.2063492063492065,0.40752897895756196,-5.301048158191005,COMPLETE,,PRE_HISTORY,,,,,,
2026-10-01 09:10:25.736,v2.3.3,20261001_012330_BASE_E002_090955692566,BASE,012330,현대모비스,2026-10-01 09:09:55.692,388000.0,388387.99999999994,MAIN,MAIN,2026-10-01 09:09:55.680,2026-10-01 09:09:55.680,388000.0,2026-10-01 09:09:55.680,388000.0,0.0,0.0,False,,2026-10-01 09:09:55.830,389000.0,0.15032,0.25773195876288657,0.1575743843785231,0.25773195876288657,30,30.043,388000.0,0.0,-0.09990009990008494,0.7731958762886598,-0.12886597938144329,0.6725233529357392,-0.22863734203938893,COMPLETE,,BASE,,,,,,
2026-10-01 09:10:55.827,v2.3.3,20261001_012330_BASE_E002_090955692566,BASE,012330,현대모비스,2026-10-01 09:09:55.692,388000.0,388387.99999999994,MAIN,MAIN,2026-10-01 09:09:55.680,2026-10-01 09:09:55.680,388000.0,2026-10-01 09:09:55.680,388000.0,0.0,0.0,False,,2026-10-01 09:09:55.830,389000.0,0.15032,0.25773195876288657,0.1575743843785231,0.25773195876288657,60,60.135,387500.0,-0.12886597938144329,-0.22863734203938893,0.7731958762886598,-0.5154639175257731,0.6725233529357392,-0.614849068457301,COMPLETE,,BASE,,,,,,
2026-10-01 09:11:55.727,v2.3.3,20261001_012330_BASE_E002_090955692566,BASE,012330,현대모비스,2026-10-01 09:09:55.692,388000.0,388387.99999999994,MAIN,MAIN,2026-10-01 09:09:55.680,2026-10-01 09:09:55.680,388000.0,2026-10-01 09:09:55.680,388000.0,0.0,0.0,False,,2026-10-01 09:09:55.830,389000.0,0.15032,0.25773195876288657,0.1575743843785231,0.25773195876288657,120,120.035,383500.0,-1.1597938144329898,-1.2585352791538211,0.7731958762886598,-1.1597938144329898,0.6725233529357392,-1.2585352791538211,COMPLETE,,BASE,,,,,,
2026-10-01 09:12:55.935,v2.3.3,20261001_012330_BASE_E002_090955692566,BASE,012330,현대모비스,2026-10-01 09:09:55.692,388000.0,388387.99999999994,MAIN,MAIN,2026-10-01 09:09:55.680,2026-10-01 09:09:55.680,388000.0,2026-10-01 09:09:55.680,388000.0,0.0,0.0,False,,2026-10-01 09:09:55.830,389000.0,0.15032,0.25773195876288657,0.1575743843785231,0.25773195876288657,180,180.243,381000.0,-1.804123711340206,-1.902221489850341,0.7731958762886598,-1.9329896907216495,0.6725233529357392,-2.030958731989645,COMPLETE,,BASE,,,,,,
2026-10-01 09:14:33.028,v2.3.3,20261001_490470_BASE_E002_091402965578,BASE,490470,세미파이브,2026-10-01 09:14:02.965,19770.0,19789.769999999997,MAIN,MAIN,2026-10-01 09:14:02.953,2026-10-01 09:14:02.953,19770.0,2026-10-01 09:14:02.953,19770.0,0.0,0.0,False,,2026-10-01 09:14:03.026,19750.0,0.072932,-0.10116337885685382,-0.20096241644039725,0.10116337885685382,30,30.063,19720.0,-0.25290844714213456,-0.35255589125086756,0.556398583712696,-0.25290844714213456,0.4559426410716406,-0.35255589125086756,COMPLETE,,BASE,,,,,,
2026-10-01 09:14:55.828,v2.3.3,20261001_012330_BASE_E002_090955692566,BASE,012330,현대모비스,2026-10-01 09:09:55.692,388000.0,388387.99999999994,MAIN,MAIN,2026-10-01 09:09:55.680,2026-10-01 09:09:55.680,388000.0,2026-10-01 09:09:55.680,388000.0,0.0,0.0,False,,2026-10-01 09:09:55.830,389000.0,0.15032,0.25773195876288657,0.1575743843785231,0.25773195876288657,300,300.136,379500.0,-2.190721649484536,-2.288433216268253,0.7731958762886598,-2.190721649484536,0.6725233529357392,-2.288433216268253,COMPLETE,,BASE,,,,,,
2026-10-01 09:15:03.038,v2.3.3,20261001_490470_BASE_E002_091402965578,BASE,490470,세미파이브,2026-10-01 09:14:02.965,19770.0,19789.769999999997,MAIN,MAIN,2026-10-01 09:14:02.953,2026-10-01 09:14:02.953,19770.0,2026-10-01 09:14:02.953,19770.0,0.0,0.0,False,,2026-10-01 09:14:03.026,19750.0,0.072932,-0.10116337885685382,-0.20096241644039725,0.10116337885685382,60,60.073,19670.0,-0.5058168942842691,-0.6052116826016514,0.556398583712696,-0.7081436519979768,0.4559426410716406,-0.8073363156822784,COMPLETE,,BASE,,,,,,
2026-10-01 09:15:54.132,v2.3.3,20261001_439960_BASE_E001_091520806187,BASE,439960,코스모로보틱스,2026-10-01 09:15:20.806,8560.0,8568.56,MAIN,MAIN,2026-10-01 09:15:20.797,2026-10-01 09:15:20.797,8560.0,2026-10-01 09:15:20.797,8560.0,0.0,0.0,False,,2026-10-01 09:15:20.927,8570.0,0.129957,0.11682242990654204,0.01680562428226574,0.11682242990654204,30,33.326,8680.0,1.4018691588785046,1.3005685902882225,1.4018691588785046,0.0,1.3005685902882225,-0.09990009990009396,COMPLETE,,BASE,,,,,,
2026-10-01 09:15:54.132,v2.3.3,20261001_439960_PRE_HISTORY_E001_091520875984,PRE_HISTORY,439960,코스모로보틱스,2026-10-01 09:15:20.875,8560.0,8568.56,MAIN,MAIN,2026-10-01 09:15:20.797,2026-10-01 09:15:20.797,8560.0,2026-10-01 09:15:20.797,8560.0,0.0,0.0,False,,2026-10-01 09:15:20.927,8570.0,0.129957,0.11682242990654204,0.01680562428226574,0.11682242990654204,30,33.256,8680.0,1.4018691588785046,1.3005685902882225,1.4018691588785046,0.0,1.3005685902882225,-0.09990009990009396,COMPLETE,,PRE_HISTORY,,,,,,
2026-10-01 09:16:03.026,v2.3.3,20261001_490470_BASE_E002_091402965578,BASE,490470,세미파이브,2026-10-01 09:14:02.965,19770.0,19789.769999999997,MAIN,MAIN,2026-10-01 09:14:02.953,2026-10-01 09:14:02.953,19770.0,2026-10-01 09:14:02.953,19770.0,0.0,0.0,False,,2026-10-01 09:14:03.026,19750.0,0.072932,-0.10116337885685382,-0.20096241644039725,0.10116337885685382,120,120.06,19590.0,-0.9104704097116844,-1.0094609487629054,0.556398583712696,-1.062215477996965,0.4559426410716406,-1.1610544235733757,COMPLETE,,BASE,,,,,,
2026-10-01 09:16:25.062,v2.3.3,20261001_439960_BASE_E001_091520806187,BASE,439960,코스모로보틱스,2026-10-01 09:15:20.806,8560.0,8568.56,MAIN,MAIN,2026-10-01 09:15:20.797,2026-10-01 09:15:20.797,8560.0,2026-10-01 09:15:20.797,8560.0,0.0,0.0,False,,2026-10-01 09:15:20.927,8570.0,0.129957,0.11682242990654204,0.01680562428226574,0.11682242990654204,60,64.257,8680.0,1.4018691588785046,1.3005685902882225,1.4018691588785046,0.0,1.3005685902882225,-0.09990009990009396,COMPLETE,,BASE,,,,,,
2026-10-01 09:16:25.062,v2.3.3,20261001_439960_PRE_HISTORY_E001_091520875984,PRE_HISTORY,439960,코스모로보틱스,2026-10-01 09:15:20.875,8560.0,8568.56,MAIN,MAIN,2026-10-01 09:15:20.797,2026-10-01 09:15:20.797,8560.0,2026-10-01 09:15:20.797,8560.0,0.0,0.0,False,,2026-10-01 09:15:20.927,8570.0,0.129957,0.11682242990654204,0.01680562428226574,0.11682242990654204,60,64.187,8680.0,1.4018691588785046,1.3005685902882225,1.4018691588785046,0.0,1.3005685902882225,-0.09990009990009396,COMPLETE,,PRE_HISTORY,,,,,,
2026-10-01 09:17:03.024,v2.3.3,20261001_490470_BASE_E002_091402965578,BASE,490470,세미파이브,2026-10-01 09:14:02.965,19770.0,19789.769999999997,MAIN,MAIN,2026-10-01 09:14:02.953,2026-10-01 09:14:02.953,19770.0,2026-10-01 09:14:02.953,19770.0,0.0,0.0,False,,2026-10-01 09:14:03.026,19750.0,0.072932,-0.10116337885685382,-0.20096241644039725,0.10116337885685382,180,180.059,19490.0,-1.4162873039959536,-1.514772531464473,0.556398583712696,-2.0232675771370765,0.4559426410716406,-2.121146430706354,COMPLETE,,BASE,,,,,,
2026-10-01 09:17:25.760,v2.3.3,20261001_439960_BASE_E001_091520806187,BASE,439960,코스모로보틱스,2026-10-01 09:15:20.806,8560.0,8568.56,MAIN,MAIN,2026-10-01 09:15:20.797,2026-10-01 09:15:20.797,8560.0,2026-10-01 09:15:20.797,8560.0,0.0,0.0,False,,2026-10-01 09:15:20.927,8570.0,0.129957,0.11682242990654204,0.01680562428226574,0.11682242990654204,120,124.955,8680.0,1.4018691588785046,1.3005685902882225,1.4018691588785046,0.0,1.3005685902882225,-0.09990009990009396,COMPLETE,,BASE,,,,,,
2026-10-01 09:17:25.760,v2.3.3,20261001_439960_PRE_HISTORY_E001_091520875984,PRE_HISTORY,439960,코스모로보틱스,2026-10-01 09:15:20.875,8560.0,8568.56,MAIN,MAIN,2026-10-01 09:15:20.797,2026-10-01 09:15:20.797,8560.0,2026-10-01 09:15:20.797,8560.0,0.0,0.0,False,,2026-10-01 09:15:20.927,8570.0,0.129957,0.11682242990654204,0.01680562428226574,0.11682242990654204,120,124.885,8680.0,1.4018691588785046,1.3005685902882225,1.4018691588785046,0.0,1.3005685902882225,-0.09990009990009396,COMPLETE,,PRE_HISTORY,,,,,,
2026-10-01 09:18:20.828,v2.3.3,20261001_439960_BASE_E001_091520806187,BASE,439960,코스모로보틱스,2026-10-01 09:15:20.806,8560.0,8568.56,MAIN,MAIN,2026-10-01 09:15:20.797,2026-10-01 09:15:20.797,8560.0,2026-10-01 09:15:20.797,8560.0,0.0,0.0,False,,2026-10-01 09:15:20.927,8570.0,0.129957,0.11682242990654204,0.01680562428226574,0.11682242990654204,180,180.022,8860.0,3.5046728971962615,3.4012716255706974,6.308411214953271,0.0,6.2022090059473305,-0.09990009990009396,COMPLETE,,BASE,,,,,,
2026-10-01 09:18:20.927,v2.3.3,20261001_439960_PRE_HISTORY_E001_091520875984,PRE_HISTORY,439960,코스모로보틱스,2026-10-01 09:15:20.875,8560.0,8568.56,MAIN,MAIN,2026-10-01 09:15:20.797,2026-10-01 09:15:20.797,8560.0,2026-10-01 09:15:20.797,8560.0,0.0,0.0,False,,2026-10-01 09:15:20.927,8570.0,0.129957,0.11682242990654204,0.01680562428226574,0.11682242990654204,180,180.051,8860.0,3.5046728971962615,3.4012716255706974,6.308411214953271,0.0,6.2022090059473305,-0.09990009990009396,COMPLETE,,PRE_HISTORY,,,,,,
2026-10-01 09:19:03.025,v2.3.3,20261001_490470_BASE_E002_091402965578,BASE,490470,세미파이브,2026-10-01 09:14:02.965,19770.0,19789.769999999997,MAIN,MAIN,2026-10-01 09:14:02.953,2026-10-01 09:14:02.953,19770.0,2026-10-01 09:14:02.953,19770.0,0.0,0.0,False,,2026-10-01 09:14:03.026,19750.0,0.072932,-0.10116337885685382,-0.20096241644039725,0.10116337885685382,300,300.06,19050.0,-3.6418816388467374,-3.7381434953513706,0.556398583712696,-4.147698533131006,0.4559426410716406,-4.243455078052937,COMPLETE,,BASE,,,,,,
2026-10-01 09:19:10.924,v2.3.3,20261001_439960_BASE_E002_091840840860,BASE,439960,코스모로보틱스,2026-10-01 09:18:40.840,8960.0,8968.96,MAIN,MAIN,2026-10-01 09:18:40.811,2026-10-01 09:18:40.811,8960.0,2026-10-01 09:18:40.811,8960.0,0.0,0.0,False,,2026-10-01 09:18:40.930,8950.0,0.118518,-0.11160714285714285,-0.2113957471100231,0.11160714285714285,30,30.084,8900.0,-0.6696428571428571,-0.7688739831596878,3.7946428571428568,-2.0089285714285716,3.69095190523763,-2.106821749678883,COMPLETE,,BASE,,,,,,
2026-10-01 09:19:30.622,v2.3.3,20261001_002710_PULLBACK_STRUCTURE_ENTRY_2026-10-01:002710:6_091901208607,PULLBACK_STRUCTURE_ENTRY,002710,TCC스틸,2026-10-01 09:19:00.124,14640.0,14630.0,MAIN,MAIN,2026-10-01 09:19:00.000,2026-10-01 09:01:21.903,15750.0,2026-10-01 09:19:00.000,14640.0,1058.096676,-7.0476190476190474,False,,2026-10-01 09:19:00.223,14600.0,0.223168,-0.273224043715847,-0.2050580997949419,0.273224043715847,30,30.498,14570.0,-0.47814207650273227,-0.4101161995898838,0.0,-0.47814207650273227,0.0683526999316473,-0.4101161995898838,COMPLETE,PULLBACK_V230,PULLBACK_STRUCTURE_ENTRY,신규/ON,pullback_structure_snapshot_v1,,,PULLBACK_63,
2026-10-01 09:19:40.927,v2.3.3,20261001_439960_BASE_E002_091840840860,BASE,439960,코스모로보틱스,2026-10-01 09:18:40.840,8960.0,8968.96,MAIN,MAIN,2026-10-01 09:18:40.811,2026-10-01 09:18:40.811,8960.0,2026-10-01 09:18:40.811,8960.0,0.0,0.0,False,,2026-10-01 09:18:40.930,8950.0,0.118518,-0.11160714285714285,-0.2113957471100231,0.11160714285714285,60,60.087,8970.0,0.11160714285714285,0.01159554730984276,3.7946428571428568,-2.5669642857142856,3.69095190523763,-2.6642999857285474,COMPLETE,,BASE,,,,,,
2026-10-01 09:20:00.223,v2.3.3,20261001_002710_PULLBACK_STRUCTURE_ENTRY_2026-10-01:002710:6_091901208607,PULLBACK_STRUCTURE_ENTRY,002710,TCC스틸,2026-10-01 09:19:00.124,14640.0,14630.0,MAIN,MAIN,2026-10-01 09:19:00.000,2026-10-01 09:01:21.903,15750.0,2026-10-01 09:19:00.000,14640.0,1058.096676,-7.0476190476190474,False,,2026-10-01 09:19:00.223,14600.0,0.223168,-0.273224043715847,-0.2050580997949419,0.273224043715847,60,60.1,14470.0,-1.1612021857923498,-1.0936431989063569,0.0,-1.2295081967213115,0.0683526999316473,-1.1619958988380041,COMPLETE,PULLBACK_V230,PULLBACK_STRUCTURE_ENTRY,신규/ON,pullback_structure_snapshot_v1,,,PULLBACK_63,
2026-10-01 09:20:20.836,v2.3.3,20261001_439960_BASE_E001_091520806187,BASE,439960,코스모로보틱스,2026-10-01 09:15:20.806,8560.0,8568.56,MAIN,MAIN,2026-10-01 09:15:20.797,2026-10-01 09:15:20.797,8560.0,2026-10-01 09:15:20.797,8560.0,0.0,0.0,False,,2026-10-01 09:15:20.927,8570.0,0.129957,0.11682242990654204,0.01680562428226574,0.11682242990654204,300,300.03,8720.0,1.8691588785046727,1.7673914870176615,8.644859813084112,0.0,8.536323489594524,-0.09990009990009396,COMPLETE,,BASE,,,,,,
2026-10-01 09:20:20.924,v2.3.3,20261001_439960_PRE_HISTORY_E001_091520875984,PRE_HISTORY,439960,코스모로보틱스,2026-10-01 09:15:20.875,8560.0,8568.56,MAIN,MAIN,2026-10-01 09:15:20.797,2026-10-01 09:15:20.797,8560.0,2026-10-01 09:15:20.797,8560.0,0.0,0.0,False,,2026-10-01 09:15:20.927,8570.0,0.129957,0.11682242990654204,0.01680562428226574,0.11682242990654204,300,300.049,8710.0,1.7523364485981308,1.6506857628353016,8.644859813084112,0.0,8.536323489594524,-0.09990009990009396,COMPLETE,,PRE_HISTORY,,,,,,
2026-10-01 09:20:40.929,v2.3.3,20261001_439960_BASE_E002_091840840860,BASE,439960,코스모로보틱스,2026-10-01 09:18:40.840,8960.0,8968.96,MAIN,MAIN,2026-10-01 09:18:40.811,2026-10-01 09:18:40.811,8960.0,2026-10-01 09:18:40.811,8960.0,0.0,0.0,False,,2026-10-01 09:18:40.930,8950.0,0.118518,-0.11160714285714285,-0.2113957471100231,0.11160714285714285,120,120.088,8570.0,-4.352678571428571,-4.448230341087474,3.7946428571428568,-4.799107142857143,3.69095190523763,-4.894212929927207,COMPLETE,,BASE,,,,,,
2026-10-01 09:21:00.346,v2.3.3,20261001_002710_PULLBACK_STRUCTURE_ENTRY_2026-10-01:002710:6_091901208607,PULLBACK_STRUCTURE_ENTRY,002710,TCC스틸,2026-10-01 09:19:00.124,14640.0,14630.0,MAIN,MAIN,2026-10-01 09:19:00.000,2026-10-01 09:01:21.903,15750.0,2026-10-01 09:19:00.000,14640.0,1058.096676,-7.0476190476190474,False,,2026-10-01 09:19:00.223,14600.0,0.223168,-0.273224043715847,-0.2050580997949419,0.273224043715847,120,120.222,14350.0,-1.9808743169398908,-1.9138755980861244,0.0,-1.9808743169398908,0.0683526999316473,-1.9138755980861244,COMPLETE,PULLBACK_V230,PULLBACK_STRUCTURE_ENTRY,신규/ON,pullback_structure_snapshot_v1,,,PULLBACK_63,
2026-10-01 09:21:15.621,v2.3.3,20261001_266690_BASE_E001_092045601910,BASE,266690,덕산넵코어스,2026-10-01 09:20:45.601,19290.0,19309.289999999997,MAIN,MAIN,2026-10-01 09:20:45.592,2026-10-01 09:20:45.592,19290.0,2026-10-01 09:20:45.592,19290.0,0.0,0.0,False,,2026-10-01 09:20:45.733,19300.0,0.140568,0.05184033177812338,-0.0481115566651971,0.05184033177812338,30,30.019,19270.0,-0.10368066355624676,-0.2034771863698626,0.46656298600311047,-0.6220839813374806,0.3661967892139109,-0.7213626187187475,COMPLETE,,BASE,,,,,,
2026-10-01 09:21:40.923,v2.3.3,20261001_439960_BASE_E002_091840840860,BASE,439960,코스모로보틱스,2026-10-01 09:18:40.840,8960.0,8968.96,MAIN,MAIN,2026-10-01 09:18:40.811,2026-10-01 09:18:40.811,8960.0,2026-10-01 09:18:40.811,8960.0,0.0,0.0,False,,2026-10-01 09:18:40.930,8950.0,0.118518,-0.11160714285714285,-0.2113957471100231,0.11160714285714285,180,180.082,8510.0,-5.022321428571429,-5.117204224347073,3.7946428571428568,-5.580357142857143,3.69095190523763,-5.674682460396737,COMPLETE,,BASE,,,,,,
2026-10-01 09:21:45.622,v2.3.3,20261001_266690_BASE_E001_092045601910,BASE,266690,덕산넵코어스,2026-10-01 09:20:45.601,19290.0,19309.289999999997,MAIN,MAIN,2026-10-01 09:20:45.592,2026-10-01 09:20:45.592,19290.0,2026-10-01 09:20:45.592,19290.0,0.0,0.0,False,,2026-10-01 09:20:45.733,19300.0,0.140568,0.05184033177812338,-0.0481115566651971,0.05184033177812338,60,60.021,19190.0,-0.5184033177812338,-0.6177855322489706,0.46656298600311047,-1.244167962674961,0.3661967892139109,-1.3428251375374094,COMPLETE,,BASE,,,,,,
2026-10-01 09:21:45.920,v2.3.3,20261001_003160_BASE_E003_092115853774,BASE,003160,디아이,2026-10-01 09:21:15.853,40750.0,40790.74999999999,MAIN,MAIN,2026-10-01 09:21:15.840,2026-10-01 09:21:15.840,40750.0,2026-10-01 09:21:15.840,40750.0,0.0,0.0,False,,2026-10-01 09:21:15.921,40800.0,0.080548,0.1226993865030675,0.02267670979329205,0.1226993865030675,30,30.067,40850.0,0.245398773006135,0.14525351948666618,0.6134969325153374,-0.245398773006135,0.5129839485667886,-0.3450537192868303,COMPLETE,,BASE,,,,,,
2026-10-01 09:21:46.128,v2.3.3,20261001_003160_PRE_HISTORY_E003_092115964789,PRE_HISTORY,003160,디아이,2026-10-01 09:21:15.964,40750.0,40790.74999999999,MAIN,MAIN,2026-10-01 09:21:15.840,2026-10-01 09:21:15.840,40750.0,2026-10-01 09:21:15.840,40750.0,0.0,0.0,False,,2026-10-01 09:21:16.022,40800.0,0.182129,0.1226993865030675,0.02267670979329205,0.1226993865030675,30,30.163,40800.0,0.1226993865030675,0.02267670979329205,0.6134969325153374,-0.245398773006135,0.5129839485667886,-0.3450537192868303,COMPLETE,,PRE_HISTORY,,,,,,
2026-10-01 09:22:00.157,v2.3.3,20261001_002710_PULLBACK_STRUCTURE_ENTRY_2026-10-01:002710:6_091901208607,PULLBACK_STRUCTURE_ENTRY,002710,TCC스틸,2026-10-01 09:19:00.124,14640.0,14630.0,MAIN,MAIN,2026-10-01 09:19:00.000,2026-10-01 09:01:21.903,15750.0,2026-10-01 09:19:00.000,14640.0,1058.096676,-7.0476190476190474,False,,2026-10-01 09:19:00.223,14600.0,0.223168,-0.273224043715847,-0.2050580997949419,0.273224043715847,180,180.033,14130.0,-3.483606557377049,-3.417634996582365,0.0,-3.551912568306011,0.0683526999316473,-3.4859876965140124,COMPLETE,PULLBACK_V230,PULLBACK_STRUCTURE_ENTRY,신규/ON,pullback_structure_snapshot_v1,,,PULLBACK_63,
2026-10-01 09:22:15.920,v2.3.3,20261001_003160_BASE_E003_092115853774,BASE,003160,디아이,2026-10-01 09:21:15.853,40750.0,40790.74999999999,MAIN,MAIN,2026-10-01 09:21:15.840,2026-10-01 09:21:15.840,40750.0,2026-10-01 09:21:15.840,40750.0,0.0,0.0,False,,2026-10-01 09:21:15.921,40800.0,0.080548,0.1226993865030675,0.02267670979329205,0.1226993865030675,60,60.067,41050.0,0.7361963190184049,0.6355607582601627,1.2269938650306749,-2.4539877300613497,1.1258679970336594,-2.5514362937675648,COMPLETE,,BASE,,,,,,
2026-10-01 09:22:16.021,v2.3.3,20261001_003160_PRE_HISTORY_E003_092115964789,PRE_HISTORY,003160,디아이,2026-10-01 09:21:15.964,40750.0,40790.74999999999,MAIN,MAIN,2026-10-01 09:21:15.840,2026-10-01 09:21:15.840,40750.0,2026-10-01 09:21:15.840,40750.0,0.0,0.0,False,,2026-10-01 09:21:16.022,40800.0,0.182129,0.1226993865030675,0.02267670979329205,0.1226993865030675,60,60.057,41000.0,0.6134969325153374,0.5129839485667886,1.2269938650306749,-2.4539877300613497,1.1258679970336594,-2.5514362937675648,COMPLETE,,PRE_HISTORY,,,,,,
2026-10-01 09:22:45.621,v2.3.3,20261001_266690_BASE_E001_092045601910,BASE,266690,덕산넵코어스,2026-10-01 09:20:45.601,19290.0,19309.289999999997,MAIN,MAIN,2026-10-01 09:20:45.592,2026-10-01 09:20:45.592,19290.0,2026-10-01 09:20:45.592,19290.0,0.0,0.0,False,,2026-10-01 09:20:45.733,19300.0,0.140568,0.05184033177812338,-0.0481115566651971,0.05184033177812338,120,120.02,18820.0,-2.436495593571799,-2.533961631939845,0.46656298600311047,-2.747537584240539,0.3661967892139109,-2.844692891349176,COMPLETE,,BASE,,,,,,
2026-10-01 09:23:16.021,v2.3.3,20261001_003160_BASE_E003_092115853774,BASE,003160,디아이,2026-10-01 09:21:15.853,40750.0,40790.74999999999,MAIN,MAIN,2026-10-01 09:21:15.840,2026-10-01 09:21:15.840,40750.0,2026-10-01 09:21:15.840,40750.0,0.0,0.0,False,,2026-10-01 09:21:15.921,40800.0,0.080548,0.1226993865030675,0.02267670979329205,0.1226993865030675,120,120.168,40900.0,0.36809815950920244,0.26783032918004035,1.2269938650306749,-2.4539877300613497,1.1258679970336594,-2.5514362937675648,COMPLETE,,BASE,,,,,,
2026-10-01 09:23:16.021,v2.3.3,20261001_003160_PRE_HISTORY_E003_092115964789,PRE_HISTORY,003160,디아이,2026-10-01 09:21:15.964,40750.0,40790.74999999999,MAIN,MAIN,2026-10-01 09:21:15.840,2026-10-01 09:21:15.840,40750.0,2026-10-01 09:21:15.840,40750.0,0.0,0.0,False,,2026-10-01 09:21:16.022,40800.0,0.182129,0.1226993865030675,0.02267670979329205,0.1226993865030675,120,120.057,40900.0,0.36809815950920244,0.26783032918004035,1.2269938650306749,-2.4539877300613497,1.1258679970336594,-2.5514362937675648,COMPLETE,,PRE_HISTORY,,,,,,
2026-10-01 09:23:40.920,v2.3.3,20261001_439960_BASE_E002_091840840860,BASE,439960,코스모로보틱스,2026-10-01 09:18:40.840,8960.0,8968.96,MAIN,MAIN,2026-10-01 09:18:40.811,2026-10-01 09:18:40.811,8960.0,2026-10-01 09:18:40.811,8960.0,0.0,0.0,False,,2026-10-01 09:18:40.930,8950.0,0.118518,-0.11160714285714285,-0.2113957471100231,0.11160714285714285,300,300.08,8640.0,-3.571428571428571,-3.6677608106179442,3.7946428571428568,-5.580357142857143,3.69095190523763,-5.674682460396737,COMPLETE,,BASE,,,,,,
2026-10-01 09:23:45.620,v2.3.3,20261001_266690_BASE_E001_092045601910,BASE,266690,덕산넵코어스,2026-10-01 09:20:45.601,19290.0,19309.289999999997,MAIN,MAIN,2026-10-01 09:20:45.592,2026-10-01 09:20:45.592,19290.0,2026-10-01 09:20:45.592,19290.0,0.0,0.0,False,,2026-10-01 09:20:45.733,19300.0,0.140568,0.05184033177812338,-0.0481115566651971,0.05184033177812338,180,180.018,18850.0,-2.280974598237429,-2.3785960022351795,0.46656298600311047,-3.52514256091239,0.3661967892139109,-3.6215210398725035,COMPLETE,,BASE,,,,,,
2026-10-01 09:24:00.228,v2.3.3,20261001_002710_PULLBACK_STRUCTURE_ENTRY_2026-10-01:002710:6_091901208607,PULLBACK_STRUCTURE_ENTRY,002710,TCC스틸,2026-10-01 09:19:00.124,14640.0,14630.0,MAIN,MAIN,2026-10-01 09:19:00.000,2026-10-01 09:01:21.903,15750.0,2026-10-01 09:19:00.000,14640.0,1058.096676,-7.0476190476190474,False,,2026-10-01 09:19:00.223,14600.0,0.223168,-0.273224043715847,-0.2050580997949419,0.273224043715847,300,300.105,14200.0,-3.0054644808743167,-2.939166097060834,0.0,-3.6885245901639343,0.0683526999316473,-3.6226930963773065,COMPLETE,PULLBACK_V230,PULLBACK_STRUCTURE_ENTRY,신규/ON,pullback_structure_snapshot_v1,,,PULLBACK_63,
2026-10-01 09:24:15.918,v2.3.3,20261001_003160_BASE_E003_092115853774,BASE,003160,디아이,2026-10-01 09:21:15.853,40750.0,40790.74999999999,MAIN,MAIN,2026-10-01 09:21:15.840,2026-10-01 09:21:15.840,40750.0,2026-10-01 09:21:15.840,40750.0,0.0,0.0,False,,2026-10-01 09:21:15.921,40800.0,0.080548,0.1226993865030675,0.02267670979329205,0.1226993865030675,180,180.065,41000.0,0.6134969325153374,0.5129839485667886,1.2269938650306749,-2.4539877300613497,1.1258679970336594,-2.5514362937675648,COMPLETE,,BASE,,,,,,
2026-10-01 09:24:16.123,v2.3.3,20261001_003160_PRE_HISTORY_E003_092115964789,PRE_HISTORY,003160,디아이,2026-10-01 09:21:15.964,40750.0,40790.74999999999,MAIN,MAIN,2026-10-01 09:21:15.840,2026-10-01 09:21:15.840,40750.0,2026-10-01 09:21:15.840,40750.0,0.0,0.0,False,,2026-10-01 09:21:16.022,40800.0,0.182129,0.1226993865030675,0.02267670979329205,0.1226993865030675,180,180.158,41000.0,0.6134969325153374,0.5129839485667886,1.2269938650306749,-2.4539877300613497,1.1258679970336594,-2.5514362937675648,COMPLETE,,PRE_HISTORY,,,,,,
2026-10-01 09:24:36.720,v2.3.3,20261001_266690_BASE_E002_092406652881,BASE,266690,덕산넵코어스,2026-10-01 09:24:06.652,19110.0,19129.109999999997,MAIN,MAIN,2026-10-01 09:24:06.640,2026-10-01 09:24:06.640,19110.0,2026-10-01 09:24:06.640,19110.0,0.0,0.0,False,,2026-10-01 09:24:06.723,19110.0,0.083428,0.0,-0.09990009990008394,0.0,30,30.067,19110.0,0.0,-0.09990009990008394,0.7326007326007326,-0.3139717425431711,0.6319687638369118,-0.4135581843587964,COMPLETE,,BASE,,,,,,
2026-10-01 09:25:06.721,v2.3.3,20261001_266690_BASE_E002_092406652881,BASE,266690,덕산넵코어스,2026-10-01 09:24:06.652,19110.0,19129.109999999997,MAIN,MAIN,2026-10-01 09:24:06.640,2026-10-01 09:24:06.640,19110.0,2026-10-01 09:24:06.640,19110.0,0.0,0.0,False,,2026-10-01 09:24:06.723,19110.0,0.083428,0.0,-0.09990009990008394,0.0,60,60.068,19660.0,2.8780743066457353,2.7752990076381137,2.93040293040293,-0.3139717425431711,2.827575355047899,-0.4135581843587964,COMPLETE,,BASE,,,,,,
2026-10-01 09:25:45.619,v2.3.3,20261001_266690_BASE_E001_092045601910,BASE,266690,덕산넵코어스,2026-10-01 09:20:45.601,19290.0,19309.289999999997,MAIN,MAIN,2026-10-01 09:20:45.592,2026-10-01 09:20:45.592,19290.0,2026-10-01 09:20:45.592,19290.0,0.0,0.0,False,,2026-10-01 09:20:45.733,19300.0,0.140568,0.05184033177812338,-0.0481115566651971,0.05184033177812338,300,300.018,19560.0,1.3996889580093312,1.2983905674419038,2.3846552617936756,-3.52514256091239,2.2823728889047854,-3.6215210398725035,COMPLETE,,BASE,,,,,,
2026-10-01 09:26:06.720,v2.3.3,20261001_266690_BASE_E002_092406652881,BASE,266690,덕산넵코어스,2026-10-01 09:24:06.652,19110.0,19129.109999999997,MAIN,MAIN,2026-10-01 09:24:06.640,2026-10-01 09:24:06.640,19110.0,2026-10-01 09:24:06.640,19110.0,0.0,0.0,False,,2026-10-01 09:24:06.723,19110.0,0.083428,0.0,-0.09990009990008394,0.0,120,120.067,19260.0,0.7849293563579277,0.6842451112466972,3.349031920460492,-0.3139717425431711,3.245786134326182,-0.4135581843587964,COMPLETE,,BASE,,,,,,
2026-10-01 09:26:15.918,v2.3.3,20261001_003160_BASE_E003_092115853774,BASE,003160,디아이,2026-10-01 09:21:15.853,40750.0,40790.74999999999,MAIN,MAIN,2026-10-01 09:21:15.840,2026-10-01 09:21:15.840,40750.0,2026-10-01 09:21:15.840,40750.0,0.0,0.0,False,,2026-10-01 09:21:15.921,40800.0,0.080548,0.1226993865030675,0.02267670979329205,0.1226993865030675,300,300.065,41150.0,0.98159509202454,0.880714377646911,1.5950920245398774,-2.4539877300613497,1.4935984261137816,-2.5514362937675648,COMPLETE,,BASE,,,,,,
2026-10-01 09:26:16.121,v2.3.3,20261001_003160_PRE_HISTORY_E003_092115964789,PRE_HISTORY,003160,디아이,2026-10-01 09:21:15.964,40750.0,40790.74999999999,MAIN,MAIN,2026-10-01 09:21:15.840,2026-10-01 09:21:15.840,40750.0,2026-10-01 09:21:15.840,40750.0,0.0,0.0,False,,2026-10-01 09:21:16.022,40800.0,0.182129,0.1226993865030675,0.02267670979329205,0.1226993865030675,300,300.156,41150.0,0.98159509202454,0.880714377646911,1.5950920245398774,-2.4539877300613497,1.4935984261137816,-2.5514362937675648,COMPLETE,,PRE_HISTORY,,,,,,
2026-10-01 09:27:06.717,v2.3.3,20261001_266690_BASE_E002_092406652881,BASE,266690,덕산넵코어스,2026-10-01 09:24:06.652,19110.0,19129.109999999997,MAIN,MAIN,2026-10-01 09:24:06.640,2026-10-01 09:24:06.640,19110.0,2026-10-01 09:24:06.640,19110.0,0.0,0.0,False,,2026-10-01 09:24:06.723,19110.0,0.083428,0.0,-0.09990009990008394,0.0,180,180.065,19490.0,1.9884877027734171,1.8866011016717614,3.349031920460492,-0.3139717425431711,3.245786134326182,-0.4135581843587964,COMPLETE,,BASE,,,,,,
2026-10-01 09:29:06.717,v2.3.3,20261001_266690_BASE_E002_092406652881,BASE,266690,덕산넵코어스,2026-10-01 09:24:06.652,19110.0,19129.109999999997,MAIN,MAIN,2026-10-01 09:24:06.640,2026-10-01 09:24:06.640,19110.0,2026-10-01 09:24:06.640,19110.0,0.0,0.0,False,,2026-10-01 09:24:06.723,19110.0,0.083428,0.0,-0.09990009990008394,0.0,300,300.064,19330.0,1.1512297226582942,1.050179543115195,3.6630036630036633,-0.3139717425431711,3.5594442187848947,-0.4135581843587964,COMPLETE,,BASE,,,,,,
2026-10-01 09:31:53.138,v2.3.3,20261001_266690_BASE_E003_093123073732,BASE,266690,덕산넵코어스,2026-10-01 09:31:23.073,19630.0,19649.629999999997,MAIN,MAIN,2026-10-01 09:31:23.066,2026-10-01 09:31:23.066,19630.0,2026-10-01 09:31:23.066,19630.0,0.0,0.0,False,,2026-10-01 09:31:23.227,19640.0,0.160896,0.05094243504839531,-0.049008556395196155,0.05094243504839531,30,30.064,19320.0,-1.5792154865002548,-1.6775379485516897,0.10188487009679062,-2.954661232806928,0.0018829871096942763,-3.0516096231837317,COMPLETE,,BASE,,,,,,
2026-10-01 09:31:53.217,v2.3.3,20261001_266690_PRE_HISTORY_E003_093123195028,PRE_HISTORY,266690,덕산넵코어스,2026-10-01 09:31:23.195,19630.0,19649.629999999997,MAIN,MAIN,2026-10-01 09:31:23.066,2026-10-01 09:31:23.066,19630.0,2026-10-01 09:31:23.066,19630.0,0.0,0.0,False,,2026-10-01 09:31:23.227,19640.0,0.160896,0.05094243504839531,-0.049008556395196155,0.05094243504839531,30,30.022,19300.0,-1.6811003565970453,-1.7793210355614708,0.10188487009679062,-2.954661232806928,0.0018829871096942763,-3.0516096231837317,COMPLETE,,PRE_HISTORY,,,,,,
2026-10-01 09:32:23.216,v2.3.3,20261001_266690_PRE_HISTORY_E003_093123195028,PRE_HISTORY,266690,덕산넵코어스,2026-10-01 09:31:23.195,19630.0,19649.629999999997,MAIN,MAIN,2026-10-01 09:31:23.066,2026-10-01 09:31:23.066,19630.0,2026-10-01 09:31:23.066,19630.0,0.0,0.0,False,,2026-10-01 09:31:23.227,19640.0,0.160896,0.05094243504839531,-0.049008556395196155,0.05094243504839531,60,60.022,19240.0,-1.9867549668874174,-2.0846702965908133,0.10188487009679062,-2.954661232806928,0.0018829871096942763,-3.0516096231837317,COMPLETE,,PRE_HISTORY,,,,,,
2026-10-01 09:32:23.216,v2.3.3,20261001_266690_BASE_E003_093123073732,BASE,266690,덕산넵코어스,2026-10-01 09:31:23.073,19630.0,19649.629999999997,MAIN,MAIN,2026-10-01 09:31:23.066,2026-10-01 09:31:23.066,19630.0,2026-10-01 09:31:23.066,19630.0,0.0,0.0,False,,2026-10-01 09:31:23.227,19640.0,0.160896,0.05094243504839531,-0.049008556395196155,0.05094243504839531,60,60.143,19240.0,-1.9867549668874174,-2.0846702965908133,0.10188487009679062,-2.954661232806928,0.0018829871096942763,-3.0516096231837317,COMPLETE,,BASE,,,,,,
2026-10-01 09:33:23.114,v2.3.3,20261001_266690_BASE_E003_093123073732,BASE,266690,덕산넵코어스,2026-10-01 09:31:23.073,19630.0,19649.629999999997,MAIN,MAIN,2026-10-01 09:31:23.066,2026-10-01 09:31:23.066,19630.0,2026-10-01 09:31:23.066,19630.0,0.0,0.0,False,,2026-10-01 09:31:23.227,19640.0,0.160896,0.05094243504839531,-0.049008556395196155,0.05094243504839531,120,120.041,19080.0,-2.8018339276617423,-2.8989349926690604,0.10188487009679062,-3.0056036678553237,0.0018829871096942763,-3.1025011666886217,COMPLETE,,BASE,,,,,,
2026-10-01 09:33:23.215,v2.3.3,20261001_266690_PRE_HISTORY_E003_093123195028,PRE_HISTORY,266690,덕산넵코어스,2026-10-01 09:31:23.195,19630.0,19649.629999999997,MAIN,MAIN,2026-10-01 09:31:23.066,2026-10-01 09:31:23.066,19630.0,2026-10-01 09:31:23.066,19630.0,0.0,0.0,False,,2026-10-01 09:31:23.227,19640.0,0.160896,0.05094243504839531,-0.049008556395196155,0.05094243504839531,120,120.02,19080.0,-2.8018339276617423,-2.8989349926690604,0.10188487009679062,-3.0056036678553237,0.0018829871096942763,-3.1025011666886217,COMPLETE,,PRE_HISTORY,,,,,,
2026-10-01 09:33:30.215,v2.3.3,20261001_490470_PULLBACK_STRUCTURE_ENTRY_2026-10-01:490470:2_093301557978,PULLBACK_STRUCTURE_ENTRY,490470,세미파이브,2026-10-01 09:33:00.124,19640.0,19640.0,MAIN,MAIN,2026-10-01 09:33:00.000,,,2026-10-01 09:33:00.000,19640.0,,,False,,2026-10-01 09:33:00.217,19640.0,0.217465,0.0,0.0,0.0,30,30.092,19565.0,-0.3818737270875764,-0.3818737270875764,0.05091649694501018,-0.560081466395112,0.05091649694501018,-0.560081466395112,COMPLETE,PULLBACK_V230,PULLBACK_STRUCTURE_ENTRY,신규/ON,pullback_structure_snapshot_v1,,,PULLBACK_63,
2026-10-01 09:34:00.215,v2.3.3,20261001_490470_PULLBACK_STRUCTURE_ENTRY_2026-10-01:490470:2_093301557978,PULLBACK_STRUCTURE_ENTRY,490470,세미파이브,2026-10-01 09:33:00.124,19640.0,19640.0,MAIN,MAIN,2026-10-01 09:33:00.000,,,2026-10-01 09:33:00.000,19640.0,,,False,,2026-10-01 09:33:00.217,19640.0,0.217465,0.0,0.0,0.0,60,60.091,19650.0,0.05091649694501018,0.05091649694501018,0.05091649694501018,-0.560081466395112,0.05091649694501018,-0.560081466395112,COMPLETE,PULLBACK_V230,PULLBACK_STRUCTURE_ENTRY,신규/ON,pullback_structure_snapshot_v1,,,PULLBACK_63,
2026-10-01 09:34:23.118,v2.3.3,20261001_266690_BASE_E003_093123073732,BASE,266690,덕산넵코어스,2026-10-01 09:31:23.073,19630.0,19649.629999999997,MAIN,MAIN,2026-10-01 09:31:23.066,2026-10-01 09:31:23.066,19630.0,2026-10-01 09:31:23.066,19630.0,0.0,0.0,False,,2026-10-01 09:31:23.227,19640.0,0.160896,0.05094243504839531,-0.049008556395196155,0.05094243504839531,180,180.045,19140.0,-2.49617931737137,-2.5935857316397177,0.10188487009679062,-3.2093734080489043,0.0018829871096942763,-3.306067340708184,COMPLETE,,BASE,,,,,,
2026-10-01 09:34:23.216,v2.3.3,20261001_266690_PRE_HISTORY_E003_093123195028,PRE_HISTORY,266690,덕산넵코어스,2026-10-01 09:31:23.195,19630.0,19649.629999999997,MAIN,MAIN,2026-10-01 09:31:23.066,2026-10-01 09:31:23.066,19630.0,2026-10-01 09:31:23.066,19630.0,0.0,0.0,False,,2026-10-01 09:31:23.227,19640.0,0.160896,0.05094243504839531,-0.049008556395196155,0.05094243504839531,180,180.021,19100.0,-2.6999490575649516,-2.7971519056592795,0.10188487009679062,-3.2093734080489043,0.0018829871096942763,-3.306067340708184,COMPLETE,,PRE_HISTORY,,,,,,
2026-10-01 09:35:00.315,v2.3.3,20261001_490470_PULLBACK_STRUCTURE_ENTRY_2026-10-01:490470:2_093301557978,PULLBACK_STRUCTURE_ENTRY,490470,세미파이브,2026-10-01 09:33:00.124,19640.0,19640.0,MAIN,MAIN,2026-10-01 09:33:00.000,,,2026-10-01 09:33:00.000,19640.0,,,False,,2026-10-01 09:33:00.217,19640.0,0.217465,0.0,0.0,0.0,120,120.192,19540.0,-0.5091649694501018,-0.5091649694501018,0.30549898167006106,-0.6109979633401221,0.30549898167006106,-0.6109979633401221,COMPLETE,PULLBACK_V230,PULLBACK_STRUCTURE_ENTRY,신규/ON,pullback_structure_snapshot_v1,,,PULLBACK_63,
2026-10-01 09:36:00.229,v2.3.3,20261001_490470_PULLBACK_STRUCTURE_ENTRY_2026-10-01:490470:2_093301557978,PULLBACK_STRUCTURE_ENTRY,490470,세미파이브,2026-10-01 09:33:00.124,19640.0,19640.0,MAIN,MAIN,2026-10-01 09:33:00.000,,,2026-10-01 09:33:00.000,19640.0,,,False,,2026-10-01 09:33:00.217,19640.0,0.217465,0.0,0.0,0.0,180,180.105,19560.0,-0.40733197556008144,-0.40733197556008144,0.30549898167006106,-0.6109979633401221,0.30549898167006106,-0.6109979633401221,COMPLETE,PULLBACK_V230,PULLBACK_STRUCTURE_ENTRY,신규/ON,pullback_structure_snapshot_v1,,,PULLBACK_63,
2026-10-01 09:36:23.116,v2.3.3,20261001_266690_BASE_E003_093123073732,BASE,266690,덕산넵코어스,2026-10-01 09:31:23.073,19630.0,19649.629999999997,MAIN,MAIN,2026-10-01 09:31:23.066,2026-10-01 09:31:23.066,19630.0,2026-10-01 09:31:23.066,19630.0,0.0,0.0,False,,2026-10-01 09:31:23.227,19640.0,0.160896,0.05094243504839531,-0.049008556395196155,0.05094243504839531,300,300.043,19040.0,-3.0056036678553237,-3.1025011666886217,0.10188487009679062,-3.2093734080489043,0.0018829871096942763,-3.306067340708184,COMPLETE,,BASE,,,,,,
2026-10-01 09:36:23.214,v2.3.3,20261001_266690_PRE_HISTORY_E003_093123195028,PRE_HISTORY,266690,덕산넵코어스,2026-10-01 09:31:23.195,19630.0,19649.629999999997,MAIN,MAIN,2026-10-01 09:31:23.066,2026-10-01 09:31:23.066,19630.0,2026-10-01 09:31:23.066,19630.0,0.0,0.0,False,,2026-10-01 09:31:23.227,19640.0,0.160896,0.05094243504839531,-0.049008556395196155,0.05094243504839531,300,300.019,19030.0,-3.056546102903719,-3.153392710193512,0.10188487009679062,-3.2093734080489043,0.0018829871096942763,-3.306067340708184,COMPLETE,,PRE_HISTORY,,,,,,
2026-10-01 09:36:49.312,v2.3.3,20261001_240810_BASE_E002_093619153014,BASE,240810,원익IPS,2026-10-01 09:36:19.153,138500.0,138638.49999999997,MAIN,MAIN,2026-10-01 09:36:19.139,2026-10-01 09:36:19.139,138500.0,2026-10-01 09:36:19.139,138500.0,0.0,0.0,False,,2026-10-01 09:36:19.613,138500.0,0.473975,0.0,-0.09990009990007893,0.0,30,30.16,138600.0,0.07220216606498195,-0.027770063871125916,0.1444043321299639,-0.21660649819494585,0.044359972157827096,-0.31629020798693797,COMPLETE,,BASE,,,,,,
2026-10-01 09:36:49.513,v2.3.3,20261001_240810_PRE_HISTORY_E002_093619510720,PRE_HISTORY,240810,원익IPS,2026-10-01 09:36:19.510,138500.0,138638.49999999997,MAIN,MAIN,2026-10-01 09:36:19.139,2026-10-01 09:36:19.139,138500.0,2026-10-01 09:36:19.139,138500.0,0.0,0.0,False,,2026-10-01 09:36:19.613,138500.0,0.473975,0.0,-0.09990009990007893,0.0,30,30.003,138600.0,0.07220216606498195,-0.027770063871125916,0.1444043321299639,-0.21660649819494585,0.044359972157827096,-0.31629020798693797,COMPLETE,,PRE_HISTORY,,,,,,
2026-10-01 09:37:19.213,v2.3.3,20261001_240810_BASE_E002_093619153014,BASE,240810,원익IPS,2026-10-01 09:36:19.153,138500.0,138638.49999999997,MAIN,MAIN,2026-10-01 09:36:19.139,2026-10-01 09:36:19.139,138500.0,2026-10-01 09:36:19.139,138500.0,0.0,0.0,False,,2026-10-01 09:36:19.613,138500.0,0.473975,0.0,-0.09990009990007893,0.0,60,60.061,138500.0,0.0,-0.09990009990007893,0.21660649819494585,-0.21660649819494585,0.11649000818678011,-0.31629020798693797,COMPLETE,,BASE,,,,,,
2026-10-01 09:37:19.611,v2.3.3,20261001_240810_PRE_HISTORY_E002_093619510720,PRE_HISTORY,240810,원익IPS,2026-10-01 09:36:19.510,138500.0,138638.49999999997,MAIN,MAIN,2026-10-01 09:36:19.139,2026-10-01 09:36:19.139,138500.0,2026-10-01 09:36:19.139,138500.0,0.0,0.0,False,,2026-10-01 09:36:19.613,138500.0,0.473975,0.0,-0.09990009990007893,0.0,60,60.101,138700.0,0.1444043321299639,0.044359972157827096,0.21660649819494585,-0.21660649819494585,0.11649000818678011,-0.31629020798693797,COMPLETE,,PRE_HISTORY,,,,,,
2026-10-01 09:37:30.325,v2.3.3,20261001_003160_PULLBACK_STRUCTURE_ENTRY_2026-10-01:003160:1_093702079807,PULLBACK_STRUCTURE_ENTRY,003160,디아이,2026-10-01 09:37:00.233,41400.0,41350.0,MAIN,MAIN,2026-10-01 09:37:00.000,,,2026-10-01 09:37:00.000,41400.0,,,False,,2026-10-01 09:37:00.416,41400.0,0.416696,0.0,0.12091898428053204,0.0,30,30.093,41450.0,0.12077294685990338,0.24183796856106407,0.8454106280193237,-0.12077294685990338,0.9673518742442563,0.0,COMPLETE,PULLBACK_V230,PULLBACK_STRUCTURE_ENTRY,신규/ON,pullback_structure_snapshot_v1,,,PULLBACK_63,
2026-10-01 09:37:52.313,v2.3.3,20261001_003160_BASE_E004_093722260540,BASE,003160,디아이,2026-10-01 09:37:22.260,41600.0,41641.6,MAIN,MAIN,2026-10-01 09:37:22.233,2026-10-01 09:37:22.233,41600.0,2026-10-01 09:37:22.233,41600.0,0.0,0.0,False,,2026-10-01 09:37:22.316,41500.0,0.083078,-0.2403846153846154,-0.34004457081379813,0.2403846153846154,30,30.053,41550.0,-0.1201923076923077,-0.21997233535694724,0.0,-0.6009615384615385,-0.0999000999000964,-0.7002612771843507,COMPLETE,,BASE,,,,,,
2026-10-01 09:37:52.550,v2.3.3,20261001_003160_PRE_HISTORY_E004_093722452054,PRE_HISTORY,003160,디아이,2026-10-01 09:37:22.452,41600.0,41641.6,MAIN,MAIN,2026-10-01 09:37:22.233,2026-10-01 09:37:22.233,41600.0,2026-10-01 09:37:22.233,41600.0,0.0,0.0,False,,2026-10-01 09:37:22.316,41500.0,0.083078,-0.2403846153846154,-0.34004457081379813,0.2403846153846154,30,30.099,41550.0,-0.1201923076923077,-0.21997233535694724,0.0,-0.6009615384615385,-0.0999000999000964,-0.7002612771843507,COMPLETE,,PRE_HISTORY,,,,,,
2026-10-01 09:38:00.312,v2.3.3,20261001_003160_PULLBACK_STRUCTURE_ENTRY_2026-10-01:003160:1_093702079807,PULLBACK_STRUCTURE_ENTRY,003160,디아이,2026-10-01 09:37:00.233,41400.0,41350.0,MAIN,MAIN,2026-10-01 09:37:00.000,,,2026-10-01 09:37:00.000,41400.0,,,False,,2026-10-01 09:37:00.416,41400.0,0.416696,0.0,0.12091898428053204,0.0,60,60.08,41750.0,0.8454106280193237,0.9673518742442563,0.8454106280193237,-0.12077294685990338,0.9673518742442563,0.0,COMPLETE,PULLBACK_V230,PULLBACK_STRUCTURE_ENTRY,신규/ON,pullback_structure_snapshot_v1,,,PULLBACK_63,
2026-10-01 09:38:00.413,v2.3.3,20261001_490470_PULLBACK_STRUCTURE_ENTRY_2026-10-01:490470:2_093301557978,PULLBACK_STRUCTURE_ENTRY,490470,세미파이브,2026-10-01 09:33:00.124,19640.0,19640.0,MAIN,MAIN,2026-10-01 09:33:00.000,,,2026-10-01 09:33:00.000,19640.0,,,False,,2026-10-01 09:33:00.217,19640.0,0.217465,0.0,0.0,0.0,300,300.289,19520.0,-0.6109979633401221,-0.6109979633401221,0.5091649694501018,-0.9164969450101833,0.5091649694501018,-0.9164969450101833,COMPLETE,PULLBACK_V230,PULLBACK_STRUCTURE_ENTRY,신규/ON,pullback_structure_snapshot_v1,,,PULLBACK_63,
2026-10-01 09:38:19.215,v2.3.3,20261001_240810_BASE_E002_093619153014,BASE,240810,원익IPS,2026-10-01 09:36:19.153,138500.0,138638.49999999997,MAIN,MAIN,2026-10-01 09:36:19.139,2026-10-01 09:36:19.139,138500.0,2026-10-01 09:36:19.139,138500.0,0.0,0.0,False,,2026-10-01 09:36:19.613,138500.0,0.473975,0.0,-0.09990009990007893,0.0,120,120.063,138500.0,0.0,-0.09990009990007893,0.2888086642599278,-0.21660649819494585,0.1886200442157331,-0.31629020798693797,COMPLETE,,BASE,,,,,,
2026-10-01 09:38:19.615,v2.3.3,20261001_240810_PRE_HISTORY_E002_093619510720,PRE_HISTORY,240810,원익IPS,2026-10-01 09:36:19.510,138500.0,138638.49999999997,MAIN,MAIN,2026-10-01 09:36:19.139,2026-10-01 09:36:19.139,138500.0,2026-10-01 09:36:19.139,138500.0,0.0,0.0,False,,2026-10-01 09:36:19.613,138500.0,0.473975,0.0,-0.09990009990007893,0.0,120,120.104,138400.0,-0.07220216606498195,-0.17203013592903194,0.2888086642599278,-0.21660649819494585,0.1886200442157331,-0.31629020798693797,COMPLETE,,PRE_HISTORY,,,,,,
2026-10-01 09:38:22.316,v2.3.3,20261001_003160_BASE_E004_093722260540,BASE,003160,디아이,2026-10-01 09:37:22.260,41600.0,41641.6,MAIN,MAIN,2026-10-01 09:37:22.233,2026-10-01 09:37:22.233,41600.0,2026-10-01 09:37:22.233,41600.0,0.0,0.0,False,,2026-10-01 09:37:22.316,41500.0,0.083078,-0.2403846153846154,-0.34004457081379813,0.2403846153846154,60,60.055,41550.0,-0.1201923076923077,-0.21997233535694724,0.4807692307692308,-0.6009615384615385,0.380388841927307,-0.7002612771843507,COMPLETE,,BASE,,,,,,
2026-10-01 09:38:22.529,v2.3.3,20261001_003160_PRE_HISTORY_E004_093722452054,PRE_HISTORY,003160,디아이,2026-10-01 09:37:22.452,41600.0,41641.6,MAIN,MAIN,2026-10-01 09:37:22.233,2026-10-01 09:37:22.233,41600.0,2026-10-01 09:37:22.233,41600.0,0.0,0.0,False,,2026-10-01 09:37:22.316,41500.0,0.083078,-0.2403846153846154,-0.34004457081379813,0.2403846153846154,60,60.077,41400.0,-0.4807692307692308,-0.5801890417274999,0.4807692307692308,-0.6009615384615385,0.380388841927307,-0.7002612771843507,COMPLETE,,PRE_HISTORY,,,,,,
2026-10-01 09:38:42.011,v2.3.3,20261001_005290_BASE_E001_093810259967,BASE,005290,동진쎄미켐,2026-10-01 09:38:10.259,50000.0,50049.99999999999,MAIN,MAIN,2026-10-01 09:38:10.222,2026-10-01 09:38:10.222,50000.0,2026-10-01 09:38:10.222,50000.0,0.0,0.0,False,,2026-10-01 09:38:10.414,50100.0,0.191693,0.2,0.09990009990011445,0.2,30,31.751,50100.0,0.2,0.09990009990011445,0.4,0.0,0.29970029970031425,-0.09990009990008537,COMPLETE,,BASE,,,,,,
2026-10-01 09:39:00.422,v2.3.3,20261001_003160_PULLBACK_STRUCTURE_ENTRY_2026-10-01:003160:1_093702079807,PULLBACK_STRUCTURE_ENTRY,003160,디아이,2026-10-01 09:37:00.233,41400.0,41350.0,MAIN,MAIN,2026-10-01 09:37:00.000,,,2026-10-01 09:37:00.000,41400.0,,,False,,2026-10-01 09:37:00.416,41400.0,0.416696,0.0,0.12091898428053204,0.0,120,120.189,41650.0,0.6038647342995169,0.7255139056831923,0.966183574879227,-0.4830917874396135,1.0882708585247884,-0.36275695284159615,COMPLETE,PULLBACK_V230,PULLBACK_STRUCTURE_ENTRY,신규/ON,pullback_structure_snapshot_v1,,,PULLBACK_63,
2026-10-01 09:39:10.518,v2.3.3,20261001_005290_BASE_E001_093810259967,BASE,005290,동진쎄미켐,2026-10-01 09:38:10.259,50000.0,50049.99999999999,MAIN,MAIN,2026-10-01 09:38:10.222,2026-10-01 09:38:10.222,50000.0,2026-10-01 09:38:10.222,50000.0,0.0,0.0,False,,2026-10-01 09:38:10.414,50100.0,0.191693,0.2,0.09990009990011445,0.2,60,60.258,50000.0,0.0,-0.09990009990008537,0.4,0.0,0.29970029970031425,-0.09990009990008537,COMPLETE,,BASE,,,,,,
2026-10-01 09:39:19.412,v2.3.3,20261001_240810_BASE_E002_093619153014,BASE,240810,원익IPS,2026-10-01 09:36:19.153,138500.0,138638.49999999997,MAIN,MAIN,2026-10-01 09:36:19.139,2026-10-01 09:36:19.139,138500.0,2026-10-01 09:36:19.139,138500.0,0.0,0.0,False,,2026-10-01 09:36:19.613,138500.0,0.473975,0.0,-0.09990009990007893,0.0,180,180.26,138600.0,0.07220216606498195,-0.027770063871125916,0.2888086642599278,-0.21660649819494585,0.1886200442157331,-0.31629020798693797,COMPLETE,,BASE,,,,,,
2026-10-01 09:39:19.513,v2.3.3,20261001_240810_PRE_HISTORY_E002_093619510720,PRE_HISTORY,240810,원익IPS,2026-10-01 09:36:19.510,138500.0,138638.49999999997,MAIN,MAIN,2026-10-01 09:36:19.139,2026-10-01 09:36:19.139,138500.0,2026-10-01 09:36:19.139,138500.0,0.0,0.0,False,,2026-10-01 09:36:19.613,138500.0,0.473975,0.0,-0.09990009990007893,0.0,180,180.003,138500.0,0.0,-0.09990009990007893,0.2888086642599278,-0.21660649819494585,0.1886200442157331,-0.31629020798693797,COMPLETE,,PRE_HISTORY,,,,,,
2026-10-01 09:39:22.311,v2.3.3,20261001_003160_BASE_E004_093722260540,BASE,003160,디아이,2026-10-01 09:37:22.260,41600.0,41641.6,MAIN,MAIN,2026-10-01 09:37:22.233,2026-10-01 09:37:22.233,41600.0,2026-10-01 09:37:22.233,41600.0,0.0,0.0,False,,2026-10-01 09:37:22.316,41500.0,0.083078,-0.2403846153846154,-0.34004457081379813,0.2403846153846154,120,120.05,41550.0,-0.1201923076923077,-0.21997233535694724,0.4807692307692308,-0.9615384615384616,0.380388841927307,-1.0604779835549032,COMPLETE,,BASE,,,,,,
2026-10-01 09:39:22.511,v2.3.3,20261001_003160_PRE_HISTORY_E004_093722452054,PRE_HISTORY,003160,디아이,2026-10-01 09:37:22.452,41600.0,41641.6,MAIN,MAIN,2026-10-01 09:37:22.233,2026-10-01 09:37:22.233,41600.0,2026-10-01 09:37:22.233,41600.0,0.0,0.0,False,,2026-10-01 09:37:22.316,41500.0,0.083078,-0.2403846153846154,-0.34004457081379813,0.2403846153846154,120,120.059,41500.0,-0.2403846153846154,-0.34004457081379813,0.4807692307692308,-0.9615384615384616,0.380388841927307,-1.0604779835549032,COMPLETE,,PRE_HISTORY,,,,,,
2026-10-01 09:40:00.311,v2.3.3,20261001_003160_PULLBACK_STRUCTURE_ENTRY_2026-10-01:003160:1_093702079807,PULLBACK_STRUCTURE_ENTRY,003160,디아이,2026-10-01 09:37:00.233,41400.0,41350.0,MAIN,MAIN,2026-10-01 09:37:00.000,,,2026-10-01 09:37:00.000,41400.0,,,False,,2026-10-01 09:37:00.416,41400.0,0.416696,0.0,0.12091898428053204,0.0,180,180.078,41600.0,0.4830917874396135,0.6045949214026602,0.966183574879227,-0.4830917874396135,1.0882708585247884,-0.36275695284159615,COMPLETE,PULLBACK_V230,PULLBACK_STRUCTURE_ENTRY,신규/ON,pullback_structure_snapshot_v1,,,PULLBACK_63,
2026-10-01 09:40:10.813,v2.3.3,20261001_005290_BASE_E001_093810259967,BASE,005290,동진쎄미켐,2026-10-01 09:38:10.259,50000.0,50049.99999999999,MAIN,MAIN,2026-10-01 09:38:10.222,2026-10-01 09:38:10.222,50000.0,2026-10-01 09:38:10.222,50000.0,0.0,0.0,False,,2026-10-01 09:38:10.414,50100.0,0.191693,0.2,0.09990009990011445,0.2,120,120.553,50200.0,0.4,0.29970029970031425,0.6,0.0,0.49950049950051406,-0.09990009990008537,COMPLETE,,BASE,,,,,,
2026-10-01 09:40:22.314,v2.3.3,20261001_003160_BASE_E004_093722260540,BASE,003160,디아이,2026-10-01 09:37:22.260,41600.0,41641.6,MAIN,MAIN,2026-10-01 09:37:22.233,2026-10-01 09:37:22.233,41600.0,2026-10-01 09:37:22.233,41600.0,0.0,0.0,False,,2026-10-01 09:37:22.316,41500.0,0.083078,-0.2403846153846154,-0.34004457081379813,0.2403846153846154,180,180.054,41800.0,0.4807692307692308,0.380388841927307,0.7211538461538461,-0.9615384615384616,0.6205333128410087,-1.0604779835549032,COMPLETE,,BASE,,,,,,
2026-10-01 09:40:22.516,v2.3.3,20261001_003160_PRE_HISTORY_E004_093722452054,PRE_HISTORY,003160,디아이,2026-10-01 09:37:22.452,41600.0,41641.6,MAIN,MAIN,2026-10-01 09:37:22.233,2026-10-01 09:37:22.233,41600.0,2026-10-01 09:37:22.233,41600.0,0.0,0.0,False,,2026-10-01 09:37:22.316,41500.0,0.083078,-0.2403846153846154,-0.34004457081379813,0.2403846153846154,180,180.065,41800.0,0.4807692307692308,0.380388841927307,0.7211538461538461,-0.9615384615384616,0.6205333128410087,-1.0604779835549032,COMPLETE,,PRE_HISTORY,,,,,,
2026-10-01 09:41:10.323,v2.3.3,20261001_005290_BASE_E001_093810259967,BASE,005290,동진쎄미켐,2026-10-01 09:38:10.259,50000.0,50049.99999999999,MAIN,MAIN,2026-10-01 09:38:10.222,2026-10-01 09:38:10.222,50000.0,2026-10-01 09:38:10.222,50000.0,0.0,0.0,False,,2026-10-01 09:38:10.414,50100.0,0.191693,0.2,0.09990009990011445,0.2,180,180.063,50100.0,0.2,0.09990009990011445,0.6,0.0,0.49950049950051406,-0.09990009990008537,COMPLETE,,BASE,,,,,,
2026-10-01 09:41:19.214,v2.3.3,20261001_240810_BASE_E002_093619153014,BASE,240810,원익IPS,2026-10-01 09:36:19.153,138500.0,138638.49999999997,MAIN,MAIN,2026-10-01 09:36:19.139,2026-10-01 09:36:19.139,138500.0,2026-10-01 09:36:19.139,138500.0,0.0,0.0,False,,2026-10-01 09:36:19.613,138500.0,0.473975,0.0,-0.09990009990007893,0.0,300,300.061,138900.0,0.2888086642599278,0.1886200442157331,0.5776173285198556,-0.36101083032490977,0.4771401883315452,-0.460550280044844,COMPLETE,,BASE,,,,,,
2026-10-01 09:41:19.511,v2.3.3,20261001_240810_PRE_HISTORY_E002_093619510720,PRE_HISTORY,240810,원익IPS,2026-10-01 09:36:19.510,138500.0,138638.49999999997,MAIN,MAIN,2026-10-01 09:36:19.139,2026-10-01 09:36:19.139,138500.0,2026-10-01 09:36:19.139,138500.0,0.0,0.0,False,,2026-10-01 09:36:19.613,138500.0,0.473975,0.0,-0.09990009990007893,0.0,300,300.001,138900.0,0.2888086642599278,0.1886200442157331,0.5776173285198556,-0.36101083032490977,0.4771401883315452,-0.460550280044844,COMPLETE,,PRE_HISTORY,,,,,,
2026-10-01 09:42:00.310,v2.3.3,20261001_003160_PULLBACK_STRUCTURE_ENTRY_2026-10-01:003160:1_093702079807,PULLBACK_STRUCTURE_ENTRY,003160,디아이,2026-10-01 09:37:00.233,41400.0,41350.0,MAIN,MAIN,2026-10-01 09:37:00.000,,,2026-10-01 09:37:00.000,41400.0,,,False,,2026-10-01 09:37:00.416,41400.0,0.416696,0.0,0.12091898428053204,0.0,300,300.077,41450.0,0.12077294685990338,0.24183796856106407,1.2077294685990339,-0.4830917874396135,1.3301088270858523,-0.36275695284159615,COMPLETE,PULLBACK_V230,PULLBACK_STRUCTURE_ENTRY,신규/ON,pullback_structure_snapshot_v1,,,PULLBACK_63,
2026-10-01 09:42:22.312,v2.3.3,20261001_003160_BASE_E004_093722260540,BASE,003160,디아이,2026-10-01 09:37:22.260,41600.0,41641.6,MAIN,MAIN,2026-10-01 09:37:22.233,2026-10-01 09:37:22.233,41600.0,2026-10-01 09:37:22.233,41600.0,0.0,0.0,False,,2026-10-01 09:37:22.316,41500.0,0.083078,-0.2403846153846154,-0.34004457081379813,0.2403846153846154,300,300.052,41350.0,-0.6009615384615385,-0.7002612771843507,0.7211538461538461,-0.9615384615384616,0.6205333128410087,-1.0604779835549032,COMPLETE,,BASE,,,,,,
2026-10-01 09:42:22.612,v2.3.3,20261001_003160_PRE_HISTORY_E004_093722452054,PRE_HISTORY,003160,디아이,2026-10-01 09:37:22.452,41600.0,41641.6,MAIN,MAIN,2026-10-01 09:37:22.233,2026-10-01 09:37:22.233,41600.0,2026-10-01 09:37:22.233,41600.0,0.0,0.0,False,,2026-10-01 09:37:22.316,41500.0,0.083078,-0.2403846153846154,-0.34004457081379813,0.2403846153846154,300,300.161,41350.0,-0.6009615384615385,-0.7002612771843507,0.7211538461538461,-0.9615384615384616,0.6205333128410087,-1.0604779835549032,COMPLETE,,PRE_HISTORY,,,,,,
2026-10-01 09:43:06.122,v2.3.3,20261001_093370_BASE_E004_094235964379,BASE,093370,후성,2026-10-01 09:42:35.964,15710.0,15725.71,MAIN,MAIN,2026-10-01 09:42:35.878,2026-10-01 09:42:35.878,15710.0,2026-10-01 09:42:35.878,15710.0,0.0,0.0,False,,2026-10-01 09:42:36.218,15750.0,0.340405,0.2546148949713558,0.15446043453682456,0.2546148949713558,30,30.158,15780.0,0.4455760661998727,0.34523083536451377,0.5092297899427116,0.0,0.4088209689737434,-0.09990009990009435,COMPLETE,,BASE,,,,,,
2026-10-01 09:43:10.911,v2.3.3,20261001_005290_BASE_E001_093810259967,BASE,005290,동진쎄미켐,2026-10-01 09:38:10.259,50000.0,50049.99999999999,MAIN,MAIN,2026-10-01 09:38:10.222,2026-10-01 09:38:10.222,50000.0,2026-10-01 09:38:10.222,50000.0,0.0,0.0,False,,2026-10-01 09:38:10.414,50100.0,0.191693,0.2,0.09990009990011445,0.2,300,300.651,50200.0,0.4,0.29970029970031425,0.6,-0.2,0.49950049950051406,-0.2997002997002852,COMPLETE,,BASE,,,,,,
2026-10-01 09:43:30.235,v2.3.3,20261001_439960_PULLBACK_STRUCTURE_ENTRY_2026-10-01:439960:5_094304450729,PULLBACK_STRUCTURE_ENTRY,439960,코스모로보틱스,2026-10-01 09:43:00.128,8370.0,8360.0,MAIN,MAIN,2026-10-01 09:43:00.000,2026-10-01 09:18:40.811,8960.0,2026-10-01 09:43:00.000,8370.0,1459.18814,-6.584821428571431,False,,2026-10-01 09:43:00.128,8370.0,0.12824,0.0,0.11961722488038277,0.0,30,30.107,8530.0,1.911589008363202,2.0334928229665072,2.1505376344086025,-0.35842293906810035,2.272727272727273,-0.23923444976076555,COMPLETE,PULLBACK_V230,PULLBACK_STRUCTURE_ENTRY,신규/ON,pullback_structure_snapshot_v1,,,PULLBACK_63,
2026-10-01 09:43:36.211,v2.3.3,20261001_093370_BASE_E004_094235964379,BASE,093370,후성,2026-10-01 09:42:35.964,15710.0,15725.71,MAIN,MAIN,2026-10-01 09:42:35.878,2026-10-01 09:42:35.878,15710.0,2026-10-01 09:42:35.878,15710.0,0.0,0.0,False,,2026-10-01 09:42:36.218,15750.0,0.340405,0.2546148949713558,0.15446043453682456,0.2546148949713558,60,60.247,15710.0,0.0,-0.09990009990009435,0.5728835136855506,-0.1273074474856779,0.4724111025829732,-0.2270803671185538,COMPLETE,,BASE,,,,,,
2026-10-01 09:44:00.217,v2.3.3,20261001_439960_PULLBACK_STRUCTURE_ENTRY_2026-10-01:439960:5_094304450729,PULLBACK_STRUCTURE_ENTRY,439960,코스모로보틱스,2026-10-01 09:43:00.128,8370.0,8360.0,MAIN,MAIN,2026-10-01 09:43:00.000,2026-10-01 09:18:40.811,8960.0,2026-10-01 09:43:00.000,8370.0,1459.18814,-6.584821428571431,False,,2026-10-01 09:43:00.128,8370.0,0.12824,0.0,0.11961722488038277,0.0,60,60.09,8520.0,1.7921146953405016,1.9138755980861244,2.2700119474313025,-0.35842293906810035,2.3923444976076556,-0.23923444976076555,COMPLETE,PULLBACK_V230,PULLBACK_STRUCTURE_ENTRY,신규/ON,pullback_structure_snapshot_v1,,,PULLBACK_63,
2026-10-01 09:44:36.015,v2.3.3,20261001_093370_BASE_E004_094235964379,BASE,093370,후성,2026-10-01 09:42:35.964,15710.0,15725.71,MAIN,MAIN,2026-10-01 09:42:35.878,2026-10-01 09:42:35.878,15710.0,2026-10-01 09:42:35.878,15710.0,0.0,0.0,False,,2026-10-01 09:42:36.218,15750.0,0.340405,0.2546148949713558,0.15446043453682456,0.2546148949713558,120,120.051,15850.0,0.8911521323997454,0.7903617706291218,1.0821133036282622,-0.1273074474856779,0.9811321714568111,-0.2270803671185538,COMPLETE,,BASE,,,,,,
2026-10-01 09:45:00.210,v2.3.3,20261001_439960_PULLBACK_STRUCTURE_ENTRY_2026-10-01:439960:5_094304450729,PULLBACK_STRUCTURE_ENTRY,439960,코스모로보틱스,2026-10-01 09:43:00.128,8370.0,8360.0,MAIN,MAIN,2026-10-01 09:43:00.000,2026-10-01 09:18:40.811,8960.0,2026-10-01 09:43:00.000,8370.0,1459.18814,-6.584821428571431,False,,2026-10-01 09:43:00.128,8370.0,0.12824,0.0,0.11961722488038277,0.0,120,120.083,8720.0,4.1816009557945035,4.30622009569378,4.540023894862605,-0.35842293906810035,4.6650717703349285,-0.23923444976076555,COMPLETE,PULLBACK_V230,PULLBACK_STRUCTURE_ENTRY,신규/ON,pullback_structure_snapshot_v1,,,PULLBACK_63,
2026-10-01 09:45:08.207,v2.3.3,20261001_036540_BASE_E001_094438160183,BASE,036540,SFA반도체,2026-10-01 09:44:38.160,11650.0,11661.649999999998,MAIN,MAIN,2026-10-01 09:44:38.115,2026-10-01 09:44:38.115,11650.0,2026-10-01 09:44:38.115,11650.0,0.0,0.0,False,,2026-10-01 09:44:38.311,11650.0,0.195604,0.0,-0.09990009990008121,0.0,30,30.048,11610.0,-0.34334763948497854,-0.4429047347502097,0.17167381974248927,-0.34334763948497854,0.07160221752498304,-0.4429047347502097,COMPLETE,,BASE,,,,,,
2026-10-01 09:45:36.109,v2.3.3,20261001_093370_BASE_E004_094235964379,BASE,093370,후성,2026-10-01 09:42:35.964,15710.0,15725.71,MAIN,MAIN,2026-10-01 09:42:35.878,2026-10-01 09:42:35.878,15710.0,2026-10-01 09:42:35.878,15710.0,0.0,0.0,False,,2026-10-01 09:42:36.218,15750.0,0.340405,0.2546148949713558,0.15446043453682456,0.2546148949713558,180,180.145,15730.0,0.1273074474856779,0.027280167318365106,1.0821133036282622,-0.1273074474856779,0.9811321714568111,-0.2270803671185538,COMPLETE,,BASE,,,,,,
2026-10-01 09:45:38.214,v2.3.3,20261001_036540_BASE_E001_094438160183,BASE,036540,SFA반도체,2026-10-01 09:44:38.160,11650.0,11661.649999999998,MAIN,MAIN,2026-10-01 09:44:38.115,2026-10-01 09:44:38.115,11650.0,2026-10-01 09:44:38.115,11650.0,0.0,0.0,False,,2026-10-01 09:44:38.311,11650.0,0.195604,0.0,-0.09990009990008121,0.0,60,60.054,11570.0,-0.6866952789699571,-0.7859093696003381,0.17167381974248927,-0.6866952789699571,0.07160221752498304,-0.7859093696003381,COMPLETE,,BASE,,,,,,
2026-10-01 09:46:00.212,v2.3.3,20261001_439960_PULLBACK_STRUCTURE_ENTRY_2026-10-01:439960:5_094304450729,PULLBACK_STRUCTURE_ENTRY,439960,코스모로보틱스,2026-10-01 09:43:00.128,8370.0,8360.0,MAIN,MAIN,2026-10-01 09:43:00.000,2026-10-01 09:18:40.811,8960.0,2026-10-01 09:43:00.000,8370.0,1459.18814,-6.584821428571431,False,,2026-10-01 09:43:00.128,8370.0,0.12824,0.0,0.11961722488038277,0.0,180,180.085,8660.0,3.464755077658303,3.588516746411483,4.540023894862605,-0.35842293906810035,4.6650717703349285,-0.23923444976076555,COMPLETE,PULLBACK_V230,PULLBACK_STRUCTURE_ENTRY,신규/ON,pullback_structure_snapshot_v1,,,PULLBACK_63,
2026-10-01 09:46:30.333,v2.3.3,20261001_490470_PRE_HISTORY_E009_094558475208,PRE_HISTORY,490470,세미파이브,2026-10-01 09:45:58.475,20300.0,20320.3,MAIN,MAIN,2026-10-01 09:45:58.163,2026-10-01 09:45:58.163,20300.0,2026-10-01 09:45:58.163,20300.0,0.0,0.0,False,,,,,,,,30,31.858,20300.0,0.0,-0.09990009990009632,0.0,0.0,-0.09990009990009632,-0.09990009990009632,COMPLETE,,PRE_HISTORY,,,,,,
2026-10-01 09:46:30.333,v2.3.3,20261001_490470_BASE_E009_094558190998,BASE,490470,세미파이브,2026-10-01 09:45:58.190,20300.0,20320.3,MAIN,MAIN,2026-10-01 09:45:58.163,2026-10-01 09:45:58.163,20300.0,2026-10-01 09:45:58.163,20300.0,0.0,0.0,False,,,,,,,,30,32.142,20300.0,0.0,-0.09990009990009632,0.0,0.0,-0.09990009990009632,-0.09990009990009632,COMPLETE,,BASE,,,,,,
2026-10-01 09:46:38.409,v2.3.3,20261001_036540_BASE_E001_094438160183,BASE,036540,SFA반도체,2026-10-01 09:44:38.160,11650.0,11661.649999999998,MAIN,MAIN,2026-10-01 09:44:38.115,2026-10-01 09:44:38.115,11650.0,2026-10-01 09:44:38.115,11650.0,0.0,0.0,False,,2026-10-01 09:44:38.311,11650.0,0.195604,0.0,-0.09990009990008121,0.0,120,120.249,11630.0,-0.17167381974248927,-0.2714024173251454,0.4291845493562232,-0.6866952789699571,0.3288556936625794,-0.7859093696003381,COMPLETE,,BASE,,,,,,
2026-10-01 09:47:02.719,v2.3.3,20261001_490470_PRE_HISTORY_E009_094558475208,PRE_HISTORY,490470,세미파이브,2026-10-01 09:45:58.475,20300.0,20320.3,MAIN,MAIN,2026-10-01 09:45:58.163,2026-10-01 09:45:58.163,20300.0,2026-10-01 09:45:58.163,20300.0,0.0,0.0,False,,,,,,,,60,64.245,20300.0,0.0,-0.09990009990009632,0.0,0.0,-0.09990009990009632,-0.09990009990009632,COMPLETE,,PRE_HISTORY,,,,,,
2026-10-01 09:47:02.719,v2.3.3,20261001_490470_BASE_E009_094558190998,BASE,490470,세미파이브,2026-10-01 09:45:58.190,20300.0,20320.3,MAIN,MAIN,2026-10-01 09:45:58.163,2026-10-01 09:45:58.163,20300.0,2026-10-01 09:45:58.163,20300.0,0.0,0.0,False,,,,,,,,60,64.529,20300.0,0.0,-0.09990009990009632,0.0,0.0,-0.09990009990009632,-0.09990009990009632,COMPLETE,,BASE,,,,,,
2026-10-01 09:47:36.310,v2.3.3,20261001_093370_BASE_E004_094235964379,BASE,093370,후성,2026-10-01 09:42:35.964,15710.0,15725.71,MAIN,MAIN,2026-10-01 09:42:35.878,2026-10-01 09:42:35.878,15710.0,2026-10-01 09:42:35.878,15710.0,0.0,0.0,False,,2026-10-01 09:42:36.218,15750.0,0.340405,0.2546148949713558,0.15446043453682456,0.2546148949713558,300,300.346,15710.0,0.0,-0.09990009990009435,1.0821133036282622,-0.5728835136855506,0.9811321714568111,-0.672211302383162,COMPLETE,,BASE,,,,,,
2026-10-01 09:47:38.307,v2.3.3,20261001_036540_BASE_E001_094438160183,BASE,036540,SFA반도체,2026-10-01 09:44:38.160,11650.0,11661.649999999998,MAIN,MAIN,2026-10-01 09:44:38.115,2026-10-01 09:44:38.115,11650.0,2026-10-01 09:44:38.115,11650.0,0.0,0.0,False,,2026-10-01 09:44:38.311,11650.0,0.195604,0.0,-0.09990009990008121,0.0,180,180.147,11640.0,-0.08583690987124463,-0.1856512586126133,0.4291845493562232,-0.6866952789699571,0.3288556936625794,-0.7859093696003381,COMPLETE,,BASE,,,,,,
2026-10-01 09:48:00.212,v2.3.3,20261001_439960_PULLBACK_STRUCTURE_ENTRY_2026-10-01:439960:5_094304450729,PULLBACK_STRUCTURE_ENTRY,439960,코스모로보틱스,2026-10-01 09:43:00.128,8370.0,8360.0,MAIN,MAIN,2026-10-01 09:43:00.000,2026-10-01 09:18:40.811,8960.0,2026-10-01 09:43:00.000,8370.0,1459.18814,-6.584821428571431,False,,2026-10-01 09:43:00.128,8370.0,0.12824,0.0,0.11961722488038277,0.0,300,300.084,8720.0,4.1816009557945035,4.30622009569378,4.898446833930705,-0.35842293906810035,5.023923444976076,-0.23923444976076555,COMPLETE,PULLBACK_V230,PULLBACK_STRUCTURE_ENTRY,신규/ON,pullback_structure_snapshot_v1,,,PULLBACK_63,
2026-10-01 09:48:00.309,v2.3.3,20261001_490470_PRE_HISTORY_E009_094558475208,PRE_HISTORY,490470,세미파이브,2026-10-01 09:45:58.475,20300.0,20320.3,MAIN,MAIN,2026-10-01 09:45:58.163,2026-10-01 09:45:58.163,20300.0,2026-10-01 09:45:58.163,20300.0,0.0,0.0,False,,2026-10-01 09:48:00.309,20300.0,122.146228,0.0,-0.09990009990009632,0.0,120,121.834,20300.0,0.0,-0.09990009990009632,0.0,0.0,-0.09990009990009632,-0.09990009990009632,COMPLETE,,PRE_HISTORY,,,,,,
2026-10-01 09:48:00.309,v2.3.3,20261001_490470_BASE_E009_094558190998,BASE,490470,세미파이브,2026-10-01 09:45:58.190,20300.0,20320.3,MAIN,MAIN,2026-10-01 09:45:58.163,2026-10-01 09:45:58.163,20300.0,2026-10-01 09:45:58.163,20300.0,0.0,0.0,False,,2026-10-01 09:48:00.309,20300.0,122.146228,0.0,-0.09990009990009632,0.0,120,122.118,20300.0,0.0,-0.09990009990009632,0.0,0.0,-0.09990009990009632,-0.09990009990009632,COMPLETE,,BASE,,,,,,
2026-10-01 09:48:58.206,v2.3.3,20261001_490470_BASE_E009_094558190998,BASE,490470,세미파이브,2026-10-01 09:45:58.190,20300.0,20320.3,MAIN,MAIN,2026-10-01 09:45:58.163,2026-10-01 09:45:58.163,20300.0,2026-10-01 09:45:58.163,20300.0,0.0,0.0,False,,2026-10-01 09:48:00.309,20300.0,122.146228,0.0,-0.09990009990009632,0.0,180,180.016,20150.0,-0.7389162561576355,-0.8380781779796522,0.49261083743842365,-1.477832512315271,0.3922186188196076,-1.576256256059208,COMPLETE,,BASE,,,,,,
2026-10-01 09:48:58.614,v2.3.3,20261001_490470_PRE_HISTORY_E009_094558475208,PRE_HISTORY,490470,세미파이브,2026-10-01 09:45:58.475,20300.0,20320.3,MAIN,MAIN,2026-10-01 09:45:58.163,2026-10-01 09:45:58.163,20300.0,2026-10-01 09:45:58.163,20300.0,0.0,0.0,False,,2026-10-01 09:48:00.309,20300.0,122.146228,0.0,-0.09990009990009632,0.0,180,180.139,20150.0,-0.7389162561576355,-0.8380781779796522,0.49261083743842365,-1.477832512315271,0.3922186188196076,-1.576256256059208,COMPLETE,,PRE_HISTORY,,,,,,
2026-10-01 09:49:35.808,v2.3.3,20261001_036540_BASE_E002_094905784457,BASE,036540,SFA반도체,2026-10-01 09:49:05.784,11780.0,11791.779999999999,MAIN,MAIN,2026-10-01 09:49:05.705,2026-10-01 09:49:05.705,11780.0,2026-10-01 09:49:05.705,11780.0,0.0,0.0,False,,2026-10-01 09:49:01.617,11770.0,0.0,-0.08488964346349745,-0.18470493852496261,0.08488964346349745,30,30.024,11790.0,0.08488964346349745,-0.015095261275217448,0.5093378607809848,-0.1697792869269949,0.40892893184914547,-0.2695097771498352,COMPLETE,,BASE,,,,,,
2026-10-01 09:49:36.306,v2.3.3,20261001_036540_PRE_HISTORY_E002_094906296924,PRE_HISTORY,036540,SFA반도체,2026-10-01 09:49:06.296,11780.0,11791.779999999999,MAIN,MAIN,2026-10-01 09:49:05.705,2026-10-01 09:49:05.705,11780.0,2026-10-01 09:49:05.705,11780.0,0.0,0.0,False,,2026-10-01 09:49:01.617,11770.0,0.0,-0.08488964346349745,-0.18470493852496261,0.08488964346349745,30,30.009,11790.0,0.08488964346349745,-0.015095261275217448,0.5093378607809848,-0.1697792869269949,0.40892893184914547,-0.2695097771498352,COMPLETE,,PRE_HISTORY,,,,,,
2026-10-01 09:49:38.209,v2.3.3,20261001_036540_BASE_E001_094438160183,BASE,036540,SFA반도체,2026-10-01 09:44:38.160,11650.0,11661.649999999998,MAIN,MAIN,2026-10-01 09:44:38.115,2026-10-01 09:44:38.115,11650.0,2026-10-01 09:44:38.115,11650.0,0.0,0.0,False,,2026-10-01 09:44:38.311,11650.0,0.195604,0.0,-0.09990009990008121,0.0,300,300.049,11790.0,1.201716738197425,1.1006161220753685,1.6309012875536482,-0.6866952789699571,1.5293719156380292,-0.7859093696003381,COMPLETE,,BASE,,,,,,
2026-10-01 09:50:05.824,v2.3.3,20261001_036540_BASE_E002_094905784457,BASE,036540,SFA반도체,2026-10-01 09:49:05.784,11780.0,11791.779999999999,MAIN,MAIN,2026-10-01 09:49:05.705,2026-10-01 09:49:05.705,11780.0,2026-10-01 09:49:05.705,11780.0,0.0,0.0,False,,2026-10-01 09:49:01.617,11770.0,0.0,-0.08488964346349745,-0.18470493852496261,0.08488964346349745,60,60.041,11760.0,-0.1697792869269949,-0.2695097771498352,0.5093378607809848,-0.2546689303904924,0.40892893184914547,-0.3543146157747078,COMPLETE,,BASE,,,,,,
2026-10-01 09:50:06.323,v2.3.3,20261001_036540_PRE_HISTORY_E002_094906296924,PRE_HISTORY,036540,SFA반도체,2026-10-01 09:49:06.296,11780.0,11791.779999999999,MAIN,MAIN,2026-10-01 09:49:05.705,2026-10-01 09:49:05.705,11780.0,2026-10-01 09:49:05.705,11780.0,0.0,0.0,False,,2026-10-01 09:49:01.617,11770.0,0.0,-0.08488964346349745,-0.18470493852496261,0.08488964346349745,60,60.027,11750.0,-0.2546689303904924,-0.3543146157747078,0.5093378607809848,-0.2546689303904924,0.40892893184914547,-0.3543146157747078,COMPLETE,,PRE_HISTORY,,,,,,
2026-10-01 09:50:58.205,v2.3.3,20261001_490470_BASE_E009_094558190998,BASE,490470,세미파이브,2026-10-01 09:45:58.190,20300.0,20320.3,MAIN,MAIN,2026-10-01 09:45:58.163,2026-10-01 09:45:58.163,20300.0,2026-10-01 09:45:58.163,20300.0,0.0,0.0,False,,2026-10-01 09:48:00.309,20300.0,122.146228,0.0,-0.09990009990009632,0.0,300,300.014,20350.0,0.24630541871921183,0.14615925945975566,0.9852216748768473,-1.477832512315271,0.8843373375393115,-1.576256256059208,COMPLETE,,BASE,,,,,,
2026-10-01 09:50:58.508,v2.3.3,20261001_490470_PRE_HISTORY_E009_094558475208,PRE_HISTORY,490470,세미파이브,2026-10-01 09:45:58.475,20300.0,20320.3,MAIN,MAIN,2026-10-01 09:45:58.163,2026-10-01 09:45:58.163,20300.0,2026-10-01 09:45:58.163,20300.0,0.0,0.0,False,,2026-10-01 09:48:00.309,20300.0,122.146228,0.0,-0.09990009990009632,0.0,300,300.033,20350.0,0.24630541871921183,0.14615925945975566,0.9852216748768473,-1.477832512315271,0.8843373375393115,-1.576256256059208,COMPLETE,,PRE_HISTORY,,,,,,
2026-10-01 09:51:05.819,v2.3.3,20261001_036540_BASE_E002_094905784457,BASE,036540,SFA반도체,2026-10-01 09:49:05.784,11780.0,11791.779999999999,MAIN,MAIN,2026-10-01 09:49:05.705,2026-10-01 09:49:05.705,11780.0,2026-10-01 09:49:05.705,11780.0,0.0,0.0,False,,2026-10-01 09:49:01.617,11770.0,0.0,-0.08488964346349745,-0.18470493852496261,0.08488964346349745,120,120.035,11820.0,0.3395585738539898,0.23931925459940032,0.5093378607809848,-0.6791171477079796,0.40892893184914547,-0.7783388088990708,COMPLETE,,BASE,,,,,,
2026-10-01 09:51:06.320,v2.3.3,20261001_036540_PRE_HISTORY_E002_094906296924,PRE_HISTORY,036540,SFA반도체,2026-10-01 09:49:06.296,11780.0,11791.779999999999,MAIN,MAIN,2026-10-01 09:49:05.705,2026-10-01 09:49:05.705,11780.0,2026-10-01 09:49:05.705,11780.0,0.0,0.0,False,,2026-10-01 09:49:01.617,11770.0,0.0,-0.08488964346349745,-0.18470493852496261,0.08488964346349745,120,120.024,11810.0,0.2546689303904924,0.15451441597452772,0.5093378607809848,-0.6791171477079796,0.40892893184914547,-0.7783388088990708,COMPLETE,,PRE_HISTORY,,,,,,
2026-10-01 09:51:24.107,v2.3.3,20261001_403870_BASE_E002_095054039268,BASE,403870,HPSP,2026-10-01 09:50:54.039,67000.0,67066.99999999999,MAIN,MAIN,2026-10-01 09:50:54.016,2026-10-01 09:50:54.016,67000.0,2026-10-01 09:50:54.016,67000.0,0.0,0.0,False,,2026-10-01 09:50:54.506,66950.0,0.490206,-0.0746268656716418,-0.17445241325836175,0.0746268656716418,30,30.068,67000.0,0.0,-0.09990009990007821,0.0,-0.1492537313432836,-0.09990009990007821,-0.24900472661664527,COMPLETE,,BASE,,,,,,
2026-10-01 09:51:54.120,v2.3.3,20261001_403870_BASE_E002_095054039268,BASE,403870,HPSP,2026-10-01 09:50:54.039,67000.0,67066.99999999999,MAIN,MAIN,2026-10-01 09:50:54.016,2026-10-01 09:50:54.016,67000.0,2026-10-01 09:50:54.016,67000.0,0.0,0.0,False,,2026-10-01 09:50:54.506,66950.0,0.490206,-0.0746268656716418,-0.17445241325836175,0.0746268656716418,60,60.082,66700.0,-0.44776119402985076,-0.5472139800497794,0.0,-0.5970149253731344,-0.09990009990007821,-0.6963186067663464,COMPLETE,,BASE,,,,,,
2026-10-01 09:52:06.005,v2.3.3,20261001_036540_BASE_E002_094905784457,BASE,036540,SFA반도체,2026-10-01 09:49:05.784,11780.0,11791.779999999999,MAIN,MAIN,2026-10-01 09:49:05.705,2026-10-01 09:49:05.705,11780.0,2026-10-01 09:49:05.705,11780.0,0.0,0.0,False,,2026-10-01 09:49:01.617,11770.0,0.0,-0.08488964346349745,-0.18470493852496261,0.08488964346349745,180,180.221,11780.0,0.0,-0.09990009990009004,0.5942275042444821,-0.6791171477079796,0.4937337704740181,-0.7783388088990708,COMPLETE,,BASE,,,,,,
2026-10-01 09:52:06.407,v2.3.3,20261001_036540_PRE_HISTORY_E002_094906296924,PRE_HISTORY,036540,SFA반도체,2026-10-01 09:49:06.296,11780.0,11791.779999999999,MAIN,MAIN,2026-10-01 09:49:05.705,2026-10-01 09:49:05.705,11780.0,2026-10-01 09:49:05.705,11780.0,0.0,0.0,False,,2026-10-01 09:49:01.617,11770.0,0.0,-0.08488964346349745,-0.18470493852496261,0.08488964346349745,180,180.11,11780.0,0.0,-0.09990009990009004,0.5942275042444821,-0.6791171477079796,0.4937337704740181,-0.7783388088990708,COMPLETE,,PRE_HISTORY,,,,,,
2026-10-01 09:52:54.115,v2.3.3,20261001_403870_BASE_E002_095054039268,BASE,403870,HPSP,2026-10-01 09:50:54.039,67000.0,67066.99999999999,MAIN,MAIN,2026-10-01 09:50:54.016,2026-10-01 09:50:54.016,67000.0,2026-10-01 09:50:54.016,67000.0,0.0,0.0,False,,2026-10-01 09:50:54.506,66950.0,0.490206,-0.0746268656716418,-0.17445241325836175,0.0746268656716418,120,120.077,66700.0,-0.44776119402985076,-0.5472139800497794,0.0,-0.5970149253731344,-0.09990009990007821,-0.6963186067663464,COMPLETE,,BASE,,,,,,
2026-10-01 09:53:54.104,v2.3.3,20261001_403870_BASE_E002_095054039268,BASE,403870,HPSP,2026-10-01 09:50:54.039,67000.0,67066.99999999999,MAIN,MAIN,2026-10-01 09:50:54.016,2026-10-01 09:50:54.016,67000.0,2026-10-01 09:50:54.016,67000.0,0.0,0.0,False,,2026-10-01 09:50:54.506,66950.0,0.490206,-0.0746268656716418,-0.17445241325836175,0.0746268656716418,180,180.065,66600.0,-0.5970149253731344,-0.6963186067663464,0.0,-0.7462686567164178,-0.09990009990007821,-0.8454232334829134,COMPLETE,,BASE,,,,,,
2026-10-01 09:54:05.804,v2.3.3,20261001_036540_BASE_E002_094905784457,BASE,036540,SFA반도체,2026-10-01 09:49:05.784,11780.0,11791.779999999999,MAIN,MAIN,2026-10-01 09:49:05.705,2026-10-01 09:49:05.705,11780.0,2026-10-01 09:49:05.705,11780.0,0.0,0.0,False,,2026-10-01 09:49:01.617,11770.0,0.0,-0.08488964346349745,-0.18470493852496261,0.08488964346349745,300,300.02,11640.0,-1.1884550084889642,-1.2871678406483062,0.5942275042444821,-1.1884550084889642,0.4937337704740181,-1.2871678406483062,COMPLETE,,BASE,,,,,,
2026-10-01 09:54:06.305,v2.3.3,20261001_036540_PRE_HISTORY_E002_094906296924,PRE_HISTORY,036540,SFA반도체,2026-10-01 09:49:06.296,11780.0,11791.779999999999,MAIN,MAIN,2026-10-01 09:49:05.705,2026-10-01 09:49:05.705,11780.0,2026-10-01 09:49:05.705,11780.0,0.0,0.0,False,,2026-10-01 09:49:01.617,11770.0,0.0,-0.08488964346349745,-0.18470493852496261,0.08488964346349745,300,300.008,11650.0,-1.1035653650254669,-1.2023630020234337,0.5942275042444821,-1.1884550084889642,0.4937337704740181,-1.2871678406483062,COMPLETE,,PRE_HISTORY,,,,,,
2026-10-01 09:55:54.803,v2.3.3,20261001_403870_BASE_E002_095054039268,BASE,403870,HPSP,2026-10-01 09:50:54.039,67000.0,67066.99999999999,MAIN,MAIN,2026-10-01 09:50:54.016,2026-10-01 09:50:54.016,67000.0,2026-10-01 09:50:54.016,67000.0,0.0,0.0,False,,2026-10-01 09:50:54.506,66950.0,0.490206,-0.0746268656716418,-0.17445241325836175,0.0746268656716418,300,300.764,66400.0,-0.8955223880597015,-0.9945278601994805,0.0,-1.1940298507462688,-0.09990009990007821,-1.2927371136326147,COMPLETE,,BASE,,,,,,
2026-10-01 09:57:30.205,v2.3.3,20261001_093370_PULLBACK_STRUCTURE_ENTRY_2026-10-01:093370:1_095705437668,PULLBACK_STRUCTURE_ENTRY,093370,후성,2026-10-01 09:57:00.139,15840.0,15810.0,MAIN,MAIN,2026-10-01 09:57:00.000,,,2026-10-01 09:57:00.000,15840.0,,,False,,2026-10-01 09:57:00.139,15840.0,0.139922,0.0,0.18975332068311196,0.0,30,30.066,15830.0,-0.06313131313131314,0.1265022137887413,0.06313131313131314,-0.25252525252525254,0.2530044275774826,-0.06325110689437065,COMPLETE,PULLBACK_V230,PULLBACK_STRUCTURE_ENTRY,신규/ON,pullback_structure_snapshot_v1,,,PULLBACK_63,
2026-10-01 09:57:30.902,v2.3.3,20261001_266690_PULLBACK_STRUCTURE_ENTRY_2026-10-01:266690:4_095706773262,PULLBACK_STRUCTURE_ENTRY,266690,덕산넵코어스,2026-10-01 09:57:00.324,18580.0,18570.0,MAIN,MAIN,2026-10-01 09:57:00.000,2026-10-01 09:31:23.066,19630.0,2026-10-01 09:57:00.000,18580.0,1536.933773,-5.348955680081513,False,,2026-10-01 09:57:00.423,18580.0,0.423012,0.0,0.053850296176628974,0.0,30,30.578,18570.0,-0.05382131324004305,0.0,0.05382131324004305,-0.6458557588805167,0.10770059235325795,-0.5923532579429186,COMPLETE,PULLBACK_V230,PULLBACK_STRUCTURE_ENTRY,신규/ON,pullback_structure_snapshot_v1,,,PULLBACK_63,
2026-10-01 09:58:00.303,v2.3.3,20261001_093370_PULLBACK_STRUCTURE_ENTRY_2026-10-01:093370:1_095705437668,PULLBACK_STRUCTURE_ENTRY,093370,후성,2026-10-01 09:57:00.139,15840.0,15810.0,MAIN,MAIN,2026-10-01 09:57:00.000,,,2026-10-01 09:57:00.000,15840.0,,,False,,2026-10-01 09:57:00.139,15840.0,0.139922,0.0,0.18975332068311196,0.0,60,60.163,15860.0,0.12626262626262627,0.31625553447185323,0.1893939393939394,-0.25252525252525254,0.3795066413662239,-0.06325110689437065,COMPLETE,PULLBACK_V230,PULLBACK_STRUCTURE_ENTRY,신규/ON,pullback_structure_snapshot_v1,,,PULLBACK_63,
2026-10-01 09:58:00.406,v2.3.3,20261001_266690_PULLBACK_STRUCTURE_ENTRY_2026-10-01:266690:4_095706773262,PULLBACK_STRUCTURE_ENTRY,266690,덕산넵코어스,2026-10-01 09:57:00.324,18580.0,18570.0,MAIN,MAIN,2026-10-01 09:57:00.000,2026-10-01 09:31:23.066,19630.0,2026-10-01 09:57:00.000,18580.0,1536.933773,-5.348955680081513,False,,2026-10-01 09:57:00.423,18580.0,0.423012,0.0,0.053850296176628974,0.0,60,60.082,18550.0,-0.16146393972012918,-0.10770059235325795,0.05382131324004305,-0.6458557588805167,0.10770059235325795,-0.5923532579429186,COMPLETE,PULLBACK_V230,PULLBACK_STRUCTURE_ENTRY,신규/ON,pullback_structure_snapshot_v1,,,PULLBACK_63,
2026-10-01 09:59:00.313,v2.3.3,20261001_093370_PULLBACK_STRUCTURE_ENTRY_2026-10-01:093370:1_095705437668,PULLBACK_STRUCTURE_ENTRY,093370,후성,2026-10-01 09:57:00.139,15840.0,15810.0,MAIN,MAIN,2026-10-01 09:57:00.000,,,2026-10-01 09:57:00.000,15840.0,,,False,,2026-10-01 09:57:00.139,15840.0,0.139922,0.0,0.18975332068311196,0.0,120,120.174,15790.0,-0.31565656565656564,-0.1265022137887413,0.1893939393939394,-0.5050505050505051,0.3795066413662239,-0.31625553447185323,COMPLETE,PULLBACK_V230,PULLBACK_STRUCTURE_ENTRY,신규/ON,pullback_structure_snapshot_v1,,,PULLBACK_63,
2026-10-01 09:59:00.704,v2.3.3,20261001_266690_PULLBACK_STRUCTURE_ENTRY_2026-10-01:266690:4_095706773262,PULLBACK_STRUCTURE_ENTRY,266690,덕산넵코어스,2026-10-01 09:57:00.324,18580.0,18570.0,MAIN,MAIN,2026-10-01 09:57:00.000,2026-10-01 09:31:23.066,19630.0,2026-10-01 09:57:00.000,18580.0,1536.933773,-5.348955680081513,False,,2026-10-01 09:57:00.423,18580.0,0.423012,0.0,0.053850296176628974,0.0,120,120.38,18330.0,-1.3455328310010763,-1.2924071082390953,0.05382131324004305,-1.3993541442411195,0.10770059235325795,-1.3462574044157243,COMPLETE,PULLBACK_V230,PULLBACK_STRUCTURE_ENTRY,신규/ON,pullback_structure_snapshot_v1,,,PULLBACK_63,
2026-10-01 10:00:00.203,v2.3.3,20261001_093370_PULLBACK_STRUCTURE_ENTRY_2026-10-01:093370:1_095705437668,PULLBACK_STRUCTURE_ENTRY,093370,후성,2026-10-01 09:57:00.139,15840.0,15810.0,MAIN,MAIN,2026-10-01 09:57:00.000,,,2026-10-01 09:57:00.000,15840.0,,,False,,2026-10-01 09:57:00.139,15840.0,0.139922,0.0,0.18975332068311196,0.0,180,180.063,15800.0,-0.25252525252525254,-0.06325110689437065,0.1893939393939394,-0.5050505050505051,0.3795066413662239,-0.31625553447185323,COMPLETE,PULLBACK_V230,PULLBACK_STRUCTURE_ENTRY,신규/ON,pullback_structure_snapshot_v1,,,PULLBACK_63,
2026-10-01 10:00:00.402,v2.3.3,20261001_266690_PULLBACK_STRUCTURE_ENTRY_2026-10-01:266690:4_095706773262,PULLBACK_STRUCTURE_ENTRY,266690,덕산넵코어스,2026-10-01 09:57:00.324,18580.0,18570.0,MAIN,MAIN,2026-10-01 09:57:00.000,2026-10-01 09:31:23.066,19630.0,2026-10-01 09:57:00.000,18580.0,1536.933773,-5.348955680081513,False,,2026-10-01 09:57:00.423,18580.0,0.423012,0.0,0.053850296176628974,0.0,180,180.079,18550.0,-0.16146393972012918,-0.10770059235325795,0.05382131324004305,-1.3993541442411195,0.10770059235325795,-1.3462574044157243,COMPLETE,PULLBACK_V230,PULLBACK_STRUCTURE_ENTRY,신규/ON,pullback_structure_snapshot_v1,,,PULLBACK_63,
2026-10-01 10:01:02.115,v2.3.3,20261001_403870_BASE_E003_100031924316,BASE,403870,HPSP,2026-10-01 10:00:31.924,66800.0,66866.79999999999,MAIN,MAIN,2026-10-01 10:00:31.740,2026-10-01 10:00:31.740,66800.0,2026-10-01 10:00:31.740,66800.0,0.0,0.0,False,,2026-10-01 10:00:29.819,66700.0,0.0,-0.14970059880239522,-0.2494511476547231,0.14970059880239522,30,30.191,66700.0,-0.14970059880239522,-0.2494511476547231,0.0,-0.14970059880239522,-0.09990009990008251,-0.2494511476547231,COMPLETE,,BASE,,,,,,
2026-10-01 10:01:32.104,v2.3.3,20261001_403870_BASE_E003_100031924316,BASE,403870,HPSP,2026-10-01 10:00:31.924,66800.0,66866.79999999999,MAIN,MAIN,2026-10-01 10:00:31.740,2026-10-01 10:00:31.740,66800.0,2026-10-01 10:00:31.740,66800.0,0.0,0.0,False,,2026-10-01 10:00:29.819,66700.0,0.0,-0.14970059880239522,-0.2494511476547231,0.14970059880239522,60,60.18,66700.0,-0.14970059880239522,-0.2494511476547231,0.0,-0.29940119760479045,-0.09990009990008251,-0.3990021954093637,COMPLETE,,BASE,,,,,,
2026-10-01 10:02:00.201,v2.3.3,20261001_093370_PULLBACK_STRUCTURE_ENTRY_2026-10-01:093370:1_095705437668,PULLBACK_STRUCTURE_ENTRY,093370,후성,2026-10-01 09:57:00.139,15840.0,15810.0,MAIN,MAIN,2026-10-01 09:57:00.000,,,2026-10-01 09:57:00.000,15840.0,,,False,,2026-10-01 09:57:00.139,15840.0,0.139922,0.0,0.18975332068311196,0.0,300,300.062,15750.0,-0.5681818181818182,-0.3795066413662239,0.1893939393939394,-1.3888888888888888,0.3795066413662239,-1.2017710309930425,COMPLETE,PULLBACK_V230,PULLBACK_STRUCTURE_ENTRY,신규/ON,pullback_structure_snapshot_v1,,,PULLBACK_63,
2026-10-01 10:02:00.403,v2.3.3,20261001_266690_PULLBACK_STRUCTURE_ENTRY_2026-10-01:266690:4_095706773262,PULLBACK_STRUCTURE_ENTRY,266690,덕산넵코어스,2026-10-01 09:57:00.324,18580.0,18570.0,MAIN,MAIN,2026-10-01 09:57:00.000,2026-10-01 09:31:23.066,19630.0,2026-10-01 09:57:00.000,18580.0,1536.933773,-5.348955680081513,False,,2026-10-01 09:57:00.423,18580.0,0.423012,0.0,0.053850296176628974,0.0,300,300.08,18520.0,-0.32292787944025836,-0.2692514808831448,0.1076426264800861,-1.3993541442411195,0.16155088852988692,-1.3462574044157243,COMPLETE,PULLBACK_V230,PULLBACK_STRUCTURE_ENTRY,신규/ON,pullback_structure_snapshot_v1,,,PULLBACK_63,
2026-10-01 10:02:30.102,v2.3.3,20261001_439960_PULLBACK_SNAPSHOT_DIRECT_2026-10-01:439960:5:30_100201123009,PULLBACK_SNAPSHOT_DIRECT,439960,코스모로보틱스,2026-10-01 10:02:00.101,9080.0,9090.0,MAIN,MAIN,2026-10-01 10:02:00.000,,,2026-10-01 10:02:00.000,9080.0,,,False,,2026-10-01 10:02:00.101,9080.0,0.101291,0.0,-0.11001100110011,0.0,30,30.001,9100.0,0.22026431718061676,0.11001100110011,0.22026431718061676,-0.7709251101321586,0.11001100110011,-0.88008800880088,COMPLETE,PULLBACK_V230,PULLBACK_SNAPSHOT_DIRECT,신규/ON,pullback_structure_snapshot_v1,,,PULLBACK_63,
2026-10-01 10:02:32.003,v2.3.3,20261001_403870_BASE_E003_100031924316,BASE,403870,HPSP,2026-10-01 10:00:31.924,66800.0,66866.79999999999,MAIN,MAIN,2026-10-01 10:00:31.740,2026-10-01 10:00:31.740,66800.0,2026-10-01 10:00:31.740,66800.0,0.0,0.0,False,,2026-10-01 10:00:29.819,66700.0,0.0,-0.14970059880239522,-0.2494511476547231,0.14970059880239522,120,120.079,66800.0,0.0,-0.09990009990008251,0.0,-0.29940119760479045,-0.09990009990008251,-0.3990021954093637,COMPLETE,,BASE,,,,,,
2026-10-01 10:03:00.176,v2.3.3,20261001_439960_PULLBACK_SNAPSHOT_DIRECT_2026-10-01:439960:5:30_100201123009,PULLBACK_SNAPSHOT_DIRECT,439960,코스모로보틱스,2026-10-01 10:02:00.101,9080.0,9090.0,MAIN,MAIN,2026-10-01 10:02:00.000,,,2026-10-01 10:02:00.000,9080.0,,,False,,2026-10-01 10:02:00.101,9080.0,0.101291,0.0,-0.11001100110011,0.0,60,60.075,9090.0,0.11013215859030838,0.0,0.6607929515418502,-0.7709251101321586,0.5500550055005501,-0.88008800880088,COMPLETE,PULLBACK_V230,PULLBACK_SNAPSHOT_DIRECT,신규/ON,pullback_structure_snapshot_v1,,,PULLBACK_63,
2026-10-01 10:03:30.200,v2.3.3,20261001_439960_PULLBACK_SNAPSHOT_RECLAIM_2026-10-01:439960:5:30_100305043861,PULLBACK_SNAPSHOT_RECLAIM,439960,코스모로보틱스,2026-10-01 10:03:00.176,9090.0,9090.0,MAIN,MAIN,2026-10-01 10:03:00.000,,,2026-10-01 10:03:00.000,9090.0,,,False,,2026-10-01 10:03:00.202,9090.0,0.202227,0.0,0.0,0.0,30,30.025,9050.0,-0.44004400440044,-0.44004400440044,0.9900990099009901,-0.5500550055005501,0.9900990099009901,-0.5500550055005501,COMPLETE,PULLBACK_V230,PULLBACK_SNAPSHOT_RECLAIM,신규/ON,pullback_structure_snapshot_v1,,,PULLBACK_63,
2026-10-01 10:03:32.111,v2.3.3,20261001_403870_BASE_E003_100031924316,BASE,403870,HPSP,2026-10-01 10:00:31.924,66800.0,66866.79999999999,MAIN,MAIN,2026-10-01 10:00:31.740,2026-10-01 10:00:31.740,66800.0,2026-10-01 10:00:31.740,66800.0,0.0,0.0,False,,2026-10-01 10:00:29.819,66700.0,0.0,-0.14970059880239522,-0.2494511476547231,0.14970059880239522,180,180.187,66900.0,0.14970059880239522,0.04965094785455809,0.14970059880239522,-0.29940119760479045,0.04965094785455809,-0.3990021954093637,COMPLETE,,BASE,,,,,,
2026-10-01 10:04:00.200,v2.3.3,20261001_439960_PULLBACK_SNAPSHOT_DIRECT_2026-10-01:439960:5:30_100201123009,PULLBACK_SNAPSHOT_DIRECT,439960,코스모로보틱스,2026-10-01 10:02:00.101,9080.0,9090.0,MAIN,MAIN,2026-10-01 10:02:00.000,,,2026-10-01 10:02:00.000,9080.0,,,False,,2026-10-01 10:02:00.101,9080.0,0.101291,0.0,-0.11001100110011,0.0,120,120.099,8990.0,-0.9911894273127754,-1.1001100110011002,1.1013215859030838,-0.9911894273127754,0.9900990099009901,-1.1001100110011002,COMPLETE,PULLBACK_V230,PULLBACK_SNAPSHOT_DIRECT,신규/ON,pullback_structure_snapshot_v1,,,PULLBACK_63,
2026-10-01 10:04:00.200,v2.3.3,20261001_439960_PULLBACK_SNAPSHOT_RECLAIM_2026-10-01:439960:5:30_100305043861,PULLBACK_SNAPSHOT_RECLAIM,439960,코스모로보틱스,2026-10-01 10:03:00.176,9090.0,9090.0,MAIN,MAIN,2026-10-01 10:03:00.000,,,2026-10-01 10:03:00.000,9090.0,,,False,,2026-10-01 10:03:00.202,9090.0,0.202227,0.0,0.0,0.0,60,60.025,8990.0,-1.1001100110011002,-1.1001100110011002,0.9900990099009901,-1.1001100110011002,0.9900990099009901,-1.1001100110011002,COMPLETE,PULLBACK_V230,PULLBACK_SNAPSHOT_RECLAIM,신규/ON,pullback_structure_snapshot_v1,,,PULLBACK_63,
2026-10-01 10:04:52.101,v2.3.3,20261001_403870_BASE_E006_100422082780,BASE,403870,HPSP,2026-10-01 10:04:22.082,67100.0,67167.09999999999,MAIN,MAIN,2026-10-01 10:04:22.072,2026-10-01 10:04:22.072,67100.0,2026-10-01 10:04:22.072,67100.0,0.0,0.0,False,,2026-10-01 10:04:22.301,67100.0,0.228468,0.0,-0.09990009990008691,0.0,30,30.019,67200.0,0.14903129657228018,0.04898231425803516,0.14903129657228018,-0.14903129657228018,0.04898231425803516,-0.24878251405820898,COMPLETE,,BASE,,,,,,
2026-10-01 10:04:52.799,v2.3.3,20261001_403870_PRE_HISTORY_E006_100422714548,PRE_HISTORY,403870,HPSP,2026-10-01 10:04:22.714,67100.0,67167.09999999999,MAIN,MAIN,2026-10-01 10:04:22.072,2026-10-01 10:04:22.072,67100.0,2026-10-01 10:04:22.072,67100.0,0.0,0.0,False,,2026-10-01 10:04:22.301,67100.0,0.228468,0.0,-0.09990009990008691,0.0,30,30.085,67100.0,0.0,-0.09990009990008691,0.14903129657228018,-0.14903129657228018,0.04898231425803516,-0.24878251405820898,COMPLETE,,PRE_HISTORY,,,,,,
2026-10-01 10:05:00.106,v2.3.3,20261001_439960_PULLBACK_SNAPSHOT_DIRECT_2026-10-01:439960:5:30_100201123009,PULLBACK_SNAPSHOT_DIRECT,439960,코스모로보틱스,2026-10-01 10:02:00.101,9080.0,9090.0,MAIN,MAIN,2026-10-01 10:02:00.000,,,2026-10-01 10:02:00.000,9080.0,,,False,,2026-10-01 10:02:00.101,9080.0,0.101291,0.0,-0.11001100110011,0.0,180,180.005,8920.0,-1.762114537444934,-1.87018701870187,1.1013215859030838,-1.762114537444934,0.9900990099009901,-1.87018701870187,COMPLETE,PULLBACK_V230,PULLBACK_SNAPSHOT_DIRECT,신규/ON,pullback_structure_snapshot_v1,,,PULLBACK_63,
2026-10-01 10:05:00.200,v2.3.3,20261001_439960_PULLBACK_SNAPSHOT_RECLAIM_2026-10-01:439960:5:30_100305043861,PULLBACK_SNAPSHOT_RECLAIM,439960,코스모로보틱스,2026-10-01 10:03:00.176,9090.0,9090.0,MAIN,MAIN,2026-10-01 10:03:00.000,,,2026-10-01 10:03:00.000,9090.0,,,False,,2026-10-01 10:03:00.202,9090.0,0.202227,0.0,0.0,0.0,120,120.024,8930.0,-1.76017601760176,-1.76017601760176,0.9900990099009901,-1.87018701870187,0.9900990099009901,-1.87018701870187,COMPLETE,PULLBACK_V230,PULLBACK_SNAPSHOT_RECLAIM,신규/ON,pullback_structure_snapshot_v1,,,PULLBACK_63,
2026-10-01 10:05:22.403,v2.3.3,20261001_403870_BASE_E006_100422082780,BASE,403870,HPSP,2026-10-01 10:04:22.082,67100.0,67167.09999999999,MAIN,MAIN,2026-10-01 10:04:22.072,2026-10-01 10:04:22.072,67100.0,2026-10-01 10:04:22.072,67100.0,0.0,0.0,False,,2026-10-01 10:04:22.301,67100.0,0.228468,0.0,-0.09990009990008691,0.0,60,60.32,67200.0,0.14903129657228018,0.04898231425803516,0.14903129657228018,-0.14903129657228018,0.04898231425803516,-0.24878251405820898,COMPLETE,,BASE,,,,,,
2026-10-01 10:05:22.999,v2.3.3,20261001_403870_PRE_HISTORY_E006_100422714548,PRE_HISTORY,403870,HPSP,2026-10-01 10:04:22.714,67100.0,67167.09999999999,MAIN,MAIN,2026-10-01 10:04:22.072,2026-10-01 10:04:22.072,67100.0,2026-10-01 10:04:22.072,67100.0,0.0,0.0,False,,2026-10-01 10:04:22.301,67100.0,0.228468,0.0,-0.09990009990008691,0.0,60,60.285,67200.0,0.14903129657228018,0.04898231425803516,0.14903129657228018,-0.14903129657228018,0.04898231425803516,-0.24878251405820898,COMPLETE,,PRE_HISTORY,,,,,,
2026-10-01 10:05:32.202,v2.3.3,20261001_403870_BASE_E003_100031924316,BASE,403870,HPSP,2026-10-01 10:00:31.924,66800.0,66866.79999999999,MAIN,MAIN,2026-10-01 10:00:31.740,2026-10-01 10:00:31.740,66800.0,2026-10-01 10:00:31.740,66800.0,0.0,0.0,False,,2026-10-01 10:00:29.819,66700.0,0.0,-0.14970059880239522,-0.2494511476547231,0.14970059880239522,300,300.278,67200.0,0.5988023952095809,0.4983040911184799,0.7485029940119761,-0.29940119760479045,0.6478551388731204,-0.3990021954093637,COMPLETE,,BASE,,,,,,
2026-10-01 10:06:00.300,v2.3.3,20261001_439960_PULLBACK_SNAPSHOT_RECLAIM_2026-10-01:439960:5:30_100305043861,PULLBACK_SNAPSHOT_RECLAIM,439960,코스모로보틱스,2026-10-01 10:03:00.176,9090.0,9090.0,MAIN,MAIN,2026-10-01 10:03:00.000,,,2026-10-01 10:03:00.000,9090.0,,,False,,2026-10-01 10:03:00.202,9090.0,0.202227,0.0,0.0,0.0,180,180.124,8900.0,-2.0902090209020905,-2.0902090209020905,0.9900990099009901,-2.6402640264026402,0.9900990099009901,-2.6402640264026402,COMPLETE,PULLBACK_V230,PULLBACK_SNAPSHOT_RECLAIM,신규/ON,pullback_structure_snapshot_v1,,,PULLBACK_63,
2026-10-01 10:06:22.099,v2.3.3,20261001_403870_BASE_E006_100422082780,BASE,403870,HPSP,2026-10-01 10:04:22.082,67100.0,67167.09999999999,MAIN,MAIN,2026-10-01 10:04:22.072,2026-10-01 10:04:22.072,67100.0,2026-10-01 10:04:22.072,67100.0,0.0,0.0,False,,2026-10-01 10:04:22.301,67100.0,0.228468,0.0,-0.09990009990008691,0.0,120,120.017,67300.0,0.29806259314456035,0.19786472841615724,0.44709388971684055,-0.14903129657228018,0.3467471425742793,-0.24878251405820898,COMPLETE,,BASE,,,,,,
2026-10-01 10:06:22.798,v2.3.3,20261001_403870_PRE_HISTORY_E006_100422714548,PRE_HISTORY,403870,HPSP,2026-10-01 10:04:22.714,67100.0,67167.09999999999,MAIN,MAIN,2026-10-01 10:04:22.072,2026-10-01 10:04:22.072,67100.0,2026-10-01 10:04:22.072,67100.0,0.0,0.0,False,,2026-10-01 10:04:22.301,67100.0,0.228468,0.0,-0.09990009990008691,0.0,120,120.084,67300.0,0.29806259314456035,0.19786472841615724,0.44709388971684055,-0.14903129657228018,0.3467471425742793,-0.24878251405820898,COMPLETE,,PRE_HISTORY,,,,,,
2026-10-01 10:07:00.301,v2.3.3,20261001_439960_PULLBACK_SNAPSHOT_DIRECT_2026-10-01:439960:5:30_100201123009,PULLBACK_SNAPSHOT_DIRECT,439960,코스모로보틱스,2026-10-01 10:02:00.101,9080.0,9090.0,MAIN,MAIN,2026-10-01 10:02:00.000,,,2026-10-01 10:02:00.000,9080.0,,,False,,2026-10-01 10:02:00.101,9080.0,0.101291,0.0,-0.11001100110011,0.0,300,300.201,8860.0,-2.4229074889867843,-2.5302530253025304,1.1013215859030838,-2.753303964757709,0.9900990099009901,-2.8602860286028604,COMPLETE,PULLBACK_V230,PULLBACK_SNAPSHOT_DIRECT,신규/ON,pullback_structure_snapshot_v1,,,PULLBACK_63,
2026-10-01 10:07:22.202,v2.3.3,20261001_403870_BASE_E006_100422082780,BASE,403870,HPSP,2026-10-01 10:04:22.082,67100.0,67167.09999999999,MAIN,MAIN,2026-10-01 10:04:22.072,2026-10-01 10:04:22.072,67100.0,2026-10-01 10:04:22.072,67100.0,0.0,0.0,False,,2026-10-01 10:04:22.301,67100.0,0.228468,0.0,-0.09990009990008691,0.0,180,180.119,66900.0,-0.29806259314456035,-0.39766492821633104,0.44709388971684055,-0.29806259314456035,0.3467471425742793,-0.39766492821633104,COMPLETE,,BASE,,,,,,
2026-10-01 10:07:22.799,v2.3.3,20261001_403870_PRE_HISTORY_E006_100422714548,PRE_HISTORY,403870,HPSP,2026-10-01 10:04:22.714,67100.0,67167.09999999999,MAIN,MAIN,2026-10-01 10:04:22.072,2026-10-01 10:04:22.072,67100.0,2026-10-01 10:04:22.072,67100.0,0.0,0.0,False,,2026-10-01 10:04:22.301,67100.0,0.228468,0.0,-0.09990009990008691,0.0,180,180.084,66900.0,-0.29806259314456035,-0.39766492821633104,0.44709388971684055,-0.29806259314456035,0.3467471425742793,-0.39766492821633104,COMPLETE,,PRE_HISTORY,,,,,,
2026-10-01 10:08:00.199,v2.3.3,20261001_439960_PULLBACK_SNAPSHOT_RECLAIM_2026-10-01:439960:5:30_100305043861,PULLBACK_SNAPSHOT_RECLAIM,439960,코스모로보틱스,2026-10-01 10:03:00.176,9090.0,9090.0,MAIN,MAIN,2026-10-01 10:03:00.000,,,2026-10-01 10:03:00.000,9090.0,,,False,,2026-10-01 10:03:00.202,9090.0,0.202227,0.0,0.0,0.0,300,300.023,8780.0,-3.4103410341034106,-3.4103410341034106,0.9900990099009901,-3.9603960396039604,0.9900990099009901,-3.9603960396039604,COMPLETE,PULLBACK_V230,PULLBACK_SNAPSHOT_RECLAIM,신규/ON,pullback_structure_snapshot_v1,,,PULLBACK_63,
2026-10-01 10:08:44.198,v2.3.3,20261001_012330_BASE_E003_100814006407,BASE,012330,현대모비스,2026-10-01 10:08:14.006,385000.0,385384.99999999994,MAIN,MAIN,2026-10-01 10:08:13.972,2026-10-01 10:08:13.972,385000.0,2026-10-01 10:08:13.972,385000.0,0.0,0.0,False,,2026-10-01 10:08:14.699,385000.0,0.726839,0.0,-0.0999000999000848,0.0,30,30.192,385000.0,0.0,-0.0999000999000848,0.12987012987012986,-0.12987012987012986,0.029840289580564432,-0.22964048938073403,COMPLETE,,BASE,,,,,,
2026-10-01 10:09:14.800,v2.3.3,20261001_012330_BASE_E003_100814006407,BASE,012330,현대모비스,2026-10-01 10:08:14.006,385000.0,385384.99999999994,MAIN,MAIN,2026-10-01 10:08:13.972,2026-10-01 10:08:13.972,385000.0,2026-10-01 10:08:13.972,385000.0,0.0,0.0,False,,2026-10-01 10:08:14.699,385000.0,0.726839,0.0,-0.0999000999000848,0.0,60,60.794,384000.0,-0.2597402597402597,-0.3593808788613833,0.12987012987012986,-0.2597402597402597,0.029840289580564432,-0.3593808788613833,COMPLETE,,BASE,,,,,,
2026-10-01 10:09:22.098,v2.3.3,20261001_403870_BASE_E006_100422082780,BASE,403870,HPSP,2026-10-01 10:04:22.082,67100.0,67167.09999999999,MAIN,MAIN,2026-10-01 10:04:22.072,2026-10-01 10:04:22.072,67100.0,2026-10-01 10:04:22.072,67100.0,0.0,0.0,False,,2026-10-01 10:04:22.301,67100.0,0.228468,0.0,-0.09990009990008691,0.0,300,300.016,66700.0,-0.5961251862891207,-0.6954297565325752,0.44709388971684055,-0.5961251862891207,0.3467471425742793,-0.6954297565325752,COMPLETE,,BASE,,,,,,
2026-10-01 10:09:22.798,v2.3.3,20261001_403870_PRE_HISTORY_E006_100422714548,PRE_HISTORY,403870,HPSP,2026-10-01 10:04:22.714,67100.0,67167.09999999999,MAIN,MAIN,2026-10-01 10:04:22.072,2026-10-01 10:04:22.072,67100.0,2026-10-01 10:04:22.072,67100.0,0.0,0.0,False,,2026-10-01 10:04:22.301,67100.0,0.228468,0.0,-0.09990009990008691,0.0,300,300.084,66800.0,-0.44709388971684055,-0.5465473423744532,0.44709388971684055,-0.5961251862891207,0.3467471425742793,-0.6954297565325752,COMPLETE,,PRE_HISTORY,,,,,,
2026-10-01 10:09:36.199,v2.3.3,20261001_012330_PULLBACK_STRUCTURE_ENTRY_2026-10-01:012330:2_100906099616,PULLBACK_STRUCTURE_ENTRY,012330,현대모비스,2026-10-01 10:09:06.098,384500.0,384500.0,MAIN,MAIN,2026-10-01 10:09:00.000,2026-10-01 10:08:13.972,385000.0,2026-10-01 10:09:00.000,384500.0,46.027727,-0.12987012987012436,False,,2026-10-01 10:09:08.900,384500.0,8.900428,0.0,0.0,0.0,30,30.101,384500.0,0.0,0.0,0.0,-0.13003901170351106,0.0,-0.13003901170351106,COMPLETE,PULLBACK_V230,PULLBACK_STRUCTURE_ENTRY,신규/ON,pullback_structure_snapshot_v1,,,PULLBACK_63,
2026-10-01 10:09:58.497,v2.3.3,20261001_080220_BASE_E001_100928492013,BASE,080220,제주반도체,2026-10-01 10:09:28.492,82800.0,82882.79999999999,MAIN,MAIN,2026-10-01 10:09:28.483,2026-10-01 10:09:28.483,82800.0,2026-10-01 10:09:28.483,82800.0,0.0,0.0,False,,2026-10-01 10:09:28.640,82800.0,0.157328,0.0,-0.09990009990008587,0.0,30,30.005,82400.0,-0.4830917874396135,-0.5825092781614382,0.12077294685990338,-0.7246376811594203,0.02075219466525219,-0.8238138672921144,COMPLETE,,BASE,,,,,,
2026-10-01 10:10:06.297,v2.3.3,20261001_012330_PULLBACK_STRUCTURE_ENTRY_2026-10-01:012330:2_100906099616,PULLBACK_STRUCTURE_ENTRY,012330,현대모비스,2026-10-01 10:09:06.098,384500.0,384500.0,MAIN,MAIN,2026-10-01 10:09:00.000,2026-10-01 10:08:13.972,385000.0,2026-10-01 10:09:00.000,384500.0,46.027727,-0.12987012987012436,False,,2026-10-01 10:09:08.900,384500.0,8.900428,0.0,0.0,0.0,60,60.199,384000.0,-0.13003901170351106,-0.13003901170351106,0.0,-0.3901170351105332,0.0,-0.3901170351105332,COMPLETE,PULLBACK_V230,PULLBACK_STRUCTURE_ENTRY,신규/ON,pullback_structure_snapshot_v1,,,PULLBACK_63,
2026-10-01 10:10:14.498,v2.3.3,20261001_012330_BASE_E003_100814006407,BASE,012330,현대모비스,2026-10-01 10:08:14.006,385000.0,385384.99999999994,MAIN,MAIN,2026-10-01 10:08:13.972,2026-10-01 10:08:13.972,385000.0,2026-10-01 10:08:13.972,385000.0,0.0,0.0,False,,2026-10-01 10:08:14.699,385000.0,0.726839,0.0,-0.0999000999000848,0.0,120,120.492,383000.0,-0.5194805194805194,-0.6188616578226818,0.12987012987012986,-0.5194805194805194,0.029840289580564432,-0.6188616578226818,COMPLETE,,BASE,,,,,,
2026-10-01 10:10:28.504,v2.3.3,20261001_080220_BASE_E001_100928492013,BASE,080220,제주반도체,2026-10-01 10:09:28.492,82800.0,82882.79999999999,MAIN,MAIN,2026-10-01 10:09:28.483,2026-10-01 10:09:28.483,82800.0,2026-10-01 10:09:28.483,82800.0,0.0,0.0,False,,2026-10-01 10:09:28.640,82800.0,0.157328,0.0,-0.09990009990008587,0.0,60,60.013,82100.0,-0.8454106280193237,-0.9444661618574524,0.12077294685990338,-0.966183574879227,0.02075219466525219,-1.0651184564227902,COMPLETE,,BASE,,,,,,
2026-10-01 10:11:06.198,v2.3.3,20261001_012330_PULLBACK_STRUCTURE_ENTRY_2026-10-01:012330:2_100906099616,PULLBACK_STRUCTURE_ENTRY,012330,현대모비스,2026-10-01 10:09:06.098,384500.0,384500.0,MAIN,MAIN,2026-10-01 10:09:00.000,2026-10-01 10:08:13.972,385000.0,2026-10-01 10:09:00.000,384500.0,46.027727,-0.12987012987012436,False,,2026-10-01 10:09:08.900,384500.0,8.900428,0.0,0.0,0.0,120,120.099,383500.0,-0.26007802340702213,-0.26007802340702213,0.0,-0.5201560468140443,0.0,-0.5201560468140443,COMPLETE,PULLBACK_V230,PULLBACK_STRUCTURE_ENTRY,신규/ON,pullback_structure_snapshot_v1,,,PULLBACK_63,
2026-10-01 10:11:14.697,v2.3.3,20261001_012330_BASE_E003_100814006407,BASE,012330,현대모비스,2026-10-01 10:08:14.006,385000.0,385384.99999999994,MAIN,MAIN,2026-10-01 10:08:13.972,2026-10-01 10:08:13.972,385000.0,2026-10-01 10:08:13.972,385000.0,0.0,0.0,False,,2026-10-01 10:08:14.699,385000.0,0.726839,0.0,-0.0999000999000848,0.0,180,180.691,383000.0,-0.5194805194805194,-0.6188616578226818,0.12987012987012986,-0.6493506493506493,0.029840289580564432,-0.748602047303331,COMPLETE,,BASE,,,,,,
2026-10-01 10:11:28.612,v2.3.3,20261001_080220_BASE_E001_100928492013,BASE,080220,제주반도체,2026-10-01 10:09:28.492,82800.0,82882.79999999999,MAIN,MAIN,2026-10-01 10:09:28.483,2026-10-01 10:09:28.483,82800.0,2026-10-01 10:09:28.483,82800.0,0.0,0.0,False,,2026-10-01 10:09:28.640,82800.0,0.157328,0.0,-0.09990009990008587,0.0,120,120.121,82400.0,-0.4830917874396135,-0.5825092781614382,0.12077294685990338,-0.966183574879227,0.02075219466525219,-1.0651184564227902,COMPLETE,,BASE,,,,,,
2026-10-01 10:11:31.998,v2.3.3,20261001_002710_PULLBACK_SNAPSHOT_DIRECT_2026-10-01:002710:9:30_101105005852,PULLBACK_SNAPSHOT_DIRECT,002710,TCC스틸,2026-10-01 10:11:01.796,14130.0,14130.0,MAIN,MAIN,2026-10-01 10:11:00.000,2026-10-01 09:01:21.903,15750.0,2026-10-01 10:11:00.000,14130.0,4178.096676,-10.285714285714286,False,,2026-10-01 10:11:03.214,14130.0,3.214698,0.0,0.0,0.0,30,30.202,14110.0,-0.14154281670205238,-0.14154281670205238,0.0,-0.14154281670205238,0.0,-0.14154281670205238,COMPLETE,PULLBACK_V230,PULLBACK_SNAPSHOT_DIRECT,신규/ON,pullback_structure_snapshot_v1,,,PULLBACK_63,
2026-10-01 10:12:01.897,v2.3.3,20261001_002710_PULLBACK_SNAPSHOT_DIRECT_2026-10-01:002710:9:30_101105005852,PULLBACK_SNAPSHOT_DIRECT,002710,TCC스틸,2026-10-01 10:11:01.796,14130.0,14130.0,MAIN,MAIN,2026-10-01 10:11:00.000,2026-10-01 09:01:21.903,15750.0,2026-10-01 10:11:00.000,14130.0,4178.096676,-10.285714285714286,False,,2026-10-01 10:11:03.214,14130.0,3.214698,0.0,0.0,0.0,60,60.101,14120.0,-0.07077140835102619,-0.07077140835102619,0.0,-0.14154281670205238,0.0,-0.14154281670205238,COMPLETE,PULLBACK_V230,PULLBACK_SNAPSHOT_DIRECT,신규/ON,pullback_structure_snapshot_v1,,,PULLBACK_63,
2026-10-01 10:12:09.197,v2.3.3,20261001_012330_PULLBACK_STRUCTURE_ENTRY_2026-10-01:012330:2_100906099616,PULLBACK_STRUCTURE_ENTRY,012330,현대모비스,2026-10-01 10:09:06.098,384500.0,384500.0,MAIN,MAIN,2026-10-01 10:09:00.000,2026-10-01 10:08:13.972,385000.0,2026-10-01 10:09:00.000,384500.0,46.027727,-0.12987012987012436,False,,2026-10-01 10:09:08.900,384500.0,8.900428,0.0,0.0,0.0,180,183.099,383500.0,-0.26007802340702213,-0.26007802340702213,0.0,-0.5201560468140443,0.0,-0.5201560468140443,COMPLETE,PULLBACK_V230,PULLBACK_STRUCTURE_ENTRY,신규/ON,pullback_structure_snapshot_v1,,,PULLBACK_63,
2026-10-01 10:12:28.496,v2.3.3,20261001_080220_BASE_E001_100928492013,BASE,080220,제주반도체,2026-10-01 10:09:28.492,82800.0,82882.79999999999,MAIN,MAIN,2026-10-01 10:09:28.483,2026-10-01 10:09:28.483,82800.0,2026-10-01 10:09:28.483,82800.0,0.0,0.0,False,,2026-10-01 10:09:28.640,82800.0,0.157328,0.0,-0.09990009990008587,0.0,180,180.004,82300.0,-0.6038647342995169,-0.7031615727267762,0.12077294685990338,-0.966183574879227,0.02075219466525219,-1.0651184564227902,COMPLETE,,BASE,,,,,,
2026-10-01 10:12:34.697,v2.3.3,20261001_002710_PULLBACK_SNAPSHOT_RECLAIM_2026-10-01:002710:9:30_101206625412,PULLBACK_SNAPSHOT_RECLAIM,002710,TCC스틸,2026-10-01 10:12:01.199,14120.0,14110.0,MAIN,MAIN,2026-10-01 10:12:00.000,2026-10-01 09:01:21.903,15750.0,2026-10-01 10:12:00.000,14120.0,4238.096676,-10.349206349206352,False,,2026-10-01 10:12:01.897,14120.0,1.897153,0.0,0.07087172218284904,0.0,30,33.498,14110.0,-0.0708215297450425,0.0,0.0,-0.2124645892351275,0.07087172218284904,-0.14174344436569808,COMPLETE,PULLBACK_V230,PULLBACK_SNAPSHOT_RECLAIM,신규/ON,pullback_structure_snapshot_v1,,,PULLBACK_63,
2026-10-01 10:13:01.205,v2.3.3,20261001_002710_PULLBACK_SNAPSHOT_RECLAIM_2026-10-01:002710:9:30_101206625412,PULLBACK_SNAPSHOT_RECLAIM,002710,TCC스틸,2026-10-01 10:12:01.199,14120.0,14110.0,MAIN,MAIN,2026-10-01 10:12:00.000,2026-10-01 09:01:21.903,15750.0,2026-10-01 10:12:00.000,14120.0,4238.096676,-10.349206349206352,False,,2026-10-01 10:12:01.897,14120.0,1.897153,0.0,0.07087172218284904,0.0,60,60.006,14080.0,-0.28328611898017,-0.21261516654854712,0.0,-0.3541076487252125,0.07087172218284904,-0.28348688873139616,COMPLETE,PULLBACK_V230,PULLBACK_SNAPSHOT_RECLAIM,신규/ON,pullback_structure_snapshot_v1,,,PULLBACK_63,
2026-10-01 10:13:02.298,v2.3.3,20261001_002710_PULLBACK_SNAPSHOT_DIRECT_2026-10-01:002710:9:30_101105005852,PULLBACK_SNAPSHOT_DIRECT,002710,TCC스틸,2026-10-01 10:11:01.796,14130.0,14130.0,MAIN,MAIN,2026-10-01 10:11:00.000,2026-10-01 09:01:21.903,15750.0,2026-10-01 10:11:00.000,14130.0,4178.096676,-10.285714285714286,False,,2026-10-01 10:11:03.214,14130.0,3.214698,0.0,0.0,0.0,120,120.502,14070.0,-0.42462845010615713,-0.42462845010615713,0.0,-0.42462845010615713,0.0,-0.42462845010615713,COMPLETE,PULLBACK_V230,PULLBACK_SNAPSHOT_DIRECT,신규/ON,pullback_structure_snapshot_v1,,,PULLBACK_63,
2026-10-01 10:13:14.095,v2.3.3,20261001_012330_BASE_E003_100814006407,BASE,012330,현대모비스,2026-10-01 10:08:14.006,385000.0,385384.99999999994,MAIN,MAIN,2026-10-01 10:08:13.972,2026-10-01 10:08:13.972,385000.0,2026-10-01 10:08:13.972,385000.0,0.0,0.0,False,,2026-10-01 10:08:14.699,385000.0,0.726839,0.0,-0.0999000999000848,0.0,300,300.089,384000.0,-0.2597402597402597,-0.3593808788613833,0.12987012987012986,-0.6493506493506493,0.029840289580564432,-0.748602047303331,COMPLETE,,BASE,,,,,,
2026-10-01 10:14:01.698,v2.3.3,20261001_002710_PULLBACK_SNAPSHOT_RECLAIM_2026-10-01:002710:9:30_101206625412,PULLBACK_SNAPSHOT_RECLAIM,002710,TCC스틸,2026-10-01 10:12:01.199,14120.0,14110.0,MAIN,MAIN,2026-10-01 10:12:00.000,2026-10-01 09:01:21.903,15750.0,2026-10-01 10:12:00.000,14120.0,4238.096676,-10.349206349206352,False,,2026-10-01 10:12:01.897,14120.0,1.897153,0.0,0.07087172218284904,0.0,120,120.499,14060.0,-0.424929178470255,-0.3543586109142452,0.0,-0.49575070821529743,0.07087172218284904,-0.42523033309709424,COMPLETE,PULLBACK_V230,PULLBACK_SNAPSHOT_RECLAIM,신규/ON,pullback_structure_snapshot_v1,,,PULLBACK_63,
2026-10-01 10:14:02.396,v2.3.3,20261001_002710_PULLBACK_SNAPSHOT_DIRECT_2026-10-01:002710:9:30_101105005852,PULLBACK_SNAPSHOT_DIRECT,002710,TCC스틸,2026-10-01 10:11:01.796,14130.0,14130.0,MAIN,MAIN,2026-10-01 10:11:00.000,2026-10-01 09:01:21.903,15750.0,2026-10-01 10:11:00.000,14130.0,4178.096676,-10.285714285714286,False,,2026-10-01 10:11:03.214,14130.0,3.214698,0.0,0.0,0.0,180,180.599,14060.0,-0.4953998584571833,-0.4953998584571833,0.0,-0.5661712668082095,0.0,-0.5661712668082095,COMPLETE,PULLBACK_V230,PULLBACK_SNAPSHOT_DIRECT,신규/ON,pullback_structure_snapshot_v1,,,PULLBACK_63,
2026-10-01 10:14:06.696,v2.3.3,20261001_012330_PULLBACK_STRUCTURE_ENTRY_2026-10-01:012330:2_100906099616,PULLBACK_STRUCTURE_ENTRY,012330,현대모비스,2026-10-01 10:09:06.098,384500.0,384500.0,MAIN,MAIN,2026-10-01 10:09:00.000,2026-10-01 10:08:13.972,385000.0,2026-10-01 10:09:00.000,384500.0,46.027727,-0.12987012987012436,False,,2026-10-01 10:09:08.900,384500.0,8.900428,0.0,0.0,0.0,300,300.598,383500.0,-0.26007802340702213,-0.26007802340702213,0.0,-0.5201560468140443,0.0,-0.5201560468140443,COMPLETE,PULLBACK_V230,PULLBACK_STRUCTURE_ENTRY,신규/ON,pullback_structure_snapshot_v1,,,PULLBACK_63,
2026-10-01 10:14:29.295,v2.3.3,20261001_080220_BASE_E001_100928492013,BASE,080220,제주반도체,2026-10-01 10:09:28.492,82800.0,82882.79999999999,MAIN,MAIN,2026-10-01 10:09:28.483,2026-10-01 10:09:28.483,82800.0,2026-10-01 10:09:28.483,82800.0,0.0,0.0,False,,2026-10-01 10:09:28.640,82800.0,0.157328,0.0,-0.09990009990008587,0.0,300,300.804,82200.0,-0.7246376811594203,-0.8238138672921144,0.12077294685990338,-0.966183574879227,0.02075219466525219,-1.0651184564227902,COMPLETE,,BASE,,,,,,
2026-10-01 10:15:02.295,v2.3.3,20261001_002710_PULLBACK_SNAPSHOT_RECLAIM_2026-10-01:002710:9:30_101206625412,PULLBACK_SNAPSHOT_RECLAIM,002710,TCC스틸,2026-10-01 10:12:01.199,14120.0,14110.0,MAIN,MAIN,2026-10-01 10:12:00.000,2026-10-01 09:01:21.903,15750.0,2026-10-01 10:12:00.000,14120.0,4238.096676,-10.349206349206352,False,,2026-10-01 10:12:01.897,14120.0,1.897153,0.0,0.07087172218284904,0.0,180,181.096,14090.0,-0.2124645892351275,-0.14174344436569808,0.0,-0.49575070821529743,0.07087172218284904,-0.42523033309709424,COMPLETE,PULLBACK_V230,PULLBACK_SNAPSHOT_RECLAIM,신규/ON,pullback_structure_snapshot_v1,,,PULLBACK_63,
2026-10-01 10:16:03.195,v2.3.3,20261001_002710_PULLBACK_SNAPSHOT_DIRECT_2026-10-01:002710:9:30_101105005852,PULLBACK_SNAPSHOT_DIRECT,002710,TCC스틸,2026-10-01 10:11:01.796,14130.0,14130.0,MAIN,MAIN,2026-10-01 10:11:00.000,2026-10-01 09:01:21.903,15750.0,2026-10-01 10:11:00.000,14130.0,4178.096676,-10.285714285714286,False,,2026-10-01 10:11:03.214,14130.0,3.214698,0.0,0.0,0.0,300,301.399,14100.0,-0.21231422505307856,-0.21231422505307856,0.0,-0.5661712668082095,0.0,-0.5661712668082095,COMPLETE,PULLBACK_V230,PULLBACK_SNAPSHOT_DIRECT,신규/ON,pullback_structure_snapshot_v1,,,PULLBACK_63,
2026-10-01 10:17:03.207,v2.3.3,20261001_002710_PULLBACK_SNAPSHOT_RECLAIM_2026-10-01:002710:9:30_101206625412,PULLBACK_SNAPSHOT_RECLAIM,002710,TCC스틸,2026-10-01 10:12:01.199,14120.0,14110.0,MAIN,MAIN,2026-10-01 10:12:00.000,2026-10-01 09:01:21.903,15750.0,2026-10-01 10:12:00.000,14120.0,4238.096676,-10.349206349206352,False,,2026-10-01 10:12:01.897,14120.0,1.897153,0.0,0.07087172218284904,0.0,300,302.008,14090.0,-0.2124645892351275,-0.14174344436569808,0.0,-0.49575070821529743,0.07087172218284904,-0.42523033309709424,COMPLETE,PULLBACK_V230,PULLBACK_SNAPSHOT_RECLAIM,신규/ON,pullback_structure_snapshot_v1,,,PULLBACK_63,
2026-10-01 10:18:31.197,v2.3.3,20261001_240810_PULLBACK_STRUCTURE_ENTRY_2026-10-01:240810:2_101808271360,PULLBACK_STRUCTURE_ENTRY,240810,원익IPS,2026-10-01 10:18:01.192,136900.0,136900.0,MAIN,MAIN,2026-10-01 10:18:00.000,,,2026-10-01 10:18:00.000,136900.0,,,False,,2026-10-01 10:18:01.192,136900.0,1.192261,0.0,0.0,0.0,30,30.005,137200.0,0.2191380569758948,0.2191380569758948,0.2921840759678598,-0.1460920379839299,0.2921840759678598,-0.1460920379839299,COMPLETE,PULLBACK_V230,PULLBACK_STRUCTURE_ENTRY,신규/ON,pullback_structure_snapshot_v1,,,PULLBACK_63,
2026-10-01 10:18:32.094,v2.3.3,20261001_012330_PULLBACK_SNAPSHOT_DIRECT_2026-10-01:012330:2:60_101809589921,PULLBACK_SNAPSHOT_DIRECT,012330,현대모비스,2026-10-01 10:18:01.192,384000.0,384000.0,MAIN,MAIN,2026-10-01 10:18:00.000,2026-10-01 10:08:13.972,385000.0,2026-10-01 10:18:00.000,384000.0,586.027727,-0.2597402597402598,False,,2026-10-01 10:18:02.507,383500.0,2.507443,-0.13020833333333331,-0.13020833333333331,0.13020833333333331,30,30.902,383500.0,-0.13020833333333331,-0.13020833333333331,0.0,-0.13020833333333331,0.0,-0.13020833333333331,COMPLETE,PULLBACK_V230,PULLBACK_SNAPSHOT_DIRECT,신규/ON,pullback_structure_snapshot_v1,,,PULLBACK_63,
2026-10-01 10:19:02.133,v2.3.3,20261001_240810_PULLBACK_STRUCTURE_ENTRY_2026-10-01:240810:2_101808271360,PULLBACK_STRUCTURE_ENTRY,240810,원익IPS,2026-10-01 10:18:01.192,136900.0,136900.0,MAIN,MAIN,2026-10-01 10:18:00.000,,,2026-10-01 10:18:00.000,136900.0,,,False,,2026-10-01 10:18:01.192,136900.0,1.192261,0.0,0.0,0.0,60,60.941,137500.0,0.4382761139517896,0.4382761139517896,0.5843681519357196,-0.1460920379839299,0.5843681519357196,-0.1460920379839299,COMPLETE,PULLBACK_V230,PULLBACK_STRUCTURE_ENTRY,신규/ON,pullback_structure_snapshot_v1,,,PULLBACK_63,
2026-10-01 10:19:03.912,v2.3.3,20261001_012330_PULLBACK_SNAPSHOT_DIRECT_2026-10-01:012330:2:60_101809589921,PULLBACK_SNAPSHOT_DIRECT,012330,현대모비스,2026-10-01 10:18:01.192,384000.0,384000.0,MAIN,MAIN,2026-10-01 10:18:00.000,2026-10-01 10:08:13.972,385000.0,2026-10-01 10:18:00.000,384000.0,586.027727,-0.2597402597402598,False,,2026-10-01 10:18:02.507,383500.0,2.507443,-0.13020833333333331,-0.13020833333333331,0.13020833333333331,60,62.72,383000.0,-0.26041666666666663,-0.26041666666666663,0.0,-0.26041666666666663,0.0,-0.26041666666666663,COMPLETE,PULLBACK_V230,PULLBACK_SNAPSHOT_DIRECT,신규/ON,pullback_structure_snapshot_v1,,,PULLBACK_63,
2026-10-01 10:19:30.310,v2.3.3,20261001_266690_PULLBACK_SNAPSHOT_DIRECT_2026-10-01:266690:4:30_101908803787,PULLBACK_SNAPSHOT_DIRECT,266690,덕산넵코어스,2026-10-01 10:19:00.294,18600.0,18590.0,MAIN,MAIN,2026-10-01 10:19:00.000,2026-10-01 09:31:23.066,19630.0,2026-10-01 10:19:00.000,18600.0,2856.933773,-5.247070809984722,False,,2026-10-01 10:19:00.395,18600.0,0.395242,0.0,0.05379236148466917,0.0,30,30.016,18780.0,0.967741935483871,1.0220548682087143,1.1021505376344085,-0.053763440860215055,1.1565357719203873,0.0,COMPLETE,PULLBACK_V230,PULLBACK_SNAPSHOT_DIRECT,신규/ON,pullback_structure_snapshot_v1,,,PULLBACK_63,
2026-10-01 10:19:31.497,v2.3.3,20261001_012330_PULLBACK_SNAPSHOT_RECLAIM_2026-10-01:012330:2:60_101911798113,PULLBACK_SNAPSHOT_RECLAIM,012330,현대모비스,2026-10-01 10:19:00.396,383000.0,383250.0,MAIN,MAIN,2026-10-01 10:19:00.000,2026-10-01 10:08:13.972,385000.0,2026-10-01 10:19:00.000,383000.0,646.027727,-0.5194805194805197,False,,2026-10-01 10:19:00.396,383000.0,0.396242,0.0,-0.06523157208088715,0.0,30,31.101,382000.0,-0.26109660574412535,-0.32615786040443573,0.13054830287206268,-0.26109660574412535,0.06523157208088715,-0.32615786040443573,COMPLETE,PULLBACK_V230,PULLBACK_SNAPSHOT_RECLAIM,신규/ON,pullback_structure_snapshot_v1,,,PULLBACK_63,
2026-10-01 10:20:00.307,v2.3.3,20261001_266690_PULLBACK_SNAPSHOT_DIRECT_2026-10-01:266690:4:30_101908803787,PULLBACK_SNAPSHOT_DIRECT,266690,덕산넵코어스,2026-10-01 10:19:00.294,18600.0,18590.0,MAIN,MAIN,2026-10-01 10:19:00.000,2026-10-01 09:31:23.066,19630.0,2026-10-01 10:19:00.000,18600.0,2856.933773,-5.247070809984722,False,,2026-10-01 10:19:00.395,18600.0,0.395242,0.0,0.05379236148466917,0.0,60,60.012,18770.0,0.913978494623656,0.9682625067240451,1.5053763440860215,-0.053763440860215055,1.5599784830554062,0.0,COMPLETE,PULLBACK_V230,PULLBACK_SNAPSHOT_DIRECT,신규/ON,pullback_structure_snapshot_v1,,,PULLBACK_63,
2026-10-01 10:20:01.193,v2.3.3,20261001_240810_PULLBACK_STRUCTURE_ENTRY_2026-10-01:240810:2_101808271360,PULLBACK_STRUCTURE_ENTRY,240810,원익IPS,2026-10-01 10:18:01.192,136900.0,136900.0,MAIN,MAIN,2026-10-01 10:18:00.000,,,2026-10-01 10:18:00.000,136900.0,,,False,,2026-10-01 10:18:01.192,136900.0,1.192261,0.0,0.0,0.0,120,120.001,137700.0,0.5843681519357196,0.5843681519357196,0.5843681519357196,-0.1460920379839299,0.5843681519357196,-0.1460920379839299,COMPLETE,PULLBACK_V230,PULLBACK_STRUCTURE_ENTRY,신규/ON,pullback_structure_snapshot_v1,,,PULLBACK_63,
2026-10-01 10:20:04.327,v2.3.3,20261001_012330_PULLBACK_SNAPSHOT_DIRECT_2026-10-01:012330:2:60_101809589921,PULLBACK_SNAPSHOT_DIRECT,012330,현대모비스,2026-10-01 10:18:01.192,384000.0,384000.0,MAIN,MAIN,2026-10-01 10:18:00.000,2026-10-01 10:08:13.972,385000.0,2026-10-01 10:18:00.000,384000.0,586.027727,-0.2597402597402598,False,,2026-10-01 10:18:02.507,383500.0,2.507443,-0.13020833333333331,-0.13020833333333331,0.13020833333333331,120,123.135,382000.0,-0.5208333333333333,-0.5208333333333333,0.0,-0.6510416666666667,0.0,-0.6510416666666667,COMPLETE,PULLBACK_V230,PULLBACK_SNAPSHOT_DIRECT,신규/ON,pullback_structure_snapshot_v1,,,PULLBACK_63,
2026-10-01 10:20:04.327,v2.3.3,20261001_012330_PULLBACK_SNAPSHOT_RECLAIM_2026-10-01:012330:2:60_101911798113,PULLBACK_SNAPSHOT_RECLAIM,012330,현대모비스,2026-10-01 10:19:00.396,383000.0,383250.0,MAIN,MAIN,2026-10-01 10:19:00.000,2026-10-01 10:08:13.972,385000.0,2026-10-01 10:19:00.000,383000.0,646.027727,-0.5194805194805197,False,,2026-10-01 10:19:00.396,383000.0,0.396242,0.0,-0.06523157208088715,0.0,60,63.931,382000.0,-0.26109660574412535,-0.32615786040443573,0.13054830287206268,-0.39164490861618795,0.06523157208088715,-0.45662100456621,COMPLETE,PULLBACK_V230,PULLBACK_SNAPSHOT_RECLAIM,신규/ON,pullback_structure_snapshot_v1,,,PULLBACK_63,
2026-10-01 10:20:30.395,v2.3.3,20261001_266690_PULLBACK_SNAPSHOT_RECLAIM_2026-10-01:266690:4:30_102005446965,PULLBACK_SNAPSHOT_RECLAIM,266690,덕산넵코어스,2026-10-01 10:20:00.307,18770.0,18770.0,MAIN,MAIN,2026-10-01 10:20:00.000,2026-10-01 09:31:23.066,19630.0,2026-10-01 10:20:00.000,18770.0,2916.933773,-4.381049414161997,False,,2026-10-01 10:20:00.422,18780.0,0.422928,0.05327650506126798,0.05327650506126798,0.05327650506126798,30,30.088,18770.0,0.0,0.0,0.05327650506126798,-0.5327650506126799,0.05327650506126798,-0.5327650506126799,COMPLETE,PULLBACK_V230,PULLBACK_SNAPSHOT_RECLAIM,신규/ON,pullback_structure_snapshot_v1,,,PULLBACK_63,
2026-10-01 10:20:30.993,v2.3.3,20261001_490470_PULLBACK_SNAPSHOT_DIRECT_2026-10-01:490470:2:60_102008683963,PULLBACK_SNAPSHOT_DIRECT,490470,세미파이브,2026-10-01 10:20:00.706,21100.0,21100.0,MAIN,MAIN,2026-10-01 10:20:00.000,,,2026-10-01 10:20:00.000,21100.0,,,False,,2026-10-01 10:20:00.907,21100.0,0.907629,0.0,0.0,0.0,30,30.287,21050.0,-0.23696682464454977,-0.23696682464454977,0.0,-0.47393364928909953,0.0,-0.47393364928909953,COMPLETE,PULLBACK_V230,PULLBACK_SNAPSHOT_DIRECT,신규/ON,pullback_structure_snapshot_v1,,,PULLBACK_63,
2026-10-01 10:21:00.797,v2.3.3,20261001_266690_PULLBACK_SNAPSHOT_DIRECT_2026-10-01:266690:4:30_101908803787,PULLBACK_SNAPSHOT_DIRECT,266690,덕산넵코어스,2026-10-01 10:19:00.294,18600.0,18590.0,MAIN,MAIN,2026-10-01 10:19:00.000,2026-10-01 09:31:23.066,19630.0,2026-10-01 10:19:00.000,18600.0,2856.933773,-5.247070809984722,False,,2026-10-01 10:19:00.395,18600.0,0.395242,0.0,0.05379236148466917,0.0,120,120.502,18770.0,0.913978494623656,0.9682625067240451,1.5053763440860215,-0.053763440860215055,1.5599784830554062,0.0,COMPLETE,PULLBACK_V230,PULLBACK_SNAPSHOT_DIRECT,신규/ON,pullback_structure_snapshot_v1,,,PULLBACK_63,
2026-10-01 10:21:00.797,v2.3.3,20261001_266690_PULLBACK_SNAPSHOT_RECLAIM_2026-10-01:266690:4:30_102005446965,PULLBACK_SNAPSHOT_RECLAIM,266690,덕산넵코어스,2026-10-01 10:20:00.307,18770.0,18770.0,MAIN,MAIN,2026-10-01 10:20:00.000,2026-10-01 09:31:23.066,19630.0,2026-10-01 10:20:00.000,18770.0,2916.933773,-4.381049414161997,False,,2026-10-01 10:20:00.422,18780.0,0.422928,0.05327650506126798,0.05327650506126798,0.05327650506126798,60,60.49,18770.0,0.0,0.0,0.47948854555141185,-0.5327650506126799,0.47948854555141185,-0.5327650506126799,COMPLETE,PULLBACK_V230,PULLBACK_SNAPSHOT_RECLAIM,신규/ON,pullback_structure_snapshot_v1,,,PULLBACK_63,
2026-10-01 10:21:00.797,v2.3.3,20261001_490470_PULLBACK_SNAPSHOT_DIRECT_2026-10-01:490470:2:60_102008683963,PULLBACK_SNAPSHOT_DIRECT,490470,세미파이브,2026-10-01 10:20:00.706,21100.0,21100.0,MAIN,MAIN,2026-10-01 10:20:00.000,,,2026-10-01 10:20:00.000,21100.0,,,False,,2026-10-01 10:20:00.907,21100.0,0.907629,0.0,0.0,0.0,60,60.091,20850.0,-1.1848341232227488,-1.1848341232227488,0.0,-1.1848341232227488,0.0,-1.1848341232227488,COMPLETE,PULLBACK_V230,PULLBACK_SNAPSHOT_DIRECT,신규/ON,pullback_structure_snapshot_v1,,,PULLBACK_63,
2026-10-01 10:21:01.298,v2.3.3,20261001_240810_PULLBACK_STRUCTURE_ENTRY_2026-10-01:240810:2_101808271360,PULLBACK_STRUCTURE_ENTRY,240810,원익IPS,2026-10-01 10:18:01.192,136900.0,136900.0,MAIN,MAIN,2026-10-01 10:18:00.000,,,2026-10-01 10:18:00.000,136900.0,,,False,,2026-10-01 10:18:01.192,136900.0,1.192261,0.0,0.0,0.0,180,180.106,137800.0,0.6574141709276844,0.6574141709276844,0.6574141709276844,-0.1460920379839299,0.6574141709276844,-0.1460920379839299,COMPLETE,PULLBACK_V230,PULLBACK_STRUCTURE_ENTRY,신규/ON,pullback_structure_snapshot_v1,,,PULLBACK_63,
2026-10-01 10:21:01.992,v2.3.3,20261001_012330_PULLBACK_SNAPSHOT_DIRECT_2026-10-01:012330:2:60_101809589921,PULLBACK_SNAPSHOT_DIRECT,012330,현대모비스,2026-10-01 10:18:01.192,384000.0,384000.0,MAIN,MAIN,2026-10-01 10:18:00.000,2026-10-01 10:08:13.972,385000.0,2026-10-01 10:18:00.000,384000.0,586.027727,-0.2597402597402598,False,,2026-10-01 10:18:02.507,383500.0,2.507443,-0.13020833333333331,-0.13020833333333331,0.13020833333333331,180,180.8,381500.0,-0.6510416666666667,-0.6510416666666667,0.0,-0.78125,0.0,-0.78125,COMPLETE,PULLBACK_V230,PULLBACK_SNAPSHOT_DIRECT,신규/ON,pullback_structure_snapshot_v1,,,PULLBACK_63,
2026-10-01 10:21:01.992,v2.3.3,20261001_012330_PULLBACK_SNAPSHOT_RECLAIM_2026-10-01:012330:2:60_101911798113,PULLBACK_SNAPSHOT_RECLAIM,012330,현대모비스,2026-10-01 10:19:00.396,383000.0,383250.0,MAIN,MAIN,2026-10-01 10:19:00.000,2026-10-01 10:08:13.972,385000.0,2026-10-01 10:19:00.000,383000.0,646.027727,-0.5194805194805197,False,,2026-10-01 10:19:00.396,383000.0,0.396242,0.0,-0.06523157208088715,0.0,120,121.596,381500.0,-0.39164490861618795,-0.45662100456621,0.13054830287206268,-0.5221932114882507,0.06523157208088715,-0.5870841487279843,COMPLETE,PULLBACK_V230,PULLBACK_SNAPSHOT_RECLAIM,신규/ON,pullback_structure_snapshot_v1,,,PULLBACK_63,
2026-10-01 10:21:30.592,v2.3.3,20261001_490470_PULLBACK_SNAPSHOT_RECLAIM_2026-10-01:490470:2:60_102103657818,PULLBACK_SNAPSHOT_RECLAIM,490470,세미파이브,2026-10-01 10:21:00.495,20850.0,20850.0,MAIN,MAIN,2026-10-01 10:21:00.000,,,2026-10-01 10:21:00.000,20850.0,,,False,,2026-10-01 10:21:00.598,20900.0,0.59861,0.2398081534772182,0.2398081534772182,0.2398081534772182,30,30.098,20800.0,-0.2398081534772182,-0.2398081534772182,0.2398081534772182,-0.2398081534772182,0.2398081534772182,-0.2398081534772182,COMPLETE,PULLBACK_V230,PULLBACK_SNAPSHOT_RECLAIM,신규/ON,pullback_structure_snapshot_v1,,,PULLBACK_63,
2026-10-01 10:22:00.403,v2.3.3,20261001_266690_PULLBACK_SNAPSHOT_DIRECT_2026-10-01:266690:4:30_101908803787,PULLBACK_SNAPSHOT_DIRECT,266690,덕산넵코어스,2026-10-01 10:19:00.294,18600.0,18590.0,MAIN,MAIN,2026-10-01 10:19:00.000,2026-10-01 09:31:23.066,19630.0,2026-10-01 10:19:00.000,18600.0,2856.933773,-5.247070809984722,False,,2026-10-01 10:19:00.395,18600.0,0.395242,0.0,0.05379236148466917,0.0,180,180.108,18600.0,0.0,0.05379236148466917,1.5053763440860215,-0.3763440860215054,1.5599784830554062,-0.32275416890801506,COMPLETE,PULLBACK_V230,PULLBACK_SNAPSHOT_DIRECT,신규/ON,pullback_structure_snapshot_v1,,,PULLBACK_63,
2026-10-01 10:22:00.403,v2.3.3,20261001_266690_PULLBACK_SNAPSHOT_RECLAIM_2026-10-01:266690:4:30_102005446965,PULLBACK_SNAPSHOT_RECLAIM,266690,덕산넵코어스,2026-10-01 10:20:00.307,18770.0,18770.0,MAIN,MAIN,2026-10-01 10:20:00.000,2026-10-01 09:31:23.066,19630.0,2026-10-01 10:20:00.000,18770.0,2916.933773,-4.381049414161997,False,,2026-10-01 10:20:00.422,18780.0,0.422928,0.05327650506126798,0.05327650506126798,0.05327650506126798,120,120.096,18600.0,-0.9057005860415557,-0.9057005860415557,0.47948854555141185,-1.2786361214704314,0.47948854555141185,-1.2786361214704314,COMPLETE,PULLBACK_V230,PULLBACK_SNAPSHOT_RECLAIM,신규/ON,pullback_structure_snapshot_v1,,,PULLBACK_63,
2026-10-01 10:22:00.501,v2.3.3,20261001_490470_PULLBACK_SNAPSHOT_RECLAIM_2026-10-01:490470:2:60_102103657818,PULLBACK_SNAPSHOT_RECLAIM,490470,세미파이브,2026-10-01 10:21:00.495,20850.0,20850.0,MAIN,MAIN,2026-10-01 10:21:00.000,,,2026-10-01 10:21:00.000,20850.0,,,False,,2026-10-01 10:21:00.598,20900.0,0.59861,0.2398081534772182,0.2398081534772182,0.2398081534772182,60,60.006,20525.0,-1.5587529976019185,-1.5587529976019185,0.2398081534772182,-1.6786570743405276,0.2398081534772182,-1.6786570743405276,COMPLETE,PULLBACK_V230,PULLBACK_SNAPSHOT_RECLAIM,신규/ON,pullback_structure_snapshot_v1,,,PULLBACK_63,
2026-10-01 10:22:00.699,v2.3.3,20261001_012330_PULLBACK_SNAPSHOT_RECLAIM_2026-10-01:012330:2:60_101911798113,PULLBACK_SNAPSHOT_RECLAIM,012330,현대모비스,2026-10-01 10:19:00.396,383000.0,383250.0,MAIN,MAIN,2026-10-01 10:19:00.000,2026-10-01 10:08:13.972,385000.0,2026-10-01 10:19:00.000,383000.0,646.027727,-0.5194805194805197,False,,2026-10-01 10:19:00.396,383000.0,0.396242,0.0,-0.06523157208088715,0.0,180,180.303,380500.0,-0.6527415143603132,-0.7175472928897586,0.13054830287206268,-0.6527415143603132,0.06523157208088715,-0.7175472928897586,COMPLETE,PULLBACK_V230,PULLBACK_SNAPSHOT_RECLAIM,신규/ON,pullback_structure_snapshot_v1,,,PULLBACK_63,
2026-10-01 10:22:00.831,v2.3.3,20261001_490470_PULLBACK_SNAPSHOT_DIRECT_2026-10-01:490470:2:60_102008683963,PULLBACK_SNAPSHOT_DIRECT,490470,세미파이브,2026-10-01 10:20:00.706,21100.0,21100.0,MAIN,MAIN,2026-10-01 10:20:00.000,,,2026-10-01 10:20:00.000,21100.0,,,False,,2026-10-01 10:20:00.907,21100.0,0.907629,0.0,0.0,0.0,120,120.125,20525.0,-2.7251184834123223,-2.7251184834123223,0.0,-2.843601895734597,0.0,-2.843601895734597,COMPLETE,PULLBACK_V230,PULLBACK_SNAPSHOT_DIRECT,신규/ON,pullback_structure_snapshot_v1,,,PULLBACK_63,
2026-10-01 10:22:30.491,v2.3.3,20261001_036540_PULLBACK_STRUCTURE_ENTRY_2026-10-01:036540:2_102205959552,PULLBACK_STRUCTURE_ENTRY,036540,SFA반도체,2026-10-01 10:22:00.293,11650.0,11650.0,MAIN,MAIN,2026-10-01 10:22:00.000,,,2026-10-01 10:22:00.000,11650.0,,,False,,2026-10-01 10:22:00.501,11660.0,0.501479,0.08583690987124463,0.08583690987124463,0.08583690987124463,30,30.198,11680.0,0.2575107296137339,0.2575107296137339,0.2575107296137339,0.0,0.2575107296137339,0.0,COMPLETE,PULLBACK_V230,PULLBACK_STRUCTURE_ENTRY,신규/ON,pullback_structure_snapshot_v1,,,PULLBACK_63,
2026-10-01 10:23:00.493,v2.3.3,20261001_036540_PULLBACK_STRUCTURE_ENTRY_2026-10-01:036540:2_102205959552,PULLBACK_STRUCTURE_ENTRY,036540,SFA반도체,2026-10-01 10:22:00.293,11650.0,11650.0,MAIN,MAIN,2026-10-01 10:22:00.000,,,2026-10-01 10:22:00.000,11650.0,,,False,,2026-10-01 10:22:00.501,11660.0,0.501479,0.08583690987124463,0.08583690987124463,0.08583690987124463,60,60.2,11690.0,0.34334763948497854,0.34334763948497854,0.4291845493562232,0.0,0.4291845493562232,0.0,COMPLETE,PULLBACK_V230,PULLBACK_STRUCTURE_ENTRY,신규/ON,pullback_structure_snapshot_v1,,,PULLBACK_63,
2026-10-01 10:23:00.493,v2.3.3,20261001_266690_PULLBACK_SNAPSHOT_RECLAIM_2026-10-01:266690:4:30_102005446965,PULLBACK_SNAPSHOT_RECLAIM,266690,덕산넵코어스,2026-10-01 10:20:00.307,18770.0,18770.0,MAIN,MAIN,2026-10-01 10:20:00.000,2026-10-01 09:31:23.066,19630.0,2026-10-01 10:20:00.000,18770.0,2916.933773,-4.381049414161997,False,,2026-10-01 10:20:00.422,18780.0,0.422928,0.05327650506126798,0.05327650506126798,0.05327650506126798,180,180.186,18750.0,-0.10655301012253596,-0.10655301012253596,0.5327650506126799,-1.2786361214704314,0.5327650506126799,-1.2786361214704314,COMPLETE,PULLBACK_V230,PULLBACK_SNAPSHOT_RECLAIM,신규/ON,pullback_structure_snapshot_v1,,,PULLBACK_63,
2026-10-01 10:23:00.693,v2.3.3,20261001_490470_PULLBACK_SNAPSHOT_RECLAIM_2026-10-01:490470:2:60_102103657818,PULLBACK_SNAPSHOT_RECLAIM,490470,세미파이브,2026-10-01 10:21:00.495,20850.0,20850.0,MAIN,MAIN,2026-10-01 10:21:00.000,,,2026-10-01 10:21:00.000,20850.0,,,False,,2026-10-01 10:21:00.598,20900.0,0.59861,0.2398081534772182,0.2398081534772182,0.2398081534772182,120,120.198,20600.0,-1.1990407673860912,-1.1990407673860912,0.2398081534772182,-1.6786570743405276,0.2398081534772182,-1.6786570743405276,COMPLETE,PULLBACK_V230,PULLBACK_SNAPSHOT_RECLAIM,신규/ON,pullback_structure_snapshot_v1,,,PULLBACK_63,
2026-10-01 10:23:01.293,v2.3.3,20261001_240810_PULLBACK_STRUCTURE_ENTRY_2026-10-01:240810:2_101808271360,PULLBACK_STRUCTURE_ENTRY,240810,원익IPS,2026-10-01 10:18:01.192,136900.0,136900.0,MAIN,MAIN,2026-10-01 10:18:00.000,,,2026-10-01 10:18:00.000,136900.0,,,False,,2026-10-01 10:18:01.192,136900.0,1.192261,0.0,0.0,0.0,300,300.102,137850.0,0.6939371804236669,0.6939371804236669,0.8035062089116143,-0.1460920379839299,0.8035062089116143,-0.1460920379839299,COMPLETE,PULLBACK_V230,PULLBACK_STRUCTURE_ENTRY,신규/ON,pullback_structure_snapshot_v1,,,PULLBACK_63,
2026-10-01 10:23:01.391,v2.3.3,20261001_490470_PULLBACK_SNAPSHOT_DIRECT_2026-10-01:490470:2:60_102008683963,PULLBACK_SNAPSHOT_DIRECT,490470,세미파이브,2026-10-01 10:20:00.706,21100.0,21100.0,MAIN,MAIN,2026-10-01 10:20:00.000,,,2026-10-01 10:20:00.000,21100.0,,,False,,2026-10-01 10:20:00.907,21100.0,0.907629,0.0,0.0,0.0,180,180.685,20600.0,-2.3696682464454977,-2.3696682464454977,0.0,-2.843601895734597,0.0,-2.843601895734597,COMPLETE,PULLBACK_V230,PULLBACK_SNAPSHOT_DIRECT,신규/ON,pullback_structure_snapshot_v1,,,PULLBACK_63,
2026-10-01 10:23:02.591,v2.3.3,20261001_012330_PULLBACK_SNAPSHOT_DIRECT_2026-10-01:012330:2:60_101809589921,PULLBACK_SNAPSHOT_DIRECT,012330,현대모비스,2026-10-01 10:18:01.192,384000.0,384000.0,MAIN,MAIN,2026-10-01 10:18:00.000,2026-10-01 10:08:13.972,385000.0,2026-10-01 10:18:00.000,384000.0,586.027727,-0.2597402597402598,False,,2026-10-01 10:18:02.507,383500.0,2.507443,-0.13020833333333331,-0.13020833333333331,0.13020833333333331,300,301.399,380500.0,-0.9114583333333334,-0.9114583333333334,0.0,-1.0416666666666665,0.0,-1.0416666666666665,COMPLETE,PULLBACK_V230,PULLBACK_SNAPSHOT_DIRECT,신규/ON,pullback_structure_snapshot_v1,,,PULLBACK_63,
2026-10-01 10:24:00.299,v2.3.3,20261001_036540_PULLBACK_STRUCTURE_ENTRY_2026-10-01:036540:2_102205959552,PULLBACK_STRUCTURE_ENTRY,036540,SFA반도체,2026-10-01 10:22:00.293,11650.0,11650.0,MAIN,MAIN,2026-10-01 10:22:00.000,,,2026-10-01 10:22:00.000,11650.0,,,False,,2026-10-01 10:22:00.501,11660.0,0.501479,0.08583690987124463,0.08583690987124463,0.08583690987124463,120,120.006,11700.0,0.4291845493562232,0.4291845493562232,0.6866952789699571,0.0,0.6866952789699571,0.0,COMPLETE,PULLBACK_V230,PULLBACK_STRUCTURE_ENTRY,신규/ON,pullback_structure_snapshot_v1,,,PULLBACK_63,
2026-10-01 10:24:00.299,v2.3.3,20261001_266690_PULLBACK_SNAPSHOT_DIRECT_2026-10-01:266690:4:30_101908803787,PULLBACK_SNAPSHOT_DIRECT,266690,덕산넵코어스,2026-10-01 10:19:00.294,18600.0,18590.0,MAIN,MAIN,2026-10-01 10:19:00.000,2026-10-01 09:31:23.066,19630.0,2026-10-01 10:19:00.000,18600.0,2856.933773,-5.247070809984722,False,,2026-10-01 10:19:00.395,18600.0,0.395242,0.0,0.05379236148466917,0.0,300,300.005,18780.0,0.967741935483871,1.0220548682087143,1.5053763440860215,-0.3763440860215054,1.5599784830554062,-0.32275416890801506,COMPLETE,PULLBACK_V230,PULLBACK_SNAPSHOT_DIRECT,신규/ON,pullback_structure_snapshot_v1,,,PULLBACK_63,
2026-10-01 10:24:00.692,v2.3.3,20261001_012330_PULLBACK_SNAPSHOT_RECLAIM_2026-10-01:012330:2:60_101911798113,PULLBACK_SNAPSHOT_RECLAIM,012330,현대모비스,2026-10-01 10:19:00.396,383000.0,383250.0,MAIN,MAIN,2026-10-01 10:19:00.000,2026-10-01 10:08:13.972,385000.0,2026-10-01 10:19:00.000,383000.0,646.027727,-0.5194805194805197,False,,2026-10-01 10:19:00.396,383000.0,0.396242,0.0,-0.06523157208088715,0.0,300,300.296,379500.0,-0.9138381201044387,-0.9784735812133072,0.13054830287206268,-1.0443864229765014,0.06523157208088715,-1.1089367253750815,COMPLETE,PULLBACK_V230,PULLBACK_SNAPSHOT_RECLAIM,신규/ON,pullback_structure_snapshot_v1,,,PULLBACK_63,
2026-10-01 10:24:00.692,v2.3.3,20261001_490470_PULLBACK_SNAPSHOT_RECLAIM_2026-10-01:490470:2:60_102103657818,PULLBACK_SNAPSHOT_RECLAIM,490470,세미파이브,2026-10-01 10:21:00.495,20850.0,20850.0,MAIN,MAIN,2026-10-01 10:21:00.000,,,2026-10-01 10:21:00.000,20850.0,,,False,,2026-10-01 10:21:00.598,20900.0,0.59861,0.2398081534772182,0.2398081534772182,0.2398081534772182,180,180.197,20600.0,-1.1990407673860912,-1.1990407673860912,0.2398081534772182,-1.6786570743405276,0.2398081534772182,-1.6786570743405276,COMPLETE,PULLBACK_V230,PULLBACK_SNAPSHOT_RECLAIM,신규/ON,pullback_structure_snapshot_v1,,,PULLBACK_63,
2026-10-01 10:25:00.396,v2.3.3,20261001_036540_PULLBACK_STRUCTURE_ENTRY_2026-10-01:036540:2_102205959552,PULLBACK_STRUCTURE_ENTRY,036540,SFA반도체,2026-10-01 10:22:00.293,11650.0,11650.0,MAIN,MAIN,2026-10-01 10:22:00.000,,,2026-10-01 10:22:00.000,11650.0,,,False,,2026-10-01 10:22:00.501,11660.0,0.501479,0.08583690987124463,0.08583690987124463,0.08583690987124463,180,180.103,11670.0,0.17167381974248927,0.17167381974248927,0.6866952789699571,0.0,0.6866952789699571,0.0,COMPLETE,PULLBACK_V230,PULLBACK_STRUCTURE_ENTRY,신규/ON,pullback_structure_snapshot_v1,,,PULLBACK_63,
2026-10-01 10:25:00.497,v2.3.3,20261001_266690_PULLBACK_SNAPSHOT_RECLAIM_2026-10-01:266690:4:30_102005446965,PULLBACK_SNAPSHOT_RECLAIM,266690,덕산넵코어스,2026-10-01 10:20:00.307,18770.0,18770.0,MAIN,MAIN,2026-10-01 10:20:00.000,2026-10-01 09:31:23.066,19630.0,2026-10-01 10:20:00.000,18770.0,2916.933773,-4.381049414161997,False,,2026-10-01 10:20:00.422,18780.0,0.422928,0.05327650506126798,0.05327650506126798,0.05327650506126798,300,300.191,18750.0,-0.10655301012253596,-0.10655301012253596,0.5327650506126799,-1.2786361214704314,0.5327650506126799,-1.2786361214704314,COMPLETE,PULLBACK_V230,PULLBACK_SNAPSHOT_RECLAIM,신규/ON,pullback_structure_snapshot_v1,,,PULLBACK_63,
2026-10-01 10:25:00.891,v2.3.3,20261001_490470_PULLBACK_SNAPSHOT_DIRECT_2026-10-01:490470:2:60_102008683963,PULLBACK_SNAPSHOT_DIRECT,490470,세미파이브,2026-10-01 10:20:00.706,21100.0,21100.0,MAIN,MAIN,2026-10-01 10:20:00.000,,,2026-10-01 10:20:00.000,21100.0,,,False,,2026-10-01 10:20:00.907,21100.0,0.907629,0.0,0.0,0.0,300,300.186,20400.0,-3.3175355450236967,-3.3175355450236967,0.0,-3.3175355450236967,0.0,-3.3175355450236967,COMPLETE,PULLBACK_V230,PULLBACK_SNAPSHOT_DIRECT,신규/ON,pullback_structure_snapshot_v1,,,PULLBACK_63,
2026-10-01 10:25:42.591,v2.3.3,20261001_240810_BASE_E004_102512391814,BASE,240810,원익IPS,2026-10-01 10:25:12.391,138400.0,138538.4,MAIN,MAIN,2026-10-01 10:25:12.376,2026-10-01 10:25:12.376,138400.0,2026-10-01 10:25:12.376,138400.0,0.0,0.0,False,,2026-10-01 10:25:12.600,138400.0,0.223143,0.0,-0.0999000999000957,0.0,30,30.199,138500.0,0.0722543352601156,-0.027717946793087103,0.2890173410404624,-0.0361271676300578,0.1888285125279387,-0.13599117645359998,COMPLETE,,BASE,,,,,,
2026-10-01 10:26:01.094,v2.3.3,20261001_490470_PULLBACK_SNAPSHOT_RECLAIM_2026-10-01:490470:2:60_102103657818,PULLBACK_SNAPSHOT_RECLAIM,490470,세미파이브,2026-10-01 10:21:00.495,20850.0,20850.0,MAIN,MAIN,2026-10-01 10:21:00.000,,,2026-10-01 10:21:00.000,20850.0,,,False,,2026-10-01 10:21:00.598,20900.0,0.59861,0.2398081534772182,0.2398081534772182,0.2398081534772182,300,300.6,20550.0,-1.4388489208633095,-1.4388489208633095,0.2398081534772182,-2.158273381294964,0.2398081534772182,-2.158273381294964,COMPLETE,PULLBACK_V230,PULLBACK_SNAPSHOT_RECLAIM,신규/ON,pullback_structure_snapshot_v1,,,PULLBACK_63,
2026-10-01 10:26:13.595,v2.3.3,20261001_240810_BASE_E004_102512391814,BASE,240810,원익IPS,2026-10-01 10:25:12.391,138400.0,138538.4,MAIN,MAIN,2026-10-01 10:25:12.376,2026-10-01 10:25:12.376,138400.0,2026-10-01 10:25:12.376,138400.0,0.0,0.0,False,,2026-10-01 10:25:12.600,138400.0,0.223143,0.0,-0.0999000999000957,0.0,60,61.204,138400.0,0.0,-0.0999000999000957,0.2890173410404624,-0.1445086705202312,0.1888285125279387,-0.2442644061141129,COMPLETE,,BASE,,,,,,
2026-10-01 10:26:52.390,v2.3.3,20261001_080220_BASE_E005_102621912112,BASE,080220,제주반도체,2026-10-01 10:26:21.912,82300.0,82382.29999999999,MAIN,MAIN,2026-10-01 10:26:21.896,2026-10-01 10:26:21.896,82300.0,2026-10-01 10:26:21.896,82300.0,0.0,0.0,False,,2026-10-01 10:26:22.057,82300.0,0.160662,0.0,-0.09990009990008579,0.0,30,30.478,82300.0,0.0,-0.09990009990008579,0.12150668286755771,-0.24301336573511542,0.02148519766990196,-0.34267069504006126,COMPLETE,,BASE,,,,,,
2026-10-01 10:27:00.412,v2.3.3,20261001_036540_PULLBACK_STRUCTURE_ENTRY_2026-10-01:036540:2_102205959552,PULLBACK_STRUCTURE_ENTRY,036540,SFA반도체,2026-10-01 10:22:00.293,11650.0,11650.0,MAIN,MAIN,2026-10-01 10:22:00.000,,,2026-10-01 10:22:00.000,11650.0,,,False,,2026-10-01 10:22:00.501,11660.0,0.501479,0.08583690987124463,0.08583690987124463,0.08583690987124463,300,300.119,11610.0,-0.34334763948497854,-0.34334763948497854,0.6866952789699571,-0.5150214592274678,0.6866952789699571,-0.5150214592274678,COMPLETE,PULLBACK_V230,PULLBACK_STRUCTURE_ENTRY,신규/ON,pullback_structure_snapshot_v1,,,PULLBACK_63,
2026-10-01 10:27:12.407,v2.3.3,20261001_240810_BASE_E004_102512391814,BASE,240810,원익IPS,2026-10-01 10:25:12.391,138400.0,138538.4,MAIN,MAIN,2026-10-01 10:25:12.376,2026-10-01 10:25:12.376,138400.0,2026-10-01 10:25:12.376,138400.0,0.0,0.0,False,,2026-10-01 10:25:12.600,138400.0,0.223143,0.0,-0.0999000999000957,0.0,120,120.016,138100.0,-0.2167630057803468,-0.31644655922112147,0.2890173410404624,-0.2890173410404624,0.1888285125279387,-0.3886287123281301,COMPLETE,,BASE,,,,,,
2026-10-01 10:27:21.990,v2.3.3,20261001_080220_BASE_E005_102621912112,BASE,080220,제주반도체,2026-10-01 10:26:21.912,82300.0,82382.29999999999,MAIN,MAIN,2026-10-01 10:26:21.896,2026-10-01 10:26:21.896,82300.0,2026-10-01 10:26:21.896,82300.0,0.0,0.0,False,,2026-10-01 10:26:22.057,82300.0,0.160662,0.0,-0.09990009990008579,0.0,60,60.078,82200.0,-0.12150668286755771,-0.22128539747007353,0.12150668286755771,-0.24301336573511542,0.02148519766990196,-0.34267069504006126,COMPLETE,,BASE,,,,,,
2026-10-01 10:27:30.991,v2.3.3,20261001_036540_PULLBACK_SNAPSHOT_DIRECT_2026-10-01:036540:2:30_102705769347,PULLBACK_SNAPSHOT_DIRECT,036540,SFA반도체,2026-10-01 10:27:00.194,11610.0,11620.0,MAIN,MAIN,2026-10-01 10:27:00.000,,,2026-10-01 10:27:00.000,11610.0,,,False,,2026-10-01 10:27:00.412,11610.0,0.412171,0.0,-0.08605851979345956,0.0,30,30.798,11590.0,-0.17226528854435832,-0.25817555938037867,0.08613264427217916,-0.2583979328165375,0.0,-0.34423407917383825,COMPLETE,PULLBACK_V230,PULLBACK_SNAPSHOT_DIRECT,신규/ON,pullback_structure_snapshot_v1,,,PULLBACK_63,
2026-10-01 10:28:01.091,v2.3.3,20261001_036540_PULLBACK_SNAPSHOT_DIRECT_2026-10-01:036540:2:30_102705769347,PULLBACK_SNAPSHOT_DIRECT,036540,SFA반도체,2026-10-01 10:27:00.194,11610.0,11620.0,MAIN,MAIN,2026-10-01 10:27:00.000,,,2026-10-01 10:27:00.000,11610.0,,,False,,2026-10-01 10:27:00.412,11610.0,0.412171,0.0,-0.08605851979345956,0.0,60,60.898,11600.0,-0.08613264427217916,-0.17211703958691912,0.08613264427217916,-0.34453057708871665,0.0,-0.4302925989672977,COMPLETE,PULLBACK_V230,PULLBACK_SNAPSHOT_DIRECT,신규/ON,pullback_structure_snapshot_v1,,,PULLBACK_63,
2026-10-01 10:28:13.193,v2.3.3,20261001_240810_BASE_E004_102512391814,BASE,240810,원익IPS,2026-10-01 10:25:12.391,138400.0,138538.4,MAIN,MAIN,2026-10-01 10:25:12.376,2026-10-01 10:25:12.376,138400.0,2026-10-01 10:25:12.376,138400.0,0.0,0.0,False,,2026-10-01 10:25:12.600,138400.0,0.223143,0.0,-0.0999000999000957,0.0,180,180.802,138500.0,0.0722543352601156,-0.027717946793087103,0.2890173410404624,-0.2890173410404624,0.1888285125279387,-0.3886287123281301,COMPLETE,,BASE,,,,,,
2026-10-01 10:28:22.091,v2.3.3,20261001_080220_BASE_E005_102621912112,BASE,080220,제주반도체,2026-10-01 10:26:21.912,82300.0,82382.29999999999,MAIN,MAIN,2026-10-01 10:26:21.896,2026-10-01 10:26:21.896,82300.0,2026-10-01 10:26:21.896,82300.0,0.0,0.0,False,,2026-10-01 10:26:22.057,82300.0,0.160662,0.0,-0.09990009990008579,0.0,120,120.179,82400.0,0.12150668286755771,0.02148519766990196,0.24301336573511542,-0.24301336573511542,0.1428704952398897,-0.34267069504006126,COMPLETE,,BASE,,,,,,
2026-10-01 10:28:31.100,v2.3.3,20261001_036540_PULLBACK_SNAPSHOT_RECLAIM_2026-10-01:036540:2:30_102804299733,PULLBACK_SNAPSHOT_RECLAIM,036540,SFA반도체,2026-10-01 10:28:01.091,11610.0,11600.0,MAIN,MAIN,2026-10-01 10:28:00.000,,,2026-10-01 10:28:00.000,11610.0,,,False,,2026-10-01 10:28:01.790,11600.0,1.790757,-0.08613264427217916,0.0,0.08613264427217916,30,30.008,11610.0,0.0,0.08620689655172414,0.08613264427217916,-0.08613264427217916,0.1724137931034483,0.0,COMPLETE,PULLBACK_V230,PULLBACK_SNAPSHOT_RECLAIM,신규/ON,pullback_structure_snapshot_v1,,,PULLBACK_63,
2026-10-01 10:29:00.290,v2.3.3,20261001_036540_PULLBACK_SNAPSHOT_DIRECT_2026-10-01:036540:2:30_102705769347,PULLBACK_SNAPSHOT_DIRECT,036540,SFA반도체,2026-10-01 10:27:00.194,11610.0,11620.0,MAIN,MAIN,2026-10-01 10:27:00.000,,,2026-10-01 10:27:00.000,11610.0,,,False,,2026-10-01 10:27:00.412,11610.0,0.412171,0.0,-0.08605851979345956,0.0,120,120.096,11610.0,0.0,-0.08605851979345956,0.08613264427217916,-0.34453057708871665,0.0,-0.4302925989672977,COMPLETE,PULLBACK_V230,PULLBACK_SNAPSHOT_DIRECT,신규/ON,pullback_structure_snapshot_v1,,,PULLBACK_63,
2026-10-01 10:29:01.699,v2.3.3,20261001_036540_PULLBACK_SNAPSHOT_RECLAIM_2026-10-01:036540:2:30_102804299733,PULLBACK_SNAPSHOT_RECLAIM,036540,SFA반도체,2026-10-01 10:28:01.091,11610.0,11600.0,MAIN,MAIN,2026-10-01 10:28:00.000,,,2026-10-01 10:28:00.000,11610.0,,,False,,2026-10-01 10:28:01.790,11600.0,1.790757,-0.08613264427217916,0.0,0.08613264427217916,60,60.607,11610.0,0.0,0.08620689655172414,0.08613264427217916,-0.08613264427217916,0.1724137931034483,0.0,COMPLETE,PULLBACK_V230,PULLBACK_SNAPSHOT_RECLAIM,신규/ON,pullback_structure_snapshot_v1,,,PULLBACK_63,
2026-10-01 10:29:22.091,v2.3.3,20261001_080220_BASE_E005_102621912112,BASE,080220,제주반도체,2026-10-01 10:26:21.912,82300.0,82382.29999999999,MAIN,MAIN,2026-10-01 10:26:21.896,2026-10-01 10:26:21.896,82300.0,2026-10-01 10:26:21.896,82300.0,0.0,0.0,False,,2026-10-01 10:26:22.057,82300.0,0.160662,0.0,-0.09990009990008579,0.0,180,180.18,82600.0,0.3645200486026731,0.2642557928098775,0.48602673147023084,-0.24301336573511542,0.3856410903798652,-0.34267069504006126,COMPLETE,,BASE,,,,,,
2026-10-01 10:30:00.496,v2.3.3,20261001_036540_PULLBACK_SNAPSHOT_DIRECT_2026-10-01:036540:2:30_102705769347,PULLBACK_SNAPSHOT_DIRECT,036540,SFA반도체,2026-10-01 10:27:00.194,11610.0,11620.0,MAIN,MAIN,2026-10-01 10:27:00.000,,,2026-10-01 10:27:00.000,11610.0,,,False,,2026-10-01 10:27:00.412,11610.0,0.412171,0.0,-0.08605851979345956,0.0,180,180.302,11520.0,-0.7751937984496124,-0.8605851979345954,0.2583979328165375,-0.8613264427217916,0.17211703958691912,-0.9466437177280551,COMPLETE,PULLBACK_V230,PULLBACK_SNAPSHOT_DIRECT,신규/ON,pullback_structure_snapshot_v1,,,PULLBACK_63,
2026-10-01 10:30:01.201,v2.3.3,20261001_036540_PULLBACK_SNAPSHOT_RECLAIM_2026-10-01:036540:2:30_102804299733,PULLBACK_SNAPSHOT_RECLAIM,036540,SFA반도체,2026-10-01 10:28:01.091,11610.0,11600.0,MAIN,MAIN,2026-10-01 10:28:00.000,,,2026-10-01 10:28:00.000,11610.0,,,False,,2026-10-01 10:28:01.790,11600.0,1.790757,-0.08613264427217916,0.0,0.08613264427217916,120,120.109,11530.0,-0.6890611541774333,-0.603448275862069,0.2583979328165375,-0.8613264427217916,0.3448275862068966,-0.7758620689655172,COMPLETE,PULLBACK_V230,PULLBACK_SNAPSHOT_RECLAIM,신규/ON,pullback_structure_snapshot_v1,,,PULLBACK_63,
2026-10-01 10:30:17.592,v2.3.3,20261001_240810_BASE_E004_102512391814,BASE,240810,원익IPS,2026-10-01 10:25:12.391,138400.0,138538.4,MAIN,MAIN,2026-10-01 10:25:12.376,2026-10-01 10:25:12.376,138400.0,2026-10-01 10:25:12.376,138400.0,0.0,0.0,False,,2026-10-01 10:25:12.600,138400.0,0.223143,0.0,-0.0999000999000957,0.0,300,305.201,138000.0,-0.2890173410404624,-0.3886287123281301,0.2890173410404624,-0.4335260115606936,0.1888285125279387,-0.5329930185421473,COMPLETE,,BASE,,,,,,
2026-10-01 10:30:25.889,v2.3.3,20261001_043260_BASE_E001_102955812787,BASE,043260,성호전자,2026-10-01 10:29:55.812,27850.0,27877.85,MAIN,MAIN,2026-10-01 10:29:55.742,2026-10-01 10:29:55.742,27850.0,2026-10-01 10:29:55.742,27850.0,0.0,0.0,False,,2026-10-01 10:29:56.215,27900.0,0.472869,0.17953321364452424,0.07945375988464483,0.17953321364452424,30,30.077,27700.0,-0.5385996409335727,-0.6379616792543132,0.17953321364452424,-0.8976660682226212,0.07945375988464483,-0.9966693988237922,COMPLETE,,BASE,,,,,,
2026-10-01 10:30:56.589,v2.3.3,20261001_043260_BASE_E001_102955812787,BASE,043260,성호전자,2026-10-01 10:29:55.812,27850.0,27877.85,MAIN,MAIN,2026-10-01 10:29:55.742,2026-10-01 10:29:55.742,27850.0,2026-10-01 10:29:55.742,27850.0,0.0,0.0,False,,2026-10-01 10:29:56.215,27900.0,0.472869,0.17953321364452424,0.07945375988464483,0.17953321364452424,60,60.776,27600.0,-0.8976660682226212,-0.9966693988237922,0.17953321364452424,-0.8976660682226212,0.07945375988464483,-0.9966693988237922,COMPLETE,,BASE,,,,,,
2026-10-01 10:31:01.216,v2.3.3,20261001_036540_PULLBACK_SNAPSHOT_RECLAIM_2026-10-01:036540:2:30_102804299733,PULLBACK_SNAPSHOT_RECLAIM,036540,SFA반도체,2026-10-01 10:28:01.091,11610.0,11600.0,MAIN,MAIN,2026-10-01 10:28:00.000,,,2026-10-01 10:28:00.000,11610.0,,,False,,2026-10-01 10:28:01.790,11600.0,1.790757,-0.08613264427217916,0.0,0.08613264427217916,180,180.125,11500.0,-0.9474590869939706,-0.8620689655172413,0.2583979328165375,-1.03359173126615,0.3448275862068966,-0.9482758620689655,COMPLETE,PULLBACK_V230,PULLBACK_SNAPSHOT_RECLAIM,신규/ON,pullback_structure_snapshot_v1,,,PULLBACK_63,
2026-10-01 10:31:22.310,v2.3.3,20261001_080220_BASE_E005_102621912112,BASE,080220,제주반도체,2026-10-01 10:26:21.912,82300.0,82382.29999999999,MAIN,MAIN,2026-10-01 10:26:21.896,2026-10-01 10:26:21.896,82300.0,2026-10-01 10:26:21.896,82300.0,0.0,0.0,False,,2026-10-01 10:26:22.057,82300.0,0.160662,0.0,-0.09990009990008579,0.0,300,300.398,82200.0,-0.12150668286755771,-0.22128539747007353,0.6075334143377886,-0.3645200486026731,0.507026387949853,-0.46405599261004904,COMPLETE,,BASE,,,,,,
2026-10-01 10:31:55.887,v2.3.3,20261001_043260_BASE_E001_102955812787,BASE,043260,성호전자,2026-10-01 10:29:55.812,27850.0,27877.85,MAIN,MAIN,2026-10-01 10:29:55.742,2026-10-01 10:29:55.742,27850.0,2026-10-01 10:29:55.742,27850.0,0.0,0.0,False,,2026-10-01 10:29:56.215,27900.0,0.472869,0.17953321364452424,0.07945375988464483,0.17953321364452424,120,120.075,27675.0,-0.6283662477558348,-0.727638609146683,0.17953321364452424,-0.8976660682226212,0.07945375988464483,-0.9966693988237922,COMPLETE,,BASE,,,,,,
2026-10-01 10:32:00.289,v2.3.3,20261001_036540_PULLBACK_SNAPSHOT_DIRECT_2026-10-01:036540:2:30_102705769347,PULLBACK_SNAPSHOT_DIRECT,036540,SFA반도체,2026-10-01 10:27:00.194,11610.0,11620.0,MAIN,MAIN,2026-10-01 10:27:00.000,,,2026-10-01 10:27:00.000,11610.0,,,False,,2026-10-01 10:27:00.412,11610.0,0.412171,0.0,-0.08605851979345956,0.0,300,300.095,11500.0,-0.9474590869939706,-1.0327022375215147,0.2583979328165375,-1.03359173126615,0.17211703958691912,-1.1187607573149743,COMPLETE,PULLBACK_V230,PULLBACK_SNAPSHOT_DIRECT,신규/ON,pullback_structure_snapshot_v1,,,PULLBACK_63,
2026-10-01 10:32:30.292,v2.3.3,20261001_439960_PULLBACK_SNAPSHOT_DIRECT_2026-10-01:439960:5:60_103204030224,PULLBACK_SNAPSHOT_DIRECT,439960,코스모로보틱스,2026-10-01 10:32:00.289,9020.0,9015.0,MAIN,MAIN,2026-10-01 10:32:00.000,,,2026-10-01 10:32:00.000,9020.0,,,False,,2026-10-01 10:32:00.391,9015.0,0.391251,-0.05543237250554324,0.0,0.05543237250554324,30,30.003,9010.0,-0.11086474501108648,-0.055463117027176934,0.3325942350332594,-0.11086474501108648,0.3882418191902385,-0.055463117027176934,COMPLETE,PULLBACK_V230,PULLBACK_SNAPSHOT_DIRECT,신규/ON,pullback_structure_snapshot_v1,,,PULLBACK_63,
2026-10-01 10:32:56.391,v2.3.3,20261001_043260_BASE_E001_102955812787,BASE,043260,성호전자,2026-10-01 10:29:55.812,27850.0,27877.85,MAIN,MAIN,2026-10-01 10:29:55.742,2026-10-01 10:29:55.742,27850.0,2026-10-01 10:29:55.742,27850.0,0.0,0.0,False,,2026-10-01 10:29:56.215,27900.0,0.472869,0.17953321364452424,0.07945375988464483,0.17953321364452424,180,180.579,27600.0,-0.8976660682226212,-0.9966693988237922,0.17953321364452424,-1.2567324955116697,0.07945375988464483,-1.3553771183932712,COMPLETE,,BASE,,,,,,
2026-10-01 10:33:00.291,v2.3.3,20261001_439960_PULLBACK_SNAPSHOT_DIRECT_2026-10-01:439960:5:60_103204030224,PULLBACK_SNAPSHOT_DIRECT,439960,코스모로보틱스,2026-10-01 10:32:00.289,9020.0,9015.0,MAIN,MAIN,2026-10-01 10:32:00.000,,,2026-10-01 10:32:00.000,9020.0,,,False,,2026-10-01 10:32:00.391,9015.0,0.391251,-0.05543237250554324,0.0,0.05543237250554324,60,60.002,9040.0,0.22172949002217296,0.27731558513588467,0.7760532150776054,-0.22172949002217296,0.8319467554076538,-0.16638935108153077,COMPLETE,PULLBACK_V230,PULLBACK_SNAPSHOT_DIRECT,신규/ON,pullback_structure_snapshot_v1,,,PULLBACK_63,
2026-10-01 10:33:01.108,v2.3.3,20261001_036540_PULLBACK_SNAPSHOT_RECLAIM_2026-10-01:036540:2:30_102804299733,PULLBACK_SNAPSHOT_RECLAIM,036540,SFA반도체,2026-10-01 10:28:01.091,11610.0,11600.0,MAIN,MAIN,2026-10-01 10:28:00.000,,,2026-10-01 10:28:00.000,11610.0,,,False,,2026-10-01 10:28:01.790,11600.0,1.790757,-0.08613264427217916,0.0,0.08613264427217916,300,300.017,11480.0,-1.119724375538329,-1.0344827586206897,0.2583979328165375,-1.2058570198105083,0.3448275862068966,-1.1206896551724137,COMPLETE,PULLBACK_V230,PULLBACK_SNAPSHOT_RECLAIM,신규/ON,pullback_structure_snapshot_v1,,,PULLBACK_63,
2026-10-01 10:33:30.389,v2.3.3,20261001_439960_PULLBACK_SNAPSHOT_RECLAIM_2026-10-01:439960:5:60_103304002618,PULLBACK_SNAPSHOT_RECLAIM,439960,코스모로보틱스,2026-10-01 10:33:00.291,9030.0,9040.0,MAIN,MAIN,2026-10-01 10:33:00.000,,,2026-10-01 10:33:00.000,9030.0,,,False,,2026-10-01 10:33:00.395,9040.0,0.395311,0.11074197120708748,0.0,0.11074197120708748,30,30.098,9000.0,-0.33222591362126247,-0.4424778761061947,0.33222591362126247,-0.9966777408637874,0.22123893805309736,-1.1061946902654867,COMPLETE,PULLBACK_V230,PULLBACK_SNAPSHOT_RECLAIM,신규/ON,pullback_structure_snapshot_v1,,,PULLBACK_63,
2026-10-01 10:34:00.289,v2.3.3,20261001_439960_PULLBACK_SNAPSHOT_DIRECT_2026-10-01:439960:5:60_103204030224,PULLBACK_SNAPSHOT_DIRECT,439960,코스모로보틱스,2026-10-01 10:32:00.289,9020.0,9015.0,MAIN,MAIN,2026-10-01 10:32:00.000,,,2026-10-01 10:32:00.000,9020.0,,,False,,2026-10-01 10:32:00.391,9015.0,0.391251,-0.05543237250554324,0.0,0.05543237250554324,120,120.0,9010.0,-0.11086474501108648,-0.055463117027176934,0.7760532150776054,-0.8869179600886918,0.8319467554076538,-0.8319467554076538,COMPLETE,PULLBACK_V230,PULLBACK_SNAPSHOT_DIRECT,신규/ON,pullback_structure_snapshot_v1,,,PULLBACK_63,
2026-10-01 10:34:00.689,v2.3.3,20261001_439960_PULLBACK_SNAPSHOT_RECLAIM_2026-10-01:439960:5:60_103304002618,PULLBACK_SNAPSHOT_RECLAIM,439960,코스모로보틱스,2026-10-01 10:33:00.291,9030.0,9040.0,MAIN,MAIN,2026-10-01 10:33:00.000,,,2026-10-01 10:33:00.000,9030.0,,,False,,2026-10-01 10:33:00.395,9040.0,0.395311,0.11074197120708748,0.0,0.11074197120708748,60,60.398,9020.0,-0.11074197120708748,-0.22123893805309736,0.33222591362126247,-0.9966777408637874,0.22123893805309736,-1.1061946902654867,COMPLETE,PULLBACK_V230,PULLBACK_SNAPSHOT_RECLAIM,신규/ON,pullback_structure_snapshot_v1,,,PULLBACK_63,
2026-10-01 10:34:56.518,v2.3.3,20261001_043260_BASE_E001_102955812787,BASE,043260,성호전자,2026-10-01 10:29:55.812,27850.0,27877.85,MAIN,MAIN,2026-10-01 10:29:55.742,2026-10-01 10:29:55.742,27850.0,2026-10-01 10:29:55.742,27850.0,0.0,0.0,False,,2026-10-01 10:29:56.215,27900.0,0.472869,0.17953321364452424,0.07945375988464483,0.17953321364452424,300,300.705,27700.0,-0.5385996409335727,-0.6379616792543132,0.17953321364452424,-1.2567324955116697,0.07945375988464483,-1.3553771183932712,COMPLETE,,BASE,,,,,,
2026-10-01 10:35:00.296,v2.3.3,20261001_439960_PULLBACK_SNAPSHOT_RECLAIM_2026-10-01:439960:5:60_103304002618,PULLBACK_SNAPSHOT_RECLAIM,439960,코스모로보틱스,2026-10-01 10:33:00.291,9030.0,9040.0,MAIN,MAIN,2026-10-01 10:33:00.000,,,2026-10-01 10:33:00.000,9030.0,,,False,,2026-10-01 10:33:00.395,9040.0,0.395311,0.11074197120708748,0.0,0.11074197120708748,120,120.005,8990.0,-0.4429678848283499,-0.5530973451327433,0.33222591362126247,-0.9966777408637874,0.22123893805309736,-1.1061946902654867,COMPLETE,PULLBACK_V230,PULLBACK_SNAPSHOT_RECLAIM,신규/ON,pullback_structure_snapshot_v1,,,PULLBACK_63,
2026-10-01 10:35:00.296,v2.3.3,20261001_439960_PULLBACK_SNAPSHOT_DIRECT_2026-10-01:439960:5:60_103204030224,PULLBACK_SNAPSHOT_DIRECT,439960,코스모로보틱스,2026-10-01 10:32:00.289,9020.0,9015.0,MAIN,MAIN,2026-10-01 10:32:00.000,,,2026-10-01 10:32:00.000,9020.0,,,False,,2026-10-01 10:32:00.391,9015.0,0.391251,-0.05543237250554324,0.0,0.05543237250554324,180,180.008,8990.0,-0.3325942350332594,-0.27731558513588467,0.7760532150776054,-0.8869179600886918,0.8319467554076538,-0.8319467554076538,COMPLETE,PULLBACK_V230,PULLBACK_SNAPSHOT_DIRECT,신규/ON,pullback_structure_snapshot_v1,,,PULLBACK_63,
2026-10-01 10:36:00.390,v2.3.3,20261001_439960_PULLBACK_SNAPSHOT_RECLAIM_2026-10-01:439960:5:60_103304002618,PULLBACK_SNAPSHOT_RECLAIM,439960,코스모로보틱스,2026-10-01 10:33:00.291,9030.0,9040.0,MAIN,MAIN,2026-10-01 10:33:00.000,,,2026-10-01 10:33:00.000,9030.0,,,False,,2026-10-01 10:33:00.395,9040.0,0.395311,0.11074197120708748,0.0,0.11074197120708748,180,180.099,9060.0,0.33222591362126247,0.22123893805309736,0.5537098560354374,-0.9966777408637874,0.4424778761061947,-1.1061946902654867,COMPLETE,PULLBACK_V230,PULLBACK_SNAPSHOT_RECLAIM,신규/ON,pullback_structure_snapshot_v1,,,PULLBACK_63,
2026-10-01 10:37:00.587,v2.3.3,20261001_439960_PULLBACK_SNAPSHOT_DIRECT_2026-10-01:439960:5:60_103204030224,PULLBACK_SNAPSHOT_DIRECT,439960,코스모로보틱스,2026-10-01 10:32:00.289,9020.0,9015.0,MAIN,MAIN,2026-10-01 10:32:00.000,,,2026-10-01 10:32:00.000,9020.0,,,False,,2026-10-01 10:32:00.391,9015.0,0.391251,-0.05543237250554324,0.0,0.05543237250554324,300,300.298,9050.0,0.3325942350332594,0.3882418191902385,0.7760532150776054,-0.8869179600886918,0.8319467554076538,-0.8319467554076538,COMPLETE,PULLBACK_V230,PULLBACK_SNAPSHOT_DIRECT,신규/ON,pullback_structure_snapshot_v1,,,PULLBACK_63,
2026-10-01 10:38:00.389,v2.3.3,20261001_439960_PULLBACK_SNAPSHOT_RECLAIM_2026-10-01:439960:5:60_103304002618,PULLBACK_SNAPSHOT_RECLAIM,439960,코스모로보틱스,2026-10-01 10:33:00.291,9030.0,9040.0,MAIN,MAIN,2026-10-01 10:33:00.000,,,2026-10-01 10:33:00.000,9030.0,,,False,,2026-10-01 10:33:00.395,9040.0,0.395311,0.11074197120708748,0.0,0.11074197120708748,300,300.098,8980.0,-0.5537098560354374,-0.6637168141592921,0.5537098560354374,-0.9966777408637874,0.4424778761061947,-1.1061946902654867,COMPLETE,PULLBACK_V230,PULLBACK_SNAPSHOT_RECLAIM,신규/ON,pullback_structure_snapshot_v1,,,PULLBACK_63,
2026-10-01 10:41:30.693,v2.3.3,20261001_240810_PULLBACK_SNAPSHOT_DIRECT_2026-10-01:240810:2:30_104106896770,PULLBACK_SNAPSHOT_DIRECT,240810,원익IPS,2026-10-01 10:41:00.310,138800.0,138700.0,MAIN,MAIN,2026-10-01 10:41:00.000,,,2026-10-01 10:41:00.000,138800.0,,,False,,2026-10-01 10:41:02.714,138700.0,2.714522,-0.07204610951008646,0.0,0.07204610951008646,30,30.383,138700.0,-0.07204610951008646,0.0,0.07204610951008646,-0.07204610951008646,0.14419610670511895,0.0,COMPLETE,PULLBACK_V230,PULLBACK_SNAPSHOT_DIRECT,신규/ON,pullback_structure_snapshot_v1,,,PULLBACK_63,
2026-10-01 10:41:40.284,v2.3.3,20261001_067310_BASE_E004_104109474327,BASE,067310,하나마이크론,2026-10-01 10:41:09.474,49800.0,49849.799999999996,MAIN,MAIN,2026-10-01 10:41:09.108,2026-10-01 10:41:09.108,49800.0,2026-10-01 10:41:09.108,49800.0,0.0,0.0,False,,2026-10-01 10:41:09.595,49750.0,0.487823,-0.1004016064257028,-0.2002014050206734,0.1004016064257028,30,30.81,49750.0,-0.1004016064257028,-0.2002014050206734,0.0,-0.2008032128514056,-0.09990009990009116,-0.3005027101412556,COMPLETE,,BASE,,,,,,
2026-10-01 10:42:00.387,v2.3.3,20261001_240810_PULLBACK_SNAPSHOT_DIRECT_2026-10-01:240810:2:30_104106896770,PULLBACK_SNAPSHOT_DIRECT,240810,원익IPS,2026-10-01 10:41:00.310,138800.0,138700.0,MAIN,MAIN,2026-10-01 10:41:00.000,,,2026-10-01 10:41:00.000,138800.0,,,False,,2026-10-01 10:41:02.714,138700.0,2.714522,-0.07204610951008646,0.0,0.07204610951008646,60,60.077,138500.0,-0.21613832853025938,-0.14419610670511895,0.07204610951008646,-0.36023054755043227,0.14419610670511895,-0.2883922134102379,COMPLETE,PULLBACK_V230,PULLBACK_SNAPSHOT_DIRECT,신규/ON,pullback_structure_snapshot_v1,,,PULLBACK_63,
2026-10-01 10:42:10.292,v2.3.3,20261001_067310_BASE_E004_104109474327,BASE,067310,하나마이크론,2026-10-01 10:41:09.474,49800.0,49849.799999999996,MAIN,MAIN,2026-10-01 10:41:09.108,2026-10-01 10:41:09.108,49800.0,2026-10-01 10:41:09.108,49800.0,0.0,0.0,False,,2026-10-01 10:41:09.595,49750.0,0.487823,-0.1004016064257028,-0.2002014050206734,0.1004016064257028,60,60.819,49800.0,0.0,-0.09990009990009116,0.0,-0.2008032128514056,-0.09990009990009116,-0.3005027101412556,COMPLETE,,BASE,,,,,,
2026-10-01 10:42:32.285,v2.3.3,20261001_240810_PULLBACK_SNAPSHOT_RECLAIM_2026-10-01:240810:2:30_104203663823,PULLBACK_SNAPSHOT_RECLAIM,240810,원익IPS,2026-10-01 10:42:00.289,138550.0,138500.0,MAIN,MAIN,2026-10-01 10:42:00.000,,,2026-10-01 10:42:00.000,138550.0,,,False,,2026-10-01 10:42:00.387,138500.0,0.387352,-0.03608805485384337,0.0,0.03608805485384337,30,31.997,138400.0,-0.10826416456153012,-0.07220216606498195,0.0,-0.25261638397690367,0.036101083032490974,-0.21660649819494585,COMPLETE,PULLBACK_V230,PULLBACK_SNAPSHOT_RECLAIM,신규/ON,pullback_structure_snapshot_v1,,,PULLBACK_63,
2026-10-01 10:43:00.586,v2.3.3,20261001_240810_PULLBACK_SNAPSHOT_RECLAIM_2026-10-01:240810:2:30_104203663823,PULLBACK_SNAPSHOT_RECLAIM,240810,원익IPS,2026-10-01 10:42:00.289,138550.0,138500.0,MAIN,MAIN,2026-10-01 10:42:00.000,,,2026-10-01 10:42:00.000,138550.0,,,False,,2026-10-01 10:42:00.387,138500.0,0.387352,-0.03608805485384337,0.0,0.03608805485384337,60,60.297,138200.0,-0.25261638397690367,-0.21660649819494585,0.0,-0.3247924936845904,0.036101083032490974,-0.2888086642599278,COMPLETE,PULLBACK_V230,PULLBACK_SNAPSHOT_RECLAIM,신규/ON,pullback_structure_snapshot_v1,,,PULLBACK_63,
2026-10-01 10:43:00.586,v2.3.3,20261001_240810_PULLBACK_SNAPSHOT_DIRECT_2026-10-01:240810:2:30_104106896770,PULLBACK_SNAPSHOT_DIRECT,240810,원익IPS,2026-10-01 10:41:00.310,138800.0,138700.0,MAIN,MAIN,2026-10-01 10:41:00.000,,,2026-10-01 10:41:00.000,138800.0,,,False,,2026-10-01 10:41:02.714,138700.0,2.714522,-0.07204610951008646,0.0,0.07204610951008646,120,120.275,138200.0,-0.43227665706051877,-0.3604902667627974,0.07204610951008646,-0.5043227665706052,0.14419610670511895,-0.43258832011535686,COMPLETE,PULLBACK_V230,PULLBACK_SNAPSHOT_DIRECT,신규/ON,pullback_structure_snapshot_v1,,,PULLBACK_63,
2026-10-01 10:43:09.793,v2.3.3,20261001_067310_BASE_E004_104109474327,BASE,067310,하나마이크론,2026-10-01 10:41:09.474,49800.0,49849.799999999996,MAIN,MAIN,2026-10-01 10:41:09.108,2026-10-01 10:41:09.108,49800.0,2026-10-01 10:41:09.108,49800.0,0.0,0.0,False,,2026-10-01 10:41:09.595,49750.0,0.487823,-0.1004016064257028,-0.2002014050206734,0.1004016064257028,120,120.319,49775.0,-0.0502008032128514,-0.15005075246038227,0.0,-0.2008032128514056,-0.09990009990009116,-0.3005027101412556,COMPLETE,,BASE,,,,,,
2026-10-01 10:44:01.937,v2.3.3,20261001_240810_PULLBACK_SNAPSHOT_RECLAIM_2026-10-01:240810:2:30_104203663823,PULLBACK_SNAPSHOT_RECLAIM,240810,원익IPS,2026-10-01 10:42:00.289,138550.0,138500.0,MAIN,MAIN,2026-10-01 10:42:00.000,,,2026-10-01 10:42:00.000,138550.0,,,False,,2026-10-01 10:42:00.387,138500.0,0.387352,-0.03608805485384337,0.0,0.03608805485384337,120,121.649,138100.0,-0.3247924936845904,-0.2888086642599278,0.0,-0.3969686033922772,0.036101083032490974,-0.36101083032490977,COMPLETE,PULLBACK_V230,PULLBACK_SNAPSHOT_RECLAIM,신규/ON,pullback_structure_snapshot_v1,,,PULLBACK_63,
2026-10-01 10:44:01.937,v2.3.3,20261001_240810_PULLBACK_SNAPSHOT_DIRECT_2026-10-01:240810:2:30_104106896770,PULLBACK_SNAPSHOT_DIRECT,240810,원익IPS,2026-10-01 10:41:00.310,138800.0,138700.0,MAIN,MAIN,2026-10-01 10:41:00.000,,,2026-10-01 10:41:00.000,138800.0,,,False,,2026-10-01 10:41:02.714,138700.0,2.714522,-0.07204610951008646,0.0,0.07204610951008646,180,181.627,138100.0,-0.5043227665706052,-0.43258832011535686,0.07204610951008646,-0.5763688760806917,0.14419610670511895,-0.5046863734679163,COMPLETE,PULLBACK_V230,PULLBACK_SNAPSHOT_DIRECT,신규/ON,pullback_structure_snapshot_v1,,,PULLBACK_63,
2026-10-01 10:44:10.686,v2.3.3,20261001_067310_BASE_E004_104109474327,BASE,067310,하나마이크론,2026-10-01 10:41:09.474,49800.0,49849.799999999996,MAIN,MAIN,2026-10-01 10:41:09.108,2026-10-01 10:41:09.108,49800.0,2026-10-01 10:41:09.108,49800.0,0.0,0.0,False,,2026-10-01 10:41:09.595,49750.0,0.487823,-0.1004016064257028,-0.2002014050206734,0.1004016064257028,180,181.212,49850.0,0.1004016064257028,0.00040120522049108645,0.1004016064257028,-0.2008032128514056,0.00040120522049108645,-0.3005027101412556,COMPLETE,,BASE,,,,,,
2026-10-01 10:45:00.886,v2.3.3,20261001_240810_PULLBACK_SNAPSHOT_RECLAIM_2026-10-01:240810:2:30_104203663823,PULLBACK_SNAPSHOT_RECLAIM,240810,원익IPS,2026-10-01 10:42:00.289,138550.0,138500.0,MAIN,MAIN,2026-10-01 10:42:00.000,,,2026-10-01 10:42:00.000,138550.0,,,False,,2026-10-01 10:42:00.387,138500.0,0.387352,-0.03608805485384337,0.0,0.03608805485384337,180,180.597,138200.0,-0.25261638397690367,-0.21660649819494585,0.0,-0.3969686033922772,0.036101083032490974,-0.36101083032490977,COMPLETE,PULLBACK_V230,PULLBACK_SNAPSHOT_RECLAIM,신규/ON,pullback_structure_snapshot_v1,,,PULLBACK_63,
2026-10-01 10:46:00.989,v2.3.3,20261001_240810_PULLBACK_SNAPSHOT_DIRECT_2026-10-01:240810:2:30_104106896770,PULLBACK_SNAPSHOT_DIRECT,240810,원익IPS,2026-10-01 10:41:00.310,138800.0,138700.0,MAIN,MAIN,2026-10-01 10:41:00.000,,,2026-10-01 10:41:00.000,138800.0,,,False,,2026-10-01 10:41:02.714,138700.0,2.714522,-0.07204610951008646,0.0,0.07204610951008646,300,300.679,138100.0,-0.5043227665706052,-0.43258832011535686,0.07204610951008646,-0.5763688760806917,0.14419610670511895,-0.5046863734679163,COMPLETE,PULLBACK_V230,PULLBACK_SNAPSHOT_DIRECT,신규/ON,pullback_structure_snapshot_v1,,,PULLBACK_63,
2026-10-01 10:46:09.483,v2.3.3,20261001_067310_BASE_E004_104109474327,BASE,067310,하나마이크론,2026-10-01 10:41:09.474,49800.0,49849.799999999996,MAIN,MAIN,2026-10-01 10:41:09.108,2026-10-01 10:41:09.108,49800.0,2026-10-01 10:41:09.108,49800.0,0.0,0.0,False,,2026-10-01 10:41:09.595,49750.0,0.487823,-0.1004016064257028,-0.2002014050206734,0.1004016064257028,300,300.009,49850.0,0.1004016064257028,0.00040120522049108645,0.2008032128514056,-0.2008032128514056,0.10070251034107333,-0.3005027101412556,COMPLETE,,BASE,,,,,,
2026-10-01 10:47:00.488,v2.3.3,20261001_240810_PULLBACK_SNAPSHOT_RECLAIM_2026-10-01:240810:2:30_104203663823,PULLBACK_SNAPSHOT_RECLAIM,240810,원익IPS,2026-10-01 10:42:00.289,138550.0,138500.0,MAIN,MAIN,2026-10-01 10:42:00.000,,,2026-10-01 10:42:00.000,138550.0,,,False,,2026-10-01 10:42:00.387,138500.0,0.387352,-0.03608805485384337,0.0,0.03608805485384337,300,300.199,137800.0,-0.5413208228076507,-0.5054151624548736,0.0,-0.6856730422230242,0.036101083032490974,-0.6498194945848376,COMPLETE,PULLBACK_V230,PULLBACK_SNAPSHOT_RECLAIM,신규/ON,pullback_structure_snapshot_v1,,,PULLBACK_63,
2026-10-01 10:54:32.583,v2.3.3,20261001_043260_PULLBACK_STRUCTURE_ENTRY_2026-10-01:043260:1_105409744839,PULLBACK_STRUCTURE_ENTRY,043260,성호전자,2026-10-01 10:54:02.289,27650.0,27600.0,MAIN,MAIN,2026-10-01 10:54:00.000,2026-10-01 10:29:55.742,27850.0,2026-10-01 10:54:00.000,27650.0,1444.257071,-0.7181328545781018,False,,2026-10-01 10:54:02.780,27600.0,2.780551,-0.18083182640144665,0.0,0.18083182640144665,30,30.294,27650.0,0.0,0.18115942028985507,0.0,-0.18083182640144665,0.18115942028985507,0.0,COMPLETE,PULLBACK_V230,PULLBACK_STRUCTURE_ENTRY,신규/ON,pullback_structure_snapshot_v1,,,PULLBACK_63,
2026-10-01 10:55:03.081,v2.3.3,20261001_043260_PULLBACK_STRUCTURE_ENTRY_2026-10-01:043260:1_105409744839,PULLBACK_STRUCTURE_ENTRY,043260,성호전자,2026-10-01 10:54:02.289,27650.0,27600.0,MAIN,MAIN,2026-10-01 10:54:00.000,2026-10-01 10:29:55.742,27850.0,2026-10-01 10:54:00.000,27650.0,1444.257071,-0.7181328545781018,False,,2026-10-01 10:54:02.780,27600.0,2.780551,-0.18083182640144665,0.0,0.18083182640144665,60,60.791,27650.0,0.0,0.18115942028985507,0.0,-0.18083182640144665,0.18115942028985507,0.0,COMPLETE,PULLBACK_V230,PULLBACK_STRUCTURE_ENTRY,신규/ON,pullback_structure_snapshot_v1,,,PULLBACK_63,
2026-10-01 10:55:19.390,v2.3.3,20261001_093370_BASE_E014_105449245616,BASE,093370,후성,2026-10-01 10:54:49.245,15740.0,15755.739999999998,MAIN,MAIN,2026-10-01 10:54:49.157,2026-10-01 10:54:49.157,15740.0,2026-10-01 10:54:49.157,15740.0,0.0,0.0,False,,2026-10-01 10:54:49.480,15750.0,0.322135,0.06353240152477764,-0.036431167307901524,0.06353240152477764,30,30.145,15740.0,0.0,-0.09990009990008697,0.06353240152477764,-0.1905972045743329,-0.036431167307901524,-0.29030689767664336,COMPLETE,,BASE,,,,,,
2026-10-01 10:55:49.280,v2.3.3,20261001_093370_BASE_E014_105449245616,BASE,093370,후성,2026-10-01 10:54:49.245,15740.0,15755.739999999998,MAIN,MAIN,2026-10-01 10:54:49.157,2026-10-01 10:54:49.157,15740.0,2026-10-01 10:54:49.157,15740.0,0.0,0.0,False,,2026-10-01 10:54:49.480,15750.0,0.322135,0.06353240152477764,-0.036431167307901524,0.06353240152477764,60,60.035,15750.0,0.06353240152477764,-0.036431167307901524,0.12706480304955528,-0.1905972045743329,0.027037765284283935,-0.29030689767664336,COMPLETE,,BASE,,,,,,
2026-10-01 10:56:05.889,v2.3.3,20261001_043260_PULLBACK_STRUCTURE_ENTRY_2026-10-01:043260:1_105409744839,PULLBACK_STRUCTURE_ENTRY,043260,성호전자,2026-10-01 10:54:02.289,27650.0,27600.0,MAIN,MAIN,2026-10-01 10:54:00.000,2026-10-01 10:29:55.742,27850.0,2026-10-01 10:54:00.000,27650.0,1444.257071,-0.7181328545781018,False,,2026-10-01 10:54:02.780,27600.0,2.780551,-0.18083182640144665,0.0,0.18083182640144665,120,123.6,27700.0,0.18083182640144665,0.36231884057971014,0.3616636528028933,-0.18083182640144665,0.5434782608695652,0.0,COMPLETE,PULLBACK_V230,PULLBACK_STRUCTURE_ENTRY,신규/ON,pullback_structure_snapshot_v1,,,PULLBACK_63,
2026-10-01 10:56:49.279,v2.3.3,20261001_093370_BASE_E014_105449245616,BASE,093370,후성,2026-10-01 10:54:49.245,15740.0,15755.739999999998,MAIN,MAIN,2026-10-01 10:54:49.157,2026-10-01 10:54:49.157,15740.0,2026-10-01 10:54:49.157,15740.0,0.0,0.0,False,,2026-10-01 10:54:49.480,15750.0,0.322135,0.06353240152477764,-0.036431167307901524,0.06353240152477764,120,120.033,15770.0,0.1905972045743329,0.0905066978764694,0.1905972045743329,-0.1905972045743329,0.0905066978764694,-0.29030689767664336,COMPLETE,,BASE,,,,,,
2026-10-01 10:56:49.893,v2.3.3,20261001_080220_BASE_E010_105619820994,BASE,080220,제주반도체,2026-10-01 10:56:19.820,83100.0,83183.09999999999,MAIN,MAIN,2026-10-01 10:56:19.809,2026-10-01 10:56:19.809,83100.0,2026-10-01 10:56:19.809,83100.0,0.0,0.0,False,,2026-10-01 10:56:20.090,83000.0,0.280553,-0.12033694344163659,-0.22011682661501109,0.12033694344163659,30,30.073,82900.0,-0.24067388688327318,-0.34033355332993276,0.0,-0.24067388688327318,-0.09990009990008941,-0.34033355332993276,COMPLETE,,BASE,,,,,,
2026-10-01 10:56:50.687,v2.3.3,20261001_080220_PRE_HISTORY_E010_105620666178,PRE_HISTORY,080220,제주반도체,2026-10-01 10:56:20.666,83100.0,83183.09999999999,MAIN,MAIN,2026-10-01 10:56:19.809,2026-10-01 10:56:19.809,83100.0,2026-10-01 10:56:19.809,83100.0,0.0,0.0,False,,2026-10-01 10:56:20.090,83000.0,0.280553,-0.12033694344163659,-0.22011682661501109,0.12033694344163659,30,30.021,83000.0,-0.12033694344163659,-0.22011682661501109,0.0,-0.24067388688327318,-0.09990009990008941,-0.34033355332993276,COMPLETE,,PRE_HISTORY,,,,,,
2026-10-01 10:57:02.491,v2.3.3,20261001_043260_PULLBACK_STRUCTURE_ENTRY_2026-10-01:043260:1_105409744839,PULLBACK_STRUCTURE_ENTRY,043260,성호전자,2026-10-01 10:54:02.289,27650.0,27600.0,MAIN,MAIN,2026-10-01 10:54:00.000,2026-10-01 10:29:55.742,27850.0,2026-10-01 10:54:00.000,27650.0,1444.257071,-0.7181328545781018,False,,2026-10-01 10:54:02.780,27600.0,2.780551,-0.18083182640144665,0.0,0.18083182640144665,180,180.202,27725.0,0.27124773960216997,0.4528985507246377,0.3616636528028933,-0.18083182640144665,0.5434782608695652,0.0,COMPLETE,PULLBACK_V230,PULLBACK_STRUCTURE_ENTRY,신규/ON,pullback_structure_snapshot_v1,,,PULLBACK_63,
2026-10-01 10:57:20.278,v2.3.3,20261001_080220_BASE_E010_105619820994,BASE,080220,제주반도체,2026-10-01 10:56:19.820,83100.0,83183.09999999999,MAIN,MAIN,2026-10-01 10:56:19.809,2026-10-01 10:56:19.809,83100.0,2026-10-01 10:56:19.809,83100.0,0.0,0.0,False,,2026-10-01 10:56:20.090,83000.0,0.280553,-0.12033694344163659,-0.22011682661501109,0.12033694344163659,60,60.458,83000.0,-0.12033694344163659,-0.22011682661501109,0.0,-0.24067388688327318,-0.09990009990008941,-0.34033355332993276,COMPLETE,,BASE,,,,,,
2026-10-01 10:57:20.779,v2.3.3,20261001_080220_PRE_HISTORY_E010_105620666178,PRE_HISTORY,080220,제주반도체,2026-10-01 10:56:20.666,83100.0,83183.09999999999,MAIN,MAIN,2026-10-01 10:56:19.809,2026-10-01 10:56:19.809,83100.0,2026-10-01 10:56:19.809,83100.0,0.0,0.0,False,,2026-10-01 10:56:20.090,83000.0,0.280553,-0.12033694344163659,-0.22011682661501109,0.12033694344163659,60,60.113,83000.0,-0.12033694344163659,-0.22011682661501109,0.0,-0.24067388688327318,-0.09990009990008941,-0.34033355332993276,COMPLETE,,PRE_HISTORY,,,,,,
2026-10-01 10:57:50.208,v2.3.3,20261001_093370_BASE_E014_105449245616,BASE,093370,후성,2026-10-01 10:54:49.245,15740.0,15755.739999999998,MAIN,MAIN,2026-10-01 10:54:49.157,2026-10-01 10:54:49.157,15740.0,2026-10-01 10:54:49.157,15740.0,0.0,0.0,False,,2026-10-01 10:54:49.480,15750.0,0.322135,0.06353240152477764,-0.036431167307901524,0.06353240152477764,180,180.963,15760.0,0.12706480304955528,0.027037765284283935,0.25412960609911056,-0.1905972045743329,0.15397563046865487,-0.29030689767664336,COMPLETE,,BASE,,,,,,
2026-10-01 10:58:20.578,v2.3.3,20261001_080220_BASE_E010_105619820994,BASE,080220,제주반도체,2026-10-01 10:56:19.820,83100.0,83183.09999999999,MAIN,MAIN,2026-10-01 10:56:19.809,2026-10-01 10:56:19.809,83100.0,2026-10-01 10:56:19.809,83100.0,0.0,0.0,False,,2026-10-01 10:56:20.090,83000.0,0.280553,-0.12033694344163659,-0.22011682661501109,0.12033694344163659,120,120.757,82800.0,-0.36101083032490977,-0.46055028004485443,0.0,-0.48134777376654636,-0.09990009990008941,-0.5807670067597761,COMPLETE,,BASE,,,,,,
2026-10-01 10:58:20.880,v2.3.3,20261001_080220_PRE_HISTORY_E010_105620666178,PRE_HISTORY,080220,제주반도체,2026-10-01 10:56:20.666,83100.0,83183.09999999999,MAIN,MAIN,2026-10-01 10:56:19.809,2026-10-01 10:56:19.809,83100.0,2026-10-01 10:56:19.809,83100.0,0.0,0.0,False,,2026-10-01 10:56:20.090,83000.0,0.280553,-0.12033694344163659,-0.22011682661501109,0.12033694344163659,120,120.214,82750.0,-0.421179302045728,-0.5206586434023153,0.0,-0.48134777376654636,-0.09990009990008941,-0.5807670067597761,COMPLETE,,PRE_HISTORY,,,,,,
2026-10-01 10:59:03.277,v2.3.3,20261001_043260_PULLBACK_STRUCTURE_ENTRY_2026-10-01:043260:1_105409744839,PULLBACK_STRUCTURE_ENTRY,043260,성호전자,2026-10-01 10:54:02.289,27650.0,27600.0,MAIN,MAIN,2026-10-01 10:54:00.000,2026-10-01 10:29:55.742,27850.0,2026-10-01 10:54:00.000,27650.0,1444.257071,-0.7181328545781018,False,,2026-10-01 10:54:02.780,27600.0,2.780551,-0.18083182640144665,0.0,0.18083182640144665,300,300.988,27700.0,0.18083182640144665,0.36231884057971014,0.3616636528028933,-0.18083182640144665,0.5434782608695652,0.0,COMPLETE,PULLBACK_V230,PULLBACK_STRUCTURE_ENTRY,신규/ON,pullback_structure_snapshot_v1,,,PULLBACK_63,
2026-10-01 10:59:20.078,v2.3.3,20261001_080220_BASE_E010_105619820994,BASE,080220,제주반도체,2026-10-01 10:56:19.820,83100.0,83183.09999999999,MAIN,MAIN,2026-10-01 10:56:19.809,2026-10-01 10:56:19.809,83100.0,2026-10-01 10:56:19.809,83100.0,0.0,0.0,False,,2026-10-01 10:56:20.090,83000.0,0.280553,-0.12033694344163659,-0.22011682661501109,0.12033694344163659,180,180.258,82900.0,-0.24067388688327318,-0.34033355332993276,0.0,-0.48134777376654636,-0.09990009990008941,-0.5807670067597761,COMPLETE,,BASE,,,,,,
2026-10-01 10:59:21.079,v2.3.3,20261001_080220_PRE_HISTORY_E010_105620666178,PRE_HISTORY,080220,제주반도체,2026-10-01 10:56:20.666,83100.0,83183.09999999999,MAIN,MAIN,2026-10-01 10:56:19.809,2026-10-01 10:56:19.809,83100.0,2026-10-01 10:56:19.809,83100.0,0.0,0.0,False,,2026-10-01 10:56:20.090,83000.0,0.280553,-0.12033694344163659,-0.22011682661501109,0.12033694344163659,180,180.413,82900.0,-0.24067388688327318,-0.34033355332993276,0.0,-0.48134777376654636,-0.09990009990008941,-0.5807670067597761,COMPLETE,,PRE_HISTORY,,,,,,
2026-10-01 10:59:51.092,v2.3.3,20261001_093370_BASE_E014_105449245616,BASE,093370,후성,2026-10-01 10:54:49.245,15740.0,15755.739999999998,MAIN,MAIN,2026-10-01 10:54:49.157,2026-10-01 10:54:49.157,15740.0,2026-10-01 10:54:49.157,15740.0,0.0,0.0,False,,2026-10-01 10:54:49.480,15750.0,0.322135,0.06353240152477764,-0.036431167307901524,0.06353240152477764,300,301.847,15710.0,-0.1905972045743329,-0.29030689767664336,0.25412960609911056,-0.5082592121982211,0.15397563046865487,-0.6076515606375706,COMPLETE,,BASE,,,,,,
2026-10-01 11:00:32.078,v2.3.3,20261001_003160_PULLBACK_SNAPSHOT_DIRECT_2026-10-01:003160:6:30_110012097073,PULLBACK_SNAPSHOT_DIRECT,003160,디아이,2026-10-01 11:00:01.281,39450.0,39450.0,MAIN,MAIN,2026-10-01 11:00:00.000,,,2026-10-01 11:00:00.000,39450.0,,,False,,2026-10-01 11:00:01.378,39500.0,1.378826,0.12674271229404308,0.12674271229404308,0.12674271229404308,30,30.797,39450.0,0.0,0.0,0.12674271229404308,0.0,0.12674271229404308,0.0,COMPLETE,PULLBACK_V230,PULLBACK_SNAPSHOT_DIRECT,신규/ON,pullback_structure_snapshot_v1,,,PULLBACK_63,
2026-10-01 11:01:01.877,v2.3.3,20261001_003160_PULLBACK_SNAPSHOT_DIRECT_2026-10-01:003160:6:30_110012097073,PULLBACK_SNAPSHOT_DIRECT,003160,디아이,2026-10-01 11:00:01.281,39450.0,39450.0,MAIN,MAIN,2026-10-01 11:00:00.000,,,2026-10-01 11:00:00.000,39450.0,,,False,,2026-10-01 11:00:01.378,39500.0,1.378826,0.12674271229404308,0.12674271229404308,0.12674271229404308,60,60.596,39500.0,0.12674271229404308,0.12674271229404308,0.12674271229404308,0.0,0.12674271229404308,0.0,COMPLETE,PULLBACK_V230,PULLBACK_SNAPSHOT_DIRECT,신규/ON,pullback_structure_snapshot_v1,,,PULLBACK_63,
2026-10-01 11:01:20.078,v2.3.3,20261001_080220_BASE_E010_105619820994,BASE,080220,제주반도체,2026-10-01 10:56:19.820,83100.0,83183.09999999999,MAIN,MAIN,2026-10-01 10:56:19.809,2026-10-01 10:56:19.809,83100.0,2026-10-01 10:56:19.809,83100.0,0.0,0.0,False,,2026-10-01 10:56:20.090,83000.0,0.280553,-0.12033694344163659,-0.22011682661501109,0.12033694344163659,300,300.257,83400.0,0.36101083032490977,0.2607500802446756,0.36101083032490977,-0.48134777376654636,0.2607500802446756,-0.5807670067597761,COMPLETE,,BASE,,,,,,
2026-10-01 11:01:20.685,v2.3.3,20261001_080220_PRE_HISTORY_E010_105620666178,PRE_HISTORY,080220,제주반도체,2026-10-01 10:56:20.666,83100.0,83183.09999999999,MAIN,MAIN,2026-10-01 10:56:19.809,2026-10-01 10:56:19.809,83100.0,2026-10-01 10:56:19.809,83100.0,0.0,0.0,False,,2026-10-01 10:56:20.090,83000.0,0.280553,-0.12033694344163659,-0.22011682661501109,0.12033694344163659,300,300.019,83400.0,0.36101083032490977,0.2607500802446756,0.36101083032490977,-0.48134777376654636,0.2607500802446756,-0.5807670067597761,COMPLETE,,PRE_HISTORY,,,,,,
2026-10-01 11:01:32.777,v2.3.3,20261001_003160_PULLBACK_SNAPSHOT_RECLAIM_2026-10-01:003160:6:30_110110949599,PULLBACK_SNAPSHOT_RECLAIM,003160,디아이,2026-10-01 11:01:01.877,39500.0,39500.0,MAIN,MAIN,2026-10-01 11:01:00.000,,,2026-10-01 11:01:00.000,39500.0,,,False,,2026-10-01 11:01:02.780,39500.0,2.780288,0.0,0.0,0.0,30,30.901,39500.0,0.0,0.0,0.0,-0.12658227848101267,0.0,-0.12658227848101267,COMPLETE,PULLBACK_V230,PULLBACK_SNAPSHOT_RECLAIM,신규/ON,pullback_structure_snapshot_v1,,,PULLBACK_63,
2026-10-01 11:02:01.290,v2.3.3,20261001_003160_PULLBACK_SNAPSHOT_DIRECT_2026-10-01:003160:6:30_110012097073,PULLBACK_SNAPSHOT_DIRECT,003160,디아이,2026-10-01 11:00:01.281,39450.0,39450.0,MAIN,MAIN,2026-10-01 11:00:00.000,,,2026-10-01 11:00:00.000,39450.0,,,False,,2026-10-01 11:00:01.378,39500.0,1.378826,0.12674271229404308,0.12674271229404308,0.12674271229404308,120,120.009,39550.0,0.25348542458808615,0.25348542458808615,0.38022813688212925,0.0,0.38022813688212925,0.0,COMPLETE,PULLBACK_V230,PULLBACK_SNAPSHOT_DIRECT,신규/ON,pullback_structure_snapshot_v1,,,PULLBACK_63,
2026-10-01 11:02:02.692,v2.3.3,20261001_003160_PULLBACK_SNAPSHOT_RECLAIM_2026-10-01:003160:6:30_110110949599,PULLBACK_SNAPSHOT_RECLAIM,003160,디아이,2026-10-01 11:01:01.877,39500.0,39500.0,MAIN,MAIN,2026-10-01 11:01:00.000,,,2026-10-01 11:01:00.000,39500.0,,,False,,2026-10-01 11:01:02.780,39500.0,2.780288,0.0,0.0,0.0,60,60.815,39550.0,0.12658227848101267,0.12658227848101267,0.25316455696202533,-0.12658227848101267,0.25316455696202533,-0.12658227848101267,COMPLETE,PULLBACK_V230,PULLBACK_SNAPSHOT_RECLAIM,신규/ON,pullback_structure_snapshot_v1,,,PULLBACK_63,
2026-10-01 11:03:01.477,v2.3.3,20261001_003160_PULLBACK_SNAPSHOT_DIRECT_2026-10-01:003160:6:30_110012097073,PULLBACK_SNAPSHOT_DIRECT,003160,디아이,2026-10-01 11:00:01.281,39450.0,39450.0,MAIN,MAIN,2026-10-01 11:00:00.000,,,2026-10-01 11:00:00.000,39450.0,,,False,,2026-10-01 11:00:01.378,39500.0,1.378826,0.12674271229404308,0.12674271229404308,0.12674271229404308,180,180.196,39550.0,0.25348542458808615,0.25348542458808615,0.38022813688212925,0.0,0.38022813688212925,0.0,COMPLETE,PULLBACK_V230,PULLBACK_SNAPSHOT_DIRECT,신규/ON,pullback_structure_snapshot_v1,,,PULLBACK_63,
2026-10-01 11:03:03.076,v2.3.3,20261001_003160_PULLBACK_SNAPSHOT_RECLAIM_2026-10-01:003160:6:30_110110949599,PULLBACK_SNAPSHOT_RECLAIM,003160,디아이,2026-10-01 11:01:01.877,39500.0,39500.0,MAIN,MAIN,2026-10-01 11:01:00.000,,,2026-10-01 11:01:00.000,39500.0,,,False,,2026-10-01 11:01:02.780,39500.0,2.780288,0.0,0.0,0.0,120,121.2,39550.0,0.12658227848101267,0.12658227848101267,0.25316455696202533,-0.12658227848101267,0.25316455696202533,-0.12658227848101267,COMPLETE,PULLBACK_V230,PULLBACK_SNAPSHOT_RECLAIM,신규/ON,pullback_structure_snapshot_v1,,,PULLBACK_63,
2026-10-01 11:04:01.979,v2.3.3,20261001_003160_PULLBACK_SNAPSHOT_RECLAIM_2026-10-01:003160:6:30_110110949599,PULLBACK_SNAPSHOT_RECLAIM,003160,디아이,2026-10-01 11:01:01.877,39500.0,39500.0,MAIN,MAIN,2026-10-01 11:01:00.000,,,2026-10-01 11:01:00.000,39500.0,,,False,,2026-10-01 11:01:02.780,39500.0,2.780288,0.0,0.0,0.0,180,180.102,39500.0,0.0,0.0,0.25316455696202533,-0.12658227848101267,0.25316455696202533,-0.12658227848101267,COMPLETE,PULLBACK_V230,PULLBACK_SNAPSHOT_RECLAIM,신규/ON,pullback_structure_snapshot_v1,,,PULLBACK_63,
2026-10-01 11:05:03.690,v2.3.3,20261001_003160_PULLBACK_SNAPSHOT_DIRECT_2026-10-01:003160:6:30_110012097073,PULLBACK_SNAPSHOT_DIRECT,003160,디아이,2026-10-01 11:00:01.281,39450.0,39450.0,MAIN,MAIN,2026-10-01 11:00:00.000,,,2026-10-01 11:00:00.000,39450.0,,,False,,2026-10-01 11:00:01.378,39500.0,1.378826,0.12674271229404308,0.12674271229404308,0.12674271229404308,300,302.409,39550.0,0.25348542458808615,0.25348542458808615,0.38022813688212925,0.0,0.38022813688212925,0.0,COMPLETE,PULLBACK_V230,PULLBACK_SNAPSHOT_DIRECT,신규/ON,pullback_structure_snapshot_v1,,,PULLBACK_63,
2026-10-01 11:05:32.077,v2.3.3,20261001_093370_PULLBACK_SNAPSHOT_DIRECT_2026-10-01:093370:2:30_110505117303,PULLBACK_SNAPSHOT_DIRECT,093370,후성,2026-10-01 11:05:01.879,15660.0,15660.0,MAIN,MAIN,2026-10-01 11:05:00.000,,,2026-10-01 11:05:00.000,15660.0,,,False,,2026-10-01 11:05:01.879,15670.0,1.879521,0.06385696040868455,0.06385696040868455,0.06385696040868455,30,30.198,15680.0,0.1277139208173691,0.1277139208173691,0.19157088122605362,0.0,0.19157088122605362,0.0,COMPLETE,PULLBACK_V230,PULLBACK_SNAPSHOT_DIRECT,신규/ON,pullback_structure_snapshot_v1,,,PULLBACK_63,
2026-10-01 11:06:02.789,v2.3.3,20261001_003160_PULLBACK_SNAPSHOT_RECLAIM_2026-10-01:003160:6:30_110110949599,PULLBACK_SNAPSHOT_RECLAIM,003160,디아이,2026-10-01 11:01:01.877,39500.0,39500.0,MAIN,MAIN,2026-10-01 11:01:00.000,,,2026-10-01 11:01:00.000,39500.0,,,False,,2026-10-01 11:01:02.780,39500.0,2.780288,0.0,0.0,0.0,300,300.912,39600.0,0.25316455696202533,0.25316455696202533,0.25316455696202533,-0.12658227848101267,0.25316455696202533,-0.12658227848101267,COMPLETE,PULLBACK_V230,PULLBACK_SNAPSHOT_RECLAIM,신규/ON,pullback_structure_snapshot_v1,,,PULLBACK_63,
2026-10-01 11:06:02.789,v2.3.3,20261001_093370_PULLBACK_SNAPSHOT_DIRECT_2026-10-01:093370:2:30_110505117303,PULLBACK_SNAPSHOT_DIRECT,093370,후성,2026-10-01 11:05:01.879,15660.0,15660.0,MAIN,MAIN,2026-10-01 11:05:00.000,,,2026-10-01 11:05:00.000,15660.0,,,False,,2026-10-01 11:05:01.879,15670.0,1.879521,0.06385696040868455,0.06385696040868455,0.06385696040868455,60,60.91,15690.0,0.19157088122605362,0.19157088122605362,0.2554278416347382,0.0,0.2554278416347382,0.0,COMPLETE,PULLBACK_V230,PULLBACK_SNAPSHOT_DIRECT,신규/ON,pullback_structure_snapshot_v1,,,PULLBACK_63,
2026-10-01 11:06:33.077,v2.3.3,20261001_093370_PULLBACK_SNAPSHOT_RECLAIM_2026-10-01:093370:2:30_110608628105,PULLBACK_SNAPSHOT_RECLAIM,093370,후성,2026-10-01 11:06:02.789,15700.0,15690.0,MAIN,MAIN,2026-10-01 11:06:00.000,,,2026-10-01 11:06:00.000,15700.0,,,False,,2026-10-01 11:06:03.708,15670.0,3.708553,-0.1910828025477707,-0.12746972594008923,0.1910828025477707,30,30.289,15690.0,-0.06369426751592357,0.0,0.0,-0.1910828025477707,0.06373486297004462,-0.12746972594008923,COMPLETE,PULLBACK_V230,PULLBACK_SNAPSHOT_RECLAIM,신규/ON,pullback_structure_snapshot_v1,,,PULLBACK_63,
2026-10-01 11:07:01.980,v2.3.3,20261001_093370_PULLBACK_SNAPSHOT_DIRECT_2026-10-01:093370:2:30_110505117303,PULLBACK_SNAPSHOT_DIRECT,093370,후성,2026-10-01 11:05:01.879,15660.0,15660.0,MAIN,MAIN,2026-10-01 11:05:00.000,,,2026-10-01 11:05:00.000,15660.0,,,False,,2026-10-01 11:05:01.879,15670.0,1.879521,0.06385696040868455,0.06385696040868455,0.06385696040868455,120,120.101,15710.0,0.31928480204342274,0.31928480204342274,0.31928480204342274,0.0,0.31928480204342274,0.0,COMPLETE,PULLBACK_V230,PULLBACK_SNAPSHOT_DIRECT,신규/ON,pullback_structure_snapshot_v1,,,PULLBACK_63,
2026-10-01 11:07:02.877,v2.3.3,20261001_093370_PULLBACK_SNAPSHOT_RECLAIM_2026-10-01:093370:2:30_110608628105,PULLBACK_SNAPSHOT_RECLAIM,093370,후성,2026-10-01 11:06:02.789,15700.0,15690.0,MAIN,MAIN,2026-10-01 11:06:00.000,,,2026-10-01 11:06:00.000,15700.0,,,False,,2026-10-01 11:06:03.708,15670.0,3.708553,-0.1910828025477707,-0.12746972594008923,0.1910828025477707,60,60.088,15710.0,0.06369426751592357,0.12746972594008923,0.06369426751592357,-0.1910828025477707,0.12746972594008923,-0.12746972594008923,COMPLETE,PULLBACK_V230,PULLBACK_SNAPSHOT_RECLAIM,신규/ON,pullback_structure_snapshot_v1,,,PULLBACK_63,
2026-10-01 11:08:02.074,v2.3.3,20261001_093370_PULLBACK_SNAPSHOT_DIRECT_2026-10-01:093370:2:30_110505117303,PULLBACK_SNAPSHOT_DIRECT,093370,후성,2026-10-01 11:05:01.879,15660.0,15660.0,MAIN,MAIN,2026-10-01 11:05:00.000,,,2026-10-01 11:05:00.000,15660.0,,,False,,2026-10-01 11:05:01.879,15670.0,1.879521,0.06385696040868455,0.06385696040868455,0.06385696040868455,180,180.195,15730.0,0.4469987228607918,0.4469987228607918,0.5108556832694764,0.0,0.5108556832694764,0.0,COMPLETE,PULLBACK_V230,PULLBACK_SNAPSHOT_DIRECT,신규/ON,pullback_structure_snapshot_v1,,,PULLBACK_63,
2026-10-01 11:08:07.375,v2.3.3,20261001_093370_PULLBACK_SNAPSHOT_RECLAIM_2026-10-01:093370:2:30_110608628105,PULLBACK_SNAPSHOT_RECLAIM,093370,후성,2026-10-01 11:06:02.789,15700.0,15690.0,MAIN,MAIN,2026-10-01 11:06:00.000,,,2026-10-01 11:06:00.000,15700.0,,,False,,2026-10-01 11:06:03.708,15670.0,3.708553,-0.1910828025477707,-0.12746972594008923,0.1910828025477707,120,124.586,15730.0,0.1910828025477707,0.25493945188017847,0.25477707006369427,-0.1910828025477707,0.3186743148502231,-0.12746972594008923,COMPLETE,PULLBACK_V230,PULLBACK_SNAPSHOT_RECLAIM,신규/ON,pullback_structure_snapshot_v1,,,PULLBACK_63,
2026-10-01 11:09:02.875,v2.3.3,20261001_093370_PULLBACK_SNAPSHOT_RECLAIM_2026-10-01:093370:2:30_110608628105,PULLBACK_SNAPSHOT_RECLAIM,093370,후성,2026-10-01 11:06:02.789,15700.0,15690.0,MAIN,MAIN,2026-10-01 11:06:00.000,,,2026-10-01 11:06:00.000,15700.0,,,False,,2026-10-01 11:06:03.708,15670.0,3.708553,-0.1910828025477707,-0.12746972594008923,0.1910828025477707,180,180.086,15720.0,0.12738853503184713,0.19120458891013384,0.25477707006369427,-0.1910828025477707,0.3186743148502231,-0.12746972594008923,COMPLETE,PULLBACK_V230,PULLBACK_SNAPSHOT_RECLAIM,신규/ON,pullback_structure_snapshot_v1,,,PULLBACK_63,
2026-10-01 11:10:02.375,v2.3.3,20261001_093370_PULLBACK_SNAPSHOT_DIRECT_2026-10-01:093370:2:30_110505117303,PULLBACK_SNAPSHOT_DIRECT,093370,후성,2026-10-01 11:05:01.879,15660.0,15660.0,MAIN,MAIN,2026-10-01 11:05:00.000,,,2026-10-01 11:05:00.000,15660.0,,,False,,2026-10-01 11:05:01.879,15670.0,1.879521,0.06385696040868455,0.06385696040868455,0.06385696040868455,300,300.496,15720.0,0.38314176245210724,0.38314176245210724,0.5747126436781609,0.0,0.5747126436781609,0.0,COMPLETE,PULLBACK_V230,PULLBACK_SNAPSHOT_DIRECT,신규/ON,pullback_structure_snapshot_v1,,,PULLBACK_63,
2026-10-01 11:11:04.479,v2.3.3,20261001_093370_PULLBACK_SNAPSHOT_RECLAIM_2026-10-01:093370:2:30_110608628105,PULLBACK_SNAPSHOT_RECLAIM,093370,후성,2026-10-01 11:06:02.789,15700.0,15690.0,MAIN,MAIN,2026-10-01 11:06:00.000,,,2026-10-01 11:06:00.000,15700.0,,,False,,2026-10-01 11:06:03.708,15670.0,3.708553,-0.1910828025477707,-0.12746972594008923,0.1910828025477707,300,301.691,15730.0,0.1910828025477707,0.25493945188017847,0.3184713375796179,-0.1910828025477707,0.3824091778202677,-0.12746972594008923,COMPLETE,PULLBACK_V230,PULLBACK_SNAPSHOT_RECLAIM,신규/ON,pullback_structure_snapshot_v1,,,PULLBACK_63,
2026-10-01 11:11:30.574,v2.3.3,20261001_240810_PULLBACK_SNAPSHOT_DIRECT_2026-10-01:240810:2:60_111108391956,PULLBACK_SNAPSHOT_DIRECT,240810,원익IPS,2026-10-01 11:11:00.275,139300.0,139400.0,MAIN,MAIN,2026-10-01 11:11:00.000,,,2026-10-01 11:11:00.000,139300.0,,,False,,2026-10-01 11:11:00.779,139400.0,0.77981,0.07178750897343862,0.0,0.07178750897343862,30,30.299,139400.0,0.07178750897343862,0.0,0.07178750897343862,0.0,0.0,-0.07173601147776185,COMPLETE,PULLBACK_V230,PULLBACK_SNAPSHOT_DIRECT,신규/ON,pullback_structure_snapshot_v1,,,PULLBACK_63,
2026-10-01 11:11:33.276,v2.3.3,20261001_043260_PULLBACK_SNAPSHOT_DIRECT_2026-10-01:043260:1:30_111114522646,PULLBACK_SNAPSHOT_DIRECT,043260,성호전자,2026-10-01 11:11:02.075,27650.0,27650.0,MAIN,MAIN,2026-10-01 11:11:00.000,2026-10-01 10:29:55.742,27850.0,2026-10-01 11:11:00.000,27650.0,2464.257071,-0.7181328545781018,False,,2026-10-01 11:11:04.686,27600.0,4.686546,-0.18083182640144665,-0.18083182640144665,0.18083182640144665,30,31.201,27600.0,-0.18083182640144665,-0.18083182640144665,0.0,-0.18083182640144665,0.0,-0.18083182640144665,COMPLETE,PULLBACK_V230,PULLBACK_SNAPSHOT_DIRECT,신규/ON,pullback_structure_snapshot_v1,,,PULLBACK_63,
2026-10-01 11:12:00.373,v2.3.3,20261001_240810_PULLBACK_SNAPSHOT_DIRECT_2026-10-01:240810:2:60_111108391956,PULLBACK_SNAPSHOT_DIRECT,240810,원익IPS,2026-10-01 11:11:00.275,139300.0,139400.0,MAIN,MAIN,2026-10-01 11:11:00.000,,,2026-10-01 11:11:00.000,139300.0,,,False,,2026-10-01 11:11:00.779,139400.0,0.77981,0.07178750897343862,0.0,0.07178750897343862,60,60.098,139500.0,0.14357501794687724,0.07173601147776185,0.14357501794687724,0.0,0.07173601147776185,-0.07173601147776185,COMPLETE,PULLBACK_V230,PULLBACK_SNAPSHOT_DIRECT,신규/ON,pullback_structure_snapshot_v1,,,PULLBACK_63,
2026-10-01 11:12:03.611,v2.3.3,20261001_043260_PULLBACK_SNAPSHOT_DIRECT_2026-10-01:043260:1:30_111114522646,PULLBACK_SNAPSHOT_DIRECT,043260,성호전자,2026-10-01 11:11:02.075,27650.0,27650.0,MAIN,MAIN,2026-10-01 11:11:00.000,2026-10-01 10:29:55.742,27850.0,2026-10-01 11:11:00.000,27650.0,2464.257071,-0.7181328545781018,False,,2026-10-01 11:11:04.686,27600.0,4.686546,-0.18083182640144665,-0.18083182640144665,0.18083182640144665,60,61.537,27650.0,0.0,0.0,0.0,-0.18083182640144665,0.0,-0.18083182640144665,COMPLETE,PULLBACK_V230,PULLBACK_SNAPSHOT_DIRECT,신규/ON,pullback_structure_snapshot_v1,,,PULLBACK_63,
2026-10-01 11:12:33.374,v2.3.3,20261001_240810_PULLBACK_SNAPSHOT_RECLAIM_2026-10-01:240810:2:60_111213940332,PULLBACK_SNAPSHOT_RECLAIM,240810,원익IPS,2026-10-01 11:12:01.673,139500.0,139500.0,MAIN,MAIN,2026-10-01 11:12:00.000,,,2026-10-01 11:12:00.000,139500.0,,,False,,2026-10-01 11:12:02.076,139500.0,2.076831,0.0,0.0,0.0,30,31.701,139400.0,-0.07168458781362007,-0.07168458781362007,0.0,-0.07168458781362007,0.0,-0.07168458781362007,COMPLETE,PULLBACK_V230,PULLBACK_SNAPSHOT_RECLAIM,신규/ON,pullback_structure_snapshot_v1,,,PULLBACK_63,
2026-10-01 11:13:00.773,v2.3.3,20261001_240810_PULLBACK_SNAPSHOT_DIRECT_2026-10-01:240810:2:60_111108391956,PULLBACK_SNAPSHOT_DIRECT,240810,원익IPS,2026-10-01 11:11:00.275,139300.0,139400.0,MAIN,MAIN,2026-10-01 11:11:00.000,,,2026-10-01 11:11:00.000,139300.0,,,False,,2026-10-01 11:11:00.779,139400.0,0.77981,0.07178750897343862,0.0,0.07178750897343862,120,120.497,139500.0,0.14357501794687724,0.07173601147776185,0.14357501794687724,0.0,0.07173601147776185,-0.07173601147776185,COMPLETE,PULLBACK_V230,PULLBACK_SNAPSHOT_DIRECT,신규/ON,pullback_structure_snapshot_v1,,,PULLBACK_63,
2026-10-01 11:13:02.073,v2.3.3,20261001_240810_PULLBACK_SNAPSHOT_RECLAIM_2026-10-01:240810:2:60_111213940332,PULLBACK_SNAPSHOT_RECLAIM,240810,원익IPS,2026-10-01 11:12:01.673,139500.0,139500.0,MAIN,MAIN,2026-10-01 11:12:00.000,,,2026-10-01 11:12:00.000,139500.0,,,False,,2026-10-01 11:12:02.076,139500.0,2.076831,0.0,0.0,0.0,60,60.4,139400.0,-0.07168458781362007,-0.07168458781362007,0.0,-0.10752688172043011,0.0,-0.10752688172043011,COMPLETE,PULLBACK_V230,PULLBACK_SNAPSHOT_RECLAIM,신규/ON,pullback_structure_snapshot_v1,,,PULLBACK_63,
2026-10-01 11:13:02.206,v2.3.3,20261001_043260_PULLBACK_SNAPSHOT_DIRECT_2026-10-01:043260:1:30_111114522646,PULLBACK_SNAPSHOT_DIRECT,043260,성호전자,2026-10-01 11:11:02.075,27650.0,27650.0,MAIN,MAIN,2026-10-01 11:11:00.000,2026-10-01 10:29:55.742,27850.0,2026-10-01 11:11:00.000,27650.0,2464.257071,-0.7181328545781018,False,,2026-10-01 11:11:04.686,27600.0,4.686546,-0.18083182640144665,-0.18083182640144665,0.18083182640144665,120,120.131,27600.0,-0.18083182640144665,-0.18083182640144665,0.0,-0.3616636528028933,0.0,-0.3616636528028933,COMPLETE,PULLBACK_V230,PULLBACK_SNAPSHOT_DIRECT,신규/ON,pullback_structure_snapshot_v1,,,PULLBACK_63,
2026-10-01 11:14:00.383,v2.3.3,20261001_240810_PULLBACK_SNAPSHOT_DIRECT_2026-10-01:240810:2:60_111108391956,PULLBACK_SNAPSHOT_DIRECT,240810,원익IPS,2026-10-01 11:11:00.275,139300.0,139400.0,MAIN,MAIN,2026-10-01 11:11:00.000,,,2026-10-01 11:11:00.000,139300.0,,,False,,2026-10-01 11:11:00.779,139400.0,0.77981,0.07178750897343862,0.0,0.07178750897343862,180,180.108,139350.0,0.03589375448671931,-0.03586800573888092,0.14357501794687724,0.0,0.07173601147776185,-0.07173601147776185,COMPLETE,PULLBACK_V230,PULLBACK_SNAPSHOT_DIRECT,신규/ON,pullback_structure_snapshot_v1,,,PULLBACK_63,
2026-10-01 11:14:01.974,v2.3.3,20261001_240810_PULLBACK_SNAPSHOT_RECLAIM_2026-10-01:240810:2:60_111213940332,PULLBACK_SNAPSHOT_RECLAIM,240810,원익IPS,2026-10-01 11:12:01.673,139500.0,139500.0,MAIN,MAIN,2026-10-01 11:12:00.000,,,2026-10-01 11:12:00.000,139500.0,,,False,,2026-10-01 11:12:02.076,139500.0,2.076831,0.0,0.0,0.0,120,120.301,139400.0,-0.07168458781362007,-0.07168458781362007,0.0,-0.14336917562724014,0.0,-0.14336917562724014,COMPLETE,PULLBACK_V230,PULLBACK_SNAPSHOT_RECLAIM,신규/ON,pullback_structure_snapshot_v1,,,PULLBACK_63,
2026-10-01 11:14:02.278,v2.3.3,20261001_043260_PULLBACK_SNAPSHOT_DIRECT_2026-10-01:043260:1:30_111114522646,PULLBACK_SNAPSHOT_DIRECT,043260,성호전자,2026-10-01 11:11:02.075,27650.0,27650.0,MAIN,MAIN,2026-10-01 11:11:00.000,2026-10-01 10:29:55.742,27850.0,2026-10-01 11:11:00.000,27650.0,2464.257071,-0.7181328545781018,False,,2026-10-01 11:11:04.686,27600.0,4.686546,-0.18083182640144665,-0.18083182640144665,0.18083182640144665,180,180.203,27500.0,-0.5424954792043399,-0.5424954792043399,0.0,-0.5424954792043399,0.0,-0.5424954792043399,COMPLETE,PULLBACK_V230,PULLBACK_SNAPSHOT_DIRECT,신규/ON,pullback_structure_snapshot_v1,,,PULLBACK_63,
2026-10-01 11:15:01.973,v2.3.3,20261001_240810_PULLBACK_SNAPSHOT_RECLAIM_2026-10-01:240810:2:60_111213940332,PULLBACK_SNAPSHOT_RECLAIM,240810,원익IPS,2026-10-01 11:12:01.673,139500.0,139500.0,MAIN,MAIN,2026-10-01 11:12:00.000,,,2026-10-01 11:12:00.000,139500.0,,,False,,2026-10-01 11:12:02.076,139500.0,2.076831,0.0,0.0,0.0,180,180.3,139250.0,-0.17921146953405018,-0.17921146953405018,0.0,-0.21505376344086022,0.0,-0.21505376344086022,COMPLETE,PULLBACK_V230,PULLBACK_SNAPSHOT_RECLAIM,신규/ON,pullback_structure_snapshot_v1,,,PULLBACK_63,
2026-10-01 11:16:00.374,v2.3.3,20261001_240810_PULLBACK_SNAPSHOT_DIRECT_2026-10-01:240810:2:60_111108391956,PULLBACK_SNAPSHOT_DIRECT,240810,원익IPS,2026-10-01 11:11:00.275,139300.0,139400.0,MAIN,MAIN,2026-10-01 11:11:00.000,,,2026-10-01 11:11:00.000,139300.0,,,False,,2026-10-01 11:11:00.779,139400.0,0.77981,0.07178750897343862,0.0,0.07178750897343862,300,300.098,139200.0,-0.07178750897343862,-0.1434720229555237,0.14357501794687724,-0.14357501794687724,0.07173601147776185,-0.2152080344332855,COMPLETE,PULLBACK_V230,PULLBACK_SNAPSHOT_DIRECT,신규/ON,pullback_structure_snapshot_v1,,,PULLBACK_63,
2026-10-01 11:16:02.187,v2.3.3,20261001_043260_PULLBACK_SNAPSHOT_DIRECT_2026-10-01:043260:1:30_111114522646,PULLBACK_SNAPSHOT_DIRECT,043260,성호전자,2026-10-01 11:11:02.075,27650.0,27650.0,MAIN,MAIN,2026-10-01 11:11:00.000,2026-10-01 10:29:55.742,27850.0,2026-10-01 11:11:00.000,27650.0,2464.257071,-0.7181328545781018,False,,2026-10-01 11:11:04.686,27600.0,4.686546,-0.18083182640144665,-0.18083182640144665,0.18083182640144665,300,300.112,27500.0,-0.5424954792043399,-0.5424954792043399,0.0,-0.5424954792043399,0.0,-0.5424954792043399,COMPLETE,PULLBACK_V230,PULLBACK_SNAPSHOT_DIRECT,신규/ON,pullback_structure_snapshot_v1,,,PULLBACK_63,
2026-10-01 11:17:05.074,v2.3.3,20261001_240810_PULLBACK_SNAPSHOT_RECLAIM_2026-10-01:240810:2:60_111213940332,PULLBACK_SNAPSHOT_RECLAIM,240810,원익IPS,2026-10-01 11:12:01.673,139500.0,139500.0,MAIN,MAIN,2026-10-01 11:12:00.000,,,2026-10-01 11:12:00.000,139500.0,,,False,,2026-10-01 11:12:02.076,139500.0,2.076831,0.0,0.0,0.0,300,303.401,139200.0,-0.21505376344086022,-0.21505376344086022,0.0,-0.2867383512544803,0.0,-0.2867383512544803,COMPLETE,PULLBACK_V230,PULLBACK_SNAPSHOT_RECLAIM,신규/ON,pullback_structure_snapshot_v1,,,PULLBACK_63,
2026-10-01 11:27:29.769,v2.3.3,20261001_001820_BASE_E006_112659634124,BASE,001820,삼화콘덴서,2026-10-01 11:26:59.634,160500.0,160660.49999999997,MAIN,MAIN,2026-10-01 11:26:59.587,2026-10-01 11:26:59.587,160500.0,2026-10-01 11:26:59.587,160500.0,0.0,0.0,False,,2026-10-01 11:26:59.876,160600.0,0.288492,0.06230529595015576,-0.03765704700282329,0.06230529595015576,30,30.136,160300.0,-0.12461059190031153,-0.22438620569459883,0.1869158878504673,-0.3115264797507788,0.08682905879169374,-0.41111536438637436,COMPLETE,,BASE,,,,,,
2026-10-01 11:27:59.868,v2.3.3,20261001_001820_BASE_E006_112659634124,BASE,001820,삼화콘덴서,2026-10-01 11:26:59.634,160500.0,160660.49999999997,MAIN,MAIN,2026-10-01 11:26:59.587,2026-10-01 11:26:59.587,160500.0,2026-10-01 11:26:59.587,160500.0,0.0,0.0,False,,2026-10-01 11:26:59.876,160600.0,0.288492,0.06230529595015576,-0.03765704700282329,0.06230529595015576,60,60.235,160300.0,-0.12461059190031153,-0.22438620569459883,0.1869158878504673,-0.3115264797507788,0.08682905879169374,-0.41111536438637436,COMPLETE,,BASE,,,,,,
2026-10-01 11:28:59.871,v2.3.3,20261001_001820_BASE_E006_112659634124,BASE,001820,삼화콘덴서,2026-10-01 11:26:59.634,160500.0,160660.49999999997,MAIN,MAIN,2026-10-01 11:26:59.587,2026-10-01 11:26:59.587,160500.0,2026-10-01 11:26:59.587,160500.0,0.0,0.0,False,,2026-10-01 11:26:59.876,160600.0,0.288492,0.06230529595015576,-0.03765704700282329,0.06230529595015576,120,120.237,160700.0,0.12461059190031153,0.024586005894435232,0.1869158878504673,-0.3115264797507788,0.08682905879169374,-0.41111536438637436,COMPLETE,,BASE,,,,,,
2026-10-01 11:30:00.175,v2.3.3,20261001_001820_BASE_E006_112659634124,BASE,001820,삼화콘덴서,2026-10-01 11:26:59.634,160500.0,160660.49999999997,MAIN,MAIN,2026-10-01 11:26:59.587,2026-10-01 11:26:59.587,160500.0,2026-10-01 11:26:59.587,160500.0,0.0,0.0,False,,2026-10-01 11:26:59.876,160600.0,0.288492,0.06230529595015576,-0.03765704700282329,0.06230529595015576,180,180.542,160800.0,0.1869158878504673,0.08682905879169374,0.1869158878504673,-0.3115264797507788,0.08682905879169374,-0.41111536438637436,COMPLETE,,BASE,,,,,,
2026-10-01 11:30:35.200,v2.3.3,20261001_003160_PULLBACK_SNAPSHOT_DIRECT_2026-10-01:003160:6:60_113005918731,PULLBACK_SNAPSHOT_DIRECT,003160,디아이,2026-10-01 11:30:03.186,39300.0,39250.0,MAIN,MAIN,2026-10-01 11:30:00.000,,,2026-10-01 11:30:00.000,39300.0,,,False,,2026-10-01 11:30:09.385,39250.0,9.385157,-0.1272264631043257,0.0,0.1272264631043257,30,32.013,39300.0,0.0,0.12738853503184713,0.0,-0.1272264631043257,0.12738853503184713,0.0,COMPLETE,PULLBACK_V230,PULLBACK_SNAPSHOT_DIRECT,신규/ON,pullback_structure_snapshot_v1,,,PULLBACK_63,
2026-10-01 11:31:06.080,v2.3.3,20261001_003160_PULLBACK_SNAPSHOT_DIRECT_2026-10-01:003160:6:60_113005918731,PULLBACK_SNAPSHOT_DIRECT,003160,디아이,2026-10-01 11:30:03.186,39300.0,39250.0,MAIN,MAIN,2026-10-01 11:30:00.000,,,2026-10-01 11:30:00.000,39300.0,,,False,,2026-10-01 11:30:09.385,39250.0,9.385157,-0.1272264631043257,0.0,0.1272264631043257,60,62.893,39250.0,-0.1272264631043257,0.0,0.0,-0.2544529262086514,0.12738853503184713,-0.12738853503184713,COMPLETE,PULLBACK_V230,PULLBACK_SNAPSHOT_DIRECT,신규/ON,pullback_structure_snapshot_v1,,,PULLBACK_63,
2026-10-01 11:32:00.174,v2.3.3,20261001_001820_BASE_E006_112659634124,BASE,001820,삼화콘덴서,2026-10-01 11:26:59.634,160500.0,160660.49999999997,MAIN,MAIN,2026-10-01 11:26:59.587,2026-10-01 11:26:59.587,160500.0,2026-10-01 11:26:59.587,160500.0,0.0,0.0,False,,2026-10-01 11:26:59.876,160600.0,0.288492,0.06230529595015576,-0.03765704700282329,0.06230529595015576,300,300.54,160750.0,0.1557632398753894,0.055707532343064484,0.24922118380062305,-0.3115264797507788,0.14907211168895226,-0.41111536438637436,COMPLETE,,BASE,,,,,,
2026-10-01 11:32:03.467,v2.3.3,20261001_003160_PULLBACK_SNAPSHOT_DIRECT_2026-10-01:003160:6:60_113005918731,PULLBACK_SNAPSHOT_DIRECT,003160,디아이,2026-10-01 11:30:03.186,39300.0,39250.0,MAIN,MAIN,2026-10-01 11:30:00.000,,,2026-10-01 11:30:00.000,39300.0,,,False,,2026-10-01 11:30:09.385,39250.0,9.385157,-0.1272264631043257,0.0,0.1272264631043257,120,120.281,39250.0,-0.1272264631043257,0.0,0.0,-0.2544529262086514,0.12738853503184713,-0.12738853503184713,COMPLETE,PULLBACK_V230,PULLBACK_SNAPSHOT_DIRECT,신규/ON,pullback_structure_snapshot_v1,,,PULLBACK_63,
2026-10-01 11:32:30.672,v2.3.3,20261001_439960_PULLBACK_SNAPSHOT_DIRECT_2026-10-01:439960:5:120_113212296228,PULLBACK_SNAPSHOT_DIRECT,439960,코스모로보틱스,2026-10-01 11:32:00.174,9150.0,9150.0,MAIN,MAIN,2026-10-01 11:32:00.000,,,2026-10-01 11:32:00.000,9150.0,,,False,,2026-10-01 11:32:00.174,9150.0,0.174074,0.0,0.0,0.0,30,30.498,9205.0,0.6010928961748634,0.6010928961748634,0.6557377049180327,-0.1092896174863388,0.6557377049180327,-0.1092896174863388,COMPLETE,PULLBACK_V230,PULLBACK_SNAPSHOT_DIRECT,신규/ON,pullback_structure_snapshot_v1,,,PULLBACK_63,
2026-10-01 11:33:00.667,v2.3.3,20261001_439960_PULLBACK_SNAPSHOT_DIRECT_2026-10-01:439960:5:120_113212296228,PULLBACK_SNAPSHOT_DIRECT,439960,코스모로보틱스,2026-10-01 11:32:00.174,9150.0,9150.0,MAIN,MAIN,2026-10-01 11:32:00.000,,,2026-10-01 11:32:00.000,9150.0,,,False,,2026-10-01 11:32:00.174,9150.0,0.174074,0.0,0.0,0.0,60,60.493,9220.0,0.7650273224043715,0.7650273224043715,0.7650273224043715,-0.1092896174863388,0.7650273224043715,-0.1092896174863388,COMPLETE,PULLBACK_V230,PULLBACK_SNAPSHOT_DIRECT,신규/ON,pullback_structure_snapshot_v1,,,PULLBACK_63,
2026-10-01 11:33:04.386,v2.3.3,20261001_003160_PULLBACK_SNAPSHOT_DIRECT_2026-10-01:003160:6:60_113005918731,PULLBACK_SNAPSHOT_DIRECT,003160,디아이,2026-10-01 11:30:03.186,39300.0,39250.0,MAIN,MAIN,2026-10-01 11:30:00.000,,,2026-10-01 11:30:00.000,39300.0,,,False,,2026-10-01 11:30:09.385,39250.0,9.385157,-0.1272264631043257,0.0,0.1272264631043257,180,181.2,39250.0,-0.1272264631043257,0.0,0.0,-0.2544529262086514,0.12738853503184713,-0.12738853503184713,COMPLETE,PULLBACK_V230,PULLBACK_SNAPSHOT_DIRECT,신규/ON,pullback_structure_snapshot_v1,,,PULLBACK_63,
2026-10-01 11:33:31.387,v2.3.3,20261001_439960_PULLBACK_SNAPSHOT_RECLAIM_2026-10-01:439960:5:120_113309687747,PULLBACK_SNAPSHOT_RECLAIM,439960,코스모로보틱스,2026-10-01 11:33:01.066,9220.0,9225.0,MAIN,MAIN,2026-10-01 11:33:00.000,,,2026-10-01 11:33:00.000,9220.0,,,False,,2026-10-01 11:33:01.066,9220.0,1.066164,0.0,-0.05420054200542006,0.0,30,30.321,9180.0,-0.43383947939262474,-0.4878048780487805,0.10845986984815618,-0.43383947939262474,0.05420054200542006,-0.4878048780487805,COMPLETE,PULLBACK_V230,PULLBACK_SNAPSHOT_RECLAIM,신규/ON,pullback_structure_snapshot_v1,,,PULLBACK_63,
2026-10-01 11:34:00.379,v2.3.3,20261001_439960_PULLBACK_SNAPSHOT_DIRECT_2026-10-01:439960:5:120_113212296228,PULLBACK_SNAPSHOT_DIRECT,439960,코스모로보틱스,2026-10-01 11:32:00.174,9150.0,9150.0,MAIN,MAIN,2026-10-01 11:32:00.000,,,2026-10-01 11:32:00.000,9150.0,,,False,,2026-10-01 11:32:00.174,9150.0,0.174074,0.0,0.0,0.0,120,120.205,9180.0,0.32786885245901637,0.32786885245901637,0.8743169398907104,-0.1092896174863388,0.8743169398907104,-0.1092896174863388,COMPLETE,PULLBACK_V230,PULLBACK_SNAPSHOT_DIRECT,신규/ON,pullback_structure_snapshot_v1,,,PULLBACK_63,
2026-10-01 11:34:01.766,v2.3.3,20261001_439960_PULLBACK_SNAPSHOT_RECLAIM_2026-10-01:439960:5:120_113309687747,PULLBACK_SNAPSHOT_RECLAIM,439960,코스모로보틱스,2026-10-01 11:33:01.066,9220.0,9225.0,MAIN,MAIN,2026-10-01 11:33:00.000,,,2026-10-01 11:33:00.000,9220.0,,,False,,2026-10-01 11:33:01.066,9220.0,1.066164,0.0,-0.05420054200542006,0.0,60,60.7,9200.0,-0.21691973969631237,-0.27100271002710025,0.10845986984815618,-0.6507592190889371,0.05420054200542006,-0.7046070460704607,COMPLETE,PULLBACK_V230,PULLBACK_SNAPSHOT_RECLAIM,신규/ON,pullback_structure_snapshot_v1,,,PULLBACK_63,
2026-10-01 11:35:00.376,v2.3.3,20261001_439960_PULLBACK_SNAPSHOT_DIRECT_2026-10-01:439960:5:120_113212296228,PULLBACK_SNAPSHOT_DIRECT,439960,코스모로보틱스,2026-10-01 11:32:00.174,9150.0,9150.0,MAIN,MAIN,2026-10-01 11:32:00.000,,,2026-10-01 11:32:00.000,9150.0,,,False,,2026-10-01 11:32:00.174,9150.0,0.174074,0.0,0.0,0.0,180,180.202,9200.0,0.546448087431694,0.546448087431694,0.8743169398907104,-0.1092896174863388,0.8743169398907104,-0.1092896174863388,COMPLETE,PULLBACK_V230,PULLBACK_SNAPSHOT_DIRECT,신규/ON,pullback_structure_snapshot_v1,,,PULLBACK_63,
2026-10-01 11:35:01.373,v2.3.3,20261001_439960_PULLBACK_SNAPSHOT_RECLAIM_2026-10-01:439960:5:120_113309687747,PULLBACK_SNAPSHOT_RECLAIM,439960,코스모로보틱스,2026-10-01 11:33:01.066,9220.0,9225.0,MAIN,MAIN,2026-10-01 11:33:00.000,,,2026-10-01 11:33:00.000,9220.0,,,False,,2026-10-01 11:33:01.066,9220.0,1.066164,0.0,-0.05420054200542006,0.0,120,120.307,9220.0,0.0,-0.05420054200542006,0.10845986984815618,-0.6507592190889371,0.05420054200542006,-0.7046070460704607,COMPLETE,PULLBACK_V230,PULLBACK_SNAPSHOT_RECLAIM,신규/ON,pullback_structure_snapshot_v1,,,PULLBACK_63,
2026-10-01 11:35:03.469,v2.3.3,20261001_003160_PULLBACK_SNAPSHOT_DIRECT_2026-10-01:003160:6:60_113005918731,PULLBACK_SNAPSHOT_DIRECT,003160,디아이,2026-10-01 11:30:03.186,39300.0,39250.0,MAIN,MAIN,2026-10-01 11:30:00.000,,,2026-10-01 11:30:00.000,39300.0,,,False,,2026-10-01 11:30:09.385,39250.0,9.385157,-0.1272264631043257,0.0,0.1272264631043257,300,300.282,39200.0,-0.2544529262086514,-0.12738853503184713,0.0,-0.5089058524173028,0.12738853503184713,-0.3821656050955414,COMPLETE,PULLBACK_V230,PULLBACK_SNAPSHOT_DIRECT,신규/ON,pullback_structure_snapshot_v1,,,PULLBACK_63,
2026-10-01 11:35:35.064,v2.3.3,20261001_093370_PULLBACK_SNAPSHOT_DIRECT_2026-10-01:093370:2:60_113512304266,PULLBACK_SNAPSHOT_DIRECT,093370,후성,2026-10-01 11:35:04.297,15660.0,15650.0,MAIN,MAIN,2026-10-01 11:35:00.000,,,2026-10-01 11:35:00.000,15660.0,,,False,,2026-10-01 11:35:06.366,15650.0,6.366912,-0.06385696040868455,0.0,0.06385696040868455,30,30.767,15650.0,-0.06385696040868455,0.0,0.0,-0.1277139208173691,0.06389776357827476,-0.06389776357827476,COMPLETE,PULLBACK_V230,PULLBACK_SNAPSHOT_DIRECT,신규/ON,pullback_structure_snapshot_v1,,,PULLBACK_63,
2026-10-01 11:36:01.370,v2.3.3,20261001_439960_PULLBACK_SNAPSHOT_RECLAIM_2026-10-01:439960:5:120_113309687747,PULLBACK_SNAPSHOT_RECLAIM,439960,코스모로보틱스,2026-10-01 11:33:01.066,9220.0,9225.0,MAIN,MAIN,2026-10-01 11:33:00.000,,,2026-10-01 11:33:00.000,9220.0,,,False,,2026-10-01 11:33:01.066,9220.0,1.066164,0.0,-0.05420054200542006,0.0,180,180.304,9220.0,0.0,-0.05420054200542006,0.10845986984815618,-0.6507592190889371,0.05420054200542006,-0.7046070460704607,COMPLETE,PULLBACK_V230,PULLBACK_SNAPSHOT_RECLAIM,신규/ON,pullback_structure_snapshot_v1,,,PULLBACK_63,
2026-10-01 11:36:05.481,v2.3.3,20261001_093370_PULLBACK_SNAPSHOT_DIRECT_2026-10-01:093370:2:60_113512304266,PULLBACK_SNAPSHOT_DIRECT,093370,후성,2026-10-01 11:35:04.297,15660.0,15650.0,MAIN,MAIN,2026-10-01 11:35:00.000,,,2026-10-01 11:35:00.000,15660.0,,,False,,2026-10-01 11:35:06.366,15650.0,6.366912,-0.06385696040868455,0.0,0.06385696040868455,60,61.184,15630.0,-0.19157088122605362,-0.12779552715654952,0.0,-0.2554278416347382,0.06389776357827476,-0.19169329073482427,COMPLETE,PULLBACK_V230,PULLBACK_SNAPSHOT_DIRECT,신규/ON,pullback_structure_snapshot_v1,,,PULLBACK_63,
2026-10-01 11:36:30.475,v2.3.3,20261001_093370_PULLBACK_SNAPSHOT_RECLAIM_2026-10-01:093370:2:60_113604039163,PULLBACK_SNAPSHOT_RECLAIM,093370,후성,2026-10-01 11:36:00.179,15630.0,15640.0,MAIN,MAIN,2026-10-01 11:36:00.000,,,2026-10-01 11:36:00.000,15630.0,,,False,,2026-10-01 11:36:00.274,15630.0,0.274732,0.0,-0.0639386189258312,0.0,30,30.297,15600.0,-0.19193857965451055,-0.2557544757033248,0.0,-0.19193857965451055,-0.0639386189258312,-0.2557544757033248,COMPLETE,PULLBACK_V230,PULLBACK_SNAPSHOT_RECLAIM,신규/ON,pullback_structure_snapshot_v1,,,PULLBACK_63,
2026-10-01 11:37:00.263,v2.3.3,20261001_439960_PULLBACK_SNAPSHOT_DIRECT_2026-10-01:439960:5:120_113212296228,PULLBACK_SNAPSHOT_DIRECT,439960,코스모로보틱스,2026-10-01 11:32:00.174,9150.0,9150.0,MAIN,MAIN,2026-10-01 11:32:00.000,,,2026-10-01 11:32:00.000,9150.0,,,False,,2026-10-01 11:32:00.174,9150.0,0.174074,0.0,0.0,0.0,300,300.089,9300.0,1.639344262295082,1.639344262295082,1.8579234972677594,-0.1092896174863388,1.8579234972677594,-0.1092896174863388,COMPLETE,PULLBACK_V230,PULLBACK_SNAPSHOT_DIRECT,신규/ON,pullback_structure_snapshot_v1,,,PULLBACK_63,
2026-10-01 11:37:00.823,v2.3.3,20261001_093370_PULLBACK_SNAPSHOT_RECLAIM_2026-10-01:093370:2:60_113604039163,PULLBACK_SNAPSHOT_RECLAIM,093370,후성,2026-10-01 11:36:00.179,15630.0,15640.0,MAIN,MAIN,2026-10-01 11:36:00.000,,,2026-10-01 11:36:00.000,15630.0,,,False,,2026-10-01 11:36:00.274,15630.0,0.274732,0.0,-0.0639386189258312,0.0,60,60.644,15600.0,-0.19193857965451055,-0.2557544757033248,0.0,-0.19193857965451055,-0.0639386189258312,-0.2557544757033248,COMPLETE,PULLBACK_V230,PULLBACK_SNAPSHOT_RECLAIM,신규/ON,pullback_structure_snapshot_v1,,,PULLBACK_63,
2026-10-01 11:37:04.367,v2.3.3,20261001_093370_PULLBACK_SNAPSHOT_DIRECT_2026-10-01:093370:2:60_113512304266,PULLBACK_SNAPSHOT_DIRECT,093370,후성,2026-10-01 11:35:04.297,15660.0,15650.0,MAIN,MAIN,2026-10-01 11:35:00.000,,,2026-10-01 11:35:00.000,15660.0,,,False,,2026-10-01 11:35:06.366,15650.0,6.366912,-0.06385696040868455,0.0,0.06385696040868455,120,120.071,15600.0,-0.38314176245210724,-0.3194888178913738,0.0,-0.38314176245210724,0.06389776357827476,-0.3194888178913738,COMPLETE,PULLBACK_V230,PULLBACK_SNAPSHOT_DIRECT,신규/ON,pullback_structure_snapshot_v1,,,PULLBACK_63,
2026-10-01 11:38:00.465,v2.3.3,20261001_093370_PULLBACK_SNAPSHOT_RECLAIM_2026-10-01:093370:2:60_113604039163,PULLBACK_SNAPSHOT_RECLAIM,093370,후성,2026-10-01 11:36:00.179,15630.0,15640.0,MAIN,MAIN,2026-10-01 11:36:00.000,,,2026-10-01 11:36:00.000,15630.0,,,False,,2026-10-01 11:36:00.274,15630.0,0.274732,0.0,-0.0639386189258312,0.0,120,120.286,15600.0,-0.19193857965451055,-0.2557544757033248,0.0,-0.3838771593090211,-0.0639386189258312,-0.4475703324808184,COMPLETE,PULLBACK_V230,PULLBACK_SNAPSHOT_RECLAIM,신규/ON,pullback_structure_snapshot_v1,,,PULLBACK_63,
2026-10-01 11:38:01.366,v2.3.3,20261001_439960_PULLBACK_SNAPSHOT_RECLAIM_2026-10-01:439960:5:120_113309687747,PULLBACK_SNAPSHOT_RECLAIM,439960,코스모로보틱스,2026-10-01 11:33:01.066,9220.0,9225.0,MAIN,MAIN,2026-10-01 11:33:00.000,,,2026-10-01 11:33:00.000,9220.0,,,False,,2026-10-01 11:33:01.066,9220.0,1.066164,0.0,-0.05420054200542006,0.0,300,300.3,9330.0,1.193058568329718,1.1382113821138211,1.193058568329718,-0.6507592190889371,1.1382113821138211,-0.7046070460704607,COMPLETE,PULLBACK_V230,PULLBACK_SNAPSHOT_RECLAIM,신규/ON,pullback_structure_snapshot_v1,,,PULLBACK_63,
2026-10-01 11:38:04.785,v2.3.3,20261001_093370_PULLBACK_SNAPSHOT_DIRECT_2026-10-01:093370:2:60_113512304266,PULLBACK_SNAPSHOT_DIRECT,093370,후성,2026-10-01 11:35:04.297,15660.0,15650.0,MAIN,MAIN,2026-10-01 11:35:00.000,,,2026-10-01 11:35:00.000,15660.0,,,False,,2026-10-01 11:35:06.366,15650.0,6.366912,-0.06385696040868455,0.0,0.06385696040868455,180,180.488,15600.0,-0.38314176245210724,-0.3194888178913738,0.0,-0.5747126436781609,0.06389776357827476,-0.5111821086261981,COMPLETE,PULLBACK_V230,PULLBACK_SNAPSHOT_DIRECT,신규/ON,pullback_structure_snapshot_v1,,,PULLBACK_63,
2026-10-01 11:39:00.262,v2.3.3,20261001_093370_PULLBACK_SNAPSHOT_RECLAIM_2026-10-01:093370:2:60_113604039163,PULLBACK_SNAPSHOT_RECLAIM,093370,후성,2026-10-01 11:36:00.179,15630.0,15640.0,MAIN,MAIN,2026-10-01 11:36:00.000,,,2026-10-01 11:36:00.000,15630.0,,,False,,2026-10-01 11:36:00.274,15630.0,0.274732,0.0,-0.0639386189258312,0.0,180,180.084,15600.0,-0.19193857965451055,-0.2557544757033248,0.0,-0.3838771593090211,-0.0639386189258312,-0.4475703324808184,COMPLETE,PULLBACK_V230,PULLBACK_SNAPSHOT_RECLAIM,신규/ON,pullback_structure_snapshot_v1,,,PULLBACK_63,
2026-10-01 11:40:06.968,v2.3.3,20261001_093370_PULLBACK_SNAPSHOT_DIRECT_2026-10-01:093370:2:60_113512304266,PULLBACK_SNAPSHOT_DIRECT,093370,후성,2026-10-01 11:35:04.297,15660.0,15650.0,MAIN,MAIN,2026-10-01 11:35:00.000,,,2026-10-01 11:35:00.000,15660.0,,,False,,2026-10-01 11:35:06.366,15650.0,6.366912,-0.06385696040868455,0.0,0.06385696040868455,300,302.671,15650.0,-0.06385696040868455,0.0,0.1277139208173691,-0.5747126436781609,0.19169329073482427,-0.5111821086261981,COMPLETE,PULLBACK_V230,PULLBACK_SNAPSHOT_DIRECT,신규/ON,pullback_structure_snapshot_v1,,,PULLBACK_63,
2026-10-01 11:41:00.578,v2.3.3,20261001_093370_PULLBACK_SNAPSHOT_RECLAIM_2026-10-01:093370:2:60_113604039163,PULLBACK_SNAPSHOT_RECLAIM,093370,후성,2026-10-01 11:36:00.179,15630.0,15640.0,MAIN,MAIN,2026-10-01 11:36:00.000,,,2026-10-01 11:36:00.000,15630.0,,,False,,2026-10-01 11:36:00.274,15630.0,0.274732,0.0,-0.0639386189258312,0.0,300,300.4,15660.0,0.19193857965451055,0.1278772378516624,0.3198976327575176,-0.3838771593090211,0.2557544757033248,-0.4475703324808184,COMPLETE,PULLBACK_V230,PULLBACK_SNAPSHOT_RECLAIM,신규/ON,pullback_structure_snapshot_v1,,,PULLBACK_63,
2026-10-01 11:41:33.164,v2.3.3,20261001_240810_PULLBACK_SNAPSHOT_DIRECT_2026-10-01:240810:2:90_114113311004,PULLBACK_SNAPSHOT_DIRECT,240810,원익IPS,2026-10-01 11:41:01.084,139100.0,139300.0,MAIN,MAIN,2026-10-01 11:41:00.000,,,2026-10-01 11:41:00.000,139100.0,,,False,,2026-10-01 11:41:02.180,139300.0,2.180706,0.14378145219266716,0.0,0.14378145219266716,30,32.079,139200.0,0.07189072609633358,-0.07178750897343862,0.14378145219266716,0.0,0.0,-0.14357501794687724,COMPLETE,PULLBACK_V230,PULLBACK_SNAPSHOT_DIRECT,신규/ON,pullback_structure_snapshot_v1,,,PULLBACK_63,
2026-10-01 11:42:02.283,v2.3.3,20261001_240810_PULLBACK_SNAPSHOT_DIRECT_2026-10-01:240810:2:90_114113311004,PULLBACK_SNAPSHOT_DIRECT,240810,원익IPS,2026-10-01 11:41:01.084,139100.0,139300.0,MAIN,MAIN,2026-10-01 11:41:00.000,,,2026-10-01 11:41:00.000,139100.0,,,False,,2026-10-01 11:41:02.180,139300.0,2.180706,0.14378145219266716,0.0,0.14378145219266716,60,61.199,139200.0,0.07189072609633358,-0.07178750897343862,0.14378145219266716,0.0,0.0,-0.14357501794687724,COMPLETE,PULLBACK_V230,PULLBACK_SNAPSHOT_DIRECT,신규/ON,pullback_structure_snapshot_v1,,,PULLBACK_63,
2026-10-01 11:42:31.562,v2.3.3,20261001_240810_PULLBACK_SNAPSHOT_RECLAIM_2026-10-01:240810:2:90_114204399430,PULLBACK_SNAPSHOT_RECLAIM,240810,원익IPS,2026-10-01 11:42:00.766,139200.0,139100.0,MAIN,MAIN,2026-10-01 11:42:00.000,,,2026-10-01 11:42:00.000,139200.0,,,False,,2026-10-01 11:42:02.283,139200.0,2.283545,0.0,0.07189072609633358,0.0,30,30.796,139100.0,-0.07183908045977011,0.0,0.0,-0.07183908045977011,0.07189072609633358,0.0,COMPLETE,PULLBACK_V230,PULLBACK_SNAPSHOT_RECLAIM,신규/ON,pullback_structure_snapshot_v1,,,PULLBACK_63,
2026-10-01 11:43:01.974,v2.3.3,20261001_240810_PULLBACK_SNAPSHOT_RECLAIM_2026-10-01:240810:2:90_114204399430,PULLBACK_SNAPSHOT_RECLAIM,240810,원익IPS,2026-10-01 11:42:00.766,139200.0,139100.0,MAIN,MAIN,2026-10-01 11:42:00.000,,,2026-10-01 11:42:00.000,139200.0,,,False,,2026-10-01 11:42:02.283,139200.0,2.283545,0.0,0.07189072609633358,0.0,60,61.208,139300.0,0.07183908045977011,0.14378145219266716,0.07183908045977011,-0.07183908045977011,0.14378145219266716,0.0,COMPLETE,PULLBACK_V230,PULLBACK_SNAPSHOT_RECLAIM,신규/ON,pullback_structure_snapshot_v1,,,PULLBACK_63,
2026-10-01 11:43:01.974,v2.3.3,20261001_240810_PULLBACK_SNAPSHOT_DIRECT_2026-10-01:240810:2:90_114113311004,PULLBACK_SNAPSHOT_DIRECT,240810,원익IPS,2026-10-01 11:41:01.084,139100.0,139300.0,MAIN,MAIN,2026-10-01 11:41:00.000,,,2026-10-01 11:41:00.000,139100.0,,,False,,2026-10-01 11:41:02.180,139300.0,2.180706,0.14378145219266716,0.0,0.14378145219266716,120,120.89,139300.0,0.14378145219266716,0.0,0.14378145219266716,0.0,0.0,-0.14357501794687724,COMPLETE,PULLBACK_V230,PULLBACK_SNAPSHOT_DIRECT,신규/ON,pullback_structure_snapshot_v1,,,PULLBACK_63,
2026-10-01 11:44:00.771,v2.3.3,20261001_240810_PULLBACK_SNAPSHOT_RECLAIM_2026-10-01:240810:2:90_114204399430,PULLBACK_SNAPSHOT_RECLAIM,240810,원익IPS,2026-10-01 11:42:00.766,139200.0,139100.0,MAIN,MAIN,2026-10-01 11:42:00.000,,,2026-10-01 11:42:00.000,139200.0,,,False,,2026-10-01 11:42:02.283,139200.0,2.283545,0.0,0.07189072609633358,0.0,120,120.005,139250.0,0.035919540229885055,0.10783608914450035,0.07183908045977011,-0.07183908045977011,0.14378145219266716,0.0,COMPLETE,PULLBACK_V230,PULLBACK_SNAPSHOT_RECLAIM,신규/ON,pullback_structure_snapshot_v1,,,PULLBACK_63,
2026-10-01 11:44:01.162,v2.3.3,20261001_240810_PULLBACK_SNAPSHOT_DIRECT_2026-10-01:240810:2:90_114113311004,PULLBACK_SNAPSHOT_DIRECT,240810,원익IPS,2026-10-01 11:41:01.084,139100.0,139300.0,MAIN,MAIN,2026-10-01 11:41:00.000,,,2026-10-01 11:41:00.000,139100.0,,,False,,2026-10-01 11:41:02.180,139300.0,2.180706,0.14378145219266716,0.0,0.14378145219266716,180,180.077,139200.0,0.07189072609633358,-0.07178750897343862,0.14378145219266716,0.0,0.0,-0.14357501794687724,COMPLETE,PULLBACK_V230,PULLBACK_SNAPSHOT_DIRECT,신규/ON,pullback_structure_snapshot_v1,,,PULLBACK_63,
2026-10-01 11:45:01.062,v2.3.3,20261001_240810_PULLBACK_SNAPSHOT_RECLAIM_2026-10-01:240810:2:90_114204399430,PULLBACK_SNAPSHOT_RECLAIM,240810,원익IPS,2026-10-01 11:42:00.766,139200.0,139100.0,MAIN,MAIN,2026-10-01 11:42:00.000,,,2026-10-01 11:42:00.000,139200.0,,,False,,2026-10-01 11:42:02.283,139200.0,2.283545,0.0,0.07189072609633358,0.0,180,180.296,139500.0,0.21551724137931033,0.28756290438533433,0.21551724137931033,-0.07183908045977011,0.28756290438533433,0.0,COMPLETE,PULLBACK_V230,PULLBACK_SNAPSHOT_RECLAIM,신규/ON,pullback_structure_snapshot_v1,,,PULLBACK_63,
2026-10-01 11:46:01.262,v2.3.3,20261001_240810_PULLBACK_SNAPSHOT_DIRECT_2026-10-01:240810:2:90_114113311004,PULLBACK_SNAPSHOT_DIRECT,240810,원익IPS,2026-10-01 11:41:01.084,139100.0,139300.0,MAIN,MAIN,2026-10-01 11:41:00.000,,,2026-10-01 11:41:00.000,139100.0,,,False,,2026-10-01 11:41:02.180,139300.0,2.180706,0.14378145219266716,0.0,0.14378145219266716,300,300.178,139200.0,0.07189072609633358,-0.07178750897343862,0.28756290438533433,0.0,0.14357501794687724,-0.14357501794687724,COMPLETE,PULLBACK_V230,PULLBACK_SNAPSHOT_DIRECT,신규/ON,pullback_structure_snapshot_v1,,,PULLBACK_63,
2026-10-01 11:47:01.067,v2.3.3,20261001_240810_PULLBACK_SNAPSHOT_RECLAIM_2026-10-01:240810:2:90_114204399430,PULLBACK_SNAPSHOT_RECLAIM,240810,원익IPS,2026-10-01 11:42:00.766,139200.0,139100.0,MAIN,MAIN,2026-10-01 11:42:00.000,,,2026-10-01 11:42:00.000,139200.0,,,False,,2026-10-01 11:42:02.283,139200.0,2.283545,0.0,0.07189072609633358,0.0,300,300.301,139300.0,0.07183908045977011,0.14378145219266716,0.21551724137931033,-0.07183908045977011,0.28756290438533433,0.0,COMPLETE,PULLBACK_V230,PULLBACK_SNAPSHOT_RECLAIM,신규/ON,pullback_structure_snapshot_v1,,,PULLBACK_63,
2026-10-01 11:47:32.162,v2.3.3,20261001_003160_PULLBACK_SNAPSHOT_RECLAIM_2026-10-01:003160:6:60_114710989850,PULLBACK_SNAPSHOT_RECLAIM,003160,디아이,2026-10-01 11:47:02.078,39400.0,39350.0,MAIN,MAIN,2026-10-01 11:47:00.000,,,2026-10-01 11:47:00.000,39400.0,,,False,,2026-10-01 11:47:05.061,39350.0,5.061983,-0.12690355329949238,0.0,0.12690355329949238,30,30.084,39450.0,0.12690355329949238,0.25412960609911056,0.12690355329949238,-0.12690355329949238,0.25412960609911056,0.0,COMPLETE,PULLBACK_V230,PULLBACK_SNAPSHOT_RECLAIM,신규/ON,pullback_structure_snapshot_v1,,,PULLBACK_63,
2026-10-01 11:48:02.468,v2.3.3,20261001_003160_PULLBACK_SNAPSHOT_RECLAIM_2026-10-01:003160:6:60_114710989850,PULLBACK_SNAPSHOT_RECLAIM,003160,디아이,2026-10-01 11:47:02.078,39400.0,39350.0,MAIN,MAIN,2026-10-01 11:47:00.000,,,2026-10-01 11:47:00.000,39400.0,,,False,,2026-10-01 11:47:05.061,39350.0,5.061983,-0.12690355329949238,0.0,0.12690355329949238,60,60.391,39400.0,0.0,0.12706480304955528,0.12690355329949238,-0.12690355329949238,0.25412960609911056,0.0,COMPLETE,PULLBACK_V230,PULLBACK_SNAPSHOT_RECLAIM,신규/ON,pullback_structure_snapshot_v1,,,PULLBACK_63,
2026-10-01 11:49:07.061,v2.3.3,20261001_003160_PULLBACK_SNAPSHOT_RECLAIM_2026-10-01:003160:6:60_114710989850,PULLBACK_SNAPSHOT_RECLAIM,003160,디아이,2026-10-01 11:47:02.078,39400.0,39350.0,MAIN,MAIN,2026-10-01 11:47:00.000,,,2026-10-01 11:47:00.000,39400.0,,,False,,2026-10-01 11:47:05.061,39350.0,5.061983,-0.12690355329949238,0.0,0.12690355329949238,120,124.984,39350.0,-0.12690355329949238,0.0,0.12690355329949238,-0.12690355329949238,0.25412960609911056,0.0,COMPLETE,PULLBACK_V230,PULLBACK_SNAPSHOT_RECLAIM,신규/ON,pullback_structure_snapshot_v1,,,PULLBACK_63,
2026-10-01 11:50:02.863,v2.3.3,20261001_003160_PULLBACK_SNAPSHOT_RECLAIM_2026-10-01:003160:6:60_114710989850,PULLBACK_SNAPSHOT_RECLAIM,003160,디아이,2026-10-01 11:47:02.078,39400.0,39350.0,MAIN,MAIN,2026-10-01 11:47:00.000,,,2026-10-01 11:47:00.000,39400.0,,,False,,2026-10-01 11:47:05.061,39350.0,5.061983,-0.12690355329949238,0.0,0.12690355329949238,180,180.786,39400.0,0.0,0.12706480304955528,0.12690355329949238,-0.12690355329949238,0.25412960609911056,0.0,COMPLETE,PULLBACK_V230,PULLBACK_SNAPSHOT_RECLAIM,신규/ON,pullback_structure_snapshot_v1,,,PULLBACK_63,
2026-10-01 11:52:03.360,v2.3.3,20261001_003160_PULLBACK_SNAPSHOT_RECLAIM_2026-10-01:003160:6:60_114710989850,PULLBACK_SNAPSHOT_RECLAIM,003160,디아이,2026-10-01 11:47:02.078,39400.0,39350.0,MAIN,MAIN,2026-10-01 11:47:00.000,,,2026-10-01 11:47:00.000,39400.0,,,False,,2026-10-01 11:47:05.061,39350.0,5.061983,-0.12690355329949238,0.0,0.12690355329949238,300,301.282,39400.0,0.0,0.12706480304955528,0.25380710659898476,-0.12690355329949238,0.3811944091486658,0.0,COMPLETE,PULLBACK_V230,PULLBACK_SNAPSHOT_RECLAIM,신규/ON,pullback_structure_snapshot_v1,,,PULLBACK_63,
2026-10-01 12:00:31.557,v2.3.3,20261001_003160_PULLBACK_SNAPSHOT_DIRECT_2026-10-01:003160:6:90_120021220606,PULLBACK_SNAPSHOT_DIRECT,003160,디아이,2026-10-01 12:00:01.060,39350.0,39350.0,MAIN,MAIN,2026-10-01 12:00:00.000,,,2026-10-01 12:00:00.000,39350.0,,,False,,2026-10-01 12:00:01.258,39350.0,1.258973,0.0,0.0,0.0,30,30.497,39400.0,0.12706480304955528,0.12706480304955528,0.12706480304955528,0.0,0.12706480304955528,0.0,COMPLETE,PULLBACK_V230,PULLBACK_SNAPSHOT_DIRECT,신규/ON,pullback_structure_snapshot_v1,,,PULLBACK_63,
2026-10-01 12:01:04.164,v2.3.3,20261001_003160_PULLBACK_SNAPSHOT_DIRECT_2026-10-01:003160:6:90_120021220606,PULLBACK_SNAPSHOT_DIRECT,003160,디아이,2026-10-01 12:00:01.060,39350.0,39350.0,MAIN,MAIN,2026-10-01 12:00:00.000,,,2026-10-01 12:00:00.000,39350.0,,,False,,2026-10-01 12:00:01.258,39350.0,1.258973,0.0,0.0,0.0,60,63.103,39350.0,0.0,0.0,0.25412960609911056,0.0,0.25412960609911056,0.0,COMPLETE,PULLBACK_V230,PULLBACK_SNAPSHOT_DIRECT,신규/ON,pullback_structure_snapshot_v1,,,PULLBACK_63,
2026-10-01 12:01:37.376,v2.3.3,20261001_003160_PULLBACK_SNAPSHOT_RECLAIM_2026-10-01:003160:6:90_120126850666,PULLBACK_SNAPSHOT_RECLAIM,003160,디아이,2026-10-01 12:01:06.563,39400.0,39350.0,MAIN,MAIN,2026-10-01 12:01:00.000,,,2026-10-01 12:01:00.000,39400.0,,,False,,2026-10-01 12:01:10.572,39350.0,10.572314,-0.12690355329949238,0.0,0.12690355329949238,30,30.812,39300.0,-0.25380710659898476,-0.12706480304955528,0.0,-0.25380710659898476,0.12706480304955528,-0.12706480304955528,COMPLETE,PULLBACK_V230,PULLBACK_SNAPSHOT_RECLAIM,신규/ON,pullback_structure_snapshot_v1,,,PULLBACK_63,
2026-10-01 12:02:01.158,v2.3.3,20261001_003160_PULLBACK_SNAPSHOT_DIRECT_2026-10-01:003160:6:90_120021220606,PULLBACK_SNAPSHOT_DIRECT,003160,디아이,2026-10-01 12:00:01.060,39350.0,39350.0,MAIN,MAIN,2026-10-01 12:00:00.000,,,2026-10-01 12:00:00.000,39350.0,,,False,,2026-10-01 12:00:01.258,39350.0,1.258973,0.0,0.0,0.0,120,120.098,39300.0,-0.12706480304955528,-0.12706480304955528,0.25412960609911056,-0.12706480304955528,0.25412960609911056,-0.12706480304955528,COMPLETE,PULLBACK_V230,PULLBACK_SNAPSHOT_DIRECT,신규/ON,pullback_structure_snapshot_v1,,,PULLBACK_63,
2026-10-01 12:02:06.971,v2.3.3,20261001_003160_PULLBACK_SNAPSHOT_RECLAIM_2026-10-01:003160:6:90_120126850666,PULLBACK_SNAPSHOT_RECLAIM,003160,디아이,2026-10-01 12:01:06.563,39400.0,39350.0,MAIN,MAIN,2026-10-01 12:01:00.000,,,2026-10-01 12:01:00.000,39400.0,,,False,,2026-10-01 12:01:10.572,39350.0,10.572314,-0.12690355329949238,0.0,0.12690355329949238,60,60.407,39300.0,-0.25380710659898476,-0.12706480304955528,0.0,-0.25380710659898476,0.12706480304955528,-0.12706480304955528,COMPLETE,PULLBACK_V230,PULLBACK_SNAPSHOT_RECLAIM,신규/ON,pullback_structure_snapshot_v1,,,PULLBACK_63,
2026-10-01 12:03:08.055,v2.3.3,20261001_003160_PULLBACK_SNAPSHOT_RECLAIM_2026-10-01:003160:6:90_120126850666,PULLBACK_SNAPSHOT_RECLAIM,003160,디아이,2026-10-01 12:01:06.563,39400.0,39350.0,MAIN,MAIN,2026-10-01 12:01:00.000,,,2026-10-01 12:01:00.000,39400.0,,,False,,2026-10-01 12:01:10.572,39350.0,10.572314,-0.12690355329949238,0.0,0.12690355329949238,120,121.492,39350.0,-0.12690355329949238,0.0,0.0,-0.25380710659898476,0.12706480304955528,-0.12706480304955528,COMPLETE,PULLBACK_V230,PULLBACK_SNAPSHOT_RECLAIM,신규/ON,pullback_structure_snapshot_v1,,,PULLBACK_63,
2026-10-01 12:03:08.055,v2.3.3,20261001_003160_PULLBACK_SNAPSHOT_DIRECT_2026-10-01:003160:6:90_120021220606,PULLBACK_SNAPSHOT_DIRECT,003160,디아이,2026-10-01 12:00:01.060,39350.0,39350.0,MAIN,MAIN,2026-10-01 12:00:00.000,,,2026-10-01 12:00:00.000,39350.0,,,False,,2026-10-01 12:00:01.258,39350.0,1.258973,0.0,0.0,0.0,180,186.995,39350.0,0.0,0.0,0.25412960609911056,-0.12706480304955528,0.25412960609911056,-0.12706480304955528,COMPLETE,PULLBACK_V230,PULLBACK_SNAPSHOT_DIRECT,신규/ON,pullback_structure_snapshot_v1,,,PULLBACK_63,
2026-10-01 12:04:08.467,v2.3.3,20261001_003160_PULLBACK_SNAPSHOT_RECLAIM_2026-10-01:003160:6:90_120126850666,PULLBACK_SNAPSHOT_RECLAIM,003160,디아이,2026-10-01 12:01:06.563,39400.0,39350.0,MAIN,MAIN,2026-10-01 12:01:00.000,,,2026-10-01 12:01:00.000,39400.0,,,False,,2026-10-01 12:01:10.572,39350.0,10.572314,-0.12690355329949238,0.0,0.12690355329949238,180,181.903,39400.0,0.0,0.12706480304955528,0.0,-0.25380710659898476,0.12706480304955528,-0.12706480304955528,COMPLETE,PULLBACK_V230,PULLBACK_SNAPSHOT_RECLAIM,신규/ON,pullback_structure_snapshot_v1,,,PULLBACK_63,
2026-10-01 12:05:01.061,v2.3.3,20261001_003160_PULLBACK_SNAPSHOT_DIRECT_2026-10-01:003160:6:90_120021220606,PULLBACK_SNAPSHOT_DIRECT,003160,디아이,2026-10-01 12:00:01.060,39350.0,39350.0,MAIN,MAIN,2026-10-01 12:00:00.000,,,2026-10-01 12:00:00.000,39350.0,,,False,,2026-10-01 12:00:01.258,39350.0,1.258973,0.0,0.0,0.0,300,300.001,39350.0,0.0,0.0,0.25412960609911056,-0.12706480304955528,0.25412960609911056,-0.12706480304955528,COMPLETE,PULLBACK_V230,PULLBACK_SNAPSHOT_DIRECT,신규/ON,pullback_structure_snapshot_v1,,,PULLBACK_63,
2026-10-01 12:05:34.556,v2.3.3,20261001_093370_PULLBACK_SNAPSHOT_DIRECT_2026-10-01:093370:2:90_120509782216,PULLBACK_SNAPSHOT_DIRECT,093370,후성,2026-10-01 12:05:02.156,15660.0,15660.0,MAIN,MAIN,2026-10-01 12:05:00.000,,,2026-10-01 12:05:00.000,15660.0,,,False,,2026-10-01 12:05:02.674,15650.0,2.674104,-0.06385696040868455,-0.06385696040868455,0.06385696040868455,30,32.399,15670.0,0.06385696040868455,0.06385696040868455,0.06385696040868455,-0.06385696040868455,0.06385696040868455,-0.06385696040868455,COMPLETE,PULLBACK_V230,PULLBACK_SNAPSHOT_DIRECT,신규/ON,pullback_structure_snapshot_v1,,,PULLBACK_63,
2026-10-01 12:06:02.758,v2.3.3,20261001_093370_PULLBACK_SNAPSHOT_DIRECT_2026-10-01:093370:2:90_120509782216,PULLBACK_SNAPSHOT_DIRECT,093370,후성,2026-10-01 12:05:02.156,15660.0,15660.0,MAIN,MAIN,2026-10-01 12:05:00.000,,,2026-10-01 12:05:00.000,15660.0,,,False,,2026-10-01 12:05:02.674,15650.0,2.674104,-0.06385696040868455,-0.06385696040868455,0.06385696040868455,60,60.602,15650.0,-0.06385696040868455,-0.06385696040868455,0.06385696040868455,-0.06385696040868455,0.06385696040868455,-0.06385696040868455,COMPLETE,PULLBACK_V230,PULLBACK_SNAPSHOT_DIRECT,신규/ON,pullback_structure_snapshot_v1,,,PULLBACK_63,
2026-10-01 12:06:08.118,v2.3.3,20261001_003160_PULLBACK_SNAPSHOT_RECLAIM_2026-10-01:003160:6:90_120126850666,PULLBACK_SNAPSHOT_RECLAIM,003160,디아이,2026-10-01 12:01:06.563,39400.0,39350.0,MAIN,MAIN,2026-10-01 12:01:00.000,,,2026-10-01 12:01:00.000,39400.0,,,False,,2026-10-01 12:01:10.572,39350.0,10.572314,-0.12690355329949238,0.0,0.12690355329949238,300,301.554,39400.0,0.0,0.12706480304955528,0.12690355329949238,-0.25380710659898476,0.25412960609911056,-0.12706480304955528,COMPLETE,PULLBACK_V230,PULLBACK_SNAPSHOT_RECLAIM,신규/ON,pullback_structure_snapshot_v1,,,PULLBACK_63,
2026-10-01 12:06:32.958,v2.3.3,20261001_093370_PULLBACK_SNAPSHOT_RECLAIM_2026-10-01:093370:2:90_120612455586,PULLBACK_SNAPSHOT_RECLAIM,093370,후성,2026-10-01 12:06:02.758,15650.0,15650.0,MAIN,MAIN,2026-10-01 12:06:00.000,,,2026-10-01 12:06:00.000,15650.0,,,False,,2026-10-01 12:06:03.059,15660.0,3.059556,0.06389776357827476,0.06389776357827476,0.06389776357827476,30,30.2,15610.0,-0.25559105431309903,-0.25559105431309903,0.06389776357827476,-0.25559105431309903,0.06389776357827476,-0.25559105431309903,COMPLETE,PULLBACK_V230,PULLBACK_SNAPSHOT_RECLAIM,신규/ON,pullback_structure_snapshot_v1,,,PULLBACK_63,
2026-10-01 12:07:02.856,v2.3.3,20261001_093370_PULLBACK_SNAPSHOT_RECLAIM_2026-10-01:093370:2:90_120612455586,PULLBACK_SNAPSHOT_RECLAIM,093370,후성,2026-10-01 12:06:02.758,15650.0,15650.0,MAIN,MAIN,2026-10-01 12:06:00.000,,,2026-10-01 12:06:00.000,15650.0,,,False,,2026-10-01 12:06:03.059,15660.0,3.059556,0.06389776357827476,0.06389776357827476,0.06389776357827476,60,60.097,15580.0,-0.44728434504792336,-0.44728434504792336,0.06389776357827476,-0.44728434504792336,0.06389776357827476,-0.44728434504792336,COMPLETE,PULLBACK_V230,PULLBACK_SNAPSHOT_RECLAIM,신규/ON,pullback_structure_snapshot_v1,,,PULLBACK_63,
2026-10-01 12:07:02.856,v2.3.3,20261001_093370_PULLBACK_SNAPSHOT_DIRECT_2026-10-01:093370:2:90_120509782216,PULLBACK_SNAPSHOT_DIRECT,093370,후성,2026-10-01 12:05:02.156,15660.0,15660.0,MAIN,MAIN,2026-10-01 12:05:00.000,,,2026-10-01 12:05:00.000,15660.0,,,False,,2026-10-01 12:05:02.674,15650.0,2.674104,-0.06385696040868455,-0.06385696040868455,0.06385696040868455,120,120.699,15580.0,-0.5108556832694764,-0.5108556832694764,0.06385696040868455,-0.5108556832694764,0.06385696040868455,-0.5108556832694764,COMPLETE,PULLBACK_V230,PULLBACK_SNAPSHOT_DIRECT,신규/ON,pullback_structure_snapshot_v1,,,PULLBACK_63,
2026-10-01 12:08:04.763,v2.3.3,20261001_093370_PULLBACK_SNAPSHOT_RECLAIM_2026-10-01:093370:2:90_120612455586,PULLBACK_SNAPSHOT_RECLAIM,093370,후성,2026-10-01 12:06:02.758,15650.0,15650.0,MAIN,MAIN,2026-10-01 12:06:00.000,,,2026-10-01 12:06:00.000,15650.0,,,False,,2026-10-01 12:06:03.059,15660.0,3.059556,0.06389776357827476,0.06389776357827476,0.06389776357827476,120,122.005,15580.0,-0.44728434504792336,-0.44728434504792336,0.06389776357827476,-0.5111821086261981,0.06389776357827476,-0.5111821086261981,COMPLETE,PULLBACK_V230,PULLBACK_SNAPSHOT_RECLAIM,신규/ON,pullback_structure_snapshot_v1,,,PULLBACK_63,
2026-10-01 12:08:04.763,v2.3.3,20261001_093370_PULLBACK_SNAPSHOT_DIRECT_2026-10-01:093370:2:90_120509782216,PULLBACK_SNAPSHOT_DIRECT,093370,후성,2026-10-01 12:05:02.156,15660.0,15660.0,MAIN,MAIN,2026-10-01 12:05:00.000,,,2026-10-01 12:05:00.000,15660.0,,,False,,2026-10-01 12:05:02.674,15650.0,2.674104,-0.06385696040868455,-0.06385696040868455,0.06385696040868455,180,182.607,15580.0,-0.5108556832694764,-0.5108556832694764,0.06385696040868455,-0.5747126436781609,0.06385696040868455,-0.5747126436781609,COMPLETE,PULLBACK_V230,PULLBACK_SNAPSHOT_DIRECT,신규/ON,pullback_structure_snapshot_v1,,,PULLBACK_63,
2026-10-01 12:09:03.255,v2.3.3,20261001_093370_PULLBACK_SNAPSHOT_RECLAIM_2026-10-01:093370:2:90_120612455586,PULLBACK_SNAPSHOT_RECLAIM,093370,후성,2026-10-01 12:06:02.758,15650.0,15650.0,MAIN,MAIN,2026-10-01 12:06:00.000,,,2026-10-01 12:06:00.000,15650.0,,,False,,2026-10-01 12:06:03.059,15660.0,3.059556,0.06389776357827476,0.06389776357827476,0.06389776357827476,180,180.496,15560.0,-0.5750798722044729,-0.5750798722044729,0.06389776357827476,-0.6389776357827476,0.06389776357827476,-0.6389776357827476,COMPLETE,PULLBACK_V230,PULLBACK_SNAPSHOT_RECLAIM,신규/ON,pullback_structure_snapshot_v1,,,PULLBACK_63,
2026-10-01 12:10:02.254,v2.3.3,20261001_093370_PULLBACK_SNAPSHOT_DIRECT_2026-10-01:093370:2:90_120509782216,PULLBACK_SNAPSHOT_DIRECT,093370,후성,2026-10-01 12:05:02.156,15660.0,15660.0,MAIN,MAIN,2026-10-01 12:05:00.000,,,2026-10-01 12:05:00.000,15660.0,,,False,,2026-10-01 12:05:02.674,15650.0,2.674104,-0.06385696040868455,-0.06385696040868455,0.06385696040868455,300,300.098,15540.0,-0.7662835249042145,-0.7662835249042145,0.06385696040868455,-0.8301404853128991,0.06385696040868455,-0.8301404853128991,COMPLETE,PULLBACK_V230,PULLBACK_SNAPSHOT_DIRECT,신규/ON,pullback_structure_snapshot_v1,,,PULLBACK_63,
2026-10-01 12:11:03.359,v2.3.3,20261001_093370_PULLBACK_SNAPSHOT_RECLAIM_2026-10-01:093370:2:90_120612455586,PULLBACK_SNAPSHOT_RECLAIM,093370,후성,2026-10-01 12:06:02.758,15650.0,15650.0,MAIN,MAIN,2026-10-01 12:06:00.000,,,2026-10-01 12:06:00.000,15650.0,,,False,,2026-10-01 12:06:03.059,15660.0,3.059556,0.06389776357827476,0.06389776357827476,0.06389776357827476,300,300.6,15550.0,-0.6389776357827476,-0.6389776357827476,0.06389776357827476,-0.7667731629392971,0.06389776357827476,-0.7667731629392971,COMPLETE,PULLBACK_V230,PULLBACK_SNAPSHOT_RECLAIM,신규/ON,pullback_structure_snapshot_v1,,,PULLBACK_63,
2026-10-01 12:11:36.955,v2.3.3,20261001_240810_PULLBACK_SNAPSHOT_DIRECT_2026-10-01:240810:2:120_121120124360,PULLBACK_SNAPSHOT_DIRECT,240810,원익IPS,2026-10-01 12:11:06.254,138400.0,138400.0,MAIN,MAIN,2026-10-01 12:11:00.000,,,2026-10-01 12:11:00.000,138400.0,,,False,,2026-10-01 12:11:06.466,138500.0,6.466267,0.0722543352601156,0.0722543352601156,0.0722543352601156,30,30.701,138500.0,0.0722543352601156,0.0722543352601156,0.0722543352601156,0.0,0.0722543352601156,0.0,COMPLETE,PULLBACK_V230,PULLBACK_SNAPSHOT_DIRECT,신규/ON,pullback_structure_snapshot_v1,,,PULLBACK_63,
2026-10-01 12:12:06.352,v2.3.3,20261001_240810_PULLBACK_SNAPSHOT_DIRECT_2026-10-01:240810:2:120_121120124360,PULLBACK_SNAPSHOT_DIRECT,240810,원익IPS,2026-10-01 12:11:06.254,138400.0,138400.0,MAIN,MAIN,2026-10-01 12:11:00.000,,,2026-10-01 12:11:00.000,138400.0,,,False,,2026-10-01 12:11:06.466,138500.0,6.466267,0.0722543352601156,0.0722543352601156,0.0722543352601156,60,60.098,138400.0,0.0,0.0,0.0722543352601156,0.0,0.0722543352601156,0.0,COMPLETE,PULLBACK_V230,PULLBACK_SNAPSHOT_DIRECT,신규/ON,pullback_structure_snapshot_v1,,,PULLBACK_63,
2026-10-01 12:12:32.055,v2.3.3,20261001_240810_PULLBACK_SNAPSHOT_RECLAIM_2026-10-01:240810:2:120_121209588792,PULLBACK_SNAPSHOT_RECLAIM,240810,원익IPS,2026-10-01 12:12:01.052,138500.0,138500.0,MAIN,MAIN,2026-10-01 12:12:00.000,,,2026-10-01 12:12:00.000,138500.0,,,False,,2026-10-01 12:12:02.569,138400.0,2.569494,-0.07220216606498195,-0.07220216606498195,0.07220216606498195,30,31.003,138400.0,-0.07220216606498195,-0.07220216606498195,0.0,-0.07220216606498195,0.0,-0.07220216606498195,COMPLETE,PULLBACK_V230,PULLBACK_SNAPSHOT_RECLAIM,신규/ON,pullback_structure_snapshot_v1,,,PULLBACK_63,
2026-10-01 12:13:01.353,v2.3.3,20261001_240810_PULLBACK_SNAPSHOT_RECLAIM_2026-10-01:240810:2:120_121209588792,PULLBACK_SNAPSHOT_RECLAIM,240810,원익IPS,2026-10-01 12:12:01.052,138500.0,138500.0,MAIN,MAIN,2026-10-01 12:12:00.000,,,2026-10-01 12:12:00.000,138500.0,,,False,,2026-10-01 12:12:02.569,138400.0,2.569494,-0.07220216606498195,-0.07220216606498195,0.07220216606498195,60,60.301,138400.0,-0.07220216606498195,-0.07220216606498195,0.0,-0.07220216606498195,0.0,-0.07220216606498195,COMPLETE,PULLBACK_V230,PULLBACK_SNAPSHOT_RECLAIM,신규/ON,pullback_structure_snapshot_v1,,,PULLBACK_63,
2026-10-01 12:13:06.357,v2.3.3,20261001_240810_PULLBACK_SNAPSHOT_DIRECT_2026-10-01:240810:2:120_121120124360,PULLBACK_SNAPSHOT_DIRECT,240810,원익IPS,2026-10-01 12:11:06.254,138400.0,138400.0,MAIN,MAIN,2026-10-01 12:11:00.000,,,2026-10-01 12:11:00.000,138400.0,,,False,,2026-10-01 12:11:06.466,138500.0,6.466267,0.0722543352601156,0.0722543352601156,0.0722543352601156,120,120.103,138500.0,0.0722543352601156,0.0722543352601156,0.0722543352601156,0.0,0.0722543352601156,0.0,COMPLETE,PULLBACK_V230,PULLBACK_SNAPSHOT_DIRECT,신규/ON,pullback_structure_snapshot_v1,,,PULLBACK_63,
2026-10-01 12:14:02.753,v2.3.3,20261001_240810_PULLBACK_SNAPSHOT_RECLAIM_2026-10-01:240810:2:120_121209588792,PULLBACK_SNAPSHOT_RECLAIM,240810,원익IPS,2026-10-01 12:12:01.052,138500.0,138500.0,MAIN,MAIN,2026-10-01 12:12:00.000,,,2026-10-01 12:12:00.000,138500.0,,,False,,2026-10-01 12:12:02.569,138400.0,2.569494,-0.07220216606498195,-0.07220216606498195,0.07220216606498195,120,121.701,138250.0,-0.18050541516245489,-0.18050541516245489,0.0,-0.21660649819494585,0.0,-0.21660649819494585,COMPLETE,PULLBACK_V230,PULLBACK_SNAPSHOT_RECLAIM,신규/ON,pullback_structure_snapshot_v1,,,PULLBACK_63,
2026-10-01 12:14:08.856,v2.3.3,20261001_240810_PULLBACK_SNAPSHOT_DIRECT_2026-10-01:240810:2:120_121120124360,PULLBACK_SNAPSHOT_DIRECT,240810,원익IPS,2026-10-01 12:11:06.254,138400.0,138400.0,MAIN,MAIN,2026-10-01 12:11:00.000,,,2026-10-01 12:11:00.000,138400.0,,,False,,2026-10-01 12:11:06.466,138500.0,6.466267,0.0722543352601156,0.0722543352601156,0.0722543352601156,180,182.602,138300.0,-0.0722543352601156,-0.0722543352601156,0.0722543352601156,-0.1445086705202312,0.0722543352601156,-0.1445086705202312,COMPLETE,PULLBACK_V230,PULLBACK_SNAPSHOT_DIRECT,신규/ON,pullback_structure_snapshot_v1,,,PULLBACK_63,
2026-10-01 12:15:01.250,v2.3.3,20261001_240810_PULLBACK_SNAPSHOT_RECLAIM_2026-10-01:240810:2:120_121209588792,PULLBACK_SNAPSHOT_RECLAIM,240810,원익IPS,2026-10-01 12:12:01.052,138500.0,138500.0,MAIN,MAIN,2026-10-01 12:12:00.000,,,2026-10-01 12:12:00.000,138500.0,,,False,,2026-10-01 12:12:02.569,138400.0,2.569494,-0.07220216606498195,-0.07220216606498195,0.07220216606498195,180,180.198,138100.0,-0.2888086642599278,-0.2888086642599278,0.0,-0.2888086642599278,0.0,-0.2888086642599278,COMPLETE,PULLBACK_V230,PULLBACK_SNAPSHOT_RECLAIM,신규/ON,pullback_structure_snapshot_v1,,,PULLBACK_63,
2026-10-01 12:16:09.662,v2.3.3,20261001_240810_PULLBACK_SNAPSHOT_DIRECT_2026-10-01:240810:2:120_121120124360,PULLBACK_SNAPSHOT_DIRECT,240810,원익IPS,2026-10-01 12:11:06.254,138400.0,138400.0,MAIN,MAIN,2026-10-01 12:11:00.000,,,2026-10-01 12:11:00.000,138400.0,,,False,,2026-10-01 12:11:06.466,138500.0,6.466267,0.0722543352601156,0.0722543352601156,0.0722543352601156,300,303.407,138200.0,-0.1445086705202312,-0.1445086705202312,0.0722543352601156,-0.2890173410404624,0.0722543352601156,-0.2890173410404624,COMPLETE,PULLBACK_V230,PULLBACK_SNAPSHOT_DIRECT,신규/ON,pullback_structure_snapshot_v1,,,PULLBACK_63,
2026-10-01 12:17:06.554,v2.3.3,20261001_240810_PULLBACK_SNAPSHOT_RECLAIM_2026-10-01:240810:2:120_121209588792,PULLBACK_SNAPSHOT_RECLAIM,240810,원익IPS,2026-10-01 12:12:01.052,138500.0,138500.0,MAIN,MAIN,2026-10-01 12:12:00.000,,,2026-10-01 12:12:00.000,138500.0,,,False,,2026-10-01 12:12:02.569,138400.0,2.569494,-0.07220216606498195,-0.07220216606498195,0.07220216606498195,300,305.502,138200.0,-0.21660649819494585,-0.21660649819494585,0.0,-0.36101083032490977,0.0,-0.36101083032490977,COMPLETE,PULLBACK_V230,PULLBACK_SNAPSHOT_RECLAIM,신규/ON,pullback_structure_snapshot_v1,,,PULLBACK_63,
2026-10-01 12:23:05.355,v2.3.3,20261001_396300_BASE_E014_122235324397,BASE,396300,HT로보틱스,2026-10-01 12:22:35.324,6320.0,6326.32,MAIN,MAIN,2026-10-01 12:22:35.259,2026-10-01 12:22:35.259,6320.0,2026-10-01 12:22:35.259,6320.0,0.0,0.0,False,,2026-10-01 12:22:35.458,6360.0,0.199215,0.6329113924050633,0.5323790133916763,0.6329113924050633,30,30.031,6340.0,0.31645569620253167,0.21623945674579045,0.949367088607595,-0.15822784810126583,0.8485185700375619,-0.2579698782230382,COMPLETE,,BASE,,,,,,
2026-10-01 12:23:35.550,v2.3.3,20261001_396300_BASE_E014_122235324397,BASE,396300,HT로보틱스,2026-10-01 12:22:35.324,6320.0,6326.32,MAIN,MAIN,2026-10-01 12:22:35.259,2026-10-01 12:22:35.259,6320.0,2026-10-01 12:22:35.259,6320.0,0.0,0.0,False,,2026-10-01 12:22:35.458,6360.0,0.199215,0.6329113924050633,0.5323790133916763,0.6329113924050633,60,60.226,6320.0,0.0,-0.0999000999000953,0.949367088607595,-0.15822784810126583,0.8485185700375619,-0.2579698782230382,COMPLETE,,BASE,,,,,,
2026-10-01 12:24:35.351,v2.3.3,20261001_396300_BASE_E014_122235324397,BASE,396300,HT로보틱스,2026-10-01 12:22:35.324,6320.0,6326.32,MAIN,MAIN,2026-10-01 12:22:35.259,2026-10-01 12:22:35.259,6320.0,2026-10-01 12:22:35.259,6320.0,0.0,0.0,False,,2026-10-01 12:22:35.458,6360.0,0.199215,0.6329113924050633,0.5323790133916763,0.6329113924050633,120,120.027,6340.0,0.31645569620253167,0.21623945674579045,0.949367088607595,-0.31645569620253167,0.8485185700375619,-0.41603965654598113,COMPLETE,,BASE,,,,,,
2026-10-01 12:25:35.348,v2.3.3,20261001_396300_BASE_E014_122235324397,BASE,396300,HT로보틱스,2026-10-01 12:22:35.324,6320.0,6326.32,MAIN,MAIN,2026-10-01 12:22:35.259,2026-10-01 12:22:35.259,6320.0,2026-10-01 12:22:35.259,6320.0,0.0,0.0,False,,2026-10-01 12:22:35.458,6360.0,0.199215,0.6329113924050633,0.5323790133916763,0.6329113924050633,180,180.024,6310.0,-0.15822784810126583,-0.2579698782230382,0.949367088607595,-0.31645569620253167,0.8485185700375619,-0.41603965654598113,COMPLETE,,BASE,,,,,,
2026-10-01 12:27:35.348,v2.3.3,20261001_396300_BASE_E014_122235324397,BASE,396300,HT로보틱스,2026-10-01 12:22:35.324,6320.0,6326.32,MAIN,MAIN,2026-10-01 12:22:35.259,2026-10-01 12:22:35.259,6320.0,2026-10-01 12:22:35.259,6320.0,0.0,0.0,False,,2026-10-01 12:22:35.458,6360.0,0.199215,0.6329113924050633,0.5323790133916763,0.6329113924050633,300,300.025,6370.0,0.7911392405063291,0.6904487917146191,0.949367088607595,-0.31645569620253167,0.8485185700375619,-0.41603965654598113,COMPLETE,,BASE,,,,,,
2026-10-01 12:28:30.946,v2.3.3,20261001_266690_PULLBACK_SNAPSHOT_DIRECT_2026-10-01:266690:5:90_122804943164,PULLBACK_SNAPSHOT_DIRECT,266690,덕산넵코어스,2026-10-01 12:28:00.750,18190.0,18180.0,MAIN,MAIN,2026-10-01 12:28:00.000,2026-10-01 09:31:23.066,19630.0,2026-10-01 12:28:00.000,18190.0,10596.933773,-7.335710646968929,False,,2026-10-01 12:28:00.847,18190.0,0.847429,0.0,0.055005500550055,0.0,30,30.197,18030.0,-0.8796041781198461,-0.825082508250825,0.0,-0.8796041781198461,0.055005500550055,-0.825082508250825,COMPLETE,PULLBACK_V230,PULLBACK_SNAPSHOT_DIRECT,신규/ON,pullback_structure_snapshot_v1,,,PULLBACK_63,
2026-10-01 12:29:00.847,v2.3.3,20261001_266690_PULLBACK_SNAPSHOT_DIRECT_2026-10-01:266690:5:90_122804943164,PULLBACK_SNAPSHOT_DIRECT,266690,덕산넵코어스,2026-10-01 12:28:00.750,18190.0,18180.0,MAIN,MAIN,2026-10-01 12:28:00.000,2026-10-01 09:31:23.066,19630.0,2026-10-01 12:28:00.000,18190.0,10596.933773,-7.335710646968929,False,,2026-10-01 12:28:00.847,18190.0,0.847429,0.0,0.055005500550055,0.0,60,60.097,18070.0,-0.6597031335898845,-0.605060506050605,0.0,-0.9895547003848268,0.055005500550055,-0.935093509350935,COMPLETE,PULLBACK_V230,PULLBACK_SNAPSHOT_DIRECT,신규/ON,pullback_structure_snapshot_v1,,,PULLBACK_63,
2026-10-01 12:30:00.846,v2.3.3,20261001_266690_PULLBACK_SNAPSHOT_DIRECT_2026-10-01:266690:5:90_122804943164,PULLBACK_SNAPSHOT_DIRECT,266690,덕산넵코어스,2026-10-01 12:28:00.750,18190.0,18180.0,MAIN,MAIN,2026-10-01 12:28:00.000,2026-10-01 09:31:23.066,19630.0,2026-10-01 12:28:00.000,18190.0,10596.933773,-7.335710646968929,False,,2026-10-01 12:28:00.847,18190.0,0.847429,0.0,0.055005500550055,0.0,120,120.096,18060.0,-0.7146783947223749,-0.6600660066006601,0.0,-0.9895547003848268,0.055005500550055,-0.935093509350935,COMPLETE,PULLBACK_V230,PULLBACK_SNAPSHOT_DIRECT,신규/ON,pullback_structure_snapshot_v1,,,PULLBACK_63,
2026-10-01 12:30:36.170,v2.3.3,20261001_005290_PULLBACK_BALANCE_BREAKOUT_2026-10-01:005290:1_123017763117,PULLBACK_BALANCE_BREAKOUT,005290,동진쎄미켐,2026-10-01 12:30:01.547,52000.0,51900.0,MAIN,MAIN,2026-10-01 12:30:00.000,,,2026-10-01 12:30:00.000,52000.0,,,False,,2026-10-01 12:30:03.647,51900.0,3.647505,-0.19230769230769232,0.0,0.19230769230769232,30,34.623,52000.0,0.0,0.1926782273603083,0.0,-0.19230769230769232,0.1926782273603083,0.0,COMPLETE,PULLBACK_V230,PULLBACK_BALANCE_BREAKOUT,신규/ON,,,,PULLBACK_63,
2026-10-01 12:30:36.857,v2.3.3,20261001_003160_PULLBACK_SNAPSHOT_DIRECT_2026-10-01:003160:6:120_123021821701,PULLBACK_SNAPSHOT_DIRECT,003160,디아이,2026-10-01 12:30:03.851,39500.0,39500.0,MAIN,MAIN,2026-10-01 12:30:00.000,,,2026-10-01 12:30:00.000,39500.0,,,False,,2026-10-01 12:30:05.447,39500.0,5.447082,0.0,0.0,0.0,30,33.006,39450.0,-0.12658227848101267,-0.12658227848101267,0.0,-0.12658227848101267,0.0,-0.12658227848101267,COMPLETE,PULLBACK_V230,PULLBACK_SNAPSHOT_DIRECT,신규/ON,pullback_structure_snapshot_v1,,,PULLBACK_63,
2026-10-01 12:31:01.158,v2.3.3,20261001_266690_PULLBACK_SNAPSHOT_DIRECT_2026-10-01:266690:5:90_122804943164,PULLBACK_SNAPSHOT_DIRECT,266690,덕산넵코어스,2026-10-01 12:28:00.750,18190.0,18180.0,MAIN,MAIN,2026-10-01 12:28:00.000,2026-10-01 09:31:23.066,19630.0,2026-10-01 12:28:00.000,18190.0,10596.933773,-7.335710646968929,False,,2026-10-01 12:28:00.847,18190.0,0.847429,0.0,0.055005500550055,0.0,180,180.409,18120.0,-0.38482682792743267,-0.33003300330033003,0.0,-0.9895547003848268,0.055005500550055,-0.935093509350935,COMPLETE,PULLBACK_V230,PULLBACK_SNAPSHOT_DIRECT,신규/ON,pullback_structure_snapshot_v1,,,PULLBACK_63,
2026-10-01 12:31:02.356,v2.3.3,20261001_005290_PULLBACK_BALANCE_BREAKOUT_2026-10-01:005290:1_123017763117,PULLBACK_BALANCE_BREAKOUT,005290,동진쎄미켐,2026-10-01 12:30:01.547,52000.0,51900.0,MAIN,MAIN,2026-10-01 12:30:00.000,,,2026-10-01 12:30:00.000,52000.0,,,False,,2026-10-01 12:30:03.647,51900.0,3.647505,-0.19230769230769232,0.0,0.19230769230769232,60,60.809,51900.0,-0.19230769230769232,0.0,0.0,-0.19230769230769232,0.1926782273603083,0.0,COMPLETE,PULLBACK_V230,PULLBACK_BALANCE_BREAKOUT,신규/ON,,,,PULLBACK_63,
2026-10-01 12:31:04.247,v2.3.3,20261001_003160_PULLBACK_SNAPSHOT_DIRECT_2026-10-01:003160:6:120_123021821701,PULLBACK_SNAPSHOT_DIRECT,003160,디아이,2026-10-01 12:30:03.851,39500.0,39500.0,MAIN,MAIN,2026-10-01 12:30:00.000,,,2026-10-01 12:30:00.000,39500.0,,,False,,2026-10-01 12:30:05.447,39500.0,5.447082,0.0,0.0,0.0,60,60.396,39450.0,-0.12658227848101267,-0.12658227848101267,0.0,-0.12658227848101267,0.0,-0.12658227848101267,COMPLETE,PULLBACK_V230,PULLBACK_SNAPSHOT_DIRECT,신규/ON,pullback_structure_snapshot_v1,,,PULLBACK_63,
2026-10-01 12:31:31.954,v2.3.3,20261001_001820_PULLBACK_STRUCTURE_ENTRY_2026-10-01:001820:2_123124228471,PULLBACK_STRUCTURE_ENTRY,001820,삼화콘덴서,2026-10-01 12:31:01.062,161500.0,161500.0,MAIN,MAIN,2026-10-01 12:31:00.000,2026-10-01 11:26:59.587,160500.0,2026-10-01 12:31:00.000,161500.0,3840.412301,0.6230529595015577,False,,2026-10-01 12:31:01.158,161500.0,1.158908,0.0,0.0,0.0,30,30.892,161500.0,0.0,0.0,0.061919504643962855,0.0,0.061919504643962855,0.0,COMPLETE,PULLBACK_V230,PULLBACK_STRUCTURE_ENTRY,신규/ON,pullback_structure_snapshot_v1,,,PULLBACK_63,
2026-10-01 12:31:36.051,v2.3.3,20261001_003160_PULLBACK_SNAPSHOT_RECLAIM_2026-10-01:003160:6:120_123132205502,PULLBACK_SNAPSHOT_RECLAIM,003160,디아이,2026-10-01 12:31:04.247,39450.0,39450.0,MAIN,MAIN,2026-10-01 12:31:00.000,,,2026-10-01 12:31:00.000,39450.0,,,False,,2026-10-01 12:31:05.965,39450.0,5.965724,0.0,0.0,0.0,30,31.804,39450.0,0.0,0.0,0.12674271229404308,0.0,0.12674271229404308,0.0,COMPLETE,PULLBACK_V230,PULLBACK_SNAPSHOT_RECLAIM,신규/ON,pullback_structure_snapshot_v1,,,PULLBACK_63,
2026-10-01 12:31:36.350,v2.3.3,20261001_043260_PULLBACK_SNAPSHOT_RECLAIM_2026-10-01:043260:2:30_123128668664,PULLBACK_SNAPSHOT_RECLAIM,043260,성호전자,2026-10-01 12:31:04.051,27700.0,27700.0,MAIN,MAIN,2026-10-01 12:31:00.000,2026-10-01 10:29:55.742,27850.0,2026-10-01 12:31:00.000,27700.0,7264.257071,-0.538599640933568,False,,2026-10-01 12:31:09.251,27700.0,9.251307,0.0,0.0,0.0,30,32.299,27650.0,-0.18050541516245489,-0.18050541516245489,0.0,-0.18050541516245489,0.0,-0.18050541516245489,COMPLETE,PULLBACK_V230,PULLBACK_SNAPSHOT_RECLAIM,신규/ON,pullback_structure_snapshot_v1,,,PULLBACK_63,
2026-10-01 12:32:01.353,v2.3.3,20261001_001820_PULLBACK_STRUCTURE_ENTRY_2026-10-01:001820:2_123124228471,PULLBACK_STRUCTURE_ENTRY,001820,삼화콘덴서,2026-10-01 12:31:01.062,161500.0,161500.0,MAIN,MAIN,2026-10-01 12:31:00.000,2026-10-01 11:26:59.587,160500.0,2026-10-01 12:31:00.000,161500.0,3840.412301,0.6230529595015577,False,,2026-10-01 12:31:01.158,161500.0,1.158908,0.0,0.0,0.0,60,60.29,161700.0,0.12383900928792571,0.12383900928792571,0.12383900928792571,0.0,0.12383900928792571,0.0,COMPLETE,PULLBACK_V230,PULLBACK_STRUCTURE_ENTRY,신규/ON,pullback_structure_snapshot_v1,,,PULLBACK_63,
2026-10-01 12:32:01.553,v2.3.3,20261001_005290_PULLBACK_BALANCE_BREAKOUT_2026-10-01:005290:1_123017763117,PULLBACK_BALANCE_BREAKOUT,005290,동진쎄미켐,2026-10-01 12:30:01.547,52000.0,51900.0,MAIN,MAIN,2026-10-01 12:30:00.000,,,2026-10-01 12:30:00.000,52000.0,,,False,,2026-10-01 12:30:03.647,51900.0,3.647505,-0.19230769230769232,0.0,0.19230769230769232,120,120.006,51950.0,-0.09615384615384616,0.09633911368015415,0.0,-0.19230769230769232,0.1926782273603083,0.0,COMPLETE,PULLBACK_V230,PULLBACK_BALANCE_BREAKOUT,신규/ON,,,,PULLBACK_63,
2026-10-01 12:32:04.059,v2.3.3,20261001_003160_PULLBACK_SNAPSHOT_DIRECT_2026-10-01:003160:6:120_123021821701,PULLBACK_SNAPSHOT_DIRECT,003160,디아이,2026-10-01 12:30:03.851,39500.0,39500.0,MAIN,MAIN,2026-10-01 12:30:00.000,,,2026-10-01 12:30:00.000,39500.0,,,False,,2026-10-01 12:30:05.447,39500.0,5.447082,0.0,0.0,0.0,120,120.208,39450.0,-0.12658227848101267,-0.12658227848101267,0.0,-0.12658227848101267,0.0,-0.12658227848101267,COMPLETE,PULLBACK_V230,PULLBACK_SNAPSHOT_DIRECT,신규/ON,pullback_structure_snapshot_v1,,,PULLBACK_63,
2026-10-01 12:32:06.360,v2.3.3,20261001_003160_PULLBACK_SNAPSHOT_RECLAIM_2026-10-01:003160:6:120_123132205502,PULLBACK_SNAPSHOT_RECLAIM,003160,디아이,2026-10-01 12:31:04.247,39450.0,39450.0,MAIN,MAIN,2026-10-01 12:31:00.000,,,2026-10-01 12:31:00.000,39450.0,,,False,,2026-10-01 12:31:05.965,39450.0,5.965724,0.0,0.0,0.0,60,62.113,39500.0,0.12674271229404308,0.12674271229404308,0.12674271229404308,0.0,0.12674271229404308,0.0,COMPLETE,PULLBACK_V230,PULLBACK_SNAPSHOT_RECLAIM,신규/ON,pullback_structure_snapshot_v1,,,PULLBACK_63,
2026-10-01 12:32:07.151,v2.3.3,20261001_043260_PULLBACK_SNAPSHOT_RECLAIM_2026-10-01:043260:2:30_123128668664,PULLBACK_SNAPSHOT_RECLAIM,043260,성호전자,2026-10-01 12:31:04.051,27700.0,27700.0,MAIN,MAIN,2026-10-01 12:31:00.000,2026-10-01 10:29:55.742,27850.0,2026-10-01 12:31:00.000,27700.0,7264.257071,-0.538599640933568,False,,2026-10-01 12:31:09.251,27700.0,9.251307,0.0,0.0,0.0,60,63.099,27700.0,0.0,0.0,0.0,-0.18050541516245489,0.0,-0.18050541516245489,COMPLETE,PULLBACK_V230,PULLBACK_SNAPSHOT_RECLAIM,신규/ON,pullback_structure_snapshot_v1,,,PULLBACK_63,
2026-10-01 12:32:32.463,v2.3.3,20261001_439960_PULLBACK_SNAPSHOT_DIRECT_2026-10-01:439960:5:180_123225061014,PULLBACK_SNAPSHOT_DIRECT,439960,코스모로보틱스,2026-10-01 12:32:01.446,8960.0,8970.0,MAIN,MAIN,2026-10-01 12:32:00.000,,,2026-10-01 12:32:00.000,8960.0,,,False,,2026-10-01 12:32:02.248,8970.0,2.248558,0.11160714285714285,0.0,0.11160714285714285,30,31.017,8960.0,0.0,-0.11148272017837235,0.2232142857142857,-0.2232142857142857,0.11148272017837235,-0.33444816053511706,COMPLETE,PULLBACK_V230,PULLBACK_SNAPSHOT_DIRECT,신규/ON,pullback_structure_snapshot_v1,,,PULLBACK_63,
2026-10-01 12:33:00.767,v2.3.3,20261001_266690_PULLBACK_SNAPSHOT_DIRECT_2026-10-01:266690:5:90_122804943164,PULLBACK_SNAPSHOT_DIRECT,266690,덕산넵코어스,2026-10-01 12:28:00.750,18190.0,18180.0,MAIN,MAIN,2026-10-01 12:28:00.000,2026-10-01 09:31:23.066,19630.0,2026-10-01 12:28:00.000,18190.0,10596.933773,-7.335710646968929,False,,2026-10-01 12:28:00.847,18190.0,0.847429,0.0,0.055005500550055,0.0,300,300.017,18070.0,-0.6597031335898845,-0.605060506050605,0.0,-0.9895547003848268,0.055005500550055,-0.935093509350935,COMPLETE,PULLBACK_V230,PULLBACK_SNAPSHOT_DIRECT,신규/ON,pullback_structure_snapshot_v1,,,PULLBACK_63,
2026-10-01 12:33:01.346,v2.3.3,20261001_001820_PULLBACK_STRUCTURE_ENTRY_2026-10-01:001820:2_123124228471,PULLBACK_STRUCTURE_ENTRY,001820,삼화콘덴서,2026-10-01 12:31:01.062,161500.0,161500.0,MAIN,MAIN,2026-10-01 12:31:00.000,2026-10-01 11:26:59.587,160500.0,2026-10-01 12:31:00.000,161500.0,3840.412301,0.6230529595015577,False,,2026-10-01 12:31:01.158,161500.0,1.158908,0.0,0.0,0.0,120,120.284,162400.0,0.5572755417956656,0.5572755417956656,0.5572755417956656,0.0,0.5572755417956656,0.0,COMPLETE,PULLBACK_V230,PULLBACK_STRUCTURE_ENTRY,신규/ON,pullback_structure_snapshot_v1,,,PULLBACK_63,
2026-10-01 12:33:01.767,v2.3.3,20261001_439960_PULLBACK_SNAPSHOT_DIRECT_2026-10-01:439960:5:180_123225061014,PULLBACK_SNAPSHOT_DIRECT,439960,코스모로보틱스,2026-10-01 12:32:01.446,8960.0,8970.0,MAIN,MAIN,2026-10-01 12:32:00.000,,,2026-10-01 12:32:00.000,8960.0,,,False,,2026-10-01 12:32:02.248,8970.0,2.248558,0.11160714285714285,0.0,0.11160714285714285,60,60.321,8950.0,-0.11160714285714285,-0.2229654403567447,0.2232142857142857,-0.2232142857142857,0.11148272017837235,-0.33444816053511706,COMPLETE,PULLBACK_V230,PULLBACK_SNAPSHOT_DIRECT,신규/ON,pullback_structure_snapshot_v1,,,PULLBACK_63,
2026-10-01 12:33:03.264,v2.3.3,20261001_005290_PULLBACK_BALANCE_BREAKOUT_2026-10-01:005290:1_123017763117,PULLBACK_BALANCE_BREAKOUT,005290,동진쎄미켐,2026-10-01 12:30:01.547,52000.0,51900.0,MAIN,MAIN,2026-10-01 12:30:00.000,,,2026-10-01 12:30:00.000,52000.0,,,False,,2026-10-01 12:30:03.647,51900.0,3.647505,-0.19230769230769232,0.0,0.19230769230769232,180,181.718,52000.0,0.0,0.1926782273603083,0.0,-0.19230769230769232,0.1926782273603083,0.0,COMPLETE,PULLBACK_V230,PULLBACK_BALANCE_BREAKOUT,신규/ON,,,,PULLBACK_63,
2026-10-01 12:33:04.470,v2.3.3,20261001_043260_PULLBACK_SNAPSHOT_RECLAIM_2026-10-01:043260:2:30_123128668664,PULLBACK_SNAPSHOT_RECLAIM,043260,성호전자,2026-10-01 12:31:04.051,27700.0,27700.0,MAIN,MAIN,2026-10-01 12:31:00.000,2026-10-01 10:29:55.742,27850.0,2026-10-01 12:31:00.000,27700.0,7264.257071,-0.538599640933568,False,,2026-10-01 12:31:09.251,27700.0,9.251307,0.0,0.0,0.0,120,120.419,27650.0,-0.18050541516245489,-0.18050541516245489,0.0,-0.18050541516245489,0.0,-0.18050541516245489,COMPLETE,PULLBACK_V230,PULLBACK_SNAPSHOT_RECLAIM,신규/ON,pullback_structure_snapshot_v1,,,PULLBACK_63,
2026-10-01 12:33:12.948,v2.3.3,20261001_003160_PULLBACK_SNAPSHOT_DIRECT_2026-10-01:003160:6:120_123021821701,PULLBACK_SNAPSHOT_DIRECT,003160,디아이,2026-10-01 12:30:03.851,39500.0,39500.0,MAIN,MAIN,2026-10-01 12:30:00.000,,,2026-10-01 12:30:00.000,39500.0,,,False,,2026-10-01 12:30:05.447,39500.0,5.447082,0.0,0.0,0.0,180,189.097,39500.0,0.0,0.0,0.12658227848101267,-0.12658227848101267,0.12658227848101267,-0.12658227848101267,COMPLETE,PULLBACK_V230,PULLBACK_SNAPSHOT_DIRECT,신규/ON,pullback_structure_snapshot_v1,,,PULLBACK_63,
2026-10-01 12:33:12.948,v2.3.3,20261001_003160_PULLBACK_SNAPSHOT_RECLAIM_2026-10-01:003160:6:120_123132205502,PULLBACK_SNAPSHOT_RECLAIM,003160,디아이,2026-10-01 12:31:04.247,39450.0,39450.0,MAIN,MAIN,2026-10-01 12:31:00.000,,,2026-10-01 12:31:00.000,39450.0,,,False,,2026-10-01 12:31:05.965,39450.0,5.965724,0.0,0.0,0.0,120,128.701,39500.0,0.12674271229404308,0.12674271229404308,0.25348542458808615,0.0,0.25348542458808615,0.0,COMPLETE,PULLBACK_V230,PULLBACK_SNAPSHOT_RECLAIM,신규/ON,pullback_structure_snapshot_v1,,,PULLBACK_63,
2026-10-01 12:33:31.049,v2.3.3,20261001_439960_PULLBACK_SNAPSHOT_RECLAIM_2026-10-01:439960:5:180_123331803703,PULLBACK_SNAPSHOT_RECLAIM,439960,코스모로보틱스,2026-10-01 12:33:00.658,8950.0,8950.0,MAIN,MAIN,2026-10-01 12:33:00.000,,,2026-10-01 12:33:00.000,8950.0,,,False,,2026-10-01 12:33:01.346,8950.0,1.346389,0.0,0.0,0.0,30,30.39,8950.0,0.0,0.0,0.33519553072625696,-0.11173184357541899,0.33519553072625696,-0.11173184357541899,COMPLETE,PULLBACK_V230,PULLBACK_SNAPSHOT_RECLAIM,신규/ON,pullback_structure_snapshot_v1,,,PULLBACK_63,
2026-10-01 12:34:00.966,v2.3.3,20261001_439960_PULLBACK_SNAPSHOT_RECLAIM_2026-10-01:439960:5:180_123331803703,PULLBACK_SNAPSHOT_RECLAIM,439960,코스모로보틱스,2026-10-01 12:33:00.658,8950.0,8950.0,MAIN,MAIN,2026-10-01 12:33:00.000,,,2026-10-01 12:33:00.000,8950.0,,,False,,2026-10-01 12:33:01.346,8950.0,1.346389,0.0,0.0,0.0,60,60.308,8950.0,0.0,0.0,0.33519553072625696,-0.11173184357541899,0.33519553072625696,-0.11173184357541899,COMPLETE,PULLBACK_V230,PULLBACK_SNAPSHOT_RECLAIM,신규/ON,pullback_structure_snapshot_v1,,,PULLBACK_63,
2026-10-01 12:34:01.447,v2.3.3,20261001_439960_PULLBACK_SNAPSHOT_DIRECT_2026-10-01:439960:5:180_123225061014,PULLBACK_SNAPSHOT_DIRECT,439960,코스모로보틱스,2026-10-01 12:32:01.446,8960.0,8970.0,MAIN,MAIN,2026-10-01 12:32:00.000,,,2026-10-01 12:32:00.000,8960.0,,,False,,2026-10-01 12:32:02.248,8970.0,2.248558,0.11160714285714285,0.0,0.11160714285714285,120,120.001,8950.0,-0.11160714285714285,-0.2229654403567447,0.2232142857142857,-0.2232142857142857,0.11148272017837235,-0.33444816053511706,COMPLETE,PULLBACK_V230,PULLBACK_SNAPSHOT_DIRECT,신규/ON,pullback_structure_snapshot_v1,,,PULLBACK_63,
2026-10-01 12:34:02.352,v2.3.3,20261001_001820_PULLBACK_STRUCTURE_ENTRY_2026-10-01:001820:2_123124228471,PULLBACK_STRUCTURE_ENTRY,001820,삼화콘덴서,2026-10-01 12:31:01.062,161500.0,161500.0,MAIN,MAIN,2026-10-01 12:31:00.000,2026-10-01 11:26:59.587,160500.0,2026-10-01 12:31:00.000,161500.0,3840.412301,0.6230529595015577,False,,2026-10-01 12:31:01.158,161500.0,1.158908,0.0,0.0,0.0,180,181.29,161700.0,0.12383900928792571,0.12383900928792571,0.5572755417956656,0.0,0.5572755417956656,0.0,COMPLETE,PULLBACK_V230,PULLBACK_STRUCTURE_ENTRY,신규/ON,pullback_structure_snapshot_v1,,,PULLBACK_63,
2026-10-01 12:34:04.245,v2.3.3,20261001_043260_PULLBACK_SNAPSHOT_RECLAIM_2026-10-01:043260:2:30_123128668664,PULLBACK_SNAPSHOT_RECLAIM,043260,성호전자,2026-10-01 12:31:04.051,27700.0,27700.0,MAIN,MAIN,2026-10-01 12:31:00.000,2026-10-01 10:29:55.742,27850.0,2026-10-01 12:31:00.000,27700.0,7264.257071,-0.538599640933568,False,,2026-10-01 12:31:09.251,27700.0,9.251307,0.0,0.0,0.0,180,180.194,27700.0,0.0,0.0,0.0,-0.18050541516245489,0.0,-0.18050541516245489,COMPLETE,PULLBACK_V230,PULLBACK_SNAPSHOT_RECLAIM,신규/ON,pullback_structure_snapshot_v1,,,PULLBACK_63,
2026-10-01 12:34:04.349,v2.3.3,20261001_003160_PULLBACK_SNAPSHOT_RECLAIM_2026-10-01:003160:6:120_123132205502,PULLBACK_SNAPSHOT_RECLAIM,003160,디아이,2026-10-01 12:31:04.247,39450.0,39450.0,MAIN,MAIN,2026-10-01 12:31:00.000,,,2026-10-01 12:31:00.000,39450.0,,,False,,2026-10-01 12:31:05.965,39450.0,5.965724,0.0,0.0,0.0,180,180.102,39450.0,0.0,0.0,0.25348542458808615,-0.12674271229404308,0.25348542458808615,-0.12674271229404308,COMPLETE,PULLBACK_V230,PULLBACK_SNAPSHOT_RECLAIM,신규/ON,pullback_structure_snapshot_v1,,,PULLBACK_63,
2026-10-01 12:35:01.244,v2.3.3,20261001_439960_PULLBACK_SNAPSHOT_RECLAIM_2026-10-01:439960:5:180_123331803703,PULLBACK_SNAPSHOT_RECLAIM,439960,코스모로보틱스,2026-10-01 12:33:00.658,8950.0,8950.0,MAIN,MAIN,2026-10-01 12:33:00.000,,,2026-10-01 12:33:00.000,8950.0,,,False,,2026-10-01 12:33:01.346,8950.0,1.346389,0.0,0.0,0.0,120,120.586,8970.0,0.22346368715083798,0.22346368715083798,0.33519553072625696,-0.33519553072625696,0.33519553072625696,-0.33519553072625696,COMPLETE,PULLBACK_V230,PULLBACK_SNAPSHOT_RECLAIM,신규/ON,pullback_structure_snapshot_v1,,,PULLBACK_63,
2026-10-01 12:35:01.947,v2.3.3,20261001_005290_PULLBACK_BALANCE_BREAKOUT_2026-10-01:005290:1_123017763117,PULLBACK_BALANCE_BREAKOUT,005290,동진쎄미켐,2026-10-01 12:30:01.547,52000.0,51900.0,MAIN,MAIN,2026-10-01 12:30:00.000,,,2026-10-01 12:30:00.000,52000.0,,,False,,2026-10-01 12:30:03.647,51900.0,3.647505,-0.19230769230769232,0.0,0.19230769230769232,300,300.4,51900.0,-0.19230769230769232,0.0,0.0,-0.38461538461538464,0.1926782273603083,-0.1926782273603083,COMPLETE,PULLBACK_V230,PULLBACK_BALANCE_BREAKOUT,신규/ON,,,,PULLBACK_63,
2026-10-01 12:35:02.149,v2.3.3,20261001_439960_PULLBACK_SNAPSHOT_DIRECT_2026-10-01:439960:5:180_123225061014,PULLBACK_SNAPSHOT_DIRECT,439960,코스모로보틱스,2026-10-01 12:32:01.446,8960.0,8970.0,MAIN,MAIN,2026-10-01 12:32:00.000,,,2026-10-01 12:32:00.000,8960.0,,,False,,2026-10-01 12:32:02.248,8970.0,2.248558,0.11160714285714285,0.0,0.11160714285714285,180,180.703,8960.0,0.0,-0.11148272017837235,0.2232142857142857,-0.4464285714285714,0.11148272017837235,-0.5574136008918618,COMPLETE,PULLBACK_V230,PULLBACK_SNAPSHOT_DIRECT,신규/ON,pullback_structure_snapshot_v1,,,PULLBACK_63,
2026-10-01 12:35:05.047,v2.3.3,20261001_003160_PULLBACK_SNAPSHOT_DIRECT_2026-10-01:003160:6:120_123021821701,PULLBACK_SNAPSHOT_DIRECT,003160,디아이,2026-10-01 12:30:03.851,39500.0,39500.0,MAIN,MAIN,2026-10-01 12:30:00.000,,,2026-10-01 12:30:00.000,39500.0,,,False,,2026-10-01 12:30:05.447,39500.0,5.447082,0.0,0.0,0.0,300,301.196,39400.0,-0.25316455696202533,-0.25316455696202533,0.12658227848101267,-0.25316455696202533,0.12658227848101267,-0.25316455696202533,COMPLETE,PULLBACK_V230,PULLBACK_SNAPSHOT_DIRECT,신규/ON,pullback_structure_snapshot_v1,,,PULLBACK_63,
2026-10-01 12:35:37.045,v2.3.3,20261001_093370_PULLBACK_SNAPSHOT_DIRECT_2026-10-01:093370:2:120_123522908952,PULLBACK_SNAPSHOT_DIRECT,093370,후성,2026-10-01 12:35:03.045,15620.0,15620.0,MAIN,MAIN,2026-10-01 12:35:00.000,,,2026-10-01 12:35:00.000,15620.0,,,False,,2026-10-01 12:35:03.545,15620.0,3.545461,0.0,0.0,0.0,30,33.999,15600.0,-0.12804097311139565,-0.12804097311139565,0.0,-0.19206145966709345,0.0,-0.19206145966709345,COMPLETE,PULLBACK_V230,PULLBACK_SNAPSHOT_DIRECT,신규/ON,pullback_structure_snapshot_v1,,,PULLBACK_63,
2026-10-01 12:36:02.519,v2.3.3,20261001_001820_PULLBACK_STRUCTURE_ENTRY_2026-10-01:001820:2_123124228471,PULLBACK_STRUCTURE_ENTRY,001820,삼화콘덴서,2026-10-01 12:31:01.062,161500.0,161500.0,MAIN,MAIN,2026-10-01 12:31:00.000,2026-10-01 11:26:59.587,160500.0,2026-10-01 12:31:00.000,161500.0,3840.412301,0.6230529595015577,False,,2026-10-01 12:31:01.158,161500.0,1.158908,0.0,0.0,0.0,300,301.457,162100.0,0.37151702786377705,0.37151702786377705,0.5572755417956656,0.0,0.5572755417956656,0.0,COMPLETE,PULLBACK_V230,PULLBACK_STRUCTURE_ENTRY,신규/ON,pullback_structure_snapshot_v1,,,PULLBACK_63,
2026-10-01 12:36:02.519,v2.3.3,20261001_439960_PULLBACK_SNAPSHOT_RECLAIM_2026-10-01:439960:5:180_123331803703,PULLBACK_SNAPSHOT_RECLAIM,439960,코스모로보틱스,2026-10-01 12:33:00.658,8950.0,8950.0,MAIN,MAIN,2026-10-01 12:33:00.000,,,2026-10-01 12:33:00.000,8950.0,,,False,,2026-10-01 12:33:01.346,8950.0,1.346389,0.0,0.0,0.0,180,181.861,8960.0,0.11173184357541899,0.11173184357541899,0.33519553072625696,-0.33519553072625696,0.33519553072625696,-0.33519553072625696,COMPLETE,PULLBACK_V230,PULLBACK_SNAPSHOT_RECLAIM,신규/ON,pullback_structure_snapshot_v1,,,PULLBACK_63,
2026-10-01 12:36:04.363,v2.3.3,20261001_093370_PULLBACK_SNAPSHOT_DIRECT_2026-10-01:093370:2:120_123522908952,PULLBACK_SNAPSHOT_DIRECT,093370,후성,2026-10-01 12:35:03.045,15620.0,15620.0,MAIN,MAIN,2026-10-01 12:35:00.000,,,2026-10-01 12:35:00.000,15620.0,,,False,,2026-10-01 12:35:03.545,15620.0,3.545461,0.0,0.0,0.0,60,61.318,15590.0,-0.19206145966709345,-0.19206145966709345,0.0,-0.19206145966709345,0.0,-0.19206145966709345,COMPLETE,PULLBACK_V230,PULLBACK_SNAPSHOT_DIRECT,신규/ON,pullback_structure_snapshot_v1,,,PULLBACK_63,
2026-10-01 12:36:04.851,v2.3.3,20261001_003160_PULLBACK_SNAPSHOT_RECLAIM_2026-10-01:003160:6:120_123132205502,PULLBACK_SNAPSHOT_RECLAIM,003160,디아이,2026-10-01 12:31:04.247,39450.0,39450.0,MAIN,MAIN,2026-10-01 12:31:00.000,,,2026-10-01 12:31:00.000,39450.0,,,False,,2026-10-01 12:31:05.965,39450.0,5.965724,0.0,0.0,0.0,300,300.604,39350.0,-0.25348542458808615,-0.25348542458808615,0.25348542458808615,-0.38022813688212925,0.25348542458808615,-0.38022813688212925,COMPLETE,PULLBACK_V230,PULLBACK_SNAPSHOT_RECLAIM,신규/ON,pullback_structure_snapshot_v1,,,PULLBACK_63,
2026-10-01 12:36:05.552,v2.3.3,20261001_043260_PULLBACK_SNAPSHOT_RECLAIM_2026-10-01:043260:2:30_123128668664,PULLBACK_SNAPSHOT_RECLAIM,043260,성호전자,2026-10-01 12:31:04.051,27700.0,27700.0,MAIN,MAIN,2026-10-01 12:31:00.000,2026-10-01 10:29:55.742,27850.0,2026-10-01 12:31:00.000,27700.0,7264.257071,-0.538599640933568,False,,2026-10-01 12:31:09.251,27700.0,9.251307,0.0,0.0,0.0,300,301.501,27750.0,0.18050541516245489,0.18050541516245489,0.18050541516245489,-0.18050541516245489,0.18050541516245489,-0.18050541516245489,COMPLETE,PULLBACK_V230,PULLBACK_SNAPSHOT_RECLAIM,신규/ON,pullback_structure_snapshot_v1,,,PULLBACK_63,
2026-10-01 12:36:32.048,v2.3.3,20261001_093370_PULLBACK_SNAPSHOT_RECLAIM_2026-10-01:093370:2:120_123618504813,PULLBACK_SNAPSHOT_RECLAIM,093370,후성,2026-10-01 12:36:00.958,15600.0,15600.0,MAIN,MAIN,2026-10-01 12:36:00.000,,,2026-10-01 12:36:00.000,15600.0,,,False,,2026-10-01 12:36:01.065,15600.0,1.065329,0.0,0.0,0.0,30,31.09,15610.0,0.0641025641025641,0.0641025641025641,0.0641025641025641,-0.0641025641025641,0.0641025641025641,-0.0641025641025641,COMPLETE,PULLBACK_V230,PULLBACK_SNAPSHOT_RECLAIM,신규/ON,pullback_structure_snapshot_v1,,,PULLBACK_63,
2026-10-01 12:37:00.983,v2.3.3,20261001_093370_PULLBACK_SNAPSHOT_RECLAIM_2026-10-01:093370:2:120_123618504813,PULLBACK_SNAPSHOT_RECLAIM,093370,후성,2026-10-01 12:36:00.958,15600.0,15600.0,MAIN,MAIN,2026-10-01 12:36:00.000,,,2026-10-01 12:36:00.000,15600.0,,,False,,2026-10-01 12:36:01.065,15600.0,1.065329,0.0,0.0,0.0,60,60.026,15610.0,0.0641025641025641,0.0641025641025641,0.0641025641025641,-0.0641025641025641,0.0641025641025641,-0.0641025641025641,COMPLETE,PULLBACK_V230,PULLBACK_SNAPSHOT_RECLAIM,신규/ON,pullback_structure_snapshot_v1,,,PULLBACK_63,
2026-10-01 12:37:01.748,v2.3.3,20261001_439960_PULLBACK_SNAPSHOT_DIRECT_2026-10-01:439960:5:180_123225061014,PULLBACK_SNAPSHOT_DIRECT,439960,코스모로보틱스,2026-10-01 12:32:01.446,8960.0,8970.0,MAIN,MAIN,2026-10-01 12:32:00.000,,,2026-10-01 12:32:00.000,8960.0,,,False,,2026-10-01 12:32:02.248,8970.0,2.248558,0.11160714285714285,0.0,0.11160714285714285,300,300.302,9000.0,0.4464285714285714,0.33444816053511706,0.4464285714285714,-0.4464285714285714,0.33444816053511706,-0.5574136008918618,COMPLETE,PULLBACK_V230,PULLBACK_SNAPSHOT_DIRECT,신규/ON,pullback_structure_snapshot_v1,,,PULLBACK_63,
2026-10-01 12:37:06.445,v2.3.3,20261001_093370_PULLBACK_SNAPSHOT_DIRECT_2026-10-01:093370:2:120_123522908952,PULLBACK_SNAPSHOT_DIRECT,093370,후성,2026-10-01 12:35:03.045,15620.0,15620.0,MAIN,MAIN,2026-10-01 12:35:00.000,,,2026-10-01 12:35:00.000,15620.0,,,False,,2026-10-01 12:35:03.545,15620.0,3.545461,0.0,0.0,0.0,120,123.4,15600.0,-0.12804097311139565,-0.12804097311139565,0.0,-0.19206145966709345,0.0,-0.19206145966709345,COMPLETE,PULLBACK_V230,PULLBACK_SNAPSHOT_DIRECT,신규/ON,pullback_structure_snapshot_v1,,,PULLBACK_63,
2026-10-01 12:37:30.644,v2.3.3,20261001_043260_PULLBACK_BALANCE_BREAKOUT_2026-10-01:043260:2_123712904189,PULLBACK_BALANCE_BREAKOUT,043260,성호전자,2026-10-01 12:37:00.540,27750.0,27750.0,MAIN,MAIN,2026-10-01 12:37:00.000,2026-10-01 10:29:55.742,27850.0,2026-10-01 12:37:00.000,27750.0,7624.257071,-0.35906642728904536,False,,2026-10-01 12:37:02.764,27700.0,2.764996,-0.18018018018018017,-0.18018018018018017,0.18018018018018017,30,30.104,27700.0,-0.18018018018018017,-0.18018018018018017,0.0,-0.18018018018018017,0.0,-0.18018018018018017,COMPLETE,PULLBACK_V230,PULLBACK_BALANCE_BREAKOUT,신규/ON,,,,PULLBACK_63,
2026-10-01 12:38:01.055,v2.3.3,20261001_439960_PULLBACK_SNAPSHOT_RECLAIM_2026-10-01:439960:5:180_123331803703,PULLBACK_SNAPSHOT_RECLAIM,439960,코스모로보틱스,2026-10-01 12:33:00.658,8950.0,8950.0,MAIN,MAIN,2026-10-01 12:33:00.000,,,2026-10-01 12:33:00.000,8950.0,,,False,,2026-10-01 12:33:01.346,8950.0,1.346389,0.0,0.0,0.0,300,300.397,9070.0,1.3407821229050279,1.3407821229050279,1.3407821229050279,-0.33519553072625696,1.3407821229050279,-0.33519553072625696,COMPLETE,PULLBACK_V230,PULLBACK_SNAPSHOT_RECLAIM,신규/ON,pullback_structure_snapshot_v1,,,PULLBACK_63,
2026-10-01 12:38:01.055,v2.3.3,20261001_043260_PULLBACK_BALANCE_BREAKOUT_2026-10-01:043260:2_123712904189,PULLBACK_BALANCE_BREAKOUT,043260,성호전자,2026-10-01 12:37:00.540,27750.0,27750.0,MAIN,MAIN,2026-10-01 12:37:00.000,2026-10-01 10:29:55.742,27850.0,2026-10-01 12:37:00.000,27750.0,7624.257071,-0.35906642728904536,False,,2026-10-01 12:37:02.764,27700.0,2.764996,-0.18018018018018017,-0.18018018018018017,0.18018018018018017,60,60.516,27700.0,-0.18018018018018017,-0.18018018018018017,0.0,-0.18018018018018017,0.0,-0.18018018018018017,COMPLETE,PULLBACK_V230,PULLBACK_BALANCE_BREAKOUT,신규/ON,,,,PULLBACK_63,
2026-10-01 12:38:01.318,v2.3.3,20261001_093370_PULLBACK_SNAPSHOT_RECLAIM_2026-10-01:093370:2:120_123618504813,PULLBACK_SNAPSHOT_RECLAIM,093370,후성,2026-10-01 12:36:00.958,15600.0,15600.0,MAIN,MAIN,2026-10-01 12:36:00.000,,,2026-10-01 12:36:00.000,15600.0,,,False,,2026-10-01 12:36:01.065,15600.0,1.065329,0.0,0.0,0.0,120,120.361,15610.0,0.0641025641025641,0.0641025641025641,0.0641025641025641,-0.0641025641025641,0.0641025641025641,-0.0641025641025641,COMPLETE,PULLBACK_V230,PULLBACK_SNAPSHOT_RECLAIM,신규/ON,pullback_structure_snapshot_v1,,,PULLBACK_63,
2026-10-01 12:38:03.059,v2.3.3,20261001_093370_PULLBACK_SNAPSHOT_DIRECT_2026-10-01:093370:2:120_123522908952,PULLBACK_SNAPSHOT_DIRECT,093370,후성,2026-10-01 12:35:03.045,15620.0,15620.0,MAIN,MAIN,2026-10-01 12:35:00.000,,,2026-10-01 12:35:00.000,15620.0,,,False,,2026-10-01 12:35:03.545,15620.0,3.545461,0.0,0.0,0.0,180,180.013,15610.0,-0.06402048655569782,-0.06402048655569782,0.0,-0.19206145966709345,0.0,-0.19206145966709345,COMPLETE,PULLBACK_V230,PULLBACK_SNAPSHOT_DIRECT,신규/ON,pullback_structure_snapshot_v1,,,PULLBACK_63,
2026-10-01 12:38:33.445,v2.3.3,20261001_067310_PULLBACK_SNAPSHOT_DIRECT_2026-10-01:067310:2:30_123809361151,PULLBACK_SNAPSHOT_DIRECT,067310,하나마이크론,2026-10-01 12:38:03.059,49900.0,49850.0,MAIN,MAIN,2026-10-01 12:38:00.000,,,2026-10-01 12:38:00.000,49900.0,,,False,,2026-10-01 12:38:03.398,49900.0,3.398487,0.0,0.10030090270812438,0.0,30,30.386,49850.0,-0.1002004008016032,0.0,0.0,-0.1002004008016032,0.10030090270812438,0.0,COMPLETE,PULLBACK_V230,PULLBACK_SNAPSHOT_DIRECT,신규/ON,pullback_structure_snapshot_v1,,,PULLBACK_63,
2026-10-01 12:39:00.749,v2.3.3,20261001_043260_PULLBACK_BALANCE_BREAKOUT_2026-10-01:043260:2_123712904189,PULLBACK_BALANCE_BREAKOUT,043260,성호전자,2026-10-01 12:37:00.540,27750.0,27750.0,MAIN,MAIN,2026-10-01 12:37:00.000,2026-10-01 10:29:55.742,27850.0,2026-10-01 12:37:00.000,27750.0,7624.257071,-0.35906642728904536,False,,2026-10-01 12:37:02.764,27700.0,2.764996,-0.18018018018018017,-0.18018018018018017,0.18018018018018017,120,120.209,27900.0,0.5405405405405406,0.5405405405405406,0.5405405405405406,-0.18018018018018017,0.5405405405405406,-0.18018018018018017,COMPLETE,PULLBACK_V230,PULLBACK_BALANCE_BREAKOUT,신규/ON,,,,PULLBACK_63,
2026-10-01 12:39:03.746,v2.3.3,20261001_067310_PULLBACK_SNAPSHOT_DIRECT_2026-10-01:067310:2:30_123809361151,PULLBACK_SNAPSHOT_DIRECT,067310,하나마이크론,2026-10-01 12:38:03.059,49900.0,49850.0,MAIN,MAIN,2026-10-01 12:38:00.000,,,2026-10-01 12:38:00.000,49900.0,,,False,,2026-10-01 12:38:03.398,49900.0,3.398487,0.0,0.10030090270812438,0.0,60,60.687,49850.0,-0.1002004008016032,0.0,0.0,-0.1002004008016032,0.10030090270812438,0.0,COMPLETE,PULLBACK_V230,PULLBACK_SNAPSHOT_DIRECT,신규/ON,pullback_structure_snapshot_v1,,,PULLBACK_63,
2026-10-01 12:39:04.546,v2.3.3,20261001_093370_PULLBACK_SNAPSHOT_RECLAIM_2026-10-01:093370:2:120_123618504813,PULLBACK_SNAPSHOT_RECLAIM,093370,후성,2026-10-01 12:36:00.958,15600.0,15600.0,MAIN,MAIN,2026-10-01 12:36:00.000,,,2026-10-01 12:36:00.000,15600.0,,,False,,2026-10-01 12:36:01.065,15600.0,1.065329,0.0,0.0,0.0,180,183.589,15600.0,0.0,0.0,0.0641025641025641,-0.0641025641025641,0.0641025641025641,-0.0641025641025641,COMPLETE,PULLBACK_V230,PULLBACK_SNAPSHOT_RECLAIM,신규/ON,pullback_structure_snapshot_v1,,,PULLBACK_63,
2026-10-01 12:39:26.244,v2.3.3,20261001_043260_BASE_E002_123856069975,BASE,043260,성호전자,2026-10-01 12:38:56.069,27875.0,27902.874999999996,MAIN,MAIN,2026-10-01 12:38:56.052,2026-10-01 12:38:56.052,27875.0,2026-10-01 12:38:56.052,27875.0,0.0,0.0,False,,2026-10-01 12:38:56.386,27900.0,0.333802,0.08968609865470852,-0.0103035977475309,0.08968609865470852,30,30.175,27950.0,0.26905829596412556,0.16888940655758106,0.26905829596412556,-0.08968609865470852,0.16888940655758106,-0.18949660205264285,COMPLETE,,BASE,,,,,,
2026-10-01 12:39:32.045,v2.3.3,20261001_001820_PULLBACK_SNAPSHOT_DIRECT_2026-10-01:001820:2:30_123905142457,PULLBACK_SNAPSHOT_DIRECT,001820,삼화콘덴서,2026-10-01 12:39:00.644,161700.0,161600.0,MAIN,MAIN,2026-10-01 12:39:00.000,2026-10-01 11:26:59.587,160500.0,2026-10-01 12:39:00.000,161700.0,4320.412301,0.7476635514018781,False,,2026-10-01 12:39:01.844,161600.0,1.844242,-0.06184291898577613,0.0,0.06184291898577613,30,31.401,161400.0,-0.1855287569573284,-0.12376237623762376,0.0,-0.1855287569573284,0.06188118811881188,-0.12376237623762376,COMPLETE,PULLBACK_V230,PULLBACK_SNAPSHOT_DIRECT,신규/ON,pullback_structure_snapshot_v1,,,PULLBACK_63,
2026-10-01 12:39:56.144,v2.3.3,20261001_043260_BASE_E002_123856069975,BASE,043260,성호전자,2026-10-01 12:38:56.069,27875.0,27902.874999999996,MAIN,MAIN,2026-10-01 12:38:56.052,2026-10-01 12:38:56.052,27875.0,2026-10-01 12:38:56.052,27875.0,0.0,0.0,False,,2026-10-01 12:38:56.386,27900.0,0.333802,0.08968609865470852,-0.0103035977475309,0.08968609865470852,60,60.074,27950.0,0.26905829596412556,0.16888940655758106,0.4484304932735426,-0.08968609865470852,0.348082410862693,-0.18949660205264285,COMPLETE,,BASE,,,,,,
2026-10-01 12:40:00.547,v2.3.3,20261001_043260_PULLBACK_BALANCE_BREAKOUT_2026-10-01:043260:2_123712904189,PULLBACK_BALANCE_BREAKOUT,043260,성호전자,2026-10-01 12:37:00.540,27750.0,27750.0,MAIN,MAIN,2026-10-01 12:37:00.000,2026-10-01 10:29:55.742,27850.0,2026-10-01 12:37:00.000,27750.0,7624.257071,-0.35906642728904536,False,,2026-10-01 12:37:02.764,27700.0,2.764996,-0.18018018018018017,-0.18018018018018017,0.18018018018018017,180,180.008,27850.0,0.36036036036036034,0.36036036036036034,0.9009009009009009,-0.18018018018018017,0.9009009009009009,-0.18018018018018017,COMPLETE,PULLBACK_V230,PULLBACK_BALANCE_BREAKOUT,신규/ON,,,,PULLBACK_63,
2026-10-01 12:40:01.853,v2.3.3,20261001_001820_PULLBACK_SNAPSHOT_DIRECT_2026-10-01:001820:2:30_123905142457,PULLBACK_SNAPSHOT_DIRECT,001820,삼화콘덴서,2026-10-01 12:39:00.644,161700.0,161600.0,MAIN,MAIN,2026-10-01 12:39:00.000,2026-10-01 11:26:59.587,160500.0,2026-10-01 12:39:00.000,161700.0,4320.412301,0.7476635514018781,False,,2026-10-01 12:39:01.844,161600.0,1.844242,-0.06184291898577613,0.0,0.06184291898577613,60,61.21,161200.0,-0.30921459492888065,-0.24752475247524752,0.0,-0.30921459492888065,0.06188118811881188,-0.24752475247524752,COMPLETE,PULLBACK_V230,PULLBACK_SNAPSHOT_DIRECT,신규/ON,pullback_structure_snapshot_v1,,,PULLBACK_63,
2026-10-01 12:40:03.350,v2.3.3,20261001_093370_PULLBACK_SNAPSHOT_DIRECT_2026-10-01:093370:2:120_123522908952,PULLBACK_SNAPSHOT_DIRECT,093370,후성,2026-10-01 12:35:03.045,15620.0,15620.0,MAIN,MAIN,2026-10-01 12:35:00.000,,,2026-10-01 12:35:00.000,15620.0,,,False,,2026-10-01 12:35:03.545,15620.0,3.545461,0.0,0.0,0.0,300,300.305,15590.0,-0.19206145966709345,-0.19206145966709345,0.0,-0.19206145966709345,0.0,-0.19206145966709345,COMPLETE,PULLBACK_V230,PULLBACK_SNAPSHOT_DIRECT,신규/ON,pullback_structure_snapshot_v1,,,PULLBACK_63,
2026-10-01 12:40:05.646,v2.3.3,20261001_067310_PULLBACK_SNAPSHOT_DIRECT_2026-10-01:067310:2:30_123809361151,PULLBACK_SNAPSHOT_DIRECT,067310,하나마이크론,2026-10-01 12:38:03.059,49900.0,49850.0,MAIN,MAIN,2026-10-01 12:38:00.000,,,2026-10-01 12:38:00.000,49900.0,,,False,,2026-10-01 12:38:03.398,49900.0,3.398487,0.0,0.10030090270812438,0.0,120,122.587,49850.0,-0.1002004008016032,0.0,0.0,-0.1002004008016032,0.10030090270812438,0.0,COMPLETE,PULLBACK_V230,PULLBACK_SNAPSHOT_DIRECT,신규/ON,pullback_structure_snapshot_v1,,,PULLBACK_63,
2026-10-01 12:40:33.546,v2.3.3,20261001_001820_PULLBACK_SNAPSHOT_RECLAIM_2026-10-01:001820:2:30_124015726554,PULLBACK_SNAPSHOT_RECLAIM,001820,삼화콘덴서,2026-10-01 12:40:03.060,161300.0,161300.0,MAIN,MAIN,2026-10-01 12:40:00.000,2026-10-01 11:26:59.587,160500.0,2026-10-01 12:40:00.000,161300.0,4380.412301,0.4984423676012373,False,,2026-10-01 12:40:03.253,161300.0,3.25322,0.0,0.0,0.0,30,30.486,161100.0,-0.12399256044637322,-0.12399256044637322,0.0,-0.18598884066955984,0.0,-0.18598884066955984,COMPLETE,PULLBACK_V230,PULLBACK_SNAPSHOT_RECLAIM,신규/ON,pullback_structure_snapshot_v1,,,PULLBACK_63,
2026-10-01 12:40:56.647,v2.3.3,20261001_043260_BASE_E002_123856069975,BASE,043260,성호전자,2026-10-01 12:38:56.069,27875.0,27902.874999999996,MAIN,MAIN,2026-10-01 12:38:56.052,2026-10-01 12:38:56.052,27875.0,2026-10-01 12:38:56.052,27875.0,0.0,0.0,False,,2026-10-01 12:38:56.386,27900.0,0.333802,0.08968609865470852,-0.0103035977475309,0.08968609865470852,120,120.578,27850.0,-0.08968609865470852,-0.18949660205264285,0.4484304932735426,-0.4484304932735426,0.348082410862693,-0.5478826106628668,COMPLETE,,BASE,,,,,,
2026-10-01 12:41:01.347,v2.3.3,20261001_093370_PULLBACK_SNAPSHOT_RECLAIM_2026-10-01:093370:2:120_123618504813,PULLBACK_SNAPSHOT_RECLAIM,093370,후성,2026-10-01 12:36:00.958,15600.0,15600.0,MAIN,MAIN,2026-10-01 12:36:00.000,,,2026-10-01 12:36:00.000,15600.0,,,False,,2026-10-01 12:36:01.065,15600.0,1.065329,0.0,0.0,0.0,300,300.389,15600.0,0.0,0.0,0.0641025641025641,-0.0641025641025641,0.0641025641025641,-0.0641025641025641,COMPLETE,PULLBACK_V230,PULLBACK_SNAPSHOT_RECLAIM,신규/ON,pullback_structure_snapshot_v1,,,PULLBACK_63,
2026-10-01 12:41:01.657,v2.3.3,20261001_001820_PULLBACK_SNAPSHOT_DIRECT_2026-10-01:001820:2:30_123905142457,PULLBACK_SNAPSHOT_DIRECT,001820,삼화콘덴서,2026-10-01 12:39:00.644,161700.0,161600.0,MAIN,MAIN,2026-10-01 12:39:00.000,2026-10-01 11:26:59.587,160500.0,2026-10-01 12:39:00.000,161700.0,4320.412301,0.7476635514018781,False,,2026-10-01 12:39:01.844,161600.0,1.844242,-0.06184291898577613,0.0,0.06184291898577613,120,121.014,161400.0,-0.1855287569573284,-0.12376237623762376,0.0,-0.4329004329004329,0.06188118811881188,-0.3712871287128713,COMPLETE,PULLBACK_V230,PULLBACK_SNAPSHOT_DIRECT,신규/ON,pullback_structure_snapshot_v1,,,PULLBACK_63,
2026-10-01 12:41:06.744,v2.3.3,20261001_001820_PULLBACK_SNAPSHOT_RECLAIM_2026-10-01:001820:2:30_124015726554,PULLBACK_SNAPSHOT_RECLAIM,001820,삼화콘덴서,2026-10-01 12:40:03.060,161300.0,161300.0,MAIN,MAIN,2026-10-01 12:40:00.000,2026-10-01 11:26:59.587,160500.0,2026-10-01 12:40:00.000,161300.0,4380.412301,0.4984423676012373,False,,2026-10-01 12:40:03.253,161300.0,3.25322,0.0,0.0,0.0,60,63.684,161400.0,0.06199628022318661,0.06199628022318661,0.12399256044637322,-0.18598884066955984,0.12399256044637322,-0.18598884066955984,COMPLETE,PULLBACK_V230,PULLBACK_SNAPSHOT_RECLAIM,신규/ON,pullback_structure_snapshot_v1,,,PULLBACK_63,
2026-10-01 12:41:08.269,v2.3.3,20261001_067310_PULLBACK_SNAPSHOT_DIRECT_2026-10-01:067310:2:30_123809361151,PULLBACK_SNAPSHOT_DIRECT,067310,하나마이크론,2026-10-01 12:38:03.059,49900.0,49850.0,MAIN,MAIN,2026-10-01 12:38:00.000,,,2026-10-01 12:38:00.000,49900.0,,,False,,2026-10-01 12:38:03.398,49900.0,3.398487,0.0,0.10030090270812438,0.0,180,185.211,49900.0,0.0,0.10030090270812438,0.1002004008016032,-0.2004008016032064,0.20060180541624875,-0.10030090270812438,COMPLETE,PULLBACK_V230,PULLBACK_SNAPSHOT_DIRECT,신규/ON,pullback_structure_snapshot_v1,,,PULLBACK_63,
2026-10-01 12:41:35.042,v2.3.3,20261001_240810_PULLBACK_SNAPSHOT_DIRECT_2026-10-01:240810:2:150_124110626556,PULLBACK_SNAPSHOT_DIRECT,240810,원익IPS,2026-10-01 12:41:04.156,138500.0,138600.0,MAIN,MAIN,2026-10-01 12:41:00.000,,,2026-10-01 12:41:00.000,138500.0,,,False,,2026-10-01 12:41:04.245,138600.0,4.245143,0.07220216606498195,0.0,0.07220216606498195,30,30.886,138700.0,0.1444043321299639,0.07215007215007214,0.1444043321299639,0.0,0.07215007215007214,-0.07215007215007214,COMPLETE,PULLBACK_V230,PULLBACK_SNAPSHOT_DIRECT,신규/ON,pullback_structure_snapshot_v1,,,PULLBACK_63,
2026-10-01 12:41:56.542,v2.3.3,20261001_043260_BASE_E002_123856069975,BASE,043260,성호전자,2026-10-01 12:38:56.069,27875.0,27902.874999999996,MAIN,MAIN,2026-10-01 12:38:56.052,2026-10-01 12:38:56.052,27875.0,2026-10-01 12:38:56.052,27875.0,0.0,0.0,False,,2026-10-01 12:38:56.386,27900.0,0.333802,0.08968609865470852,-0.0103035977475309,0.08968609865470852,180,180.472,27850.0,-0.08968609865470852,-0.18949660205264285,0.4484304932735426,-0.4484304932735426,0.348082410862693,-0.5478826106628668,COMPLETE,,BASE,,,,,,
2026-10-01 12:42:00.644,v2.3.3,20261001_043260_PULLBACK_BALANCE_BREAKOUT_2026-10-01:043260:2_123712904189,PULLBACK_BALANCE_BREAKOUT,043260,성호전자,2026-10-01 12:37:00.540,27750.0,27750.0,MAIN,MAIN,2026-10-01 12:37:00.000,2026-10-01 10:29:55.742,27850.0,2026-10-01 12:37:00.000,27750.0,7624.257071,-0.35906642728904536,False,,2026-10-01 12:37:02.764,27700.0,2.764996,-0.18018018018018017,-0.18018018018018017,0.18018018018018017,300,300.105,27850.0,0.36036036036036034,0.36036036036036034,0.9009009009009009,-0.18018018018018017,0.9009009009009009,-0.18018018018018017,COMPLETE,PULLBACK_V230,PULLBACK_BALANCE_BREAKOUT,신규/ON,,,,PULLBACK_63,
2026-10-01 12:42:02.742,v2.3.3,20261001_001820_PULLBACK_SNAPSHOT_DIRECT_2026-10-01:001820:2:30_123905142457,PULLBACK_SNAPSHOT_DIRECT,001820,삼화콘덴서,2026-10-01 12:39:00.644,161700.0,161600.0,MAIN,MAIN,2026-10-01 12:39:00.000,2026-10-01 11:26:59.587,160500.0,2026-10-01 12:39:00.000,161700.0,4320.412301,0.7476635514018781,False,,2026-10-01 12:39:01.844,161600.0,1.844242,-0.06184291898577613,0.0,0.06184291898577613,180,182.099,161400.0,-0.1855287569573284,-0.12376237623762376,0.0,-0.4329004329004329,0.06188118811881188,-0.3712871287128713,COMPLETE,PULLBACK_V230,PULLBACK_SNAPSHOT_DIRECT,신규/ON,pullback_structure_snapshot_v1,,,PULLBACK_63,
2026-10-01 12:42:04.551,v2.3.3,20261001_001820_PULLBACK_SNAPSHOT_RECLAIM_2026-10-01:001820:2:30_124015726554,PULLBACK_SNAPSHOT_RECLAIM,001820,삼화콘덴서,2026-10-01 12:40:03.060,161300.0,161300.0,MAIN,MAIN,2026-10-01 12:40:00.000,2026-10-01 11:26:59.587,160500.0,2026-10-01 12:40:00.000,161300.0,4380.412301,0.4984423676012373,False,,2026-10-01 12:40:03.253,161300.0,3.25322,0.0,0.0,0.0,120,121.491,161400.0,0.06199628022318661,0.06199628022318661,0.12399256044637322,-0.18598884066955984,0.12399256044637322,-0.18598884066955984,COMPLETE,PULLBACK_V230,PULLBACK_SNAPSHOT_RECLAIM,신규/ON,pullback_structure_snapshot_v1,,,PULLBACK_63,
2026-10-01 12:42:06.947,v2.3.3,20261001_240810_PULLBACK_SNAPSHOT_DIRECT_2026-10-01:240810:2:150_124110626556,PULLBACK_SNAPSHOT_DIRECT,240810,원익IPS,2026-10-01 12:41:04.156,138500.0,138600.0,MAIN,MAIN,2026-10-01 12:41:00.000,,,2026-10-01 12:41:00.000,138500.0,,,False,,2026-10-01 12:41:04.245,138600.0,4.245143,0.07220216606498195,0.0,0.07220216606498195,60,62.791,138600.0,0.07220216606498195,0.0,0.1444043321299639,0.0,0.07215007215007214,-0.07215007215007214,COMPLETE,PULLBACK_V230,PULLBACK_SNAPSHOT_DIRECT,신규/ON,pullback_structure_snapshot_v1,,,PULLBACK_63,
2026-10-01 12:42:37.145,v2.3.3,20261001_240810_PULLBACK_SNAPSHOT_RECLAIM_2026-10-01:240810:2:150_124212995291,PULLBACK_SNAPSHOT_RECLAIM,240810,원익IPS,2026-10-01 12:42:06.947,138600.0,138600.0,MAIN,MAIN,2026-10-01 12:42:00.000,,,2026-10-01 12:42:00.000,138600.0,,,False,,2026-10-01 12:42:07.944,138600.0,7.94453,0.0,0.0,0.0,30,30.198,138500.0,-0.07215007215007214,-0.07215007215007214,0.0,-0.07215007215007214,0.0,-0.07215007215007214,COMPLETE,PULLBACK_V230,PULLBACK_SNAPSHOT_RECLAIM,신규/ON,pullback_structure_snapshot_v1,,,PULLBACK_63,
2026-10-01 12:43:03.355,v2.3.3,20261001_067310_PULLBACK_SNAPSHOT_DIRECT_2026-10-01:067310:2:30_123809361151,PULLBACK_SNAPSHOT_DIRECT,067310,하나마이크론,2026-10-01 12:38:03.059,49900.0,49850.0,MAIN,MAIN,2026-10-01 12:38:00.000,,,2026-10-01 12:38:00.000,49900.0,,,False,,2026-10-01 12:38:03.398,49900.0,3.398487,0.0,0.10030090270812438,0.0,300,300.296,49700.0,-0.4008016032064128,-0.3009027081243731,0.1002004008016032,-0.4008016032064128,0.20060180541624875,-0.3009027081243731,COMPLETE,PULLBACK_V230,PULLBACK_SNAPSHOT_DIRECT,신규/ON,pullback_structure_snapshot_v1,,,PULLBACK_63,
2026-10-01 12:43:04.445,v2.3.3,20261001_001820_PULLBACK_SNAPSHOT_RECLAIM_2026-10-01:001820:2:30_124015726554,PULLBACK_SNAPSHOT_RECLAIM,001820,삼화콘덴서,2026-10-01 12:40:03.060,161300.0,161300.0,MAIN,MAIN,2026-10-01 12:40:00.000,2026-10-01 11:26:59.587,160500.0,2026-10-01 12:40:00.000,161300.0,4380.412301,0.4984423676012373,False,,2026-10-01 12:40:03.253,161300.0,3.25322,0.0,0.0,0.0,180,181.385,161400.0,0.06199628022318661,0.06199628022318661,0.12399256044637322,-0.24798512089274644,0.12399256044637322,-0.24798512089274644,COMPLETE,PULLBACK_V230,PULLBACK_SNAPSHOT_RECLAIM,신규/ON,pullback_structure_snapshot_v1,,,PULLBACK_63,
2026-10-01 12:43:04.856,v2.3.3,20261001_240810_PULLBACK_SNAPSHOT_DIRECT_2026-10-01:240810:2:150_124110626556,PULLBACK_SNAPSHOT_DIRECT,240810,원익IPS,2026-10-01 12:41:04.156,138500.0,138600.0,MAIN,MAIN,2026-10-01 12:41:00.000,,,2026-10-01 12:41:00.000,138500.0,,,False,,2026-10-01 12:41:04.245,138600.0,4.245143,0.07220216606498195,0.0,0.07220216606498195,120,120.7,138700.0,0.1444043321299639,0.07215007215007214,0.1444043321299639,0.0,0.07215007215007214,-0.07215007215007214,COMPLETE,PULLBACK_V230,PULLBACK_SNAPSHOT_DIRECT,신규/ON,pullback_structure_snapshot_v1,,,PULLBACK_63,
2026-10-01 12:43:08.050,v2.3.3,20261001_240810_PULLBACK_SNAPSHOT_RECLAIM_2026-10-01:240810:2:150_124212995291,PULLBACK_SNAPSHOT_RECLAIM,240810,원익IPS,2026-10-01 12:42:06.947,138600.0,138600.0,MAIN,MAIN,2026-10-01 12:42:00.000,,,2026-10-01 12:42:00.000,138600.0,,,False,,2026-10-01 12:42:07.944,138600.0,7.94453,0.0,0.0,0.0,60,61.103,138600.0,0.0,0.0,0.07215007215007214,-0.07215007215007214,0.07215007215007214,-0.07215007215007214,COMPLETE,PULLBACK_V230,PULLBACK_SNAPSHOT_RECLAIM,신규/ON,pullback_structure_snapshot_v1,,,PULLBACK_63,
2026-10-01 12:43:56.645,v2.3.3,20261001_043260_BASE_E002_123856069975,BASE,043260,성호전자,2026-10-01 12:38:56.069,27875.0,27902.874999999996,MAIN,MAIN,2026-10-01 12:38:56.052,2026-10-01 12:38:56.052,27875.0,2026-10-01 12:38:56.052,27875.0,0.0,0.0,False,,2026-10-01 12:38:56.386,27900.0,0.333802,0.08968609865470852,-0.0103035977475309,0.08968609865470852,300,300.576,27750.0,-0.4484304932735426,-0.5478826106628668,0.4484304932735426,-0.6278026905829596,0.348082410862693,-0.7270756149679788,COMPLETE,,BASE,,,,,,
2026-10-01 12:44:00.946,v2.3.3,20261001_001820_PULLBACK_SNAPSHOT_DIRECT_2026-10-01:001820:2:30_123905142457,PULLBACK_SNAPSHOT_DIRECT,001820,삼화콘덴서,2026-10-01 12:39:00.644,161700.0,161600.0,MAIN,MAIN,2026-10-01 12:39:00.000,2026-10-01 11:26:59.587,160500.0,2026-10-01 12:39:00.000,161700.0,4320.412301,0.7476635514018781,False,,2026-10-01 12:39:01.844,161600.0,1.844242,-0.06184291898577613,0.0,0.06184291898577613,300,300.303,161000.0,-0.4329004329004329,-0.3712871287128713,0.0,-0.49474335188620905,0.06188118811881188,-0.4331683168316832,COMPLETE,PULLBACK_V230,PULLBACK_SNAPSHOT_DIRECT,신규/ON,pullback_structure_snapshot_v1,,,PULLBACK_63,
2026-10-01 12:44:05.643,v2.3.3,20261001_240810_PULLBACK_SNAPSHOT_DIRECT_2026-10-01:240810:2:150_124110626556,PULLBACK_SNAPSHOT_DIRECT,240810,원익IPS,2026-10-01 12:41:04.156,138500.0,138600.0,MAIN,MAIN,2026-10-01 12:41:00.000,,,2026-10-01 12:41:00.000,138500.0,,,False,,2026-10-01 12:41:04.245,138600.0,4.245143,0.07220216606498195,0.0,0.07220216606498195,180,181.487,138800.0,0.21660649819494585,0.1443001443001443,0.21660649819494585,0.0,0.1443001443001443,-0.07215007215007214,COMPLETE,PULLBACK_V230,PULLBACK_SNAPSHOT_DIRECT,신규/ON,pullback_structure_snapshot_v1,,,PULLBACK_63,
2026-10-01 12:44:10.011,v2.3.3,20261001_240810_PULLBACK_SNAPSHOT_RECLAIM_2026-10-01:240810:2:150_124212995291,PULLBACK_SNAPSHOT_RECLAIM,240810,원익IPS,2026-10-01 12:42:06.947,138600.0,138600.0,MAIN,MAIN,2026-10-01 12:42:00.000,,,2026-10-01 12:42:00.000,138600.0,,,False,,2026-10-01 12:42:07.944,138600.0,7.94453,0.0,0.0,0.0,120,123.063,138850.0,0.18037518037518038,0.18037518037518038,0.18037518037518038,-0.07215007215007214,0.18037518037518038,-0.07215007215007214,COMPLETE,PULLBACK_V230,PULLBACK_SNAPSHOT_RECLAIM,신규/ON,pullback_structure_snapshot_v1,,,PULLBACK_63,
2026-10-01 12:45:03.456,v2.3.3,20261001_001820_PULLBACK_SNAPSHOT_RECLAIM_2026-10-01:001820:2:30_124015726554,PULLBACK_SNAPSHOT_RECLAIM,001820,삼화콘덴서,2026-10-01 12:40:03.060,161300.0,161300.0,MAIN,MAIN,2026-10-01 12:40:00.000,2026-10-01 11:26:59.587,160500.0,2026-10-01 12:40:00.000,161300.0,4380.412301,0.4984423676012373,False,,2026-10-01 12:40:03.253,161300.0,3.25322,0.0,0.0,0.0,300,300.396,160700.0,-0.3719776813391197,-0.3719776813391197,0.12399256044637322,-0.4339739615623063,0.12399256044637322,-0.4339739615623063,COMPLETE,PULLBACK_V230,PULLBACK_SNAPSHOT_RECLAIM,신규/ON,pullback_structure_snapshot_v1,,,PULLBACK_63,
2026-10-01 12:45:07.555,v2.3.3,20261001_240810_PULLBACK_SNAPSHOT_RECLAIM_2026-10-01:240810:2:150_124212995291,PULLBACK_SNAPSHOT_RECLAIM,240810,원익IPS,2026-10-01 12:42:06.947,138600.0,138600.0,MAIN,MAIN,2026-10-01 12:42:00.000,,,2026-10-01 12:42:00.000,138600.0,,,False,,2026-10-01 12:42:07.944,138600.0,7.94453,0.0,0.0,0.0,180,180.607,138900.0,0.21645021645021645,0.21645021645021645,0.21645021645021645,-0.07215007215007214,0.21645021645021645,-0.07215007215007214,COMPLETE,PULLBACK_V230,PULLBACK_SNAPSHOT_RECLAIM,신규/ON,pullback_structure_snapshot_v1,,,PULLBACK_63,
2026-10-01 12:45:32.042,v2.3.3,20261001_043260_PULLBACK_SNAPSHOT_DIRECT_2026-10-01:043260:2:60_124520256585,PULLBACK_SNAPSHOT_DIRECT,043260,성호전자,2026-10-01 12:45:01.471,27850.0,27850.0,MAIN,MAIN,2026-10-01 12:45:00.000,,,2026-10-01 12:45:00.000,27850.0,,,False,,2026-10-01 12:45:02.785,27850.0,2.785345,0.0,0.0,0.0,30,30.572,27800.0,-0.17953321364452424,-0.17953321364452424,0.0,-0.3590664272890485,0.0,-0.3590664272890485,COMPLETE,PULLBACK_V230,PULLBACK_SNAPSHOT_DIRECT,신규/ON,pullback_structure_snapshot_v1,,,PULLBACK_63,
2026-10-01 12:46:03.028,v2.3.3,20261001_043260_PULLBACK_SNAPSHOT_DIRECT_2026-10-01:043260:2:60_124520256585,PULLBACK_SNAPSHOT_DIRECT,043260,성호전자,2026-10-01 12:45:01.471,27850.0,27850.0,MAIN,MAIN,2026-10-01 12:45:00.000,,,2026-10-01 12:45:00.000,27850.0,,,False,,2026-10-01 12:45:02.785,27850.0,2.785345,0.0,0.0,0.0,60,61.558,27750.0,-0.3590664272890485,-0.3590664272890485,0.0,-0.3590664272890485,0.0,-0.3590664272890485,COMPLETE,PULLBACK_V230,PULLBACK_SNAPSHOT_DIRECT,신규/ON,pullback_structure_snapshot_v1,,,PULLBACK_63,
2026-10-01 12:46:04.358,v2.3.3,20261001_240810_PULLBACK_SNAPSHOT_DIRECT_2026-10-01:240810:2:150_124110626556,PULLBACK_SNAPSHOT_DIRECT,240810,원익IPS,2026-10-01 12:41:04.156,138500.0,138600.0,MAIN,MAIN,2026-10-01 12:41:00.000,,,2026-10-01 12:41:00.000,138500.0,,,False,,2026-10-01 12:41:04.245,138600.0,4.245143,0.07220216606498195,0.0,0.07220216606498195,300,300.202,138900.0,0.2888086642599278,0.21645021645021645,0.2888086642599278,0.0,0.21645021645021645,-0.07215007215007214,COMPLETE,PULLBACK_V230,PULLBACK_SNAPSHOT_DIRECT,신규/ON,pullback_structure_snapshot_v1,,,PULLBACK_63,
2026-10-01 12:46:32.941,v2.3.3,20261001_043260_PULLBACK_SNAPSHOT_RECLAIM_2026-10-01:043260:2:60_124617323336,PULLBACK_SNAPSHOT_RECLAIM,043260,성호전자,2026-10-01 12:46:00.957,27750.0,27750.0,MAIN,MAIN,2026-10-01 12:46:00.000,,,2026-10-01 12:46:00.000,27750.0,,,False,,2026-10-01 12:46:03.028,27750.0,3.028964,0.0,0.0,0.0,30,31.985,27800.0,0.18018018018018017,0.18018018018018017,0.18018018018018017,0.0,0.18018018018018017,0.0,COMPLETE,PULLBACK_V230,PULLBACK_SNAPSHOT_RECLAIM,신규/ON,pullback_structure_snapshot_v1,,,PULLBACK_63,
2026-10-01 12:47:03.660,v2.3.3,20261001_043260_PULLBACK_SNAPSHOT_RECLAIM_2026-10-01:043260:2:60_124617323336,PULLBACK_SNAPSHOT_RECLAIM,043260,성호전자,2026-10-01 12:46:00.957,27750.0,27750.0,MAIN,MAIN,2026-10-01 12:46:00.000,,,2026-10-01 12:46:00.000,27750.0,,,False,,2026-10-01 12:46:03.028,27750.0,3.028964,0.0,0.0,0.0,60,62.703,27850.0,0.36036036036036034,0.36036036036036034,0.36036036036036034,0.0,0.36036036036036034,0.0,COMPLETE,PULLBACK_V230,PULLBACK_SNAPSHOT_RECLAIM,신규/ON,pullback_structure_snapshot_v1,,,PULLBACK_63,
2026-10-01 12:47:03.660,v2.3.3,20261001_043260_PULLBACK_SNAPSHOT_DIRECT_2026-10-01:043260:2:60_124520256585,PULLBACK_SNAPSHOT_DIRECT,043260,성호전자,2026-10-01 12:45:01.471,27850.0,27850.0,MAIN,MAIN,2026-10-01 12:45:00.000,,,2026-10-01 12:45:00.000,27850.0,,,False,,2026-10-01 12:45:02.785,27850.0,2.785345,0.0,0.0,0.0,120,122.189,27850.0,0.0,0.0,0.0,-0.3590664272890485,0.0,-0.3590664272890485,COMPLETE,PULLBACK_V230,PULLBACK_SNAPSHOT_DIRECT,신규/ON,pullback_structure_snapshot_v1,,,PULLBACK_63,
2026-10-01 12:47:08.343,v2.3.3,20261001_240810_PULLBACK_SNAPSHOT_RECLAIM_2026-10-01:240810:2:150_124212995291,PULLBACK_SNAPSHOT_RECLAIM,240810,원익IPS,2026-10-01 12:42:06.947,138600.0,138600.0,MAIN,MAIN,2026-10-01 12:42:00.000,,,2026-10-01 12:42:00.000,138600.0,,,False,,2026-10-01 12:42:07.944,138600.0,7.94453,0.0,0.0,0.0,300,301.395,138900.0,0.21645021645021645,0.21645021645021645,0.2886002886002886,-0.07215007215007214,0.2886002886002886,-0.07215007215007214,COMPLETE,PULLBACK_V230,PULLBACK_SNAPSHOT_RECLAIM,신규/ON,pullback_structure_snapshot_v1,,,PULLBACK_63,
2026-10-01 12:48:01.747,v2.3.3,20261001_043260_PULLBACK_SNAPSHOT_RECLAIM_2026-10-01:043260:2:60_124617323336,PULLBACK_SNAPSHOT_RECLAIM,043260,성호전자,2026-10-01 12:46:00.957,27750.0,27750.0,MAIN,MAIN,2026-10-01 12:46:00.000,,,2026-10-01 12:46:00.000,27750.0,,,False,,2026-10-01 12:46:03.028,27750.0,3.028964,0.0,0.0,0.0,120,120.791,27850.0,0.36036036036036034,0.36036036036036034,0.36036036036036034,0.0,0.36036036036036034,0.0,COMPLETE,PULLBACK_V230,PULLBACK_SNAPSHOT_RECLAIM,신규/ON,pullback_structure_snapshot_v1,,,PULLBACK_63,
2026-10-01 12:48:01.747,v2.3.3,20261001_043260_PULLBACK_SNAPSHOT_DIRECT_2026-10-01:043260:2:60_124520256585,PULLBACK_SNAPSHOT_DIRECT,043260,성호전자,2026-10-01 12:45:01.471,27850.0,27850.0,MAIN,MAIN,2026-10-01 12:45:00.000,,,2026-10-01 12:45:00.000,27850.0,,,False,,2026-10-01 12:45:02.785,27850.0,2.785345,0.0,0.0,0.0,180,180.277,27850.0,0.0,0.0,0.0,-0.3590664272890485,0.0,-0.3590664272890485,COMPLETE,PULLBACK_V230,PULLBACK_SNAPSHOT_DIRECT,신규/ON,pullback_structure_snapshot_v1,,,PULLBACK_63,
2026-10-01 12:49:03.044,v2.3.3,20261001_043260_PULLBACK_SNAPSHOT_RECLAIM_2026-10-01:043260:2:60_124617323336,PULLBACK_SNAPSHOT_RECLAIM,043260,성호전자,2026-10-01 12:46:00.957,27750.0,27750.0,MAIN,MAIN,2026-10-01 12:46:00.000,,,2026-10-01 12:46:00.000,27750.0,,,False,,2026-10-01 12:46:03.028,27750.0,3.028964,0.0,0.0,0.0,180,182.087,27825.0,0.2702702702702703,0.2702702702702703,0.36036036036036034,0.0,0.36036036036036034,0.0,COMPLETE,PULLBACK_V230,PULLBACK_SNAPSHOT_RECLAIM,신규/ON,pullback_structure_snapshot_v1,,,PULLBACK_63,
2026-10-01 12:50:02.248,v2.3.3,20261001_043260_PULLBACK_SNAPSHOT_DIRECT_2026-10-01:043260:2:60_124520256585,PULLBACK_SNAPSHOT_DIRECT,043260,성호전자,2026-10-01 12:45:01.471,27850.0,27850.0,MAIN,MAIN,2026-10-01 12:45:00.000,,,2026-10-01 12:45:00.000,27850.0,,,False,,2026-10-01 12:45:02.785,27850.0,2.785345,0.0,0.0,0.0,300,300.777,27800.0,-0.17953321364452424,-0.17953321364452424,0.0,-0.3590664272890485,0.0,-0.3590664272890485,COMPLETE,PULLBACK_V230,PULLBACK_SNAPSHOT_DIRECT,신규/ON,pullback_structure_snapshot_v1,,,PULLBACK_63,
2026-10-01 12:50:34.441,v2.3.3,20261001_093370_BASE_E016_125004429429,BASE,093370,후성,2026-10-01 12:50:04.429,15740.0,15755.739999999998,MAIN,MAIN,2026-10-01 12:50:02.036,2026-10-01 12:50:02.036,15740.0,2026-10-01 12:50:02.036,15740.0,0.0,0.0,False,,2026-10-01 12:50:01.146,15720.0,0.0,-0.12706480304955528,-0.2268379650844579,0.12706480304955528,30,30.012,15760.0,0.12706480304955528,0.027037765284283935,0.1905972045743329,-0.1905972045743329,0.0905066978764694,-0.29030689767664336,COMPLETE,,BASE,,,,,,
2026-10-01 12:51:01.545,v2.3.3,20261001_043260_PULLBACK_SNAPSHOT_RECLAIM_2026-10-01:043260:2:60_124617323336,PULLBACK_SNAPSHOT_RECLAIM,043260,성호전자,2026-10-01 12:46:00.957,27750.0,27750.0,MAIN,MAIN,2026-10-01 12:46:00.000,,,2026-10-01 12:46:00.000,27750.0,,,False,,2026-10-01 12:46:03.028,27750.0,3.028964,0.0,0.0,0.0,300,300.588,27700.0,-0.18018018018018017,-0.18018018018018017,0.36036036036036034,-0.18018018018018017,0.36036036036036034,-0.18018018018018017,COMPLETE,PULLBACK_V230,PULLBACK_SNAPSHOT_RECLAIM,신규/ON,pullback_structure_snapshot_v1,,,PULLBACK_63,
2026-10-01 12:51:04.440,v2.3.3,20261001_093370_BASE_E016_125004429429,BASE,093370,후성,2026-10-01 12:50:04.429,15740.0,15755.739999999998,MAIN,MAIN,2026-10-01 12:50:02.036,2026-10-01 12:50:02.036,15740.0,2026-10-01 12:50:02.036,15740.0,0.0,0.0,False,,2026-10-01 12:50:01.146,15720.0,0.0,-0.12706480304955528,-0.2268379650844579,0.12706480304955528,60,60.011,15730.0,-0.06353240152477764,-0.16336903249227244,0.1905972045743329,-0.1905972045743329,0.0905066978764694,-0.29030689767664336,COMPLETE,,BASE,,,,,,
2026-10-01 12:52:05.141,v2.3.3,20261001_093370_BASE_E016_125004429429,BASE,093370,후성,2026-10-01 12:50:04.429,15740.0,15755.739999999998,MAIN,MAIN,2026-10-01 12:50:02.036,2026-10-01 12:50:02.036,15740.0,2026-10-01 12:50:02.036,15740.0,0.0,0.0,False,,2026-10-01 12:50:01.146,15720.0,0.0,-0.12706480304955528,-0.2268379650844579,0.12706480304955528,120,120.712,15760.0,0.12706480304955528,0.027037765284283935,0.1905972045743329,-0.1905972045743329,0.0905066978764694,-0.29030689767664336,COMPLETE,,BASE,,,,,,
2026-10-01 12:53:05.146,v2.3.3,20261001_093370_BASE_E016_125004429429,BASE,093370,후성,2026-10-01 12:50:04.429,15740.0,15755.739999999998,MAIN,MAIN,2026-10-01 12:50:02.036,2026-10-01 12:50:02.036,15740.0,2026-10-01 12:50:02.036,15740.0,0.0,0.0,False,,2026-10-01 12:50:01.146,15720.0,0.0,-0.12706480304955528,-0.2268379650844579,0.12706480304955528,180,180.717,15750.0,0.06353240152477764,-0.036431167307901524,0.1905972045743329,-0.1905972045743329,0.0905066978764694,-0.29030689767664336,COMPLETE,,BASE,,,,,,
2026-10-01 12:55:04.939,v2.3.3,20261001_093370_BASE_E016_125004429429,BASE,093370,후성,2026-10-01 12:50:04.429,15740.0,15755.739999999998,MAIN,MAIN,2026-10-01 12:50:02.036,2026-10-01 12:50:02.036,15740.0,2026-10-01 12:50:02.036,15740.0,0.0,0.0,False,,2026-10-01 12:50:01.146,15720.0,0.0,-0.12706480304955528,-0.2268379650844579,0.12706480304955528,300,300.51,15740.0,0.0,-0.09990009990008697,0.1905972045743329,-0.1905972045743329,0.0905066978764694,-0.29030689767664336,COMPLETE,,BASE,,,,,,
2026-10-01 12:57:31.039,v2.3.3,20261001_080220_PULLBACK_BALANCE_BREAKOUT_2026-10-01:080220:1_125712239765,PULLBACK_BALANCE_BREAKOUT,080220,제주반도체,2026-10-01 12:57:00.655,84700.0,84700.0,MAIN,MAIN,2026-10-01 12:57:00.000,2026-10-01 10:56:19.809,83100.0,2026-10-01 12:57:00.000,84700.0,7240.190007,1.9253910950661757,False,,2026-10-01 12:57:00.947,84700.0,0.947475,0.0,0.0,0.0,30,30.384,84700.0,0.0,0.0,0.0,-0.11806375442739078,0.0,-0.11806375442739078,COMPLETE,PULLBACK_V230,PULLBACK_BALANCE_BREAKOUT,신규/ON,,,,PULLBACK_63,
2026-10-01 12:58:00.665,v2.3.3,20261001_080220_PULLBACK_BALANCE_BREAKOUT_2026-10-01:080220:1_125712239765,PULLBACK_BALANCE_BREAKOUT,080220,제주반도체,2026-10-01 12:57:00.655,84700.0,84700.0,MAIN,MAIN,2026-10-01 12:57:00.000,2026-10-01 10:56:19.809,83100.0,2026-10-01 12:57:00.000,84700.0,7240.190007,1.9253910950661757,False,,2026-10-01 12:57:00.947,84700.0,0.947475,0.0,0.0,0.0,60,60.01,84700.0,0.0,0.0,0.11806375442739078,-0.11806375442739078,0.11806375442739078,-0.11806375442739078,COMPLETE,PULLBACK_V230,PULLBACK_BALANCE_BREAKOUT,신규/ON,,,,PULLBACK_63,
2026-10-01 12:59:01.240,v2.3.3,20261001_080220_PULLBACK_BALANCE_BREAKOUT_2026-10-01:080220:1_125712239765,PULLBACK_BALANCE_BREAKOUT,080220,제주반도체,2026-10-01 12:57:00.655,84700.0,84700.0,MAIN,MAIN,2026-10-01 12:57:00.000,2026-10-01 10:56:19.809,83100.0,2026-10-01 12:57:00.000,84700.0,7240.190007,1.9253910950661757,False,,2026-10-01 12:57:00.947,84700.0,0.947475,0.0,0.0,0.0,120,120.585,84700.0,0.0,0.0,0.11806375442739078,-0.11806375442739078,0.11806375442739078,-0.11806375442739078,COMPLETE,PULLBACK_V230,PULLBACK_BALANCE_BREAKOUT,신규/ON,,,,PULLBACK_63,
2026-10-01 12:59:30.542,v2.3.3,20261001_396300_PULLBACK_STRUCTURE_ENTRY_2026-10-01:396300:5_125903097329,PULLBACK_STRUCTURE_ENTRY,396300,HT로보틱스,2026-10-01 12:59:00.139,6200.0,6190.0,MAIN,MAIN,2026-10-01 12:59:00.000,,,2026-10-01 12:59:00.000,6200.0,,,False,,2026-10-01 12:59:00.139,6200.0,0.139031,0.0,0.16155088852988692,0.0,30,30.403,6160.0,-0.6451612903225806,-0.48465266558966075,0.16129032258064516,-1.129032258064516,0.32310177705977383,-0.9693053311793215,COMPLETE,PULLBACK_V230,PULLBACK_STRUCTURE_ENTRY,신규/ON,pullback_structure_snapshot_v1,,,PULLBACK_63,
2026-10-01 13:00:00.240,v2.3.3,20261001_396300_PULLBACK_STRUCTURE_ENTRY_2026-10-01:396300:5_125903097329,PULLBACK_STRUCTURE_ENTRY,396300,HT로보틱스,2026-10-01 12:59:00.139,6200.0,6190.0,MAIN,MAIN,2026-10-01 12:59:00.000,,,2026-10-01 12:59:00.000,6200.0,,,False,,2026-10-01 12:59:00.139,6200.0,0.139031,0.0,0.16155088852988692,0.0,60,60.102,6160.0,-0.6451612903225806,-0.48465266558966075,0.16129032258064516,-1.129032258064516,0.32310177705977383,-0.9693053311793215,COMPLETE,PULLBACK_V230,PULLBACK_STRUCTURE_ENTRY,신규/ON,pullback_structure_snapshot_v1,,,PULLBACK_63,
2026-10-01 13:00:01.237,v2.3.3,20261001_080220_PULLBACK_BALANCE_BREAKOUT_2026-10-01:080220:1_125712239765,PULLBACK_BALANCE_BREAKOUT,080220,제주반도체,2026-10-01 12:57:00.655,84700.0,84700.0,MAIN,MAIN,2026-10-01 12:57:00.000,2026-10-01 10:56:19.809,83100.0,2026-10-01 12:57:00.000,84700.0,7240.190007,1.9253910950661757,False,,2026-10-01 12:57:00.947,84700.0,0.947475,0.0,0.0,0.0,180,180.582,84700.0,0.0,0.0,0.11806375442739078,-0.11806375442739078,0.11806375442739078,-0.11806375442739078,COMPLETE,PULLBACK_V230,PULLBACK_BALANCE_BREAKOUT,신규/ON,,,,PULLBACK_63,
2026-10-01 13:01:00.237,v2.3.3,20261001_396300_PULLBACK_STRUCTURE_ENTRY_2026-10-01:396300:5_125903097329,PULLBACK_STRUCTURE_ENTRY,396300,HT로보틱스,2026-10-01 12:59:00.139,6200.0,6190.0,MAIN,MAIN,2026-10-01 12:59:00.000,,,2026-10-01 12:59:00.000,6200.0,,,False,,2026-10-01 12:59:00.139,6200.0,0.139031,0.0,0.16155088852988692,0.0,120,120.098,6150.0,-0.8064516129032258,-0.6462035541195477,0.16129032258064516,-1.129032258064516,0.32310177705977383,-0.9693053311793215,COMPLETE,PULLBACK_V230,PULLBACK_STRUCTURE_ENTRY,신규/ON,pullback_structure_snapshot_v1,,,PULLBACK_63,
2026-10-01 13:02:00.341,v2.3.3,20261001_396300_PULLBACK_STRUCTURE_ENTRY_2026-10-01:396300:5_125903097329,PULLBACK_STRUCTURE_ENTRY,396300,HT로보틱스,2026-10-01 12:59:00.139,6200.0,6190.0,MAIN,MAIN,2026-10-01 12:59:00.000,,,2026-10-01 12:59:00.000,6200.0,,,False,,2026-10-01 12:59:00.139,6200.0,0.139031,0.0,0.16155088852988692,0.0,180,180.203,6150.0,-0.8064516129032258,-0.6462035541195477,0.16129032258064516,-1.129032258064516,0.32310177705977383,-0.9693053311793215,COMPLETE,PULLBACK_V230,PULLBACK_STRUCTURE_ENTRY,신규/ON,pullback_structure_snapshot_v1,,,PULLBACK_63,
2026-10-01 13:02:01.647,v2.3.3,20261001_080220_PULLBACK_BALANCE_BREAKOUT_2026-10-01:080220:1_125712239765,PULLBACK_BALANCE_BREAKOUT,080220,제주반도체,2026-10-01 12:57:00.655,84700.0,84700.0,MAIN,MAIN,2026-10-01 12:57:00.000,2026-10-01 10:56:19.809,83100.0,2026-10-01 12:57:00.000,84700.0,7240.190007,1.9253910950661757,False,,2026-10-01 12:57:00.947,84700.0,0.947475,0.0,0.0,0.0,300,300.992,84700.0,0.0,0.0,0.11806375442739078,-0.23612750885478156,0.11806375442739078,-0.23612750885478156,COMPLETE,PULLBACK_V230,PULLBACK_BALANCE_BREAKOUT,신규/ON,,,,PULLBACK_63,
2026-10-01 13:02:30.259,v2.3.3,20261001_403870_PULLBACK_STRUCTURE_ENTRY_2026-10-01:403870:3_130223826900,PULLBACK_STRUCTURE_ENTRY,403870,HPSP,2026-10-01 13:02:00.253,66200.0,66200.0,MAIN,MAIN,2026-10-01 13:02:00.000,,,2026-10-01 13:02:00.000,66200.0,,,False,,2026-10-01 13:02:02.760,66200.0,2.760782,0.0,0.0,0.0,30,30.006,66200.0,0.0,0.0,0.1510574018126888,0.0,0.1510574018126888,0.0,COMPLETE,PULLBACK_V230,PULLBACK_STRUCTURE_ENTRY,신규/ON,pullback_structure_snapshot_v1,,,PULLBACK_63,
2026-10-01 13:02:30.769,v2.3.3,20261001_439960_PULLBACK_SNAPSHOT_DIRECT_2026-10-01:439960:5:210_130240505900,PULLBACK_SNAPSHOT_DIRECT,439960,코스모로보틱스,2026-10-01 13:02:00.462,9310.0,9300.0,MAIN,MAIN,2026-10-01 13:02:00.000,,,2026-10-01 13:02:00.000,9310.0,,,False,,2026-10-01 13:02:01.560,9300.0,1.560677,-0.10741138560687433,0.0,0.10741138560687433,30,30.307,9390.0,0.8592910848549946,0.967741935483871,0.8592910848549946,-0.21482277121374865,0.967741935483871,-0.10752688172043011,COMPLETE,PULLBACK_V230,PULLBACK_SNAPSHOT_DIRECT,신규/ON,pullback_structure_snapshot_v1,,,PULLBACK_63,
2026-10-01 13:03:00.927,v2.3.3,20261001_403870_PULLBACK_STRUCTURE_ENTRY_2026-10-01:403870:3_130223826900,PULLBACK_STRUCTURE_ENTRY,403870,HPSP,2026-10-01 13:02:00.253,66200.0,66200.0,MAIN,MAIN,2026-10-01 13:02:00.000,,,2026-10-01 13:02:00.000,66200.0,,,False,,2026-10-01 13:02:02.760,66200.0,2.760782,0.0,0.0,0.0,60,60.674,66200.0,0.0,0.0,0.1510574018126888,0.0,0.1510574018126888,0.0,COMPLETE,PULLBACK_V230,PULLBACK_STRUCTURE_ENTRY,신규/ON,pullback_structure_snapshot_v1,,,PULLBACK_63,
2026-10-01 13:03:00.927,v2.3.3,20261001_439960_PULLBACK_SNAPSHOT_DIRECT_2026-10-01:439960:5:210_130240505900,PULLBACK_SNAPSHOT_DIRECT,439960,코스모로보틱스,2026-10-01 13:02:00.462,9310.0,9300.0,MAIN,MAIN,2026-10-01 13:02:00.000,,,2026-10-01 13:02:00.000,9310.0,,,False,,2026-10-01 13:02:01.560,9300.0,1.560677,-0.10741138560687433,0.0,0.10741138560687433,60,60.465,9360.0,0.5370569280343717,0.6451612903225806,0.966702470461869,-0.21482277121374865,1.0752688172043012,-0.10752688172043011,COMPLETE,PULLBACK_V230,PULLBACK_SNAPSHOT_DIRECT,신규/ON,pullback_structure_snapshot_v1,,,PULLBACK_63,
2026-10-01 13:03:31.142,v2.3.3,20261001_439960_PULLBACK_SNAPSHOT_RECLAIM_2026-10-01:439960:5:210_130342721189,PULLBACK_SNAPSHOT_RECLAIM,439960,코스모로보틱스,2026-10-01 13:03:00.927,9350.0,9360.0,MAIN,MAIN,2026-10-01 13:03:00.000,,,2026-10-01 13:03:00.000,9350.0,,,False,,2026-10-01 13:03:00.928,9365.0,0.928122,0.16042780748663102,0.05341880341880342,0.16042780748663102,30,30.215,9370.0,0.21390374331550802,0.10683760683760685,0.21390374331550802,0.0,0.10683760683760685,-0.10683760683760685,COMPLETE,PULLBACK_V230,PULLBACK_SNAPSHOT_RECLAIM,신규/ON,pullback_structure_snapshot_v1,,,PULLBACK_63,
2026-10-01 13:04:00.535,v2.3.3,20261001_396300_PULLBACK_STRUCTURE_ENTRY_2026-10-01:396300:5_125903097329,PULLBACK_STRUCTURE_ENTRY,396300,HT로보틱스,2026-10-01 12:59:00.139,6200.0,6190.0,MAIN,MAIN,2026-10-01 12:59:00.000,,,2026-10-01 12:59:00.000,6200.0,,,False,,2026-10-01 12:59:00.139,6200.0,0.139031,0.0,0.16155088852988692,0.0,300,300.396,6200.0,0.0,0.16155088852988692,0.967741935483871,-1.129032258064516,1.1308562197092082,-0.9693053311793215,COMPLETE,PULLBACK_V230,PULLBACK_STRUCTURE_ENTRY,신규/ON,pullback_structure_snapshot_v1,,,PULLBACK_63,
2026-10-01 13:04:01.041,v2.3.3,20261001_403870_PULLBACK_STRUCTURE_ENTRY_2026-10-01:403870:3_130223826900,PULLBACK_STRUCTURE_ENTRY,403870,HPSP,2026-10-01 13:02:00.253,66200.0,66200.0,MAIN,MAIN,2026-10-01 13:02:00.000,,,2026-10-01 13:02:00.000,66200.0,,,False,,2026-10-01 13:02:02.760,66200.0,2.760782,0.0,0.0,0.0,120,120.789,66100.0,-0.1510574018126888,-0.1510574018126888,0.1510574018126888,-0.1510574018126888,0.1510574018126888,-0.1510574018126888,COMPLETE,PULLBACK_V230,PULLBACK_STRUCTURE_ENTRY,신규/ON,pullback_structure_snapshot_v1,,,PULLBACK_63,
2026-10-01 13:04:01.041,v2.3.3,20261001_439960_PULLBACK_SNAPSHOT_RECLAIM_2026-10-01:439960:5:210_130342721189,PULLBACK_SNAPSHOT_RECLAIM,439960,코스모로보틱스,2026-10-01 13:03:00.927,9350.0,9360.0,MAIN,MAIN,2026-10-01 13:03:00.000,,,2026-10-01 13:03:00.000,9350.0,,,False,,2026-10-01 13:03:00.928,9365.0,0.928122,0.16042780748663102,0.05341880341880342,0.16042780748663102,60,60.115,9380.0,0.32085561497326204,0.2136752136752137,0.42780748663101603,0.0,0.3205128205128205,-0.10683760683760685,COMPLETE,PULLBACK_V230,PULLBACK_SNAPSHOT_RECLAIM,신규/ON,pullback_structure_snapshot_v1,,,PULLBACK_63,
2026-10-01 13:04:01.041,v2.3.3,20261001_439960_PULLBACK_SNAPSHOT_DIRECT_2026-10-01:439960:5:210_130240505900,PULLBACK_SNAPSHOT_DIRECT,439960,코스모로보틱스,2026-10-01 13:02:00.462,9310.0,9300.0,MAIN,MAIN,2026-10-01 13:02:00.000,,,2026-10-01 13:02:00.000,9310.0,,,False,,2026-10-01 13:02:01.560,9300.0,1.560677,-0.10741138560687433,0.0,0.10741138560687433,120,120.579,9380.0,0.7518796992481203,0.8602150537634409,0.966702470461869,-0.21482277121374865,1.0752688172043012,-0.10752688172043011,COMPLETE,PULLBACK_V230,PULLBACK_SNAPSHOT_DIRECT,신규/ON,pullback_structure_snapshot_v1,,,PULLBACK_63,
2026-10-01 13:05:00.748,v2.3.3,20261001_439960_PULLBACK_SNAPSHOT_DIRECT_2026-10-01:439960:5:210_130240505900,PULLBACK_SNAPSHOT_DIRECT,439960,코스모로보틱스,2026-10-01 13:02:00.462,9310.0,9300.0,MAIN,MAIN,2026-10-01 13:02:00.000,,,2026-10-01 13:02:00.000,9310.0,,,False,,2026-10-01 13:02:01.560,9300.0,1.560677,-0.10741138560687433,0.0,0.10741138560687433,180,180.286,9340.0,0.322234156820623,0.43010752688172044,0.966702470461869,-0.21482277121374865,1.0752688172043012,-0.10752688172043011,COMPLETE,PULLBACK_V230,PULLBACK_SNAPSHOT_DIRECT,신규/ON,pullback_structure_snapshot_v1,,,PULLBACK_63,
2026-10-01 13:05:01.236,v2.3.3,20261001_403870_PULLBACK_STRUCTURE_ENTRY_2026-10-01:403870:3_130223826900,PULLBACK_STRUCTURE_ENTRY,403870,HPSP,2026-10-01 13:02:00.253,66200.0,66200.0,MAIN,MAIN,2026-10-01 13:02:00.000,,,2026-10-01 13:02:00.000,66200.0,,,False,,2026-10-01 13:02:02.760,66200.0,2.760782,0.0,0.0,0.0,180,180.983,66300.0,0.1510574018126888,0.1510574018126888,0.1510574018126888,-0.1510574018126888,0.1510574018126888,-0.1510574018126888,COMPLETE,PULLBACK_V230,PULLBACK_STRUCTURE_ENTRY,신규/ON,pullback_structure_snapshot_v1,,,PULLBACK_63,
2026-10-01 13:05:01.342,v2.3.3,20261001_439960_PULLBACK_SNAPSHOT_RECLAIM_2026-10-01:439960:5:210_130342721189,PULLBACK_SNAPSHOT_RECLAIM,439960,코스모로보틱스,2026-10-01 13:03:00.927,9350.0,9360.0,MAIN,MAIN,2026-10-01 13:03:00.000,,,2026-10-01 13:03:00.000,9350.0,,,False,,2026-10-01 13:03:00.928,9365.0,0.928122,0.16042780748663102,0.05341880341880342,0.16042780748663102,120,120.416,9340.0,-0.10695187165775401,-0.2136752136752137,0.42780748663101603,-0.42780748663101603,0.3205128205128205,-0.5341880341880342,COMPLETE,PULLBACK_V230,PULLBACK_SNAPSHOT_RECLAIM,신규/ON,pullback_structure_snapshot_v1,,,PULLBACK_63,
2026-10-01 13:05:32.335,v2.3.3,20261001_093370_PULLBACK_SNAPSHOT_DIRECT_2026-10-01:093370:2:150_130507610105,PULLBACK_SNAPSHOT_DIRECT,093370,후성,2026-10-01 13:05:00.835,15610.0,15620.0,MAIN,MAIN,2026-10-01 13:05:00.000,,,2026-10-01 13:05:00.000,15610.0,,,False,,2026-10-01 13:05:01.035,15610.0,1.035226,0.0,-0.06402048655569782,0.0,30,31.5,15620.0,0.06406149903907751,0.0,0.06406149903907751,0.0,0.0,-0.06402048655569782,COMPLETE,PULLBACK_V230,PULLBACK_SNAPSHOT_DIRECT,신규/ON,pullback_structure_snapshot_v1,,,PULLBACK_63,
2026-10-01 13:06:00.934,v2.3.3,20261001_439960_PULLBACK_SNAPSHOT_RECLAIM_2026-10-01:439960:5:210_130342721189,PULLBACK_SNAPSHOT_RECLAIM,439960,코스모로보틱스,2026-10-01 13:03:00.927,9350.0,9360.0,MAIN,MAIN,2026-10-01 13:03:00.000,,,2026-10-01 13:03:00.000,9350.0,,,False,,2026-10-01 13:03:00.928,9365.0,0.928122,0.16042780748663102,0.05341880341880342,0.16042780748663102,180,180.008,9340.0,-0.10695187165775401,-0.2136752136752137,0.42780748663101603,-0.42780748663101603,0.3205128205128205,-0.5341880341880342,COMPLETE,PULLBACK_V230,PULLBACK_SNAPSHOT_RECLAIM,신규/ON,pullback_structure_snapshot_v1,,,PULLBACK_63,
2026-10-01 13:06:00.934,v2.3.3,20261001_093370_PULLBACK_SNAPSHOT_DIRECT_2026-10-01:093370:2:150_130507610105,PULLBACK_SNAPSHOT_DIRECT,093370,후성,2026-10-01 13:05:00.835,15610.0,15620.0,MAIN,MAIN,2026-10-01 13:05:00.000,,,2026-10-01 13:05:00.000,15610.0,,,False,,2026-10-01 13:05:01.035,15610.0,1.035226,0.0,-0.06402048655569782,0.0,60,60.099,15610.0,0.0,-0.06402048655569782,0.06406149903907751,0.0,0.0,-0.06402048655569782,COMPLETE,PULLBACK_V230,PULLBACK_SNAPSHOT_DIRECT,신규/ON,pullback_structure_snapshot_v1,,,PULLBACK_63,
2026-10-01 13:06:31.236,v2.3.3,20261001_093370_PULLBACK_SNAPSHOT_RECLAIM_2026-10-01:093370:2:150_130606722841,PULLBACK_SNAPSHOT_RECLAIM,093370,후성,2026-10-01 13:06:00.934,15610.0,15610.0,MAIN,MAIN,2026-10-01 13:06:00.000,,,2026-10-01 13:06:00.000,15610.0,,,False,,2026-10-01 13:06:01.535,15610.0,1.535157,0.0,0.0,0.0,30,30.302,15610.0,0.0,0.0,0.06406149903907751,0.0,0.06406149903907751,0.0,COMPLETE,PULLBACK_V230,PULLBACK_SNAPSHOT_RECLAIM,신규/ON,pullback_structure_snapshot_v1,,,PULLBACK_63,
2026-10-01 13:07:00.256,v2.3.3,20261001_403870_PULLBACK_STRUCTURE_ENTRY_2026-10-01:403870:3_130223826900,PULLBACK_STRUCTURE_ENTRY,403870,HPSP,2026-10-01 13:02:00.253,66200.0,66200.0,MAIN,MAIN,2026-10-01 13:02:00.000,,,2026-10-01 13:02:00.000,66200.0,,,False,,2026-10-01 13:02:02.760,66200.0,2.760782,0.0,0.0,0.0,300,300.004,66400.0,0.3021148036253776,0.3021148036253776,0.3021148036253776,-0.1510574018126888,0.3021148036253776,-0.1510574018126888,COMPLETE,PULLBACK_V230,PULLBACK_STRUCTURE_ENTRY,신규/ON,pullback_structure_snapshot_v1,,,PULLBACK_63,
2026-10-01 13:07:00.775,v2.3.3,20261001_439960_PULLBACK_SNAPSHOT_DIRECT_2026-10-01:439960:5:210_130240505900,PULLBACK_SNAPSHOT_DIRECT,439960,코스모로보틱스,2026-10-01 13:02:00.462,9310.0,9300.0,MAIN,MAIN,2026-10-01 13:02:00.000,,,2026-10-01 13:02:00.000,9310.0,,,False,,2026-10-01 13:02:01.560,9300.0,1.560677,-0.10741138560687433,0.0,0.10741138560687433,300,300.313,9340.0,0.322234156820623,0.43010752688172044,0.966702470461869,-0.21482277121374865,1.0752688172043012,-0.10752688172043011,COMPLETE,PULLBACK_V230,PULLBACK_SNAPSHOT_DIRECT,신규/ON,pullback_structure_snapshot_v1,,,PULLBACK_63,
2026-10-01 13:07:03.337,v2.3.3,20261001_093370_PULLBACK_SNAPSHOT_RECLAIM_2026-10-01:093370:2:150_130606722841,PULLBACK_SNAPSHOT_RECLAIM,093370,후성,2026-10-01 13:06:00.934,15610.0,15610.0,MAIN,MAIN,2026-10-01 13:06:00.000,,,2026-10-01 13:06:00.000,15610.0,,,False,,2026-10-01 13:06:01.535,15610.0,1.535157,0.0,0.0,0.0,60,62.402,15600.0,-0.06406149903907751,-0.06406149903907751,0.06406149903907751,-0.06406149903907751,0.06406149903907751,-0.06406149903907751,COMPLETE,PULLBACK_V230,PULLBACK_SNAPSHOT_RECLAIM,신규/ON,pullback_structure_snapshot_v1,,,PULLBACK_63,
2026-10-01 13:07:03.337,v2.3.3,20261001_093370_PULLBACK_SNAPSHOT_DIRECT_2026-10-01:093370:2:150_130507610105,PULLBACK_SNAPSHOT_DIRECT,093370,후성,2026-10-01 13:05:00.835,15610.0,15620.0,MAIN,MAIN,2026-10-01 13:05:00.000,,,2026-10-01 13:05:00.000,15610.0,,,False,,2026-10-01 13:05:01.035,15610.0,1.035226,0.0,-0.06402048655569782,0.0,120,122.502,15600.0,-0.06406149903907751,-0.12804097311139565,0.06406149903907751,-0.06406149903907751,0.0,-0.12804097311139565,COMPLETE,PULLBACK_V230,PULLBACK_SNAPSHOT_DIRECT,신규/ON,pullback_structure_snapshot_v1,,,PULLBACK_63,
2026-10-01 13:08:00.934,v2.3.3,20261001_093370_PULLBACK_SNAPSHOT_DIRECT_2026-10-01:093370:2:150_130507610105,PULLBACK_SNAPSHOT_DIRECT,093370,후성,2026-10-01 13:05:00.835,15610.0,15620.0,MAIN,MAIN,2026-10-01 13:05:00.000,,,2026-10-01 13:05:00.000,15610.0,,,False,,2026-10-01 13:05:01.035,15610.0,1.035226,0.0,-0.06402048655569782,0.0,180,180.099,15580.0,-0.19218449711723257,-0.2560819462227913,0.06406149903907751,-0.19218449711723257,0.0,-0.2560819462227913,COMPLETE,PULLBACK_V230,PULLBACK_SNAPSHOT_DIRECT,신규/ON,pullback_structure_snapshot_v1,,,PULLBACK_63,
2026-10-01 13:08:01.135,v2.3.3,20261001_439960_PULLBACK_SNAPSHOT_RECLAIM_2026-10-01:439960:5:210_130342721189,PULLBACK_SNAPSHOT_RECLAIM,439960,코스모로보틱스,2026-10-01 13:03:00.927,9350.0,9360.0,MAIN,MAIN,2026-10-01 13:03:00.000,,,2026-10-01 13:03:00.000,9350.0,,,False,,2026-10-01 13:03:00.928,9365.0,0.928122,0.16042780748663102,0.05341880341880342,0.16042780748663102,300,300.208,9250.0,-1.06951871657754,-1.1752136752136753,0.42780748663101603,-1.6042780748663104,0.3205128205128205,-1.7094017094017095,COMPLETE,PULLBACK_V230,PULLBACK_SNAPSHOT_RECLAIM,신규/ON,pullback_structure_snapshot_v1,,,PULLBACK_63,
2026-10-01 13:08:01.635,v2.3.3,20261001_093370_PULLBACK_SNAPSHOT_RECLAIM_2026-10-01:093370:2:150_130606722841,PULLBACK_SNAPSHOT_RECLAIM,093370,후성,2026-10-01 13:06:00.934,15610.0,15610.0,MAIN,MAIN,2026-10-01 13:06:00.000,,,2026-10-01 13:06:00.000,15610.0,,,False,,2026-10-01 13:06:01.535,15610.0,1.535157,0.0,0.0,0.0,120,120.701,15580.0,-0.19218449711723257,-0.19218449711723257,0.06406149903907751,-0.19218449711723257,0.06406149903907751,-0.19218449711723257,COMPLETE,PULLBACK_V230,PULLBACK_SNAPSHOT_RECLAIM,신규/ON,pullback_structure_snapshot_v1,,,PULLBACK_63,
2026-10-01 13:08:34.547,v2.3.3,20261001_403870_PULLBACK_SNAPSHOT_DIRECT_2026-10-01:403870:3:30_130817172328,PULLBACK_SNAPSHOT_DIRECT,403870,HPSP,2026-10-01 13:08:04.034,66400.0,66400.0,MAIN,MAIN,2026-10-01 13:08:00.000,,,2026-10-01 13:08:00.000,66400.0,,,False,,2026-10-01 13:08:06.834,66400.0,6.834585,0.0,0.0,0.0,30,30.512,66400.0,0.0,0.0,0.15060240963855423,0.0,0.15060240963855423,0.0,COMPLETE,PULLBACK_V230,PULLBACK_SNAPSHOT_DIRECT,신규/ON,pullback_structure_snapshot_v1,,,PULLBACK_63,
2026-10-01 13:09:00.943,v2.3.3,20261001_093370_PULLBACK_SNAPSHOT_RECLAIM_2026-10-01:093370:2:150_130606722841,PULLBACK_SNAPSHOT_RECLAIM,093370,후성,2026-10-01 13:06:00.934,15610.0,15610.0,MAIN,MAIN,2026-10-01 13:06:00.000,,,2026-10-01 13:06:00.000,15610.0,,,False,,2026-10-01 13:06:01.535,15610.0,1.535157,0.0,0.0,0.0,180,180.009,15570.0,-0.25624599615631005,-0.25624599615631005,0.06406149903907751,-0.3203074951953876,0.06406149903907751,-0.3203074951953876,COMPLETE,PULLBACK_V230,PULLBACK_SNAPSHOT_RECLAIM,신규/ON,pullback_structure_snapshot_v1,,,PULLBACK_63,
2026-10-01 13:09:04.146,v2.3.3,20261001_403870_PULLBACK_SNAPSHOT_DIRECT_2026-10-01:403870:3:30_130817172328,PULLBACK_SNAPSHOT_DIRECT,403870,HPSP,2026-10-01 13:08:04.034,66400.0,66400.0,MAIN,MAIN,2026-10-01 13:08:00.000,,,2026-10-01 13:08:00.000,66400.0,,,False,,2026-10-01 13:08:06.834,66400.0,6.834585,0.0,0.0,0.0,60,60.112,66500.0,0.15060240963855423,0.15060240963855423,0.15060240963855423,0.0,0.15060240963855423,0.0,COMPLETE,PULLBACK_V230,PULLBACK_SNAPSHOT_DIRECT,신규/ON,pullback_structure_snapshot_v1,,,PULLBACK_63,
2026-10-01 13:09:30.534,v2.3.3,20261001_001820_PULLBACK_SNAPSHOT_DIRECT_2026-10-01:001820:2:60_130908951258,PULLBACK_SNAPSHOT_DIRECT,001820,삼화콘덴서,2026-10-01 13:09:00.434,163300.0,163300.0,MAIN,MAIN,2026-10-01 13:09:00.000,2026-10-01 11:26:59.587,160500.0,2026-10-01 13:09:00.000,163300.0,6120.412301,1.7445482866043527,False,,2026-10-01 13:09:00.533,163400.0,0.533683,0.0612369871402327,0.0612369871402327,0.0612369871402327,30,30.099,163400.0,0.0612369871402327,0.0612369871402327,0.1224739742804654,-0.0612369871402327,0.1224739742804654,-0.0612369871402327,COMPLETE,PULLBACK_V230,PULLBACK_SNAPSHOT_DIRECT,신규/ON,pullback_structure_snapshot_v1,,,PULLBACK_63,
2026-10-01 13:09:32.733,v2.3.3,20261001_403870_PULLBACK_SNAPSHOT_RECLAIM_2026-10-01:403870:3:30_130912856575,PULLBACK_SNAPSHOT_RECLAIM,403870,HPSP,2026-10-01 13:09:00.943,66500.0,66400.0,MAIN,MAIN,2026-10-01 13:09:00.000,,,2026-10-01 13:09:00.000,66500.0,,,False,,2026-10-01 13:09:02.434,66500.0,2.434666,0.0,0.15060240963855423,0.0,30,31.79,66500.0,0.0,0.15060240963855423,0.0,-0.15037593984962408,0.15060240963855423,0.0,COMPLETE,PULLBACK_V230,PULLBACK_SNAPSHOT_RECLAIM,신규/ON,pullback_structure_snapshot_v1,,,PULLBACK_63,
2026-10-01 13:10:00.943,v2.3.3,20261001_093370_PULLBACK_SNAPSHOT_DIRECT_2026-10-01:093370:2:150_130507610105,PULLBACK_SNAPSHOT_DIRECT,093370,후성,2026-10-01 13:05:00.835,15610.0,15620.0,MAIN,MAIN,2026-10-01 13:05:00.000,,,2026-10-01 13:05:00.000,15610.0,,,False,,2026-10-01 13:05:01.035,15610.0,1.035226,0.0,-0.06402048655569782,0.0,300,300.108,15580.0,-0.19218449711723257,-0.2560819462227913,0.06406149903907751,-0.3203074951953876,0.0,-0.3841229193341869,COMPLETE,PULLBACK_V230,PULLBACK_SNAPSHOT_DIRECT,신규/ON,pullback_structure_snapshot_v1,,,PULLBACK_63,
2026-10-01 13:10:01.446,v2.3.3,20261001_001820_PULLBACK_SNAPSHOT_DIRECT_2026-10-01:001820:2:60_130908951258,PULLBACK_SNAPSHOT_DIRECT,001820,삼화콘덴서,2026-10-01 13:09:00.434,163300.0,163300.0,MAIN,MAIN,2026-10-01 13:09:00.000,2026-10-01 11:26:59.587,160500.0,2026-10-01 13:09:00.000,163300.0,6120.412301,1.7445482866043527,False,,2026-10-01 13:09:00.533,163400.0,0.533683,0.0612369871402327,0.0612369871402327,0.0612369871402327,60,61.012,163100.0,-0.1224739742804654,-0.1224739742804654,0.1224739742804654,-0.1837109614206981,0.1224739742804654,-0.1837109614206981,COMPLETE,PULLBACK_V230,PULLBACK_SNAPSHOT_DIRECT,신규/ON,pullback_structure_snapshot_v1,,,PULLBACK_63,
2026-10-01 13:10:02.934,v2.3.3,20261001_403870_PULLBACK_SNAPSHOT_RECLAIM_2026-10-01:403870:3:30_130912856575,PULLBACK_SNAPSHOT_RECLAIM,403870,HPSP,2026-10-01 13:09:00.943,66500.0,66400.0,MAIN,MAIN,2026-10-01 13:09:00.000,,,2026-10-01 13:09:00.000,66500.0,,,False,,2026-10-01 13:09:02.434,66500.0,2.434666,0.0,0.15060240963855423,0.0,60,61.991,66500.0,0.0,0.15060240963855423,0.0,-0.15037593984962408,0.15060240963855423,0.0,COMPLETE,PULLBACK_V230,PULLBACK_SNAPSHOT_RECLAIM,신규/ON,pullback_structure_snapshot_v1,,,PULLBACK_63,
2026-10-01 13:10:04.052,v2.3.3,20261001_403870_PULLBACK_SNAPSHOT_DIRECT_2026-10-01:403870:3:30_130817172328,PULLBACK_SNAPSHOT_DIRECT,403870,HPSP,2026-10-01 13:08:04.034,66400.0,66400.0,MAIN,MAIN,2026-10-01 13:08:00.000,,,2026-10-01 13:08:00.000,66400.0,,,False,,2026-10-01 13:08:06.834,66400.0,6.834585,0.0,0.0,0.0,120,120.018,66500.0,0.15060240963855423,0.15060240963855423,0.15060240963855423,0.0,0.15060240963855423,0.0,COMPLETE,PULLBACK_V230,PULLBACK_SNAPSHOT_DIRECT,신규/ON,pullback_structure_snapshot_v1,,,PULLBACK_63,
2026-10-01 13:10:30.341,v2.3.3,20261001_001820_PULLBACK_SNAPSHOT_RECLAIM_2026-10-01:001820:2:60_131012835571,PULLBACK_SNAPSHOT_RECLAIM,001820,삼화콘덴서,2026-10-01 13:10:00.237,163100.0,163200.0,MAIN,MAIN,2026-10-01 13:10:00.000,2026-10-01 11:26:59.587,160500.0,2026-10-01 13:10:00.000,163100.0,6180.412301,1.6199376947040545,False,,2026-10-01 13:10:00.338,163100.0,0.338737,0.0,-0.061274509803921566,0.0,30,30.104,162800.0,-0.18393623543838136,-0.24509803921568626,0.1226241569589209,-0.30656039239730226,0.061274509803921566,-0.3676470588235294,COMPLETE,PULLBACK_V230,PULLBACK_SNAPSHOT_RECLAIM,신규/ON,pullback_structure_snapshot_v1,,,PULLBACK_63,
2026-10-01 13:11:00.339,v2.3.3,20261001_001820_PULLBACK_SNAPSHOT_RECLAIM_2026-10-01:001820:2:60_131012835571,PULLBACK_SNAPSHOT_RECLAIM,001820,삼화콘덴서,2026-10-01 13:10:00.237,163100.0,163200.0,MAIN,MAIN,2026-10-01 13:10:00.000,2026-10-01 11:26:59.587,160500.0,2026-10-01 13:10:00.000,163100.0,6180.412301,1.6199376947040545,False,,2026-10-01 13:10:00.338,163100.0,0.338737,0.0,-0.061274509803921566,0.0,60,60.102,162800.0,-0.18393623543838136,-0.24509803921568626,0.1226241569589209,-0.30656039239730226,0.061274509803921566,-0.3676470588235294,COMPLETE,PULLBACK_V230,PULLBACK_SNAPSHOT_RECLAIM,신규/ON,pullback_structure_snapshot_v1,,,PULLBACK_63,
2026-10-01 13:11:00.446,v2.3.3,20261001_001820_PULLBACK_SNAPSHOT_DIRECT_2026-10-01:001820:2:60_130908951258,PULLBACK_SNAPSHOT_DIRECT,001820,삼화콘덴서,2026-10-01 13:09:00.434,163300.0,163300.0,MAIN,MAIN,2026-10-01 13:09:00.000,2026-10-01 11:26:59.587,160500.0,2026-10-01 13:09:00.000,163300.0,6120.412301,1.7445482866043527,False,,2026-10-01 13:09:00.533,163400.0,0.533683,0.0612369871402327,0.0612369871402327,0.0612369871402327,120,120.012,162800.0,-0.3061849357011635,-0.3061849357011635,0.1224739742804654,-0.4286589099816289,0.1224739742804654,-0.4286589099816289,COMPLETE,PULLBACK_V230,PULLBACK_SNAPSHOT_DIRECT,신규/ON,pullback_structure_snapshot_v1,,,PULLBACK_63,
2026-10-01 13:11:01.033,v2.3.3,20261001_093370_PULLBACK_SNAPSHOT_RECLAIM_2026-10-01:093370:2:150_130606722841,PULLBACK_SNAPSHOT_RECLAIM,093370,후성,2026-10-01 13:06:00.934,15610.0,15610.0,MAIN,MAIN,2026-10-01 13:06:00.000,,,2026-10-01 13:06:00.000,15610.0,,,False,,2026-10-01 13:06:01.535,15610.0,1.535157,0.0,0.0,0.0,300,300.099,15580.0,-0.19218449711723257,-0.19218449711723257,0.06406149903907751,-0.3203074951953876,0.06406149903907751,-0.3203074951953876,COMPLETE,PULLBACK_V230,PULLBACK_SNAPSHOT_RECLAIM,신규/ON,pullback_structure_snapshot_v1,,,PULLBACK_63,
2026-10-01 13:11:01.241,v2.3.3,20261001_403870_PULLBACK_SNAPSHOT_RECLAIM_2026-10-01:403870:3:30_130912856575,PULLBACK_SNAPSHOT_RECLAIM,403870,HPSP,2026-10-01 13:09:00.943,66500.0,66400.0,MAIN,MAIN,2026-10-01 13:09:00.000,,,2026-10-01 13:09:00.000,66500.0,,,False,,2026-10-01 13:09:02.434,66500.0,2.434666,0.0,0.15060240963855423,0.0,120,120.297,66500.0,0.0,0.15060240963855423,0.0,-0.15037593984962408,0.15060240963855423,0.0,COMPLETE,PULLBACK_V230,PULLBACK_SNAPSHOT_RECLAIM,신규/ON,pullback_structure_snapshot_v1,,,PULLBACK_63,
2026-10-01 13:11:05.833,v2.3.3,20261001_403870_PULLBACK_SNAPSHOT_DIRECT_2026-10-01:403870:3:30_130817172328,PULLBACK_SNAPSHOT_DIRECT,403870,HPSP,2026-10-01 13:08:04.034,66400.0,66400.0,MAIN,MAIN,2026-10-01 13:08:00.000,,,2026-10-01 13:08:00.000,66400.0,,,False,,2026-10-01 13:08:06.834,66400.0,6.834585,0.0,0.0,0.0,180,181.799,66500.0,0.15060240963855423,0.15060240963855423,0.15060240963855423,0.0,0.15060240963855423,0.0,COMPLETE,PULLBACK_V230,PULLBACK_SNAPSHOT_DIRECT,신규/ON,pullback_structure_snapshot_v1,,,PULLBACK_63,
2026-10-01 13:11:32.732,v2.3.3,20261001_240810_PULLBACK_SNAPSHOT_DIRECT_2026-10-01:240810:2:180_131112793222,PULLBACK_SNAPSHOT_DIRECT,240810,원익IPS,2026-10-01 13:11:02.563,139400.0,139400.0,MAIN,MAIN,2026-10-01 13:11:00.000,,,2026-10-01 13:11:00.000,139400.0,,,False,,2026-10-01 13:11:06.033,139400.0,6.033706,0.0,0.0,0.0,30,30.169,139300.0,-0.07173601147776185,-0.07173601147776185,0.0,-0.07173601147776185,0.0,-0.07173601147776185,COMPLETE,PULLBACK_V230,PULLBACK_SNAPSHOT_DIRECT,신규/ON,pullback_structure_snapshot_v1,,,PULLBACK_63,
2026-10-01 13:12:00.634,v2.3.3,20261001_001820_PULLBACK_SNAPSHOT_RECLAIM_2026-10-01:001820:2:60_131012835571,PULLBACK_SNAPSHOT_RECLAIM,001820,삼화콘덴서,2026-10-01 13:10:00.237,163100.0,163200.0,MAIN,MAIN,2026-10-01 13:10:00.000,2026-10-01 11:26:59.587,160500.0,2026-10-01 13:10:00.000,163100.0,6180.412301,1.6199376947040545,False,,2026-10-01 13:10:00.338,163100.0,0.338737,0.0,-0.061274509803921566,0.0,120,120.397,163100.0,0.0,-0.061274509803921566,0.1226241569589209,-0.30656039239730226,0.061274509803921566,-0.3676470588235294,COMPLETE,PULLBACK_V230,PULLBACK_SNAPSHOT_RECLAIM,신규/ON,pullback_structure_snapshot_v1,,,PULLBACK_63,
2026-10-01 13:12:00.634,v2.3.3,20261001_001820_PULLBACK_SNAPSHOT_DIRECT_2026-10-01:001820:2:60_130908951258,PULLBACK_SNAPSHOT_DIRECT,001820,삼화콘덴서,2026-10-01 13:09:00.434,163300.0,163300.0,MAIN,MAIN,2026-10-01 13:09:00.000,2026-10-01 11:26:59.587,160500.0,2026-10-01 13:09:00.000,163300.0,6120.412301,1.7445482866043527,False,,2026-10-01 13:09:00.533,163400.0,0.533683,0.0612369871402327,0.0612369871402327,0.0612369871402327,180,180.2,163100.0,-0.1224739742804654,-0.1224739742804654,0.1224739742804654,-0.4286589099816289,0.1224739742804654,-0.4286589099816289,COMPLETE,PULLBACK_V230,PULLBACK_SNAPSHOT_DIRECT,신규/ON,pullback_structure_snapshot_v1,,,PULLBACK_63,
2026-10-01 13:12:01.535,v2.3.3,20261001_403870_PULLBACK_SNAPSHOT_RECLAIM_2026-10-01:403870:3:30_130912856575,PULLBACK_SNAPSHOT_RECLAIM,403870,HPSP,2026-10-01 13:09:00.943,66500.0,66400.0,MAIN,MAIN,2026-10-01 13:09:00.000,,,2026-10-01 13:09:00.000,66500.0,,,False,,2026-10-01 13:09:02.434,66500.0,2.434666,0.0,0.15060240963855423,0.0,180,180.591,66500.0,0.0,0.15060240963855423,0.0,-0.15037593984962408,0.15060240963855423,0.0,COMPLETE,PULLBACK_V230,PULLBACK_SNAPSHOT_RECLAIM,신규/ON,pullback_structure_snapshot_v1,,,PULLBACK_63,
2026-10-01 13:12:04.244,v2.3.3,20261001_240810_PULLBACK_SNAPSHOT_DIRECT_2026-10-01:240810:2:180_131112793222,PULLBACK_SNAPSHOT_DIRECT,240810,원익IPS,2026-10-01 13:11:02.563,139400.0,139400.0,MAIN,MAIN,2026-10-01 13:11:00.000,,,2026-10-01 13:11:00.000,139400.0,,,False,,2026-10-01 13:11:06.033,139400.0,6.033706,0.0,0.0,0.0,60,61.681,139300.0,-0.07173601147776185,-0.07173601147776185,0.0,-0.07173601147776185,0.0,-0.07173601147776185,COMPLETE,PULLBACK_V230,PULLBACK_SNAPSHOT_DIRECT,신규/ON,pullback_structure_snapshot_v1,,,PULLBACK_63,
2026-10-01 13:12:36.747,v2.3.3,20261001_240810_PULLBACK_SNAPSHOT_RECLAIM_2026-10-01:240810:2:180_131220165233,PULLBACK_SNAPSHOT_RECLAIM,240810,원익IPS,2026-10-01 13:12:04.371,139400.0,139400.0,MAIN,MAIN,2026-10-01 13:12:00.000,,,2026-10-01 13:12:00.000,139400.0,,,False,,2026-10-01 13:12:06.037,139300.0,6.037205,-0.07173601147776185,-0.07173601147776185,0.07173601147776185,30,32.376,139400.0,0.0,0.0,0.07173601147776185,-0.1434720229555237,0.07173601147776185,-0.1434720229555237,COMPLETE,PULLBACK_V230,PULLBACK_SNAPSHOT_RECLAIM,신규/ON,pullback_structure_snapshot_v1,,,PULLBACK_63,
2026-10-01 13:13:00.532,v2.3.3,20261001_001820_PULLBACK_SNAPSHOT_RECLAIM_2026-10-01:001820:2:60_131012835571,PULLBACK_SNAPSHOT_RECLAIM,001820,삼화콘덴서,2026-10-01 13:10:00.237,163100.0,163200.0,MAIN,MAIN,2026-10-01 13:10:00.000,2026-10-01 11:26:59.587,160500.0,2026-10-01 13:10:00.000,163100.0,6180.412301,1.6199376947040545,False,,2026-10-01 13:10:00.338,163100.0,0.338737,0.0,-0.061274509803921566,0.0,180,180.295,162900.0,-0.1226241569589209,-0.1838235294117647,0.1226241569589209,-0.30656039239730226,0.061274509803921566,-0.3676470588235294,COMPLETE,PULLBACK_V230,PULLBACK_SNAPSHOT_RECLAIM,신규/ON,pullback_structure_snapshot_v1,,,PULLBACK_63,
2026-10-01 13:13:05.136,v2.3.3,20261001_240810_PULLBACK_SNAPSHOT_DIRECT_2026-10-01:240810:2:180_131112793222,PULLBACK_SNAPSHOT_DIRECT,240810,원익IPS,2026-10-01 13:11:02.563,139400.0,139400.0,MAIN,MAIN,2026-10-01 13:11:00.000,,,2026-10-01 13:11:00.000,139400.0,,,False,,2026-10-01 13:11:06.033,139400.0,6.033706,0.0,0.0,0.0,120,122.572,139500.0,0.07173601147776185,0.07173601147776185,0.07173601147776185,-0.1434720229555237,0.07173601147776185,-0.1434720229555237,COMPLETE,PULLBACK_V230,PULLBACK_SNAPSHOT_DIRECT,신규/ON,pullback_structure_snapshot_v1,,,PULLBACK_63,
2026-10-01 13:13:05.136,v2.3.3,20261001_240810_PULLBACK_SNAPSHOT_RECLAIM_2026-10-01:240810:2:180_131220165233,PULLBACK_SNAPSHOT_RECLAIM,240810,원익IPS,2026-10-01 13:12:04.371,139400.0,139400.0,MAIN,MAIN,2026-10-01 13:12:00.000,,,2026-10-01 13:12:00.000,139400.0,,,False,,2026-10-01 13:12:06.037,139300.0,6.037205,-0.07173601147776185,-0.07173601147776185,0.07173601147776185,60,60.765,139500.0,0.07173601147776185,0.07173601147776185,0.07173601147776185,-0.1434720229555237,0.07173601147776185,-0.1434720229555237,COMPLETE,PULLBACK_V230,PULLBACK_SNAPSHOT_RECLAIM,신규/ON,pullback_structure_snapshot_v1,,,PULLBACK_63,
2026-10-01 13:13:05.136,v2.3.3,20261001_403870_PULLBACK_SNAPSHOT_DIRECT_2026-10-01:403870:3:30_130817172328,PULLBACK_SNAPSHOT_DIRECT,403870,HPSP,2026-10-01 13:08:04.034,66400.0,66400.0,MAIN,MAIN,2026-10-01 13:08:00.000,,,2026-10-01 13:08:00.000,66400.0,,,False,,2026-10-01 13:08:06.834,66400.0,6.834585,0.0,0.0,0.0,300,301.102,66550.0,0.2259036144578313,0.2259036144578313,0.30120481927710846,0.0,0.30120481927710846,0.0,COMPLETE,PULLBACK_V230,PULLBACK_SNAPSHOT_DIRECT,신규/ON,pullback_structure_snapshot_v1,,,PULLBACK_63,
2026-10-01 13:13:31.733,v2.3.3,20261001_003160_PULLBACK_BALANCE_BREAKOUT_2026-10-01:003160:1_131315792791,PULLBACK_BALANCE_BREAKOUT,003160,디아이,2026-10-01 13:13:00.933,39500.0,39550.0,MAIN,MAIN,2026-10-01 13:13:00.000,,,2026-10-01 13:13:00.000,39500.0,,,False,,2026-10-01 13:13:01.539,39500.0,1.539335,0.0,-0.12642225031605564,0.0,30,30.8,39550.0,0.12658227848101267,0.0,0.25316455696202533,0.0,0.12642225031605564,-0.12642225031605564,COMPLETE,PULLBACK_V230,PULLBACK_BALANCE_BREAKOUT,신규/ON,,,,PULLBACK_63,
2026-10-01 13:14:00.846,v2.3.3,20261001_001820_PULLBACK_SNAPSHOT_DIRECT_2026-10-01:001820:2:60_130908951258,PULLBACK_SNAPSHOT_DIRECT,001820,삼화콘덴서,2026-10-01 13:09:00.434,163300.0,163300.0,MAIN,MAIN,2026-10-01 13:09:00.000,2026-10-01 11:26:59.587,160500.0,2026-10-01 13:09:00.000,163300.0,6120.412301,1.7445482866043527,False,,2026-10-01 13:09:00.533,163400.0,0.533683,0.0612369871402327,0.0612369871402327,0.0612369871402327,300,300.412,162800.0,-0.3061849357011635,-0.3061849357011635,0.1224739742804654,-0.4286589099816289,0.1224739742804654,-0.4286589099816289,COMPLETE,PULLBACK_V230,PULLBACK_SNAPSHOT_DIRECT,신규/ON,pullback_structure_snapshot_v1,,,PULLBACK_63,
2026-10-01 13:14:01.152,v2.3.3,20261001_403870_PULLBACK_SNAPSHOT_RECLAIM_2026-10-01:403870:3:30_130912856575,PULLBACK_SNAPSHOT_RECLAIM,403870,HPSP,2026-10-01 13:09:00.943,66500.0,66400.0,MAIN,MAIN,2026-10-01 13:09:00.000,,,2026-10-01 13:09:00.000,66500.0,,,False,,2026-10-01 13:09:02.434,66500.0,2.434666,0.0,0.15060240963855423,0.0,300,300.208,66400.0,-0.15037593984962408,0.0,0.15037593984962408,-0.15037593984962408,0.30120481927710846,0.0,COMPLETE,PULLBACK_V230,PULLBACK_SNAPSHOT_RECLAIM,신규/ON,pullback_structure_snapshot_v1,,,PULLBACK_63,
2026-10-01 13:14:01.235,v2.3.3,20261001_003160_PULLBACK_BALANCE_BREAKOUT_2026-10-01:003160:1_131315792791,PULLBACK_BALANCE_BREAKOUT,003160,디아이,2026-10-01 13:13:00.933,39500.0,39550.0,MAIN,MAIN,2026-10-01 13:13:00.000,,,2026-10-01 13:13:00.000,39500.0,,,False,,2026-10-01 13:13:01.539,39500.0,1.539335,0.0,-0.12642225031605564,0.0,60,60.302,39600.0,0.25316455696202533,0.12642225031605564,0.37974683544303794,0.0,0.2528445006321113,-0.12642225031605564,COMPLETE,PULLBACK_V230,PULLBACK_BALANCE_BREAKOUT,신규/ON,,,,PULLBACK_63,
2026-10-01 13:14:04.041,v2.3.3,20261001_240810_PULLBACK_SNAPSHOT_DIRECT_2026-10-01:240810:2:180_131112793222,PULLBACK_SNAPSHOT_DIRECT,240810,원익IPS,2026-10-01 13:11:02.563,139400.0,139400.0,MAIN,MAIN,2026-10-01 13:11:00.000,,,2026-10-01 13:11:00.000,139400.0,,,False,,2026-10-01 13:11:06.033,139400.0,6.033706,0.0,0.0,0.0,180,181.478,139300.0,-0.07173601147776185,-0.07173601147776185,0.07173601147776185,-0.1434720229555237,0.07173601147776185,-0.1434720229555237,COMPLETE,PULLBACK_V230,PULLBACK_SNAPSHOT_DIRECT,신규/ON,pullback_structure_snapshot_v1,,,PULLBACK_63,
2026-10-01 13:14:05.255,v2.3.3,20261001_240810_PULLBACK_SNAPSHOT_RECLAIM_2026-10-01:240810:2:180_131220165233,PULLBACK_SNAPSHOT_RECLAIM,240810,원익IPS,2026-10-01 13:12:04.371,139400.0,139400.0,MAIN,MAIN,2026-10-01 13:12:00.000,,,2026-10-01 13:12:00.000,139400.0,,,False,,2026-10-01 13:12:06.037,139300.0,6.037205,-0.07173601147776185,-0.07173601147776185,0.07173601147776185,120,120.884,139300.0,-0.07173601147776185,-0.07173601147776185,0.07173601147776185,-0.1434720229555237,0.07173601147776185,-0.1434720229555237,COMPLETE,PULLBACK_V230,PULLBACK_SNAPSHOT_RECLAIM,신규/ON,pullback_structure_snapshot_v1,,,PULLBACK_63,
2026-10-01 13:15:00.333,v2.3.3,20261001_001820_PULLBACK_SNAPSHOT_RECLAIM_2026-10-01:001820:2:60_131012835571,PULLBACK_SNAPSHOT_RECLAIM,001820,삼화콘덴서,2026-10-01 13:10:00.237,163100.0,163200.0,MAIN,MAIN,2026-10-01 13:10:00.000,2026-10-01 11:26:59.587,160500.0,2026-10-01 13:10:00.000,163100.0,6180.412301,1.6199376947040545,False,,2026-10-01 13:10:00.338,163100.0,0.338737,0.0,-0.061274509803921566,0.0,300,300.096,162400.0,-0.4291845493562232,-0.49019607843137253,0.1226241569589209,-0.4904966278356836,0.061274509803921566,-0.5514705882352942,COMPLETE,PULLBACK_V230,PULLBACK_SNAPSHOT_RECLAIM,신규/ON,pullback_structure_snapshot_v1,,,PULLBACK_63,
2026-10-01 13:15:02.239,v2.3.3,20261001_003160_PULLBACK_BALANCE_BREAKOUT_2026-10-01:003160:1_131315792791,PULLBACK_BALANCE_BREAKOUT,003160,디아이,2026-10-01 13:13:00.933,39500.0,39550.0,MAIN,MAIN,2026-10-01 13:13:00.000,,,2026-10-01 13:13:00.000,39500.0,,,False,,2026-10-01 13:13:01.539,39500.0,1.539335,0.0,-0.12642225031605564,0.0,120,121.306,39600.0,0.25316455696202533,0.12642225031605564,0.37974683544303794,0.0,0.2528445006321113,-0.12642225031605564,COMPLETE,PULLBACK_V230,PULLBACK_BALANCE_BREAKOUT,신규/ON,,,,PULLBACK_63,
2026-10-01 13:15:05.035,v2.3.3,20261001_240810_PULLBACK_SNAPSHOT_RECLAIM_2026-10-01:240810:2:180_131220165233,PULLBACK_SNAPSHOT_RECLAIM,240810,원익IPS,2026-10-01 13:12:04.371,139400.0,139400.0,MAIN,MAIN,2026-10-01 13:12:00.000,,,2026-10-01 13:12:00.000,139400.0,,,False,,2026-10-01 13:12:06.037,139300.0,6.037205,-0.07173601147776185,-0.07173601147776185,0.07173601147776185,180,180.664,139300.0,-0.07173601147776185,-0.07173601147776185,0.07173601147776185,-0.1434720229555237,0.07173601147776185,-0.1434720229555237,COMPLETE,PULLBACK_V230,PULLBACK_SNAPSHOT_RECLAIM,신규/ON,pullback_structure_snapshot_v1,,,PULLBACK_63,
2026-10-01 13:15:37.034,v2.3.3,20261001_043260_PULLBACK_SNAPSHOT_DIRECT_2026-10-01:043260:2:90_131523241619,PULLBACK_SNAPSHOT_DIRECT,043260,성호전자,2026-10-01 13:15:06.832,27800.0,27750.0,MAIN,MAIN,2026-10-01 13:15:00.000,,,2026-10-01 13:15:00.000,27800.0,,,False,,2026-10-01 13:15:07.232,27750.0,7.232786,-0.1798561151079137,0.0,0.1798561151079137,30,30.202,27800.0,0.0,0.18018018018018017,0.0,-0.1798561151079137,0.18018018018018017,0.0,COMPLETE,PULLBACK_V230,PULLBACK_SNAPSHOT_DIRECT,신규/ON,pullback_structure_snapshot_v1,,,PULLBACK_63,
2026-10-01 13:16:01.031,v2.3.3,20261001_003160_PULLBACK_BALANCE_BREAKOUT_2026-10-01:003160:1_131315792791,PULLBACK_BALANCE_BREAKOUT,003160,디아이,2026-10-01 13:13:00.933,39500.0,39550.0,MAIN,MAIN,2026-10-01 13:13:00.000,,,2026-10-01 13:13:00.000,39500.0,,,False,,2026-10-01 13:13:01.539,39500.0,1.539335,0.0,-0.12642225031605564,0.0,180,180.098,39950.0,1.139240506329114,1.0113780025284451,1.139240506329114,0.0,1.0113780025284451,-0.12642225031605564,COMPLETE,PULLBACK_V230,PULLBACK_BALANCE_BREAKOUT,신규/ON,,,,PULLBACK_63,
2026-10-01 13:16:04.131,v2.3.3,20261001_240810_PULLBACK_SNAPSHOT_DIRECT_2026-10-01:240810:2:180_131112793222,PULLBACK_SNAPSHOT_DIRECT,240810,원익IPS,2026-10-01 13:11:02.563,139400.0,139400.0,MAIN,MAIN,2026-10-01 13:11:00.000,,,2026-10-01 13:11:00.000,139400.0,,,False,,2026-10-01 13:11:06.033,139400.0,6.033706,0.0,0.0,0.0,300,301.567,139200.0,-0.1434720229555237,-0.1434720229555237,0.07173601147776185,-0.2152080344332855,0.07173601147776185,-0.2152080344332855,COMPLETE,PULLBACK_V230,PULLBACK_SNAPSHOT_DIRECT,신규/ON,pullback_structure_snapshot_v1,,,PULLBACK_63,
2026-10-01 13:16:07.434,v2.3.3,20261001_043260_PULLBACK_SNAPSHOT_DIRECT_2026-10-01:043260:2:90_131523241619,PULLBACK_SNAPSHOT_DIRECT,043260,성호전자,2026-10-01 13:15:06.832,27800.0,27750.0,MAIN,MAIN,2026-10-01 13:15:00.000,,,2026-10-01 13:15:00.000,27800.0,,,False,,2026-10-01 13:15:07.232,27750.0,7.232786,-0.1798561151079137,0.0,0.1798561151079137,60,60.602,27750.0,-0.1798561151079137,0.0,0.0,-0.1798561151079137,0.18018018018018017,0.0,COMPLETE,PULLBACK_V230,PULLBACK_SNAPSHOT_DIRECT,신규/ON,pullback_structure_snapshot_v1,,,PULLBACK_63,
2026-10-01 13:16:34.231,v2.3.3,20261001_043260_PULLBACK_SNAPSHOT_RECLAIM_2026-10-01:043260:2:90_131624642210,PULLBACK_SNAPSHOT_RECLAIM,043260,성호전자,2026-10-01 13:16:03.357,27750.0,27750.0,MAIN,MAIN,2026-10-01 13:16:00.000,,,2026-10-01 13:16:00.000,27750.0,,,False,,2026-10-01 13:16:03.630,27800.0,3.630565,0.18018018018018017,0.18018018018018017,0.18018018018018017,30,30.874,27750.0,0.0,0.0,0.18018018018018017,0.0,0.18018018018018017,0.0,COMPLETE,PULLBACK_V230,PULLBACK_SNAPSHOT_RECLAIM,신규/ON,pullback_structure_snapshot_v1,,,PULLBACK_63,
2026-10-01 13:17:03.451,v2.3.3,20261001_043260_PULLBACK_SNAPSHOT_RECLAIM_2026-10-01:043260:2:90_131624642210,PULLBACK_SNAPSHOT_RECLAIM,043260,성호전자,2026-10-01 13:16:03.357,27750.0,27750.0,MAIN,MAIN,2026-10-01 13:16:00.000,,,2026-10-01 13:16:00.000,27750.0,,,False,,2026-10-01 13:16:03.630,27800.0,3.630565,0.18018018018018017,0.18018018018018017,0.18018018018018017,60,60.094,27750.0,0.0,0.0,0.18018018018018017,0.0,0.18018018018018017,0.0,COMPLETE,PULLBACK_V230,PULLBACK_SNAPSHOT_RECLAIM,신규/ON,pullback_structure_snapshot_v1,,,PULLBACK_63,
2026-10-01 13:17:06.131,v2.3.3,20261001_240810_PULLBACK_SNAPSHOT_RECLAIM_2026-10-01:240810:2:180_131220165233,PULLBACK_SNAPSHOT_RECLAIM,240810,원익IPS,2026-10-01 13:12:04.371,139400.0,139400.0,MAIN,MAIN,2026-10-01 13:12:00.000,,,2026-10-01 13:12:00.000,139400.0,,,False,,2026-10-01 13:12:06.037,139300.0,6.037205,-0.07173601147776185,-0.07173601147776185,0.07173601147776185,300,301.761,139200.0,-0.1434720229555237,-0.1434720229555237,0.07173601147776185,-0.2152080344332855,0.07173601147776185,-0.2152080344332855,COMPLETE,PULLBACK_V230,PULLBACK_SNAPSHOT_RECLAIM,신규/ON,pullback_structure_snapshot_v1,,,PULLBACK_63,
2026-10-01 13:17:07.358,v2.3.3,20261001_043260_PULLBACK_SNAPSHOT_DIRECT_2026-10-01:043260:2:90_131523241619,PULLBACK_SNAPSHOT_DIRECT,043260,성호전자,2026-10-01 13:15:06.832,27800.0,27750.0,MAIN,MAIN,2026-10-01 13:15:00.000,,,2026-10-01 13:15:00.000,27800.0,,,False,,2026-10-01 13:15:07.232,27750.0,7.232786,-0.1798561151079137,0.0,0.1798561151079137,120,120.526,27800.0,0.0,0.18018018018018017,0.0,-0.1798561151079137,0.18018018018018017,0.0,COMPLETE,PULLBACK_V230,PULLBACK_SNAPSHOT_DIRECT,신규/ON,pullback_structure_snapshot_v1,,,PULLBACK_63,
2026-10-01 13:18:00.933,v2.3.3,20261001_003160_PULLBACK_BALANCE_BREAKOUT_2026-10-01:003160:1_131315792791,PULLBACK_BALANCE_BREAKOUT,003160,디아이,2026-10-01 13:13:00.933,39500.0,39550.0,MAIN,MAIN,2026-10-01 13:13:00.000,,,2026-10-01 13:13:00.000,39500.0,,,False,,2026-10-01 13:13:01.539,39500.0,1.539335,0.0,-0.12642225031605564,0.0,300,300.0,40000.0,1.2658227848101267,1.1378002528445006,1.6455696202531647,0.0,1.5170670037926675,-0.12642225031605564,COMPLETE,PULLBACK_V230,PULLBACK_BALANCE_BREAKOUT,신규/ON,,,,PULLBACK_63,
2026-10-01 13:18:04.447,v2.3.3,20261001_043260_PULLBACK_SNAPSHOT_RECLAIM_2026-10-01:043260:2:90_131624642210,PULLBACK_SNAPSHOT_RECLAIM,043260,성호전자,2026-10-01 13:16:03.357,27750.0,27750.0,MAIN,MAIN,2026-10-01 13:16:00.000,,,2026-10-01 13:16:00.000,27750.0,,,False,,2026-10-01 13:16:03.630,27800.0,3.630565,0.18018018018018017,0.18018018018018017,0.18018018018018017,120,121.089,27725.0,-0.09009009009009009,-0.09009009009009009,0.18018018018018017,-0.18018018018018017,0.18018018018018017,-0.18018018018018017,COMPLETE,PULLBACK_V230,PULLBACK_SNAPSHOT_RECLAIM,신규/ON,pullback_structure_snapshot_v1,,,PULLBACK_63,
2026-10-01 13:18:10.732,v2.3.3,20261001_043260_PULLBACK_SNAPSHOT_DIRECT_2026-10-01:043260:2:90_131523241619,PULLBACK_SNAPSHOT_DIRECT,043260,성호전자,2026-10-01 13:15:06.832,27800.0,27750.0,MAIN,MAIN,2026-10-01 13:15:00.000,,,2026-10-01 13:15:00.000,27800.0,,,False,,2026-10-01 13:15:07.232,27750.0,7.232786,-0.1798561151079137,0.0,0.1798561151079137,180,183.9,27725.0,-0.2697841726618705,-0.09009009009009009,0.0,-0.3597122302158274,0.18018018018018017,-0.18018018018018017,COMPLETE,PULLBACK_V230,PULLBACK_SNAPSHOT_DIRECT,신규/ON,pullback_structure_snapshot_v1,,,PULLBACK_63,
2026-10-01 13:19:05.834,v2.3.3,20261001_043260_PULLBACK_SNAPSHOT_RECLAIM_2026-10-01:043260:2:90_131624642210,PULLBACK_SNAPSHOT_RECLAIM,043260,성호전자,2026-10-01 13:16:03.357,27750.0,27750.0,MAIN,MAIN,2026-10-01 13:16:00.000,,,2026-10-01 13:16:00.000,27750.0,,,False,,2026-10-01 13:16:03.630,27800.0,3.630565,0.18018018018018017,0.18018018018018017,0.18018018018018017,180,182.476,27700.0,-0.18018018018018017,-0.18018018018018017,0.18018018018018017,-0.18018018018018017,0.18018018018018017,-0.18018018018018017,COMPLETE,PULLBACK_V230,PULLBACK_SNAPSHOT_RECLAIM,신규/ON,pullback_structure_snapshot_v1,,,PULLBACK_63,
2026-10-01 13:20:07.732,v2.3.3,20261001_043260_PULLBACK_SNAPSHOT_DIRECT_2026-10-01:043260:2:90_131523241619,PULLBACK_SNAPSHOT_DIRECT,043260,성호전자,2026-10-01 13:15:06.832,27800.0,27750.0,MAIN,MAIN,2026-10-01 13:15:00.000,,,2026-10-01 13:15:00.000,27800.0,,,False,,2026-10-01 13:15:07.232,27750.0,7.232786,-0.1798561151079137,0.0,0.1798561151079137,300,300.9,27750.0,-0.1798561151079137,0.0,0.0,-0.539568345323741,0.18018018018018017,-0.36036036036036034,COMPLETE,PULLBACK_V230,PULLBACK_SNAPSHOT_DIRECT,신규/ON,pullback_structure_snapshot_v1,,,PULLBACK_63,
2026-10-01 13:21:04.133,v2.3.3,20261001_043260_PULLBACK_SNAPSHOT_RECLAIM_2026-10-01:043260:2:90_131624642210,PULLBACK_SNAPSHOT_RECLAIM,043260,성호전자,2026-10-01 13:16:03.357,27750.0,27750.0,MAIN,MAIN,2026-10-01 13:16:00.000,,,2026-10-01 13:16:00.000,27750.0,,,False,,2026-10-01 13:16:03.630,27800.0,3.630565,0.18018018018018017,0.18018018018018017,0.18018018018018017,300,300.776,27800.0,0.18018018018018017,0.18018018018018017,0.18018018018018017,-0.36036036036036034,0.18018018018018017,-0.36036036036036034,COMPLETE,PULLBACK_V230,PULLBACK_SNAPSHOT_RECLAIM,신규/ON,pullback_structure_snapshot_v1,,,PULLBACK_63,
2026-10-01 13:30:33.044,v2.3.3,20261001_003160_PULLBACK_SNAPSHOT_DIRECT_2026-10-01:003160:6:180_133025801253,PULLBACK_SNAPSHOT_DIRECT,003160,디아이,2026-10-01 13:30:02.227,40100.0,40125.0,MAIN,MAIN,2026-10-01 13:30:00.000,,,2026-10-01 13:30:00.000,40100.0,,,False,,2026-10-01 13:30:02.529,40125.0,2.529685,0.062344139650872814,0.0,0.062344139650872814,30,30.817,40100.0,0.0,-0.06230529595015576,0.12468827930174563,-0.12468827930174563,0.06230529595015576,-0.1869158878504673,COMPLETE,PULLBACK_V230,PULLBACK_SNAPSHOT_DIRECT,신규/ON,pullback_structure_snapshot_v1,,,PULLBACK_63,
2026-10-01 13:31:04.733,v2.3.3,20261001_003160_PULLBACK_SNAPSHOT_DIRECT_2026-10-01:003160:6:180_133025801253,PULLBACK_SNAPSHOT_DIRECT,003160,디아이,2026-10-01 13:30:02.227,40100.0,40125.0,MAIN,MAIN,2026-10-01 13:30:00.000,,,2026-10-01 13:30:00.000,40100.0,,,False,,2026-10-01 13:30:02.529,40125.0,2.529685,0.062344139650872814,0.0,0.062344139650872814,60,62.506,40050.0,-0.12468827930174563,-0.1869158878504673,0.12468827930174563,-0.12468827930174563,0.06230529595015576,-0.1869158878504673,COMPLETE,PULLBACK_V230,PULLBACK_SNAPSHOT_DIRECT,신규/ON,pullback_structure_snapshot_v1,,,PULLBACK_63,
2026-10-01 13:31:32.440,v2.3.3,20261001_003160_PULLBACK_SNAPSHOT_RECLAIM_2026-10-01:003160:6:180_133210379684,PULLBACK_SNAPSHOT_RECLAIM,003160,디아이,2026-10-01 13:31:02.159,40050.0,40050.0,MAIN,MAIN,2026-10-01 13:31:00.000,,,2026-10-01 13:31:00.000,40050.0,,,False,,2026-10-01 13:31:04.733,40050.0,4.73366,0.0,0.0,0.0,30,30.281,40050.0,0.0,0.0,0.12484394506866417,-0.12484394506866417,0.12484394506866417,-0.12484394506866417,COMPLETE,PULLBACK_V230,PULLBACK_SNAPSHOT_RECLAIM,신규/ON,pullback_structure_snapshot_v1,,,PULLBACK_63,
2026-10-01 13:31:52.926,v2.3.3,20261001_403870_BASE_E013_133122866643,BASE,403870,HPSP,2026-10-01 13:31:22.866,66900.0,66966.9,MAIN,MAIN,2026-10-01 13:31:22.774,2026-10-01 13:31:22.774,66900.0,2026-10-01 13:31:22.774,66900.0,0.0,0.0,False,,2026-10-01 13:30:46.032,66900.0,0.0,0.0,-0.09990009990009123,0.0,30,30.06,66950.0,0.07473841554559044,-0.025236348106294573,0.14947683109118087,-0.14947683109118087,0.049427403687502064,-0.24922760348768452,COMPLETE,,BASE,,,,,,
2026-10-01 13:32:03.026,v2.3.3,20261001_003160_PULLBACK_SNAPSHOT_DIRECT_2026-10-01:003160:6:180_133025801253,PULLBACK_SNAPSHOT_DIRECT,003160,디아이,2026-10-01 13:30:02.227,40100.0,40125.0,MAIN,MAIN,2026-10-01 13:30:00.000,,,2026-10-01 13:30:00.000,40100.0,,,False,,2026-10-01 13:30:02.529,40125.0,2.529685,0.062344139650872814,0.0,0.062344139650872814,120,120.799,40000.0,-0.24937655860349126,-0.3115264797507788,0.12468827930174563,-0.6234413965087282,0.06230529595015576,-0.6853582554517134,COMPLETE,PULLBACK_V230,PULLBACK_SNAPSHOT_DIRECT,신규/ON,pullback_structure_snapshot_v1,,,PULLBACK_63,
2026-10-01 13:32:03.026,v2.3.3,20261001_003160_PULLBACK_SNAPSHOT_RECLAIM_2026-10-01:003160:6:180_133210379684,PULLBACK_SNAPSHOT_RECLAIM,003160,디아이,2026-10-01 13:31:02.159,40050.0,40050.0,MAIN,MAIN,2026-10-01 13:31:00.000,,,2026-10-01 13:31:00.000,40050.0,,,False,,2026-10-01 13:31:04.733,40050.0,4.73366,0.0,0.0,0.0,60,60.868,40000.0,-0.12484394506866417,-0.12484394506866417,0.12484394506866417,-0.4993757802746567,0.12484394506866417,-0.4993757802746567,COMPLETE,PULLBACK_V230,PULLBACK_SNAPSHOT_RECLAIM,신규/ON,pullback_structure_snapshot_v1,,,PULLBACK_63,
2026-10-01 13:32:24.233,v2.3.3,20261001_403870_BASE_E013_133122866643,BASE,403870,HPSP,2026-10-01 13:31:22.866,66900.0,66966.9,MAIN,MAIN,2026-10-01 13:31:22.774,2026-10-01 13:31:22.774,66900.0,2026-10-01 13:31:22.774,66900.0,0.0,0.0,False,,2026-10-01 13:30:46.032,66900.0,0.0,0.0,-0.09990009990009123,0.0,60,61.367,66800.0,-0.14947683109118087,-0.24922760348768452,0.14947683109118087,-0.29895366218236175,0.049427403687502064,-0.3985551070752778,COMPLETE,,BASE,,,,,,
2026-10-01 13:32:31.940,v2.3.3,20261001_002710_PULLBACK_BALANCE_BREAKOUT_2026-10-01:002710:1_133328763768,PULLBACK_BALANCE_BREAKOUT,002710,TCC스틸,2026-10-01 13:32:01.728,13990.0,13990.0,MAIN,MAIN,2026-10-01 13:32:00.000,2026-10-01 09:01:21.903,15750.0,2026-10-01 13:32:00.000,13990.0,16238.096676,-11.17460317460317,False,,2026-10-01 13:32:03.739,13990.0,3.739914,0.0,0.0,0.0,30,30.212,13980.0,-0.07147962830593281,-0.07147962830593281,0.0,-0.07147962830593281,0.0,-0.07147962830593281,COMPLETE,PULLBACK_V230,PULLBACK_BALANCE_BREAKOUT,신규/ON,,,,PULLBACK_63,
2026-10-01 13:33:02.142,v2.3.3,20261001_002710_PULLBACK_BALANCE_BREAKOUT_2026-10-01:002710:1_133328763768,PULLBACK_BALANCE_BREAKOUT,002710,TCC스틸,2026-10-01 13:32:01.728,13990.0,13990.0,MAIN,MAIN,2026-10-01 13:32:00.000,2026-10-01 09:01:21.903,15750.0,2026-10-01 13:32:00.000,13990.0,16238.096676,-11.17460317460317,False,,2026-10-01 13:32:03.739,13990.0,3.739914,0.0,0.0,0.0,60,60.414,14000.0,0.07147962830593281,0.07147962830593281,0.07147962830593281,-0.07147962830593281,0.07147962830593281,-0.07147962830593281,COMPLETE,PULLBACK_V230,PULLBACK_BALANCE_BREAKOUT,신규/ON,,,,PULLBACK_63,
2026-10-01 13:33:03.026,v2.3.3,20261001_003160_PULLBACK_SNAPSHOT_DIRECT_2026-10-01:003160:6:180_133025801253,PULLBACK_SNAPSHOT_DIRECT,003160,디아이,2026-10-01 13:30:02.227,40100.0,40125.0,MAIN,MAIN,2026-10-01 13:30:00.000,,,2026-10-01 13:30:00.000,40100.0,,,False,,2026-10-01 13:30:02.529,40125.0,2.529685,0.062344139650872814,0.0,0.062344139650872814,180,180.799,40150.0,0.12468827930174563,0.06230529595015576,0.12468827930174563,-0.6234413965087282,0.06230529595015576,-0.6853582554517134,COMPLETE,PULLBACK_V230,PULLBACK_SNAPSHOT_DIRECT,신규/ON,pullback_structure_snapshot_v1,,,PULLBACK_63,
2026-10-01 13:33:03.026,v2.3.3,20261001_003160_PULLBACK_SNAPSHOT_RECLAIM_2026-10-01:003160:6:180_133210379684,PULLBACK_SNAPSHOT_RECLAIM,003160,디아이,2026-10-01 13:31:02.159,40050.0,40050.0,MAIN,MAIN,2026-10-01 13:31:00.000,,,2026-10-01 13:31:00.000,40050.0,,,False,,2026-10-01 13:31:04.733,40050.0,4.73366,0.0,0.0,0.0,120,120.867,40150.0,0.24968789013732834,0.24968789013732834,0.24968789013732834,-0.4993757802746567,0.24968789013732834,-0.4993757802746567,COMPLETE,PULLBACK_V230,PULLBACK_SNAPSHOT_RECLAIM,신규/ON,pullback_structure_snapshot_v1,,,PULLBACK_63,
2026-10-01 13:33:28.526,v2.3.3,20261001_403870_BASE_E013_133122866643,BASE,403870,HPSP,2026-10-01 13:31:22.866,66900.0,66966.9,MAIN,MAIN,2026-10-01 13:31:22.774,2026-10-01 13:31:22.774,66900.0,2026-10-01 13:31:22.774,66900.0,0.0,0.0,False,,2026-10-01 13:30:46.032,66900.0,0.0,0.0,-0.09990009990009123,0.0,120,125.66,66800.0,-0.14947683109118087,-0.24922760348768452,0.14947683109118087,-0.29895366218236175,0.049427403687502064,-0.3985551070752778,COMPLETE,,BASE,,,,,,
2026-10-01 13:34:01.830,v2.3.3,20261001_002710_PULLBACK_BALANCE_BREAKOUT_2026-10-01:002710:1_133328763768,PULLBACK_BALANCE_BREAKOUT,002710,TCC스틸,2026-10-01 13:32:01.728,13990.0,13990.0,MAIN,MAIN,2026-10-01 13:32:00.000,2026-10-01 09:01:21.903,15750.0,2026-10-01 13:32:00.000,13990.0,16238.096676,-11.17460317460317,False,,2026-10-01 13:32:03.739,13990.0,3.739914,0.0,0.0,0.0,120,120.102,13980.0,-0.07147962830593281,-0.07147962830593281,0.07147962830593281,-0.07147962830593281,0.07147962830593281,-0.07147962830593281,COMPLETE,PULLBACK_V230,PULLBACK_BALANCE_BREAKOUT,신규/ON,,,,PULLBACK_63,
2026-10-01 13:34:02.549,v2.3.3,20261001_003160_PULLBACK_SNAPSHOT_RECLAIM_2026-10-01:003160:6:180_133210379684,PULLBACK_SNAPSHOT_RECLAIM,003160,디아이,2026-10-01 13:31:02.159,40050.0,40050.0,MAIN,MAIN,2026-10-01 13:31:00.000,,,2026-10-01 13:31:00.000,40050.0,,,False,,2026-10-01 13:31:04.733,40050.0,4.73366,0.0,0.0,0.0,180,180.39,40150.0,0.24968789013732834,0.24968789013732834,0.24968789013732834,-0.4993757802746567,0.24968789013732834,-0.4993757802746567,COMPLETE,PULLBACK_V230,PULLBACK_SNAPSHOT_RECLAIM,신규/ON,pullback_structure_snapshot_v1,,,PULLBACK_63,
2026-10-01 13:34:23.826,v2.3.3,20261001_403870_BASE_E013_133122866643,BASE,403870,HPSP,2026-10-01 13:31:22.866,66900.0,66966.9,MAIN,MAIN,2026-10-01 13:31:22.774,2026-10-01 13:31:22.774,66900.0,2026-10-01 13:31:22.774,66900.0,0.0,0.0,False,,2026-10-01 13:30:46.032,66900.0,0.0,0.0,-0.09990009990009123,0.0,180,180.96,66800.0,-0.14947683109118087,-0.24922760348768452,0.14947683109118087,-0.29895366218236175,0.049427403687502064,-0.3985551070752778,COMPLETE,,BASE,,,,,,
2026-10-01 13:35:02.427,v2.3.3,20261001_002710_PULLBACK_BALANCE_BREAKOUT_2026-10-01:002710:1_133328763768,PULLBACK_BALANCE_BREAKOUT,002710,TCC스틸,2026-10-01 13:32:01.728,13990.0,13990.0,MAIN,MAIN,2026-10-01 13:32:00.000,2026-10-01 09:01:21.903,15750.0,2026-10-01 13:32:00.000,13990.0,16238.096676,-11.17460317460317,False,,2026-10-01 13:32:03.739,13990.0,3.739914,0.0,0.0,0.0,180,180.699,13980.0,-0.07147962830593281,-0.07147962830593281,0.07147962830593281,-0.14295925661186562,0.07147962830593281,-0.14295925661186562,COMPLETE,PULLBACK_V230,PULLBACK_BALANCE_BREAKOUT,신규/ON,,,,PULLBACK_63,
2026-10-01 13:35:03.324,v2.3.3,20261001_003160_PULLBACK_SNAPSHOT_DIRECT_2026-10-01:003160:6:180_133025801253,PULLBACK_SNAPSHOT_DIRECT,003160,디아이,2026-10-01 13:30:02.227,40100.0,40125.0,MAIN,MAIN,2026-10-01 13:30:00.000,,,2026-10-01 13:30:00.000,40100.0,,,False,,2026-10-01 13:30:02.529,40125.0,2.529685,0.062344139650872814,0.0,0.062344139650872814,300,301.097,40100.0,0.0,-0.06230529595015576,0.12468827930174563,-0.6234413965087282,0.06230529595015576,-0.6853582554517134,COMPLETE,PULLBACK_V230,PULLBACK_SNAPSHOT_DIRECT,신규/ON,pullback_structure_snapshot_v1,,,PULLBACK_63,
2026-10-01 13:35:31.625,v2.3.3,20261001_093370_PULLBACK_SNAPSHOT_DIRECT_2026-10-01:093370:2:180_133523720179,PULLBACK_SNAPSHOT_DIRECT,093370,후성,2026-10-01 13:35:00.629,15710.0,15710.0,MAIN,MAIN,2026-10-01 13:35:00.000,,,2026-10-01 13:35:00.000,15710.0,,,False,,2026-10-01 13:35:03.628,15700.0,3.628631,-0.06365372374283895,-0.06365372374283895,0.06365372374283895,30,30.996,15700.0,-0.06365372374283895,-0.06365372374283895,0.0,-0.06365372374283895,0.0,-0.06365372374283895,COMPLETE,PULLBACK_V230,PULLBACK_SNAPSHOT_DIRECT,신규/ON,pullback_structure_snapshot_v1,,,PULLBACK_63,
2026-10-01 13:36:01.899,v2.3.3,20261001_093370_PULLBACK_SNAPSHOT_DIRECT_2026-10-01:093370:2:180_133523720179,PULLBACK_SNAPSHOT_DIRECT,093370,후성,2026-10-01 13:35:00.629,15710.0,15710.0,MAIN,MAIN,2026-10-01 13:35:00.000,,,2026-10-01 13:35:00.000,15710.0,,,False,,2026-10-01 13:35:03.628,15700.0,3.628631,-0.06365372374283895,-0.06365372374283895,0.06365372374283895,60,61.271,15700.0,-0.06365372374283895,-0.06365372374283895,0.0,-0.06365372374283895,0.0,-0.06365372374283895,COMPLETE,PULLBACK_V230,PULLBACK_SNAPSHOT_DIRECT,신규/ON,pullback_structure_snapshot_v1,,,PULLBACK_63,
2026-10-01 13:36:02.424,v2.3.3,20261001_003160_PULLBACK_SNAPSHOT_RECLAIM_2026-10-01:003160:6:180_133210379684,PULLBACK_SNAPSHOT_RECLAIM,003160,디아이,2026-10-01 13:31:02.159,40050.0,40050.0,MAIN,MAIN,2026-10-01 13:31:00.000,,,2026-10-01 13:31:00.000,40050.0,,,False,,2026-10-01 13:31:04.733,40050.0,4.73366,0.0,0.0,0.0,300,300.265,40150.0,0.24968789013732834,0.24968789013732834,0.24968789013732834,-0.4993757802746567,0.24968789013732834,-0.4993757802746567,COMPLETE,PULLBACK_V230,PULLBACK_SNAPSHOT_RECLAIM,신규/ON,pullback_structure_snapshot_v1,,,PULLBACK_63,
2026-10-01 13:36:23.025,v2.3.3,20261001_403870_BASE_E013_133122866643,BASE,403870,HPSP,2026-10-01 13:31:22.866,66900.0,66966.9,MAIN,MAIN,2026-10-01 13:31:22.774,2026-10-01 13:31:22.774,66900.0,2026-10-01 13:31:22.774,66900.0,0.0,0.0,False,,2026-10-01 13:30:46.032,66900.0,0.0,0.0,-0.09990009990009123,0.0,300,300.159,66600.0,-0.4484304932735426,-0.5478826106628711,0.14947683109118087,-0.4484304932735426,0.049427403687502064,-0.5478826106628711,COMPLETE,,BASE,,,,,,
2026-10-01 13:36:32.826,v2.3.3,20261001_093370_PULLBACK_SNAPSHOT_RECLAIM_2026-10-01:093370:2:180_133615109924,PULLBACK_SNAPSHOT_RECLAIM,093370,후성,2026-10-01 13:36:01.899,15710.0,15700.0,MAIN,MAIN,2026-10-01 13:36:00.000,,,2026-10-01 13:36:00.000,15710.0,,,False,,2026-10-01 13:36:02.133,15690.0,2.133069,-0.1273074474856779,-0.06369426751592357,0.1273074474856779,30,30.926,15690.0,-0.1273074474856779,-0.06369426751592357,0.0,-0.19096117122851686,0.06369426751592357,-0.12738853503184713,COMPLETE,PULLBACK_V230,PULLBACK_SNAPSHOT_RECLAIM,신규/ON,pullback_structure_snapshot_v1,,,PULLBACK_63,
2026-10-01 13:37:03.924,v2.3.3,20261001_093370_PULLBACK_SNAPSHOT_RECLAIM_2026-10-01:093370:2:180_133615109924,PULLBACK_SNAPSHOT_RECLAIM,093370,후성,2026-10-01 13:36:01.899,15710.0,15700.0,MAIN,MAIN,2026-10-01 13:36:00.000,,,2026-10-01 13:36:00.000,15710.0,,,False,,2026-10-01 13:36:02.133,15690.0,2.133069,-0.1273074474856779,-0.06369426751592357,0.1273074474856779,60,62.025,15690.0,-0.1273074474856779,-0.06369426751592357,0.0,-0.19096117122851686,0.06369426751592357,-0.12738853503184713,COMPLETE,PULLBACK_V230,PULLBACK_SNAPSHOT_RECLAIM,신규/ON,pullback_structure_snapshot_v1,,,PULLBACK_63,
2026-10-01 13:37:03.924,v2.3.3,20261001_093370_PULLBACK_SNAPSHOT_DIRECT_2026-10-01:093370:2:180_133523720179,PULLBACK_SNAPSHOT_DIRECT,093370,후성,2026-10-01 13:35:00.629,15710.0,15710.0,MAIN,MAIN,2026-10-01 13:35:00.000,,,2026-10-01 13:35:00.000,15710.0,,,False,,2026-10-01 13:35:03.628,15700.0,3.628631,-0.06365372374283895,-0.06365372374283895,0.06365372374283895,120,123.295,15690.0,-0.1273074474856779,-0.1273074474856779,0.0,-0.19096117122851686,0.0,-0.19096117122851686,COMPLETE,PULLBACK_V230,PULLBACK_SNAPSHOT_DIRECT,신규/ON,pullback_structure_snapshot_v1,,,PULLBACK_63,
2026-10-01 13:37:04.131,v2.3.3,20261001_002710_PULLBACK_BALANCE_BREAKOUT_2026-10-01:002710:1_133328763768,PULLBACK_BALANCE_BREAKOUT,002710,TCC스틸,2026-10-01 13:32:01.728,13990.0,13990.0,MAIN,MAIN,2026-10-01 13:32:00.000,2026-10-01 09:01:21.903,15750.0,2026-10-01 13:32:00.000,13990.0,16238.096676,-11.17460317460317,False,,2026-10-01 13:32:03.739,13990.0,3.739914,0.0,0.0,0.0,300,302.403,13960.0,-0.21443888491779842,-0.21443888491779842,0.07147962830593281,-0.21443888491779842,0.07147962830593281,-0.21443888491779842,COMPLETE,PULLBACK_V230,PULLBACK_BALANCE_BREAKOUT,신규/ON,,,,PULLBACK_63,
2026-10-01 13:37:23.024,v2.3.3,20261001_323280_BASE_E009_133652906278,BASE,323280,태성,2026-10-01 13:36:52.906,61300.0,61361.299999999996,MAIN,MAIN,2026-10-01 13:36:52.891,2026-10-01 13:36:52.891,61300.0,2026-10-01 13:36:52.891,61300.0,0.0,0.0,False,,2026-10-01 13:36:57.827,61300.0,4.936189,0.0,-0.09990009990009278,0.0,30,30.118,61200.0,-0.1631321370309951,-0.2628692677632248,0.0,-0.3262642740619902,-0.09990009990009278,-0.42583843562635676,COMPLETE,,BASE,,,,,,
2026-10-01 13:37:54.025,v2.3.3,20261001_323280_BASE_E009_133652906278,BASE,323280,태성,2026-10-01 13:36:52.906,61300.0,61361.299999999996,MAIN,MAIN,2026-10-01 13:36:52.891,2026-10-01 13:36:52.891,61300.0,2026-10-01 13:36:52.891,61300.0,0.0,0.0,False,,2026-10-01 13:36:57.827,61300.0,4.936189,0.0,-0.09990009990009278,0.0,60,61.119,61200.0,-0.1631321370309951,-0.2628692677632248,0.0,-0.3262642740619902,-0.09990009990009278,-0.42583843562635676,COMPLETE,,BASE,,,,,,
2026-10-01 13:38:02.925,v2.3.3,20261001_093370_PULLBACK_SNAPSHOT_RECLAIM_2026-10-01:093370:2:180_133615109924,PULLBACK_SNAPSHOT_RECLAIM,093370,후성,2026-10-01 13:36:01.899,15710.0,15700.0,MAIN,MAIN,2026-10-01 13:36:00.000,,,2026-10-01 13:36:00.000,15710.0,,,False,,2026-10-01 13:36:02.133,15690.0,2.133069,-0.1273074474856779,-0.06369426751592357,0.1273074474856779,120,121.025,15700.0,-0.06365372374283895,0.0,0.0,-0.2546148949713558,0.06369426751592357,-0.1910828025477707,COMPLETE,PULLBACK_V230,PULLBACK_SNAPSHOT_RECLAIM,신규/ON,pullback_structure_snapshot_v1,,,PULLBACK_63,
2026-10-01 13:38:02.925,v2.3.3,20261001_093370_PULLBACK_SNAPSHOT_DIRECT_2026-10-01:093370:2:180_133523720179,PULLBACK_SNAPSHOT_DIRECT,093370,후성,2026-10-01 13:35:00.629,15710.0,15710.0,MAIN,MAIN,2026-10-01 13:35:00.000,,,2026-10-01 13:35:00.000,15710.0,,,False,,2026-10-01 13:35:03.628,15700.0,3.628631,-0.06365372374283895,-0.06365372374283895,0.06365372374283895,180,182.296,15700.0,-0.06365372374283895,-0.06365372374283895,0.0,-0.2546148949713558,0.0,-0.2546148949713558,COMPLETE,PULLBACK_V230,PULLBACK_SNAPSHOT_DIRECT,신규/ON,pullback_structure_snapshot_v1,,,PULLBACK_63,
2026-10-01 13:38:53.024,v2.3.3,20261001_323280_BASE_E009_133652906278,BASE,323280,태성,2026-10-01 13:36:52.906,61300.0,61361.299999999996,MAIN,MAIN,2026-10-01 13:36:52.891,2026-10-01 13:36:52.891,61300.0,2026-10-01 13:36:52.891,61300.0,0.0,0.0,False,,2026-10-01 13:36:57.827,61300.0,4.936189,0.0,-0.09990009990009278,0.0,120,120.119,61300.0,0.0,-0.09990009990009278,0.0,-0.3262642740619902,-0.09990009990009278,-0.42583843562635676,COMPLETE,,BASE,,,,,,
2026-10-01 13:39:03.027,v2.3.3,20261001_093370_PULLBACK_SNAPSHOT_RECLAIM_2026-10-01:093370:2:180_133615109924,PULLBACK_SNAPSHOT_RECLAIM,093370,후성,2026-10-01 13:36:01.899,15710.0,15700.0,MAIN,MAIN,2026-10-01 13:36:00.000,,,2026-10-01 13:36:00.000,15710.0,,,False,,2026-10-01 13:36:02.133,15690.0,2.133069,-0.1273074474856779,-0.06369426751592357,0.1273074474856779,180,181.128,15710.0,0.0,0.06369426751592357,0.0,-0.2546148949713558,0.06369426751592357,-0.1910828025477707,COMPLETE,PULLBACK_V230,PULLBACK_SNAPSHOT_RECLAIM,신규/ON,pullback_structure_snapshot_v1,,,PULLBACK_63,
2026-10-01 13:39:52.924,v2.3.3,20261001_323280_BASE_E009_133652906278,BASE,323280,태성,2026-10-01 13:36:52.906,61300.0,61361.299999999996,MAIN,MAIN,2026-10-01 13:36:52.891,2026-10-01 13:36:52.891,61300.0,2026-10-01 13:36:52.891,61300.0,0.0,0.0,False,,2026-10-01 13:36:57.827,61300.0,4.936189,0.0,-0.09990009990009278,0.0,180,180.018,61300.0,0.0,-0.09990009990009278,0.0,-0.3262642740619902,-0.09990009990009278,-0.42583843562635676,COMPLETE,,BASE,,,,,,
2026-10-01 13:40:00.825,v2.3.3,20261001_093370_PULLBACK_SNAPSHOT_DIRECT_2026-10-01:093370:2:180_133523720179,PULLBACK_SNAPSHOT_DIRECT,093370,후성,2026-10-01 13:35:00.629,15710.0,15710.0,MAIN,MAIN,2026-10-01 13:35:00.000,,,2026-10-01 13:35:00.000,15710.0,,,False,,2026-10-01 13:35:03.628,15700.0,3.628631,-0.06365372374283895,-0.06365372374283895,0.06365372374283895,300,300.197,15720.0,0.06365372374283895,0.06365372374283895,0.06365372374283895,-0.2546148949713558,0.06365372374283895,-0.2546148949713558,COMPLETE,PULLBACK_V230,PULLBACK_SNAPSHOT_DIRECT,신규/ON,pullback_structure_snapshot_v1,,,PULLBACK_63,
2026-10-01 13:41:01.944,v2.3.3,20261001_093370_PULLBACK_SNAPSHOT_RECLAIM_2026-10-01:093370:2:180_133615109924,PULLBACK_SNAPSHOT_RECLAIM,093370,후성,2026-10-01 13:36:01.899,15710.0,15700.0,MAIN,MAIN,2026-10-01 13:36:00.000,,,2026-10-01 13:36:00.000,15710.0,,,False,,2026-10-01 13:36:02.133,15690.0,2.133069,-0.1273074474856779,-0.06369426751592357,0.1273074474856779,300,300.045,15700.0,-0.06365372374283895,0.0,0.06365372374283895,-0.2546148949713558,0.12738853503184713,-0.1910828025477707,COMPLETE,PULLBACK_V230,PULLBACK_SNAPSHOT_RECLAIM,신규/ON,pullback_structure_snapshot_v1,,,PULLBACK_63,
2026-10-01 13:41:32.022,v2.3.3,20261001_240810_PULLBACK_SNAPSHOT_DIRECT_2026-10-01:240810:2:210_134108011171,PULLBACK_SNAPSHOT_DIRECT,240810,원익IPS,2026-10-01 13:41:00.331,139300.0,139300.0,MAIN,MAIN,2026-10-01 13:41:00.000,,,2026-10-01 13:41:00.000,139300.0,,,False,,2026-10-01 13:41:00.423,139300.0,0.423669,0.0,0.0,0.0,30,31.692,139300.0,0.0,0.0,0.07178750897343862,0.0,0.07178750897343862,0.0,COMPLETE,PULLBACK_V230,PULLBACK_SNAPSHOT_DIRECT,신규/ON,pullback_structure_snapshot_v1,,,PULLBACK_63,
2026-10-01 13:41:55.133,v2.3.3,20261001_323280_BASE_E009_133652906278,BASE,323280,태성,2026-10-01 13:36:52.906,61300.0,61361.299999999996,MAIN,MAIN,2026-10-01 13:36:52.891,2026-10-01 13:36:52.891,61300.0,2026-10-01 13:36:52.891,61300.0,0.0,0.0,False,,2026-10-01 13:36:57.827,61300.0,4.936189,0.0,-0.09990009990009278,0.0,300,302.227,61200.0,-0.1631321370309951,-0.2628692677632248,0.0,-0.3262642740619902,-0.09990009990009278,-0.42583843562635676,COMPLETE,,BASE,,,,,,
2026-10-01 13:42:00.834,v2.3.3,20261001_240810_PULLBACK_SNAPSHOT_DIRECT_2026-10-01:240810:2:210_134108011171,PULLBACK_SNAPSHOT_DIRECT,240810,원익IPS,2026-10-01 13:41:00.331,139300.0,139300.0,MAIN,MAIN,2026-10-01 13:41:00.000,,,2026-10-01 13:41:00.000,139300.0,,,False,,2026-10-01 13:41:00.423,139300.0,0.423669,0.0,0.0,0.0,60,60.503,139400.0,0.07178750897343862,0.07178750897343862,0.07178750897343862,0.0,0.07178750897343862,0.0,COMPLETE,PULLBACK_V230,PULLBACK_SNAPSHOT_DIRECT,신규/ON,pullback_structure_snapshot_v1,,,PULLBACK_63,
2026-10-01 13:42:30.925,v2.3.3,20261001_240810_PULLBACK_SNAPSHOT_RECLAIM_2026-10-01:240810:2:210_134214285508,PULLBACK_SNAPSHOT_RECLAIM,240810,원익IPS,2026-10-01 13:42:00.834,139300.0,139400.0,MAIN,MAIN,2026-10-01 13:42:00.000,,,2026-10-01 13:42:00.000,139300.0,,,False,,2026-10-01 13:42:02.333,139300.0,2.333504,0.0,-0.07173601147776185,0.0,30,30.091,139300.0,0.0,-0.07173601147776185,0.07178750897343862,0.0,0.0,-0.07173601147776185,COMPLETE,PULLBACK_V230,PULLBACK_SNAPSHOT_RECLAIM,신규/ON,pullback_structure_snapshot_v1,,,PULLBACK_63,
2026-10-01 13:43:00.623,v2.3.3,20261001_240810_PULLBACK_SNAPSHOT_DIRECT_2026-10-01:240810:2:210_134108011171,PULLBACK_SNAPSHOT_DIRECT,240810,원익IPS,2026-10-01 13:41:00.331,139300.0,139300.0,MAIN,MAIN,2026-10-01 13:41:00.000,,,2026-10-01 13:41:00.000,139300.0,,,False,,2026-10-01 13:41:00.423,139300.0,0.423669,0.0,0.0,0.0,120,120.292,139200.0,-0.07178750897343862,-0.07178750897343862,0.07178750897343862,-0.07178750897343862,0.07178750897343862,-0.07178750897343862,COMPLETE,PULLBACK_V230,PULLBACK_SNAPSHOT_DIRECT,신규/ON,pullback_structure_snapshot_v1,,,PULLBACK_63,
2026-10-01 13:43:01.222,v2.3.3,20261001_240810_PULLBACK_SNAPSHOT_RECLAIM_2026-10-01:240810:2:210_134214285508,PULLBACK_SNAPSHOT_RECLAIM,240810,원익IPS,2026-10-01 13:42:00.834,139300.0,139400.0,MAIN,MAIN,2026-10-01 13:42:00.000,,,2026-10-01 13:42:00.000,139300.0,,,False,,2026-10-01 13:42:02.333,139300.0,2.333504,0.0,-0.07173601147776185,0.0,60,60.388,139200.0,-0.07178750897343862,-0.1434720229555237,0.07178750897343862,-0.07178750897343862,0.0,-0.1434720229555237,COMPLETE,PULLBACK_V230,PULLBACK_SNAPSHOT_RECLAIM,신규/ON,pullback_structure_snapshot_v1,,,PULLBACK_63,
2026-10-01 13:44:03.129,v2.3.3,20261001_240810_PULLBACK_SNAPSHOT_RECLAIM_2026-10-01:240810:2:210_134214285508,PULLBACK_SNAPSHOT_RECLAIM,240810,원익IPS,2026-10-01 13:42:00.834,139300.0,139400.0,MAIN,MAIN,2026-10-01 13:42:00.000,,,2026-10-01 13:42:00.000,139300.0,,,False,,2026-10-01 13:42:02.333,139300.0,2.333504,0.0,-0.07173601147776185,0.0,120,122.295,139300.0,0.0,-0.07173601147776185,0.07178750897343862,-0.07178750897343862,0.0,-0.1434720229555237,COMPLETE,PULLBACK_V230,PULLBACK_SNAPSHOT_RECLAIM,신규/ON,pullback_structure_snapshot_v1,,,PULLBACK_63,
2026-10-01 13:44:03.129,v2.3.3,20261001_240810_PULLBACK_SNAPSHOT_DIRECT_2026-10-01:240810:2:210_134108011171,PULLBACK_SNAPSHOT_DIRECT,240810,원익IPS,2026-10-01 13:41:00.331,139300.0,139300.0,MAIN,MAIN,2026-10-01 13:41:00.000,,,2026-10-01 13:41:00.000,139300.0,,,False,,2026-10-01 13:41:00.423,139300.0,0.423669,0.0,0.0,0.0,180,182.798,139300.0,0.0,0.0,0.07178750897343862,-0.07178750897343862,0.07178750897343862,-0.07178750897343862,COMPLETE,PULLBACK_V230,PULLBACK_SNAPSHOT_DIRECT,신규/ON,pullback_structure_snapshot_v1,,,PULLBACK_63,
2026-10-01 13:45:01.122,v2.3.3,20261001_240810_PULLBACK_SNAPSHOT_RECLAIM_2026-10-01:240810:2:210_134214285508,PULLBACK_SNAPSHOT_RECLAIM,240810,원익IPS,2026-10-01 13:42:00.834,139300.0,139400.0,MAIN,MAIN,2026-10-01 13:42:00.000,,,2026-10-01 13:42:00.000,139300.0,,,False,,2026-10-01 13:42:02.333,139300.0,2.333504,0.0,-0.07173601147776185,0.0,180,180.288,139300.0,0.0,-0.07173601147776185,0.07178750897343862,-0.07178750897343862,0.0,-0.1434720229555237,COMPLETE,PULLBACK_V230,PULLBACK_SNAPSHOT_RECLAIM,신규/ON,pullback_structure_snapshot_v1,,,PULLBACK_63,
2026-10-01 13:45:31.622,v2.3.3,20261001_043260_PULLBACK_SNAPSHOT_DIRECT_2026-10-01:043260:2:120_134513742656,PULLBACK_SNAPSHOT_DIRECT,043260,성호전자,2026-10-01 13:45:01.331,27950.0,28000.0,MAIN,MAIN,2026-10-01 13:45:00.000,,,2026-10-01 13:45:00.000,27950.0,,,False,,2026-10-01 13:45:02.625,27950.0,2.625636,0.0,-0.17857142857142858,0.0,30,30.291,28000.0,0.17889087656529518,0.0,0.17889087656529518,-0.08944543828264759,0.0,-0.26785714285714285,COMPLETE,PULLBACK_V230,PULLBACK_SNAPSHOT_DIRECT,신규/ON,pullback_structure_snapshot_v1,,,PULLBACK_63,
2026-10-01 13:46:00.538,v2.3.3,20261001_240810_PULLBACK_SNAPSHOT_DIRECT_2026-10-01:240810:2:210_134108011171,PULLBACK_SNAPSHOT_DIRECT,240810,원익IPS,2026-10-01 13:41:00.331,139300.0,139300.0,MAIN,MAIN,2026-10-01 13:41:00.000,,,2026-10-01 13:41:00.000,139300.0,,,False,,2026-10-01 13:41:00.423,139300.0,0.423669,0.0,0.0,0.0,300,300.207,139300.0,0.0,0.0,0.07178750897343862,-0.07178750897343862,0.07178750897343862,-0.07178750897343862,COMPLETE,PULLBACK_V230,PULLBACK_SNAPSHOT_DIRECT,신규/ON,pullback_structure_snapshot_v1,,,PULLBACK_63,
2026-10-01 13:46:02.629,v2.3.3,20261001_043260_PULLBACK_SNAPSHOT_DIRECT_2026-10-01:043260:2:120_134513742656,PULLBACK_SNAPSHOT_DIRECT,043260,성호전자,2026-10-01 13:45:01.331,27950.0,28000.0,MAIN,MAIN,2026-10-01 13:45:00.000,,,2026-10-01 13:45:00.000,27950.0,,,False,,2026-10-01 13:45:02.625,27950.0,2.625636,0.0,-0.17857142857142858,0.0,60,61.298,28000.0,0.17889087656529518,0.0,0.35778175313059035,-0.08944543828264759,0.17857142857142858,-0.26785714285714285,COMPLETE,PULLBACK_V230,PULLBACK_SNAPSHOT_DIRECT,신규/ON,pullback_structure_snapshot_v1,,,PULLBACK_63,
2026-10-01 13:46:30.923,v2.3.3,20261001_043260_PULLBACK_SNAPSHOT_RECLAIM_2026-10-01:043260:2:120_134617997487,PULLBACK_SNAPSHOT_RECLAIM,043260,성호전자,2026-10-01 13:46:00.429,28050.0,28050.0,MAIN,MAIN,2026-10-01 13:46:00.000,,,2026-10-01 13:46:00.000,28050.0,,,False,,2026-10-01 13:46:00.538,28050.0,0.538382,0.0,0.0,0.0,30,30.494,28050.0,0.0,0.0,0.17825311942959002,-0.17825311942959002,0.17825311942959002,-0.17825311942959002,COMPLETE,PULLBACK_V230,PULLBACK_SNAPSHOT_RECLAIM,신규/ON,pullback_structure_snapshot_v1,,,PULLBACK_63,
2026-10-01 13:47:01.521,v2.3.3,20261001_240810_PULLBACK_SNAPSHOT_RECLAIM_2026-10-01:240810:2:210_134214285508,PULLBACK_SNAPSHOT_RECLAIM,240810,원익IPS,2026-10-01 13:42:00.834,139300.0,139400.0,MAIN,MAIN,2026-10-01 13:42:00.000,,,2026-10-01 13:42:00.000,139300.0,,,False,,2026-10-01 13:42:02.333,139300.0,2.333504,0.0,-0.07173601147776185,0.0,300,300.687,139300.0,0.0,-0.07173601147776185,0.07178750897343862,-0.07178750897343862,0.0,-0.1434720229555237,COMPLETE,PULLBACK_V230,PULLBACK_SNAPSHOT_RECLAIM,신규/ON,pullback_structure_snapshot_v1,,,PULLBACK_63,
2026-10-01 13:47:02.321,v2.3.3,20261001_043260_PULLBACK_SNAPSHOT_RECLAIM_2026-10-01:043260:2:120_134617997487,PULLBACK_SNAPSHOT_RECLAIM,043260,성호전자,2026-10-01 13:46:00.429,28050.0,28050.0,MAIN,MAIN,2026-10-01 13:46:00.000,,,2026-10-01 13:46:00.000,28050.0,,,False,,2026-10-01 13:46:00.538,28050.0,0.538382,0.0,0.0,0.0,60,61.892,28000.0,-0.17825311942959002,-0.17825311942959002,0.17825311942959002,-0.35650623885918004,0.17825311942959002,-0.35650623885918004,COMPLETE,PULLBACK_V230,PULLBACK_SNAPSHOT_RECLAIM,신규/ON,pullback_structure_snapshot_v1,,,PULLBACK_63,
2026-10-01 13:47:02.321,v2.3.3,20261001_043260_PULLBACK_SNAPSHOT_DIRECT_2026-10-01:043260:2:120_134513742656,PULLBACK_SNAPSHOT_DIRECT,043260,성호전자,2026-10-01 13:45:01.331,27950.0,28000.0,MAIN,MAIN,2026-10-01 13:45:00.000,,,2026-10-01 13:45:00.000,27950.0,,,False,,2026-10-01 13:45:02.625,27950.0,2.625636,0.0,-0.17857142857142858,0.0,120,120.99,28000.0,0.17889087656529518,0.0,0.5366726296958855,-0.08944543828264759,0.35714285714285715,-0.26785714285714285,COMPLETE,PULLBACK_V230,PULLBACK_SNAPSHOT_DIRECT,신규/ON,pullback_structure_snapshot_v1,,,PULLBACK_63,
2026-10-01 13:48:00.522,v2.3.3,20261001_043260_PULLBACK_SNAPSHOT_RECLAIM_2026-10-01:043260:2:120_134617997487,PULLBACK_SNAPSHOT_RECLAIM,043260,성호전자,2026-10-01 13:46:00.429,28050.0,28050.0,MAIN,MAIN,2026-10-01 13:46:00.000,,,2026-10-01 13:46:00.000,28050.0,,,False,,2026-10-01 13:46:00.538,28050.0,0.538382,0.0,0.0,0.0,120,120.093,27900.0,-0.53475935828877,-0.53475935828877,0.17825311942959002,-0.53475935828877,0.17825311942959002,-0.53475935828877,COMPLETE,PULLBACK_V230,PULLBACK_SNAPSHOT_RECLAIM,신규/ON,pullback_structure_snapshot_v1,,,PULLBACK_63,
2026-10-01 13:48:01.723,v2.3.3,20261001_043260_PULLBACK_SNAPSHOT_DIRECT_2026-10-01:043260:2:120_134513742656,PULLBACK_SNAPSHOT_DIRECT,043260,성호전자,2026-10-01 13:45:01.331,27950.0,28000.0,MAIN,MAIN,2026-10-01 13:45:00.000,,,2026-10-01 13:45:00.000,27950.0,,,False,,2026-10-01 13:45:02.625,27950.0,2.625636,0.0,-0.17857142857142858,0.0,180,180.392,27900.0,-0.17889087656529518,-0.35714285714285715,0.5366726296958855,-0.17889087656529518,0.35714285714285715,-0.35714285714285715,COMPLETE,PULLBACK_V230,PULLBACK_SNAPSHOT_DIRECT,신규/ON,pullback_structure_snapshot_v1,,,PULLBACK_63,
2026-10-01 13:49:01.324,v2.3.3,20261001_043260_PULLBACK_SNAPSHOT_RECLAIM_2026-10-01:043260:2:120_134617997487,PULLBACK_SNAPSHOT_RECLAIM,043260,성호전자,2026-10-01 13:46:00.429,28050.0,28050.0,MAIN,MAIN,2026-10-01 13:46:00.000,,,2026-10-01 13:46:00.000,28050.0,,,False,,2026-10-01 13:46:00.538,28050.0,0.538382,0.0,0.0,0.0,180,180.894,27950.0,-0.35650623885918004,-0.35650623885918004,0.17825311942959002,-0.53475935828877,0.17825311942959002,-0.53475935828877,COMPLETE,PULLBACK_V230,PULLBACK_SNAPSHOT_RECLAIM,신규/ON,pullback_structure_snapshot_v1,,,PULLBACK_63,
2026-10-01 13:50:01.333,v2.3.3,20261001_043260_PULLBACK_SNAPSHOT_DIRECT_2026-10-01:043260:2:120_134513742656,PULLBACK_SNAPSHOT_DIRECT,043260,성호전자,2026-10-01 13:45:01.331,27950.0,28000.0,MAIN,MAIN,2026-10-01 13:45:00.000,,,2026-10-01 13:45:00.000,27950.0,,,False,,2026-10-01 13:45:02.625,27950.0,2.625636,0.0,-0.17857142857142858,0.0,300,300.002,27800.0,-0.5366726296958855,-0.7142857142857143,0.5366726296958855,-0.5366726296958855,0.35714285714285715,-0.7142857142857143,COMPLETE,PULLBACK_V230,PULLBACK_SNAPSHOT_DIRECT,신규/ON,pullback_structure_snapshot_v1,,,PULLBACK_63,
2026-10-01 13:51:02.324,v2.3.3,20261001_043260_PULLBACK_SNAPSHOT_RECLAIM_2026-10-01:043260:2:120_134617997487,PULLBACK_SNAPSHOT_RECLAIM,043260,성호전자,2026-10-01 13:46:00.429,28050.0,28050.0,MAIN,MAIN,2026-10-01 13:46:00.000,,,2026-10-01 13:46:00.000,28050.0,,,False,,2026-10-01 13:46:00.538,28050.0,0.538382,0.0,0.0,0.0,300,301.895,27950.0,-0.35650623885918004,-0.35650623885918004,0.17825311942959002,-0.8912655971479502,0.17825311942959002,-0.8912655971479502,COMPLETE,PULLBACK_V230,PULLBACK_SNAPSHOT_RECLAIM,신규/ON,pullback_structure_snapshot_v1,,,PULLBACK_63,
2026-10-01 13:53:32.346,v2.3.3,20261001_067310_PULLBACK_STRUCTURE_ENTRY_2026-10-01:067310:2_135319906660,PULLBACK_STRUCTURE_ENTRY,067310,하나마이크론,2026-10-01 13:53:01.739,50100.0,50200.0,MAIN,MAIN,2026-10-01 13:53:00.000,,,2026-10-01 13:53:00.000,50100.0,,,False,,2026-10-01 13:53:01.739,50200.0,1.739824,0.19960079840319359,0.0,0.19960079840319359,30,30.607,50200.0,0.19960079840319359,0.0,0.39920159680638717,0.0,0.199203187250996,-0.199203187250996,COMPLETE,PULLBACK_V230,PULLBACK_STRUCTURE_ENTRY,신규/ON,pullback_structure_snapshot_v1,,,PULLBACK_63,
2026-10-01 13:53:32.346,v2.3.3,20261001_067310_PULLBACK_SNAPSHOT_RECLAIM_2026-10-01:067310:2:30_135321720458,PULLBACK_SNAPSHOT_RECLAIM,067310,하나마이크론,2026-10-01 13:53:01.739,50100.0,50200.0,MAIN,MAIN,2026-10-01 13:53:00.000,,,2026-10-01 13:53:00.000,50100.0,,,False,,2026-10-01 13:53:01.739,50200.0,1.739824,0.19960079840319359,0.0,0.19960079840319359,30,30.607,50200.0,0.19960079840319359,0.0,0.39920159680638717,0.0,0.199203187250996,-0.199203187250996,COMPLETE,PULLBACK_V230,PULLBACK_SNAPSHOT_RECLAIM,신규/ON,pullback_structure_snapshot_v1,,,PULLBACK_63,
2026-10-01 13:54:03.041,v2.3.3,20261001_067310_PULLBACK_STRUCTURE_ENTRY_2026-10-01:067310:2_135319906660,PULLBACK_STRUCTURE_ENTRY,067310,하나마이크론,2026-10-01 13:53:01.739,50100.0,50200.0,MAIN,MAIN,2026-10-01 13:53:00.000,,,2026-10-01 13:53:00.000,50100.0,,,False,,2026-10-01 13:53:01.739,50200.0,1.739824,0.19960079840319359,0.0,0.19960079840319359,60,61.302,50300.0,0.39920159680638717,0.199203187250996,0.39920159680638717,0.0,0.199203187250996,-0.199203187250996,COMPLETE,PULLBACK_V230,PULLBACK_STRUCTURE_ENTRY,신규/ON,pullback_structure_snapshot_v1,,,PULLBACK_63,
2026-10-01 13:54:03.041,v2.3.3,20261001_067310_PULLBACK_SNAPSHOT_RECLAIM_2026-10-01:067310:2:30_135321720458,PULLBACK_SNAPSHOT_RECLAIM,067310,하나마이크론,2026-10-01 13:53:01.739,50100.0,50200.0,MAIN,MAIN,2026-10-01 13:53:00.000,,,2026-10-01 13:53:00.000,50100.0,,,False,,2026-10-01 13:53:01.739,50200.0,1.739824,0.19960079840319359,0.0,0.19960079840319359,60,61.302,50300.0,0.39920159680638717,0.199203187250996,0.39920159680638717,0.0,0.199203187250996,-0.199203187250996,COMPLETE,PULLBACK_V230,PULLBACK_SNAPSHOT_RECLAIM,신규/ON,pullback_structure_snapshot_v1,,,PULLBACK_63,
2026-10-01 13:54:33.821,v2.3.3,20261001_007660_BASE_E006_135403780051,BASE,007660,이수페타시스,2026-10-01 13:54:03.780,121000.0,121120.99999999999,MAIN,MAIN,2026-10-01 13:54:01.500,2026-10-01 13:54:01.500,121000.0,2026-10-01 13:54:01.500,121000.0,0.0,0.0,False,,2026-10-01 13:54:04.924,121000.0,3.424211,0.0,-0.09990009990008789,0.0,30,30.042,121000.0,0.0,-0.09990009990008789,0.0,-0.04132231404958678,-0.09990009990008789,-0.14118113291665813,COMPLETE,,BASE,,,,,,
2026-10-01 13:55:01.746,v2.3.3,20261001_067310_PULLBACK_STRUCTURE_ENTRY_2026-10-01:067310:2_135319906660,PULLBACK_STRUCTURE_ENTRY,067310,하나마이크론,2026-10-01 13:53:01.739,50100.0,50200.0,MAIN,MAIN,2026-10-01 13:53:00.000,,,2026-10-01 13:53:00.000,50100.0,,,False,,2026-10-01 13:53:01.739,50200.0,1.739824,0.19960079840319359,0.0,0.19960079840319359,120,120.006,50400.0,0.5988023952095809,0.398406374501992,0.5988023952095809,0.0,0.398406374501992,-0.199203187250996,COMPLETE,PULLBACK_V230,PULLBACK_STRUCTURE_ENTRY,신규/ON,pullback_structure_snapshot_v1,,,PULLBACK_63,
2026-10-01 13:55:01.746,v2.3.3,20261001_067310_PULLBACK_SNAPSHOT_RECLAIM_2026-10-01:067310:2:30_135321720458,PULLBACK_SNAPSHOT_RECLAIM,067310,하나마이크론,2026-10-01 13:53:01.739,50100.0,50200.0,MAIN,MAIN,2026-10-01 13:53:00.000,,,2026-10-01 13:53:00.000,50100.0,,,False,,2026-10-01 13:53:01.739,50200.0,1.739824,0.19960079840319359,0.0,0.19960079840319359,120,120.006,50400.0,0.5988023952095809,0.398406374501992,0.5988023952095809,0.0,0.398406374501992,-0.199203187250996,COMPLETE,PULLBACK_V230,PULLBACK_SNAPSHOT_RECLAIM,신규/ON,pullback_structure_snapshot_v1,,,PULLBACK_63,
2026-10-01 13:55:04.518,v2.3.3,20261001_007660_BASE_E006_135403780051,BASE,007660,이수페타시스,2026-10-01 13:54:03.780,121000.0,121120.99999999999,MAIN,MAIN,2026-10-01 13:54:01.500,2026-10-01 13:54:01.500,121000.0,2026-10-01 13:54:01.500,121000.0,0.0,0.0,False,,2026-10-01 13:54:04.924,121000.0,3.424211,0.0,-0.09990009990008789,0.0,60,60.738,121100.0,0.08264462809917356,-0.017338033866947475,0.08264462809917356,-0.04132231404958678,-0.017338033866947475,-0.14118113291665813,COMPLETE,,BASE,,,,,,
2026-10-01 13:56:01.818,v2.3.3,20261001_067310_PULLBACK_STRUCTURE_ENTRY_2026-10-01:067310:2_135319906660,PULLBACK_STRUCTURE_ENTRY,067310,하나마이크론,2026-10-01 13:53:01.739,50100.0,50200.0,MAIN,MAIN,2026-10-01 13:53:00.000,,,2026-10-01 13:53:00.000,50100.0,,,False,,2026-10-01 13:53:01.739,50200.0,1.739824,0.19960079840319359,0.0,0.19960079840319359,180,180.079,50400.0,0.5988023952095809,0.398406374501992,0.7984031936127743,0.0,0.5976095617529881,-0.199203187250996,COMPLETE,PULLBACK_V230,PULLBACK_STRUCTURE_ENTRY,신규/ON,pullback_structure_snapshot_v1,,,PULLBACK_63,
2026-10-01 13:56:01.818,v2.3.3,20261001_067310_PULLBACK_SNAPSHOT_RECLAIM_2026-10-01:067310:2:30_135321720458,PULLBACK_SNAPSHOT_RECLAIM,067310,하나마이크론,2026-10-01 13:53:01.739,50100.0,50200.0,MAIN,MAIN,2026-10-01 13:53:00.000,,,2026-10-01 13:53:00.000,50100.0,,,False,,2026-10-01 13:53:01.739,50200.0,1.739824,0.19960079840319359,0.0,0.19960079840319359,180,180.079,50400.0,0.5988023952095809,0.398406374501992,0.7984031936127743,0.0,0.5976095617529881,-0.199203187250996,COMPLETE,PULLBACK_V230,PULLBACK_SNAPSHOT_RECLAIM,신규/ON,pullback_structure_snapshot_v1,,,PULLBACK_63,
2026-10-01 13:56:05.219,v2.3.3,20261001_007660_BASE_E006_135403780051,BASE,007660,이수페타시스,2026-10-01 13:54:03.780,121000.0,121120.99999999999,MAIN,MAIN,2026-10-01 13:54:01.500,2026-10-01 13:54:01.500,121000.0,2026-10-01 13:54:01.500,121000.0,0.0,0.0,False,,2026-10-01 13:54:04.924,121000.0,3.424211,0.0,-0.09990009990008789,0.0,120,121.439,121200.0,0.1652892561983471,0.06522403216619295,0.1652892561983471,-0.04132231404958678,0.06522403216619295,-0.14118113291665813,COMPLETE,,BASE,,,,,,
2026-10-01 13:57:03.975,v2.3.3,20261001_007660_BASE_E006_135403780051,BASE,007660,이수페타시스,2026-10-01 13:54:03.780,121000.0,121120.99999999999,MAIN,MAIN,2026-10-01 13:54:01.500,2026-10-01 13:54:01.500,121000.0,2026-10-01 13:54:01.500,121000.0,0.0,0.0,False,,2026-10-01 13:54:04.924,121000.0,3.424211,0.0,-0.09990009990008789,0.0,180,180.196,121300.0,0.24793388429752067,0.1477860981993334,0.24793388429752067,-0.04132231404958678,0.1477860981993334,-0.14118113291665813,COMPLETE,,BASE,,,,,,
2026-10-01 13:58:02.818,v2.3.3,20261001_067310_PULLBACK_STRUCTURE_ENTRY_2026-10-01:067310:2_135319906660,PULLBACK_STRUCTURE_ENTRY,067310,하나마이크론,2026-10-01 13:53:01.739,50100.0,50200.0,MAIN,MAIN,2026-10-01 13:53:00.000,,,2026-10-01 13:53:00.000,50100.0,,,False,,2026-10-01 13:53:01.739,50200.0,1.739824,0.19960079840319359,0.0,0.19960079840319359,300,301.079,50500.0,0.7984031936127743,0.5976095617529881,0.7984031936127743,0.0,0.5976095617529881,-0.199203187250996,COMPLETE,PULLBACK_V230,PULLBACK_STRUCTURE_ENTRY,신규/ON,pullback_structure_snapshot_v1,,,PULLBACK_63,
2026-10-01 13:58:02.818,v2.3.3,20261001_067310_PULLBACK_SNAPSHOT_RECLAIM_2026-10-01:067310:2:30_135321720458,PULLBACK_SNAPSHOT_RECLAIM,067310,하나마이크론,2026-10-01 13:53:01.739,50100.0,50200.0,MAIN,MAIN,2026-10-01 13:53:00.000,,,2026-10-01 13:53:00.000,50100.0,,,False,,2026-10-01 13:53:01.739,50200.0,1.739824,0.19960079840319359,0.0,0.19960079840319359,300,301.079,50500.0,0.7984031936127743,0.5976095617529881,0.7984031936127743,0.0,0.5976095617529881,-0.199203187250996,COMPLETE,PULLBACK_V230,PULLBACK_SNAPSHOT_RECLAIM,신규/ON,pullback_structure_snapshot_v1,,,PULLBACK_63,
2026-10-01 13:59:03.819,v2.3.3,20261001_007660_BASE_E006_135403780051,BASE,007660,이수페타시스,2026-10-01 13:54:03.780,121000.0,121120.99999999999,MAIN,MAIN,2026-10-01 13:54:01.500,2026-10-01 13:54:01.500,121000.0,2026-10-01 13:54:01.500,121000.0,0.0,0.0,False,,2026-10-01 13:54:04.924,121000.0,3.424211,0.0,-0.09990009990008789,0.0,300,300.039,121300.0,0.24793388429752067,0.1477860981993334,0.3305785123966942,-0.04132231404958678,0.2303481642324738,-0.14118113291665813,COMPLETE,,BASE,,,,,,
2026-10-01 14:00:34.017,v2.3.3,20261001_003160_PULLBACK_SNAPSHOT_DIRECT_2026-10-01:003160:6:210_140016741251,PULLBACK_SNAPSHOT_DIRECT,003160,디아이,2026-10-01 14:00:01.619,40050.0,40050.0,MAIN,MAIN,2026-10-01 14:00:00.000,,,2026-10-01 14:00:00.000,40050.0,,,False,,2026-10-01 14:00:03.418,40100.0,3.418231,0.12484394506866417,0.12484394506866417,0.12484394506866417,30,32.397,40050.0,0.0,0.0,0.12484394506866417,0.0,0.12484394506866417,0.0,COMPLETE,PULLBACK_V230,PULLBACK_SNAPSHOT_DIRECT,신규/ON,pullback_structure_snapshot_v1,,,PULLBACK_63,
2026-10-01 14:01:04.816,v2.3.3,20261001_003160_PULLBACK_SNAPSHOT_DIRECT_2026-10-01:003160:6:210_140016741251,PULLBACK_SNAPSHOT_DIRECT,003160,디아이,2026-10-01 14:00:01.619,40050.0,40050.0,MAIN,MAIN,2026-10-01 14:00:00.000,,,2026-10-01 14:00:00.000,40050.0,,,False,,2026-10-01 14:00:03.418,40100.0,3.418231,0.12484394506866417,0.12484394506866417,0.12484394506866417,60,63.196,40050.0,0.0,0.0,0.12484394506866417,-0.12484394506866417,0.12484394506866417,-0.12484394506866417,COMPLETE,PULLBACK_V230,PULLBACK_SNAPSHOT_DIRECT,신규/ON,pullback_structure_snapshot_v1,,,PULLBACK_63,
2026-10-01 14:01:35.722,v2.3.3,20261001_003160_PULLBACK_SNAPSHOT_RECLAIM_2026-10-01:003160:6:210_140136813884,PULLBACK_SNAPSHOT_RECLAIM,003160,디아이,2026-10-01 14:01:04.816,40050.0,40050.0,MAIN,MAIN,2026-10-01 14:01:00.000,,,2026-10-01 14:01:00.000,40050.0,,,False,,2026-10-01 14:01:04.918,40050.0,4.918569,0.0,0.0,0.0,30,30.907,40150.0,0.24968789013732834,0.24968789013732834,0.24968789013732834,0.0,0.24968789013732834,0.0,COMPLETE,PULLBACK_V230,PULLBACK_SNAPSHOT_RECLAIM,신규/ON,pullback_structure_snapshot_v1,,,PULLBACK_63,
2026-10-01 14:02:02.331,v2.3.3,20261001_003160_PULLBACK_SNAPSHOT_DIRECT_2026-10-01:003160:6:210_140016741251,PULLBACK_SNAPSHOT_DIRECT,003160,디아이,2026-10-01 14:00:01.619,40050.0,40050.0,MAIN,MAIN,2026-10-01 14:00:00.000,,,2026-10-01 14:00:00.000,40050.0,,,False,,2026-10-01 14:00:03.418,40100.0,3.418231,0.12484394506866417,0.12484394506866417,0.12484394506866417,120,120.711,40150.0,0.24968789013732834,0.24968789013732834,0.24968789013732834,-0.12484394506866417,0.24968789013732834,-0.12484394506866417,COMPLETE,PULLBACK_V230,PULLBACK_SNAPSHOT_DIRECT,신규/ON,pullback_structure_snapshot_v1,,,PULLBACK_63,
2026-10-01 14:02:07.028,v2.3.3,20261001_003160_PULLBACK_SNAPSHOT_RECLAIM_2026-10-01:003160:6:210_140136813884,PULLBACK_SNAPSHOT_RECLAIM,003160,디아이,2026-10-01 14:01:04.816,40050.0,40050.0,MAIN,MAIN,2026-10-01 14:01:00.000,,,2026-10-01 14:01:00.000,40050.0,,,False,,2026-10-01 14:01:04.918,40050.0,4.918569,0.0,0.0,0.0,60,62.212,40150.0,0.24968789013732834,0.24968789013732834,0.24968789013732834,0.0,0.24968789013732834,0.0,COMPLETE,PULLBACK_V230,PULLBACK_SNAPSHOT_RECLAIM,신규/ON,pullback_structure_snapshot_v1,,,PULLBACK_63,
2026-10-01 14:03:01.628,v2.3.3,20261001_003160_PULLBACK_SNAPSHOT_DIRECT_2026-10-01:003160:6:210_140016741251,PULLBACK_SNAPSHOT_DIRECT,003160,디아이,2026-10-01 14:00:01.619,40050.0,40050.0,MAIN,MAIN,2026-10-01 14:00:00.000,,,2026-10-01 14:00:00.000,40050.0,,,False,,2026-10-01 14:00:03.418,40100.0,3.418231,0.12484394506866417,0.12484394506866417,0.12484394506866417,180,180.009,40000.0,-0.12484394506866417,-0.12484394506866417,0.24968789013732834,-0.12484394506866417,0.24968789013732834,-0.12484394506866417,COMPLETE,PULLBACK_V230,PULLBACK_SNAPSHOT_DIRECT,신규/ON,pullback_structure_snapshot_v1,,,PULLBACK_63,
2026-10-01 14:03:07.953,v2.3.3,20261001_003160_PULLBACK_SNAPSHOT_RECLAIM_2026-10-01:003160:6:210_140136813884,PULLBACK_SNAPSHOT_RECLAIM,003160,디아이,2026-10-01 14:01:04.816,40050.0,40050.0,MAIN,MAIN,2026-10-01 14:01:00.000,,,2026-10-01 14:01:00.000,40050.0,,,False,,2026-10-01 14:01:04.918,40050.0,4.918569,0.0,0.0,0.0,120,123.138,40000.0,-0.12484394506866417,-0.12484394506866417,0.24968789013732834,-0.12484394506866417,0.24968789013732834,-0.12484394506866417,COMPLETE,PULLBACK_V230,PULLBACK_SNAPSHOT_RECLAIM,신규/ON,pullback_structure_snapshot_v1,,,PULLBACK_63,
2026-10-01 14:04:05.417,v2.3.3,20261001_003160_PULLBACK_SNAPSHOT_RECLAIM_2026-10-01:003160:6:210_140136813884,PULLBACK_SNAPSHOT_RECLAIM,003160,디아이,2026-10-01 14:01:04.816,40050.0,40050.0,MAIN,MAIN,2026-10-01 14:01:00.000,,,2026-10-01 14:01:00.000,40050.0,,,False,,2026-10-01 14:01:04.918,40050.0,4.918569,0.0,0.0,0.0,180,180.601,40200.0,0.37453183520599254,0.37453183520599254,0.4993757802746567,-0.12484394506866417,0.4993757802746567,-0.12484394506866417,COMPLETE,PULLBACK_V230,PULLBACK_SNAPSHOT_RECLAIM,신규/ON,pullback_structure_snapshot_v1,,,PULLBACK_63,
2026-10-01 14:05:02.445,v2.3.3,20261001_003160_PULLBACK_SNAPSHOT_DIRECT_2026-10-01:003160:6:210_140016741251,PULLBACK_SNAPSHOT_DIRECT,003160,디아이,2026-10-01 14:00:01.619,40050.0,40050.0,MAIN,MAIN,2026-10-01 14:00:00.000,,,2026-10-01 14:00:00.000,40050.0,,,False,,2026-10-01 14:00:03.418,40100.0,3.418231,0.12484394506866417,0.12484394506866417,0.12484394506866417,300,300.825,40200.0,0.37453183520599254,0.37453183520599254,0.4993757802746567,-0.12484394506866417,0.4993757802746567,-0.12484394506866417,COMPLETE,PULLBACK_V230,PULLBACK_SNAPSHOT_DIRECT,신규/ON,pullback_structure_snapshot_v1,,,PULLBACK_63,
2026-10-01 14:06:05.022,v2.3.3,20261001_003160_PULLBACK_SNAPSHOT_RECLAIM_2026-10-01:003160:6:210_140136813884,PULLBACK_SNAPSHOT_RECLAIM,003160,디아이,2026-10-01 14:01:04.816,40050.0,40050.0,MAIN,MAIN,2026-10-01 14:01:00.000,,,2026-10-01 14:01:00.000,40050.0,,,False,,2026-10-01 14:01:04.918,40050.0,4.918569,0.0,0.0,0.0,300,300.206,40100.0,0.12484394506866417,0.12484394506866417,0.4993757802746567,-0.12484394506866417,0.4993757802746567,-0.12484394506866417,COMPLETE,PULLBACK_V230,PULLBACK_SNAPSHOT_RECLAIM,신규/ON,pullback_structure_snapshot_v1,,,PULLBACK_63,
2026-10-01 14:08:37.316,v2.3.3,20261001_067310_PULLBACK_SNAPSHOT_DIRECT_2026-10-01:067310:2:120_140820846708,PULLBACK_SNAPSHOT_DIRECT,067310,하나마이크론,2026-10-01 14:08:06.416,50200.0,50100.0,MAIN,MAIN,2026-10-01 14:08:00.000,,,2026-10-01 14:08:00.000,50200.0,,,False,,2026-10-01 14:08:08.018,50100.0,8.01817,-0.199203187250996,0.0,0.199203187250996,30,30.899,50100.0,-0.199203187250996,0.0,0.0,-0.398406374501992,0.19960079840319359,-0.19960079840319359,COMPLETE,PULLBACK_V230,PULLBACK_SNAPSHOT_DIRECT,신규/ON,pullback_structure_snapshot_v1,,,PULLBACK_63,
2026-10-01 14:09:06.605,v2.3.3,20261001_067310_PULLBACK_SNAPSHOT_DIRECT_2026-10-01:067310:2:120_140820846708,PULLBACK_SNAPSHOT_DIRECT,067310,하나마이크론,2026-10-01 14:08:06.416,50200.0,50100.0,MAIN,MAIN,2026-10-01 14:08:00.000,,,2026-10-01 14:08:00.000,50200.0,,,False,,2026-10-01 14:08:08.018,50100.0,8.01817,-0.199203187250996,0.0,0.199203187250996,60,60.189,50000.0,-0.398406374501992,-0.19960079840319359,0.0,-0.398406374501992,0.19960079840319359,-0.19960079840319359,COMPLETE,PULLBACK_V230,PULLBACK_SNAPSHOT_DIRECT,신규/ON,pullback_structure_snapshot_v1,,,PULLBACK_63,
2026-10-01 14:09:35.230,v2.3.3,20261001_067310_PULLBACK_SNAPSHOT_RECLAIM_2026-10-01:067310:2:120_140908635126,PULLBACK_SNAPSHOT_RECLAIM,067310,하나마이크론,2026-10-01 14:09:01.518,50000.0,50100.0,MAIN,MAIN,2026-10-01 14:09:00.000,,,2026-10-01 14:09:00.000,50000.0,,,False,,2026-10-01 14:09:05.024,50100.0,5.024302,0.2,0.0,0.2,30,33.712,50100.0,0.2,0.0,0.4,0.0,0.19960079840319359,-0.19960079840319359,COMPLETE,PULLBACK_V230,PULLBACK_SNAPSHOT_RECLAIM,신규/ON,pullback_structure_snapshot_v1,,,PULLBACK_63,
2026-10-01 14:10:01.815,v2.3.3,20261001_067310_PULLBACK_SNAPSHOT_RECLAIM_2026-10-01:067310:2:120_140908635126,PULLBACK_SNAPSHOT_RECLAIM,067310,하나마이크론,2026-10-01 14:09:01.518,50000.0,50100.0,MAIN,MAIN,2026-10-01 14:09:00.000,,,2026-10-01 14:09:00.000,50000.0,,,False,,2026-10-01 14:09:05.024,50100.0,5.024302,0.2,0.0,0.2,60,60.297,50200.0,0.4,0.19960079840319359,0.4,0.0,0.19960079840319359,-0.19960079840319359,COMPLETE,PULLBACK_V230,PULLBACK_SNAPSHOT_RECLAIM,신규/ON,pullback_structure_snapshot_v1,,,PULLBACK_63,
2026-10-01 14:10:09.223,v2.3.3,20261001_067310_PULLBACK_SNAPSHOT_DIRECT_2026-10-01:067310:2:120_140820846708,PULLBACK_SNAPSHOT_DIRECT,067310,하나마이크론,2026-10-01 14:08:06.416,50200.0,50100.0,MAIN,MAIN,2026-10-01 14:08:00.000,,,2026-10-01 14:08:00.000,50200.0,,,False,,2026-10-01 14:08:08.018,50100.0,8.01817,-0.199203187250996,0.0,0.199203187250996,120,122.807,50200.0,0.0,0.19960079840319359,0.0,-0.398406374501992,0.19960079840319359,-0.19960079840319359,COMPLETE,PULLBACK_V230,PULLBACK_SNAPSHOT_DIRECT,신규/ON,pullback_structure_snapshot_v1,,,PULLBACK_63,
2026-10-01 14:11:01.631,v2.3.3,20261001_067310_PULLBACK_SNAPSHOT_RECLAIM_2026-10-01:067310:2:120_140908635126,PULLBACK_SNAPSHOT_RECLAIM,067310,하나마이크론,2026-10-01 14:09:01.518,50000.0,50100.0,MAIN,MAIN,2026-10-01 14:09:00.000,,,2026-10-01 14:09:00.000,50000.0,,,False,,2026-10-01 14:09:05.024,50100.0,5.024302,0.2,0.0,0.2,120,120.113,50000.0,0.0,-0.19960079840319359,0.4,0.0,0.19960079840319359,-0.19960079840319359,COMPLETE,PULLBACK_V230,PULLBACK_SNAPSHOT_RECLAIM,신규/ON,pullback_structure_snapshot_v1,,,PULLBACK_63,
2026-10-01 14:11:06.832,v2.3.3,20261001_067310_PULLBACK_SNAPSHOT_DIRECT_2026-10-01:067310:2:120_140820846708,PULLBACK_SNAPSHOT_DIRECT,067310,하나마이크론,2026-10-01 14:08:06.416,50200.0,50100.0,MAIN,MAIN,2026-10-01 14:08:00.000,,,2026-10-01 14:08:00.000,50200.0,,,False,,2026-10-01 14:08:08.018,50100.0,8.01817,-0.199203187250996,0.0,0.199203187250996,180,180.416,50100.0,-0.199203187250996,0.0,0.0,-0.398406374501992,0.19960079840319359,-0.19960079840319359,COMPLETE,PULLBACK_V230,PULLBACK_SNAPSHOT_DIRECT,신규/ON,pullback_structure_snapshot_v1,,,PULLBACK_63,
2026-10-01 14:12:02.015,v2.3.3,20261001_067310_PULLBACK_SNAPSHOT_RECLAIM_2026-10-01:067310:2:120_140908635126,PULLBACK_SNAPSHOT_RECLAIM,067310,하나마이크론,2026-10-01 14:09:01.518,50000.0,50100.0,MAIN,MAIN,2026-10-01 14:09:00.000,,,2026-10-01 14:09:00.000,50000.0,,,False,,2026-10-01 14:09:05.024,50100.0,5.024302,0.2,0.0,0.2,180,180.497,50100.0,0.2,0.0,0.4,0.0,0.19960079840319359,-0.19960079840319359,COMPLETE,PULLBACK_V230,PULLBACK_SNAPSHOT_RECLAIM,신규/ON,pullback_structure_snapshot_v1,,,PULLBACK_63,
2026-10-01 14:13:09.925,v2.3.3,20261001_067310_PULLBACK_SNAPSHOT_DIRECT_2026-10-01:067310:2:120_140820846708,PULLBACK_SNAPSHOT_DIRECT,067310,하나마이크론,2026-10-01 14:08:06.416,50200.0,50100.0,MAIN,MAIN,2026-10-01 14:08:00.000,,,2026-10-01 14:08:00.000,50200.0,,,False,,2026-10-01 14:08:08.018,50100.0,8.01817,-0.199203187250996,0.0,0.199203187250996,300,303.508,50200.0,0.0,0.19960079840319359,0.0,-0.398406374501992,0.19960079840319359,-0.19960079840319359,COMPLETE,PULLBACK_V230,PULLBACK_SNAPSHOT_DIRECT,신규/ON,pullback_structure_snapshot_v1,,,PULLBACK_63,
2026-10-01 14:13:30.414,v2.3.3,20261001_396300_PULLBACK_SNAPSHOT_DIRECT_2026-10-01:396300:8:30_141305830157,PULLBACK_SNAPSHOT_DIRECT,396300,HT로보틱스,2026-10-01 14:13:00.113,6230.0,6230.0,MAIN,MAIN,2026-10-01 14:13:00.000,,,2026-10-01 14:13:00.000,6230.0,,,False,,2026-10-01 14:13:00.212,6240.0,0.212583,0.16051364365971107,0.16051364365971107,0.16051364365971107,30,30.301,6250.0,0.32102728731942215,0.32102728731942215,0.4815409309791332,-0.16051364365971107,0.4815409309791332,-0.16051364365971107,COMPLETE,PULLBACK_V230,PULLBACK_SNAPSHOT_DIRECT,신규/ON,pullback_structure_snapshot_v1,,,PULLBACK_63,
2026-10-01 14:14:00.221,v2.3.3,20261001_396300_PULLBACK_SNAPSHOT_DIRECT_2026-10-01:396300:8:30_141305830157,PULLBACK_SNAPSHOT_DIRECT,396300,HT로보틱스,2026-10-01 14:13:00.113,6230.0,6230.0,MAIN,MAIN,2026-10-01 14:13:00.000,,,2026-10-01 14:13:00.000,6230.0,,,False,,2026-10-01 14:13:00.212,6240.0,0.212583,0.16051364365971107,0.16051364365971107,0.16051364365971107,60,60.107,6210.0,-0.32102728731942215,-0.32102728731942215,0.4815409309791332,-0.9630818619582664,0.4815409309791332,-0.9630818619582664,COMPLETE,PULLBACK_V230,PULLBACK_SNAPSHOT_DIRECT,신규/ON,pullback_structure_snapshot_v1,,,PULLBACK_63,
2026-10-01 14:14:01.618,v2.3.3,20261001_067310_PULLBACK_SNAPSHOT_RECLAIM_2026-10-01:067310:2:120_140908635126,PULLBACK_SNAPSHOT_RECLAIM,067310,하나마이크론,2026-10-01 14:09:01.518,50000.0,50100.0,MAIN,MAIN,2026-10-01 14:09:00.000,,,2026-10-01 14:09:00.000,50000.0,,,False,,2026-10-01 14:09:05.024,50100.0,5.024302,0.2,0.0,0.2,300,300.1,50200.0,0.4,0.19960079840319359,0.4,0.0,0.19960079840319359,-0.19960079840319359,COMPLETE,PULLBACK_V230,PULLBACK_SNAPSHOT_RECLAIM,신규/ON,pullback_structure_snapshot_v1,,,PULLBACK_63,
2026-10-01 14:14:30.223,v2.3.3,20261001_396300_PULLBACK_SNAPSHOT_RECLAIM_2026-10-01:396300:8:30_141413079448,PULLBACK_SNAPSHOT_RECLAIM,396300,HT로보틱스,2026-10-01 14:14:00.112,6210.0,6210.0,MAIN,MAIN,2026-10-01 14:14:00.000,,,2026-10-01 14:14:00.000,6210.0,,,False,,2026-10-01 14:14:00.221,6210.0,0.221154,0.0,0.0,0.0,30,30.111,6240.0,0.4830917874396135,0.4830917874396135,0.4830917874396135,-0.1610305958132045,0.4830917874396135,-0.1610305958132045,COMPLETE,PULLBACK_V230,PULLBACK_SNAPSHOT_RECLAIM,신규/ON,pullback_structure_snapshot_v1,,,PULLBACK_63,
2026-10-01 14:15:00.139,v2.3.3,20261001_396300_PULLBACK_SNAPSHOT_RECLAIM_2026-10-01:396300:8:30_141413079448,PULLBACK_SNAPSHOT_RECLAIM,396300,HT로보틱스,2026-10-01 14:14:00.112,6210.0,6210.0,MAIN,MAIN,2026-10-01 14:14:00.000,,,2026-10-01 14:14:00.000,6210.0,,,False,,2026-10-01 14:14:00.221,6210.0,0.221154,0.0,0.0,0.0,60,60.027,6240.0,0.4830917874396135,0.4830917874396135,0.8051529790660225,-0.1610305958132045,0.8051529790660225,-0.1610305958132045,COMPLETE,PULLBACK_V230,PULLBACK_SNAPSHOT_RECLAIM,신규/ON,pullback_structure_snapshot_v1,,,PULLBACK_63,
2026-10-01 14:15:00.139,v2.3.3,20261001_396300_PULLBACK_SNAPSHOT_DIRECT_2026-10-01:396300:8:30_141305830157,PULLBACK_SNAPSHOT_DIRECT,396300,HT로보틱스,2026-10-01 14:13:00.113,6230.0,6230.0,MAIN,MAIN,2026-10-01 14:13:00.000,,,2026-10-01 14:13:00.000,6230.0,,,False,,2026-10-01 14:13:00.212,6240.0,0.212583,0.16051364365971107,0.16051364365971107,0.16051364365971107,120,120.026,6240.0,0.16051364365971107,0.16051364365971107,0.4815409309791332,-0.9630818619582664,0.4815409309791332,-0.9630818619582664,COMPLETE,PULLBACK_V230,PULLBACK_SNAPSHOT_DIRECT,신규/ON,pullback_structure_snapshot_v1,,,PULLBACK_63,
2026-10-01 14:15:31.332,v2.3.3,20261001_043260_PULLBACK_SNAPSHOT_DIRECT_2026-10-01:043260:2:150_141508340119,PULLBACK_SNAPSHOT_DIRECT,043260,성호전자,2026-10-01 14:15:01.312,28200.0,28200.0,MAIN,MAIN,2026-10-01 14:15:00.000,,,2026-10-01 14:15:00.000,28200.0,,,False,,2026-10-01 14:15:01.622,28200.0,1.622107,0.0,0.0,0.0,30,30.02,28250.0,0.1773049645390071,0.1773049645390071,0.3546099290780142,-0.1773049645390071,0.3546099290780142,-0.1773049645390071,COMPLETE,PULLBACK_V230,PULLBACK_SNAPSHOT_DIRECT,신규/ON,pullback_structure_snapshot_v1,,,PULLBACK_63,
2026-10-01 14:16:00.137,v2.3.3,20261001_396300_PULLBACK_SNAPSHOT_RECLAIM_2026-10-01:396300:8:30_141413079448,PULLBACK_SNAPSHOT_RECLAIM,396300,HT로보틱스,2026-10-01 14:14:00.112,6210.0,6210.0,MAIN,MAIN,2026-10-01 14:14:00.000,,,2026-10-01 14:14:00.000,6210.0,,,False,,2026-10-01 14:14:00.221,6210.0,0.221154,0.0,0.0,0.0,120,120.025,6210.0,0.0,0.0,0.966183574879227,-0.1610305958132045,0.966183574879227,-0.1610305958132045,COMPLETE,PULLBACK_V230,PULLBACK_SNAPSHOT_RECLAIM,신규/ON,pullback_structure_snapshot_v1,,,PULLBACK_63,
2026-10-01 14:16:00.137,v2.3.3,20261001_396300_PULLBACK_SNAPSHOT_DIRECT_2026-10-01:396300:8:30_141305830157,PULLBACK_SNAPSHOT_DIRECT,396300,HT로보틱스,2026-10-01 14:13:00.113,6230.0,6230.0,MAIN,MAIN,2026-10-01 14:13:00.000,,,2026-10-01 14:13:00.000,6230.0,,,False,,2026-10-01 14:13:00.212,6240.0,0.212583,0.16051364365971107,0.16051364365971107,0.16051364365971107,180,180.024,6210.0,-0.32102728731942215,-0.32102728731942215,0.6420545746388443,-0.9630818619582664,0.6420545746388443,-0.9630818619582664,COMPLETE,PULLBACK_V230,PULLBACK_SNAPSHOT_DIRECT,신규/ON,pullback_structure_snapshot_v1,,,PULLBACK_63,
2026-10-01 14:16:02.638,v2.3.3,20261001_043260_PULLBACK_SNAPSHOT_DIRECT_2026-10-01:043260:2:150_141508340119,PULLBACK_SNAPSHOT_DIRECT,043260,성호전자,2026-10-01 14:15:01.312,28200.0,28200.0,MAIN,MAIN,2026-10-01 14:15:00.000,,,2026-10-01 14:15:00.000,28200.0,,,False,,2026-10-01 14:15:01.622,28200.0,1.622107,0.0,0.0,0.0,60,61.325,28300.0,0.3546099290780142,0.3546099290780142,0.3546099290780142,-0.1773049645390071,0.3546099290780142,-0.1773049645390071,COMPLETE,PULLBACK_V230,PULLBACK_SNAPSHOT_DIRECT,신규/ON,pullback_structure_snapshot_v1,,,PULLBACK_63,
2026-10-01 14:16:32.912,v2.3.3,20261001_043260_PULLBACK_SNAPSHOT_RECLAIM_2026-10-01:043260:2:150_141622919278,PULLBACK_SNAPSHOT_RECLAIM,043260,성호전자,2026-10-01 14:16:02.638,28300.0,28300.0,MAIN,MAIN,2026-10-01 14:16:00.000,,,2026-10-01 14:16:00.000,28300.0,,,False,,2026-10-01 14:16:02.913,28250.0,2.913962,-0.17667844522968199,-0.17667844522968199,0.17667844522968199,30,30.274,28250.0,-0.17667844522968199,-0.17667844522968199,0.0,-0.17667844522968199,0.0,-0.17667844522968199,COMPLETE,PULLBACK_V230,PULLBACK_SNAPSHOT_RECLAIM,신규/ON,pullback_structure_snapshot_v1,,,PULLBACK_63,
2026-10-01 14:17:00.217,v2.3.3,20261001_396300_PULLBACK_SNAPSHOT_RECLAIM_2026-10-01:396300:8:30_141413079448,PULLBACK_SNAPSHOT_RECLAIM,396300,HT로보틱스,2026-10-01 14:14:00.112,6210.0,6210.0,MAIN,MAIN,2026-10-01 14:14:00.000,,,2026-10-01 14:14:00.000,6210.0,,,False,,2026-10-01 14:14:00.221,6210.0,0.221154,0.0,0.0,0.0,180,180.105,6250.0,0.644122383252818,0.644122383252818,1.1272141706924315,-0.1610305958132045,1.1272141706924315,-0.1610305958132045,COMPLETE,PULLBACK_V230,PULLBACK_SNAPSHOT_RECLAIM,신규/ON,pullback_structure_snapshot_v1,,,PULLBACK_63,
2026-10-01 14:17:02.192,v2.3.3,20261001_043260_PULLBACK_SNAPSHOT_DIRECT_2026-10-01:043260:2:150_141508340119,PULLBACK_SNAPSHOT_DIRECT,043260,성호전자,2026-10-01 14:15:01.312,28200.0,28200.0,MAIN,MAIN,2026-10-01 14:15:00.000,,,2026-10-01 14:15:00.000,28200.0,,,False,,2026-10-01 14:15:01.622,28200.0,1.622107,0.0,0.0,0.0,120,120.88,28300.0,0.3546099290780142,0.3546099290780142,0.3546099290780142,-0.1773049645390071,0.3546099290780142,-0.1773049645390071,COMPLETE,PULLBACK_V230,PULLBACK_SNAPSHOT_DIRECT,신규/ON,pullback_structure_snapshot_v1,,,PULLBACK_63,
2026-10-01 14:17:03.057,v2.3.3,20261001_043260_PULLBACK_SNAPSHOT_RECLAIM_2026-10-01:043260:2:150_141622919278,PULLBACK_SNAPSHOT_RECLAIM,043260,성호전자,2026-10-01 14:16:02.638,28300.0,28300.0,MAIN,MAIN,2026-10-01 14:16:00.000,,,2026-10-01 14:16:00.000,28300.0,,,False,,2026-10-01 14:16:02.913,28250.0,2.913962,-0.17667844522968199,-0.17667844522968199,0.17667844522968199,60,60.419,28300.0,0.0,0.0,0.0,-0.17667844522968199,0.0,-0.17667844522968199,COMPLETE,PULLBACK_V230,PULLBACK_SNAPSHOT_RECLAIM,신규/ON,pullback_structure_snapshot_v1,,,PULLBACK_63,
2026-10-01 14:18:00.311,v2.3.3,20261001_396300_PULLBACK_SNAPSHOT_DIRECT_2026-10-01:396300:8:30_141305830157,PULLBACK_SNAPSHOT_DIRECT,396300,HT로보틱스,2026-10-01 14:13:00.113,6230.0,6230.0,MAIN,MAIN,2026-10-01 14:13:00.000,,,2026-10-01 14:13:00.000,6230.0,,,False,,2026-10-01 14:13:00.212,6240.0,0.212583,0.16051364365971107,0.16051364365971107,0.16051364365971107,300,300.198,6180.0,-0.8025682182985553,-0.8025682182985553,0.8025682182985553,-1.1235955056179776,0.8025682182985553,-1.1235955056179776,COMPLETE,PULLBACK_V230,PULLBACK_SNAPSHOT_DIRECT,신규/ON,pullback_structure_snapshot_v1,,,PULLBACK_63,
2026-10-01 14:18:01.416,v2.3.3,20261001_043260_PULLBACK_SNAPSHOT_DIRECT_2026-10-01:043260:2:150_141508340119,PULLBACK_SNAPSHOT_DIRECT,043260,성호전자,2026-10-01 14:15:01.312,28200.0,28200.0,MAIN,MAIN,2026-10-01 14:15:00.000,,,2026-10-01 14:15:00.000,28200.0,,,False,,2026-10-01 14:15:01.622,28200.0,1.622107,0.0,0.0,0.0,180,180.104,28350.0,0.5319148936170213,0.5319148936170213,0.7092198581560284,-0.1773049645390071,0.7092198581560284,-0.1773049645390071,COMPLETE,PULLBACK_V230,PULLBACK_SNAPSHOT_DIRECT,신규/ON,pullback_structure_snapshot_v1,,,PULLBACK_63,
2026-10-01 14:18:03.011,v2.3.3,20261001_043260_PULLBACK_SNAPSHOT_RECLAIM_2026-10-01:043260:2:150_141622919278,PULLBACK_SNAPSHOT_RECLAIM,043260,성호전자,2026-10-01 14:16:02.638,28300.0,28300.0,MAIN,MAIN,2026-10-01 14:16:00.000,,,2026-10-01 14:16:00.000,28300.0,,,False,,2026-10-01 14:16:02.913,28250.0,2.913962,-0.17667844522968199,-0.17667844522968199,0.17667844522968199,120,120.374,28400.0,0.35335689045936397,0.35335689045936397,0.35335689045936397,-0.17667844522968199,0.35335689045936397,-0.17667844522968199,COMPLETE,PULLBACK_V230,PULLBACK_SNAPSHOT_RECLAIM,신규/ON,pullback_structure_snapshot_v1,,,PULLBACK_63,
2026-10-01 14:19:00.113,v2.3.3,20261001_396300_PULLBACK_SNAPSHOT_RECLAIM_2026-10-01:396300:8:30_141413079448,PULLBACK_SNAPSHOT_RECLAIM,396300,HT로보틱스,2026-10-01 14:14:00.112,6210.0,6210.0,MAIN,MAIN,2026-10-01 14:14:00.000,,,2026-10-01 14:14:00.000,6210.0,,,False,,2026-10-01 14:14:00.221,6210.0,0.221154,0.0,0.0,0.0,300,300.001,6160.0,-0.8051529790660225,-0.8051529790660225,1.1272141706924315,-0.966183574879227,1.1272141706924315,-0.966183574879227,COMPLETE,PULLBACK_V230,PULLBACK_SNAPSHOT_RECLAIM,신규/ON,pullback_structure_snapshot_v1,,,PULLBACK_63,
2026-10-01 14:19:02.712,v2.3.3,20261001_043260_PULLBACK_SNAPSHOT_RECLAIM_2026-10-01:043260:2:150_141622919278,PULLBACK_SNAPSHOT_RECLAIM,043260,성호전자,2026-10-01 14:16:02.638,28300.0,28300.0,MAIN,MAIN,2026-10-01 14:16:00.000,,,2026-10-01 14:16:00.000,28300.0,,,False,,2026-10-01 14:16:02.913,28250.0,2.913962,-0.17667844522968199,-0.17667844522968199,0.17667844522968199,180,180.075,28400.0,0.35335689045936397,0.35335689045936397,0.35335689045936397,-0.17667844522968199,0.35335689045936397,-0.17667844522968199,COMPLETE,PULLBACK_V230,PULLBACK_SNAPSHOT_RECLAIM,신규/ON,pullback_structure_snapshot_v1,,,PULLBACK_63,
2026-10-01 14:20:01.611,v2.3.3,20261001_043260_PULLBACK_SNAPSHOT_DIRECT_2026-10-01:043260:2:150_141508340119,PULLBACK_SNAPSHOT_DIRECT,043260,성호전자,2026-10-01 14:15:01.312,28200.0,28200.0,MAIN,MAIN,2026-10-01 14:15:00.000,,,2026-10-01 14:15:00.000,28200.0,,,False,,2026-10-01 14:15:01.622,28200.0,1.622107,0.0,0.0,0.0,300,300.299,28400.0,0.7092198581560284,0.7092198581560284,0.7092198581560284,-0.1773049645390071,0.7092198581560284,-0.1773049645390071,COMPLETE,PULLBACK_V230,PULLBACK_SNAPSHOT_DIRECT,신규/ON,pullback_structure_snapshot_v1,,,PULLBACK_63,
2026-10-01 14:21:03.112,v2.3.3,20261001_043260_PULLBACK_SNAPSHOT_RECLAIM_2026-10-01:043260:2:150_141622919278,PULLBACK_SNAPSHOT_RECLAIM,043260,성호전자,2026-10-01 14:16:02.638,28300.0,28300.0,MAIN,MAIN,2026-10-01 14:16:00.000,,,2026-10-01 14:16:00.000,28300.0,,,False,,2026-10-01 14:16:02.913,28250.0,2.913962,-0.17667844522968199,-0.17667844522968199,0.17667844522968199,300,300.474,28400.0,0.35335689045936397,0.35335689045936397,0.441696113074205,-0.17667844522968199,0.441696113074205,-0.17667844522968199,COMPLETE,PULLBACK_V230,PULLBACK_SNAPSHOT_RECLAIM,신규/ON,pullback_structure_snapshot_v1,,,PULLBACK_63,
2026-10-01 14:27:15.108,v2.3.3,20261001_093370_BASE_E018_142645036844,BASE,093370,후성,2026-10-01 14:26:45.036,15780.0,15795.779999999999,MAIN,MAIN,2026-10-01 14:26:44.933,2026-10-01 14:26:44.933,15780.0,2026-10-01 14:26:44.933,15780.0,0.0,0.0,False,,2026-10-01 14:26:39.217,15770.0,0.0,-0.06337135614702154,-0.16320814799901517,0.06337135614702154,30,30.072,15790.0,0.06337135614702154,-0.03659205180116991,0.06337135614702154,-0.06337135614702154,-0.03659205180116991,-0.16320814799901517,COMPLETE,,BASE,,,,,,
2026-10-01 14:27:45.620,v2.3.3,20261001_093370_BASE_E018_142645036844,BASE,093370,후성,2026-10-01 14:26:45.036,15780.0,15795.779999999999,MAIN,MAIN,2026-10-01 14:26:44.933,2026-10-01 14:26:44.933,15780.0,2026-10-01 14:26:44.933,15780.0,0.0,0.0,False,,2026-10-01 14:26:39.217,15770.0,0.0,-0.06337135614702154,-0.16320814799901517,0.06337135614702154,60,60.584,15770.0,-0.06337135614702154,-0.16320814799901517,0.06337135614702154,-0.06337135614702154,-0.03659205180116991,-0.16320814799901517,COMPLETE,,BASE,,,,,,
2026-10-01 14:28:45.511,v2.3.3,20261001_093370_BASE_E018_142645036844,BASE,093370,후성,2026-10-01 14:26:45.036,15780.0,15795.779999999999,MAIN,MAIN,2026-10-01 14:26:44.933,2026-10-01 14:26:44.933,15780.0,2026-10-01 14:26:44.933,15780.0,0.0,0.0,False,,2026-10-01 14:26:39.217,15770.0,0.0,-0.06337135614702154,-0.16320814799901517,0.06337135614702154,120,120.475,15790.0,0.06337135614702154,-0.03659205180116991,0.06337135614702154,-0.06337135614702154,-0.03659205180116991,-0.16320814799901517,COMPLETE,,BASE,,,,,,
2026-10-01 14:29:46.007,v2.3.3,20261001_093370_BASE_E018_142645036844,BASE,093370,후성,2026-10-01 14:26:45.036,15780.0,15795.779999999999,MAIN,MAIN,2026-10-01 14:26:44.933,2026-10-01 14:26:44.933,15780.0,2026-10-01 14:26:44.933,15780.0,0.0,0.0,False,,2026-10-01 14:26:39.217,15770.0,0.0,-0.06337135614702154,-0.16320814799901517,0.06337135614702154,180,180.971,15820.0,0.25348542458808615,0.15333209249559798,0.25348542458808615,-0.06337135614702154,0.15333209249559798,-0.16320814799901517,COMPLETE,,BASE,,,,,,
2026-10-01 14:30:31.371,v2.3.3,20261001_003160_PULLBACK_SNAPSHOT_DIRECT_2026-10-01:003160:6:240_143016517884,PULLBACK_SNAPSHOT_DIRECT,003160,디아이,2026-10-01 14:30:00.715,40250.0,40200.0,MAIN,MAIN,2026-10-01 14:30:00.000,,,2026-10-01 14:30:00.000,40250.0,,,False,,2026-10-01 14:30:00.913,40250.0,0.913548,0.0,0.12437810945273632,0.0,30,30.656,40250.0,0.0,0.12437810945273632,0.0,-0.12422360248447205,0.12437810945273632,0.0,COMPLETE,PULLBACK_V230,PULLBACK_SNAPSHOT_DIRECT,신규/ON,pullback_structure_snapshot_v1,,,PULLBACK_63,
2026-10-01 14:31:01.020,v2.3.3,20261001_003160_PULLBACK_SNAPSHOT_DIRECT_2026-10-01:003160:6:240_143016517884,PULLBACK_SNAPSHOT_DIRECT,003160,디아이,2026-10-01 14:30:00.715,40250.0,40200.0,MAIN,MAIN,2026-10-01 14:30:00.000,,,2026-10-01 14:30:00.000,40250.0,,,False,,2026-10-01 14:30:00.913,40250.0,0.913548,0.0,0.12437810945273632,0.0,60,60.305,40250.0,0.0,0.12437810945273632,0.12422360248447205,-0.12422360248447205,0.24875621890547264,0.0,COMPLETE,PULLBACK_V230,PULLBACK_SNAPSHOT_DIRECT,신규/ON,pullback_structure_snapshot_v1,,,PULLBACK_63,
2026-10-01 14:31:31.913,v2.3.3,20261001_003160_PULLBACK_SNAPSHOT_RECLAIM_2026-10-01:003160:6:240_143128252558,PULLBACK_SNAPSHOT_RECLAIM,003160,디아이,2026-10-01 14:31:01.115,40300.0,40300.0,MAIN,MAIN,2026-10-01 14:31:00.000,,,2026-10-01 14:31:00.000,40300.0,,,False,,2026-10-01 14:31:02.819,40300.0,2.819427,0.0,0.0,0.0,30,30.798,40300.0,0.0,0.0,0.0,-0.12406947890818859,0.0,-0.12406947890818859,COMPLETE,PULLBACK_V230,PULLBACK_SNAPSHOT_RECLAIM,신규/ON,pullback_structure_snapshot_v1,,,PULLBACK_63,
2026-10-01 14:31:46.306,v2.3.3,20261001_093370_BASE_E018_142645036844,BASE,093370,후성,2026-10-01 14:26:45.036,15780.0,15795.779999999999,MAIN,MAIN,2026-10-01 14:26:44.933,2026-10-01 14:26:44.933,15780.0,2026-10-01 14:26:44.933,15780.0,0.0,0.0,False,,2026-10-01 14:26:39.217,15770.0,0.0,-0.06337135614702154,-0.16320814799901517,0.06337135614702154,300,301.269,15780.0,0.0,-0.09990009990009252,0.25348542458808615,-0.12674271229404308,0.15333209249559798,-0.2265161960979378,COMPLETE,,BASE,,,,,,
2026-10-01 14:32:01.508,v2.3.3,20261001_003160_PULLBACK_SNAPSHOT_RECLAIM_2026-10-01:003160:6:240_143128252558,PULLBACK_SNAPSHOT_RECLAIM,003160,디아이,2026-10-01 14:31:01.115,40300.0,40300.0,MAIN,MAIN,2026-10-01 14:31:00.000,,,2026-10-01 14:31:00.000,40300.0,,,False,,2026-10-01 14:31:02.819,40300.0,2.819427,0.0,0.0,0.0,60,60.392,40350.0,0.12406947890818859,0.12406947890818859,0.12406947890818859,-0.12406947890818859,0.12406947890818859,-0.12406947890818859,COMPLETE,PULLBACK_V230,PULLBACK_SNAPSHOT_RECLAIM,신규/ON,pullback_structure_snapshot_v1,,,PULLBACK_63,
2026-10-01 14:32:01.508,v2.3.3,20261001_003160_PULLBACK_SNAPSHOT_DIRECT_2026-10-01:003160:6:240_143016517884,PULLBACK_SNAPSHOT_DIRECT,003160,디아이,2026-10-01 14:30:00.715,40250.0,40200.0,MAIN,MAIN,2026-10-01 14:30:00.000,,,2026-10-01 14:30:00.000,40250.0,,,False,,2026-10-01 14:30:00.913,40250.0,0.913548,0.0,0.12437810945273632,0.0,120,120.793,40350.0,0.2484472049689441,0.3731343283582089,0.2484472049689441,-0.12422360248447205,0.3731343283582089,0.0,COMPLETE,PULLBACK_V230,PULLBACK_SNAPSHOT_DIRECT,신규/ON,pullback_structure_snapshot_v1,,,PULLBACK_63,
2026-10-01 14:33:00.715,v2.3.3,20261001_003160_PULLBACK_SNAPSHOT_DIRECT_2026-10-01:003160:6:240_143016517884,PULLBACK_SNAPSHOT_DIRECT,003160,디아이,2026-10-01 14:30:00.715,40250.0,40200.0,MAIN,MAIN,2026-10-01 14:30:00.000,,,2026-10-01 14:30:00.000,40250.0,,,False,,2026-10-01 14:30:00.913,40250.0,0.913548,0.0,0.12437810945273632,0.0,180,180.0,40275.0,0.062111801242236024,0.18656716417910446,0.2484472049689441,-0.37267080745341613,0.3731343283582089,-0.24875621890547264,COMPLETE,PULLBACK_V230,PULLBACK_SNAPSHOT_DIRECT,신규/ON,pullback_structure_snapshot_v1,,,PULLBACK_63,
2026-10-01 14:33:02.039,v2.3.3,20261001_003160_PULLBACK_SNAPSHOT_RECLAIM_2026-10-01:003160:6:240_143128252558,PULLBACK_SNAPSHOT_RECLAIM,003160,디아이,2026-10-01 14:31:01.115,40300.0,40300.0,MAIN,MAIN,2026-10-01 14:31:00.000,,,2026-10-01 14:31:00.000,40300.0,,,False,,2026-10-01 14:31:02.819,40300.0,2.819427,0.0,0.0,0.0,120,120.924,40275.0,-0.062034739454094295,-0.062034739454094295,0.12406947890818859,-0.49627791563275436,0.12406947890818859,-0.49627791563275436,COMPLETE,PULLBACK_V230,PULLBACK_SNAPSHOT_RECLAIM,신규/ON,pullback_structure_snapshot_v1,,,PULLBACK_63,
2026-10-01 14:34:05.309,v2.3.3,20261001_003160_PULLBACK_SNAPSHOT_RECLAIM_2026-10-01:003160:6:240_143128252558,PULLBACK_SNAPSHOT_RECLAIM,003160,디아이,2026-10-01 14:31:01.115,40300.0,40300.0,MAIN,MAIN,2026-10-01 14:31:00.000,,,2026-10-01 14:31:00.000,40300.0,,,False,,2026-10-01 14:31:02.819,40300.0,2.819427,0.0,0.0,0.0,180,184.194,40250.0,-0.12406947890818859,-0.12406947890818859,0.12406947890818859,-0.49627791563275436,0.12406947890818859,-0.49627791563275436,COMPLETE,PULLBACK_V230,PULLBACK_SNAPSHOT_RECLAIM,신규/ON,pullback_structure_snapshot_v1,,,PULLBACK_63,
2026-10-01 14:35:15.105,v2.3.3,20261001_003160_PULLBACK_SNAPSHOT_DIRECT_2026-10-01:003160:6:240_143016517884,PULLBACK_SNAPSHOT_DIRECT,003160,디아이,2026-10-01 14:30:00.715,40250.0,40200.0,MAIN,MAIN,2026-10-01 14:30:00.000,,,2026-10-01 14:30:00.000,40250.0,,,False,,2026-10-01 14:30:00.913,40250.0,0.913548,0.0,0.12437810945273632,0.0,300,314.391,40350.0,0.2484472049689441,0.3731343283582089,0.2484472049689441,-0.37267080745341613,0.3731343283582089,-0.24875621890547264,COMPLETE,PULLBACK_V230,PULLBACK_SNAPSHOT_DIRECT,신규/ON,pullback_structure_snapshot_v1,,,PULLBACK_63,
2026-10-01 14:36:01.408,v2.3.3,20261001_003160_PULLBACK_SNAPSHOT_RECLAIM_2026-10-01:003160:6:240_143128252558,PULLBACK_SNAPSHOT_RECLAIM,003160,디아이,2026-10-01 14:31:01.115,40300.0,40300.0,MAIN,MAIN,2026-10-01 14:31:00.000,,,2026-10-01 14:31:00.000,40300.0,,,False,,2026-10-01 14:31:02.819,40300.0,2.819427,0.0,0.0,0.0,300,300.293,40350.0,0.12406947890818859,0.12406947890818859,0.12406947890818859,-0.49627791563275436,0.12406947890818859,-0.49627791563275436,COMPLETE,PULLBACK_V230,PULLBACK_SNAPSHOT_RECLAIM,신규/ON,pullback_structure_snapshot_v1,,,PULLBACK_63,
2026-10-01 14:54:30.705,v2.3.3,20261001_403870_PULLBACK_SNAPSHOT_DIRECT_2026-10-01:403870:3:120_145618328294,PULLBACK_SNAPSHOT_DIRECT,403870,HPSP,2026-10-01 14:54:00.206,68900.0,68900.0,MAIN,MAIN,2026-10-01 14:54:00.000,,,2026-10-01 14:54:00.000,68900.0,,,False,,2026-10-01 14:54:00.438,68900.0,0.43857,0.0,0.0,0.0,30,30.499,68900.0,0.0,0.0,0.0,-0.07256894049346879,0.0,-0.07256894049346879,COMPLETE,PULLBACK_V230,PULLBACK_SNAPSHOT_DIRECT,신규/ON,pullback_structure_snapshot_v1,,,PULLBACK_63,
2026-10-01 14:54:30.501,v2.3.3,20261001_396300_PULLBACK_SNAPSHOT_DIRECT_2026-10-01:396300:8:60_145621138311,PULLBACK_SNAPSHOT_DIRECT,396300,HT로보틱스,2026-10-01 14:54:00.438,6130.0,6120.0,MAIN,MAIN,2026-10-01 14:54:00.000,,,2026-10-01 14:54:00.000,6130.0,,,False,,2026-10-01 14:54:00.607,6120.0,0.607905,-0.1631321370309951,0.0,0.1631321370309951,30,30.063,6120.0,-0.1631321370309951,0.0,0.0,-0.1631321370309951,0.16339869281045752,0.0,COMPLETE,PULLBACK_V230,PULLBACK_SNAPSHOT_DIRECT,신규/ON,pullback_structure_snapshot_v1,,,PULLBACK_63,
2026-10-01 14:54:33.032,v2.3.3,20261001_043260_PULLBACK_SNAPSHOT_DIRECT_2026-10-01:043260:2:180_145659257846,PULLBACK_SNAPSHOT_DIRECT,043260,성호전자,2026-10-01 14:54:03.022,28400.0,28350.0,MAIN,MAIN,2026-10-01 14:54:00.000,,,2026-10-01 14:54:00.000,28400.0,,,False,,2026-10-01 14:54:03.902,28350.0,3.90295,-0.17605633802816903,0.0,0.17605633802816903,30,30.01,28350.0,-0.17605633802816903,0.0,0.0,-0.17605633802816903,0.1763668430335097,0.0,COMPLETE,PULLBACK_V230,PULLBACK_SNAPSHOT_DIRECT,신규/ON,pullback_structure_snapshot_v1,,,PULLBACK_63,
2026-10-01 14:55:30.698,v2.3.3,20261001_403870_PULLBACK_SNAPSHOT_DIRECT_2026-10-01:403870:3:120_145618328294,PULLBACK_SNAPSHOT_DIRECT,403870,HPSP,2026-10-01 14:54:00.206,68900.0,68900.0,MAIN,MAIN,2026-10-01 14:54:00.000,,,2026-10-01 14:54:00.000,68900.0,,,False,,2026-10-01 14:54:00.438,68900.0,0.43857,0.0,0.0,0.0,60,90.493,69000.0,0.14513788098693758,0.14513788098693758,0.14513788098693758,-0.14513788098693758,0.14513788098693758,-0.14513788098693758,COMPLETE,PULLBACK_V230,PULLBACK_SNAPSHOT_DIRECT,신규/ON,pullback_structure_snapshot_v1,,,PULLBACK_63,
2026-10-01 14:55:34.201,v2.3.3,20261001_043260_PULLBACK_SNAPSHOT_DIRECT_2026-10-01:043260:2:180_145659257846,PULLBACK_SNAPSHOT_DIRECT,043260,성호전자,2026-10-01 14:54:03.022,28400.0,28350.0,MAIN,MAIN,2026-10-01 14:54:00.000,,,2026-10-01 14:54:00.000,28400.0,,,False,,2026-10-01 14:54:03.902,28350.0,3.90295,-0.17605633802816903,0.0,0.17605633802816903,60,91.179,28400.0,0.0,0.1763668430335097,0.0,-0.17605633802816903,0.1763668430335097,0.0,COMPLETE,PULLBACK_V230,PULLBACK_SNAPSHOT_DIRECT,신규/ON,pullback_structure_snapshot_v1,,,PULLBACK_63,
2026-10-01 14:55:33.702,v2.3.3,20261001_396300_PULLBACK_SNAPSHOT_DIRECT_2026-10-01:396300:8:60_145621138311,PULLBACK_SNAPSHOT_DIRECT,396300,HT로보틱스,2026-10-01 14:54:00.438,6130.0,6120.0,MAIN,MAIN,2026-10-01 14:54:00.000,,,2026-10-01 14:54:00.000,6130.0,,,False,,2026-10-01 14:54:00.607,6120.0,0.607905,-0.1631321370309951,0.0,0.1631321370309951,60,93.264,6080.0,-0.8156606851549755,-0.6535947712418301,0.0,-0.8156606851549755,0.16339869281045752,-0.6535947712418301,COMPLETE,PULLBACK_V230,PULLBACK_SNAPSHOT_DIRECT,신규/ON,pullback_structure_snapshot_v1,,,PULLBACK_63,
2026-10-01 14:56:01.199,v2.3.3,20261001_403870_PULLBACK_SNAPSHOT_DIRECT_2026-10-01:403870:3:120_145618328294,PULLBACK_SNAPSHOT_DIRECT,403870,HPSP,2026-10-01 14:54:00.206,68900.0,68900.0,MAIN,MAIN,2026-10-01 14:54:00.000,,,2026-10-01 14:54:00.000,68900.0,,,False,,2026-10-01 14:54:00.438,68900.0,0.43857,0.0,0.0,0.0,120,120.994,69000.0,0.14513788098693758,0.14513788098693758,0.14513788098693758,-0.14513788098693758,0.14513788098693758,-0.14513788098693758,COMPLETE,PULLBACK_V230,PULLBACK_SNAPSHOT_DIRECT,신규/ON,pullback_structure_snapshot_v1,,,PULLBACK_63,
2026-10-01 14:56:25.613,v2.3.3,20261001_396300_PULLBACK_SNAPSHOT_DIRECT_2026-10-01:396300:8:60_145621138311,PULLBACK_SNAPSHOT_DIRECT,396300,HT로보틱스,2026-10-01 14:54:00.438,6130.0,6120.0,MAIN,MAIN,2026-10-01 14:54:00.000,,,2026-10-01 14:54:00.000,6130.0,,,False,,2026-10-01 14:54:00.607,6120.0,0.607905,-0.1631321370309951,0.0,0.1631321370309951,120,145.175,6080.0,-0.8156606851549755,-0.6535947712418301,0.0,-0.9787928221859705,0.16339869281045752,-0.8169934640522877,COMPLETE,PULLBACK_V230,PULLBACK_SNAPSHOT_DIRECT,신규/ON,pullback_structure_snapshot_v1,,,PULLBACK_63,
2026-10-01 14:57:10.802,v2.3.3,20261001_403870_PULLBACK_SNAPSHOT_DIRECT_2026-10-01:403870:3:120_145618328294,PULLBACK_SNAPSHOT_DIRECT,403870,HPSP,2026-10-01 14:54:00.206,68900.0,68900.0,MAIN,MAIN,2026-10-01 14:54:00.000,,,2026-10-01 14:54:00.000,68900.0,,,False,,2026-10-01 14:54:00.438,68900.0,0.43857,0.0,0.0,0.0,180,190.596,69000.0,0.14513788098693758,0.14513788098693758,0.14513788098693758,-0.14513788098693758,0.14513788098693758,-0.14513788098693758,COMPLETE,PULLBACK_V230,PULLBACK_SNAPSHOT_DIRECT,신규/ON,pullback_structure_snapshot_v1,,,PULLBACK_63,
2026-10-01 14:57:05.830,v2.3.3,20261001_043260_PULLBACK_SNAPSHOT_DIRECT_2026-10-01:043260:2:180_145659257846,PULLBACK_SNAPSHOT_DIRECT,043260,성호전자,2026-10-01 14:54:03.022,28400.0,28350.0,MAIN,MAIN,2026-10-01 14:54:00.000,,,2026-10-01 14:54:00.000,28400.0,,,False,,2026-10-01 14:54:03.902,28350.0,3.90295,-0.17605633802816903,0.0,0.17605633802816903,120,182.807,28350.0,-0.17605633802816903,0.0,0.0,-0.17605633802816903,0.1763668430335097,0.0,COMPLETE,PULLBACK_V230,PULLBACK_SNAPSHOT_DIRECT,신규/ON,pullback_structure_snapshot_v1,,,PULLBACK_63,
2026-10-01 14:57:05.830,v2.3.3,20261001_043260_PULLBACK_SNAPSHOT_DIRECT_2026-10-01:043260:2:180_145659257846,PULLBACK_SNAPSHOT_DIRECT,043260,성호전자,2026-10-01 14:54:03.022,28400.0,28350.0,MAIN,MAIN,2026-10-01 14:54:00.000,,,2026-10-01 14:54:00.000,28400.0,,,False,,2026-10-01 14:54:03.902,28350.0,3.90295,-0.17605633802816903,0.0,0.17605633802816903,180,182.807,28350.0,-0.17605633802816903,0.0,0.0,-0.17605633802816903,0.1763668430335097,0.0,COMPLETE,PULLBACK_V230,PULLBACK_SNAPSHOT_DIRECT,신규/ON,pullback_structure_snapshot_v1,,,PULLBACK_63,
2026-10-01 14:57:11.914,v2.3.3,20261001_396300_PULLBACK_SNAPSHOT_DIRECT_2026-10-01:396300:8:60_145621138311,PULLBACK_SNAPSHOT_DIRECT,396300,HT로보틱스,2026-10-01 14:54:00.438,6130.0,6120.0,MAIN,MAIN,2026-10-01 14:54:00.000,,,2026-10-01 14:54:00.000,6130.0,,,False,,2026-10-01 14:54:00.607,6120.0,0.607905,-0.1631321370309951,0.0,0.1631321370309951,180,191.476,6090.0,-0.6525285481239804,-0.49019607843137253,0.0,-0.9787928221859705,0.16339869281045752,-0.8169934640522877,COMPLETE,PULLBACK_V230,PULLBACK_SNAPSHOT_DIRECT,신규/ON,pullback_structure_snapshot_v1,,,PULLBACK_63,
2026-10-01 14:59:01.917,v2.3.3,20261001_403870_PULLBACK_SNAPSHOT_DIRECT_2026-10-01:403870:3:120_145618328294,PULLBACK_SNAPSHOT_DIRECT,403870,HPSP,2026-10-01 14:54:00.206,68900.0,68900.0,MAIN,MAIN,2026-10-01 14:54:00.000,,,2026-10-01 14:54:00.000,68900.0,,,False,,2026-10-01 14:54:00.438,68900.0,0.43857,0.0,0.0,0.0,300,301.711,69100.0,0.29027576197387517,0.29027576197387517,0.43541364296081275,-0.14513788098693758,0.43541364296081275,-0.14513788098693758,COMPLETE,PULLBACK_V230,PULLBACK_SNAPSHOT_DIRECT,신규/ON,pullback_structure_snapshot_v1,,,PULLBACK_63,
2026-10-01 14:59:03.397,v2.3.3,20261001_396300_PULLBACK_SNAPSHOT_DIRECT_2026-10-01:396300:8:60_145621138311,PULLBACK_SNAPSHOT_DIRECT,396300,HT로보틱스,2026-10-01 14:54:00.438,6130.0,6120.0,MAIN,MAIN,2026-10-01 14:54:00.000,,,2026-10-01 14:54:00.000,6130.0,,,False,,2026-10-01 14:54:00.607,6120.0,0.607905,-0.1631321370309951,0.0,0.1631321370309951,300,302.959,6120.0,-0.1631321370309951,0.0,0.1631321370309951,-0.9787928221859705,0.32679738562091504,-0.8169934640522877,COMPLETE,PULLBACK_V230,PULLBACK_SNAPSHOT_DIRECT,신규/ON,pullback_structure_snapshot_v1,,,PULLBACK_63,
2026-10-01 14:59:08.204,v2.3.3,20261001_043260_PULLBACK_SNAPSHOT_DIRECT_2026-10-01:043260:2:180_145659257846,PULLBACK_SNAPSHOT_DIRECT,043260,성호전자,2026-10-01 14:54:03.022,28400.0,28350.0,MAIN,MAIN,2026-10-01 14:54:00.000,,,2026-10-01 14:54:00.000,28400.0,,,False,,2026-10-01 14:54:03.902,28350.0,3.90295,-0.17605633802816903,0.0,0.17605633802816903,300,305.181,28400.0,0.0,0.1763668430335097,0.0,-0.35211267605633806,0.1763668430335097,-0.1763668430335097,COMPLETE,PULLBACK_V230,PULLBACK_SNAPSHOT_DIRECT,신규/ON,pullback_structure_snapshot_v1,,,PULLBACK_63,
2026-10-01 15:06:37.400,v2.3.3,20261001_089970_BASE_E024_150539503175,BASE,089970,브이엠,2026-10-01 15:05:39.503,70600.0,70670.59999999999,MAIN,MAIN,2026-10-01 15:05:35.410,2026-10-01 15:05:35.410,70600.0,2026-10-01 15:05:35.410,70600.0,0.0,0.0,False,,2026-10-01 15:05:39.775,70400.0,4.364888,-0.28328611898017,-0.3829032157643933,0.28328611898017,30,57.897,70600.0,0.0,-0.09990009990008757,0.0,-0.28328611898017,-0.09990009990008757,-0.3829032157643933,COMPLETE,,BASE,,,,,,
2026-10-01 15:06:45.000,v2.3.3,20261001_089970_BASE_E024_150539503175,BASE,089970,브이엠,2026-10-01 15:05:39.503,70600.0,70670.59999999999,MAIN,MAIN,2026-10-01 15:05:35.410,2026-10-01 15:05:35.410,70600.0,2026-10-01 15:05:35.410,70600.0,0.0,0.0,False,,2026-10-01 15:05:39.775,70400.0,4.364888,-0.28328611898017,-0.3829032157643933,0.28328611898017,60,65.497,70500.0,-0.141643059490085,-0.2414016578322404,0.0,-0.28328611898017,-0.09990009990008757,-0.3829032157643933,COMPLETE,,BASE,,,,,,
2026-10-01 15:07:46.998,v2.3.3,20261001_089970_BASE_E024_150539503175,BASE,089970,브이엠,2026-10-01 15:05:39.503,70600.0,70670.59999999999,MAIN,MAIN,2026-10-01 15:05:35.410,2026-10-01 15:05:35.410,70600.0,2026-10-01 15:05:35.410,70600.0,0.0,0.0,False,,2026-10-01 15:05:39.775,70400.0,4.364888,-0.28328611898017,-0.3829032157643933,0.28328611898017,120,127.495,70500.0,-0.141643059490085,-0.2414016578322404,0.0,-0.28328611898017,-0.09990009990008757,-0.3829032157643933,COMPLETE,,BASE,,,,,,
2026-10-01 15:08:40.804,v2.3.3,20261001_086520_BASE_E004_150640205723,BASE,086520,에코프로,2026-10-01 15:06:40.205,85000.0,85084.99999999999,MAIN,MAIN,2026-10-01 15:06:38.675,2026-10-01 15:06:38.675,85000.0,2026-10-01 15:06:38.675,85000.0,0.0,0.0,False,,2026-10-01 15:06:49.999,85100.0,11.323611,0.1176470588235294,0.017629429394152383,0.1176470588235294,30,120.599,84900.0,-0.1176470588235294,-0.21742962919431802,0.1176470588235294,-0.1176470588235294,0.017629429394152383,-0.21742962919431802,COMPLETE,,BASE,,,,,,
2026-10-01 15:08:40.804,v2.3.3,20261001_086520_BASE_E004_150640205723,BASE,086520,에코프로,2026-10-01 15:06:40.205,85000.0,85084.99999999999,MAIN,MAIN,2026-10-01 15:06:38.675,2026-10-01 15:06:38.675,85000.0,2026-10-01 15:06:38.675,85000.0,0.0,0.0,False,,2026-10-01 15:06:49.999,85100.0,11.323611,0.1176470588235294,0.017629429394152383,0.1176470588235294,60,120.599,84900.0,-0.1176470588235294,-0.21742962919431802,0.1176470588235294,-0.1176470588235294,0.017629429394152383,-0.21742962919431802,COMPLETE,,BASE,,,,,,
2026-10-01 15:08:40.804,v2.3.3,20261001_086520_BASE_E004_150640205723,BASE,086520,에코프로,2026-10-01 15:06:40.205,85000.0,85084.99999999999,MAIN,MAIN,2026-10-01 15:06:38.675,2026-10-01 15:06:38.675,85000.0,2026-10-01 15:06:38.675,85000.0,0.0,0.0,False,,2026-10-01 15:06:49.999,85100.0,11.323611,0.1176470588235294,0.017629429394152383,0.1176470588235294,120,120.599,84900.0,-0.1176470588235294,-0.21742962919431802,0.1176470588235294,-0.1176470588235294,0.017629429394152383,-0.21742962919431802,COMPLETE,,BASE,,,,,,
2026-10-01 15:08:46.597,v2.3.3,20261001_089970_BASE_E024_150539503175,BASE,089970,브이엠,2026-10-01 15:05:39.503,70600.0,70670.59999999999,MAIN,MAIN,2026-10-01 15:05:35.410,2026-10-01 15:05:35.410,70600.0,2026-10-01 15:05:35.410,70600.0,0.0,0.0,False,,2026-10-01 15:05:39.775,70400.0,4.364888,-0.28328611898017,-0.3829032157643933,0.28328611898017,180,187.095,70200.0,-0.56657223796034,-0.6659063316286989,0.0,-0.56657223796034,-0.09990009990008757,-0.6659063316286989,COMPLETE,,BASE,,,,,,
2026-10-01 15:09:40.299,v2.3.3,20261001_086520_BASE_E004_150640205723,BASE,086520,에코프로,2026-10-01 15:06:40.205,85000.0,85084.99999999999,MAIN,MAIN,2026-10-01 15:06:38.675,2026-10-01 15:06:38.675,85000.0,2026-10-01 15:06:38.675,85000.0,0.0,0.0,False,,2026-10-01 15:06:49.999,85100.0,11.323611,0.1176470588235294,0.017629429394152383,0.1176470588235294,180,180.094,84900.0,-0.1176470588235294,-0.21742962919431802,0.1176470588235294,-0.2352941176470588,0.017629429394152383,-0.33495915848855323,COMPLETE,,BASE,,,,,,
2026-10-01 15:10:40.294,v2.3.3,20261001_089970_BASE_E024_150539503175,BASE,089970,브이엠,2026-10-01 15:05:39.503,70600.0,70670.59999999999,MAIN,MAIN,2026-10-01 15:05:35.410,2026-10-01 15:05:35.410,70600.0,2026-10-01 15:05:35.410,70600.0,0.0,0.0,False,,2026-10-01 15:05:39.775,70400.0,4.364888,-0.28328611898017,-0.3829032157643933,0.28328611898017,300,300.791,70300.0,-0.424929178470255,-0.524404773696546,0.0,-0.84985835694051,-0.09990009990008757,-0.9489094474930047,COMPLETE,,BASE,,,,,,
2026-10-01 15:12:00.122,v2.3.3,20261001_086520_BASE_E004_150640205723,BASE,086520,에코프로,2026-10-01 15:06:40.205,85000.0,85084.99999999999,MAIN,MAIN,2026-10-01 15:06:38.675,2026-10-01 15:06:38.675,85000.0,2026-10-01 15:06:38.675,85000.0,0.0,0.0,False,,2026-10-01 15:06:49.999,85100.0,11.323611,0.1176470588235294,0.017629429394152383,0.1176470588235294,300,319.917,85000.0,0.0,-0.0999000999000828,0.1176470588235294,-0.2352941176470588,0.017629429394152383,-0.33495915848855323,COMPLETE,,BASE,,,,,,
2026-10-01 15:17:23.595,v2.3.3,20261001_272210_BASE_E033_151629210555,BASE,272210,한화시스템,2026-10-01 15:16:29.210,78800.0,78878.79999999999,MAIN,MAIN,2026-10-01 15:16:18.219,2026-10-01 15:16:18.219,78800.0,2026-10-01 15:16:18.219,78800.0,0.0,0.0,False,,2026-10-01 15:16:32.008,78900.0,13.788824,0.12690355329949238,0.026876676622884278,0.12690355329949238,30,54.385,78800.0,0.0,-0.09990009990008515,0.12690355329949238,-0.25380710659898476,0.026876676622884278,-0.35345365294602404,COMPLETE,,BASE,,,,,,
2026-10-01 15:21:06.498,v2.3.3,20261001_272210_BASE_E033_151629210555,BASE,272210,한화시스템,2026-10-01 15:16:29.210,78800.0,78878.79999999999,MAIN,MAIN,2026-10-01 15:16:18.219,2026-10-01 15:16:18.219,78800.0,2026-10-01 15:16:18.219,78800.0,0.0,0.0,False,,2026-10-01 15:16:32.008,78900.0,13.788824,0.12690355329949238,0.026876676622884278,0.12690355329949238,60,277.288,78900.0,0.12690355329949238,0.026876676622884278,0.12690355329949238,-0.25380710659898476,0.026876676622884278,-0.35345365294602404,COMPLETE,,BASE,,,,,,
2026-10-01 15:21:06.498,v2.3.3,20261001_272210_BASE_E033_151629210555,BASE,272210,한화시스템,2026-10-01 15:16:29.210,78800.0,78878.79999999999,MAIN,MAIN,2026-10-01 15:16:18.219,2026-10-01 15:16:18.219,78800.0,2026-10-01 15:16:18.219,78800.0,0.0,0.0,False,,2026-10-01 15:16:32.008,78900.0,13.788824,0.12690355329949238,0.026876676622884278,0.12690355329949238,120,277.288,78900.0,0.12690355329949238,0.026876676622884278,0.12690355329949238,-0.25380710659898476,0.026876676622884278,-0.35345365294602404,COMPLETE,,BASE,,,,,,
2026-10-01 15:21:06.498,v2.3.3,20261001_272210_BASE_E033_151629210555,BASE,272210,한화시스템,2026-10-01 15:16:29.210,78800.0,78878.79999999999,MAIN,MAIN,2026-10-01 15:16:18.219,2026-10-01 15:16:18.219,78800.0,2026-10-01 15:16:18.219,78800.0,0.0,0.0,False,,2026-10-01 15:16:32.008,78900.0,13.788824,0.12690355329949238,0.026876676622884278,0.12690355329949238,180,277.288,78900.0,0.12690355329949238,0.026876676622884278,0.12690355329949238,-0.25380710659898476,0.026876676622884278,-0.35345365294602404,COMPLETE,,BASE,,,,,,
2026-10-01 15:22:41.341,v2.3.3,20261001_272210_BASE_E033_151629210555,BASE,272210,한화시스템,2026-10-01 15:16:29.210,78800.0,78878.79999999999,MAIN,MAIN,2026-10-01 15:16:18.219,2026-10-01 15:16:18.219,78800.0,2026-10-01 15:16:18.219,78800.0,0.0,0.0,False,,2026-10-01 15:16:32.008,78900.0,13.788824,0.12690355329949238,0.026876676622884278,0.12690355329949238,300,372.131,78900.0,0.12690355329949238,0.026876676622884278,0.12690355329949238,-0.25380710659898476,0.026876676622884278,-0.35345365294602404,COMPLETE,,BASE,,,,,,
2026-10-01 18:26:00.958,v2.3.3,20261001_222800_BASE_E003_182530429959,BASE,222800,심텍,2026-10-01 18:25:30.429,158400.0,158558.4,NXT_AFTER,NXT_AFTER,2026-10-01 18:25:30.416,2026-10-01 18:25:30.416,158400.0,2026-10-01 18:25:30.416,158400.0,0.0,0.0,False,,2026-10-01 18:25:35.989,158400.0,5.57221,0.0,-0.09990009990009624,0.0,30,30.528,158300.0,-0.06313131313131314,-0.16296834478652295,0.0,-0.06313131313131314,-0.09990009990009624,-0.16296834478652295,COMPLETE,,BASE,,,,,,
2026-10-01 18:26:39.989,v2.3.3,20261001_222800_BASE_E003_182530429959,BASE,222800,심텍,2026-10-01 18:25:30.429,158400.0,158558.4,NXT_AFTER,NXT_AFTER,2026-10-01 18:25:30.416,2026-10-01 18:25:30.416,158400.0,2026-10-01 18:25:30.416,158400.0,0.0,0.0,False,,2026-10-01 18:25:35.989,158400.0,5.57221,0.0,-0.09990009990009624,0.0,60,69.56,158400.0,0.0,-0.09990009990009624,0.0,-0.06313131313131314,-0.09990009990009624,-0.16296834478652295,COMPLETE,,BASE,,,,,,
2026-10-01 18:27:31.594,v2.3.3,20261001_222800_BASE_E003_182530429959,BASE,222800,심텍,2026-10-01 18:25:30.429,158400.0,158558.4,NXT_AFTER,NXT_AFTER,2026-10-01 18:25:30.416,2026-10-01 18:25:30.416,158400.0,2026-10-01 18:25:30.416,158400.0,0.0,0.0,False,,2026-10-01 18:25:35.989,158400.0,5.57221,0.0,-0.09990009990009624,0.0,120,121.165,158500.0,0.06313131313131314,-0.03683185501366953,0.06313131313131314,-0.06313131313131314,-0.03683185501366953,-0.16296834478652295,COMPLETE,,BASE,,,,,,
2026-10-01 18:28:31.191,v2.3.3,20261001_222800_BASE_E003_182530429959,BASE,222800,심텍,2026-10-01 18:25:30.429,158400.0,158558.4,NXT_AFTER,NXT_AFTER,2026-10-01 18:25:30.416,2026-10-01 18:25:30.416,158400.0,2026-10-01 18:25:30.416,158400.0,0.0,0.0,False,,2026-10-01 18:25:35.989,158400.0,5.57221,0.0,-0.09990009990009624,0.0,180,180.762,158500.0,0.06313131313131314,-0.03683185501366953,0.06313131313131314,-0.06313131313131314,-0.03683185501366953,-0.16296834478652295,COMPLETE,,BASE,,,,,,
2026-10-01 18:30:33.289,v2.3.3,20261001_222800_BASE_E003_182530429959,BASE,222800,심텍,2026-10-01 18:25:30.429,158400.0,158558.4,NXT_AFTER,NXT_AFTER,2026-10-01 18:25:30.416,2026-10-01 18:25:30.416,158400.0,2026-10-01 18:25:30.416,158400.0,0.0,0.0,False,,2026-10-01 18:25:35.989,158400.0,5.57221,0.0,-0.09990009990009624,0.0,300,302.859,158500.0,0.06313131313131314,-0.03683185501366953,0.12626262626262627,-0.06313131313131314,0.026236389872757178,-0.16296834478652295,COMPLETE,,BASE,,,,,,
2026-10-01 19:59:58.284,v2.3.3,20261001_356860_BASE_E004_195946247803,BASE,356860,티엘비,2026-10-01 19:59:46.247,48250.0,48298.24999999999,NXT_AFTER,NXT_AFTER,2026-10-01 19:59:46.194,2026-10-01 19:59:46.194,48250.0,2026-10-01 19:59:46.194,48250.0,0.0,0.0,False,,2026-10-01 19:59:47.681,48250.0,1.48679,0.0,-0.09990009990008485,0.0,30,12.036,48300.0,0.10362694300518134,0.003623319685510916,0.10362694300518134,0.0,0.003623319685510916,-0.09990009990008485,PARTIAL_PROGRAM_END,,BASE,,,,,,
2026-10-01 19:59:58.284,v2.3.3,20261001_356860_BASE_E004_195946247803,BASE,356860,티엘비,2026-10-01 19:59:46.247,48250.0,48298.24999999999,NXT_AFTER,NXT_AFTER,2026-10-01 19:59:46.194,2026-10-01 19:59:46.194,48250.0,2026-10-01 19:59:46.194,48250.0,0.0,0.0,False,,2026-10-01 19:59:47.681,48250.0,1.48679,0.0,-0.09990009990008485,0.0,60,12.036,48300.0,0.10362694300518134,0.003623319685510916,0.10362694300518134,0.0,0.003623319685510916,-0.09990009990008485,PARTIAL_PROGRAM_END,,BASE,,,,,,
2026-10-01 19:59:58.284,v2.3.3,20261001_356860_BASE_E004_195946247803,BASE,356860,티엘비,2026-10-01 19:59:46.247,48250.0,48298.24999999999,NXT_AFTER,NXT_AFTER,2026-10-01 19:59:46.194,2026-10-01 19:59:46.194,48250.0,2026-10-01 19:59:46.194,48250.0,0.0,0.0,False,,2026-10-01 19:59:47.681,48250.0,1.48679,0.0,-0.09990009990008485,0.0,120,12.036,48300.0,0.10362694300518134,0.003623319685510916,0.10362694300518134,0.0,0.003623319685510916,-0.09990009990008485,PARTIAL_PROGRAM_END,,BASE,,,,,,
2026-10-01 19:59:58.284,v2.3.3,20261001_356860_BASE_E004_195946247803,BASE,356860,티엘비,2026-10-01 19:59:46.247,48250.0,48298.24999999999,NXT_AFTER,NXT_AFTER,2026-10-01 19:59:46.194,2026-10-01 19:59:46.194,48250.0,2026-10-01 19:59:46.194,48250.0,0.0,0.0,False,,2026-10-01 19:59:47.681,48250.0,1.48679,0.0,-0.09990009990008485,0.0,180,12.036,48300.0,0.10362694300518134,0.003623319685510916,0.10362694300518134,0.0,0.003623319685510916,-0.09990009990008485,PARTIAL_PROGRAM_END,,BASE,,,,,,
2026-10-01 19:59:58.284,v2.3.3,20261001_356860_BASE_E004_195946247803,BASE,356860,티엘비,2026-10-01 19:59:46.247,48250.0,48298.24999999999,NXT_AFTER,NXT_AFTER,2026-10-01 19:59:46.194,2026-10-01 19:59:46.194,48250.0,2026-10-01 19:59:46.194,48250.0,0.0,0.0,False,,2026-10-01 19:59:47.681,48250.0,1.48679,0.0,-0.09990009990008485,0.0,300,12.036,48300.0,0.10362694300518134,0.003623319685510916,0.10362694300518134,0.0,0.003623319685510916,-0.09990009990008485,PARTIAL_PROGRAM_END,,BASE,,,,,,
