version,trade_id,stock_code,stock_name,entry_time,entry_price,baseline_strategy,baseline_result,baseline_exit_time,baseline_gross_pct,baseline_net_pct,mfe_pct,mae_pct,policy_group,policy,rule_version,armed,armed_time,triggered,trigger_time,trigger_price,decision_return_pct,decision_mfe_pct,decision_mae_pct,gross_pct,net_pct,protected_from_sl,missed_tp,price_5s,price_10s,price_15s,status,reached_1pct,reached_1pct_time,new_high_30m,new_high_60m,last_new_high_time,drawdown_from_high_pct,volume_reactivation_proxy,market_data_status,post_trigger_mfe_pct,post_trigger_mae_pct
v2.2.0,20260922_0161M0_BASE_E001_090345632652,0161M0,네오사피엔스,2026-09-22 09:03:45.632,36986.95,T250_S150,TAKE_PROFIT,2026-09-22 09:04:00.312,2.6038,2.3638,4.0908,-0.6406,NOON_RECOVERY,HOLD_T250_S150_TO_1520,v171_noon_1,,,False,,,,,,2.6038,2.3638,,,,,,COMPLETE,True,2026-09-22 09:03:56.582,,,2026-09-22 09:04:02.277,,,PRICE_PATH_ONLY,,
v2.2.0,20260922_0161M0_BASE_E001_090345632652,0161M0,네오사피엔스,2026-09-22 09:03:45.632,36986.95,T250_S150,TAKE_PROFIT,2026-09-22 09:04:00.312,2.6038,2.3638,4.0908,-0.6406,PROFIT_PROTECT,A0.75_F0.40,v171_pp_1,True,2026-09-22 09:03:56.582,True,2026-09-22 09:03:56.684,37100.0,,,,0.3056,0.0656,False,True,38250.0,38250.0,38100.0,COMPLETE,True,2026-09-22 09:03:56.582,,,2026-09-22 09:04:02.277,,,PRICE_PATH_ONLY,3.7736,-0.1348
v2.2.0,20260922_0161M0_BASE_E001_090345632652,0161M0,네오사피엔스,2026-09-22 09:03:45.632,36986.95,T250_S150,TAKE_PROFIT,2026-09-22 09:04:00.312,2.6038,2.3638,4.0908,-0.6406,PROFIT_PROTECT,A0.75_F0.50,v171_pp_1,True,2026-09-22 09:03:56.582,True,2026-09-22 09:03:56.684,37100.0,,,,0.3056,0.0656,False,True,38250.0,38250.0,38100.0,COMPLETE,True,2026-09-22 09:03:56.582,,,2026-09-22 09:04:02.277,,,PRICE_PATH_ONLY,3.7736,-0.1348
v2.2.0,20260922_0161M0_BASE_E001_090345632652,0161M0,네오사피엔스,2026-09-22 09:03:45.632,36986.95,T250_S150,TAKE_PROFIT,2026-09-22 09:04:00.312,2.6038,2.3638,4.0908,-0.6406,PROFIT_PROTECT,A0.75_F0.60,v171_pp_1,True,2026-09-22 09:03:56.582,True,2026-09-22 09:03:56.684,37100.0,,,,0.3056,0.0656,False,True,38250.0,38250.0,38100.0,COMPLETE,True,2026-09-22 09:03:56.582,,,2026-09-22 09:04:02.277,,,PRICE_PATH_ONLY,3.7736,-0.1348
v2.2.0,20260922_0161M0_BASE_E001_090345632652,0161M0,네오사피엔스,2026-09-22 09:03:45.632,36986.95,T250_S150,TAKE_PROFIT,2026-09-22 09:04:00.312,2.6038,2.3638,4.0908,-0.6406,PROFIT_PROTECT,A0.75_F0.70,v171_pp_1,True,2026-09-22 09:03:56.582,True,2026-09-22 09:03:56.684,37100.0,,,,0.3056,0.0656,False,True,38250.0,38250.0,38100.0,COMPLETE,True,2026-09-22 09:03:56.582,,,2026-09-22 09:04:02.277,,,PRICE_PATH_ONLY,3.7736,-0.1348
v2.2.0,20260922_0161M0_BASE_E001_090345632652,0161M0,네오사피엔스,2026-09-22 09:03:45.632,36986.95,T250_S150,TAKE_PROFIT,2026-09-22 09:04:00.312,2.6038,2.3638,4.0908,-0.6406,PROFIT_PROTECT,A1.00_F0.40,v171_pp_1,True,2026-09-22 09:03:56.582,True,2026-09-22 09:03:56.684,37100.0,,,,0.3056,0.0656,False,True,38250.0,38250.0,38100.0,COMPLETE,True,2026-09-22 09:03:56.582,,,2026-09-22 09:04:02.277,,,PRICE_PATH_ONLY,3.7736,-0.1348
v2.2.0,20260922_0161M0_BASE_E001_090345632652,0161M0,네오사피엔스,2026-09-22 09:03:45.632,36986.95,T250_S150,TAKE_PROFIT,2026-09-22 09:04:00.312,2.6038,2.3638,4.0908,-0.6406,PROFIT_PROTECT,A1.00_F0.50,v171_pp_1,True,2026-09-22 09:03:56.582,True,2026-09-22 09:03:56.684,37100.0,,,,0.3056,0.0656,False,True,38250.0,38250.0,38100.0,COMPLETE,True,2026-09-22 09:03:56.582,,,2026-09-22 09:04:02.277,,,PRICE_PATH_ONLY,3.7736,-0.1348
v2.2.0,20260922_0161M0_BASE_E001_090345632652,0161M0,네오사피엔스,2026-09-22 09:03:45.632,36986.95,T250_S150,TAKE_PROFIT,2026-09-22 09:04:00.312,2.6038,2.3638,4.0908,-0.6406,PROFIT_PROTECT,A1.00_F0.60,v171_pp_1,True,2026-09-22 09:03:56.582,True,2026-09-22 09:03:56.684,37100.0,,,,0.3056,0.0656,False,True,38250.0,38250.0,38100.0,COMPLETE,True,2026-09-22 09:03:56.582,,,2026-09-22 09:04:02.277,,,PRICE_PATH_ONLY,3.7736,-0.1348
v2.2.0,20260922_0161M0_BASE_E001_090345632652,0161M0,네오사피엔스,2026-09-22 09:03:45.632,36986.95,T250_S150,TAKE_PROFIT,2026-09-22 09:04:00.312,2.6038,2.3638,4.0908,-0.6406,PROFIT_PROTECT,A1.00_F0.70,v171_pp_1,True,2026-09-22 09:03:56.582,True,2026-09-22 09:03:56.684,37100.0,,,,0.3056,0.0656,False,True,38250.0,38250.0,38100.0,COMPLETE,True,2026-09-22 09:03:56.582,,,2026-09-22 09:04:02.277,,,PRICE_PATH_ONLY,3.7736,-0.1348
v2.2.0,20260922_0161M0_BASE_E001_090345632652,0161M0,네오사피엔스,2026-09-22 09:03:45.632,36986.95,T250_S150,TAKE_PROFIT,2026-09-22 09:04:00.312,2.6038,2.3638,4.0908,-0.6406,PROFIT_PROTECT,A1.25_F0.40,v171_pp_1,True,2026-09-22 09:03:57.176,False,,,,,,,,False,False,,,,COMPLETE,True,2026-09-22 09:03:56.582,,,2026-09-22 09:04:02.277,,,PRICE_PATH_ONLY,,
v2.2.0,20260922_0161M0_BASE_E001_090345632652,0161M0,네오사피엔스,2026-09-22 09:03:45.632,36986.95,T250_S150,TAKE_PROFIT,2026-09-22 09:04:00.312,2.6038,2.3638,4.0908,-0.6406,PROFIT_PROTECT,A1.25_F0.50,v171_pp_1,True,2026-09-22 09:03:57.176,True,2026-09-22 09:03:57.176,37150.0,,,,0.4408,0.2008,False,True,38300.0,38200.0,37900.0,COMPLETE,True,2026-09-22 09:03:56.582,,,2026-09-22 09:04:02.277,,,PRICE_PATH_ONLY,3.6339,0.0
v2.2.0,20260922_0161M0_BASE_E001_090345632652,0161M0,네오사피엔스,2026-09-22 09:03:45.632,36986.95,T250_S150,TAKE_PROFIT,2026-09-22 09:04:00.312,2.6038,2.3638,4.0908,-0.6406,PROFIT_PROTECT,A1.25_F0.60,v171_pp_1,True,2026-09-22 09:03:57.176,True,2026-09-22 09:03:57.176,37200.0,,,,0.576,0.336,False,True,38300.0,38200.0,37900.0,COMPLETE,True,2026-09-22 09:03:56.582,,,2026-09-22 09:04:02.277,,,PRICE_PATH_ONLY,3.4946,-0.1344
v2.2.0,20260922_0161M0_BASE_E001_090345632652,0161M0,네오사피엔스,2026-09-22 09:03:45.632,36986.95,T250_S150,TAKE_PROFIT,2026-09-22 09:04:00.312,2.6038,2.3638,4.0908,-0.6406,PROFIT_PROTECT,A1.25_F0.70,v171_pp_1,True,2026-09-22 09:03:57.176,True,2026-09-22 09:03:57.176,37200.0,,,,0.576,0.336,False,True,38300.0,38200.0,37900.0,COMPLETE,True,2026-09-22 09:03:56.582,,,2026-09-22 09:04:02.277,,,PRICE_PATH_ONLY,3.4946,-0.1344
v2.2.0,20260922_0161M0_BASE_E001_090345632652,0161M0,네오사피엔스,2026-09-22 09:03:45.632,36986.95,T250_S150,TAKE_PROFIT,2026-09-22 09:04:00.312,2.6038,2.3638,4.0908,-0.6406,PROFIT_PROTECT,A1.50_F0.40,v171_pp_1,True,2026-09-22 09:03:57.379,False,,,,,,,,False,False,,,,COMPLETE,True,2026-09-22 09:03:56.582,,,2026-09-22 09:04:02.277,,,PRICE_PATH_ONLY,,
v2.2.0,20260922_0161M0_BASE_E001_090345632652,0161M0,네오사피엔스,2026-09-22 09:03:45.632,36986.95,T250_S150,TAKE_PROFIT,2026-09-22 09:04:00.312,2.6038,2.3638,4.0908,-0.6406,PROFIT_PROTECT,A1.50_F0.50,v171_pp_1,True,2026-09-22 09:03:57.379,False,,,,,,,,False,False,,,,COMPLETE,True,2026-09-22 09:03:56.582,,,2026-09-22 09:04:02.277,,,PRICE_PATH_ONLY,,
v2.2.0,20260922_0161M0_BASE_E001_090345632652,0161M0,네오사피엔스,2026-09-22 09:03:45.632,36986.95,T250_S150,TAKE_PROFIT,2026-09-22 09:04:00.312,2.6038,2.3638,4.0908,-0.6406,PROFIT_PROTECT,A1.50_F0.60,v171_pp_1,True,2026-09-22 09:03:57.379,False,,,,,,,,False,False,,,,COMPLETE,True,2026-09-22 09:03:56.582,,,2026-09-22 09:04:02.277,,,PRICE_PATH_ONLY,,
v2.2.0,20260922_0161M0_BASE_E001_090345632652,0161M0,네오사피엔스,2026-09-22 09:03:45.632,36986.95,T250_S150,TAKE_PROFIT,2026-09-22 09:04:00.312,2.6038,2.3638,4.0908,-0.6406,PROFIT_PROTECT,A1.50_F0.70,v171_pp_1,True,2026-09-22 09:03:57.379,False,,,,,,,,False,False,,,,COMPLETE,True,2026-09-22 09:03:56.582,,,2026-09-22 09:04:02.277,,,PRICE_PATH_ONLY,,
v2.2.0,20260922_0161M0_BASE_E001_090345632652,0161M0,네오사피엔스,2026-09-22 09:03:45.632,36986.95,T250_S150,TAKE_PROFIT,2026-09-22 09:04:00.312,2.6038,2.3638,4.0908,-0.6406,NOON_RECOVERY,NOON_RECOVERY_1200_P040,v171_noon_1,,,False,,,,,,,,,,,,,COMPLETE,True,2026-09-22 09:03:56.582,,,2026-09-22 09:04:02.277,,,PRICE_PATH_ONLY,,
v2.2.0,20260922_0161M0_BASE_E001_090345632652,0161M0,네오사피엔스,2026-09-22 09:03:45.632,36986.95,T250_S150,TAKE_PROFIT,2026-09-22 09:04:00.312,2.6038,2.3638,4.0908,-0.6406,NOON_RECOVERY,TIME_RECOVERY_1230_P040,v171_noon_1,,,False,,,,,,,,,,,,,COMPLETE,True,2026-09-22 09:03:56.582,,,2026-09-22 09:04:02.277,,,PRICE_PATH_ONLY,,
v2.2.0,20260922_0161M0_BASE_E001_090345632652,0161M0,네오사피엔스,2026-09-22 09:03:45.632,36986.95,T250_S150,TAKE_PROFIT,2026-09-22 09:04:00.312,2.6038,2.3638,4.0908,-0.6406,NOON_RECOVERY,TIME_RECOVERY_1300_P040,v171_noon_1,,,False,,,,,,,,,,,,,COMPLETE,True,2026-09-22 09:03:56.582,,,2026-09-22 09:04:02.277,,,PRICE_PATH_ONLY,,
v2.2.0,20260922_0161M0_BASE_E001_090345632652,0161M0,네오사피엔스,2026-09-22 09:03:45.632,36986.95,T250_S150,TAKE_PROFIT,2026-09-22 09:04:00.312,2.6038,2.3638,4.0908,-0.6406,NOON_RECOVERY,TIME_RECOVERY_1330_P040,v171_noon_1,,,False,,,,,,,,,,,,,COMPLETE,True,2026-09-22 09:03:56.582,,,2026-09-22 09:04:02.277,,,PRICE_PATH_ONLY,,
v2.2.0,20260922_0161M0_BASE_E001_090345632652,0161M0,네오사피엔스,2026-09-22 09:03:45.632,36986.95,T250_S150,TAKE_PROFIT,2026-09-22 09:04:00.312,2.6038,2.3638,4.0908,-0.6406,NOON_RECOVERY,TIME_RECOVERY_1400_P040,v171_noon_1,,,False,,,,,,,,,,,,,COMPLETE,True,2026-09-22 09:03:56.582,,,2026-09-22 09:04:02.277,,,PRICE_PATH_ONLY,,
v2.2.0,20260922_356860_BASE_E001_090244103978,356860,티엘비,2026-09-22 09:02:44.103,42292.24999999999,T250_S150,TAKE_PROFIT,2026-09-22 09:05:22.203,2.501,2.261,2.501,-0.4546,NOON_RECOVERY,HOLD_T250_S150_TO_1520,v171_noon_1,,,False,,,,,,2.501,2.261,,,,,,COMPLETE,True,2026-09-22 09:03:55.273,,,2026-09-22 09:05:21.773,,,PRICE_PATH_ONLY,,
v2.2.0,20260922_356860_BASE_E001_090244103978,356860,티엘비,2026-09-22 09:02:44.103,42292.24999999999,T250_S150,TAKE_PROFIT,2026-09-22 09:05:22.203,2.501,2.261,2.501,-0.4546,PROFIT_PROTECT,A0.75_F0.40,v171_pp_1,True,2026-09-22 09:02:52.878,True,2026-09-22 09:02:55.079,42450.0,,,,0.373,0.133,False,True,42400.0,42500.0,42300.0,COMPLETE,True,2026-09-22 09:03:55.273,,,2026-09-22 09:05:21.773,,,PRICE_PATH_ONLY,2.1201,-0.8245
v2.2.0,20260922_356860_BASE_E001_090244103978,356860,티엘비,2026-09-22 09:02:44.103,42292.24999999999,T250_S150,TAKE_PROFIT,2026-09-22 09:05:22.203,2.501,2.261,2.501,-0.4546,PROFIT_PROTECT,A0.75_F0.50,v171_pp_1,True,2026-09-22 09:02:52.878,True,2026-09-22 09:02:55.079,42500.0,,,,0.4912,0.2512,False,True,42400.0,42500.0,42300.0,COMPLETE,True,2026-09-22 09:03:55.273,,,2026-09-22 09:05:21.773,,,PRICE_PATH_ONLY,2.0,-0.9412
v2.2.0,20260922_356860_BASE_E001_090244103978,356860,티엘비,2026-09-22 09:02:44.103,42292.24999999999,T250_S150,TAKE_PROFIT,2026-09-22 09:05:22.203,2.501,2.261,2.501,-0.4546,PROFIT_PROTECT,A0.75_F0.60,v171_pp_1,True,2026-09-22 09:02:52.878,True,2026-09-22 09:02:55.079,42500.0,,,,0.4912,0.2512,False,True,42400.0,42500.0,42300.0,COMPLETE,True,2026-09-22 09:03:55.273,,,2026-09-22 09:05:21.773,,,PRICE_PATH_ONLY,2.0,-0.9412
v2.2.0,20260922_356860_BASE_E001_090244103978,356860,티엘비,2026-09-22 09:02:44.103,42292.24999999999,T250_S150,TAKE_PROFIT,2026-09-22 09:05:22.203,2.501,2.261,2.501,-0.4546,PROFIT_PROTECT,A0.75_F0.70,v171_pp_1,True,2026-09-22 09:02:52.878,True,2026-09-22 09:02:52.878,42550.0,,,,0.6094,0.3694,False,True,42350.0,42350.0,42350.0,COMPLETE,True,2026-09-22 09:03:55.273,,,2026-09-22 09:05:21.773,,,PRICE_PATH_ONLY,1.8801,-1.0576
v2.2.0,20260922_356860_BASE_E001_090244103978,356860,티엘비,2026-09-22 09:02:44.103,42292.24999999999,T250_S150,TAKE_PROFIT,2026-09-22 09:05:22.203,2.501,2.261,2.501,-0.4546,PROFIT_PROTECT,A1.00_F0.40,v171_pp_1,True,2026-09-22 09:03:55.273,False,,,,,,,,False,False,,,,COMPLETE,True,2026-09-22 09:03:55.273,,,2026-09-22 09:05:21.773,,,PRICE_PATH_ONLY,,
v2.2.0,20260922_356860_BASE_E001_090244103978,356860,티엘비,2026-09-22 09:02:44.103,42292.24999999999,T250_S150,TAKE_PROFIT,2026-09-22 09:05:22.203,2.501,2.261,2.501,-0.4546,PROFIT_PROTECT,A1.00_F0.50,v171_pp_1,True,2026-09-22 09:03:55.273,True,2026-09-22 09:03:55.475,42500.0,,,,0.4912,0.2512,False,True,42700.0,42850.0,42700.0,COMPLETE,True,2026-09-22 09:03:55.273,,,2026-09-22 09:05:21.773,,,PRICE_PATH_ONLY,2.0,0.0
v2.2.0,20260922_356860_BASE_E001_090244103978,356860,티엘비,2026-09-22 09:02:44.103,42292.24999999999,T250_S150,TAKE_PROFIT,2026-09-22 09:05:22.203,2.501,2.261,2.501,-0.4546,PROFIT_PROTECT,A1.00_F0.60,v171_pp_1,True,2026-09-22 09:03:55.273,True,2026-09-22 09:03:55.475,42500.0,,,,0.4912,0.2512,False,True,42700.0,42850.0,42700.0,COMPLETE,True,2026-09-22 09:03:55.273,,,2026-09-22 09:05:21.773,,,PRICE_PATH_ONLY,2.0,0.0
v2.2.0,20260922_356860_BASE_E001_090244103978,356860,티엘비,2026-09-22 09:02:44.103,42292.24999999999,T250_S150,TAKE_PROFIT,2026-09-22 09:05:22.203,2.501,2.261,2.501,-0.4546,PROFIT_PROTECT,A1.00_F0.70,v171_pp_1,True,2026-09-22 09:03:55.273,True,2026-09-22 09:03:55.475,42550.0,,,,0.6094,0.3694,False,True,42700.0,42850.0,42700.0,COMPLETE,True,2026-09-22 09:03:55.273,,,2026-09-22 09:05:21.773,,,PRICE_PATH_ONLY,1.8801,-0.1175
v2.2.0,20260922_356860_BASE_E001_090244103978,356860,티엘비,2026-09-22 09:02:44.103,42292.24999999999,T250_S150,TAKE_PROFIT,2026-09-22 09:05:22.203,2.501,2.261,2.501,-0.4546,PROFIT_PROTECT,A1.25_F0.40,v171_pp_1,True,2026-09-22 09:03:56.274,False,,,,,,,,False,False,,,,COMPLETE,True,2026-09-22 09:03:55.273,,,2026-09-22 09:05:21.773,,,PRICE_PATH_ONLY,,
v2.2.0,20260922_356860_BASE_E001_090244103978,356860,티엘비,2026-09-22 09:02:44.103,42292.24999999999,T250_S150,TAKE_PROFIT,2026-09-22 09:05:22.203,2.501,2.261,2.501,-0.4546,PROFIT_PROTECT,A1.25_F0.50,v171_pp_1,True,2026-09-22 09:03:56.274,True,2026-09-22 09:04:00.289,42500.0,,,,0.4912,0.2512,False,True,42850.0,42700.0,42850.0,COMPLETE,True,2026-09-22 09:03:55.273,,,2026-09-22 09:05:21.773,,,PRICE_PATH_ONLY,2.0,0.0
v2.2.0,20260922_356860_BASE_E001_090244103978,356860,티엘비,2026-09-22 09:02:44.103,42292.24999999999,T250_S150,TAKE_PROFIT,2026-09-22 09:05:22.203,2.501,2.261,2.501,-0.4546,PROFIT_PROTECT,A1.25_F0.60,v171_pp_1,True,2026-09-22 09:03:56.274,True,2026-09-22 09:04:00.289,42500.0,,,,0.4912,0.2512,False,True,42850.0,42700.0,42850.0,COMPLETE,True,2026-09-22 09:03:55.273,,,2026-09-22 09:05:21.773,,,PRICE_PATH_ONLY,2.0,0.0
v2.2.0,20260922_356860_BASE_E001_090244103978,356860,티엘비,2026-09-22 09:02:44.103,42292.24999999999,T250_S150,TAKE_PROFIT,2026-09-22 09:05:22.203,2.501,2.261,2.501,-0.4546,PROFIT_PROTECT,A1.25_F0.70,v171_pp_1,True,2026-09-22 09:03:56.274,True,2026-09-22 09:03:57.581,42575.0,,,,0.6686,0.4286,False,True,42750.0,42700.0,42800.0,COMPLETE,True,2026-09-22 09:03:55.273,,,2026-09-22 09:05:21.773,,,PRICE_PATH_ONLY,1.8203,-0.1762
v2.2.0,20260922_356860_BASE_E001_090244103978,356860,티엘비,2026-09-22 09:02:44.103,42292.24999999999,T250_S150,TAKE_PROFIT,2026-09-22 09:05:22.203,2.501,2.261,2.501,-0.4546,PROFIT_PROTECT,A1.50_F0.40,v171_pp_1,True,2026-09-22 09:04:14.878,False,,,,,,,,False,False,,,,COMPLETE,True,2026-09-22 09:03:55.273,,,2026-09-22 09:05:21.773,,,PRICE_PATH_ONLY,,
v2.2.0,20260922_356860_BASE_E001_090244103978,356860,티엘비,2026-09-22 09:02:44.103,42292.24999999999,T250_S150,TAKE_PROFIT,2026-09-22 09:05:22.203,2.501,2.261,2.501,-0.4546,PROFIT_PROTECT,A1.50_F0.50,v171_pp_1,True,2026-09-22 09:04:14.878,False,,,,,,,,False,False,,,,COMPLETE,True,2026-09-22 09:03:55.273,,,2026-09-22 09:05:21.773,,,PRICE_PATH_ONLY,,
v2.2.0,20260922_356860_BASE_E001_090244103978,356860,티엘비,2026-09-22 09:02:44.103,42292.24999999999,T250_S150,TAKE_PROFIT,2026-09-22 09:05:22.203,2.501,2.261,2.501,-0.4546,PROFIT_PROTECT,A1.50_F0.60,v171_pp_1,True,2026-09-22 09:04:14.878,False,,,,,,,,False,False,,,,COMPLETE,True,2026-09-22 09:03:55.273,,,2026-09-22 09:05:21.773,,,PRICE_PATH_ONLY,,
v2.2.0,20260922_356860_BASE_E001_090244103978,356860,티엘비,2026-09-22 09:02:44.103,42292.24999999999,T250_S150,TAKE_PROFIT,2026-09-22 09:05:22.203,2.501,2.261,2.501,-0.4546,PROFIT_PROTECT,A1.50_F0.70,v171_pp_1,True,2026-09-22 09:04:14.878,False,,,,,,,,False,False,,,,COMPLETE,True,2026-09-22 09:03:55.273,,,2026-09-22 09:05:21.773,,,PRICE_PATH_ONLY,,
v2.2.0,20260922_356860_BASE_E001_090244103978,356860,티엘비,2026-09-22 09:02:44.103,42292.24999999999,T250_S150,TAKE_PROFIT,2026-09-22 09:05:22.203,2.501,2.261,2.501,-0.4546,NOON_RECOVERY,NOON_RECOVERY_1200_P040,v171_noon_1,,,False,,,,,,,,,,,,,COMPLETE,True,2026-09-22 09:03:55.273,,,2026-09-22 09:05:21.773,,,PRICE_PATH_ONLY,,
v2.2.0,20260922_356860_BASE_E001_090244103978,356860,티엘비,2026-09-22 09:02:44.103,42292.24999999999,T250_S150,TAKE_PROFIT,2026-09-22 09:05:22.203,2.501,2.261,2.501,-0.4546,NOON_RECOVERY,TIME_RECOVERY_1230_P040,v171_noon_1,,,False,,,,,,,,,,,,,COMPLETE,True,2026-09-22 09:03:55.273,,,2026-09-22 09:05:21.773,,,PRICE_PATH_ONLY,,
v2.2.0,20260922_356860_BASE_E001_090244103978,356860,티엘비,2026-09-22 09:02:44.103,42292.24999999999,T250_S150,TAKE_PROFIT,2026-09-22 09:05:22.203,2.501,2.261,2.501,-0.4546,NOON_RECOVERY,TIME_RECOVERY_1300_P040,v171_noon_1,,,False,,,,,,,,,,,,,COMPLETE,True,2026-09-22 09:03:55.273,,,2026-09-22 09:05:21.773,,,PRICE_PATH_ONLY,,
v2.2.0,20260922_356860_BASE_E001_090244103978,356860,티엘비,2026-09-22 09:02:44.103,42292.24999999999,T250_S150,TAKE_PROFIT,2026-09-22 09:05:22.203,2.501,2.261,2.501,-0.4546,NOON_RECOVERY,TIME_RECOVERY_1330_P040,v171_noon_1,,,False,,,,,,,,,,,,,COMPLETE,True,2026-09-22 09:03:55.273,,,2026-09-22 09:05:21.773,,,PRICE_PATH_ONLY,,
v2.2.0,20260922_356860_BASE_E001_090244103978,356860,티엘비,2026-09-22 09:02:44.103,42292.24999999999,T250_S150,TAKE_PROFIT,2026-09-22 09:05:22.203,2.501,2.261,2.501,-0.4546,NOON_RECOVERY,TIME_RECOVERY_1400_P040,v171_noon_1,,,False,,,,,,,,,,,,,COMPLETE,True,2026-09-22 09:03:55.273,,,2026-09-22 09:05:21.773,,,PRICE_PATH_ONLY,,
v2.2.0,20260922_353200_BASE_E001_090314550904,353200,대덕전자,2026-09-22 09:03:14.550,114814.69999999998,T250_S150,TAKE_PROFIT,2026-09-22 09:07:39.170,2.513,2.273,2.513,-0.7967,NOON_RECOVERY,HOLD_T250_S150_TO_1520,v171_noon_1,,,False,,,,,,2.513,2.273,,,,,,COMPLETE,True,2026-09-22 09:04:55.972,,,2026-09-22 09:07:39.070,,,PRICE_PATH_ONLY,,
v2.2.0,20260922_353200_BASE_E001_090314550904,353200,대덕전자,2026-09-22 09:03:14.550,114814.69999999998,T250_S150,TAKE_PROFIT,2026-09-22 09:07:39.170,2.513,2.273,2.513,-0.7967,PROFIT_PROTECT,A0.75_F0.40,v171_pp_1,True,2026-09-22 09:04:38.475,True,2026-09-22 09:04:38.578,115000.0,,,,0.1614,-0.0786,False,True,115200.0,115300.0,115600.0,COMPLETE,True,2026-09-22 09:04:55.972,,,2026-09-22 09:07:39.070,,,PRICE_PATH_ONLY,2.3478,-0.1739
v2.2.0,20260922_353200_BASE_E001_090314550904,353200,대덕전자,2026-09-22 09:03:14.550,114814.69999999998,T250_S150,TAKE_PROFIT,2026-09-22 09:07:39.170,2.513,2.273,2.513,-0.7967,PROFIT_PROTECT,A0.75_F0.50,v171_pp_1,True,2026-09-22 09:04:38.475,True,2026-09-22 09:04:38.578,115000.0,,,,0.1614,-0.0786,False,True,115200.0,115300.0,115600.0,COMPLETE,True,2026-09-22 09:04:55.972,,,2026-09-22 09:07:39.070,,,PRICE_PATH_ONLY,2.3478,-0.1739
v2.2.0,20260922_353200_BASE_E001_090314550904,353200,대덕전자,2026-09-22 09:03:14.550,114814.69999999998,T250_S150,TAKE_PROFIT,2026-09-22 09:07:39.170,2.513,2.273,2.513,-0.7967,PROFIT_PROTECT,A0.75_F0.60,v171_pp_1,True,2026-09-22 09:04:38.475,True,2026-09-22 09:04:38.578,115500.0,,,,0.5969,0.3569,False,True,115200.0,115300.0,115600.0,COMPLETE,True,2026-09-22 09:04:55.972,,,2026-09-22 09:07:39.070,,,PRICE_PATH_ONLY,1.9048,-0.6061
v2.2.0,20260922_353200_BASE_E001_090314550904,353200,대덕전자,2026-09-22 09:03:14.550,114814.69999999998,T250_S150,TAKE_PROFIT,2026-09-22 09:07:39.170,2.513,2.273,2.513,-0.7967,PROFIT_PROTECT,A0.75_F0.70,v171_pp_1,True,2026-09-22 09:04:38.475,True,2026-09-22 09:04:38.578,115600.0,,,,0.684,0.444,False,True,115200.0,115300.0,115600.0,COMPLETE,True,2026-09-22 09:04:55.972,,,2026-09-22 09:07:39.070,,,PRICE_PATH_ONLY,1.8166,-0.692
v2.2.0,20260922_353200_BASE_E001_090314550904,353200,대덕전자,2026-09-22 09:03:14.550,114814.69999999998,T250_S150,TAKE_PROFIT,2026-09-22 09:07:39.170,2.513,2.273,2.513,-0.7967,PROFIT_PROTECT,A1.00_F0.40,v171_pp_1,True,2026-09-22 09:04:55.972,True,2026-09-22 09:05:03.500,115250.0,,,,0.3791,0.1391,False,True,115400.0,115100.0,115200.0,COMPLETE,True,2026-09-22 09:04:55.972,,,2026-09-22 09:07:39.070,,,PRICE_PATH_ONLY,2.1258,-0.2169
v2.2.0,20260922_353200_BASE_E001_090314550904,353200,대덕전자,2026-09-22 09:03:14.550,114814.69999999998,T250_S150,TAKE_PROFIT,2026-09-22 09:07:39.170,2.513,2.273,2.513,-0.7967,PROFIT_PROTECT,A1.00_F0.50,v171_pp_1,True,2026-09-22 09:04:55.972,True,2026-09-22 09:05:03.395,115300.0,,,,0.4227,0.1827,False,True,115400.0,115100.0,115200.0,COMPLETE,True,2026-09-22 09:04:55.972,,,2026-09-22 09:07:39.070,,,PRICE_PATH_ONLY,2.0815,-0.2602
v2.2.0,20260922_353200_BASE_E001_090314550904,353200,대덕전자,2026-09-22 09:03:14.550,114814.69999999998,T250_S150,TAKE_PROFIT,2026-09-22 09:07:39.170,2.513,2.273,2.513,-0.7967,PROFIT_PROTECT,A1.00_F0.60,v171_pp_1,True,2026-09-22 09:04:55.972,True,2026-09-22 09:05:00.903,115500.0,,,,0.5969,0.3569,False,True,115300.0,115200.0,115100.0,COMPLETE,True,2026-09-22 09:04:55.972,,,2026-09-22 09:07:39.070,,,PRICE_PATH_ONLY,1.9048,-0.4329
v2.2.0,20260922_353200_BASE_E001_090314550904,353200,대덕전자,2026-09-22 09:03:14.550,114814.69999999998,T250_S150,TAKE_PROFIT,2026-09-22 09:07:39.170,2.513,2.273,2.513,-0.7967,PROFIT_PROTECT,A1.00_F0.70,v171_pp_1,True,2026-09-22 09:04:55.972,True,2026-09-22 09:05:00.179,115600.0,,,,0.684,0.444,False,True,115300.0,115400.0,115100.0,COMPLETE,True,2026-09-22 09:04:55.972,,,2026-09-22 09:07:39.070,,,PRICE_PATH_ONLY,1.8166,-0.519
v2.2.0,20260922_353200_BASE_E001_090314550904,353200,대덕전자,2026-09-22 09:03:14.550,114814.69999999998,T250_S150,TAKE_PROFIT,2026-09-22 09:07:39.170,2.513,2.273,2.513,-0.7967,PROFIT_PROTECT,A1.25_F0.40,v171_pp_1,True,2026-09-22 09:05:23.472,False,,,,,,,,False,False,,,,COMPLETE,True,2026-09-22 09:04:55.972,,,2026-09-22 09:07:39.070,,,PRICE_PATH_ONLY,,
v2.2.0,20260922_353200_BASE_E001_090314550904,353200,대덕전자,2026-09-22 09:03:14.550,114814.69999999998,T250_S150,TAKE_PROFIT,2026-09-22 09:07:39.170,2.513,2.273,2.513,-0.7967,PROFIT_PROTECT,A1.25_F0.50,v171_pp_1,True,2026-09-22 09:05:23.472,False,,,,,,,,False,False,,,,COMPLETE,True,2026-09-22 09:04:55.972,,,2026-09-22 09:07:39.070,,,PRICE_PATH_ONLY,,
v2.2.0,20260922_353200_BASE_E001_090314550904,353200,대덕전자,2026-09-22 09:03:14.550,114814.69999999998,T250_S150,TAKE_PROFIT,2026-09-22 09:07:39.170,2.513,2.273,2.513,-0.7967,PROFIT_PROTECT,A1.25_F0.60,v171_pp_1,True,2026-09-22 09:05:23.472,False,,,,,,,,False,False,,,,COMPLETE,True,2026-09-22 09:04:55.972,,,2026-09-22 09:07:39.070,,,PRICE_PATH_ONLY,,
v2.2.0,20260922_353200_BASE_E001_090314550904,353200,대덕전자,2026-09-22 09:03:14.550,114814.69999999998,T250_S150,TAKE_PROFIT,2026-09-22 09:07:39.170,2.513,2.273,2.513,-0.7967,PROFIT_PROTECT,A1.25_F0.70,v171_pp_1,True,2026-09-22 09:05:23.472,False,,,,,,,,False,False,,,,COMPLETE,True,2026-09-22 09:04:55.972,,,2026-09-22 09:07:39.070,,,PRICE_PATH_ONLY,,
v2.2.0,20260922_353200_BASE_E001_090314550904,353200,대덕전자,2026-09-22 09:03:14.550,114814.69999999998,T250_S150,TAKE_PROFIT,2026-09-22 09:07:39.170,2.513,2.273,2.513,-0.7967,PROFIT_PROTECT,A1.50_F0.40,v171_pp_1,True,2026-09-22 09:05:24.771,False,,,,,,,,False,False,,,,COMPLETE,True,2026-09-22 09:04:55.972,,,2026-09-22 09:07:39.070,,,PRICE_PATH_ONLY,,
v2.2.0,20260922_353200_BASE_E001_090314550904,353200,대덕전자,2026-09-22 09:03:14.550,114814.69999999998,T250_S150,TAKE_PROFIT,2026-09-22 09:07:39.170,2.513,2.273,2.513,-0.7967,PROFIT_PROTECT,A1.50_F0.50,v171_pp_1,True,2026-09-22 09:05:24.771,False,,,,,,,,False,False,,,,COMPLETE,True,2026-09-22 09:04:55.972,,,2026-09-22 09:07:39.070,,,PRICE_PATH_ONLY,,
v2.2.0,20260922_353200_BASE_E001_090314550904,353200,대덕전자,2026-09-22 09:03:14.550,114814.69999999998,T250_S150,TAKE_PROFIT,2026-09-22 09:07:39.170,2.513,2.273,2.513,-0.7967,PROFIT_PROTECT,A1.50_F0.60,v171_pp_1,True,2026-09-22 09:05:24.771,False,,,,,,,,False,False,,,,COMPLETE,True,2026-09-22 09:04:55.972,,,2026-09-22 09:07:39.070,,,PRICE_PATH_ONLY,,
v2.2.0,20260922_353200_BASE_E001_090314550904,353200,대덕전자,2026-09-22 09:03:14.550,114814.69999999998,T250_S150,TAKE_PROFIT,2026-09-22 09:07:39.170,2.513,2.273,2.513,-0.7967,PROFIT_PROTECT,A1.50_F0.70,v171_pp_1,True,2026-09-22 09:05:24.771,False,,,,,,,,False,False,,,,COMPLETE,True,2026-09-22 09:04:55.972,,,2026-09-22 09:07:39.070,,,PRICE_PATH_ONLY,,
v2.2.0,20260922_353200_BASE_E001_090314550904,353200,대덕전자,2026-09-22 09:03:14.550,114814.69999999998,T250_S150,TAKE_PROFIT,2026-09-22 09:07:39.170,2.513,2.273,2.513,-0.7967,NOON_RECOVERY,NOON_RECOVERY_1200_P040,v171_noon_1,,,False,,,,,,,,,,,,,COMPLETE,True,2026-09-22 09:04:55.972,,,2026-09-22 09:07:39.070,,,PRICE_PATH_ONLY,,
v2.2.0,20260922_353200_BASE_E001_090314550904,353200,대덕전자,2026-09-22 09:03:14.550,114814.69999999998,T250_S150,TAKE_PROFIT,2026-09-22 09:07:39.170,2.513,2.273,2.513,-0.7967,NOON_RECOVERY,TIME_RECOVERY_1230_P040,v171_noon_1,,,False,,,,,,,,,,,,,COMPLETE,True,2026-09-22 09:04:55.972,,,2026-09-22 09:07:39.070,,,PRICE_PATH_ONLY,,
v2.2.0,20260922_353200_BASE_E001_090314550904,353200,대덕전자,2026-09-22 09:03:14.550,114814.69999999998,T250_S150,TAKE_PROFIT,2026-09-22 09:07:39.170,2.513,2.273,2.513,-0.7967,NOON_RECOVERY,TIME_RECOVERY_1300_P040,v171_noon_1,,,False,,,,,,,,,,,,,COMPLETE,True,2026-09-22 09:04:55.972,,,2026-09-22 09:07:39.070,,,PRICE_PATH_ONLY,,
v2.2.0,20260922_353200_BASE_E001_090314550904,353200,대덕전자,2026-09-22 09:03:14.550,114814.69999999998,T250_S150,TAKE_PROFIT,2026-09-22 09:07:39.170,2.513,2.273,2.513,-0.7967,NOON_RECOVERY,TIME_RECOVERY_1330_P040,v171_noon_1,,,False,,,,,,,,,,,,,COMPLETE,True,2026-09-22 09:04:55.972,,,2026-09-22 09:07:39.070,,,PRICE_PATH_ONLY,,
v2.2.0,20260922_353200_BASE_E001_090314550904,353200,대덕전자,2026-09-22 09:03:14.550,114814.69999999998,T250_S150,TAKE_PROFIT,2026-09-22 09:07:39.170,2.513,2.273,2.513,-0.7967,NOON_RECOVERY,TIME_RECOVERY_1400_P040,v171_noon_1,,,False,,,,,,,,,,,,,COMPLETE,True,2026-09-22 09:04:55.972,,,2026-09-22 09:07:39.070,,,PRICE_PATH_ONLY,,
v2.2.0,20260922_000500_BASE_E001_090656400654,000500,가온전선,2026-09-22 09:06:56.400,341340.99999999994,T250_S150,STOP_LOSS,2026-09-22 09:08:29.170,-1.5647,-1.8047,0.1931,-1.5647,NOON_RECOVERY,HOLD_T250_S150_TO_1520,v171_noon_1,,,False,,,,,,-1.5647,-1.8047,,,,,,COMPLETE,False,,,,2026-09-22 09:06:59.493,,,PRICE_PATH_ONLY,,
v2.2.0,20260922_000500_BASE_E001_090656400654,000500,가온전선,2026-09-22 09:06:56.400,341340.99999999994,T250_S150,STOP_LOSS,2026-09-22 09:08:29.170,-1.5647,-1.8047,0.1931,-1.5647,PROFIT_PROTECT,A0.75_F0.40,v171_pp_1,False,,False,,,,,,,,False,False,,,,COMPLETE,False,,,,2026-09-22 09:06:59.493,,,PRICE_PATH_ONLY,,
v2.2.0,20260922_000500_BASE_E001_090656400654,000500,가온전선,2026-09-22 09:06:56.400,341340.99999999994,T250_S150,STOP_LOSS,2026-09-22 09:08:29.170,-1.5647,-1.8047,0.1931,-1.5647,PROFIT_PROTECT,A0.75_F0.50,v171_pp_1,False,,False,,,,,,,,False,False,,,,COMPLETE,False,,,,2026-09-22 09:06:59.493,,,PRICE_PATH_ONLY,,
v2.2.0,20260922_000500_BASE_E001_090656400654,000500,가온전선,2026-09-22 09:06:56.400,341340.99999999994,T250_S150,STOP_LOSS,2026-09-22 09:08:29.170,-1.5647,-1.8047,0.1931,-1.5647,PROFIT_PROTECT,A0.75_F0.60,v171_pp_1,False,,False,,,,,,,,False,False,,,,COMPLETE,False,,,,2026-09-22 09:06:59.493,,,PRICE_PATH_ONLY,,
v2.2.0,20260922_000500_BASE_E001_090656400654,000500,가온전선,2026-09-22 09:06:56.400,341340.99999999994,T250_S150,STOP_LOSS,2026-09-22 09:08:29.170,-1.5647,-1.8047,0.1931,-1.5647,PROFIT_PROTECT,A0.75_F0.70,v171_pp_1,False,,False,,,,,,,,False,False,,,,COMPLETE,False,,,,2026-09-22 09:06:59.493,,,PRICE_PATH_ONLY,,
v2.2.0,20260922_000500_BASE_E001_090656400654,000500,가온전선,2026-09-22 09:06:56.400,341340.99999999994,T250_S150,STOP_LOSS,2026-09-22 09:08:29.170,-1.5647,-1.8047,0.1931,-1.5647,PROFIT_PROTECT,A1.00_F0.40,v171_pp_1,False,,False,,,,,,,,False,False,,,,COMPLETE,False,,,,2026-09-22 09:06:59.493,,,PRICE_PATH_ONLY,,
v2.2.0,20260922_000500_BASE_E001_090656400654,000500,가온전선,2026-09-22 09:06:56.400,341340.99999999994,T250_S150,STOP_LOSS,2026-09-22 09:08:29.170,-1.5647,-1.8047,0.1931,-1.5647,PROFIT_PROTECT,A1.00_F0.50,v171_pp_1,False,,False,,,,,,,,False,False,,,,COMPLETE,False,,,,2026-09-22 09:06:59.493,,,PRICE_PATH_ONLY,,
v2.2.0,20260922_000500_BASE_E001_090656400654,000500,가온전선,2026-09-22 09:06:56.400,341340.99999999994,T250_S150,STOP_LOSS,2026-09-22 09:08:29.170,-1.5647,-1.8047,0.1931,-1.5647,PROFIT_PROTECT,A1.00_F0.60,v171_pp_1,False,,False,,,,,,,,False,False,,,,COMPLETE,False,,,,2026-09-22 09:06:59.493,,,PRICE_PATH_ONLY,,
v2.2.0,20260922_000500_BASE_E001_090656400654,000500,가온전선,2026-09-22 09:06:56.400,341340.99999999994,T250_S150,STOP_LOSS,2026-09-22 09:08:29.170,-1.5647,-1.8047,0.1931,-1.5647,PROFIT_PROTECT,A1.00_F0.70,v171_pp_1,False,,False,,,,,,,,False,False,,,,COMPLETE,False,,,,2026-09-22 09:06:59.493,,,PRICE_PATH_ONLY,,
v2.2.0,20260922_000500_BASE_E001_090656400654,000500,가온전선,2026-09-22 09:06:56.400,341340.99999999994,T250_S150,STOP_LOSS,2026-09-22 09:08:29.170,-1.5647,-1.8047,0.1931,-1.5647,PROFIT_PROTECT,A1.25_F0.40,v171_pp_1,False,,False,,,,,,,,False,False,,,,COMPLETE,False,,,,2026-09-22 09:06:59.493,,,PRICE_PATH_ONLY,,
v2.2.0,20260922_000500_BASE_E001_090656400654,000500,가온전선,2026-09-22 09:06:56.400,341340.99999999994,T250_S150,STOP_LOSS,2026-09-22 09:08:29.170,-1.5647,-1.8047,0.1931,-1.5647,PROFIT_PROTECT,A1.25_F0.50,v171_pp_1,False,,False,,,,,,,,False,False,,,,COMPLETE,False,,,,2026-09-22 09:06:59.493,,,PRICE_PATH_ONLY,,
v2.2.0,20260922_000500_BASE_E001_090656400654,000500,가온전선,2026-09-22 09:06:56.400,341340.99999999994,T250_S150,STOP_LOSS,2026-09-22 09:08:29.170,-1.5647,-1.8047,0.1931,-1.5647,PROFIT_PROTECT,A1.25_F0.60,v171_pp_1,False,,False,,,,,,,,False,False,,,,COMPLETE,False,,,,2026-09-22 09:06:59.493,,,PRICE_PATH_ONLY,,
v2.2.0,20260922_000500_BASE_E001_090656400654,000500,가온전선,2026-09-22 09:06:56.400,341340.99999999994,T250_S150,STOP_LOSS,2026-09-22 09:08:29.170,-1.5647,-1.8047,0.1931,-1.5647,PROFIT_PROTECT,A1.25_F0.70,v171_pp_1,False,,False,,,,,,,,False,False,,,,COMPLETE,False,,,,2026-09-22 09:06:59.493,,,PRICE_PATH_ONLY,,
v2.2.0,20260922_000500_BASE_E001_090656400654,000500,가온전선,2026-09-22 09:06:56.400,341340.99999999994,T250_S150,STOP_LOSS,2026-09-22 09:08:29.170,-1.5647,-1.8047,0.1931,-1.5647,PROFIT_PROTECT,A1.50_F0.40,v171_pp_1,False,,False,,,,,,,,False,False,,,,COMPLETE,False,,,,2026-09-22 09:06:59.493,,,PRICE_PATH_ONLY,,
v2.2.0,20260922_000500_BASE_E001_090656400654,000500,가온전선,2026-09-22 09:06:56.400,341340.99999999994,T250_S150,STOP_LOSS,2026-09-22 09:08:29.170,-1.5647,-1.8047,0.1931,-1.5647,PROFIT_PROTECT,A1.50_F0.50,v171_pp_1,False,,False,,,,,,,,False,False,,,,COMPLETE,False,,,,2026-09-22 09:06:59.493,,,PRICE_PATH_ONLY,,
v2.2.0,20260922_000500_BASE_E001_090656400654,000500,가온전선,2026-09-22 09:06:56.400,341340.99999999994,T250_S150,STOP_LOSS,2026-09-22 09:08:29.170,-1.5647,-1.8047,0.1931,-1.5647,PROFIT_PROTECT,A1.50_F0.60,v171_pp_1,False,,False,,,,,,,,False,False,,,,COMPLETE,False,,,,2026-09-22 09:06:59.493,,,PRICE_PATH_ONLY,,
v2.2.0,20260922_000500_BASE_E001_090656400654,000500,가온전선,2026-09-22 09:06:56.400,341340.99999999994,T250_S150,STOP_LOSS,2026-09-22 09:08:29.170,-1.5647,-1.8047,0.1931,-1.5647,PROFIT_PROTECT,A1.50_F0.70,v171_pp_1,False,,False,,,,,,,,False,False,,,,COMPLETE,False,,,,2026-09-22 09:06:59.493,,,PRICE_PATH_ONLY,,
v2.2.0,20260922_000500_BASE_E001_090656400654,000500,가온전선,2026-09-22 09:06:56.400,341340.99999999994,T250_S150,STOP_LOSS,2026-09-22 09:08:29.170,-1.5647,-1.8047,0.1931,-1.5647,NOON_RECOVERY,NOON_RECOVERY_1200_P040,v171_noon_1,,,False,,,,,,,,,,,,,COMPLETE,False,,,,2026-09-22 09:06:59.493,,,PRICE_PATH_ONLY,,
v2.2.0,20260922_000500_BASE_E001_090656400654,000500,가온전선,2026-09-22 09:06:56.400,341340.99999999994,T250_S150,STOP_LOSS,2026-09-22 09:08:29.170,-1.5647,-1.8047,0.1931,-1.5647,NOON_RECOVERY,TIME_RECOVERY_1230_P040,v171_noon_1,,,False,,,,,,,,,,,,,COMPLETE,False,,,,2026-09-22 09:06:59.493,,,PRICE_PATH_ONLY,,
v2.2.0,20260922_000500_BASE_E001_090656400654,000500,가온전선,2026-09-22 09:06:56.400,341340.99999999994,T250_S150,STOP_LOSS,2026-09-22 09:08:29.170,-1.5647,-1.8047,0.1931,-1.5647,NOON_RECOVERY,TIME_RECOVERY_1300_P040,v171_noon_1,,,False,,,,,,,,,,,,,COMPLETE,False,,,,2026-09-22 09:06:59.493,,,PRICE_PATH_ONLY,,
v2.2.0,20260922_000500_BASE_E001_090656400654,000500,가온전선,2026-09-22 09:06:56.400,341340.99999999994,T250_S150,STOP_LOSS,2026-09-22 09:08:29.170,-1.5647,-1.8047,0.1931,-1.5647,NOON_RECOVERY,TIME_RECOVERY_1330_P040,v171_noon_1,,,False,,,,,,,,,,,,,COMPLETE,False,,,,2026-09-22 09:06:59.493,,,PRICE_PATH_ONLY,,
v2.2.0,20260922_000500_BASE_E001_090656400654,000500,가온전선,2026-09-22 09:06:56.400,341340.99999999994,T250_S150,STOP_LOSS,2026-09-22 09:08:29.170,-1.5647,-1.8047,0.1931,-1.5647,NOON_RECOVERY,TIME_RECOVERY_1400_P040,v171_noon_1,,,False,,,,,,,,,,,,,COMPLETE,False,,,,2026-09-22 09:06:59.493,,,PRICE_PATH_ONLY,,
v2.2.0,20260922_001440_BASE_E001_091134838019,001440,대한전선,2026-09-22 09:11:34.838,31831.799999999996,T250_S150,TAKE_PROFIT,2026-09-22 09:13:46.058,2.5704,2.3304,2.5704,-0.0999,NOON_RECOVERY,HOLD_T250_S150_TO_1520,v171_noon_1,,,False,,,,,,2.5704,2.3304,,,,,,COMPLETE,True,2026-09-22 09:12:43.871,,,2026-09-22 09:13:46.055,,,PRICE_PATH_ONLY,,
v2.2.0,20260922_001440_BASE_E001_091134838019,001440,대한전선,2026-09-22 09:11:34.838,31831.799999999996,T250_S150,TAKE_PROFIT,2026-09-22 09:13:46.058,2.5704,2.3304,2.5704,-0.0999,PROFIT_PROTECT,A0.75_F0.40,v171_pp_1,True,2026-09-22 09:12:39.569,False,,,,,,,,False,False,,,,COMPLETE,True,2026-09-22 09:12:43.871,,,2026-09-22 09:13:46.055,,,PRICE_PATH_ONLY,,
v2.2.0,20260922_001440_BASE_E001_091134838019,001440,대한전선,2026-09-22 09:11:34.838,31831.799999999996,T250_S150,TAKE_PROFIT,2026-09-22 09:13:46.058,2.5704,2.3304,2.5704,-0.0999,PROFIT_PROTECT,A0.75_F0.50,v171_pp_1,True,2026-09-22 09:12:39.569,False,,,,,,,,False,False,,,,COMPLETE,True,2026-09-22 09:12:43.871,,,2026-09-22 09:13:46.055,,,PRICE_PATH_ONLY,,
v2.2.0,20260922_001440_BASE_E001_091134838019,001440,대한전선,2026-09-22 09:11:34.838,31831.799999999996,T250_S150,TAKE_PROFIT,2026-09-22 09:13:46.058,2.5704,2.3304,2.5704,-0.0999,PROFIT_PROTECT,A0.75_F0.60,v171_pp_1,True,2026-09-22 09:12:39.569,False,,,,,,,,False,False,,,,COMPLETE,True,2026-09-22 09:12:43.871,,,2026-09-22 09:13:46.055,,,PRICE_PATH_ONLY,,
v2.2.0,20260922_001440_BASE_E001_091134838019,001440,대한전선,2026-09-22 09:11:34.838,31831.799999999996,T250_S150,TAKE_PROFIT,2026-09-22 09:13:46.058,2.5704,2.3304,2.5704,-0.0999,PROFIT_PROTECT,A0.75_F0.70,v171_pp_1,True,2026-09-22 09:12:39.569,True,2026-09-22 09:12:39.569,32050.0,,,,0.6855,0.4455,False,True,32250.0,32250.0,32350.0,COMPLETE,True,2026-09-22 09:12:43.871,,,2026-09-22 09:13:46.055,,,PRICE_PATH_ONLY,1.8721,0.0
v2.2.0,20260922_001440_BASE_E001_091134838019,001440,대한전선,2026-09-22 09:11:34.838,31831.799999999996,T250_S150,TAKE_PROFIT,2026-09-22 09:13:46.058,2.5704,2.3304,2.5704,-0.0999,PROFIT_PROTECT,A1.00_F0.40,v171_pp_1,True,2026-09-22 09:12:43.871,False,,,,,,,,False,False,,,,COMPLETE,True,2026-09-22 09:12:43.871,,,2026-09-22 09:13:46.055,,,PRICE_PATH_ONLY,,
v2.2.0,20260922_001440_BASE_E001_091134838019,001440,대한전선,2026-09-22 09:11:34.838,31831.799999999996,T250_S150,TAKE_PROFIT,2026-09-22 09:13:46.058,2.5704,2.3304,2.5704,-0.0999,PROFIT_PROTECT,A1.00_F0.50,v171_pp_1,True,2026-09-22 09:12:43.871,False,,,,,,,,False,False,,,,COMPLETE,True,2026-09-22 09:12:43.871,,,2026-09-22 09:13:46.055,,,PRICE_PATH_ONLY,,
v2.2.0,20260922_001440_BASE_E001_091134838019,001440,대한전선,2026-09-22 09:11:34.838,31831.799999999996,T250_S150,TAKE_PROFIT,2026-09-22 09:13:46.058,2.5704,2.3304,2.5704,-0.0999,PROFIT_PROTECT,A1.00_F0.60,v171_pp_1,True,2026-09-22 09:12:43.871,False,,,,,,,,False,False,,,,COMPLETE,True,2026-09-22 09:12:43.871,,,2026-09-22 09:13:46.055,,,PRICE_PATH_ONLY,,
v2.2.0,20260922_001440_BASE_E001_091134838019,001440,대한전선,2026-09-22 09:11:34.838,31831.799999999996,T250_S150,TAKE_PROFIT,2026-09-22 09:13:46.058,2.5704,2.3304,2.5704,-0.0999,PROFIT_PROTECT,A1.00_F0.70,v171_pp_1,True,2026-09-22 09:12:43.871,False,,,,,,,,False,False,,,,COMPLETE,True,2026-09-22 09:12:43.871,,,2026-09-22 09:13:46.055,,,PRICE_PATH_ONLY,,
v2.2.0,20260922_001440_BASE_E001_091134838019,001440,대한전선,2026-09-22 09:11:34.838,31831.799999999996,T250_S150,TAKE_PROFIT,2026-09-22 09:13:46.058,2.5704,2.3304,2.5704,-0.0999,PROFIT_PROTECT,A1.25_F0.40,v171_pp_1,True,2026-09-22 09:12:44.659,False,,,,,,,,False,False,,,,COMPLETE,True,2026-09-22 09:12:43.871,,,2026-09-22 09:13:46.055,,,PRICE_PATH_ONLY,,
v2.2.0,20260922_001440_BASE_E001_091134838019,001440,대한전선,2026-09-22 09:11:34.838,31831.799999999996,T250_S150,TAKE_PROFIT,2026-09-22 09:13:46.058,2.5704,2.3304,2.5704,-0.0999,PROFIT_PROTECT,A1.25_F0.50,v171_pp_1,True,2026-09-22 09:12:44.659,False,,,,,,,,False,False,,,,COMPLETE,True,2026-09-22 09:12:43.871,,,2026-09-22 09:13:46.055,,,PRICE_PATH_ONLY,,
v2.2.0,20260922_001440_BASE_E001_091134838019,001440,대한전선,2026-09-22 09:11:34.838,31831.799999999996,T250_S150,TAKE_PROFIT,2026-09-22 09:13:46.058,2.5704,2.3304,2.5704,-0.0999,PROFIT_PROTECT,A1.25_F0.60,v171_pp_1,True,2026-09-22 09:12:44.659,False,,,,,,,,False,False,,,,COMPLETE,True,2026-09-22 09:12:43.871,,,2026-09-22 09:13:46.055,,,PRICE_PATH_ONLY,,
v2.2.0,20260922_001440_BASE_E001_091134838019,001440,대한전선,2026-09-22 09:11:34.838,31831.799999999996,T250_S150,TAKE_PROFIT,2026-09-22 09:13:46.058,2.5704,2.3304,2.5704,-0.0999,PROFIT_PROTECT,A1.25_F0.70,v171_pp_1,True,2026-09-22 09:12:44.659,False,,,,,,,,False,False,,,,COMPLETE,True,2026-09-22 09:12:43.871,,,2026-09-22 09:13:46.055,,,PRICE_PATH_ONLY,,
v2.2.0,20260922_001440_BASE_E001_091134838019,001440,대한전선,2026-09-22 09:11:34.838,31831.799999999996,T250_S150,TAKE_PROFIT,2026-09-22 09:13:46.058,2.5704,2.3304,2.5704,-0.0999,PROFIT_PROTECT,A1.50_F0.40,v171_pp_1,True,2026-09-22 09:12:53.362,False,,,,,,,,False,False,,,,COMPLETE,True,2026-09-22 09:12:43.871,,,2026-09-22 09:13:46.055,,,PRICE_PATH_ONLY,,
v2.2.0,20260922_001440_BASE_E001_091134838019,001440,대한전선,2026-09-22 09:11:34.838,31831.799999999996,T250_S150,TAKE_PROFIT,2026-09-22 09:13:46.058,2.5704,2.3304,2.5704,-0.0999,PROFIT_PROTECT,A1.50_F0.50,v171_pp_1,True,2026-09-22 09:12:53.362,False,,,,,,,,False,False,,,,COMPLETE,True,2026-09-22 09:12:43.871,,,2026-09-22 09:13:46.055,,,PRICE_PATH_ONLY,,
v2.2.0,20260922_001440_BASE_E001_091134838019,001440,대한전선,2026-09-22 09:11:34.838,31831.799999999996,T250_S150,TAKE_PROFIT,2026-09-22 09:13:46.058,2.5704,2.3304,2.5704,-0.0999,PROFIT_PROTECT,A1.50_F0.60,v171_pp_1,True,2026-09-22 09:12:53.362,False,,,,,,,,False,False,,,,COMPLETE,True,2026-09-22 09:12:43.871,,,2026-09-22 09:13:46.055,,,PRICE_PATH_ONLY,,
v2.2.0,20260922_001440_BASE_E001_091134838019,001440,대한전선,2026-09-22 09:11:34.838,31831.799999999996,T250_S150,TAKE_PROFIT,2026-09-22 09:13:46.058,2.5704,2.3304,2.5704,-0.0999,PROFIT_PROTECT,A1.50_F0.70,v171_pp_1,True,2026-09-22 09:12:53.362,False,,,,,,,,False,False,,,,COMPLETE,True,2026-09-22 09:12:43.871,,,2026-09-22 09:13:46.055,,,PRICE_PATH_ONLY,,
v2.2.0,20260922_001440_BASE_E001_091134838019,001440,대한전선,2026-09-22 09:11:34.838,31831.799999999996,T250_S150,TAKE_PROFIT,2026-09-22 09:13:46.058,2.5704,2.3304,2.5704,-0.0999,NOON_RECOVERY,NOON_RECOVERY_1200_P040,v171_noon_1,,,False,,,,,,,,,,,,,COMPLETE,True,2026-09-22 09:12:43.871,,,2026-09-22 09:13:46.055,,,PRICE_PATH_ONLY,,
v2.2.0,20260922_001440_BASE_E001_091134838019,001440,대한전선,2026-09-22 09:11:34.838,31831.799999999996,T250_S150,TAKE_PROFIT,2026-09-22 09:13:46.058,2.5704,2.3304,2.5704,-0.0999,NOON_RECOVERY,TIME_RECOVERY_1230_P040,v171_noon_1,,,False,,,,,,,,,,,,,COMPLETE,True,2026-09-22 09:12:43.871,,,2026-09-22 09:13:46.055,,,PRICE_PATH_ONLY,,
v2.2.0,20260922_001440_BASE_E001_091134838019,001440,대한전선,2026-09-22 09:11:34.838,31831.799999999996,T250_S150,TAKE_PROFIT,2026-09-22 09:13:46.058,2.5704,2.3304,2.5704,-0.0999,NOON_RECOVERY,TIME_RECOVERY_1300_P040,v171_noon_1,,,False,,,,,,,,,,,,,COMPLETE,True,2026-09-22 09:12:43.871,,,2026-09-22 09:13:46.055,,,PRICE_PATH_ONLY,,
v2.2.0,20260922_001440_BASE_E001_091134838019,001440,대한전선,2026-09-22 09:11:34.838,31831.799999999996,T250_S150,TAKE_PROFIT,2026-09-22 09:13:46.058,2.5704,2.3304,2.5704,-0.0999,NOON_RECOVERY,TIME_RECOVERY_1330_P040,v171_noon_1,,,False,,,,,,,,,,,,,COMPLETE,True,2026-09-22 09:12:43.871,,,2026-09-22 09:13:46.055,,,PRICE_PATH_ONLY,,
v2.2.0,20260922_001440_BASE_E001_091134838019,001440,대한전선,2026-09-22 09:11:34.838,31831.799999999996,T250_S150,TAKE_PROFIT,2026-09-22 09:13:46.058,2.5704,2.3304,2.5704,-0.0999,NOON_RECOVERY,TIME_RECOVERY_1400_P040,v171_noon_1,,,False,,,,,,,,,,,,,COMPLETE,True,2026-09-22 09:12:43.871,,,2026-09-22 09:13:46.055,,,PRICE_PATH_ONLY,,
v2.2.0,20260922_080220_BASE_E002_091619412017,080220,제주반도체,2026-09-22 09:16:19.412,80079.99999999999,T250_S150,STOP_LOSS,2026-09-22 09:18:33.679,-1.5984,-1.8384,0.025,-1.5984,NOON_RECOVERY,HOLD_T250_S150_TO_1520,v171_noon_1,,,False,,,,,,-1.5984,-1.8384,,,,,,COMPLETE,False,,,,2026-09-22 09:16:23.562,,,PRICE_PATH_ONLY,,
v2.2.0,20260922_080220_BASE_E002_091619412017,080220,제주반도체,2026-09-22 09:16:19.412,80079.99999999999,T250_S150,STOP_LOSS,2026-09-22 09:18:33.679,-1.5984,-1.8384,0.025,-1.5984,PROFIT_PROTECT,A0.75_F0.40,v171_pp_1,False,,False,,,,,,,,False,False,,,,COMPLETE,False,,,,2026-09-22 09:16:23.562,,,PRICE_PATH_ONLY,,
v2.2.0,20260922_080220_BASE_E002_091619412017,080220,제주반도체,2026-09-22 09:16:19.412,80079.99999999999,T250_S150,STOP_LOSS,2026-09-22 09:18:33.679,-1.5984,-1.8384,0.025,-1.5984,PROFIT_PROTECT,A0.75_F0.50,v171_pp_1,False,,False,,,,,,,,False,False,,,,COMPLETE,False,,,,2026-09-22 09:16:23.562,,,PRICE_PATH_ONLY,,
v2.2.0,20260922_080220_BASE_E002_091619412017,080220,제주반도체,2026-09-22 09:16:19.412,80079.99999999999,T250_S150,STOP_LOSS,2026-09-22 09:18:33.679,-1.5984,-1.8384,0.025,-1.5984,PROFIT_PROTECT,A0.75_F0.60,v171_pp_1,False,,False,,,,,,,,False,False,,,,COMPLETE,False,,,,2026-09-22 09:16:23.562,,,PRICE_PATH_ONLY,,
v2.2.0,20260922_080220_BASE_E002_091619412017,080220,제주반도체,2026-09-22 09:16:19.412,80079.99999999999,T250_S150,STOP_LOSS,2026-09-22 09:18:33.679,-1.5984,-1.8384,0.025,-1.5984,PROFIT_PROTECT,A0.75_F0.70,v171_pp_1,False,,False,,,,,,,,False,False,,,,COMPLETE,False,,,,2026-09-22 09:16:23.562,,,PRICE_PATH_ONLY,,
v2.2.0,20260922_080220_BASE_E002_091619412017,080220,제주반도체,2026-09-22 09:16:19.412,80079.99999999999,T250_S150,STOP_LOSS,2026-09-22 09:18:33.679,-1.5984,-1.8384,0.025,-1.5984,PROFIT_PROTECT,A1.00_F0.40,v171_pp_1,False,,False,,,,,,,,False,False,,,,COMPLETE,False,,,,2026-09-22 09:16:23.562,,,PRICE_PATH_ONLY,,
v2.2.0,20260922_080220_BASE_E002_091619412017,080220,제주반도체,2026-09-22 09:16:19.412,80079.99999999999,T250_S150,STOP_LOSS,2026-09-22 09:18:33.679,-1.5984,-1.8384,0.025,-1.5984,PROFIT_PROTECT,A1.00_F0.50,v171_pp_1,False,,False,,,,,,,,False,False,,,,COMPLETE,False,,,,2026-09-22 09:16:23.562,,,PRICE_PATH_ONLY,,
v2.2.0,20260922_080220_BASE_E002_091619412017,080220,제주반도체,2026-09-22 09:16:19.412,80079.99999999999,T250_S150,STOP_LOSS,2026-09-22 09:18:33.679,-1.5984,-1.8384,0.025,-1.5984,PROFIT_PROTECT,A1.00_F0.60,v171_pp_1,False,,False,,,,,,,,False,False,,,,COMPLETE,False,,,,2026-09-22 09:16:23.562,,,PRICE_PATH_ONLY,,
v2.2.0,20260922_080220_BASE_E002_091619412017,080220,제주반도체,2026-09-22 09:16:19.412,80079.99999999999,T250_S150,STOP_LOSS,2026-09-22 09:18:33.679,-1.5984,-1.8384,0.025,-1.5984,PROFIT_PROTECT,A1.00_F0.70,v171_pp_1,False,,False,,,,,,,,False,False,,,,COMPLETE,False,,,,2026-09-22 09:16:23.562,,,PRICE_PATH_ONLY,,
v2.2.0,20260922_080220_BASE_E002_091619412017,080220,제주반도체,2026-09-22 09:16:19.412,80079.99999999999,T250_S150,STOP_LOSS,2026-09-22 09:18:33.679,-1.5984,-1.8384,0.025,-1.5984,PROFIT_PROTECT,A1.25_F0.40,v171_pp_1,False,,False,,,,,,,,False,False,,,,COMPLETE,False,,,,2026-09-22 09:16:23.562,,,PRICE_PATH_ONLY,,
v2.2.0,20260922_080220_BASE_E002_091619412017,080220,제주반도체,2026-09-22 09:16:19.412,80079.99999999999,T250_S150,STOP_LOSS,2026-09-22 09:18:33.679,-1.5984,-1.8384,0.025,-1.5984,PROFIT_PROTECT,A1.25_F0.50,v171_pp_1,False,,False,,,,,,,,False,False,,,,COMPLETE,False,,,,2026-09-22 09:16:23.562,,,PRICE_PATH_ONLY,,
v2.2.0,20260922_080220_BASE_E002_091619412017,080220,제주반도체,2026-09-22 09:16:19.412,80079.99999999999,T250_S150,STOP_LOSS,2026-09-22 09:18:33.679,-1.5984,-1.8384,0.025,-1.5984,PROFIT_PROTECT,A1.25_F0.60,v171_pp_1,False,,False,,,,,,,,False,False,,,,COMPLETE,False,,,,2026-09-22 09:16:23.562,,,PRICE_PATH_ONLY,,
v2.2.0,20260922_080220_BASE_E002_091619412017,080220,제주반도체,2026-09-22 09:16:19.412,80079.99999999999,T250_S150,STOP_LOSS,2026-09-22 09:18:33.679,-1.5984,-1.8384,0.025,-1.5984,PROFIT_PROTECT,A1.25_F0.70,v171_pp_1,False,,False,,,,,,,,False,False,,,,COMPLETE,False,,,,2026-09-22 09:16:23.562,,,PRICE_PATH_ONLY,,
v2.2.0,20260922_080220_BASE_E002_091619412017,080220,제주반도체,2026-09-22 09:16:19.412,80079.99999999999,T250_S150,STOP_LOSS,2026-09-22 09:18:33.679,-1.5984,-1.8384,0.025,-1.5984,PROFIT_PROTECT,A1.50_F0.40,v171_pp_1,False,,False,,,,,,,,False,False,,,,COMPLETE,False,,,,2026-09-22 09:16:23.562,,,PRICE_PATH_ONLY,,
v2.2.0,20260922_080220_BASE_E002_091619412017,080220,제주반도체,2026-09-22 09:16:19.412,80079.99999999999,T250_S150,STOP_LOSS,2026-09-22 09:18:33.679,-1.5984,-1.8384,0.025,-1.5984,PROFIT_PROTECT,A1.50_F0.50,v171_pp_1,False,,False,,,,,,,,False,False,,,,COMPLETE,False,,,,2026-09-22 09:16:23.562,,,PRICE_PATH_ONLY,,
v2.2.0,20260922_080220_BASE_E002_091619412017,080220,제주반도체,2026-09-22 09:16:19.412,80079.99999999999,T250_S150,STOP_LOSS,2026-09-22 09:18:33.679,-1.5984,-1.8384,0.025,-1.5984,PROFIT_PROTECT,A1.50_F0.60,v171_pp_1,False,,False,,,,,,,,False,False,,,,COMPLETE,False,,,,2026-09-22 09:16:23.562,,,PRICE_PATH_ONLY,,
v2.2.0,20260922_080220_BASE_E002_091619412017,080220,제주반도체,2026-09-22 09:16:19.412,80079.99999999999,T250_S150,STOP_LOSS,2026-09-22 09:18:33.679,-1.5984,-1.8384,0.025,-1.5984,PROFIT_PROTECT,A1.50_F0.70,v171_pp_1,False,,False,,,,,,,,False,False,,,,COMPLETE,False,,,,2026-09-22 09:16:23.562,,,PRICE_PATH_ONLY,,
v2.2.0,20260922_080220_BASE_E002_091619412017,080220,제주반도체,2026-09-22 09:16:19.412,80079.99999999999,T250_S150,STOP_LOSS,2026-09-22 09:18:33.679,-1.5984,-1.8384,0.025,-1.5984,NOON_RECOVERY,NOON_RECOVERY_1200_P040,v171_noon_1,,,False,,,,,,,,,,,,,COMPLETE,False,,,,2026-09-22 09:16:23.562,,,PRICE_PATH_ONLY,,
v2.2.0,20260922_080220_BASE_E002_091619412017,080220,제주반도체,2026-09-22 09:16:19.412,80079.99999999999,T250_S150,STOP_LOSS,2026-09-22 09:18:33.679,-1.5984,-1.8384,0.025,-1.5984,NOON_RECOVERY,TIME_RECOVERY_1230_P040,v171_noon_1,,,False,,,,,,,,,,,,,COMPLETE,False,,,,2026-09-22 09:16:23.562,,,PRICE_PATH_ONLY,,
v2.2.0,20260922_080220_BASE_E002_091619412017,080220,제주반도체,2026-09-22 09:16:19.412,80079.99999999999,T250_S150,STOP_LOSS,2026-09-22 09:18:33.679,-1.5984,-1.8384,0.025,-1.5984,NOON_RECOVERY,TIME_RECOVERY_1300_P040,v171_noon_1,,,False,,,,,,,,,,,,,COMPLETE,False,,,,2026-09-22 09:16:23.562,,,PRICE_PATH_ONLY,,
v2.2.0,20260922_080220_BASE_E002_091619412017,080220,제주반도체,2026-09-22 09:16:19.412,80079.99999999999,T250_S150,STOP_LOSS,2026-09-22 09:18:33.679,-1.5984,-1.8384,0.025,-1.5984,NOON_RECOVERY,TIME_RECOVERY_1330_P040,v171_noon_1,,,False,,,,,,,,,,,,,COMPLETE,False,,,,2026-09-22 09:16:23.562,,,PRICE_PATH_ONLY,,
v2.2.0,20260922_080220_BASE_E002_091619412017,080220,제주반도체,2026-09-22 09:16:19.412,80079.99999999999,T250_S150,STOP_LOSS,2026-09-22 09:18:33.679,-1.5984,-1.8384,0.025,-1.5984,NOON_RECOVERY,TIME_RECOVERY_1400_P040,v171_noon_1,,,False,,,,,,,,,,,,,COMPLETE,False,,,,2026-09-22 09:16:23.562,,,PRICE_PATH_ONLY,,
v2.2.0,20260922_486990_BASE_E007_092520809984,486990,노타,2026-09-22 09:25:20.809,19849.829999999998,T250_S150,STOP_LOSS,2026-09-22 09:25:45.955,-1.5105,-1.7505,0.0,-1.5105,NOON_RECOVERY,HOLD_T250_S150_TO_1520,v171_noon_1,,,False,,,,,,-1.5105,-1.7505,,,,,,COMPLETE,False,,,,2026-09-22 09:25:20.809,,,PRICE_PATH_ONLY,,
v2.2.0,20260922_486990_BASE_E007_092520809984,486990,노타,2026-09-22 09:25:20.809,19849.829999999998,T250_S150,STOP_LOSS,2026-09-22 09:25:45.955,-1.5105,-1.7505,0.0,-1.5105,PROFIT_PROTECT,A0.75_F0.40,v171_pp_1,False,,False,,,,,,,,False,False,,,,COMPLETE,False,,,,2026-09-22 09:25:20.809,,,PRICE_PATH_ONLY,,
v2.2.0,20260922_486990_BASE_E007_092520809984,486990,노타,2026-09-22 09:25:20.809,19849.829999999998,T250_S150,STOP_LOSS,2026-09-22 09:25:45.955,-1.5105,-1.7505,0.0,-1.5105,PROFIT_PROTECT,A0.75_F0.50,v171_pp_1,False,,False,,,,,,,,False,False,,,,COMPLETE,False,,,,2026-09-22 09:25:20.809,,,PRICE_PATH_ONLY,,
v2.2.0,20260922_486990_BASE_E007_092520809984,486990,노타,2026-09-22 09:25:20.809,19849.829999999998,T250_S150,STOP_LOSS,2026-09-22 09:25:45.955,-1.5105,-1.7505,0.0,-1.5105,PROFIT_PROTECT,A0.75_F0.60,v171_pp_1,False,,False,,,,,,,,False,False,,,,COMPLETE,False,,,,2026-09-22 09:25:20.809,,,PRICE_PATH_ONLY,,
v2.2.0,20260922_486990_BASE_E007_092520809984,486990,노타,2026-09-22 09:25:20.809,19849.829999999998,T250_S150,STOP_LOSS,2026-09-22 09:25:45.955,-1.5105,-1.7505,0.0,-1.5105,PROFIT_PROTECT,A0.75_F0.70,v171_pp_1,False,,False,,,,,,,,False,False,,,,COMPLETE,False,,,,2026-09-22 09:25:20.809,,,PRICE_PATH_ONLY,,
v2.2.0,20260922_486990_BASE_E007_092520809984,486990,노타,2026-09-22 09:25:20.809,19849.829999999998,T250_S150,STOP_LOSS,2026-09-22 09:25:45.955,-1.5105,-1.7505,0.0,-1.5105,PROFIT_PROTECT,A1.00_F0.40,v171_pp_1,False,,False,,,,,,,,False,False,,,,COMPLETE,False,,,,2026-09-22 09:25:20.809,,,PRICE_PATH_ONLY,,
v2.2.0,20260922_486990_BASE_E007_092520809984,486990,노타,2026-09-22 09:25:20.809,19849.829999999998,T250_S150,STOP_LOSS,2026-09-22 09:25:45.955,-1.5105,-1.7505,0.0,-1.5105,PROFIT_PROTECT,A1.00_F0.50,v171_pp_1,False,,False,,,,,,,,False,False,,,,COMPLETE,False,,,,2026-09-22 09:25:20.809,,,PRICE_PATH_ONLY,,
v2.2.0,20260922_486990_BASE_E007_092520809984,486990,노타,2026-09-22 09:25:20.809,19849.829999999998,T250_S150,STOP_LOSS,2026-09-22 09:25:45.955,-1.5105,-1.7505,0.0,-1.5105,PROFIT_PROTECT,A1.00_F0.60,v171_pp_1,False,,False,,,,,,,,False,False,,,,COMPLETE,False,,,,2026-09-22 09:25:20.809,,,PRICE_PATH_ONLY,,
v2.2.0,20260922_486990_BASE_E007_092520809984,486990,노타,2026-09-22 09:25:20.809,19849.829999999998,T250_S150,STOP_LOSS,2026-09-22 09:25:45.955,-1.5105,-1.7505,0.0,-1.5105,PROFIT_PROTECT,A1.00_F0.70,v171_pp_1,False,,False,,,,,,,,False,False,,,,COMPLETE,False,,,,2026-09-22 09:25:20.809,,,PRICE_PATH_ONLY,,
v2.2.0,20260922_486990_BASE_E007_092520809984,486990,노타,2026-09-22 09:25:20.809,19849.829999999998,T250_S150,STOP_LOSS,2026-09-22 09:25:45.955,-1.5105,-1.7505,0.0,-1.5105,PROFIT_PROTECT,A1.25_F0.40,v171_pp_1,False,,False,,,,,,,,False,False,,,,COMPLETE,False,,,,2026-09-22 09:25:20.809,,,PRICE_PATH_ONLY,,
v2.2.0,20260922_486990_BASE_E007_092520809984,486990,노타,2026-09-22 09:25:20.809,19849.829999999998,T250_S150,STOP_LOSS,2026-09-22 09:25:45.955,-1.5105,-1.7505,0.0,-1.5105,PROFIT_PROTECT,A1.25_F0.50,v171_pp_1,False,,False,,,,,,,,False,False,,,,COMPLETE,False,,,,2026-09-22 09:25:20.809,,,PRICE_PATH_ONLY,,
v2.2.0,20260922_486990_BASE_E007_092520809984,486990,노타,2026-09-22 09:25:20.809,19849.829999999998,T250_S150,STOP_LOSS,2026-09-22 09:25:45.955,-1.5105,-1.7505,0.0,-1.5105,PROFIT_PROTECT,A1.25_F0.60,v171_pp_1,False,,False,,,,,,,,False,False,,,,COMPLETE,False,,,,2026-09-22 09:25:20.809,,,PRICE_PATH_ONLY,,
v2.2.0,20260922_486990_BASE_E007_092520809984,486990,노타,2026-09-22 09:25:20.809,19849.829999999998,T250_S150,STOP_LOSS,2026-09-22 09:25:45.955,-1.5105,-1.7505,0.0,-1.5105,PROFIT_PROTECT,A1.25_F0.70,v171_pp_1,False,,False,,,,,,,,False,False,,,,COMPLETE,False,,,,2026-09-22 09:25:20.809,,,PRICE_PATH_ONLY,,
v2.2.0,20260922_486990_BASE_E007_092520809984,486990,노타,2026-09-22 09:25:20.809,19849.829999999998,T250_S150,STOP_LOSS,2026-09-22 09:25:45.955,-1.5105,-1.7505,0.0,-1.5105,PROFIT_PROTECT,A1.50_F0.40,v171_pp_1,False,,False,,,,,,,,False,False,,,,COMPLETE,False,,,,2026-09-22 09:25:20.809,,,PRICE_PATH_ONLY,,
v2.2.0,20260922_486990_BASE_E007_092520809984,486990,노타,2026-09-22 09:25:20.809,19849.829999999998,T250_S150,STOP_LOSS,2026-09-22 09:25:45.955,-1.5105,-1.7505,0.0,-1.5105,PROFIT_PROTECT,A1.50_F0.50,v171_pp_1,False,,False,,,,,,,,False,False,,,,COMPLETE,False,,,,2026-09-22 09:25:20.809,,,PRICE_PATH_ONLY,,
v2.2.0,20260922_486990_BASE_E007_092520809984,486990,노타,2026-09-22 09:25:20.809,19849.829999999998,T250_S150,STOP_LOSS,2026-09-22 09:25:45.955,-1.5105,-1.7505,0.0,-1.5105,PROFIT_PROTECT,A1.50_F0.60,v171_pp_1,False,,False,,,,,,,,False,False,,,,COMPLETE,False,,,,2026-09-22 09:25:20.809,,,PRICE_PATH_ONLY,,
v2.2.0,20260922_486990_BASE_E007_092520809984,486990,노타,2026-09-22 09:25:20.809,19849.829999999998,T250_S150,STOP_LOSS,2026-09-22 09:25:45.955,-1.5105,-1.7505,0.0,-1.5105,PROFIT_PROTECT,A1.50_F0.70,v171_pp_1,False,,False,,,,,,,,False,False,,,,COMPLETE,False,,,,2026-09-22 09:25:20.809,,,PRICE_PATH_ONLY,,
v2.2.0,20260922_486990_BASE_E007_092520809984,486990,노타,2026-09-22 09:25:20.809,19849.829999999998,T250_S150,STOP_LOSS,2026-09-22 09:25:45.955,-1.5105,-1.7505,0.0,-1.5105,NOON_RECOVERY,NOON_RECOVERY_1200_P040,v171_noon_1,,,False,,,,,,,,,,,,,COMPLETE,False,,,,2026-09-22 09:25:20.809,,,PRICE_PATH_ONLY,,
v2.2.0,20260922_486990_BASE_E007_092520809984,486990,노타,2026-09-22 09:25:20.809,19849.829999999998,T250_S150,STOP_LOSS,2026-09-22 09:25:45.955,-1.5105,-1.7505,0.0,-1.5105,NOON_RECOVERY,TIME_RECOVERY_1230_P040,v171_noon_1,,,False,,,,,,,,,,,,,COMPLETE,False,,,,2026-09-22 09:25:20.809,,,PRICE_PATH_ONLY,,
v2.2.0,20260922_486990_BASE_E007_092520809984,486990,노타,2026-09-22 09:25:20.809,19849.829999999998,T250_S150,STOP_LOSS,2026-09-22 09:25:45.955,-1.5105,-1.7505,0.0,-1.5105,NOON_RECOVERY,TIME_RECOVERY_1300_P040,v171_noon_1,,,False,,,,,,,,,,,,,COMPLETE,False,,,,2026-09-22 09:25:20.809,,,PRICE_PATH_ONLY,,
v2.2.0,20260922_486990_BASE_E007_092520809984,486990,노타,2026-09-22 09:25:20.809,19849.829999999998,T250_S150,STOP_LOSS,2026-09-22 09:25:45.955,-1.5105,-1.7505,0.0,-1.5105,NOON_RECOVERY,TIME_RECOVERY_1330_P040,v171_noon_1,,,False,,,,,,,,,,,,,COMPLETE,False,,,,2026-09-22 09:25:20.809,,,PRICE_PATH_ONLY,,
v2.2.0,20260922_486990_BASE_E007_092520809984,486990,노타,2026-09-22 09:25:20.809,19849.829999999998,T250_S150,STOP_LOSS,2026-09-22 09:25:45.955,-1.5105,-1.7505,0.0,-1.5105,NOON_RECOVERY,TIME_RECOVERY_1400_P040,v171_noon_1,,,False,,,,,,,,,,,,,COMPLETE,False,,,,2026-09-22 09:25:20.809,,,PRICE_PATH_ONLY,,
v2.2.0,20260922_006800_BASE_E002_091254388414,006800,미래에셋증권,2026-09-22 09:12:54.388,34134.1,T250_S150,STOP_LOSS,2026-09-22 09:39:19.164,-1.5647,-1.8047,1.8044,-1.5647,NOON_RECOVERY,HOLD_T250_S150_TO_1520,v171_noon_1,,,False,,,,,,-1.5647,-1.8047,,,,,,COMPLETE,True,2026-09-22 09:20:55.546,,,2026-09-22 09:23:16.540,,,PRICE_PATH_ONLY,,
v2.2.0,20260922_006800_BASE_E002_091254388414,006800,미래에셋증권,2026-09-22 09:12:54.388,34134.1,T250_S150,STOP_LOSS,2026-09-22 09:39:19.164,-1.5647,-1.8047,1.8044,-1.5647,PROFIT_PROTECT,A0.75_F0.40,v171_pp_1,True,2026-09-22 09:19:25.145,True,2026-09-22 09:19:33.748,34250.0,,,,0.3395,0.0995,True,False,34350.0,34300.0,34400.0,COMPLETE,True,2026-09-22 09:20:55.546,,,2026-09-22 09:23:16.540,,,PRICE_PATH_ONLY,1.4599,-1.8978
v2.2.0,20260922_006800_BASE_E002_091254388414,006800,미래에셋증권,2026-09-22 09:12:54.388,34134.1,T250_S150,STOP_LOSS,2026-09-22 09:39:19.164,-1.5647,-1.8047,1.8044,-1.5647,PROFIT_PROTECT,A0.75_F0.50,v171_pp_1,True,2026-09-22 09:19:25.145,True,2026-09-22 09:19:27.855,34300.0,,,,0.486,0.246,True,False,34400.0,34350.0,34350.0,COMPLETE,True,2026-09-22 09:20:55.546,,,2026-09-22 09:23:16.540,,,PRICE_PATH_ONLY,1.312,-2.0408
v2.2.0,20260922_006800_BASE_E002_091254388414,006800,미래에셋증권,2026-09-22 09:12:54.388,34134.1,T250_S150,STOP_LOSS,2026-09-22 09:39:19.164,-1.5647,-1.8047,1.8044,-1.5647,PROFIT_PROTECT,A0.75_F0.60,v171_pp_1,True,2026-09-22 09:19:25.145,True,2026-09-22 09:19:27.855,34300.0,,,,0.486,0.246,True,False,34400.0,34350.0,34350.0,COMPLETE,True,2026-09-22 09:20:55.546,,,2026-09-22 09:23:16.540,,,PRICE_PATH_ONLY,1.312,-2.0408
v2.2.0,20260922_006800_BASE_E002_091254388414,006800,미래에셋증권,2026-09-22 09:12:54.388,34134.1,T250_S150,STOP_LOSS,2026-09-22 09:39:19.164,-1.5647,-1.8047,1.8044,-1.5647,PROFIT_PROTECT,A0.75_F0.70,v171_pp_1,True,2026-09-22 09:19:25.145,True,2026-09-22 09:19:25.644,34350.0,,,,0.6325,0.3925,True,False,34350.0,34350.0,34350.0,COMPLETE,True,2026-09-22 09:20:55.546,,,2026-09-22 09:23:16.540,,,PRICE_PATH_ONLY,1.1645,-2.1834
v2.2.0,20260922_006800_BASE_E002_091254388414,006800,미래에셋증권,2026-09-22 09:12:54.388,34134.1,T250_S150,STOP_LOSS,2026-09-22 09:39:19.164,-1.5647,-1.8047,1.8044,-1.5647,PROFIT_PROTECT,A1.00_F0.40,v171_pp_1,True,2026-09-22 09:20:55.546,True,2026-09-22 09:29:00.368,34250.0,,,,0.3395,0.0995,True,False,34250.0,34200.0,34200.0,COMPLETE,True,2026-09-22 09:20:55.546,,,2026-09-22 09:23:16.540,,,PRICE_PATH_ONLY,0.146,-1.8978
v2.2.0,20260922_006800_BASE_E002_091254388414,006800,미래에셋증권,2026-09-22 09:12:54.388,34134.1,T250_S150,STOP_LOSS,2026-09-22 09:39:19.164,-1.5647,-1.8047,1.8044,-1.5647,PROFIT_PROTECT,A1.00_F0.50,v171_pp_1,True,2026-09-22 09:20:55.546,True,2026-09-22 09:28:08.034,34300.0,,,,0.486,0.246,True,False,34350.0,34300.0,34350.0,COMPLETE,True,2026-09-22 09:20:55.546,,,2026-09-22 09:23:16.540,,,PRICE_PATH_ONLY,0.2915,-2.0408
v2.2.0,20260922_006800_BASE_E002_091254388414,006800,미래에셋증권,2026-09-22 09:12:54.388,34134.1,T250_S150,STOP_LOSS,2026-09-22 09:39:19.164,-1.5647,-1.8047,1.8044,-1.5647,PROFIT_PROTECT,A1.00_F0.60,v171_pp_1,True,2026-09-22 09:20:55.546,True,2026-09-22 09:28:06.356,34325.0,,,,0.5593,0.3193,True,False,34350.0,34350.0,34400.0,COMPLETE,True,2026-09-22 09:20:55.546,,,2026-09-22 09:23:16.540,,,PRICE_PATH_ONLY,0.2185,-2.1122
v2.2.0,20260922_006800_BASE_E002_091254388414,006800,미래에셋증권,2026-09-22 09:12:54.388,34134.1,T250_S150,STOP_LOSS,2026-09-22 09:39:19.164,-1.5647,-1.8047,1.8044,-1.5647,PROFIT_PROTECT,A1.00_F0.70,v171_pp_1,True,2026-09-22 09:20:55.546,True,2026-09-22 09:21:22.678,34350.0,,,,0.6325,0.3925,True,False,34400.0,34400.0,34400.0,COMPLETE,True,2026-09-22 09:20:55.546,,,2026-09-22 09:23:16.540,,,PRICE_PATH_ONLY,1.1645,-2.1834
v2.2.0,20260922_006800_BASE_E002_091254388414,006800,미래에셋증권,2026-09-22 09:12:54.388,34134.1,T250_S150,STOP_LOSS,2026-09-22 09:39:19.164,-1.5647,-1.8047,1.8044,-1.5647,PROFIT_PROTECT,A1.25_F0.40,v171_pp_1,True,2026-09-22 09:21:52.964,True,2026-09-22 09:29:00.368,34250.0,,,,0.3395,0.0995,True,False,34250.0,34200.0,34200.0,COMPLETE,True,2026-09-22 09:20:55.546,,,2026-09-22 09:23:16.540,,,PRICE_PATH_ONLY,0.146,-1.8978
v2.2.0,20260922_006800_BASE_E002_091254388414,006800,미래에셋증권,2026-09-22 09:12:54.388,34134.1,T250_S150,STOP_LOSS,2026-09-22 09:39:19.164,-1.5647,-1.8047,1.8044,-1.5647,PROFIT_PROTECT,A1.25_F0.50,v171_pp_1,True,2026-09-22 09:21:52.964,True,2026-09-22 09:28:08.034,34300.0,,,,0.486,0.246,True,False,34350.0,34300.0,34350.0,COMPLETE,True,2026-09-22 09:20:55.546,,,2026-09-22 09:23:16.540,,,PRICE_PATH_ONLY,0.2915,-2.0408
v2.2.0,20260922_006800_BASE_E002_091254388414,006800,미래에셋증권,2026-09-22 09:12:54.388,34134.1,T250_S150,STOP_LOSS,2026-09-22 09:39:19.164,-1.5647,-1.8047,1.8044,-1.5647,PROFIT_PROTECT,A1.25_F0.60,v171_pp_1,True,2026-09-22 09:21:52.964,True,2026-09-22 09:28:06.356,34325.0,,,,0.5593,0.3193,True,False,34350.0,34350.0,34400.0,COMPLETE,True,2026-09-22 09:20:55.546,,,2026-09-22 09:23:16.540,,,PRICE_PATH_ONLY,0.2185,-2.1122
v2.2.0,20260922_006800_BASE_E002_091254388414,006800,미래에셋증권,2026-09-22 09:12:54.388,34134.1,T250_S150,STOP_LOSS,2026-09-22 09:39:19.164,-1.5647,-1.8047,1.8044,-1.5647,PROFIT_PROTECT,A1.25_F0.70,v171_pp_1,True,2026-09-22 09:21:52.964,True,2026-09-22 09:27:57.640,34350.0,,,,0.6325,0.3925,True,False,34350.0,34300.0,34350.0,COMPLETE,True,2026-09-22 09:20:55.546,,,2026-09-22 09:23:16.540,,,PRICE_PATH_ONLY,0.1456,-2.1834
v2.2.0,20260922_006800_BASE_E002_091254388414,006800,미래에셋증권,2026-09-22 09:12:54.388,34134.1,T250_S150,STOP_LOSS,2026-09-22 09:39:19.164,-1.5647,-1.8047,1.8044,-1.5647,PROFIT_PROTECT,A1.50_F0.40,v171_pp_1,True,2026-09-22 09:22:06.749,True,2026-09-22 09:29:00.368,34250.0,,,,0.3395,0.0995,True,False,34250.0,34200.0,34200.0,COMPLETE,True,2026-09-22 09:20:55.546,,,2026-09-22 09:23:16.540,,,PRICE_PATH_ONLY,0.146,-1.8978
v2.2.0,20260922_006800_BASE_E002_091254388414,006800,미래에셋증권,2026-09-22 09:12:54.388,34134.1,T250_S150,STOP_LOSS,2026-09-22 09:39:19.164,-1.5647,-1.8047,1.8044,-1.5647,PROFIT_PROTECT,A1.50_F0.50,v171_pp_1,True,2026-09-22 09:22:06.749,True,2026-09-22 09:28:08.034,34300.0,,,,0.486,0.246,True,False,34350.0,34300.0,34350.0,COMPLETE,True,2026-09-22 09:20:55.546,,,2026-09-22 09:23:16.540,,,PRICE_PATH_ONLY,0.2915,-2.0408
v2.2.0,20260922_006800_BASE_E002_091254388414,006800,미래에셋증권,2026-09-22 09:12:54.388,34134.1,T250_S150,STOP_LOSS,2026-09-22 09:39:19.164,-1.5647,-1.8047,1.8044,-1.5647,PROFIT_PROTECT,A1.50_F0.60,v171_pp_1,True,2026-09-22 09:22:06.749,True,2026-09-22 09:28:06.356,34325.0,,,,0.5593,0.3193,True,False,34350.0,34350.0,34400.0,COMPLETE,True,2026-09-22 09:20:55.546,,,2026-09-22 09:23:16.540,,,PRICE_PATH_ONLY,0.2185,-2.1122
v2.2.0,20260922_006800_BASE_E002_091254388414,006800,미래에셋증권,2026-09-22 09:12:54.388,34134.1,T250_S150,STOP_LOSS,2026-09-22 09:39:19.164,-1.5647,-1.8047,1.8044,-1.5647,PROFIT_PROTECT,A1.50_F0.70,v171_pp_1,True,2026-09-22 09:22:06.749,True,2026-09-22 09:27:57.640,34350.0,,,,0.6325,0.3925,True,False,34350.0,34300.0,34350.0,COMPLETE,True,2026-09-22 09:20:55.546,,,2026-09-22 09:23:16.540,,,PRICE_PATH_ONLY,0.1456,-2.1834
v2.2.0,20260922_006800_BASE_E002_091254388414,006800,미래에셋증권,2026-09-22 09:12:54.388,34134.1,T250_S150,STOP_LOSS,2026-09-22 09:39:19.164,-1.5647,-1.8047,1.8044,-1.5647,NOON_RECOVERY,NOON_RECOVERY_1200_P040,v171_noon_1,,,False,,,,,,,,,,,,,COMPLETE,True,2026-09-22 09:20:55.546,,,2026-09-22 09:23:16.540,,,PRICE_PATH_ONLY,,
v2.2.0,20260922_006800_BASE_E002_091254388414,006800,미래에셋증권,2026-09-22 09:12:54.388,34134.1,T250_S150,STOP_LOSS,2026-09-22 09:39:19.164,-1.5647,-1.8047,1.8044,-1.5647,NOON_RECOVERY,TIME_RECOVERY_1230_P040,v171_noon_1,,,False,,,,,,,,,,,,,COMPLETE,True,2026-09-22 09:20:55.546,,,2026-09-22 09:23:16.540,,,PRICE_PATH_ONLY,,
v2.2.0,20260922_006800_BASE_E002_091254388414,006800,미래에셋증권,2026-09-22 09:12:54.388,34134.1,T250_S150,STOP_LOSS,2026-09-22 09:39:19.164,-1.5647,-1.8047,1.8044,-1.5647,NOON_RECOVERY,TIME_RECOVERY_1300_P040,v171_noon_1,,,False,,,,,,,,,,,,,COMPLETE,True,2026-09-22 09:20:55.546,,,2026-09-22 09:23:16.540,,,PRICE_PATH_ONLY,,
v2.2.0,20260922_006800_BASE_E002_091254388414,006800,미래에셋증권,2026-09-22 09:12:54.388,34134.1,T250_S150,STOP_LOSS,2026-09-22 09:39:19.164,-1.5647,-1.8047,1.8044,-1.5647,NOON_RECOVERY,TIME_RECOVERY_1330_P040,v171_noon_1,,,False,,,,,,,,,,,,,COMPLETE,True,2026-09-22 09:20:55.546,,,2026-09-22 09:23:16.540,,,PRICE_PATH_ONLY,,
v2.2.0,20260922_006800_BASE_E002_091254388414,006800,미래에셋증권,2026-09-22 09:12:54.388,34134.1,T250_S150,STOP_LOSS,2026-09-22 09:39:19.164,-1.5647,-1.8047,1.8044,-1.5647,NOON_RECOVERY,TIME_RECOVERY_1400_P040,v171_noon_1,,,False,,,,,,,,,,,,,COMPLETE,True,2026-09-22 09:20:55.546,,,2026-09-22 09:23:16.540,,,PRICE_PATH_ONLY,,
v2.2.0,20260922_353200_BASE_E004_093937638656,353200,대덕전자,2026-09-22 09:39:37.638,119519.39999999998,T250_S150,STOP_LOSS,2026-09-22 09:46:46.033,-1.5223,-1.7623,0.9878,-1.5223,NOON_RECOVERY,HOLD_T250_S150_TO_1520,v171_noon_1,,,False,,,,,,-1.5223,-1.7623,,,,,,COMPLETE,False,,,,2026-09-22 09:41:06.915,,,PRICE_PATH_ONLY,,
v2.2.0,20260922_353200_BASE_E004_093937638656,353200,대덕전자,2026-09-22 09:39:37.638,119519.39999999998,T250_S150,STOP_LOSS,2026-09-22 09:46:46.033,-1.5223,-1.7623,0.9878,-1.5223,PROFIT_PROTECT,A0.75_F0.40,v171_pp_1,True,2026-09-22 09:40:49.226,True,2026-09-22 09:41:19.027,119900.0,,,,0.3184,0.0784,True,False,119900.0,119900.0,119900.0,COMPLETE,False,,,,2026-09-22 09:41:06.915,,,PRICE_PATH_ONLY,0.5004,-1.8349
v2.2.0,20260922_353200_BASE_E004_093937638656,353200,대덕전자,2026-09-22 09:39:37.638,119519.39999999998,T250_S150,STOP_LOSS,2026-09-22 09:46:46.033,-1.5223,-1.7623,0.9878,-1.5223,PROFIT_PROTECT,A0.75_F0.50,v171_pp_1,True,2026-09-22 09:40:49.226,True,2026-09-22 09:41:12.524,120100.0,,,,0.4858,0.2458,True,False,120100.0,119950.0,120000.0,COMPLETE,False,,,,2026-09-22 09:41:06.915,,,PRICE_PATH_ONLY,0.3331,-1.9983
v2.2.0,20260922_353200_BASE_E004_093937638656,353200,대덕전자,2026-09-22 09:39:37.638,119519.39999999998,T250_S150,STOP_LOSS,2026-09-22 09:46:46.033,-1.5223,-1.7623,0.9878,-1.5223,PROFIT_PROTECT,A0.75_F0.60,v171_pp_1,True,2026-09-22 09:40:49.226,True,2026-09-22 09:41:09.347,120200.0,,,,0.5694,0.3294,True,False,120200.0,119950.0,119900.0,COMPLETE,False,,,,2026-09-22 09:41:06.915,,,PRICE_PATH_ONLY,0.2496,-2.0799
v2.2.0,20260922_353200_BASE_E004_093937638656,353200,대덕전자,2026-09-22 09:39:37.638,119519.39999999998,T250_S150,STOP_LOSS,2026-09-22 09:46:46.033,-1.5223,-1.7623,0.9878,-1.5223,PROFIT_PROTECT,A0.75_F0.70,v171_pp_1,True,2026-09-22 09:40:49.226,True,2026-09-22 09:40:49.226,120300.0,,,,0.6531,0.4131,True,False,120400.0,120400.0,120600.0,COMPLETE,False,,,,2026-09-22 09:41:06.915,,,PRICE_PATH_ONLY,0.3325,-2.1613
v2.2.0,20260922_353200_BASE_E004_093937638656,353200,대덕전자,2026-09-22 09:39:37.638,119519.39999999998,T250_S150,STOP_LOSS,2026-09-22 09:46:46.033,-1.5223,-1.7623,0.9878,-1.5223,PROFIT_PROTECT,A1.00_F0.40,v171_pp_1,False,,False,,,,,,,,False,False,,,,COMPLETE,False,,,,2026-09-22 09:41:06.915,,,PRICE_PATH_ONLY,,
v2.2.0,20260922_353200_BASE_E004_093937638656,353200,대덕전자,2026-09-22 09:39:37.638,119519.39999999998,T250_S150,STOP_LOSS,2026-09-22 09:46:46.033,-1.5223,-1.7623,0.9878,-1.5223,PROFIT_PROTECT,A1.00_F0.50,v171_pp_1,False,,False,,,,,,,,False,False,,,,COMPLETE,False,,,,2026-09-22 09:41:06.915,,,PRICE_PATH_ONLY,,
v2.2.0,20260922_353200_BASE_E004_093937638656,353200,대덕전자,2026-09-22 09:39:37.638,119519.39999999998,T250_S150,STOP_LOSS,2026-09-22 09:46:46.033,-1.5223,-1.7623,0.9878,-1.5223,PROFIT_PROTECT,A1.00_F0.60,v171_pp_1,False,,False,,,,,,,,False,False,,,,COMPLETE,False,,,,2026-09-22 09:41:06.915,,,PRICE_PATH_ONLY,,
v2.2.0,20260922_353200_BASE_E004_093937638656,353200,대덕전자,2026-09-22 09:39:37.638,119519.39999999998,T250_S150,STOP_LOSS,2026-09-22 09:46:46.033,-1.5223,-1.7623,0.9878,-1.5223,PROFIT_PROTECT,A1.00_F0.70,v171_pp_1,False,,False,,,,,,,,False,False,,,,COMPLETE,False,,,,2026-09-22 09:41:06.915,,,PRICE_PATH_ONLY,,
v2.2.0,20260922_353200_BASE_E004_093937638656,353200,대덕전자,2026-09-22 09:39:37.638,119519.39999999998,T250_S150,STOP_LOSS,2026-09-22 09:46:46.033,-1.5223,-1.7623,0.9878,-1.5223,PROFIT_PROTECT,A1.25_F0.40,v171_pp_1,False,,False,,,,,,,,False,False,,,,COMPLETE,False,,,,2026-09-22 09:41:06.915,,,PRICE_PATH_ONLY,,
v2.2.0,20260922_353200_BASE_E004_093937638656,353200,대덕전자,2026-09-22 09:39:37.638,119519.39999999998,T250_S150,STOP_LOSS,2026-09-22 09:46:46.033,-1.5223,-1.7623,0.9878,-1.5223,PROFIT_PROTECT,A1.25_F0.50,v171_pp_1,False,,False,,,,,,,,False,False,,,,COMPLETE,False,,,,2026-09-22 09:41:06.915,,,PRICE_PATH_ONLY,,
v2.2.0,20260922_353200_BASE_E004_093937638656,353200,대덕전자,2026-09-22 09:39:37.638,119519.39999999998,T250_S150,STOP_LOSS,2026-09-22 09:46:46.033,-1.5223,-1.7623,0.9878,-1.5223,PROFIT_PROTECT,A1.25_F0.60,v171_pp_1,False,,False,,,,,,,,False,False,,,,COMPLETE,False,,,,2026-09-22 09:41:06.915,,,PRICE_PATH_ONLY,,
v2.2.0,20260922_353200_BASE_E004_093937638656,353200,대덕전자,2026-09-22 09:39:37.638,119519.39999999998,T250_S150,STOP_LOSS,2026-09-22 09:46:46.033,-1.5223,-1.7623,0.9878,-1.5223,PROFIT_PROTECT,A1.25_F0.70,v171_pp_1,False,,False,,,,,,,,False,False,,,,COMPLETE,False,,,,2026-09-22 09:41:06.915,,,PRICE_PATH_ONLY,,
v2.2.0,20260922_353200_BASE_E004_093937638656,353200,대덕전자,2026-09-22 09:39:37.638,119519.39999999998,T250_S150,STOP_LOSS,2026-09-22 09:46:46.033,-1.5223,-1.7623,0.9878,-1.5223,PROFIT_PROTECT,A1.50_F0.40,v171_pp_1,False,,False,,,,,,,,False,False,,,,COMPLETE,False,,,,2026-09-22 09:41:06.915,,,PRICE_PATH_ONLY,,
v2.2.0,20260922_353200_BASE_E004_093937638656,353200,대덕전자,2026-09-22 09:39:37.638,119519.39999999998,T250_S150,STOP_LOSS,2026-09-22 09:46:46.033,-1.5223,-1.7623,0.9878,-1.5223,PROFIT_PROTECT,A1.50_F0.50,v171_pp_1,False,,False,,,,,,,,False,False,,,,COMPLETE,False,,,,2026-09-22 09:41:06.915,,,PRICE_PATH_ONLY,,
v2.2.0,20260922_353200_BASE_E004_093937638656,353200,대덕전자,2026-09-22 09:39:37.638,119519.39999999998,T250_S150,STOP_LOSS,2026-09-22 09:46:46.033,-1.5223,-1.7623,0.9878,-1.5223,PROFIT_PROTECT,A1.50_F0.60,v171_pp_1,False,,False,,,,,,,,False,False,,,,COMPLETE,False,,,,2026-09-22 09:41:06.915,,,PRICE_PATH_ONLY,,
v2.2.0,20260922_353200_BASE_E004_093937638656,353200,대덕전자,2026-09-22 09:39:37.638,119519.39999999998,T250_S150,STOP_LOSS,2026-09-22 09:46:46.033,-1.5223,-1.7623,0.9878,-1.5223,PROFIT_PROTECT,A1.50_F0.70,v171_pp_1,False,,False,,,,,,,,False,False,,,,COMPLETE,False,,,,2026-09-22 09:41:06.915,,,PRICE_PATH_ONLY,,
v2.2.0,20260922_353200_BASE_E004_093937638656,353200,대덕전자,2026-09-22 09:39:37.638,119519.39999999998,T250_S150,STOP_LOSS,2026-09-22 09:46:46.033,-1.5223,-1.7623,0.9878,-1.5223,NOON_RECOVERY,NOON_RECOVERY_1200_P040,v171_noon_1,,,False,,,,,,,,,,,,,COMPLETE,False,,,,2026-09-22 09:41:06.915,,,PRICE_PATH_ONLY,,
v2.2.0,20260922_353200_BASE_E004_093937638656,353200,대덕전자,2026-09-22 09:39:37.638,119519.39999999998,T250_S150,STOP_LOSS,2026-09-22 09:46:46.033,-1.5223,-1.7623,0.9878,-1.5223,NOON_RECOVERY,TIME_RECOVERY_1230_P040,v171_noon_1,,,False,,,,,,,,,,,,,COMPLETE,False,,,,2026-09-22 09:41:06.915,,,PRICE_PATH_ONLY,,
v2.2.0,20260922_353200_BASE_E004_093937638656,353200,대덕전자,2026-09-22 09:39:37.638,119519.39999999998,T250_S150,STOP_LOSS,2026-09-22 09:46:46.033,-1.5223,-1.7623,0.9878,-1.5223,NOON_RECOVERY,TIME_RECOVERY_1300_P040,v171_noon_1,,,False,,,,,,,,,,,,,COMPLETE,False,,,,2026-09-22 09:41:06.915,,,PRICE_PATH_ONLY,,
v2.2.0,20260922_353200_BASE_E004_093937638656,353200,대덕전자,2026-09-22 09:39:37.638,119519.39999999998,T250_S150,STOP_LOSS,2026-09-22 09:46:46.033,-1.5223,-1.7623,0.9878,-1.5223,NOON_RECOVERY,TIME_RECOVERY_1330_P040,v171_noon_1,,,False,,,,,,,,,,,,,COMPLETE,False,,,,2026-09-22 09:41:06.915,,,PRICE_PATH_ONLY,,
v2.2.0,20260922_353200_BASE_E004_093937638656,353200,대덕전자,2026-09-22 09:39:37.638,119519.39999999998,T250_S150,STOP_LOSS,2026-09-22 09:46:46.033,-1.5223,-1.7623,0.9878,-1.5223,NOON_RECOVERY,TIME_RECOVERY_1400_P040,v171_noon_1,,,False,,,,,,,,,,,,,COMPLETE,False,,,,2026-09-22 09:41:06.915,,,PRICE_PATH_ONLY,,
v2.2.0,20260922_066570_BASE_E013_100655871862,066570,LG전자,2026-09-22 10:06:55.871,216215.99999999997,T250_S150,STOP_LOSS,2026-09-22 10:20:42.672,-1.603,-1.843,0.1314,-1.603,NOON_RECOVERY,HOLD_T250_S150_TO_1520,v171_noon_1,,,False,,,,,,-1.603,-1.843,,,,,,COMPLETE,False,,,,2026-09-22 10:07:08.888,,,PRICE_PATH_ONLY,,
v2.2.0,20260922_066570_BASE_E013_100655871862,066570,LG전자,2026-09-22 10:06:55.871,216215.99999999997,T250_S150,STOP_LOSS,2026-09-22 10:20:42.672,-1.603,-1.843,0.1314,-1.603,PROFIT_PROTECT,A0.75_F0.40,v171_pp_1,False,,False,,,,,,,,False,False,,,,COMPLETE,False,,,,2026-09-22 10:07:08.888,,,PRICE_PATH_ONLY,,
v2.2.0,20260922_066570_BASE_E013_100655871862,066570,LG전자,2026-09-22 10:06:55.871,216215.99999999997,T250_S150,STOP_LOSS,2026-09-22 10:20:42.672,-1.603,-1.843,0.1314,-1.603,PROFIT_PROTECT,A0.75_F0.50,v171_pp_1,False,,False,,,,,,,,False,False,,,,COMPLETE,False,,,,2026-09-22 10:07:08.888,,,PRICE_PATH_ONLY,,
v2.2.0,20260922_066570_BASE_E013_100655871862,066570,LG전자,2026-09-22 10:06:55.871,216215.99999999997,T250_S150,STOP_LOSS,2026-09-22 10:20:42.672,-1.603,-1.843,0.1314,-1.603,PROFIT_PROTECT,A0.75_F0.60,v171_pp_1,False,,False,,,,,,,,False,False,,,,COMPLETE,False,,,,2026-09-22 10:07:08.888,,,PRICE_PATH_ONLY,,
v2.2.0,20260922_066570_BASE_E013_100655871862,066570,LG전자,2026-09-22 10:06:55.871,216215.99999999997,T250_S150,STOP_LOSS,2026-09-22 10:20:42.672,-1.603,-1.843,0.1314,-1.603,PROFIT_PROTECT,A0.75_F0.70,v171_pp_1,False,,False,,,,,,,,False,False,,,,COMPLETE,False,,,,2026-09-22 10:07:08.888,,,PRICE_PATH_ONLY,,
v2.2.0,20260922_066570_BASE_E013_100655871862,066570,LG전자,2026-09-22 10:06:55.871,216215.99999999997,T250_S150,STOP_LOSS,2026-09-22 10:20:42.672,-1.603,-1.843,0.1314,-1.603,PROFIT_PROTECT,A1.00_F0.40,v171_pp_1,False,,False,,,,,,,,False,False,,,,COMPLETE,False,,,,2026-09-22 10:07:08.888,,,PRICE_PATH_ONLY,,
v2.2.0,20260922_066570_BASE_E013_100655871862,066570,LG전자,2026-09-22 10:06:55.871,216215.99999999997,T250_S150,STOP_LOSS,2026-09-22 10:20:42.672,-1.603,-1.843,0.1314,-1.603,PROFIT_PROTECT,A1.00_F0.50,v171_pp_1,False,,False,,,,,,,,False,False,,,,COMPLETE,False,,,,2026-09-22 10:07:08.888,,,PRICE_PATH_ONLY,,
v2.2.0,20260922_066570_BASE_E013_100655871862,066570,LG전자,2026-09-22 10:06:55.871,216215.99999999997,T250_S150,STOP_LOSS,2026-09-22 10:20:42.672,-1.603,-1.843,0.1314,-1.603,PROFIT_PROTECT,A1.00_F0.60,v171_pp_1,False,,False,,,,,,,,False,False,,,,COMPLETE,False,,,,2026-09-22 10:07:08.888,,,PRICE_PATH_ONLY,,
v2.2.0,20260922_066570_BASE_E013_100655871862,066570,LG전자,2026-09-22 10:06:55.871,216215.99999999997,T250_S150,STOP_LOSS,2026-09-22 10:20:42.672,-1.603,-1.843,0.1314,-1.603,PROFIT_PROTECT,A1.00_F0.70,v171_pp_1,False,,False,,,,,,,,False,False,,,,COMPLETE,False,,,,2026-09-22 10:07:08.888,,,PRICE_PATH_ONLY,,
v2.2.0,20260922_066570_BASE_E013_100655871862,066570,LG전자,2026-09-22 10:06:55.871,216215.99999999997,T250_S150,STOP_LOSS,2026-09-22 10:20:42.672,-1.603,-1.843,0.1314,-1.603,PROFIT_PROTECT,A1.25_F0.40,v171_pp_1,False,,False,,,,,,,,False,False,,,,COMPLETE,False,,,,2026-09-22 10:07:08.888,,,PRICE_PATH_ONLY,,
v2.2.0,20260922_066570_BASE_E013_100655871862,066570,LG전자,2026-09-22 10:06:55.871,216215.99999999997,T250_S150,STOP_LOSS,2026-09-22 10:20:42.672,-1.603,-1.843,0.1314,-1.603,PROFIT_PROTECT,A1.25_F0.50,v171_pp_1,False,,False,,,,,,,,False,False,,,,COMPLETE,False,,,,2026-09-22 10:07:08.888,,,PRICE_PATH_ONLY,,
v2.2.0,20260922_066570_BASE_E013_100655871862,066570,LG전자,2026-09-22 10:06:55.871,216215.99999999997,T250_S150,STOP_LOSS,2026-09-22 10:20:42.672,-1.603,-1.843,0.1314,-1.603,PROFIT_PROTECT,A1.25_F0.60,v171_pp_1,False,,False,,,,,,,,False,False,,,,COMPLETE,False,,,,2026-09-22 10:07:08.888,,,PRICE_PATH_ONLY,,
v2.2.0,20260922_066570_BASE_E013_100655871862,066570,LG전자,2026-09-22 10:06:55.871,216215.99999999997,T250_S150,STOP_LOSS,2026-09-22 10:20:42.672,-1.603,-1.843,0.1314,-1.603,PROFIT_PROTECT,A1.25_F0.70,v171_pp_1,False,,False,,,,,,,,False,False,,,,COMPLETE,False,,,,2026-09-22 10:07:08.888,,,PRICE_PATH_ONLY,,
v2.2.0,20260922_066570_BASE_E013_100655871862,066570,LG전자,2026-09-22 10:06:55.871,216215.99999999997,T250_S150,STOP_LOSS,2026-09-22 10:20:42.672,-1.603,-1.843,0.1314,-1.603,PROFIT_PROTECT,A1.50_F0.40,v171_pp_1,False,,False,,,,,,,,False,False,,,,COMPLETE,False,,,,2026-09-22 10:07:08.888,,,PRICE_PATH_ONLY,,
v2.2.0,20260922_066570_BASE_E013_100655871862,066570,LG전자,2026-09-22 10:06:55.871,216215.99999999997,T250_S150,STOP_LOSS,2026-09-22 10:20:42.672,-1.603,-1.843,0.1314,-1.603,PROFIT_PROTECT,A1.50_F0.50,v171_pp_1,False,,False,,,,,,,,False,False,,,,COMPLETE,False,,,,2026-09-22 10:07:08.888,,,PRICE_PATH_ONLY,,
v2.2.0,20260922_066570_BASE_E013_100655871862,066570,LG전자,2026-09-22 10:06:55.871,216215.99999999997,T250_S150,STOP_LOSS,2026-09-22 10:20:42.672,-1.603,-1.843,0.1314,-1.603,PROFIT_PROTECT,A1.50_F0.60,v171_pp_1,False,,False,,,,,,,,False,False,,,,COMPLETE,False,,,,2026-09-22 10:07:08.888,,,PRICE_PATH_ONLY,,
v2.2.0,20260922_066570_BASE_E013_100655871862,066570,LG전자,2026-09-22 10:06:55.871,216215.99999999997,T250_S150,STOP_LOSS,2026-09-22 10:20:42.672,-1.603,-1.843,0.1314,-1.603,PROFIT_PROTECT,A1.50_F0.70,v171_pp_1,False,,False,,,,,,,,False,False,,,,COMPLETE,False,,,,2026-09-22 10:07:08.888,,,PRICE_PATH_ONLY,,
v2.2.0,20260922_066570_BASE_E013_100655871862,066570,LG전자,2026-09-22 10:06:55.871,216215.99999999997,T250_S150,STOP_LOSS,2026-09-22 10:20:42.672,-1.603,-1.843,0.1314,-1.603,NOON_RECOVERY,NOON_RECOVERY_1200_P040,v171_noon_1,,,False,,,,,,,,,,,,,COMPLETE,False,,,,2026-09-22 10:07:08.888,,,PRICE_PATH_ONLY,,
v2.2.0,20260922_066570_BASE_E013_100655871862,066570,LG전자,2026-09-22 10:06:55.871,216215.99999999997,T250_S150,STOP_LOSS,2026-09-22 10:20:42.672,-1.603,-1.843,0.1314,-1.603,NOON_RECOVERY,TIME_RECOVERY_1230_P040,v171_noon_1,,,False,,,,,,,,,,,,,COMPLETE,False,,,,2026-09-22 10:07:08.888,,,PRICE_PATH_ONLY,,
v2.2.0,20260922_066570_BASE_E013_100655871862,066570,LG전자,2026-09-22 10:06:55.871,216215.99999999997,T250_S150,STOP_LOSS,2026-09-22 10:20:42.672,-1.603,-1.843,0.1314,-1.603,NOON_RECOVERY,TIME_RECOVERY_1300_P040,v171_noon_1,,,False,,,,,,,,,,,,,COMPLETE,False,,,,2026-09-22 10:07:08.888,,,PRICE_PATH_ONLY,,
v2.2.0,20260922_066570_BASE_E013_100655871862,066570,LG전자,2026-09-22 10:06:55.871,216215.99999999997,T250_S150,STOP_LOSS,2026-09-22 10:20:42.672,-1.603,-1.843,0.1314,-1.603,NOON_RECOVERY,TIME_RECOVERY_1330_P040,v171_noon_1,,,False,,,,,,,,,,,,,COMPLETE,False,,,,2026-09-22 10:07:08.888,,,PRICE_PATH_ONLY,,
v2.2.0,20260922_066570_BASE_E013_100655871862,066570,LG전자,2026-09-22 10:06:55.871,216215.99999999997,T250_S150,STOP_LOSS,2026-09-22 10:20:42.672,-1.603,-1.843,0.1314,-1.603,NOON_RECOVERY,TIME_RECOVERY_1400_P040,v171_noon_1,,,False,,,,,,,,,,,,,COMPLETE,False,,,,2026-09-22 10:07:08.888,,,PRICE_PATH_ONLY,,
v2.2.0,20260922_012210_BASE_E001_105841801100,012210,삼미금속,2026-09-22 10:58:41.801,12382.369999999999,T250_S150,TAKE_PROFIT,2026-09-22 11:11:47.820,2.5652,2.3252,2.5652,-1.1498,NOON_RECOVERY,HOLD_T250_S150_TO_1520,v171_noon_1,,,False,,,,,,2.5652,2.3252,,,,,,COMPLETE,True,2026-09-22 11:01:28.155,,,2026-09-22 11:11:45.066,,,PRICE_PATH_ONLY,,
v2.2.0,20260922_012210_BASE_E001_105841801100,012210,삼미금속,2026-09-22 10:58:41.801,12382.369999999999,T250_S150,TAKE_PROFIT,2026-09-22 11:11:47.820,2.5652,2.3252,2.5652,-1.1498,PROFIT_PROTECT,A0.75_F0.40,v171_pp_1,True,2026-09-22 11:01:26.060,True,2026-09-22 11:01:26.256,12430.0,,,,0.3847,0.1447,False,True,12540.0,12580.0,12620.0,COMPLETE,True,2026-09-22 11:01:28.155,,,2026-09-22 11:11:45.066,,,PRICE_PATH_ONLY,2.1722,-1.5286
v2.2.0,20260922_012210_BASE_E001_105841801100,012210,삼미금속,2026-09-22 10:58:41.801,12382.369999999999,T250_S150,TAKE_PROFIT,2026-09-22 11:11:47.820,2.5652,2.3252,2.5652,-1.1498,PROFIT_PROTECT,A0.75_F0.50,v171_pp_1,True,2026-09-22 11:01:26.060,True,2026-09-22 11:01:26.153,12440.0,,,,0.4654,0.2254,False,True,12540.0,12560.0,12620.0,COMPLETE,True,2026-09-22 11:01:28.155,,,2026-09-22 11:11:45.066,,,PRICE_PATH_ONLY,2.09,-1.6077
v2.2.0,20260922_012210_BASE_E001_105841801100,012210,삼미금속,2026-09-22 10:58:41.801,12382.369999999999,T250_S150,TAKE_PROFIT,2026-09-22 11:11:47.820,2.5652,2.3252,2.5652,-1.1498,PROFIT_PROTECT,A0.75_F0.60,v171_pp_1,True,2026-09-22 11:01:26.060,True,2026-09-22 11:01:26.153,12450.0,,,,0.5462,0.3062,False,True,12540.0,12560.0,12620.0,COMPLETE,True,2026-09-22 11:01:28.155,,,2026-09-22 11:11:45.066,,,PRICE_PATH_ONLY,2.008,-1.6867
v2.2.0,20260922_012210_BASE_E001_105841801100,012210,삼미금속,2026-09-22 10:58:41.801,12382.369999999999,T250_S150,TAKE_PROFIT,2026-09-22 11:11:47.820,2.5652,2.3252,2.5652,-1.1498,PROFIT_PROTECT,A0.75_F0.70,v171_pp_1,True,2026-09-22 11:01:26.060,True,2026-09-22 11:01:26.060,12460.0,,,,0.6269,0.3869,False,True,12540.0,12570.0,12620.0,COMPLETE,True,2026-09-22 11:01:28.155,,,2026-09-22 11:11:45.066,,,PRICE_PATH_ONLY,1.9262,-1.7657
v2.2.0,20260922_012210_BASE_E001_105841801100,012210,삼미금속,2026-09-22 10:58:41.801,12382.369999999999,T250_S150,TAKE_PROFIT,2026-09-22 11:11:47.820,2.5652,2.3252,2.5652,-1.1498,PROFIT_PROTECT,A1.00_F0.40,v171_pp_1,True,2026-09-22 11:01:28.155,True,2026-09-22 11:02:09.854,12430.0,,,,0.3847,0.1447,False,True,12390.0,12440.0,12470.0,COMPLETE,True,2026-09-22 11:01:28.155,,,2026-09-22 11:11:45.066,,,PRICE_PATH_ONLY,2.1722,-1.5286
v2.2.0,20260922_012210_BASE_E001_105841801100,012210,삼미금속,2026-09-22 10:58:41.801,12382.369999999999,T250_S150,TAKE_PROFIT,2026-09-22 11:11:47.820,2.5652,2.3252,2.5652,-1.1498,PROFIT_PROTECT,A1.00_F0.50,v171_pp_1,True,2026-09-22 11:01:28.155,True,2026-09-22 11:02:09.854,12440.0,,,,0.4654,0.2254,False,True,12390.0,12440.0,12470.0,COMPLETE,True,2026-09-22 11:01:28.155,,,2026-09-22 11:11:45.066,,,PRICE_PATH_ONLY,2.09,-1.6077
v2.2.0,20260922_012210_BASE_E001_105841801100,012210,삼미금속,2026-09-22 10:58:41.801,12382.369999999999,T250_S150,TAKE_PROFIT,2026-09-22 11:11:47.820,2.5652,2.3252,2.5652,-1.1498,PROFIT_PROTECT,A1.00_F0.60,v171_pp_1,True,2026-09-22 11:01:28.155,True,2026-09-22 11:01:53.859,12450.0,,,,0.5462,0.3062,False,True,12510.0,12510.0,12500.0,COMPLETE,True,2026-09-22 11:01:28.155,,,2026-09-22 11:11:45.066,,,PRICE_PATH_ONLY,2.008,-1.6867
v2.2.0,20260922_012210_BASE_E001_105841801100,012210,삼미금속,2026-09-22 10:58:41.801,12382.369999999999,T250_S150,TAKE_PROFIT,2026-09-22 11:11:47.820,2.5652,2.3252,2.5652,-1.1498,PROFIT_PROTECT,A1.00_F0.70,v171_pp_1,True,2026-09-22 11:01:28.155,True,2026-09-22 11:01:53.463,12460.0,,,,0.6269,0.3869,False,True,12510.0,12510.0,12510.0,COMPLETE,True,2026-09-22 11:01:28.155,,,2026-09-22 11:11:45.066,,,PRICE_PATH_ONLY,1.9262,-1.7657
v2.2.0,20260922_012210_BASE_E001_105841801100,012210,삼미금속,2026-09-22 10:58:41.801,12382.369999999999,T250_S150,TAKE_PROFIT,2026-09-22 11:11:47.820,2.5652,2.3252,2.5652,-1.1498,PROFIT_PROTECT,A1.25_F0.40,v171_pp_1,True,2026-09-22 11:01:29.656,True,2026-09-22 11:02:09.854,12430.0,,,,0.3847,0.1447,False,True,12390.0,12440.0,12470.0,COMPLETE,True,2026-09-22 11:01:28.155,,,2026-09-22 11:11:45.066,,,PRICE_PATH_ONLY,2.1722,-1.5286
v2.2.0,20260922_012210_BASE_E001_105841801100,012210,삼미금속,2026-09-22 10:58:41.801,12382.369999999999,T250_S150,TAKE_PROFIT,2026-09-22 11:11:47.820,2.5652,2.3252,2.5652,-1.1498,PROFIT_PROTECT,A1.25_F0.50,v171_pp_1,True,2026-09-22 11:01:29.656,True,2026-09-22 11:02:09.854,12440.0,,,,0.4654,0.2254,False,True,12390.0,12440.0,12470.0,COMPLETE,True,2026-09-22 11:01:28.155,,,2026-09-22 11:11:45.066,,,PRICE_PATH_ONLY,2.09,-1.6077
v2.2.0,20260922_012210_BASE_E001_105841801100,012210,삼미금속,2026-09-22 10:58:41.801,12382.369999999999,T250_S150,TAKE_PROFIT,2026-09-22 11:11:47.820,2.5652,2.3252,2.5652,-1.1498,PROFIT_PROTECT,A1.25_F0.60,v171_pp_1,True,2026-09-22 11:01:29.656,True,2026-09-22 11:01:53.859,12450.0,,,,0.5462,0.3062,False,True,12510.0,12510.0,12500.0,COMPLETE,True,2026-09-22 11:01:28.155,,,2026-09-22 11:11:45.066,,,PRICE_PATH_ONLY,2.008,-1.6867
v2.2.0,20260922_012210_BASE_E001_105841801100,012210,삼미금속,2026-09-22 10:58:41.801,12382.369999999999,T250_S150,TAKE_PROFIT,2026-09-22 11:11:47.820,2.5652,2.3252,2.5652,-1.1498,PROFIT_PROTECT,A1.25_F0.70,v171_pp_1,True,2026-09-22 11:01:29.656,True,2026-09-22 11:01:53.463,12460.0,,,,0.6269,0.3869,False,True,12510.0,12510.0,12510.0,COMPLETE,True,2026-09-22 11:01:28.155,,,2026-09-22 11:11:45.066,,,PRICE_PATH_ONLY,1.9262,-1.7657
v2.2.0,20260922_012210_BASE_E001_105841801100,012210,삼미금속,2026-09-22 10:58:41.801,12382.369999999999,T250_S150,TAKE_PROFIT,2026-09-22 11:11:47.820,2.5652,2.3252,2.5652,-1.1498,PROFIT_PROTECT,A1.50_F0.40,v171_pp_1,True,2026-09-22 11:01:31.569,True,2026-09-22 11:02:09.854,12430.0,,,,0.3847,0.1447,False,True,12390.0,12440.0,12470.0,COMPLETE,True,2026-09-22 11:01:28.155,,,2026-09-22 11:11:45.066,,,PRICE_PATH_ONLY,2.1722,-1.5286
v2.2.0,20260922_012210_BASE_E001_105841801100,012210,삼미금속,2026-09-22 10:58:41.801,12382.369999999999,T250_S150,TAKE_PROFIT,2026-09-22 11:11:47.820,2.5652,2.3252,2.5652,-1.1498,PROFIT_PROTECT,A1.50_F0.50,v171_pp_1,True,2026-09-22 11:01:31.569,True,2026-09-22 11:02:09.854,12440.0,,,,0.4654,0.2254,False,True,12390.0,12440.0,12470.0,COMPLETE,True,2026-09-22 11:01:28.155,,,2026-09-22 11:11:45.066,,,PRICE_PATH_ONLY,2.09,-1.6077
v2.2.0,20260922_012210_BASE_E001_105841801100,012210,삼미금속,2026-09-22 10:58:41.801,12382.369999999999,T250_S150,TAKE_PROFIT,2026-09-22 11:11:47.820,2.5652,2.3252,2.5652,-1.1498,PROFIT_PROTECT,A1.50_F0.60,v171_pp_1,True,2026-09-22 11:01:31.569,True,2026-09-22 11:01:53.859,12450.0,,,,0.5462,0.3062,False,True,12510.0,12510.0,12500.0,COMPLETE,True,2026-09-22 11:01:28.155,,,2026-09-22 11:11:45.066,,,PRICE_PATH_ONLY,2.008,-1.6867
v2.2.0,20260922_012210_BASE_E001_105841801100,012210,삼미금속,2026-09-22 10:58:41.801,12382.369999999999,T250_S150,TAKE_PROFIT,2026-09-22 11:11:47.820,2.5652,2.3252,2.5652,-1.1498,PROFIT_PROTECT,A1.50_F0.70,v171_pp_1,True,2026-09-22 11:01:31.569,True,2026-09-22 11:01:53.463,12460.0,,,,0.6269,0.3869,False,True,12510.0,12510.0,12510.0,COMPLETE,True,2026-09-22 11:01:28.155,,,2026-09-22 11:11:45.066,,,PRICE_PATH_ONLY,1.9262,-1.7657
v2.2.0,20260922_012210_BASE_E001_105841801100,012210,삼미금속,2026-09-22 10:58:41.801,12382.369999999999,T250_S150,TAKE_PROFIT,2026-09-22 11:11:47.820,2.5652,2.3252,2.5652,-1.1498,NOON_RECOVERY,NOON_RECOVERY_1200_P040,v171_noon_1,,,False,,,,,,,,,,,,,COMPLETE,True,2026-09-22 11:01:28.155,,,2026-09-22 11:11:45.066,,,PRICE_PATH_ONLY,,
v2.2.0,20260922_012210_BASE_E001_105841801100,012210,삼미금속,2026-09-22 10:58:41.801,12382.369999999999,T250_S150,TAKE_PROFIT,2026-09-22 11:11:47.820,2.5652,2.3252,2.5652,-1.1498,NOON_RECOVERY,TIME_RECOVERY_1230_P040,v171_noon_1,,,False,,,,,,,,,,,,,COMPLETE,True,2026-09-22 11:01:28.155,,,2026-09-22 11:11:45.066,,,PRICE_PATH_ONLY,,
v2.2.0,20260922_012210_BASE_E001_105841801100,012210,삼미금속,2026-09-22 10:58:41.801,12382.369999999999,T250_S150,TAKE_PROFIT,2026-09-22 11:11:47.820,2.5652,2.3252,2.5652,-1.1498,NOON_RECOVERY,TIME_RECOVERY_1300_P040,v171_noon_1,,,False,,,,,,,,,,,,,COMPLETE,True,2026-09-22 11:01:28.155,,,2026-09-22 11:11:45.066,,,PRICE_PATH_ONLY,,
v2.2.0,20260922_012210_BASE_E001_105841801100,012210,삼미금속,2026-09-22 10:58:41.801,12382.369999999999,T250_S150,TAKE_PROFIT,2026-09-22 11:11:47.820,2.5652,2.3252,2.5652,-1.1498,NOON_RECOVERY,TIME_RECOVERY_1330_P040,v171_noon_1,,,False,,,,,,,,,,,,,COMPLETE,True,2026-09-22 11:01:28.155,,,2026-09-22 11:11:45.066,,,PRICE_PATH_ONLY,,
v2.2.0,20260922_012210_BASE_E001_105841801100,012210,삼미금속,2026-09-22 10:58:41.801,12382.369999999999,T250_S150,TAKE_PROFIT,2026-09-22 11:11:47.820,2.5652,2.3252,2.5652,-1.1498,NOON_RECOVERY,TIME_RECOVERY_1400_P040,v171_noon_1,,,False,,,,,,,,,,,,,COMPLETE,True,2026-09-22 11:01:28.155,,,2026-09-22 11:11:45.066,,,PRICE_PATH_ONLY,,
v2.2.0,20260922_012210_BASE_E003_111203511676,012210,삼미금속,2026-09-22 11:12:03.511,12722.71,T250_S150,TAKE_PROFIT,2026-09-22 11:15:48.888,2.5725,2.3325,2.5725,-0.7287,NOON_RECOVERY,HOLD_T250_S150_TO_1520,v171_noon_1,,,False,,,,,,2.5725,2.3325,,,,,,COMPLETE,True,2026-09-22 11:14:12.065,,,2026-09-22 11:15:39.250,,,PRICE_PATH_ONLY,,
v2.2.0,20260922_012210_BASE_E003_111203511676,012210,삼미금속,2026-09-22 11:12:03.511,12722.71,T250_S150,TAKE_PROFIT,2026-09-22 11:15:48.888,2.5725,2.3325,2.5725,-0.7287,PROFIT_PROTECT,A0.75_F0.40,v171_pp_1,True,2026-09-22 11:13:10.347,True,2026-09-22 11:13:13.255,12770.0,,,,0.3717,0.1317,False,True,12760.0,12740.0,12760.0,COMPLETE,True,2026-09-22 11:14:12.065,,,2026-09-22 11:15:39.250,,,PRICE_PATH_ONLY,2.1926,-0.7048
v2.2.0,20260922_012210_BASE_E003_111203511676,012210,삼미금속,2026-09-22 11:12:03.511,12722.71,T250_S150,TAKE_PROFIT,2026-09-22 11:15:48.888,2.5725,2.3325,2.5725,-0.7287,PROFIT_PROTECT,A0.75_F0.50,v171_pp_1,True,2026-09-22 11:13:10.347,True,2026-09-22 11:13:12.950,12780.0,,,,0.4503,0.2103,False,True,12770.0,12730.0,12770.0,COMPLETE,True,2026-09-22 11:14:12.065,,,2026-09-22 11:15:39.250,,,PRICE_PATH_ONLY,2.1127,-0.7825
v2.2.0,20260922_012210_BASE_E003_111203511676,012210,삼미금속,2026-09-22 11:12:03.511,12722.71,T250_S150,TAKE_PROFIT,2026-09-22 11:15:48.888,2.5725,2.3325,2.5725,-0.7287,PROFIT_PROTECT,A0.75_F0.60,v171_pp_1,True,2026-09-22 11:13:10.347,True,2026-09-22 11:13:12.447,12790.0,,,,0.5289,0.2889,False,True,12760.0,12740.0,12770.0,COMPLETE,True,2026-09-22 11:14:12.065,,,2026-09-22 11:15:39.250,,,PRICE_PATH_ONLY,2.0328,-0.86
v2.2.0,20260922_012210_BASE_E003_111203511676,012210,삼미금속,2026-09-22 11:12:03.511,12722.71,T250_S150,TAKE_PROFIT,2026-09-22 11:15:48.888,2.5725,2.3325,2.5725,-0.7287,PROFIT_PROTECT,A0.75_F0.70,v171_pp_1,True,2026-09-22 11:13:10.347,True,2026-09-22 11:13:10.347,12810.0,,,,0.6861,0.4461,False,True,12790.0,12705.0,12750.0,COMPLETE,True,2026-09-22 11:14:12.065,,,2026-09-22 11:15:39.250,,,PRICE_PATH_ONLY,1.8735,-1.0148
v2.2.0,20260922_012210_BASE_E003_111203511676,012210,삼미금속,2026-09-22 11:12:03.511,12722.71,T250_S150,TAKE_PROFIT,2026-09-22 11:15:48.888,2.5725,2.3325,2.5725,-0.7287,PROFIT_PROTECT,A1.00_F0.40,v171_pp_1,True,2026-09-22 11:14:12.065,False,,,,,,,,False,False,,,,COMPLETE,True,2026-09-22 11:14:12.065,,,2026-09-22 11:15:39.250,,,PRICE_PATH_ONLY,,
v2.2.0,20260922_012210_BASE_E003_111203511676,012210,삼미금속,2026-09-22 11:12:03.511,12722.71,T250_S150,TAKE_PROFIT,2026-09-22 11:15:48.888,2.5725,2.3325,2.5725,-0.7287,PROFIT_PROTECT,A1.00_F0.50,v171_pp_1,True,2026-09-22 11:14:12.065,True,2026-09-22 11:14:13.582,12780.0,,,,0.4503,0.2103,False,True,12830.0,12850.0,12850.0,COMPLETE,True,2026-09-22 11:14:12.065,,,2026-09-22 11:15:39.250,,,PRICE_PATH_ONLY,2.1127,0.0
v2.2.0,20260922_012210_BASE_E003_111203511676,012210,삼미금속,2026-09-22 11:12:03.511,12722.71,T250_S150,TAKE_PROFIT,2026-09-22 11:15:48.888,2.5725,2.3325,2.5725,-0.7287,PROFIT_PROTECT,A1.00_F0.60,v171_pp_1,True,2026-09-22 11:14:12.065,True,2026-09-22 11:14:13.582,12790.0,,,,0.5289,0.2889,False,True,12830.0,12850.0,12850.0,COMPLETE,True,2026-09-22 11:14:12.065,,,2026-09-22 11:15:39.250,,,PRICE_PATH_ONLY,2.0328,-0.0782
v2.2.0,20260922_012210_BASE_E003_111203511676,012210,삼미금속,2026-09-22 11:12:03.511,12722.71,T250_S150,TAKE_PROFIT,2026-09-22 11:15:48.888,2.5725,2.3325,2.5725,-0.7287,PROFIT_PROTECT,A1.00_F0.70,v171_pp_1,True,2026-09-22 11:14:12.065,True,2026-09-22 11:14:12.879,12810.0,,,,0.6861,0.4461,False,True,12830.0,12870.0,12850.0,COMPLETE,True,2026-09-22 11:14:12.065,,,2026-09-22 11:15:39.250,,,PRICE_PATH_ONLY,1.8735,-0.2342
v2.2.0,20260922_012210_BASE_E003_111203511676,012210,삼미금속,2026-09-22 11:12:03.511,12722.71,T250_S150,TAKE_PROFIT,2026-09-22 11:15:48.888,2.5725,2.3325,2.5725,-0.7287,PROFIT_PROTECT,A1.25_F0.40,v171_pp_1,True,2026-09-22 11:14:33.056,False,,,,,,,,False,False,,,,COMPLETE,True,2026-09-22 11:14:12.065,,,2026-09-22 11:15:39.250,,,PRICE_PATH_ONLY,,
v2.2.0,20260922_012210_BASE_E003_111203511676,012210,삼미금속,2026-09-22 11:12:03.511,12722.71,T250_S150,TAKE_PROFIT,2026-09-22 11:15:48.888,2.5725,2.3325,2.5725,-0.7287,PROFIT_PROTECT,A1.25_F0.50,v171_pp_1,True,2026-09-22 11:14:33.056,False,,,,,,,,False,False,,,,COMPLETE,True,2026-09-22 11:14:12.065,,,2026-09-22 11:15:39.250,,,PRICE_PATH_ONLY,,
v2.2.0,20260922_012210_BASE_E003_111203511676,012210,삼미금속,2026-09-22 11:12:03.511,12722.71,T250_S150,TAKE_PROFIT,2026-09-22 11:15:48.888,2.5725,2.3325,2.5725,-0.7287,PROFIT_PROTECT,A1.25_F0.60,v171_pp_1,True,2026-09-22 11:14:33.056,False,,,,,,,,False,False,,,,COMPLETE,True,2026-09-22 11:14:12.065,,,2026-09-22 11:15:39.250,,,PRICE_PATH_ONLY,,
v2.2.0,20260922_012210_BASE_E003_111203511676,012210,삼미금속,2026-09-22 11:12:03.511,12722.71,T250_S150,TAKE_PROFIT,2026-09-22 11:15:48.888,2.5725,2.3325,2.5725,-0.7287,PROFIT_PROTECT,A1.25_F0.70,v171_pp_1,True,2026-09-22 11:14:33.056,False,,,,,,,,False,False,,,,COMPLETE,True,2026-09-22 11:14:12.065,,,2026-09-22 11:15:39.250,,,PRICE_PATH_ONLY,,
v2.2.0,20260922_012210_BASE_E003_111203511676,012210,삼미금속,2026-09-22 11:12:03.511,12722.71,T250_S150,TAKE_PROFIT,2026-09-22 11:15:48.888,2.5725,2.3325,2.5725,-0.7287,PROFIT_PROTECT,A1.50_F0.40,v171_pp_1,True,2026-09-22 11:14:33.761,False,,,,,,,,False,False,,,,COMPLETE,True,2026-09-22 11:14:12.065,,,2026-09-22 11:15:39.250,,,PRICE_PATH_ONLY,,
v2.2.0,20260922_012210_BASE_E003_111203511676,012210,삼미금속,2026-09-22 11:12:03.511,12722.71,T250_S150,TAKE_PROFIT,2026-09-22 11:15:48.888,2.5725,2.3325,2.5725,-0.7287,PROFIT_PROTECT,A1.50_F0.50,v171_pp_1,True,2026-09-22 11:14:33.761,False,,,,,,,,False,False,,,,COMPLETE,True,2026-09-22 11:14:12.065,,,2026-09-22 11:15:39.250,,,PRICE_PATH_ONLY,,
v2.2.0,20260922_012210_BASE_E003_111203511676,012210,삼미금속,2026-09-22 11:12:03.511,12722.71,T250_S150,TAKE_PROFIT,2026-09-22 11:15:48.888,2.5725,2.3325,2.5725,-0.7287,PROFIT_PROTECT,A1.50_F0.60,v171_pp_1,True,2026-09-22 11:14:33.761,False,,,,,,,,False,False,,,,COMPLETE,True,2026-09-22 11:14:12.065,,,2026-09-22 11:15:39.250,,,PRICE_PATH_ONLY,,
v2.2.0,20260922_012210_BASE_E003_111203511676,012210,삼미금속,2026-09-22 11:12:03.511,12722.71,T250_S150,TAKE_PROFIT,2026-09-22 11:15:48.888,2.5725,2.3325,2.5725,-0.7287,PROFIT_PROTECT,A1.50_F0.70,v171_pp_1,True,2026-09-22 11:14:33.761,False,,,,,,,,False,False,,,,COMPLETE,True,2026-09-22 11:14:12.065,,,2026-09-22 11:15:39.250,,,PRICE_PATH_ONLY,,
v2.2.0,20260922_012210_BASE_E003_111203511676,012210,삼미금속,2026-09-22 11:12:03.511,12722.71,T250_S150,TAKE_PROFIT,2026-09-22 11:15:48.888,2.5725,2.3325,2.5725,-0.7287,NOON_RECOVERY,NOON_RECOVERY_1200_P040,v171_noon_1,,,False,,,,,,,,,,,,,COMPLETE,True,2026-09-22 11:14:12.065,,,2026-09-22 11:15:39.250,,,PRICE_PATH_ONLY,,
v2.2.0,20260922_012210_BASE_E003_111203511676,012210,삼미금속,2026-09-22 11:12:03.511,12722.71,T250_S150,TAKE_PROFIT,2026-09-22 11:15:48.888,2.5725,2.3325,2.5725,-0.7287,NOON_RECOVERY,TIME_RECOVERY_1230_P040,v171_noon_1,,,False,,,,,,,,,,,,,COMPLETE,True,2026-09-22 11:14:12.065,,,2026-09-22 11:15:39.250,,,PRICE_PATH_ONLY,,
v2.2.0,20260922_012210_BASE_E003_111203511676,012210,삼미금속,2026-09-22 11:12:03.511,12722.71,T250_S150,TAKE_PROFIT,2026-09-22 11:15:48.888,2.5725,2.3325,2.5725,-0.7287,NOON_RECOVERY,TIME_RECOVERY_1300_P040,v171_noon_1,,,False,,,,,,,,,,,,,COMPLETE,True,2026-09-22 11:14:12.065,,,2026-09-22 11:15:39.250,,,PRICE_PATH_ONLY,,
v2.2.0,20260922_012210_BASE_E003_111203511676,012210,삼미금속,2026-09-22 11:12:03.511,12722.71,T250_S150,TAKE_PROFIT,2026-09-22 11:15:48.888,2.5725,2.3325,2.5725,-0.7287,NOON_RECOVERY,TIME_RECOVERY_1330_P040,v171_noon_1,,,False,,,,,,,,,,,,,COMPLETE,True,2026-09-22 11:14:12.065,,,2026-09-22 11:15:39.250,,,PRICE_PATH_ONLY,,
v2.2.0,20260922_012210_BASE_E003_111203511676,012210,삼미금속,2026-09-22 11:12:03.511,12722.71,T250_S150,TAKE_PROFIT,2026-09-22 11:15:48.888,2.5725,2.3325,2.5725,-0.7287,NOON_RECOVERY,TIME_RECOVERY_1400_P040,v171_noon_1,,,False,,,,,,,,,,,,,COMPLETE,True,2026-09-22 11:14:12.065,,,2026-09-22 11:15:39.250,,,PRICE_PATH_ONLY,,
v2.2.0,20260922_009150_BASE_E001_090626503720,009150,삼성전기,2026-09-22 09:06:26.503,1517515.9999999998,T250_S150,STOP_LOSS,2026-09-22 13:19:59.595,-1.5496,-1.7896,2.0088,-1.5496,NOON_RECOVERY,HOLD_T250_S150_TO_1520,v171_noon_1,,,False,,,,,,-1.5496,-1.7896,,,,,,COMPLETE,True,2026-09-22 09:10:54.077,,,2026-09-22 09:39:11.425,,,PRICE_PATH_ONLY,,
v2.2.0,20260922_009150_BASE_E001_090626503720,009150,삼성전기,2026-09-22 09:06:26.503,1517515.9999999998,T250_S150,STOP_LOSS,2026-09-22 13:19:59.595,-1.5496,-1.7896,2.0088,-1.5496,PROFIT_PROTECT,A0.75_F0.40,v171_pp_1,True,2026-09-22 09:09:45.561,True,2026-09-22 09:14:14.355,1523500.0,,,,0.3943,0.1543,True,False,1523000.0,1523000.0,1523000.0,COMPLETE,True,2026-09-22 09:10:54.077,,,2026-09-22 09:39:11.425,,,PRICE_PATH_ONLY,1.6081,-1.9363
v2.2.0,20260922_009150_BASE_E001_090626503720,009150,삼성전기,2026-09-22 09:06:26.503,1517515.9999999998,T250_S150,STOP_LOSS,2026-09-22 13:19:59.595,-1.5496,-1.7896,2.0088,-1.5496,PROFIT_PROTECT,A0.75_F0.50,v171_pp_1,True,2026-09-22 09:09:45.561,True,2026-09-22 09:14:06.782,1525000.0,,,,0.4932,0.2532,True,False,1524000.0,1523000.0,1523000.0,COMPLETE,True,2026-09-22 09:10:54.077,,,2026-09-22 09:39:11.425,,,PRICE_PATH_ONLY,1.5082,-2.0328
v2.2.0,20260922_009150_BASE_E001_090626503720,009150,삼성전기,2026-09-22 09:06:26.503,1517515.9999999998,T250_S150,STOP_LOSS,2026-09-22 13:19:59.595,-1.5496,-1.7896,2.0088,-1.5496,PROFIT_PROTECT,A0.75_F0.60,v171_pp_1,True,2026-09-22 09:09:45.561,True,2026-09-22 09:14:03.555,1526000.0,,,,0.5591,0.3191,True,False,1525000.0,1524000.0,1523000.0,COMPLETE,True,2026-09-22 09:10:54.077,,,2026-09-22 09:39:11.425,,,PRICE_PATH_ONLY,1.4417,-2.097
v2.2.0,20260922_009150_BASE_E001_090626503720,009150,삼성전기,2026-09-22 09:06:26.503,1517515.9999999998,T250_S150,STOP_LOSS,2026-09-22 13:19:59.595,-1.5496,-1.7896,2.0088,-1.5496,PROFIT_PROTECT,A0.75_F0.70,v171_pp_1,True,2026-09-22 09:09:45.561,True,2026-09-22 09:09:45.561,1528000.0,,,,0.6909,0.4509,True,False,1528000.0,1528000.0,1528000.0,COMPLETE,True,2026-09-22 09:10:54.077,,,2026-09-22 09:39:11.425,,,PRICE_PATH_ONLY,1.3089,-2.2251
v2.2.0,20260922_009150_BASE_E001_090626503720,009150,삼성전기,2026-09-22 09:06:26.503,1517515.9999999998,T250_S150,STOP_LOSS,2026-09-22 13:19:59.595,-1.5496,-1.7896,2.0088,-1.5496,PROFIT_PROTECT,A1.00_F0.40,v171_pp_1,True,2026-09-22 09:10:54.077,True,2026-09-22 09:14:14.355,1523500.0,,,,0.3943,0.1543,True,False,1523000.0,1523000.0,1523000.0,COMPLETE,True,2026-09-22 09:10:54.077,,,2026-09-22 09:39:11.425,,,PRICE_PATH_ONLY,1.6081,-1.9363
v2.2.0,20260922_009150_BASE_E001_090626503720,009150,삼성전기,2026-09-22 09:06:26.503,1517515.9999999998,T250_S150,STOP_LOSS,2026-09-22 13:19:59.595,-1.5496,-1.7896,2.0088,-1.5496,PROFIT_PROTECT,A1.00_F0.50,v171_pp_1,True,2026-09-22 09:10:54.077,True,2026-09-22 09:14:06.782,1525000.0,,,,0.4932,0.2532,True,False,1524000.0,1523000.0,1523000.0,COMPLETE,True,2026-09-22 09:10:54.077,,,2026-09-22 09:39:11.425,,,PRICE_PATH_ONLY,1.5082,-2.0328
v2.2.0,20260922_009150_BASE_E001_090626503720,009150,삼성전기,2026-09-22 09:06:26.503,1517515.9999999998,T250_S150,STOP_LOSS,2026-09-22 13:19:59.595,-1.5496,-1.7896,2.0088,-1.5496,PROFIT_PROTECT,A1.00_F0.60,v171_pp_1,True,2026-09-22 09:10:54.077,True,2026-09-22 09:14:03.555,1526000.0,,,,0.5591,0.3191,True,False,1525000.0,1524000.0,1523000.0,COMPLETE,True,2026-09-22 09:10:54.077,,,2026-09-22 09:39:11.425,,,PRICE_PATH_ONLY,1.4417,-2.097
v2.2.0,20260922_009150_BASE_E001_090626503720,009150,삼성전기,2026-09-22 09:06:26.503,1517515.9999999998,T250_S150,STOP_LOSS,2026-09-22 13:19:59.595,-1.5496,-1.7896,2.0088,-1.5496,PROFIT_PROTECT,A1.00_F0.70,v171_pp_1,True,2026-09-22 09:10:54.077,True,2026-09-22 09:13:58.956,1528000.0,,,,0.6909,0.4509,True,False,1526000.0,1525000.0,1524500.0,COMPLETE,True,2026-09-22 09:10:54.077,,,2026-09-22 09:39:11.425,,,PRICE_PATH_ONLY,1.3089,-2.2251
v2.2.0,20260922_009150_BASE_E001_090626503720,009150,삼성전기,2026-09-22 09:06:26.503,1517515.9999999998,T250_S150,STOP_LOSS,2026-09-22 13:19:59.595,-1.5496,-1.7896,2.0088,-1.5496,PROFIT_PROTECT,A1.25_F0.40,v171_pp_1,True,2026-09-22 09:11:48.862,True,2026-09-22 09:14:14.355,1523500.0,,,,0.3943,0.1543,True,False,1523000.0,1523000.0,1523000.0,COMPLETE,True,2026-09-22 09:10:54.077,,,2026-09-22 09:39:11.425,,,PRICE_PATH_ONLY,1.6081,-1.9363
v2.2.0,20260922_009150_BASE_E001_090626503720,009150,삼성전기,2026-09-22 09:06:26.503,1517515.9999999998,T250_S150,STOP_LOSS,2026-09-22 13:19:59.595,-1.5496,-1.7896,2.0088,-1.5496,PROFIT_PROTECT,A1.25_F0.50,v171_pp_1,True,2026-09-22 09:11:48.862,True,2026-09-22 09:14:06.782,1525000.0,,,,0.4932,0.2532,True,False,1524000.0,1523000.0,1523000.0,COMPLETE,True,2026-09-22 09:10:54.077,,,2026-09-22 09:39:11.425,,,PRICE_PATH_ONLY,1.5082,-2.0328
v2.2.0,20260922_009150_BASE_E001_090626503720,009150,삼성전기,2026-09-22 09:06:26.503,1517515.9999999998,T250_S150,STOP_LOSS,2026-09-22 13:19:59.595,-1.5496,-1.7896,2.0088,-1.5496,PROFIT_PROTECT,A1.25_F0.60,v171_pp_1,True,2026-09-22 09:11:48.862,True,2026-09-22 09:14:03.555,1526000.0,,,,0.5591,0.3191,True,False,1525000.0,1524000.0,1523000.0,COMPLETE,True,2026-09-22 09:10:54.077,,,2026-09-22 09:39:11.425,,,PRICE_PATH_ONLY,1.4417,-2.097
v2.2.0,20260922_009150_BASE_E001_090626503720,009150,삼성전기,2026-09-22 09:06:26.503,1517515.9999999998,T250_S150,STOP_LOSS,2026-09-22 13:19:59.595,-1.5496,-1.7896,2.0088,-1.5496,PROFIT_PROTECT,A1.25_F0.70,v171_pp_1,True,2026-09-22 09:11:48.862,True,2026-09-22 09:13:58.956,1528000.0,,,,0.6909,0.4509,True,False,1526000.0,1525000.0,1524500.0,COMPLETE,True,2026-09-22 09:10:54.077,,,2026-09-22 09:39:11.425,,,PRICE_PATH_ONLY,1.3089,-2.2251
v2.2.0,20260922_009150_BASE_E001_090626503720,009150,삼성전기,2026-09-22 09:06:26.503,1517515.9999999998,T250_S150,STOP_LOSS,2026-09-22 13:19:59.595,-1.5496,-1.7896,2.0088,-1.5496,PROFIT_PROTECT,A1.50_F0.40,v171_pp_1,True,2026-09-22 09:32:02.935,True,2026-09-22 09:47:32.908,1523000.0,,,,0.3614,0.1214,True,False,1524000.0,1524000.0,1525000.0,COMPLETE,True,2026-09-22 09:10:54.077,,,2026-09-22 09:39:11.425,,,PRICE_PATH_ONLY,0.394,-1.9041
v2.2.0,20260922_009150_BASE_E001_090626503720,009150,삼성전기,2026-09-22 09:06:26.503,1517515.9999999998,T250_S150,STOP_LOSS,2026-09-22 13:19:59.595,-1.5496,-1.7896,2.0088,-1.5496,PROFIT_PROTECT,A1.50_F0.50,v171_pp_1,True,2026-09-22 09:32:02.935,True,2026-09-22 09:46:53.835,1525000.0,,,,0.4932,0.2532,True,False,1528000.0,1527000.0,1528000.0,COMPLETE,True,2026-09-22 09:10:54.077,,,2026-09-22 09:39:11.425,,,PRICE_PATH_ONLY,0.2623,-2.0328
v2.2.0,20260922_009150_BASE_E001_090626503720,009150,삼성전기,2026-09-22 09:06:26.503,1517515.9999999998,T250_S150,STOP_LOSS,2026-09-22 13:19:59.595,-1.5496,-1.7896,2.0088,-1.5496,PROFIT_PROTECT,A1.50_F0.60,v171_pp_1,True,2026-09-22 09:32:02.935,True,2026-09-22 09:46:53.835,1526000.0,,,,0.5591,0.3191,True,False,1528000.0,1527000.0,1528000.0,COMPLETE,True,2026-09-22 09:10:54.077,,,2026-09-22 09:39:11.425,,,PRICE_PATH_ONLY,0.1966,-2.097
v2.2.0,20260922_009150_BASE_E001_090626503720,009150,삼성전기,2026-09-22 09:06:26.503,1517515.9999999998,T250_S150,STOP_LOSS,2026-09-22 13:19:59.595,-1.5496,-1.7896,2.0088,-1.5496,PROFIT_PROTECT,A1.50_F0.70,v171_pp_1,True,2026-09-22 09:32:02.935,True,2026-09-22 09:45:07.312,1528000.0,,,,0.6909,0.4509,True,False,1528000.0,1528000.0,1528000.0,COMPLETE,True,2026-09-22 09:10:54.077,,,2026-09-22 09:39:11.425,,,PRICE_PATH_ONLY,0.1963,-2.2251
v2.2.0,20260922_009150_BASE_E001_090626503720,009150,삼성전기,2026-09-22 09:06:26.503,1517515.9999999998,T250_S150,STOP_LOSS,2026-09-22 13:19:59.595,-1.5496,-1.7896,2.0088,-1.5496,NOON_RECOVERY,NOON_RECOVERY_1200_P040,v171_noon_1,,,False,,,0.09779139066738995,2.008809132819711,-1.4178433703499471,,,,,,,,COMPLETE,True,2026-09-22 09:10:54.077,True,True,2026-09-22 09:39:11.425,-1.8733850129198926,,PRICE_PATH_ONLY,,
v2.2.0,20260922_009150_BASE_E001_090626503720,009150,삼성전기,2026-09-22 09:06:26.503,1517515.9999999998,T250_S150,STOP_LOSS,2026-09-22 13:19:59.595,-1.5496,-1.7896,2.0088,-1.5496,NOON_RECOVERY,TIME_RECOVERY_1230_P040,v171_noon_1,,,False,,,-0.1657972634225735,2.008809132819711,-1.4178433703499471,,,,,,,,COMPLETE,True,2026-09-22 09:10:54.077,False,False,2026-09-22 09:39:11.425,-2.131782945736438,,PRICE_PATH_ONLY,,
v2.2.0,20260922_009150_BASE_E001_090626503720,009150,삼성전기,2026-09-22 09:06:26.503,1517515.9999999998,T250_S150,STOP_LOSS,2026-09-22 13:19:59.595,-1.5496,-1.7896,2.0088,-1.5496,NOON_RECOVERY,TIME_RECOVERY_1300_P040,v171_noon_1,,,False,,,-0.6270774080800345,2.008809132819711,-1.4178433703499471,,,,,,,,COMPLETE,True,2026-09-22 09:10:54.077,False,False,2026-09-22 09:39:11.425,-2.5839793281653756,,PRICE_PATH_ONLY,,
v2.2.0,20260922_009150_BASE_E001_090626503720,009150,삼성전기,2026-09-22 09:06:26.503,1517515.9999999998,T250_S150,STOP_LOSS,2026-09-22 13:19:59.595,-1.5496,-1.7896,2.0088,-1.5496,NOON_RECOVERY,TIME_RECOVERY_1330_P040,v171_noon_1,,,False,,,,,,,,,,,,,COMPLETE,True,2026-09-22 09:10:54.077,,,2026-09-22 09:39:11.425,,,PRICE_PATH_ONLY,,
v2.2.0,20260922_009150_BASE_E001_090626503720,009150,삼성전기,2026-09-22 09:06:26.503,1517515.9999999998,T250_S150,STOP_LOSS,2026-09-22 13:19:59.595,-1.5496,-1.7896,2.0088,-1.5496,NOON_RECOVERY,TIME_RECOVERY_1400_P040,v171_noon_1,,,False,,,,,,,,,,,,,COMPLETE,True,2026-09-22 09:10:54.077,,,2026-09-22 09:39:11.425,,,PRICE_PATH_ONLY,,
v2.2.0,20260922_103590_BASE_E011_125145924720,103590,일진전기,2026-09-22 12:51:45.924,78978.9,T250_S150,STOP_LOSS,2026-09-22 13:30:01.670,-1.6193,-1.8593,0.2799,-1.6193,NOON_RECOVERY,HOLD_T250_S150_TO_1520,v171_noon_1,,,False,,,,,,-1.6193,-1.8593,,,,,,COMPLETE,False,,,,2026-09-22 12:53:37.414,,,PRICE_PATH_ONLY,,
v2.2.0,20260922_103590_BASE_E011_125145924720,103590,일진전기,2026-09-22 12:51:45.924,78978.9,T250_S150,STOP_LOSS,2026-09-22 13:30:01.670,-1.6193,-1.8593,0.2799,-1.6193,PROFIT_PROTECT,A0.75_F0.40,v171_pp_1,False,,False,,,,,,,,False,False,,,,COMPLETE,False,,,,2026-09-22 12:53:37.414,,,PRICE_PATH_ONLY,,
v2.2.0,20260922_103590_BASE_E011_125145924720,103590,일진전기,2026-09-22 12:51:45.924,78978.9,T250_S150,STOP_LOSS,2026-09-22 13:30:01.670,-1.6193,-1.8593,0.2799,-1.6193,PROFIT_PROTECT,A0.75_F0.50,v171_pp_1,False,,False,,,,,,,,False,False,,,,COMPLETE,False,,,,2026-09-22 12:53:37.414,,,PRICE_PATH_ONLY,,
v2.2.0,20260922_103590_BASE_E011_125145924720,103590,일진전기,2026-09-22 12:51:45.924,78978.9,T250_S150,STOP_LOSS,2026-09-22 13:30:01.670,-1.6193,-1.8593,0.2799,-1.6193,PROFIT_PROTECT,A0.75_F0.60,v171_pp_1,False,,False,,,,,,,,False,False,,,,COMPLETE,False,,,,2026-09-22 12:53:37.414,,,PRICE_PATH_ONLY,,
v2.2.0,20260922_103590_BASE_E011_125145924720,103590,일진전기,2026-09-22 12:51:45.924,78978.9,T250_S150,STOP_LOSS,2026-09-22 13:30:01.670,-1.6193,-1.8593,0.2799,-1.6193,PROFIT_PROTECT,A0.75_F0.70,v171_pp_1,False,,False,,,,,,,,False,False,,,,COMPLETE,False,,,,2026-09-22 12:53:37.414,,,PRICE_PATH_ONLY,,
v2.2.0,20260922_103590_BASE_E011_125145924720,103590,일진전기,2026-09-22 12:51:45.924,78978.9,T250_S150,STOP_LOSS,2026-09-22 13:30:01.670,-1.6193,-1.8593,0.2799,-1.6193,PROFIT_PROTECT,A1.00_F0.40,v171_pp_1,False,,False,,,,,,,,False,False,,,,COMPLETE,False,,,,2026-09-22 12:53:37.414,,,PRICE_PATH_ONLY,,
v2.2.0,20260922_103590_BASE_E011_125145924720,103590,일진전기,2026-09-22 12:51:45.924,78978.9,T250_S150,STOP_LOSS,2026-09-22 13:30:01.670,-1.6193,-1.8593,0.2799,-1.6193,PROFIT_PROTECT,A1.00_F0.50,v171_pp_1,False,,False,,,,,,,,False,False,,,,COMPLETE,False,,,,2026-09-22 12:53:37.414,,,PRICE_PATH_ONLY,,
v2.2.0,20260922_103590_BASE_E011_125145924720,103590,일진전기,2026-09-22 12:51:45.924,78978.9,T250_S150,STOP_LOSS,2026-09-22 13:30:01.670,-1.6193,-1.8593,0.2799,-1.6193,PROFIT_PROTECT,A1.00_F0.60,v171_pp_1,False,,False,,,,,,,,False,False,,,,COMPLETE,False,,,,2026-09-22 12:53:37.414,,,PRICE_PATH_ONLY,,
v2.2.0,20260922_103590_BASE_E011_125145924720,103590,일진전기,2026-09-22 12:51:45.924,78978.9,T250_S150,STOP_LOSS,2026-09-22 13:30:01.670,-1.6193,-1.8593,0.2799,-1.6193,PROFIT_PROTECT,A1.00_F0.70,v171_pp_1,False,,False,,,,,,,,False,False,,,,COMPLETE,False,,,,2026-09-22 12:53:37.414,,,PRICE_PATH_ONLY,,
v2.2.0,20260922_103590_BASE_E011_125145924720,103590,일진전기,2026-09-22 12:51:45.924,78978.9,T250_S150,STOP_LOSS,2026-09-22 13:30:01.670,-1.6193,-1.8593,0.2799,-1.6193,PROFIT_PROTECT,A1.25_F0.40,v171_pp_1,False,,False,,,,,,,,False,False,,,,COMPLETE,False,,,,2026-09-22 12:53:37.414,,,PRICE_PATH_ONLY,,
v2.2.0,20260922_103590_BASE_E011_125145924720,103590,일진전기,2026-09-22 12:51:45.924,78978.9,T250_S150,STOP_LOSS,2026-09-22 13:30:01.670,-1.6193,-1.8593,0.2799,-1.6193,PROFIT_PROTECT,A1.25_F0.50,v171_pp_1,False,,False,,,,,,,,False,False,,,,COMPLETE,False,,,,2026-09-22 12:53:37.414,,,PRICE_PATH_ONLY,,
v2.2.0,20260922_103590_BASE_E011_125145924720,103590,일진전기,2026-09-22 12:51:45.924,78978.9,T250_S150,STOP_LOSS,2026-09-22 13:30:01.670,-1.6193,-1.8593,0.2799,-1.6193,PROFIT_PROTECT,A1.25_F0.60,v171_pp_1,False,,False,,,,,,,,False,False,,,,COMPLETE,False,,,,2026-09-22 12:53:37.414,,,PRICE_PATH_ONLY,,
v2.2.0,20260922_103590_BASE_E011_125145924720,103590,일진전기,2026-09-22 12:51:45.924,78978.9,T250_S150,STOP_LOSS,2026-09-22 13:30:01.670,-1.6193,-1.8593,0.2799,-1.6193,PROFIT_PROTECT,A1.25_F0.70,v171_pp_1,False,,False,,,,,,,,False,False,,,,COMPLETE,False,,,,2026-09-22 12:53:37.414,,,PRICE_PATH_ONLY,,
v2.2.0,20260922_103590_BASE_E011_125145924720,103590,일진전기,2026-09-22 12:51:45.924,78978.9,T250_S150,STOP_LOSS,2026-09-22 13:30:01.670,-1.6193,-1.8593,0.2799,-1.6193,PROFIT_PROTECT,A1.50_F0.40,v171_pp_1,False,,False,,,,,,,,False,False,,,,COMPLETE,False,,,,2026-09-22 12:53:37.414,,,PRICE_PATH_ONLY,,
v2.2.0,20260922_103590_BASE_E011_125145924720,103590,일진전기,2026-09-22 12:51:45.924,78978.9,T250_S150,STOP_LOSS,2026-09-22 13:30:01.670,-1.6193,-1.8593,0.2799,-1.6193,PROFIT_PROTECT,A1.50_F0.50,v171_pp_1,False,,False,,,,,,,,False,False,,,,COMPLETE,False,,,,2026-09-22 12:53:37.414,,,PRICE_PATH_ONLY,,
v2.2.0,20260922_103590_BASE_E011_125145924720,103590,일진전기,2026-09-22 12:51:45.924,78978.9,T250_S150,STOP_LOSS,2026-09-22 13:30:01.670,-1.6193,-1.8593,0.2799,-1.6193,PROFIT_PROTECT,A1.50_F0.60,v171_pp_1,False,,False,,,,,,,,False,False,,,,COMPLETE,False,,,,2026-09-22 12:53:37.414,,,PRICE_PATH_ONLY,,
v2.2.0,20260922_103590_BASE_E011_125145924720,103590,일진전기,2026-09-22 12:51:45.924,78978.9,T250_S150,STOP_LOSS,2026-09-22 13:30:01.670,-1.6193,-1.8593,0.2799,-1.6193,PROFIT_PROTECT,A1.50_F0.70,v171_pp_1,False,,False,,,,,,,,False,False,,,,COMPLETE,False,,,,2026-09-22 12:53:37.414,,,PRICE_PATH_ONLY,,
v2.2.0,20260922_103590_BASE_E011_125145924720,103590,일진전기,2026-09-22 12:51:45.924,78978.9,T250_S150,STOP_LOSS,2026-09-22 13:30:01.670,-1.6193,-1.8593,0.2799,-1.6193,NOON_RECOVERY,NOON_RECOVERY_1200_P040,v171_noon_1,,,False,,,0.15333209249559498,0.15333209249559498,0.0,,,,,,,,COMPLETE,False,,True,True,2026-09-22 12:51:46.036,0.0,,PRICE_PATH_ONLY,,
v2.2.0,20260922_103590_BASE_E011_125145924720,103590,일진전기,2026-09-22 12:51:45.924,78978.9,T250_S150,STOP_LOSS,2026-09-22 13:30:01.670,-1.6193,-1.8593,0.2799,-1.6193,NOON_RECOVERY,TIME_RECOVERY_1230_P040,v171_noon_1,,,False,,,0.15333209249559498,0.15333209249559498,0.0,,,,,,,,COMPLETE,False,,True,True,2026-09-22 12:51:46.036,0.0,,PRICE_PATH_ONLY,,
v2.2.0,20260922_103590_BASE_E011_125145924720,103590,일진전기,2026-09-22 12:51:45.924,78978.9,T250_S150,STOP_LOSS,2026-09-22 13:30:01.670,-1.6193,-1.8593,0.2799,-1.6193,NOON_RECOVERY,TIME_RECOVERY_1300_P040,v171_noon_1,,,False,,,-0.353132292295788,0.2799481886934352,-0.7329805808893197,,,,,,,,COMPLETE,False,,False,False,2026-09-22 12:53:37.414,-0.631313131313127,,PRICE_PATH_ONLY,,
v2.2.0,20260922_103590_BASE_E011_125145924720,103590,일진전기,2026-09-22 12:51:45.924,78978.9,T250_S150,STOP_LOSS,2026-09-22 13:30:01.670,-1.6193,-1.8593,0.2799,-1.6193,NOON_RECOVERY,TIME_RECOVERY_1330_P040,v171_noon_1,,,False,,,-1.4926771580763942,0.2799481886934352,-1.4926771580763942,,,,,,,,COMPLETE,False,,False,False,2026-09-22 12:53:37.414,-1.7676767676767624,,PRICE_PATH_ONLY,,
v2.2.0,20260922_103590_BASE_E011_125145924720,103590,일진전기,2026-09-22 12:51:45.924,78978.9,T250_S150,STOP_LOSS,2026-09-22 13:30:01.670,-1.6193,-1.8593,0.2799,-1.6193,NOON_RECOVERY,TIME_RECOVERY_1400_P040,v171_noon_1,,,False,,,,,,,,,,,,,COMPLETE,False,,,,2026-09-22 12:53:37.414,,,PRICE_PATH_ONLY,,
v2.2.0,20260922_066570_BASE_E014_104619420544,066570,LG전자,2026-09-22 10:46:19.420,217216.99999999997,T250_S150,STOP_LOSS,2026-09-22 14:26:16.595,-1.5961,-1.8361,1.7416,-1.5961,NOON_RECOVERY,HOLD_T250_S150_TO_1520,v171_noon_1,,,False,,,,,,-1.5961,-1.8361,,,,,,COMPLETE,True,2026-09-22 12:03:57.527,,,2026-09-22 12:42:27.121,,,PRICE_PATH_ONLY,,
v2.2.0,20260922_066570_BASE_E014_104619420544,066570,LG전자,2026-09-22 10:46:19.420,217216.99999999997,T250_S150,STOP_LOSS,2026-09-22 14:26:16.595,-1.5961,-1.8361,1.7416,-1.5961,PROFIT_PROTECT,A0.75_F0.40,v171_pp_1,True,2026-09-22 12:03:53.228,True,2026-09-22 12:50:45.611,218000.0,,,,0.3605,0.1205,True,False,218000.0,218000.0,218000.0,COMPLETE,True,2026-09-22 12:03:57.527,,,2026-09-22 12:42:27.121,,,PRICE_PATH_ONLY,0.2294,-1.9495
v2.2.0,20260922_066570_BASE_E014_104619420544,066570,LG전자,2026-09-22 10:46:19.420,217216.99999999997,T250_S150,STOP_LOSS,2026-09-22 14:26:16.595,-1.5961,-1.8361,1.7416,-1.5961,PROFIT_PROTECT,A0.75_F0.50,v171_pp_1,True,2026-09-22 12:03:53.228,True,2026-09-22 12:50:45.510,218250.0,,,,0.4756,0.2356,True,False,218000.0,218000.0,218000.0,COMPLETE,True,2026-09-22 12:03:57.527,,,2026-09-22 12:42:27.121,,,PRICE_PATH_ONLY,0.1145,-2.0619
v2.2.0,20260922_066570_BASE_E014_104619420544,066570,LG전자,2026-09-22 10:46:19.420,217216.99999999997,T250_S150,STOP_LOSS,2026-09-22 14:26:16.595,-1.5961,-1.8361,1.7416,-1.5961,PROFIT_PROTECT,A0.75_F0.60,v171_pp_1,True,2026-09-22 12:03:53.228,True,2026-09-22 12:03:53.527,218500.0,,,,0.5907,0.3507,True,False,219000.0,219500.0,219000.0,COMPLETE,True,2026-09-22 12:03:57.527,,,2026-09-22 12:42:27.121,,,PRICE_PATH_ONLY,1.1442,-2.1739
v2.2.0,20260922_066570_BASE_E014_104619420544,066570,LG전자,2026-09-22 10:46:19.420,217216.99999999997,T250_S150,STOP_LOSS,2026-09-22 14:26:16.595,-1.5961,-1.8361,1.7416,-1.5961,PROFIT_PROTECT,A0.75_F0.70,v171_pp_1,True,2026-09-22 12:03:53.228,True,2026-09-22 12:03:53.527,218500.0,,,,0.5907,0.3507,True,False,219000.0,219500.0,219000.0,COMPLETE,True,2026-09-22 12:03:57.527,,,2026-09-22 12:42:27.121,,,PRICE_PATH_ONLY,1.1442,-2.1739
v2.2.0,20260922_066570_BASE_E014_104619420544,066570,LG전자,2026-09-22 10:46:19.420,217216.99999999997,T250_S150,STOP_LOSS,2026-09-22 14:26:16.595,-1.5961,-1.8361,1.7416,-1.5961,PROFIT_PROTECT,A1.00_F0.40,v171_pp_1,True,2026-09-22 12:03:57.527,True,2026-09-22 12:50:45.611,218000.0,,,,0.3605,0.1205,True,False,218000.0,218000.0,218000.0,COMPLETE,True,2026-09-22 12:03:57.527,,,2026-09-22 12:42:27.121,,,PRICE_PATH_ONLY,0.2294,-1.9495
v2.2.0,20260922_066570_BASE_E014_104619420544,066570,LG전자,2026-09-22 10:46:19.420,217216.99999999997,T250_S150,STOP_LOSS,2026-09-22 14:26:16.595,-1.5961,-1.8361,1.7416,-1.5961,PROFIT_PROTECT,A1.00_F0.50,v171_pp_1,True,2026-09-22 12:03:57.527,True,2026-09-22 12:50:45.510,218250.0,,,,0.4756,0.2356,True,False,218000.0,218000.0,218000.0,COMPLETE,True,2026-09-22 12:03:57.527,,,2026-09-22 12:42:27.121,,,PRICE_PATH_ONLY,0.1145,-2.0619
v2.2.0,20260922_066570_BASE_E014_104619420544,066570,LG전자,2026-09-22 10:46:19.420,217216.99999999997,T250_S150,STOP_LOSS,2026-09-22 14:26:16.595,-1.5961,-1.8361,1.7416,-1.5961,PROFIT_PROTECT,A1.00_F0.60,v171_pp_1,True,2026-09-22 12:03:57.527,True,2026-09-22 12:49:09.636,218500.0,,,,0.5907,0.3507,True,False,219000.0,219000.0,219000.0,COMPLETE,True,2026-09-22 12:03:57.527,,,2026-09-22 12:42:27.121,,,PRICE_PATH_ONLY,0.2288,-2.1739
v2.2.0,20260922_066570_BASE_E014_104619420544,066570,LG전자,2026-09-22 10:46:19.420,217216.99999999997,T250_S150,STOP_LOSS,2026-09-22 14:26:16.595,-1.5961,-1.8361,1.7416,-1.5961,PROFIT_PROTECT,A1.00_F0.70,v171_pp_1,True,2026-09-22 12:03:57.527,True,2026-09-22 12:49:09.636,218500.0,,,,0.5907,0.3507,True,False,219000.0,219000.0,219000.0,COMPLETE,True,2026-09-22 12:03:57.527,,,2026-09-22 12:42:27.121,,,PRICE_PATH_ONLY,0.2288,-2.1739
v2.2.0,20260922_066570_BASE_E014_104619420544,066570,LG전자,2026-09-22 10:46:19.420,217216.99999999997,T250_S150,STOP_LOSS,2026-09-22 14:26:16.595,-1.5961,-1.8361,1.7416,-1.5961,PROFIT_PROTECT,A1.25_F0.40,v171_pp_1,True,2026-09-22 12:05:50.636,True,2026-09-22 12:50:45.611,218000.0,,,,0.3605,0.1205,True,False,218000.0,218000.0,218000.0,COMPLETE,True,2026-09-22 12:03:57.527,,,2026-09-22 12:42:27.121,,,PRICE_PATH_ONLY,0.2294,-1.9495
v2.2.0,20260922_066570_BASE_E014_104619420544,066570,LG전자,2026-09-22 10:46:19.420,217216.99999999997,T250_S150,STOP_LOSS,2026-09-22 14:26:16.595,-1.5961,-1.8361,1.7416,-1.5961,PROFIT_PROTECT,A1.25_F0.50,v171_pp_1,True,2026-09-22 12:05:50.636,True,2026-09-22 12:50:45.510,218250.0,,,,0.4756,0.2356,True,False,218000.0,218000.0,218000.0,COMPLETE,True,2026-09-22 12:03:57.527,,,2026-09-22 12:42:27.121,,,PRICE_PATH_ONLY,0.1145,-2.0619
v2.2.0,20260922_066570_BASE_E014_104619420544,066570,LG전자,2026-09-22 10:46:19.420,217216.99999999997,T250_S150,STOP_LOSS,2026-09-22 14:26:16.595,-1.5961,-1.8361,1.7416,-1.5961,PROFIT_PROTECT,A1.25_F0.60,v171_pp_1,True,2026-09-22 12:05:50.636,True,2026-09-22 12:49:09.636,218500.0,,,,0.5907,0.3507,True,False,219000.0,219000.0,219000.0,COMPLETE,True,2026-09-22 12:03:57.527,,,2026-09-22 12:42:27.121,,,PRICE_PATH_ONLY,0.2288,-2.1739
v2.2.0,20260922_066570_BASE_E014_104619420544,066570,LG전자,2026-09-22 10:46:19.420,217216.99999999997,T250_S150,STOP_LOSS,2026-09-22 14:26:16.595,-1.5961,-1.8361,1.7416,-1.5961,PROFIT_PROTECT,A1.25_F0.70,v171_pp_1,True,2026-09-22 12:05:50.636,True,2026-09-22 12:49:09.636,218500.0,,,,0.5907,0.3507,True,False,219000.0,219000.0,219000.0,COMPLETE,True,2026-09-22 12:03:57.527,,,2026-09-22 12:42:27.121,,,PRICE_PATH_ONLY,0.2288,-2.1739
v2.2.0,20260922_066570_BASE_E014_104619420544,066570,LG전자,2026-09-22 10:46:19.420,217216.99999999997,T250_S150,STOP_LOSS,2026-09-22 14:26:16.595,-1.5961,-1.8361,1.7416,-1.5961,PROFIT_PROTECT,A1.50_F0.40,v171_pp_1,True,2026-09-22 12:42:26.656,True,2026-09-22 12:50:45.611,218000.0,,,,0.3605,0.1205,True,False,218000.0,218000.0,218000.0,COMPLETE,True,2026-09-22 12:03:57.527,,,2026-09-22 12:42:27.121,,,PRICE_PATH_ONLY,0.2294,-1.9495
v2.2.0,20260922_066570_BASE_E014_104619420544,066570,LG전자,2026-09-22 10:46:19.420,217216.99999999997,T250_S150,STOP_LOSS,2026-09-22 14:26:16.595,-1.5961,-1.8361,1.7416,-1.5961,PROFIT_PROTECT,A1.50_F0.50,v171_pp_1,True,2026-09-22 12:42:26.656,True,2026-09-22 12:50:45.510,218250.0,,,,0.4756,0.2356,True,False,218000.0,218000.0,218000.0,COMPLETE,True,2026-09-22 12:03:57.527,,,2026-09-22 12:42:27.121,,,PRICE_PATH_ONLY,0.1145,-2.0619
v2.2.0,20260922_066570_BASE_E014_104619420544,066570,LG전자,2026-09-22 10:46:19.420,217216.99999999997,T250_S150,STOP_LOSS,2026-09-22 14:26:16.595,-1.5961,-1.8361,1.7416,-1.5961,PROFIT_PROTECT,A1.50_F0.60,v171_pp_1,True,2026-09-22 12:42:26.656,True,2026-09-22 12:49:09.636,218500.0,,,,0.5907,0.3507,True,False,219000.0,219000.0,219000.0,COMPLETE,True,2026-09-22 12:03:57.527,,,2026-09-22 12:42:27.121,,,PRICE_PATH_ONLY,0.2288,-2.1739
v2.2.0,20260922_066570_BASE_E014_104619420544,066570,LG전자,2026-09-22 10:46:19.420,217216.99999999997,T250_S150,STOP_LOSS,2026-09-22 14:26:16.595,-1.5961,-1.8361,1.7416,-1.5961,PROFIT_PROTECT,A1.50_F0.70,v171_pp_1,True,2026-09-22 12:42:26.656,True,2026-09-22 12:49:09.636,218500.0,,,,0.5907,0.3507,True,False,219000.0,219000.0,219000.0,COMPLETE,True,2026-09-22 12:03:57.527,,,2026-09-22 12:42:27.121,,,PRICE_PATH_ONLY,0.2288,-2.1739
v2.2.0,20260922_066570_BASE_E014_104619420544,066570,LG전자,2026-09-22 10:46:19.420,217216.99999999997,T250_S150,STOP_LOSS,2026-09-22 14:26:16.595,-1.5961,-1.8361,1.7416,-1.5961,NOON_RECOVERY,NOON_RECOVERY_1200_P040,v171_noon_1,,,True,2026-09-22 12:03:53.228,218500.0,0.36046902406350334,0.5906535860453088,-0.5602692238636853,0.5907,0.3507,,,219250.0,219500.0,219000.0,COMPLETE,True,2026-09-22 12:03:57.527,False,False,2026-09-22 10:50:07.159,-0.22883295194507935,,PRICE_PATH_ONLY,1.1442,-2.1739
v2.2.0,20260922_066570_BASE_E014_104619420544,066570,LG전자,2026-09-22 10:46:19.420,217216.99999999997,T250_S150,STOP_LOSS,2026-09-22 14:26:16.595,-1.5961,-1.8361,1.7416,-1.5961,NOON_RECOVERY,TIME_RECOVERY_1230_P040,v171_noon_1,,,True,2026-09-22 12:30:00.656,219500.0,1.0510227100088976,1.281207271990703,-0.5602692238636853,1.051,0.811,,,219000.0,219000.0,219500.0,COMPLETE,True,2026-09-22 12:03:57.527,False,False,2026-09-22 12:05:50.636,-0.2272727272727315,,PRICE_PATH_ONLY,0.6834,-2.6196
v2.2.0,20260922_066570_BASE_E014_104619420544,066570,LG전자,2026-09-22 10:46:19.420,217216.99999999997,T250_S150,STOP_LOSS,2026-09-22 14:26:16.595,-1.5961,-1.8361,1.7416,-1.5961,NOON_RECOVERY,TIME_RECOVERY_1300_P040,v171_noon_1,,,False,,,-0.09990009990008542,1.7415763959542918,-0.5602692238636853,,,,,,,,COMPLETE,True,2026-09-22 12:03:57.527,False,False,2026-09-22 12:42:27.121,-1.8099547511312264,,PRICE_PATH_ONLY,,
v2.2.0,20260922_066570_BASE_E014_104619420544,066570,LG전자,2026-09-22 10:46:19.420,217216.99999999997,T250_S150,STOP_LOSS,2026-09-22 14:26:16.595,-1.5961,-1.8361,1.7416,-1.5961,NOON_RECOVERY,TIME_RECOVERY_1330_P040,v171_noon_1,,,False,,,-0.5602692238636853,1.7415763959542918,-0.7904537858454797,,,,,,,,COMPLETE,True,2026-09-22 12:03:57.527,False,False,2026-09-22 12:42:27.121,-2.26244343891403,,PRICE_PATH_ONLY,,
v2.2.0,20260922_066570_BASE_E014_104619420544,066570,LG전자,2026-09-22 10:46:19.420,217216.99999999997,T250_S150,STOP_LOSS,2026-09-22 14:26:16.595,-1.5961,-1.8361,1.7416,-1.5961,NOON_RECOVERY,TIME_RECOVERY_1400_P040,v171_noon_1,,,False,,,-1.2508229098090684,1.7415763959542918,-1.4810074717908739,,,,,,,,COMPLETE,True,2026-09-22 12:03:57.527,False,False,2026-09-22 12:42:27.121,-2.941176470588236,,PRICE_PATH_ONLY,,
