datetime,version,trade_id,entry_mode,stock_code,stock_name,entry_time,signal_price,entry_price,scan_session,decision_session,decision_time,first_75_time,first_75_price,entry_decision_time,entry_signal_price,entry_delay_from_first75_sec,entry_vs_first75_pct,had_prior_shadow_70_74,prior_shadow_trade_id,first_ws_time,first_ws_price,first_ws_delay_sec,first_ws_vs_signal_pct,first_ws_vs_entry_pct,first_ws_gap_abs_pct,horizon_sec,actual_elapsed_sec,price,return_from_signal,return_from_entry,mfe_from_signal,mae_from_signal,mfe_from_entry,mae_from_entry,tracking_status
2026-08-31 09:03:39.790,v1.6.7,20260831_019170_SHADOW_SCORE_70_74_E001_090309718158,SHADOW_SCORE_70_74,019170,신풍제약,2026-08-31 09:03:09.718,11510.0,11521.509999999998,MAIN,MAIN,2026-08-31 09:03:09.651,,,2026-08-31 09:03:09.651,11510.0,,,False,,2026-08-31 09:03:09.794,11500.0,0.142186,-0.08688097306689835,-0.18669427878809638,0.08688097306689835,30,30.072,11780.0,2.3457862728062553,2.2435427300761934,2.8670721112076456,-0.1737619461337967,2.7643078034042556,-0.27348845767610674,COMPLETE
2026-08-31 09:03:55.690,v1.6.7,20260831_019170_BASE_E001_090325622442,BASE,019170,신풍제약,2026-08-31 09:03:25.622,11710.0,11721.71,MAIN,MAIN,2026-08-31 09:03:25.603,2026-08-31 09:03:25.603,11710.0,2026-08-31 09:03:25.603,11710.0,0.0,0.0,True,20260831_019170_SHADOW_SCORE_70_74_E001_090309718158,2026-08-31 09:03:25.693,11710.0,0.08996,0.0,-0.09990009990009246,0.0,30,30.068,11640.0,-0.5977796754910333,-0.6970825928981278,1.1101622544833476,-0.5977796754910333,1.009153101381973,-0.6970825928981278,COMPLETE
2026-08-31 09:03:55.690,v1.6.7,20260831_019170_PRE_HISTORY_E001_090325630905,PRE_HISTORY,019170,신풍제약,2026-08-31 09:03:25.630,11710.0,11721.71,MAIN,MAIN,2026-08-31 09:03:25.603,2026-08-31 09:03:25.603,11710.0,2026-08-31 09:03:25.603,11710.0,0.0,0.0,True,20260831_019170_SHADOW_SCORE_70_74_E001_090309718158,2026-08-31 09:03:25.693,11710.0,0.08996,0.0,-0.09990009990009246,0.0,30,30.06,11640.0,-0.5977796754910333,-0.6970825928981278,1.1101622544833476,-0.5977796754910333,1.009153101381973,-0.6970825928981278,COMPLETE
2026-08-31 09:04:09.791,v1.6.7,20260831_019170_SHADOW_SCORE_70_74_E001_090309718158,SHADOW_SCORE_70_74,019170,신풍제약,2026-08-31 09:03:09.718,11510.0,11521.509999999998,MAIN,MAIN,2026-08-31 09:03:09.651,,,2026-08-31 09:03:09.651,11510.0,,,False,,2026-08-31 09:03:09.794,11500.0,0.142186,-0.08688097306689835,-0.18669427878809638,0.08688097306689835,60,60.073,11740.0,1.998262380538662,1.896366014524152,2.8670721112076456,-0.1737619461337967,2.7643078034042556,-0.27348845767610674,COMPLETE
2026-08-31 09:04:11.390,v1.6.7,20260831_161000_BASE_E001_090341376902,BASE,161000,애경케미칼,2026-08-31 09:03:41.376,11310.0,11321.31,MAIN,MAIN,2026-08-31 09:03:41.351,2026-08-31 09:03:41.351,11310.0,2026-08-31 09:03:41.351,11310.0,0.0,0.0,False,,2026-08-31 09:03:41.548,11300.0,0.196772,-0.08841732979664013,-0.1882291006959397,0.08841732979664013,30,30.014,11430.0,1.0610079575596816,0.9600479096500362,1.237842617152962,-0.08841732979664013,1.1367059112417248,-0.1882291006959397,COMPLETE
2026-08-31 09:04:11.399,v1.6.7,20260831_019170_CONFIRM_E001_090341359426,CONFIRM,019170,신풍제약,2026-08-31 09:03:41.359,11780.0,11791.779999999999,MAIN,MAIN,2026-08-31 09:03:41.351,2026-08-31 09:03:25.603,11710.0,2026-08-31 09:03:41.351,11780.0,15.74768,0.5977796754910392,True,20260831_019170_SHADOW_SCORE_70_74_E001_090309718158,2026-08-31 09:03:41.391,11780.0,0.040131,0.0,-0.09990009990009004,0.0,30,30.04,11750.0,-0.2546689303904924,-0.3543146157747078,0.1697792869269949,-1.2733446519524618,0.06970957734965515,-1.3719726792731788,COMPLETE
2026-08-31 09:04:25.691,v1.6.7,20260831_019170_BASE_E001_090325622442,BASE,019170,신풍제약,2026-08-31 09:03:25.622,11710.0,11721.71,MAIN,MAIN,2026-08-31 09:03:25.603,2026-08-31 09:03:25.603,11710.0,2026-08-31 09:03:25.603,11710.0,0.0,0.0,True,20260831_019170_SHADOW_SCORE_70_74_E001_090309718158,2026-08-31 09:03:25.693,11710.0,0.08996,0.0,-0.09990009990009246,0.0,60,60.069,11710.0,0.0,-0.09990009990009246,1.1101622544833476,-0.6831767719897524,1.009153101381973,-0.7823943776121328,COMPLETE
2026-08-31 09:04:25.691,v1.6.7,20260831_019170_PRE_HISTORY_E001_090325630905,PRE_HISTORY,019170,신풍제약,2026-08-31 09:03:25.630,11710.0,11721.71,MAIN,MAIN,2026-08-31 09:03:25.603,2026-08-31 09:03:25.603,11710.0,2026-08-31 09:03:25.603,11710.0,0.0,0.0,True,20260831_019170_SHADOW_SCORE_70_74_E001_090309718158,2026-08-31 09:03:25.693,11710.0,0.08996,0.0,-0.09990009990009246,0.0,60,60.061,11710.0,0.0,-0.09990009990009246,1.1101622544833476,-0.6831767719897524,1.009153101381973,-0.7823943776121328,COMPLETE
2026-08-31 09:04:26.914,v1.6.7,20260831_161000_PRE_HISTORY_E001_090356860482,PRE_HISTORY,161000,애경케미칼,2026-08-31 09:03:56.860,11440.0,11451.439999999999,MAIN,MAIN,2026-08-31 09:03:56.827,2026-08-31 09:03:41.351,11310.0,2026-08-31 09:03:56.827,11440.0,15.476487,1.1494252873563315,False,,2026-08-31 09:03:56.891,11430.0,0.063698,-0.08741258741258741,-0.18722536205052545,0.08741258741258741,30,30.054,11410.0,-0.26223776223776224,-0.36187588635139945,0.0,-1.2237762237762237,-0.09990009990008847,-1.3224537700062062,COMPLETE
2026-08-31 09:04:26.914,v1.6.7,20260831_161000_CONFIRM_E001_090356838993,CONFIRM,161000,애경케미칼,2026-08-31 09:03:56.838,11440.0,11451.439999999999,MAIN,MAIN,2026-08-31 09:03:56.827,2026-08-31 09:03:41.351,11310.0,2026-08-31 09:03:56.827,11440.0,15.476487,1.1494252873563315,False,,2026-08-31 09:03:56.891,11430.0,0.063698,-0.08741258741258741,-0.18722536205052545,0.08741258741258741,30,30.076,11410.0,-0.26223776223776224,-0.36187588635139945,0.0,-1.2237762237762237,-0.09990009990008847,-1.3224537700062062,COMPLETE
2026-08-31 09:04:41.425,v1.6.7,20260831_019170_CONFIRM_E001_090341359426,CONFIRM,019170,신풍제약,2026-08-31 09:03:41.359,11780.0,11791.779999999999,MAIN,MAIN,2026-08-31 09:03:41.351,2026-08-31 09:03:25.603,11710.0,2026-08-31 09:03:41.351,11780.0,15.74768,0.5977796754910392,True,20260831_019170_SHADOW_SCORE_70_74_E001_090309718158,2026-08-31 09:03:41.391,11780.0,0.040131,0.0,-0.09990009990009004,0.0,60,60.066,11790.0,0.08488964346349745,-0.015095261275217448,0.9337860780984719,-1.2733446519524618,0.8329531249735085,-1.3719726792731788,COMPLETE
2026-08-31 09:04:41.490,v1.6.7,20260831_161000_BASE_E001_090341376902,BASE,161000,애경케미칼,2026-08-31 09:03:41.376,11310.0,11321.31,MAIN,MAIN,2026-08-31 09:03:41.351,2026-08-31 09:03:41.351,11310.0,2026-08-31 09:03:41.351,11310.0,0.0,0.0,False,,2026-08-31 09:03:41.548,11300.0,0.196772,-0.08841732979664013,-0.1882291006959397,0.08841732979664013,60,60.113,11370.0,0.5305039787798408,0.43007390487497044,1.237842617152962,-0.08841732979664013,1.1367059112417248,-0.1882291006959397,COMPLETE
2026-08-31 09:04:56.888,v1.6.7,20260831_161000_PRE_HISTORY_E001_090356860482,PRE_HISTORY,161000,애경케미칼,2026-08-31 09:03:56.860,11440.0,11451.439999999999,MAIN,MAIN,2026-08-31 09:03:56.827,2026-08-31 09:03:41.351,11310.0,2026-08-31 09:03:56.827,11440.0,15.476487,1.1494252873563315,False,,2026-08-31 09:03:56.891,11430.0,0.063698,-0.08741258741258741,-0.18722536205052545,0.08741258741258741,60,60.028,11360.0,-0.6993006993006993,-0.7985021971035844,0.0,-1.2237762237762237,-0.09990009990008847,-1.3224537700062062,COMPLETE
2026-08-31 09:04:56.888,v1.6.7,20260831_161000_CONFIRM_E001_090356838993,CONFIRM,161000,애경케미칼,2026-08-31 09:03:56.838,11440.0,11451.439999999999,MAIN,MAIN,2026-08-31 09:03:56.827,2026-08-31 09:03:41.351,11310.0,2026-08-31 09:03:56.827,11440.0,15.476487,1.1494252873563315,False,,2026-08-31 09:03:56.891,11430.0,0.063698,-0.08741258741258741,-0.18722536205052545,0.08741258741258741,60,60.049,11360.0,-0.6993006993006993,-0.7985021971035844,0.0,-1.2237762237762237,-0.09990009990008847,-1.3224537700062062,COMPLETE
2026-08-31 09:05:09.854,v1.6.7,20260831_019170_SHADOW_SCORE_70_74_E001_090309718158,SHADOW_SCORE_70_74,019170,신풍제약,2026-08-31 09:03:09.718,11510.0,11521.509999999998,MAIN,MAIN,2026-08-31 09:03:09.651,,,2026-08-31 09:03:09.651,11510.0,,,False,,2026-08-31 09:03:09.794,11500.0,0.142186,-0.08688097306689835,-0.18669427878809638,0.08688097306689835,120,120.136,11940.0,3.735881841876629,3.632249592284359,3.8227628149435278,-0.1737619461337967,3.719043771172369,-0.27348845767610674,COMPLETE
2026-08-31 09:05:25.690,v1.6.7,20260831_019170_PRE_HISTORY_E001_090325630905,PRE_HISTORY,019170,신풍제약,2026-08-31 09:03:25.630,11710.0,11721.71,MAIN,MAIN,2026-08-31 09:03:25.603,2026-08-31 09:03:25.603,11710.0,2026-08-31 09:03:25.603,11710.0,0.0,0.0,True,20260831_019170_SHADOW_SCORE_70_74_E001_090309718158,2026-08-31 09:03:25.693,11710.0,0.08996,0.0,-0.09990009990009246,0.0,120,120.06,11920.0,1.7933390264730997,1.6916473790940134,2.0495303159692573,-0.6831767719897524,1.9475827332360287,-0.7823943776121328,COMPLETE
2026-08-31 09:05:25.690,v1.6.7,20260831_019170_BASE_E001_090325622442,BASE,019170,신풍제약,2026-08-31 09:03:25.622,11710.0,11721.71,MAIN,MAIN,2026-08-31 09:03:25.603,2026-08-31 09:03:25.603,11710.0,2026-08-31 09:03:25.603,11710.0,0.0,0.0,True,20260831_019170_SHADOW_SCORE_70_74_E001_090309718158,2026-08-31 09:03:25.693,11710.0,0.08996,0.0,-0.09990009990009246,0.0,120,120.068,11920.0,1.7933390264730997,1.6916473790940134,2.0495303159692573,-0.6831767719897524,1.9475827332360287,-0.7823943776121328,COMPLETE
2026-08-31 09:05:41.387,v1.6.7,20260831_019170_CONFIRM_E001_090341359426,CONFIRM,019170,신풍제약,2026-08-31 09:03:41.359,11780.0,11791.779999999999,MAIN,MAIN,2026-08-31 09:03:41.351,2026-08-31 09:03:25.603,11710.0,2026-08-31 09:03:41.351,11780.0,15.74768,0.5977796754910392,True,20260831_019170_SHADOW_SCORE_70_74_E001_090309718158,2026-08-31 09:03:41.391,11780.0,0.040131,0.0,-0.09990009990009004,0.0,120,120.028,11940.0,1.3582342954159592,1.2569773180978714,1.4431239388794566,-1.2733446519524618,1.341782156722744,-1.3719726792731788,COMPLETE
2026-08-31 09:05:41.402,v1.6.7,20260831_161000_BASE_E001_090341376902,BASE,161000,애경케미칼,2026-08-31 09:03:41.376,11310.0,11321.31,MAIN,MAIN,2026-08-31 09:03:41.351,2026-08-31 09:03:41.351,11310.0,2026-08-31 09:03:41.351,11310.0,0.0,0.0,False,,2026-08-31 09:03:41.548,11300.0,0.196772,-0.08841732979664013,-0.1882291006959397,0.08841732979664013,120,120.025,11440.0,1.1494252873563218,1.0483769104458804,1.237842617152962,-0.4420866489832007,1.1367059112417248,-0.5415451038793169,COMPLETE
2026-08-31 09:05:42.887,v1.6.7,20260831_019170_LIVE_FILTER_SHADOW_E001_090512810867,LIVE_FILTER_SHADOW,019170,신풍제약,2026-08-31 09:05:12.810,11910.0,11921.909999999998,MAIN,MAIN,2026-08-31 09:05:12.797,2026-08-31 09:03:25.603,11710.0,2026-08-31 09:05:12.797,11910.0,107.193752,1.707941929974388,True,20260831_019170_SHADOW_SCORE_70_74_E001_090309718158,2026-08-31 09:05:12.888,11910.0,0.091049,0.0,-0.09990009990008344,0.0,30,30.076,11950.0,0.33585222502099077,0.23561660841259469,0.41981528127623846,-0.16792611251049538,0.31949578549076424,-0.2676584540564225,COMPLETE
2026-08-31 09:05:56.887,v1.6.7,20260831_161000_PRE_HISTORY_E001_090356860482,PRE_HISTORY,161000,애경케미칼,2026-08-31 09:03:56.860,11440.0,11451.439999999999,MAIN,MAIN,2026-08-31 09:03:56.827,2026-08-31 09:03:41.351,11310.0,2026-08-31 09:03:56.827,11440.0,15.476487,1.1494252873563315,False,,2026-08-31 09:03:56.891,11430.0,0.063698,-0.08741258741258741,-0.18722536205052545,0.08741258741258741,120,120.027,11380.0,-0.5244755244755245,-0.6238516728027105,0.5244755244755245,-1.5734265734265735,0.42405147300253343,-1.6717548186079543,COMPLETE
2026-08-31 09:05:56.887,v1.6.7,20260831_161000_CONFIRM_E001_090356838993,CONFIRM,161000,애경케미칼,2026-08-31 09:03:56.838,11440.0,11451.439999999999,MAIN,MAIN,2026-08-31 09:03:56.827,2026-08-31 09:03:41.351,11310.0,2026-08-31 09:03:56.827,11440.0,15.476487,1.1494252873563315,False,,2026-08-31 09:03:56.891,11430.0,0.063698,-0.08741258741258741,-0.18722536205052545,0.08741258741258741,120,120.048,11380.0,-0.5244755244755245,-0.6238516728027105,0.5244755244755245,-1.5734265734265735,0.42405147300253343,-1.6717548186079543,COMPLETE
2026-08-31 09:06:09.786,v1.6.7,20260831_019170_SHADOW_SCORE_70_74_E001_090309718158,SHADOW_SCORE_70_74,019170,신풍제약,2026-08-31 09:03:09.718,11510.0,11521.509999999998,MAIN,MAIN,2026-08-31 09:03:09.651,,,2026-08-31 09:03:09.651,11510.0,,,False,,2026-08-31 09:03:09.794,11500.0,0.142186,-0.08688097306689835,-0.18669427878809638,0.08688097306689835,180,180.068,12040.0,4.604691572545613,4.500191381164463,4.691572545612511,-0.1737619461337967,4.586985560052473,-0.27348845767610674,COMPLETE
2026-08-31 09:06:12.886,v1.6.7,20260831_019170_LIVE_FILTER_SHADOW_E001_090512810867,LIVE_FILTER_SHADOW,019170,신풍제약,2026-08-31 09:05:12.810,11910.0,11921.909999999998,MAIN,MAIN,2026-08-31 09:05:12.797,2026-08-31 09:03:25.603,11710.0,2026-08-31 09:05:12.797,11910.0,107.193752,1.707941929974388,True,20260831_019170_SHADOW_SCORE_70_74_E001_090309718158,2026-08-31 09:05:12.888,11910.0,0.091049,0.0,-0.09990009990008344,0.0,60,60.076,12030.0,1.0075566750629723,0.906650025037951,1.1754827875734677,-0.16792611251049538,1.07440837919429,-0.2676584540564225,COMPLETE
2026-08-31 09:06:25.686,v1.6.7,20260831_019170_PRE_HISTORY_E001_090325630905,PRE_HISTORY,019170,신풍제약,2026-08-31 09:03:25.630,11710.0,11721.71,MAIN,MAIN,2026-08-31 09:03:25.603,2026-08-31 09:03:25.603,11710.0,2026-08-31 09:03:25.603,11710.0,0.0,0.0,True,20260831_019170_SHADOW_SCORE_70_74_E001_090309718158,2026-08-31 09:03:25.693,11710.0,0.08996,0.0,-0.09990009990009246,0.0,180,180.055,11900.0,1.6225448334756618,1.5210238096660034,2.9035012809564473,-0.6831767719897524,2.800700580376079,-0.7823943776121328,COMPLETE
2026-08-31 09:06:25.686,v1.6.7,20260831_019170_BASE_E001_090325622442,BASE,019170,신풍제약,2026-08-31 09:03:25.622,11710.0,11721.71,MAIN,MAIN,2026-08-31 09:03:25.603,2026-08-31 09:03:25.603,11710.0,2026-08-31 09:03:25.603,11710.0,0.0,0.0,True,20260831_019170_SHADOW_SCORE_70_74_E001_090309718158,2026-08-31 09:03:25.693,11710.0,0.08996,0.0,-0.09990009990009246,0.0,180,180.064,11900.0,1.6225448334756618,1.5210238096660034,2.9035012809564473,-0.6831767719897524,2.800700580376079,-0.7823943776121328,COMPLETE
2026-08-31 09:06:41.385,v1.6.7,20260831_019170_CONFIRM_E001_090341359426,CONFIRM,019170,신풍제약,2026-08-31 09:03:41.359,11780.0,11791.779999999999,MAIN,MAIN,2026-08-31 09:03:41.351,2026-08-31 09:03:25.603,11710.0,2026-08-31 09:03:41.351,11780.0,15.74768,0.5977796754910392,True,20260831_019170_SHADOW_SCORE_70_74_E001_090309718158,2026-08-31 09:03:41.391,11780.0,0.040131,0.0,-0.09990009990009004,0.0,180,180.026,11680.0,-0.8488964346349746,-0.947948486148816,2.2920203735144313,-1.2733446519524618,2.1898305429714697,-1.3719726792731788,COMPLETE
2026-08-31 09:06:41.500,v1.6.7,20260831_161000_BASE_E001_090341376902,BASE,161000,애경케미칼,2026-08-31 09:03:41.376,11310.0,11321.31,MAIN,MAIN,2026-08-31 09:03:41.351,2026-08-31 09:03:41.351,11310.0,2026-08-31 09:03:41.351,11310.0,0.0,0.0,False,,2026-08-31 09:03:41.548,11300.0,0.196772,-0.08841732979664013,-0.1882291006959397,0.08841732979664013,180,180.124,11430.0,1.0610079575596816,0.9600479096500362,1.6799292661361624,-0.4420866489832007,1.578350915220946,-0.5415451038793169,COMPLETE
2026-08-31 09:06:56.885,v1.6.7,20260831_161000_PRE_HISTORY_E001_090356860482,PRE_HISTORY,161000,애경케미칼,2026-08-31 09:03:56.860,11440.0,11451.439999999999,MAIN,MAIN,2026-08-31 09:03:56.827,2026-08-31 09:03:41.351,11310.0,2026-08-31 09:03:56.827,11440.0,15.476487,1.1494252873563315,False,,2026-08-31 09:03:56.891,11430.0,0.063698,-0.08741258741258741,-0.18722536205052545,0.08741258741258741,180,180.025,11280.0,-1.3986013986013985,-1.4971042943070803,0.5244755244755245,-1.5734265734265735,0.42405147300253343,-1.6717548186079543,COMPLETE
2026-08-31 09:06:56.885,v1.6.7,20260831_161000_CONFIRM_E001_090356838993,CONFIRM,161000,애경케미칼,2026-08-31 09:03:56.838,11440.0,11451.439999999999,MAIN,MAIN,2026-08-31 09:03:56.827,2026-08-31 09:03:41.351,11310.0,2026-08-31 09:03:56.827,11440.0,15.476487,1.1494252873563315,False,,2026-08-31 09:03:56.891,11430.0,0.063698,-0.08741258741258741,-0.18722536205052545,0.08741258741258741,180,180.046,11280.0,-1.3986013986013985,-1.4971042943070803,0.5244755244755245,-1.5734265734265735,0.42405147300253343,-1.6717548186079543,COMPLETE
2026-08-31 09:07:12.886,v1.6.7,20260831_019170_LIVE_FILTER_SHADOW_E001_090512810867,LIVE_FILTER_SHADOW,019170,신풍제약,2026-08-31 09:05:12.810,11910.0,11921.909999999998,MAIN,MAIN,2026-08-31 09:05:12.797,2026-08-31 09:03:25.603,11710.0,2026-08-31 09:05:12.797,11910.0,107.193752,1.707941929974388,True,20260831_019170_SHADOW_SCORE_70_74_E001_090309718158,2026-08-31 09:05:12.888,11910.0,0.091049,0.0,-0.09990009990008344,0.0,120,120.076,11820.0,-0.7556675062972292,-0.8548126936036092,1.1754827875734677,-2.18303946263644,1.07440837919429,-2.280758703932491,COMPLETE
2026-08-31 09:08:09.783,v1.6.7,20260831_019170_SHADOW_SCORE_70_74_E001_090309718158,SHADOW_SCORE_70_74,019170,신풍제약,2026-08-31 09:03:09.718,11510.0,11521.509999999998,MAIN,MAIN,2026-08-31 09:03:09.651,,,2026-08-31 09:03:09.651,11510.0,,,False,,2026-08-31 09:03:09.794,11500.0,0.142186,-0.08688097306689835,-0.18669427878809638,0.08688097306689835,300,300.065,11810.0,2.6064291920069502,2.5039252667402248,4.691572545612511,-0.1737619461337967,4.586985560052473,-0.27348845767610674,COMPLETE
2026-08-31 09:08:12.883,v1.6.7,20260831_019170_LIVE_FILTER_SHADOW_E001_090512810867,LIVE_FILTER_SHADOW,019170,신풍제약,2026-08-31 09:05:12.810,11910.0,11921.909999999998,MAIN,MAIN,2026-08-31 09:05:12.797,2026-08-31 09:03:25.603,11710.0,2026-08-31 09:05:12.797,11910.0,107.193752,1.707941929974388,True,20260831_019170_SHADOW_SCORE_70_74_E001_090309718158,2026-08-31 09:05:12.888,11910.0,0.091049,0.0,-0.09990009990008344,0.0,180,180.073,11760.0,-1.2594458438287155,-1.3580877560726263,1.1754827875734677,-2.2670025188916876,1.07440837919429,-2.364637881010661,COMPLETE
2026-08-31 09:08:25.682,v1.6.7,20260831_019170_PRE_HISTORY_E001_090325630905,PRE_HISTORY,019170,신풍제약,2026-08-31 09:03:25.630,11710.0,11721.71,MAIN,MAIN,2026-08-31 09:03:25.603,2026-08-31 09:03:25.603,11710.0,2026-08-31 09:03:25.603,11710.0,0.0,0.0,True,20260831_019170_SHADOW_SCORE_70_74_E001_090309718158,2026-08-31 09:03:25.693,11710.0,0.08996,0.0,-0.09990009990009246,0.0,300,300.052,11730.0,0.1707941929974381,0.07072346952791762,2.9035012809564473,-0.6831767719897524,2.800700580376079,-0.7823943776121328,COMPLETE
2026-08-31 09:08:25.682,v1.6.7,20260831_019170_BASE_E001_090325622442,BASE,019170,신풍제약,2026-08-31 09:03:25.622,11710.0,11721.71,MAIN,MAIN,2026-08-31 09:03:25.603,2026-08-31 09:03:25.603,11710.0,2026-08-31 09:03:25.603,11710.0,0.0,0.0,True,20260831_019170_SHADOW_SCORE_70_74_E001_090309718158,2026-08-31 09:03:25.693,11710.0,0.08996,0.0,-0.09990009990009246,0.0,300,300.06,11730.0,0.1707941929974381,0.07072346952791762,2.9035012809564473,-0.6831767719897524,2.800700580376079,-0.7823943776121328,COMPLETE
2026-08-31 09:08:35.582,v1.6.7,20260831_001210_SHADOW_SCORE_70_74_E001_090805519652,SHADOW_SCORE_70_74,001210,금호전기,2026-08-31 09:08:05.519,11840.0,11851.839999999998,MAIN,MAIN,2026-08-31 09:08:05.510,,,2026-08-31 09:08:05.510,11840.0,,,False,,2026-08-31 09:08:05.584,11820.0,0.073193,-0.16891891891891891,-0.26865026865025454,0.16891891891891891,30,30.063,11900.0,0.5067567567567568,0.4063504063504205,1.097972972972973,-1.0135135135135136,0.9969759969760112,-1.1124011124010984,COMPLETE
2026-08-31 09:08:41.381,v1.6.7,20260831_019170_CONFIRM_E001_090341359426,CONFIRM,019170,신풍제약,2026-08-31 09:03:41.359,11780.0,11791.779999999999,MAIN,MAIN,2026-08-31 09:03:41.351,2026-08-31 09:03:25.603,11710.0,2026-08-31 09:03:41.351,11780.0,15.74768,0.5977796754910392,True,20260831_019170_SHADOW_SCORE_70_74_E001_090309718158,2026-08-31 09:03:41.391,11780.0,0.040131,0.0,-0.09990009990009004,0.0,300,300.022,11690.0,-0.7640067911714771,-0.8631436475239433,2.2920203735144313,-1.2733446519524618,2.1898305429714697,-1.3719726792731788,COMPLETE
2026-08-31 09:08:41.782,v1.6.7,20260831_161000_BASE_E001_090341376902,BASE,161000,애경케미칼,2026-08-31 09:03:41.376,11310.0,11321.31,MAIN,MAIN,2026-08-31 09:03:41.351,2026-08-31 09:03:41.351,11310.0,2026-08-31 09:03:41.351,11310.0,0.0,0.0,False,,2026-08-31 09:03:41.548,11300.0,0.196772,-0.08841732979664013,-0.1882291006959397,0.08841732979664013,300,300.406,11280.0,-0.2652519893899204,-0.36488710228762833,1.6799292661361624,-0.618921308576481,1.578350915220946,-0.7182031054710055,COMPLETE
2026-08-31 09:08:56.883,v1.6.7,20260831_161000_PRE_HISTORY_E001_090356860482,PRE_HISTORY,161000,애경케미칼,2026-08-31 09:03:56.860,11440.0,11451.439999999999,MAIN,MAIN,2026-08-31 09:03:56.827,2026-08-31 09:03:41.351,11310.0,2026-08-31 09:03:56.827,11440.0,15.476487,1.1494252873563315,False,,2026-08-31 09:03:56.891,11430.0,0.063698,-0.08741258741258741,-0.18722536205052545,0.08741258741258741,300,300.023,11220.0,-1.9230769230769231,-2.021055867209702,0.5244755244755245,-2.097902097902098,0.42405147300253343,-2.195706391510576,COMPLETE
2026-08-31 09:08:56.883,v1.6.7,20260831_161000_CONFIRM_E001_090356838993,CONFIRM,161000,애경케미칼,2026-08-31 09:03:56.838,11440.0,11451.439999999999,MAIN,MAIN,2026-08-31 09:03:56.827,2026-08-31 09:03:41.351,11310.0,2026-08-31 09:03:56.827,11440.0,15.476487,1.1494252873563315,False,,2026-08-31 09:03:56.891,11430.0,0.063698,-0.08741258741258741,-0.18722536205052545,0.08741258741258741,300,300.044,11220.0,-1.9230769230769231,-2.021055867209702,0.5244755244755245,-2.097902097902098,0.42405147300253343,-2.195706391510576,COMPLETE
2026-08-31 09:09:24.191,v1.6.7,20260831_001210_SHADOW_SCORE_70_74_E001_090805519652,SHADOW_SCORE_70_74,001210,금호전기,2026-08-31 09:08:05.519,11840.0,11851.839999999998,MAIN,MAIN,2026-08-31 09:08:05.510,,,2026-08-31 09:08:05.510,11840.0,,,False,,2026-08-31 09:08:05.584,11820.0,0.073193,-0.16891891891891891,-0.26865026865025454,0.16891891891891891,60,78.671,12190.0,2.956081081081081,2.853227853227868,2.956081081081081,-1.0135135135135136,2.853227853227868,-1.1124011124010984,COMPLETE
2026-08-31 09:09:24.191,v1.6.7,20260831_001210_LIVE_FILTER_SHADOW_E001_090850369620,LIVE_FILTER_SHADOW,001210,금호전기,2026-08-31 09:08:50.369,11900.0,11911.899999999998,MAIN,MAIN,2026-08-31 09:08:40.331,2026-08-31 09:08:40.331,11900.0,2026-08-31 09:08:40.331,11900.0,0.0,0.0,True,20260831_001210_SHADOW_SCORE_70_74_E001_090805519652,2026-08-31 09:08:50.442,11900.0,10.111125,0.0,-0.0999000999000816,0.0,30,33.821,12190.0,2.4369747899159666,2.334640149766219,2.4369747899159666,-0.25210084033613445,2.334640149766219,-0.3517490912448713,COMPLETE
2026-08-31 09:09:24.191,v1.6.7,20260831_001210_BASE_E001_090840389819,BASE,001210,금호전기,2026-08-31 09:08:40.389,11900.0,11911.899999999998,MAIN,MAIN,2026-08-31 09:08:40.331,2026-08-31 09:08:40.331,11900.0,2026-08-31 09:08:40.331,11900.0,0.0,0.0,True,20260831_001210_SHADOW_SCORE_70_74_E001_090805519652,2026-08-31 09:08:40.481,11900.0,0.150405,0.0,-0.0999000999000816,0.0,30,43.801,12190.0,2.4369747899159666,2.334640149766219,2.4369747899159666,-0.5882352941176471,2.334640149766219,-0.6875477463712576,COMPLETE
2026-08-31 09:09:24.191,v1.6.7,20260831_001210_PRE_HISTORY_E001_090840402604,PRE_HISTORY,001210,금호전기,2026-08-31 09:08:40.402,11900.0,11911.899999999998,MAIN,MAIN,2026-08-31 09:08:40.331,2026-08-31 09:08:40.331,11900.0,2026-08-31 09:08:40.331,11900.0,0.0,0.0,True,20260831_001210_SHADOW_SCORE_70_74_E001_090805519652,2026-08-31 09:08:40.481,11900.0,0.150405,0.0,-0.0999000999000816,0.0,30,43.788,12190.0,2.4369747899159666,2.334640149766219,2.4369747899159666,-0.5882352941176471,2.334640149766219,-0.6875477463712576,COMPLETE
2026-08-31 09:09:39.725,v1.6.7,20260831_001210_CONFIRM_E001_090909666976,CONFIRM,001210,금호전기,2026-08-31 09:09:09.666,12190.0,12202.189999999999,MAIN,MAIN,2026-08-31 09:09:09.621,2026-08-31 09:08:40.331,11900.0,2026-08-31 09:09:09.621,12190.0,29.289834,2.4369747899159577,True,20260831_001210_SHADOW_SCORE_70_74_E001_090805519652,,,,,,,30,30.058,12190.0,0.0,-0.09990009990008919,0.0,0.0,-0.09990009990008919,-0.09990009990008919,COMPLETE
2026-08-31 09:09:54.801,v1.6.7,20260831_001210_LIVE_FILTER_SHADOW_E001_090850369620,LIVE_FILTER_SHADOW,001210,금호전기,2026-08-31 09:08:50.369,11900.0,11911.899999999998,MAIN,MAIN,2026-08-31 09:08:40.331,2026-08-31 09:08:40.331,11900.0,2026-08-31 09:08:40.331,11900.0,0.0,0.0,True,20260831_001210_SHADOW_SCORE_70_74_E001_090805519652,2026-08-31 09:08:50.442,11900.0,10.111125,0.0,-0.0999000999000816,0.0,60,64.431,12190.0,2.4369747899159666,2.334640149766219,2.4369747899159666,-0.25210084033613445,2.334640149766219,-0.3517490912448713,COMPLETE
2026-08-31 09:09:54.801,v1.6.7,20260831_001210_BASE_E001_090840389819,BASE,001210,금호전기,2026-08-31 09:08:40.389,11900.0,11911.899999999998,MAIN,MAIN,2026-08-31 09:08:40.331,2026-08-31 09:08:40.331,11900.0,2026-08-31 09:08:40.331,11900.0,0.0,0.0,True,20260831_001210_SHADOW_SCORE_70_74_E001_090805519652,2026-08-31 09:08:40.481,11900.0,0.150405,0.0,-0.0999000999000816,0.0,60,74.411,12190.0,2.4369747899159666,2.334640149766219,2.4369747899159666,-0.5882352941176471,2.334640149766219,-0.6875477463712576,COMPLETE
2026-08-31 09:09:54.801,v1.6.7,20260831_001210_PRE_HISTORY_E001_090840402604,PRE_HISTORY,001210,금호전기,2026-08-31 09:08:40.402,11900.0,11911.899999999998,MAIN,MAIN,2026-08-31 09:08:40.331,2026-08-31 09:08:40.331,11900.0,2026-08-31 09:08:40.331,11900.0,0.0,0.0,True,20260831_001210_SHADOW_SCORE_70_74_E001_090805519652,2026-08-31 09:08:40.481,11900.0,0.150405,0.0,-0.0999000999000816,0.0,60,74.398,12190.0,2.4369747899159666,2.334640149766219,2.4369747899159666,-0.5882352941176471,2.334640149766219,-0.6875477463712576,COMPLETE
2026-08-31 09:10:10.186,v1.6.7,20260831_001210_SHADOW_SCORE_70_74_E001_090805519652,SHADOW_SCORE_70_74,001210,금호전기,2026-08-31 09:08:05.519,11840.0,11851.839999999998,MAIN,MAIN,2026-08-31 09:08:05.510,,,2026-08-31 09:08:05.510,11840.0,,,False,,2026-08-31 09:08:05.584,11820.0,0.073193,-0.16891891891891891,-0.26865026865025454,0.16891891891891891,120,124.667,12190.0,2.956081081081081,2.853227853227868,2.956081081081081,-1.0135135135135136,2.853227853227868,-1.1124011124010984,COMPLETE
2026-08-31 09:10:10.186,v1.6.7,20260831_001210_CONFIRM_E001_090909666976,CONFIRM,001210,금호전기,2026-08-31 09:09:09.666,12190.0,12202.189999999999,MAIN,MAIN,2026-08-31 09:09:09.621,2026-08-31 09:08:40.331,11900.0,2026-08-31 09:09:09.621,12190.0,29.289834,2.4369747899159577,True,20260831_001210_SHADOW_SCORE_70_74_E001_090805519652,,,,,,,60,60.52,12190.0,0.0,-0.09990009990008919,0.0,0.0,-0.09990009990008919,-0.09990009990008919,COMPLETE
2026-08-31 09:10:12.880,v1.6.7,20260831_019170_LIVE_FILTER_SHADOW_E001_090512810867,LIVE_FILTER_SHADOW,019170,신풍제약,2026-08-31 09:05:12.810,11910.0,11921.909999999998,MAIN,MAIN,2026-08-31 09:05:12.797,2026-08-31 09:03:25.603,11710.0,2026-08-31 09:05:12.797,11910.0,107.193752,1.707941929974388,True,20260831_019170_SHADOW_SCORE_70_74_E001_090309718158,2026-08-31 09:05:12.888,11910.0,0.091049,0.0,-0.09990009990008344,0.0,300,300.07,11480.0,-3.6104114189756507,-3.7067047142613734,1.1754827875734677,-3.7783375314861463,1.07440837919429,-3.874463068417713,COMPLETE
2026-08-31 09:10:55.122,v1.6.7,20260831_001210_LIVE_FILTER_SHADOW_E001_090850369620,LIVE_FILTER_SHADOW,001210,금호전기,2026-08-31 09:08:50.369,11900.0,11911.899999999998,MAIN,MAIN,2026-08-31 09:08:40.331,2026-08-31 09:08:40.331,11900.0,2026-08-31 09:08:40.331,11900.0,0.0,0.0,True,20260831_001210_SHADOW_SCORE_70_74_E001_090805519652,2026-08-31 09:08:50.442,11900.0,10.111125,0.0,-0.0999000999000816,0.0,120,124.753,12190.0,2.4369747899159666,2.334640149766219,2.4369747899159666,-0.25210084033613445,2.334640149766219,-0.3517490912448713,COMPLETE
2026-08-31 09:10:55.122,v1.6.7,20260831_001210_BASE_E001_090840389819,BASE,001210,금호전기,2026-08-31 09:08:40.389,11900.0,11911.899999999998,MAIN,MAIN,2026-08-31 09:08:40.331,2026-08-31 09:08:40.331,11900.0,2026-08-31 09:08:40.331,11900.0,0.0,0.0,True,20260831_001210_SHADOW_SCORE_70_74_E001_090805519652,2026-08-31 09:08:40.481,11900.0,0.150405,0.0,-0.0999000999000816,0.0,120,134.733,12190.0,2.4369747899159666,2.334640149766219,2.4369747899159666,-0.5882352941176471,2.334640149766219,-0.6875477463712576,COMPLETE
2026-08-31 09:10:55.122,v1.6.7,20260831_001210_PRE_HISTORY_E001_090840402604,PRE_HISTORY,001210,금호전기,2026-08-31 09:08:40.402,11900.0,11911.899999999998,MAIN,MAIN,2026-08-31 09:08:40.331,2026-08-31 09:08:40.331,11900.0,2026-08-31 09:08:40.331,11900.0,0.0,0.0,True,20260831_001210_SHADOW_SCORE_70_74_E001_090805519652,2026-08-31 09:08:40.481,11900.0,0.150405,0.0,-0.0999000999000816,0.0,120,134.72,12190.0,2.4369747899159666,2.334640149766219,2.4369747899159666,-0.5882352941176471,2.334640149766219,-0.6875477463712576,COMPLETE
2026-08-31 09:11:05.534,v1.6.7,20260831_001210_SHADOW_SCORE_70_74_E001_090805519652,SHADOW_SCORE_70_74,001210,금호전기,2026-08-31 09:08:05.519,11840.0,11851.839999999998,MAIN,MAIN,2026-08-31 09:08:05.510,,,2026-08-31 09:08:05.510,11840.0,,,False,,2026-08-31 09:08:05.584,11820.0,0.073193,-0.16891891891891891,-0.26865026865025454,0.16891891891891891,180,180.014,12070.0,1.9425675675675675,1.8407268407268549,2.956081081081081,-1.0135135135135136,2.853227853227868,-1.1124011124010984,COMPLETE
2026-08-31 09:11:09.677,v1.6.7,20260831_001210_CONFIRM_E001_090909666976,CONFIRM,001210,금호전기,2026-08-31 09:09:09.666,12190.0,12202.189999999999,MAIN,MAIN,2026-08-31 09:09:09.621,2026-08-31 09:08:40.331,11900.0,2026-08-31 09:09:09.621,12190.0,29.289834,2.4369747899159577,True,20260831_001210_SHADOW_SCORE_70_74_E001_090805519652,2026-08-31 09:11:04.784,12180.0,115.163424,-0.08203445447087777,-0.18185260186899804,0.08203445447087777,120,120.011,12100.0,-0.7383100902378998,-0.837472617620269,0.0,-1.9688269073010665,-0.09990009990008919,-2.066760147153902,COMPLETE
2026-08-31 09:11:40.477,v1.6.7,20260831_001210_BASE_E001_090840389819,BASE,001210,금호전기,2026-08-31 09:08:40.389,11900.0,11911.899999999998,MAIN,MAIN,2026-08-31 09:08:40.331,2026-08-31 09:08:40.331,11900.0,2026-08-31 09:08:40.331,11900.0,0.0,0.0,True,20260831_001210_SHADOW_SCORE_70_74_E001_090805519652,2026-08-31 09:08:40.481,11900.0,0.150405,0.0,-0.0999000999000816,0.0,180,180.088,11870.0,-0.25210084033613445,-0.3517490912448713,2.4369747899159666,-0.6722689075630253,2.334640149766219,-0.7714974101528542,COMPLETE
2026-08-31 09:11:40.477,v1.6.7,20260831_001210_PRE_HISTORY_E001_090840402604,PRE_HISTORY,001210,금호전기,2026-08-31 09:08:40.402,11900.0,11911.899999999998,MAIN,MAIN,2026-08-31 09:08:40.331,2026-08-31 09:08:40.331,11900.0,2026-08-31 09:08:40.331,11900.0,0.0,0.0,True,20260831_001210_SHADOW_SCORE_70_74_E001_090805519652,2026-08-31 09:08:40.481,11900.0,0.150405,0.0,-0.0999000999000816,0.0,180,180.075,11870.0,-0.25210084033613445,-0.3517490912448713,2.4369747899159666,-0.6722689075630253,2.334640149766219,-0.7714974101528542,COMPLETE
2026-08-31 09:11:50.378,v1.6.7,20260831_001210_LIVE_FILTER_SHADOW_E001_090850369620,LIVE_FILTER_SHADOW,001210,금호전기,2026-08-31 09:08:50.369,11900.0,11911.899999999998,MAIN,MAIN,2026-08-31 09:08:40.331,2026-08-31 09:08:40.331,11900.0,2026-08-31 09:08:40.331,11900.0,0.0,0.0,True,20260831_001210_SHADOW_SCORE_70_74_E001_090805519652,2026-08-31 09:08:50.442,11900.0,10.111125,0.0,-0.0999000999000816,0.0,180,180.009,11930.0,0.25210084033613445,0.15194889144470813,2.4369747899159666,-0.7563025210084033,2.334640149766219,-0.8554470739344507,COMPLETE
2026-08-31 09:12:09.677,v1.6.7,20260831_001210_CONFIRM_E001_090909666976,CONFIRM,001210,금호전기,2026-08-31 09:09:09.666,12190.0,12202.189999999999,MAIN,MAIN,2026-08-31 09:09:09.621,2026-08-31 09:08:40.331,11900.0,2026-08-31 09:09:09.621,12190.0,29.289834,2.4369747899159577,True,20260831_001210_SHADOW_SCORE_70_74_E001_090805519652,2026-08-31 09:11:04.784,12180.0,115.163424,-0.08203445447087777,-0.18185260186899804,0.08203445447087777,180,180.011,11970.0,-1.8047579983593112,-1.9028551432160843,0.0,-3.1173092698933553,-0.09990009990008919,-3.2140951747186266,COMPLETE
2026-08-31 09:13:05.575,v1.6.7,20260831_001210_SHADOW_SCORE_70_74_E001_090805519652,SHADOW_SCORE_70_74,001210,금호전기,2026-08-31 09:08:05.519,11840.0,11851.839999999998,MAIN,MAIN,2026-08-31 09:08:05.510,,,2026-08-31 09:08:05.510,11840.0,,,False,,2026-08-31 09:08:05.584,11820.0,0.073193,-0.16891891891891891,-0.26865026865025454,0.16891891891891891,300,300.056,12230.0,3.2939189189189184,3.1907281907282052,4.898648648648648,-1.0135135135135136,4.793854793854808,-1.1124011124010984,COMPLETE
2026-08-31 09:13:27.082,v1.6.7,20260831_066970_BASE_E001_091257080973,BASE,066970,엘앤에프,2026-08-31 09:12:57.080,142400.0,142542.4,MAIN,MAIN,2026-08-31 09:12:57.057,2026-08-31 09:12:57.057,142400.0,2026-08-31 09:12:57.057,142400.0,0.0,0.0,False,,2026-08-31 09:12:57.275,142400.0,0.217783,0.0,-0.09990009990009582,0.0,30,30.002,142800.0,0.2808988764044944,0.1807181582462522,0.42134831460674155,-0.0702247191011236,0.32102728731942626,-0.17005466443668285,COMPLETE
2026-08-31 09:13:27.173,v1.6.7,20260831_066970_LIVE_FILTER_SHADOW_E001_091257122345,LIVE_FILTER_SHADOW,066970,엘앤에프,2026-08-31 09:12:57.122,142400.0,142542.4,MAIN,MAIN,2026-08-31 09:12:57.057,2026-08-31 09:12:57.057,142400.0,2026-08-31 09:12:57.057,142400.0,0.0,0.0,False,,2026-08-31 09:12:57.275,142400.0,0.217783,0.0,-0.09990009990009582,0.0,30,30.051,142700.0,0.21067415730337077,0.11056359370966522,0.42134831460674155,-0.0702247191011236,0.32102728731942626,-0.17005466443668285,COMPLETE
2026-08-31 09:13:40.442,v1.6.7,20260831_001210_BASE_E001_090840389819,BASE,001210,금호전기,2026-08-31 09:08:40.389,11900.0,11911.899999999998,MAIN,MAIN,2026-08-31 09:08:40.331,2026-08-31 09:08:40.331,11900.0,2026-08-31 09:08:40.331,11900.0,0.0,0.0,True,20260831_001210_SHADOW_SCORE_70_74_E001_090805519652,2026-08-31 09:08:40.481,11900.0,0.150405,0.0,-0.0999000999000816,0.0,300,300.052,12050.0,1.2605042016806722,1.159344856823867,4.369747899159663,-0.7563025210084033,4.26548241674294,-0.8554470739344507,COMPLETE
2026-08-31 09:13:40.442,v1.6.7,20260831_001210_PRE_HISTORY_E001_090840402604,PRE_HISTORY,001210,금호전기,2026-08-31 09:08:40.402,11900.0,11911.899999999998,MAIN,MAIN,2026-08-31 09:08:40.331,2026-08-31 09:08:40.331,11900.0,2026-08-31 09:08:40.331,11900.0,0.0,0.0,True,20260831_001210_SHADOW_SCORE_70_74_E001_090805519652,2026-08-31 09:08:40.481,11900.0,0.150405,0.0,-0.0999000999000816,0.0,300,300.04,12050.0,1.2605042016806722,1.159344856823867,4.369747899159663,-0.7563025210084033,4.26548241674294,-0.8554470739344507,COMPLETE
2026-08-31 09:13:43.074,v1.6.7,20260831_066970_CONFIRM_E001_091313019078,CONFIRM,066970,엘앤에프,2026-08-31 09:13:13.019,142900.0,143042.9,MAIN,MAIN,2026-08-31 09:13:12.997,2026-08-31 09:12:57.057,142400.0,2026-08-31 09:13:12.997,142900.0,15.939407,0.3511235955056202,False,,2026-08-31 09:13:13.076,142900.0,0.07935,0.0,-0.09990009990009585,0.0,30,30.056,142700.0,-0.13995801259622112,-0.23971829430191513,0.06997900629811056,-0.2099370188943317,-0.029991002699186173,-0.3096273915028248,COMPLETE
2026-08-31 09:13:50.373,v1.6.7,20260831_001210_LIVE_FILTER_SHADOW_E001_090850369620,LIVE_FILTER_SHADOW,001210,금호전기,2026-08-31 09:08:50.369,11900.0,11911.899999999998,MAIN,MAIN,2026-08-31 09:08:40.331,2026-08-31 09:08:40.331,11900.0,2026-08-31 09:08:40.331,11900.0,0.0,0.0,True,20260831_001210_SHADOW_SCORE_70_74_E001_090805519652,2026-08-31 09:08:50.442,11900.0,10.111125,0.0,-0.0999000999000816,0.0,300,300.004,12150.0,2.100840336134454,1.9988414946398327,4.369747899159663,-0.7563025210084033,4.26548241674294,-0.8554470739344507,COMPLETE
2026-08-31 09:13:57.274,v1.6.7,20260831_066970_LIVE_FILTER_SHADOW_E001_091257122345,LIVE_FILTER_SHADOW,066970,엘앤에프,2026-08-31 09:12:57.122,142400.0,142542.4,MAIN,MAIN,2026-08-31 09:12:57.057,2026-08-31 09:12:57.057,142400.0,2026-08-31 09:12:57.057,142400.0,0.0,0.0,False,,2026-08-31 09:12:57.275,142400.0,0.217783,0.0,-0.09990009990009582,0.0,60,60.152,142100.0,-0.21067415730337077,-0.3103637935098569,0.42134831460674155,-0.21067415730337077,0.32102728731942626,-0.3103637935098569,COMPLETE
2026-08-31 09:13:57.274,v1.6.7,20260831_066970_BASE_E001_091257080973,BASE,066970,엘앤에프,2026-08-31 09:12:57.080,142400.0,142542.4,MAIN,MAIN,2026-08-31 09:12:57.057,2026-08-31 09:12:57.057,142400.0,2026-08-31 09:12:57.057,142400.0,0.0,0.0,False,,2026-08-31 09:12:57.275,142400.0,0.217783,0.0,-0.09990009990009582,0.0,60,60.194,142100.0,-0.21067415730337077,-0.3103637935098569,0.42134831460674155,-0.21067415730337077,0.32102728731942626,-0.3103637935098569,COMPLETE
2026-08-31 09:14:09.673,v1.6.7,20260831_001210_CONFIRM_E001_090909666976,CONFIRM,001210,금호전기,2026-08-31 09:09:09.666,12190.0,12202.189999999999,MAIN,MAIN,2026-08-31 09:09:09.621,2026-08-31 09:08:40.331,11900.0,2026-08-31 09:09:09.621,12190.0,29.289834,2.4369747899159577,True,20260831_001210_SHADOW_SCORE_70_74_E001_090805519652,2026-08-31 09:11:04.784,12180.0,115.163424,-0.08203445447087777,-0.18185260186899804,0.08203445447087777,300,300.007,12180.0,-0.08203445447087777,-0.18185260186899804,1.8867924528301887,-3.1173092698933553,1.7850074453848146,-3.2140951747186266,COMPLETE
2026-08-31 09:14:13.575,v1.6.7,20260831_066970_CONFIRM_E001_091313019078,CONFIRM,066970,엘앤에프,2026-08-31 09:13:13.019,142900.0,143042.9,MAIN,MAIN,2026-08-31 09:13:12.997,2026-08-31 09:12:57.057,142400.0,2026-08-31 09:13:12.997,142900.0,15.939407,0.3511235955056202,False,,2026-08-31 09:13:13.076,142900.0,0.07935,0.0,-0.09990009990009585,0.0,60,60.557,143000.0,0.06997900629811056,-0.029991002699186173,0.06997900629811056,-0.5598320503848845,-0.029991002699186173,-0.6591728775073732,COMPLETE
2026-08-31 09:14:57.375,v1.6.7,20260831_066970_LIVE_FILTER_SHADOW_E001_091257122345,LIVE_FILTER_SHADOW,066970,엘앤에프,2026-08-31 09:12:57.122,142400.0,142542.4,MAIN,MAIN,2026-08-31 09:12:57.057,2026-08-31 09:12:57.057,142400.0,2026-08-31 09:12:57.057,142400.0,0.0,0.0,False,,2026-08-31 09:12:57.275,142400.0,0.217783,0.0,-0.09990009990009582,0.0,120,120.253,142600.0,0.1404494382022472,0.040409029173078204,0.42134831460674155,-0.21067415730337077,0.32102728731942626,-0.3103637935098569,COMPLETE
2026-08-31 09:14:57.375,v1.6.7,20260831_066970_BASE_E001_091257080973,BASE,066970,엘앤에프,2026-08-31 09:12:57.080,142400.0,142542.4,MAIN,MAIN,2026-08-31 09:12:57.057,2026-08-31 09:12:57.057,142400.0,2026-08-31 09:12:57.057,142400.0,0.0,0.0,False,,2026-08-31 09:12:57.275,142400.0,0.217783,0.0,-0.09990009990009582,0.0,120,120.294,142600.0,0.1404494382022472,0.040409029173078204,0.42134831460674155,-0.21067415730337077,0.32102728731942626,-0.3103637935098569,COMPLETE
2026-08-31 09:15:13.173,v1.6.7,20260831_066970_CONFIRM_E001_091313019078,CONFIRM,066970,엘앤에프,2026-08-31 09:13:13.019,142900.0,143042.9,MAIN,MAIN,2026-08-31 09:13:12.997,2026-08-31 09:12:57.057,142400.0,2026-08-31 09:13:12.997,142900.0,15.939407,0.3511235955056202,False,,2026-08-31 09:13:13.076,142900.0,0.07935,0.0,-0.09990009990009585,0.0,120,120.154,142600.0,-0.2099370188943317,-0.3096273915028248,0.06997900629811056,-0.5598320503848845,-0.029991002699186173,-0.6591728775073732,COMPLETE
2026-08-31 09:15:57.172,v1.6.7,20260831_066970_LIVE_FILTER_SHADOW_E001_091257122345,LIVE_FILTER_SHADOW,066970,엘앤에프,2026-08-31 09:12:57.122,142400.0,142542.4,MAIN,MAIN,2026-08-31 09:12:57.057,2026-08-31 09:12:57.057,142400.0,2026-08-31 09:12:57.057,142400.0,0.0,0.0,False,,2026-08-31 09:12:57.275,142400.0,0.217783,0.0,-0.09990009990009582,0.0,180,180.05,143500.0,0.7724719101123595,0.6718001100023613,0.7724719101123595,-0.21067415730337077,0.6718001100023613,-0.3103637935098569,COMPLETE
2026-08-31 09:15:57.172,v1.6.7,20260831_066970_BASE_E001_091257080973,BASE,066970,엘앤에프,2026-08-31 09:12:57.080,142400.0,142542.4,MAIN,MAIN,2026-08-31 09:12:57.057,2026-08-31 09:12:57.057,142400.0,2026-08-31 09:12:57.057,142400.0,0.0,0.0,False,,2026-08-31 09:12:57.275,142400.0,0.217783,0.0,-0.09990009990009582,0.0,180,180.091,143500.0,0.7724719101123595,0.6718001100023613,0.7724719101123595,-0.21067415730337077,0.6718001100023613,-0.3103637935098569,COMPLETE
2026-08-31 09:16:13.019,v1.6.7,20260831_066970_CONFIRM_E001_091313019078,CONFIRM,066970,엘앤에프,2026-08-31 09:13:13.019,142900.0,143042.9,MAIN,MAIN,2026-08-31 09:13:12.997,2026-08-31 09:12:57.057,142400.0,2026-08-31 09:13:12.997,142900.0,15.939407,0.3511235955056202,False,,2026-08-31 09:13:13.076,142900.0,0.07935,0.0,-0.09990009990009585,0.0,180,180.0,143000.0,0.06997900629811056,-0.029991002699186173,0.4198740377886634,-0.5598320503848845,0.3195544833053621,-0.6591728775073732,COMPLETE
2026-08-31 09:17:49.567,v1.6.7,20260831_066970_PRE_HISTORY_E001_091719375455,PRE_HISTORY,066970,엘앤에프,2026-08-31 09:17:19.375,143700.0,143843.69999999998,MAIN,MAIN,2026-08-31 09:17:19.362,2026-08-31 09:12:57.057,142400.0,2026-08-31 09:17:19.362,143700.0,262.30419,0.9129213483145993,False,,2026-08-31 09:17:19.469,143700.0,0.107036,0.0,-0.09990009990008777,0.0,30,30.192,143100.0,-0.41753653444676403,-0.5170195149318202,0.06958942240779402,-0.41753653444676403,-0.03038019739479904,-0.5170195149318202,COMPLETE
2026-08-31 09:17:57.168,v1.6.7,20260831_066970_LIVE_FILTER_SHADOW_E001_091257122345,LIVE_FILTER_SHADOW,066970,엘앤에프,2026-08-31 09:12:57.122,142400.0,142542.4,MAIN,MAIN,2026-08-31 09:12:57.057,2026-08-31 09:12:57.057,142400.0,2026-08-31 09:12:57.057,142400.0,0.0,0.0,False,,2026-08-31 09:12:57.275,142400.0,0.217783,0.0,-0.09990009990009582,0.0,300,300.046,142500.0,0.0702247191011236,-0.02974553536350881,0.9831460674157303,-0.21067415730337077,0.8822638036121223,-0.3103637935098569,COMPLETE
2026-08-31 09:17:57.168,v1.6.7,20260831_066970_BASE_E001_091257080973,BASE,066970,엘앤에프,2026-08-31 09:12:57.080,142400.0,142542.4,MAIN,MAIN,2026-08-31 09:12:57.057,2026-08-31 09:12:57.057,142400.0,2026-08-31 09:12:57.057,142400.0,0.0,0.0,False,,2026-08-31 09:12:57.275,142400.0,0.217783,0.0,-0.09990009990009582,0.0,300,300.088,142500.0,0.0702247191011236,-0.02974553536350881,0.9831460674157303,-0.21067415730337077,0.8822638036121223,-0.3103637935098569,COMPLETE
2026-08-31 09:18:13.069,v1.6.7,20260831_066970_CONFIRM_E001_091313019078,CONFIRM,066970,엘앤에프,2026-08-31 09:13:13.019,142900.0,143042.9,MAIN,MAIN,2026-08-31 09:13:12.997,2026-08-31 09:12:57.057,142400.0,2026-08-31 09:13:12.997,142900.0,15.939407,0.3511235955056202,False,,2026-08-31 09:13:13.076,142900.0,0.07935,0.0,-0.09990009990009585,0.0,300,300.051,142300.0,-0.4198740377886634,-0.5193546831055538,0.6298110566829951,-0.5598320503848845,0.5292817749080911,-0.6591728775073732,COMPLETE
2026-08-31 09:18:19.467,v1.6.7,20260831_066970_PRE_HISTORY_E001_091719375455,PRE_HISTORY,066970,엘앤에프,2026-08-31 09:17:19.375,143700.0,143843.69999999998,MAIN,MAIN,2026-08-31 09:17:19.362,2026-08-31 09:12:57.057,142400.0,2026-08-31 09:17:19.362,143700.0,262.30419,0.9129213483145993,False,,2026-08-31 09:17:19.469,143700.0,0.107036,0.0,-0.09990009990008777,0.0,60,60.092,142200.0,-1.0438413361169103,-1.1426986374794188,0.06958942240779402,-1.1134307585247043,-0.03038019739479904,-1.2122185399847076,COMPLETE
2026-08-31 09:19:19.765,v1.6.7,20260831_066970_PRE_HISTORY_E001_091719375455,PRE_HISTORY,066970,엘앤에프,2026-08-31 09:17:19.375,143700.0,143843.69999999998,MAIN,MAIN,2026-08-31 09:17:19.362,2026-08-31 09:12:57.057,142400.0,2026-08-31 09:17:19.362,143700.0,262.30419,0.9129213483145993,False,,2026-08-31 09:17:19.469,143700.0,0.107036,0.0,-0.09990009990008777,0.0,120,120.39,142800.0,-0.6263048016701461,-0.7255792224476864,0.06958942240779402,-1.5309672929714684,-0.03038019739479904,-1.62933795501644,COMPLETE
2026-08-31 09:20:19.464,v1.6.7,20260831_066970_PRE_HISTORY_E001_091719375455,PRE_HISTORY,066970,엘앤에프,2026-08-31 09:17:19.375,143700.0,143843.69999999998,MAIN,MAIN,2026-08-31 09:17:19.362,2026-08-31 09:12:57.057,142400.0,2026-08-31 09:17:19.362,143700.0,262.30419,0.9129213483145993,False,,2026-08-31 09:17:19.469,143700.0,0.107036,0.0,-0.09990009990008777,0.0,180,180.089,142100.0,-1.1134307585247043,-1.2122185399847076,0.06958942240779402,-1.5309672929714684,-0.03038019739479904,-1.62933795501644,COMPLETE
2026-08-31 09:22:11.960,v1.6.7,20260831_096770_SHADOW_SCORE_70_74_E001_092141921151,SHADOW_SCORE_70_74,096770,SK이노베이션,2026-08-31 09:21:41.921,122700.0,122822.69999999998,MAIN,MAIN,2026-08-31 09:21:41.911,,,2026-08-31 09:21:41.911,122700.0,,,False,,2026-08-31 09:21:42.063,122700.0,0.151758,0.0,-0.09990009990008569,0.0,30,30.04,123000.0,0.24449877750611246,0.14435442308304366,0.6519967400162999,-0.08149959250203749,0.5514452947215926,-0.18131827422779548,COMPLETE
2026-08-31 09:22:19.662,v1.6.7,20260831_066970_PRE_HISTORY_E001_091719375455,PRE_HISTORY,066970,엘앤에프,2026-08-31 09:17:19.375,143700.0,143843.69999999998,MAIN,MAIN,2026-08-31 09:17:19.362,2026-08-31 09:12:57.057,142400.0,2026-08-31 09:17:19.362,143700.0,262.30419,0.9129213483145993,False,,2026-08-31 09:17:19.469,143700.0,0.107036,0.0,-0.09990009990008777,0.0,300,300.287,144500.0,0.5567153792623522,0.45625912014222214,0.5567153792623522,-1.5309672929714684,0.45625912014222214,-1.62933795501644,COMPLETE
2026-08-31 09:22:42.060,v1.6.7,20260831_096770_SHADOW_SCORE_70_74_E001_092141921151,SHADOW_SCORE_70_74,096770,SK이노베이션,2026-08-31 09:21:41.921,122700.0,122822.69999999998,MAIN,MAIN,2026-08-31 09:21:41.911,,,2026-08-31 09:21:41.911,122700.0,,,False,,2026-08-31 09:21:42.063,122700.0,0.151758,0.0,-0.09990009990008569,0.0,60,60.139,123000.0,0.24449877750611246,0.14435442308304366,0.6519967400162999,-0.08149959250203749,0.5514452947215926,-0.18131827422779548,COMPLETE
2026-08-31 09:23:41.959,v1.6.7,20260831_096770_SHADOW_SCORE_70_74_E001_092141921151,SHADOW_SCORE_70_74,096770,SK이노베이션,2026-08-31 09:21:41.921,122700.0,122822.69999999998,MAIN,MAIN,2026-08-31 09:21:41.911,,,2026-08-31 09:21:41.911,122700.0,,,False,,2026-08-31 09:21:42.063,122700.0,0.151758,0.0,-0.09990009990008569,0.0,120,120.038,123000.0,0.24449877750611246,0.14435442308304366,0.6519967400162999,-0.4889975550122249,0.5514452947215926,-0.5884091458663444,COMPLETE
2026-08-31 09:24:15.858,v1.6.7,20260831_096770_SHADOW_SCORE_70_74_E002_092345784779,SHADOW_SCORE_70_74,096770,SK이노베이션,2026-08-31 09:23:45.784,123000.0,123122.99999999999,MAIN,MAIN,2026-08-31 09:23:45.774,,,2026-08-31 09:23:45.774,123000.0,,,False,,2026-08-31 09:23:45.960,123000.0,0.185755,0.0,-0.09990009990008808,0.0,30,30.073,123500.0,0.40650406504065045,0.3061978671734888,0.40650406504065045,-0.24390243902439024,0.3061978671734888,-0.3435588801442342,COMPLETE
2026-08-31 09:24:41.994,v1.6.7,20260831_096770_SHADOW_SCORE_70_74_E001_092141921151,SHADOW_SCORE_70_74,096770,SK이노베이션,2026-08-31 09:21:41.921,122700.0,122822.69999999998,MAIN,MAIN,2026-08-31 09:21:41.911,,,2026-08-31 09:21:41.911,122700.0,,,False,,2026-08-31 09:21:42.063,122700.0,0.151758,0.0,-0.09990009990008569,0.0,180,180.074,124000.0,1.0594947025264874,0.9585361663601416,1.466992665036675,-0.4889975550122249,1.3656270379986906,-0.5884091458663444,COMPLETE
2026-08-31 09:24:45.858,v1.6.7,20260831_096770_SHADOW_SCORE_70_74_E002_092345784779,SHADOW_SCORE_70_74,096770,SK이노베이션,2026-08-31 09:23:45.784,123000.0,123122.99999999999,MAIN,MAIN,2026-08-31 09:23:45.774,,,2026-08-31 09:23:45.774,123000.0,,,False,,2026-08-31 09:23:45.960,123000.0,0.185755,0.0,-0.09990009990008808,0.0,60,60.074,123700.0,0.5691056910569106,0.46863705400291955,1.2195121951219512,-0.24390243902439024,1.1183938013206425,-0.3435588801442342,COMPLETE
2026-08-31 09:24:46.457,v1.6.7,20260831_096770_PRE_HISTORY_E002_092416306391,PRE_HISTORY,096770,SK이노베이션,2026-08-31 09:24:16.306,123400.0,123523.39999999998,MAIN,MAIN,2026-08-31 09:24:16.282,2026-08-31 09:24:16.282,123400.0,2026-08-31 09:24:16.282,123400.0,0.0,0.0,True,20260831_096770_SHADOW_SCORE_70_74_E002_092345784779,2026-08-31 09:24:16.460,123500.0,0.178053,0.08103727714748785,-0.018943779073422227,0.08103727714748785,30,30.151,123800.0,0.3241491085899514,0.22392518340656137,0.8914100486223663,0.0,0.7906194291931897,-0.09990009990008342,COMPLETE
2026-08-31 09:24:46.457,v1.6.7,20260831_096770_BASE_E002_092416300550,BASE,096770,SK이노베이션,2026-08-31 09:24:16.300,123400.0,123523.39999999998,MAIN,MAIN,2026-08-31 09:24:16.282,2026-08-31 09:24:16.282,123400.0,2026-08-31 09:24:16.282,123400.0,0.0,0.0,True,20260831_096770_SHADOW_SCORE_70_74_E002_092345784779,2026-08-31 09:24:16.460,123500.0,0.178053,0.08103727714748785,-0.018943779073422227,0.08103727714748785,30,30.157,123800.0,0.3241491085899514,0.22392518340656137,0.8914100486223663,0.0,0.7906194291931897,-0.09990009990008342,COMPLETE
2026-08-31 09:24:52.358,v1.6.7,20260831_096770_LIVE_FILTER_SHADOW_E002_092422256797,LIVE_FILTER_SHADOW,096770,SK이노베이션,2026-08-31 09:24:22.256,123400.0,123523.39999999998,MAIN,MAIN,2026-08-31 09:24:16.282,2026-08-31 09:24:16.282,123400.0,2026-08-31 09:24:16.282,123400.0,0.0,0.0,True,20260831_096770_SHADOW_SCORE_70_74_E002_092345784779,2026-08-31 09:24:22.309,123600.0,6.02769,0.1620745542949757,0.06201254175323896,0.1620745542949757,30,30.102,123800.0,0.3241491085899514,0.22392518340656137,0.8914100486223663,0.0,0.7906194291931897,-0.09990009990008342,COMPLETE
2026-08-31 09:25:04.560,v1.6.7,20260831_096770_CONFIRM_E002_092434306988,CONFIRM,096770,SK이노베이션,2026-08-31 09:24:34.306,124300.0,124424.29999999999,MAIN,MAIN,2026-08-31 09:24:34.298,2026-08-31 09:24:16.282,123400.0,2026-08-31 09:24:34.298,124300.0,18.015821,0.7293354943273878,True,20260831_096770_SHADOW_SCORE_70_74_E002_092345784779,2026-08-31 09:24:34.358,124300.0,0.060608,0.0,-0.09990009990009055,0.0,30,30.254,123400.0,-0.7240547063555913,-0.8232314748807014,0.08045052292839903,-0.8849557522123894,-0.019529947124467133,-0.9839717804319482,COMPLETE
2026-08-31 09:25:16.357,v1.6.7,20260831_096770_PRE_HISTORY_E002_092416306391,PRE_HISTORY,096770,SK이노베이션,2026-08-31 09:24:16.306,123400.0,123523.39999999998,MAIN,MAIN,2026-08-31 09:24:16.282,2026-08-31 09:24:16.282,123400.0,2026-08-31 09:24:16.282,123400.0,0.0,0.0,True,20260831_096770_SHADOW_SCORE_70_74_E002_092345784779,2026-08-31 09:24:16.460,123500.0,0.178053,0.08103727714748785,-0.018943779073422227,0.08103727714748785,60,60.051,123400.0,0.0,-0.09990009990008342,0.8914100486223663,-0.24311183144246357,0.7906194291931897,-0.342769062380067,COMPLETE
2026-08-31 09:25:16.357,v1.6.7,20260831_096770_BASE_E002_092416300550,BASE,096770,SK이노베이션,2026-08-31 09:24:16.300,123400.0,123523.39999999998,MAIN,MAIN,2026-08-31 09:24:16.282,2026-08-31 09:24:16.282,123400.0,2026-08-31 09:24:16.282,123400.0,0.0,0.0,True,20260831_096770_SHADOW_SCORE_70_74_E002_092345784779,2026-08-31 09:24:16.460,123500.0,0.178053,0.08103727714748785,-0.018943779073422227,0.08103727714748785,60,60.057,123400.0,0.0,-0.09990009990008342,0.8914100486223663,-0.24311183144246357,0.7906194291931897,-0.342769062380067,COMPLETE
2026-08-31 09:25:22.258,v1.6.7,20260831_096770_LIVE_FILTER_SHADOW_E002_092422256797,LIVE_FILTER_SHADOW,096770,SK이노베이션,2026-08-31 09:24:22.256,123400.0,123523.39999999998,MAIN,MAIN,2026-08-31 09:24:16.282,2026-08-31 09:24:16.282,123400.0,2026-08-31 09:24:16.282,123400.0,0.0,0.0,True,20260831_096770_SHADOW_SCORE_70_74_E002_092345784779,2026-08-31 09:24:22.309,123600.0,6.02769,0.1620745542949757,0.06201254175323896,0.1620745542949757,60,60.001,123400.0,0.0,-0.09990009990008342,0.8914100486223663,-0.24311183144246357,0.7906194291931897,-0.342769062380067,COMPLETE
2026-08-31 09:25:34.358,v1.6.7,20260831_096770_CONFIRM_E002_092434306988,CONFIRM,096770,SK이노베이션,2026-08-31 09:24:34.306,124300.0,124424.29999999999,MAIN,MAIN,2026-08-31 09:24:34.298,2026-08-31 09:24:16.282,123400.0,2026-08-31 09:24:34.298,124300.0,18.015821,0.7293354943273878,True,20260831_096770_SHADOW_SCORE_70_74_E002_092345784779,2026-08-31 09:24:34.358,124300.0,0.060608,0.0,-0.09990009990009055,0.0,60,60.052,123800.0,-0.4022526146419952,-0.5017508637782077,0.08045052292839903,-0.9654062751407884,-0.019529947124467133,-1.0643419332075714,COMPLETE
2026-08-31 09:25:45.856,v1.6.7,20260831_096770_SHADOW_SCORE_70_74_E002_092345784779,SHADOW_SCORE_70_74,096770,SK이노베이션,2026-08-31 09:23:45.784,123000.0,123122.99999999999,MAIN,MAIN,2026-08-31 09:23:45.774,,,2026-08-31 09:23:45.774,123000.0,,,False,,2026-08-31 09:23:45.960,123000.0,0.185755,0.0,-0.09990009990008808,0.0,120,120.072,123900.0,0.7317073170731708,0.6310762408323503,1.2195121951219512,-0.24390243902439024,1.1183938013206425,-0.3435588801442342,COMPLETE
2026-08-31 09:26:16.356,v1.6.7,20260831_096770_PRE_HISTORY_E002_092416306391,PRE_HISTORY,096770,SK이노베이션,2026-08-31 09:24:16.306,123400.0,123523.39999999998,MAIN,MAIN,2026-08-31 09:24:16.282,2026-08-31 09:24:16.282,123400.0,2026-08-31 09:24:16.282,123400.0,0.0,0.0,True,20260831_096770_SHADOW_SCORE_70_74_E002_092345784779,2026-08-31 09:24:16.460,123500.0,0.178053,0.08103727714748785,-0.018943779073422227,0.08103727714748785,120,120.05,123900.0,0.4051863857374392,0.3048815042332226,0.8914100486223663,-0.24311183144246357,0.7906194291931897,-0.342769062380067,COMPLETE
2026-08-31 09:26:16.356,v1.6.7,20260831_096770_BASE_E002_092416300550,BASE,096770,SK이노베이션,2026-08-31 09:24:16.300,123400.0,123523.39999999998,MAIN,MAIN,2026-08-31 09:24:16.282,2026-08-31 09:24:16.282,123400.0,2026-08-31 09:24:16.282,123400.0,0.0,0.0,True,20260831_096770_SHADOW_SCORE_70_74_E002_092345784779,2026-08-31 09:24:16.460,123500.0,0.178053,0.08103727714748785,-0.018943779073422227,0.08103727714748785,120,120.056,123900.0,0.4051863857374392,0.3048815042332226,0.8914100486223663,-0.24311183144246357,0.7906194291931897,-0.342769062380067,COMPLETE
2026-08-31 09:26:22.257,v1.6.7,20260831_096770_LIVE_FILTER_SHADOW_E002_092422256797,LIVE_FILTER_SHADOW,096770,SK이노베이션,2026-08-31 09:24:22.256,123400.0,123523.39999999998,MAIN,MAIN,2026-08-31 09:24:16.282,2026-08-31 09:24:16.282,123400.0,2026-08-31 09:24:16.282,123400.0,0.0,0.0,True,20260831_096770_SHADOW_SCORE_70_74_E002_092345784779,2026-08-31 09:24:22.309,123600.0,6.02769,0.1620745542949757,0.06201254175323896,0.1620745542949757,120,120.001,124100.0,0.5672609400324149,0.46679414588654494,0.8914100486223663,-0.24311183144246357,0.7906194291931897,-0.342769062380067,COMPLETE
2026-08-31 09:26:34.355,v1.6.7,20260831_096770_CONFIRM_E002_092434306988,CONFIRM,096770,SK이노베이션,2026-08-31 09:24:34.306,124300.0,124424.29999999999,MAIN,MAIN,2026-08-31 09:24:34.298,2026-08-31 09:24:16.282,123400.0,2026-08-31 09:24:34.298,124300.0,18.015821,0.7293354943273878,True,20260831_096770_SHADOW_SCORE_70_74_E002_092345784779,2026-08-31 09:24:34.358,124300.0,0.060608,0.0,-0.09990009990009055,0.0,120,120.049,124100.0,-0.16090104585679807,-0.2606404054513374,0.08045052292839903,-0.9654062751407884,-0.019529947124467133,-1.0643419332075714,COMPLETE
2026-08-31 09:26:41.955,v1.6.7,20260831_096770_SHADOW_SCORE_70_74_E001_092141921151,SHADOW_SCORE_70_74,096770,SK이노베이션,2026-08-31 09:21:41.921,122700.0,122822.69999999998,MAIN,MAIN,2026-08-31 09:21:41.911,,,2026-08-31 09:21:41.911,122700.0,,,False,,2026-08-31 09:21:42.063,122700.0,0.151758,0.0,-0.09990009990008569,0.0,300,300.034,123900.0,0.9779951100244498,0.8771179920324317,1.466992665036675,-0.4889975550122249,1.3656270379986906,-0.5884091458663444,COMPLETE
2026-08-31 09:26:45.856,v1.6.7,20260831_096770_SHADOW_SCORE_70_74_E002_092345784779,SHADOW_SCORE_70_74,096770,SK이노베이션,2026-08-31 09:23:45.784,123000.0,123122.99999999999,MAIN,MAIN,2026-08-31 09:23:45.774,,,2026-08-31 09:23:45.774,123000.0,,,False,,2026-08-31 09:23:45.960,123000.0,0.185755,0.0,-0.09990009990008808,0.0,180,180.072,123800.0,0.6504065040650406,0.549856647417635,1.2195121951219512,-0.24390243902439024,1.1183938013206425,-0.3435588801442342,COMPLETE
2026-08-31 09:27:16.359,v1.6.7,20260831_096770_PRE_HISTORY_E002_092416306391,PRE_HISTORY,096770,SK이노베이션,2026-08-31 09:24:16.306,123400.0,123523.39999999998,MAIN,MAIN,2026-08-31 09:24:16.282,2026-08-31 09:24:16.282,123400.0,2026-08-31 09:24:16.282,123400.0,0.0,0.0,True,20260831_096770_SHADOW_SCORE_70_74_E002_092345784779,2026-08-31 09:24:16.460,123500.0,0.178053,0.08103727714748785,-0.018943779073422227,0.08103727714748785,180,180.053,123600.0,0.1620745542949757,0.06201254175323896,0.8914100486223663,-0.24311183144246357,0.7906194291931897,-0.342769062380067,COMPLETE
2026-08-31 09:27:16.359,v1.6.7,20260831_096770_BASE_E002_092416300550,BASE,096770,SK이노베이션,2026-08-31 09:24:16.300,123400.0,123523.39999999998,MAIN,MAIN,2026-08-31 09:24:16.282,2026-08-31 09:24:16.282,123400.0,2026-08-31 09:24:16.282,123400.0,0.0,0.0,True,20260831_096770_SHADOW_SCORE_70_74_E002_092345784779,2026-08-31 09:24:16.460,123500.0,0.178053,0.08103727714748785,-0.018943779073422227,0.08103727714748785,180,180.059,123600.0,0.1620745542949757,0.06201254175323896,0.8914100486223663,-0.24311183144246357,0.7906194291931897,-0.342769062380067,COMPLETE
2026-08-31 09:27:22.257,v1.6.7,20260831_096770_LIVE_FILTER_SHADOW_E002_092422256797,LIVE_FILTER_SHADOW,096770,SK이노베이션,2026-08-31 09:24:22.256,123400.0,123523.39999999998,MAIN,MAIN,2026-08-31 09:24:16.282,2026-08-31 09:24:16.282,123400.0,2026-08-31 09:24:16.282,123400.0,0.0,0.0,True,20260831_096770_SHADOW_SCORE_70_74_E002_092345784779,2026-08-31 09:24:22.309,123600.0,6.02769,0.1620745542949757,0.06201254175323896,0.1620745542949757,180,180.001,123400.0,0.0,-0.09990009990008342,0.8914100486223663,-0.24311183144246357,0.7906194291931897,-0.342769062380067,COMPLETE
2026-08-31 09:27:34.353,v1.6.7,20260831_096770_CONFIRM_E002_092434306988,CONFIRM,096770,SK이노베이션,2026-08-31 09:24:34.306,124300.0,124424.29999999999,MAIN,MAIN,2026-08-31 09:24:34.298,2026-08-31 09:24:16.282,123400.0,2026-08-31 09:24:34.298,124300.0,18.015821,0.7293354943273878,True,20260831_096770_SHADOW_SCORE_70_74_E002_092345784779,2026-08-31 09:24:34.358,124300.0,0.060608,0.0,-0.09990009990009055,0.0,180,180.047,124400.0,0.08045052292839903,-0.019529947124467133,0.16090104585679807,-0.9654062751407884,0.06084020565115629,-1.0643419332075714,COMPLETE
2026-08-31 09:28:45.853,v1.6.7,20260831_096770_SHADOW_SCORE_70_74_E002_092345784779,SHADOW_SCORE_70_74,096770,SK이노베이션,2026-08-31 09:23:45.784,123000.0,123122.99999999999,MAIN,MAIN,2026-08-31 09:23:45.774,,,2026-08-31 09:23:45.774,123000.0,,,False,,2026-08-31 09:23:45.960,123000.0,0.185755,0.0,-0.09990009990008808,0.0,300,300.069,124300.0,1.056910569105691,0.9559546144912118,1.6260162601626018,-0.24390243902439024,1.5244917683942194,-0.3435588801442342,COMPLETE
2026-08-31 09:29:16.352,v1.6.7,20260831_096770_PRE_HISTORY_E002_092416306391,PRE_HISTORY,096770,SK이노베이션,2026-08-31 09:24:16.306,123400.0,123523.39999999998,MAIN,MAIN,2026-08-31 09:24:16.282,2026-08-31 09:24:16.282,123400.0,2026-08-31 09:24:16.282,123400.0,0.0,0.0,True,20260831_096770_SHADOW_SCORE_70_74_E002_092345784779,2026-08-31 09:24:16.460,123500.0,0.178053,0.08103727714748785,-0.018943779073422227,0.08103727714748785,300,300.046,124000.0,0.48622366288492713,0.3858378250598838,1.2965964343598055,-0.24311183144246357,1.1954010333264957,-0.342769062380067,COMPLETE
2026-08-31 09:29:16.352,v1.6.7,20260831_096770_BASE_E002_092416300550,BASE,096770,SK이노베이션,2026-08-31 09:24:16.300,123400.0,123523.39999999998,MAIN,MAIN,2026-08-31 09:24:16.282,2026-08-31 09:24:16.282,123400.0,2026-08-31 09:24:16.282,123400.0,0.0,0.0,True,20260831_096770_SHADOW_SCORE_70_74_E002_092345784779,2026-08-31 09:24:16.460,123500.0,0.178053,0.08103727714748785,-0.018943779073422227,0.08103727714748785,300,300.052,124000.0,0.48622366288492713,0.3858378250598838,1.2965964343598055,-0.24311183144246357,1.1954010333264957,-0.342769062380067,COMPLETE
2026-08-31 09:29:22.453,v1.6.7,20260831_096770_LIVE_FILTER_SHADOW_E002_092422256797,LIVE_FILTER_SHADOW,096770,SK이노베이션,2026-08-31 09:24:22.256,123400.0,123523.39999999998,MAIN,MAIN,2026-08-31 09:24:16.282,2026-08-31 09:24:16.282,123400.0,2026-08-31 09:24:16.282,123400.0,0.0,0.0,True,20260831_096770_SHADOW_SCORE_70_74_E002_092345784779,2026-08-31 09:24:22.309,123600.0,6.02769,0.1620745542949757,0.06201254175323896,0.1620745542949757,300,300.197,123900.0,0.4051863857374392,0.3048815042332226,1.2965964343598055,-0.24311183144246357,1.1954010333264957,-0.342769062380067,COMPLETE
2026-08-31 09:29:34.353,v1.6.7,20260831_096770_CONFIRM_E002_092434306988,CONFIRM,096770,SK이노베이션,2026-08-31 09:24:34.306,124300.0,124424.29999999999,MAIN,MAIN,2026-08-31 09:24:34.298,2026-08-31 09:24:16.282,123400.0,2026-08-31 09:24:34.298,124300.0,18.015821,0.7293354943273878,True,20260831_096770_SHADOW_SCORE_70_74_E002_092345784779,2026-08-31 09:24:34.358,124300.0,0.060608,0.0,-0.09990009990009055,0.0,300,300.047,123900.0,-0.32180209171359614,-0.42138071100258423,0.5631536604987932,-0.9654062751407884,0.4626909695292734,-1.0643419332075714,COMPLETE
2026-08-31 09:34:13.695,v1.6.7,20260831_024840_SHADOW_SCORE_70_74_E003_093338191759,SHADOW_SCORE_70_74,024840,KBI메탈,2026-08-31 09:33:38.191,6310.0,6316.3099999999995,MAIN,MAIN,2026-08-31 09:33:38.180,,,2026-08-31 09:33:38.180,6310.0,,,False,,,,,,,,30,35.504,6310.0,0.0,-0.09990009990009185,0.0,0.0,-0.09990009990009185,-0.09990009990009185,COMPLETE
2026-08-31 09:34:26.060,v1.6.7,20260831_003670_BASE_E003_093355950748,BASE,003670,포스코퓨처엠,2026-08-31 09:33:55.950,196100.0,196296.09999999998,MAIN,MAIN,2026-08-31 09:33:55.929,2026-08-31 09:33:55.929,196100.0,2026-08-31 09:33:55.929,196100.0,0.0,0.0,False,,2026-08-31 09:33:56.346,196100.0,0.417546,0.0,-0.09990009990008807,0.0,30,30.109,195900.0,-0.10198878123406425,-0.20178699423981258,0.10198878123406425,-0.10198878123406425,0.0019867944396364896,-0.20178699423981258,COMPLETE
2026-08-31 09:34:44.214,v1.6.7,20260831_024840_SHADOW_SCORE_70_74_E003_093338191759,SHADOW_SCORE_70_74,024840,KBI메탈,2026-08-31 09:33:38.191,6310.0,6316.3099999999995,MAIN,MAIN,2026-08-31 09:33:38.180,,,2026-08-31 09:33:38.180,6310.0,,,False,,,,,,,,60,66.023,6310.0,0.0,-0.09990009990009185,0.0,0.0,-0.09990009990009185,-0.09990009990009185,COMPLETE
2026-08-31 09:34:56.046,v1.6.7,20260831_003670_BASE_E003_093355950748,BASE,003670,포스코퓨처엠,2026-08-31 09:33:55.950,196100.0,196296.09999999998,MAIN,MAIN,2026-08-31 09:33:55.929,2026-08-31 09:33:55.929,196100.0,2026-08-31 09:33:55.929,196100.0,0.0,0.0,False,,2026-08-31 09:33:56.346,196100.0,0.417546,0.0,-0.09990009990008807,0.0,60,60.095,196800.0,0.35696073431922487,0.25670403028894784,0.407955124936257,-0.10198878123406425,0.3076474774588101,-0.20178699423981258,COMPLETE
2026-08-31 09:35:38.245,v1.6.7,20260831_024840_SHADOW_SCORE_70_74_E003_093338191759,SHADOW_SCORE_70_74,024840,KBI메탈,2026-08-31 09:33:38.191,6310.0,6316.3099999999995,MAIN,MAIN,2026-08-31 09:33:38.180,,,2026-08-31 09:33:38.180,6310.0,,,False,,2026-08-31 09:35:31.047,6290.0,112.866919,-0.31695721077654515,-0.4165406701064307,0.31695721077654515,120,120.054,6280.0,-0.4754358161648178,-0.5748609552096001,0.2377179080824089,-0.7923930269413629,0.13758032775466228,-0.891501525415939,COMPLETE
2026-08-31 09:35:56.048,v1.6.7,20260831_003670_BASE_E003_093355950748,BASE,003670,포스코퓨처엠,2026-08-31 09:33:55.950,196100.0,196296.09999999998,MAIN,MAIN,2026-08-31 09:33:55.929,2026-08-31 09:33:55.929,196100.0,2026-08-31 09:33:55.929,196100.0,0.0,0.0,False,,2026-08-31 09:33:56.346,196100.0,0.417546,0.0,-0.09990009990008807,0.0,120,120.098,196700.0,0.3059663437021928,0.20576058311908557,0.407955124936257,-0.10198878123406425,0.3076474774588101,-0.20178699423981258,COMPLETE
2026-08-31 09:35:58.943,v1.6.7,20260831_000500_SHADOW_SCORE_70_74_E002_093528860674,SHADOW_SCORE_70_74,000500,가온전선,2026-08-31 09:35:28.860,215000.0,215214.99999999997,MAIN,MAIN,2026-08-31 09:35:28.844,,,2026-08-31 09:35:28.844,215000.0,,,False,,2026-08-31 09:35:29.044,215000.0,0.200609,0.0,-0.09990009990008639,0.0,30,30.083,215000.0,0.0,-0.09990009990008639,0.0,-0.23255813953488372,-0.09990009990008639,-0.332225913621249,COMPLETE
2026-08-31 09:36:28.944,v1.6.7,20260831_000500_SHADOW_SCORE_70_74_E002_093528860674,SHADOW_SCORE_70_74,000500,가온전선,2026-08-31 09:35:28.860,215000.0,215214.99999999997,MAIN,MAIN,2026-08-31 09:35:28.844,,,2026-08-31 09:35:28.844,215000.0,,,False,,2026-08-31 09:35:29.044,215000.0,0.200609,0.0,-0.09990009990008639,0.0,60,60.083,216500.0,0.6976744186046512,0.5970773412634014,0.9302325581395349,-0.23255813953488372,0.829403154984564,-0.332225913621249,COMPLETE
2026-08-31 09:36:31.070,v1.6.7,20260831_000500_BASE_E002_093601056612,BASE,000500,가온전선,2026-08-31 09:36:01.056,215500.0,215715.49999999997,MAIN,MAIN,2026-08-31 09:36:01.029,2026-08-31 09:36:01.029,215500.0,2026-08-31 09:36:01.029,215500.0,0.0,0.0,True,20260831_000500_SHADOW_SCORE_70_74_E002_093528860674,2026-08-31 09:36:01.144,215500.0,0.114562,0.0,-0.09990009990008641,0.0,30,30.014,216500.0,0.46403712296983757,0.3636734495203308,0.6960556844547563,0.0,0.5954602242305395,-0.09990009990008641,COMPLETE
2026-08-31 09:36:38.256,v1.6.7,20260831_024840_SHADOW_SCORE_70_74_E003_093338191759,SHADOW_SCORE_70_74,024840,KBI메탈,2026-08-31 09:33:38.191,6310.0,6316.3099999999995,MAIN,MAIN,2026-08-31 09:33:38.180,,,2026-08-31 09:33:38.180,6310.0,,,False,,2026-08-31 09:35:31.047,6290.0,112.866919,-0.31695721077654515,-0.4165406701064307,0.31695721077654515,180,180.064,6210.0,-1.5847860538827259,-1.6831029509317859,0.2377179080824089,-1.7432646592709984,0.13758032775466228,-1.8414232360349554,COMPLETE
2026-08-31 09:36:45.842,v1.6.7,20260831_000500_PRE_HISTORY_E002_093615814933,PRE_HISTORY,000500,가온전선,2026-08-31 09:36:15.814,216500.0,216716.49999999997,MAIN,MAIN,2026-08-31 09:36:15.784,2026-08-31 09:36:01.029,215500.0,2026-08-31 09:36:15.784,216500.0,14.75521,0.46403712296982924,True,20260831_000500_SHADOW_SCORE_70_74_E002_093528860674,2026-08-31 09:36:15.844,216500.0,0.059624,0.0,-0.09990009990008648,0.0,30,30.028,216500.0,0.0,-0.09990009990008648,0.23094688221709006,-0.4618937644341801,0.1308160661509526,-0.5613324320021645,COMPLETE
2026-08-31 09:36:45.842,v1.6.7,20260831_000500_CONFIRM_E002_093615797713,CONFIRM,000500,가온전선,2026-08-31 09:36:15.797,216500.0,216716.49999999997,MAIN,MAIN,2026-08-31 09:36:15.784,2026-08-31 09:36:01.029,215500.0,2026-08-31 09:36:15.784,216500.0,14.75521,0.46403712296982924,True,20260831_000500_SHADOW_SCORE_70_74_E002_093528860674,2026-08-31 09:36:15.844,216500.0,0.059624,0.0,-0.09990009990008648,0.0,30,30.045,216500.0,0.0,-0.09990009990008648,0.23094688221709006,-0.4618937644341801,0.1308160661509526,-0.5613324320021645,COMPLETE
2026-08-31 09:36:56.195,v1.6.7,20260831_003670_BASE_E003_093355950748,BASE,003670,포스코퓨처엠,2026-08-31 09:33:55.950,196100.0,196296.09999999998,MAIN,MAIN,2026-08-31 09:33:55.929,2026-08-31 09:33:55.929,196100.0,2026-08-31 09:33:55.929,196100.0,0.0,0.0,False,,2026-08-31 09:33:56.346,196100.0,0.417546,0.0,-0.09990009990008807,0.0,180,180.245,196500.0,0.2039775624681285,0.10387368877936103,0.4589495155532891,-0.10198878123406425,0.35859092462867237,-0.20178699423981258,COMPLETE
2026-08-31 09:37:01.143,v1.6.7,20260831_000500_BASE_E002_093601056612,BASE,000500,가온전선,2026-08-31 09:36:01.056,215500.0,215715.49999999997,MAIN,MAIN,2026-08-31 09:36:01.029,2026-08-31 09:36:01.029,215500.0,2026-08-31 09:36:01.029,215500.0,0.0,0.0,True,20260831_000500_SHADOW_SCORE_70_74_E002_093528860674,2026-08-31 09:36:01.144,215500.0,0.114562,0.0,-0.09990009990008641,0.0,60,60.087,217500.0,0.9280742459396751,0.827246998940748,0.9280742459396751,0.0,0.827246998940748,-0.09990009990008641,COMPLETE
2026-08-31 09:37:15.847,v1.6.7,20260831_000500_PRE_HISTORY_E002_093615814933,PRE_HISTORY,000500,가온전선,2026-08-31 09:36:15.814,216500.0,216716.49999999997,MAIN,MAIN,2026-08-31 09:36:15.784,2026-08-31 09:36:01.029,215500.0,2026-08-31 09:36:15.784,216500.0,14.75521,0.46403712296982924,True,20260831_000500_SHADOW_SCORE_70_74_E002_093528860674,2026-08-31 09:36:15.844,216500.0,0.059624,0.0,-0.09990009990008648,0.0,60,60.032,218000.0,0.6928406466512702,0.5922483982530308,0.9237875288683602,-0.4618937644341801,0.8229645643040697,-0.5613324320021645,COMPLETE
2026-08-31 09:37:15.847,v1.6.7,20260831_000500_CONFIRM_E002_093615797713,CONFIRM,000500,가온전선,2026-08-31 09:36:15.797,216500.0,216716.49999999997,MAIN,MAIN,2026-08-31 09:36:15.784,2026-08-31 09:36:01.029,215500.0,2026-08-31 09:36:15.784,216500.0,14.75521,0.46403712296982924,True,20260831_000500_SHADOW_SCORE_70_74_E002_093528860674,2026-08-31 09:36:15.844,216500.0,0.059624,0.0,-0.09990009990008648,0.0,60,60.05,218000.0,0.6928406466512702,0.5922483982530308,0.9237875288683602,-0.4618937644341801,0.8229645643040697,-0.5613324320021645,COMPLETE
2026-08-31 09:37:28.886,v1.6.7,20260831_000500_SHADOW_SCORE_70_74_E002_093528860674,SHADOW_SCORE_70_74,000500,가온전선,2026-08-31 09:35:28.860,215000.0,215214.99999999997,MAIN,MAIN,2026-08-31 09:35:28.844,,,2026-08-31 09:35:28.844,215000.0,,,False,,2026-08-31 09:35:29.044,215000.0,0.200609,0.0,-0.09990009990008639,0.0,120,120.025,217500.0,1.1627906976744187,1.0617289687057265,1.627906976744186,-0.23255813953488372,1.5263805961480517,-0.332225913621249,COMPLETE
2026-08-31 09:38:01.105,v1.6.7,20260831_000500_BASE_E002_093601056612,BASE,000500,가온전선,2026-08-31 09:36:01.056,215500.0,215715.49999999997,MAIN,MAIN,2026-08-31 09:36:01.029,2026-08-31 09:36:01.029,215500.0,2026-08-31 09:36:01.029,215500.0,0.0,0.0,True,20260831_000500_SHADOW_SCORE_70_74_E002_093528860674,2026-08-31 09:36:01.144,215500.0,0.114562,0.0,-0.09990009990008641,0.0,120,120.049,217000.0,0.6960556844547563,0.5954602242305395,1.3921113689095126,0.0,1.2908205483611652,-0.09990009990008641,COMPLETE
2026-08-31 09:38:15.882,v1.6.7,20260831_000500_PRE_HISTORY_E002_093615814933,PRE_HISTORY,000500,가온전선,2026-08-31 09:36:15.814,216500.0,216716.49999999997,MAIN,MAIN,2026-08-31 09:36:15.784,2026-08-31 09:36:01.029,215500.0,2026-08-31 09:36:15.784,216500.0,14.75521,0.46403712296982924,True,20260831_000500_SHADOW_SCORE_70_74_E002_093528860674,2026-08-31 09:36:15.844,216500.0,0.059624,0.0,-0.09990009990008648,0.0,120,120.068,216000.0,-0.23094688221709006,-0.33061626595112553,0.9237875288683602,-0.4618937644341801,0.8229645643040697,-0.5613324320021645,COMPLETE
2026-08-31 09:38:15.882,v1.6.7,20260831_000500_CONFIRM_E002_093615797713,CONFIRM,000500,가온전선,2026-08-31 09:36:15.797,216500.0,216716.49999999997,MAIN,MAIN,2026-08-31 09:36:15.784,2026-08-31 09:36:01.029,215500.0,2026-08-31 09:36:15.784,216500.0,14.75521,0.46403712296982924,True,20260831_000500_SHADOW_SCORE_70_74_E002_093528860674,2026-08-31 09:36:15.844,216500.0,0.059624,0.0,-0.09990009990008648,0.0,120,120.085,216000.0,-0.23094688221709006,-0.33061626595112553,0.9237875288683602,-0.4618937644341801,0.8229645643040697,-0.5613324320021645,COMPLETE
2026-08-31 09:38:28.944,v1.6.7,20260831_000500_SHADOW_SCORE_70_74_E002_093528860674,SHADOW_SCORE_70_74,000500,가온전선,2026-08-31 09:35:28.860,215000.0,215214.99999999997,MAIN,MAIN,2026-08-31 09:35:28.844,,,2026-08-31 09:35:28.844,215000.0,,,False,,2026-08-31 09:35:29.044,215000.0,0.200609,0.0,-0.09990009990008639,0.0,180,180.084,216500.0,0.6976744186046512,0.5970773412634014,1.627906976744186,-0.23255813953488372,1.5263805961480517,-0.332225913621249,COMPLETE
2026-08-31 09:38:38.348,v1.6.7,20260831_024840_SHADOW_SCORE_70_74_E003_093338191759,SHADOW_SCORE_70_74,024840,KBI메탈,2026-08-31 09:33:38.191,6310.0,6316.3099999999995,MAIN,MAIN,2026-08-31 09:33:38.180,,,2026-08-31 09:33:38.180,6310.0,,,False,,2026-08-31 09:35:31.047,6290.0,112.866919,-0.31695721077654515,-0.4165406701064307,0.31695721077654515,300,300.157,6140.0,-2.694136291600634,-2.791344946653972,0.2377179080824089,-3.011093502377179,0.13758032775466228,-3.107985516860311,COMPLETE
2026-08-31 09:38:56.346,v1.6.7,20260831_003670_BASE_E003_093355950748,BASE,003670,포스코퓨처엠,2026-08-31 09:33:55.950,196100.0,196296.09999999998,MAIN,MAIN,2026-08-31 09:33:55.929,2026-08-31 09:33:55.929,196100.0,2026-08-31 09:33:55.929,196100.0,0.0,0.0,False,,2026-08-31 09:33:56.346,196100.0,0.417546,0.0,-0.09990009990008807,0.0,300,300.396,196000.0,-0.05099439061703213,-0.15084354706995032,0.4589495155532891,-0.2039775624681285,0.35859092462867237,-0.30367388857953714,COMPLETE
2026-08-31 09:39:01.142,v1.6.7,20260831_000500_BASE_E002_093601056612,BASE,000500,가온전선,2026-08-31 09:36:01.056,215500.0,215715.49999999997,MAIN,MAIN,2026-08-31 09:36:01.029,2026-08-31 09:36:01.029,215500.0,2026-08-31 09:36:01.029,215500.0,0.0,0.0,True,20260831_000500_SHADOW_SCORE_70_74_E002_093528860674,2026-08-31 09:36:01.144,215500.0,0.114562,0.0,-0.09990009990008641,0.0,180,180.086,215500.0,0.0,-0.09990009990008641,1.3921113689095126,0.0,1.2908205483611652,-0.09990009990008641,COMPLETE
2026-08-31 09:39:15.840,v1.6.7,20260831_000500_PRE_HISTORY_E002_093615814933,PRE_HISTORY,000500,가온전선,2026-08-31 09:36:15.814,216500.0,216716.49999999997,MAIN,MAIN,2026-08-31 09:36:15.784,2026-08-31 09:36:01.029,215500.0,2026-08-31 09:36:15.784,216500.0,14.75521,0.46403712296982924,True,20260831_000500_SHADOW_SCORE_70_74_E002_093528860674,2026-08-31 09:36:15.844,216500.0,0.059624,0.0,-0.09990009990008648,0.0,180,180.025,215000.0,-0.6928406466512702,-0.7920485980532037,0.9237875288683602,-0.6928406466512702,0.8229645643040697,-0.7920485980532037,COMPLETE
2026-08-31 09:39:15.840,v1.6.7,20260831_000500_CONFIRM_E002_093615797713,CONFIRM,000500,가온전선,2026-08-31 09:36:15.797,216500.0,216716.49999999997,MAIN,MAIN,2026-08-31 09:36:15.784,2026-08-31 09:36:01.029,215500.0,2026-08-31 09:36:15.784,216500.0,14.75521,0.46403712296982924,True,20260831_000500_SHADOW_SCORE_70_74_E002_093528860674,2026-08-31 09:36:15.844,216500.0,0.059624,0.0,-0.09990009990008648,0.0,180,180.043,215000.0,-0.6928406466512702,-0.7920485980532037,0.9237875288683602,-0.6928406466512702,0.8229645643040697,-0.7920485980532037,COMPLETE
2026-08-31 09:40:29.157,v1.6.7,20260831_000500_SHADOW_SCORE_70_74_E002_093528860674,SHADOW_SCORE_70_74,000500,가온전선,2026-08-31 09:35:28.860,215000.0,215214.99999999997,MAIN,MAIN,2026-08-31 09:35:28.844,,,2026-08-31 09:35:28.844,215000.0,,,False,,2026-08-31 09:35:29.044,215000.0,0.200609,0.0,-0.09990009990008639,0.0,300,300.297,214000.0,-0.46511627906976744,-0.5645517273424115,1.627906976744186,-1.3953488372093024,1.5263805961480517,-1.493854982227062,COMPLETE
2026-08-31 09:41:01.340,v1.6.7,20260831_000500_BASE_E002_093601056612,BASE,000500,가온전선,2026-08-31 09:36:01.056,215500.0,215715.49999999997,MAIN,MAIN,2026-08-31 09:36:01.029,2026-08-31 09:36:01.029,215500.0,2026-08-31 09:36:01.029,215500.0,0.0,0.0,True,20260831_000500_SHADOW_SCORE_70_74_E002_093528860674,2026-08-31 09:36:01.144,215500.0,0.114562,0.0,-0.09990009990008641,0.0,300,300.284,212500.0,-1.3921113689095126,-1.490620748161338,1.3921113689095126,-1.6241299303944314,1.2908205483611652,-1.722407522871547,COMPLETE
2026-08-31 09:41:15.839,v1.6.7,20260831_000500_PRE_HISTORY_E002_093615814933,PRE_HISTORY,000500,가온전선,2026-08-31 09:36:15.814,216500.0,216716.49999999997,MAIN,MAIN,2026-08-31 09:36:15.784,2026-08-31 09:36:01.029,215500.0,2026-08-31 09:36:15.784,216500.0,14.75521,0.46403712296982924,True,20260831_000500_SHADOW_SCORE_70_74_E002_093528860674,2026-08-31 09:36:15.844,216500.0,0.059624,0.0,-0.09990009990008648,0.0,300,300.025,212000.0,-2.0785219399538106,-2.176345594359438,0.9237875288683602,-2.0785219399538106,0.8229645643040697,-2.176345594359438,COMPLETE
2026-08-31 09:41:15.839,v1.6.7,20260831_000500_CONFIRM_E002_093615797713,CONFIRM,000500,가온전선,2026-08-31 09:36:15.797,216500.0,216716.49999999997,MAIN,MAIN,2026-08-31 09:36:15.784,2026-08-31 09:36:01.029,215500.0,2026-08-31 09:36:15.784,216500.0,14.75521,0.46403712296982924,True,20260831_000500_SHADOW_SCORE_70_74_E002_093528860674,2026-08-31 09:36:15.844,216500.0,0.059624,0.0,-0.09990009990008648,0.0,300,300.042,212000.0,-2.0785219399538106,-2.176345594359438,0.9237875288683602,-2.0785219399538106,0.8229645643040697,-2.176345594359438,COMPLETE
2026-08-31 09:49:53.231,v1.6.7,20260831_002990_BASE_E002_094923222133,BASE,002990,금호건설,2026-08-31 09:49:23.222,17970.0,17987.969999999998,MAIN,MAIN,2026-08-31 09:49:23.190,2026-08-31 09:49:23.190,17970.0,2026-08-31 09:49:23.190,17970.0,0.0,0.0,False,,2026-08-31 09:49:23.330,17970.0,0.140817,0.0,-0.09990009990008615,0.0,30,30.01,18030.0,0.333889816360601,0.2336561602004144,0.7234279354479688,-0.05564830272676684,0.622805130317665,-0.15549280991683626,COMPLETE
2026-08-31 09:50:23.230,v1.6.7,20260831_002990_BASE_E002_094923222133,BASE,002990,금호건설,2026-08-31 09:49:23.222,17970.0,17987.969999999998,MAIN,MAIN,2026-08-31 09:49:23.190,2026-08-31 09:49:23.190,17970.0,2026-08-31 09:49:23.190,17970.0,0.0,0.0,False,,2026-08-31 09:49:23.330,17970.0,0.140817,0.0,-0.09990009990008615,0.0,60,60.008,17750.0,-1.2242626599888704,-1.3229397202685882,0.7234279354479688,-1.279910962715637,0.622805130317665,-1.3785324302853383,COMPLETE
2026-08-31 09:51:23.229,v1.6.7,20260831_002990_BASE_E002_094923222133,BASE,002990,금호건설,2026-08-31 09:49:23.222,17970.0,17987.969999999998,MAIN,MAIN,2026-08-31 09:49:23.190,2026-08-31 09:49:23.190,17970.0,2026-08-31 09:49:23.190,17970.0,0.0,0.0,False,,2026-08-31 09:49:23.330,17970.0,0.140817,0.0,-0.09990009990008615,0.0,120,120.008,17800.0,-0.9460211463550361,-1.0449761701848377,0.7234279354479688,-1.725097384529772,0.622805130317665,-1.823274110419339,COMPLETE
2026-08-31 09:52:23.329,v1.6.7,20260831_002990_BASE_E002_094923222133,BASE,002990,금호건설,2026-08-31 09:49:23.222,17970.0,17987.969999999998,MAIN,MAIN,2026-08-31 09:49:23.190,2026-08-31 09:49:23.190,17970.0,2026-08-31 09:49:23.190,17970.0,0.0,0.0,False,,2026-08-31 09:49:23.330,17970.0,0.140817,0.0,-0.09990009990008615,0.0,180,180.108,17830.0,-0.7790762381747357,-0.8781980401345875,0.7234279354479688,-1.725097384529772,0.622805130317665,-1.823274110419339,COMPLETE
2026-08-31 09:54:03.827,v1.6.7,20260831_000500_BASE_E003_095333583540,BASE,000500,가온전선,2026-08-31 09:53:33.583,214000.0,214213.99999999997,MAIN,MAIN,2026-08-31 09:53:33.565,2026-08-31 09:53:33.565,214000.0,2026-08-31 09:53:33.565,214000.0,0.0,0.0,False,,2026-08-31 09:53:33.828,214500.0,0.263028,0.23364485981308408,0.1335113484646331,0.23364485981308408,30,30.244,213000.0,-0.46728971962616817,-0.5667229966295252,0.23364485981308408,-0.7009345794392523,0.1335113484646331,-0.8001344449942447,COMPLETE
2026-08-31 09:54:23.227,v1.6.7,20260831_002990_BASE_E002_094923222133,BASE,002990,금호건설,2026-08-31 09:49:23.222,17970.0,17987.969999999998,MAIN,MAIN,2026-08-31 09:49:23.190,2026-08-31 09:49:23.190,17970.0,2026-08-31 09:49:23.190,17970.0,0.0,0.0,False,,2026-08-31 09:49:23.330,17970.0,0.140817,0.0,-0.09990009990008615,0.0,300,300.005,17660.0,-1.725097384529772,-1.823274110419339,0.7234279354479688,-2.2815804117974405,0.622805130317665,-2.3792012105868396,COMPLETE
2026-08-31 09:54:35.128,v1.6.7,20260831_000500_BASE_E003_095333583540,BASE,000500,가온전선,2026-08-31 09:53:33.583,214000.0,214213.99999999997,MAIN,MAIN,2026-08-31 09:53:33.565,2026-08-31 09:53:33.565,214000.0,2026-08-31 09:53:33.565,214000.0,0.0,0.0,False,,2026-08-31 09:53:33.828,214500.0,0.263028,0.23364485981308408,0.1335113484646331,0.23364485981308408,60,61.545,213000.0,-0.46728971962616817,-0.5667229966295252,0.23364485981308408,-0.7009345794392523,0.1335113484646331,-0.8001344449942447,COMPLETE
2026-08-31 09:55:33.826,v1.6.7,20260831_000500_BASE_E003_095333583540,BASE,000500,가온전선,2026-08-31 09:53:33.583,214000.0,214213.99999999997,MAIN,MAIN,2026-08-31 09:53:33.565,2026-08-31 09:53:33.565,214000.0,2026-08-31 09:53:33.565,214000.0,0.0,0.0,False,,2026-08-31 09:53:33.828,214500.0,0.263028,0.23364485981308408,0.1335113484646331,0.23364485981308408,120,120.242,213000.0,-0.46728971962616817,-0.5667229966295252,0.23364485981308408,-0.7009345794392523,0.1335113484646331,-0.8001344449942447,COMPLETE
2026-08-31 09:56:33.825,v1.6.7,20260831_000500_BASE_E003_095333583540,BASE,000500,가온전선,2026-08-31 09:53:33.583,214000.0,214213.99999999997,MAIN,MAIN,2026-08-31 09:53:33.565,2026-08-31 09:53:33.565,214000.0,2026-08-31 09:53:33.565,214000.0,0.0,0.0,False,,2026-08-31 09:53:33.828,214500.0,0.263028,0.23364485981308408,0.1335113484646331,0.23364485981308408,180,180.242,212500.0,-0.7009345794392523,-0.8001344449942447,0.23364485981308408,-0.7009345794392523,0.1335113484646331,-0.8001344449942447,COMPLETE
2026-08-31 09:58:35.025,v1.6.7,20260831_000500_BASE_E003_095333583540,BASE,000500,가온전선,2026-08-31 09:53:33.583,214000.0,214213.99999999997,MAIN,MAIN,2026-08-31 09:53:33.565,2026-08-31 09:53:33.565,214000.0,2026-08-31 09:53:33.565,214000.0,0.0,0.0,False,,2026-08-31 09:53:33.828,214500.0,0.263028,0.23364485981308408,0.1335113484646331,0.23364485981308408,300,301.442,212000.0,-0.9345794392523363,-1.033545893358964,0.23364485981308408,-0.9345794392523363,0.1335113484646331,-1.033545893358964,COMPLETE
2026-08-31 10:01:15.441,v1.6.7,20260831_067290_SHADOW_SCORE_70_74_E004_100045340060,SHADOW_SCORE_70_74,067290,JW신약,2026-08-31 10:00:45.340,2485.0,2487.4849999999997,MAIN,MAIN,2026-08-31 10:00:45.307,,,2026-08-31 10:00:45.307,2485.0,,,False,,2026-08-31 10:00:45.420,2485.0,0.113567,0.0,-0.09990009990008676,0.0,30,30.101,2470.0,-0.6036217303822937,-0.70291881157071,0.2012072434607646,-0.8048289738430584,0.10110613732345433,-0.903925048794251,COMPLETE
2026-08-31 10:01:45.420,v1.6.7,20260831_067290_SHADOW_SCORE_70_74_E004_100045340060,SHADOW_SCORE_70_74,067290,JW신약,2026-08-31 10:00:45.340,2485.0,2487.4849999999997,MAIN,MAIN,2026-08-31 10:00:45.307,,,2026-08-31 10:00:45.307,2485.0,,,False,,2026-08-31 10:00:45.420,2485.0,0.113567,0.0,-0.09990009990008676,0.0,60,60.08,2475.0,-0.4024144869215292,-0.5019125743471688,0.2012072434607646,-1.0060362173038229,0.10110613732345433,-1.104931286017792,COMPLETE
2026-08-31 10:02:45.521,v1.6.7,20260831_067290_SHADOW_SCORE_70_74_E004_100045340060,SHADOW_SCORE_70_74,067290,JW신약,2026-08-31 10:00:45.340,2485.0,2487.4849999999997,MAIN,MAIN,2026-08-31 10:00:45.307,,,2026-08-31 10:00:45.307,2485.0,,,False,,2026-08-31 10:00:45.420,2485.0,0.113567,0.0,-0.09990009990008676,0.0,120,120.181,2470.0,-0.6036217303822937,-0.70291881157071,0.2012072434607646,-1.4084507042253522,0.10110613732345433,-1.5069437604648743,COMPLETE
2026-08-31 10:02:47.522,v1.6.7,20260831_067290_SHADOW_SCORE_70_74_E005_100217509090,SHADOW_SCORE_70_74,067290,JW신약,2026-08-31 10:02:17.509,2475.0,2477.475,MAIN,MAIN,2026-08-31 10:02:17.494,,,2026-08-31 10:02:17.494,2475.0,,,False,,2026-08-31 10:02:17.521,2475.0,0.027422,0.0,-0.09990009990009624,0.0,30,30.013,2470.0,-0.20202020202020202,-0.3017184835366617,0.20202020202020202,-0.6060606060606061,0.10191828373646923,-0.7053552508097926,COMPLETE
2026-08-31 10:03:17.521,v1.6.7,20260831_067290_SHADOW_SCORE_70_74_E005_100217509090,SHADOW_SCORE_70_74,067290,JW신약,2026-08-31 10:02:17.509,2475.0,2477.475,MAIN,MAIN,2026-08-31 10:02:17.494,,,2026-08-31 10:02:17.494,2475.0,,,False,,2026-08-31 10:02:17.521,2475.0,0.027422,0.0,-0.09990009990009624,0.0,60,60.012,2472.0,-0.12121212121212122,-0.2209911300820355,0.8080808080808081,-0.6060606060606061,0.7073734346461656,-0.7053552508097926,COMPLETE
2026-08-31 10:03:45.419,v1.6.7,20260831_067290_SHADOW_SCORE_70_74_E004_100045340060,SHADOW_SCORE_70_74,067290,JW신약,2026-08-31 10:00:45.340,2485.0,2487.4849999999997,MAIN,MAIN,2026-08-31 10:00:45.307,,,2026-08-31 10:00:45.307,2485.0,,,False,,2026-08-31 10:00:45.420,2485.0,0.113567,0.0,-0.09990009990008676,0.0,180,180.079,2480.0,-0.2012072434607646,-0.30090633712362785,0.4024144869215292,-1.4084507042253522,0.3021123745469954,-1.5069437604648743,COMPLETE
2026-08-31 10:04:17.820,v1.6.7,20260831_067290_SHADOW_SCORE_70_74_E005_100217509090,SHADOW_SCORE_70_74,067290,JW신약,2026-08-31 10:02:17.509,2475.0,2477.475,MAIN,MAIN,2026-08-31 10:02:17.494,,,2026-08-31 10:02:17.494,2475.0,,,False,,2026-08-31 10:02:17.521,2475.0,0.027422,0.0,-0.09990009990009624,0.0,120,120.311,2485.0,0.40404040404040403,0.3037366673730347,0.8080808080808081,-0.6060606060606061,0.7073734346461656,-0.7053552508097926,COMPLETE
2026-08-31 10:05:17.517,v1.6.7,20260831_067290_SHADOW_SCORE_70_74_E005_100217509090,SHADOW_SCORE_70_74,067290,JW신약,2026-08-31 10:02:17.509,2475.0,2477.475,MAIN,MAIN,2026-08-31 10:02:17.494,,,2026-08-31 10:02:17.494,2475.0,,,False,,2026-08-31 10:02:17.521,2475.0,0.027422,0.0,-0.09990009990009624,0.0,180,180.009,2475.0,0.0,-0.09990009990009624,0.8080808080808081,-0.6060606060606061,0.7073734346461656,-0.7053552508097926,COMPLETE
2026-08-31 10:05:45.418,v1.6.7,20260831_067290_SHADOW_SCORE_70_74_E004_100045340060,SHADOW_SCORE_70_74,067290,JW신약,2026-08-31 10:00:45.340,2485.0,2487.4849999999997,MAIN,MAIN,2026-08-31 10:00:45.307,,,2026-08-31 10:00:45.307,2485.0,,,False,,2026-08-31 10:00:45.420,2485.0,0.113567,0.0,-0.09990009990008676,0.0,300,300.079,2490.0,0.2012072434607646,0.10110613732345433,0.4024144869215292,-1.4084507042253522,0.3021123745469954,-1.5069437604648743,COMPLETE
2026-08-31 10:07:17.518,v1.6.7,20260831_067290_SHADOW_SCORE_70_74_E005_100217509090,SHADOW_SCORE_70_74,067290,JW신약,2026-08-31 10:02:17.509,2475.0,2477.475,MAIN,MAIN,2026-08-31 10:02:17.494,,,2026-08-31 10:02:17.494,2475.0,,,False,,2026-08-31 10:02:17.521,2475.0,0.027422,0.0,-0.09990009990009624,0.0,300,300.009,2475.0,0.0,-0.09990009990009624,1.0101010101010102,-0.6060606060606061,0.9091918182827311,-0.7053552508097926,COMPLETE
2026-08-31 10:20:44.309,v1.6.7,20260831_476060_SHADOW_SCORE_70_74_E001_102014262910,SHADOW_SCORE_70_74,476060,온코닉테라퓨틱스,2026-08-31 10:20:14.262,15740.0,15755.739999999998,MAIN,MAIN,2026-08-31 10:20:14.236,,,2026-08-31 10:20:14.236,15740.0,,,False,,2026-08-31 10:20:14.509,15720.0,0.273737,-0.12706480304955528,-0.2268379650844579,0.12706480304955528,30,30.046,15660.0,-0.5082592121982211,-0.6076515606375706,0.0,-0.6353240152477764,-0.09990009990008697,-0.7345894258219415,COMPLETE
2026-08-31 10:21:14.307,v1.6.7,20260831_476060_SHADOW_SCORE_70_74_E001_102014262910,SHADOW_SCORE_70_74,476060,온코닉테라퓨틱스,2026-08-31 10:20:14.262,15740.0,15755.739999999998,MAIN,MAIN,2026-08-31 10:20:14.236,,,2026-08-31 10:20:14.236,15740.0,,,False,,2026-08-31 10:20:14.509,15720.0,0.273737,-0.12706480304955528,-0.2268379650844579,0.12706480304955528,60,60.044,15800.0,0.3811944091486658,0.28091349565302576,0.3811944091486658,-0.9529860228716646,0.28091349565302576,-1.051934088782869,COMPLETE
2026-08-31 10:22:14.307,v1.6.7,20260831_476060_SHADOW_SCORE_70_74_E001_102014262910,SHADOW_SCORE_70_74,476060,온코닉테라퓨틱스,2026-08-31 10:20:14.262,15740.0,15755.739999999998,MAIN,MAIN,2026-08-31 10:20:14.236,,,2026-08-31 10:20:14.236,15740.0,,,False,,2026-08-31 10:20:14.509,15720.0,0.273737,-0.12706480304955528,-0.2268379650844579,0.12706480304955528,120,120.044,15950.0,1.3341804320203303,1.2329474845358077,1.3977128335451081,-0.9529860228716646,1.296416417127993,-1.051934088782869,COMPLETE
2026-08-31 10:23:14.305,v1.6.7,20260831_476060_SHADOW_SCORE_70_74_E001_102014262910,SHADOW_SCORE_70_74,476060,온코닉테라퓨틱스,2026-08-31 10:20:14.262,15740.0,15755.739999999998,MAIN,MAIN,2026-08-31 10:20:14.236,,,2026-08-31 10:20:14.236,15740.0,,,False,,2026-08-31 10:20:14.509,15720.0,0.273737,-0.12706480304955528,-0.2268379650844579,0.12706480304955528,180,180.043,16200.0,2.9224904701397714,2.819670799340444,2.9860228716645487,-0.9529860228716646,2.8831397319326295,-1.051934088782869,COMPLETE
2026-08-31 10:24:37.706,v1.6.7,20260831_476060_BASE_E001_102407672136,BASE,476060,온코닉테라퓨틱스,2026-08-31 10:24:07.672,16290.0,16306.289999999999,MAIN,MAIN,2026-08-31 10:24:07.628,2026-08-31 10:24:07.628,16290.0,2026-08-31 10:24:07.628,16290.0,0.0,0.0,True,20260831_476060_SHADOW_SCORE_70_74_E001_102014262910,2026-08-31 10:24:07.705,16290.0,0.076496,0.0,-0.09990009990009412,0.0,30,30.034,16230.0,-0.3683241252302026,-0.46785626896123556,0.12277470841006752,-0.6138735420503376,0.022751956453619715,-0.7131603816686631,COMPLETE
2026-08-31 10:25:07.706,v1.6.7,20260831_476060_BASE_E001_102407672136,BASE,476060,온코닉테라퓨틱스,2026-08-31 10:24:07.672,16290.0,16306.289999999999,MAIN,MAIN,2026-08-31 10:24:07.628,2026-08-31 10:24:07.628,16290.0,2026-08-31 10:24:07.628,16290.0,0.0,0.0,True,20260831_476060_SHADOW_SCORE_70_74_E001_102014262910,2026-08-31 10:24:07.705,16290.0,0.076496,0.0,-0.09990009990009412,0.0,60,60.034,16230.0,-0.3683241252302026,-0.46785626896123556,0.3069367710251688,-0.6138735420503376,0.20673004098419046,-0.7131603816686631,COMPLETE
2026-08-31 10:25:14.305,v1.6.7,20260831_476060_SHADOW_SCORE_70_74_E001_102014262910,SHADOW_SCORE_70_74,476060,온코닉테라퓨틱스,2026-08-31 10:20:14.262,15740.0,15755.739999999998,MAIN,MAIN,2026-08-31 10:20:14.236,,,2026-08-31 10:20:14.236,15740.0,,,False,,2026-08-31 10:20:14.509,15720.0,0.273737,-0.12706480304955528,-0.2268379650844579,0.12706480304955528,300,300.043,16210.0,2.9860228716645487,2.8831397319326295,3.8119440914866582,-0.9529860228716646,3.7082358556310404,-1.051934088782869,COMPLETE
2026-08-31 10:26:07.705,v1.6.7,20260831_476060_BASE_E001_102407672136,BASE,476060,온코닉테라퓨틱스,2026-08-31 10:24:07.672,16290.0,16306.289999999999,MAIN,MAIN,2026-08-31 10:24:07.628,2026-08-31 10:24:07.628,16290.0,2026-08-31 10:24:07.628,16290.0,0.0,0.0,True,20260831_476060_SHADOW_SCORE_70_74_E001_102014262910,2026-08-31 10:24:07.705,16290.0,0.076496,0.0,-0.09990009990009412,0.0,120,120.033,16670.0,2.332719459791283,2.2304889708204683,2.7624309392265194,-0.6138735420503376,2.659771168058467,-0.7131603816686631,COMPLETE
2026-08-31 10:27:07.704,v1.6.7,20260831_476060_BASE_E001_102407672136,BASE,476060,온코닉테라퓨틱스,2026-08-31 10:24:07.672,16290.0,16306.289999999999,MAIN,MAIN,2026-08-31 10:24:07.628,2026-08-31 10:24:07.628,16290.0,2026-08-31 10:24:07.628,16290.0,0.0,0.0,True,20260831_476060_SHADOW_SCORE_70_74_E001_102014262910,2026-08-31 10:24:07.705,16290.0,0.076496,0.0,-0.09990009990009412,0.0,180,180.032,16640.0,2.148557397176182,2.0465108862898975,2.7624309392265194,-0.6138735420503376,2.659771168058467,-0.7131603816686631,COMPLETE
2026-08-31 10:29:08.003,v1.6.7,20260831_476060_BASE_E001_102407672136,BASE,476060,온코닉테라퓨틱스,2026-08-31 10:24:07.672,16290.0,16306.289999999999,MAIN,MAIN,2026-08-31 10:24:07.628,2026-08-31 10:24:07.628,16290.0,2026-08-31 10:24:07.628,16290.0,0.0,0.0,True,20260831_476060_SHADOW_SCORE_70_74_E001_102014262910,2026-08-31 10:24:07.705,16290.0,0.076496,0.0,-0.09990009990009412,0.0,300,300.331,16470.0,1.1049723756906076,1.0039684072833301,2.7624309392265194,-0.6138735420503376,2.659771168058467,-0.7131603816686631,COMPLETE
2026-08-31 10:36:15.197,v1.6.7,20260831_476060_BASE_E003_103545194947,BASE,476060,온코닉테라퓨틱스,2026-08-31 10:35:45.194,17170.0,17187.17,MAIN,MAIN,2026-08-31 10:35:45.179,2026-08-31 10:35:45.179,17170.0,2026-08-31 10:35:45.179,17170.0,0.0,0.0,False,,2026-08-31 10:35:45.199,17160.0,0.019705,-0.05824111822947001,-0.1580830351942656,0.05824111822947001,30,30.002,17080.0,-0.52417006406523,-0.6235465175476722,0.05824111822947001,-0.64065230052417,-0.04171716460591392,-0.739912388136024,COMPLETE
2026-08-31 10:36:15.203,v1.6.7,20260831_476060_PRE_HISTORY_E003_103545201575,PRE_HISTORY,476060,온코닉테라퓨틱스,2026-08-31 10:35:45.201,17170.0,17187.17,MAIN,MAIN,2026-08-31 10:35:45.179,2026-08-31 10:35:45.179,17170.0,2026-08-31 10:35:45.179,17170.0,0.0,0.0,False,,2026-08-31 10:35:45.300,17160.0,0.121321,-0.05824111822947001,-0.1580830351942656,0.05824111822947001,30,30.002,17080.0,-0.52417006406523,-0.6235465175476722,0.05824111822947001,-0.64065230052417,-0.04171716460591392,-0.739912388136024,COMPLETE
2026-08-31 10:36:45.199,v1.6.7,20260831_476060_BASE_E003_103545194947,BASE,476060,온코닉테라퓨틱스,2026-08-31 10:35:45.194,17170.0,17187.17,MAIN,MAIN,2026-08-31 10:35:45.179,2026-08-31 10:35:45.179,17170.0,2026-08-31 10:35:45.179,17170.0,0.0,0.0,False,,2026-08-31 10:35:45.199,17160.0,0.019705,-0.05824111822947001,-0.1580830351942656,0.05824111822947001,60,60.005,17250.0,0.46592894583576006,0.36556338245331693,0.7571345369831101,-0.64065230052417,0.6564780589241961,-0.739912388136024,COMPLETE
2026-08-31 10:36:45.212,v1.6.7,20260831_476060_PRE_HISTORY_E003_103545201575,PRE_HISTORY,476060,온코닉테라퓨틱스,2026-08-31 10:35:45.201,17170.0,17187.17,MAIN,MAIN,2026-08-31 10:35:45.179,2026-08-31 10:35:45.179,17170.0,2026-08-31 10:35:45.179,17170.0,0.0,0.0,False,,2026-08-31 10:35:45.300,17160.0,0.121321,-0.05824111822947001,-0.1580830351942656,0.05824111822947001,60,60.011,17240.0,0.4076878276062901,0.30738044715914115,0.7571345369831101,-0.64065230052417,0.6564780589241961,-0.739912388136024,COMPLETE
2026-08-31 10:37:45.300,v1.6.7,20260831_476060_BASE_E003_103545194947,BASE,476060,온코닉테라퓨틱스,2026-08-31 10:35:45.194,17170.0,17187.17,MAIN,MAIN,2026-08-31 10:35:45.179,2026-08-31 10:35:45.179,17170.0,2026-08-31 10:35:45.179,17170.0,0.0,0.0,False,,2026-08-31 10:35:45.199,17160.0,0.019705,-0.05824111822947001,-0.1580830351942656,0.05824111822947001,120,120.106,17280.0,0.64065230052417,0.5401121883358445,0.9318578916715201,-0.64065230052417,0.8310268648067236,-0.739912388136024,COMPLETE
2026-08-31 10:37:45.300,v1.6.7,20260831_476060_PRE_HISTORY_E003_103545201575,PRE_HISTORY,476060,온코닉테라퓨틱스,2026-08-31 10:35:45.201,17170.0,17187.17,MAIN,MAIN,2026-08-31 10:35:45.179,2026-08-31 10:35:45.179,17170.0,2026-08-31 10:35:45.179,17170.0,0.0,0.0,False,,2026-08-31 10:35:45.300,17160.0,0.121321,-0.05824111822947001,-0.1580830351942656,0.05824111822947001,120,120.099,17280.0,0.64065230052417,0.5401121883358445,0.9318578916715201,-0.64065230052417,0.8310268648067236,-0.739912388136024,COMPLETE
2026-08-31 10:38:45.197,v1.6.7,20260831_476060_BASE_E003_103545194947,BASE,476060,온코닉테라퓨틱스,2026-08-31 10:35:45.194,17170.0,17187.17,MAIN,MAIN,2026-08-31 10:35:45.179,2026-08-31 10:35:45.179,17170.0,2026-08-31 10:35:45.179,17170.0,0.0,0.0,False,,2026-08-31 10:35:45.199,17160.0,0.019705,-0.05824111822947001,-0.1580830351942656,0.05824111822947001,180,180.002,17210.0,0.23296447291788003,0.1328316412766136,0.9318578916715201,-0.64065230052417,0.8310268648067236,-0.739912388136024,COMPLETE
2026-08-31 10:38:45.201,v1.6.7,20260831_476060_PRE_HISTORY_E003_103545201575,PRE_HISTORY,476060,온코닉테라퓨틱스,2026-08-31 10:35:45.201,17170.0,17187.17,MAIN,MAIN,2026-08-31 10:35:45.179,2026-08-31 10:35:45.179,17170.0,2026-08-31 10:35:45.179,17170.0,0.0,0.0,False,,2026-08-31 10:35:45.300,17160.0,0.121321,-0.05824111822947001,-0.1580830351942656,0.05824111822947001,180,180.0,17220.0,0.29120559114735,0.19101457657078943,0.9318578916715201,-0.64065230052417,0.8310268648067236,-0.739912388136024,COMPLETE
2026-08-31 10:40:45.195,v1.6.7,20260831_476060_BASE_E003_103545194947,BASE,476060,온코닉테라퓨틱스,2026-08-31 10:35:45.194,17170.0,17187.17,MAIN,MAIN,2026-08-31 10:35:45.179,2026-08-31 10:35:45.179,17170.0,2026-08-31 10:35:45.179,17170.0,0.0,0.0,False,,2026-08-31 10:35:45.199,17160.0,0.019705,-0.05824111822947001,-0.1580830351942656,0.05824111822947001,300,300.001,17670.0,2.9120559114735003,2.809246664808702,3.0867792661619107,-0.64065230052417,2.9837954706912297,-0.739912388136024,COMPLETE
2026-08-31 10:40:45.201,v1.6.7,20260831_476060_PRE_HISTORY_E003_103545201575,PRE_HISTORY,476060,온코닉테라퓨틱스,2026-08-31 10:35:45.201,17170.0,17187.17,MAIN,MAIN,2026-08-31 10:35:45.179,2026-08-31 10:35:45.179,17170.0,2026-08-31 10:35:45.179,17170.0,0.0,0.0,False,,2026-08-31 10:35:45.300,17160.0,0.121321,-0.05824111822947001,-0.1580830351942656,0.05824111822947001,300,300.0,17680.0,2.9702970297029703,2.867429600102878,3.0867792661619107,-0.64065230052417,2.9837954706912297,-0.739912388136024,COMPLETE
2026-08-31 10:53:52.889,v1.6.7,20260831_0155E0_SHADOW_SCORE_70_74_E002_105322888840,SHADOW_SCORE_70_74,0155E0,해치텍,2026-08-31 10:53:22.888,16180.0,16196.179999999998,MAIN,MAIN,2026-08-31 10:53:22.871,,,2026-08-31 10:53:22.871,16180.0,,,False,,2026-08-31 10:53:22.991,16170.0,0.119165,-0.061804697156983925,-0.16164305410287164,0.061804697156983925,30,30.0,16040.0,-0.865265760197775,-0.9643014587390266,1.1124845488257107,-1.1124845488257107,1.0114730757499701,-1.2112732755501514,COMPLETE
2026-08-31 10:54:22.988,v1.6.7,20260831_0155E0_SHADOW_SCORE_70_74_E002_105322888840,SHADOW_SCORE_70_74,0155E0,해치텍,2026-08-31 10:53:22.888,16180.0,16196.179999999998,MAIN,MAIN,2026-08-31 10:53:22.871,,,2026-08-31 10:53:22.871,16180.0,,,False,,2026-08-31 10:53:22.991,16170.0,0.119165,-0.061804697156983925,-0.16164305410287164,0.061804697156983925,60,60.1,16080.0,-0.6180469715698393,-0.717329641927902,1.1124845488257107,-1.2360939431396787,1.0114730757499701,-1.3347591839557136,COMPLETE
2026-08-31 10:55:22.889,v1.6.7,20260831_0155E0_SHADOW_SCORE_70_74_E002_105322888840,SHADOW_SCORE_70_74,0155E0,해치텍,2026-08-31 10:53:22.888,16180.0,16196.179999999998,MAIN,MAIN,2026-08-31 10:53:22.871,,,2026-08-31 10:53:22.871,16180.0,,,False,,2026-08-31 10:53:22.991,16170.0,0.119165,-0.061804697156983925,-0.16164305410287164,0.061804697156983925,120,120.001,16200.0,0.12360939431396785,0.023585808505471834,1.1124845488257107,-1.6069221260815822,1.0114730757499701,-1.7052169091724005,COMPLETE
2026-08-31 10:56:23.089,v1.6.7,20260831_0155E0_SHADOW_SCORE_70_74_E002_105322888840,SHADOW_SCORE_70_74,0155E0,해치텍,2026-08-31 10:53:22.888,16180.0,16196.179999999998,MAIN,MAIN,2026-08-31 10:53:22.871,,,2026-08-31 10:53:22.871,16180.0,,,False,,2026-08-31 10:53:22.991,16170.0,0.119165,-0.061804697156983925,-0.16164305410287164,0.061804697156983925,180,180.201,16060.0,-0.7416563658838072,-0.8408155503334643,1.1124845488257107,-1.6069221260815822,1.0114730757499701,-1.7052169091724005,COMPLETE
2026-08-31 10:58:23.390,v1.6.7,20260831_0155E0_SHADOW_SCORE_70_74_E002_105322888840,SHADOW_SCORE_70_74,0155E0,해치텍,2026-08-31 10:53:22.888,16180.0,16196.179999999998,MAIN,MAIN,2026-08-31 10:53:22.871,,,2026-08-31 10:53:22.871,16180.0,,,False,,2026-08-31 10:53:22.991,16170.0,0.119165,-0.061804697156983925,-0.16164305410287164,0.061804697156983925,300,300.501,15990.0,-1.1742892459826948,-1.2730162297529324,1.1124845488257107,-1.6069221260815822,1.0114730757499701,-1.7052169091724005,COMPLETE
2026-08-31 11:07:18.183,v1.6.7,20260831_003670_BASE_E008_110646704184,BASE,003670,포스코퓨처엠,2026-08-31 11:06:46.704,195700.0,195895.69999999998,MAIN,MAIN,2026-08-31 11:06:46.685,2026-08-31 11:06:46.685,195700.0,2026-08-31 11:06:46.685,195700.0,0.0,0.0,False,,2026-08-31 11:06:46.786,195800.0,0.100778,0.0510986203372509,-0.048852527135604576,0.0510986203372509,30,31.48,195800.0,0.0510986203372509,-0.048852527135604576,0.1021972406745018,0.0,0.00219504562888183,-0.099900099900091,COMPLETE
2026-08-31 11:07:46.884,v1.6.7,20260831_003670_BASE_E008_110646704184,BASE,003670,포스코퓨처엠,2026-08-31 11:06:46.704,195700.0,195895.69999999998,MAIN,MAIN,2026-08-31 11:06:46.685,2026-08-31 11:06:46.685,195700.0,2026-08-31 11:06:46.685,195700.0,0.0,0.0,False,,2026-08-31 11:06:46.786,195800.0,0.100778,0.0510986203372509,-0.048852527135604576,0.0510986203372509,60,60.18,195900.0,0.1021972406745018,0.00219504562888183,0.1532958610117527,0.0,0.053242618393368246,-0.099900099900091,COMPLETE
2026-08-31 11:08:46.784,v1.6.7,20260831_003670_BASE_E008_110646704184,BASE,003670,포스코퓨처엠,2026-08-31 11:06:46.704,195700.0,195895.69999999998,MAIN,MAIN,2026-08-31 11:06:46.685,2026-08-31 11:06:46.685,195700.0,2026-08-31 11:06:46.685,195700.0,0.0,0.0,False,,2026-08-31 11:06:46.786,195800.0,0.100778,0.0510986203372509,-0.048852527135604576,0.0510986203372509,120,120.08,195900.0,0.1021972406745018,0.00219504562888183,0.1532958610117527,0.0,0.053242618393368246,-0.099900099900091,COMPLETE
2026-08-31 11:09:48.182,v1.6.7,20260831_003670_BASE_E008_110646704184,BASE,003670,포스코퓨처엠,2026-08-31 11:06:46.704,195700.0,195895.69999999998,MAIN,MAIN,2026-08-31 11:06:46.685,2026-08-31 11:06:46.685,195700.0,2026-08-31 11:06:46.685,195700.0,0.0,0.0,False,,2026-08-31 11:06:46.786,195800.0,0.100778,0.0510986203372509,-0.048852527135604576,0.0510986203372509,180,181.479,195800.0,0.0510986203372509,-0.048852527135604576,0.1532958610117527,0.0,0.053242618393368246,-0.099900099900091,COMPLETE
2026-08-31 11:11:49.582,v1.6.7,20260831_003670_BASE_E008_110646704184,BASE,003670,포스코퓨처엠,2026-08-31 11:06:46.704,195700.0,195895.69999999998,MAIN,MAIN,2026-08-31 11:06:46.685,2026-08-31 11:06:46.685,195700.0,2026-08-31 11:06:46.685,195700.0,0.0,0.0,False,,2026-08-31 11:06:46.786,195800.0,0.100778,0.0510986203372509,-0.048852527135604576,0.0510986203372509,300,302.878,195800.0,0.0510986203372509,-0.048852527135604576,0.1532958610117527,-0.35769034236075625,0.053242618393368246,-0.4572331092514959,COMPLETE
2026-08-31 12:02:00.565,v1.6.7,20260831_003670_BASE_E013_120130373883,BASE,003670,포스코퓨처엠,2026-08-31 12:01:30.373,195600.0,195795.59999999998,MAIN,MAIN,2026-08-31 12:01:30.352,2026-08-31 12:01:30.352,195600.0,2026-08-31 12:01:30.352,195600.0,0.0,0.0,False,,2026-08-31 12:01:30.566,195600.0,0.214392,0.0,-0.09990009990008802,0.0,30,30.192,195500.0,-0.051124744376278126,-0.15097377060566056,0.0,-0.15337423312883436,-0.09990009990008802,-0.25312111201680565,COMPLETE
2026-08-31 12:02:31.766,v1.6.7,20260831_003670_BASE_E013_120130373883,BASE,003670,포스코퓨처엠,2026-08-31 12:01:30.373,195600.0,195795.59999999998,MAIN,MAIN,2026-08-31 12:01:30.352,2026-08-31 12:01:30.352,195600.0,2026-08-31 12:01:30.352,195600.0,0.0,0.0,False,,2026-08-31 12:01:30.566,195600.0,0.214392,0.0,-0.09990009990008802,0.0,60,61.392,195500.0,-0.051124744376278126,-0.15097377060566056,0.0,-0.15337423312883436,-0.09990009990008802,-0.25312111201680565,COMPLETE
2026-08-31 12:03:30.966,v1.6.7,20260831_003670_BASE_E013_120130373883,BASE,003670,포스코퓨처엠,2026-08-31 12:01:30.373,195600.0,195795.59999999998,MAIN,MAIN,2026-08-31 12:01:30.352,2026-08-31 12:01:30.352,195600.0,2026-08-31 12:01:30.352,195600.0,0.0,0.0,False,,2026-08-31 12:01:30.566,195600.0,0.214392,0.0,-0.09990009990008802,0.0,120,120.592,195400.0,-0.10224948875255625,-0.20204744131123312,0.0,-0.15337423312883436,-0.09990009990008802,-0.25312111201680565,COMPLETE
2026-08-31 12:04:30.464,v1.6.7,20260831_003670_BASE_E013_120130373883,BASE,003670,포스코퓨처엠,2026-08-31 12:01:30.373,195600.0,195795.59999999998,MAIN,MAIN,2026-08-31 12:01:30.352,2026-08-31 12:01:30.352,195600.0,2026-08-31 12:01:30.352,195600.0,0.0,0.0,False,,2026-08-31 12:01:30.566,195600.0,0.214392,0.0,-0.09990009990008802,0.0,180,180.091,195600.0,0.0,-0.09990009990008802,0.051124744376278126,-0.15337423312883436,-0.04882642919451547,-0.25312111201680565,COMPLETE
2026-08-31 12:06:30.466,v1.6.7,20260831_003670_BASE_E013_120130373883,BASE,003670,포스코퓨처엠,2026-08-31 12:01:30.373,195600.0,195795.59999999998,MAIN,MAIN,2026-08-31 12:01:30.352,2026-08-31 12:01:30.352,195600.0,2026-08-31 12:01:30.352,195600.0,0.0,0.0,False,,2026-08-31 12:01:30.566,195600.0,0.214392,0.0,-0.09990009990008802,0.0,300,300.093,195600.0,0.0,-0.09990009990008802,0.15337423312883436,-0.15337423312883436,0.053320912216629636,-0.25312111201680565,COMPLETE
2026-08-31 13:34:48.037,v1.6.7,20260831_002990_BASE_E004_133417981768,BASE,002990,금호건설,2026-08-31 13:34:17.981,17770.0,17787.769999999997,MAIN,MAIN,2026-08-31 13:34:17.953,2026-08-31 13:34:17.953,17770.0,2026-08-31 13:34:17.953,17770.0,0.0,0.0,False,,2026-08-31 13:34:18.039,17740.0,0.086482,-0.16882386043894204,-0.2685553051337903,0.16882386043894204,30,30.056,17590.0,-1.0129431626336522,-1.111831331302332,0.0,-1.6319639842431062,-0.09990009990008192,-1.730233750492596,COMPLETE
2026-08-31 13:35:18.038,v1.6.7,20260831_002990_BASE_E004_133417981768,BASE,002990,금호건설,2026-08-31 13:34:17.981,17770.0,17787.769999999997,MAIN,MAIN,2026-08-31 13:34:17.953,2026-08-31 13:34:17.953,17770.0,2026-08-31 13:34:17.953,17770.0,0.0,0.0,False,,2026-08-31 13:34:18.039,17740.0,0.086482,-0.16882386043894204,-0.2685553051337903,0.16882386043894204,60,60.057,17600.0,-0.9566685424873381,-1.0556129295577625,0.0,-1.6319639842431062,-0.09990009990008192,-1.730233750492596,COMPLETE
2026-08-31 13:36:18.240,v1.6.7,20260831_002990_BASE_E004_133417981768,BASE,002990,금호건설,2026-08-31 13:34:17.981,17770.0,17787.769999999997,MAIN,MAIN,2026-08-31 13:34:17.953,2026-08-31 13:34:17.953,17770.0,2026-08-31 13:34:17.953,17770.0,0.0,0.0,False,,2026-08-31 13:34:18.039,17740.0,0.086482,-0.16882386043894204,-0.2685553051337903,0.16882386043894204,120,120.259,17570.0,-1.1254924029262803,-1.224268134791471,0.0,-1.6882386043894204,-0.09990009990008192,-1.7864521522371655,COMPLETE
2026-08-31 13:37:18.038,v1.6.7,20260831_002990_BASE_E004_133417981768,BASE,002990,금호건설,2026-08-31 13:34:17.981,17770.0,17787.769999999997,MAIN,MAIN,2026-08-31 13:34:17.953,2026-08-31 13:34:17.953,17770.0,2026-08-31 13:34:17.953,17770.0,0.0,0.0,False,,2026-08-31 13:34:18.039,17740.0,0.086482,-0.16882386043894204,-0.2685553051337903,0.16882386043894204,180,180.057,17640.0,-0.7315700619020821,-0.8307393225794848,0.0,-1.6882386043894204,-0.09990009990008192,-1.7864521522371655,COMPLETE
2026-08-31 13:39:18.138,v1.6.7,20260831_002990_BASE_E004_133417981768,BASE,002990,금호건설,2026-08-31 13:34:17.981,17770.0,17787.769999999997,MAIN,MAIN,2026-08-31 13:34:17.953,2026-08-31 13:34:17.953,17770.0,2026-08-31 13:34:17.953,17770.0,0.0,0.0,False,,2026-08-31 13:34:18.039,17740.0,0.086482,-0.16882386043894204,-0.2685553051337903,0.16882386043894204,300,300.157,17490.0,-1.5756893640967922,-1.6740153487480265,0.0,-1.7445132245357344,-0.09990009990008192,-1.842670553981735,COMPLETE
2026-08-31 13:56:49.334,v1.6.7,20260831_108490_SHADOW_SCORE_70_74_E001_135618877549,SHADOW_SCORE_70_74,108490,로보티즈,2026-08-31 13:56:18.877,254000.0,254253.99999999997,MAIN,MAIN,2026-08-31 13:56:18.853,,,2026-08-31 13:56:18.853,254000.0,,,False,,2026-08-31 13:56:19.432,254500.0,0.579501,0.19685039370078738,0.09675364006073814,0.19685039370078738,30,30.457,253500.0,-0.19685039370078738,-0.29655383986091505,0.39370078740157477,-0.39370078740157477,0.29340738002156475,-0.4932075798217417,COMPLETE
2026-08-31 13:57:18.932,v1.6.7,20260831_108490_SHADOW_SCORE_70_74_E001_135618877549,SHADOW_SCORE_70_74,108490,로보티즈,2026-08-31 13:56:18.877,254000.0,254253.99999999997,MAIN,MAIN,2026-08-31 13:56:18.853,,,2026-08-31 13:56:18.853,254000.0,,,False,,2026-08-31 13:56:19.432,254500.0,0.579501,0.19685039370078738,0.09675364006073814,0.19685039370078738,60,60.055,254000.0,0.0,-0.09990009990008847,0.5905511811023622,-0.5905511811023622,0.4900611199823913,-0.6898613197825683,COMPLETE
2026-08-31 13:58:19.931,v1.6.7,20260831_108490_SHADOW_SCORE_70_74_E001_135618877549,SHADOW_SCORE_70_74,108490,로보티즈,2026-08-31 13:56:18.877,254000.0,254253.99999999997,MAIN,MAIN,2026-08-31 13:56:18.853,,,2026-08-31 13:56:18.853,254000.0,,,False,,2026-08-31 13:56:19.432,254500.0,0.579501,0.19685039370078738,0.09675364006073814,0.19685039370078738,120,121.054,253500.0,-0.19685039370078738,-0.29655383986091505,0.5905511811023622,-0.5905511811023622,0.4900611199823913,-0.6898613197825683,COMPLETE
2026-08-31 13:59:18.932,v1.6.7,20260831_108490_SHADOW_SCORE_70_74_E001_135618877549,SHADOW_SCORE_70_74,108490,로보티즈,2026-08-31 13:56:18.877,254000.0,254253.99999999997,MAIN,MAIN,2026-08-31 13:56:18.853,,,2026-08-31 13:56:18.853,254000.0,,,False,,2026-08-31 13:56:19.432,254500.0,0.579501,0.19685039370078738,0.09675364006073814,0.19685039370078738,180,180.055,252500.0,-0.5905511811023622,-0.6898613197825683,0.5905511811023622,-0.7874015748031495,0.4900611199823913,-0.8865150597433948,COMPLETE
2026-08-31 14:01:20.833,v1.6.7,20260831_108490_SHADOW_SCORE_70_74_E001_135618877549,SHADOW_SCORE_70_74,108490,로보티즈,2026-08-31 13:56:18.877,254000.0,254253.99999999997,MAIN,MAIN,2026-08-31 13:56:18.853,,,2026-08-31 13:56:18.853,254000.0,,,False,,2026-08-31 13:56:19.432,254500.0,0.579501,0.19685039370078738,0.09675364006073814,0.19685039370078738,300,301.956,253500.0,-0.19685039370078738,-0.29655383986091505,0.5905511811023622,-0.7874015748031495,0.4900611199823913,-0.8865150597433948,COMPLETE
2026-08-31 14:02:26.837,v1.6.7,20260831_066570_SHADOW_SCORE_70_74_E001_140156834304,SHADOW_SCORE_70_74,066570,LG전자,2026-08-31 14:01:56.834,212000.0,212211.99999999997,MAIN,MAIN,2026-08-31 14:01:56.817,,,2026-08-31 14:01:56.817,212000.0,,,False,,2026-08-31 14:01:57.033,212000.0,0.216316,0.0,-0.09990009990008619,0.0,30,30.003,212000.0,0.0,-0.09990009990008619,0.0,-0.2358490566037736,-0.09990009990008619,-0.3355135430606992,COMPLETE
2026-08-31 14:02:57.031,v1.6.7,20260831_066570_SHADOW_SCORE_70_74_E001_140156834304,SHADOW_SCORE_70_74,066570,LG전자,2026-08-31 14:01:56.834,212000.0,212211.99999999997,MAIN,MAIN,2026-08-31 14:01:56.817,,,2026-08-31 14:01:56.817,212000.0,,,False,,2026-08-31 14:01:57.033,212000.0,0.216316,0.0,-0.09990009990008619,0.0,60,60.197,212000.0,0.0,-0.09990009990008619,0.0,-0.2358490566037736,-0.09990009990008619,-0.3355135430606992,COMPLETE
2026-08-31 14:03:56.838,v1.6.7,20260831_066570_SHADOW_SCORE_70_74_E001_140156834304,SHADOW_SCORE_70_74,066570,LG전자,2026-08-31 14:01:56.834,212000.0,212211.99999999997,MAIN,MAIN,2026-08-31 14:01:56.817,,,2026-08-31 14:01:56.817,212000.0,,,False,,2026-08-31 14:01:57.033,212000.0,0.216316,0.0,-0.09990009990008619,0.0,120,120.004,212000.0,0.0,-0.09990009990008619,0.0,-0.2358490566037736,-0.09990009990008619,-0.3355135430606992,COMPLETE
2026-08-31 14:04:31.830,v1.6.7,20260831_066570_SHADOW_SCORE_70_74_E002_140401673018,SHADOW_SCORE_70_74,066570,LG전자,2026-08-31 14:04:01.673,212000.0,212211.99999999997,MAIN,MAIN,2026-08-31 14:04:01.648,,,2026-08-31 14:04:01.648,212000.0,,,False,,2026-08-31 14:04:01.731,212000.0,0.082846,0.0,-0.09990009990008619,0.0,30,30.158,212500.0,0.2358490566037736,0.1357133432605268,0.2358490566037736,-0.2358490566037736,0.1357133432605268,-0.3355135430606992,COMPLETE
2026-08-31 14:04:56.930,v1.6.7,20260831_066570_SHADOW_SCORE_70_74_E001_140156834304,SHADOW_SCORE_70_74,066570,LG전자,2026-08-31 14:01:56.834,212000.0,212211.99999999997,MAIN,MAIN,2026-08-31 14:01:56.817,,,2026-08-31 14:01:56.817,212000.0,,,False,,2026-08-31 14:01:57.033,212000.0,0.216316,0.0,-0.09990009990008619,0.0,180,180.096,212250.0,0.1179245283018868,0.017906621680220305,0.2358490566037736,-0.2358490566037736,0.1357133432605268,-0.3355135430606992,COMPLETE
2026-08-31 14:05:01.730,v1.6.7,20260831_066570_SHADOW_SCORE_70_74_E002_140401673018,SHADOW_SCORE_70_74,066570,LG전자,2026-08-31 14:04:01.673,212000.0,212211.99999999997,MAIN,MAIN,2026-08-31 14:04:01.648,,,2026-08-31 14:04:01.648,212000.0,,,False,,2026-08-31 14:04:01.731,212000.0,0.082846,0.0,-0.09990009990008619,0.0,60,60.057,212500.0,0.2358490566037736,0.1357133432605268,0.4716981132075472,-0.2358490566037736,0.3713267864211398,-0.3355135430606992,COMPLETE
2026-08-31 14:06:01.731,v1.6.7,20260831_066570_SHADOW_SCORE_70_74_E002_140401673018,SHADOW_SCORE_70_74,066570,LG전자,2026-08-31 14:04:01.673,212000.0,212211.99999999997,MAIN,MAIN,2026-08-31 14:04:01.648,,,2026-08-31 14:04:01.648,212000.0,,,False,,2026-08-31 14:04:01.731,212000.0,0.082846,0.0,-0.09990009990008619,0.0,120,120.058,212500.0,0.2358490566037736,0.1357133432605268,0.7075471698113208,-0.2358490566037736,0.6069402295817529,-0.3355135430606992,COMPLETE
2026-08-31 14:06:21.343,v1.6.7,20260831_108490_BASE_E002_140551091080,BASE,108490,로보티즈,2026-08-31 14:05:51.091,255000.0,255254.99999999997,MAIN,MAIN,2026-08-31 14:05:51.062,2026-08-31 14:05:51.062,255000.0,2026-08-31 14:05:51.062,255000.0,0.0,0.0,False,,2026-08-31 14:05:51.631,255000.0,0.568735,0.0,-0.09990009990008851,0.0,30,30.252,253500.0,-0.5882352941176471,-0.6875477463712645,0.0,-0.7843137254901961,-0.09990009990008851,-0.8834302951949898,COMPLETE
2026-08-31 14:06:51.652,v1.6.7,20260831_108490_BASE_E002_140551091080,BASE,108490,로보티즈,2026-08-31 14:05:51.091,255000.0,255254.99999999997,MAIN,MAIN,2026-08-31 14:05:51.062,2026-08-31 14:05:51.062,255000.0,2026-08-31 14:05:51.062,255000.0,0.0,0.0,False,,2026-08-31 14:05:51.631,255000.0,0.568735,0.0,-0.09990009990008851,0.0,60,60.561,253000.0,-0.7843137254901961,-0.8834302951949898,0.0,-0.7843137254901961,-0.09990009990008851,-0.8834302951949898,COMPLETE
2026-08-31 14:06:57.030,v1.6.7,20260831_066570_SHADOW_SCORE_70_74_E001_140156834304,SHADOW_SCORE_70_74,066570,LG전자,2026-08-31 14:01:56.834,212000.0,212211.99999999997,MAIN,MAIN,2026-08-31 14:01:56.817,,,2026-08-31 14:01:56.817,212000.0,,,False,,2026-08-31 14:01:57.033,212000.0,0.216316,0.0,-0.09990009990008619,0.0,300,300.197,213000.0,0.4716981132075472,0.3713267864211398,0.7075471698113208,-0.2358490566037736,0.6069402295817529,-0.3355135430606992,COMPLETE
2026-08-31 14:07:01.731,v1.6.7,20260831_066570_SHADOW_SCORE_70_74_E002_140401673018,SHADOW_SCORE_70_74,066570,LG전자,2026-08-31 14:04:01.673,212000.0,212211.99999999997,MAIN,MAIN,2026-08-31 14:04:01.648,,,2026-08-31 14:04:01.648,212000.0,,,False,,2026-08-31 14:04:01.731,212000.0,0.082846,0.0,-0.09990009990008619,0.0,180,180.058,213500.0,0.7075471698113208,0.6069402295817529,0.7075471698113208,-0.2358490566037736,0.6069402295817529,-0.3355135430606992,COMPLETE
2026-08-31 14:07:51.130,v1.6.7,20260831_108490_BASE_E002_140551091080,BASE,108490,로보티즈,2026-08-31 14:05:51.091,255000.0,255254.99999999997,MAIN,MAIN,2026-08-31 14:05:51.062,2026-08-31 14:05:51.062,255000.0,2026-08-31 14:05:51.062,255000.0,0.0,0.0,False,,2026-08-31 14:05:51.631,255000.0,0.568735,0.0,-0.09990009990008851,0.0,120,120.039,253000.0,-0.7843137254901961,-0.8834302951949898,0.0,-0.9803921568627451,-0.09990009990008851,-1.0793128440187152,COMPLETE
2026-08-31 14:08:51.331,v1.6.7,20260831_108490_BASE_E002_140551091080,BASE,108490,로보티즈,2026-08-31 14:05:51.091,255000.0,255254.99999999997,MAIN,MAIN,2026-08-31 14:05:51.062,2026-08-31 14:05:51.062,255000.0,2026-08-31 14:05:51.062,255000.0,0.0,0.0,False,,2026-08-31 14:05:51.631,255000.0,0.568735,0.0,-0.09990009990008851,0.0,180,180.24,253000.0,-0.7843137254901961,-0.8834302951949898,0.0,-0.9803921568627451,-0.09990009990008851,-1.0793128440187152,COMPLETE
2026-08-31 14:09:01.730,v1.6.7,20260831_066570_SHADOW_SCORE_70_74_E002_140401673018,SHADOW_SCORE_70_74,066570,LG전자,2026-08-31 14:04:01.673,212000.0,212211.99999999997,MAIN,MAIN,2026-08-31 14:04:01.648,,,2026-08-31 14:04:01.648,212000.0,,,False,,2026-08-31 14:04:01.731,212000.0,0.082846,0.0,-0.09990009990008619,0.0,300,300.057,213500.0,0.7075471698113208,0.6069402295817529,0.9433962264150944,-0.2358490566037736,0.8425536727423658,-0.3355135430606992,COMPLETE
2026-08-31 14:10:50.528,v1.6.7,20260831_222800_SHADOW_SCORE_70_74_E001_141020193702,SHADOW_SCORE_70_74,222800,심텍,2026-08-31 14:10:20.193,129000.0,129128.99999999999,MAIN,MAIN,2026-08-31 14:10:20.177,,,2026-08-31 14:10:20.177,129000.0,,,False,,2026-08-31 14:10:20.530,129050.0,0.353265,0.03875968992248062,-0.06117913094656154,0.03875968992248062,30,30.335,129200.0,0.15503875968992248,0.05498377591401975,0.15503875968992248,0.0,0.05498377591401975,-0.09990009990008865,COMPLETE
2026-08-31 14:10:51.930,v1.6.7,20260831_108490_BASE_E002_140551091080,BASE,108490,로보티즈,2026-08-31 14:05:51.091,255000.0,255254.99999999997,MAIN,MAIN,2026-08-31 14:05:51.062,2026-08-31 14:05:51.062,255000.0,2026-08-31 14:05:51.062,255000.0,0.0,0.0,False,,2026-08-31 14:05:51.631,255000.0,0.568735,0.0,-0.09990009990008851,0.0,300,300.839,252500.0,-0.9803921568627451,-1.0793128440187152,0.0,-1.3725490196078431,-0.09990009990008851,-1.4710779416661657,COMPLETE
2026-08-31 14:11:20.228,v1.6.7,20260831_222800_SHADOW_SCORE_70_74_E001_141020193702,SHADOW_SCORE_70_74,222800,심텍,2026-08-31 14:10:20.193,129000.0,129128.99999999999,MAIN,MAIN,2026-08-31 14:10:20.177,,,2026-08-31 14:10:20.177,129000.0,,,False,,2026-08-31 14:10:20.530,129050.0,0.353265,0.03875968992248062,-0.06117913094656154,0.03875968992248062,60,60.035,129300.0,0.23255813953488372,0.13242571382107393,0.23255813953488372,0.0,0.13242571382107393,-0.09990009990008865,COMPLETE
2026-08-31 14:12:20.928,v1.6.7,20260831_222800_SHADOW_SCORE_70_74_E001_141020193702,SHADOW_SCORE_70_74,222800,심텍,2026-08-31 14:10:20.193,129000.0,129128.99999999999,MAIN,MAIN,2026-08-31 14:10:20.177,,,2026-08-31 14:10:20.177,129000.0,,,False,,2026-08-31 14:10:20.530,129050.0,0.353265,0.03875968992248062,-0.06117913094656154,0.03875968992248062,120,120.735,129400.0,0.31007751937984496,0.20986765172812816,0.31007751937984496,0.0,0.20986765172812816,-0.09990009990008865,COMPLETE
2026-08-31 14:13:20.228,v1.6.7,20260831_222800_SHADOW_SCORE_70_74_E001_141020193702,SHADOW_SCORE_70_74,222800,심텍,2026-08-31 14:10:20.193,129000.0,129128.99999999999,MAIN,MAIN,2026-08-31 14:10:20.177,,,2026-08-31 14:10:20.177,129000.0,,,False,,2026-08-31 14:10:20.530,129050.0,0.353265,0.03875968992248062,-0.06117913094656154,0.03875968992248062,180,180.035,129500.0,0.3875968992248062,0.2873095896351823,0.46511627906976744,0.0,0.3647515275422365,-0.09990009990008865,COMPLETE
2026-08-31 14:15:20.427,v1.6.7,20260831_222800_SHADOW_SCORE_70_74_E001_141020193702,SHADOW_SCORE_70_74,222800,심텍,2026-08-31 14:10:20.193,129000.0,129128.99999999999,MAIN,MAIN,2026-08-31 14:10:20.177,,,2026-08-31 14:10:20.177,129000.0,,,False,,2026-08-31 14:10:20.530,129050.0,0.353265,0.03875968992248062,-0.06117913094656154,0.03875968992248062,300,300.234,130100.0,0.8527131782945736,0.7519612170775075,1.1627906976744187,0.0,1.0617289687057243,-0.09990009990008865,COMPLETE
2026-08-31 14:21:32.926,v1.6.7,20260831_353200_SHADOW_SCORE_70_74_E001_142102912124,SHADOW_SCORE_70_74,353200,대덕전자,2026-08-31 14:21:02.912,113600.0,113713.59999999999,MAIN,MAIN,2026-08-31 14:21:02.879,,,2026-08-31 14:21:02.879,113600.0,,,False,,2026-08-31 14:21:03.127,113500.0,0.247557,-0.08802816901408451,-0.18784032868539144,0.08802816901408451,30,30.014,113100.0,-0.44014084507042256,-0.5396012438265884,0.0,-0.528169014084507,-0.09990009990009223,-0.6275414726118875,COMPLETE
2026-08-31 14:22:03.736,v1.6.7,20260831_353200_SHADOW_SCORE_70_74_E001_142102912124,SHADOW_SCORE_70_74,353200,대덕전자,2026-08-31 14:21:02.912,113600.0,113713.59999999999,MAIN,MAIN,2026-08-31 14:21:02.879,,,2026-08-31 14:21:02.879,113600.0,,,False,,2026-08-31 14:21:03.127,113500.0,0.247557,-0.08802816901408451,-0.18784032868539144,0.08802816901408451,60,60.825,113000.0,-0.528169014084507,-0.6275414726118875,0.0,-0.6161971830985915,-0.09990009990009223,-0.7154817013971867,COMPLETE
2026-08-31 14:23:03.027,v1.6.7,20260831_353200_SHADOW_SCORE_70_74_E001_142102912124,SHADOW_SCORE_70_74,353200,대덕전자,2026-08-31 14:21:02.912,113600.0,113713.59999999999,MAIN,MAIN,2026-08-31 14:21:02.879,,,2026-08-31 14:21:02.879,113600.0,,,False,,2026-08-31 14:21:03.127,113500.0,0.247557,-0.08802816901408451,-0.18784032868539144,0.08802816901408451,120,120.115,113200.0,-0.35211267605633806,-0.45166101504128914,0.0,-0.7922535211267605,-0.09990009990009223,-0.8913621589677851,COMPLETE
2026-08-31 14:24:03.025,v1.6.7,20260831_353200_SHADOW_SCORE_70_74_E001_142102912124,SHADOW_SCORE_70_74,353200,대덕전자,2026-08-31 14:21:02.912,113600.0,113713.59999999999,MAIN,MAIN,2026-08-31 14:21:02.879,,,2026-08-31 14:21:02.879,113600.0,,,False,,2026-08-31 14:21:03.127,113500.0,0.247557,-0.08802816901408451,-0.18784032868539144,0.08802816901408451,180,180.113,113100.0,-0.44014084507042256,-0.5396012438265884,0.0,-0.7922535211267605,-0.09990009990009223,-0.8913621589677851,COMPLETE
2026-08-31 14:26:03.033,v1.6.7,20260831_353200_SHADOW_SCORE_70_74_E001_142102912124,SHADOW_SCORE_70_74,353200,대덕전자,2026-08-31 14:21:02.912,113600.0,113713.59999999999,MAIN,MAIN,2026-08-31 14:21:02.879,,,2026-08-31 14:21:02.879,113600.0,,,False,,2026-08-31 14:21:03.127,113500.0,0.247557,-0.08802816901408451,-0.18784032868539144,0.08802816901408451,300,300.121,113300.0,-0.2640845070422535,-0.3637207862559899,0.0,-0.7922535211267605,-0.09990009990009223,-0.8913621589677851,COMPLETE
2026-08-31 14:26:56.330,v1.6.7,20260831_353200_SHADOW_SCORE_70_74_E003_142626085431,SHADOW_SCORE_70_74,353200,대덕전자,2026-08-31 14:26:26.085,113500.0,113613.49999999999,MAIN,MAIN,2026-08-31 14:26:26.044,,,2026-08-31 14:26:26.044,113500.0,,,False,,2026-08-31 14:26:26.325,113500.0,0.280833,0.0,-0.09990009990008711,0.0,30,30.245,113600.0,0.0881057268722467,-0.01188239073700348,0.0881057268722467,0.0,-0.01188239073700348,-0.09990009990008711,COMPLETE
2026-08-31 14:27:27.726,v1.6.7,20260831_353200_SHADOW_SCORE_70_74_E003_142626085431,SHADOW_SCORE_70_74,353200,대덕전자,2026-08-31 14:26:26.085,113500.0,113613.49999999999,MAIN,MAIN,2026-08-31 14:26:26.044,,,2026-08-31 14:26:26.044,113500.0,,,False,,2026-08-31 14:26:26.325,113500.0,0.280833,0.0,-0.09990009990008711,0.0,60,61.641,113600.0,0.0881057268722467,-0.01188239073700348,0.0881057268722467,0.0,-0.01188239073700348,-0.09990009990008711,COMPLETE
2026-08-31 14:28:27.333,v1.6.7,20260831_353200_SHADOW_SCORE_70_74_E003_142626085431,SHADOW_SCORE_70_74,353200,대덕전자,2026-08-31 14:26:26.085,113500.0,113613.49999999999,MAIN,MAIN,2026-08-31 14:26:26.044,,,2026-08-31 14:26:26.044,113500.0,,,False,,2026-08-31 14:26:26.325,113500.0,0.280833,0.0,-0.09990009990008711,0.0,120,121.248,113400.0,-0.0881057268722467,-0.1879178090631707,0.0881057268722467,-0.1762114537444934,-0.01188239073700348,-0.27593551822625434,COMPLETE
2026-08-31 14:29:26.832,v1.6.7,20260831_353200_SHADOW_SCORE_70_74_E003_142626085431,SHADOW_SCORE_70_74,353200,대덕전자,2026-08-31 14:26:26.085,113500.0,113613.49999999999,MAIN,MAIN,2026-08-31 14:26:26.044,,,2026-08-31 14:26:26.044,113500.0,,,False,,2026-08-31 14:26:26.325,113500.0,0.280833,0.0,-0.09990009990008711,0.0,180,180.747,113300.0,-0.1762114537444934,-0.27593551822625434,0.0881057268722467,-0.1762114537444934,-0.01188239073700348,-0.27593551822625434,COMPLETE
2026-08-31 14:31:26.924,v1.6.7,20260831_353200_SHADOW_SCORE_70_74_E003_142626085431,SHADOW_SCORE_70_74,353200,대덕전자,2026-08-31 14:26:26.085,113500.0,113613.49999999999,MAIN,MAIN,2026-08-31 14:26:26.044,,,2026-08-31 14:26:26.044,113500.0,,,False,,2026-08-31 14:26:26.325,113500.0,0.280833,0.0,-0.09990009990008711,0.0,300,300.839,113300.0,-0.1762114537444934,-0.27593551822625434,0.0881057268722467,-0.2643171806167401,-0.01188239073700348,-0.363953227389338,COMPLETE
2026-08-31 14:42:01.321,v1.6.7,20260831_108490_BASE_E004_144131312921,BASE,108490,로보티즈,2026-08-31 14:41:31.312,254500.0,254754.49999999997,MAIN,MAIN,2026-08-31 14:41:31.293,2026-08-31 14:41:31.293,254500.0,2026-08-31 14:41:31.293,254500.0,0.0,0.0,False,,2026-08-31 14:41:31.421,254000.0,0.127683,-0.19646365422396855,-0.29616748673721993,0.19646365422396855,30,30.008,254750.0,0.09823182711198428,-0.0017664064815227588,0.09823182711198428,-0.19646365422396855,-0.0017664064815227588,-0.29616748673721993,COMPLETE
2026-08-31 14:42:31.321,v1.6.7,20260831_108490_BASE_E004_144131312921,BASE,108490,로보티즈,2026-08-31 14:41:31.312,254500.0,254754.49999999997,MAIN,MAIN,2026-08-31 14:41:31.293,2026-08-31 14:41:31.293,254500.0,2026-08-31 14:41:31.293,254500.0,0.0,0.0,False,,2026-08-31 14:41:31.421,254000.0,0.127683,-0.19646365422396855,-0.29616748673721993,0.19646365422396855,60,60.009,255500.0,0.3929273084479371,0.2926346737741744,0.3929273084479371,-0.19646365422396855,0.2926346737741744,-0.29616748673721993,COMPLETE
2026-08-31 14:43:32.823,v1.6.7,20260831_108490_BASE_E004_144131312921,BASE,108490,로보티즈,2026-08-31 14:41:31.312,254500.0,254754.49999999997,MAIN,MAIN,2026-08-31 14:41:31.293,2026-08-31 14:41:31.293,254500.0,2026-08-31 14:41:31.293,254500.0,0.0,0.0,False,,2026-08-31 14:41:31.421,254000.0,0.127683,-0.19646365422396855,-0.29616748673721993,0.19646365422396855,120,121.511,255500.0,0.3929273084479371,0.2926346737741744,0.3929273084479371,-0.19646365422396855,0.2926346737741744,-0.29616748673721993,COMPLETE
2026-08-31 14:44:32.026,v1.6.7,20260831_108490_BASE_E004_144131312921,BASE,108490,로보티즈,2026-08-31 14:41:31.312,254500.0,254754.49999999997,MAIN,MAIN,2026-08-31 14:41:31.293,2026-08-31 14:41:31.293,254500.0,2026-08-31 14:41:31.293,254500.0,0.0,0.0,False,,2026-08-31 14:41:31.421,254000.0,0.127683,-0.19646365422396855,-0.29616748673721993,0.19646365422396855,180,180.714,255000.0,0.19646365422396855,0.09636728693704297,0.3929273084479371,-0.19646365422396855,0.2926346737741744,-0.29616748673721993,COMPLETE
2026-08-31 14:46:31.819,v1.6.7,20260831_108490_BASE_E004_144131312921,BASE,108490,로보티즈,2026-08-31 14:41:31.312,254500.0,254754.49999999997,MAIN,MAIN,2026-08-31 14:41:31.293,2026-08-31 14:41:31.293,254500.0,2026-08-31 14:41:31.293,254500.0,0.0,0.0,False,,2026-08-31 14:41:31.421,254000.0,0.127683,-0.19646365422396855,-0.29616748673721993,0.19646365422396855,300,300.507,255000.0,0.19646365422396855,0.09636728693704297,0.3929273084479371,-0.19646365422396855,0.2926346737741744,-0.29616748673721993,COMPLETE
2026-08-31 15:01:55.736,v1.6.7,20260831_222800_SHADOW_SCORE_70_74_E003_150125076277,SHADOW_SCORE_70_74,222800,심텍,2026-08-31 15:01:25.076,128900.0,129028.89999999998,MAIN,MAIN,2026-08-31 15:01:25.050,,,2026-08-31 15:01:25.050,128900.0,,,False,,2026-08-31 15:01:25.516,128700.0,0.466436,-0.1551590380139643,-0.2549041338800685,0.1551590380139643,30,30.66,128500.0,-0.3103180760279286,-0.40990816786005285,0.0,-0.3103180760279286,-0.09990009990008414,-0.40990816786005285,COMPLETE
2026-08-31 15:02:25.317,v1.6.7,20260831_222800_SHADOW_SCORE_70_74_E003_150125076277,SHADOW_SCORE_70_74,222800,심텍,2026-08-31 15:01:25.076,128900.0,129028.89999999998,MAIN,MAIN,2026-08-31 15:01:25.050,,,2026-08-31 15:01:25.050,128900.0,,,False,,2026-08-31 15:01:25.516,128700.0,0.466436,-0.1551590380139643,-0.2549041338800685,0.1551590380139643,60,60.241,128500.0,-0.3103180760279286,-0.40990816786005285,0.0,-0.3878975950349108,-0.09990009990008414,-0.487410184850045,COMPLETE
2026-08-31 15:03:25.114,v1.6.7,20260831_222800_SHADOW_SCORE_70_74_E003_150125076277,SHADOW_SCORE_70_74,222800,심텍,2026-08-31 15:01:25.076,128900.0,129028.89999999998,MAIN,MAIN,2026-08-31 15:01:25.050,,,2026-08-31 15:01:25.050,128900.0,,,False,,2026-08-31 15:01:25.516,128700.0,0.466436,-0.1551590380139643,-0.2549041338800685,0.1551590380139643,120,120.038,129100.0,0.1551590380139643,0.05510393407990023,0.23273855702094648,-0.3878975950349108,0.1326059510698924,-0.487410184850045,COMPLETE
2026-08-31 15:04:25.714,v1.6.7,20260831_222800_SHADOW_SCORE_70_74_E003_150125076277,SHADOW_SCORE_70_74,222800,심텍,2026-08-31 15:01:25.076,128900.0,129028.89999999998,MAIN,MAIN,2026-08-31 15:01:25.050,,,2026-08-31 15:01:25.050,128900.0,,,False,,2026-08-31 15:01:25.516,128700.0,0.466436,-0.1551590380139643,-0.2549041338800685,0.1551590380139643,180,180.639,128900.0,0.0,-0.09990009990008414,0.23273855702094648,-0.3878975950349108,0.1326059510698924,-0.487410184850045,COMPLETE
2026-08-31 15:06:25.714,v1.6.7,20260831_222800_SHADOW_SCORE_70_74_E003_150125076277,SHADOW_SCORE_70_74,222800,심텍,2026-08-31 15:01:25.076,128900.0,129028.89999999998,MAIN,MAIN,2026-08-31 15:01:25.050,,,2026-08-31 15:01:25.050,128900.0,,,False,,2026-08-31 15:01:25.516,128700.0,0.466436,-0.1551590380139643,-0.2549041338800685,0.1551590380139643,300,300.638,129400.0,0.3878975950349108,0.2876099850498768,0.3878975950349108,-0.3878975950349108,0.2876099850498768,-0.487410184850045,COMPLETE
2026-08-31 15:21:18.271,v1.6.7,20260831_011070_SHADOW_SCORE_70_74_E001_152024320468,SHADOW_SCORE_70_74,011070,LG이노텍,2026-08-31 15:20:24.320,642000.0,642641.9999999999,MAIN,MAIN,2026-08-31 15:20:24.294,,,2026-08-31 15:20:24.294,642000.0,,,False,,,,,,,,30,53.951,642000.0,0.0,-0.09990009990008179,0.0,0.0,-0.09990009990008179,-0.09990009990008179,COMPLETE
2026-08-31 15:21:44.494,v1.6.7,20260831_011070_SHADOW_SCORE_70_74_E001_152024320468,SHADOW_SCORE_70_74,011070,LG이노텍,2026-08-31 15:20:24.320,642000.0,642641.9999999999,MAIN,MAIN,2026-08-31 15:20:24.294,,,2026-08-31 15:20:24.294,642000.0,,,False,,,,,,,,60,80.174,642000.0,0.0,-0.09990009990008179,0.0,0.0,-0.09990009990008179,-0.09990009990008179,COMPLETE
2026-08-31 15:22:35.579,v1.6.7,20260831_011070_SHADOW_SCORE_70_74_E001_152024320468,SHADOW_SCORE_70_74,011070,LG이노텍,2026-08-31 15:20:24.320,642000.0,642641.9999999999,MAIN,MAIN,2026-08-31 15:20:24.294,,,2026-08-31 15:20:24.294,642000.0,,,False,,,,,,,,120,131.259,642000.0,0.0,-0.09990009990008179,0.0,0.0,-0.09990009990008179,-0.09990009990008179,COMPLETE
2026-08-31 15:23:26.319,v1.6.7,20260831_011070_SHADOW_SCORE_70_74_E001_152024320468,SHADOW_SCORE_70_74,011070,LG이노텍,2026-08-31 15:20:24.320,642000.0,642641.9999999999,MAIN,MAIN,2026-08-31 15:20:24.294,,,2026-08-31 15:20:24.294,642000.0,,,False,,,,,,,,180,181.999,642000.0,0.0,-0.09990009990008179,0.0,0.0,-0.09990009990008179,-0.09990009990008179,COMPLETE
2026-08-31 15:25:33.472,v1.6.7,20260831_011070_SHADOW_SCORE_70_74_E001_152024320468,SHADOW_SCORE_70_74,011070,LG이노텍,2026-08-31 15:20:24.320,642000.0,642641.9999999999,MAIN,MAIN,2026-08-31 15:20:24.294,,,2026-08-31 15:20:24.294,642000.0,,,False,,,,,,,,300,309.152,642000.0,0.0,-0.09990009990008179,0.0,0.0,-0.09990009990008179,-0.09990009990008179,COMPLETE
2026-08-31 15:40:50.304,v1.6.7,20260831_066570_BASE_E002_154018228279,BASE,066570,LG전자,2026-08-31 15:40:18.228,216500.0,216716.49999999997,NXT_AFTER,NXT_AFTER,2026-08-31 15:40:18.214,2026-08-31 15:40:18.214,216500.0,2026-08-31 15:40:18.214,216500.0,0.0,0.0,True,20260831_066570_SHADOW_SCORE_70_74_E002_140401673018,2026-08-31 15:40:18.303,216000.0,0.089716,-0.23094688221709006,-0.33061626595112553,0.23094688221709006,30,32.076,216000.0,-0.23094688221709006,-0.33061626595112553,0.0,-0.4618937644341801,-0.09990009990008648,-0.5613324320021645,COMPLETE
2026-08-31 15:40:51.214,v1.6.7,20260831_003670_BASE_E025_154020866696,BASE,003670,포스코퓨처엠,2026-08-31 15:40:20.866,200500.0,200700.49999999997,NXT_AFTER,NXT_AFTER,2026-08-31 15:40:18.214,2026-08-31 15:40:18.214,200500.0,2026-08-31 15:40:18.214,200500.0,0.0,0.0,False,,2026-08-31 15:40:22.306,200000.0,4.091878,-0.24937655860349126,-0.34902753107240436,0.24937655860349126,30,30.348,200000.0,-0.24937655860349126,-0.34902753107240436,0.0,-0.24937655860349126,-0.09990009990008542,-0.34902753107240436,COMPLETE
2026-08-31 15:40:53.405,v1.6.7,20260831_096770_BASE_E006_154022514923,BASE,096770,SK이노베이션,2026-08-31 15:40:22.514,125500.0,125625.49999999999,NXT_AFTER,NXT_AFTER,2026-08-31 15:40:18.213,2026-08-31 15:40:18.213,125500.0,2026-08-31 15:40:18.213,125500.0,0.0,0.0,False,,2026-08-31 15:40:26.803,125500.0,8.589694,0.0,-0.09990009990008832,0.0,30,30.89,125400.0,-0.0796812749003984,-0.17950177312725957,0.0796812749003984,-0.0796812749003984,-0.020298426672917085,-0.17950177312725957,COMPLETE
2026-08-31 15:41:18.606,v1.6.7,20260831_066570_BASE_E002_154018228279,BASE,066570,LG전자,2026-08-31 15:40:18.228,216500.0,216716.49999999997,NXT_AFTER,NXT_AFTER,2026-08-31 15:40:18.214,2026-08-31 15:40:18.214,216500.0,2026-08-31 15:40:18.214,216500.0,0.0,0.0,True,20260831_066570_SHADOW_SCORE_70_74_E002_140401673018,2026-08-31 15:40:18.303,216000.0,0.089716,-0.23094688221709006,-0.33061626595112553,0.23094688221709006,60,60.378,215500.0,-0.4618937644341801,-0.5613324320021645,0.0,-0.4618937644341801,-0.09990009990008648,-0.5613324320021645,COMPLETE
2026-08-31 15:41:21.703,v1.6.7,20260831_003670_BASE_E025_154020866696,BASE,003670,포스코퓨처엠,2026-08-31 15:40:20.866,200500.0,200700.49999999997,NXT_AFTER,NXT_AFTER,2026-08-31 15:40:18.214,2026-08-31 15:40:18.214,200500.0,2026-08-31 15:40:18.214,200500.0,0.0,0.0,False,,2026-08-31 15:40:22.306,200000.0,4.091878,-0.24937655860349126,-0.34902753107240436,0.24937655860349126,60,60.837,200000.0,-0.24937655860349126,-0.34902753107240436,0.0,-0.24937655860349126,-0.09990009990008542,-0.34902753107240436,COMPLETE
2026-08-31 15:41:23.005,v1.6.7,20260831_096770_BASE_E006_154022514923,BASE,096770,SK이노베이션,2026-08-31 15:40:22.514,125500.0,125625.49999999999,NXT_AFTER,NXT_AFTER,2026-08-31 15:40:18.213,2026-08-31 15:40:18.213,125500.0,2026-08-31 15:40:18.213,125500.0,0.0,0.0,False,,2026-08-31 15:40:26.803,125500.0,8.589694,0.0,-0.09990009990008832,0.0,60,60.491,125400.0,-0.0796812749003984,-0.17950177312725957,0.0796812749003984,-0.0796812749003984,-0.020298426672917085,-0.17950177312725957,COMPLETE
2026-08-31 15:42:20.604,v1.6.7,20260831_066570_BASE_E002_154018228279,BASE,066570,LG전자,2026-08-31 15:40:18.228,216500.0,216716.49999999997,NXT_AFTER,NXT_AFTER,2026-08-31 15:40:18.214,2026-08-31 15:40:18.214,216500.0,2026-08-31 15:40:18.214,216500.0,0.0,0.0,True,20260831_066570_SHADOW_SCORE_70_74_E002_140401673018,2026-08-31 15:40:18.303,216000.0,0.089716,-0.23094688221709006,-0.33061626595112553,0.23094688221709006,120,122.377,215500.0,-0.4618937644341801,-0.5613324320021645,0.0,-0.4618937644341801,-0.09990009990008648,-0.5613324320021645,COMPLETE
2026-08-31 15:42:21.503,v1.6.7,20260831_003670_BASE_E025_154020866696,BASE,003670,포스코퓨처엠,2026-08-31 15:40:20.866,200500.0,200700.49999999997,NXT_AFTER,NXT_AFTER,2026-08-31 15:40:18.214,2026-08-31 15:40:18.214,200500.0,2026-08-31 15:40:18.214,200500.0,0.0,0.0,False,,2026-08-31 15:40:22.306,200000.0,4.091878,-0.24937655860349126,-0.34902753107240436,0.24937655860349126,120,120.637,199900.0,-0.29925187032418954,-0.39885301730686823,0.0,-0.29925187032418954,-0.09990009990008542,-0.39885301730686823,COMPLETE
2026-08-31 15:42:22.804,v1.6.7,20260831_096770_BASE_E006_154022514923,BASE,096770,SK이노베이션,2026-08-31 15:40:22.514,125500.0,125625.49999999999,NXT_AFTER,NXT_AFTER,2026-08-31 15:40:18.213,2026-08-31 15:40:18.213,125500.0,2026-08-31 15:40:18.213,125500.0,0.0,0.0,False,,2026-08-31 15:40:26.803,125500.0,8.589694,0.0,-0.09990009990008832,0.0,120,120.289,125200.0,-0.2390438247011952,-0.3387051195816021,0.0796812749003984,-0.2390438247011952,-0.020298426672917085,-0.3387051195816021,COMPLETE
2026-08-31 15:43:20.203,v1.6.7,20260831_066570_BASE_E002_154018228279,BASE,066570,LG전자,2026-08-31 15:40:18.228,216500.0,216716.49999999997,NXT_AFTER,NXT_AFTER,2026-08-31 15:40:18.214,2026-08-31 15:40:18.214,216500.0,2026-08-31 15:40:18.214,216500.0,0.0,0.0,True,20260831_066570_SHADOW_SCORE_70_74_E002_140401673018,2026-08-31 15:40:18.303,216000.0,0.089716,-0.23094688221709006,-0.33061626595112553,0.23094688221709006,180,181.975,215000.0,-0.6928406466512702,-0.7920485980532037,0.0,-0.6928406466512702,-0.09990009990008648,-0.7920485980532037,COMPLETE
2026-08-31 15:43:24.105,v1.6.7,20260831_096770_BASE_E006_154022514923,BASE,096770,SK이노베이션,2026-08-31 15:40:22.514,125500.0,125625.49999999999,NXT_AFTER,NXT_AFTER,2026-08-31 15:40:18.213,2026-08-31 15:40:18.213,125500.0,2026-08-31 15:40:18.213,125500.0,0.0,0.0,False,,2026-08-31 15:40:26.803,125500.0,8.589694,0.0,-0.09990009990008832,0.0,180,181.591,125400.0,-0.0796812749003984,-0.17950177312725957,0.0796812749003984,-0.3187250996015936,-0.020298426672917085,-0.4183067928087733,COMPLETE
2026-08-31 15:43:30.203,v1.6.7,20260831_003670_BASE_E025_154020866696,BASE,003670,포스코퓨처엠,2026-08-31 15:40:20.866,200500.0,200700.49999999997,NXT_AFTER,NXT_AFTER,2026-08-31 15:40:18.214,2026-08-31 15:40:18.214,200500.0,2026-08-31 15:40:18.214,200500.0,0.0,0.0,False,,2026-08-31 15:40:22.306,200000.0,4.091878,-0.24937655860349126,-0.34902753107240436,0.24937655860349126,180,189.337,199900.0,-0.29925187032418954,-0.39885301730686823,0.0,-0.3491271820448878,-0.09990009990008542,-0.448678503541332,COMPLETE
2026-08-31 15:45:18.504,v1.6.7,20260831_066570_BASE_E002_154018228279,BASE,066570,LG전자,2026-08-31 15:40:18.228,216500.0,216716.49999999997,NXT_AFTER,NXT_AFTER,2026-08-31 15:40:18.214,2026-08-31 15:40:18.214,216500.0,2026-08-31 15:40:18.214,216500.0,0.0,0.0,True,20260831_066570_SHADOW_SCORE_70_74_E002_140401673018,2026-08-31 15:40:18.303,216000.0,0.089716,-0.23094688221709006,-0.33061626595112553,0.23094688221709006,300,300.276,214500.0,-0.9237875288683602,-1.0227647641042428,0.0,-0.9237875288683602,-0.09990009990008648,-1.0227647641042428,COMPLETE
2026-08-31 15:45:21.520,v1.6.7,20260831_003670_BASE_E025_154020866696,BASE,003670,포스코퓨처엠,2026-08-31 15:40:20.866,200500.0,200700.49999999997,NXT_AFTER,NXT_AFTER,2026-08-31 15:40:18.214,2026-08-31 15:40:18.214,200500.0,2026-08-31 15:40:18.214,200500.0,0.0,0.0,False,,2026-08-31 15:40:22.306,200000.0,4.091878,-0.24937655860349126,-0.34902753107240436,0.24937655860349126,300,300.654,199300.0,-0.5985037406483791,-0.6978059347136509,0.0,-0.5985037406483791,-0.09990009990008542,-0.6978059347136509,COMPLETE
2026-08-31 15:45:23.416,v1.6.7,20260831_096770_BASE_E006_154022514923,BASE,096770,SK이노베이션,2026-08-31 15:40:22.514,125500.0,125625.49999999999,NXT_AFTER,NXT_AFTER,2026-08-31 15:40:18.213,2026-08-31 15:40:18.213,125500.0,2026-08-31 15:40:18.213,125500.0,0.0,0.0,False,,2026-08-31 15:40:26.803,125500.0,8.589694,0.0,-0.09990009990008832,0.0,300,300.902,125500.0,0.0,-0.09990009990008832,0.0796812749003984,-0.3187250996015936,-0.020298426672917085,-0.4183067928087733,COMPLETE
2026-08-31 16:21:01.512,v1.6.7,20260831_011070_BASE_E002_162027151440,BASE,011070,LG이노텍,2026-08-31 16:20:27.151,642000.0,642641.9999999999,NXT_AFTER,NXT_AFTER,2026-08-31 16:20:27.108,2026-08-31 16:20:27.108,642000.0,2026-08-31 16:20:27.108,642000.0,0.0,0.0,False,,2026-08-31 16:20:30.609,641000.0,3.501359,-0.1557632398753894,-0.2555077321432281,0.1557632398753894,30,34.361,641000.0,-0.1557632398753894,-0.2555077321432281,0.0,-0.1557632398753894,-0.09990009990008179,-0.2555077321432281,COMPLETE
2026-08-31 16:21:30.316,v1.6.7,20260831_011070_BASE_E002_162027151440,BASE,011070,LG이노텍,2026-08-31 16:20:27.151,642000.0,642641.9999999999,NXT_AFTER,NXT_AFTER,2026-08-31 16:20:27.108,2026-08-31 16:20:27.108,642000.0,2026-08-31 16:20:27.108,642000.0,0.0,0.0,False,,2026-08-31 16:20:30.609,641000.0,3.501359,-0.1557632398753894,-0.2555077321432281,0.1557632398753894,60,63.165,641000.0,-0.1557632398753894,-0.2555077321432281,0.0,-0.1557632398753894,-0.09990009990008179,-0.2555077321432281,COMPLETE
2026-08-31 16:22:31.514,v1.6.7,20260831_011070_BASE_E002_162027151440,BASE,011070,LG이노텍,2026-08-31 16:20:27.151,642000.0,642641.9999999999,NXT_AFTER,NXT_AFTER,2026-08-31 16:20:27.108,2026-08-31 16:20:27.108,642000.0,2026-08-31 16:20:27.108,642000.0,0.0,0.0,False,,2026-08-31 16:20:30.609,641000.0,3.501359,-0.1557632398753894,-0.2555077321432281,0.1557632398753894,120,124.363,641000.0,-0.1557632398753894,-0.2555077321432281,0.0,-0.1557632398753894,-0.09990009990008179,-0.2555077321432281,COMPLETE
2026-08-31 16:23:27.318,v1.6.7,20260831_011070_BASE_E002_162027151440,BASE,011070,LG이노텍,2026-08-31 16:20:27.151,642000.0,642641.9999999999,NXT_AFTER,NXT_AFTER,2026-08-31 16:20:27.108,2026-08-31 16:20:27.108,642000.0,2026-08-31 16:20:27.108,642000.0,0.0,0.0,False,,2026-08-31 16:20:30.609,641000.0,3.501359,-0.1557632398753894,-0.2555077321432281,0.1557632398753894,180,180.167,642000.0,0.0,-0.09990009990008179,0.0,-0.1557632398753894,-0.09990009990008179,-0.2555077321432281,COMPLETE
2026-08-31 16:25:30.020,v1.6.7,20260831_011070_BASE_E002_162027151440,BASE,011070,LG이노텍,2026-08-31 16:20:27.151,642000.0,642641.9999999999,NXT_AFTER,NXT_AFTER,2026-08-31 16:20:27.108,2026-08-31 16:20:27.108,642000.0,2026-08-31 16:20:27.108,642000.0,0.0,0.0,False,,2026-08-31 16:20:30.609,641000.0,3.501359,-0.1557632398753894,-0.2555077321432281,0.1557632398753894,300,302.869,642000.0,0.0,-0.09990009990008179,0.0,-0.1557632398753894,-0.09990009990008179,-0.2555077321432281,COMPLETE
2026-09-01 09:01:52.765,v1.6.7,20260901_028300_SHADOW_SCORE_70_74_E002_090122729069,SHADOW_SCORE_70_74,028300,HLB,2026-09-01 09:01:22.729,38250.0,38288.24999999999,MAIN,MAIN,2026-09-01 09:01:22.663,,,2026-09-01 09:01:22.663,38250.0,,,False,,2026-09-01 09:01:22.868,38200.0,0.205232,-0.130718954248366,-0.2304884657825645,0.130718954248366,30,30.037,37600.0,-1.6993464052287581,-1.797548856372367,0.39215686274509803,-1.9607843137254901,0.29186499774736974,-2.0587255881373343,COMPLETE
2026-09-01 09:02:22.775,v1.6.7,20260901_028300_SHADOW_SCORE_70_74_E002_090122729069,SHADOW_SCORE_70_74,028300,HLB,2026-09-01 09:01:22.729,38250.0,38288.24999999999,MAIN,MAIN,2026-09-01 09:01:22.663,,,2026-09-01 09:01:22.663,38250.0,,,False,,2026-09-01 09:01:22.868,38200.0,0.205232,-0.130718954248366,-0.2304884657825645,0.130718954248366,60,60.046,37300.0,-2.4836601307189543,-2.5810790516672686,0.39215686274509803,-3.0065359477124183,0.29186499774736974,-3.103432515197203,COMPLETE
2026-09-01 09:03:22.781,v1.6.7,20260901_028300_SHADOW_SCORE_70_74_E002_090122729069,SHADOW_SCORE_70_74,028300,HLB,2026-09-01 09:01:22.729,38250.0,38288.24999999999,MAIN,MAIN,2026-09-01 09:01:22.663,,,2026-09-01 09:01:22.663,38250.0,,,False,,2026-09-01 09:01:22.868,38200.0,0.205232,-0.130718954248366,-0.2304884657825645,0.130718954248366,120,120.052,37350.0,-2.3529411764705883,-2.450490685784785,0.39215686274509803,-3.0065359477124183,0.29186499774736974,-3.103432515197203,COMPLETE
2026-09-01 09:03:25.211,v1.6.7,20260901_090460_BASE_E001_090255104290,BASE,090460,비에이치,2026-09-01 09:02:55.104,20100.0,20120.1,MAIN,MAIN,2026-09-01 09:02:55.069,2026-09-01 09:02:55.069,20100.0,2026-09-01 09:02:55.069,20100.0,0.0,0.0,False,,2026-09-01 09:02:55.179,20100.0,0.109884,0.0,-0.09990009990009267,0.0,30,30.107,19870.0,-1.144278606965174,-1.2430355713937733,0.24875621890547264,-1.3432835820895521,0.1486076112941857,-1.4418417403491959,COMPLETE
2026-09-01 09:03:55.163,v1.6.7,20260901_090460_BASE_E001_090255104290,BASE,090460,비에이치,2026-09-01 09:02:55.104,20100.0,20120.1,MAIN,MAIN,2026-09-01 09:02:55.069,2026-09-01 09:02:55.069,20100.0,2026-09-01 09:02:55.069,20100.0,0.0,0.0,False,,2026-09-01 09:02:55.179,20100.0,0.109884,0.0,-0.09990009990009267,0.0,60,60.059,19930.0,-0.845771144278607,-0.9448263179606392,0.24875621890547264,-1.8407960199004976,0.1486076112941857,-1.9388571627377524,COMPLETE
2026-09-01 09:04:13.065,v1.6.7,20260901_096770_SHADOW_SCORE_70_74_E001_090342982929,SHADOW_SCORE_70_74,096770,SK이노베이션,2026-09-01 09:03:42.982,132400.0,132532.4,MAIN,MAIN,2026-09-01 09:03:42.965,,,2026-09-01 09:03:42.965,132400.0,,,False,,2026-09-01 09:03:43.070,132600.0,0.105057,0.1510574018126888,0.05100639541727594,0.1510574018126888,30,30.083,133400.0,0.7552870090634441,0.6546323766867618,0.7552870090634441,0.0,0.6546323766867618,-0.09990009990009552,COMPLETE
2026-09-01 09:04:22.763,v1.6.7,20260901_028300_SHADOW_SCORE_70_74_E002_090122729069,SHADOW_SCORE_70_74,028300,HLB,2026-09-01 09:01:22.729,38250.0,38288.24999999999,MAIN,MAIN,2026-09-01 09:01:22.663,,,2026-09-01 09:01:22.663,38250.0,,,False,,2026-09-01 09:01:22.868,38200.0,0.205232,-0.130718954248366,-0.2304884657825645,0.130718954248366,180,180.034,37250.0,-2.6143790849673203,-2.711667417549752,0.39215686274509803,-3.0065359477124183,0.29186499774736974,-3.103432515197203,COMPLETE
2026-09-01 09:04:27.963,v1.6.7,20260901_199430_SHADOW_SCORE_70_74_E001_090357962284,SHADOW_SCORE_70_74,199430,케이엔알시스템,2026-09-01 09:03:57.962,19600.0,19619.6,MAIN,MAIN,2026-09-01 09:03:57.948,,,2026-09-01 09:03:57.948,19600.0,,,False,,2026-09-01 09:03:58.163,19600.0,0.214954,0.0,-0.09990009990009248,0.0,30,30.001,19640.0,0.20408163265306123,0.10397765499807057,0.40816326530612246,0.0,0.30785540989623367,-0.09990009990009248,COMPLETE
2026-09-01 09:04:43.063,v1.6.7,20260901_096770_SHADOW_SCORE_70_74_E001_090342982929,SHADOW_SCORE_70_74,096770,SK이노베이션,2026-09-01 09:03:42.982,132400.0,132532.4,MAIN,MAIN,2026-09-01 09:03:42.965,,,2026-09-01 09:03:42.965,132400.0,,,False,,2026-09-01 09:03:43.070,132600.0,0.105057,0.1510574018126888,0.05100639541727594,0.1510574018126888,60,60.08,132800.0,0.3021148036253776,0.20191289073464738,1.2084592145015105,0.0,1.107351862638876,-0.09990009990009552,COMPLETE
2026-09-01 09:04:44.063,v1.6.7,20260901_001210_SHADOW_SCORE_70_74_E001_090413998013,SHADOW_SCORE_70_74,001210,금호전기,2026-09-01 09:04:13.998,13580.0,13593.579999999998,MAIN,MAIN,2026-09-01 09:04:13.988,,,2026-09-01 09:04:13.988,13580.0,,,False,,2026-09-01 09:04:14.030,13590.0,0.042896,0.07363770250368189,-0.02633596153476942,0.07363770250368189,30,30.066,13660.0,0.5891016200294551,0.48861300702244664,0.8100147275405009,-0.29455081001472755,0.7093054221183964,-0.3941566533613523,COMPLETE
2026-09-01 09:04:44.067,v1.6.7,20260901_090460_PRE_HISTORY_E001_090414006285,PRE_HISTORY,090460,비에이치,2026-09-01 09:04:14.006,20250.0,20270.249999999996,MAIN,MAIN,2026-09-01 09:04:13.990,2026-09-01 09:02:55.069,20100.0,2026-09-01 09:04:13.990,20250.0,78.920935,0.746268656716409,False,,2026-09-01 09:04:14.009,20200.0,0.018919,-0.24691358024691357,-0.346567013233662,0.24691358024691357,30,30.061,20100.0,-0.7407407407407408,-0.8399008399008222,0.0,-0.9876543209876543,-0.09990009990008197,-1.0865677532344022,COMPLETE
2026-09-01 09:04:55.265,v1.6.7,20260901_090460_BASE_E001_090255104290,BASE,090460,비에이치,2026-09-01 09:02:55.104,20100.0,20120.1,MAIN,MAIN,2026-09-01 09:02:55.069,2026-09-01 09:02:55.069,20100.0,2026-09-01 09:02:55.069,20100.0,0.0,0.0,False,,2026-09-01 09:02:55.179,20100.0,0.109884,0.0,-0.09990009990009267,0.0,120,120.161,20100.0,0.0,-0.09990009990009267,0.9950248756218906,-1.8407960199004976,0.8941307448770207,-1.9388571627377524,COMPLETE
2026-09-01 09:04:57.965,v1.6.7,20260901_199430_SHADOW_SCORE_70_74_E001_090357962284,SHADOW_SCORE_70_74,199430,케이엔알시스템,2026-09-01 09:03:57.962,19600.0,19619.6,MAIN,MAIN,2026-09-01 09:03:57.948,,,2026-09-01 09:03:57.948,19600.0,,,False,,2026-09-01 09:03:58.163,19600.0,0.214954,0.0,-0.09990009990009248,0.0,60,60.003,19660.0,0.30612244897959184,0.20591653244715213,0.40816326530612246,0.0,0.30785540989623367,-0.09990009990009248,COMPLETE
2026-09-01 09:04:59.266,v1.6.7,20260901_001210_BASE_E001_090429214141,BASE,001210,금호전기,2026-09-01 09:04:29.214,13660.0,13673.659999999998,MAIN,MAIN,2026-09-01 09:04:29.199,2026-09-01 09:04:29.199,13660.0,2026-09-01 09:04:29.199,13660.0,0.0,0.0,True,20260901_001210_SHADOW_SCORE_70_74_E001_090413998013,2026-09-01 09:04:29.266,13650.0,0.06641,-0.07320644216691069,-0.1730334087581382,0.07320644216691069,30,30.052,13670.0,0.07320644216691069,-0.0267667910420329,0.21961932650073207,-0.5124450951683748,0.1194998266740724,-0.611833261906454,COMPLETE
2026-09-01 09:05:14.113,v1.6.7,20260901_001210_SHADOW_SCORE_70_74_E001_090413998013,SHADOW_SCORE_70_74,001210,금호전기,2026-09-01 09:04:13.998,13580.0,13593.579999999998,MAIN,MAIN,2026-09-01 09:04:13.988,,,2026-09-01 09:04:13.988,13580.0,,,False,,2026-09-01 09:04:14.030,13590.0,0.042896,0.07363770250368189,-0.02633596153476942,0.07363770250368189,60,60.115,13740.0,1.1782032400589102,1.0771261139449793,1.9882179675994107,-0.29455081001472755,1.8863316359634614,-0.3941566533613523,COMPLETE
2026-09-01 09:05:14.132,v1.6.7,20260901_090460_PRE_HISTORY_E001_090414006285,PRE_HISTORY,090460,비에이치,2026-09-01 09:04:14.006,20250.0,20270.249999999996,MAIN,MAIN,2026-09-01 09:04:13.990,2026-09-01 09:02:55.069,20100.0,2026-09-01 09:04:13.990,20250.0,78.920935,0.746268656716409,False,,2026-09-01 09:04:14.009,20200.0,0.018919,-0.24691358024691357,-0.346567013233662,0.24691358024691357,60,60.126,20050.0,-0.9876543209876543,-1.0865677532344022,0.0,-1.2345679012345678,-0.09990009990008197,-1.3332346665679822,COMPLETE
2026-09-01 09:05:14.765,v1.6.7,20260901_096770_BASE_E001_090444690185,BASE,096770,SK이노베이션,2026-09-01 09:04:44.690,132800.0,132932.8,MAIN,MAIN,2026-09-01 09:04:44.659,2026-09-01 09:04:44.659,132800.0,2026-09-01 09:04:44.659,132800.0,0.0,0.0,True,20260901_096770_SHADOW_SCORE_70_74_E001_090342982929,2026-09-01 09:04:44.766,132700.0,0.106491,-0.07530120481927711,-0.17512607874052782,0.07530120481927711,30,30.075,133400.0,0.4518072289156626,0.3514557731425289,0.6024096385542169,-0.07530120481927711,0.5019077308234022,-0.17512607874052782,COMPLETE
2026-09-01 09:05:29.263,v1.6.7,20260901_001210_BASE_E001_090429214141,BASE,001210,금호전기,2026-09-01 09:04:29.214,13660.0,13673.659999999998,MAIN,MAIN,2026-09-01 09:04:29.199,2026-09-01 09:04:29.199,13660.0,2026-09-01 09:04:29.199,13660.0,0.0,0.0,True,20260901_001210_SHADOW_SCORE_70_74_E001_090413998013,2026-09-01 09:04:29.266,13650.0,0.06641,-0.07320644216691069,-0.1730334087581382,0.07320644216691069,60,60.049,13710.0,0.36603221083455345,0.2657664443901777,1.390922401171303,-0.5124450951683748,1.2896327684029147,-0.611833261906454,COMPLETE
2026-09-01 09:05:30.264,v1.6.7,20260901_096770_CONFIRM_E001_090500256322,CONFIRM,096770,SK이노베이션,2026-09-01 09:05:00.256,133500.0,133633.49999999997,MAIN,MAIN,2026-09-01 09:05:00.245,2026-09-01 09:04:44.659,132800.0,2026-09-01 09:05:00.245,133500.0,15.585551,0.5271084337349352,True,20260901_096770_SHADOW_SCORE_70_74_E001_090342982929,2026-09-01 09:05:00.265,133500.0,0.020319,0.0,-0.09990009990007816,0.0,30,30.009,134100.0,0.44943820224719105,0.3490891131340788,0.5243445692883896,-0.22471910112359553,0.42392064863977164,-0.3243947064171566,COMPLETE
2026-09-01 09:05:30.376,v1.6.7,20260901_096770_LIVE_FILTER_SHADOW_E001_090500287646,LIVE_FILTER_SHADOW,096770,SK이노베이션,2026-09-01 09:05:00.287,133500.0,133633.49999999997,MAIN,MAIN,2026-09-01 09:05:00.245,2026-09-01 09:04:44.659,132800.0,2026-09-01 09:05:00.245,133500.0,15.585551,0.5271084337349352,True,20260901_096770_SHADOW_SCORE_70_74_E001_090342982929,2026-09-01 09:05:00.364,133500.0,0.118802,0.0,-0.09990009990007816,0.0,30,30.089,134000.0,0.37453183520599254,0.274257577628386,0.5243445692883896,-0.22471910112359553,0.42392064863977164,-0.3243947064171566,COMPLETE
2026-09-01 09:05:30.464,v1.6.7,20260901_090460_LIVE_FILTER_SHADOW_E001_090500307895,LIVE_FILTER_SHADOW,090460,비에이치,2026-09-01 09:05:00.307,20100.0,20120.1,MAIN,MAIN,2026-09-01 09:05:00.243,2026-09-01 09:02:55.069,20100.0,2026-09-01 09:05:00.243,20100.0,125.173431,0.0,False,,2026-09-01 09:05:00.364,20050.0,0.121011,-0.24875621890547264,-0.3484078110943711,0.24875621890547264,30,30.157,20150.0,0.24875621890547264,0.1486076112941857,0.24875621890547264,-0.4975124378109453,0.1486076112941857,-0.5969155222886494,COMPLETE
2026-09-01 09:05:43.070,v1.6.7,20260901_096770_SHADOW_SCORE_70_74_E001_090342982929,SHADOW_SCORE_70_74,096770,SK이노베이션,2026-09-01 09:03:42.982,132400.0,132532.4,MAIN,MAIN,2026-09-01 09:03:42.965,,,2026-09-01 09:03:42.965,132400.0,,,False,,2026-09-01 09:03:43.070,132600.0,0.105057,0.1510574018126888,0.05100639541727594,0.1510574018126888,120,120.087,134200.0,1.3595166163141994,1.2582583579562476,1.5105740181268883,0.0,1.409164853273619,-0.09990009990009552,COMPLETE
2026-09-01 09:05:44.768,v1.6.7,20260901_096770_BASE_E001_090444690185,BASE,096770,SK이노베이션,2026-09-01 09:04:44.690,132800.0,132932.8,MAIN,MAIN,2026-09-01 09:04:44.659,2026-09-01 09:04:44.659,132800.0,2026-09-01 09:04:44.659,132800.0,0.0,0.0,True,20260901_096770_SHADOW_SCORE_70_74_E001_090342982929,2026-09-01 09:04:44.766,132700.0,0.106491,-0.07530120481927711,-0.17512607874052782,0.07530120481927711,60,60.078,133900.0,0.8283132530120483,0.7275856673447123,1.2048192771084338,-0.07530120481927711,1.1037155615468957,-0.17512607874052782,COMPLETE
2026-09-01 09:05:55.166,v1.6.7,20260901_090460_BASE_E001_090255104290,BASE,090460,비에이치,2026-09-01 09:02:55.104,20100.0,20120.1,MAIN,MAIN,2026-09-01 09:02:55.069,2026-09-01 09:02:55.069,20100.0,2026-09-01 09:02:55.069,20100.0,0.0,0.0,False,,2026-09-01 09:02:55.179,20100.0,0.109884,0.0,-0.09990009990009267,0.0,180,180.062,19910.0,-0.9452736318407959,-1.0442294024383505,0.9950248756218906,-1.8407960199004976,0.8941307448770207,-1.9388571627377524,COMPLETE
2026-09-01 09:05:58.063,v1.6.7,20260901_199430_SHADOW_SCORE_70_74_E001_090357962284,SHADOW_SCORE_70_74,199430,케이엔알시스템,2026-09-01 09:03:57.962,19600.0,19619.6,MAIN,MAIN,2026-09-01 09:03:57.948,,,2026-09-01 09:03:57.948,19600.0,,,False,,2026-09-01 09:03:58.163,19600.0,0.214954,0.0,-0.09990009990009248,0.0,120,120.101,19100.0,-2.5510204081632653,-2.6483720361271312,0.40816326530612246,-2.806122448979592,0.30785540989623367,-2.9032192297498347,COMPLETE
2026-09-01 09:06:00.321,v1.6.7,20260901_090460_LIVE_FILTER_SHADOW_E001_090500307895,LIVE_FILTER_SHADOW,090460,비에이치,2026-09-01 09:05:00.307,20100.0,20120.1,MAIN,MAIN,2026-09-01 09:05:00.243,2026-09-01 09:02:55.069,20100.0,2026-09-01 09:05:00.243,20100.0,125.173431,0.0,False,,2026-09-01 09:05:00.364,20050.0,0.121011,-0.24875621890547264,-0.3484078110943711,0.24875621890547264,60,60.014,19880.0,-1.0945273631840797,-1.1933340291549177,0.4975124378109453,-1.3930348258706469,0.3971153224884641,-1.4915432825880517,COMPLETE
2026-09-01 09:06:00.330,v1.6.7,20260901_096770_CONFIRM_E001_090500256322,CONFIRM,096770,SK이노베이션,2026-09-01 09:05:00.256,133500.0,133633.49999999997,MAIN,MAIN,2026-09-01 09:05:00.245,2026-09-01 09:04:44.659,132800.0,2026-09-01 09:05:00.245,133500.0,15.585551,0.5271084337349352,True,20260901_096770_SHADOW_SCORE_70_74_E001_090342982929,2026-09-01 09:05:00.265,133500.0,0.020319,0.0,-0.09990009990007816,0.0,60,60.075,133000.0,-0.37453183520599254,-0.4740577774285422,0.6741573033707865,-0.599250936329588,0.5735837196511573,-0.6985523839456207,COMPLETE
2026-09-01 09:06:00.330,v1.6.7,20260901_096770_LIVE_FILTER_SHADOW_E001_090500287646,LIVE_FILTER_SHADOW,096770,SK이노베이션,2026-09-01 09:05:00.287,133500.0,133633.49999999997,MAIN,MAIN,2026-09-01 09:05:00.245,2026-09-01 09:04:44.659,132800.0,2026-09-01 09:05:00.245,133500.0,15.585551,0.5271084337349352,True,20260901_096770_SHADOW_SCORE_70_74_E001_090342982929,2026-09-01 09:05:00.364,133500.0,0.118802,0.0,-0.09990009990007816,0.0,60,60.043,133000.0,-0.37453183520599254,-0.4740577774285422,0.6741573033707865,-0.599250936329588,0.5735837196511573,-0.6985523839456207,COMPLETE
2026-09-01 09:06:01.663,v1.6.7,20260901_096770_PRE_HISTORY_E001_090531586331,PRE_HISTORY,096770,SK이노베이션,2026-09-01 09:05:31.586,134100.0,134234.09999999998,MAIN,MAIN,2026-09-01 09:05:31.564,2026-09-01 09:04:44.659,132800.0,2026-09-01 09:05:31.564,134100.0,46.905306,0.9789156626506035,True,20260901_096770_SHADOW_SCORE_70_74_E001_090342982929,2026-09-01 09:05:31.664,134100.0,0.099502,0.0,-0.09990009990008257,0.0,30,30.078,133000.0,-0.8202833706189411,-0.9193640066123115,0.22371364653243847,-1.0439970171513795,0.12359005647597988,-1.1428541629883742,COMPLETE
2026-09-01 09:06:14.012,v1.6.7,20260901_001210_SHADOW_SCORE_70_74_E001_090413998013,SHADOW_SCORE_70_74,001210,금호전기,2026-09-01 09:04:13.998,13580.0,13593.579999999998,MAIN,MAIN,2026-09-01 09:04:13.988,,,2026-09-01 09:04:13.988,13580.0,,,False,,2026-09-01 09:04:14.030,13590.0,0.042896,0.07363770250368189,-0.02633596153476942,0.07363770250368189,120,120.014,14040.0,3.3873343151693667,3.2840502649044763,3.5346097201767304,-0.29455081001472755,3.4311785416351097,-0.3941566533613523,COMPLETE
2026-09-01 09:06:14.018,v1.6.7,20260901_090460_PRE_HISTORY_E001_090414006285,PRE_HISTORY,090460,비에이치,2026-09-01 09:04:14.006,20250.0,20270.249999999996,MAIN,MAIN,2026-09-01 09:04:13.990,2026-09-01 09:02:55.069,20100.0,2026-09-01 09:04:13.990,20250.0,78.920935,0.746268656716409,False,,2026-09-01 09:04:14.009,20200.0,0.018919,-0.24691358024691357,-0.346567013233662,0.24691358024691357,120,120.012,19800.0,-2.2222222222222223,-2.3199023199023023,0.0,-2.419753086419753,-0.09990009990008197,-2.5172358505691665,COMPLETE
2026-09-01 09:06:23.162,v1.6.7,20260901_028300_SHADOW_SCORE_70_74_E002_090122729069,SHADOW_SCORE_70_74,028300,HLB,2026-09-01 09:01:22.729,38250.0,38288.24999999999,MAIN,MAIN,2026-09-01 09:01:22.663,,,2026-09-01 09:01:22.663,38250.0,,,False,,2026-09-01 09:01:22.868,38200.0,0.205232,-0.130718954248366,-0.2304884657825645,0.130718954248366,300,300.434,36800.0,-3.7908496732026142,-3.8869627104921043,0.39215686274509803,-3.9215686274509802,0.29186499774736974,-4.017551076374588,COMPLETE
2026-09-01 09:06:29.262,v1.6.7,20260901_001210_BASE_E001_090429214141,BASE,001210,금호전기,2026-09-01 09:04:29.214,13660.0,13673.659999999998,MAIN,MAIN,2026-09-01 09:04:29.199,2026-09-01 09:04:29.199,13660.0,2026-09-01 09:04:29.199,13660.0,0.0,0.0,True,20260901_001210_SHADOW_SCORE_70_74_E001_090413998013,2026-09-01 09:04:29.266,13650.0,0.06641,-0.07320644216691069,-0.1730334087581382,0.07320644216691069,120,120.049,13820.0,1.171303074670571,1.0702328418287568,3.22108345534407,-0.5124450951683748,3.117965489854231,-0.611833261906454,COMPLETE
2026-09-01 09:06:31.664,v1.6.7,20260901_096770_PRE_HISTORY_E001_090531586331,PRE_HISTORY,096770,SK이노베이션,2026-09-01 09:05:31.586,134100.0,134234.09999999998,MAIN,MAIN,2026-09-01 09:05:31.564,2026-09-01 09:04:44.659,132800.0,2026-09-01 09:05:31.564,134100.0,46.905306,0.9789156626506035,True,20260901_096770_SHADOW_SCORE_70_74_E001_090342982929,2026-09-01 09:05:31.664,134100.0,0.099502,0.0,-0.09990009990008257,0.0,60,60.078,133900.0,-0.14914243102162564,-0.2488935374841242,0.22371364653243847,-1.0439970171513795,0.12359005647597988,-1.1428541629883742,COMPLETE
2026-09-01 09:06:37.263,v1.6.7,20260901_001210_LIVE_FILTER_SHADOW_E001_090607239207,LIVE_FILTER_SHADOW,001210,금호전기,2026-09-01 09:06:07.239,13930.0,13943.929999999998,MAIN,MAIN,2026-09-01 09:06:07.190,2026-09-01 09:04:29.199,13660.0,2026-09-01 09:06:07.190,13930.0,97.990727,1.9765739385065872,True,20260901_001210_SHADOW_SCORE_70_74_E001_090413998013,2026-09-01 09:06:07.277,13945.0,0.08658,0.10768126346015792,0.007673589870298603,0.10768126346015792,30,30.024,13760.0,-1.2203876525484567,-1.3190685839644813,1.2203876525484567,-2.2254127781765973,1.1192683841643034,-2.3230896884880985,COMPLETE
2026-09-01 09:06:37.263,v1.6.7,20260901_001210_PRE_HISTORY_E001_090607232719,PRE_HISTORY,001210,금호전기,2026-09-01 09:06:07.232,13930.0,13943.929999999998,MAIN,MAIN,2026-09-01 09:06:07.190,2026-09-01 09:04:29.199,13660.0,2026-09-01 09:06:07.190,13930.0,97.990727,1.9765739385065872,True,20260901_001210_SHADOW_SCORE_70_74_E001_090413998013,2026-09-01 09:06:07.277,13945.0,0.08658,0.10768126346015792,0.007673589870298603,0.10768126346015792,30,30.031,13760.0,-1.2203876525484567,-1.3190685839644813,1.2203876525484567,-2.2254127781765973,1.1192683841643034,-2.3230896884880985,COMPLETE
2026-09-01 09:06:43.065,v1.6.7,20260901_096770_SHADOW_SCORE_70_74_E001_090342982929,SHADOW_SCORE_70_74,096770,SK이노베이션,2026-09-01 09:03:42.982,132400.0,132532.4,MAIN,MAIN,2026-09-01 09:03:42.965,,,2026-09-01 09:03:42.965,132400.0,,,False,,2026-09-01 09:03:43.070,132600.0,0.105057,0.1510574018126888,0.05100639541727594,0.1510574018126888,180,180.082,134000.0,1.2084592145015105,1.107351862638876,1.5861027190332326,0.0,1.4846181009323047,-0.09990009990009552,COMPLETE
2026-09-01 09:06:44.764,v1.6.7,20260901_096770_BASE_E001_090444690185,BASE,096770,SK이노베이션,2026-09-01 09:04:44.690,132800.0,132932.8,MAIN,MAIN,2026-09-01 09:04:44.659,2026-09-01 09:04:44.659,132800.0,2026-09-01 09:04:44.659,132800.0,0.0,0.0,True,20260901_096770_SHADOW_SCORE_70_74_E001_090342982929,2026-09-01 09:04:44.766,132700.0,0.106491,-0.07530120481927711,-0.17512607874052782,0.07530120481927711,120,120.075,134100.0,0.9789156626506025,0.8780376250255857,1.2801204819277108,-0.07530120481927711,1.1789415403873322,-0.17512607874052782,COMPLETE
2026-09-01 09:06:57.964,v1.6.7,20260901_199430_SHADOW_SCORE_70_74_E001_090357962284,SHADOW_SCORE_70_74,199430,케이엔알시스템,2026-09-01 09:03:57.962,19600.0,19619.6,MAIN,MAIN,2026-09-01 09:03:57.948,,,2026-09-01 09:03:57.948,19600.0,,,False,,2026-09-01 09:03:58.163,19600.0,0.214954,0.0,-0.09990009990009248,0.0,180,180.002,19320.0,-1.4285714285714286,-1.527044384187234,0.40816326530612246,-2.806122448979592,0.30785540989623367,-2.9032192297498347,COMPLETE
2026-09-01 09:07:00.268,v1.6.7,20260901_096770_CONFIRM_E001_090500256322,CONFIRM,096770,SK이노베이션,2026-09-01 09:05:00.256,133500.0,133633.49999999997,MAIN,MAIN,2026-09-01 09:05:00.245,2026-09-01 09:04:44.659,132800.0,2026-09-01 09:05:00.245,133500.0,15.585551,0.5271084337349352,True,20260901_096770_SHADOW_SCORE_70_74_E001_090342982929,2026-09-01 09:05:00.265,133500.0,0.020319,0.0,-0.09990009990007816,0.0,120,120.012,133900.0,0.299625468164794,0.19942604212269316,0.7490636704119851,-0.599250936329588,0.6484152551568501,-0.6985523839456207,COMPLETE
2026-09-01 09:07:00.363,v1.6.7,20260901_090460_LIVE_FILTER_SHADOW_E001_090500307895,LIVE_FILTER_SHADOW,090460,비에이치,2026-09-01 09:05:00.307,20100.0,20120.1,MAIN,MAIN,2026-09-01 09:05:00.243,2026-09-01 09:02:55.069,20100.0,2026-09-01 09:05:00.243,20100.0,125.173431,0.0,False,,2026-09-01 09:05:00.364,20050.0,0.121011,-0.24875621890547264,-0.3484078110943711,0.24875621890547264,120,120.055,19840.0,-1.2935323383084576,-1.39214019811034,0.4975124378109453,-1.691542288557214,0.3971153224884641,-1.7897525360211857,COMPLETE
2026-09-01 09:07:00.369,v1.6.7,20260901_096770_LIVE_FILTER_SHADOW_E001_090500287646,LIVE_FILTER_SHADOW,096770,SK이노베이션,2026-09-01 09:05:00.287,133500.0,133633.49999999997,MAIN,MAIN,2026-09-01 09:05:00.245,2026-09-01 09:04:44.659,132800.0,2026-09-01 09:05:00.245,133500.0,15.585551,0.5271084337349352,True,20260901_096770_SHADOW_SCORE_70_74_E001_090342982929,2026-09-01 09:05:00.364,133500.0,0.118802,0.0,-0.09990009990007816,0.0,120,120.082,133900.0,0.299625468164794,0.19942604212269316,0.7490636704119851,-0.599250936329588,0.6484152551568501,-0.6985523839456207,COMPLETE
2026-09-01 09:07:07.263,v1.6.7,20260901_001210_LIVE_FILTER_SHADOW_E001_090607239207,LIVE_FILTER_SHADOW,001210,금호전기,2026-09-01 09:06:07.239,13930.0,13943.929999999998,MAIN,MAIN,2026-09-01 09:06:07.190,2026-09-01 09:04:29.199,13660.0,2026-09-01 09:06:07.190,13930.0,97.990727,1.9765739385065872,True,20260901_001210_SHADOW_SCORE_70_74_E001_090413998013,2026-09-01 09:06:07.277,13945.0,0.08658,0.10768126346015792,0.007673589870298603,0.10768126346015792,60,60.025,13970.0,0.2871500358937545,0.18696307282094454,1.2203876525484567,-2.2254127781765973,1.1192683841643034,-2.3230896884880985,COMPLETE
2026-09-01 09:07:07.263,v1.6.7,20260901_001210_PRE_HISTORY_E001_090607232719,PRE_HISTORY,001210,금호전기,2026-09-01 09:06:07.232,13930.0,13943.929999999998,MAIN,MAIN,2026-09-01 09:06:07.190,2026-09-01 09:04:29.199,13660.0,2026-09-01 09:06:07.190,13930.0,97.990727,1.9765739385065872,True,20260901_001210_SHADOW_SCORE_70_74_E001_090413998013,2026-09-01 09:06:07.277,13945.0,0.08658,0.10768126346015792,0.007673589870298603,0.10768126346015792,60,60.031,13970.0,0.2871500358937545,0.18696307282094454,1.2203876525484567,-2.2254127781765973,1.1192683841643034,-2.3230896884880985,COMPLETE
2026-09-01 09:07:14.063,v1.6.7,20260901_001210_SHADOW_SCORE_70_74_E001_090413998013,SHADOW_SCORE_70_74,001210,금호전기,2026-09-01 09:04:13.998,13580.0,13593.579999999998,MAIN,MAIN,2026-09-01 09:04:13.988,,,2026-09-01 09:04:13.988,13580.0,,,False,,2026-09-01 09:04:14.030,13590.0,0.042896,0.07363770250368189,-0.02633596153476942,0.07363770250368189,180,180.066,13980.0,2.945508100147275,2.8426654347125773,3.829160530191458,-0.29455081001472755,3.7254350950963757,-0.3941566533613523,COMPLETE
2026-09-01 09:07:14.076,v1.6.7,20260901_090460_PRE_HISTORY_E001_090414006285,PRE_HISTORY,090460,비에이치,2026-09-01 09:04:14.006,20250.0,20270.249999999996,MAIN,MAIN,2026-09-01 09:04:13.990,2026-09-01 09:02:55.069,20100.0,2026-09-01 09:04:13.990,20250.0,78.920935,0.746268656716409,False,,2026-09-01 09:04:14.009,20200.0,0.018919,-0.24691358024691357,-0.346567013233662,0.24691358024691357,180,180.07,19840.0,-2.0246913580246915,-2.1225687892354386,0.0,-2.419753086419753,-0.09990009990008197,-2.5172358505691665,COMPLETE
2026-09-01 09:07:29.266,v1.6.7,20260901_001210_BASE_E001_090429214141,BASE,001210,금호전기,2026-09-01 09:04:29.214,13660.0,13673.659999999998,MAIN,MAIN,2026-09-01 09:04:29.199,2026-09-01 09:04:29.199,13660.0,2026-09-01 09:04:29.199,13660.0,0.0,0.0,True,20260901_001210_SHADOW_SCORE_70_74_E001_090413998013,2026-09-01 09:04:29.266,13650.0,0.06641,-0.07320644216691069,-0.1730334087581382,0.07320644216691069,180,180.053,13940.0,2.049780380673499,1.9478325481253884,3.22108345534407,-0.5124450951683748,3.117965489854231,-0.611833261906454,COMPLETE
2026-09-01 09:07:31.711,v1.6.7,20260901_096770_PRE_HISTORY_E001_090531586331,PRE_HISTORY,096770,SK이노베이션,2026-09-01 09:05:31.586,134100.0,134234.09999999998,MAIN,MAIN,2026-09-01 09:05:31.564,2026-09-01 09:04:44.659,132800.0,2026-09-01 09:05:31.564,134100.0,46.905306,0.9789156626506035,True,20260901_096770_SHADOW_SCORE_70_74_E001_090342982929,2026-09-01 09:05:31.664,134100.0,0.099502,0.0,-0.09990009990008257,0.0,120,120.125,134000.0,-0.07457121551081282,-0.17439681869210338,0.2982848620432513,-1.0439970171513795,0.19808677526800073,-1.1428541629883742,COMPLETE
2026-09-01 09:07:44.864,v1.6.7,20260901_096770_BASE_E001_090444690185,BASE,096770,SK이노베이션,2026-09-01 09:04:44.690,132800.0,132932.8,MAIN,MAIN,2026-09-01 09:04:44.659,2026-09-01 09:04:44.659,132800.0,2026-09-01 09:04:44.659,132800.0,0.0,0.0,True,20260901_096770_SHADOW_SCORE_70_74_E001_090342982929,2026-09-01 09:04:44.766,132700.0,0.106491,-0.07530120481927711,-0.17512607874052782,0.07530120481927711,180,180.174,133900.0,0.8283132530120483,0.7275856673447123,1.2801204819277108,-0.07530120481927711,1.1789415403873322,-0.17512607874052782,COMPLETE
2026-09-01 09:07:55.161,v1.6.7,20260901_090460_BASE_E001_090255104290,BASE,090460,비에이치,2026-09-01 09:02:55.104,20100.0,20120.1,MAIN,MAIN,2026-09-01 09:02:55.069,2026-09-01 09:02:55.069,20100.0,2026-09-01 09:02:55.069,20100.0,0.0,0.0,False,,2026-09-01 09:02:55.179,20100.0,0.109884,0.0,-0.09990009990009267,0.0,300,300.057,19870.0,-1.144278606965174,-1.2430355713937733,0.9950248756218906,-2.2388059701492535,0.8941307448770207,-2.336469500648598,COMPLETE
2026-09-01 09:08:00.362,v1.6.7,20260901_096770_CONFIRM_E001_090500256322,CONFIRM,096770,SK이노베이션,2026-09-01 09:05:00.256,133500.0,133633.49999999997,MAIN,MAIN,2026-09-01 09:05:00.245,2026-09-01 09:04:44.659,132800.0,2026-09-01 09:05:00.245,133500.0,15.585551,0.5271084337349352,True,20260901_096770_SHADOW_SCORE_70_74_E001_090342982929,2026-09-01 09:05:00.265,133500.0,0.020319,0.0,-0.09990009990007816,0.0,180,180.106,134100.0,0.44943820224719105,0.3490891131340788,0.7490636704119851,-0.599250936329588,0.6484152551568501,-0.6985523839456207,COMPLETE
2026-09-01 09:08:00.362,v1.6.7,20260901_096770_LIVE_FILTER_SHADOW_E001_090500287646,LIVE_FILTER_SHADOW,096770,SK이노베이션,2026-09-01 09:05:00.287,133500.0,133633.49999999997,MAIN,MAIN,2026-09-01 09:05:00.245,2026-09-01 09:04:44.659,132800.0,2026-09-01 09:05:00.245,133500.0,15.585551,0.5271084337349352,True,20260901_096770_SHADOW_SCORE_70_74_E001_090342982929,2026-09-01 09:05:00.364,133500.0,0.118802,0.0,-0.09990009990007816,0.0,180,180.075,134100.0,0.44943820224719105,0.3490891131340788,0.7490636704119851,-0.599250936329588,0.6484152551568501,-0.6985523839456207,COMPLETE
2026-09-01 09:08:00.463,v1.6.7,20260901_090460_LIVE_FILTER_SHADOW_E001_090500307895,LIVE_FILTER_SHADOW,090460,비에이치,2026-09-01 09:05:00.307,20100.0,20120.1,MAIN,MAIN,2026-09-01 09:05:00.243,2026-09-01 09:02:55.069,20100.0,2026-09-01 09:05:00.243,20100.0,125.173431,0.0,False,,2026-09-01 09:05:00.364,20050.0,0.121011,-0.24875621890547264,-0.3484078110943711,0.24875621890547264,180,180.156,19890.0,-1.0447761194029852,-1.143632486916062,0.4975124378109453,-2.2388059701492535,0.3971153224884641,-2.336469500648598,COMPLETE
2026-09-01 09:08:07.263,v1.6.7,20260901_001210_LIVE_FILTER_SHADOW_E001_090607239207,LIVE_FILTER_SHADOW,001210,금호전기,2026-09-01 09:06:07.239,13930.0,13943.929999999998,MAIN,MAIN,2026-09-01 09:06:07.190,2026-09-01 09:04:29.199,13660.0,2026-09-01 09:06:07.190,13930.0,97.990727,1.9765739385065872,True,20260901_001210_SHADOW_SCORE_70_74_E001_090413998013,2026-09-01 09:06:07.277,13945.0,0.08658,0.10768126346015792,0.007673589870298603,0.10768126346015792,120,120.024,13860.0,-0.5025125628140703,-0.6019106521618975,1.2203876525484567,-2.2254127781765973,1.1192683841643034,-2.3230896884880985,COMPLETE
2026-09-01 09:08:07.263,v1.6.7,20260901_001210_PRE_HISTORY_E001_090607232719,PRE_HISTORY,001210,금호전기,2026-09-01 09:06:07.232,13930.0,13943.929999999998,MAIN,MAIN,2026-09-01 09:06:07.190,2026-09-01 09:04:29.199,13660.0,2026-09-01 09:06:07.190,13930.0,97.990727,1.9765739385065872,True,20260901_001210_SHADOW_SCORE_70_74_E001_090413998013,2026-09-01 09:06:07.277,13945.0,0.08658,0.10768126346015792,0.007673589870298603,0.10768126346015792,120,120.031,13860.0,-0.5025125628140703,-0.6019106521618975,1.2203876525484567,-2.2254127781765973,1.1192683841643034,-2.3230896884880985,COMPLETE
2026-09-01 09:08:31.680,v1.6.7,20260901_096770_PRE_HISTORY_E001_090531586331,PRE_HISTORY,096770,SK이노베이션,2026-09-01 09:05:31.586,134100.0,134234.09999999998,MAIN,MAIN,2026-09-01 09:05:31.564,2026-09-01 09:04:44.659,132800.0,2026-09-01 09:05:31.564,134100.0,46.905306,0.9789156626506035,True,20260901_096770_SHADOW_SCORE_70_74_E001_090342982929,2026-09-01 09:05:31.664,134100.0,0.099502,0.0,-0.09990009990008257,0.0,180,180.094,134300.0,0.14914243102162564,0.04909333768395906,0.2982848620432513,-1.0439970171513795,0.19808677526800073,-1.1428541629883742,COMPLETE
2026-09-01 09:08:43.062,v1.6.7,20260901_096770_SHADOW_SCORE_70_74_E001_090342982929,SHADOW_SCORE_70_74,096770,SK이노베이션,2026-09-01 09:03:42.982,132400.0,132532.4,MAIN,MAIN,2026-09-01 09:03:42.965,,,2026-09-01 09:03:42.965,132400.0,,,False,,2026-09-01 09:03:43.070,132600.0,0.105057,0.1510574018126888,0.05100639541727594,0.1510574018126888,300,300.079,134400.0,1.5105740181268883,1.409164853273619,1.5861027190332326,0.0,1.4846181009323047,-0.09990009990009552,COMPLETE
2026-09-01 09:08:57.962,v1.6.7,20260901_199430_SHADOW_SCORE_70_74_E001_090357962284,SHADOW_SCORE_70_74,199430,케이엔알시스템,2026-09-01 09:03:57.962,19600.0,19619.6,MAIN,MAIN,2026-09-01 09:03:57.948,,,2026-09-01 09:03:57.948,19600.0,,,False,,2026-09-01 09:03:58.163,19600.0,0.214954,0.0,-0.09990009990009248,0.0,300,300.001,19050.0,-2.806122448979592,-2.9032192297498347,0.40816326530612246,-2.806122448979592,0.30785540989623367,-2.9032192297498347,COMPLETE
2026-09-01 09:09:07.261,v1.6.7,20260901_001210_LIVE_FILTER_SHADOW_E001_090607239207,LIVE_FILTER_SHADOW,001210,금호전기,2026-09-01 09:06:07.239,13930.0,13943.929999999998,MAIN,MAIN,2026-09-01 09:06:07.190,2026-09-01 09:04:29.199,13660.0,2026-09-01 09:06:07.190,13930.0,97.990727,1.9765739385065872,True,20260901_001210_SHADOW_SCORE_70_74_E001_090413998013,2026-09-01 09:06:07.277,13945.0,0.08658,0.10768126346015792,0.007673589870298603,0.10768126346015792,180,180.023,14190.0,1.8664752333094041,1.7647105227866289,2.1536252692031588,-2.2254127781765973,2.051573695507662,-2.3230896884880985,COMPLETE
2026-09-01 09:09:07.261,v1.6.7,20260901_001210_PRE_HISTORY_E001_090607232719,PRE_HISTORY,001210,금호전기,2026-09-01 09:06:07.232,13930.0,13943.929999999998,MAIN,MAIN,2026-09-01 09:06:07.190,2026-09-01 09:04:29.199,13660.0,2026-09-01 09:06:07.190,13930.0,97.990727,1.9765739385065872,True,20260901_001210_SHADOW_SCORE_70_74_E001_090413998013,2026-09-01 09:06:07.277,13945.0,0.08658,0.10768126346015792,0.007673589870298603,0.10768126346015792,180,180.029,14190.0,1.8664752333094041,1.7647105227866289,2.1536252692031588,-2.2254127781765973,2.051573695507662,-2.3230896884880985,COMPLETE
2026-09-01 09:09:14.061,v1.6.7,20260901_090460_PRE_HISTORY_E001_090414006285,PRE_HISTORY,090460,비에이치,2026-09-01 09:04:14.006,20250.0,20270.249999999996,MAIN,MAIN,2026-09-01 09:04:13.990,2026-09-01 09:02:55.069,20100.0,2026-09-01 09:04:13.990,20250.0,78.920935,0.746268656716409,False,,2026-09-01 09:04:14.009,20200.0,0.018919,-0.24691358024691357,-0.346567013233662,0.24691358024691357,300,300.055,19890.0,-1.7777777777777777,-1.8759018759018582,0.0,-2.9629629629629632,-0.09990009990008197,-3.0599030599030423,COMPLETE
2026-09-01 09:09:14.065,v1.6.7,20260901_001210_SHADOW_SCORE_70_74_E001_090413998013,SHADOW_SCORE_70_74,001210,금호전기,2026-09-01 09:04:13.998,13580.0,13593.579999999998,MAIN,MAIN,2026-09-01 09:04:13.988,,,2026-09-01 09:04:13.988,13580.0,,,False,,2026-09-01 09:04:14.030,13590.0,0.042896,0.07363770250368189,-0.02633596153476942,0.07363770250368189,300,300.068,14180.0,4.418262150220913,4.313948202018909,4.786450662739323,-0.29455081001472755,4.681768893845492,-0.3941566533613523,COMPLETE
2026-09-01 09:09:29.262,v1.6.7,20260901_001210_BASE_E001_090429214141,BASE,001210,금호전기,2026-09-01 09:04:29.214,13660.0,13673.659999999998,MAIN,MAIN,2026-09-01 09:04:29.199,2026-09-01 09:04:29.199,13660.0,2026-09-01 09:04:29.199,13660.0,0.0,0.0,True,20260901_001210_SHADOW_SCORE_70_74_E001_090413998013,2026-09-01 09:04:29.266,13650.0,0.06641,-0.07320644216691069,-0.1730334087581382,0.07320644216691069,300,300.048,14330.0,4.904831625183016,4.800031593589442,4.978038067349927,-0.5124450951683748,4.873164902447495,-0.611833261906454,COMPLETE
2026-09-01 09:09:44.762,v1.6.7,20260901_096770_BASE_E001_090444690185,BASE,096770,SK이노베이션,2026-09-01 09:04:44.690,132800.0,132932.8,MAIN,MAIN,2026-09-01 09:04:44.659,2026-09-01 09:04:44.659,132800.0,2026-09-01 09:04:44.659,132800.0,0.0,0.0,True,20260901_096770_SHADOW_SCORE_70_74_E001_090342982929,2026-09-01 09:04:44.766,132700.0,0.106491,-0.07530120481927711,-0.17512607874052782,0.07530120481927711,300,300.072,134900.0,1.5813253012048192,1.479845455749079,1.6566265060240966,-0.07530120481927711,1.5550714345895158,-0.17512607874052782,COMPLETE
2026-09-01 09:10:00.265,v1.6.7,20260901_096770_CONFIRM_E001_090500256322,CONFIRM,096770,SK이노베이션,2026-09-01 09:05:00.256,133500.0,133633.49999999997,MAIN,MAIN,2026-09-01 09:05:00.245,2026-09-01 09:04:44.659,132800.0,2026-09-01 09:05:00.245,133500.0,15.585551,0.5271084337349352,True,20260901_096770_SHADOW_SCORE_70_74_E001_090342982929,2026-09-01 09:05:00.265,133500.0,0.020319,0.0,-0.09990009990007816,0.0,300,300.01,135100.0,1.198501872659176,1.0974044681910071,1.348314606741573,-0.599250936329588,1.2470675392023929,-0.6985523839456207,COMPLETE
2026-09-01 09:10:00.362,v1.6.7,20260901_096770_LIVE_FILTER_SHADOW_E001_090500287646,LIVE_FILTER_SHADOW,096770,SK이노베이션,2026-09-01 09:05:00.287,133500.0,133633.49999999997,MAIN,MAIN,2026-09-01 09:05:00.245,2026-09-01 09:04:44.659,132800.0,2026-09-01 09:05:00.245,133500.0,15.585551,0.5271084337349352,True,20260901_096770_SHADOW_SCORE_70_74_E001_090342982929,2026-09-01 09:05:00.364,133500.0,0.118802,0.0,-0.09990009990007816,0.0,300,300.075,135100.0,1.198501872659176,1.0974044681910071,1.348314606741573,-0.599250936329588,1.2470675392023929,-0.6985523839456207,COMPLETE
2026-09-01 09:10:00.380,v1.6.7,20260901_090460_LIVE_FILTER_SHADOW_E001_090500307895,LIVE_FILTER_SHADOW,090460,비에이치,2026-09-01 09:05:00.307,20100.0,20120.1,MAIN,MAIN,2026-09-01 09:05:00.243,2026-09-01 09:02:55.069,20100.0,2026-09-01 09:05:00.243,20100.0,125.173431,0.0,False,,2026-09-01 09:05:00.364,20050.0,0.121011,-0.24875621890547264,-0.3484078110943711,0.24875621890547264,300,300.073,19920.0,-0.8955223880597015,-0.9945278601994949,0.4975124378109453,-2.2388059701492535,0.3971153224884641,-2.336469500648598,COMPLETE
2026-09-01 09:10:31.664,v1.6.7,20260901_096770_PRE_HISTORY_E001_090531586331,PRE_HISTORY,096770,SK이노베이션,2026-09-01 09:05:31.586,134100.0,134234.09999999998,MAIN,MAIN,2026-09-01 09:05:31.564,2026-09-01 09:04:44.659,132800.0,2026-09-01 09:05:31.564,134100.0,46.905306,0.9789156626506035,True,20260901_096770_SHADOW_SCORE_70_74_E001_090342982929,2026-09-01 09:05:31.664,134100.0,0.099502,0.0,-0.09990009990008257,0.0,300,300.078,134700.0,0.44742729306487694,0.3470802128520423,0.8948545861297539,-1.0439970171513795,0.7940605256041672,-1.1428541629883742,COMPLETE
2026-09-01 09:11:07.263,v1.6.7,20260901_001210_LIVE_FILTER_SHADOW_E001_090607239207,LIVE_FILTER_SHADOW,001210,금호전기,2026-09-01 09:06:07.239,13930.0,13943.929999999998,MAIN,MAIN,2026-09-01 09:06:07.190,2026-09-01 09:04:29.199,13660.0,2026-09-01 09:06:07.190,13930.0,97.990727,1.9765739385065872,True,20260901_001210_SHADOW_SCORE_70_74_E001_090413998013,2026-09-01 09:06:07.277,13945.0,0.08658,0.10768126346015792,0.007673589870298603,0.10768126346015792,300,300.025,14060.0,0.9332376166547021,0.8324052114432698,3.015075376884422,-2.2254127781765973,2.9121632136707625,-2.3230896884880985,COMPLETE
2026-09-01 09:11:07.263,v1.6.7,20260901_001210_PRE_HISTORY_E001_090607232719,PRE_HISTORY,001210,금호전기,2026-09-01 09:06:07.232,13930.0,13943.929999999998,MAIN,MAIN,2026-09-01 09:06:07.190,2026-09-01 09:04:29.199,13660.0,2026-09-01 09:06:07.190,13930.0,97.990727,1.9765739385065872,True,20260901_001210_SHADOW_SCORE_70_74_E001_090413998013,2026-09-01 09:06:07.277,13945.0,0.08658,0.10768126346015792,0.007673589870298603,0.10768126346015792,300,300.031,14060.0,0.9332376166547021,0.8324052114432698,3.015075376884422,-2.2254127781765973,2.9121632136707625,-2.3230896884880985,COMPLETE
2026-09-01 09:25:30.255,v1.6.7,20260901_090460_PRE_HISTORY_E003_092500135411,PRE_HISTORY,090460,비에이치,2026-09-01 09:25:00.135,20450.0,20470.449999999997,MAIN,MAIN,2026-09-01 09:25:00.013,2026-09-01 09:25:00.013,20450.0,2026-09-01 09:25:00.013,20450.0,0.0,0.0,False,,2026-09-01 09:25:00.153,20450.0,0.139338,0.0,-0.09990009990008569,0.0,30,30.121,20350.0,-0.4889975550122249,-0.5884091458663444,0.0,-0.7334963325183375,-0.09990009990008569,-0.8326636688494738,COMPLETE
2026-09-01 09:25:30.255,v1.6.7,20260901_090460_BASE_E003_092500115709,BASE,090460,비에이치,2026-09-01 09:25:00.115,20450.0,20470.449999999997,MAIN,MAIN,2026-09-01 09:25:00.013,2026-09-01 09:25:00.013,20450.0,2026-09-01 09:25:00.013,20450.0,0.0,0.0,False,,2026-09-01 09:25:00.153,20450.0,0.139338,0.0,-0.09990009990008569,0.0,30,30.14,20350.0,-0.4889975550122249,-0.5884091458663444,0.0,-0.7334963325183375,-0.09990009990008569,-0.8326636688494738,COMPLETE
2026-09-01 09:25:39.565,v1.6.7,20260901_090460_LIVE_FILTER_SHADOW_E003_092509562882,LIVE_FILTER_SHADOW,090460,비에이치,2026-09-01 09:25:09.562,20450.0,20470.449999999997,MAIN,MAIN,2026-09-01 09:25:00.013,2026-09-01 09:25:00.013,20450.0,2026-09-01 09:25:00.013,20450.0,0.0,0.0,False,,2026-09-01 09:25:09.739,20400.0,9.726003,-0.24449877750611246,-0.3441546228832151,0.24449877750611246,30,30.002,20350.0,-0.4889975550122249,-0.5884091458663444,0.0,-0.7334963325183375,-0.09990009990008569,-0.8326636688494738,COMPLETE
2026-09-01 09:26:00.164,v1.6.7,20260901_090460_PRE_HISTORY_E003_092500135411,PRE_HISTORY,090460,비에이치,2026-09-01 09:25:00.135,20450.0,20470.449999999997,MAIN,MAIN,2026-09-01 09:25:00.013,2026-09-01 09:25:00.013,20450.0,2026-09-01 09:25:00.013,20450.0,0.0,0.0,False,,2026-09-01 09:25:00.153,20450.0,0.139338,0.0,-0.09990009990008569,0.0,60,60.029,20300.0,-0.7334963325183375,-0.8326636688494738,0.0,-0.9779951100244498,-0.09990009990008569,-1.0769181918326032,COMPLETE
2026-09-01 09:26:00.164,v1.6.7,20260901_090460_BASE_E003_092500115709,BASE,090460,비에이치,2026-09-01 09:25:00.115,20450.0,20470.449999999997,MAIN,MAIN,2026-09-01 09:25:00.013,2026-09-01 09:25:00.013,20450.0,2026-09-01 09:25:00.013,20450.0,0.0,0.0,False,,2026-09-01 09:25:00.153,20450.0,0.139338,0.0,-0.09990009990008569,0.0,60,60.049,20300.0,-0.7334963325183375,-0.8326636688494738,0.0,-0.9779951100244498,-0.09990009990008569,-1.0769181918326032,COMPLETE
2026-09-01 09:26:09.654,v1.6.7,20260901_090460_LIVE_FILTER_SHADOW_E003_092509562882,LIVE_FILTER_SHADOW,090460,비에이치,2026-09-01 09:25:09.562,20450.0,20470.449999999997,MAIN,MAIN,2026-09-01 09:25:00.013,2026-09-01 09:25:00.013,20450.0,2026-09-01 09:25:00.013,20450.0,0.0,0.0,False,,2026-09-01 09:25:09.739,20400.0,9.726003,-0.24449877750611246,-0.3441546228832151,0.24449877750611246,60,60.092,20350.0,-0.4889975550122249,-0.5884091458663444,0.0,-0.9779951100244498,-0.09990009990008569,-1.0769181918326032,COMPLETE
2026-09-01 09:27:00.156,v1.6.7,20260901_090460_PRE_HISTORY_E003_092500135411,PRE_HISTORY,090460,비에이치,2026-09-01 09:25:00.135,20450.0,20470.449999999997,MAIN,MAIN,2026-09-01 09:25:00.013,2026-09-01 09:25:00.013,20450.0,2026-09-01 09:25:00.013,20450.0,0.0,0.0,False,,2026-09-01 09:25:00.153,20450.0,0.139338,0.0,-0.09990009990008569,0.0,120,120.021,20150.0,-1.466992665036675,-1.565427237798862,0.0,-1.466992665036675,-0.09990009990008569,-1.565427237798862,COMPLETE
2026-09-01 09:27:00.156,v1.6.7,20260901_090460_BASE_E003_092500115709,BASE,090460,비에이치,2026-09-01 09:25:00.115,20450.0,20470.449999999997,MAIN,MAIN,2026-09-01 09:25:00.013,2026-09-01 09:25:00.013,20450.0,2026-09-01 09:25:00.013,20450.0,0.0,0.0,False,,2026-09-01 09:25:00.153,20450.0,0.139338,0.0,-0.09990009990008569,0.0,120,120.04,20150.0,-1.466992665036675,-1.565427237798862,0.0,-1.466992665036675,-0.09990009990008569,-1.565427237798862,COMPLETE
2026-09-01 09:27:09.754,v1.6.7,20260901_090460_LIVE_FILTER_SHADOW_E003_092509562882,LIVE_FILTER_SHADOW,090460,비에이치,2026-09-01 09:25:09.562,20450.0,20470.449999999997,MAIN,MAIN,2026-09-01 09:25:00.013,2026-09-01 09:25:00.013,20450.0,2026-09-01 09:25:00.013,20450.0,0.0,0.0,False,,2026-09-01 09:25:09.739,20400.0,9.726003,-0.24449877750611246,-0.3441546228832151,0.24449877750611246,120,120.192,20450.0,0.0,-0.09990009990008569,0.0,-1.466992665036675,-0.09990009990008569,-1.565427237798862,COMPLETE
2026-09-01 09:27:46.553,v1.6.7,20260901_0039P0_SHADOW_SCORE_70_74_E001_092716551796,SHADOW_SCORE_70_74,0039P0,매드업,2026-09-01 09:27:16.551,9170.0,9179.169999999998,MAIN,MAIN,2026-09-01 09:27:16.503,,,2026-09-01 09:27:16.503,9170.0,,,False,,2026-09-01 09:27:16.754,9170.0,0.251093,0.0,-0.0999000999000809,0.0,30,30.002,9260.0,0.9814612868047983,0.8805807060987189,1.1995637949836424,-0.10905125408942204,1.0984653296540077,-0.2088424116777253,COMPLETE
2026-09-01 09:28:00.456,v1.6.7,20260901_090460_PRE_HISTORY_E003_092500135411,PRE_HISTORY,090460,비에이치,2026-09-01 09:25:00.135,20450.0,20470.449999999997,MAIN,MAIN,2026-09-01 09:25:00.013,2026-09-01 09:25:00.013,20450.0,2026-09-01 09:25:00.013,20450.0,0.0,0.0,False,,2026-09-01 09:25:00.153,20450.0,0.139338,0.0,-0.09990009990008569,0.0,180,180.321,20250.0,-0.9779951100244498,-1.0769181918326032,0.24449877750611246,-1.466992665036675,0.14435442308304366,-1.565427237798862,COMPLETE
2026-09-01 09:28:00.456,v1.6.7,20260901_090460_BASE_E003_092500115709,BASE,090460,비에이치,2026-09-01 09:25:00.115,20450.0,20470.449999999997,MAIN,MAIN,2026-09-01 09:25:00.013,2026-09-01 09:25:00.013,20450.0,2026-09-01 09:25:00.013,20450.0,0.0,0.0,False,,2026-09-01 09:25:00.153,20450.0,0.139338,0.0,-0.09990009990008569,0.0,180,180.341,20250.0,-0.9779951100244498,-1.0769181918326032,0.24449877750611246,-1.466992665036675,0.14435442308304366,-1.565427237798862,COMPLETE
2026-09-01 09:28:09.753,v1.6.7,20260901_090460_LIVE_FILTER_SHADOW_E003_092509562882,LIVE_FILTER_SHADOW,090460,비에이치,2026-09-01 09:25:09.562,20450.0,20470.449999999997,MAIN,MAIN,2026-09-01 09:25:00.013,2026-09-01 09:25:00.013,20450.0,2026-09-01 09:25:00.013,20450.0,0.0,0.0,False,,2026-09-01 09:25:09.739,20400.0,9.726003,-0.24449877750611246,-0.3441546228832151,0.24449877750611246,180,180.191,20200.0,-1.2224938875305624,-1.3211727148157326,0.24449877750611246,-1.466992665036675,0.14435442308304366,-1.565427237798862,COMPLETE
2026-09-01 09:28:16.553,v1.6.7,20260901_0039P0_SHADOW_SCORE_70_74_E001_092716551796,SHADOW_SCORE_70_74,0039P0,매드업,2026-09-01 09:27:16.551,9170.0,9179.169999999998,MAIN,MAIN,2026-09-01 09:27:16.503,,,2026-09-01 09:27:16.503,9170.0,,,False,,2026-09-01 09:27:16.754,9170.0,0.251093,0.0,-0.0999000999000809,0.0,60,60.001,9170.0,0.0,-0.0999000999000809,1.1995637949836424,-0.21810250817884408,1.0984653296540077,-0.3177847234553697,COMPLETE
2026-09-01 09:29:16.553,v1.6.7,20260901_0039P0_SHADOW_SCORE_70_74_E001_092716551796,SHADOW_SCORE_70_74,0039P0,매드업,2026-09-01 09:27:16.551,9170.0,9179.169999999998,MAIN,MAIN,2026-09-01 09:27:16.503,,,2026-09-01 09:27:16.503,9170.0,,,False,,2026-09-01 09:27:16.754,9170.0,0.251093,0.0,-0.0999000999000809,0.0,120,120.002,9230.0,0.6543075245365322,0.5537537707657856,1.1995637949836424,-0.43620501635768816,1.0984653296540077,-0.5356693470106585,COMPLETE
2026-09-01 09:30:00.206,v1.6.7,20260901_090460_PRE_HISTORY_E003_092500135411,PRE_HISTORY,090460,비에이치,2026-09-01 09:25:00.135,20450.0,20470.449999999997,MAIN,MAIN,2026-09-01 09:25:00.013,2026-09-01 09:25:00.013,20450.0,2026-09-01 09:25:00.013,20450.0,0.0,0.0,False,,2026-09-01 09:25:00.153,20450.0,0.139338,0.0,-0.09990009990008569,0.0,300,300.071,20500.0,0.24449877750611246,0.14435442308304366,0.24449877750611246,-1.9559902200488997,0.14435442308304366,-2.053936283765121,COMPLETE
2026-09-01 09:30:00.206,v1.6.7,20260901_090460_BASE_E003_092500115709,BASE,090460,비에이치,2026-09-01 09:25:00.115,20450.0,20470.449999999997,MAIN,MAIN,2026-09-01 09:25:00.013,2026-09-01 09:25:00.013,20450.0,2026-09-01 09:25:00.013,20450.0,0.0,0.0,False,,2026-09-01 09:25:00.153,20450.0,0.139338,0.0,-0.09990009990008569,0.0,300,300.091,20500.0,0.24449877750611246,0.14435442308304366,0.24449877750611246,-1.9559902200488997,0.14435442308304366,-2.053936283765121,COMPLETE
2026-09-01 09:30:09.653,v1.6.7,20260901_090460_LIVE_FILTER_SHADOW_E003_092509562882,LIVE_FILTER_SHADOW,090460,비에이치,2026-09-01 09:25:09.562,20450.0,20470.449999999997,MAIN,MAIN,2026-09-01 09:25:00.013,2026-09-01 09:25:00.013,20450.0,2026-09-01 09:25:00.013,20450.0,0.0,0.0,False,,2026-09-01 09:25:09.739,20400.0,9.726003,-0.24449877750611246,-0.3441546228832151,0.24449877750611246,300,300.091,20750.0,1.466992665036675,1.3656270379986906,1.466992665036675,-1.9559902200488997,1.3656270379986906,-2.053936283765121,COMPLETE
2026-09-01 09:30:16.554,v1.6.7,20260901_0039P0_SHADOW_SCORE_70_74_E001_092716551796,SHADOW_SCORE_70_74,0039P0,매드업,2026-09-01 09:27:16.551,9170.0,9179.169999999998,MAIN,MAIN,2026-09-01 09:27:16.503,,,2026-09-01 09:27:16.503,9170.0,,,False,,2026-09-01 09:27:16.754,9170.0,0.251093,0.0,-0.0999000999000809,0.0,180,180.003,9140.0,-0.3271537622682661,-0.4267270352330141,1.1995637949836424,-0.43620501635768816,1.0984653296540077,-0.5356693470106585,COMPLETE
2026-09-01 09:32:09.501,v1.6.7,20260901_067290_BASE_E003_093139427330,BASE,067290,JW신약,2026-09-01 09:31:39.427,2700.0,2702.7,MAIN,MAIN,2026-09-01 09:31:39.348,2026-09-01 09:31:39.348,2700.0,2026-09-01 09:31:39.348,2700.0,0.0,0.0,False,,2026-09-01 09:31:39.462,2697.0,0.11377,-0.1111111111111111,-0.21090021090020417,0.1111111111111111,30,30.074,2725.0,0.9259259259259258,0.8251008251008319,0.9259259259259258,-0.7407407407407408,0.8251008251008319,-0.8399008399008333,COMPLETE
2026-09-01 09:32:16.671,v1.6.7,20260901_0039P0_SHADOW_SCORE_70_74_E001_092716551796,SHADOW_SCORE_70_74,0039P0,매드업,2026-09-01 09:27:16.551,9170.0,9179.169999999998,MAIN,MAIN,2026-09-01 09:27:16.503,,,2026-09-01 09:27:16.503,9170.0,,,False,,2026-09-01 09:27:16.754,9170.0,0.251093,0.0,-0.0999000999000809,0.0,300,300.12,9080.0,-0.9814612868047983,-1.0803809058988807,1.1995637949836424,-1.1995637949836424,1.0984653296540077,-1.2982655294541694,COMPLETE
2026-09-01 09:32:39.450,v1.6.7,20260901_067290_BASE_E003_093139427330,BASE,067290,JW신약,2026-09-01 09:31:39.427,2700.0,2702.7,MAIN,MAIN,2026-09-01 09:31:39.348,2026-09-01 09:31:39.348,2700.0,2026-09-01 09:31:39.348,2700.0,0.0,0.0,False,,2026-09-01 09:31:39.462,2697.0,0.11377,-0.1111111111111111,-0.21090021090020417,0.1111111111111111,60,60.023,2700.0,0.0,-0.09990009990009317,1.1111111111111112,-0.7407407407407408,1.010101010101017,-0.8399008399008333,COMPLETE
2026-09-01 09:33:39.448,v1.6.7,20260901_067290_BASE_E003_093139427330,BASE,067290,JW신약,2026-09-01 09:31:39.427,2700.0,2702.7,MAIN,MAIN,2026-09-01 09:31:39.348,2026-09-01 09:31:39.348,2700.0,2026-09-01 09:31:39.348,2700.0,0.0,0.0,False,,2026-09-01 09:31:39.462,2697.0,0.11377,-0.1111111111111111,-0.21090021090020417,0.1111111111111111,120,120.021,2735.0,1.2962962962962963,1.1951011951012018,1.2962962962962963,-0.7407407407407408,1.1951011951012018,-0.8399008399008333,COMPLETE
2026-09-01 09:34:39.453,v1.6.7,20260901_067290_BASE_E003_093139427330,BASE,067290,JW신약,2026-09-01 09:31:39.427,2700.0,2702.7,MAIN,MAIN,2026-09-01 09:31:39.348,2026-09-01 09:31:39.348,2700.0,2026-09-01 09:31:39.348,2700.0,0.0,0.0,False,,2026-09-01 09:31:39.462,2697.0,0.11377,-0.1111111111111111,-0.21090021090020417,0.1111111111111111,180,180.026,2750.0,1.8518518518518516,1.7501017501017568,3.148148148148148,-0.7407407407407408,3.045103045103052,-0.8399008399008333,COMPLETE
2026-09-01 09:36:20.248,v1.6.7,20260901_073240_SHADOW_SCORE_70_74_E003_093550188398,SHADOW_SCORE_70_74,073240,금호타이어,2026-09-01 09:35:50.188,7760.0,7767.759999999999,MAIN,MAIN,2026-09-01 09:35:50.157,,,2026-09-01 09:35:50.157,7760.0,,,False,,2026-09-01 09:35:50.249,7760.0,0.092455,0.0,-0.09990009990009101,0.0,30,30.061,7820.0,0.7731958762886598,0.6725233529357331,0.902061855670103,0.0,0.801260595075037,-0.09990009990009101,COMPLETE
2026-09-01 09:36:39.450,v1.6.7,20260901_067290_BASE_E003_093139427330,BASE,067290,JW신약,2026-09-01 09:31:39.427,2700.0,2702.7,MAIN,MAIN,2026-09-01 09:31:39.348,2026-09-01 09:31:39.348,2700.0,2026-09-01 09:31:39.348,2700.0,0.0,0.0,False,,2026-09-01 09:31:39.462,2697.0,0.11377,-0.1111111111111111,-0.21090021090020417,0.1111111111111111,300,300.023,2750.0,1.8518518518518516,1.7501017501017568,3.3333333333333335,-0.7407407407407408,3.2301032301032375,-0.8399008399008333,COMPLETE
2026-09-01 09:36:50.249,v1.6.7,20260901_073240_SHADOW_SCORE_70_74_E003_093550188398,SHADOW_SCORE_70_74,073240,금호타이어,2026-09-01 09:35:50.188,7760.0,7767.759999999999,MAIN,MAIN,2026-09-01 09:35:50.157,,,2026-09-01 09:35:50.157,7760.0,,,False,,2026-09-01 09:35:50.249,7760.0,0.092455,0.0,-0.09990009990009101,0.0,60,60.061,7840.0,1.0309278350515463,0.929997837214341,1.2886597938144329,0.0,1.187472321492949,-0.09990009990009101,COMPLETE
2026-09-01 09:37:50.248,v1.6.7,20260901_073240_SHADOW_SCORE_70_74_E003_093550188398,SHADOW_SCORE_70_74,073240,금호타이어,2026-09-01 09:35:50.188,7760.0,7767.759999999999,MAIN,MAIN,2026-09-01 09:35:50.157,,,2026-09-01 09:35:50.157,7760.0,,,False,,2026-09-01 09:35:50.249,7760.0,0.092455,0.0,-0.09990009990009101,0.0,120,120.06,7780.0,0.25773195876288657,0.157574384378517,1.2886597938144329,0.0,1.187472321492949,-0.09990009990009101,COMPLETE
2026-09-01 09:38:50.348,v1.6.7,20260901_073240_SHADOW_SCORE_70_74_E003_093550188398,SHADOW_SCORE_70_74,073240,금호타이어,2026-09-01 09:35:50.188,7760.0,7767.759999999999,MAIN,MAIN,2026-09-01 09:35:50.157,,,2026-09-01 09:35:50.157,7760.0,,,False,,2026-09-01 09:35:50.249,7760.0,0.092455,0.0,-0.09990009990009101,0.0,180,180.16,7790.0,0.3865979381443299,0.28631162651782105,1.2886597938144329,0.0,1.187472321492949,-0.09990009990009101,COMPLETE
2026-09-01 09:40:50.250,v1.6.7,20260901_073240_SHADOW_SCORE_70_74_E003_093550188398,SHADOW_SCORE_70_74,073240,금호타이어,2026-09-01 09:35:50.188,7760.0,7767.759999999999,MAIN,MAIN,2026-09-01 09:35:50.157,,,2026-09-01 09:35:50.157,7760.0,,,False,,2026-09-01 09:35:50.249,7760.0,0.092455,0.0,-0.09990009990009101,0.0,300,300.062,7830.0,0.902061855670103,0.801260595075037,1.2886597938144329,-0.12886597938144329,1.187472321492949,-0.228637342039395,COMPLETE
2026-09-01 09:44:20.348,v1.6.7,20260901_090460_BASE_E004_094350239961,BASE,090460,비에이치,2026-09-01 09:43:50.239,20950.0,20970.949999999997,MAIN,MAIN,2026-09-01 09:43:50.156,2026-09-01 09:43:50.156,20950.0,2026-09-01 09:43:50.156,20950.0,0.0,0.0,False,,2026-09-01 09:43:50.248,20950.0,0.09257,0.0,-0.09990009990008604,0.0,30,30.108,20800.0,-0.7159904534606205,-0.8151752781824242,0.0,-0.9546539379474941,-0.09990009990008604,-1.0536003376098704,COMPLETE
2026-09-01 09:44:20.348,v1.6.7,20260901_090460_PRE_HISTORY_E004_094350290122,PRE_HISTORY,090460,비에이치,2026-09-01 09:43:50.290,20950.0,20970.949999999997,MAIN,MAIN,2026-09-01 09:43:50.156,2026-09-01 09:43:50.156,20950.0,2026-09-01 09:43:50.156,20950.0,0.0,0.0,False,,2026-09-01 09:43:50.349,20950.0,0.19356,0.0,-0.09990009990008604,0.0,30,30.058,20800.0,-0.7159904534606205,-0.8151752781824242,0.0,-0.9546539379474941,-0.09990009990008604,-1.0536003376098704,COMPLETE
2026-09-01 09:44:50.246,v1.6.7,20260901_090460_BASE_E004_094350239961,BASE,090460,비에이치,2026-09-01 09:43:50.239,20950.0,20970.949999999997,MAIN,MAIN,2026-09-01 09:43:50.156,2026-09-01 09:43:50.156,20950.0,2026-09-01 09:43:50.156,20950.0,0.0,0.0,False,,2026-09-01 09:43:50.248,20950.0,0.09257,0.0,-0.09990009990008604,0.0,60,60.006,20850.0,-0.47732696897374705,-0.5767502187549782,0.0,-1.1933174224343674,-0.09990009990008604,-1.2920253970373166,COMPLETE
2026-09-01 09:44:50.847,v1.6.7,20260901_090460_PRE_HISTORY_E004_094350290122,PRE_HISTORY,090460,비에이치,2026-09-01 09:43:50.290,20950.0,20970.949999999997,MAIN,MAIN,2026-09-01 09:43:50.156,2026-09-01 09:43:50.156,20950.0,2026-09-01 09:43:50.156,20950.0,0.0,0.0,False,,2026-09-01 09:43:50.349,20950.0,0.19356,0.0,-0.09990009990008604,0.0,60,60.558,20850.0,-0.47732696897374705,-0.5767502187549782,0.0,-1.1933174224343674,-0.09990009990008604,-1.2920253970373166,COMPLETE
2026-09-01 09:45:50.306,v1.6.7,20260901_090460_BASE_E004_094350239961,BASE,090460,비에이치,2026-09-01 09:43:50.239,20950.0,20970.949999999997,MAIN,MAIN,2026-09-01 09:43:50.156,2026-09-01 09:43:50.156,20950.0,2026-09-01 09:43:50.156,20950.0,0.0,0.0,False,,2026-09-01 09:43:50.248,20950.0,0.09257,0.0,-0.09990009990008604,0.0,120,120.066,20750.0,-0.9546539379474941,-1.0536003376098704,0.0,-1.1933174224343674,-0.09990009990008604,-1.2920253970373166,COMPLETE
2026-09-01 09:45:50.306,v1.6.7,20260901_090460_PRE_HISTORY_E004_094350290122,PRE_HISTORY,090460,비에이치,2026-09-01 09:43:50.290,20950.0,20970.949999999997,MAIN,MAIN,2026-09-01 09:43:50.156,2026-09-01 09:43:50.156,20950.0,2026-09-01 09:43:50.156,20950.0,0.0,0.0,False,,2026-09-01 09:43:50.349,20950.0,0.19356,0.0,-0.09990009990008604,0.0,120,120.016,20750.0,-0.9546539379474941,-1.0536003376098704,0.0,-1.1933174224343674,-0.09990009990008604,-1.2920253970373166,COMPLETE
2026-09-01 09:46:50.254,v1.6.7,20260901_090460_BASE_E004_094350239961,BASE,090460,비에이치,2026-09-01 09:43:50.239,20950.0,20970.949999999997,MAIN,MAIN,2026-09-01 09:43:50.156,2026-09-01 09:43:50.156,20950.0,2026-09-01 09:43:50.156,20950.0,0.0,0.0,False,,2026-09-01 09:43:50.248,20950.0,0.09257,0.0,-0.09990009990008604,0.0,180,180.015,20700.0,-1.1933174224343674,-1.2920253970373166,0.0,-1.1933174224343674,-0.09990009990008604,-1.2920253970373166,COMPLETE
2026-09-01 09:46:50.348,v1.6.7,20260901_090460_PRE_HISTORY_E004_094350290122,PRE_HISTORY,090460,비에이치,2026-09-01 09:43:50.290,20950.0,20970.949999999997,MAIN,MAIN,2026-09-01 09:43:50.156,2026-09-01 09:43:50.156,20950.0,2026-09-01 09:43:50.156,20950.0,0.0,0.0,False,,2026-09-01 09:43:50.349,20950.0,0.19356,0.0,-0.09990009990008604,0.0,180,180.058,20700.0,-1.1933174224343674,-1.2920253970373166,0.0,-1.1933174224343674,-0.09990009990008604,-1.2920253970373166,COMPLETE
2026-09-01 09:48:50.654,v1.6.7,20260901_090460_BASE_E004_094350239961,BASE,090460,비에이치,2026-09-01 09:43:50.239,20950.0,20970.949999999997,MAIN,MAIN,2026-09-01 09:43:50.156,2026-09-01 09:43:50.156,20950.0,2026-09-01 09:43:50.156,20950.0,0.0,0.0,False,,2026-09-01 09:43:50.248,20950.0,0.09257,0.0,-0.09990009990008604,0.0,300,300.415,20600.0,-1.6706443914081146,-1.7688755158922087,0.0,-2.1479713603818613,-0.09990009990008604,-2.245725634747101,COMPLETE
2026-09-01 09:48:50.654,v1.6.7,20260901_090460_PRE_HISTORY_E004_094350290122,PRE_HISTORY,090460,비에이치,2026-09-01 09:43:50.290,20950.0,20970.949999999997,MAIN,MAIN,2026-09-01 09:43:50.156,2026-09-01 09:43:50.156,20950.0,2026-09-01 09:43:50.156,20950.0,0.0,0.0,False,,2026-09-01 09:43:50.349,20950.0,0.19356,0.0,-0.09990009990008604,0.0,300,300.364,20600.0,-1.6706443914081146,-1.7688755158922087,0.0,-2.1479713603818613,-0.09990009990008604,-2.245725634747101,COMPLETE
2026-09-01 09:51:20.443,v1.6.7,20260901_080220_SHADOW_SCORE_70_74_E001_095050356654,SHADOW_SCORE_70_74,080220,제주반도체,2026-09-01 09:50:50.356,82200.0,82282.2,MAIN,MAIN,2026-09-01 09:50:50.317,,,2026-09-01 09:50:50.317,82200.0,,,False,,2026-09-01 09:50:50.443,82300.0,0.126264,0.12165450121654502,0.021632868348200354,0.12165450121654502,30,30.087,82400.0,0.24330900243309003,0.14316583659649706,0.48661800486618007,0.0,0.38623177309309054,-0.09990009990009636,COMPLETE
2026-09-01 09:51:50.443,v1.6.7,20260901_080220_SHADOW_SCORE_70_74_E001_095050356654,SHADOW_SCORE_70_74,080220,제주반도체,2026-09-01 09:50:50.356,82200.0,82282.2,MAIN,MAIN,2026-09-01 09:50:50.317,,,2026-09-01 09:50:50.317,82200.0,,,False,,2026-09-01 09:50:50.443,82300.0,0.126264,0.12165450121654502,0.021632868348200354,0.12165450121654502,60,60.086,82100.0,-0.12165450121654502,-0.2214330681483931,0.48661800486618007,-0.24330900243309003,0.38623177309309054,-0.3429660363966898,COMPLETE
2026-09-01 09:52:21.467,v1.6.7,20260901_080220_BASE_E001_095151124616,BASE,080220,제주반도체,2026-09-01 09:51:51.124,82000.0,82081.99999999999,MAIN,MAIN,2026-09-01 09:51:51.104,2026-09-01 09:51:51.104,82000.0,2026-09-01 09:51:51.104,82000.0,0.0,0.0,True,20260901_080220_SHADOW_SCORE_70_74_E001_095050356654,2026-09-01 09:51:51.245,82000.0,0.140898,0.0,-0.09990009990008218,0.0,30,30.343,81400.0,-0.7317073170731708,-0.8308764406325206,0.3658536585365854,-0.853658536585366,0.265588070466137,-0.9527058307545936,COMPLETE
2026-09-01 09:52:50.445,v1.6.7,20260901_080220_SHADOW_SCORE_70_74_E001_095050356654,SHADOW_SCORE_70_74,080220,제주반도체,2026-09-01 09:50:50.356,82200.0,82282.2,MAIN,MAIN,2026-09-01 09:50:50.317,,,2026-09-01 09:50:50.317,82200.0,,,False,,2026-09-01 09:50:50.443,82300.0,0.126264,0.12165450121654502,0.021632868348200354,0.12165450121654502,120,120.089,81400.0,-0.9732360097323601,-1.0721638458864702,0.48661800486618007,-1.70316301703163,0.38623177309309054,-1.8013616553762504,COMPLETE
2026-09-01 09:52:51.142,v1.6.7,20260901_080220_BASE_E001_095151124616,BASE,080220,제주반도체,2026-09-01 09:51:51.124,82000.0,82081.99999999999,MAIN,MAIN,2026-09-01 09:51:51.104,2026-09-01 09:51:51.104,82000.0,2026-09-01 09:51:51.104,82000.0,0.0,0.0,True,20260901_080220_SHADOW_SCORE_70_74_E001_095050356654,2026-09-01 09:51:51.245,82000.0,0.140898,0.0,-0.09990009990008218,0.0,60,60.018,81300.0,-0.853658536585366,-0.9527058307545936,0.3658536585365854,-1.4634146341463417,0.265588070466137,-1.561852781364959,COMPLETE
2026-09-01 09:53:50.445,v1.6.7,20260901_080220_SHADOW_SCORE_70_74_E001_095050356654,SHADOW_SCORE_70_74,080220,제주반도체,2026-09-01 09:50:50.356,82200.0,82282.2,MAIN,MAIN,2026-09-01 09:50:50.317,,,2026-09-01 09:50:50.317,82200.0,,,False,,2026-09-01 09:50:50.443,82300.0,0.126264,0.12165450121654502,0.021632868348200354,0.12165450121654502,180,180.088,80700.0,-1.824817518248175,-1.9228946236245472,0.48661800486618007,-1.9464720194647203,0.38623177309309054,-2.044427591872844,COMPLETE
2026-09-01 09:53:51.444,v1.6.7,20260901_080220_BASE_E001_095151124616,BASE,080220,제주반도체,2026-09-01 09:51:51.124,82000.0,82081.99999999999,MAIN,MAIN,2026-09-01 09:51:51.104,2026-09-01 09:51:51.104,82000.0,2026-09-01 09:51:51.104,82000.0,0.0,0.0,True,20260901_080220_SHADOW_SCORE_70_74_E001_095050356654,2026-09-01 09:51:51.245,82000.0,0.140898,0.0,-0.09990009990008218,0.0,120,120.319,80800.0,-1.4634146341463417,-1.561852781364959,0.3658536585365854,-1.707317073170732,0.265588070466137,-1.8055115616091053,COMPLETE
2026-09-01 09:54:51.342,v1.6.7,20260901_080220_BASE_E001_095151124616,BASE,080220,제주반도체,2026-09-01 09:51:51.124,82000.0,82081.99999999999,MAIN,MAIN,2026-09-01 09:51:51.104,2026-09-01 09:51:51.104,82000.0,2026-09-01 09:51:51.104,82000.0,0.0,0.0,True,20260901_080220_SHADOW_SCORE_70_74_E001_095050356654,2026-09-01 09:51:51.245,82000.0,0.140898,0.0,-0.09990009990008218,0.0,180,180.218,80600.0,-1.707317073170732,-1.8055115616091053,0.3658536585365854,-1.707317073170732,0.265588070466137,-1.8055115616091053,COMPLETE
2026-09-01 09:55:08.445,v1.6.7,20260901_004310_SHADOW_SCORE_70_74_E003_095438354111,SHADOW_SCORE_70_74,004310,현대약품,2026-09-01 09:54:38.354,7420.0,7427.419999999999,MAIN,MAIN,2026-09-01 09:54:38.323,,,2026-09-01 09:54:38.323,7420.0,,,False,,2026-09-01 09:54:38.441,7360.0,0.117983,-0.8086253369272237,-0.9077176193079047,0.8086253369272237,30,30.091,7380.0,-0.5390835579514826,-0.6384451128386326,0.0,-1.3477088948787064,-0.09990009990008865,-1.4462626322464487,COMPLETE
2026-09-01 09:55:38.443,v1.6.7,20260901_004310_SHADOW_SCORE_70_74_E003_095438354111,SHADOW_SCORE_70_74,004310,현대약품,2026-09-01 09:54:38.354,7420.0,7427.419999999999,MAIN,MAIN,2026-09-01 09:54:38.323,,,2026-09-01 09:54:38.323,7420.0,,,False,,2026-09-01 09:54:38.441,7360.0,0.117983,-0.8086253369272237,-0.9077176193079047,0.8086253369272237,60,60.09,7620.0,2.6954177897574128,2.5928249647926314,3.3692722371967654,-1.3477088948787064,3.2660062309658113,-1.4462626322464487,COMPLETE
2026-09-01 09:55:50.947,v1.6.7,20260901_080220_SHADOW_SCORE_70_74_E001_095050356654,SHADOW_SCORE_70_74,080220,제주반도체,2026-09-01 09:50:50.356,82200.0,82282.2,MAIN,MAIN,2026-09-01 09:50:50.317,,,2026-09-01 09:50:50.317,82200.0,,,False,,2026-09-01 09:50:50.443,82300.0,0.126264,0.12165450121654502,0.021632868348200354,0.12165450121654502,300,300.591,80600.0,-1.9464720194647203,-2.044427591872844,0.48661800486618007,-2.18978102189781,0.38623177309309054,-2.287493528369437,COMPLETE
2026-09-01 09:56:16.141,v1.6.7,20260901_004310_BASE_E003_095546138521,BASE,004310,현대약품,2026-09-01 09:55:46.138,7610.0,7617.609999999999,MAIN,MAIN,2026-09-01 09:55:46.086,2026-09-01 09:55:46.086,7610.0,2026-09-01 09:55:46.086,7610.0,0.0,0.0,True,20260901_004310_SHADOW_SCORE_70_74_E003_095438354111,2026-09-01 09:55:46.168,7640.0,0.081848,0.39421813403416556,0.2939242098243575,0.39421813403416556,30,30.003,7600.0,-0.1314060446780552,-0.23117486980823074,0.657030223390276,-0.1314060446780552,0.5564737496406517,-0.23117486980823074,COMPLETE
2026-09-01 09:56:38.441,v1.6.7,20260901_004310_SHADOW_SCORE_70_74_E003_095438354111,SHADOW_SCORE_70_74,004310,현대약품,2026-09-01 09:54:38.354,7420.0,7427.419999999999,MAIN,MAIN,2026-09-01 09:54:38.323,,,2026-09-01 09:54:38.323,7420.0,,,False,,2026-09-01 09:54:38.441,7360.0,0.117983,-0.8086253369272237,-0.9077176193079047,0.8086253369272237,120,120.088,7540.0,1.6172506738544474,1.5157349389155435,3.3692722371967654,-1.3477088948787064,3.2660062309658113,-1.4462626322464487,COMPLETE
2026-09-01 09:56:46.241,v1.6.7,20260901_004310_BASE_E003_095546138521,BASE,004310,현대약품,2026-09-01 09:55:46.138,7610.0,7617.609999999999,MAIN,MAIN,2026-09-01 09:55:46.086,2026-09-01 09:55:46.086,7610.0,2026-09-01 09:55:46.086,7610.0,0.0,0.0,True,20260901_004310_SHADOW_SCORE_70_74_E003_095438354111,2026-09-01 09:55:46.168,7640.0,0.081848,0.39421813403416556,0.2939242098243575,0.39421813403416556,60,60.103,7530.0,-1.0512483574244416,-1.1500982591652602,0.657030223390276,-2.102496714848883,0.5564737496406517,-2.2002964184304368,COMPLETE
2026-09-01 09:56:51.143,v1.6.7,20260901_080220_BASE_E001_095151124616,BASE,080220,제주반도체,2026-09-01 09:51:51.124,82000.0,82081.99999999999,MAIN,MAIN,2026-09-01 09:51:51.104,2026-09-01 09:51:51.104,82000.0,2026-09-01 09:51:51.104,82000.0,0.0,0.0,True,20260901_080220_SHADOW_SCORE_70_74_E001_095050356654,2026-09-01 09:51:51.245,82000.0,0.140898,0.0,-0.09990009990008218,0.0,300,300.019,80200.0,-2.195121951219512,-2.2928291220973973,0.3658536585365854,-2.317073170731707,0.265588070466137,-2.4146585122194706,COMPLETE
2026-09-01 09:57:38.440,v1.6.7,20260901_004310_SHADOW_SCORE_70_74_E003_095438354111,SHADOW_SCORE_70_74,004310,현대약품,2026-09-01 09:54:38.354,7420.0,7427.419999999999,MAIN,MAIN,2026-09-01 09:54:38.323,,,2026-09-01 09:54:38.323,7420.0,,,False,,2026-09-01 09:54:38.441,7360.0,0.117983,-0.8086253369272237,-0.9077176193079047,0.8086253369272237,180,180.087,7600.0,2.4258760107816713,2.3235524583233595,3.3692722371967654,-1.3477088948787064,3.2660062309658113,-1.4462626322464487,COMPLETE
2026-09-01 09:57:46.141,v1.6.7,20260901_004310_BASE_E003_095546138521,BASE,004310,현대약품,2026-09-01 09:55:46.138,7610.0,7617.609999999999,MAIN,MAIN,2026-09-01 09:55:46.086,2026-09-01 09:55:46.086,7610.0,2026-09-01 09:55:46.086,7610.0,0.0,0.0,True,20260901_004310_SHADOW_SCORE_70_74_E003_095438354111,2026-09-01 09:55:46.168,7640.0,0.081848,0.39421813403416556,0.2939242098243575,0.39421813403416556,120,120.003,7470.0,-1.8396846254927726,-1.9377468786141425,0.657030223390276,-2.3653088042049935,0.5564737496406517,-2.462845958246731,COMPLETE
2026-09-01 09:58:46.341,v1.6.7,20260901_004310_BASE_E003_095546138521,BASE,004310,현대약품,2026-09-01 09:55:46.138,7610.0,7617.609999999999,MAIN,MAIN,2026-09-01 09:55:46.086,2026-09-01 09:55:46.086,7610.0,2026-09-01 09:55:46.086,7610.0,0.0,0.0,True,20260901_004310_SHADOW_SCORE_70_74_E003_095438354111,2026-09-01 09:55:46.168,7640.0,0.081848,0.39421813403416556,0.2939242098243575,0.39421813403416556,180,180.203,7460.0,-1.971090670170828,-2.06902164852229,0.657030223390276,-2.890932982917214,0.5564737496406517,-2.987945037879319,COMPLETE
2026-09-01 09:59:38.545,v1.6.7,20260901_004310_SHADOW_SCORE_70_74_E003_095438354111,SHADOW_SCORE_70_74,004310,현대약품,2026-09-01 09:54:38.354,7420.0,7427.419999999999,MAIN,MAIN,2026-09-01 09:54:38.323,,,2026-09-01 09:54:38.323,7420.0,,,False,,2026-09-01 09:54:38.441,7360.0,0.117983,-0.8086253369272237,-0.9077176193079047,0.8086253369272237,300,300.191,7440.0,0.2695417789757413,0.16937240656918334,3.3692722371967654,-1.3477088948787064,3.2660062309658113,-1.4462626322464487,COMPLETE
2026-09-01 10:00:46.241,v1.6.7,20260901_004310_BASE_E003_095546138521,BASE,004310,현대약품,2026-09-01 09:55:46.138,7610.0,7617.609999999999,MAIN,MAIN,2026-09-01 09:55:46.086,2026-09-01 09:55:46.086,7610.0,2026-09-01 09:55:46.086,7610.0,0.0,0.0,True,20260901_004310_SHADOW_SCORE_70_74_E003_095438354111,2026-09-01 09:55:46.168,7640.0,0.081848,0.39421813403416556,0.2939242098243575,0.39421813403416556,300,300.103,7470.0,-1.8396846254927726,-1.9377468786141425,0.657030223390276,-3.1537450722733245,0.5564737496406517,-3.2504945776956133,COMPLETE
2026-09-01 10:02:30.539,v1.6.7,20260901_073240_BASE_E005_100159971007,BASE,073240,금호타이어,2026-09-01 10:01:59.971,7730.0,7737.73,MAIN,MAIN,2026-09-01 10:01:59.939,2026-09-01 10:01:59.939,7730.0,2026-09-01 10:01:59.939,7730.0,0.0,0.0,False,,2026-09-01 10:02:00.039,7720.0,0.099741,-0.129366106080207,-0.22913696911109027,0.129366106080207,30,30.569,7710.0,-0.258732212160414,-0.35837383832208625,0.0,-0.38809831824062097,-0.09990009990009427,-0.4876107075330822,COMPLETE
2026-09-01 10:03:00.939,v1.6.7,20260901_073240_BASE_E005_100159971007,BASE,073240,금호타이어,2026-09-01 10:01:59.971,7730.0,7737.73,MAIN,MAIN,2026-09-01 10:01:59.939,2026-09-01 10:01:59.939,7730.0,2026-09-01 10:01:59.939,7730.0,0.0,0.0,False,,2026-09-01 10:02:00.039,7720.0,0.099741,-0.129366106080207,-0.22913696911109027,0.129366106080207,60,60.969,7690.0,-0.517464424320828,-0.6168475767440782,0.0,-0.646830530401035,-0.09990009990009427,-0.7460844459550743,COMPLETE
2026-09-01 10:04:00.449,v1.6.7,20260901_073240_BASE_E005_100159971007,BASE,073240,금호타이어,2026-09-01 10:01:59.971,7730.0,7737.73,MAIN,MAIN,2026-09-01 10:01:59.939,2026-09-01 10:01:59.939,7730.0,2026-09-01 10:01:59.939,7730.0,0.0,0.0,False,,2026-09-01 10:02:00.039,7720.0,0.099741,-0.129366106080207,-0.22913696911109027,0.129366106080207,120,120.479,7690.0,-0.517464424320828,-0.6168475767440782,0.0,-1.034928848641656,-0.09990009990009427,-1.1337950535880623,COMPLETE
2026-09-01 10:05:00.038,v1.6.7,20260901_073240_BASE_E005_100159971007,BASE,073240,금호타이어,2026-09-01 10:01:59.971,7730.0,7737.73,MAIN,MAIN,2026-09-01 10:01:59.939,2026-09-01 10:01:59.939,7730.0,2026-09-01 10:01:59.939,7730.0,0.0,0.0,False,,2026-09-01 10:02:00.039,7720.0,0.099741,-0.129366106080207,-0.22913696911109027,0.129366106080207,180,180.067,7660.0,-0.9055627425614489,-1.0045581843770663,0.0,-1.034928848641656,-0.09990009990009427,-1.1337950535880623,COMPLETE
2026-09-01 10:07:00.238,v1.6.7,20260901_073240_BASE_E005_100159971007,BASE,073240,금호타이어,2026-09-01 10:01:59.971,7730.0,7737.73,MAIN,MAIN,2026-09-01 10:01:59.939,2026-09-01 10:01:59.939,7730.0,2026-09-01 10:01:59.939,7730.0,0.0,0.0,False,,2026-09-01 10:02:00.039,7720.0,0.099741,-0.129366106080207,-0.22913696911109027,0.129366106080207,300,300.267,7620.0,-1.423027166882277,-1.5215056612210502,0.0,-1.5523932729624839,-0.09990009990009427,-1.6507425304320464,COMPLETE
2026-09-01 10:20:09.932,v1.6.7,20260901_004310_PRE_HISTORY_E004_101939865492,PRE_HISTORY,004310,현대약품,2026-09-01 10:19:39.865,7600.0,7607.599999999999,MAIN,MAIN,2026-09-01 10:19:39.806,2026-09-01 10:19:39.806,7600.0,2026-09-01 10:19:39.806,7600.0,0.0,0.0,False,,2026-09-01 10:19:40.032,7610.0,0.226383,0.13157894736842105,0.031547399968459774,0.13157894736842105,30,30.067,7580.0,-0.2631578947368421,-0.36279509963719775,0.5263157894736842,-0.2631578947368421,0.4258898995741173,-0.36279509963719775,COMPLETE
2026-09-01 10:20:09.932,v1.6.7,20260901_004310_BASE_E004_101939847692,BASE,004310,현대약품,2026-09-01 10:19:39.847,7600.0,7607.599999999999,MAIN,MAIN,2026-09-01 10:19:39.806,2026-09-01 10:19:39.806,7600.0,2026-09-01 10:19:39.806,7600.0,0.0,0.0,False,,2026-09-01 10:19:40.032,7610.0,0.226383,0.13157894736842105,0.031547399968459774,0.13157894736842105,30,30.085,7580.0,-0.2631578947368421,-0.36279509963719775,0.5263157894736842,-0.2631578947368421,0.4258898995741173,-0.36279509963719775,COMPLETE
2026-09-01 10:20:40.137,v1.6.7,20260901_004310_PRE_HISTORY_E004_101939865492,PRE_HISTORY,004310,현대약품,2026-09-01 10:19:39.865,7600.0,7607.599999999999,MAIN,MAIN,2026-09-01 10:19:39.806,2026-09-01 10:19:39.806,7600.0,2026-09-01 10:19:39.806,7600.0,0.0,0.0,False,,2026-09-01 10:19:40.032,7610.0,0.226383,0.13157894736842105,0.031547399968459774,0.13157894736842105,60,60.272,7590.0,-0.13157894736842105,-0.23134759976864522,0.5263157894736842,-0.39473684210526316,0.4258898995741173,-0.4942425995057503,COMPLETE
2026-09-01 10:20:40.137,v1.6.7,20260901_004310_BASE_E004_101939847692,BASE,004310,현대약품,2026-09-01 10:19:39.847,7600.0,7607.599999999999,MAIN,MAIN,2026-09-01 10:19:39.806,2026-09-01 10:19:39.806,7600.0,2026-09-01 10:19:39.806,7600.0,0.0,0.0,False,,2026-09-01 10:19:40.032,7610.0,0.226383,0.13157894736842105,0.031547399968459774,0.13157894736842105,60,60.29,7590.0,-0.13157894736842105,-0.23134759976864522,0.5263157894736842,-0.39473684210526316,0.4258898995741173,-0.4942425995057503,COMPLETE
2026-09-01 10:21:39.932,v1.6.7,20260901_004310_PRE_HISTORY_E004_101939865492,PRE_HISTORY,004310,현대약품,2026-09-01 10:19:39.865,7600.0,7607.599999999999,MAIN,MAIN,2026-09-01 10:19:39.806,2026-09-01 10:19:39.806,7600.0,2026-09-01 10:19:39.806,7600.0,0.0,0.0,False,,2026-09-01 10:19:40.032,7610.0,0.226383,0.13157894736842105,0.031547399968459774,0.13157894736842105,120,120.067,7630.0,0.39473684210526316,0.2944423997055648,0.6578947368421052,-0.39473684210526316,0.5573373994426698,-0.4942425995057503,COMPLETE
2026-09-01 10:21:39.932,v1.6.7,20260901_004310_BASE_E004_101939847692,BASE,004310,현대약품,2026-09-01 10:19:39.847,7600.0,7607.599999999999,MAIN,MAIN,2026-09-01 10:19:39.806,2026-09-01 10:19:39.806,7600.0,2026-09-01 10:19:39.806,7600.0,0.0,0.0,False,,2026-09-01 10:19:40.032,7610.0,0.226383,0.13157894736842105,0.031547399968459774,0.13157894736842105,120,120.085,7630.0,0.39473684210526316,0.2944423997055648,0.6578947368421052,-0.39473684210526316,0.5573373994426698,-0.4942425995057503,COMPLETE
2026-09-01 10:22:40.032,v1.6.7,20260901_004310_PRE_HISTORY_E004_101939865492,PRE_HISTORY,004310,현대약품,2026-09-01 10:19:39.865,7600.0,7607.599999999999,MAIN,MAIN,2026-09-01 10:19:39.806,2026-09-01 10:19:39.806,7600.0,2026-09-01 10:19:39.806,7600.0,0.0,0.0,False,,2026-09-01 10:19:40.032,7610.0,0.226383,0.13157894736842105,0.031547399968459774,0.13157894736842105,180,180.167,7600.0,0.0,-0.09990009990009274,0.6578947368421052,-0.39473684210526316,0.5573373994426698,-0.4942425995057503,COMPLETE
2026-09-01 10:22:40.032,v1.6.7,20260901_004310_BASE_E004_101939847692,BASE,004310,현대약품,2026-09-01 10:19:39.847,7600.0,7607.599999999999,MAIN,MAIN,2026-09-01 10:19:39.806,2026-09-01 10:19:39.806,7600.0,2026-09-01 10:19:39.806,7600.0,0.0,0.0,False,,2026-09-01 10:19:40.032,7610.0,0.226383,0.13157894736842105,0.031547399968459774,0.13157894736842105,180,180.185,7600.0,0.0,-0.09990009990009274,0.6578947368421052,-0.39473684210526316,0.5573373994426698,-0.4942425995057503,COMPLETE
2026-09-01 10:24:39.929,v1.6.7,20260901_004310_PRE_HISTORY_E004_101939865492,PRE_HISTORY,004310,현대약품,2026-09-01 10:19:39.865,7600.0,7607.599999999999,MAIN,MAIN,2026-09-01 10:19:39.806,2026-09-01 10:19:39.806,7600.0,2026-09-01 10:19:39.806,7600.0,0.0,0.0,False,,2026-09-01 10:19:40.032,7610.0,0.226383,0.13157894736842105,0.031547399968459774,0.13157894736842105,300,300.064,7600.0,0.0,-0.09990009990009274,0.6578947368421052,-0.6578947368421052,0.5573373994426698,-0.7571375992428553,COMPLETE
2026-09-01 10:24:39.929,v1.6.7,20260901_004310_BASE_E004_101939847692,BASE,004310,현대약품,2026-09-01 10:19:39.847,7600.0,7607.599999999999,MAIN,MAIN,2026-09-01 10:19:39.806,2026-09-01 10:19:39.806,7600.0,2026-09-01 10:19:39.806,7600.0,0.0,0.0,False,,2026-09-01 10:19:40.032,7610.0,0.226383,0.13157894736842105,0.031547399968459774,0.13157894736842105,300,300.082,7600.0,0.0,-0.09990009990009274,0.6578947368421052,-0.6578947368421052,0.5573373994426698,-0.7571375992428553,COMPLETE
2026-09-01 10:37:01.725,v1.6.7,20260901_064550_SHADOW_SCORE_70_74_E006_103631701290,SHADOW_SCORE_70_74,064550,바이오니아,2026-09-01 10:36:31.701,10320.0,10330.32,MAIN,MAIN,2026-09-01 10:36:31.661,,,2026-09-01 10:36:31.661,10320.0,,,False,,2026-09-01 10:36:31.827,10320.0,0.165947,0.0,-0.09990009990009709,0.0,30,30.024,10370.0,0.4844961240310077,0.3841120120189916,0.5813953488372093,-0.29069767441860467,0.4809144344028093,-0.3903073670515503,COMPLETE
2026-09-01 10:37:31.926,v1.6.7,20260901_064550_SHADOW_SCORE_70_74_E006_103631701290,SHADOW_SCORE_70_74,064550,바이오니아,2026-09-01 10:36:31.701,10320.0,10330.32,MAIN,MAIN,2026-09-01 10:36:31.661,,,2026-09-01 10:36:31.661,10320.0,,,False,,2026-09-01 10:36:31.827,10320.0,0.165947,0.0,-0.09990009990009709,0.0,60,60.225,10340.0,0.1937984496124031,0.09370474486753838,0.5813953488372093,-0.29069767441860467,0.4809144344028093,-0.3903073670515503,COMPLETE
2026-09-01 10:38:31.929,v1.6.7,20260901_064550_SHADOW_SCORE_70_74_E006_103631701290,SHADOW_SCORE_70_74,064550,바이오니아,2026-09-01 10:36:31.701,10320.0,10330.32,MAIN,MAIN,2026-09-01 10:36:31.661,,,2026-09-01 10:36:31.661,10320.0,,,False,,2026-09-01 10:36:31.827,10320.0,0.165947,0.0,-0.09990009990009709,0.0,120,120.229,10300.0,-0.1937984496124031,-0.2935049446677326,0.5813953488372093,-0.4844961240310077,0.4809144344028093,-0.5839122118191857,COMPLETE
2026-09-01 10:39:31.826,v1.6.7,20260901_064550_SHADOW_SCORE_70_74_E006_103631701290,SHADOW_SCORE_70_74,064550,바이오니아,2026-09-01 10:36:31.701,10320.0,10330.32,MAIN,MAIN,2026-09-01 10:36:31.661,,,2026-09-01 10:36:31.661,10320.0,,,False,,2026-09-01 10:36:31.827,10320.0,0.165947,0.0,-0.09990009990009709,0.0,180,180.125,10200.0,-1.1627906976744187,-1.2615291685059098,0.5813953488372093,-1.2596899224806202,0.4809144344028093,-1.3583315908897278,COMPLETE
2026-09-01 10:41:31.727,v1.6.7,20260901_064550_SHADOW_SCORE_70_74_E006_103631701290,SHADOW_SCORE_70_74,064550,바이오니아,2026-09-01 10:36:31.701,10320.0,10330.32,MAIN,MAIN,2026-09-01 10:36:31.661,,,2026-09-01 10:36:31.661,10320.0,,,False,,2026-09-01 10:36:31.827,10320.0,0.165947,0.0,-0.09990009990009709,0.0,300,300.026,10090.0,-2.2286821705426356,-2.326355814727905,0.5813953488372093,-2.422480620155039,0.4809144344028093,-2.51996065949554,COMPLETE
2026-09-01 10:53:07.920,v1.6.7,20260901_950260_BASE_E001_105237879839,BASE,950260,인제니아테라퓨틱스(Reg.S),2026-09-01 10:52:37.879,18590.0,18608.589999999997,MAIN,MAIN,2026-09-01 10:52:37.858,2026-09-01 10:52:37.858,18590.0,2026-09-01 10:52:37.858,18590.0,0.0,0.0,False,,2026-09-01 10:52:38.121,18590.0,0.262453,0.0,-0.09990009990008114,0.0,30,30.041,18640.0,0.26896180742334586,0.16879301440895575,0.26896180742334586,-0.6993006993006993,0.16879301440895575,-0.7985021971035771,COMPLETE
2026-09-01 10:53:37.919,v1.6.7,20260901_950260_BASE_E001_105237879839,BASE,950260,인제니아테라퓨틱스(Reg.S),2026-09-01 10:52:37.879,18590.0,18608.589999999997,MAIN,MAIN,2026-09-01 10:52:37.858,2026-09-01 10:52:37.858,18590.0,2026-09-01 10:52:37.858,18590.0,0.0,0.0,False,,2026-09-01 10:52:38.121,18590.0,0.262453,0.0,-0.09990009990008114,0.0,60,60.039,18790.0,1.0758472296933834,0.9748723573360664,1.1296395911780528,-0.6993006993006993,1.0286109801978738,-0.7985021971035771,COMPLETE
2026-09-01 10:54:37.917,v1.6.7,20260901_950260_BASE_E001_105237879839,BASE,950260,인제니아테라퓨틱스(Reg.S),2026-09-01 10:52:37.879,18590.0,18608.589999999997,MAIN,MAIN,2026-09-01 10:52:37.858,2026-09-01 10:52:37.858,18590.0,2026-09-01 10:52:37.858,18590.0,0.0,0.0,False,,2026-09-01 10:52:38.121,18590.0,0.262453,0.0,-0.09990009990008114,0.0,120,120.038,18690.0,0.5379236148466917,0.43748612871799264,1.506186121570737,-0.6993006993006993,1.4047813402305254,-0.7985021971035771,COMPLETE
2026-09-01 10:55:37.919,v1.6.7,20260901_950260_BASE_E001_105237879839,BASE,950260,인제니아테라퓨틱스(Reg.S),2026-09-01 10:52:37.879,18590.0,18608.589999999997,MAIN,MAIN,2026-09-01 10:52:37.858,2026-09-01 10:52:37.858,18590.0,2026-09-01 10:52:37.858,18590.0,0.0,0.0,False,,2026-09-01 10:52:38.121,18590.0,0.262453,0.0,-0.09990009990008114,0.0,180,180.039,18480.0,-0.591715976331361,-0.6910249513799623,1.506186121570737,-0.6993006993006993,1.4047813402305254,-0.7985021971035771,COMPLETE
2026-09-01 10:57:37.919,v1.6.7,20260901_950260_BASE_E001_105237879839,BASE,950260,인제니아테라퓨틱스(Reg.S),2026-09-01 10:52:37.879,18590.0,18608.589999999997,MAIN,MAIN,2026-09-01 10:52:37.858,2026-09-01 10:52:37.858,18590.0,2026-09-01 10:52:37.858,18590.0,0.0,0.0,False,,2026-09-01 10:52:38.121,18590.0,0.262453,0.0,-0.09990009990008114,0.0,300,300.039,18390.0,-1.0758472296933834,-1.1746725571362286,1.506186121570737,-1.4523937600860677,1.4047813402305254,-1.5508429171688805,COMPLETE
2026-09-01 13:37:30.164,v1.6.7,20260901_950260_BASE_E003_133700130971,BASE,950260,인제니아테라퓨틱스(Reg.S),2026-09-01 13:37:00.130,18680.0,18698.679999999997,MAIN,MAIN,2026-09-01 13:37:00.105,2026-09-01 13:37:00.105,18680.0,2026-09-01 13:37:00.105,18680.0,0.0,0.0,False,,2026-09-01 13:37:00.365,18700.0,0.259391,0.10706638115631692,0.0070593218345003355,0.10706638115631692,30,30.033,18750.0,0.3747323340471092,0.27445787617095624,0.3747323340471092,-0.4817987152034261,0.27445787617095624,-0.5812174977057026,COMPLETE
2026-09-01 13:38:00.163,v1.6.7,20260901_950260_BASE_E003_133700130971,BASE,950260,인제니아테라퓨틱스(Reg.S),2026-09-01 13:37:00.130,18680.0,18698.679999999997,MAIN,MAIN,2026-09-01 13:37:00.105,2026-09-01 13:37:00.105,18680.0,2026-09-01 13:37:00.105,18680.0,0.0,0.0,False,,2026-09-01 13:37:00.365,18700.0,0.259391,0.10706638115631692,0.0070593218345003355,0.10706638115631692,60,60.032,18680.0,0.0,-0.09990009990008202,0.3747323340471092,-0.4817987152034261,0.27445787617095624,-0.5812174977057026,COMPLETE
2026-09-01 13:39:00.162,v1.6.7,20260901_950260_BASE_E003_133700130971,BASE,950260,인제니아테라퓨틱스(Reg.S),2026-09-01 13:37:00.130,18680.0,18698.679999999997,MAIN,MAIN,2026-09-01 13:37:00.105,2026-09-01 13:37:00.105,18680.0,2026-09-01 13:37:00.105,18680.0,0.0,0.0,False,,2026-09-01 13:37:00.365,18700.0,0.259391,0.10706638115631692,0.0070593218345003355,0.10706638115631692,120,120.032,18690.0,0.05353319057815846,-0.04642038903279084,0.3747323340471092,-0.4817987152034261,0.27445787617095624,-0.5812174977057026,COMPLETE
2026-09-01 13:40:00.162,v1.6.7,20260901_950260_BASE_E003_133700130971,BASE,950260,인제니아테라퓨틱스(Reg.S),2026-09-01 13:37:00.130,18680.0,18698.679999999997,MAIN,MAIN,2026-09-01 13:37:00.105,2026-09-01 13:37:00.105,18680.0,2026-09-01 13:37:00.105,18680.0,0.0,0.0,False,,2026-09-01 13:37:00.365,18700.0,0.259391,0.10706638115631692,0.0070593218345003355,0.10706638115631692,180,180.031,18610.0,-0.3747323340471092,-0.47425807597112024,0.3747323340471092,-0.4817987152034261,0.27445787617095624,-0.5812174977057026,COMPLETE
2026-09-01 13:42:00.161,v1.6.7,20260901_950260_BASE_E003_133700130971,BASE,950260,인제니아테라퓨틱스(Reg.S),2026-09-01 13:37:00.130,18680.0,18698.679999999997,MAIN,MAIN,2026-09-01 13:37:00.105,2026-09-01 13:37:00.105,18680.0,2026-09-01 13:37:00.105,18680.0,0.0,0.0,False,,2026-09-01 13:37:00.365,18700.0,0.259391,0.10706638115631692,0.0070593218345003355,0.10706638115631692,300,300.03,18670.0,-0.05353319057815846,-0.1533798107673732,0.3747323340471092,-1.070663811563169,0.27445787617095624,-1.1694943172459056,COMPLETE
2026-09-01 13:44:58.167,v1.6.7,20260901_064550_SHADOW_SCORE_70_74_E018_134427785413,SHADOW_SCORE_70_74,064550,바이오니아,2026-09-01 13:44:27.785,10420.0,10430.419999999998,MAIN,MAIN,2026-09-01 13:44:27.745,,,2026-09-01 13:44:27.745,10420.0,,,False,,2026-09-01 13:44:27.868,10530.0,0.123107,1.055662188099808,0.9547074806192059,1.055662188099808,30,30.382,10510.0,0.8637236084452975,0.7629606477975168,1.2476007677543186,0.0,1.1464543134408947,-0.09990009990008318,COMPLETE
2026-09-01 13:45:27.867,v1.6.7,20260901_064550_SHADOW_SCORE_70_74_E018_134427785413,SHADOW_SCORE_70_74,064550,바이오니아,2026-09-01 13:44:27.785,10420.0,10430.419999999998,MAIN,MAIN,2026-09-01 13:44:27.745,,,2026-09-01 13:44:27.745,10420.0,,,False,,2026-09-01 13:44:27.868,10530.0,0.123107,1.055662188099808,0.9547074806192059,1.055662188099808,60,60.082,10590.0,1.6314779270633395,1.5299479790842725,2.2072936660268714,0.0,2.1051884775493392,-0.09990009990008318,COMPLETE
2026-09-01 13:46:27.967,v1.6.7,20260901_064550_SHADOW_SCORE_70_74_E018_134427785413,SHADOW_SCORE_70_74,064550,바이오니아,2026-09-01 13:44:27.785,10420.0,10430.419999999998,MAIN,MAIN,2026-09-01 13:44:27.745,,,2026-09-01 13:44:27.745,10420.0,,,False,,2026-09-01 13:44:27.868,10530.0,0.123107,1.055662188099808,0.9547074806192059,1.055662188099808,120,120.182,10570.0,1.4395393474088292,1.3382011462625836,2.2072936660268714,0.0,2.1051884775493392,-0.09990009990008318,COMPLETE
2026-09-01 13:47:28.466,v1.6.7,20260901_064550_SHADOW_SCORE_70_74_E018_134427785413,SHADOW_SCORE_70_74,064550,바이오니아,2026-09-01 13:44:27.785,10420.0,10430.419999999998,MAIN,MAIN,2026-09-01 13:44:27.745,,,2026-09-01 13:44:27.745,10420.0,,,False,,2026-09-01 13:44:27.868,10530.0,0.123107,1.055662188099808,0.9547074806192059,1.055662188099808,180,180.681,10570.0,1.4395393474088292,1.3382011462625836,2.2072936660268714,0.0,2.1051884775493392,-0.09990009990008318,COMPLETE
2026-09-01 13:49:27.863,v1.6.7,20260901_064550_SHADOW_SCORE_70_74_E018_134427785413,SHADOW_SCORE_70_74,064550,바이오니아,2026-09-01 13:44:27.785,10420.0,10430.419999999998,MAIN,MAIN,2026-09-01 13:44:27.745,,,2026-09-01 13:44:27.745,10420.0,,,False,,2026-09-01 13:44:27.868,10530.0,0.123107,1.055662188099808,0.9547074806192059,1.055662188099808,300,300.078,10500.0,0.7677543186180422,0.6670872313866724,2.2072936660268714,0.0,2.1051884775493392,-0.09990009990008318,COMPLETE
2026-09-01 13:49:45.764,v1.6.7,20260901_047770_SHADOW_SCORE_70_74_E001_134915684619,SHADOW_SCORE_70_74,047770,코데즈컴바인,2026-09-01 13:49:15.684,4005.0,4009.0049999999997,MAIN,MAIN,2026-09-01 13:49:15.665,,,2026-09-01 13:49:15.665,4005.0,,,False,,2026-09-01 13:49:15.764,4005.0,0.099335,0.0,-0.09990009990009129,0.0,30,30.079,3995.0,-0.24968789013732834,-0.349338551585734,0.37453183520599254,-0.7490636704119851,0.2742575776283728,-0.8482154549570193,COMPLETE
2026-09-01 13:50:15.763,v1.6.7,20260901_047770_SHADOW_SCORE_70_74_E001_134915684619,SHADOW_SCORE_70_74,047770,코데즈컴바인,2026-09-01 13:49:15.684,4005.0,4009.0049999999997,MAIN,MAIN,2026-09-01 13:49:15.665,,,2026-09-01 13:49:15.665,4005.0,,,False,,2026-09-01 13:49:15.764,4005.0,0.099335,0.0,-0.09990009990009129,0.0,60,60.079,4010.0,0.12484394506866417,0.02481912594273007,0.6242197253433208,-0.7490636704119851,0.5236960293140155,-0.8482154549570193,COMPLETE
2026-09-01 13:51:15.762,v1.6.7,20260901_047770_SHADOW_SCORE_70_74_E001_134915684619,SHADOW_SCORE_70_74,047770,코데즈컴바인,2026-09-01 13:49:15.684,4005.0,4009.0049999999997,MAIN,MAIN,2026-09-01 13:49:15.665,,,2026-09-01 13:49:15.665,4005.0,,,False,,2026-09-01 13:49:15.764,4005.0,0.099335,0.0,-0.09990009990009129,0.0,120,120.078,3995.0,-0.24968789013732834,-0.349338551585734,0.6242197253433208,-0.8739076154806492,0.5236960293140155,-0.9729346807998408,COMPLETE
2026-09-01 13:51:38.563,v1.6.7,20260901_025980_BASE_E001_135108392058,BASE,025980,아난티,2026-09-01 13:51:08.392,5400.0,5405.4,MAIN,MAIN,2026-09-01 13:51:08.359,2026-09-01 13:51:08.359,5400.0,2026-09-01 13:51:08.359,5400.0,0.0,0.0,False,,2026-09-01 13:51:08.563,5400.0,0.204066,0.0,-0.09990009990009317,0.0,30,30.172,5440.0,0.7407407407407408,0.6401006401006468,0.9259259259259258,0.0,0.8251008251008319,-0.09990009990009317,COMPLETE
2026-09-01 13:52:08.562,v1.6.7,20260901_025980_BASE_E001_135108392058,BASE,025980,아난티,2026-09-01 13:51:08.392,5400.0,5405.4,MAIN,MAIN,2026-09-01 13:51:08.359,2026-09-01 13:51:08.359,5400.0,2026-09-01 13:51:08.359,5400.0,0.0,0.0,False,,2026-09-01 13:51:08.563,5400.0,0.204066,0.0,-0.09990009990009317,0.0,60,60.171,5450.0,0.9259259259259258,0.8251008251008319,1.1111111111111112,0.0,1.010101010101017,-0.09990009990009317,COMPLETE
2026-09-01 13:52:15.762,v1.6.7,20260901_047770_SHADOW_SCORE_70_74_E001_134915684619,SHADOW_SCORE_70_74,047770,코데즈컴바인,2026-09-01 13:49:15.684,4005.0,4009.0049999999997,MAIN,MAIN,2026-09-01 13:49:15.665,,,2026-09-01 13:49:15.665,4005.0,,,False,,2026-09-01 13:49:15.764,4005.0,0.099335,0.0,-0.09990009990009129,0.0,180,180.078,4085.0,1.9975031210986267,1.8956075135850503,3.1210986267166043,-0.8739076154806492,3.0180805461704425,-0.9729346807998408,COMPLETE
2026-09-01 13:53:08.661,v1.6.7,20260901_025980_BASE_E001_135108392058,BASE,025980,아난티,2026-09-01 13:51:08.392,5400.0,5405.4,MAIN,MAIN,2026-09-01 13:51:08.359,2026-09-01 13:51:08.359,5400.0,2026-09-01 13:51:08.359,5400.0,0.0,0.0,False,,2026-09-01 13:51:08.563,5400.0,0.204066,0.0,-0.09990009990009317,0.0,120,120.27,5410.0,0.1851851851851852,0.08510008510009184,1.1111111111111112,0.0,1.010101010101017,-0.09990009990009317,COMPLETE
2026-09-01 13:54:08.460,v1.6.7,20260901_025980_BASE_E001_135108392058,BASE,025980,아난티,2026-09-01 13:51:08.392,5400.0,5405.4,MAIN,MAIN,2026-09-01 13:51:08.359,2026-09-01 13:51:08.359,5400.0,2026-09-01 13:51:08.359,5400.0,0.0,0.0,False,,2026-09-01 13:51:08.563,5400.0,0.204066,0.0,-0.09990009990009317,0.0,180,180.068,5420.0,0.3703703703703704,0.2701002701002769,1.1111111111111112,-0.3703703703703704,1.010101010101017,-0.4699004699004632,COMPLETE
2026-09-01 13:54:16.160,v1.6.7,20260901_047770_SHADOW_SCORE_70_74_E001_134915684619,SHADOW_SCORE_70_74,047770,코데즈컴바인,2026-09-01 13:49:15.684,4005.0,4009.0049999999997,MAIN,MAIN,2026-09-01 13:49:15.665,,,2026-09-01 13:49:15.665,4005.0,,,False,,2026-09-01 13:49:15.764,4005.0,0.099335,0.0,-0.09990009990009129,0.0,300,300.476,4030.0,0.6242197253433208,0.5236960293140155,3.1210986267166043,-0.8739076154806492,3.0180805461704425,-0.9729346807998408,COMPLETE
2026-09-01 13:56:08.559,v1.6.7,20260901_025980_BASE_E001_135108392058,BASE,025980,아난티,2026-09-01 13:51:08.392,5400.0,5405.4,MAIN,MAIN,2026-09-01 13:51:08.359,2026-09-01 13:51:08.359,5400.0,2026-09-01 13:51:08.359,5400.0,0.0,0.0,False,,2026-09-01 13:51:08.563,5400.0,0.204066,0.0,-0.09990009990009317,0.0,300,300.167,5400.0,0.0,-0.09990009990009317,1.1111111111111112,-0.5555555555555556,1.010101010101017,-0.6549006549006482,COMPLETE
2026-09-01 14:00:41.556,v1.6.7,20260901_330350_BASE_E003_140011489576,BASE,330350,위더스제약,2026-09-01 14:00:11.489,9060.0,9069.06,MAIN,MAIN,2026-09-01 14:00:11.466,2026-09-01 14:00:11.466,9060.0,2026-09-01 14:00:11.466,9060.0,0.0,0.0,False,,2026-09-01 14:00:11.655,9040.0,0.188898,-0.22075055187637968,-0.3204301217546195,0.22075055187637968,30,30.067,9110.0,0.5518763796909493,0.45142495473621863,0.6622516556291391,-0.33112582781456956,0.5616899656634813,-0.4306951326818821,COMPLETE
2026-09-01 14:01:11.555,v1.6.7,20260901_330350_BASE_E003_140011489576,BASE,330350,위더스제약,2026-09-01 14:00:11.489,9060.0,9069.06,MAIN,MAIN,2026-09-01 14:00:11.466,2026-09-01 14:00:11.466,9060.0,2026-09-01 14:00:11.466,9060.0,0.0,0.0,False,,2026-09-01 14:00:11.655,9040.0,0.188898,-0.22075055187637968,-0.3204301217546195,0.22075055187637968,60,60.066,9060.0,0.0,-0.09990009990009428,0.6622516556291391,-0.33112582781456956,0.5616899656634813,-0.4306951326818821,COMPLETE
2026-09-01 14:02:11.555,v1.6.7,20260901_330350_BASE_E003_140011489576,BASE,330350,위더스제약,2026-09-01 14:00:11.489,9060.0,9069.06,MAIN,MAIN,2026-09-01 14:00:11.466,2026-09-01 14:00:11.466,9060.0,2026-09-01 14:00:11.466,9060.0,0.0,0.0,False,,2026-09-01 14:00:11.655,9040.0,0.188898,-0.22075055187637968,-0.3204301217546195,0.22075055187637968,120,120.066,9140.0,0.8830022075055187,0.7822199875180064,1.1037527593818985,-0.33112582781456956,1.0027500093725317,-0.4306951326818821,COMPLETE
2026-09-01 14:03:11.564,v1.6.7,20260901_330350_BASE_E003_140011489576,BASE,330350,위더스제약,2026-09-01 14:00:11.489,9060.0,9069.06,MAIN,MAIN,2026-09-01 14:00:11.466,2026-09-01 14:00:11.466,9060.0,2026-09-01 14:00:11.466,9060.0,0.0,0.0,False,,2026-09-01 14:00:11.655,9040.0,0.188898,-0.22075055187637968,-0.3204301217546195,0.22075055187637968,180,180.075,9210.0,1.6556291390728477,1.5540750640088445,1.7660044150110374,-0.33112582781456956,1.6643400749361072,-0.4306951326818821,COMPLETE
2026-09-01 14:05:11.565,v1.6.7,20260901_330350_BASE_E003_140011489576,BASE,330350,위더스제약,2026-09-01 14:00:11.489,9060.0,9069.06,MAIN,MAIN,2026-09-01 14:00:11.466,2026-09-01 14:00:11.466,9060.0,2026-09-01 14:00:11.466,9060.0,0.0,0.0,False,,2026-09-01 14:00:11.655,9040.0,0.188898,-0.22075055187637968,-0.3204301217546195,0.22075055187637968,300,300.075,9110.0,0.5518763796909493,0.45142495473621863,1.7660044150110374,-0.33112582781456956,1.6643400749361072,-0.4306951326818821,COMPLETE
2026-09-01 18:12:26.922,v1.6.7,20260901_950260_BASE_E007_181134400073,BASE,950260,인제니아테라퓨틱스(Reg.S),2026-09-01 18:11:34.400,19290.0,19309.289999999997,NXT_AFTER,NXT_AFTER,2026-09-01 18:11:34.332,2026-09-01 18:11:34.332,19290.0,2026-09-01 18:11:34.332,19290.0,0.0,0.0,False,,,,,,,,30,52.522,19290.0,0.0,-0.09990009990008558,0.0,0.0,-0.09990009990008558,-0.09990009990008558,COMPLETE
2026-09-01 18:12:52.992,v1.6.7,20260901_950260_BASE_E007_181134400073,BASE,950260,인제니아테라퓨틱스(Reg.S),2026-09-01 18:11:34.400,19290.0,19309.289999999997,NXT_AFTER,NXT_AFTER,2026-09-01 18:11:34.332,2026-09-01 18:11:34.332,19290.0,2026-09-01 18:11:34.332,19290.0,0.0,0.0,False,,,,,,,,60,78.592,19290.0,0.0,-0.09990009990008558,0.0,0.0,-0.09990009990008558,-0.09990009990008558,COMPLETE
2026-09-01 18:13:44.030,v1.6.7,20260901_950260_BASE_E007_181134400073,BASE,950260,인제니아테라퓨틱스(Reg.S),2026-09-01 18:11:34.400,19290.0,19309.289999999997,NXT_AFTER,NXT_AFTER,2026-09-01 18:11:34.332,2026-09-01 18:11:34.332,19290.0,2026-09-01 18:11:34.332,19290.0,0.0,0.0,False,,,,,,,,120,129.631,19290.0,0.0,-0.09990009990008558,0.0,0.0,-0.09990009990008558,-0.09990009990008558,COMPLETE
2026-09-01 18:14:34.785,v1.6.7,20260901_950260_BASE_E007_181134400073,BASE,950260,인제니아테라퓨틱스(Reg.S),2026-09-01 18:11:34.400,19290.0,19309.289999999997,NXT_AFTER,NXT_AFTER,2026-09-01 18:11:34.332,2026-09-01 18:11:34.332,19290.0,2026-09-01 18:11:34.332,19290.0,0.0,0.0,False,,,,,,,,180,180.385,19290.0,0.0,-0.09990009990008558,0.0,0.0,-0.09990009990008558,-0.09990009990008558,COMPLETE
2026-09-01 18:16:41.915,v1.6.7,20260901_950260_BASE_E007_181134400073,BASE,950260,인제니아테라퓨틱스(Reg.S),2026-09-01 18:11:34.400,19290.0,19309.289999999997,NXT_AFTER,NXT_AFTER,2026-09-01 18:11:34.332,2026-09-01 18:11:34.332,19290.0,2026-09-01 18:11:34.332,19290.0,0.0,0.0,False,,,,,,,,300,307.516,19290.0,0.0,-0.09990009990008558,0.0,0.0,-0.09990009990008558,-0.09990009990008558,COMPLETE
